SessionId,RecordingId,Condition,EventType,EventId,StartAbsTime,EndAbsTime,StartElapsedSec,EndElapsedSec,DurationMs,StartSampleIndex,EndSampleIndex,MaxClosure,MeanClosure,IsAccepted,TrackingInterrupted,EndReason
20260810_154114_079,1,Unspecified,Blink,1,2026-08-10T15:41:52.8201292+09:00,2026-08-10T15:41:52.8901292+09:00,38.740658,38.811199,70.542,45,50,0.816411,0.581575,1,0,EyesOpened
20260810_154114_079,1,Unspecified,Blink,2,2026-08-10T15:41:54.6441292+09:00,2026-08-10T15:41:54.7131292+09:00,40.564517,40.634223,69.706,155,159,0.861329,0.531132,1,0,EyesOpened
20260810_154114_079,1,Unspecified,Blink,3,2026-08-10T15:41:56.1611292+09:00,2026-08-10T15:41:56.2021292+09:00,42.082130,42.123492,41.362,246,248,0.843713,0.586662,0,0,EyesOpened
20260810_154114_079,1,Unspecified,Blink,4,2026-08-10T15:41:57.8871292+09:00,2026-08-10T15:41:58.0131292+09:00,43.808272,43.933724,125.451,349,357,0.961586,0.670111,1,0,EyesOpened
20260810_154114_079,1,Unspecified,Blink,5,2026-08-10T15:41:59.7391292+09:00,2026-08-10T15:41:59.8371292+09:00,45.660348,45.757806,97.458,461,466,0.960018,0.769104,1,0,EyesOpened
20260810_154114_079,1,Unspecified,Blink,6,2026-08-10T15:42:01.6191292+09:00,2026-08-10T15:42:01.7031292+09:00,47.540168,47.623579,83.411,573,578,0.898463,0.554822,1,0,EyesOpened
20260810_154114_079,1,Unspecified,Blink,7,2026-08-10T15:42:02.0371292+09:00,2026-08-10T15:42:02.1201292+09:00,47.957913,48.041239,83.326,598,603,0.968540,0.636777,1,0,EyesOpened
20260810_154114_079,1,Unspecified,Blink,8,2026-08-10T15:42:02.7751292+09:00,2026-08-10T15:42:02.8451292+09:00,48.695936,48.765505,69.570,643,647,0.884189,0.437511,1,0,EyesOpened
20260810_154114_079,1,Unspecified,Blink,9,2026-08-10T15:42:03.6801292+09:00,2026-08-10T15:42:03.7081292+09:00,49.601041,49.629098,28.057,697,699,0.819088,0.548362,0,0,EyesOpened
20260810_154114_079,1,Unspecified,Blink,10,2026-08-10T15:42:04.0701292+09:00,2026-08-10T15:42:04.1401292+09:00,49.991130,50.060808,69.678,720,725,0.851712,0.517559,1,0,EyesOpened
20260810_154114_079,1,Unspecified,Blink,11,2026-08-10T15:42:06.7151292+09:00,2026-08-10T15:42:06.7851292+09:00,52.636026,52.705863,69.837,879,883,0.881011,0.708533,1,0,EyesOpened
20260810_154114_079,1,Unspecified,Blink,12,2026-08-10T15:42:07.9821292+09:00,2026-08-10T15:42:08.0521292+09:00,53.902826,53.972746,69.920,955,959,0.930960,0.701624,1,0,EyesOpened
20260810_154114_079,1,Unspecified,Blink,13,2026-08-10T15:42:08.7481292+09:00,2026-08-10T15:42:08.8171292+09:00,54.668741,54.738228,69.487,1001,1005,0.726408,0.449866,1,0,EyesOpened
20260810_154114_079,1,Unspecified,Blink,14,2026-08-10T15:42:09.6521292+09:00,2026-08-10T15:42:09.7501292+09:00,55.573472,55.671011,97.538,1055,1061,0.953944,0.798862,1,0,EyesOpened
20260810_154114_079,1,Unspecified,Blink,15,2026-08-10T15:42:10.1121292+09:00,2026-08-10T15:42:10.2091292+09:00,56.032948,56.130328,97.380,1083,1089,0.974138,0.761387,1,0,EyesOpened
20260810_154114_079,1,Unspecified,Blink,16,2026-08-10T15:42:10.8361292+09:00,2026-08-10T15:42:10.9331292+09:00,56.756945,56.854339,97.394,1126,1132,0.903841,0.576050,1,0,EyesOpened
20260810_154114_079,1,Unspecified,Blink,17,2026-08-10T15:42:12.3671292+09:00,2026-08-10T15:42:12.4511292+09:00,58.288484,58.371912,83.428,1218,1223,0.921495,0.775894,1,0,EyesOpened
20260810_154114_079,1,Unspecified,Blink,18,2026-08-10T15:42:13.7041292+09:00,2026-08-10T15:42:13.7601292+09:00,59.624700,59.680674,55.974,1298,1302,0.837072,0.539281,1,0,EyesOpened
20260810_154114_079,1,Unspecified,Blink,19,2026-08-10T15:42:14.2331292+09:00,2026-08-10T15:42:14.2751292+09:00,60.154236,60.195732,41.496,1330,1333,0.857157,0.669208,0,0,EyesOpened
20260810_154114_079,1,Unspecified,Blink,20,2026-08-10T15:42:15.5971292+09:00,2026-08-10T15:42:15.8201292+09:00,61.517915,61.740768,222.853,1412,1425,0.955830,0.818111,1,0,EyesOpened
20260810_154114_079,1,Unspecified,Blink,21,2026-08-10T15:42:16.5021292+09:00,2026-08-10T15:42:16.5301292+09:00,62.423007,62.450801,27.795,1466,1468,0.843776,0.620349,0,0,EyesOpened
20260810_154114_079,1,Unspecified,Blink,22,2026-08-10T15:42:17.0591292+09:00,2026-08-10T15:42:17.1151292+09:00,62.979735,63.035622,55.888,1500,1503,0.914654,0.710533,1,0,EyesOpened
20260810_154114_079,1,Unspecified,Blink,23,2026-08-10T15:42:17.7141292+09:00,2026-08-10T15:42:17.7831292+09:00,63.634603,63.703729,69.126,1539,1543,0.854844,0.563221,1,0,EyesOpened
20260810_154114_079,1,Unspecified,Blink,24,2026-08-10T15:42:18.3541292+09:00,2026-08-10T15:42:18.4511292+09:00,64.274840,64.372257,97.417,1577,1583,0.925768,0.677213,1,0,EyesOpened
20260810_154114_079,1,Unspecified,Blink,25,2026-08-10T15:42:18.8691292+09:00,2026-08-10T15:42:18.9531292+09:00,64.789897,64.873572,83.675,1608,1613,0.889509,0.735804,1,0,EyesOpened
20260810_154114_079,1,Unspecified,Blink,26,2026-08-10T15:42:19.7181292+09:00,2026-08-10T15:42:19.8431292+09:00,65.638990,65.764270,125.280,1659,1667,0.917012,0.740896,1,0,EyesOpened
20260810_154114_079,1,Unspecified,Blink,27,2026-08-10T15:42:20.0941292+09:00,2026-08-10T15:42:20.1361292+09:00,66.014814,66.056664,41.849,1682,1684,0.830536,0.585533,0,0,EyesOpened
20260810_154114_079,1,Unspecified,Blink,28,2026-08-10T15:42:20.3861292+09:00,2026-08-10T15:42:20.4701292+09:00,66.307093,66.390769,83.676,1699,1704,0.879189,0.751582,1,0,EyesOpened
20260810_154114_079,1,Unspecified,Blink,29,2026-08-10T15:42:21.5701292+09:00,2026-08-10T15:42:21.5971292+09:00,67.490710,67.518475,27.765,1770,1772,0.545738,0.413401,0,0,EyesOpened
20260810_154114_079,1,Unspecified,Blink,30,2026-08-10T15:42:21.8341292+09:00,2026-08-10T15:42:21.9041292+09:00,67.755202,67.824508,69.306,1786,1790,0.697116,0.287058,1,0,EyesOpened
20260810_154114_079,1,Unspecified,Blink,31,2026-08-10T15:42:22.3631292+09:00,2026-08-10T15:42:22.4471292+09:00,68.284181,68.368118,83.937,1818,1823,0.961659,0.660761,1,0,EyesOpened
20260810_154114_079,1,Unspecified,Blink,32,2026-08-10T15:42:22.6981292+09:00,2026-08-10T15:42:22.8091292+09:00,68.618913,68.729672,110.759,1838,1845,0.646214,0.382316,1,0,EyesOpened
20260810_154114_079,1,Unspecified,Blink,33,2026-08-10T15:42:23.6861292+09:00,2026-08-10T15:42:23.7831292+09:00,69.606637,69.703983,97.346,1897,1903,0.869199,0.565884,1,0,EyesOpened
20260810_154114_079,1,Unspecified,Blink,34,2026-08-10T15:42:25.6071292+09:00,2026-08-10T15:42:25.7191292+09:00,71.528120,71.639549,111.429,2013,2019,0.906701,0.632190,1,0,EyesOpened
20260810_154114_079,1,Unspecified,Blink,35,2026-08-10T15:42:25.9831292+09:00,2026-08-10T15:42:26.0671292+09:00,71.903847,71.987684,83.836,2035,2040,0.918360,0.764371,1,0,EyesOpened
20260810_154114_079,1,Unspecified,Blink,36,2026-08-10T15:42:26.7211292+09:00,2026-08-10T15:42:26.8331292+09:00,72.641995,72.753645,111.650,2080,2086,0.819947,0.364262,1,0,EyesOpened
20260810_154114_079,1,Unspecified,Blink,37,2026-08-10T15:42:27.6401292+09:00,2026-08-10T15:42:27.7651292+09:00,73.561199,73.686458,125.259,2135,2142,0.907389,0.667604,1,0,EyesOpened
20260810_154114_079,1,Unspecified,Blink,38,2026-08-10T15:42:27.9751292+09:00,2026-08-10T15:42:28.0441292+09:00,73.895585,73.965012,69.427,2155,2159,0.891920,0.620636,1,0,EyesOpened
20260810_154114_079,1,Unspecified,Blink,39,2026-08-10T15:42:28.6431292+09:00,2026-08-10T15:42:28.6851292+09:00,74.563697,74.605525,41.828,2195,2197,0.792462,0.365848,0,0,EyesOpened
20260810_154114_079,1,Unspecified,Blink,40,2026-08-10T15:42:29.7841292+09:00,2026-08-10T15:42:29.8961292+09:00,75.705156,75.816652,111.496,2263,2270,0.878231,0.536695,1,0,EyesOpened
20260810_154114_079,1,Unspecified,Blink,41,2026-08-10T15:42:31.5661292+09:00,2026-08-10T15:42:31.7191292+09:00,77.486967,77.639968,153.001,2370,2379,0.928165,0.633688,1,0,EyesOpened
20260810_154114_079,1,Unspecified,Blink,42,2026-08-10T15:42:32.1371292+09:00,2026-08-10T15:42:32.2201292+09:00,78.057987,78.140825,82.838,2404,2409,0.937587,0.682606,1,0,EyesOpened
20260810_154114_079,1,Unspecified,Blink,43,2026-08-10T15:42:32.4151292+09:00,2026-08-10T15:42:32.4981292+09:00,78.335874,78.419445,83.570,2421,2426,0.892314,0.683832,1,0,EyesOpened
20260810_154114_079,1,Unspecified,Blink,44,2026-08-10T15:42:33.7101292+09:00,2026-08-10T15:42:33.7661292+09:00,79.630667,79.686502,55.835,2499,2502,0.884071,0.649178,1,0,EyesOpened
20260810_154114_079,1,Unspecified,Blink,45,2026-08-10T15:42:34.2671292+09:00,2026-08-10T15:42:34.3091292+09:00,80.187741,80.229539,41.798,2532,2535,0.736382,0.589613,0,0,EyesOpened
20260810_154114_079,1,Unspecified,Blink,46,2026-08-10T15:42:34.5451292+09:00,2026-08-10T15:42:34.6011292+09:00,80.466197,80.521696,55.498,2549,2552,0.868511,0.664997,1,0,EyesOpened
20260810_154114_079,1,Unspecified,Blink,47,2026-08-10T15:42:35.7291292+09:00,2026-08-10T15:42:35.7981292+09:00,81.649730,81.719120,69.389,2620,2624,0.897120,0.691083,1,0,EyesOpened
20260810_154114_079,1,Unspecified,Blink,48,2026-08-10T15:42:36.2991292+09:00,2026-08-10T15:42:36.3971292+09:00,82.220384,82.317807,97.423,2654,2660,0.901250,0.598098,1,0,EyesOpened
20260810_154114_079,1,Unspecified,Blink,49,2026-08-10T15:42:38.5131292+09:00,2026-08-10T15:42:38.5691292+09:00,84.434194,84.489951,55.757,2787,2790,0.770519,0.554937,1,0,EyesOpened
20260810_154114_079,1,Unspecified,Blink,50,2026-08-10T15:42:39.6401292+09:00,2026-08-10T15:42:39.7661292+09:00,85.561452,85.686949,125.497,2855,2862,0.923371,0.598102,1,0,EyesOpened
20260810_154114_079,1,Unspecified,Blink,51,2026-08-10T15:42:39.9191292+09:00,2026-08-10T15:42:40.0301292+09:00,85.840138,85.951407,111.269,2871,2878,0.773257,0.509819,1,0,EyesOpened
20260810_154114_079,1,Unspecified,Blink,52,2026-08-10T15:42:40.7261292+09:00,2026-08-10T15:42:40.8101292+09:00,86.647432,86.731028,83.595,2920,2925,0.918105,0.681337,1,0,EyesOpened
20260810_154114_079,1,Unspecified,Blink,53,2026-08-10T15:42:41.6171292+09:00,2026-08-10T15:42:41.7011292+09:00,87.538480,87.621832,83.352,2973,2978,0.884083,0.401121,1,0,EyesOpened
20260810_154114_079,1,Unspecified,Blink,54,2026-08-10T15:42:42.8291292+09:00,2026-08-10T15:42:42.8851292+09:00,88.749995,88.805735,55.740,3046,3049,0.941540,0.541239,1,0,EyesOpened
20260810_154114_079,1,Unspecified,Blink,55,2026-08-10T15:42:43.1351292+09:00,2026-08-10T15:42:43.1771292+09:00,89.056261,89.098011,41.751,3064,3067,0.878553,0.672085,0,0,EyesOpened
20260810_154114_079,1,Unspecified,Blink,56,2026-08-10T15:42:44.0401292+09:00,2026-08-10T15:42:44.1521292+09:00,89.961188,90.072922,111.733,3119,3125,0.934553,0.741320,1,0,EyesOpened
20260810_154114_079,1,Unspecified,Blink,57,2026-08-10T15:42:44.4161292+09:00,2026-08-10T15:42:44.5141292+09:00,90.337236,90.434814,97.578,3141,3147,0.981907,0.712582,1,0,EyesOpened
20260810_154114_079,1,Unspecified,Blink,58,2026-08-10T15:42:44.9311292+09:00,2026-08-10T15:42:45.0431292+09:00,90.852285,90.963517,111.231,3172,3179,0.977250,0.658935,1,0,EyesOpened
20260810_154114_079,1,Unspecified,Blink,59,2026-08-10T15:42:45.7111292+09:00,2026-08-10T15:42:45.8781292+09:00,91.632010,91.798818,166.807,3219,3229,0.987603,0.848778,1,0,EyesOpened
20260810_154114_079,1,Unspecified,Blink,60,2026-08-10T15:42:46.1151292+09:00,2026-08-10T15:42:46.2261292+09:00,92.035598,92.147022,111.424,3243,3250,0.993333,0.786562,1,0,EyesOpened
20260810_154114_079,1,Unspecified,Blink,61,2026-08-10T15:42:46.4491292+09:00,2026-08-10T15:42:46.5321292+09:00,92.369803,92.453295,83.493,3263,3268,0.973772,0.584385,1,0,EyesOpened
20260810_154114_079,1,Unspecified,Blink,62,2026-08-10T15:42:47.5771292+09:00,2026-08-10T15:42:47.6741292+09:00,93.497562,93.594987,97.426,3331,3337,0.965063,0.684962,1,0,EyesOpened
20260810_154114_079,1,Unspecified,Blink,63,2026-08-10T15:42:47.8551292+09:00,2026-08-10T15:42:47.9521292+09:00,93.776019,93.873368,97.349,3348,3353,0.969740,0.711931,1,0,EyesOpened
20260810_154114_079,1,Unspecified,Blink,64,2026-08-10T15:42:48.3141292+09:00,2026-08-10T15:42:48.3841292+09:00,94.235268,94.304684,69.416,3375,3379,0.888550,0.715774,1,0,EyesOpened
20260810_154114_079,1,Unspecified,Blink,65,2026-08-10T15:42:48.6481292+09:00,2026-08-10T15:42:48.7181292+09:00,94.569458,94.639133,69.675,3395,3399,0.977669,0.792359,1,0,EyesOpened
20260810_154114_079,1,Unspecified,Blink,66,2026-08-10T15:42:49.0111292+09:00,2026-08-10T15:42:49.0801292+09:00,94.931653,95.000997,69.344,3417,3421,0.911930,0.492714,1,0,EyesOpened
20260810_154114_079,1,Unspecified,Blink,67,2026-08-10T15:42:50.0271292+09:00,2026-08-10T15:42:50.1801292+09:00,95.947835,96.100679,152.843,3478,3487,0.995129,0.893613,1,0,EyesOpened
20260810_154114_079,1,Unspecified,Blink,68,2026-08-10T15:42:51.5441292+09:00,2026-08-10T15:42:51.7111292+09:00,97.465189,97.632346,167.156,3569,3579,0.994346,0.834376,1,0,EyesOpened
20260810_154114_079,1,Unspecified,Blink,69,2026-08-10T15:42:51.8091292+09:00,2026-08-10T15:42:51.8921292+09:00,97.729859,97.813299,83.440,3585,3590,0.998540,0.776450,1,0,EyesOpened
20260810_154114_079,1,Unspecified,Blink,70,2026-08-10T15:42:52.3941292+09:00,2026-08-10T15:42:52.4491292+09:00,98.314528,98.370330,55.801,3620,3623,0.947589,0.749776,1,0,EyesOpened
20260810_154114_079,1,Unspecified,Blink,71,2026-08-10T15:42:53.6601292+09:00,2026-08-10T15:42:53.7441292+09:00,99.581037,99.664710,83.673,3696,3701,0.894021,0.551066,1,0,EyesOpened
20260810_154114_079,1,Unspecified,Blink,72,2026-08-10T15:42:54.1751292+09:00,2026-08-10T15:42:54.2171292+09:00,100.096067,100.138021,41.953,3727,3729,0.902158,0.642632,0,0,EyesOpened
20260810_154114_079,1,Unspecified,Blink,73,2026-08-10T15:42:54.8161292+09:00,2026-08-10T15:42:54.8851292+09:00,100.736794,100.806123,69.329,3765,3769,0.957724,0.700762,1,0,EyesOpened
20260810_154114_079,1,Unspecified,Blink,74,2026-08-10T15:42:55.9711292+09:00,2026-08-10T15:42:56.1101292+09:00,101.891942,102.031327,139.384,3834,3843,0.995027,0.841111,1,0,EyesOpened
20260810_154114_079,1,Unspecified,Blink,75,2026-08-10T15:42:56.5421292+09:00,2026-08-10T15:42:56.6111292+09:00,102.462713,102.532453,69.740,3869,3873,0.938747,0.626807,1,0,EyesOpened
20260810_154114_079,1,Unspecified,Blink,76,2026-08-10T15:42:57.5861292+09:00,2026-08-10T15:42:57.7111292+09:00,103.507153,103.632411,125.258,3931,3939,0.982034,0.735634,1,0,EyesOpened
20260810_154114_079,1,Unspecified,Blink,77,2026-08-10T15:42:58.4771292+09:00,2026-08-10T15:42:58.5471292+09:00,104.398118,104.467927,69.809,3985,3989,0.897565,0.595337,1,0,EyesOpened
20260810_154114_079,1,Unspecified,Blink,78,2026-08-10T15:42:58.8671292+09:00,2026-08-10T15:42:58.9371292+09:00,104.788006,104.857655,69.649,4008,4012,0.929358,0.755049,1,0,EyesOpened
20260810_154114_079,1,Unspecified,Blink,79,2026-08-10T15:42:59.7161292+09:00,2026-08-10T15:42:59.8831292+09:00,105.637282,105.804188,166.906,4059,4069,0.985759,0.614316,1,0,EyesOpened
20260810_154114_079,1,Unspecified,Blink,80,2026-08-10T15:43:00.5801292+09:00,2026-08-10T15:43:00.7471292+09:00,106.500595,106.667740,167.145,4111,4121,0.999939,0.710994,1,0,EyesOpened
20260810_154114_079,1,Unspecified,Blink,81,2026-08-10T15:43:01.5681292+09:00,2026-08-10T15:43:01.6661292+09:00,107.489168,107.586712,97.545,4170,4176,0.993685,0.838641,1,0,EyesOpened
20260810_154114_079,1,Unspecified,Blink,82,2026-08-10T15:43:02.2091292+09:00,2026-08-10T15:43:02.2781292+09:00,108.129553,108.199001,69.448,4209,4213,0.881487,0.324858,1,0,EyesOpened
20260810_154114_079,1,Unspecified,Blink,83,2026-08-10T15:43:03.3081292+09:00,2026-08-10T15:43:03.3781292+09:00,109.229320,109.298907,69.587,4275,4279,0.961597,0.620493,1,0,EyesOpened
20260810_154114_079,1,Unspecified,Blink,84,2026-08-10T15:43:03.8371292+09:00,2026-08-10T15:43:03.9761292+09:00,109.758398,109.897500,139.102,4306,4315,0.967388,0.639494,1,0,EyesOpened
20260810_154114_079,1,Unspecified,Blink,85,2026-08-10T15:43:04.2831292+09:00,2026-08-10T15:43:04.3661292+09:00,110.203627,110.287345,83.718,4333,4338,0.985218,0.786456,1,0,EyesOpened
20260810_154114_079,1,Unspecified,Blink,86,2026-08-10T15:43:07.7081292+09:00,2026-08-10T15:43:07.8331292+09:00,113.628974,113.754279,125.305,4539,4546,0.979967,0.841463,1,0,EyesOpened
20260810_154114_079,1,Unspecified,Blink,87,2026-08-10T15:43:08.1261292+09:00,2026-08-10T15:43:08.2091292+09:00,114.046744,114.130281,83.537,4564,4569,0.965315,0.674711,1,0,EyesOpened
20260810_154114_079,1,Unspecified,Blink,88,2026-08-10T15:43:08.8631292+09:00,2026-08-10T15:43:08.8771292+09:00,114.784138,114.798348,14.210,4608,4609,0.707843,0.420800,0,0,EyesOpened
20260810_154114_079,1,Unspecified,Blink,89,2026-08-10T15:43:09.5871292+09:00,2026-08-10T15:43:09.7681292+09:00,115.508396,115.689313,180.916,4651,4662,0.988433,0.827120,1,0,EyesOpened
20260810_154114_079,1,Unspecified,Blink,90,2026-08-10T15:43:09.9491292+09:00,2026-08-10T15:43:10.0331292+09:00,115.870385,115.953875,83.491,4673,4678,0.955467,0.737524,1,0,EyesOpened
20260810_154114_079,1,Unspecified,Blink,91,2026-08-10T15:43:10.3251292+09:00,2026-08-10T15:43:10.4791292+09:00,116.246059,116.399587,153.529,4696,4705,0.980725,0.638571,1,0,EyesOpened
20260810_154114_079,1,Unspecified,Blink,92,2026-08-10T15:43:10.8401292+09:00,2026-08-10T15:43:10.9241292+09:00,116.761178,116.844672,83.494,4727,4732,0.994797,0.776574,1,0,EyesOpened
20260810_154114_079,1,Unspecified,Blink,93,2026-08-10T15:43:11.5091292+09:00,2026-08-10T15:43:11.6341292+09:00,117.429624,117.554705,125.081,4767,4774,0.955334,0.682368,1,0,EyesOpened
20260810_154114_079,1,Unspecified,Blink,94,2026-08-10T15:43:12.3021292+09:00,2026-08-10T15:43:12.3851292+09:00,118.222702,118.306259,83.557,4814,4819,0.965162,0.786427,1,0,EyesOpened
20260810_154114_079,1,Unspecified,Blink,95,2026-08-10T15:43:13.5411292+09:00,2026-08-10T15:43:13.6521292+09:00,119.461670,119.573313,111.643,4889,4895,0.969389,0.796782,1,0,EyesOpened
20260810_154114_079,1,Unspecified,Blink,96,2026-08-10T15:43:13.9451292+09:00,2026-08-10T15:43:14.0701292+09:00,119.865555,119.991275,125.721,4913,4920,0.980857,0.856145,1,0,EyesOpened
20260810_154114_079,1,Unspecified,Blink,97,2026-08-10T15:43:15.5871292+09:00,2026-08-10T15:43:15.7131292+09:00,121.508486,121.633752,125.265,5011,5019,0.947483,0.584149,1,0,EyesOpened
20260810_154114_079,1,Unspecified,Blink,98,2026-08-10T15:43:15.8661292+09:00,2026-08-10T15:43:15.9771292+09:00,121.786802,121.897900,111.098,5028,5035,0.918424,0.651247,1,0,EyesOpened
20260810_154114_079,1,Unspecified,Blink,99,2026-08-10T15:43:16.2141292+09:00,2026-08-10T15:43:16.3251292+09:00,122.135022,122.246055,111.033,5049,5056,0.994730,0.719734,1,0,EyesOpened
20260810_154114_079,1,Unspecified,Blink,100,2026-08-10T15:43:17.5781292+09:00,2026-08-10T15:43:17.7031292+09:00,123.499377,123.624347,124.970,5131,5138,0.958674,0.647605,1,0,EyesOpened
20260810_154114_079,1,Unspecified,Blink,101,2026-08-10T15:43:18.4421292+09:00,2026-08-10T15:43:18.5531292+09:00,124.362698,124.474160,111.462,5183,5189,0.971123,0.811274,1,0,EyesOpened
20260810_154114_079,1,Unspecified,Blink,102,2026-08-10T15:43:18.7491292+09:00,2026-08-10T15:43:18.8451292+09:00,124.669668,124.766166,96.498,5201,5207,0.990510,0.757471,1,0,EyesOpened
20260810_154114_079,1,Unspecified,Blink,103,2026-08-10T15:43:19.9031292+09:00,2026-08-10T15:43:20.0151292+09:00,125.824290,125.935595,111.304,5270,5277,0.994966,0.857778,1,0,EyesOpened
20260810_154114_079,1,Unspecified,Blink,104,2026-08-10T15:43:20.4741292+09:00,2026-08-10T15:43:20.5441292+09:00,126.395003,126.464538,69.535,5305,5309,0.970065,0.553986,1,0,EyesOpened
20260810_154114_079,1,Unspecified,Blink,105,2026-08-10T15:43:21.5041292+09:00,2026-08-10T15:43:21.7411292+09:00,127.425066,127.661833,236.767,5366,5381,0.982992,0.741300,1,0,EyesOpened
20260810_154114_079,1,Unspecified,Blink,106,2026-08-10T15:43:22.0191292+09:00,2026-08-10T15:43:22.1171292+09:00,127.940331,128.037858,97.528,5397,5403,0.942835,0.518481,1,0,EyesOpened
20260810_154114_079,1,Unspecified,Blink,107,2026-08-10T15:43:22.3541292+09:00,2026-08-10T15:43:22.4511292+09:00,128.274526,128.371953,97.428,5417,5423,0.970406,0.805801,1,0,EyesOpened
20260810_154114_079,1,Unspecified,Blink,108,2026-08-10T15:43:23.5791292+09:00,2026-08-10T15:43:23.7181292+09:00,129.499835,129.639005,139.170,5491,5499,0.994036,0.714363,1,0,EyesOpened
20260810_154114_079,1,Unspecified,Blink,109,2026-08-10T15:43:24.5261292+09:00,2026-08-10T15:43:24.6641292+09:00,130.446521,130.585466,138.945,5548,5556,0.980500,0.735191,1,0,EyesOpened
20260810_154114_079,1,Unspecified,Blink,110,2026-08-10T15:43:25.7091292+09:00,2026-08-10T15:43:25.8061292+09:00,131.629722,131.727173,97.452,5619,5625,0.783305,0.519245,1,0,EyesOpened
20260810_154114_079,1,Unspecified,Blink,111,2026-08-10T15:43:26.2521292+09:00,2026-08-10T15:43:26.3351292+09:00,132.172637,132.256245,83.608,5651,5656,0.979701,0.621243,1,0,EyesOpened
20260810_154114_079,1,Unspecified,Blink,112,2026-08-10T15:43:26.7531292+09:00,2026-08-10T15:43:26.7801292+09:00,132.673683,132.701419,27.736,5681,5683,0.721328,0.523443,0,0,EyesOpened
20260810_154114_079,1,Unspecified,Blink,113,2026-08-10T15:43:27.6581292+09:00,2026-08-10T15:43:27.7271292+09:00,133.578624,133.648378,69.754,5736,5740,0.937811,0.500276,1,0,EyesOpened
20260810_154114_079,1,Unspecified,Blink,114,2026-08-10T15:43:28.0191292+09:00,2026-08-10T15:43:28.1171292+09:00,133.940295,134.037674,97.379,5757,5763,0.944585,0.665439,1,0,EyesOpened
20260810_154114_079,1,Unspecified,Blink,115,2026-08-10T15:43:28.4101292+09:00,2026-08-10T15:43:28.5351292+09:00,134.330801,134.456084,125.283,5781,5788,0.999310,0.824815,1,0,EyesOpened
20260810_154114_079,1,Unspecified,Blink,116,2026-08-10T15:43:31.8211292+09:00,2026-08-10T15:43:31.8911292+09:00,137.741802,137.811695,69.893,5986,5990,0.796706,0.602423,1,0,EyesOpened
20260810_154114_079,1,Unspecified,Blink,117,2026-08-10T15:43:32.1551292+09:00,2026-08-10T15:43:32.2531292+09:00,138.076261,138.173693,97.432,6006,6011,0.954618,0.776209,1,0,EyesOpened
20260810_154114_079,1,Unspecified,Blink,118,2026-08-10T15:43:33.5751292+09:00,2026-08-10T15:43:33.8951292+09:00,139.496287,139.816463,320.176,6091,6110,0.994699,0.913811,1,0,EyesOpened
20260810_154114_079,1,Unspecified,Blink,119,2026-08-10T15:43:35.8591292+09:00,2026-08-10T15:43:35.9841292+09:00,141.779634,141.904933,125.299,6228,6235,0.868321,0.656233,1,0,EyesOpened
20260810_154114_079,1,Unspecified,Blink,120,2026-08-10T15:43:36.1371292+09:00,2026-08-10T15:43:36.2351292+09:00,142.058106,142.155549,97.443,6244,6250,0.816049,0.531576,1,0,EyesOpened
20260810_154114_079,1,Unspecified,Blink,121,2026-08-10T15:43:36.7491292+09:00,2026-08-10T15:43:36.9021292+09:00,142.670059,142.823251,153.192,6281,6290,0.994575,0.670893,1,0,EyesOpened
20260810_154114_079,1,Unspecified,Blink,122,2026-08-10T15:43:37.8491292+09:00,2026-08-10T15:43:38.1141292+09:00,143.770074,144.034728,264.654,6347,6363,0.997275,0.738350,1,0,EyesOpened
20260810_154114_079,1,Unspecified,Blink,123,2026-08-10T15:43:38.2811292+09:00,2026-08-10T15:43:38.3781292+09:00,144.201703,144.299288,97.584,6373,6379,0.979972,0.795291,1,0,EyesOpened
20260810_154114_079,1,Unspecified,Blink,124,2026-08-10T15:43:39.5341292+09:00,2026-08-10T15:43:39.7151292+09:00,145.454588,145.635689,181.101,6448,6459,0.987434,0.713506,1,0,EyesOpened
20260810_154114_079,1,Unspecified,Blink,125,2026-08-10T15:43:39.8121292+09:00,2026-08-10T15:43:39.9231292+09:00,145.733215,145.844345,111.130,6465,6472,0.962867,0.674289,1,0,EyesOpened
20260810_154114_079,1,Unspecified,Blink,126,2026-08-10T15:43:40.1881292+09:00,2026-08-10T15:43:40.2571292+09:00,146.108521,146.178349,69.828,6487,6492,0.981840,0.699088,1,0,EyesOpened
20260810_154114_079,1,Unspecified,Blink,127,2026-08-10T15:43:41.7191292+09:00,2026-08-10T15:43:41.8031292+09:00,147.640246,147.723947,83.700,6579,6584,0.773906,0.388804,1,0,EyesOpened
20260810_154114_079,1,Unspecified,Blink,128,2026-08-10T15:43:42.8471292+09:00,2026-08-10T15:43:43.1261292+09:00,148.768251,149.046657,278.406,6647,6664,0.995857,0.700432,1,0,EyesOpened
20260810_154114_079,1,Unspecified,Blink,129,2026-08-10T15:43:43.7801292+09:00,2026-08-10T15:43:43.8771292+09:00,149.700719,149.798419,97.700,6703,6709,0.948445,0.726737,1,0,EyesOpened
20260810_154114_079,1,Unspecified,Blink,130,2026-08-10T15:43:44.3511292+09:00,2026-08-10T15:43:44.4761292+09:00,150.271782,150.396938,125.156,6737,6745,0.999651,0.832059,1,0,EyesOpened
20260810_154114_079,1,Unspecified,Blink,131,2026-08-10T15:43:45.5061292+09:00,2026-08-10T15:43:45.5761292+09:00,151.427438,151.496992,69.554,6807,6811,0.988084,0.797134,1,0,EyesOpened
20260810_154114_079,1,Unspecified,Blink,132,2026-08-10T15:43:45.7991292+09:00,2026-08-10T15:43:45.9521292+09:00,151.719531,151.872838,153.307,6824,6833,0.990202,0.683958,1,0,EyesOpened
20260810_154114_079,1,Unspecified,Blink,133,2026-08-10T15:43:46.2441292+09:00,2026-08-10T15:43:46.3141292+09:00,152.164692,152.234586,69.893,6851,6855,0.980708,0.694165,1,0,EyesOpened
20260810_154114_079,1,Unspecified,Blink,134,2026-08-10T15:43:46.7451292+09:00,2026-08-10T15:43:46.7861292+09:00,152.665507,152.707388,41.881,6881,6883,0.877212,0.646021,0,0,EyesOpened
20260810_154114_079,1,Unspecified,Blink,135,2026-08-10T15:43:47.6361292+09:00,2026-08-10T15:43:47.7471292+09:00,153.556838,153.668147,111.309,6934,6941,0.968971,0.837909,1,0,EyesOpened
20260810_154114_079,1,Unspecified,Blink,136,2026-08-10T15:43:49.2091292+09:00,2026-08-10T15:43:49.3201292+09:00,155.130374,155.241475,111.101,7029,7035,0.975933,0.479657,1,0,EyesOpened
20260810_154114_079,1,Unspecified,Blink,137,2026-08-10T15:43:49.7941292+09:00,2026-08-10T15:43:49.9051292+09:00,155.714971,155.826374,111.402,7064,7071,0.963617,0.606995,1,0,EyesOpened
20260810_154114_079,1,Unspecified,Blink,138,2026-08-10T15:43:50.3511292+09:00,2026-08-10T15:43:50.4341292+09:00,156.271507,156.354768,83.261,7097,7102,0.886901,0.529308,1,0,EyesOpened
20260810_154114_079,1,Unspecified,Blink,139,2026-08-10T15:43:50.6011292+09:00,2026-08-10T15:43:50.7131292+09:00,156.521852,156.633569,111.717,7112,7119,0.976139,0.602594,1,0,EyesOpened
20260810_154114_079,1,Unspecified,Blink,140,2026-08-10T15:43:51.5341292+09:00,2026-08-10T15:43:51.6041292+09:00,157.455143,157.524584,69.441,7168,7172,0.852439,0.675774,1,0,EyesOpened
20260810_154114_079,1,Unspecified,Blink,141,2026-08-10T15:43:51.7151292+09:00,2026-08-10T15:43:51.8261292+09:00,157.636089,157.747469,111.380,7179,7186,0.973632,0.793720,1,0,EyesOpened
20260810_154114_079,1,Unspecified,Blink,142,2026-08-10T15:43:52.1191292+09:00,2026-08-10T15:43:52.2031292+09:00,158.040163,158.123757,83.594,7203,7208,0.913324,0.432234,1,0,EyesOpened
20260810_154114_079,1,Unspecified,Blink,143,2026-08-10T15:43:52.4531292+09:00,2026-08-10T15:43:52.5231292+09:00,158.374407,158.444124,69.717,7223,7228,0.964295,0.730322,1,0,EyesOpened
20260810_154114_079,1,Unspecified,Blink,144,2026-08-10T15:43:52.7881292+09:00,2026-08-10T15:43:52.9131292+09:00,158.708627,158.833887,125.260,7243,7251,0.989901,0.670349,1,0,EyesOpened
20260810_154114_079,1,Unspecified,Blink,145,2026-08-10T15:43:53.6651292+09:00,2026-08-10T15:43:53.8041292+09:00,159.585685,159.724676,138.990,7296,7304,0.994438,0.810212,1,0,EyesOpened
20260810_154114_079,1,Unspecified,Blink,146,2026-08-10T15:43:54.0961292+09:00,2026-08-10T15:43:54.1941292+09:00,160.017232,160.114695,97.462,7322,7328,0.975318,0.770019,1,0,EyesOpened
20260810_154114_079,1,Unspecified,Blink,147,2026-08-10T15:43:54.4161292+09:00,2026-08-10T15:43:54.5141292+09:00,160.337469,160.435124,97.655,7341,7347,0.975229,0.632827,1,0,EyesOpened
20260810_154114_079,1,Unspecified,Blink,148,2026-08-10T15:43:55.5441292+09:00,2026-08-10T15:43:55.7951292+09:00,161.464989,161.715848,250.859,7409,7424,0.994679,0.854338,1,0,EyesOpened
20260810_154114_079,1,Unspecified,Blink,149,2026-08-10T15:43:56.0731292+09:00,2026-08-10T15:43:56.1711292+09:00,161.994213,162.091644,97.431,7441,7446,0.971884,0.819788,1,0,EyesOpened
20260810_154114_079,1,Unspecified,Blink,150,2026-08-10T15:43:56.7281292+09:00,2026-08-10T15:43:56.7411292+09:00,162.648541,162.662347,13.806,7480,7481,0.726475,0.458782,0,0,EyesOpened
20260810_154114_079,1,Unspecified,Blink,151,2026-08-10T15:43:57.5491292+09:00,2026-08-10T15:43:57.6601292+09:00,163.469714,163.580998,111.284,7529,7536,0.965332,0.642492,1,0,EyesOpened
20260810_154114_079,1,Unspecified,Blink,152,2026-08-10T15:43:57.8691292+09:00,2026-08-10T15:43:57.9801292+09:00,163.789891,163.901067,111.175,7548,7555,0.945373,0.625843,1,0,EyesOpened
20260810_154114_079,1,Unspecified,Blink,153,2026-08-10T15:43:58.2871292+09:00,2026-08-10T15:43:58.3701292+09:00,164.207664,164.291060,83.396,7573,7578,0.937060,0.793123,1,0,EyesOpened
20260810_154114_079,1,Unspecified,Blink,154,2026-08-10T15:43:58.5791292+09:00,2026-08-10T15:43:58.6761292+09:00,164.499908,164.597178,97.270,7591,7597,0.947697,0.486270,1,0,EyesOpened
20260810_154114_079,1,Unspecified,Blink,155,2026-08-10T15:43:59.9161292+09:00,2026-08-10T15:44:00.0411292+09:00,165.836598,165.961611,125.014,7671,7679,0.952356,0.584834,1,0,EyesOpened
20260810_154114_079,1,Unspecified,Blink,156,2026-08-10T15:44:00.1521292+09:00,2026-08-10T15:44:00.2501292+09:00,166.073271,166.170669,97.398,7685,7691,0.992691,0.627024,1,0,EyesOpened
20260810_154114_079,1,Unspecified,Blink,157,2026-08-10T15:44:00.6401292+09:00,2026-08-10T15:44:00.7511292+09:00,166.560536,166.671859,111.323,7715,7721,0.984332,0.641362,1,0,EyesOpened
20260810_154114_079,1,Unspecified,Blink,158,2026-08-10T15:44:01.5861292+09:00,2026-08-10T15:44:01.7671292+09:00,167.506755,167.687799,181.044,7771,7782,0.999995,0.879094,1,0,EyesOpened
20260810_154114_079,1,Unspecified,Blink,159,2026-08-10T15:44:02.0171292+09:00,2026-08-10T15:44:02.1291292+09:00,167.938451,168.049826,111.375,7797,7804,0.980743,0.653527,1,0,EyesOpened
20260810_154114_079,1,Unspecified,Blink,160,2026-08-10T15:44:02.2821292+09:00,2026-08-10T15:44:02.3521292+09:00,168.202843,168.272635,69.792,7813,7817,0.959728,0.771754,1,0,EyesOpened
20260810_154114_079,1,Unspecified,Blink,161,2026-08-10T15:44:03.6331292+09:00,2026-08-10T15:44:03.7161292+09:00,169.553867,169.637069,83.202,7894,7899,0.958897,0.793304,1,0,EyesOpened
20260810_154114_079,1,Unspecified,Blink,162,2026-08-10T15:44:04.0361292+09:00,2026-08-10T15:44:04.1751292+09:00,169.957320,170.096453,139.134,7918,7927,0.957352,0.544091,1,0,EyesOpened
20260810_154114_079,1,Unspecified,Blink,163,2026-08-10T15:44:04.2871292+09:00,2026-08-10T15:44:04.3701292+09:00,170.207707,170.291259,83.552,7933,7938,0.988024,0.831602,1,0,EyesOpened
20260810_154114_079,1,Unspecified,Blink,164,2026-08-10T15:44:05.7211292+09:00,2026-08-10T15:44:05.7491292+09:00,171.641751,171.669767,28.016,8019,8021,0.933765,0.669992,0,0,EyesOpened
20260810_154114_079,1,Unspecified,Blink,165,2026-08-10T15:44:06.3341292+09:00,2026-08-10T15:44:06.4871292+09:00,172.254566,172.407807,153.241,8056,8065,0.899128,0.543860,1,0,EyesOpened
20260810_154114_079,1,Unspecified,Blink,166,2026-08-10T15:44:06.5151292+09:00,2026-08-10T15:44:06.6541292+09:00,172.435704,172.574875,139.171,8067,8075,0.992551,0.787878,1,0,EyesOpened
20260810_154114_079,1,Unspecified,Blink,167,2026-08-10T15:44:07.5871292+09:00,2026-08-10T15:44:07.7121292+09:00,173.507666,173.632991,125.326,8131,8139,0.999677,0.702073,1,0,EyesOpened
20260810_154114_079,1,Unspecified,Blink,168,2026-08-10T15:44:08.0881292+09:00,2026-08-10T15:44:08.2131292+09:00,174.008963,174.134268,125.305,8162,8169,0.976742,0.792004,1,0,EyesOpened
20260810_154114_079,1,Unspecified,Blink,169,2026-08-10T15:44:08.3801292+09:00,2026-08-10T15:44:08.5191292+09:00,174.301224,174.440421,139.198,8179,8188,0.971914,0.765244,1,0,EyesOpened
20260810_154114_079,1,Unspecified,Blink,170,2026-08-10T15:44:09.5361292+09:00,2026-08-10T15:44:09.7031292+09:00,175.456763,175.623822,167.059,8248,8258,0.985519,0.794302,1,0,EyesOpened
20260810_154114_079,1,Unspecified,Blink,171,2026-08-10T15:44:09.8421292+09:00,2026-08-10T15:44:10.0091292+09:00,175.763254,175.930216,166.962,8267,8277,0.969615,0.830555,1,0,EyesOpened
20260810_154114_079,1,Unspecified,Blink,172,2026-08-10T15:44:10.1351292+09:00,2026-08-10T15:44:10.2181292+09:00,176.055529,176.139029,83.500,8284,8289,0.985824,0.799388,1,0,EyesOpened
20260810_154114_079,1,Unspecified,Blink,173,2026-08-10T15:44:11.6661292+09:00,2026-08-10T15:44:11.7501292+09:00,177.587031,177.670527,83.497,8376,8381,0.959922,0.723253,1,0,EyesOpened
20260810_154114_079,1,Unspecified,Blink,174,2026-08-10T15:44:12.5711292+09:00,2026-08-10T15:44:12.6681292+09:00,178.492044,178.589357,97.313,8430,8436,0.966132,0.581178,1,0,EyesOpened
20260810_154114_079,1,Unspecified,Blink,175,2026-08-10T15:44:13.6151292+09:00,2026-08-10T15:44:13.8241292+09:00,179.536257,179.744777,208.521,8493,8506,1.000000,0.740097,1,0,EyesOpened
20260810_154114_079,1,Unspecified,Blink,176,2026-08-10T15:44:14.2281292+09:00,2026-08-10T15:44:14.3671292+09:00,180.148681,180.287870,139.189,8530,8538,0.970898,0.685084,1,0,EyesOpened
20260810_154114_079,1,Unspecified,Blink,177,2026-08-10T15:44:14.5201292+09:00,2026-08-10T15:44:14.5761292+09:00,180.440901,180.496823,55.922,8547,8551,0.976578,0.687707,1,0,EyesOpened
20260810_154114_079,1,Unspecified,Blink,178,2026-08-10T15:44:15.1601292+09:00,2026-08-10T15:44:15.2161292+09:00,181.081463,181.137237,55.773,8586,8589,0.984321,0.768005,1,0,EyesOpened
20260810_154114_079,1,Unspecified,Blink,179,2026-08-10T15:44:15.6201292+09:00,2026-08-10T15:44:15.6901292+09:00,181.541020,181.610833,69.813,8613,8618,0.987391,0.831112,1,0,EyesOpened
20260810_154114_079,1,Unspecified,Blink,180,2026-08-10T15:44:15.8841292+09:00,2026-08-10T15:44:16.3021292+09:00,181.805273,182.223035,417.762,8629,8654,1.000000,0.946858,1,0,EyesOpened
20260810_154114_079,1,Unspecified,Blink,181,2026-08-10T15:44:16.6501292+09:00,2026-08-10T15:44:16.7481292+09:00,182.571248,182.668849,97.602,8675,8681,0.943511,0.638943,1,0,EyesOpened
20260810_154114_079,1,Unspecified,Blink,182,2026-08-10T15:44:17.5831292+09:00,2026-08-10T15:44:17.6801292+09:00,183.503628,183.600965,97.336,8731,8737,0.994972,0.772441,1,0,EyesOpened
20260810_154114_079,1,Unspecified,Blink,183,2026-08-10T15:44:18.0421292+09:00,2026-08-10T15:44:18.2931292+09:00,183.962953,184.213971,251.018,8759,8774,0.999996,0.894489,1,0,EyesOpened
20260810_154114_079,1,Unspecified,Blink,184,2026-08-10T15:44:18.5851292+09:00,2026-08-10T15:44:18.6961292+09:00,184.505622,184.616965,111.343,8791,8798,0.987642,0.558579,1,0,EyesOpened
20260810_154114_079,1,Unspecified,Blink,185,2026-08-10T15:44:19.4201292+09:00,2026-08-10T15:44:19.4761292+09:00,185.340919,185.396808,55.889,8841,8845,0.817743,0.497032,1,0,EyesOpened
20260810_154114_079,1,Unspecified,Blink,186,2026-08-10T15:44:19.7131292+09:00,2026-08-10T15:44:19.7961292+09:00,185.633590,185.717019,83.429,8859,8864,0.973417,0.788256,1,0,EyesOpened
20260810_154114_079,1,Unspecified,Blink,187,2026-08-10T15:44:20.1581292+09:00,2026-08-10T15:44:20.2971292+09:00,186.079287,186.218167,138.880,8886,8894,0.984075,0.693017,1,0,EyesOpened
20260810_154114_079,1,Unspecified,Blink,188,2026-08-10T15:44:21.5781292+09:00,2026-08-10T15:44:21.6901292+09:00,187.499465,187.610757,111.292,8971,8978,0.980099,0.459158,1,0,EyesOpened
20260810_154114_079,1,Unspecified,Blink,189,2026-08-10T15:44:21.8291292+09:00,2026-08-10T15:44:21.9681292+09:00,187.750054,187.889307,139.253,8986,8994,0.979422,0.730163,1,0,EyesOpened
20260810_154114_079,1,Unspecified,Blink,190,2026-08-10T15:44:22.1771292+09:00,2026-08-10T15:44:22.2601292+09:00,188.098053,188.181406,83.353,9007,9012,0.994817,0.849044,1,0,EyesOpened
20260810_154114_079,1,Unspecified,Blink,191,2026-08-10T15:44:23.9031292+09:00,2026-08-10T15:44:24.0141292+09:00,189.823745,189.935055,111.309,9110,9117,0.948177,0.622001,1,0,EyesOpened
20260810_154114_079,1,Unspecified,Blink,192,2026-08-10T15:44:24.1531292+09:00,2026-08-10T15:44:24.2091292+09:00,190.074229,190.130015,55.786,9125,9129,0.960104,0.586468,1,0,EyesOpened
20260810_154114_079,1,Unspecified,Blink,193,2026-08-10T15:44:25.0021292+09:00,2026-08-10T15:44:25.1001292+09:00,190.923371,191.020809,97.438,9176,9182,0.883414,0.515383,1,0,EyesOpened
20260810_154114_079,1,Unspecified,Blink,194,2026-08-10T15:44:25.6711292+09:00,2026-08-10T15:44:25.7691292+09:00,191.591956,191.689534,97.577,9216,9222,0.950414,0.734649,1,0,EyesOpened
20260810_154114_079,1,Unspecified,Blink,195,2026-08-10T15:44:25.9361292+09:00,2026-08-10T15:44:26.0471292+09:00,191.856545,191.967878,111.334,9232,9239,0.962780,0.698921,1,0,EyesOpened
20260810_154114_079,1,Unspecified,Blink,196,2026-08-10T15:44:26.4091292+09:00,2026-08-10T15:44:26.5341292+09:00,192.329893,192.455173,125.280,9261,9268,0.983858,0.783159,1,0,EyesOpened
20260810_154114_079,1,Unspecified,Blink,197,2026-08-10T15:44:27.0341292+09:00,2026-08-10T15:44:27.0481292+09:00,192.955480,192.969331,13.851,9298,9299,0.689105,0.406768,0,0,EyesOpened
20260810_154114_079,1,Unspecified,Blink,198,2026-08-10T15:44:27.6341292+09:00,2026-08-10T15:44:27.7871292+09:00,193.554513,193.707743,153.230,9334,9343,0.988648,0.811511,1,0,EyesOpened
20260810_154114_079,1,Unspecified,Blink,199,2026-08-10T15:44:27.8291292+09:00,2026-08-10T15:44:27.9681292+09:00,193.749505,193.888903,139.398,9346,9354,0.999022,0.761657,1,0,EyesOpened
20260810_154114_079,1,Unspecified,Blink,200,2026-08-10T15:44:28.2741292+09:00,2026-08-10T15:44:28.3581292+09:00,194.195110,194.278596,83.486,9373,9378,0.969661,0.813205,1,0,EyesOpened
20260810_154114_079,1,Unspecified,Blink,201,2026-08-10T15:44:28.6641292+09:00,2026-08-10T15:44:28.7751292+09:00,194.584881,194.696411,111.531,9396,9403,0.987783,0.796580,1,0,EyesOpened
20260810_154114_079,1,Unspecified,Blink,202,2026-08-10T15:44:29.6521292+09:00,2026-08-10T15:44:29.7641292+09:00,195.573384,195.684871,111.487,9455,9462,0.966477,0.656334,1,0,EyesOpened
20260810_154114_079,1,Unspecified,Blink,203,2026-08-10T15:44:31.4761292+09:00,2026-08-10T15:44:31.6571292+09:00,197.397399,197.578409,181.010,9565,9576,0.998905,0.836946,1,0,EyesOpened
20260810_154114_079,1,Unspecified,Blink,204,2026-08-10T15:44:31.8801292+09:00,2026-08-10T15:44:32.0061292+09:00,197.801237,197.926661,125.425,9589,9597,0.999475,0.892569,1,0,EyesOpened
20260810_154114_079,1,Unspecified,Blink,205,2026-08-10T15:44:32.3121292+09:00,2026-08-10T15:44:32.4381292+09:00,198.233106,198.358571,125.465,9615,9623,0.985983,0.789691,1,0,EyesOpened
20260810_154114_079,1,Unspecified,Blink,206,2026-08-10T15:44:33.6631292+09:00,2026-08-10T15:44:33.7741292+09:00,199.583591,199.695210,111.620,9696,9703,0.972062,0.689264,1,0,EyesOpened
20260810_154114_079,1,Unspecified,Blink,207,2026-08-10T15:44:33.9691292+09:00,2026-08-10T15:44:34.1081292+09:00,199.890213,200.029316,139.103,9714,9723,0.921212,0.644179,1,0,EyesOpened
20260810_154114_079,1,Unspecified,Blink,208,2026-08-10T15:44:34.3031292+09:00,2026-08-10T15:44:34.3871292+09:00,200.224001,200.307765,83.764,9734,9739,0.907640,0.606969,1,0,EyesOpened
20260810_154114_079,1,Unspecified,Blink,209,2026-08-10T15:44:34.8741292+09:00,2026-08-10T15:44:34.9991292+09:00,200.795117,200.920392,125.275,9769,9776,0.987658,0.647078,1,0,EyesOpened
20260810_154114_079,1,Unspecified,Blink,210,2026-08-10T15:44:35.5841292+09:00,2026-08-10T15:44:35.6681292+09:00,201.504864,201.588566,83.702,9811,9816,0.730148,0.599570,1,0,EyesOpened
20260810_154114_079,1,Unspecified,Blink,211,2026-08-10T15:44:36.5591292+09:00,2026-08-10T15:44:36.6841292+09:00,202.479675,202.604586,124.911,9870,9877,0.960743,0.523185,1,0,EyesOpened
20260810_154114_079,1,Unspecified,Blink,212,2026-08-10T15:44:37.5191292+09:00,2026-08-10T15:44:37.6591292+09:00,203.440072,203.579541,139.469,9927,9936,0.949612,0.506702,1,0,EyesOpened
20260810_154114_079,1,Unspecified,Blink,213,2026-08-10T15:44:38.1041292+09:00,2026-08-10T15:44:38.4101292+09:00,204.024759,204.331129,306.370,9962,9981,0.999841,0.856307,1,0,EyesOpened
20260810_154114_079,1,Unspecified,Blink,214,2026-08-10T15:44:38.8001292+09:00,2026-08-10T15:44:38.9111292+09:00,204.720798,204.832385,111.587,10004,10011,0.999285,0.710913,1,0,EyesOpened
20260810_154114_079,1,Unspecified,Blink,215,2026-08-10T15:44:39.4131292+09:00,2026-08-10T15:44:39.5101292+09:00,205.333543,205.431040,97.497,10041,10047,0.953692,0.575904,1,0,EyesOpened
20260810_154114_079,1,Unspecified,Blink,216,2026-08-10T15:44:39.7191292+09:00,2026-08-10T15:44:39.8301292+09:00,205.639891,205.751309,111.418,10059,10066,0.982767,0.790750,1,0,EyesOpened
20260810_154114_079,1,Unspecified,Blink,217,2026-08-10T15:44:40.0111292+09:00,2026-08-10T15:44:40.1511292+09:00,205.932260,206.071561,139.301,10077,10085,0.986356,0.713913,1,0,EyesOpened
20260810_154114_079,1,Unspecified,Blink,218,2026-08-10T15:44:40.4291292+09:00,2026-08-10T15:44:40.5131292+09:00,206.349979,206.433672,83.693,10102,10107,0.969877,0.663177,1,0,EyesOpened
20260810_154114_079,1,Unspecified,Blink,219,2026-08-10T15:44:40.8331292+09:00,2026-08-10T15:44:40.9021292+09:00,206.753615,206.823319,69.703,10126,10130,0.965857,0.648541,1,0,EyesOpened
20260810_154114_079,1,Unspecified,Blink,220,2026-08-10T15:44:41.5291292+09:00,2026-08-10T15:44:41.5981292+09:00,207.449544,207.518957,69.412,10168,10172,0.982582,0.749719,1,0,EyesOpened
20260810_154114_079,1,Unspecified,Blink,221,2026-08-10T15:44:41.7931292+09:00,2026-08-10T15:44:41.9181292+09:00,207.713969,207.839288,125.319,10184,10191,0.989494,0.803227,1,0,EyesOpened
20260810_154114_079,1,Unspecified,Blink,222,2026-08-10T15:44:42.2401292+09:00,2026-08-10T15:44:42.3781292+09:00,208.161110,208.298590,137.480,10211,10219,0.981573,0.678443,1,0,EyesOpened
20260810_154114_079,1,Unspecified,Blink,223,2026-08-10T15:44:42.6281292+09:00,2026-08-10T15:44:42.8651292+09:00,208.548986,208.785501,236.515,10234,10248,1.000000,0.841842,1,0,EyesOpened
20260810_154114_079,1,Unspecified,Blink,224,2026-08-10T15:44:43.5471292+09:00,2026-08-10T15:44:43.6311292+09:00,209.468050,209.551582,83.533,10289,10294,0.975146,0.756956,1,0,EyesOpened
20260810_154114_079,1,Unspecified,Blink,225,2026-08-10T15:44:44.0201292+09:00,2026-08-10T15:44:44.3411292+09:00,209.941431,210.261690,320.258,10317,10337,0.999650,0.844387,1,0,EyesOpened
20260810_154114_079,1,Unspecified,Blink,226,2026-08-10T15:44:44.6331292+09:00,2026-08-10T15:44:44.7171292+09:00,210.554201,210.637630,83.429,10354,10359,0.814091,0.656570,1,0,EyesOpened
20260810_154114_079,1,Unspecified,Blink,227,2026-08-10T15:44:45.1341292+09:00,2026-08-10T15:44:45.2461292+09:00,211.055326,211.166536,111.210,10384,10391,0.986430,0.715888,1,0,EyesOpened
20260810_154114_079,1,Unspecified,Blink,228,2026-08-10T15:44:45.5941292+09:00,2026-08-10T15:44:45.8021292+09:00,211.514719,211.723200,208.481,10412,10424,0.981710,0.761599,1,0,EyesOpened
20260810_154114_079,1,Unspecified,Blink,229,2026-08-10T15:44:46.0531292+09:00,2026-08-10T15:44:46.1511292+09:00,211.974129,212.071563,97.434,10439,10445,0.936446,0.670631,1,0,EyesOpened
20260810_154114_079,1,Unspecified,Blink,230,2026-08-10T15:44:46.4011292+09:00,2026-08-10T15:44:46.4711292+09:00,212.321996,212.391786,69.791,10460,10464,0.948214,0.713778,1,0,EyesOpened
20260810_154114_079,1,Unspecified,Blink,231,2026-08-10T15:44:47.5711292+09:00,2026-08-10T15:44:47.6541292+09:00,213.491846,213.575186,83.340,10530,10535,0.953434,0.811796,1,0,EyesOpened
20260810_154114_079,1,Unspecified,Blink,232,2026-08-10T15:44:48.3371292+09:00,2026-08-10T15:44:48.4611292+09:00,214.257506,214.382443,124.937,10576,10584,0.982535,0.689037,1,0,EyesOpened
20260810_154114_079,1,Unspecified,Blink,233,2026-08-10T15:44:48.7121292+09:00,2026-08-10T15:44:48.7961292+09:00,214.633306,214.716609,83.303,10599,10604,0.900722,0.539415,1,0,EyesOpened
20260810_154114_079,1,Unspecified,Blink,234,2026-08-10T15:44:49.9791292+09:00,2026-08-10T15:44:50.0481292+09:00,215.900138,215.969404,69.266,10675,10679,0.943410,0.712258,1,0,EyesOpened
20260810_154114_079,1,Unspecified,Blink,235,2026-08-10T15:44:50.2851292+09:00,2026-08-10T15:44:50.4101292+09:00,216.206206,216.331450,125.244,10693,10701,0.916563,0.637782,1,0,EyesOpened
20260810_154114_079,1,Unspecified,Blink,236,2026-08-10T15:44:50.4941292+09:00,2026-08-10T15:44:50.5921292+09:00,216.415020,216.512627,97.607,10706,10712,0.975460,0.834533,1,0,EyesOpened
20260810_154114_079,1,Unspecified,Blink,237,2026-08-10T15:44:51.5241292+09:00,2026-08-10T15:44:51.6081292+09:00,217.445476,217.528921,83.445,10768,10773,0.959407,0.812735,1,0,EyesOpened
20260810_154114_079,1,Unspecified,Blink,238,2026-08-10T15:44:51.8311292+09:00,2026-08-10T15:44:51.9141292+09:00,217.751653,217.835262,83.609,10786,10791,0.924267,0.651327,1,0,EyesOpened
20260810_154114_079,1,Unspecified,Blink,239,2026-08-10T15:44:52.3321292+09:00,2026-08-10T15:44:52.4301292+09:00,218.253000,218.350620,97.620,10816,10822,0.978331,0.626896,1,0,EyesOpened
20260810_154114_079,1,Unspecified,Blink,240,2026-08-10T15:44:52.9291292+09:00,2026-08-10T15:44:53.0411292+09:00,218.850294,218.962016,111.721,10852,10859,0.964539,0.655120,1,0,EyesOpened
20260810_154114_079,1,Unspecified,Blink,241,2026-08-10T15:44:53.6541292+09:00,2026-08-10T15:44:53.7521292+09:00,219.575012,219.672709,97.698,10896,10901,0.934140,0.797712,1,0,EyesOpened
20260810_154114_079,1,Unspecified,Blink,242,2026-08-10T15:44:54.0161292+09:00,2026-08-10T15:44:54.1001292+09:00,219.937195,220.020713,83.518,10917,10922,0.909472,0.710411,1,0,EyesOpened
20260810_154114_079,1,Unspecified,Blink,243,2026-08-10T15:44:55.0471292+09:00,2026-08-10T15:44:55.1021292+09:00,220.967620,221.023126,55.506,10979,10982,0.949369,0.717766,1,0,EyesOpened
20260810_154114_079,1,Unspecified,Blink,244,2026-08-10T15:44:55.6031292+09:00,2026-08-10T15:44:55.6871292+09:00,221.524348,221.608117,83.768,11012,11017,0.901182,0.696057,1,0,EyesOpened
20260810_154114_079,1,Unspecified,Blink,245,2026-08-10T15:44:55.9931292+09:00,2026-08-10T15:44:56.1331292+09:00,221.914431,222.053707,139.276,11036,11044,0.910616,0.647676,1,0,EyesOpened
20260810_154114_079,1,Unspecified,Blink,246,2026-08-10T15:44:56.4661292+09:00,2026-08-10T15:44:56.5781292+09:00,222.387500,222.498734,111.235,11064,11071,0.972623,0.647070,1,0,EyesOpened
20260810_154114_079,1,Unspecified,Blink,247,2026-08-10T15:44:56.7451292+09:00,2026-08-10T15:44:56.8291292+09:00,222.665647,222.749516,83.869,11081,11086,0.949239,0.586788,1,0,EyesOpened
20260810_154114_079,1,Unspecified,Blink,248,2026-08-10T15:44:57.6081292+09:00,2026-08-10T15:44:57.7471292+09:00,223.529364,223.668443,139.079,11133,11141,0.988156,0.875903,1,0,EyesOpened
20260810_154114_079,1,Unspecified,Blink,249,2026-08-10T15:44:58.1511292+09:00,2026-08-10T15:44:58.2761292+09:00,224.072166,224.197221,125.056,11165,11173,0.954362,0.517928,1,0,EyesOpened
20260810_154114_079,1,Unspecified,Blink,250,2026-08-10T15:44:58.6941292+09:00,2026-08-10T15:44:58.7501292+09:00,224.614937,224.670633,55.696,11198,11201,0.940706,0.674846,1,0,EyesOpened
20260810_154114_079,1,Unspecified,Blink,251,2026-08-10T15:44:59.5151292+09:00,2026-08-10T15:44:59.6691292+09:00,225.436418,225.589614,153.196,11247,11256,0.954260,0.798420,1,0,EyesOpened
20260810_154114_079,1,Unspecified,Blink,252,2026-08-10T15:45:01.6871292+09:00,2026-08-10T15:45:01.8131292+09:00,227.608394,227.733781,125.387,11377,11385,0.961411,0.795174,1,0,EyesOpened
20260810_154114_079,1,Unspecified,Blink,253,2026-08-10T15:45:01.9241292+09:00,2026-08-10T15:45:02.0631292+09:00,227.844889,227.984341,139.452,11392,11400,0.956115,0.645793,1,0,EyesOpened
20260810_154114_079,1,Unspecified,Blink,254,2026-08-10T15:45:02.2031292+09:00,2026-08-10T15:45:02.2861292+09:00,228.123535,228.207038,83.503,11408,11413,0.956233,0.808903,1,0,EyesOpened
20260810_154114_079,1,Unspecified,Blink,255,2026-08-10T15:45:02.5371292+09:00,2026-08-10T15:45:02.6341292+09:00,228.457596,228.555183,97.587,11428,11434,0.997068,0.736761,1,0,EyesOpened
20260810_154114_079,1,Unspecified,Blink,256,2026-08-10T15:45:03.5811292+09:00,2026-08-10T15:45:03.6641292+09:00,229.501756,229.585311,83.555,11491,11496,0.931777,0.745483,1,0,EyesOpened
20260810_154114_079,1,Unspecified,Blink,257,2026-08-10T15:45:03.9141292+09:00,2026-08-10T15:45:03.9701292+09:00,229.835488,229.891476,55.988,11511,11514,0.758636,0.592436,1,0,EyesOpened
20260810_154114_079,1,Unspecified,Blink,258,2026-08-10T15:45:04.7081292+09:00,2026-08-10T15:45:04.7641292+09:00,230.629349,230.684761,55.412,11559,11562,0.895435,0.365170,1,0,EyesOpened
20260810_154114_079,1,Unspecified,Blink,259,2026-08-10T15:45:05.0701292+09:00,2026-08-10T15:45:05.1541292+09:00,230.991433,231.075060,83.627,11580,11585,0.957637,0.593815,1,0,EyesOpened
20260810_154114_079,1,Unspecified,Blink,260,2026-08-10T15:45:05.5851292+09:00,2026-08-10T15:45:05.7531292+09:00,231.506493,231.673611,167.118,11611,11621,0.965222,0.825022,1,0,EyesOpened
20260810_154114_079,1,Unspecified,Blink,261,2026-08-10T15:45:07.5911292+09:00,2026-08-10T15:45:07.6751292+09:00,233.511770,233.596427,84.656,11732,11737,0.825267,0.480308,1,0,EyesOpened
20260810_154114_079,1,Unspecified,Blink,262,2026-08-10T15:45:07.8551292+09:00,2026-08-10T15:45:07.9801292+09:00,233.776138,233.901102,124.964,11748,11755,0.971934,0.586803,1,0,EyesOpened
20260810_154114_079,1,Unspecified,Blink,263,2026-08-10T15:45:08.3701292+09:00,2026-08-10T15:45:08.6071292+09:00,234.291215,234.527735,236.520,11778,11793,0.996521,0.869760,1,0,EyesOpened
20260810_154114_079,1,Unspecified,Blink,264,2026-08-10T15:45:09.5811292+09:00,2026-08-10T15:45:09.7071292+09:00,235.502254,235.627851,125.597,11851,11859,0.940486,0.658440,1,0,EyesOpened
20260810_154114_079,1,Unspecified,Blink,265,2026-08-10T15:45:09.8181292+09:00,2026-08-10T15:45:09.9021292+09:00,235.739474,235.822507,83.033,11865,11870,0.974635,0.709703,1,0,EyesOpened
20260810_154114_079,1,Unspecified,Blink,266,2026-08-10T15:45:10.2361292+09:00,2026-08-10T15:45:10.3891292+09:00,236.156930,236.310066,153.137,11890,11900,0.971883,0.649984,1,0,EyesOpened
20260810_154114_079,1,Unspecified,Blink,267,2026-08-10T15:45:10.9181292+09:00,2026-08-10T15:45:10.9881292+09:00,236.839075,236.908653,69.578,11931,11935,0.835513,0.338227,1,0,EyesOpened
20260810_154114_079,1,Unspecified,Blink,268,2026-08-10T15:45:11.6141292+09:00,2026-08-10T15:45:11.7541292+09:00,237.535196,237.674623,139.427,11973,11981,0.971351,0.744387,1,0,EyesOpened
20260810_154114_079,1,Unspecified,Blink,269,2026-08-10T15:45:12.8251292+09:00,2026-08-10T15:45:12.9511292+09:00,238.746107,238.871539,125.432,12046,12053,0.931840,0.732337,1,0,EyesOpened
20260810_154114_079,1,Unspecified,Blink,270,2026-08-10T15:45:13.4661292+09:00,2026-08-10T15:45:13.5911292+09:00,239.386860,239.512101,125.241,12084,12092,0.978691,0.590728,1,0,EyesOpened
20260810_154114_079,1,Unspecified,Blink,271,2026-08-10T15:45:13.8831292+09:00,2026-08-10T15:45:13.9811292+09:00,239.804164,239.901761,97.597,12109,12115,0.926939,0.558656,1,0,EyesOpened
20260810_154114_079,1,Unspecified,Blink,272,2026-08-10T15:45:14.1621292+09:00,2026-08-10T15:45:14.3011292+09:00,240.082601,240.221857,139.256,12126,12134,0.989111,0.883583,1,0,EyesOpened
20260810_154114_079,1,Unspecified,Blink,273,2026-08-10T15:45:14.5931292+09:00,2026-08-10T15:45:14.6911292+09:00,240.514392,240.611895,97.503,12152,12158,0.975370,0.651282,1,0,EyesOpened
20260810_154114_079,1,Unspecified,Blink,274,2026-08-10T15:45:15.8471292+09:00,2026-08-10T15:45:15.9861292+09:00,241.767707,241.906671,138.964,12227,12235,0.881223,0.699225,1,0,EyesOpened
20260810_154114_079,1,Unspecified,Blink,275,2026-08-10T15:45:17.9901292+09:00,2026-08-10T15:45:18.1581292+09:00,243.911371,244.078590,167.219,12356,12366,0.982154,0.792979,1,0,EyesOpened
20260810_154114_079,1,Unspecified,Blink,276,2026-08-10T15:45:19.6611292+09:00,2026-08-10T15:45:19.7861292+09:00,245.581976,245.707415,125.439,12456,12463,0.886957,0.514554,1,0,EyesOpened
20260810_154114_079,1,Unspecified,Blink,277,2026-08-10T15:45:21.6241292+09:00,2026-08-10T15:45:21.6941292+09:00,247.544828,247.614658,69.829,12574,12578,0.598489,0.291052,1,0,EyesOpened
20260810_154114_079,1,Unspecified,Blink,278,2026-08-10T15:45:22.1811292+09:00,2026-08-10T15:45:22.2641292+09:00,248.101835,248.185431,83.596,12607,12612,0.940397,0.664814,1,0,EyesOpened
20260810_154114_079,1,Unspecified,Blink,279,2026-08-10T15:45:22.7661292+09:00,2026-08-10T15:45:22.7941292+09:00,248.686811,248.714567,27.756,12642,12644,0.870551,0.639246,0,0,EyesOpened
20260810_154114_079,1,Unspecified,Blink,280,2026-08-10T15:45:23.9491292+09:00,2026-08-10T15:45:24.0191292+09:00,249.870028,249.939544,69.515,12713,12717,0.909172,0.692814,1,0,EyesOpened
20260810_154114_079,1,Unspecified,Blink,281,2026-08-10T15:45:25.8291292+09:00,2026-08-10T15:45:25.8981292+09:00,251.749610,251.818902,69.291,12826,12830,0.868305,0.567619,1,0,EyesOpened
20260810_154114_079,1,Unspecified,Blink,282,2026-08-10T15:45:26.0791292+09:00,2026-08-10T15:45:26.1761292+09:00,252.000104,252.097333,97.229,12841,12847,0.958457,0.651257,1,0,EyesOpened
20260810_154114_079,1,Unspecified,Blink,283,2026-08-10T15:45:26.8031292+09:00,2026-08-10T15:45:26.8871292+09:00,252.724107,252.807789,83.683,12884,12889,0.987354,0.602517,1,0,EyesOpened
20260810_154114_079,1,Unspecified,Blink,284,2026-08-10T15:45:27.6241292+09:00,2026-08-10T15:45:27.6661292+09:00,253.545428,253.587378,41.950,12934,12936,0.622774,0.464967,0,0,EyesOpened
20260810_154114_079,1,Unspecified,Blink,285,2026-08-10T15:45:27.9171292+09:00,2026-08-10T15:45:28.0141292+09:00,253.837901,253.935369,97.467,12951,12957,0.954344,0.603646,1,0,EyesOpened
20260810_154114_079,1,Unspecified,Blink,286,2026-08-10T15:45:28.1401292+09:00,2026-08-10T15:45:28.2511292+09:00,254.060916,254.172047,111.131,12965,12971,0.913384,0.602978,1,0,EyesOpened
20260810_154114_079,1,Unspecified,Blink,287,2026-08-10T15:45:28.5161292+09:00,2026-08-10T15:45:28.6271292+09:00,254.436552,254.547937,111.385,12987,12994,0.931227,0.638334,1,0,EyesOpened
20260810_154114_079,1,Unspecified,Blink,288,2026-08-10T15:45:28.9331292+09:00,2026-08-10T15:45:29.0171292+09:00,254.854137,254.937867,83.730,13012,13017,0.959159,0.806364,1,0,EyesOpened
20260810_154114_079,1,Unspecified,Blink,289,2026-08-10T15:45:29.7131292+09:00,2026-08-10T15:45:29.8241292+09:00,255.633798,255.744993,111.195,13059,13066,0.971179,0.682115,1,0,EyesOpened
20260810_154114_079,1,Unspecified,Blink,290,2026-08-10T15:45:30.0611292+09:00,2026-08-10T15:45:30.1031292+09:00,255.981650,256.023768,42.117,13080,13082,0.925084,0.646588,0,0,EyesOpened
20260810_154114_079,1,Unspecified,Blink,291,2026-08-10T15:45:31.6621292+09:00,2026-08-10T15:45:31.7451292+09:00,257.582909,257.666453,83.544,13176,13181,0.932009,0.794362,1,0,EyesOpened
20260810_154114_079,1,Unspecified,Blink,292,2026-08-10T15:45:32.0521292+09:00,2026-08-10T15:45:32.1071292+09:00,257.972544,258.028207,55.664,13199,13203,0.925900,0.589560,1,0,EyesOpened
20260810_154114_079,1,Unspecified,Blink,293,2026-08-10T15:45:33.6251292+09:00,2026-08-10T15:45:33.7501292+09:00,259.546319,259.670614,124.296,13294,13301,0.916401,0.786175,1,0,EyesOpened
20260810_154114_079,1,Unspecified,Blink,294,2026-08-10T15:45:33.8191292+09:00,2026-08-10T15:45:33.9031292+09:00,259.740317,259.823560,83.243,13305,13310,0.987386,0.802584,1,0,EyesOpened
20260810_154114_079,1,Unspecified,Blink,295,2026-08-10T15:45:34.3901292+09:00,2026-08-10T15:45:34.4601292+09:00,260.311237,260.380808,69.571,13340,13344,0.897748,0.468972,1,0,EyesOpened
20260810_154114_079,1,Unspecified,Blink,296,2026-08-10T15:45:36.0191292+09:00,2026-08-10T15:45:36.1031292+09:00,261.940270,262.023716,83.446,13438,13442,0.859071,0.386113,1,0,EyesOpened
20260810_154114_079,1,Unspecified,Blink,297,2026-08-10T15:45:36.2981292+09:00,2026-08-10T15:45:36.3811292+09:00,262.218840,262.302298,83.458,13454,13459,0.806555,0.639773,1,0,EyesOpened
20260810_154114_079,1,Unspecified,Blink,298,2026-08-10T15:45:36.7711292+09:00,2026-08-10T15:45:36.8971292+09:00,262.692331,262.817765,125.434,13483,13490,0.969475,0.594063,1,0,EyesOpened
20260810_154114_079,1,Unspecified,Blink,299,2026-08-10T15:45:37.7181292+09:00,2026-08-10T15:45:37.9691292+09:00,263.638940,263.889659,250.719,13539,13554,0.999996,0.855192,1,0,EyesOpened
20260810_154114_079,1,Unspecified,Blink,300,2026-08-10T15:45:38.3581292+09:00,2026-08-10T15:45:38.4421292+09:00,264.279329,264.363026,83.697,13578,13583,0.968868,0.724812,1,0,EyesOpened
20260810_154114_079,1,Unspecified,Blink,301,2026-08-10T15:45:39.6531292+09:00,2026-08-10T15:45:39.7781292+09:00,265.574015,265.699096,125.082,13655,13663,0.987742,0.644162,1,0,EyesOpened
20260810_154114_079,1,Unspecified,Blink,302,2026-08-10T15:45:40.0981292+09:00,2026-08-10T15:45:40.1961292+09:00,266.019236,266.117006,97.770,13682,13688,0.999224,0.824467,1,0,EyesOpened
20260810_154114_079,1,Unspecified,Blink,303,2026-08-10T15:45:41.0451292+09:00,2026-08-10T15:45:41.1701292+09:00,266.966033,267.091481,125.448,13739,13746,0.949001,0.465272,1,0,EyesOpened
20260810_154114_079,1,Unspecified,Blink,304,2026-08-10T15:45:41.6581292+09:00,2026-08-10T15:45:41.7831292+09:00,267.578658,267.703718,125.060,13776,13783,0.964841,0.662171,1,0,EyesOpened
20260810_154114_079,1,Unspecified,Blink,305,2026-08-10T15:45:42.7161292+09:00,2026-08-10T15:45:42.8691292+09:00,268.636936,268.789966,153.030,13839,13848,0.990375,0.690458,1,0,EyesOpened
20260810_154114_079,1,Unspecified,Blink,306,2026-08-10T15:45:43.8021292+09:00,2026-08-10T15:45:43.9131292+09:00,269.722666,269.834327,111.661,13904,13911,0.960870,0.765786,1,0,EyesOpened
20260810_154114_079,1,Unspecified,Blink,307,2026-08-10T15:45:44.2191292+09:00,2026-08-10T15:45:44.3441292+09:00,270.140230,270.265298,125.069,13929,13937,0.957980,0.596892,1,0,EyesOpened
20260810_154114_079,1,Unspecified,Blink,308,2026-08-10T15:45:45.5971292+09:00,2026-08-10T15:45:45.7921292+09:00,271.518476,271.713444,194.968,14012,14024,0.994315,0.734768,1,0,EyesOpened
20260810_154114_079,1,Unspecified,Blink,309,2026-08-10T15:45:45.9041292+09:00,2026-08-10T15:45:45.9871292+09:00,271.824900,271.908417,83.516,14030,14036,0.980638,0.749066,1,0,EyesOpened
20260810_154114_079,1,Unspecified,Blink,310,2026-08-10T15:45:46.3351292+09:00,2026-08-10T15:45:46.4331292+09:00,272.256452,272.354177,97.725,14056,14062,0.960885,0.820897,1,0,EyesOpened
20260810_154114_079,1,Unspecified,Blink,311,2026-08-10T15:45:47.6581292+09:00,2026-08-10T15:45:47.7141292+09:00,273.579377,273.634831,55.454,14136,14139,0.693534,0.559102,1,0,EyesOpened
20260810_154114_079,1,Unspecified,Blink,312,2026-08-10T15:45:48.8831292+09:00,2026-08-10T15:45:48.9951292+09:00,274.804112,274.915614,111.501,14209,14216,0.946850,0.768886,1,0,EyesOpened
20260810_154114_079,1,Unspecified,Blink,313,2026-08-10T15:45:49.6771292+09:00,2026-08-10T15:45:49.7741292+09:00,275.597916,275.695203,97.287,14257,14263,0.940112,0.639861,1,0,EyesOpened
20260810_154114_079,1,Unspecified,Blink,314,2026-08-10T15:45:50.0111292+09:00,2026-08-10T15:45:50.2201292+09:00,275.931931,276.140626,208.695,14277,14289,0.998693,0.897378,1,0,EyesOpened
20260810_154114_079,1,Unspecified,Blink,315,2026-08-10T15:45:50.3871292+09:00,2026-08-10T15:45:50.4981292+09:00,276.307854,276.419201,111.347,14299,14306,0.982293,0.654675,1,0,EyesOpened
20260810_154114_079,1,Unspecified,Blink,316,2026-08-10T15:45:51.6541292+09:00,2026-08-10T15:45:51.7101292+09:00,277.575015,277.630869,55.853,14375,14379,0.929877,0.605156,1,0,EyesOpened
20260810_154114_079,1,Unspecified,Blink,317,2026-08-10T15:45:52.1001292+09:00,2026-08-10T15:45:52.3361292+09:00,278.020676,278.257387,236.711,14402,14416,1.000000,0.892685,1,0,EyesOpened
20260810_154114_079,1,Unspecified,Blink,318,2026-08-10T15:45:52.6001292+09:00,2026-08-10T15:45:52.6421292+09:00,278.521176,278.563018,41.842,14432,14435,0.784025,0.446926,0,0,EyesOpened
20260810_154114_079,1,Unspecified,Blink,319,2026-08-10T15:45:53.0461292+09:00,2026-08-10T15:45:53.1021292+09:00,278.967110,279.022612,55.501,14459,14462,0.708292,0.454788,1,0,EyesOpened
20260810_154114_079,1,Unspecified,Blink,320,2026-08-10T15:45:53.7281292+09:00,2026-08-10T15:45:53.8261292+09:00,279.649282,279.746804,97.521,14500,14506,0.918740,0.767203,1,0,EyesOpened
20260810_154114_079,1,Unspecified,Blink,321,2026-08-10T15:45:54.7441292+09:00,2026-08-10T15:45:54.8841292+09:00,280.665287,280.804708,139.421,14561,14569,0.951597,0.543010,1,0,EyesOpened
20260810_154114_079,1,Unspecified,Blink,322,2026-08-10T15:45:55.7471292+09:00,2026-08-10T15:45:55.8171292+09:00,281.668077,281.737607,69.530,14621,14625,0.935064,0.702124,1,0,EyesOpened
20260810_154114_079,1,Unspecified,Blink,323,2026-08-10T15:45:56.2201292+09:00,2026-08-10T15:45:56.4291292+09:00,282.141105,282.350253,209.149,14649,14662,0.999627,0.817970,1,0,EyesOpened
20260810_154114_079,1,Unspecified,Blink,324,2026-08-10T15:45:57.5431292+09:00,2026-08-10T15:45:57.7521292+09:00,283.463707,283.672661,208.954,14729,14741,0.970180,0.795968,1,0,EyesOpened
20260810_154114_079,1,Unspecified,Blink,325,2026-08-10T15:45:58.0441292+09:00,2026-08-10T15:45:58.1701292+09:00,283.964900,284.090580,125.680,14759,14766,0.966970,0.487094,1,0,EyesOpened
20260810_154114_079,1,Unspecified,Blink,326,2026-08-10T15:45:58.4481292+09:00,2026-08-10T15:45:58.5871292+09:00,284.368790,284.508200,139.411,14783,14791,0.951824,0.680879,1,0,EyesOpened
20260810_154114_079,1,Unspecified,Blink,327,2026-08-10T15:46:00.2161292+09:00,2026-08-10T15:46:00.3281292+09:00,286.137220,286.248886,111.666,14889,14896,0.962774,0.758107,1,0,EyesOpened
20260810_154114_079,1,Unspecified,Blink,328,2026-08-10T15:46:00.5361292+09:00,2026-08-10T15:46:00.7871292+09:00,286.457223,286.707996,250.773,14908,14923,0.999917,0.876848,1,0,EyesOpened
20260810_154114_079,1,Unspecified,Blink,329,2026-08-10T15:46:01.9001292+09:00,2026-08-10T15:46:02.0121292+09:00,287.821167,287.932808,111.641,14990,14997,0.954940,0.679523,1,0,EyesOpened
20260810_154114_079,1,Unspecified,Blink,330,2026-08-10T15:46:02.1511292+09:00,2026-08-10T15:46:02.2761292+09:00,288.072099,288.197362,125.263,15005,15013,0.978459,0.669881,1,0,EyesOpened
20260810_154114_079,1,Unspecified,Blink,331,2026-08-10T15:46:02.7501292+09:00,2026-08-10T15:46:02.8471292+09:00,288.670746,288.768300,97.554,15041,15047,0.546008,0.356622,1,0,EyesOpened
20260810_154114_079,1,Unspecified,Blink,332,2026-08-10T15:46:03.3761292+09:00,2026-08-10T15:46:03.4041292+09:00,289.296825,289.324544,27.719,15079,15080,0.807971,0.469548,0,0,EyesOpened
20260810_154114_079,1,Unspecified,Blink,333,2026-08-10T15:46:03.7941292+09:00,2026-08-10T15:46:03.8771292+09:00,289.714590,289.798312,83.722,15104,15109,0.849027,0.545620,1,0,EyesOpened
20260810_154114_079,1,Unspecified,Blink,334,2026-08-10T15:46:04.0721292+09:00,2026-08-10T15:46:04.2951292+09:00,289.993287,290.216233,222.946,15121,15134,0.999801,0.826220,1,0,EyesOpened
20260810_154114_079,1,Unspecified,Blink,335,2026-08-10T15:46:04.7961292+09:00,2026-08-10T15:46:04.9081292+09:00,290.717456,290.828588,111.131,15164,15171,0.963412,0.459184,1,0,EyesOpened
20260810_154114_079,1,Unspecified,Blink,336,2026-08-10T15:46:06.2721292+09:00,2026-08-10T15:46:06.5091292+09:00,292.193273,292.429945,236.672,15253,15267,1.000000,0.904918,1,0,EyesOpened
20260810_154114_079,1,Unspecified,Blink,337,2026-08-10T15:46:07.0101292+09:00,2026-08-10T15:46:07.1771292+09:00,292.931056,293.098287,167.231,15297,15307,0.994872,0.750971,1,0,EyesOpened
20260810_154114_079,1,Unspecified,Blink,338,2026-08-10T15:46:07.7481292+09:00,2026-08-10T15:46:07.8041292+09:00,293.668834,293.724562,55.728,15341,15344,0.881216,0.643216,1,0,EyesOpened
20260810_154114_079,1,Unspecified,Blink,339,2026-08-10T15:46:08.1381292+09:00,2026-08-10T15:46:08.2911292+09:00,294.058933,294.211957,153.024,15365,15374,0.988570,0.853466,1,0,EyesOpened
20260810_154114_079,1,Unspecified,Blink,340,2026-08-10T15:46:09.7671292+09:00,2026-08-10T15:46:09.8501292+09:00,295.687688,295.771012,83.324,15462,15467,0.875142,0.681388,1,0,EyesOpened
20260810_154114_079,1,Unspecified,Blink,341,2026-08-10T15:46:10.1011292+09:00,2026-08-10T15:46:10.3241292+09:00,296.021565,296.244549,222.984,15482,15496,0.999822,0.727266,1,0,EyesOpened
20260810_154114_079,1,Unspecified,Blink,342,2026-08-10T15:46:10.8251292+09:00,2026-08-10T15:46:10.8801292+09:00,296.745611,296.801159,55.548,15526,15529,0.871022,0.337027,1,0,EyesOpened
20260810_154114_079,1,Unspecified,Blink,343,2026-08-10T15:46:11.8271292+09:00,2026-08-10T15:46:11.8821292+09:00,297.748245,297.803449,55.204,15586,15589,0.726656,0.456348,1,0,EyesOpened
20260810_154114_079,1,Unspecified,Blink,344,2026-08-10T15:46:12.3841292+09:00,2026-08-10T15:46:12.5791292+09:00,298.304610,298.499741,195.131,15619,15631,1.000000,0.897162,1,0,EyesOpened
20260810_154114_079,1,Unspecified,Blink,345,2026-08-10T15:46:14.0401292+09:00,2026-08-10T15:46:14.0961292+09:00,299.961325,300.017359,56.033,15719,15722,0.747449,0.585026,1,0,EyesOpened
20260810_154114_079,1,Unspecified,Blink,346,2026-08-10T15:46:14.3471292+09:00,2026-08-10T15:46:14.5001292+09:00,300.267977,300.420745,152.768,15737,15746,0.983360,0.692341,1,0,EyesOpened
20260810_154114_079,1,Unspecified,Blink,347,2026-08-10T15:46:14.7091292+09:00,2026-08-10T15:46:14.7931292+09:00,300.630024,300.713762,83.738,15759,15764,0.986206,0.686115,1,0,EyesOpened
20260810_154114_079,1,Unspecified,Blink,348,2026-08-10T15:46:15.7671292+09:00,2026-08-10T15:46:15.8791292+09:00,301.688222,301.799739,111.517,15822,15829,0.994106,0.820030,1,0,EyesOpened
20260810_154114_079,1,Unspecified,Blink,349,2026-08-10T15:46:16.3241292+09:00,2026-08-10T15:46:16.4631292+09:00,302.244833,302.384069,139.235,15856,15864,0.972995,0.500387,1,0,EyesOpened
20260810_154114_079,1,Unspecified,Blink,350,2026-08-10T15:46:18.0221292+09:00,2026-08-10T15:46:18.1201292+09:00,303.943350,304.040722,97.372,15958,15963,0.888999,0.567278,1,0,EyesOpened
20260810_154114_079,1,Unspecified,Blink,351,2026-08-10T15:46:19.5951292+09:00,2026-08-10T15:46:19.6931292+09:00,305.516356,305.613944,97.588,16052,16058,0.946574,0.540496,1,0,EyesOpened
20260810_154114_079,1,Unspecified,Blink,352,2026-08-10T15:46:20.3471292+09:00,2026-08-10T15:46:20.4591292+09:00,306.268172,306.379579,111.407,16097,16104,0.932446,0.527803,1,0,EyesOpened
20260810_154114_079,1,Unspecified,Blink,353,2026-08-10T15:46:21.0151292+09:00,2026-08-10T15:46:21.0851292+09:00,306.936279,307.006252,69.972,16137,16141,0.941347,0.755227,1,0,EyesOpened
20260810_154114_079,1,Unspecified,Blink,354,2026-08-10T15:46:21.6981292+09:00,2026-08-10T15:46:21.8511292+09:00,307.618621,307.771592,152.970,16178,16187,0.962269,0.632456,1,0,EyesOpened
20260810_154114_079,1,Unspecified,Blink,355,2026-08-10T15:46:22.1291292+09:00,2026-08-10T15:46:22.2131292+09:00,308.050131,308.133765,83.635,16204,16209,0.968172,0.584117,1,0,EyesOpened
20260810_154114_079,1,Unspecified,Blink,356,2026-08-10T15:46:22.6871292+09:00,2026-08-10T15:46:22.7701292+09:00,308.608460,308.690809,82.349,16237,16242,0.900921,0.573970,1,0,EyesOpened
20260810_154114_079,1,Unspecified,Blink,357,2026-08-10T15:46:23.8141292+09:00,2026-08-10T15:46:23.8561292+09:00,309.734677,309.776535,41.857,16305,16308,0.781712,0.636049,0,0,EyesOpened
20260810_154114_079,1,Unspecified,Blink,358,2026-08-10T15:46:24.7461292+09:00,2026-08-10T15:46:25.0531292+09:00,310.667444,310.973884,306.441,16361,16379,0.999978,0.905815,1,0,EyesOpened
20260810_154114_079,1,Unspecified,Blink,359,2026-08-10T15:46:25.8461292+09:00,2026-08-10T15:46:26.0141292+09:00,311.767492,311.934538,167.045,16427,16437,0.997267,0.855622,1,0,EyesOpened
20260810_154114_079,1,Unspecified,Blink,360,2026-08-10T15:46:27.7821292+09:00,2026-08-10T15:46:27.9071292+09:00,313.702903,313.828235,125.332,16543,16551,0.930062,0.708193,1,0,EyesOpened
20260810_154114_079,1,Unspecified,Blink,361,2026-08-10T15:46:27.9631292+09:00,2026-08-10T15:46:28.0461292+09:00,313.883966,313.967385,83.419,16554,16559,0.996631,0.844408,1,0,EyesOpened
20260810_154114_079,1,Unspecified,Blink,362,2026-08-10T15:46:29.7451292+09:00,2026-08-10T15:46:29.8281292+09:00,315.665665,315.749499,83.833,16661,16666,0.801624,0.470856,1,0,EyesOpened
20260810_154114_079,1,Unspecified,Blink,363,2026-08-10T15:46:30.2181292+09:00,2026-08-10T15:46:30.4131292+09:00,316.139064,316.334273,195.209,16689,16701,0.997751,0.837910,1,0,EyesOpened
20260810_154114_079,1,Unspecified,Blink,364,2026-08-10T15:46:30.7331292+09:00,2026-08-10T15:46:30.8031292+09:00,316.654139,316.723703,69.564,16720,16724,0.937554,0.578618,1,0,EyesOpened
20260810_154114_079,1,Unspecified,Blink,365,2026-08-10T15:46:31.7081292+09:00,2026-08-10T15:46:31.8051292+09:00,317.628744,317.726340,97.596,16779,16785,0.892149,0.553495,1,0,EyesOpened
20260810_154114_079,1,Unspecified,Blink,366,2026-08-10T15:46:32.1681292+09:00,2026-08-10T15:46:32.2651292+09:00,318.088503,318.185767,97.264,16806,16812,0.890118,0.610178,1,0,EyesOpened
20260810_154114_079,1,Unspecified,Blink,367,2026-08-10T15:46:33.5741292+09:00,2026-08-10T15:46:33.6991292+09:00,319.494689,319.619889,125.199,16891,16898,0.903173,0.466504,1,0,EyesOpened
20260810_154114_079,1,Unspecified,Blink,368,2026-08-10T15:46:33.8651292+09:00,2026-08-10T15:46:33.9351292+09:00,319.786446,319.856282,69.836,16908,16912,0.933622,0.679835,1,0,EyesOpened
20260810_154114_079,1,Unspecified,Blink,369,2026-08-10T15:46:34.2411292+09:00,2026-08-10T15:46:34.2971292+09:00,320.162347,320.218146,55.799,16931,16934,0.761367,0.313131,1,0,EyesOpened
20260810_154114_079,1,Unspecified,Blink,370,2026-08-10T15:46:34.6171292+09:00,2026-08-10T15:46:34.6871292+09:00,320.538271,320.608308,70.037,16953,16957,0.879867,0.712251,1,0,EyesOpened
20260810_154114_079,1,Unspecified,Blink,371,2026-08-10T15:46:35.4801292+09:00,2026-08-10T15:46:35.6471292+09:00,321.401188,321.568434,167.246,17005,17015,0.993298,0.672619,1,0,EyesOpened
20260810_154114_079,1,Unspecified,Blink,372,2026-08-10T15:46:38.5981292+09:00,2026-08-10T15:46:38.6541292+09:00,324.519169,324.575285,56.115,17192,17195,0.788737,0.521585,1,0,EyesOpened
20260810_154114_079,1,Unspecified,Blink,373,2026-08-10T15:46:39.4901292+09:00,2026-08-10T15:46:39.5741292+09:00,325.411057,325.494517,83.460,17246,17251,0.983342,0.579224,1,0,EyesOpened
20260810_154114_079,1,Unspecified,Blink,374,2026-08-10T15:46:39.8241292+09:00,2026-08-10T15:46:39.9631292+09:00,325.744814,325.884260,139.445,17266,17274,0.981834,0.629738,1,0,EyesOpened
20260810_154114_079,1,Unspecified,Blink,375,2026-08-10T15:46:43.5281292+09:00,2026-08-10T15:46:43.6251292+09:00,329.448899,329.546446,97.547,17488,17494,0.855213,0.626351,1,0,EyesOpened
20260810_154114_079,1,Unspecified,Blink,376,2026-08-10T15:46:43.9041292+09:00,2026-08-10T15:46:43.9321292+09:00,329.824680,329.852701,28.021,17510,17512,0.783839,0.559677,0,0,EyesOpened
20260810_154114_079,1,Unspecified,Blink,377,2026-08-10T15:46:44.0291292+09:00,2026-08-10T15:46:44.1821292+09:00,329.950055,330.103072,153.017,17518,17527,0.989068,0.755910,1,0,EyesOpened
20260810_154114_079,1,Unspecified,Blink,378,2026-08-10T15:46:44.5441292+09:00,2026-08-10T15:46:44.6701292+09:00,330.465318,330.590564,125.246,17549,17556,0.927913,0.529988,1,0,EyesOpened
20260810_154114_079,1,Unspecified,Blink,379,2026-08-10T15:46:45.5471292+09:00,2026-08-10T15:46:45.6161292+09:00,331.467671,331.537313,69.642,17609,17613,0.812385,0.496414,1,0,EyesOpened
20260810_154114_079,1,Unspecified,Blink,380,2026-08-10T15:46:45.9921292+09:00,2026-08-10T15:46:46.0481292+09:00,331.913072,331.968817,55.745,17636,17639,0.764282,0.445455,1,0,EyesOpened
20260810_154114_079,1,Unspecified,Blink,381,2026-08-10T15:46:46.1871292+09:00,2026-08-10T15:46:46.2841292+09:00,332.108051,332.205419,97.369,17647,17653,0.964377,0.808937,1,0,EyesOpened
20260810_154114_079,1,Unspecified,Blink,382,2026-08-10T15:46:47.5371292+09:00,2026-08-10T15:46:47.8161292+09:00,333.458261,333.736579,278.318,17728,17745,0.996788,0.751501,1,0,EyesOpened
20260810_154114_079,1,Unspecified,Blink,383,2026-08-10T15:46:48.8741292+09:00,2026-08-10T15:46:48.9851292+09:00,334.794704,334.905907,111.204,17809,17815,0.988384,0.712655,1,0,EyesOpened
20260810_154114_079,1,Unspecified,Blink,384,2026-08-10T15:46:49.9591292+09:00,2026-08-10T15:46:50.1261292+09:00,335.880308,336.047392,167.084,17874,17884,0.989031,0.873220,1,0,EyesOpened
20260810_154114_079,1,Unspecified,Blink,385,2026-08-10T15:46:50.2941292+09:00,2026-08-10T15:46:50.4051292+09:00,336.214680,336.325944,111.264,17894,17901,0.913765,0.661979,1,0,EyesOpened
20260810_154114_079,1,Unspecified,Blink,386,2026-08-10T15:46:50.9621292+09:00,2026-08-10T15:46:51.0591292+09:00,336.882671,336.980360,97.689,17934,17940,0.973509,0.663500,1,0,EyesOpened
20260810_154114_079,1,Unspecified,Blink,387,2026-08-10T15:46:51.6861292+09:00,2026-08-10T15:46:51.7141292+09:00,337.606595,337.634607,28.012,17977,17979,0.897451,0.641992,0,0,EyesOpened
20260810_154114_079,1,Unspecified,Blink,388,2026-08-10T15:46:51.9361292+09:00,2026-08-10T15:46:52.0201292+09:00,337.857450,337.940993,83.543,17992,17997,0.954770,0.799025,1,0,EyesOpened
20260810_154114_079,1,Unspecified,Blink,389,2026-08-10T15:46:52.1731292+09:00,2026-08-10T15:46:52.2981292+09:00,338.094273,338.219317,125.044,18007,18014,0.981153,0.688743,1,0,EyesOpened
20260810_154114_079,1,Unspecified,Blink,390,2026-08-10T15:46:52.5771292+09:00,2026-08-10T15:46:52.6741292+09:00,338.497935,338.595500,97.564,18031,18037,0.903404,0.476659,1,0,EyesOpened
20260810_154114_079,1,Unspecified,Blink,391,2026-08-10T15:46:53.1751292+09:00,2026-08-10T15:46:53.2311292+09:00,339.096318,339.152280,55.962,18067,18070,0.878661,0.676406,1,0,EyesOpened
20260810_154114_079,1,Unspecified,Blink,392,2026-08-10T15:46:53.8161292+09:00,2026-08-10T15:46:53.9131292+09:00,339.736794,339.834353,97.559,18105,18111,0.916222,0.572608,1,0,EyesOpened
20260810_154114_079,1,Unspecified,Blink,393,2026-08-10T15:46:54.1641292+09:00,2026-08-10T15:46:54.4421292+09:00,340.084867,340.363184,278.317,18126,18143,0.986205,0.803754,1,0,EyesOpened
20260810_154114_079,1,Unspecified,Blink,394,2026-08-10T15:46:54.6931292+09:00,2026-08-10T15:46:54.8181292+09:00,340.613902,340.739451,125.549,18158,18165,0.989164,0.709297,1,0,EyesOpened
20260810_154114_079,1,Unspecified,Blink,395,2026-08-10T15:46:55.9611292+09:00,2026-08-10T15:46:56.0991292+09:00,341.881792,342.019754,137.962,18234,18242,0.978566,0.853074,1,0,EyesOpened
20260810_154114_079,1,Unspecified,Blink,396,2026-08-10T15:46:56.7671292+09:00,2026-08-10T15:46:56.8921292+09:00,342.688109,342.813450,125.342,18282,18290,0.992298,0.733489,1,0,EyesOpened
20260810_154114_079,1,Unspecified,Blink,397,2026-08-10T15:46:57.6441292+09:00,2026-08-10T15:46:57.7281292+09:00,343.564970,343.648729,83.759,18335,18340,0.928461,0.774820,1,0,EyesOpened
20260810_154114_079,1,Unspecified,Blink,398,2026-08-10T15:46:58.0201292+09:00,2026-08-10T15:46:58.1181292+09:00,343.941218,344.038634,97.417,18357,18363,0.964563,0.597995,1,0,EyesOpened
20260810_154114_079,1,Unspecified,Blink,399,2026-08-10T15:46:58.3821292+09:00,2026-08-10T15:46:58.4661292+09:00,344.303215,344.386641,83.426,18379,18384,0.866555,0.415650,1,0,EyesOpened
20260810_154114_079,1,Unspecified,Blink,400,2026-08-10T15:46:59.8021292+09:00,2026-08-10T15:46:59.8441292+09:00,345.722895,345.764781,41.885,18464,18467,0.872191,0.398725,0,0,EyesOpened
20260810_154114_079,1,Unspecified,Blink,401,2026-08-10T15:47:01.5291292+09:00,2026-08-10T15:47:01.6261292+09:00,347.449837,347.547134,97.296,18568,18574,0.937625,0.769674,1,0,EyesOpened
20260810_154114_079,1,Unspecified,Blink,402,2026-08-10T15:47:02.1551292+09:00,2026-08-10T15:47:02.3781292+09:00,348.076234,348.299113,222.878,18606,18619,0.996924,0.835020,1,0,EyesOpened
20260810_154114_079,1,Unspecified,Blink,403,2026-08-10T15:47:03.9651292+09:00,2026-08-10T15:47:04.1041292+09:00,349.885662,350.025000,139.337,18714,18722,0.957313,0.764777,1,0,EyesOpened
20260810_154114_079,1,Unspecified,Blink,404,2026-08-10T15:47:04.2991292+09:00,2026-08-10T15:47:04.3691292+09:00,350.220041,350.289607,69.566,18734,18738,0.797334,0.573045,1,0,EyesOpened
20260810_154114_079,1,Unspecified,Blink,405,2026-08-10T15:47:04.9121292+09:00,2026-08-10T15:47:04.9811292+09:00,350.832689,350.902068,69.378,18771,18775,0.911478,0.597327,1,0,EyesOpened
20260810_154114_079,1,Unspecified,Blink,406,2026-08-10T15:47:05.8171292+09:00,2026-08-10T15:47:05.9841292+09:00,351.737657,351.904646,166.989,18825,18835,0.958528,0.693946,1,0,EyesOpened
20260810_154114_079,1,Unspecified,Blink,407,2026-08-10T15:47:07.0141292+09:00,2026-08-10T15:47:07.0981292+09:00,352.935313,353.018950,83.637,18897,18902,0.791559,0.386237,1,0,EyesOpened
20260810_154114_079,1,Unspecified,Blink,408,2026-08-10T15:47:07.6271292+09:00,2026-08-10T15:47:07.7661292+09:00,353.547971,353.687160,139.189,18934,18942,0.970905,0.617088,1,0,EyesOpened
20260810_154114_079,1,Unspecified,Blink,409,2026-08-10T15:47:08.0441292+09:00,2026-08-10T15:47:08.2671292+09:00,353.965286,354.188236,222.951,18959,18972,0.997041,0.735905,1,0,EyesOpened
20260810_154114_079,1,Unspecified,Blink,410,2026-08-10T15:47:09.7291292+09:00,2026-08-10T15:47:09.8681292+09:00,355.650044,355.789140,139.096,19060,19068,0.926923,0.583884,1,0,EyesOpened
20260810_154114_079,1,Unspecified,Blink,411,2026-08-10T15:47:10.1191292+09:00,2026-08-10T15:47:10.2441292+09:00,356.039679,356.164857,125.178,19083,19091,0.804594,0.448565,1,0,EyesOpened
20260810_154114_079,1,Unspecified,Blink,412,2026-08-10T15:47:10.6621292+09:00,2026-08-10T15:47:10.7451292+09:00,356.582665,356.666031,83.366,19116,19121,0.797801,0.396478,1,0,EyesOpened
20260810_154114_079,1,Unspecified,Blink,413,2026-08-10T15:47:11.7761292+09:00,2026-08-10T15:47:11.8171292+09:00,357.696698,357.738289,41.591,19183,19185,0.810496,0.566138,0,0,EyesOpened
20260810_154114_079,1,Unspecified,Blink,414,2026-08-10T15:47:12.6671292+09:00,2026-08-10T15:47:12.8611292+09:00,358.587638,358.782337,194.699,19236,19248,0.976580,0.683224,1,0,EyesOpened
20260810_154114_079,1,Unspecified,Blink,415,2026-08-10T15:47:14.1151292+09:00,2026-08-10T15:47:14.2121292+09:00,360.035587,360.132953,97.366,19323,19329,0.917046,0.759069,1,0,EyesOpened
20260810_154114_079,1,Unspecified,Blink,416,2026-08-10T15:47:14.4071292+09:00,2026-08-10T15:47:14.5321292+09:00,360.328017,360.453331,125.314,19341,19348,0.947357,0.564867,1,0,EyesOpened
20260810_154114_079,1,Unspecified,Blink,417,2026-08-10T15:47:14.8941292+09:00,2026-08-10T15:47:14.9781292+09:00,360.815330,360.898686,83.356,19370,19375,0.944518,0.679705,1,0,EyesOpened
20260810_154114_079,1,Unspecified,Blink,418,2026-08-10T15:47:15.5761292+09:00,2026-08-10T15:47:15.7161292+09:00,361.497262,361.636698,139.437,19411,19419,0.957700,0.682153,1,0,EyesOpened
20260810_154114_079,1,Unspecified,Blink,419,2026-08-10T15:47:15.7991292+09:00,2026-08-10T15:47:15.9111292+09:00,361.720070,361.831602,111.532,19424,19431,0.993517,0.824240,1,0,EyesOpened
20260810_154114_079,1,Unspecified,Blink,420,2026-08-10T15:47:16.1471292+09:00,2026-08-10T15:47:16.2861292+09:00,362.068063,362.207079,139.016,19445,19453,0.971008,0.803749,1,0,EyesOpened
20260810_154114_079,1,Unspecified,Blink,421,2026-08-10T15:47:16.5931292+09:00,2026-08-10T15:47:16.6341292+09:00,362.513533,362.555182,41.649,19472,19474,0.700310,0.525043,0,0,EyesOpened
20260810_154114_079,1,Unspecified,Blink,422,2026-08-10T15:47:17.8451292+09:00,2026-08-10T15:47:17.9011292+09:00,363.766246,363.821864,55.618,19547,19550,0.928570,0.730609,1,0,EyesOpened
20260810_154114_079,1,Unspecified,Blink,423,2026-08-10T15:47:18.0131292+09:00,2026-08-10T15:47:18.1241292+09:00,363.933576,364.044705,111.129,19557,19564,0.968409,0.779253,1,0,EyesOpened
20260810_154114_079,1,Unspecified,Blink,424,2026-08-10T15:47:19.6831292+09:00,2026-08-10T15:47:19.8361292+09:00,365.604283,365.757364,153.081,19657,19666,0.941860,0.644692,1,0,EyesOpened
20260810_154114_079,1,Unspecified,Blink,425,2026-08-10T15:47:20.1011292+09:00,2026-08-10T15:47:20.1841292+09:00,366.021745,366.105377,83.632,19682,19687,0.883554,0.553940,1,0,EyesOpened
20260810_154114_079,1,Unspecified,Blink,426,2026-08-10T15:47:20.5181292+09:00,2026-08-10T15:47:20.6021292+09:00,366.439438,366.522899,83.461,19707,19712,0.976766,0.732249,1,0,EyesOpened
20260810_154114_079,1,Unspecified,Blink,427,2026-08-10T15:47:21.8131292+09:00,2026-08-10T15:47:21.8691292+09:00,367.734333,367.790026,55.692,19785,19788,0.703354,0.557719,1,0,EyesOpened
20260810_154114_079,1,Unspecified,Blink,428,2026-08-10T15:47:22.0501292+09:00,2026-08-10T15:47:22.1611292+09:00,367.971054,368.082262,111.208,19799,19806,0.981090,0.813767,1,0,EyesOpened
20260810_154114_079,1,Unspecified,Blink,429,2026-08-10T15:47:22.5651292+09:00,2026-08-10T15:47:22.6491292+09:00,368.485862,368.569686,83.824,19830,19835,0.844515,0.562489,1,0,EyesOpened
20260810_154114_079,1,Unspecified,Blink,430,2026-08-10T15:47:23.8181292+09:00,2026-08-10T15:47:23.8741292+09:00,369.739131,369.795193,56.062,19905,19909,0.756647,0.452467,1,0,EyesOpened
20260810_154114_079,1,Unspecified,Blink,431,2026-08-10T15:47:26.2131292+09:00,2026-08-10T15:47:26.2961292+09:00,372.133855,372.217331,83.476,20049,20054,0.917636,0.598530,1,0,EyesOpened
20260810_154114_079,1,Unspecified,Blink,432,2026-08-10T15:47:26.4361292+09:00,2026-08-10T15:47:26.5331292+09:00,372.356665,372.454146,97.481,20062,20068,0.978583,0.571544,1,0,EyesOpened
20260810_154114_079,1,Unspecified,Blink,433,2026-08-10T15:47:27.6471292+09:00,2026-08-10T15:47:27.6751292+09:00,373.567741,373.595561,27.820,20135,20137,0.802952,0.596509,0,0,EyesOpened
20260810_154114_079,1,Unspecified,Blink,434,2026-08-10T15:47:27.8701292+09:00,2026-08-10T15:47:27.9811292+09:00,373.790545,373.901806,111.260,20148,20155,0.947856,0.751509,1,0,EyesOpened
20260810_154114_079,1,Unspecified,Blink,435,2026-08-10T15:47:28.2591292+09:00,2026-08-10T15:47:28.3851292+09:00,374.180402,374.305516,125.114,20172,20179,0.946769,0.565020,1,0,EyesOpened
20260810_154114_079,1,Unspecified,Blink,436,2026-08-10T15:47:28.8021292+09:00,2026-08-10T15:47:28.8441292+09:00,374.723449,374.764903,41.453,20204,20207,0.972401,0.687212,0,0,EyesOpened
20260810_154114_079,1,Unspecified,Blink,437,2026-08-10T15:47:29.8331292+09:00,2026-08-10T15:47:29.9161292+09:00,375.753724,375.837208,83.484,20266,20271,0.964189,0.785696,1,0,EyesOpened
20260810_154114_079,1,Unspecified,Blink,438,2026-08-10T15:47:30.5001292+09:00,2026-08-10T15:47:30.6261292+09:00,376.421472,376.547012,125.540,20306,20314,0.986533,0.746701,1,0,EyesOpened
20260810_154114_079,1,Unspecified,Blink,439,2026-08-10T15:47:31.2661292+09:00,2026-08-10T15:47:31.3501292+09:00,377.187361,377.270870,83.509,20352,20357,0.722756,0.576508,1,0,EyesOpened
20260810_154114_079,1,Unspecified,Blink,440,2026-08-10T15:47:31.6281292+09:00,2026-08-10T15:47:31.7261292+09:00,377.549368,377.646515,97.148,20374,20380,0.846302,0.412721,1,0,EyesOpened
20260810_154114_079,1,Unspecified,Blink,441,2026-08-10T15:47:32.1161292+09:00,2026-08-10T15:47:32.2131292+09:00,378.036615,378.133971,97.356,20403,20409,0.840587,0.620933,1,0,EyesOpened
20260810_154114_079,1,Unspecified,Blink,442,2026-08-10T15:47:32.4641292+09:00,2026-08-10T15:47:32.5751292+09:00,378.384581,378.495763,111.182,20424,20431,0.979812,0.675894,1,0,EyesOpened
20260810_154114_079,1,Unspecified,Blink,443,2026-08-10T15:47:33.6191292+09:00,2026-08-10T15:47:33.6611292+09:00,379.540029,379.581629,41.600,20493,20496,0.858235,0.680196,0,0,EyesOpened
20260810_154114_079,1,Unspecified,Blink,444,2026-08-10T15:47:33.9671292+09:00,2026-08-10T15:47:34.1621292+09:00,379.887958,380.082769,194.811,20514,20526,0.999820,0.724075,1,0,EyesOpened
20260810_154114_079,1,Unspecified,Blink,445,2026-08-10T15:47:34.4401292+09:00,2026-08-10T15:47:34.5521292+09:00,380.361362,380.472955,111.592,20543,20549,0.993919,0.767344,1,0,EyesOpened
20260810_154114_079,1,Unspecified,Blink,446,2026-08-10T15:47:35.6661292+09:00,2026-08-10T15:47:35.8191292+09:00,381.586891,381.740223,153.332,20616,20625,0.999989,0.911157,1,0,EyesOpened
20260810_154114_079,1,Unspecified,Blink,447,2026-08-10T15:47:36.0981292+09:00,2026-08-10T15:47:36.3201292+09:00,382.018569,382.241007,222.439,20642,20655,0.999740,0.922317,1,0,EyesOpened
20260810_154114_079,1,Unspecified,Blink,448,2026-08-10T15:47:37.8381292+09:00,2026-08-10T15:47:37.9071292+09:00,383.758682,383.828237,69.556,20746,20751,0.861448,0.601824,1,0,EyesOpened
20260810_154114_079,1,Unspecified,Blink,449,2026-08-10T15:47:38.0461292+09:00,2026-08-10T15:47:38.1581292+09:00,383.967391,384.078731,111.339,20759,20766,0.997848,0.750590,1,0,EyesOpened
20260810_154114_079,1,Unspecified,Blink,450,2026-08-10T15:47:38.6871292+09:00,2026-08-10T15:47:38.7981292+09:00,384.607572,384.719097,111.525,20797,20804,0.958017,0.634181,1,0,EyesOpened
20260810_154114_079,1,Unspecified,Blink,451,2026-08-10T15:47:39.5501292+09:00,2026-08-10T15:47:39.6611292+09:00,385.471005,385.582241,111.235,20849,20856,0.995480,0.612515,1,0,EyesOpened
20260810_154114_079,1,Unspecified,Blink,452,2026-08-10T15:47:39.9121292+09:00,2026-08-10T15:47:40.0371292+09:00,385.832912,385.958056,125.143,20871,20878,0.964874,0.668340,1,0,EyesOpened
20260810_154114_079,1,Unspecified,Blink,453,2026-08-10T15:47:40.4551292+09:00,2026-08-10T15:47:40.4971292+09:00,386.376140,386.417670,41.530,20904,20906,0.737829,0.494740,0,0,EyesOpened
20260810_154114_079,1,Unspecified,Blink,454,2026-08-10T15:47:42.4601292+09:00,2026-08-10T15:47:42.7521292+09:00,388.380584,388.672835,292.251,21024,21041,1.000000,0.763201,1,0,EyesOpened
20260810_154114_079,1,Unspecified,Blink,455,2026-08-10T15:47:43.6851292+09:00,2026-08-10T15:47:43.7961292+09:00,389.605526,389.717083,111.557,21097,21104,0.964020,0.758694,1,0,EyesOpened
20260810_154114_079,1,Unspecified,Blink,456,2026-08-10T15:47:44.6321292+09:00,2026-08-10T15:47:44.7431292+09:00,390.552645,390.663840,111.195,21154,21161,0.938432,0.624072,1,0,EyesOpened
20260810_154114_079,1,Unspecified,Blink,457,2026-08-10T15:47:45.7871292+09:00,2026-08-10T15:47:45.8991292+09:00,391.708224,391.819650,111.426,21223,21230,0.989337,0.840438,1,0,EyesOpened
20260810_154114_079,1,Unspecified,Blink,458,2026-08-10T15:47:46.3021292+09:00,2026-08-10T15:47:46.3301292+09:00,392.223232,392.251296,28.064,21254,21256,0.929808,0.614298,0,0,EyesOpened
20260810_154114_079,1,Unspecified,Blink,459,2026-08-10T15:47:47.6941292+09:00,2026-08-10T15:47:47.7921292+09:00,393.615464,393.713021,97.557,21338,21344,0.977667,0.661811,1,0,EyesOpened
20260810_154114_079,1,Unspecified,Blink,460,2026-08-10T15:47:49.6441292+09:00,2026-08-10T15:47:49.7411292+09:00,395.564764,395.661878,97.113,21455,21461,0.862719,0.597204,1,0,EyesOpened
20260810_154114_079,1,Unspecified,Blink,461,2026-08-10T15:47:49.9771292+09:00,2026-08-10T15:47:50.1031292+09:00,395.898499,396.023819,125.320,21475,21482,0.840385,0.663469,1,0,EyesOpened
20260810_154114_079,1,Unspecified,Blink,462,2026-08-10T15:47:52.1361292+09:00,2026-08-10T15:47:52.1631292+09:00,398.056679,398.084369,27.690,21604,21606,0.857821,0.595665,0,0,EyesOpened
20260810_154114_079,1,Unspecified,Blink,463,2026-08-10T15:47:52.4001292+09:00,2026-08-10T15:47:52.4841292+09:00,398.321092,398.404860,83.768,21620,21625,0.982105,0.688126,1,0,EyesOpened
20260810_154114_079,1,Unspecified,Blink,464,2026-08-10T15:47:54.0011292+09:00,2026-08-10T15:47:54.1401292+09:00,399.921927,400.061362,139.436,21716,21725,0.987120,0.851662,1,0,EyesOpened
20260810_154114_079,1,Unspecified,Blink,465,2026-08-10T15:47:54.6831292+09:00,2026-08-10T15:47:54.7671292+09:00,400.604253,400.687923,83.670,21757,21762,0.947905,0.782573,1,0,EyesOpened
20260810_154114_079,1,Unspecified,Blink,466,2026-08-10T15:47:55.4071292+09:00,2026-08-10T15:47:55.4631292+09:00,401.328399,401.383837,55.438,21801,21804,0.781683,0.562510,1,0,EyesOpened
20260810_154114_079,1,Unspecified,Blink,467,2026-08-10T15:47:55.8531292+09:00,2026-08-10T15:47:55.9641292+09:00,401.773977,401.885429,111.452,21827,21834,0.986966,0.678791,1,0,EyesOpened
20260810_154114_079,1,Unspecified,Blink,468,2026-08-10T15:47:56.3551292+09:00,2026-08-10T15:47:56.4651292+09:00,402.275529,402.386336,110.807,21857,21864,0.966286,0.606369,1,0,EyesOpened
20260810_154114_079,1,Unspecified,Blink,469,2026-08-10T15:47:57.6761292+09:00,2026-08-10T15:47:57.7741292+09:00,403.597459,403.695120,97.661,21937,21943,0.986237,0.856596,1,0,EyesOpened
20260810_154114_079,1,Unspecified,Blink,470,2026-08-10T15:47:58.0111292+09:00,2026-08-10T15:47:58.1221292+09:00,403.931886,404.042988,111.102,21957,21964,0.990195,0.696130,1,0,EyesOpened
20260810_154114_079,1,Unspecified,Blink,471,2026-08-10T15:47:58.3591292+09:00,2026-08-10T15:47:58.4841292+09:00,404.279911,404.405039,125.129,21978,21985,0.990679,0.720155,1,0,EyesOpened
20260810_154114_079,1,Unspecified,Blink,472,2026-08-10T15:47:59.8621292+09:00,2026-08-10T15:47:59.9601292+09:00,405.783005,405.880599,97.594,22068,22074,0.955590,0.673567,1,0,EyesOpened
20260810_154114_079,1,Unspecified,Blink,473,2026-08-10T15:48:00.0711292+09:00,2026-08-10T15:48:00.1961292+09:00,405.991832,406.117238,125.406,22080,22088,0.998774,0.742282,1,0,EyesOpened
20260810_154114_079,1,Unspecified,Blink,474,2026-08-10T15:48:00.8641292+09:00,2026-08-10T15:48:00.9341292+09:00,406.785342,406.855112,69.769,22128,22132,0.915309,0.741868,1,0,EyesOpened
20260810_154114_079,1,Unspecified,Blink,475,2026-08-10T15:48:01.6581292+09:00,2026-08-10T15:48:01.7701292+09:00,407.579315,407.690525,111.210,22176,22182,0.947746,0.558165,1,0,EyesOpened
20260810_154114_079,1,Unspecified,Blink,476,2026-08-10T15:48:01.9651292+09:00,2026-08-10T15:48:02.1041292+09:00,407.885621,408.024503,138.882,22194,22202,0.994291,0.713771,1,0,EyesOpened
20260810_154114_079,1,Unspecified,Blink,477,2026-08-10T15:48:02.4661292+09:00,2026-08-10T15:48:02.5351292+09:00,408.386728,408.456350,69.622,22224,22228,0.998667,0.792973,1,0,EyesOpened
20260810_154114_079,1,Unspecified,Blink,478,2026-08-10T15:48:03.6491292+09:00,2026-08-10T15:48:03.8021292+09:00,409.569763,409.722662,152.899,22295,22304,0.972293,0.608133,1,0,EyesOpened
20260810_154114_079,1,Unspecified,Blink,479,2026-08-10T15:48:03.8441292+09:00,2026-08-10T15:48:03.9551292+09:00,409.764549,409.876187,111.638,22307,22314,0.997059,0.850891,1,0,EyesOpened
20260810_154114_079,1,Unspecified,Blink,480,2026-08-10T15:48:04.4701292+09:00,2026-08-10T15:48:04.5681292+09:00,410.391186,410.488847,97.661,22344,22350,0.981819,0.751453,1,0,EyesOpened
20260810_154114_079,1,Unspecified,Blink,481,2026-08-10T15:48:04.9021292+09:00,2026-08-10T15:48:04.9861292+09:00,410.822676,410.906502,83.826,22370,22375,0.793106,0.586287,1,0,EyesOpened
20260810_154114_079,1,Unspecified,Blink,482,2026-08-10T15:48:05.6681292+09:00,2026-08-10T15:48:05.7511292+09:00,411.588631,411.672257,83.627,22416,22421,0.924669,0.647467,1,0,EyesOpened
20260810_154114_079,1,Unspecified,Blink,483,2026-08-10T15:48:06.2941292+09:00,2026-08-10T15:48:06.6281292+09:00,412.215288,412.549428,334.140,22454,22474,0.999914,0.935709,1,0,EyesOpened
20260810_154114_079,1,Unspecified,Blink,484,2026-08-10T15:48:06.9211292+09:00,2026-08-10T15:48:07.0041292+09:00,412.841603,412.925072,83.469,22491,22496,0.980836,0.752546,1,0,EyesOpened
20260810_154114_079,1,Unspecified,Blink,485,2026-08-10T15:48:07.3521292+09:00,2026-08-10T15:48:07.4081292+09:00,413.273367,413.329191,55.824,22517,22521,0.978652,0.695687,1,0,EyesOpened
20260810_154114_079,1,Unspecified,Blink,486,2026-08-10T15:48:07.8811292+09:00,2026-08-10T15:48:07.9651292+09:00,413.802277,413.885871,83.594,22549,22554,0.955554,0.613956,1,0,EyesOpened
20260810_154114_079,1,Unspecified,Blink,487,2026-08-10T15:48:08.1461292+09:00,2026-08-10T15:48:08.2301292+09:00,414.066946,414.150545,83.598,22565,22570,0.993861,0.774878,1,0,EyesOpened
20260810_154114_079,1,Unspecified,Blink,488,2026-08-10T15:48:09.5521292+09:00,2026-08-10T15:48:09.6651292+09:00,415.473158,415.585501,112.342,22649,22656,0.946487,0.610150,1,0,EyesOpened
20260810_154114_079,1,Unspecified,Blink,489,2026-08-10T15:48:09.7751292+09:00,2026-08-10T15:48:10.0811292+09:00,415.695849,416.001798,305.950,22663,22681,0.999683,0.938627,1,0,EyesOpened
20260810_154114_079,1,Unspecified,Blink,490,2026-08-10T15:48:10.5821292+09:00,2026-08-10T15:48:10.6661292+09:00,416.503312,416.586597,83.285,22711,22716,0.999623,0.811245,1,0,EyesOpened
20260810_154114_079,1,Unspecified,Blink,491,2026-08-10T15:48:11.6271292+09:00,2026-08-10T15:48:11.7101292+09:00,417.547768,417.631087,83.320,22774,22779,0.950202,0.544224,1,0,EyesOpened
20260810_154114_079,1,Unspecified,Blink,492,2026-08-10T15:48:12.6431292+09:00,2026-08-10T15:48:12.7681292+09:00,418.563852,418.689049,125.197,22835,22842,0.938370,0.679781,1,0,EyesOpened
20260810_154114_079,1,Unspecified,Blink,493,2026-08-10T15:48:12.9631292+09:00,2026-08-10T15:48:13.0601292+09:00,418.883919,418.981465,97.545,22854,22860,0.976594,0.522094,1,0,EyesOpened
20260810_154114_079,1,Unspecified,Blink,494,2026-08-10T15:48:13.7981292+09:00,2026-08-10T15:48:13.8681292+09:00,419.718970,419.788810,69.840,22904,22908,0.899911,0.567663,1,0,EyesOpened
20260810_154114_079,1,Unspecified,Blink,495,2026-08-10T15:48:14.1321292+09:00,2026-08-10T15:48:14.2301292+09:00,420.053325,420.150833,97.508,22924,22930,0.952206,0.618557,1,0,EyesOpened
20260810_154114_079,1,Unspecified,Blink,496,2026-08-10T15:48:14.3971292+09:00,2026-08-10T15:48:14.4801292+09:00,420.318018,420.401186,83.168,22940,22945,0.982800,0.651622,1,0,EyesOpened
20260810_154114_079,1,Unspecified,Blink,497,2026-08-10T15:48:15.5531292+09:00,2026-08-10T15:48:15.6361292+09:00,421.473536,421.557339,83.803,23009,23014,0.909448,0.625458,1,0,EyesOpened
20260810_154114_079,1,Unspecified,Blink,498,2026-08-10T15:48:15.6781292+09:00,2026-08-10T15:48:15.7891292+09:00,421.598852,421.710361,111.509,23017,23024,0.985546,0.611852,1,0,EyesOpened
20260810_154114_079,1,Unspecified,Blink,499,2026-08-10T15:48:16.2631292+09:00,2026-08-10T15:48:16.3601292+09:00,422.183664,422.281080,97.416,23052,23058,0.995094,0.697466,1,0,EyesOpened
20260810_154114_079,1,Unspecified,Blink,500,2026-08-10T15:48:16.6531292+09:00,2026-08-10T15:48:16.7641292+09:00,422.573817,422.685360,111.542,23075,23082,0.992592,0.633797,1,0,EyesOpened
20260810_154114_079,1,Unspecified,Blink,501,2026-08-10T15:48:17.6691292+09:00,2026-08-10T15:48:17.8081292+09:00,423.589560,423.728810,139.250,23136,23145,0.975108,0.808217,1,0,EyesOpened
20260810_154114_079,1,Unspecified,Blink,502,2026-08-10T15:48:18.0031292+09:00,2026-08-10T15:48:18.1561292+09:00,423.923677,424.077113,153.436,23156,23166,0.983924,0.725602,1,0,EyesOpened
20260810_154114_079,1,Unspecified,Blink,503,2026-08-10T15:48:18.5601292+09:00,2026-08-10T15:48:18.7681292+09:00,424.480678,424.689418,208.741,23190,23202,0.997323,0.906134,1,0,EyesOpened
20260810_154114_079,1,Unspecified,Blink,504,2026-08-10T15:48:19.6731292+09:00,2026-08-10T15:48:19.8131292+09:00,425.594427,425.733686,139.258,23257,23265,0.884784,0.574449,1,0,EyesOpened
20260810_154114_079,1,Unspecified,Blink,505,2026-08-10T15:48:20.0491292+09:00,2026-08-10T15:48:20.1331292+09:00,425.970413,426.054052,83.639,23279,23284,0.935527,0.556237,1,0,EyesOpened
20260810_154114_079,1,Unspecified,Blink,506,2026-08-10T15:48:20.2861292+09:00,2026-08-10T15:48:20.3981292+09:00,426.207143,426.318600,111.456,23293,23300,0.897350,0.709445,1,0,EyesOpened
20260810_154114_079,1,Unspecified,Blink,507,2026-08-10T15:48:21.4971292+09:00,2026-08-10T15:48:21.6091292+09:00,427.418057,427.529611,111.554,23366,23373,0.973681,0.621841,1,0,EyesOpened
20260810_154114_079,1,Unspecified,Blink,508,2026-08-10T15:48:21.8591292+09:00,2026-08-10T15:48:21.9291292+09:00,427.780198,427.849727,69.530,23388,23392,0.927676,0.595072,1,0,EyesOpened
20260810_154114_079,1,Unspecified,Blink,509,2026-08-10T15:48:22.0681292+09:00,2026-08-10T15:48:22.2071292+09:00,427.989030,428.128225,139.195,23400,23409,0.989456,0.694511,1,0,EyesOpened
20260810_154114_079,1,Unspecified,Blink,510,2026-08-10T15:48:22.4581292+09:00,2026-08-10T15:48:22.5831292+09:00,428.378623,428.503958,125.335,23424,23431,0.985279,0.579859,1,0,EyesOpened
20260810_154114_079,1,Unspecified,Blink,511,2026-08-10T15:48:24.0311292+09:00,2026-08-10T15:48:24.1011292+09:00,429.952270,430.021505,69.236,23518,23522,0.808173,0.662902,1,0,EyesOpened
20260810_154114_079,1,Unspecified,Blink,512,2026-08-10T15:48:24.7131292+09:00,2026-08-10T15:48:24.8111292+09:00,430.634293,430.731749,97.456,23559,23565,0.890446,0.467175,1,0,EyesOpened
20260810_154114_079,1,Unspecified,Blink,513,2026-08-10T15:48:25.5491292+09:00,2026-08-10T15:48:25.6321292+09:00,431.469607,431.553084,83.477,23609,23614,0.809973,0.697999,1,0,EyesOpened
20260810_154114_079,1,Unspecified,Blink,514,2026-08-10T15:48:25.8411292+09:00,2026-08-10T15:48:26.0081292+09:00,431.762104,431.928972,166.868,23627,23637,0.993500,0.826300,1,0,EyesOpened
20260810_154114_079,1,Unspecified,Blink,515,2026-08-10T15:48:26.2591292+09:00,2026-08-10T15:48:26.3421292+09:00,432.179775,432.262964,83.189,23652,23657,0.962557,0.789282,1,0,EyesOpened
20260810_154114_079,1,Unspecified,Blink,516,2026-08-10T15:48:27.8321292+09:00,2026-08-10T15:48:27.8601292+09:00,433.752927,433.780675,27.747,23746,23748,0.554521,0.404745,0,0,EyesOpened
20260810_154114_079,1,Unspecified,Blink,517,2026-08-10T15:48:28.0691292+09:00,2026-08-10T15:48:28.1521292+09:00,433.989566,434.073191,83.625,23760,23765,0.957480,0.732792,1,0,EyesOpened
20260810_154114_079,1,Unspecified,Blink,518,2026-08-10T15:48:28.2361292+09:00,2026-08-10T15:48:28.3331292+09:00,434.156820,434.254147,97.327,23770,23776,0.977242,0.771040,1,0,EyesOpened
20260810_154114_079,1,Unspecified,Blink,519,2026-08-10T15:48:28.5841292+09:00,2026-08-10T15:48:28.7091292+09:00,434.504734,434.629896,125.162,23791,23799,0.933181,0.517943,1,0,EyesOpened
20260810_154114_079,1,Unspecified,Blink,520,2026-08-10T15:48:29.7951292+09:00,2026-08-10T15:48:29.9341292+09:00,435.715899,435.854998,139.099,23864,23872,0.947187,0.845973,1,0,EyesOpened
20260810_154114_079,1,Unspecified,Blink,521,2026-08-10T15:48:31.5071292+09:00,2026-08-10T15:48:31.6191292+09:00,437.428382,437.539551,111.169,23967,23973,0.879010,0.770725,1,0,EyesOpened
20260810_154114_079,1,Unspecified,Blink,522,2026-08-10T15:48:31.8971292+09:00,2026-08-10T15:48:31.9671292+09:00,437.817754,437.887611,69.857,23990,23994,0.942282,0.762379,1,0,EyesOpened
20260810_154114_079,1,Unspecified,Blink,523,2026-08-10T15:48:32.2171292+09:00,2026-08-10T15:48:32.3291292+09:00,438.138279,438.249556,111.277,24009,24016,0.977148,0.809525,1,0,EyesOpened
20260810_154114_079,1,Unspecified,Blink,524,2026-08-10T15:48:32.5651292+09:00,2026-08-10T15:48:32.6351292+09:00,438.486125,438.555861,69.735,24030,24034,0.930333,0.659550,1,0,EyesOpened
20260810_154114_079,1,Unspecified,Blink,525,2026-08-10T15:48:33.5811292+09:00,2026-08-10T15:48:33.6511292+09:00,439.502388,439.572130,69.743,24091,24095,0.886834,0.736751,1,0,EyesOpened
20260810_154114_079,1,Unspecified,Blink,526,2026-08-10T15:48:34.0131292+09:00,2026-08-10T15:48:34.1521292+09:00,439.934270,440.073482,139.212,24117,24125,0.913259,0.703113,1,0,EyesOpened
20260810_154114_079,1,Unspecified,Blink,527,2026-08-10T15:48:34.3061292+09:00,2026-08-10T15:48:34.4171292+09:00,440.226701,440.337849,111.149,24135,24141,0.954717,0.697336,1,0,EyesOpened
20260810_154114_079,1,Unspecified,Blink,528,2026-08-10T15:48:34.6681292+09:00,2026-08-10T15:48:34.7371292+09:00,440.588519,440.657958,69.439,24156,24160,0.929849,0.718727,1,0,EyesOpened
20260810_154114_079,1,Unspecified,Blink,529,2026-08-10T15:48:35.6001292+09:00,2026-08-10T15:48:35.6701292+09:00,441.520938,441.590790,69.852,24212,24216,0.895691,0.741580,1,0,EyesOpened
20260810_154114_079,1,Unspecified,Blink,530,2026-08-10T15:48:36.5751292+09:00,2026-08-10T15:48:36.8251292+09:00,442.495652,442.746379,250.727,24271,24286,0.987975,0.874397,1,0,EyesOpened
20260810_154114_079,1,Unspecified,Blink,531,2026-08-10T15:48:37.8281292+09:00,2026-08-10T15:48:37.9111292+09:00,443.748779,443.832073,83.294,24346,24351,0.902480,0.603772,1,0,EyesOpened
20260810_154114_079,1,Unspecified,Blink,532,2026-08-10T15:48:38.2031292+09:00,2026-08-10T15:48:38.3011292+09:00,444.124347,444.221875,97.527,24368,24374,0.885749,0.595079,1,0,EyesOpened
20260810_154114_079,1,Unspecified,Blink,533,2026-08-10T15:48:39.5681292+09:00,2026-08-10T15:48:39.6651292+09:00,445.489111,445.586308,97.197,24450,24456,0.929909,0.624752,1,0,EyesOpened
20260810_154114_079,1,Unspecified,Blink,534,2026-08-10T15:48:39.8191292+09:00,2026-08-10T15:48:39.9851292+09:00,445.739580,445.906354,166.775,24465,24475,0.958501,0.692902,1,0,EyesOpened
20260810_154114_079,1,Unspecified,Blink,535,2026-08-10T15:48:40.2091292+09:00,2026-08-10T15:48:40.3341292+09:00,446.129543,446.254740,125.197,24489,24496,0.978380,0.776189,1,0,EyesOpened
20260810_154114_079,1,Unspecified,Blink,536,2026-08-10T15:48:40.7241292+09:00,2026-08-10T15:48:40.8211292+09:00,446.644858,446.741552,96.694,24520,24525,0.879917,0.521047,1,0,EyesOpened
20260810_154114_079,1,Unspecified,Blink,537,2026-08-10T15:48:41.6701292+09:00,2026-08-10T15:48:41.8371292+09:00,447.591206,447.758248,167.043,24576,24586,0.957522,0.642137,1,0,EyesOpened
20260810_154114_079,1,Unspecified,Blink,538,2026-08-10T15:48:42.3661292+09:00,2026-08-10T15:48:42.4641292+09:00,448.287417,448.384712,97.294,24618,24624,0.960075,0.761649,1,0,EyesOpened
20260810_154114_079,1,Unspecified,Blink,539,2026-08-10T15:48:42.8681292+09:00,2026-08-10T15:48:42.9651292+09:00,448.788599,448.885888,97.289,24648,24654,0.992393,0.722032,1,0,EyesOpened
20260810_154114_079,1,Unspecified,Blink,540,2026-08-10T15:48:43.7441292+09:00,2026-08-10T15:48:43.8141292+09:00,449.665111,449.735116,70.005,24701,24705,0.872375,0.454885,1,0,EyesOpened
20260810_154114_079,1,Unspecified,Blink,541,2026-08-10T15:48:44.2601292+09:00,2026-08-10T15:48:44.3291292+09:00,450.180543,450.250259,69.716,24732,24736,0.913499,0.693289,1,0,EyesOpened
20260810_154114_079,1,Unspecified,Blink,542,2026-08-10T15:48:44.6501292+09:00,2026-08-10T15:48:44.7611292+09:00,450.570633,450.681715,111.082,24755,24762,0.949418,0.764387,1,0,EyesOpened
20260810_154114_079,1,Unspecified,Blink,543,2026-08-10T15:48:44.9281292+09:00,2026-08-10T15:48:44.9971292+09:00,450.848923,450.918385,69.462,24772,24776,0.792531,0.500864,1,0,EyesOpened
20260810_154114_079,1,Unspecified,Blink,544,2026-08-10T15:48:45.6941292+09:00,2026-08-10T15:48:45.8191292+09:00,451.614813,451.740151,125.338,24818,24825,0.987604,0.751133,1,0,EyesOpened
20260810_154114_079,1,Unspecified,Blink,545,2026-08-10T15:48:46.4321292+09:00,2026-08-10T15:48:46.5151292+09:00,452.352752,452.436370,83.618,24862,24867,0.943246,0.665100,1,0,EyesOpened
20260810_154114_079,1,Unspecified,Blink,546,2026-08-10T15:48:46.9751292+09:00,2026-08-10T15:48:47.0441292+09:00,452.895646,452.965108,69.461,24895,24899,0.782583,0.600723,1,0,EyesOpened
20260810_154114_079,1,Unspecified,Blink,547,2026-08-10T15:48:47.7401292+09:00,2026-08-10T15:48:47.8101292+09:00,453.661261,453.731013,69.752,24941,24945,0.954503,0.774220,1,0,EyesOpened
20260810_154114_079,1,Unspecified,Blink,548,2026-08-10T15:48:48.0751292+09:00,2026-08-10T15:48:48.1861292+09:00,453.995652,454.106931,111.280,24961,24967,0.912709,0.592630,1,0,EyesOpened
20260810_154114_079,1,Unspecified,Blink,549,2026-08-10T15:48:48.3811292+09:00,2026-08-10T15:48:48.5201292+09:00,454.301558,454.440927,139.369,24979,24987,0.831464,0.481939,1,0,EyesOpened
20260810_154114_079,1,Unspecified,Blink,550,2026-08-10T15:48:48.8541292+09:00,2026-08-10T15:48:48.9241292+09:00,454.775231,454.844722,69.491,25007,25012,0.959994,0.782190,1,0,EyesOpened
20260810_154114_079,1,Unspecified,Blink,551,2026-08-10T15:48:49.6201292+09:00,2026-08-10T15:48:49.6901292+09:00,455.540849,455.610544,69.695,25053,25058,0.938739,0.736259,1,0,EyesOpened
20260810_154114_079,1,Unspecified,Blink,552,2026-08-10T15:48:49.9681292+09:00,2026-08-10T15:48:50.2191292+09:00,455.889047,456.139536,250.489,25074,25089,0.996828,0.859059,1,0,EyesOpened
20260810_154114_079,1,Unspecified,Blink,553,2026-08-10T15:48:50.5531292+09:00,2026-08-10T15:48:50.6361292+09:00,456.473668,456.557224,83.556,25109,25114,0.900493,0.572503,1,0,EyesOpened
20260810_154114_079,1,Unspecified,Blink,554,2026-08-10T15:48:51.4991292+09:00,2026-08-10T15:48:51.6521292+09:00,457.420364,457.573500,153.136,25166,25175,0.955546,0.710272,1,0,EyesOpened
20260810_154114_079,1,Unspecified,Blink,555,2026-08-10T15:48:51.8201292+09:00,2026-08-10T15:48:51.9031292+09:00,457.740643,457.824233,83.590,25185,25190,0.833119,0.619425,1,0,EyesOpened
20260810_154114_079,1,Unspecified,Blink,556,2026-08-10T15:48:52.3211292+09:00,2026-08-10T15:48:52.4041292+09:00,458.241896,458.325292,83.396,25215,25220,0.931634,0.724006,1,0,EyesOpened
20260810_154114_079,1,Unspecified,Blink,557,2026-08-10T15:48:52.6271292+09:00,2026-08-10T15:48:52.7111292+09:00,458.548270,458.631842,83.572,25234,25239,0.924166,0.740929,1,0,EyesOpened
20260810_154114_079,1,Unspecified,Blink,558,2026-08-10T15:48:53.6431292+09:00,2026-08-10T15:48:53.7121292+09:00,459.563924,459.633446,69.522,25295,25299,0.946116,0.508249,1,0,EyesOpened
20260810_154114_079,1,Unspecified,Blink,559,2026-08-10T15:48:53.8651292+09:00,2026-08-10T15:48:54.0041292+09:00,459.786046,459.925232,139.186,25308,25316,0.929551,0.693380,1,0,EyesOpened
20260810_154114_079,1,Unspecified,Blink,560,2026-08-10T15:48:54.3521292+09:00,2026-08-10T15:48:54.4351292+09:00,460.273308,460.356392,83.084,25337,25342,0.952842,0.793882,1,0,EyesOpened
20260810_154114_079,1,Unspecified,Blink,561,2026-08-10T15:48:55.2991292+09:00,2026-08-10T15:48:55.3401292+09:00,461.219802,461.261471,41.670,25394,25397,0.893044,0.683565,0,0,EyesOpened
20260810_154114_079,1,Unspecified,Blink,562,2026-08-10T15:48:55.7581292+09:00,2026-08-10T15:48:55.9531292+09:00,461.679316,461.874349,195.033,25422,25433,0.976867,0.817216,1,0,EyesOpened
20260810_154114_079,1,Unspecified,Blink,563,2026-08-10T15:48:56.3161292+09:00,2026-08-10T15:48:56.3991292+09:00,462.236512,462.319977,83.464,25455,25460,0.917100,0.563187,1,0,EyesOpened
20260810_154114_079,1,Unspecified,Blink,564,2026-08-10T15:48:56.9141292+09:00,2026-08-10T15:48:56.9421292+09:00,462.835311,462.862957,27.646,25491,25493,0.811833,0.600662,0,0,EyesOpened
20260810_154114_079,1,Unspecified,Blink,565,2026-08-10T15:48:57.5691292+09:00,2026-08-10T15:48:57.6521292+09:00,463.489741,463.573181,83.440,25530,25535,0.988232,0.786513,1,0,EyesOpened
20260810_154114_079,1,Unspecified,Blink,566,2026-08-10T15:48:58.2651292+09:00,2026-08-10T15:48:58.4321292+09:00,464.185843,464.353117,167.274,25572,25582,0.958632,0.694706,1,0,EyesOpened
20260810_154114_079,1,Unspecified,Blink,567,2026-08-10T15:48:58.6691292+09:00,2026-08-10T15:48:58.7111292+09:00,464.589815,464.631571,41.755,25596,25599,0.980615,0.777200,0,0,EyesOpened
20260810_154114_079,1,Unspecified,Blink,568,2026-08-10T15:48:59.3371292+09:00,2026-08-10T15:48:59.4351292+09:00,465.258128,465.355706,97.579,25636,25642,0.971387,0.781182,1,0,EyesOpened
20260810_154114_079,1,Unspecified,Blink,569,2026-08-10T15:48:59.8521292+09:00,2026-08-10T15:48:59.9081292+09:00,465.773240,465.828923,55.683,25667,25671,0.956493,0.766453,1,0,EyesOpened
20260810_154114_079,1,Unspecified,Blink,570,2026-08-10T15:49:00.5351292+09:00,2026-08-10T15:49:00.6181292+09:00,466.455775,466.539278,83.503,25708,25713,0.983600,0.672754,1,0,EyesOpened
20260810_154114_079,1,Unspecified,Blink,571,2026-08-10T15:49:01.2871292+09:00,2026-08-10T15:49:01.3421292+09:00,467.207505,467.263064,55.560,25753,25757,0.905617,0.740130,1,0,EyesOpened
20260810_154114_079,1,Unspecified,Blink,572,2026-08-10T15:49:01.7181292+09:00,2026-08-10T15:49:01.8161292+09:00,467.639308,467.736710,97.402,25779,25785,0.891593,0.598120,1,0,EyesOpened
20260810_154114_079,1,Unspecified,Blink,573,2026-08-10T15:49:02.1361292+09:00,2026-08-10T15:49:02.3451292+09:00,468.056781,468.265565,208.783,25804,25817,0.996896,0.840056,1,0,EyesOpened
20260810_154114_079,1,Unspecified,Blink,574,2026-08-10T15:49:03.5981292+09:00,2026-08-10T15:49:03.8621292+09:00,469.518506,469.782994,264.487,25892,25908,0.996347,0.596825,1,0,EyesOpened
20260810_154114_079,1,Unspecified,Blink,575,2026-08-10T15:49:04.1821292+09:00,2026-08-10T15:49:04.2931292+09:00,470.102859,470.214423,111.564,25927,25934,0.975476,0.627503,1,0,EyesOpened
20260810_154114_079,1,Unspecified,Blink,576,2026-08-10T15:49:04.6281292+09:00,2026-08-10T15:49:04.7251292+09:00,470.548895,470.645950,97.055,25954,25960,0.917877,0.463711,1,0,EyesOpened
20260810_154114_079,1,Unspecified,Blink,577,2026-08-10T15:49:05.7141292+09:00,2026-08-10T15:49:05.8531292+09:00,471.634740,471.774074,139.334,26019,26027,0.939242,0.635711,1,0,EyesOpened
20260810_154114_079,1,Unspecified,Blink,578,2026-08-10T15:49:07.0931292+09:00,2026-08-10T15:49:07.1761292+09:00,473.013550,473.096887,83.336,26102,26107,0.592027,0.448939,1,0,EyesOpened
20260810_154114_079,1,Unspecified,Blink,579,2026-08-10T15:49:07.6501292+09:00,2026-08-10T15:49:07.8301292+09:00,473.570532,473.751389,180.857,26135,26146,0.910037,0.657977,1,0,EyesOpened
20260810_154114_079,1,Unspecified,Blink,580,2026-08-10T15:49:08.0251292+09:00,2026-08-10T15:49:08.1781292+09:00,473.946069,474.099318,153.249,26158,26167,0.932590,0.634879,1,0,EyesOpened
20260810_154114_079,1,Unspecified,Blink,581,2026-08-10T15:49:08.5541292+09:00,2026-08-10T15:49:08.6521292+09:00,474.475257,474.572645,97.388,26189,26195,0.948459,0.651926,1,0,EyesOpened
20260810_154114_079,1,Unspecified,Blink,582,2026-08-10T15:49:10.0991292+09:00,2026-08-10T15:49:10.2531292+09:00,476.020332,476.173552,153.220,26282,26291,0.988457,0.674216,1,0,EyesOpened
20260810_154114_079,1,Unspecified,Blink,583,2026-08-10T15:49:10.6141292+09:00,2026-08-10T15:49:10.7811292+09:00,476.535453,476.702426,166.973,26313,26323,0.989779,0.612653,1,0,EyesOpened
20260810_154114_079,1,Unspecified,Blink,584,2026-08-10T15:49:11.7421292+09:00,2026-08-10T15:49:11.7981292+09:00,477.663042,477.719094,56.052,26381,26384,0.957678,0.723169,1,0,EyesOpened
20260810_154114_079,1,Unspecified,Blink,585,2026-08-10T15:49:12.2011292+09:00,2026-08-10T15:49:12.2991292+09:00,478.122482,478.220089,97.607,26408,26414,0.848266,0.579466,1,0,EyesOpened
20260810_154114_079,1,Unspecified,Blink,586,2026-08-10T15:49:13.8171292+09:00,2026-08-10T15:49:13.9001292+09:00,479.737818,479.820966,83.148,26505,26510,0.871957,0.680204,1,0,EyesOpened
20260810_154114_079,1,Unspecified,Blink,587,2026-08-10T15:49:14.0111292+09:00,2026-08-10T15:49:14.1511292+09:00,479.932472,480.071691,139.219,26517,26525,0.946647,0.652564,1,0,EyesOpened
20260810_154114_079,1,Unspecified,Blink,588,2026-08-10T15:49:14.4851292+09:00,2026-08-10T15:49:14.5821292+09:00,480.405602,480.502939,97.336,26545,26551,0.868350,0.553131,1,0,EyesOpened
20260810_154114_079,1,Unspecified,Blink,589,2026-08-10T15:49:15.5421292+09:00,2026-08-10T15:49:15.6261292+09:00,481.463429,481.547269,83.840,26609,26614,0.976209,0.823881,1,0,EyesOpened
20260810_154114_079,1,Unspecified,Blink,590,2026-08-10T15:49:16.0991292+09:00,2026-08-10T15:49:16.3921292+09:00,482.020452,482.312958,292.506,26642,26660,0.998879,0.929369,1,0,EyesOpened
20260810_154114_079,1,Unspecified,Blink,591,2026-08-10T15:49:17.1301292+09:00,2026-08-10T15:49:17.2411292+09:00,483.050762,483.161959,111.197,26704,26711,0.884788,0.521436,1,0,EyesOpened
20260810_154114_079,1,Unspecified,Blink,592,2026-08-10T15:49:17.7001292+09:00,2026-08-10T15:49:17.7701292+09:00,483.621271,483.691144,69.872,26738,26742,0.926092,0.626797,1,0,EyesOpened
20260810_154114_079,1,Unspecified,Blink,593,2026-08-10T15:49:18.5921292+09:00,2026-08-10T15:49:18.7171292+09:00,484.512746,484.637702,124.956,26792,26799,0.987970,0.779042,1,0,EyesOpened
20260810_154114_079,1,Unspecified,Blink,594,2026-08-10T15:49:19.5941292+09:00,2026-08-10T15:49:19.6361292+09:00,485.514992,485.556835,41.844,26852,26854,0.912131,0.643616,0,0,EyesOpened
20260810_154114_079,1,Unspecified,Blink,595,2026-08-10T15:49:19.9841292+09:00,2026-08-10T15:49:20.1091292+09:00,485.904896,486.030158,125.263,26875,26883,0.999974,0.830493,1,0,EyesOpened
20260810_154114_079,1,Unspecified,Blink,596,2026-08-10T15:49:20.3451292+09:00,2026-08-10T15:49:20.4841292+09:00,486.266408,486.405394,138.987,26897,26905,0.720935,0.461406,1,0,EyesOpened
20260810_154114_079,1,Unspecified,Blink,597,2026-08-10T15:49:21.5711292+09:00,2026-08-10T15:49:21.6121292+09:00,487.491724,487.533376,41.653,26970,26973,0.834983,0.652322,0,0,EyesOpened
20260810_154114_079,1,Unspecified,Blink,598,2026-08-10T15:49:21.8211292+09:00,2026-08-10T15:49:21.9331292+09:00,487.741883,487.853555,111.673,26985,26992,0.963081,0.784370,1,0,EyesOpened
20260810_154114_079,1,Unspecified,Blink,599,2026-08-10T15:49:22.0851292+09:00,2026-08-10T15:49:22.2111292+09:00,488.006468,488.132098,125.630,27001,27009,0.887842,0.542646,1,0,EyesOpened
20260810_154114_079,1,Unspecified,Blink,600,2026-08-10T15:49:22.7821292+09:00,2026-08-10T15:49:22.8521292+09:00,488.702673,488.772674,70.001,27043,27047,0.974526,0.622111,1,0,EyesOpened
20260810_154114_079,1,Unspecified,Blink,601,2026-08-10T15:49:23.6031292+09:00,2026-08-10T15:49:23.7011292+09:00,489.524168,489.621568,97.400,27092,27098,0.942098,0.625990,1,0,EyesOpened
20260810_154114_079,1,Unspecified,Blink,602,2026-08-10T15:49:24.6061292+09:00,2026-08-10T15:49:24.6751292+09:00,490.526966,490.596460,69.494,27153,27157,0.941695,0.477213,1,0,EyesOpened
20260810_154114_079,1,Unspecified,Blink,603,2026-08-10T15:49:25.5111292+09:00,2026-08-10T15:49:25.6361292+09:00,491.431852,491.557188,125.337,27207,27214,0.958154,0.630861,1,0,EyesOpened
20260810_154114_079,1,Unspecified,Blink,604,2026-08-10T15:49:25.8451292+09:00,2026-08-10T15:49:26.0541292+09:00,491.765868,491.974877,209.008,27227,27239,1.000000,0.917933,1,0,EyesOpened
20260810_154114_079,1,Unspecified,Blink,605,2026-08-10T15:49:26.3601292+09:00,2026-08-10T15:49:26.4861292+09:00,492.280962,492.406547,125.585,27258,27265,0.968689,0.603702,1,0,EyesOpened
20260810_154114_079,1,Unspecified,Blink,606,2026-08-10T15:49:27.7111292+09:00,2026-08-10T15:49:27.8081292+09:00,493.631851,493.729414,97.563,27339,27345,0.988163,0.823253,1,0,EyesOpened
20260810_154114_079,1,Unspecified,Blink,607,2026-08-10T15:49:28.0031292+09:00,2026-08-10T15:49:28.1151292+09:00,493.924169,494.035570,111.401,27356,27363,0.986612,0.528176,1,0,EyesOpened
20260810_154114_079,1,Unspecified,Blink,608,2026-08-10T15:49:28.4351292+09:00,2026-08-10T15:49:28.5321292+09:00,494.355994,494.453362,97.367,27382,27388,0.983453,0.538069,1,0,EyesOpened
20260810_154114_079,1,Unspecified,Blink,609,2026-08-10T15:49:28.8521292+09:00,2026-08-10T15:49:28.8661292+09:00,494.773499,494.787436,13.938,27407,27408,0.948446,0.505963,0,0,EyesOpened
20260810_154114_079,1,Unspecified,Blink,610,2026-08-10T15:49:29.5211292+09:00,2026-08-10T15:49:29.6041292+09:00,495.441636,495.525115,83.479,27447,27452,0.964633,0.585450,1,0,EyesOpened
20260810_154114_079,1,Unspecified,Blink,611,2026-08-10T15:49:29.8691292+09:00,2026-08-10T15:49:29.9801292+09:00,495.789820,495.901084,111.264,27468,27475,0.985280,0.707526,1,0,EyesOpened
20260810_154114_079,1,Unspecified,Blink,612,2026-08-10T15:49:30.3141292+09:00,2026-08-10T15:49:30.3701292+09:00,496.235318,496.290927,55.610,27495,27498,0.949124,0.739883,1,0,EyesOpened
20260810_154114_079,1,Unspecified,Blink,613,2026-08-10T15:49:30.5931292+09:00,2026-08-10T15:49:30.6631292+09:00,496.513900,496.583546,69.647,27512,27516,0.969851,0.796969,1,0,EyesOpened
20260810_154114_079,1,Unspecified,Blink,614,2026-08-10T15:49:31.0521292+09:00,2026-08-10T15:49:31.1631292+09:00,496.973226,497.084444,111.217,27539,27546,0.999685,0.739693,1,0,EyesOpened
20260810_154114_079,1,Unspecified,Blink,615,2026-08-10T15:49:31.6651292+09:00,2026-08-10T15:49:31.7481292+09:00,497.585763,497.669318,83.555,27576,27581,0.957153,0.805970,1,0,EyesOpened
20260810_154114_079,1,Unspecified,Blink,616,2026-08-10T15:49:32.1661292+09:00,2026-08-10T15:49:32.4161292+09:00,498.086973,498.337045,250.071,27606,27621,0.999755,0.835280,1,0,EyesOpened
20260810_154114_079,1,Unspecified,Blink,617,2026-08-10T15:49:32.7921292+09:00,2026-08-10T15:49:32.8481292+09:00,498.713153,498.768945,55.792,27644,27647,0.840143,0.674458,1,0,EyesOpened
20260810_154114_079,1,Unspecified,Blink,618,2026-08-10T15:49:33.5301292+09:00,2026-08-10T15:49:33.6271292+09:00,499.450989,499.548499,97.510,27688,27694,0.990474,0.601019,1,0,EyesOpened
20260810_154114_079,1,Unspecified,Blink,619,2026-08-10T15:49:33.7811292+09:00,2026-08-10T15:49:33.8501292+09:00,499.701535,499.771209,69.674,27703,27707,0.981638,0.692416,1,0,EyesOpened
20260810_154114_079,1,Unspecified,Blink,620,2026-08-10T15:49:34.0871292+09:00,2026-08-10T15:49:34.3791292+09:00,500.007891,500.300400,292.508,27721,27739,0.999889,0.877922,1,0,EyesOpened
20260810_154114_079,1,Unspecified,Blink,621,2026-08-10T15:49:35.7301292+09:00,2026-08-10T15:49:35.7991292+09:00,501.650904,501.720495,69.591,27820,27824,0.964069,0.801547,1,0,EyesOpened
20260810_154114_079,1,Unspecified,Blink,622,2026-08-10T15:49:36.0221292+09:00,2026-08-10T15:49:36.2861292+09:00,501.943255,502.207452,264.198,27838,27853,1.000000,0.941254,1,0,EyesOpened
20260810_154114_079,1,Unspecified,Blink,623,2026-08-10T15:49:37.8601292+09:00,2026-08-10T15:49:37.9851292+09:00,503.780746,503.906227,125.482,27948,27955,0.888564,0.526543,1,0,EyesOpened
20260810_154114_079,1,Unspecified,Blink,624,2026-08-10T15:49:38.3331292+09:00,2026-08-10T15:49:38.4861292+09:00,504.254044,504.407221,153.177,27976,27985,0.916535,0.652679,1,0,EyesOpened
20260810_154114_079,1,Unspecified,Blink,625,2026-08-10T15:49:38.6111292+09:00,2026-08-10T15:49:38.6951292+09:00,504.532464,504.616141,83.677,27993,27998,0.880854,0.439120,1,0,EyesOpened
20260810_154114_079,1,Unspecified,Blink,626,2026-08-10T15:49:39.5161292+09:00,2026-08-10T15:49:39.6281292+09:00,505.437308,505.548657,111.348,28047,28054,0.970576,0.855941,1,0,EyesOpened
20260810_154114_079,1,Unspecified,Blink,627,2026-08-10T15:49:39.8501292+09:00,2026-08-10T15:49:39.9341292+09:00,505.771413,505.854922,83.509,28067,28072,0.954131,0.550368,1,0,EyesOpened
20260810_154114_079,1,Unspecified,Blink,628,2026-08-10T15:49:40.0591292+09:00,2026-08-10T15:49:40.1711292+09:00,505.979996,506.091593,111.597,28080,28086,0.982810,0.797113,1,0,EyesOpened
20260810_154114_079,1,Unspecified,Blink,629,2026-08-10T15:49:40.4771292+09:00,2026-08-10T15:49:40.5741292+09:00,506.397965,506.495321,97.356,28105,28111,0.958664,0.592223,1,0,EyesOpened
20260810_154114_079,1,Unspecified,Blink,630,2026-08-10T15:49:41.0621292+09:00,2026-08-10T15:49:41.1591292+09:00,506.982639,507.080137,97.498,28140,28146,0.986607,0.719344,1,0,EyesOpened
20260810_154114_079,1,Unspecified,Blink,631,2026-08-10T15:49:41.8691292+09:00,2026-08-10T15:49:41.9391292+09:00,507.790114,507.859883,69.769,28188,28193,0.888318,0.727321,1,0,EyesOpened
20260810_154114_079,1,Unspecified,Blink,632,2026-08-10T15:49:42.6071292+09:00,2026-08-10T15:49:42.7321292+09:00,508.528343,508.653319,124.976,28233,28240,0.950925,0.636139,1,0,EyesOpened
20260810_154114_079,1,Unspecified,Blink,633,2026-08-10T15:49:42.9271292+09:00,2026-08-10T15:49:43.0111292+09:00,508.848395,508.932051,83.657,28252,28257,0.929951,0.429142,1,0,EyesOpened
20260810_154114_079,1,Unspecified,Blink,634,2026-08-10T15:49:43.7211292+09:00,2026-08-10T15:49:43.7771292+09:00,509.641815,509.697599,55.784,28299,28303,0.983064,0.733034,1,0,EyesOpened
20260810_154114_079,1,Unspecified,Blink,635,2026-08-10T15:49:44.3751292+09:00,2026-08-10T15:49:44.5001292+09:00,510.296107,510.421314,125.207,28339,28346,0.999341,0.769342,1,0,EyesOpened
20260810_154114_079,1,Unspecified,Blink,636,2026-08-10T15:49:45.4191292+09:00,2026-08-10T15:49:45.4471292+09:00,511.340478,511.368231,27.753,28401,28403,0.658332,0.473391,0,0,EyesOpened
20260810_154114_079,1,Unspecified,Blink,637,2026-08-10T15:49:45.5031292+09:00,2026-08-10T15:49:45.6281292+09:00,511.423780,511.549270,125.490,28406,28414,0.954289,0.607010,1,0,EyesOpened
20260810_154114_079,1,Unspecified,Blink,638,2026-08-10T15:49:45.8091292+09:00,2026-08-10T15:49:45.8931292+09:00,511.730300,511.813854,83.554,28425,28430,0.999369,0.846602,1,0,EyesOpened
20260810_154114_079,1,Unspecified,Blink,639,2026-08-10T15:49:46.2691292+09:00,2026-08-10T15:49:46.3521292+09:00,512.189719,512.273355,83.636,28452,28457,0.975846,0.554871,1,0,EyesOpened
20260810_154114_079,1,Unspecified,Blink,640,2026-08-10T15:49:46.6031292+09:00,2026-08-10T15:49:46.7001292+09:00,512.523601,512.621091,97.489,28472,28478,0.988593,0.738826,1,0,EyesOpened
20260810_154114_079,1,Unspecified,Blink,641,2026-08-10T15:49:47.1181292+09:00,2026-08-10T15:49:47.1741292+09:00,513.038964,513.094649,55.685,28503,28507,0.933321,0.782095,1,0,EyesOpened
20260810_154114_079,1,Unspecified,Blink,642,2026-08-10T15:49:47.7031292+09:00,2026-08-10T15:49:47.8001292+09:00,513.623725,513.720827,97.102,28538,28544,0.971726,0.784202,1,0,EyesOpened
20260810_154114_079,1,Unspecified,Blink,643,2026-08-10T15:49:48.3011292+09:00,2026-08-10T15:49:48.4261292+09:00,514.221894,514.347409,125.515,28574,28582,0.995724,0.634101,1,0,EyesOpened
20260810_154114_079,1,Unspecified,Blink,644,2026-08-10T15:49:49.4991292+09:00,2026-08-10T15:49:49.5961292+09:00,515.419547,515.516859,97.312,28646,28652,0.986474,0.708412,1,0,EyesOpened
20260810_154114_079,1,Unspecified,Blink,645,2026-08-10T15:49:49.8471292+09:00,2026-08-10T15:49:49.9441292+09:00,515.767756,515.865067,97.311,28667,28673,0.984120,0.682235,1,0,EyesOpened
20260810_154114_079,1,Unspecified,Blink,646,2026-08-10T15:49:50.8071292+09:00,2026-08-10T15:49:50.8911292+09:00,516.728270,516.811982,83.712,28725,28730,0.984004,0.840683,1,0,EyesOpened
20260810_154114_079,1,Unspecified,Blink,647,2026-08-10T15:49:51.5181292+09:00,2026-08-10T15:49:51.6011292+09:00,517.438507,517.521922,83.414,28767,28772,0.803937,0.598740,1,0,EyesOpened
20260810_154114_079,1,Unspecified,Blink,648,2026-08-10T15:49:51.9911292+09:00,2026-08-10T15:49:52.1161292+09:00,517.911874,518.036878,125.004,28796,28803,0.992935,0.667930,1,0,EyesOpened
20260810_154114_079,1,Unspecified,Blink,649,2026-08-10T15:49:52.3801292+09:00,2026-08-10T15:49:52.4921292+09:00,518.301446,518.413091,111.646,28819,28826,0.998975,0.672697,1,0,EyesOpened
20260810_154114_079,1,Unspecified,Blink,650,2026-08-10T15:49:53.7451292+09:00,2026-08-10T15:49:53.8841292+09:00,519.665903,519.804985,139.082,28901,28909,0.892733,0.573767,1,0,EyesOpened
20260810_154114_079,1,Unspecified,Blink,651,2026-08-10T15:49:54.5801292+09:00,2026-08-10T15:49:54.6641292+09:00,520.500905,520.584720,83.815,28951,28956,0.953604,0.757403,1,0,EyesOpened
20260810_154114_079,1,Unspecified,Blink,652,2026-08-10T15:49:55.6521292+09:00,2026-08-10T15:49:55.7361292+09:00,521.573068,521.656710,83.642,29015,29020,0.959879,0.647157,1,0,EyesOpened
20260810_154114_079,1,Unspecified,Blink,653,2026-08-10T15:49:56.2921292+09:00,2026-08-10T15:49:56.4321292+09:00,522.213355,522.352671,139.317,29054,29062,0.997682,0.891125,1,0,EyesOpened
20260810_154114_079,1,Unspecified,Blink,654,2026-08-10T15:49:56.7801292+09:00,2026-08-10T15:49:56.9191292+09:00,522.700783,522.840089,139.305,29083,29091,0.911205,0.645537,1,0,EyesOpened
20260810_154114_079,1,Unspecified,Blink,655,2026-08-10T15:49:57.5731292+09:00,2026-08-10T15:49:57.6431292+09:00,523.494489,523.563774,69.285,29131,29135,0.883473,0.718918,1,0,EyesOpened
20260810_154114_079,1,Unspecified,Blink,656,2026-08-10T15:49:57.9071292+09:00,2026-08-10T15:49:58.0601292+09:00,523.828400,523.981442,153.042,29151,29160,0.935499,0.817472,1,0,EyesOpened
20260810_154114_079,1,Unspecified,Blink,657,2026-08-10T15:49:58.2151292+09:00,2026-08-10T15:49:58.3111292+09:00,524.135840,524.232154,96.314,29169,29175,0.877936,0.656593,1,0,EyesOpened
20260810_154114_079,1,Unspecified,Blink,658,2026-08-10T15:49:58.5191292+09:00,2026-08-10T15:49:58.6171292+09:00,524.440390,524.537968,97.578,29187,29193,0.916947,0.569228,1,0,EyesOpened
20260810_154114_079,1,Unspecified,Blink,659,2026-08-10T15:49:59.6341292+09:00,2026-08-10T15:49:59.7451292+09:00,525.554582,525.665723,111.141,29254,29261,0.944946,0.692099,1,0,EyesOpened
20260810_154114_079,1,Unspecified,Blink,660,2026-08-10T15:50:01.1651292+09:00,2026-08-10T15:50:01.2491292+09:00,527.086296,527.169761,83.465,29346,29351,0.851592,0.520621,1,0,EyesOpened
20260810_154114_079,1,Unspecified,Blink,661,2026-08-10T15:50:03.5181292+09:00,2026-08-10T15:50:03.5881292+09:00,529.439122,529.508507,69.385,29487,29491,0.972166,0.626406,1,0,EyesOpened
20260810_154114_079,1,Unspecified,Blink,662,2026-08-10T15:50:03.8521292+09:00,2026-08-10T15:50:03.9361292+09:00,529.773041,529.856628,83.587,29507,29512,0.881610,0.721826,1,0,EyesOpened
20260810_154114_079,1,Unspecified,Blink,663,2026-08-10T15:50:04.1301292+09:00,2026-08-10T15:50:04.2001292+09:00,530.051442,530.120605,69.163,29524,29528,0.845302,0.625940,1,0,EyesOpened
20260810_154114_079,1,Unspecified,Blink,664,2026-08-10T15:50:04.8681292+09:00,2026-08-10T15:50:04.9651292+09:00,530.789195,530.886412,97.217,29568,29574,0.957845,0.721014,1,0,EyesOpened
20260810_154114_079,1,Unspecified,Blink,665,2026-08-10T15:50:05.4671292+09:00,2026-08-10T15:50:05.5781292+09:00,531.387959,531.499180,111.221,29604,29611,0.994106,0.605553,1,0,EyesOpened
20260810_154114_079,1,Unspecified,Blink,666,2026-08-10T15:50:06.6921292+09:00,2026-08-10T15:50:06.8181292+09:00,532.613062,532.738554,125.492,29678,29685,0.982545,0.826574,1,0,EyesOpened
20260810_154114_079,1,Unspecified,Blink,667,2026-08-10T15:50:07.3181292+09:00,2026-08-10T15:50:07.3601292+09:00,533.239222,533.280815,41.592,29715,29718,0.911791,0.468297,0,0,EyesOpened
20260810_154114_079,1,Unspecified,Blink,668,2026-08-10T15:50:07.7781292+09:00,2026-08-10T15:50:07.8611292+09:00,533.698832,533.782084,83.252,29743,29748,0.991185,0.654412,1,0,EyesOpened
20260810_154114_079,1,Unspecified,Blink,669,2026-08-10T15:50:08.2511292+09:00,2026-08-10T15:50:08.5161292+09:00,534.172422,534.436956,264.534,29771,29787,0.998889,0.709493,1,0,EyesOpened
20260810_154114_079,1,Unspecified,Blink,670,2026-08-10T15:50:09.6161292+09:00,2026-08-10T15:50:09.7001292+09:00,535.537102,535.620556,83.454,29853,29858,0.723192,0.620880,1,0,EyesOpened
20260810_154114_079,1,Unspecified,Blink,671,2026-08-10T15:50:10.2291292+09:00,2026-08-10T15:50:10.3121292+09:00,536.149644,536.233222,83.578,29890,29895,0.944203,0.800678,1,0,EyesOpened
20260810_154114_079,1,Unspecified,Blink,672,2026-08-10T15:50:10.7441292+09:00,2026-08-10T15:50:10.8411292+09:00,536.664851,536.762095,97.245,29921,29927,0.963742,0.740986,1,0,EyesOpened
20260810_154114_079,1,Unspecified,Blink,673,2026-08-10T15:50:11.5231292+09:00,2026-08-10T15:50:11.6491292+09:00,537.444467,537.569814,125.347,29968,29975,0.993674,0.676264,1,0,EyesOpened
20260810_154114_079,1,Unspecified,Blink,674,2026-08-10T15:50:12.2201292+09:00,2026-08-10T15:50:12.4281292+09:00,538.140695,538.349480,208.785,30009,30022,0.999955,0.740855,1,0,EyesOpened
20260810_154114_079,1,Unspecified,Blink,675,2026-08-10T15:50:12.8181292+09:00,2026-08-10T15:50:12.9021292+09:00,538.739316,538.822702,83.386,30045,30050,0.949636,0.664845,1,0,EyesOpened
20260810_154114_079,1,Unspecified,Blink,676,2026-08-10T15:50:13.6681292+09:00,2026-08-10T15:50:13.8491292+09:00,539.588954,539.769829,180.876,30096,30107,0.979519,0.806474,1,0,EyesOpened
20260810_154114_079,1,Unspecified,Blink,677,2026-08-10T15:50:14.3501292+09:00,2026-08-10T15:50:14.4481292+09:00,540.271187,540.368669,97.482,30137,30143,0.984921,0.755223,1,0,EyesOpened
20260810_154114_079,1,Unspecified,Blink,678,2026-08-10T15:50:14.6981292+09:00,2026-08-10T15:50:14.7681292+09:00,540.619212,540.688837,69.625,30158,30162,0.696068,0.327600,1,0,EyesOpened
20260810_154114_079,1,Unspecified,Blink,679,2026-08-10T15:50:15.7421292+09:00,2026-08-10T15:50:15.8811292+09:00,541.662742,541.802065,139.324,30221,30229,0.999476,0.873377,1,0,EyesOpened
20260810_154114_079,1,Unspecified,Blink,680,2026-08-10T15:50:16.5651292+09:00,2026-08-10T15:50:16.6191292+09:00,542.485835,542.540350,54.515,30270,30273,0.983372,0.766579,1,0,EyesOpened
20260810_154114_079,1,Unspecified,Blink,681,2026-08-10T15:50:17.5101292+09:00,2026-08-10T15:50:17.6071292+09:00,543.430877,543.528183,97.306,30327,30333,0.983916,0.610551,1,0,EyesOpened
20260810_154114_079,1,Unspecified,Blink,682,2026-08-10T15:50:18.8321292+09:00,2026-08-10T15:50:18.9301292+09:00,544.753409,544.850935,97.526,30406,30412,0.982091,0.722126,1,0,EyesOpened
20260810_154114_079,1,Unspecified,Blink,683,2026-08-10T15:50:19.5011292+09:00,2026-08-10T15:50:19.5841292+09:00,545.421602,545.505162,83.561,30446,30451,0.994386,0.846857,1,0,EyesOpened
20260810_154114_079,1,Unspecified,Blink,684,2026-08-10T15:50:19.7651292+09:00,2026-08-10T15:50:19.8631292+09:00,545.686190,545.783535,97.345,30462,30468,0.975769,0.721675,1,0,EyesOpened
20260810_154114_079,1,Unspecified,Blink,685,2026-08-10T15:50:20.0991292+09:00,2026-08-10T15:50:20.2241292+09:00,546.020383,546.145377,124.994,30482,30490,0.959471,0.528882,1,0,EyesOpened
20260810_154114_079,1,Unspecified,Blink,686,2026-08-10T15:50:21.6171292+09:00,2026-08-10T15:50:21.7141292+09:00,547.537702,547.635087,97.385,30573,30579,0.970097,0.794262,1,0,EyesOpened
20260810_154114_079,1,Unspecified,Blink,687,2026-08-10T15:50:21.8531292+09:00,2026-08-10T15:50:21.9931292+09:00,547.774383,547.913677,139.294,30587,30596,0.998970,0.623611,1,0,EyesOpened
20260810_154114_079,1,Unspecified,Blink,688,2026-08-10T15:50:22.3271292+09:00,2026-08-10T15:50:22.4661292+09:00,548.247689,548.386646,138.957,30616,30624,0.996885,0.742199,1,0,EyesOpened
20260810_154114_079,1,Unspecified,Blink,689,2026-08-10T15:50:24.1091292+09:00,2026-08-10T15:50:24.2201292+09:00,550.029841,550.141082,111.241,30723,30729,0.965079,0.744221,1,0,EyesOpened
20260810_154114_079,1,Unspecified,Blink,690,2026-08-10T15:50:24.8751292+09:00,2026-08-10T15:50:24.9861292+09:00,550.795521,550.906848,111.327,30769,30775,0.999526,0.764204,1,0,EyesOpened
20260810_154114_079,1,Unspecified,Blink,691,2026-08-10T15:50:25.7241292+09:00,2026-08-10T15:50:25.7931292+09:00,551.644552,551.714356,69.804,30820,30824,0.920071,0.696570,1,0,EyesOpened
20260810_154114_079,1,Unspecified,Blink,692,2026-08-10T15:50:26.0301292+09:00,2026-08-10T15:50:26.2671292+09:00,551.951103,552.187754,236.652,30838,30852,1.000000,0.926415,1,0,EyesOpened
20260810_154114_079,1,Unspecified,Blink,693,2026-08-10T15:50:26.6011292+09:00,2026-08-10T15:50:26.7121292+09:00,552.521747,552.633309,111.562,30872,30879,0.986359,0.801177,1,0,EyesOpened
20260810_154114_079,1,Unspecified,Blink,694,2026-08-10T15:50:27.5621292+09:00,2026-08-10T15:50:27.7981292+09:00,553.482778,553.719448,236.669,30930,30944,0.999166,0.906573,1,0,EyesOpened
20260810_154114_079,1,Unspecified,Blink,695,2026-08-10T15:50:27.9791292+09:00,2026-08-10T15:50:28.1331292+09:00,553.900280,554.053660,153.380,30955,30964,0.886559,0.528544,1,0,EyesOpened
20260810_154114_079,1,Unspecified,Blink,696,2026-08-10T15:50:28.3691292+09:00,2026-08-10T15:50:28.4951292+09:00,554.290389,554.415749,125.360,30978,30986,0.973469,0.626518,1,0,EyesOpened
20260810_154114_079,1,Unspecified,Blink,697,2026-08-10T15:50:28.9541292+09:00,2026-08-10T15:50:29.0651292+09:00,554.875016,554.986434,111.418,31013,31020,0.989294,0.700597,1,0,EyesOpened
20260810_154114_079,1,Unspecified,Blink,698,2026-08-10T15:50:29.5531292+09:00,2026-08-10T15:50:29.6641292+09:00,555.473810,555.585220,111.410,31049,31056,0.939709,0.772663,1,0,EyesOpened
20260810_154114_079,1,Unspecified,Blink,699,2026-08-10T15:50:29.9701292+09:00,2026-08-10T15:50:30.0961292+09:00,555.891488,556.016800,125.312,31074,31082,0.963685,0.754900,1,0,EyesOpened
20260810_154114_079,1,Unspecified,Blink,700,2026-08-10T15:50:31.7941292+09:00,2026-08-10T15:50:31.8501292+09:00,557.715334,557.771041,55.707,31184,31187,0.856423,0.680560,1,0,EyesOpened
20260810_154114_079,1,Unspecified,Blink,701,2026-08-10T15:50:32.1981292+09:00,2026-08-10T15:50:32.3091292+09:00,558.118986,558.230300,111.315,31208,31215,0.932716,0.753295,1,0,EyesOpened
20260810_154114_079,1,Unspecified,Blink,702,2026-08-10T15:50:32.4761292+09:00,2026-08-10T15:50:32.5601292+09:00,558.397281,558.480828,83.547,31225,31230,0.942022,0.784476,1,0,EyesOpened
20260810_154114_079,1,Unspecified,Blink,703,2026-08-10T15:50:33.5481292+09:00,2026-08-10T15:50:33.8691292+09:00,559.469225,559.789647,320.422,31289,31308,0.989768,0.857501,1,0,EyesOpened
20260810_154114_079,1,Unspecified,Blink,704,2026-08-10T15:50:34.1331292+09:00,2026-08-10T15:50:34.2441292+09:00,560.053634,560.164868,111.233,31324,31331,0.982518,0.700449,1,0,EyesOpened
20260810_154114_079,1,Unspecified,Blink,705,2026-08-10T15:50:34.4111292+09:00,2026-08-10T15:50:34.5231292+09:00,560.332137,560.443686,111.549,31341,31348,0.956362,0.639724,1,0,EyesOpened
20260810_154114_079,1,Unspecified,Blink,706,2026-08-10T15:50:34.9541292+09:00,2026-08-10T15:50:35.0091292+09:00,560.875194,560.930497,55.303,31374,31377,0.913840,0.490966,1,0,EyesOpened
20260810_154114_079,1,Unspecified,Blink,707,2026-08-10T15:50:35.5801292+09:00,2026-08-10T15:50:35.6921292+09:00,561.501335,561.612889,111.555,31411,31418,0.940191,0.487103,1,0,EyesOpened
20260810_154114_079,1,Unspecified,Blink,708,2026-08-10T15:50:35.9981292+09:00,2026-08-10T15:50:36.0961292+09:00,561.919262,562.016649,97.387,31436,31442,0.906481,0.549602,1,0,EyesOpened
20260810_154114_079,1,Unspecified,Blink,709,2026-08-10T15:50:36.3321292+09:00,2026-08-10T15:50:36.4161292+09:00,562.253330,562.337041,83.711,31456,31461,0.912041,0.665042,1,0,EyesOpened
20260810_154114_079,1,Unspecified,Blink,710,2026-08-10T15:50:36.8201292+09:00,2026-08-10T15:50:36.9311292+09:00,562.740694,562.851940,111.246,31485,31492,0.985878,0.639519,1,0,EyesOpened
20260810_154114_079,1,Unspecified,Blink,711,2026-08-10T15:50:37.1681292+09:00,2026-08-10T15:50:37.2791292+09:00,563.088907,563.200085,111.178,31506,31513,0.996014,0.829469,1,0,EyesOpened
20260810_154114_079,1,Unspecified,Blink,712,2026-08-10T15:50:37.8361292+09:00,2026-08-10T15:50:37.9331292+09:00,563.757115,563.854489,97.374,31546,31552,0.929598,0.701461,1,0,EyesOpened
20260810_154114_079,1,Unspecified,Blink,713,2026-08-10T15:50:38.4211292+09:00,2026-08-10T15:50:38.5181292+09:00,564.341564,564.439103,97.538,31581,31587,0.974556,0.713046,1,0,EyesOpened
20260810_154114_079,1,Unspecified,Blink,714,2026-08-10T15:50:38.8521292+09:00,2026-08-10T15:50:38.9361292+09:00,564.773182,564.856722,83.540,31607,31612,0.906839,0.594003,1,0,EyesOpened
20260810_154114_079,1,Unspecified,Blink,715,2026-08-10T15:50:39.4931292+09:00,2026-08-10T15:50:39.6601292+09:00,565.413629,565.580629,167.000,31646,31656,0.989504,0.860539,1,0,EyesOpened
20260810_154114_079,1,Unspecified,Blink,716,2026-08-10T15:50:39.9241292+09:00,2026-08-10T15:50:39.9941292+09:00,565.845305,565.915005,69.700,31672,31676,0.915582,0.529725,1,0,EyesOpened
20260810_154114_079,1,Unspecified,Blink,717,2026-08-10T15:50:40.3981292+09:00,2026-08-10T15:50:40.4671292+09:00,566.318615,566.388140,69.525,31700,31704,0.939415,0.754743,1,0,EyesOpened
20260810_154114_079,1,Unspecified,Blink,718,2026-08-10T15:50:41.5951292+09:00,2026-08-10T15:50:41.6651292+09:00,567.516312,567.585878,69.566,31772,31776,0.928567,0.702621,1,0,EyesOpened
20260810_154114_079,1,Unspecified,Blink,719,2026-08-10T15:50:41.9431292+09:00,2026-08-10T15:50:42.0691292+09:00,567.864198,567.989753,125.555,31793,31800,0.965014,0.723687,1,0,EyesOpened
20260810_154114_079,1,Unspecified,Blink,720,2026-08-10T15:50:42.2501292+09:00,2026-08-10T15:50:42.5001292+09:00,568.170704,568.421192,250.488,31811,31826,0.994338,0.894630,1,0,EyesOpened
20260810_154114_079,1,Unspecified,Blink,721,2026-08-10T15:50:43.7121292+09:00,2026-08-10T15:50:43.8641292+09:00,569.632637,569.785349,152.712,31899,31908,0.971750,0.710224,1,0,EyesOpened
20260810_154114_079,1,Unspecified,Blink,722,2026-08-10T15:50:44.4351292+09:00,2026-08-10T15:50:44.5611292+09:00,570.356307,570.481511,125.204,31942,31950,0.966287,0.608727,1,0,EyesOpened
20260810_154114_079,1,Unspecified,Blink,723,2026-08-10T15:50:45.0481292+09:00,2026-08-10T15:50:45.1311292+09:00,570.968690,571.052332,83.642,31979,31984,0.766185,0.642269,1,0,EyesOpened
20260810_154114_079,1,Unspecified,Blink,724,2026-08-10T15:50:45.6051292+09:00,2026-08-10T15:50:45.6741292+09:00,571.525754,571.595255,69.501,32013,32017,0.896330,0.420809,1,0,EyesOpened
20260810_154114_079,1,Unspecified,Blink,725,2026-08-10T15:50:45.8831292+09:00,2026-08-10T15:50:45.9941292+09:00,571.803891,571.915393,111.502,32029,32036,0.953841,0.669638,1,0,EyesOpened
20260810_154114_079,1,Unspecified,Blink,726,2026-08-10T15:50:46.3001292+09:00,2026-08-10T15:50:46.3841292+09:00,572.221500,572.305040,83.540,32054,32059,0.918761,0.641975,1,0,EyesOpened
20260810_154114_079,1,Unspecified,Blink,727,2026-08-10T15:50:48.0971292+09:00,2026-08-10T15:50:48.2361292+09:00,574.018169,574.157346,139.176,32162,32170,0.973332,0.605368,1,0,EyesOpened
20260810_154114_079,1,Unspecified,Blink,728,2026-08-10T15:50:48.6961292+09:00,2026-08-10T15:50:48.8211292+09:00,574.616689,574.742044,125.355,32198,32205,0.983092,0.838736,1,0,EyesOpened
20260810_154114_079,1,Unspecified,Blink,729,2026-08-10T15:50:49.5591292+09:00,2026-08-10T15:50:49.6701292+09:00,575.479669,575.590938,111.270,32250,32256,0.972069,0.833802,1,0,EyesOpened
20260810_154114_079,1,Unspecified,Blink,730,2026-08-10T15:50:49.9491292+09:00,2026-08-10T15:50:50.2131292+09:00,575.869512,576.133954,264.442,32273,32289,0.990168,0.891849,1,0,EyesOpened
20260810_154114_079,1,Unspecified,Blink,731,2026-08-10T15:50:51.7031292+09:00,2026-08-10T15:50:51.9111292+09:00,577.623693,577.832251,208.558,32378,32391,0.997194,0.885822,1,0,EyesOpened
20260810_154114_079,1,Unspecified,Blink,732,2026-08-10T15:50:52.0921292+09:00,2026-08-10T15:50:52.1621292+09:00,578.013117,578.082796,69.678,32402,32406,0.950091,0.637968,1,0,EyesOpened
20260810_154114_079,1,Unspecified,Blink,733,2026-08-10T15:50:53.6651292+09:00,2026-08-10T15:50:53.7351292+09:00,579.586344,579.656107,69.763,32496,32500,0.833191,0.446462,1,0,EyesOpened
20260810_154114_079,1,Unspecified,Blink,734,2026-08-10T15:50:56.0321292+09:00,2026-08-10T15:50:56.2691292+09:00,581.953331,582.190077,236.746,32638,32652,0.977219,0.731676,1,0,EyesOpened
20260810_154114_079,1,Unspecified,Blink,735,2026-08-10T15:50:56.7841292+09:00,2026-08-10T15:50:56.8261292+09:00,582.704983,582.746694,41.710,32683,32686,0.923240,0.575021,0,0,EyesOpened
20260810_154114_079,1,Unspecified,Blink,736,2026-08-10T15:50:57.4941292+09:00,2026-08-10T15:50:57.6331292+09:00,583.414668,583.553995,139.327,32726,32734,0.975547,0.667194,1,0,EyesOpened
20260810_154114_079,1,Unspecified,Blink,737,2026-08-10T15:50:57.8701292+09:00,2026-08-10T15:50:57.9811292+09:00,583.790717,583.902015,111.297,32748,32755,0.984503,0.656352,1,0,EyesOpened
20260810_154114_079,1,Unspecified,Blink,738,2026-08-10T15:50:58.3011292+09:00,2026-08-10T15:50:58.3991292+09:00,584.222168,584.319617,97.449,32774,32780,0.953158,0.603075,1,0,EyesOpened
20260810_154114_079,1,Unspecified,Blink,739,2026-08-10T15:50:58.6081292+09:00,2026-08-10T15:50:58.6631292+09:00,584.528843,584.584265,55.422,32793,32796,0.872934,0.623681,1,0,EyesOpened
20260810_154114_079,1,Unspecified,Blink,740,2026-08-10T15:50:58.9421292+09:00,2026-08-10T15:50:59.0121292+09:00,584.862944,584.932531,69.587,32813,32817,0.616782,0.343811,1,0,EyesOpened
20260810_154114_079,1,Unspecified,Blink,741,2026-08-10T15:50:59.7081292+09:00,2026-08-10T15:50:59.8191292+09:00,585.628671,585.740130,111.459,32859,32865,0.963172,0.812678,1,0,EyesOpened
20260810_154114_079,1,Unspecified,Blink,742,2026-08-10T15:51:00.0971292+09:00,2026-08-10T15:51:00.2781292+09:00,586.018297,586.199238,180.941,32882,32893,0.989112,0.826012,1,0,EyesOpened
20260810_154114_079,1,Unspecified,Blink,743,2026-08-10T15:51:01.9631292+09:00,2026-08-10T15:51:02.0331292+09:00,587.884039,587.953873,69.834,32994,32998,0.893901,0.618620,1,0,EyesOpened
20260810_154114_079,1,Unspecified,Blink,744,2026-08-10T15:51:02.2141292+09:00,2026-08-10T15:51:02.3131292+09:00,588.134680,588.233516,98.836,33009,33015,0.947618,0.525045,1,0,EyesOpened
20260810_154114_079,1,Unspecified,Blink,745,2026-08-10T15:51:02.7001292+09:00,2026-08-10T15:51:02.7701292+09:00,588.621488,588.691286,69.799,33038,33042,0.971215,0.642899,1,0,EyesOpened
20260810_154114_079,1,Unspecified,Blink,746,2026-08-10T15:51:03.8001292+09:00,2026-08-10T15:51:03.8281292+09:00,589.721479,589.749494,28.015,33104,33106,0.582321,0.426013,0,0,EyesOpened
20260810_154114_079,1,Unspecified,Blink,747,2026-08-10T15:51:04.1351292+09:00,2026-08-10T15:51:04.2321292+09:00,590.055831,590.153465,97.634,33124,33130,0.955411,0.540368,1,0,EyesOpened
20260810_154114_079,1,Unspecified,Blink,748,2026-08-10T15:51:05.5691292+09:00,2026-08-10T15:51:05.6941292+09:00,591.490110,591.615360,125.250,33210,33218,0.980809,0.785969,1,0,EyesOpened
20260810_154114_079,1,Unspecified,Blink,749,2026-08-10T15:51:07.7691292+09:00,2026-08-10T15:51:07.8521292+09:00,593.689891,593.773491,83.600,33342,33347,0.891353,0.615814,1,0,EyesOpened
20260810_154114_079,1,Unspecified,Blink,750,2026-08-10T15:51:08.1311292+09:00,2026-08-10T15:51:08.2001292+09:00,594.051921,594.121297,69.376,33364,33368,0.943232,0.713522,1,0,EyesOpened
20260810_154114_079,1,Unspecified,Blink,751,2026-08-10T15:51:08.4371292+09:00,2026-08-10T15:51:08.5491292+09:00,594.358449,594.469576,111.127,33382,33389,0.887174,0.545703,1,0,EyesOpened
20260810_154114_079,1,Unspecified,Blink,752,2026-08-10T15:51:08.7851292+09:00,2026-08-10T15:51:08.8691292+09:00,594.706407,594.789803,83.395,33403,33408,0.936099,0.616667,1,0,EyesOpened
20260810_154114_079,1,Unspecified,Blink,753,2026-08-10T15:51:09.6481292+09:00,2026-08-10T15:51:09.7321292+09:00,595.569409,595.652783,83.373,33455,33460,0.951476,0.596654,1,0,EyesOpened
20260810_154114_079,1,Unspecified,Blink,754,2026-08-10T15:51:09.9411292+09:00,2026-08-10T15:51:10.0521292+09:00,595.861546,595.973143,111.598,33473,33479,0.930844,0.664394,1,0,EyesOpened
20260810_154114_079,1,Unspecified,Blink,755,2026-08-10T15:51:10.1221292+09:00,2026-08-10T15:51:10.2471292+09:00,596.042817,596.168075,125.258,33484,33491,0.990040,0.858410,1,0,EyesOpened
20260810_154114_079,1,Unspecified,Blink,756,2026-08-10T15:51:10.6511292+09:00,2026-08-10T15:51:10.7201292+09:00,596.571614,596.641219,69.605,33515,33519,0.947479,0.609916,1,0,EyesOpened
20260810_154114_079,1,Unspecified,Blink,757,2026-08-10T15:51:11.6531292+09:00,2026-08-10T15:51:11.7781292+09:00,597.574184,597.699157,124.973,33575,33583,0.997125,0.737995,1,0,EyesOpened
20260810_154114_079,1,Unspecified,Blink,758,2026-08-10T15:51:12.6691292+09:00,2026-08-10T15:51:12.7671292+09:00,598.590364,598.687943,97.579,33636,33642,0.962869,0.710790,1,0,EyesOpened
20260810_154114_079,1,Unspecified,Blink,759,2026-08-10T15:51:13.2541292+09:00,2026-08-10T15:51:13.4351292+09:00,599.175122,599.356155,181.033,33671,33682,0.992850,0.564753,1,0,EyesOpened
20260810_154114_079,1,Unspecified,Blink,760,2026-08-10T15:51:14.1311292+09:00,2026-08-10T15:51:14.2421292+09:00,600.052212,600.163481,111.269,33724,33731,0.979576,0.867827,1,0,EyesOpened
20260810_154114_079,1,Unspecified,Blink,761,2026-08-10T15:51:14.7441292+09:00,2026-08-10T15:51:14.8691292+09:00,600.664631,600.790008,125.377,33761,33768,0.997265,0.844585,1,0,EyesOpened
20260810_154114_079,1,Unspecified,Blink,762,2026-08-10T15:51:15.6491292+09:00,2026-08-10T15:51:15.8021292+09:00,601.569895,601.723093,153.198,33815,33824,0.986158,0.833754,1,0,EyesOpened
20260810_154114_079,1,Unspecified,Blink,763,2026-08-10T15:51:15.9971292+09:00,2026-08-10T15:51:16.0801292+09:00,601.917782,602.001221,83.439,33836,33841,0.996868,0.777510,1,0,EyesOpened
20260810_154114_079,1,Unspecified,Blink,764,2026-08-10T15:51:17.5701292+09:00,2026-08-10T15:51:17.6671292+09:00,603.490869,603.588035,97.166,33930,33936,0.970251,0.735968,1,0,EyesOpened
20260810_154114_079,1,Unspecified,Blink,765,2026-08-10T15:51:17.8621292+09:00,2026-08-10T15:51:17.9321292+09:00,603.782998,603.852801,69.803,33948,33952,0.944382,0.746348,1,0,EyesOpened
20260810_154114_079,1,Unspecified,Blink,766,2026-08-10T15:51:18.1411292+09:00,2026-08-10T15:51:18.2801292+09:00,604.061529,604.200933,139.404,33965,33973,0.981096,0.681565,1,0,EyesOpened
20260810_154114_079,1,Unspecified,Blink,767,2026-08-10T15:51:18.5031292+09:00,2026-08-10T15:51:18.5861292+09:00,604.423561,604.507270,83.709,33986,33991,0.922787,0.678131,1,0,EyesOpened
20260810_154114_079,1,Unspecified,Blink,768,2026-08-10T15:51:19.3241292+09:00,2026-08-10T15:51:19.4081292+09:00,605.245273,605.328804,83.531,34036,34041,0.895575,0.684806,1,0,EyesOpened
20260810_154114_079,1,Unspecified,Blink,769,2026-08-10T15:51:21.0781292+09:00,2026-08-10T15:51:21.1341292+09:00,606.998900,607.054797,55.897,34141,34144,0.943566,0.665266,1,0,EyesOpened
20260810_154114_079,1,Unspecified,Blink,770,2026-08-10T15:51:21.5511292+09:00,2026-08-10T15:51:21.6491292+09:00,607.472498,607.570009,97.511,34169,34175,0.904062,0.730610,1,0,EyesOpened
20260810_154114_079,1,Unspecified,Blink,771,2026-08-10T15:51:21.8021292+09:00,2026-08-10T15:51:21.8581292+09:00,607.723002,607.778615,55.613,34184,34188,0.949691,0.629376,1,0,EyesOpened
20260810_154114_079,1,Unspecified,Blink,772,2026-08-10T15:51:22.1361292+09:00,2026-08-10T15:51:22.2611292+09:00,608.057394,608.182430,125.037,34204,34212,0.949294,0.744315,1,0,EyesOpened
20260810_154114_079,1,Unspecified,Blink,773,2026-08-10T15:51:22.5261292+09:00,2026-08-10T15:51:22.6101292+09:00,608.447227,608.530782,83.555,34228,34233,0.973026,0.658036,1,0,EyesOpened
20260810_154114_079,1,Unspecified,Blink,774,2026-08-10T15:51:23.0551292+09:00,2026-08-10T15:51:23.1531292+09:00,608.976299,609.073786,97.487,34260,34265,0.959841,0.721466,1,0,EyesOpened
20260810_154114_079,1,Unspecified,Blink,775,2026-08-10T15:51:23.9601292+09:00,2026-08-10T15:51:24.0571292+09:00,609.880971,609.978429,97.459,34314,34320,0.962473,0.670125,1,0,EyesOpened
20260810_154114_079,1,Unspecified,Blink,776,2026-08-10T15:51:24.2251292+09:00,2026-08-10T15:51:24.3641292+09:00,610.145577,610.284963,139.386,34330,34338,0.964174,0.635725,1,0,EyesOpened
20260810_154114_079,1,Unspecified,Blink,777,2026-08-10T15:51:24.5451292+09:00,2026-08-10T15:51:24.6281292+09:00,610.465734,610.549407,83.673,34349,34354,0.988466,0.783908,1,0,EyesOpened
20260810_154114_079,1,Unspecified,Blink,778,2026-08-10T15:51:25.0181292+09:00,2026-08-10T15:51:25.1161292+09:00,610.939242,611.036590,97.349,34377,34383,0.970626,0.805363,1,0,EyesOpened
20260810_154114_079,1,Unspecified,Blink,779,2026-08-10T15:51:25.6311292+09:00,2026-08-10T15:51:25.7141292+09:00,611.551789,611.635335,83.547,34414,34419,0.978051,0.760139,1,0,EyesOpened
20260810_154114_079,1,Unspecified,Blink,780,2026-08-10T15:51:26.0351292+09:00,2026-08-10T15:51:26.3691292+09:00,611.955660,612.289795,334.135,34438,34458,0.999636,0.805206,1,0,EyesOpened
20260810_154114_079,1,Unspecified,Blink,781,2026-08-10T15:51:27.7191292+09:00,2026-08-10T15:51:27.8451292+09:00,613.640451,613.765546,125.095,34539,34547,0.986741,0.672943,1,0,EyesOpened
20260810_154114_079,1,Unspecified,Blink,782,2026-08-10T15:51:28.0811292+09:00,2026-08-10T15:51:28.1651292+09:00,614.002210,614.085665,83.455,34561,34566,0.973279,0.831169,1,0,EyesOpened
20260810_154114_079,1,Unspecified,Blink,783,2026-08-10T15:51:30.0301292+09:00,2026-08-10T15:51:30.1141292+09:00,615.951206,616.034731,83.525,34678,34683,0.863496,0.646107,1,0,EyesOpened
20260810_154114_079,1,Unspecified,Blink,784,2026-08-10T15:51:31.6171292+09:00,2026-08-10T15:51:31.6871292+09:00,617.538008,617.607613,69.605,34773,34777,0.954027,0.583478,1,0,EyesOpened
20260810_154114_079,1,Unspecified,Blink,785,2026-08-10T15:51:31.9241292+09:00,2026-08-10T15:51:31.9931292+09:00,617.844583,617.913977,69.394,34792,34796,0.949150,0.650560,1,0,EyesOpened
20260810_154114_079,1,Unspecified,Blink,786,2026-08-10T15:51:32.2441292+09:00,2026-08-10T15:51:32.3551292+09:00,618.164649,618.276160,111.511,34811,34818,0.921285,0.570049,1,0,EyesOpened
20260810_154114_079,1,Unspecified,Blink,787,2026-08-10T15:51:32.7311292+09:00,2026-08-10T15:51:32.8011292+09:00,618.652349,618.721593,69.243,34840,34844,0.917666,0.663357,1,0,EyesOpened
20260810_154114_079,1,Unspecified,Blink,788,2026-08-10T15:51:33.5811292+09:00,2026-08-10T15:51:33.7201292+09:00,619.501525,619.640631,139.106,34891,34899,0.973331,0.648330,1,0,EyesOpened
20260810_154114_079,1,Unspecified,Blink,789,2026-08-10T15:51:33.8451292+09:00,2026-08-10T15:51:33.9421292+09:00,619.765848,619.863363,97.514,34907,34913,0.962677,0.769545,1,0,EyesOpened
20260810_154114_079,1,Unspecified,Blink,790,2026-08-10T15:51:34.1651292+09:00,2026-08-10T15:51:34.2771292+09:00,620.086216,620.197579,111.363,34926,34933,0.965549,0.666896,1,0,EyesOpened
20260810_154114_079,1,Unspecified,Blink,791,2026-08-10T15:51:34.4441292+09:00,2026-08-10T15:51:34.5831292+09:00,620.364803,620.503910,139.107,34943,34951,0.979049,0.701926,1,0,EyesOpened
20260810_154114_079,1,Unspecified,Blink,792,2026-08-10T15:51:34.8611292+09:00,2026-08-10T15:51:34.9871292+09:00,620.782358,620.907772,125.413,34968,34975,0.963803,0.660394,1,0,EyesOpened
20260810_154114_079,1,Unspecified,Blink,793,2026-08-10T15:51:35.8921292+09:00,2026-08-10T15:51:35.9751292+09:00,621.812702,621.896212,83.510,35030,35035,0.912382,0.536970,1,0,EyesOpened
20260810_154114_079,1,Unspecified,Blink,794,2026-08-10T15:51:36.1981292+09:00,2026-08-10T15:51:36.2951292+09:00,622.118632,622.216283,97.650,35048,35054,0.959141,0.785735,1,0,EyesOpened
20260810_154114_079,1,Unspecified,Blink,795,2026-08-10T15:51:36.6571292+09:00,2026-08-10T15:51:36.7681292+09:00,622.578174,622.689497,111.323,35076,35082,0.899791,0.571907,1,0,EyesOpened
20260810_154114_079,1,Unspecified,Blink,796,2026-08-10T15:51:37.8691292+09:00,2026-08-10T15:51:37.9521292+09:00,623.789527,623.873085,83.557,35148,35153,0.925215,0.589862,1,0,EyesOpened
20260810_154114_079,1,Unspecified,Blink,797,2026-08-10T15:51:38.1471292+09:00,2026-08-10T15:51:38.2721292+09:00,624.068033,624.193329,125.296,35165,35173,0.973064,0.524811,1,0,EyesOpened
20260810_154114_079,1,Unspecified,Blink,798,2026-08-10T15:51:38.4671292+09:00,2026-08-10T15:51:38.5781292+09:00,624.388097,624.499281,111.184,35184,35191,0.974623,0.582024,1,0,EyesOpened
20260810_154114_079,1,Unspecified,Blink,799,2026-08-10T15:51:39.4971292+09:00,2026-08-10T15:51:39.6091292+09:00,625.418241,625.529789,111.548,35246,35253,0.968078,0.735884,1,0,EyesOpened
20260810_154114_079,1,Unspecified,Blink,800,2026-08-10T15:51:39.7761292+09:00,2026-08-10T15:51:39.9151292+09:00,625.696828,625.835924,139.096,35263,35271,0.955709,0.745390,1,0,EyesOpened
20260810_154114_079,1,Unspecified,Blink,801,2026-08-10T15:51:40.1381292+09:00,2026-08-10T15:51:40.2491292+09:00,626.058849,626.170193,111.344,35285,35291,0.940377,0.564813,1,0,EyesOpened
20260810_154114_079,1,Unspecified,Blink,802,2026-08-10T15:51:40.6531292+09:00,2026-08-10T15:51:40.8201292+09:00,626.573879,626.740701,166.822,35315,35325,0.989939,0.741626,1,0,EyesOpened
20260810_154114_079,1,Unspecified,Blink,803,2026-08-10T15:51:41.8641292+09:00,2026-08-10T15:51:42.0171292+09:00,627.784961,627.937987,153.026,35388,35397,0.959913,0.625076,1,0,EyesOpened
20260810_154114_079,1,Unspecified,Blink,804,2026-08-10T15:51:42.1701292+09:00,2026-08-10T15:51:42.2681292+09:00,628.091364,628.188862,97.498,35406,35412,0.945132,0.688627,1,0,EyesOpened
20260810_154114_079,1,Unspecified,Blink,805,2026-08-10T15:51:42.6301292+09:00,2026-08-10T15:51:42.7691292+09:00,628.550904,628.690001,139.097,35434,35442,0.979107,0.605341,1,0,EyesOpened
20260810_154114_079,1,Unspecified,Blink,806,2026-08-10T15:51:43.7021292+09:00,2026-08-10T15:51:43.7991292+09:00,629.622713,629.720279,97.565,35498,35504,0.988407,0.780436,1,0,EyesOpened
20260810_154114_079,1,Unspecified,Blink,807,2026-08-10T15:51:43.9941292+09:00,2026-08-10T15:51:44.1191292+09:00,629.915160,630.040336,125.176,35516,35523,0.948596,0.642447,1,0,EyesOpened
20260810_154114_079,1,Unspecified,Blink,808,2026-08-10T15:51:44.3281292+09:00,2026-08-10T15:51:44.4121292+09:00,630.249273,630.332751,83.479,35536,35541,0.935625,0.684196,1,0,EyesOpened
20260810_154114_079,1,Unspecified,Blink,809,2026-08-10T15:51:45.7621292+09:00,2026-08-10T15:51:45.9431292+09:00,631.683114,631.863888,180.774,35622,35633,0.986547,0.630089,1,0,EyesOpened
20260810_154114_079,1,Unspecified,Blink,810,2026-08-10T15:51:46.3331292+09:00,2026-08-10T15:51:46.4861292+09:00,632.253924,632.407227,153.303,35656,35665,0.988751,0.656090,1,0,EyesOpened
20260810_154114_079,1,Unspecified,Blink,811,2026-08-10T15:51:46.6111292+09:00,2026-08-10T15:51:46.7371292+09:00,632.532449,632.657743,125.294,35673,35680,0.976746,0.722019,1,0,EyesOpened
20260810_154114_079,1,Unspecified,Blink,812,2026-08-10T15:51:47.6001292+09:00,2026-08-10T15:51:47.7111292+09:00,633.520607,633.632117,111.511,35732,35739,0.983514,0.747558,1,0,EyesOpened
20260810_154114_079,1,Unspecified,Blink,813,2026-08-10T15:51:47.8641292+09:00,2026-08-10T15:51:47.9761292+09:00,633.785382,633.896846,111.464,35748,35755,0.977528,0.829087,1,0,EyesOpened
20260810_154114_079,1,Unspecified,Blink,814,2026-08-10T15:51:49.6331292+09:00,2026-08-10T15:51:49.7441292+09:00,635.553955,635.665320,111.365,35854,35861,0.972193,0.693628,1,0,EyesOpened
20260810_154114_079,1,Unspecified,Blink,815,2026-08-10T15:51:50.9971292+09:00,2026-08-10T15:51:51.0251292+09:00,636.917992,636.945751,27.759,35936,35938,0.607490,0.445623,0,0,EyesOpened
20260810_154114_079,1,Unspecified,Blink,816,2026-08-10T15:51:51.5821292+09:00,2026-08-10T15:51:51.6511292+09:00,637.502894,637.572460,69.566,35971,35975,0.936362,0.726616,1,0,EyesOpened
20260810_154114_079,1,Unspecified,Blink,817,2026-08-10T15:51:51.8331292+09:00,2026-08-10T15:51:51.9851292+09:00,637.753545,637.906334,152.789,35986,35995,0.986580,0.625670,1,0,EyesOpened
20260810_154114_079,1,Unspecified,Blink,818,2026-08-10T15:51:52.3331292+09:00,2026-08-10T15:51:52.4591292+09:00,638.254429,638.379522,125.093,36016,36024,0.732378,0.461436,1,0,EyesOpened
20260810_154114_079,1,Unspecified,Blink,819,2026-08-10T15:51:52.8071292+09:00,2026-08-10T15:51:52.9041292+09:00,638.727753,638.825175,97.422,36045,36050,0.877830,0.612085,1,0,EyesOpened
20260810_154114_079,1,Unspecified,Blink,820,2026-08-10T15:51:53.9201292+09:00,2026-08-10T15:51:54.0041292+09:00,639.841466,639.925042,83.576,36111,36116,0.972294,0.757615,1,0,EyesOpened
20260810_154114_079,1,Unspecified,Blink,821,2026-08-10T15:51:54.7421292+09:00,2026-08-10T15:51:54.8121292+09:00,640.662894,640.732725,69.832,36161,36165,0.930676,0.673153,1,0,EyesOpened
20260810_154114_079,1,Unspecified,Blink,822,2026-08-10T15:51:55.7311292+09:00,2026-08-10T15:51:55.8841292+09:00,641.651797,641.804844,153.046,36220,36229,0.954036,0.634381,1,0,EyesOpened
20260810_154114_079,1,Unspecified,Blink,823,2026-08-10T15:51:56.0511292+09:00,2026-08-10T15:51:56.1901292+09:00,641.972134,642.111358,139.224,36239,36248,0.958265,0.531661,1,0,EyesOpened
20260810_154114_079,1,Unspecified,Blink,824,2026-08-10T15:51:57.7361292+09:00,2026-08-10T15:51:57.8331292+09:00,643.656614,643.754142,97.528,36340,36346,0.960243,0.746961,1,0,EyesOpened
20260810_154114_079,1,Unspecified,Blink,825,2026-08-10T15:51:57.9441292+09:00,2026-08-10T15:51:58.0701292+09:00,643.865335,643.990747,125.412,36353,36360,0.972493,0.704869,1,0,EyesOpened
20260810_154114_079,1,Unspecified,Blink,826,2026-08-10T15:51:58.6271292+09:00,2026-08-10T15:51:58.7661292+09:00,644.547769,644.686601,138.832,36394,36402,0.987784,0.636365,1,0,EyesOpened
20260810_154114_079,1,Unspecified,Blink,827,2026-08-10T15:51:59.8241292+09:00,2026-08-10T15:51:59.9351292+09:00,645.744594,645.856174,111.580,36466,36472,0.923535,0.705868,1,0,EyesOpened
20260810_154114_079,1,Unspecified,Blink,828,2026-08-10T15:52:00.2691292+09:00,2026-08-10T15:52:00.3251292+09:00,646.190378,646.245826,55.448,36492,36496,0.886791,0.738864,1,0,EyesOpened
20260810_154114_079,1,Unspecified,Blink,829,2026-08-10T15:52:00.7981292+09:00,2026-08-10T15:52:00.8541292+09:00,646.719337,646.774917,55.580,36524,36527,0.756063,0.584928,1,0,EyesOpened
20260810_154114_079,1,Unspecified,Blink,830,2026-08-10T15:52:01.6611292+09:00,2026-08-10T15:52:01.8701292+09:00,647.582008,647.791011,209.003,36576,36588,0.997179,0.891313,1,0,EyesOpened
20260810_154114_079,1,Unspecified,Blink,831,2026-08-10T15:52:02.3851292+09:00,2026-08-10T15:52:02.4971292+09:00,648.305812,648.417612,111.800,36619,36626,0.994317,0.777168,1,0,EyesOpened
20260810_154114_079,1,Unspecified,Blink,832,2026-08-10T15:52:03.5681292+09:00,2026-08-10T15:52:03.6941292+09:00,649.489312,649.614685,125.373,36690,36698,0.976577,0.717700,1,0,EyesOpened
20260810_154114_079,1,Unspecified,Blink,833,2026-08-10T15:52:03.8601292+09:00,2026-08-10T15:52:04.0691292+09:00,649.781371,649.990479,209.108,36708,36720,0.999701,0.912792,1,0,EyesOpened
20260810_154114_079,1,Unspecified,Blink,834,2026-08-10T15:52:04.4181292+09:00,2026-08-10T15:52:04.5711292+09:00,650.338601,650.491756,153.155,36741,36750,0.974832,0.751769,1,0,EyesOpened
20260810_154114_079,1,Unspecified,Blink,835,2026-08-10T15:52:04.7521292+09:00,2026-08-10T15:52:04.8631292+09:00,650.672764,650.783993,111.228,36761,36768,0.994137,0.667881,1,0,EyesOpened
20260810_154114_079,1,Unspecified,Blink,836,2026-08-10T15:52:05.7681292+09:00,2026-08-10T15:52:05.8651292+09:00,651.689194,651.786413,97.219,36822,36828,0.930561,0.795109,1,0,EyesOpened
20260810_154114_079,1,Unspecified,Blink,837,2026-08-10T15:52:06.6171292+09:00,2026-08-10T15:52:06.7151292+09:00,652.538136,652.635806,97.670,36873,36879,0.889255,0.563613,1,0,EyesOpened
20260810_154114_079,1,Unspecified,Blink,838,2026-08-10T15:52:06.7981292+09:00,2026-08-10T15:52:06.9101292+09:00,652.719240,652.830738,111.498,36884,36891,0.976939,0.667199,1,0,EyesOpened
20260810_154114_079,1,Unspecified,Blink,839,2026-08-10T15:52:07.7451292+09:00,2026-08-10T15:52:07.8291292+09:00,653.666133,653.749848,83.715,36941,36946,0.971353,0.646988,1,0,EyesOpened
20260810_154114_079,1,Unspecified,Blink,840,2026-08-10T15:52:08.0521292+09:00,2026-08-10T15:52:08.1631292+09:00,653.972690,654.083826,111.136,36959,36966,0.976648,0.783052,1,0,EyesOpened
20260810_154114_079,1,Unspecified,Blink,841,2026-08-10T15:52:08.3581292+09:00,2026-08-10T15:52:08.4691292+09:00,654.278948,654.390267,111.319,36978,36984,0.944051,0.644855,1,0,EyesOpened
20260810_154114_079,1,Unspecified,Blink,842,2026-08-10T15:52:10.1951292+09:00,2026-08-10T15:52:10.3211292+09:00,656.116454,656.241650,125.195,37088,37095,0.939178,0.575120,1,0,EyesOpened
20260810_154114_079,1,Unspecified,Blink,843,2026-08-10T15:52:11.9361292+09:00,2026-08-10T15:52:12.0471292+09:00,657.856936,657.968263,111.327,37192,37199,0.924365,0.653920,1,0,EyesOpened
20260810_154114_079,1,Unspecified,Blink,844,2026-08-10T15:52:12.2141292+09:00,2026-08-10T15:52:12.2981292+09:00,658.135234,658.218885,83.650,37209,37214,0.901924,0.727643,1,0,EyesOpened
20260810_154114_079,1,Unspecified,Blink,845,2026-08-10T15:52:13.7191292+09:00,2026-08-10T15:52:13.7741292+09:00,659.639668,659.694924,55.255,37299,37303,0.963585,0.739030,1,0,EyesOpened
20260810_154114_079,1,Unspecified,Blink,846,2026-08-10T15:52:14.9151292+09:00,2026-08-10T15:52:14.9991292+09:00,660.836479,660.919983,83.504,37371,37376,0.890753,0.725812,1,0,EyesOpened
20260810_154114_079,1,Unspecified,Blink,847,2026-08-10T15:52:15.6531292+09:00,2026-08-10T15:52:15.7371292+09:00,661.574314,661.657813,83.500,37415,37420,0.983819,0.731316,1,0,EyesOpened
20260810_154114_079,1,Unspecified,Blink,848,2026-08-10T15:52:15.9041292+09:00,2026-08-10T15:52:16.0291292+09:00,661.824682,661.950248,125.566,37430,37438,0.996144,0.668747,1,0,EyesOpened
20260810_154114_079,1,Unspecified,Blink,849,2026-08-10T15:52:17.4911292+09:00,2026-08-10T15:52:17.6021292+09:00,663.412074,663.523011,110.937,37526,37532,0.979568,0.780305,1,0,EyesOpened
20260810_154114_079,1,Unspecified,Blink,850,2026-08-10T15:52:18.6461292+09:00,2026-08-10T15:52:18.7861292+09:00,664.567434,664.706516,139.082,37595,37603,0.930339,0.618158,1,0,EyesOpened
20260810_154114_079,1,Unspecified,Blink,851,2026-08-10T15:52:19.8581292+09:00,2026-08-10T15:52:20.0111292+09:00,665.778603,665.931736,153.132,37668,37677,0.982768,0.676135,1,0,EyesOpened
20260810_154114_079,1,Unspecified,Blink,852,2026-08-10T15:52:21.6531292+09:00,2026-08-10T15:52:21.7781292+09:00,667.574318,667.699494,125.176,37775,37783,0.952486,0.673881,1,0,EyesOpened
20260810_154114_079,1,Unspecified,Blink,853,2026-08-10T15:52:21.9601292+09:00,2026-08-10T15:52:22.0571292+09:00,667.880692,667.978144,97.452,37794,37800,0.957624,0.773330,1,0,EyesOpened
20260810_154114_079,1,Unspecified,Blink,854,2026-08-10T15:52:22.3911292+09:00,2026-08-10T15:52:22.4611292+09:00,668.312224,668.381616,69.392,37820,37824,0.932142,0.544960,1,0,EyesOpened
20260810_154114_079,1,Unspecified,Blink,855,2026-08-10T15:52:23.6441292+09:00,2026-08-10T15:52:23.7411292+09:00,669.564769,669.662180,97.411,37895,37901,0.890579,0.727865,1,0,EyesOpened
20260810_154114_079,1,Unspecified,Blink,856,2026-08-10T15:52:23.9921292+09:00,2026-08-10T15:52:24.1031292+09:00,669.912904,670.024194,111.290,37916,37922,0.977339,0.779481,1,0,EyesOpened
20260810_154114_079,1,Unspecified,Blink,857,2026-08-10T15:52:24.8691292+09:00,2026-08-10T15:52:24.9531292+09:00,670.790198,670.873650,83.452,37968,37973,0.926537,0.798174,1,0,EyesOpened
20260810_154114_079,1,Unspecified,Blink,858,2026-08-10T15:52:25.8021292+09:00,2026-08-10T15:52:25.9131292+09:00,671.722810,671.834289,111.479,38024,38031,0.869475,0.513364,1,0,EyesOpened
20260810_154114_079,1,Unspecified,Blink,859,2026-08-10T15:52:26.1921292+09:00,2026-08-10T15:52:26.3311292+09:00,672.112935,672.252108,139.172,38048,38056,0.965837,0.728082,1,0,EyesOpened
20260810_154114_079,1,Unspecified,Blink,860,2026-08-10T15:52:27.8211292+09:00,2026-08-10T15:52:27.9601292+09:00,673.741599,673.880977,139.378,38145,38154,0.988969,0.619256,1,0,EyesOpened
20260810_154114_079,1,Unspecified,Blink,861,2026-08-10T15:52:29.7981292+09:00,2026-08-10T15:52:29.9091292+09:00,675.718714,675.830074,111.360,38264,38271,0.896384,0.761677,1,0,EyesOpened
20260810_154114_079,1,Unspecified,Blink,862,2026-08-10T15:52:31.7471292+09:00,2026-08-10T15:52:31.8591292+09:00,677.668142,677.779676,111.534,38381,38388,0.931615,0.636045,1,0,EyesOpened
20260810_154114_079,1,Unspecified,Blink,863,2026-08-10T15:52:31.9701292+09:00,2026-08-10T15:52:32.1091292+09:00,677.890988,678.030202,139.214,38394,38403,0.989446,0.755383,1,0,EyesOpened
20260810_154114_079,1,Unspecified,Blink,864,2026-08-10T15:52:32.3041292+09:00,2026-08-10T15:52:32.4011292+09:00,678.224820,678.322263,97.443,38414,38420,0.957541,0.606673,1,0,EyesOpened
20260810_154114_079,1,Unspecified,Blink,865,2026-08-10T15:52:33.5291292+09:00,2026-08-10T15:52:33.7101292+09:00,679.449814,679.630763,180.949,38488,38499,0.984192,0.792881,1,0,EyesOpened
20260810_154114_079,1,Unspecified,Blink,866,2026-08-10T15:52:33.8911292+09:00,2026-08-10T15:52:34.0161292+09:00,679.811757,679.936946,125.189,38510,38517,0.996432,0.786134,1,0,EyesOpened
20260810_154114_079,1,Unspecified,Blink,867,2026-08-10T15:52:36.1601292+09:00,2026-08-10T15:52:36.3001292+09:00,682.081253,682.220587,139.333,38646,38654,0.982801,0.700939,1,0,EyesOpened
20260810_154114_079,1,Unspecified,Blink,868,2026-08-10T15:52:36.4671292+09:00,2026-08-10T15:52:36.5501292+09:00,682.387757,682.471221,83.464,38664,38669,0.968135,0.766140,1,0,EyesOpened
20260810_154114_079,1,Unspecified,Blink,869,2026-08-10T15:52:37.8031292+09:00,2026-08-10T15:52:37.9421292+09:00,683.723867,683.863170,139.303,38744,38753,0.956425,0.498393,1,0,EyesOpened
20260810_154114_079,1,Unspecified,Blink,870,2026-08-10T15:52:38.2621292+09:00,2026-08-10T15:52:38.4161292+09:00,684.183386,684.336813,153.427,38772,38781,0.958421,0.744373,1,0,EyesOpened
20260810_154114_079,1,Unspecified,Blink,871,2026-08-10T15:52:39.9191292+09:00,2026-08-10T15:52:40.0311292+09:00,685.840245,685.951535,111.290,38871,38878,0.834994,0.595257,1,0,EyesOpened
20260810_154114_079,1,Unspecified,Blink,872,2026-08-10T15:52:40.0861292+09:00,2026-08-10T15:52:40.2531292+09:00,686.007369,686.174300,166.931,38881,38891,0.993936,0.777999,1,0,EyesOpened
20260810_154114_079,1,Unspecified,Blink,873,2026-08-10T15:52:41.8401292+09:00,2026-08-10T15:52:41.9661292+09:00,687.761149,687.886537,125.388,38987,38994,0.905224,0.520569,1,0,EyesOpened
20260810_154114_079,1,Unspecified,Blink,874,2026-08-10T15:52:42.2161292+09:00,2026-08-10T15:52:42.3281292+09:00,688.137101,688.248570,111.469,39009,39016,0.973011,0.676657,1,0,EyesOpened
20260810_154114_079,1,Unspecified,Blink,875,2026-08-10T15:52:43.7201292+09:00,2026-08-10T15:52:43.8041292+09:00,689.640932,689.724690,83.758,39099,39104,0.989068,0.776058,1,0,EyesOpened
20260810_154114_079,1,Unspecified,Blink,876,2026-08-10T15:52:44.1931292+09:00,2026-08-10T15:52:44.2651292+09:00,690.114424,690.185536,71.112,39128,39132,0.956475,0.775906,1,0,EyesOpened
20260810_154114_079,1,Unspecified,Blink,877,2026-08-10T15:52:45.0281292+09:00,2026-08-10T15:52:45.1261292+09:00,690.949407,691.046583,97.176,39178,39184,0.989722,0.747396,1,0,EyesOpened
20260810_154114_079,1,Unspecified,Blink,878,2026-08-10T15:52:45.7521292+09:00,2026-08-10T15:52:45.8501292+09:00,691.673328,691.770825,97.496,39221,39227,0.983184,0.702096,1,0,EyesOpened
20260810_154114_079,1,Unspecified,Blink,879,2026-08-10T15:52:46.0031292+09:00,2026-08-10T15:52:46.1001292+09:00,691.923832,692.021288,97.457,39236,39242,0.943835,0.777112,1,0,EyesOpened
20260810_154114_079,1,Unspecified,Blink,880,2026-08-10T15:52:46.5181292+09:00,2026-08-10T15:52:46.6021292+09:00,692.439252,692.522651,83.399,39267,39272,0.941143,0.667708,1,0,EyesOpened
20260810_154114_079,1,Unspecified,Blink,881,2026-08-10T15:52:47.8831292+09:00,2026-08-10T15:52:47.9941292+09:00,693.803741,693.915170,111.428,39349,39356,0.825941,0.624882,1,0,EyesOpened
20260810_154114_079,1,Unspecified,Blink,882,2026-08-10T15:52:48.3001292+09:00,2026-08-10T15:52:48.4121292+09:00,694.221393,694.333030,111.637,39374,39381,0.981211,0.673216,1,0,EyesOpened
20260810_154114_079,1,Unspecified,Blink,883,2026-08-10T15:52:49.6511292+09:00,2026-08-10T15:52:49.7491292+09:00,695.572159,695.669546,97.387,39455,39461,0.976458,0.576987,1,0,EyesOpened
20260810_154114_079,1,Unspecified,Blink,884,2026-08-10T15:52:50.1661292+09:00,2026-08-10T15:52:50.3891292+09:00,696.087178,696.309880,222.703,39486,39500,0.988525,0.777081,1,0,EyesOpened
20260810_154114_079,1,Unspecified,Blink,885,2026-08-10T15:52:50.8761292+09:00,2026-08-10T15:52:51.0711292+09:00,696.797112,696.991766,194.654,39529,39540,0.981780,0.674531,1,0,EyesOpened
20260810_154114_079,1,Unspecified,Blink,886,2026-08-10T15:52:51.6141292+09:00,2026-08-10T15:52:51.8081292+09:00,697.534660,697.729470,194.810,39573,39585,0.980700,0.700613,1,0,EyesOpened
20260810_154114_079,1,Unspecified,Blink,887,2026-08-10T15:52:52.0031292+09:00,2026-08-10T15:52:52.1011292+09:00,697.924122,698.021552,97.430,39596,39602,0.894820,0.769564,1,0,EyesOpened
20260810_154114_079,1,Unspecified,Blink,888,2026-08-10T15:52:52.4351292+09:00,2026-08-10T15:52:52.5461292+09:00,698.355851,698.467228,111.378,39622,39629,0.916199,0.611774,1,0,EyesOpened
20260810_154114_079,1,Unspecified,Blink,889,2026-08-10T15:52:53.5901292+09:00,2026-08-10T15:52:53.7161292+09:00,699.511364,699.636713,125.350,39692,39699,0.814006,0.532666,1,0,EyesOpened
20260810_154114_079,1,Unspecified,Blink,890,2026-08-10T15:52:53.8691292+09:00,2026-08-10T15:52:53.9801292+09:00,699.789976,699.901131,111.155,39708,39715,0.983283,0.756026,1,0,EyesOpened
20260810_154114_079,1,Unspecified,Blink,891,2026-08-10T15:52:54.8021292+09:00,2026-08-10T15:52:54.8581292+09:00,700.722626,700.778554,55.929,39764,39768,0.750222,0.615389,1,0,EyesOpened
20260810_154114_079,1,Unspecified,Blink,892,2026-08-10T15:52:55.6931292+09:00,2026-08-10T15:52:55.7761292+09:00,701.613641,701.697082,83.440,39818,39823,0.981013,0.834453,1,0,EyesOpened
20260810_154114_079,1,Unspecified,Blink,893,2026-08-10T15:52:56.1941292+09:00,2026-08-10T15:52:56.2771292+09:00,702.114666,702.198293,83.627,39848,39853,0.989938,0.770843,1,0,EyesOpened
20260810_154114_079,1,Unspecified,Blink,894,2026-08-10T15:52:56.6251292+09:00,2026-08-10T15:52:56.6951292+09:00,702.546233,702.616004,69.771,39874,39878,0.902210,0.594787,1,0,EyesOpened
20260810_154114_079,1,Unspecified,Blink,895,2026-08-10T15:52:57.7251292+09:00,2026-08-10T15:52:57.8511292+09:00,703.646142,703.771558,125.416,39940,39947,0.977426,0.658954,1,0,EyesOpened
20260810_154114_079,1,Unspecified,Blink,896,2026-08-10T15:52:58.3241292+09:00,2026-08-10T15:52:58.4911292+09:00,704.244871,704.412040,167.169,39976,39986,0.997018,0.673614,1,0,EyesOpened
20260810_154114_079,1,Unspecified,Blink,897,2026-08-10T15:52:59.9121292+09:00,2026-08-10T15:53:00.0651292+09:00,705.832619,705.986129,153.511,40071,40080,0.887704,0.594100,1,0,EyesOpened
20260810_154114_079,1,Unspecified,Blink,898,2026-08-10T15:53:00.1201292+09:00,2026-08-10T15:53:00.2451292+09:00,706.041002,706.166016,125.014,40083,40091,0.988153,0.778297,1,0,EyesOpened
20260810_154114_079,1,Unspecified,Blink,899,2026-08-10T15:53:01.6651292+09:00,2026-08-10T15:53:01.7771292+09:00,707.586195,707.697780,111.585,40176,40183,0.994425,0.775592,1,0,EyesOpened
20260810_154114_079,1,Unspecified,Blink,900,2026-08-10T15:53:01.9441292+09:00,2026-08-10T15:53:02.0691292+09:00,707.864577,707.990233,125.655,40193,40200,0.936839,0.701301,1,0,EyesOpened
20260810_154114_079,1,Unspecified,Blink,901,2026-08-10T15:53:02.4451292+09:00,2026-08-10T15:53:02.5711292+09:00,708.365960,708.491760,125.800,40223,40230,0.985897,0.695014,1,0,EyesOpened
20260810_154114_079,1,Unspecified,Blink,902,2026-08-10T15:53:03.6841292+09:00,2026-08-10T15:53:03.7961292+09:00,709.605045,709.716593,111.548,40297,40304,0.996498,0.771635,1,0,EyesOpened
20260810_154114_079,1,Unspecified,Blink,903,2026-08-10T15:53:04.2831292+09:00,2026-08-10T15:53:04.4081292+09:00,710.203686,710.329186,125.500,40333,40341,0.945294,0.679240,1,0,EyesOpened
20260810_154114_079,1,Unspecified,Blink,904,2026-08-10T15:53:04.5471292+09:00,2026-08-10T15:53:04.6591292+09:00,710.468478,710.579725,111.247,40349,40356,0.978319,0.648861,1,0,EyesOpened
20260810_154114_079,1,Unspecified,Blink,905,2026-08-10T15:53:05.7861292+09:00,2026-08-10T15:53:05.8971292+09:00,711.707108,711.818486,111.378,40423,40430,0.946848,0.650526,1,0,EyesOpened
20260810_154114_079,1,Unspecified,Blink,906,2026-08-10T15:53:07.6521292+09:00,2026-08-10T15:53:07.7491292+09:00,713.572893,713.670184,97.291,40535,40541,0.817469,0.558192,1,0,EyesOpened
20260810_154114_079,1,Unspecified,Blink,907,2026-08-10T15:53:07.9021292+09:00,2026-08-10T15:53:08.0141292+09:00,713.823211,713.934803,111.592,40550,40557,0.946648,0.674489,1,0,EyesOpened
20260810_154114_079,1,Unspecified,Blink,908,2026-08-10T15:53:08.1251292+09:00,2026-08-10T15:53:08.2501292+09:00,714.045945,714.171467,125.522,40564,40571,0.976728,0.747403,1,0,EyesOpened
20260810_154114_079,1,Unspecified,Blink,909,2026-08-10T15:53:09.6011292+09:00,2026-08-10T15:53:09.7541292+09:00,715.521873,715.675299,153.425,40652,40661,0.937362,0.647909,1,0,EyesOpened
20260810_154114_079,1,Unspecified,Blink,910,2026-08-10T15:53:09.8651292+09:00,2026-08-10T15:53:09.9631292+09:00,715.786345,715.883797,97.452,40668,40674,0.949764,0.738016,1,0,EyesOpened
20260810_154114_079,1,Unspecified,Blink,911,2026-08-10T15:53:10.5201292+09:00,2026-08-10T15:53:10.6031292+09:00,716.440879,716.524458,83.579,40707,40712,0.919374,0.682736,1,0,EyesOpened
20260810_154114_079,1,Unspecified,Blink,912,2026-08-10T15:53:11.5781292+09:00,2026-08-10T15:53:11.7031292+09:00,717.499126,717.624146,125.020,40771,40778,0.979387,0.684892,1,0,EyesOpened
20260810_154114_079,1,Unspecified,Blink,913,2026-08-10T15:53:11.8841292+09:00,2026-08-10T15:53:11.9821292+09:00,717.804988,717.902611,97.624,40789,40795,0.965133,0.709904,1,0,EyesOpened
20260810_154114_079,1,Unspecified,Blink,914,2026-08-10T15:53:12.4831292+09:00,2026-08-10T15:53:12.5811292+09:00,718.403751,718.501651,97.900,40825,40831,0.978392,0.660035,1,0,EyesOpened
20260810_154114_079,1,Unspecified,Blink,915,2026-08-10T15:53:12.8171292+09:00,2026-08-10T15:53:12.9421292+09:00,718.737853,718.862634,124.781,40845,40853,0.974435,0.783137,1,0,EyesOpened
20260810_154114_079,1,Unspecified,Blink,916,2026-08-10T15:53:13.7361292+09:00,2026-08-10T15:53:13.8331292+09:00,719.656540,719.754040,97.500,40900,40906,0.982976,0.660384,1,0,EyesOpened
20260810_154114_079,1,Unspecified,Blink,917,2026-08-10T15:53:14.2791292+09:00,2026-08-10T15:53:14.3621292+09:00,720.199749,720.282999,83.251,40933,40938,0.967152,0.612969,1,0,EyesOpened
20260810_154114_079,1,Unspecified,Blink,918,2026-08-10T15:53:14.6961292+09:00,2026-08-10T15:53:14.8361292+09:00,720.617357,720.756537,139.180,40958,40966,0.984236,0.543313,1,0,EyesOpened
20260810_154114_079,1,Unspecified,Blink,919,2026-08-10T15:53:15.6011292+09:00,2026-08-10T15:53:15.7131292+09:00,721.522320,721.633759,111.439,41012,41019,0.967056,0.693423,1,0,EyesOpened
20260810_154114_079,1,Unspecified,Blink,920,2026-08-10T15:53:15.8801292+09:00,2026-08-10T15:53:16.0191292+09:00,721.800655,721.940221,139.566,41029,41037,0.986279,0.716467,1,0,EyesOpened
20260810_154114_079,1,Unspecified,Blink,921,2026-08-10T15:53:16.2971292+09:00,2026-08-10T15:53:16.4511292+09:00,722.218413,722.371624,153.211,41054,41063,0.977864,0.644861,1,0,EyesOpened
20260810_154114_079,1,Unspecified,Blink,922,2026-08-10T15:53:16.6181292+09:00,2026-08-10T15:53:16.7431292+09:00,722.538726,722.663879,125.153,41073,41081,0.981838,0.676238,1,0,EyesOpened
20260810_154114_079,1,Unspecified,Blink,923,2026-08-10T15:53:18.1351292+09:00,2026-08-10T15:53:18.2601292+09:00,724.056314,724.181379,125.065,41164,41172,0.845855,0.485178,1,0,EyesOpened
20260810_154114_079,1,Unspecified,Blink,924,2026-08-10T15:53:18.3161292+09:00,2026-08-10T15:53:18.4141292+09:00,724.237243,724.334784,97.542,41175,41181,0.912238,0.761012,1,0,EyesOpened
20260810_154114_079,1,Unspecified,Blink,925,2026-08-10T15:53:19.8201292+09:00,2026-08-10T15:53:19.9591292+09:00,725.740726,725.879848,139.122,41265,41274,0.947235,0.651789,1,0,EyesOpened
20260810_154114_079,1,Unspecified,Blink,926,2026-08-10T15:53:20.1961292+09:00,2026-08-10T15:53:20.2931292+09:00,726.116890,726.214056,97.166,41288,41294,0.969240,0.657532,1,0,EyesOpened
20260810_154114_079,1,Unspecified,Blink,927,2026-08-10T15:53:20.6971292+09:00,2026-08-10T15:53:20.7661292+09:00,726.617877,726.687487,69.610,41318,41322,0.871332,0.721893,1,0,EyesOpened
20260810_154114_079,1,Unspecified,Blink,928,2026-08-10T15:53:21.5741292+09:00,2026-08-10T15:53:21.7131292+09:00,727.494865,727.634123,139.258,41371,41379,0.987272,0.753275,1,0,EyesOpened
20260810_154114_079,1,Unspecified,Blink,929,2026-08-10T15:53:21.8801292+09:00,2026-08-10T15:53:22.0191292+09:00,727.801009,727.940413,139.404,41389,41397,0.985789,0.689790,1,0,EyesOpened
20260810_154114_079,1,Unspecified,Blink,930,2026-08-10T15:53:22.3121292+09:00,2026-08-10T15:53:22.4371292+09:00,728.232860,728.357952,125.092,41415,41422,0.920074,0.725404,1,0,EyesOpened
20260810_154114_079,1,Unspecified,Blink,931,2026-08-10T15:53:22.6041292+09:00,2026-08-10T15:53:22.7151292+09:00,728.524960,728.636321,111.361,41432,41439,0.984475,0.781572,1,0,EyesOpened
20260810_154114_079,1,Unspecified,Blink,932,2026-08-10T15:53:23.7181292+09:00,2026-08-10T15:53:23.8711292+09:00,729.638925,729.792009,153.084,41499,41508,0.963922,0.679777,1,0,EyesOpened
20260810_154114_079,1,Unspecified,Blink,933,2026-08-10T15:53:24.1501292+09:00,2026-08-10T15:53:24.3171292+09:00,730.070522,730.237571,167.049,41525,41535,0.984284,0.828292,1,0,EyesOpened
20260810_154114_079,1,Unspecified,Blink,934,2026-08-10T15:53:25.6811292+09:00,2026-08-10T15:53:25.9041292+09:00,731.602012,731.824822,222.810,41617,41630,0.998969,0.820173,1,0,EyesOpened
20260810_154114_079,1,Unspecified,Blink,935,2026-08-10T15:53:26.2521292+09:00,2026-08-10T15:53:26.4191292+09:00,732.172991,732.340054,167.063,41651,41661,0.987479,0.640512,1,0,EyesOpened
20260810_154114_079,1,Unspecified,Blink,936,2026-08-10T15:53:27.3241292+09:00,2026-08-10T15:53:27.4351292+09:00,733.244645,733.356359,111.714,41716,41722,0.975873,0.802042,1,0,EyesOpened
20260810_154114_079,1,Unspecified,Blink,937,2026-08-10T15:53:27.8251292+09:00,2026-08-10T15:53:27.9641292+09:00,733.745952,733.885216,139.264,41746,41754,0.941495,0.606522,1,0,EyesOpened
20260810_154114_079,1,Unspecified,Blink,938,2026-08-10T15:53:28.2711292+09:00,2026-08-10T15:53:28.4101292+09:00,734.191769,734.330945,139.177,41772,41781,0.987039,0.770029,1,0,EyesOpened
20260810_154114_079,1,Unspecified,Blink,939,2026-08-10T15:53:30.2331292+09:00,2026-08-10T15:53:30.3171292+09:00,736.154137,736.237593,83.456,41890,41895,0.880820,0.701074,1,0,EyesOpened
20260810_154114_079,1,Unspecified,Blink,940,2026-08-10T15:53:32.1691292+09:00,2026-08-10T15:53:32.3081292+09:00,738.089589,738.228754,139.165,42006,42015,0.977159,0.767192,1,0,EyesOpened
20260810_154114_079,1,Unspecified,Blink,941,2026-08-10T15:53:33.0451292+09:00,2026-08-10T15:53:33.1291292+09:00,738.966483,739.050081,83.598,42059,42064,0.957047,0.561616,1,0,EyesOpened
20260810_154114_079,1,Unspecified,Blink,942,2026-08-10T15:53:33.6861292+09:00,2026-08-10T15:53:33.8251292+09:00,739.607087,739.746044,138.958,42097,42106,0.985633,0.655296,1,0,EyesOpened
20260810_154114_079,1,Unspecified,Blink,943,2026-08-10T15:53:33.9791292+09:00,2026-08-10T15:53:34.1321292+09:00,739.899502,740.052580,153.077,42115,42124,0.987564,0.731275,1,0,EyesOpened
20260810_154114_079,1,Unspecified,Blink,944,2026-08-10T15:53:34.4521292+09:00,2026-08-10T15:53:34.6191292+09:00,740.372815,740.539698,166.883,42143,42153,0.987395,0.646063,1,0,EyesOpened
20260810_154114_079,1,Unspecified,Blink,945,2026-08-10T15:53:34.9671292+09:00,2026-08-10T15:53:35.0501292+09:00,740.887883,740.971399,83.516,42174,42179,0.880880,0.686720,1,0,EyesOpened
20260810_154114_079,1,Unspecified,Blink,946,2026-08-10T15:53:36.0531292+09:00,2026-08-10T15:53:36.2201292+09:00,741.974198,742.141007,166.809,42239,42249,0.977649,0.686127,1,0,EyesOpened
20260810_154114_079,1,Unspecified,Blink,947,2026-08-10T15:53:36.6661292+09:00,2026-08-10T15:53:36.7491292+09:00,742.586863,742.670487,83.623,42276,42281,0.998591,0.785932,1,0,EyesOpened
20260810_154114_079,1,Unspecified,Blink,948,2026-08-10T15:53:37.7941292+09:00,2026-08-10T15:53:37.8911292+09:00,743.714501,743.811978,97.477,42344,42350,0.865975,0.619100,1,0,EyesOpened
20260810_154114_079,1,Unspecified,Blink,949,2026-08-10T15:53:38.6291292+09:00,2026-08-10T15:53:38.7401292+09:00,744.549905,744.661050,111.145,42394,42401,0.984522,0.723689,1,0,EyesOpened
20260810_154114_079,1,Unspecified,Blink,950,2026-08-10T15:53:39.7981292+09:00,2026-08-10T15:53:39.8811292+09:00,745.719012,745.802143,83.131,42464,42469,0.930237,0.602256,1,0,EyesOpened
20260810_154114_079,1,Unspecified,Blink,951,2026-08-10T15:53:40.8281292+09:00,2026-08-10T15:53:40.8841292+09:00,746.749185,746.804742,55.557,42526,42529,0.800372,0.502321,1,0,EyesOpened
20260810_154114_079,1,Unspecified,Blink,952,2026-08-10T15:53:42.1791292+09:00,2026-08-10T15:53:42.4291292+09:00,748.099770,748.350429,250.658,42607,42622,0.987825,0.811316,1,0,EyesOpened
20260810_154114_079,1,Unspecified,Blink,953,2026-08-10T15:53:44.2531292+09:00,2026-08-10T15:53:44.3781292+09:00,750.173647,750.299410,125.763,42731,42739,0.857623,0.562855,1,0,EyesOpened
20260810_154114_079,1,Unspecified,Blink,954,2026-08-10T15:53:45.6591292+09:00,2026-08-10T15:53:45.7421292+09:00,751.580016,751.663191,83.174,42816,42821,0.966751,0.803502,1,0,EyesOpened
20260810_154114_079,1,Unspecified,Blink,955,2026-08-10T15:53:46.0201292+09:00,2026-08-10T15:53:46.1871292+09:00,751.941448,752.108231,166.783,42837,42847,0.999041,0.604649,1,0,EyesOpened
20260810_154114_079,1,Unspecified,Blink,956,2026-08-10T15:53:46.5351292+09:00,2026-08-10T15:53:46.6191292+09:00,752.456184,752.539584,83.400,42868,42873,0.970199,0.439643,1,0,EyesOpened
20260810_154114_079,1,Unspecified,Blink,957,2026-08-10T15:53:47.7741292+09:00,2026-08-10T15:53:47.9131292+09:00,753.695092,753.834473,139.381,42943,42951,0.943542,0.564562,1,0,EyesOpened
20260810_154114_079,1,Unspecified,Blink,958,2026-08-10T15:53:48.2611292+09:00,2026-08-10T15:53:48.4151292+09:00,754.182429,754.335541,153.112,42972,42981,0.994764,0.732270,1,0,EyesOpened
20260810_154114_079,1,Unspecified,Blink,959,2026-08-10T15:53:49.7511292+09:00,2026-08-10T15:53:49.9191292+09:00,755.672421,755.839529,167.109,43061,43071,0.966322,0.726199,1,0,EyesOpened
20260810_154114_079,1,Unspecified,Blink,960,2026-08-10T15:53:50.1971292+09:00,2026-08-10T15:53:50.3381292+09:00,756.118074,756.258616,140.542,43088,43096,0.974086,0.665024,1,0,EyesOpened
20260810_154114_079,1,Unspecified,Blink,961,2026-08-10T15:53:51.7141292+09:00,2026-08-10T15:53:51.8811292+09:00,757.635396,757.802266,166.870,43179,43189,0.915827,0.647793,1,0,EyesOpened
20260810_154114_079,1,Unspecified,Blink,962,2026-08-10T15:53:51.9651292+09:00,2026-08-10T15:53:52.1321292+09:00,757.885815,758.052984,167.169,43194,43204,0.994774,0.788813,1,0,EyesOpened
20260810_154114_079,1,Unspecified,Blink,963,2026-08-10T15:53:53.7331292+09:00,2026-08-10T15:53:53.8451292+09:00,759.654399,759.765586,111.187,43300,43307,0.904539,0.619047,1,0,EyesOpened
20260810_154114_079,1,Unspecified,Blink,964,2026-08-10T15:53:55.6131292+09:00,2026-08-10T15:53:55.7241292+09:00,761.533703,761.644975,111.272,43413,43420,0.941855,0.777938,1,0,EyesOpened
20260810_154114_079,1,Unspecified,Blink,965,2026-08-10T15:53:55.9601292+09:00,2026-08-10T15:53:56.0161292+09:00,761.881471,761.937306,55.835,43434,43437,0.870048,0.691887,1,0,EyesOpened
20260810_154114_079,1,Unspecified,Blink,966,2026-08-10T15:53:56.5181292+09:00,2026-08-10T15:53:56.5871292+09:00,762.438540,762.508112,69.573,43467,43471,0.656659,0.503122,1,0,EyesOpened
20260810_154114_079,1,Unspecified,Blink,967,2026-08-10T15:53:57.7701292+09:00,2026-08-10T15:53:57.8821292+09:00,763.691490,763.802674,111.184,43543,43549,0.925893,0.779809,1,0,EyesOpened
20260810_154114_079,1,Unspecified,Blink,968,2026-08-10T15:53:58.4531292+09:00,2026-08-10T15:53:58.5641292+09:00,764.373859,764.485002,111.143,43583,43590,0.967183,0.797262,1,0,EyesOpened
20260810_154114_079,1,Unspecified,Blink,969,2026-08-10T15:53:59.4971292+09:00,2026-08-10T15:53:59.6361292+09:00,765.417986,765.557292,139.305,43646,43654,0.992333,0.554986,1,0,EyesOpened
20260810_154114_079,1,Unspecified,Blink,970,2026-08-10T15:53:59.8171292+09:00,2026-08-10T15:53:59.9291292+09:00,765.738276,765.849719,111.443,43665,43672,0.925552,0.755343,1,0,EyesOpened
20260810_154114_079,1,Unspecified,Blink,971,2026-08-10T15:54:00.9031292+09:00,2026-08-10T15:54:01.0841292+09:00,766.824111,767.005110,180.999,43730,43741,0.997023,0.678085,1,0,EyesOpened
20260810_154114_079,1,Unspecified,Blink,972,2026-08-10T15:54:01.6411292+09:00,2026-08-10T15:54:01.7521292+09:00,767.561726,767.673203,111.476,43775,43781,0.976740,0.839278,1,0,EyesOpened
20260810_154114_079,1,Unspecified,Blink,973,2026-08-10T15:54:02.1001292+09:00,2026-08-10T15:54:02.2531292+09:00,768.020629,768.174148,153.519,43802,43811,0.987899,0.728337,1,0,EyesOpened
20260810_154114_079,1,Unspecified,Blink,974,2026-08-10T15:54:03.5761292+09:00,2026-08-10T15:54:03.7151292+09:00,769.496701,769.636151,139.450,43891,43899,0.828056,0.580664,1,0,EyesOpened
20260810_154114_079,1,Unspecified,Blink,975,2026-08-10T15:54:03.8541292+09:00,2026-08-10T15:54:03.9791292+09:00,769.775275,769.900475,125.199,43907,43915,0.977976,0.832477,1,0,EyesOpened
20260810_154114_079,1,Unspecified,Blink,976,2026-08-10T15:54:04.3271292+09:00,2026-08-10T15:54:04.3831292+09:00,770.248365,770.303938,55.573,43936,43939,0.957746,0.750549,1,0,EyesOpened
20260810_154114_079,1,Unspecified,Blink,977,2026-08-10T15:54:05.8031292+09:00,2026-08-10T15:54:05.9291292+09:00,771.724085,771.849580,125.495,44024,44032,0.899498,0.518384,1,0,EyesOpened
20260810_154114_079,1,Unspecified,Blink,978,2026-08-10T15:54:06.1931292+09:00,2026-08-10T15:54:06.3181292+09:00,772.114224,772.239269,125.045,44048,44055,0.978840,0.671226,1,0,EyesOpened
20260810_154114_079,1,Unspecified,Blink,979,2026-08-10T15:54:07.6411292+09:00,2026-08-10T15:54:07.7671292+09:00,773.561818,773.687513,125.694,44135,44142,0.872602,0.707351,1,0,EyesOpened
20260810_154114_079,1,Unspecified,Blink,980,2026-08-10T15:54:08.2541292+09:00,2026-08-10T15:54:08.3931292+09:00,774.174652,774.313752,139.100,44171,44180,0.987847,0.846048,1,0,EyesOpened
20260810_154114_079,1,Unspecified,Blink,981,2026-08-10T15:54:08.8521292+09:00,2026-08-10T15:54:08.9361292+09:00,774.773315,774.856714,83.399,44207,44212,0.961106,0.793846,1,0,EyesOpened
20260810_154114_079,1,Unspecified,Blink,982,2026-08-10T15:54:09.6871292+09:00,2026-08-10T15:54:09.8121292+09:00,775.608143,775.733400,125.257,44257,44265,0.988713,0.682727,1,0,EyesOpened
20260810_154114_079,1,Unspecified,Blink,983,2026-08-10T15:54:10.0491292+09:00,2026-08-10T15:54:10.1191292+09:00,775.970127,776.039909,69.782,44279,44283,0.920759,0.735337,1,0,EyesOpened
20260810_154114_079,1,Unspecified,Blink,984,2026-08-10T15:54:10.5781292+09:00,2026-08-10T15:54:10.6621292+09:00,776.499270,776.582861,83.590,44311,44316,0.961132,0.721446,1,0,EyesOpened
20260810_154114_079,1,Unspecified,Blink,985,2026-08-10T15:54:11.1081292+09:00,2026-08-10T15:54:11.1771292+09:00,777.028700,777.098207,69.507,44343,44347,0.931852,0.695756,1,0,EyesOpened
20260810_154114_079,1,Unspecified,Blink,986,2026-08-10T15:54:11.9431292+09:00,2026-08-10T15:54:12.0271292+09:00,777.864005,777.947666,83.660,44393,44398,0.940164,0.476995,1,0,EyesOpened
20260810_154114_079,1,Unspecified,Blink,987,2026-08-10T15:54:12.6531292+09:00,2026-08-10T15:54:12.7921292+09:00,778.574113,778.713463,139.350,44435,44444,0.997028,0.844423,1,0,EyesOpened
20260810_154114_079,1,Unspecified,Blink,988,2026-08-10T15:54:13.5441292+09:00,2026-08-10T15:54:13.6691292+09:00,779.465188,779.590402,125.214,44489,44496,0.892455,0.671035,1,0,EyesOpened
20260810_154114_079,1,Unspecified,Blink,989,2026-08-10T15:54:13.8921292+09:00,2026-08-10T15:54:14.0041292+09:00,779.813228,779.924648,111.420,44510,44516,0.959241,0.650096,1,0,EyesOpened
20260810_154114_079,1,Unspecified,Blink,990,2026-08-10T15:54:14.3521292+09:00,2026-08-10T15:54:14.4351292+09:00,780.272534,780.356114,83.580,44537,44542,0.840703,0.706684,1,0,EyesOpened
20260810_154114_079,1,Unspecified,Blink,991,2026-08-10T15:54:15.1871292+09:00,2026-08-10T15:54:15.2841292+09:00,781.108008,781.205297,97.289,44587,44593,0.965935,0.816235,1,0,EyesOpened
20260810_154114_079,1,Unspecified,Blink,992,2026-08-10T15:54:15.6461292+09:00,2026-08-10T15:54:15.7991292+09:00,781.567404,781.720353,152.949,44615,44624,0.980293,0.691004,1,0,EyesOpened
20260810_154114_079,1,Unspecified,Blink,993,2026-08-10T15:54:15.9531292+09:00,2026-08-10T15:54:16.0501292+09:00,781.873696,781.971122,97.425,44633,44639,0.972802,0.716682,1,0,EyesOpened
20260810_154114_079,1,Unspecified,Blink,994,2026-08-10T15:54:16.3011292+09:00,2026-08-10T15:54:16.3981292+09:00,782.221569,782.319308,97.740,44654,44660,0.988038,0.770971,1,0,EyesOpened
20260810_154114_079,1,Unspecified,Blink,995,2026-08-10T15:54:17.8741292+09:00,2026-08-10T15:54:17.9851292+09:00,783.795035,783.906446,111.411,44749,44755,0.920034,0.667080,1,0,EyesOpened
20260810_154114_079,1,Unspecified,Blink,996,2026-08-10T15:54:18.1661292+09:00,2026-08-10T15:54:18.2921292+09:00,784.087258,784.212625,125.367,44766,44774,0.979727,0.733040,1,0,EyesOpened
20260810_154114_079,1,Unspecified,Blink,997,2026-08-10T15:54:18.5701292+09:00,2026-08-10T15:54:18.7371292+09:00,784.491057,784.658266,167.210,44790,44800,0.996606,0.756110,1,0,EyesOpened
20260810_154114_079,1,Unspecified,Blink,998,2026-08-10T15:54:19.9201292+09:00,2026-08-10T15:54:19.9901292+09:00,785.841483,785.911256,69.773,44871,44876,0.984058,0.640361,1,0,EyesOpened
20260810_154114_079,1,Unspecified,Blink,999,2026-08-10T15:54:20.1571292+09:00,2026-08-10T15:54:20.3521292+09:00,786.078255,786.273142,194.886,44886,44897,0.996111,0.670104,1,0,EyesOpened
20260810_154114_079,1,Unspecified,Blink,1000,2026-08-10T15:54:21.7581292+09:00,2026-08-10T15:54:21.9251292+09:00,787.679476,787.846482,167.006,44982,44992,0.985882,0.667361,1,0,EyesOpened
20260810_154114_079,1,Unspecified,Blink,1001,2026-08-10T15:54:22.0931292+09:00,2026-08-10T15:54:22.2321292+09:00,788.013866,788.152945,139.078,45002,45010,0.978699,0.680142,1,0,EyesOpened
20260810_154114_079,1,Unspecified,Blink,1002,2026-08-10T15:54:22.4411292+09:00,2026-08-10T15:54:22.5521292+09:00,788.361675,788.473134,111.459,45023,45029,0.953474,0.636294,1,0,EyesOpened
20260810_154114_079,1,Unspecified,Blink,1003,2026-08-10T15:54:23.8051292+09:00,2026-08-10T15:54:23.9301292+09:00,789.725993,789.851227,125.234,45105,45112,0.974569,0.664907,1,0,EyesOpened
20260810_154114_079,1,Unspecified,Blink,1004,2026-08-10T15:54:25.9631292+09:00,2026-08-10T15:54:26.0191292+09:00,791.884154,791.940467,56.313,45234,45237,0.845374,0.661901,1,0,EyesOpened
20260810_154114_079,1,Unspecified,Blink,1005,2026-08-10T15:54:26.3531292+09:00,2026-08-10T15:54:26.4921292+09:00,792.273676,792.412685,139.008,45257,45266,0.989016,0.713922,1,0,EyesOpened
20260810_154114_079,1,Unspecified,Blink,1006,2026-08-10T15:54:27.5501292+09:00,2026-08-10T15:54:27.6611292+09:00,793.470620,793.581810,111.190,45329,45336,0.879128,0.567068,1,0,EyesOpened
20260810_154114_079,1,Unspecified,Blink,1007,2026-08-10T15:54:27.8001292+09:00,2026-08-10T15:54:27.9681292+09:00,793.721088,793.888552,167.464,45344,45354,0.997158,0.852439,1,0,EyesOpened
20260810_154114_079,1,Unspecified,Blink,1008,2026-08-10T15:54:28.1621292+09:00,2026-08-10T15:54:28.3011292+09:00,794.083198,794.222383,139.184,45366,45374,0.978365,0.656570,1,0,EyesOpened
20260810_154114_079,1,Unspecified,Blink,1009,2026-08-10T15:54:28.8171292+09:00,2026-08-10T15:54:28.9701292+09:00,794.737637,794.890859,153.222,45405,45414,0.988696,0.697260,1,0,EyesOpened
20260810_154114_079,1,Unspecified,Blink,1010,2026-08-10T15:54:29.5971292+09:00,2026-08-10T15:54:29.7361292+09:00,795.517515,795.656724,139.209,45452,45460,0.993402,0.713784,1,0,EyesOpened
20260810_154114_079,1,Unspecified,Blink,1011,2026-08-10T15:54:30.0701292+09:00,2026-08-10T15:54:30.2371292+09:00,795.990793,796.157994,167.201,45480,45490,0.985739,0.668433,1,0,EyesOpened
20260810_154114_079,1,Unspecified,Blink,1012,2026-08-10T15:54:31.4341292+09:00,2026-08-10T15:54:31.4751292+09:00,797.354575,797.396320,41.744,45562,45565,0.920977,0.642688,0,0,EyesOpened
20260810_154114_079,1,Unspecified,Blink,1013,2026-08-10T15:54:31.7261292+09:00,2026-08-10T15:54:31.8511292+09:00,797.646975,797.772221,125.245,45580,45587,0.887500,0.666632,1,0,EyesOpened
20260810_154114_079,1,Unspecified,Blink,1014,2026-08-10T15:54:33.7031292+09:00,2026-08-10T15:54:33.9121292+09:00,799.623941,799.833234,209.292,45698,45711,0.996778,0.911003,1,0,EyesOpened
20260810_154114_079,1,Unspecified,Blink,1015,2026-08-10T15:54:35.5971292+09:00,2026-08-10T15:54:35.7641292+09:00,801.517611,801.684679,167.067,45812,45822,0.881345,0.648108,1,0,EyesOpened
20260810_154114_079,1,Unspecified,Blink,1016,2026-08-10T15:54:35.9031292+09:00,2026-08-10T15:54:36.0141292+09:00,801.824143,801.935292,111.149,45830,45837,0.899659,0.551681,1,0,EyesOpened
20260810_154114_079,1,Unspecified,Blink,1017,2026-08-10T15:54:36.6821292+09:00,2026-08-10T15:54:36.7661292+09:00,802.603166,802.687022,83.856,45877,45882,0.968379,0.834306,1,0,EyesOpened
20260810_154114_079,1,Unspecified,Blink,1018,2026-08-10T15:54:37.8101292+09:00,2026-08-10T15:54:37.9081292+09:00,803.731059,803.828632,97.574,45945,45951,0.872568,0.749709,1,0,EyesOpened
20260810_154114_079,1,Unspecified,Blink,1019,2026-08-10T15:54:38.2141292+09:00,2026-08-10T15:54:38.3811292+09:00,804.134863,804.301682,166.819,45969,45979,0.931436,0.743853,1,0,EyesOpened
20260810_154114_079,1,Unspecified,Blink,1020,2026-08-10T15:54:38.5341292+09:00,2026-08-10T15:54:38.6591292+09:00,804.455064,804.580364,125.300,45988,45996,0.976851,0.673860,1,0,EyesOpened
20260810_154114_079,1,Unspecified,Blink,1021,2026-08-10T15:54:39.2021292+09:00,2026-08-10T15:54:39.2301292+09:00,805.123375,805.151407,28.032,46028,46030,0.692876,0.334329,0,0,EyesOpened
20260810_154114_079,1,Unspecified,Blink,1022,2026-08-10T15:54:39.6621292+09:00,2026-08-10T15:54:39.7591292+09:00,805.582787,805.680397,97.610,46056,46062,0.836244,0.512420,1,0,EyesOpened
20260810_154114_079,1,Unspecified,Blink,1023,2026-08-10T15:54:40.2611292+09:00,2026-08-10T15:54:40.4141292+09:00,806.181543,806.334872,153.329,46092,46101,0.916916,0.629626,1,0,EyesOpened
20260810_154114_079,1,Unspecified,Blink,1024,2026-08-10T15:54:40.7761292+09:00,2026-08-10T15:54:40.8591292+09:00,806.696971,806.780448,83.477,46123,46128,0.771496,0.461792,1,0,EyesOpened
20260810_154114_079,1,Unspecified,Blink,1025,2026-08-10T15:54:41.7501292+09:00,2026-08-10T15:54:41.8341292+09:00,807.670914,807.754650,83.736,46181,46186,0.759900,0.571006,1,0,EyesOpened
20260810_154114_079,1,Unspecified,Blink,1026,2026-08-10T15:54:42.3761292+09:00,2026-08-10T15:54:42.4601292+09:00,808.297496,808.380917,83.421,46219,46224,0.722691,0.407036,1,0,EyesOpened
20260810_154114_079,1,Unspecified,Blink,1027,2026-08-10T15:54:43.1831292+09:00,2026-08-10T15:54:43.2531292+09:00,809.104438,809.174290,69.852,46267,46271,0.932644,0.641920,1,0,EyesOpened
20260810_154114_079,1,Unspecified,Blink,1028,2026-08-10T15:54:43.6291292+09:00,2026-08-10T15:54:43.7131292+09:00,809.550237,809.633786,83.550,46294,46299,0.924578,0.690832,1,0,EyesOpened
20260810_154114_079,1,Unspecified,Blink,1029,2026-08-10T15:54:44.0471292+09:00,2026-08-10T15:54:44.1451292+09:00,809.968106,810.065507,97.401,46319,46325,0.968548,0.607089,1,0,EyesOpened
20260810_154114_079,1,Unspecified,Blink,1030,2026-08-10T15:54:44.4371292+09:00,2026-08-10T15:54:44.5771292+09:00,810.358118,810.497524,139.406,46342,46351,0.984293,0.563310,1,0,EyesOpened
20260810_154114_079,1,Unspecified,Blink,1031,2026-08-10T15:54:45.7741292+09:00,2026-08-10T15:54:45.8291292+09:00,811.694702,811.750401,55.699,46423,46426,0.833642,0.524388,1,0,EyesOpened
20260810_154114_079,1,Unspecified,Blink,1032,2026-08-10T15:54:46.3581292+09:00,2026-08-10T15:54:46.4421292+09:00,812.279108,812.362533,83.425,46458,46463,0.852595,0.467202,1,0,EyesOpened
20260810_154114_079,1,Unspecified,Blink,1033,2026-08-10T15:54:46.7201292+09:00,2026-08-10T15:54:46.7621292+09:00,812.640994,812.682853,41.859,46479,46482,0.979238,0.465119,0,0,EyesOpened
20260810_154114_079,1,Unspecified,Blink,1034,2026-08-10T15:54:47.5691292+09:00,2026-08-10T15:54:47.6531292+09:00,813.490454,813.573966,83.512,46530,46535,0.924835,0.647242,1,0,EyesOpened
20260810_154114_079,1,Unspecified,Blink,1035,2026-08-10T15:54:47.9591292+09:00,2026-08-10T15:54:48.0851292+09:00,813.880175,814.005511,125.336,46554,46561,0.975527,0.796268,1,0,EyesOpened
20260810_154114_079,1,Unspecified,Blink,1036,2026-08-10T15:54:49.1701292+09:00,2026-08-10T15:54:49.2961292+09:00,815.091416,815.216725,125.309,46626,46634,0.989089,0.692429,1,0,EyesOpened
20260810_154114_079,1,Unspecified,Blink,1037,2026-08-10T15:54:49.8251292+09:00,2026-08-10T15:54:49.9091292+09:00,815.745647,815.829518,83.871,46666,46671,0.942529,0.771848,1,0,EyesOpened
20260810_154114_079,1,Unspecified,Blink,1038,2026-08-10T15:54:50.2151292+09:00,2026-08-10T15:54:50.3121292+09:00,816.135875,816.233140,97.264,46689,46695,0.996027,0.815357,1,0,EyesOpened
20260810_154114_079,1,Unspecified,Blink,1039,2026-08-10T15:54:50.6331292+09:00,2026-08-10T15:54:50.7021292+09:00,816.553517,816.622992,69.475,46714,46718,0.950264,0.637683,1,0,EyesOpened
20260810_154114_079,1,Unspecified,Blink,1040,2026-08-10T15:54:51.6491292+09:00,2026-08-10T15:54:51.7601292+09:00,817.569707,817.680920,111.213,46775,46782,0.975319,0.805594,1,0,EyesOpened
20260810_154114_079,1,Unspecified,Blink,1041,2026-08-10T15:54:52.2751292+09:00,2026-08-10T15:54:52.4001292+09:00,818.196461,818.321331,124.870,46813,46820,0.889983,0.688395,1,0,EyesOpened
20260810_154114_079,1,Unspecified,Blink,1042,2026-08-10T15:54:52.5541292+09:00,2026-08-10T15:54:52.6511292+09:00,818.474819,818.572331,97.512,46829,46835,0.987836,0.802306,1,0,EyesOpened
20260810_154114_079,1,Unspecified,Blink,1043,2026-08-10T15:54:53.9181292+09:00,2026-08-10T15:54:54.0161292+09:00,819.839414,819.936926,97.512,46911,46917,0.921478,0.657053,1,0,EyesOpened
20260810_154114_079,1,Unspecified,Blink,1044,2026-08-10T15:54:54.2531292+09:00,2026-08-10T15:54:54.3781292+09:00,820.173758,820.299182,125.425,46931,46939,0.960269,0.641420,1,0,EyesOpened
20260810_154114_079,1,Unspecified,Blink,1045,2026-08-10T15:54:55.7291292+09:00,2026-08-10T15:54:55.8261292+09:00,821.649999,821.747473,97.474,47020,47026,0.532219,0.406833,1,0,EyesOpened
20260810_154114_079,1,Unspecified,Blink,1046,2026-08-10T15:54:55.8961292+09:00,2026-08-10T15:54:56.0351292+09:00,821.816978,821.956160,139.182,47030,47038,0.980727,0.742665,1,0,EyesOpened
20260810_154114_079,1,Unspecified,Blink,1047,2026-08-10T15:54:56.4801292+09:00,2026-08-10T15:54:56.6341292+09:00,822.401378,822.555392,154.014,47065,47074,0.906265,0.646999,1,0,EyesOpened
20260810_154114_079,1,Unspecified,Blink,1048,2026-08-10T15:54:57.0371292+09:00,2026-08-10T15:54:57.1621292+09:00,822.958040,823.083210,125.170,47098,47106,0.903769,0.555326,1,0,EyesOpened
20260810_154114_079,1,Unspecified,Blink,1049,2026-08-10T15:54:57.5661292+09:00,2026-08-10T15:54:57.7191292+09:00,823.487319,823.640335,153.016,47130,47139,0.913600,0.631678,1,0,EyesOpened
20260810_154114_079,1,Unspecified,Blink,1050,2026-08-10T15:54:57.8591292+09:00,2026-08-10T15:54:57.9841292+09:00,823.779684,823.904775,125.091,47148,47155,0.968327,0.617822,1,0,EyesOpened
20260810_154114_079,1,Unspecified,Blink,1051,2026-08-10T15:54:58.2211292+09:00,2026-08-10T15:54:58.3321292+09:00,824.141569,824.253298,111.729,47169,47176,0.937591,0.629583,1,0,EyesOpened
20260810_154114_079,1,Unspecified,Blink,1052,2026-08-10T15:54:58.5691292+09:00,2026-08-10T15:54:58.6941292+09:00,824.490331,824.615319,124.988,47190,47198,0.969803,0.786567,1,0,EyesOpened
20260810_154114_079,1,Unspecified,Blink,1053,2026-08-10T15:54:59.8081292+09:00,2026-08-10T15:54:59.9331292+09:00,825.729063,825.854341,125.277,47265,47272,0.965176,0.738390,1,0,EyesOpened
20260810_154114_079,1,Unspecified,Blink,1054,2026-08-10T15:55:00.0861292+09:00,2026-08-10T15:55:00.2541292+09:00,826.007411,826.174547,167.136,47281,47291,0.986758,0.702291,1,0,EyesOpened
20260810_154114_079,1,Unspecified,Blink,1055,2026-08-10T15:55:00.3931292+09:00,2026-08-10T15:55:00.5181292+09:00,826.313775,826.439184,125.410,47300,47307,0.972747,0.719654,1,0,EyesOpened
20260810_154114_079,1,Unspecified,Blink,1056,2026-08-10T15:55:01.7851292+09:00,2026-08-10T15:55:01.8961292+09:00,827.705950,827.817134,111.184,47383,47390,0.874680,0.545422,1,0,EyesOpened
20260810_154114_079,1,Unspecified,Blink,1057,2026-08-10T15:55:02.1191292+09:00,2026-08-10T15:55:02.2441292+09:00,828.039850,828.165227,125.377,47403,47411,0.961116,0.640958,1,0,EyesOpened
20260810_154114_079,1,Unspecified,Blink,1058,2026-08-10T15:55:03.6651292+09:00,2026-08-10T15:55:03.7621292+09:00,829.585569,829.683024,97.456,47496,47502,0.843282,0.614603,1,0,EyesOpened
20260810_154114_079,1,Unspecified,Blink,1059,2026-08-10T15:55:04.0691292+09:00,2026-08-10T15:55:04.2501292+09:00,829.989767,830.170506,180.738,47520,47531,0.972642,0.663276,1,0,EyesOpened
20260810_154114_079,1,Unspecified,Blink,1060,2026-08-10T15:55:04.4171292+09:00,2026-08-10T15:55:04.5001292+09:00,830.337683,830.421054,83.371,47541,47546,0.970692,0.764541,1,0,EyesOpened
20260810_154114_079,1,Unspecified,Blink,1061,2026-08-10T15:55:05.9201292+09:00,2026-08-10T15:55:06.0041292+09:00,831.841170,831.924715,83.546,47631,47636,0.619442,0.391534,1,0,EyesOpened
20260810_154114_079,1,Unspecified,Blink,1062,2026-08-10T15:55:07.6321292+09:00,2026-08-10T15:55:07.7301292+09:00,833.553457,833.650900,97.442,47734,47740,0.866880,0.647856,1,0,EyesOpened
20260810_154114_079,1,Unspecified,Blink,1063,2026-08-10T15:55:08.0501292+09:00,2026-08-10T15:55:08.2031292+09:00,833.971211,834.124115,152.904,47759,47768,0.957740,0.605734,1,0,EyesOpened
20260810_154114_079,1,Unspecified,Blink,1064,2026-08-10T15:55:08.4961292+09:00,2026-08-10T15:55:08.5931292+09:00,834.416674,834.514094,97.420,47786,47792,0.889117,0.645287,1,0,EyesOpened
20260810_154114_079,1,Unspecified,Blink,1065,2026-08-10T15:55:09.7211292+09:00,2026-08-10T15:55:09.8041292+09:00,835.641650,835.725167,83.517,47859,47864,0.899405,0.541311,1,0,EyesOpened
20260810_154114_079,1,Unspecified,Blink,1066,2026-08-10T15:55:09.9301292+09:00,2026-08-10T15:55:10.0271292+09:00,835.850713,835.948186,97.473,47872,47878,0.903562,0.616763,1,0,EyesOpened
20260810_154114_079,1,Unspecified,Blink,1067,2026-08-10T15:55:10.4171292+09:00,2026-08-10T15:55:10.4871292+09:00,836.337950,836.407607,69.657,47901,47905,0.905950,0.579783,1,0,EyesOpened
20260810_154114_079,1,Unspecified,Blink,1068,2026-08-10T15:55:11.7531292+09:00,2026-08-10T15:55:11.8781292+09:00,837.674023,837.799064,125.042,47981,47989,0.890131,0.602947,1,0,EyesOpened
20260810_154114_079,1,Unspecified,Blink,1069,2026-08-10T15:55:12.0451292+09:00,2026-08-10T15:55:12.1981292+09:00,837.966011,838.119278,153.268,47999,48008,0.973512,0.644697,1,0,EyesOpened
20260810_154114_079,1,Unspecified,Blink,1070,2026-08-10T15:55:12.5191292+09:00,2026-08-10T15:55:12.6161292+09:00,838.439638,838.536962,97.324,48027,48033,0.972340,0.730587,1,0,EyesOpened
20260810_154114_079,1,Unspecified,Blink,1071,2026-08-10T15:55:13.6321292+09:00,2026-08-10T15:55:13.7301292+09:00,839.553499,839.651127,97.628,48094,48100,0.987125,0.838689,1,0,EyesOpened
20260810_154114_079,1,Unspecified,Blink,1072,2026-08-10T15:55:13.8831292+09:00,2026-08-10T15:55:13.9951292+09:00,839.804041,839.915700,111.659,48109,48116,0.985374,0.770704,1,0,EyesOpened
20260810_154114_079,1,Unspecified,Blink,1073,2026-08-10T15:55:14.1611292+09:00,2026-08-10T15:55:14.3011292+09:00,840.082495,840.221781,139.286,48126,48134,0.971817,0.636644,1,0,EyesOpened
20260810_154114_079,1,Unspecified,Blink,1074,2026-08-10T15:55:15.5681292+09:00,2026-08-10T15:55:15.7211292+09:00,841.488608,841.641563,152.955,48210,48219,0.947350,0.693957,1,0,EyesOpened
20260810_154114_079,1,Unspecified,Blink,1075,2026-08-10T15:55:15.8601292+09:00,2026-08-10T15:55:16.2361292+09:00,841.780880,842.156708,375.828,48228,48250,0.997000,0.929225,1,0,EyesOpened
20260810_154114_079,1,Unspecified,Blink,1076,2026-08-10T15:55:17.6701292+09:00,2026-08-10T15:55:17.7951292+09:00,843.590757,843.716169,125.413,48336,48344,0.875176,0.569361,1,0,EyesOpened
20260810_154114_079,1,Unspecified,Blink,1077,2026-08-10T15:55:17.9341292+09:00,2026-08-10T15:55:18.1011292+09:00,843.855379,844.022299,166.920,48352,48362,0.897953,0.597251,1,0,EyesOpened
20260810_154114_079,1,Unspecified,Blink,1078,2026-08-10T15:55:18.2821292+09:00,2026-08-10T15:55:18.3941292+09:00,844.203293,844.314798,111.505,48373,48380,0.885267,0.706502,1,0,EyesOpened
20260810_154114_079,1,Unspecified,Blink,1079,2026-08-10T15:55:19.5911292+09:00,2026-08-10T15:55:19.7021292+09:00,845.512018,845.623400,111.383,48452,48458,0.983905,0.721465,1,0,EyesOpened
20260810_154114_079,1,Unspecified,Blink,1080,2026-08-10T15:55:19.9671292+09:00,2026-08-10T15:55:20.0921292+09:00,845.888161,846.013499,125.338,48474,48482,0.986464,0.655614,1,0,EyesOpened
20260810_154114_079,1,Unspecified,Blink,1081,2026-08-10T15:55:20.3011292+09:00,2026-08-10T15:55:20.4131292+09:00,846.222134,846.333685,111.551,48494,48501,0.963998,0.686357,1,0,EyesOpened
20260810_154114_079,1,Unspecified,Blink,1082,2026-08-10T15:55:20.5941292+09:00,2026-08-10T15:55:20.7191292+09:00,846.514659,846.639909,125.250,48512,48519,0.982360,0.758844,1,0,EyesOpened
20260810_154114_079,1,Unspecified,Blink,1083,2026-08-10T15:55:20.9701292+09:00,2026-08-10T15:55:21.0671292+09:00,846.890554,846.987911,97.357,48534,48540,0.940284,0.750498,1,0,EyesOpened
20260810_154114_079,1,Unspecified,Blink,1084,2026-08-10T15:55:21.6511292+09:00,2026-08-10T15:55:21.8321292+09:00,847.572278,847.753493,181.215,48575,48586,0.975908,0.665695,1,0,EyesOpened
20260810_154114_079,1,Unspecified,Blink,1085,2026-08-10T15:55:21.9851292+09:00,2026-08-10T15:55:22.1531292+09:00,847.906391,848.073750,167.359,48595,48605,0.975865,0.643935,1,0,EyesOpened
20260810_154114_079,1,Unspecified,Blink,1086,2026-08-10T15:55:22.4171292+09:00,2026-08-10T15:55:22.5701292+09:00,848.338106,848.491448,153.343,48621,48630,0.992329,0.708491,1,0,EyesOpened
20260810_154114_079,1,Unspecified,Blink,1087,2026-08-10T15:55:23.6981292+09:00,2026-08-10T15:55:23.8511292+09:00,849.619083,849.772254,153.171,48698,48707,0.971323,0.787386,1,0,EyesOpened
20260810_154114_079,1,Unspecified,Blink,1088,2026-08-10T15:55:24.0881292+09:00,2026-08-10T15:55:24.2831292+09:00,850.008858,850.203517,194.659,48721,48733,0.986764,0.862462,1,0,EyesOpened
20260810_154114_079,1,Unspecified,Blink,1089,2026-08-10T15:55:25.6611292+09:00,2026-08-10T15:55:25.7591292+09:00,851.582159,851.679740,97.581,48816,48822,0.987096,0.633653,1,0,EyesOpened
20260810_154114_079,1,Unspecified,Blink,1090,2026-08-10T15:55:26.0091292+09:00,2026-08-10T15:55:26.0931292+09:00,851.930453,852.013855,83.402,48837,48842,0.953517,0.766940,1,0,EyesOpened
20260810_154114_079,1,Unspecified,Blink,1091,2026-08-10T15:55:26.4271292+09:00,2026-08-10T15:55:26.5521292+09:00,852.348150,852.473244,125.094,48862,48869,0.998478,0.836173,1,0,EyesOpened
20260810_154114_079,1,Unspecified,Blink,1092,2026-08-10T15:55:26.9011292+09:00,2026-08-10T15:55:27.0251292+09:00,852.821738,852.946229,124.491,48890,48898,0.995075,0.556405,1,0,EyesOpened
20260810_154114_079,1,Unspecified,Blink,1093,2026-08-10T15:55:27.5681292+09:00,2026-08-10T15:55:27.6801292+09:00,853.489389,853.600524,111.135,48930,48937,0.994882,0.775198,1,0,EyesOpened
20260810_154114_079,1,Unspecified,Blink,1094,2026-08-10T15:55:28.0701292+09:00,2026-08-10T15:55:28.1671292+09:00,853.990804,854.088193,97.389,48960,48966,0.980217,0.614812,1,0,EyesOpened
20260810_154114_079,1,Unspecified,Blink,1095,2026-08-10T15:55:28.5851292+09:00,2026-08-10T15:55:28.7521292+09:00,854.505995,854.673314,167.319,48991,49001,0.984963,0.779299,1,0,EyesOpened
20260810_154114_079,1,Unspecified,Blink,1096,2026-08-10T15:55:29.4201292+09:00,2026-08-10T15:55:29.5181292+09:00,855.341409,855.439116,97.707,49041,49047,0.977094,0.602071,1,0,EyesOpened
20260810_154114_079,1,Unspecified,Blink,1097,2026-08-10T15:55:30.0471292+09:00,2026-08-10T15:55:30.1451292+09:00,855.968077,856.065535,97.459,49079,49085,0.905659,0.602213,1,0,EyesOpened
20260810_154114_079,1,Unspecified,Blink,1098,2026-08-10T15:55:31.6201292+09:00,2026-08-10T15:55:31.7451292+09:00,857.540674,857.666072,125.398,49173,49181,0.982898,0.663406,1,0,EyesOpened
20260810_154114_079,1,Unspecified,Blink,1099,2026-08-10T15:55:31.9261292+09:00,2026-08-10T15:55:32.0511292+09:00,857.847200,857.972290,125.090,49192,49199,0.983362,0.747471,1,0,EyesOpened
20260810_154114_079,1,Unspecified,Blink,1100,2026-08-10T15:55:33.4581292+09:00,2026-08-10T15:55:33.6241292+09:00,859.378534,859.545431,166.897,49284,49294,0.985958,0.565410,1,0,EyesOpened
20260810_154114_079,1,Unspecified,Blink,1101,2026-08-10T15:55:33.9171292+09:00,2026-08-10T15:55:34.0151292+09:00,859.838057,859.935629,97.571,49311,49317,0.893332,0.576464,1,0,EyesOpened
20260810_154114_079,1,Unspecified,Blink,1102,2026-08-10T15:55:34.3491292+09:00,2026-08-10T15:55:34.4461292+09:00,860.269781,860.367405,97.625,49337,49343,0.950294,0.627762,1,0,EyesOpened
20260810_154114_079,1,Unspecified,Blink,1103,2026-08-10T15:55:34.7531292+09:00,2026-08-10T15:55:34.8781292+09:00,860.673563,860.798994,125.431,49361,49369,0.986577,0.699487,1,0,EyesOpened
20260810_154114_079,1,Unspecified,Blink,1104,2026-08-10T15:55:35.7271292+09:00,2026-08-10T15:55:35.8241292+09:00,861.647951,861.745198,97.247,49420,49426,0.986994,0.790445,1,0,EyesOpened
20260810_154114_079,1,Unspecified,Blink,1105,2026-08-10T15:55:36.1031292+09:00,2026-08-10T15:55:36.2141292+09:00,862.023674,862.134975,111.302,49442,49449,0.972496,0.666847,1,0,EyesOpened
20260810_154114_079,1,Unspecified,Blink,1106,2026-08-10T15:55:36.3671292+09:00,2026-08-10T15:55:36.4781292+09:00,862.287905,862.399318,111.412,49458,49465,0.968439,0.684190,1,0,EyesOpened
20260810_154114_079,1,Unspecified,Blink,1107,2026-08-10T15:55:37.2861292+09:00,2026-08-10T15:55:37.3971292+09:00,863.206950,863.318363,111.414,49513,49520,0.984801,0.699518,1,0,EyesOpened
20260810_154114_079,1,Unspecified,Blink,1108,2026-08-10T15:55:37.8291292+09:00,2026-08-10T15:55:37.9261292+09:00,863.749922,863.847330,97.408,49546,49552,0.966589,0.747845,1,0,EyesOpened
20260810_154114_079,1,Unspecified,Blink,1109,2026-08-10T15:55:38.1351292+09:00,2026-08-10T15:55:38.3021292+09:00,864.056330,864.223436,167.106,49564,49574,0.985710,0.602504,1,0,EyesOpened
20260810_154114_079,1,Unspecified,Blink,1110,2026-08-10T15:55:39.6531292+09:00,2026-08-10T15:55:39.7651292+09:00,865.574378,865.685549,111.171,49655,49662,0.947706,0.726267,1,0,EyesOpened
20260810_154114_079,1,Unspecified,Blink,1111,2026-08-10T15:55:39.9871292+09:00,2026-08-10T15:55:40.1131292+09:00,865.908385,866.033751,125.365,49675,49683,0.994898,0.724785,1,0,EyesOpened
20260810_154114_079,1,Unspecified,Blink,1112,2026-08-10T15:55:40.3081292+09:00,2026-08-10T15:55:40.5021292+09:00,866.228615,866.423292,194.677,49695,49706,0.969160,0.662973,1,0,EyesOpened
20260810_154114_079,1,Unspecified,Blink,1113,2026-08-10T15:55:40.6701292+09:00,2026-08-10T15:55:40.7811292+09:00,866.590614,866.701841,111.227,49716,49723,0.949905,0.822995,1,0,EyesOpened
20260810_154114_079,1,Unspecified,Blink,1114,2026-08-10T15:55:41.7971292+09:00,2026-08-10T15:55:41.9501292+09:00,867.717720,867.871070,153.350,49784,49793,0.925994,0.735567,1,0,EyesOpened
20260810_154114_079,1,Unspecified,Blink,1115,2026-08-10T15:55:42.0611292+09:00,2026-08-10T15:55:42.3681292+09:00,867.982087,868.288620,306.533,49800,49818,0.999985,0.851561,1,0,EyesOpened
20260810_154114_079,1,Unspecified,Blink,1116,2026-08-10T15:55:43.7601292+09:00,2026-08-10T15:55:43.8851292+09:00,869.680841,869.805866,125.025,49902,49909,0.998945,0.779410,1,0,EyesOpened
20260810_154114_079,1,Unspecified,Blink,1117,2026-08-10T15:55:44.3031292+09:00,2026-08-10T15:55:44.4001292+09:00,870.223541,870.320979,97.438,49934,49940,0.858651,0.705805,1,0,EyesOpened
20260810_154114_079,1,Unspecified,Blink,1118,2026-08-10T15:55:44.7621292+09:00,2026-08-10T15:55:44.8181292+09:00,870.682914,870.738816,55.902,49962,49965,0.567259,0.439227,1,0,EyesOpened
20260810_154114_079,1,Unspecified,Blink,1119,2026-08-10T15:55:45.7371292+09:00,2026-08-10T15:55:45.8341292+09:00,871.657682,871.755113,97.431,50020,50026,0.981123,0.471844,1,0,EyesOpened
20260810_154114_079,1,Unspecified,Blink,1120,2026-08-10T15:55:46.0841292+09:00,2026-08-10T15:55:46.1541292+09:00,872.005403,872.075056,69.654,50041,50045,0.959139,0.715592,1,0,EyesOpened
20260810_154114_079,1,Unspecified,Blink,1121,2026-08-10T15:55:46.4741292+09:00,2026-08-10T15:55:46.5861292+09:00,872.395332,872.506511,111.179,50065,50071,0.979262,0.801310,1,0,EyesOpened
20260810_154114_079,1,Unspecified,Blink,1122,2026-08-10T15:55:48.4381292+09:00,2026-08-10T15:55:48.5631292+09:00,874.358684,874.483851,125.168,50182,50190,0.957699,0.573481,1,0,EyesOpened
20260810_154114_079,1,Unspecified,Blink,1123,2026-08-10T15:55:48.7861292+09:00,2026-08-10T15:55:48.8971292+09:00,874.706972,874.818178,111.207,50203,50210,0.974624,0.639650,1,0,EyesOpened
20260810_154114_079,1,Unspecified,Blink,1124,2026-08-10T15:55:49.6351292+09:00,2026-08-10T15:55:49.7601292+09:00,875.556229,875.681480,125.251,50254,50262,0.963628,0.777009,1,0,EyesOpened
20260810_154114_079,1,Unspecified,Blink,1125,2026-08-10T15:55:49.9701292+09:00,2026-08-10T15:55:50.0951292+09:00,875.890546,876.015881,125.335,50274,50282,0.975229,0.734402,1,0,EyesOpened
20260810_154114_079,1,Unspecified,Blink,1126,2026-08-10T15:55:50.4711292+09:00,2026-08-10T15:55:50.5681292+09:00,876.391902,876.489289,97.387,50304,50310,0.947734,0.640119,1,0,EyesOpened
20260810_154114_079,1,Unspecified,Blink,1127,2026-08-10T15:55:51.8211292+09:00,2026-08-10T15:55:51.9321292+09:00,877.741935,877.853385,111.450,50385,50392,0.960895,0.729361,1,0,EyesOpened
20260810_154114_079,1,Unspecified,Blink,1128,2026-08-10T15:55:52.0851292+09:00,2026-08-10T15:55:52.2251292+09:00,878.006385,878.145567,139.182,50401,50410,0.945912,0.633091,1,0,EyesOpened
20260810_154114_079,1,Unspecified,Blink,1129,2026-08-10T15:55:52.3641292+09:00,2026-08-10T15:55:52.5171292+09:00,878.284768,878.438026,153.258,50418,50427,0.987487,0.704067,1,0,EyesOpened
20260810_154114_079,1,Unspecified,Blink,1130,2026-08-10T15:55:52.7261292+09:00,2026-08-10T15:55:52.8371292+09:00,878.646793,878.758344,111.551,50440,50446,0.941339,0.759104,1,0,EyesOpened
20260810_154114_079,1,Unspecified,Blink,1131,2026-08-10T15:55:57.7521292+09:00,2026-08-10T15:55:57.8361292+09:00,883.673293,883.756627,83.334,50741,50746,0.908361,0.598320,1,0,EyesOpened
20260810_154114_079,1,Unspecified,Blink,1132,2026-08-10T15:55:58.2531292+09:00,2026-08-10T15:55:58.3791292+09:00,884.174280,884.299656,125.375,50771,50779,0.950710,0.675120,1,0,EyesOpened
20260810_154114_079,1,Unspecified,Blink,1133,2026-08-10T15:55:58.4341292+09:00,2026-08-10T15:55:58.5601292+09:00,884.355282,884.480693,125.411,50782,50790,0.996341,0.857290,1,0,EyesOpened
20260810_154114_079,1,Unspecified,Blink,1134,2026-08-10T15:55:58.8801292+09:00,2026-08-10T15:55:58.9631292+09:00,884.800759,884.884102,83.343,50809,50814,0.941851,0.761379,1,0,EyesOpened
20260810_154114_079,1,Unspecified,Blink,1135,2026-08-10T15:55:59.7151292+09:00,2026-08-10T15:55:59.8681292+09:00,885.635858,885.789079,153.221,50859,50868,0.914037,0.691981,1,0,EyesOpened
20260810_154114_079,1,Unspecified,Blink,1136,2026-08-10T15:56:00.0631292+09:00,2026-08-10T15:56:00.2441292+09:00,885.983871,886.165066,181.195,50880,50891,0.986915,0.700132,1,0,EyesOpened
20260810_154114_079,1,Unspecified,Blink,1137,2026-08-10T15:56:00.4251292+09:00,2026-08-10T15:56:00.5091292+09:00,886.345866,886.429540,83.674,50902,50907,0.965156,0.788902,1,0,EyesOpened
20260810_154114_079,1,Unspecified,Blink,1138,2026-08-10T15:56:01.7471292+09:00,2026-08-10T15:56:01.8591292+09:00,887.668401,887.779777,111.376,50981,50988,0.951490,0.474213,1,0,EyesOpened
20260810_154114_079,1,Unspecified,Blink,1139,2026-08-10T15:56:02.0261292+09:00,2026-08-10T15:56:02.1371292+09:00,887.946535,888.058252,111.717,50998,51004,0.952855,0.760708,1,0,EyesOpened
20260810_154114_079,1,Unspecified,Blink,1140,2026-08-10T15:56:02.4301292+09:00,2026-08-10T15:56:02.5271292+09:00,888.350570,888.448026,97.456,51022,51028,0.999101,0.733635,1,0,EyesOpened
20260810_154114_079,1,Unspecified,Blink,1141,2026-08-10T15:56:02.9031292+09:00,2026-08-10T15:56:03.0001292+09:00,888.823926,888.921048,97.121,51050,51056,0.994411,0.749465,1,0,EyesOpened
20260810_154114_079,1,Unspecified,Blink,1142,2026-08-10T15:56:03.4451292+09:00,2026-08-10T15:56:03.6121292+09:00,889.365866,889.533370,167.505,51083,51093,0.997027,0.823691,1,0,EyesOpened
20260810_154114_079,1,Unspecified,Blink,1143,2026-08-10T15:56:03.6821292+09:00,2026-08-10T15:56:03.8491292+09:00,889.602731,889.770018,167.286,51097,51107,0.986618,0.757653,1,0,EyesOpened
20260810_154114_079,1,Unspecified,Blink,1144,2026-08-10T15:56:04.0301292+09:00,2026-08-10T15:56:04.1691292+09:00,889.950900,890.090187,139.287,51118,51126,0.984143,0.668982,1,0,EyesOpened
20260810_154114_079,1,Unspecified,Blink,1145,2026-08-10T15:56:04.4341292+09:00,2026-08-10T15:56:04.5591292+09:00,890.354803,890.480115,125.313,51142,51150,0.998285,0.719843,1,0,EyesOpened
20260810_154114_079,1,Unspecified,Blink,1146,2026-08-10T15:56:04.8101292+09:00,2026-08-10T15:56:04.9491292+09:00,890.730579,890.870145,139.567,51165,51173,0.974485,0.757189,1,0,EyesOpened
20260810_154114_079,1,Unspecified,Blink,1147,2026-08-10T15:56:05.7711292+09:00,2026-08-10T15:56:05.8541292+09:00,891.691763,891.775185,83.422,51222,51227,0.798469,0.633921,1,0,EyesOpened
20260810_154114_079,1,Unspecified,Blink,1148,2026-08-10T15:56:06.0631292+09:00,2026-08-10T15:56:06.1471292+09:00,891.983813,892.067745,83.933,51240,51245,0.968762,0.805028,1,0,EyesOpened
20260810_154114_079,1,Unspecified,Blink,1149,2026-08-10T15:56:06.9541292+09:00,2026-08-10T15:56:07.0651292+09:00,892.874744,892.986010,111.266,51293,51300,0.996463,0.743820,1,0,EyesOpened
20260810_154114_079,1,Unspecified,Blink,1150,2026-08-10T15:56:07.7751292+09:00,2026-08-10T15:56:07.9421292+09:00,893.696241,893.863306,167.065,51343,51353,0.994670,0.817585,1,0,EyesOpened
20260810_154114_079,1,Unspecified,Blink,1151,2026-08-10T15:56:09.6971292+09:00,2026-08-10T15:56:09.8081292+09:00,895.618015,895.729472,111.457,51458,51465,0.978853,0.617024,1,0,EyesOpened
20260810_154114_079,1,Unspecified,Blink,1152,2026-08-10T15:56:09.9481292+09:00,2026-08-10T15:56:10.1151292+09:00,895.868990,896.035761,166.771,51473,51483,0.994048,0.749956,1,0,EyesOpened
20260810_154114_079,1,Unspecified,Blink,1153,2026-08-10T15:56:10.2821292+09:00,2026-08-10T15:56:10.4351292+09:00,896.202709,896.356104,153.394,51493,51502,0.972453,0.728759,1,0,EyesOpened
20260810_154114_079,1,Unspecified,Blink,1154,2026-08-10T15:56:11.7301292+09:00,2026-08-10T15:56:11.8411292+09:00,897.650591,897.761578,110.987,51580,51587,0.965922,0.669354,1,0,EyesOpened
20260810_154114_079,1,Unspecified,Blink,1155,2026-08-10T15:56:12.0361292+09:00,2026-08-10T15:56:12.1751292+09:00,897.956650,898.095976,139.326,51598,51607,0.991904,0.704022,1,0,EyesOpened
20260810_154114_079,1,Unspecified,Blink,1156,2026-08-10T15:56:12.5371292+09:00,2026-08-10T15:56:12.6761292+09:00,898.457917,898.597059,139.141,51628,51637,0.987664,0.787343,1,0,EyesOpened
20260810_154114_079,1,Unspecified,Blink,1157,2026-08-10T15:56:13.5951292+09:00,2026-08-10T15:56:13.7341292+09:00,899.516199,899.655449,139.250,51692,51700,0.971176,0.742879,1,0,EyesOpened
20260810_154114_079,1,Unspecified,Blink,1158,2026-08-10T15:56:13.9011292+09:00,2026-08-10T15:56:14.0411292+09:00,899.822220,899.961622,139.402,51710,51719,0.886396,0.566153,1,0,EyesOpened
20260810_154114_079,1,Unspecified,Blink,1159,2026-08-10T15:56:14.2911292+09:00,2026-08-10T15:56:14.4311292+09:00,900.212365,900.351573,139.208,51734,51742,0.999562,0.758803,1,0,EyesOpened
20260810_154114_079,1,Unspecified,Blink,1160,2026-08-10T15:56:15.5581292+09:00,2026-08-10T15:56:15.6971292+09:00,901.479293,901.618351,139.057,51810,51818,0.992250,0.772663,1,0,EyesOpened
20260810_154114_079,1,Unspecified,Blink,1161,2026-08-10T15:56:15.8641292+09:00,2026-08-10T15:56:15.9761292+09:00,901.785339,901.896954,111.615,51828,51835,0.995364,0.859518,1,0,EyesOpened
20260810_154114_079,1,Unspecified,Blink,1162,2026-08-10T15:56:16.1991292+09:00,2026-08-10T15:56:16.3521292+09:00,902.119674,902.272708,153.034,51848,51857,0.968277,0.663948,1,0,EyesOpened
20260810_154114_079,1,Unspecified,Blink,1163,2026-08-10T15:56:17.8831292+09:00,2026-08-10T15:56:17.9671292+09:00,903.803875,903.887572,83.697,51949,51954,0.949156,0.737129,1,0,EyesOpened
20260810_154114_079,1,Unspecified,Blink,1164,2026-08-10T15:56:18.1751292+09:00,2026-08-10T15:56:18.2451292+09:00,904.096304,904.165769,69.465,51967,51971,0.888932,0.646192,1,0,EyesOpened
20260810_154114_079,1,Unspecified,Blink,1165,2026-08-10T15:56:18.8851292+09:00,2026-08-10T15:56:18.9831292+09:00,904.806148,904.903957,97.809,52009,52015,0.994800,0.788382,1,0,EyesOpened
20260810_154114_079,1,Unspecified,Blink,1166,2026-08-10T15:56:19.6931292+09:00,2026-08-10T15:56:19.7761292+09:00,905.613820,905.697366,83.545,52058,52063,0.999725,0.797103,1,0,EyesOpened
20260810_154114_079,1,Unspecified,Blink,1167,2026-08-10T15:56:20.0821292+09:00,2026-08-10T15:56:20.2361292+09:00,906.003492,906.156750,153.258,52081,52090,0.993918,0.673701,1,0,EyesOpened
20260810_154114_079,1,Unspecified,Blink,1168,2026-08-10T15:56:20.4581292+09:00,2026-08-10T15:56:20.5701292+09:00,906.379349,906.490910,111.561,52104,52110,0.967226,0.511852,1,0,EyesOpened
20260810_154114_079,1,Unspecified,Blink,1169,2026-08-10T15:56:20.9451292+09:00,2026-08-10T15:56:21.0711292+09:00,906.866429,906.991729,125.300,52133,52140,0.977788,0.656643,1,0,EyesOpened
20260810_154114_079,1,Unspecified,Blink,1170,2026-08-10T15:56:21.7661292+09:00,2026-08-10T15:56:21.8081292+09:00,907.687332,907.729088,41.757,52182,52185,0.954663,0.654321,0,0,EyesOpened
20260810_154114_079,1,Unspecified,Blink,1171,2026-08-10T15:56:22.0871292+09:00,2026-08-10T15:56:22.1981292+09:00,908.007592,908.119175,111.583,52201,52208,0.993680,0.785649,1,0,EyesOpened
20260810_154114_079,1,Unspecified,Blink,1172,2026-08-10T15:56:22.3651292+09:00,2026-08-10T15:56:22.5041292+09:00,908.285919,908.425372,139.453,52218,52226,0.990325,0.644715,1,0,EyesOpened
20260810_154114_079,1,Unspecified,Blink,1173,2026-08-10T15:56:22.8661292+09:00,2026-08-10T15:56:23.0191292+09:00,908.787353,908.940469,153.116,52248,52257,0.994559,0.683474,1,0,EyesOpened
20260810_154114_079,1,Unspecified,Blink,1174,2026-08-10T15:56:23.6741292+09:00,2026-08-10T15:56:23.8131292+09:00,909.595196,909.734361,139.165,52297,52305,0.978499,0.764039,1,0,EyesOpened
20260810_154114_079,1,Unspecified,Blink,1175,2026-08-10T15:56:24.2451292+09:00,2026-08-10T15:56:24.4261292+09:00,910.165732,910.346758,181.026,52331,52342,0.994161,0.790941,1,0,EyesOpened
20260810_154114_079,1,Unspecified,Blink,1176,2026-08-10T15:56:24.5091292+09:00,2026-08-10T15:56:24.6491292+09:00,910.430441,910.569705,139.265,52347,52355,0.998978,0.786399,1,0,EyesOpened
20260810_154114_079,1,Unspecified,Blink,1177,2026-08-10T15:56:25.0661292+09:00,2026-08-10T15:56:25.1501292+09:00,910.987361,911.070900,83.539,52380,52385,0.948241,0.679357,1,0,EyesOpened
20260810_154114_079,1,Unspecified,Blink,1178,2026-08-10T15:56:25.5121292+09:00,2026-08-10T15:56:25.6791292+09:00,911.432928,911.599942,167.014,52407,52417,0.993009,0.550363,1,0,EyesOpened
20260810_154114_079,1,Unspecified,Blink,1179,2026-08-10T15:56:26.0691292+09:00,2026-08-10T15:56:26.1801292+09:00,911.989872,912.100999,111.127,52440,52447,0.910806,0.604457,1,0,EyesOpened
20260810_154114_079,1,Unspecified,Blink,1180,2026-08-10T15:56:26.4171292+09:00,2026-08-10T15:56:26.5281292+09:00,912.337813,912.449175,111.362,52461,52468,0.987416,0.775964,1,0,EyesOpened
20260810_154114_079,1,Unspecified,Blink,1181,2026-08-10T15:56:26.9321292+09:00,2026-08-10T15:56:27.0431292+09:00,912.852982,912.964156,111.174,52492,52499,0.979714,0.619267,1,0,EyesOpened
20260810_154114_079,1,Unspecified,Blink,1182,2026-08-10T15:56:27.6841292+09:00,2026-08-10T15:56:27.8371292+09:00,913.604699,913.758078,153.379,52537,52546,0.984054,0.630194,1,0,EyesOpened
20260810_154114_079,1,Unspecified,Blink,1183,2026-08-10T15:56:28.0601292+09:00,2026-08-10T15:56:28.1571292+09:00,913.980979,914.078336,97.357,52560,52566,0.942253,0.823329,1,0,EyesOpened
20260810_154114_079,1,Unspecified,Blink,1184,2026-08-10T15:56:28.3661292+09:00,2026-08-10T15:56:28.5191292+09:00,914.287397,914.440309,152.912,52578,52587,0.962468,0.676617,1,0,EyesOpened
20260810_154114_079,1,Unspecified,Blink,1185,2026-08-10T15:56:29.4941292+09:00,2026-08-10T15:56:29.6331292+09:00,915.415105,915.554366,139.261,52646,52654,0.995919,0.741256,1,0,EyesOpened
20260810_154114_079,1,Unspecified,Blink,1186,2026-08-10T15:56:29.8561292+09:00,2026-08-10T15:56:29.9811292+09:00,915.777075,915.902114,125.038,52668,52675,0.983277,0.733213,1,0,EyesOpened
20260810_154114_079,1,Unspecified,Blink,1187,2026-08-10T15:56:30.5941292+09:00,2026-08-10T15:56:30.7751292+09:00,916.514930,916.696147,181.217,52712,52723,0.946652,0.638401,1,0,EyesOpened
20260810_154114_079,1,Unspecified,Blink,1188,2026-08-10T15:56:31.4291292+09:00,2026-08-10T15:56:31.5411292+09:00,917.350329,917.461557,111.228,52762,52769,0.970456,0.551887,1,0,EyesOpened
20260810_154114_079,1,Unspecified,Blink,1189,2026-08-10T15:56:31.6241292+09:00,2026-08-10T15:56:31.9861292+09:00,917.545014,917.907317,362.303,52774,52795,0.999305,0.885559,1,0,EyesOpened
20260810_154114_079,1,Unspecified,Blink,1190,2026-08-10T15:56:32.4041292+09:00,2026-08-10T15:56:32.5291292+09:00,918.324792,918.450236,125.444,52820,52828,0.994460,0.704501,1,0,EyesOpened
20260810_154114_079,1,Unspecified,Blink,1191,2026-08-10T15:56:33.2811292+09:00,2026-08-10T15:56:33.4201292+09:00,919.201798,919.341125,139.327,52873,52881,0.994800,0.775865,1,0,EyesOpened
20260810_154114_079,1,Unspecified,Blink,1192,2026-08-10T15:56:33.7681292+09:00,2026-08-10T15:56:33.9071292+09:00,919.689001,919.828435,139.434,52902,52911,0.976168,0.618020,1,0,EyesOpened
20260810_154114_079,1,Unspecified,Blink,1193,2026-08-10T15:56:34.1861292+09:00,2026-08-10T15:56:34.3111292+09:00,920.106514,920.232192,125.678,52927,52935,0.968213,0.714679,1,0,EyesOpened
20260810_154114_079,1,Unspecified,Blink,1194,2026-08-10T15:56:34.4781292+09:00,2026-08-10T15:56:34.6031292+09:00,920.399186,920.524347,125.161,52945,52952,0.973681,0.700352,1,0,EyesOpened
20260810_154114_079,1,Unspecified,Blink,1195,2026-08-10T15:56:34.8821292+09:00,2026-08-10T15:56:35.0071292+09:00,920.802558,920.928143,125.585,52969,52977,0.999313,0.752465,1,0,EyesOpened
20260810_154114_079,1,Unspecified,Blink,1196,2026-08-10T15:56:35.5221292+09:00,2026-08-10T15:56:35.7031292+09:00,921.443248,921.623997,180.749,53008,53018,0.986005,0.682010,1,0,EyesOpened
20260810_154114_079,1,Unspecified,Blink,1197,2026-08-10T15:56:35.8701292+09:00,2026-08-10T15:56:35.9821292+09:00,921.791273,921.902558,111.285,53028,53035,0.912140,0.679376,1,0,EyesOpened
20260810_154114_079,1,Unspecified,Blink,1198,2026-08-10T15:56:36.2181292+09:00,2026-08-10T15:56:36.3571292+09:00,922.139165,922.278279,139.115,53049,53058,0.970790,0.738609,1,0,EyesOpened
20260810_154114_079,1,Unspecified,Blink,1199,2026-08-10T15:56:36.5661292+09:00,2026-08-10T15:56:36.7331292+09:00,922.487182,922.654176,166.995,53070,53080,0.990695,0.761682,1,0,EyesOpened
20260810_154114_079,1,Unspecified,Blink,1200,2026-08-10T15:56:36.9981292+09:00,2026-08-10T15:56:37.1651292+09:00,922.918673,923.085504,166.831,53096,53106,0.995068,0.665163,1,0,EyesOpened
20260810_154114_079,1,Unspecified,Blink,1201,2026-08-10T15:56:37.7361292+09:00,2026-08-10T15:56:37.8331292+09:00,923.656603,923.754074,97.471,53140,53146,0.978223,0.785885,1,0,EyesOpened
20260810_154114_079,1,Unspecified,Blink,1202,2026-08-10T15:56:38.0841292+09:00,2026-08-10T15:56:38.2371292+09:00,924.004581,924.157982,153.401,53161,53170,0.996539,0.887295,1,0,EyesOpened
20260810_154114_079,1,Unspecified,Blink,1203,2026-08-10T15:56:38.5431292+09:00,2026-08-10T15:56:38.6131292+09:00,924.464057,924.533831,69.774,53189,53193,0.894408,0.549737,1,0,EyesOpened
20260810_154114_079,1,Unspecified,Blink,1204,2026-08-10T15:56:39.6011292+09:00,2026-08-10T15:56:39.7961292+09:00,925.522324,925.717491,195.167,53252,53264,0.999949,0.853624,1,0,EyesOpened
20260810_154114_079,1,Unspecified,Blink,1205,2026-08-10T15:56:39.9361292+09:00,2026-08-10T15:56:40.1021292+09:00,925.856614,926.023464,166.850,53272,53282,0.994498,0.687137,1,0,EyesOpened
20260810_154114_079,1,Unspecified,Blink,1206,2026-08-10T15:56:40.2701292+09:00,2026-08-10T15:56:40.4791292+09:00,926.190753,926.399635,208.882,53292,53305,0.986151,0.723007,1,0,EyesOpened
20260810_154114_079,1,Unspecified,Blink,1207,2026-08-10T15:56:41.7591292+09:00,2026-08-10T15:56:41.8711292+09:00,927.680082,927.791559,111.477,53382,53388,0.942700,0.693271,1,0,EyesOpened
20260810_154114_079,1,Unspecified,Blink,1208,2026-08-10T15:56:42.0931292+09:00,2026-08-10T15:56:42.2601292+09:00,928.014371,928.181276,166.905,53402,53412,0.963773,0.685453,1,0,EyesOpened
20260810_154114_079,1,Unspecified,Blink,1209,2026-08-10T15:56:42.4831292+09:00,2026-08-10T15:56:42.6361292+09:00,928.404042,928.557378,153.336,53425,53434,0.938742,0.668094,1,0,EyesOpened
20260810_154114_079,1,Unspecified,Blink,1210,2026-08-10T15:56:43.4021292+09:00,2026-08-10T15:56:43.4991292+09:00,929.322972,929.420354,97.382,53480,53486,0.995654,0.847957,1,0,EyesOpened
20260810_154114_079,1,Unspecified,Blink,1211,2026-08-10T15:56:43.7361292+09:00,2026-08-10T15:56:43.8611292+09:00,929.657234,929.782399,125.165,53500,53508,0.986458,0.706629,1,0,EyesOpened
20260810_154114_079,1,Unspecified,Blink,1212,2026-08-10T15:56:43.9871292+09:00,2026-08-10T15:56:44.1541292+09:00,929.907876,930.074909,167.033,53515,53525,0.988691,0.779202,1,0,EyesOpened
20260810_154114_079,1,Unspecified,Blink,1213,2026-08-10T15:56:44.3911292+09:00,2026-08-10T15:56:44.5021292+09:00,930.311715,930.422993,111.278,53540,53546,0.987004,0.804506,1,0,EyesOpened
20260810_154114_079,1,Unspecified,Blink,1214,2026-08-10T15:56:44.6971292+09:00,2026-08-10T15:56:44.8081292+09:00,930.618204,930.729483,111.279,53558,53565,0.977506,0.721875,1,0,EyesOpened
20260810_154114_079,1,Unspecified,Blink,1215,2026-08-10T15:56:45.8951292+09:00,2026-08-10T15:56:46.0201292+09:00,931.815670,931.940781,125.111,53630,53637,0.934433,0.672460,1,0,EyesOpened
20260810_154114_079,1,Unspecified,Blink,1216,2026-08-10T15:56:46.2851292+09:00,2026-08-10T15:56:46.4101292+09:00,932.205503,932.330888,125.385,53653,53661,0.985224,0.731215,1,0,EyesOpened
20260810_154114_079,1,Unspecified,Blink,1217,2026-08-10T15:56:46.7021292+09:00,2026-08-10T15:56:46.8831292+09:00,932.623304,932.804106,180.802,53678,53689,0.990656,0.621197,1,0,EyesOpened
20260810_154114_079,1,Unspecified,Blink,1218,2026-08-10T15:56:47.8021292+09:00,2026-08-10T15:56:47.9281292+09:00,933.722992,933.848504,125.513,53744,53752,0.872762,0.499904,1,0,EyesOpened
20260810_154114_079,1,Unspecified,Blink,1219,2026-08-10T15:56:49.7511292+09:00,2026-08-10T15:56:49.9041292+09:00,935.672219,935.824994,152.775,53861,53870,0.984083,0.659960,1,0,EyesOpened
20260810_154114_079,1,Unspecified,Blink,1220,2026-08-10T15:56:50.2521292+09:00,2026-08-10T15:56:50.4191292+09:00,936.173251,936.340332,167.081,53891,53901,0.875330,0.619826,1,0,EyesOpened
20260810_154114_079,1,Unspecified,Blink,1221,2026-08-10T15:56:50.7671292+09:00,2026-08-10T15:56:50.9201292+09:00,936.688379,936.841271,152.892,53922,53931,0.966048,0.656979,1,0,EyesOpened
20260810_154114_079,1,Unspecified,Blink,1222,2026-08-10T15:56:51.6031292+09:00,2026-08-10T15:56:51.7281292+09:00,937.523722,937.649145,125.423,53972,53980,0.990454,0.683502,1,0,EyesOpened
20260810_154114_079,1,Unspecified,Blink,1223,2026-08-10T15:56:52.1181292+09:00,2026-08-10T15:56:52.4801292+09:00,938.038797,938.400786,361.990,54003,54025,0.973025,0.670278,1,0,EyesOpened
20260810_154114_079,1,Unspecified,Blink,1224,2026-08-10T15:56:53.8581292+09:00,2026-08-10T15:56:53.9831292+09:00,939.778804,939.903855,125.052,54108,54115,0.981648,0.784472,1,0,EyesOpened
20260810_154114_079,1,Unspecified,Blink,1225,2026-08-10T15:56:54.7351292+09:00,2026-08-10T15:56:54.9021292+09:00,940.655914,940.822730,166.817,54160,54170,0.991590,0.765317,1,0,EyesOpened
20260810_154114_079,1,Unspecified,Blink,1226,2026-08-10T15:56:55.2361292+09:00,2026-08-10T15:56:55.3611292+09:00,941.157183,941.282289,125.106,54190,54198,0.994642,0.774244,1,0,EyesOpened
20260810_154114_079,1,Unspecified,Blink,1227,2026-08-10T15:56:55.7791292+09:00,2026-08-10T15:56:55.9181292+09:00,941.700057,941.839173,139.116,54223,54231,0.992978,0.691776,1,0,EyesOpened
20260810_154114_079,1,Unspecified,Blink,1228,2026-08-10T15:56:56.0851292+09:00,2026-08-10T15:56:56.1971292+09:00,942.006219,942.117803,111.583,54241,54248,0.994296,0.763774,1,0,EyesOpened
20260810_154114_079,1,Unspecified,Blink,1229,2026-08-10T15:56:56.4471292+09:00,2026-08-10T15:56:56.5311292+09:00,942.368327,942.451835,83.508,54263,54268,0.974203,0.634332,1,0,EyesOpened
20260810_154114_079,1,Unspecified,Blink,1230,2026-08-10T15:56:57.6591292+09:00,2026-08-10T15:56:57.7841292+09:00,943.579727,943.704744,125.017,54336,54343,0.957502,0.685205,1,0,EyesOpened
20260810_154114_079,1,Unspecified,Blink,1231,2026-08-10T15:56:58.0621292+09:00,2026-08-10T15:56:58.1881292+09:00,943.983303,944.108602,125.299,54360,54368,0.966760,0.807151,1,0,EyesOpened
20260810_154114_079,1,Unspecified,Blink,1232,2026-08-10T15:56:59.9001292+09:00,2026-08-10T15:56:59.9981292+09:00,945.820644,945.918637,97.993,54470,54476,0.754066,0.554216,1,0,EyesOpened
20260810_154114_079,1,Unspecified,Blink,1233,2026-08-10T15:57:00.1371292+09:00,2026-08-10T15:57:00.2621292+09:00,946.057657,946.182881,125.224,54484,54492,0.969209,0.635325,1,0,EyesOpened
20260810_154114_079,1,Unspecified,Blink,1234,2026-08-10T15:57:00.5541292+09:00,2026-08-10T15:57:00.6381292+09:00,946.475367,946.558956,83.589,54509,54515,0.956618,0.563405,1,0,EyesOpened
20260810_154114_079,1,Unspecified,Blink,1235,2026-08-10T15:57:02.2801292+09:00,2026-08-10T15:57:02.3921292+09:00,948.201458,948.313061,111.604,54613,54620,0.973291,0.815226,1,0,EyesOpened
20260810_154114_079,1,Unspecified,Blink,1236,2026-08-10T15:57:02.5871292+09:00,2026-08-10T15:57:02.7541292+09:00,948.508001,948.675087,167.085,54631,54641,0.995303,0.782571,1,0,EyesOpened
20260810_154114_079,1,Unspecified,Blink,1237,2026-08-10T15:57:03.7701292+09:00,2026-08-10T15:57:04.0911292+09:00,949.691464,950.011546,320.082,54702,54722,0.994629,0.645696,1,0,EyesOpened
20260810_154114_079,1,Unspecified,Blink,1238,2026-08-10T15:57:04.8011292+09:00,2026-08-10T15:57:04.9811292+09:00,950.721850,950.902476,180.626,54764,54775,0.861249,0.560425,1,0,EyesOpened
20260810_154114_079,1,Unspecified,Blink,1239,2026-08-10T15:57:05.7331292+09:00,2026-08-10T15:57:05.8581292+09:00,951.654195,951.779415,125.219,54820,54828,0.952656,0.639248,1,0,EyesOpened
20260810_154114_079,1,Unspecified,Blink,1240,2026-08-10T15:57:05.9701292+09:00,2026-08-10T15:57:06.1371292+09:00,951.891061,952.058055,166.995,54834,54844,0.918635,0.650692,1,0,EyesOpened
20260810_154114_079,1,Unspecified,Blink,1241,2026-08-10T15:57:07.9751292+09:00,2026-08-10T15:57:08.1831292+09:00,953.895515,954.104362,208.848,54955,54967,0.969679,0.709209,1,0,EyesOpened
20260810_154114_079,1,Unspecified,Blink,1242,2026-08-10T15:57:08.5031292+09:00,2026-08-10T15:57:08.6841292+09:00,954.424365,954.605362,180.997,54986,54997,0.996702,0.674636,1,0,EyesOpened
20260810_154114_079,1,Unspecified,Blink,1243,2026-08-10T15:57:09.8261292+09:00,2026-08-10T15:57:10.0351292+09:00,955.747363,955.955576,208.213,55066,55078,0.978297,0.608462,1,0,EyesOpened
20260810_154114_079,1,Unspecified,Blink,1244,2026-08-10T15:57:10.1601292+09:00,2026-08-10T15:57:10.3271292+09:00,956.080707,956.248085,167.378,55086,55096,0.903258,0.607967,1,0,EyesOpened
20260810_154114_079,1,Unspecified,Blink,1245,2026-08-10T15:57:12.0541292+09:00,2026-08-10T15:57:12.2351292+09:00,957.974850,958.155819,180.970,55199,55210,0.950879,0.677518,1,0,EyesOpened
20260810_154114_079,1,Unspecified,Blink,1246,2026-08-10T15:57:13.0841292+09:00,2026-08-10T15:57:13.2651292+09:00,959.004917,959.185970,181.053,55261,55272,0.960039,0.728617,1,0,EyesOpened
20260810_154114_079,1,Unspecified,Blink,1247,2026-08-10T15:57:13.3071292+09:00,2026-08-10T15:57:13.5021292+09:00,959.227951,959.422855,194.905,55275,55286,0.985601,0.662486,1,0,EyesOpened
20260810_154114_079,1,Unspecified,Blink,1248,2026-08-10T15:57:14.1841292+09:00,2026-08-10T15:57:14.5321292+09:00,960.104914,960.452998,348.085,55327,55348,0.996462,0.784503,1,0,EyesOpened
20260810_154114_079,1,Unspecified,Blink,1249,2026-08-10T15:57:15.6321292+09:00,2026-08-10T15:57:15.9801292+09:00,961.553050,961.900860,347.810,55414,55435,0.994360,0.735546,1,0,EyesOpened
20260810_154114_079,1,Unspecified,Blink,1250,2026-08-10T15:57:16.2441292+09:00,2026-08-10T15:57:16.3701292+09:00,962.165451,962.290842,125.391,55451,55458,0.983514,0.687496,1,0,EyesOpened
20260810_154114_079,1,Unspecified,Blink,1251,2026-08-10T15:57:17.8591292+09:00,2026-08-10T15:57:17.9151292+09:00,963.780391,963.836022,55.632,55548,55551,0.942133,0.535132,1,0,EyesOpened
20260810_154114_079,1,Unspecified,Blink,1252,2026-08-10T15:57:18.0821292+09:00,2026-08-10T15:57:18.2631292+09:00,964.002930,964.183860,180.931,55561,55572,0.997509,0.623778,1,0,EyesOpened
20260810_154114_079,1,Unspecified,Blink,1253,2026-08-10T15:57:19.6411292+09:00,2026-08-10T15:57:19.7951292+09:00,965.562355,965.715823,153.468,55655,55664,0.982092,0.674743,1,0,EyesOpened
20260810_154114_079,1,Unspecified,Blink,1254,2026-08-10T15:57:20.0031292+09:00,2026-08-10T15:57:20.1431292+09:00,965.924419,966.063746,139.328,55676,55685,0.999784,0.771256,1,0,EyesOpened
20260810_154114_079,1,Unspecified,Blink,1255,2026-08-10T15:57:21.6321292+09:00,2026-08-10T15:57:22.0781292+09:00,967.553486,967.998960,445.474,55774,55801,0.981762,0.661979,1,0,EyesOpened
20260810_154114_079,1,Unspecified,Blink,1256,2026-08-10T15:57:22.1191292+09:00,2026-08-10T15:57:22.2591292+09:00,968.040349,968.179899,139.550,55803,55812,0.990180,0.643850,1,0,EyesOpened
20260810_154114_079,1,Unspecified,Blink,1257,2026-08-10T15:57:22.7321292+09:00,2026-08-10T15:57:22.8301292+09:00,968.653278,968.750765,97.487,55840,55846,0.972708,0.719999,1,0,EyesOpened
20260810_154114_079,1,Unspecified,Blink,1258,2026-08-10T15:57:23.8041292+09:00,2026-08-10T15:57:23.9851292+09:00,969.725063,969.906131,181.068,55904,55915,0.908615,0.592069,1,0,EyesOpened
20260810_154114_079,1,Unspecified,Blink,1259,2026-08-10T15:57:26.1431292+09:00,2026-08-10T15:57:26.4351292+09:00,972.064079,972.356478,292.399,56045,56062,0.996441,0.822254,1,0,EyesOpened
20260810_154114_079,1,Unspecified,Blink,1260,2026-08-10T15:57:26.5471292+09:00,2026-08-10T15:57:26.6721292+09:00,972.467836,972.593397,125.561,56069,56077,0.990596,0.700356,1,0,EyesOpened
20260810_154114_079,1,Unspecified,Blink,1261,2026-08-10T15:57:27.1181292+09:00,2026-08-10T15:57:27.2851292+09:00,973.038596,973.205750,167.155,56103,56113,0.700715,0.571885,1,0,EyesOpened
20260810_154114_079,1,Unspecified,Blink,1262,2026-08-10T15:57:27.5771292+09:00,2026-08-10T15:57:27.7301292+09:00,973.498158,973.651336,153.178,56131,56140,0.996250,0.651836,1,0,EyesOpened
20260810_154114_079,1,Unspecified,Blink,1263,2026-08-10T15:57:27.9251292+09:00,2026-08-10T15:57:28.0781292+09:00,973.845736,973.999172,153.436,56152,56161,0.993296,0.801256,1,0,EyesOpened
20260810_154114_079,1,Unspecified,Blink,1264,2026-08-10T15:57:28.6351292+09:00,2026-08-10T15:57:28.7461292+09:00,974.555976,974.667409,111.433,56194,56201,0.978913,0.697658,1,0,EyesOpened
20260810_154114_079,1,Unspecified,Blink,1265,2026-08-10T15:57:29.5821292+09:00,2026-08-10T15:57:29.7351292+09:00,975.502639,975.655922,153.283,56251,56260,0.985068,0.705609,1,0,EyesOpened
20260810_154114_079,1,Unspecified,Blink,1266,2026-08-10T15:57:30.4451292+09:00,2026-08-10T15:57:30.5851292+09:00,976.365732,976.505586,139.855,56303,56311,0.975338,0.702858,1,0,EyesOpened
20260810_154114_079,1,Unspecified,Blink,1267,2026-08-10T15:57:30.8071292+09:00,2026-08-10T15:57:30.9451292+09:00,976.727533,976.866180,138.647,56325,56333,0.994980,0.752743,1,0,EyesOpened
20260810_154114_079,1,Unspecified,Blink,1268,2026-08-10T15:57:31.6141292+09:00,2026-08-10T15:57:31.7531292+09:00,977.534940,977.674186,139.246,56373,56381,0.999847,0.769061,1,0,EyesOpened
20260810_154114_079,1,Unspecified,Blink,1269,2026-08-10T15:57:32.2271292+09:00,2026-08-10T15:57:32.3661292+09:00,978.147643,978.286948,139.305,56410,56418,0.995750,0.658522,1,0,EyesOpened
20260810_154114_079,1,Unspecified,Blink,1270,2026-08-10T15:57:32.6171292+09:00,2026-08-10T15:57:32.7701292+09:00,978.537506,978.690571,153.065,56433,56442,0.996583,0.732445,1,0,EyesOpened
20260810_154114_079,1,Unspecified,Blink,1271,2026-08-10T15:57:33.5631292+09:00,2026-08-10T15:57:33.7171292+09:00,979.484469,979.637757,153.287,56490,56499,0.997606,0.741455,1,0,EyesOpened
20260810_154114_079,1,Unspecified,Blink,1272,2026-08-10T15:57:33.8971292+09:00,2026-08-10T15:57:34.0501292+09:00,979.818400,979.971480,153.080,56510,56519,0.954708,0.659759,1,0,EyesOpened
20260810_154114_079,1,Unspecified,Blink,1273,2026-08-10T15:57:34.2321292+09:00,2026-08-10T15:57:34.3851292+09:00,980.152532,980.305576,153.044,56530,56539,0.984130,0.699285,1,0,EyesOpened
20260810_154114_079,1,Unspecified,Blink,1274,2026-08-10T15:57:34.6771292+09:00,2026-08-10T15:57:34.7611292+09:00,980.598066,980.681586,83.520,56557,56562,0.876229,0.745439,1,0,EyesOpened
20260810_154114_079,1,Unspecified,Blink,1275,2026-08-10T15:57:35.7631292+09:00,2026-08-10T15:57:35.9021292+09:00,981.683993,981.823214,139.221,56622,56630,0.913877,0.679061,1,0,EyesOpened
20260810_154114_079,1,Unspecified,Blink,1276,2026-08-10T15:57:36.1951292+09:00,2026-08-10T15:57:36.3761292+09:00,982.115570,982.296658,181.088,56648,56659,0.891289,0.542789,1,0,EyesOpened
20260810_154114_079,1,Unspecified,Blink,1277,2026-08-10T15:57:37.1691292+09:00,2026-08-10T15:57:37.2801292+09:00,983.090210,983.201435,111.225,56706,56713,0.923958,0.712349,1,0,EyesOpened
20260810_154114_079,1,Unspecified,Blink,1278,2026-08-10T15:57:37.6841292+09:00,2026-08-10T15:57:37.8651292+09:00,983.605301,983.786361,181.060,56737,56748,0.994646,0.714845,1,0,EyesOpened
20260810_154114_079,1,Unspecified,Blink,1279,2026-08-10T15:57:39.5501292+09:00,2026-08-10T15:57:39.7311292+09:00,985.471074,985.651896,180.822,56849,56860,0.993173,0.691799,1,0,EyesOpened
20260810_154114_079,1,Unspecified,Blink,1280,2026-08-10T15:57:40.2041292+09:00,2026-08-10T15:57:40.3161292+09:00,986.125111,986.236549,111.438,56888,56895,0.977205,0.754237,1,0,EyesOpened
20260810_154114_079,1,Unspecified,Blink,1281,2026-08-10T15:57:40.8171292+09:00,2026-08-10T15:57:40.9421292+09:00,986.737820,986.863014,125.194,56925,56933,0.967306,0.571429,1,0,EyesOpened
20260810_154114_079,1,Unspecified,Blink,1282,2026-08-10T15:57:41.6801292+09:00,2026-08-10T15:57:41.8191292+09:00,987.600878,987.740109,139.231,56977,56985,0.977712,0.598465,1,0,EyesOpened
20260810_154114_079,1,Unspecified,Blink,1283,2026-08-10T15:57:42.5011292+09:00,2026-08-10T15:57:42.6131292+09:00,988.422262,988.533602,111.340,57026,57033,0.985336,0.709166,1,0,EyesOpened
20260810_154114_079,1,Unspecified,Blink,1284,2026-08-10T15:57:43.6151292+09:00,2026-08-10T15:57:43.7681292+09:00,989.536014,989.689321,153.306,57093,57102,0.904509,0.675114,1,0,EyesOpened
20260810_154114_079,1,Unspecified,Blink,1285,2026-08-10T15:57:44.3111292+09:00,2026-08-10T15:57:44.4371292+09:00,990.232096,990.357626,125.530,57135,57142,0.995866,0.874056,1,0,EyesOpened
20260810_154114_079,1,Unspecified,Blink,1286,2026-08-10T15:57:44.9511292+09:00,2026-08-10T15:57:45.1191292+09:00,990.872429,991.039630,167.201,57173,57183,0.996308,0.760085,1,0,EyesOpened
20260810_154114_079,1,Unspecified,Blink,1287,2026-08-10T15:57:45.7171292+09:00,2026-08-10T15:57:45.8701292+09:00,991.638180,991.791296,153.116,57219,57228,0.972241,0.721771,1,0,EyesOpened
20260810_154114_079,1,Unspecified,Blink,1288,2026-08-10T15:57:45.9541292+09:00,2026-08-10T15:57:46.0791292+09:00,991.874831,992.000090,125.259,57233,57241,0.985737,0.836167,1,0,EyesOpened
20260810_154114_079,1,Unspecified,Blink,1289,2026-08-10T15:57:46.5801292+09:00,2026-08-10T15:57:46.7341292+09:00,992.501185,992.654610,153.425,57271,57280,0.983514,0.630673,1,0,EyesOpened
20260810_154114_079,1,Unspecified,Blink,1290,2026-08-10T15:57:47.5971292+09:00,2026-08-10T15:57:47.6801292+09:00,993.517702,993.601117,83.414,57332,57337,0.973998,0.701065,1,0,EyesOpened
20260810_154114_079,1,Unspecified,Blink,1291,2026-08-10T15:57:47.8751292+09:00,2026-08-10T15:57:48.0001292+09:00,993.796221,993.921013,124.792,57349,57356,0.976440,0.716230,1,0,EyesOpened
20260810_154114_079,1,Unspecified,Blink,1292,2026-08-10T15:57:48.8641292+09:00,2026-08-10T15:57:49.0311292+09:00,994.784503,994.951833,167.329,57408,57418,0.994693,0.676295,1,0,EyesOpened
20260810_154114_079,1,Unspecified,Blink,1293,2026-08-10T15:57:49.5601292+09:00,2026-08-10T15:57:49.7691292+09:00,995.480884,995.689653,208.769,57450,57462,0.992659,0.644609,1,0,EyesOpened
20260810_154114_079,1,Unspecified,Blink,1294,2026-08-10T15:57:49.8661292+09:00,2026-08-10T15:57:50.0471292+09:00,995.786754,995.967860,181.105,57468,57479,0.998509,0.876652,1,0,EyesOpened
20260810_154114_079,1,Unspecified,Blink,1295,2026-08-10T15:57:50.2561292+09:00,2026-08-10T15:57:50.3951292+09:00,996.176854,996.316073,139.220,57492,57500,0.981678,0.692617,1,0,EyesOpened
20260810_154114_079,1,Unspecified,Blink,1296,2026-08-10T15:57:51.7601292+09:00,2026-08-10T15:57:51.8851292+09:00,997.680718,997.805905,125.187,57582,57589,0.999154,0.652043,1,0,EyesOpened
20260810_154114_079,1,Unspecified,Blink,1297,2026-08-10T15:57:52.0941292+09:00,2026-08-10T15:57:52.2191292+09:00,998.015160,998.139994,124.833,57602,57609,0.973861,0.668340,1,0,EyesOpened
20260810_154114_079,1,Unspecified,Blink,1298,2026-08-10T15:57:53.8201292+09:00,2026-08-10T15:57:53.9871292+09:00,999.741011,999.908204,167.193,57705,57715,0.954747,0.630491,1,0,EyesOpened
20260810_154114_079,1,Unspecified,Blink,1299,2026-08-10T15:57:54.0851292+09:00,2026-08-10T15:57:54.2651292+09:00,1000.005801,1000.186429,180.628,57721,57732,0.998485,0.760470,1,0,EyesOpened
20260810_154114_079,1,Unspecified,Blink,1300,2026-08-10T15:57:55.7831292+09:00,2026-08-10T15:57:55.8951292+09:00,1001.704071,1001.815561,111.490,57823,57830,0.906269,0.663074,1,0,EyesOpened
20260810_154114_079,1,Unspecified,Blink,1301,2026-08-10T15:57:56.0201292+09:00,2026-08-10T15:57:56.1871292+09:00,1001.940863,1002.107988,167.125,57837,57847,0.984321,0.693573,1,0,EyesOpened
20260810_154114_079,1,Unspecified,Blink,1302,2026-08-10T15:57:56.9801292+09:00,2026-08-10T15:57:57.1201292+09:00,1002.901416,1003.040869,139.453,57895,57903,0.881781,0.604137,1,0,EyesOpened
20260810_154114_079,1,Unspecified,Blink,1303,2026-08-10T15:57:57.5651292+09:00,2026-08-10T15:57:57.7181292+09:00,1003.486298,1003.639432,153.135,57930,57939,0.980471,0.719768,1,0,EyesOpened
20260810_154114_079,1,Unspecified,Blink,1304,2026-08-10T15:57:57.9411292+09:00,2026-08-10T15:57:58.0801292+09:00,1003.861684,1004.000786,139.102,57953,57961,0.972466,0.811371,1,0,EyesOpened
20260810_154114_079,1,Unspecified,Blink,1305,2026-08-10T15:57:58.4001292+09:00,2026-08-10T15:57:58.5531292+09:00,1004.321140,1004.474425,153.285,57980,57989,0.917809,0.632942,1,0,EyesOpened
20260810_154114_079,1,Unspecified,Blink,1306,2026-08-10T15:57:58.9291292+09:00,2026-08-10T15:57:59.0821292+09:00,1004.850396,1005.003387,152.991,58012,58021,0.964755,0.668956,1,0,EyesOpened
20260810_154114_079,1,Unspecified,Blink,1307,2026-08-10T15:57:59.8201292+09:00,2026-08-10T15:58:00.0291292+09:00,1005.741229,1005.950189,208.960,58065,58078,0.966115,0.579736,1,0,EyesOpened
20260810_154114_079,1,Unspecified,Blink,1308,2026-08-10T15:58:00.2241292+09:00,2026-08-10T15:58:00.3911292+09:00,1006.145133,1006.312132,166.998,58090,58100,0.994132,0.782362,1,0,EyesOpened
20260810_154114_079,1,Unspecified,Blink,1309,2026-08-10T15:58:01.7001292+09:00,2026-08-10T15:58:01.8111292+09:00,1007.620813,1007.732492,111.679,58178,58185,0.981003,0.709463,1,0,EyesOpened
20260810_154114_079,1,Unspecified,Blink,1310,2026-08-10T15:58:02.5911292+09:00,2026-08-10T15:58:02.7441292+09:00,1008.512001,1008.664848,152.847,58232,58241,0.967749,0.657110,1,0,EyesOpened
20260810_154114_079,1,Unspecified,Blink,1311,2026-08-10T15:58:03.8021292+09:00,2026-08-10T15:58:03.9141292+09:00,1009.723142,1009.834649,111.507,58304,58311,0.811371,0.653015,1,0,EyesOpened
20260810_154114_079,1,Unspecified,Blink,1312,2026-08-10T15:58:04.2481292+09:00,2026-08-10T15:58:04.3591292+09:00,1010.168864,1010.280089,111.225,58331,58338,0.978391,0.627952,1,0,EyesOpened
20260810_154114_079,1,Unspecified,Blink,1313,2026-08-10T15:58:05.6121292+09:00,2026-08-10T15:58:05.7511292+09:00,1011.533174,1011.672259,139.086,58413,58421,0.949249,0.711405,1,0,EyesOpened
20260810_154114_079,1,Unspecified,Blink,1314,2026-08-10T15:58:05.9321292+09:00,2026-08-10T15:58:06.2251292+09:00,1011.853459,1012.145659,292.200,58432,58450,0.999764,0.835072,1,0,EyesOpened
20260810_154114_079,1,Unspecified,Blink,1315,2026-08-10T15:58:06.6701292+09:00,2026-08-10T15:58:06.8651292+09:00,1012.591380,1012.786071,194.691,58476,58488,0.988694,0.696976,1,0,EyesOpened
20260810_154114_079,1,Unspecified,Blink,1316,2026-08-10T15:58:07.7281292+09:00,2026-08-10T15:58:07.9371292+09:00,1013.649472,1013.858233,208.762,58540,58552,0.999996,0.774341,1,0,EyesOpened
20260810_154114_079,1,Unspecified,Blink,1317,2026-08-10T15:58:08.1041292+09:00,2026-08-10T15:58:08.2301292+09:00,1014.025048,1014.150557,125.509,58562,58570,0.993875,0.646866,1,0,EyesOpened
20260810_154114_079,1,Unspecified,Blink,1318,2026-08-10T15:58:09.6491292+09:00,2026-08-10T15:58:10.1371292+09:00,1015.570484,1016.057625,487.140,58655,58684,0.995207,0.815160,1,0,EyesOpened
20260810_154114_079,1,Unspecified,Blink,1319,2026-08-10T15:58:10.3321292+09:00,2026-08-10T15:58:10.4711292+09:00,1016.252616,1016.392336,139.720,58696,58704,0.982955,0.728558,1,0,EyesOpened
20260810_154114_079,1,Unspecified,Blink,1320,2026-08-10T15:58:11.7241292+09:00,2026-08-10T15:58:11.8911292+09:00,1017.644691,1017.812070,167.379,58780,58790,0.971897,0.618437,1,0,EyesOpened
20260810_154114_079,1,Unspecified,Blink,1321,2026-08-10T15:58:12.0581292+09:00,2026-08-10T15:58:12.2531292+09:00,1017.979067,1018.173955,194.889,58800,58811,0.973749,0.674058,1,0,EyesOpened
20260810_154114_079,1,Unspecified,Blink,1322,2026-08-10T15:58:12.3371292+09:00,2026-08-10T15:58:12.5181292+09:00,1018.257532,1018.438653,181.122,58816,58827,0.981415,0.669148,1,0,EyesOpened
20260810_154114_079,1,Unspecified,Blink,1323,2026-08-10T15:58:12.7821292+09:00,2026-08-10T15:58:12.9211292+09:00,1018.702915,1018.842184,139.269,58843,58852,0.995034,0.708910,1,0,EyesOpened
20260810_154114_079,1,Unspecified,Blink,1324,2026-08-10T15:58:13.7011292+09:00,2026-08-10T15:58:13.8541292+09:00,1019.621513,1019.774812,153.299,58898,58907,0.982671,0.844073,1,0,EyesOpened
20260810_154114_079,1,Unspecified,Blink,1325,2026-08-10T15:58:14.0351292+09:00,2026-08-10T15:58:14.1741292+09:00,1019.955757,1020.095088,139.330,58918,58927,0.984215,0.732994,1,0,EyesOpened
20260810_154114_079,1,Unspecified,Blink,1326,2026-08-10T15:58:14.3691292+09:00,2026-08-10T15:58:14.4941292+09:00,1020.290135,1020.415377,125.243,58938,58946,0.974620,0.705821,1,0,EyesOpened
20260810_154114_079,1,Unspecified,Blink,1327,2026-08-10T15:58:15.5391292+09:00,2026-08-10T15:58:15.6781292+09:00,1021.459516,1021.598742,139.227,59009,59017,0.985291,0.663247,1,0,EyesOpened
20260810_154114_079,1,Unspecified,Blink,1328,2026-08-10T15:58:15.8171292+09:00,2026-08-10T15:58:16.0121292+09:00,1021.737865,1021.932880,195.015,59025,59037,0.973864,0.660671,1,0,EyesOpened
20260810_154114_079,1,Unspecified,Blink,1329,2026-08-10T15:58:16.2761292+09:00,2026-08-10T15:58:16.4431292+09:00,1022.197319,1022.364389,167.070,59053,59063,0.957286,0.550205,1,0,EyesOpened
20260810_154114_079,1,Unspecified,Blink,1330,2026-08-10T15:58:17.0701292+09:00,2026-08-10T15:58:17.2231292+09:00,1022.991080,1023.144227,153.147,59100,59110,0.999598,0.780424,1,0,EyesOpened
20260810_154114_079,1,Unspecified,Blink,1331,2026-08-10T15:58:17.6961292+09:00,2026-08-10T15:58:17.8781292+09:00,1023.617435,1023.798568,181.134,59138,59149,0.943348,0.617910,1,0,EyesOpened
20260810_154114_079,1,Unspecified,Blink,1332,2026-08-10T15:58:18.0311292+09:00,2026-08-10T15:58:18.1981292+09:00,1023.951646,1024.118707,167.061,59158,59168,0.976480,0.661892,1,0,EyesOpened
20260810_154114_079,1,Unspecified,Blink,1333,2026-08-10T15:58:18.6851292+09:00,2026-08-10T15:58:18.7821292+09:00,1024.605943,1024.703381,97.438,59197,59203,0.897842,0.424915,1,0,EyesOpened
20260810_154114_079,1,Unspecified,Blink,1334,2026-08-10T15:58:19.7291292+09:00,2026-08-10T15:58:19.8401292+09:00,1025.650064,1025.761481,111.417,59260,59267,0.976166,0.672890,1,0,EyesOpened
20260810_154114_079,1,Unspecified,Blink,1335,2026-08-10T15:58:21.7471292+09:00,2026-08-10T15:58:21.8871292+09:00,1027.668465,1027.807695,139.230,59381,59389,0.892910,0.636989,1,0,EyesOpened
20260810_154114_079,1,Unspecified,Blink,1336,2026-08-10T15:58:22.4991292+09:00,2026-08-10T15:58:22.6111292+09:00,1028.420140,1028.531677,111.537,59426,59433,0.985625,0.709884,1,0,EyesOpened
20260810_154114_079,1,Unspecified,Blink,1337,2026-08-10T15:58:24.0031292+09:00,2026-08-10T15:58:24.1701292+09:00,1029.923733,1030.091154,167.421,59516,59526,0.985289,0.819842,1,0,EyesOpened
20260810_154114_079,1,Unspecified,Blink,1338,2026-08-10T15:58:24.6851292+09:00,2026-08-10T15:58:24.8941292+09:00,1030.606066,1030.815073,209.007,59557,59570,0.951904,0.566710,1,0,EyesOpened
20260810_154114_079,1,Unspecified,Blink,1339,2026-08-10T15:58:25.5901292+09:00,2026-08-10T15:58:25.7571292+09:00,1031.511440,1031.678347,166.907,59612,59622,0.991782,0.806993,1,0,EyesOpened
20260810_154114_079,1,Unspecified,Blink,1340,2026-08-10T15:58:26.1331292+09:00,2026-08-10T15:58:26.2591292+09:00,1032.054358,1032.179746,125.389,59644,59652,0.996086,0.694976,1,0,EyesOpened
20260810_154114_079,1,Unspecified,Blink,1341,2026-08-10T15:58:26.4261292+09:00,2026-08-10T15:58:26.5651292+09:00,1032.346546,1032.486102,139.556,59662,59670,0.968200,0.679794,1,0,EyesOpened
20260810_154114_079,1,Unspecified,Blink,1342,2026-08-10T15:58:27.4981292+09:00,2026-08-10T15:58:27.6651292+09:00,1033.418570,1033.585683,167.113,59726,59736,0.984984,0.761277,1,0,EyesOpened
20260810_154114_079,1,Unspecified,Blink,1343,2026-08-10T15:58:27.8591292+09:00,2026-08-10T15:58:27.9991292+09:00,1033.780412,1033.919811,139.399,59748,59756,0.985854,0.699981,1,0,EyesOpened
20260810_154114_079,1,Unspecified,Blink,1344,2026-08-10T15:58:28.1521292+09:00,2026-08-10T15:58:28.3191292+09:00,1034.073265,1034.240028,166.764,59765,59775,0.982475,0.819936,1,0,EyesOpened
20260810_154114_079,1,Unspecified,Blink,1345,2026-08-10T15:58:28.4301292+09:00,2026-08-10T15:58:28.5561292+09:00,1034.351450,1034.476841,125.391,59782,59790,0.992836,0.820409,1,0,EyesOpened
20260810_154114_079,1,Unspecified,Blink,1346,2026-08-10T15:58:29.6701292+09:00,2026-08-10T15:58:29.8651292+09:00,1035.590909,1035.785938,195.028,59856,59868,0.873349,0.555666,1,0,EyesOpened
20260810_154114_079,1,Unspecified,Blink,1347,2026-08-10T15:58:30.5191292+09:00,2026-08-10T15:58:30.6861292+09:00,1036.439867,1036.606562,166.694,59907,59917,0.993041,0.703876,1,0,EyesOpened
20260810_154114_079,1,Unspecified,Blink,1348,2026-08-10T15:58:31.9531292+09:00,2026-08-10T15:58:32.1481292+09:00,1037.873543,1038.068646,195.104,59993,60005,0.980899,0.645700,1,0,EyesOpened
20260810_154114_079,1,Unspecified,Blink,1349,2026-08-10T15:58:32.2871292+09:00,2026-08-10T15:58:32.3981292+09:00,1038.207863,1038.318920,111.057,60013,60020,0.966712,0.712913,1,0,EyesOpened
20260810_154114_079,1,Unspecified,Blink,1350,2026-08-10T15:58:33.7491292+09:00,2026-08-10T15:58:33.9021292+09:00,1039.669682,1039.822675,152.993,60101,60110,0.984969,0.713691,1,0,EyesOpened
20260810_154114_079,1,Unspecified,Blink,1351,2026-08-10T15:58:34.1111292+09:00,2026-08-10T15:58:34.2501292+09:00,1040.031808,1040.171009,139.201,60123,60131,0.899659,0.591387,1,0,EyesOpened
20260810_154114_079,1,Unspecified,Blink,1352,2026-08-10T15:58:34.9041292+09:00,2026-08-10T15:58:35.0301292+09:00,1040.825159,1040.950575,125.416,60170,60178,0.991252,0.829847,1,0,EyesOpened
20260810_154114_079,1,Unspecified,Blink,1353,2026-08-10T15:58:35.7251292+09:00,2026-08-10T15:58:35.9491292+09:00,1041.646495,1041.869596,223.101,60220,60233,0.994690,0.818408,1,0,EyesOpened
20260810_154114_079,1,Unspecified,Blink,1354,2026-08-10T15:58:36.1011292+09:00,2026-08-10T15:58:36.3521292+09:00,1042.022423,1042.273233,250.810,60242,60257,0.906037,0.543056,1,0,EyesOpened
20260810_154114_079,1,Unspecified,Blink,1355,2026-08-10T15:58:36.9511292+09:00,2026-08-10T15:58:38.6071292+09:00,1042.871950,1044.528223,1656.273,60293,60393,0.992569,0.555735,1,0,EyesOpened
20260810_154114_079,1,Unspecified,Blink,1356,2026-08-10T15:58:39.6231292+09:00,2026-08-10T15:58:42.5331292+09:00,1045.544424,1048.454313,2909.890,60454,60628,0.999090,0.597302,1,0,EyesOpened
20260810_154114_079,1,Unspecified,Blink,1357,2026-08-10T15:58:43.7031292+09:00,2026-08-10T15:58:43.9121292+09:00,1049.623774,1049.832725,208.951,60698,60711,0.996146,0.719184,1,0,EyesOpened
20260810_154114_079,1,Unspecified,Blink,1358,2026-08-10T15:58:44.6361292+09:00,2026-08-10T15:58:44.9831292+09:00,1050.556685,1050.904154,347.470,60754,60775,0.999908,0.828028,1,0,EyesOpened
20260810_154114_079,1,Unspecified,Blink,1359,2026-08-10T15:58:45.5821292+09:00,2026-08-10T15:58:45.7491292+09:00,1051.502709,1051.670087,167.379,60811,60821,0.999583,0.828665,1,0,EyesOpened
20260810_154114_079,1,Unspecified,Blink,1360,2026-08-10T15:58:47.8521292+09:00,2026-08-10T15:58:48.0041292+09:00,1053.772627,1053.925331,152.704,60947,60957,0.968563,0.662008,1,0,EyesOpened
20260810_154114_079,1,Unspecified,Blink,1361,2026-08-10T15:58:49.7171292+09:00,2026-08-10T15:58:50.9151292+09:00,1055.638048,1056.835704,1197.655,61059,61131,0.996445,0.621879,1,0,EyesOpened
20260810_154114_079,1,Unspecified,Blink,1362,2026-08-10T15:58:51.7361292+09:00,2026-08-10T15:58:54.1031292+09:00,1057.657074,1060.023602,2366.528,61180,61322,0.996408,0.654265,1,0,EyesOpened
20260810_154114_079,1,Unspecified,Blink,1363,2026-08-10T15:58:55.5371292+09:00,2026-08-10T15:58:55.6621292+09:00,1061.457844,1061.583157,125.313,61408,61416,0.982592,0.696006,1,0,EyesOpened
20260810_154114_079,1,Unspecified,Blink,1364,2026-08-10T15:58:56.3861292+09:00,2026-08-10T15:58:56.5531292+09:00,1062.307205,1062.474340,167.135,61459,61469,0.995622,0.793299,1,0,EyesOpened
20260810_154114_079,1,Unspecified,Blink,1365,2026-08-10T15:58:57.3191292+09:00,2026-08-10T15:58:57.4861292+09:00,1063.239882,1063.407028,167.146,61515,61525,0.720506,0.457659,1,0,EyesOpened
20260810_154114_079,1,Unspecified,Blink,1366,2026-08-10T15:58:57.5831292+09:00,2026-08-10T15:58:57.9871292+09:00,1063.504309,1063.908342,404.032,61531,61555,0.990171,0.683005,1,0,EyesOpened
20260810_154114_079,1,Unspecified,Blink,1367,2026-08-10T15:58:58.1681292+09:00,2026-08-10T15:58:58.3081292+09:00,1064.089300,1064.228532,139.232,61566,61575,0.915636,0.679225,1,0,EyesOpened
20260810_154114_079,1,Unspecified,Blink,1368,2026-08-10T15:58:58.5581292+09:00,2026-08-10T15:58:58.7251292+09:00,1064.479109,1064.646169,167.060,61590,61600,0.995822,0.714821,1,0,EyesOpened
20260810_154114_079,1,Unspecified,Blink,1369,2026-08-10T15:58:59.5881292+09:00,2026-08-10T15:58:59.7821292+09:00,1065.508585,1065.703404,194.819,61651,61663,0.992032,0.761784,1,0,EyesOpened
20260810_154114_079,1,Unspecified,Blink,1370,2026-08-10T15:58:59.9081292+09:00,2026-08-10T15:59:00.0471292+09:00,1065.828963,1065.968078,139.116,61671,61679,0.855386,0.686558,1,0,EyesOpened
20260810_154114_079,1,Unspecified,Blink,1371,2026-08-10T15:59:00.2841292+09:00,2026-08-10T15:59:00.4511292+09:00,1066.204792,1066.371926,167.134,61693,61703,0.985158,0.808971,1,0,EyesOpened
20260810_154114_079,1,Unspecified,Blink,1372,2026-08-10T15:59:01.5931292+09:00,2026-08-10T15:59:01.8151292+09:00,1067.513784,1067.736446,222.662,61772,61785,0.983875,0.562164,1,0,EyesOpened
20260810_154114_079,1,Unspecified,Blink,1373,2026-08-10T15:59:01.9691292+09:00,2026-08-10T15:59:02.0801292+09:00,1067.889589,1068.000744,111.155,61794,61801,0.979563,0.772436,1,0,EyesOpened
20260810_154114_079,1,Unspecified,Blink,1374,2026-08-10T15:59:02.4971292+09:00,2026-08-10T15:59:02.6641292+09:00,1068.418284,1068.585351,167.067,61826,61836,0.971529,0.729780,1,0,EyesOpened
20260810_154114_079,1,Unspecified,Blink,1375,2026-08-10T15:59:03.6941292+09:00,2026-08-10T15:59:04.1821292+09:00,1069.615497,1070.102604,487.106,61898,61927,0.995306,0.688746,1,0,EyesOpened
20260810_154114_079,1,Unspecified,Blink,1376,2026-08-10T15:59:04.3071292+09:00,2026-08-10T15:59:04.4741292+09:00,1070.228222,1070.395408,167.186,61935,61945,0.993625,0.774898,1,0,EyesOpened
20260810_154114_079,1,Unspecified,Blink,1377,2026-08-10T15:59:05.8951292+09:00,2026-08-10T15:59:06.2431292+09:00,1071.815669,1072.163500,347.832,62030,62051,0.980934,0.752676,1,0,EyesOpened
20260810_154114_079,1,Unspecified,Blink,1378,2026-08-10T15:59:07.7041292+09:00,2026-08-10T15:59:07.8711292+09:00,1073.624916,1073.792312,167.396,62138,62148,0.994389,0.800104,1,0,EyesOpened
20260810_154114_079,1,Unspecified,Blink,1379,2026-08-10T15:59:08.0941292+09:00,2026-08-10T15:59:08.2471292+09:00,1074.014889,1074.168270,153.381,62162,62171,0.897138,0.568358,1,0,EyesOpened
20260810_154114_079,1,Unspecified,Blink,1380,2026-08-10T15:59:08.5541292+09:00,2026-08-10T15:59:08.6651292+09:00,1074.474710,1074.585915,111.205,62189,62196,0.995663,0.873642,1,0,EyesOpened
20260810_154114_079,1,Unspecified,Blink,1381,2026-08-10T15:59:09.5701292+09:00,2026-08-10T15:59:09.9461292+09:00,1075.491147,1075.867188,376.041,62250,62273,0.995237,0.905672,1,0,EyesOpened
20260810_154114_079,1,Unspecified,Blink,1382,2026-08-10T15:59:10.1131292+09:00,2026-08-10T15:59:10.3501292+09:00,1076.034360,1076.270971,236.611,62283,62297,0.979614,0.657298,1,0,EyesOpened
20260810_154114_079,1,Unspecified,Blink,1383,2026-08-10T15:59:10.4191292+09:00,2026-08-10T15:59:10.6421292+09:00,1076.340431,1076.563219,222.789,62301,62315,0.980725,0.721118,1,0,EyesOpened
20260810_154114_079,1,Unspecified,Blink,1384,2026-08-10T15:59:11.7841292+09:00,2026-08-10T15:59:12.3411292+09:00,1077.704603,1078.261514,556.911,62383,62417,0.973574,0.697235,1,0,EyesOpened
20260810_154114_079,1,Unspecified,Blink,1385,2026-08-10T15:59:12.5361292+09:00,2026-08-10T15:59:12.7021292+09:00,1078.456702,1078.623484,166.782,62428,62438,0.988091,0.788821,1,0,EyesOpened
20260810_154114_079,1,Unspecified,Blink,1386,2026-08-10T15:59:13.6631292+09:00,2026-08-10T15:59:13.8581292+09:00,1079.584184,1079.779195,195.011,62496,62508,0.936607,0.579478,1,0,EyesOpened
20260810_154114_079,1,Unspecified,Blink,1387,2026-08-10T15:59:14.1921292+09:00,2026-08-10T15:59:14.3591292+09:00,1080.113463,1080.280394,166.931,62528,62538,0.985775,0.718224,1,0,EyesOpened
20260810_154114_079,1,Unspecified,Blink,1388,2026-08-10T15:59:14.8611292+09:00,2026-08-10T15:59:15.0281292+09:00,1080.781504,1080.948904,167.400,62568,62578,0.933136,0.511487,1,0,EyesOpened
20260810_154114_079,1,Unspecified,Blink,1389,2026-08-10T15:59:15.5851292+09:00,2026-08-10T15:59:15.9471292+09:00,1081.505543,1081.867567,362.024,62611,62633,0.985119,0.688389,1,0,EyesOpened
20260810_154114_079,1,Unspecified,Blink,1390,2026-08-10T15:59:16.1141292+09:00,2026-08-10T15:59:16.3371292+09:00,1082.034690,1082.257577,222.886,62643,62656,0.961968,0.593211,1,0,EyesOpened
20260810_154114_079,1,Unspecified,Blink,1391,2026-08-10T15:59:16.5591292+09:00,2026-08-10T15:59:16.6981292+09:00,1082.480212,1082.619479,139.268,62670,62678,0.969784,0.691815,1,0,EyesOpened
20260810_154114_079,1,Unspecified,Blink,1392,2026-08-10T15:59:17.5341292+09:00,2026-08-10T15:59:17.7291292+09:00,1083.454989,1083.649818,194.829,62728,62740,0.970686,0.670053,1,0,EyesOpened
20260810_154114_079,1,Unspecified,Blink,1393,2026-08-10T15:59:18.3971292+09:00,2026-08-10T15:59:18.6191292+09:00,1084.318237,1084.540456,222.220,62780,62793,0.965317,0.759685,1,0,EyesOpened
20260810_154114_079,1,Unspecified,Blink,1394,2026-08-10T15:59:19.7051292+09:00,2026-08-10T15:59:19.8591292+09:00,1085.626382,1085.779661,153.280,62859,62868,0.973197,0.724363,1,0,EyesOpened
20260810_154114_079,1,Unspecified,Blink,1395,2026-08-10T15:59:20.0531292+09:00,2026-08-10T15:59:20.1931292+09:00,1085.974342,1086.113589,139.247,62879,62888,0.970534,0.726992,1,0,EyesOpened
20260810_154114_079,1,Unspecified,Blink,1396,2026-08-10T15:59:20.4711292+09:00,2026-08-10T15:59:20.6661292+09:00,1086.392178,1086.587045,194.867,62904,62916,0.979645,0.765287,1,0,EyesOpened
20260810_154114_079,1,Unspecified,Blink,1397,2026-08-10T15:59:21.6541292+09:00,2026-08-10T15:59:21.8911292+09:00,1087.575368,1087.812177,236.809,62975,62990,0.924102,0.524315,1,0,EyesOpened
20260810_154114_079,1,Unspecified,Blink,1398,2026-08-10T15:59:21.9751292+09:00,2026-08-10T15:59:22.5181292+09:00,1087.895732,1088.438691,542.959,62995,63027,0.983666,0.649794,1,0,EyesOpened
20260810_154114_079,1,Unspecified,Blink,1399,2026-08-10T15:59:22.8521292+09:00,2026-08-10T15:59:23.0471292+09:00,1088.772798,1088.967620,194.822,63047,63059,0.995496,0.706395,1,0,EyesOpened
20260810_154114_079,1,Unspecified,Blink,1400,2026-08-10T15:59:23.6451292+09:00,2026-08-10T15:59:23.8681292+09:00,1089.566223,1089.789197,222.974,63095,63108,0.955210,0.728466,1,0,EyesOpened
20260810_154114_079,1,Unspecified,Blink,1401,2026-08-10T15:59:24.7861292+09:00,2026-08-10T15:59:25.0791292+09:00,1090.707463,1090.999676,292.213,63163,63181,0.969240,0.577411,1,0,EyesOpened
20260810_154114_079,1,Unspecified,Blink,1402,2026-08-10T15:59:25.7471292+09:00,2026-08-10T15:59:25.9141292+09:00,1091.668394,1091.835451,167.057,63221,63231,0.990272,0.692951,1,0,EyesOpened
20260810_154114_079,1,Unspecified,Blink,1403,2026-08-10T15:59:26.5691292+09:00,2026-08-10T15:59:26.7361292+09:00,1092.490062,1092.656874,166.812,63270,63280,0.973919,0.699883,1,0,EyesOpened
20260810_154114_079,1,Unspecified,Blink,1404,2026-08-10T15:59:27.6271292+09:00,2026-08-10T15:59:27.8491292+09:00,1093.547720,1093.770437,222.718,63334,63347,0.983200,0.586454,1,0,EyesOpened
20260810_154114_079,1,Unspecified,Blink,1405,2026-08-10T15:59:28.0581292+09:00,2026-08-10T15:59:28.2111292+09:00,1093.979414,1094.132336,152.923,63360,63369,0.956746,0.555048,1,0,EyesOpened
20260810_154114_079,1,Unspecified,Blink,1406,2026-08-10T15:59:28.3791292+09:00,2026-08-10T15:59:28.5041292+09:00,1094.299533,1094.424679,125.147,63379,63386,0.941483,0.711030,1,0,EyesOpened
20260810_154114_079,1,Unspecified,Blink,1407,2026-08-10T15:59:28.7821292+09:00,2026-08-10T15:59:28.9491292+09:00,1094.703156,1094.870355,167.199,63403,63413,0.982199,0.724834,1,0,EyesOpened
20260810_154114_079,1,Unspecified,Blink,1408,2026-08-10T15:59:29.7011292+09:00,2026-08-10T15:59:29.9801292+09:00,1095.622078,1095.900654,278.576,63458,63475,0.972495,0.673786,1,0,EyesOpened
20260810_154114_079,1,Unspecified,Blink,1409,2026-08-10T15:59:30.3701292+09:00,2026-08-10T15:59:30.7041292+09:00,1096.290595,1096.624591,333.996,63498,63518,0.996218,0.838811,1,0,EyesOpened
20260810_154114_079,1,Unspecified,Blink,1410,2026-08-10T15:59:31.6641292+09:00,2026-08-10T15:59:31.8041292+09:00,1097.585239,1097.724705,139.466,63576,63584,0.976991,0.682236,1,0,EyesOpened
20260810_154114_079,1,Unspecified,Blink,1411,2026-08-10T15:59:31.9841292+09:00,2026-08-10T15:59:32.1241292+09:00,1097.905420,1098.044901,139.481,63595,63604,0.978196,0.709450,1,0,EyesOpened
20260810_154114_079,1,Unspecified,Blink,1412,2026-08-10T15:59:32.7501292+09:00,2026-08-10T15:59:32.8481292+09:00,1098.671387,1098.769055,97.668,63641,63647,0.932889,0.775971,1,0,EyesOpened
20260810_154114_079,1,Unspecified,Blink,1413,2026-08-10T15:59:33.5861292+09:00,2026-08-10T15:59:33.7531292+09:00,1099.506895,1099.674011,167.116,63691,63701,0.971632,0.756237,1,0,EyesOpened
20260810_154114_079,1,Unspecified,Blink,1414,2026-08-10T15:59:34.0031292+09:00,2026-08-10T15:59:34.1431292+09:00,1099.924474,1100.063598,139.124,63716,63725,0.971760,0.704879,1,0,EyesOpened
20260810_154114_079,1,Unspecified,Blink,1415,2026-08-10T15:59:34.4491292+09:00,2026-08-10T15:59:34.5751292+09:00,1100.370213,1100.495554,125.340,63743,63751,0.970710,0.659747,1,0,EyesOpened
20260810_154114_079,1,Unspecified,Blink,1416,2026-08-10T15:59:35.1031292+09:00,2026-08-10T15:59:35.2291292+09:00,1101.024290,1101.149874,125.584,63782,63790,0.893270,0.624815,1,0,EyesOpened
20260810_154114_079,1,Unspecified,Blink,1417,2026-08-10T15:59:35.8411292+09:00,2026-08-10T15:59:36.0081292+09:00,1101.762084,1101.929316,167.232,63827,63837,0.968028,0.616676,1,0,EyesOpened
20260810_154114_079,1,Unspecified,Blink,1418,2026-08-10T15:59:38.0271292+09:00,2026-08-10T15:59:38.2631292+09:00,1103.947805,1104.184318,236.513,63958,63972,0.967837,0.705013,1,0,EyesOpened
20260810_154114_079,1,Unspecified,Blink,1419,2026-08-10T15:59:38.4171292+09:00,2026-08-10T15:59:38.6251292+09:00,1104.337680,1104.546449,208.769,63981,63994,0.967542,0.687686,1,0,EyesOpened
20260810_154114_079,1,Unspecified,Blink,1420,2026-08-10T15:59:40.2271292+09:00,2026-08-10T15:59:40.3651292+09:00,1106.147552,1106.286474,138.922,64090,64098,0.957701,0.711744,1,0,EyesOpened
20260810_154114_079,1,Unspecified,Blink,1421,2026-08-10T15:59:40.5471292+09:00,2026-08-10T15:59:40.6861292+09:00,1106.467744,1106.606995,139.251,64109,64117,0.993181,0.749902,1,0,EyesOpened
20260810_154114_079,1,Unspecified,Blink,1422,2026-08-10T15:59:41.7021292+09:00,2026-08-10T15:59:41.8971292+09:00,1107.623188,1107.818176,194.989,64178,64190,0.971756,0.675684,1,0,EyesOpened
20260810_154114_079,1,Unspecified,Blink,1423,2026-08-10T15:59:42.0371292+09:00,2026-08-10T15:59:42.2181292+09:00,1107.957532,1108.138577,181.045,64198,64209,0.956543,0.752904,1,0,EyesOpened
20260810_154114_079,1,Unspecified,Blink,1424,2026-08-10T15:59:42.4261292+09:00,2026-08-10T15:59:42.6771292+09:00,1108.347342,1108.597961,250.620,64222,64237,0.985343,0.691561,1,0,EyesOpened
20260810_154114_079,1,Unspecified,Blink,1425,2026-08-10T15:59:42.7191292+09:00,2026-08-10T15:59:42.8851292+09:00,1108.639647,1108.806451,166.804,64239,64249,0.982744,0.737526,1,0,EyesOpened
20260810_154114_079,1,Unspecified,Blink,1426,2026-08-10T15:59:43.8181292+09:00,2026-08-10T15:59:44.0271292+09:00,1109.739057,1109.948262,209.205,64305,64318,0.994405,0.547712,1,0,EyesOpened
20260810_154114_079,1,Unspecified,Blink,1427,2026-08-10T15:59:44.4451292+09:00,2026-08-10T15:59:44.6681292+09:00,1110.365602,1110.588520,222.919,64343,64356,0.985771,0.616100,1,0,EyesOpened
20260810_154114_079,1,Unspecified,Blink,1428,2026-08-10T15:59:45.6141292+09:00,2026-08-10T15:59:46.2131292+09:00,1111.535362,1112.133997,598.635,64413,64449,0.985764,0.718455,1,0,EyesOpened
20260810_154114_079,1,Unspecified,Blink,1429,2026-08-10T15:59:48.1341292+09:00,2026-08-10T15:59:48.4271292+09:00,1114.055244,1114.347725,292.480,64564,64582,0.994516,0.755124,1,0,EyesOpened
20260810_154114_079,1,Unspecified,Blink,1430,2026-08-10T15:59:49.0251292+09:00,2026-08-10T15:59:49.1371292+09:00,1114.946232,1115.057773,111.541,64618,64624,0.963170,0.785272,1,0,EyesOpened
20260810_154114_079,1,Unspecified,Blink,1431,2026-08-10T15:59:49.6101292+09:00,2026-08-10T15:59:49.7631292+09:00,1115.531020,1115.683963,152.943,64653,64662,0.978701,0.622162,1,0,EyesOpened
20260810_154114_079,1,Unspecified,Blink,1432,2026-08-10T15:59:49.9441292+09:00,2026-08-10T15:59:50.0971292+09:00,1115.864958,1116.018121,153.163,64673,64682,0.915646,0.760701,1,0,EyesOpened
20260810_154114_079,1,Unspecified,Blink,1433,2026-08-10T15:59:50.5711292+09:00,2026-08-10T15:59:50.6681292+09:00,1116.491582,1116.589136,97.554,64710,64716,0.886764,0.646288,1,0,EyesOpened
20260810_154114_079,1,Unspecified,Blink,1434,2026-08-10T15:59:51.5451292+09:00,2026-08-10T15:59:51.6841292+09:00,1117.466044,1117.605227,139.183,64769,64777,0.985870,0.808752,1,0,EyesOpened
20260810_154114_079,1,Unspecified,Blink,1435,2026-08-10T15:59:51.8931292+09:00,2026-08-10T15:59:52.0191292+09:00,1117.814326,1117.939558,125.233,64790,64797,0.985539,0.799301,1,0,EyesOpened
20260810_154114_079,1,Unspecified,Blink,1436,2026-08-10T15:59:52.6311292+09:00,2026-08-10T15:59:52.8121292+09:00,1118.552172,1118.733197,181.024,64834,64845,0.983246,0.606893,1,0,EyesOpened
20260810_154114_079,1,Unspecified,Blink,1437,2026-08-10T15:59:53.8151292+09:00,2026-08-10T15:59:54.0511292+09:00,1119.735500,1119.972096,236.595,64905,64919,0.878750,0.522551,1,0,EyesOpened
20260810_154114_079,1,Unspecified,Blink,1438,2026-08-10T15:59:54.1491292+09:00,2026-08-10T15:59:54.3431292+09:00,1120.069750,1120.264428,194.679,64925,64937,0.876481,0.662298,1,0,EyesOpened
20260810_154114_079,1,Unspecified,Blink,1439,2026-08-10T15:59:54.9421292+09:00,2026-08-10T15:59:55.1091292+09:00,1120.863143,1121.030293,167.150,64973,64983,0.828269,0.581581,1,0,EyesOpened
20260810_154114_079,1,Unspecified,Blink,1440,2026-08-10T15:59:55.9031292+09:00,2026-08-10T15:59:56.0141292+09:00,1121.823801,1121.935283,111.482,65030,65037,0.911394,0.631286,1,0,EyesOpened
20260810_154114_079,1,Unspecified,Blink,1441,2026-08-10T15:59:56.5301292+09:00,2026-08-10T15:59:56.6411292+09:00,1122.450519,1122.561742,111.223,65068,65075,0.985964,0.871831,1,0,EyesOpened
20260810_154114_079,1,Unspecified,Blink,1442,2026-08-10T15:59:57.8381292+09:00,2026-08-10T15:59:57.9491292+09:00,1123.758618,1123.870069,111.451,65146,65153,0.944577,0.546756,1,0,EyesOpened
20260810_154114_079,1,Unspecified,Blink,1443,2026-08-10T15:59:58.1161292+09:00,2026-08-10T15:59:58.2831292+09:00,1124.037300,1124.204237,166.938,65163,65173,0.981983,0.690814,1,0,EyesOpened
20260810_154114_079,1,Unspecified,Blink,1444,2026-08-10T15:59:58.4781292+09:00,2026-08-10T15:59:58.6181292+09:00,1124.399176,1124.538800,139.624,65185,65193,0.995416,0.797561,1,0,EyesOpened
20260810_154114_079,1,Unspecified,Blink,1445,2026-08-10T15:59:59.9541292+09:00,2026-08-10T16:00:00.1631292+09:00,1125.875052,1126.083748,208.696,65273,65286,0.935807,0.659595,1,0,EyesOpened
20260810_154114_079,1,Unspecified,Blink,1446,2026-08-10T16:00:01.6111292+09:00,2026-08-10T16:00:01.7501292+09:00,1127.531569,1127.670748,139.179,65373,65381,0.958965,0.683859,1,0,EyesOpened
20260810_154114_079,1,Unspecified,Blink,1447,2026-08-10T16:00:01.9441292+09:00,2026-08-10T16:00:02.1121292+09:00,1127.865296,1128.032887,167.591,65393,65403,0.979568,0.664467,1,0,EyesOpened
20260810_154114_079,1,Unspecified,Blink,1448,2026-08-10T16:00:05.6341292+09:00,2026-08-10T16:00:05.8711292+09:00,1131.555077,1131.791692,236.615,65614,65628,0.979673,0.476570,1,0,EyesOpened
20260810_154114_079,1,Unspecified,Blink,1449,2026-08-10T16:00:05.9541292+09:00,2026-08-10T16:00:06.1071292+09:00,1131.875355,1132.028312,152.957,65633,65643,0.878956,0.576755,1,0,EyesOpened
20260810_154114_079,1,Unspecified,Blink,1450,2026-08-10T16:00:07.6251292+09:00,2026-08-10T16:00:07.7781292+09:00,1133.546106,1133.699299,153.193,65734,65743,0.961393,0.661985,1,0,EyesOpened
20260810_154114_079,1,Unspecified,Blink,1451,2026-08-10T16:00:07.9451292+09:00,2026-08-10T16:00:08.0991292+09:00,1133.866196,1134.019593,153.396,65753,65762,0.969983,0.694762,1,0,EyesOpened
20260810_154114_079,1,Unspecified,Blink,1452,2026-08-10T16:00:09.1841292+09:00,2026-08-10T16:00:09.3791292+09:00,1135.105370,1135.300205,194.835,65827,65839,0.833425,0.397694,1,0,EyesOpened
20260810_154114_079,1,Unspecified,Blink,1453,2026-08-10T16:00:09.6441292+09:00,2026-08-10T16:00:09.8111292+09:00,1135.564936,1135.731871,166.935,65855,65865,0.980020,0.704695,1,0,EyesOpened
20260810_154114_079,1,Unspecified,Blink,1454,2026-08-10T16:00:10.4791292+09:00,2026-08-10T16:00:10.6191292+09:00,1136.400469,1136.539638,139.169,65905,65913,0.959992,0.608652,1,0,EyesOpened
20260810_154114_079,1,Unspecified,Blink,1455,2026-08-10T16:00:11.6911292+09:00,2026-08-10T16:00:11.8301292+09:00,1137.611829,1137.751029,139.200,65978,65986,0.995692,0.812160,1,0,EyesOpened
20260810_154114_079,1,Unspecified,Blink,1456,2026-08-10T16:00:11.9971292+09:00,2026-08-10T16:00:12.2201292+09:00,1137.918006,1138.140889,222.883,65996,66009,0.925650,0.589937,1,0,EyesOpened
20260810_154114_079,1,Unspecified,Blink,1457,2026-08-10T16:00:13.0691292+09:00,2026-08-10T16:00:13.2081292+09:00,1138.989911,1139.129122,139.211,66060,66069,0.928413,0.633739,1,0,EyesOpened
20260810_154114_079,1,Unspecified,Blink,1458,2026-08-10T16:00:13.5841292+09:00,2026-08-10T16:00:13.7371292+09:00,1139.504980,1139.658216,153.235,66091,66100,0.985592,0.710992,1,0,EyesOpened
20260810_154114_079,1,Unspecified,Blink,1459,2026-08-10T16:00:14.5861292+09:00,2026-08-10T16:00:14.7671292+09:00,1140.507177,1140.688212,181.036,66151,66162,0.993840,0.655287,1,0,EyesOpened
20260810_154114_079,1,Unspecified,Blink,1460,2026-08-10T16:00:15.7701292+09:00,2026-08-10T16:00:15.9091292+09:00,1141.690561,1141.829797,139.235,66222,66231,0.996037,0.728271,1,0,EyesOpened
20260810_154114_079,1,Unspecified,Blink,1461,2026-08-10T16:00:17.7471292+09:00,2026-08-10T16:00:17.9411292+09:00,1143.667562,1143.862400,194.838,66341,66353,0.967563,0.642758,1,0,EyesOpened
20260810_154114_079,1,Unspecified,Blink,1462,2026-08-10T16:00:20.0441292+09:00,2026-08-10T16:00:20.2801292+09:00,1145.964690,1146.201317,236.627,66479,66493,0.985760,0.679796,1,0,EyesOpened
20260810_154114_079,1,Unspecified,Blink,1463,2026-08-10T16:00:21.8811292+09:00,2026-08-10T16:00:22.1881292+09:00,1147.802346,1148.108767,306.421,66589,66607,0.985173,0.682773,1,0,EyesOpened
20260810_154114_079,1,Unspecified,Blink,1464,2026-08-10T16:00:24.0251292+09:00,2026-08-10T16:00:24.4431292+09:00,1149.946362,1150.363973,417.611,66718,66743,0.993959,0.724685,1,0,EyesOpened
20260810_154114_079,1,Unspecified,Blink,1465,2026-08-10T16:00:25.7241292+09:00,2026-08-10T16:00:25.8631292+09:00,1151.645069,1151.784070,139.001,66820,66828,0.968925,0.655952,1,0,EyesOpened
20260810_154114_079,1,Unspecified,Blink,1466,2026-08-10T16:00:26.2121292+09:00,2026-08-10T16:00:26.3921292+09:00,1152.132646,1152.313266,180.620,66849,66860,0.986328,0.737143,1,0,EyesOpened
20260810_154114_079,1,Unspecified,Blink,1467,2026-08-10T16:00:27.5621292+09:00,2026-08-10T16:00:27.7011292+09:00,1153.482653,1153.621752,139.099,66930,66938,0.976226,0.735527,1,0,EyesOpened
20260810_154114_079,1,Unspecified,Blink,1468,2026-08-10T16:00:28.0071292+09:00,2026-08-10T16:00:28.1601292+09:00,1153.928157,1154.081159,153.003,66957,66966,0.984355,0.832253,1,0,EyesOpened
20260810_154114_079,1,Unspecified,Blink,1469,2026-08-10T16:00:28.3271292+09:00,2026-08-10T16:00:28.4951292+09:00,1154.248448,1154.415521,167.074,66976,66986,0.961793,0.711887,1,0,EyesOpened
20260810_154114_079,1,Unspecified,Blink,1470,2026-08-10T16:00:29.6361292+09:00,2026-08-10T16:00:29.8031292+09:00,1155.556910,1155.723788,166.878,67054,67064,0.949737,0.654765,1,0,EyesOpened
20260810_154114_079,1,Unspecified,Blink,1471,2026-08-10T16:00:30.2761292+09:00,2026-08-10T16:00:30.4431292+09:00,1156.197414,1156.364302,166.888,67093,67103,0.983808,0.639100,1,0,EyesOpened
20260810_154114_079,1,Unspecified,Blink,1472,2026-08-10T16:00:31.6271292+09:00,2026-08-10T16:00:31.7521292+09:00,1157.548026,1157.673357,125.331,67174,67181,0.803742,0.635947,1,0,EyesOpened
20260810_154114_079,1,Unspecified,Blink,1473,2026-08-10T16:00:32.0861292+09:00,2026-08-10T16:00:32.2121292+09:00,1158.007439,1158.132889,125.449,67201,67209,0.972096,0.761977,1,0,EyesOpened
20260810_154114_079,1,Unspecified,Blink,1474,2026-08-10T16:00:32.5461292+09:00,2026-08-10T16:00:32.7131292+09:00,1158.467025,1158.634204,167.179,67229,67239,0.986246,0.727719,1,0,EyesOpened
20260810_154114_079,1,Unspecified,Blink,1475,2026-08-10T16:00:33.7161292+09:00,2026-08-10T16:00:33.8271292+09:00,1159.636504,1159.747842,111.338,67299,67306,0.930678,0.753869,1,0,EyesOpened
20260810_154114_079,1,Unspecified,Blink,1476,2026-08-10T16:00:34.1611292+09:00,2026-08-10T16:00:34.3701292+09:00,1160.081855,1160.290815,208.960,67326,67338,0.980866,0.670455,1,0,EyesOpened
20260810_154114_079,1,Unspecified,Blink,1477,2026-08-10T16:00:34.7041292+09:00,2026-08-10T16:00:34.8711292+09:00,1160.624823,1160.792031,167.208,67358,67368,0.944022,0.606151,1,0,EyesOpened
20260810_154114_079,1,Unspecified,Blink,1478,2026-08-10T16:00:35.7201292+09:00,2026-08-10T16:00:35.9431292+09:00,1161.641145,1161.863840,222.695,67419,67433,0.916033,0.651397,1,0,EyesOpened
20260810_154114_079,1,Unspecified,Blink,1479,2026-08-10T16:00:36.8621292+09:00,2026-08-10T16:00:37.0151292+09:00,1162.782667,1162.935923,153.256,67488,67497,0.981968,0.679530,1,0,EyesOpened
20260810_154114_079,1,Unspecified,Blink,1480,2026-08-10T16:00:37.6131292+09:00,2026-08-10T16:00:37.7801292+09:00,1163.534463,1163.701408,166.945,67533,67543,0.987504,0.712890,1,0,EyesOpened
20260810_154114_079,1,Unspecified,Blink,1481,2026-08-10T16:00:38.5601292+09:00,2026-08-10T16:00:38.6851292+09:00,1164.481032,1164.606295,125.263,67590,67597,0.996236,0.764856,1,0,EyesOpened
20260810_154114_079,1,Unspecified,Blink,1482,2026-08-10T16:00:39.5071292+09:00,2026-08-10T16:00:39.8831292+09:00,1165.427893,1165.803774,375.880,67647,67669,0.987833,0.709946,1,0,EyesOpened
20260810_154114_079,1,Unspecified,Blink,1483,2026-08-10T16:00:40.0081292+09:00,2026-08-10T16:00:40.2031292+09:00,1165.929208,1166.124102,194.894,67677,67688,0.977042,0.727090,1,0,EyesOpened
20260810_154114_079,1,Unspecified,Blink,1484,2026-08-10T16:00:40.6351292+09:00,2026-08-10T16:00:40.7601292+09:00,1166.555784,1166.680885,125.101,67714,67722,0.994693,0.829025,1,0,EyesOpened
20260810_154114_079,1,Unspecified,Blink,1485,2026-08-10T16:00:41.7761292+09:00,2026-08-10T16:00:41.9431292+09:00,1167.697457,1167.864314,166.857,67783,67793,0.936702,0.630447,1,0,EyesOpened
20260810_154114_079,1,Unspecified,Blink,1486,2026-08-10T16:00:42.5421292+09:00,2026-08-10T16:00:42.6951292+09:00,1168.463005,1168.616414,153.409,67829,67838,0.980031,0.662525,1,0,EyesOpened
20260810_154114_079,1,Unspecified,Blink,1487,2026-08-10T16:00:43.7531292+09:00,2026-08-10T16:00:43.9481292+09:00,1169.674451,1169.869407,194.955,67901,67913,0.975342,0.615953,1,0,EyesOpened
20260810_154114_079,1,Unspecified,Blink,1488,2026-08-10T16:00:44.1151292+09:00,2026-08-10T16:00:44.2821292+09:00,1170.036463,1170.203292,166.829,67923,67933,0.987692,0.773777,1,0,EyesOpened
20260810_154114_079,1,Unspecified,Blink,1489,2026-08-10T16:00:45.6331292+09:00,2026-08-10T16:00:46.0511292+09:00,1171.554064,1171.971598,417.534,68014,68039,0.978337,0.665459,1,0,EyesOpened
20260810_154114_079,1,Unspecified,Blink,1490,2026-08-10T16:00:46.2181292+09:00,2026-08-10T16:00:46.4131292+09:00,1172.138640,1172.333657,195.017,68049,68061,0.988489,0.663429,1,0,EyesOpened
20260810_154114_079,1,Unspecified,Blink,1491,2026-08-10T16:00:47.4991292+09:00,2026-08-10T16:00:47.6521292+09:00,1173.419532,1173.572631,153.100,68126,68135,0.995552,0.782733,1,0,EyesOpened
20260810_154114_079,1,Unspecified,Blink,1492,2026-08-10T16:00:48.9741292+09:00,2026-08-10T16:00:49.1271292+09:00,1174.895225,1175.048303,153.078,68215,68224,0.986121,0.778351,1,0,EyesOpened
20260810_154114_079,1,Unspecified,Blink,1493,2026-08-10T16:00:49.7541292+09:00,2026-08-10T16:00:49.8931292+09:00,1175.674873,1175.814118,139.245,68261,68270,0.987793,0.719811,1,0,EyesOpened
20260810_154114_079,1,Unspecified,Blink,1494,2026-08-10T16:00:51.5781292+09:00,2026-08-10T16:00:51.6751292+09:00,1177.498590,1177.596013,97.423,68371,68377,0.965991,0.728130,1,0,EyesOpened
20260810_154114_079,1,Unspecified,Blink,1495,2026-08-10T16:00:52.0511292+09:00,2026-08-10T16:00:52.3011292+09:00,1177.971894,1178.222210,250.316,68399,68414,0.987953,0.889016,1,0,EyesOpened
20260810_154114_079,1,Unspecified,Blink,1496,2026-08-10T16:00:52.5941292+09:00,2026-08-10T16:00:52.7471292+09:00,1178.514767,1178.668013,153.246,68432,68441,0.980432,0.731638,1,0,EyesOpened
20260810_154114_079,1,Unspecified,Blink,1497,2026-08-10T16:00:54.1531292+09:00,2026-08-10T16:00:54.2921292+09:00,1180.074225,1180.213401,139.176,68525,68534,0.884620,0.656726,1,0,EyesOpened
20260810_154114_079,1,Unspecified,Blink,1498,2026-08-10T16:00:55.8521292+09:00,2026-08-10T16:00:56.0191292+09:00,1181.772657,1181.939632,166.975,68627,68637,0.914945,0.673358,1,0,EyesOpened
20260810_154114_079,1,Unspecified,Blink,1499,2026-08-10T16:00:56.2831292+09:00,2026-08-10T16:00:56.3801292+09:00,1182.203861,1182.301310,97.450,68653,68659,0.966224,0.831597,1,0,EyesOpened
20260810_154114_079,1,Unspecified,Blink,1500,2026-08-10T16:00:56.7011292+09:00,2026-08-10T16:00:56.8271292+09:00,1182.621638,1182.747718,126.081,68678,68686,0.957432,0.698222,1,0,EyesOpened
20260810_154114_079,1,Unspecified,Blink,1501,2026-08-10T16:00:57.5641292+09:00,2026-08-10T16:00:57.7031292+09:00,1183.484585,1183.623979,139.393,68730,68738,0.962804,0.814679,1,0,EyesOpened
20260810_154114_079,1,Unspecified,Blink,1502,2026-08-10T16:00:57.8421292+09:00,2026-08-10T16:00:57.9681292+09:00,1183.763009,1183.888506,125.498,68747,68754,0.973938,0.738623,1,0,EyesOpened
20260810_154114_079,1,Unspecified,Blink,1503,2026-08-10T16:00:58.3301292+09:00,2026-08-10T16:00:58.4971292+09:00,1184.250587,1184.417665,167.078,68776,68786,0.903391,0.697500,1,0,EyesOpened
20260810_154114_079,1,Unspecified,Blink,1504,2026-08-10T16:00:59.5411292+09:00,2026-08-10T16:00:59.7081292+09:00,1185.461718,1185.628959,167.241,68849,68859,0.985949,0.700505,1,0,EyesOpened
20260810_154114_079,1,Unspecified,Blink,1505,2026-08-10T16:00:59.9031292+09:00,2026-08-10T16:01:00.0281292+09:00,1185.823690,1185.949140,125.450,68870,68878,0.993939,0.886725,1,0,EyesOpened
20260810_154114_079,1,Unspecified,Blink,1506,2026-08-10T16:01:01.7541292+09:00,2026-08-10T16:01:01.8661292+09:00,1187.675300,1187.786741,111.441,68981,68988,0.963227,0.817852,1,0,EyesOpened
20260810_154114_079,1,Unspecified,Blink,1507,2026-08-10T16:01:02.0741292+09:00,2026-08-10T16:01:02.1721292+09:00,1187.995450,1188.093091,97.641,69001,69007,0.970028,0.747310,1,0,EyesOpened
20260810_154114_079,1,Unspecified,Blink,1508,2026-08-10T16:01:02.5761292+09:00,2026-08-10T16:01:02.7011292+09:00,1188.496552,1188.621969,125.417,69031,69038,0.968444,0.647461,1,0,EyesOpened
20260810_154114_079,1,Unspecified,Blink,1509,2026-08-10T16:01:03.5781292+09:00,2026-08-10T16:01:03.7871292+09:00,1189.499246,1189.708009,208.763,69091,69103,0.987600,0.814369,1,0,EyesOpened
20260810_154114_079,1,Unspecified,Blink,1510,2026-08-10T16:01:03.8841292+09:00,2026-08-10T16:01:04.0241292+09:00,1189.805271,1189.944543,139.272,69109,69118,0.974455,0.755834,1,0,EyesOpened
20260810_154114_079,1,Unspecified,Blink,1511,2026-08-10T16:01:04.2741292+09:00,2026-08-10T16:01:04.4691292+09:00,1190.195226,1190.390307,195.082,69133,69144,0.996531,0.842973,1,0,EyesOpened
20260810_154114_079,1,Unspecified,Blink,1512,2026-08-10T16:01:05.0121292+09:00,2026-08-10T16:01:05.1511292+09:00,1190.933105,1191.072222,139.118,69177,69185,0.966815,0.721883,1,0,EyesOpened
20260810_154114_079,1,Unspecified,Blink,1513,2026-08-10T16:01:05.8751292+09:00,2026-08-10T16:01:06.0141292+09:00,1191.796089,1191.935317,139.228,69229,69237,0.972921,0.807098,1,0,EyesOpened
20260810_154114_079,1,Unspecified,Blink,1514,2026-08-10T16:01:06.1951292+09:00,2026-08-10T16:01:06.3071292+09:00,1192.116199,1192.227608,111.408,69248,69255,0.959852,0.667960,1,0,EyesOpened
20260810_154114_079,1,Unspecified,Blink,1515,2026-08-10T16:01:06.5431292+09:00,2026-08-10T16:01:06.6821292+09:00,1192.464106,1192.603347,139.241,69269,69277,0.956447,0.728520,1,0,EyesOpened
20260810_154114_079,1,Unspecified,Blink,1516,2026-08-10T16:01:07.6151292+09:00,2026-08-10T16:01:07.9631292+09:00,1193.536168,1193.884075,347.907,69333,69354,0.996460,0.849501,1,0,EyesOpened
20260810_154114_079,1,Unspecified,Blink,1517,2026-08-10T16:01:08.2701292+09:00,2026-08-10T16:01:08.4091292+09:00,1194.190529,1194.329787,139.258,69372,69381,0.961493,0.672133,1,0,EyesOpened
20260810_154114_079,1,Unspecified,Blink,1518,2026-08-10T16:01:09.7181292+09:00,2026-08-10T16:01:09.8711292+09:00,1195.638681,1195.791866,153.185,69459,69468,0.956711,0.729779,1,0,EyesOpened
20260810_154114_079,1,Unspecified,Blink,1519,2026-08-10T16:01:10.1361292+09:00,2026-08-10T16:01:10.3301292+09:00,1196.056629,1196.251471,194.842,69484,69496,0.988081,0.793197,1,0,EyesOpened
20260810_154114_079,1,Unspecified,Blink,1520,2026-08-10T16:01:10.4701292+09:00,2026-08-10T16:01:10.6091292+09:00,1196.390637,1196.529988,139.351,69504,69513,0.983408,0.754199,1,0,EyesOpened
20260810_154114_079,1,Unspecified,Blink,1521,2026-08-10T16:01:11.7091292+09:00,2026-08-10T16:01:11.8341292+09:00,1197.629504,1197.754803,125.299,69579,69586,0.971986,0.698480,1,0,EyesOpened
20260810_154114_079,1,Unspecified,Blink,1522,2026-08-10T16:01:12.2101292+09:00,2026-08-10T16:01:12.4191292+09:00,1198.130678,1198.339707,209.029,69609,69621,0.986602,0.781399,1,0,EyesOpened
20260810_154114_079,1,Unspecified,Blink,1523,2026-08-10T16:01:13.5331292+09:00,2026-08-10T16:01:13.7141292+09:00,1199.453657,1199.634774,181.117,69688,69699,0.960514,0.690824,1,0,EyesOpened
20260810_154114_079,1,Unspecified,Blink,1524,2026-08-10T16:01:13.8111292+09:00,2026-08-10T16:01:13.9501292+09:00,1199.732433,1199.871358,138.925,69705,69713,0.969341,0.701132,1,0,EyesOpened
20260810_154114_079,1,Unspecified,Blink,1525,2026-08-10T16:01:14.2291292+09:00,2026-08-10T16:01:14.3681292+09:00,1200.149855,1200.289136,139.282,69730,69738,0.985758,0.813536,1,0,EyesOpened
20260810_154114_079,1,Unspecified,Blink,1526,2026-08-10T16:01:14.6331292+09:00,2026-08-10T16:01:14.8141292+09:00,1200.553645,1200.734580,180.935,69754,69765,0.996471,0.685707,1,0,EyesOpened
20260810_154114_079,1,Unspecified,Blink,1527,2026-08-10T16:01:15.5521292+09:00,2026-08-10T16:01:15.7191292+09:00,1201.472578,1201.639530,166.952,69809,69819,0.935212,0.637460,1,0,EyesOpened
20260810_154114_079,1,Unspecified,Blink,1528,2026-08-10T16:01:15.8021292+09:00,2026-08-10T16:01:16.0531292+09:00,1201.723193,1201.973794,250.600,69824,69839,0.995742,0.889365,1,0,EyesOpened
20260810_154114_079,1,Unspecified,Blink,1529,2026-08-10T16:01:16.2201292+09:00,2026-08-10T16:01:16.3451292+09:00,1202.140675,1202.265892,125.216,69849,69857,0.978799,0.678947,1,0,EyesOpened
20260810_154114_079,1,Unspecified,Blink,1530,2026-08-10T16:01:17.7371292+09:00,2026-08-10T16:01:17.9041292+09:00,1203.658245,1203.825115,166.869,69940,69950,0.973223,0.620117,1,0,EyesOpened
20260810_154114_079,1,Unspecified,Blink,1531,2026-08-10T16:01:18.3361292+09:00,2026-08-10T16:01:18.4751292+09:00,1204.256816,1204.396107,139.291,69976,69985,0.969999,0.738473,1,0,EyesOpened
20260810_154114_079,1,Unspecified,Blink,1532,2026-08-10T16:01:18.7531292+09:00,2026-08-10T16:01:18.9201292+09:00,1204.674483,1204.841185,166.702,70001,70011,0.950303,0.598392,1,0,EyesOpened
20260810_154114_079,1,Unspecified,Blink,1533,2026-08-10T16:01:19.7971292+09:00,2026-08-10T16:01:19.9371292+09:00,1205.718262,1205.857694,139.432,70064,70072,0.959774,0.735518,1,0,EyesOpened
20260810_154114_079,1,Unspecified,Blink,1534,2026-08-10T16:01:20.2431292+09:00,2026-08-10T16:01:20.4381292+09:00,1206.164075,1206.358862,194.786,70091,70102,0.975962,0.640358,1,0,EyesOpened
20260810_154114_079,1,Unspecified,Blink,1535,2026-08-10T16:01:20.6331292+09:00,2026-08-10T16:01:20.7861292+09:00,1206.553798,1206.706883,153.085,70114,70123,0.961211,0.733183,1,0,EyesOpened
20260810_154114_079,1,Unspecified,Blink,1536,2026-08-10T16:01:20.9951292+09:00,2026-08-10T16:01:21.1481292+09:00,1206.915779,1207.068858,153.080,70136,70145,0.969550,0.742836,1,0,EyesOpened
20260810_154114_079,1,Unspecified,Blink,1537,2026-08-10T16:01:21.6071292+09:00,2026-08-10T16:01:21.8301292+09:00,1207.528359,1207.751102,222.743,70173,70186,0.966709,0.611066,1,0,EyesOpened
20260810_154114_079,1,Unspecified,Blink,1538,2026-08-10T16:01:21.8861292+09:00,2026-08-10T16:01:22.0531292+09:00,1207.806614,1207.973937,167.322,70189,70199,0.982280,0.735481,1,0,EyesOpened
20260810_154114_079,1,Unspecified,Blink,1539,2026-08-10T16:01:22.2201292+09:00,2026-08-10T16:01:22.4431292+09:00,1208.140570,1208.363504,222.934,70209,70223,0.995736,0.648831,1,0,EyesOpened
20260810_154114_079,1,Unspecified,Blink,1540,2026-08-10T16:01:23.8621292+09:00,2026-08-10T16:01:24.0161292+09:00,1209.783474,1209.936753,153.279,70308,70317,0.828182,0.611040,1,0,EyesOpened
20260810_154114_079,1,Unspecified,Blink,1541,2026-08-10T16:01:24.2531292+09:00,2026-08-10T16:01:24.3781292+09:00,1210.173565,1210.298937,125.372,70331,70339,0.964442,0.807894,1,0,EyesOpened
20260810_154114_079,1,Unspecified,Blink,1542,2026-08-10T16:01:25.5471292+09:00,2026-08-10T16:01:25.7001292+09:00,1211.468163,1211.621319,153.156,70409,70418,0.996157,0.816836,1,0,EyesOpened
20260810_154114_079,1,Unspecified,Blink,1543,2026-08-10T16:01:25.9371292+09:00,2026-08-10T16:01:26.1041292+09:00,1211.858021,1212.025108,167.087,70432,70442,0.984970,0.835036,1,0,EyesOpened
20260810_154114_079,1,Unspecified,Blink,1544,2026-08-10T16:01:26.4521292+09:00,2026-08-10T16:01:26.5631292+09:00,1212.372824,1212.484069,111.246,70463,70470,0.983191,0.805147,1,0,EyesOpened
20260810_154114_079,1,Unspecified,Blink,1545,2026-08-10T16:01:27.5801292+09:00,2026-08-10T16:01:27.7331292+09:00,1213.500649,1213.653870,153.221,70531,70540,0.971965,0.812018,1,0,EyesOpened
20260810_154114_079,1,Unspecified,Blink,1546,2026-08-10T16:01:27.9001292+09:00,2026-08-10T16:01:59.5851292+09:00,1213.820840,1245.506303,31685.462,70550,72411,0.710476,0.710476,1,1,RecordingStopped
20260810_154114_079,1,Unspecified,TrackingFailure,1547,2026-08-10T16:01:59.5581292+09:00,2026-08-10T16:01:59.5851292+09:00,1245.479102,1245.506303,27.201,72410,72411,,,,1,RecordingStopped
