SessionId,RecordingId,Condition,WindowIndex,WindowStartAbsTime,WindowEndAbsTime,WindowStartElapsedSec,WindowEndElapsedSec,SampleCount,ValidSampleCount,MeanGazeX,MeanGazeY,VarianceGazeX,VarianceGazeY,CovarianceXY,Dispersion,TrackingFailureCount
20260805_172630_772,1,Unspecified,0,2026-08-05T17:27:05.6856301+09:00,2026-08-05T17:27:06.1856301+09:00,34.912984,35.412984,30,30,0.070395,0.015052,0.000004,0.000015,-0.000001,0.004359,0
20260805_172630_772,1,Unspecified,1,2026-08-05T17:27:06.1856301+09:00,2026-08-05T17:27:06.6856301+09:00,35.412984,35.912984,31,31,0.074133,0.027795,0.000026,0.000037,-0.000014,0.007931,0
20260805_172630_772,1,Unspecified,2,2026-08-05T17:27:06.6856301+09:00,2026-08-05T17:27:07.1856301+09:00,35.912984,36.412984,29,29,0.073797,0.028389,0.000009,0.000377,0.000024,0.019642,0
20260805_172630_772,1,Unspecified,3,2026-08-05T17:27:07.1856301+09:00,2026-08-05T17:27:07.6856301+09:00,36.412984,36.912984,30,30,0.057325,0.007714,0.000105,0.000602,-0.000237,0.026586,0
20260805_172630_772,1,Unspecified,4,2026-08-05T17:27:07.6856301+09:00,2026-08-05T17:27:08.1856301+09:00,36.912984,37.412984,30,30,0.051420,-0.033509,0.001000,0.000928,0.000669,0.043911,0
20260805_172630_772,1,Unspecified,5,2026-08-05T17:27:08.1856301+09:00,2026-08-05T17:27:08.6856301+09:00,37.412984,37.912984,30,30,0.056819,-0.041491,0.000989,0.000142,0.000360,0.033624,0
20260805_172630_772,1,Unspecified,6,2026-08-05T17:27:08.6856301+09:00,2026-08-05T17:27:09.1856301+09:00,37.912984,38.412984,30,30,0.088149,-0.016640,0.000003,0.000007,-0.000001,0.003114,0
20260805_172630_772,1,Unspecified,7,2026-08-05T17:27:09.1856301+09:00,2026-08-05T17:27:09.6856301+09:00,38.412984,38.912984,30,30,0.103908,-0.022770,0.000032,0.000018,-0.000017,0.007075,0
20260805_172630_772,1,Unspecified,8,2026-08-05T17:27:09.6856301+09:00,2026-08-05T17:27:10.1856301+09:00,38.912984,39.412984,30,30,0.078566,0.027631,0.000643,0.000748,-0.000541,0.037290,0
20260805_172630_772,1,Unspecified,9,2026-08-05T17:27:10.1856301+09:00,2026-08-05T17:27:10.6856301+09:00,39.412984,39.912984,30,30,0.088648,-0.000482,0.000233,0.000506,-0.000336,0.027193,0
20260805_172630_772,1,Unspecified,10,2026-08-05T17:27:10.6856301+09:00,2026-08-05T17:27:11.1856301+09:00,39.912984,40.412984,30,30,0.038627,0.038310,0.000489,0.000482,-0.000473,0.031161,0
20260805_172630_772,1,Unspecified,11,2026-08-05T17:27:11.1856301+09:00,2026-08-05T17:27:11.6856301+09:00,40.412984,40.912984,30,30,0.039092,0.032073,0.000046,0.000076,-0.000046,0.011049,0
20260805_172630_772,1,Unspecified,12,2026-08-05T17:27:11.6856301+09:00,2026-08-05T17:27:12.1856301+09:00,40.912984,41.412984,30,30,0.061921,0.010822,0.000061,0.000052,-0.000051,0.010635,0
20260805_172630_772,1,Unspecified,13,2026-08-05T17:27:12.1856301+09:00,2026-08-05T17:27:12.6856301+09:00,41.412984,41.912984,30,30,0.072472,-0.000711,0.000002,0.000005,0.000001,0.002628,0
20260805_172630_772,1,Unspecified,14,2026-08-05T17:27:12.6856301+09:00,2026-08-05T17:27:13.1856301+09:00,41.912984,42.412984,30,30,0.069453,-0.000439,0.000015,0.000005,-0.000003,0.004523,0
20260805_172630_772,1,Unspecified,15,2026-08-05T17:27:13.1856301+09:00,2026-08-05T17:27:13.6856301+09:00,42.412984,42.912984,30,30,0.063459,0.004620,0.000007,0.000005,0.000000,0.003533,0
20260805_172630_772,1,Unspecified,16,2026-08-05T17:27:13.6856301+09:00,2026-08-05T17:27:14.1856301+09:00,42.912984,43.412984,30,30,0.060607,0.005554,0.000009,0.000004,0.000002,0.003478,0
20260805_172630_772,1,Unspecified,17,2026-08-05T17:27:14.1856301+09:00,2026-08-05T17:27:14.6856301+09:00,43.412984,43.912984,30,30,0.059098,0.004824,0.000003,0.000003,-0.000002,0.002433,0
20260805_172630_772,1,Unspecified,18,2026-08-05T17:27:14.6856301+09:00,2026-08-05T17:27:15.1856301+09:00,43.912984,44.412984,30,30,0.060311,0.008178,0.000002,0.000012,0.000001,0.003812,0
20260805_172630_772,1,Unspecified,19,2026-08-05T17:27:15.1856301+09:00,2026-08-05T17:27:15.6856301+09:00,44.412984,44.912984,30,30,0.058769,0.010954,0.000052,0.000043,0.000037,0.009734,0
20260805_172630_772,1,Unspecified,20,2026-08-05T17:27:15.6856301+09:00,2026-08-05T17:27:16.1856301+09:00,44.912984,45.412984,30,30,0.071020,-0.016680,0.000075,0.000218,-0.000112,0.017128,0
20260805_172630_772,1,Unspecified,21,2026-08-05T17:27:16.1856301+09:00,2026-08-05T17:27:16.6856301+09:00,45.412984,45.912984,30,30,0.080403,-0.033843,0.000003,0.000116,-0.000002,0.010920,0
20260805_172630_772,1,Unspecified,22,2026-08-05T17:27:16.6856301+09:00,2026-08-05T17:27:17.1856301+09:00,45.912984,46.412984,30,30,0.072552,-0.019340,0.000006,0.000011,-0.000002,0.004076,0
20260805_172630_772,1,Unspecified,23,2026-08-05T17:27:17.1856301+09:00,2026-08-05T17:27:17.6856301+09:00,46.412984,46.912984,30,30,0.072028,-0.018241,0.000047,0.000011,0.000014,0.007567,0
20260805_172630_772,1,Unspecified,24,2026-08-05T17:27:17.6856301+09:00,2026-08-05T17:27:18.1856301+09:00,46.912984,47.412984,31,31,0.081070,-0.008391,0.000005,0.000050,-0.000001,0.007395,0
20260805_172630_772,1,Unspecified,25,2026-08-05T17:27:18.1856301+09:00,2026-08-05T17:27:18.6856301+09:00,47.412984,47.912984,29,29,0.073806,0.010568,0.000043,0.000021,-0.000021,0.007943,0
20260805_172630_772,1,Unspecified,26,2026-08-05T17:27:18.6856301+09:00,2026-08-05T17:27:19.1856301+09:00,47.912984,48.412984,30,30,0.068915,0.012686,0.000004,0.000006,0.000002,0.003135,0
20260805_172630_772,1,Unspecified,27,2026-08-05T17:27:19.1856301+09:00,2026-08-05T17:27:19.6856301+09:00,48.412984,48.912984,30,30,0.072254,0.016449,0.000002,0.000005,0.000001,0.002581,0
20260805_172630_772,1,Unspecified,28,2026-08-05T17:27:19.6856301+09:00,2026-08-05T17:27:20.1856301+09:00,48.912984,49.412984,30,30,0.069816,0.003645,0.000019,0.000059,0.000026,0.008843,0
20260805_172630_772,1,Unspecified,29,2026-08-05T17:27:20.1856301+09:00,2026-08-05T17:27:20.6856301+09:00,49.412984,49.912984,30,30,0.066817,-0.001302,0.000031,0.000013,0.000012,0.006643,0
20260805_172630_772,1,Unspecified,30,2026-08-05T17:27:20.6856301+09:00,2026-08-05T17:27:21.1856301+09:00,49.912984,50.412984,30,30,0.071431,-0.001156,0.000006,0.000004,0.000001,0.003070,0
20260805_172630_772,1,Unspecified,31,2026-08-05T17:27:21.1856301+09:00,2026-08-05T17:27:21.6856301+09:00,50.412984,50.912984,30,30,0.068164,0.000368,0.000003,0.000010,0.000001,0.003517,0
20260805_172630_772,1,Unspecified,32,2026-08-05T17:27:21.6856301+09:00,2026-08-05T17:27:22.1856301+09:00,50.912984,51.412984,30,30,0.061428,0.003422,0.000016,0.000028,-0.000005,0.006670,0
20260805_172630_772,1,Unspecified,33,2026-08-05T17:27:22.1856301+09:00,2026-08-05T17:27:22.6856301+09:00,51.412984,51.912984,30,30,0.065744,0.003243,0.000018,0.000045,0.000023,0.007980,0
20260805_172630_772,1,Unspecified,34,2026-08-05T17:27:22.6856301+09:00,2026-08-05T17:27:23.1856301+09:00,51.912984,52.412984,30,30,0.068148,0.007158,0.000007,0.000005,0.000002,0.003548,0
20260805_172630_772,1,Unspecified,35,2026-08-05T17:27:23.1856301+09:00,2026-08-05T17:27:23.6856301+09:00,52.412984,52.912984,30,30,0.067118,0.009127,0.000019,0.000026,0.000020,0.006682,0
20260805_172630_772,1,Unspecified,36,2026-08-05T17:27:23.6856301+09:00,2026-08-05T17:27:24.1856301+09:00,52.912984,53.412984,30,30,0.072626,-0.004653,0.000020,0.000010,-0.000011,0.005501,0
20260805_172630_772,1,Unspecified,37,2026-08-05T17:27:24.1856301+09:00,2026-08-05T17:27:24.6856301+09:00,53.412984,53.912984,30,30,0.060348,0.006791,0.000004,0.000002,0.000000,0.002569,0
20260805_172630_772,1,Unspecified,38,2026-08-05T17:27:24.6856301+09:00,2026-08-05T17:27:25.1856301+09:00,53.912984,54.412984,30,30,0.060255,0.007524,0.000003,0.000003,-0.000002,0.002558,0
20260805_172630_772,1,Unspecified,39,2026-08-05T17:27:25.1856301+09:00,2026-08-05T17:27:25.6856301+09:00,54.412984,54.912984,30,30,0.063624,0.006003,0.000007,0.000007,-0.000002,0.003777,0
20260805_172630_772,1,Unspecified,40,2026-08-05T17:27:25.6856301+09:00,2026-08-05T17:27:26.1856301+09:00,54.912984,55.412984,30,30,0.067008,0.007374,0.000002,0.000013,0.000000,0.003883,0
20260805_172630_772,1,Unspecified,41,2026-08-05T17:27:26.1856301+09:00,2026-08-05T17:27:26.6856301+09:00,55.412984,55.912984,30,30,0.066224,0.011743,0.000002,0.000015,-0.000003,0.004050,0
20260805_172630_772,1,Unspecified,42,2026-08-05T17:27:26.6856301+09:00,2026-08-05T17:27:27.1856301+09:00,55.912984,56.412984,30,30,0.066928,0.006956,0.000006,0.000002,0.000001,0.002856,0
20260805_172630_772,1,Unspecified,43,2026-08-05T17:27:27.1856301+09:00,2026-08-05T17:27:27.6856301+09:00,56.412984,56.912984,30,30,0.065059,0.004796,0.000016,0.000008,0.000006,0.004864,0
20260805_172630_772,1,Unspecified,44,2026-08-05T17:27:27.6856301+09:00,2026-08-05T17:27:28.1856301+09:00,56.912984,57.412984,30,30,0.056841,0.002915,0.000002,0.000004,0.000001,0.002457,0
20260805_172630_772,1,Unspecified,45,2026-08-05T17:27:28.1856301+09:00,2026-08-05T17:27:28.6856301+09:00,57.412984,57.912984,30,30,0.066653,0.007015,0.000035,0.000007,0.000003,0.006515,0
20260805_172630_772,1,Unspecified,46,2026-08-05T17:27:28.6856301+09:00,2026-08-05T17:27:29.1856301+09:00,57.912984,58.412984,30,30,0.059907,0.008412,0.000006,0.000003,-0.000001,0.003067,0
20260805_172630_772,1,Unspecified,47,2026-08-05T17:27:29.1856301+09:00,2026-08-05T17:27:29.6856301+09:00,58.412984,58.912984,31,31,0.057286,0.005864,0.000005,0.000003,0.000000,0.002790,0
20260805_172630_772,1,Unspecified,48,2026-08-05T17:27:29.6856301+09:00,2026-08-05T17:27:30.1856301+09:00,58.912984,59.412984,29,29,0.059992,0.005620,0.000004,0.000004,0.000001,0.002731,0
20260805_172630_772,1,Unspecified,49,2026-08-05T17:27:30.1856301+09:00,2026-08-05T17:27:30.6856301+09:00,59.412984,59.912984,30,30,0.067193,0.007818,0.000007,0.000004,0.000002,0.003342,0
20260805_172630_772,1,Unspecified,50,2026-08-05T17:27:30.6856301+09:00,2026-08-05T17:27:31.1856301+09:00,59.912984,60.412984,30,30,0.058651,0.006936,0.000012,0.000005,0.000003,0.004099,0
20260805_172630_772,1,Unspecified,51,2026-08-05T17:27:31.1856301+09:00,2026-08-05T17:27:31.6856301+09:00,60.412984,60.912984,30,30,0.057302,0.006997,0.000002,0.000006,-0.000001,0.002794,0
20260805_172630_772,1,Unspecified,52,2026-08-05T17:27:31.6856301+09:00,2026-08-05T17:27:32.1856301+09:00,60.912984,61.412984,30,30,0.059023,0.008533,0.000006,0.000003,0.000003,0.002980,0
20260805_172630_772,1,Unspecified,53,2026-08-05T17:27:32.1856301+09:00,2026-08-05T17:27:32.6856301+09:00,61.412984,61.912984,30,30,0.059270,0.008040,0.000001,0.000007,0.000000,0.002842,0
20260805_172630_772,1,Unspecified,54,2026-08-05T17:27:32.6856301+09:00,2026-08-05T17:27:33.1856301+09:00,61.912984,62.412984,30,30,0.058465,0.008478,0.000002,0.000003,0.000000,0.002155,0
20260805_172630_772,1,Unspecified,55,2026-08-05T17:27:33.1856301+09:00,2026-08-05T17:27:33.6856301+09:00,62.412984,62.912984,30,30,0.060962,0.006675,0.000005,0.000005,-0.000001,0.003249,0
20260805_172630_772,1,Unspecified,56,2026-08-05T17:27:33.6856301+09:00,2026-08-05T17:27:34.1856301+09:00,62.912984,63.412984,30,30,0.063046,0.002502,0.000006,0.000008,0.000003,0.003766,0
20260805_172630_772,1,Unspecified,57,2026-08-05T17:27:34.1856301+09:00,2026-08-05T17:27:34.6856301+09:00,63.412984,63.912984,30,30,0.058677,-0.000787,0.000002,0.000016,0.000001,0.004211,0
20260805_172630_772,1,Unspecified,58,2026-08-05T17:27:34.6856301+09:00,2026-08-05T17:27:35.1856301+09:00,63.912984,64.412984,31,31,0.059833,0.003668,0.000004,0.000004,0.000001,0.002674,0
20260805_172630_772,1,Unspecified,59,2026-08-05T17:27:35.1856301+09:00,2026-08-05T17:27:35.6856301+09:00,64.412984,64.912984,30,30,0.065082,0.005355,0.000028,0.000005,0.000008,0.005766,0
20260805_172630_772,1,Unspecified,60,2026-08-05T17:27:35.6856301+09:00,2026-08-05T17:27:36.1856301+09:00,64.912984,65.412984,29,29,0.062773,0.005529,0.000076,0.000007,0.000015,0.009098,0
20260805_172630_772,1,Unspecified,61,2026-08-05T17:27:36.1856301+09:00,2026-08-05T17:27:36.6856301+09:00,65.412984,65.912984,30,30,0.057976,0.007206,0.000011,0.000005,0.000004,0.003991,0
20260805_172630_772,1,Unspecified,62,2026-08-05T17:27:36.6856301+09:00,2026-08-05T17:27:37.1856301+09:00,65.912984,66.412984,30,30,0.056321,0.008343,0.000004,0.000009,0.000001,0.003587,0
20260805_172630_772,1,Unspecified,63,2026-08-05T17:27:37.1856301+09:00,2026-08-05T17:27:37.6856301+09:00,66.412984,66.912984,30,30,0.056059,0.010147,0.000006,0.000004,0.000000,0.003217,0
20260805_172630_772,1,Unspecified,64,2026-08-05T17:27:37.6856301+09:00,2026-08-05T17:27:38.1856301+09:00,66.912984,67.412984,30,30,0.062041,0.011322,0.000012,0.000005,0.000001,0.004142,0
20260805_172630_772,1,Unspecified,65,2026-08-05T17:27:38.1856301+09:00,2026-08-05T17:27:38.6856301+09:00,67.412984,67.912984,30,30,0.059837,0.012595,0.000005,0.000010,-0.000004,0.003800,0
20260805_172630_772,1,Unspecified,66,2026-08-05T17:27:38.6856301+09:00,2026-08-05T17:27:39.1856301+09:00,67.912984,68.412984,30,30,0.068246,0.014985,0.000002,0.000008,0.000000,0.003200,0
20260805_172630_772,1,Unspecified,67,2026-08-05T17:27:39.1856301+09:00,2026-08-05T17:27:39.6856301+09:00,68.412984,68.912984,30,30,0.059912,0.013731,0.000040,0.000002,0.000004,0.006495,0
20260805_172630_772,1,Unspecified,68,2026-08-05T17:27:39.6856301+09:00,2026-08-05T17:27:40.1856301+09:00,68.912984,69.412984,30,30,0.057763,0.007552,0.000009,0.000027,-0.000011,0.005972,0
20260805_172630_772,1,Unspecified,69,2026-08-05T17:27:40.1856301+09:00,2026-08-05T17:27:40.6856301+09:00,69.412984,69.912984,31,31,0.051914,0.030462,0.000027,0.000143,-0.000014,0.013021,0
20260805_172630_772,1,Unspecified,70,2026-08-05T17:27:40.6856301+09:00,2026-08-05T17:27:41.1856301+09:00,69.912984,70.412984,29,29,0.049101,0.026531,0.000011,0.000003,-0.000003,0.003806,0
20260805_172630_772,1,Unspecified,71,2026-08-05T17:27:41.1856301+09:00,2026-08-05T17:27:41.6856301+09:00,70.412984,70.912984,30,30,0.049762,0.025809,0.000026,0.000007,-0.000008,0.005758,0
20260805_172630_772,1,Unspecified,72,2026-08-05T17:27:41.6856301+09:00,2026-08-05T17:27:42.1856301+09:00,70.912984,71.412984,30,30,0.054465,0.013275,0.000004,0.000039,0.000001,0.006515,0
20260805_172630_772,1,Unspecified,73,2026-08-05T17:27:42.1856301+09:00,2026-08-05T17:27:42.6856301+09:00,71.412984,71.912984,30,30,0.056560,0.014172,0.000004,0.000035,0.000006,0.006214,0
20260805_172630_772,1,Unspecified,74,2026-08-05T17:27:42.6856301+09:00,2026-08-05T17:27:43.1856301+09:00,71.912984,72.412984,30,30,0.057786,0.020537,0.000006,0.000004,-0.000002,0.003009,0
20260805_172630_772,1,Unspecified,75,2026-08-05T17:27:43.1856301+09:00,2026-08-05T17:27:43.6856301+09:00,72.412984,72.912984,30,30,0.059376,0.018297,0.000002,0.000009,-0.000002,0.003283,0
20260805_172630_772,1,Unspecified,76,2026-08-05T17:27:43.6856301+09:00,2026-08-05T17:27:44.1856301+09:00,72.912984,73.412984,31,31,0.059559,0.010148,0.000039,0.000019,0.000019,0.007637,0
20260805_172630_772,1,Unspecified,77,2026-08-05T17:27:44.1856301+09:00,2026-08-05T17:27:44.6856301+09:00,73.412984,73.912984,29,29,0.063857,0.012249,0.000035,0.000005,0.000002,0.006325,0
20260805_172630_772,1,Unspecified,78,2026-08-05T17:27:44.6856301+09:00,2026-08-05T17:27:45.1856301+09:00,73.912984,74.412984,30,30,0.053006,0.013593,0.000002,0.000002,0.000000,0.001995,0
20260805_172630_772,1,Unspecified,79,2026-08-05T17:27:45.1856301+09:00,2026-08-05T17:27:45.6856301+09:00,74.412984,74.912984,30,30,0.062070,0.010559,0.000036,0.000004,-0.000002,0.006250,0
20260805_172630_772,1,Unspecified,80,2026-08-05T17:27:45.6856301+09:00,2026-08-05T17:27:46.1856301+09:00,74.912984,75.412984,31,31,0.052499,0.007610,0.000012,0.000017,-0.000008,0.005317,0
20260805_172630_772,1,Unspecified,81,2026-08-05T17:27:46.1856301+09:00,2026-08-05T17:27:46.6856301+09:00,75.412984,75.912984,29,29,0.059061,0.013049,0.000027,0.000060,0.000036,0.009364,0
20260805_172630_772,1,Unspecified,82,2026-08-05T17:27:46.6856301+09:00,2026-08-05T17:27:47.1856301+09:00,75.912984,76.412984,31,31,0.065063,0.024286,0.000003,0.000003,0.000000,0.002357,0
20260805_172630_772,1,Unspecified,83,2026-08-05T17:27:47.1856301+09:00,2026-08-05T17:27:47.6856301+09:00,76.412984,76.912984,29,29,0.054495,0.017945,0.000052,0.000043,0.000045,0.009750,0
20260805_172630_772,1,Unspecified,84,2026-08-05T17:27:47.6856301+09:00,2026-08-05T17:27:48.1856301+09:00,76.912984,77.412984,30,30,0.059169,0.012523,0.000055,0.000004,0.000004,0.007665,0
20260805_172630_772,1,Unspecified,85,2026-08-05T17:27:48.1856301+09:00,2026-08-05T17:27:48.6856301+09:00,77.412984,77.912984,30,30,0.067559,0.023255,0.000020,0.000038,0.000012,0.007603,0
20260805_172630_772,1,Unspecified,86,2026-08-05T17:27:48.6856301+09:00,2026-08-05T17:27:49.1856301+09:00,77.912984,78.412984,30,30,0.058315,0.025720,0.000002,0.000005,-0.000001,0.002648,0
20260805_172630_772,1,Unspecified,87,2026-08-05T17:27:49.1856301+09:00,2026-08-05T17:27:49.6856301+09:00,78.412984,78.912984,30,30,0.062051,0.024325,0.000004,0.000003,0.000001,0.002593,0
20260805_172630_772,1,Unspecified,88,2026-08-05T17:27:49.6856301+09:00,2026-08-05T17:27:50.1856301+09:00,78.912984,79.412984,30,30,0.066646,0.022695,0.000004,0.000003,-0.000001,0.002637,0
20260805_172630_772,1,Unspecified,89,2026-08-05T17:27:50.1856301+09:00,2026-08-05T17:27:50.6856301+09:00,79.412984,79.912984,30,30,0.061403,0.022839,0.000021,0.000059,0.000024,0.008926,0
20260805_172630_772,1,Unspecified,90,2026-08-05T17:27:50.6856301+09:00,2026-08-05T17:27:51.1856301+09:00,79.912984,80.412984,30,30,0.058819,0.020182,0.000002,0.000005,0.000000,0.002659,0
20260805_172630_772,1,Unspecified,91,2026-08-05T17:27:51.1856301+09:00,2026-08-05T17:27:51.6856301+09:00,80.412984,80.912984,30,30,0.052184,0.026166,0.000049,0.000006,-0.000016,0.007428,0
20260805_172630_772,1,Unspecified,92,2026-08-05T17:27:51.6856301+09:00,2026-08-05T17:27:52.1856301+09:00,80.912984,81.412984,30,30,0.035325,0.012835,0.000038,0.000074,0.000051,0.010572,0
20260805_172630_772,1,Unspecified,93,2026-08-05T17:27:52.1856301+09:00,2026-08-05T17:27:52.6856301+09:00,81.412984,81.912984,31,31,0.051607,0.019436,0.000102,0.000023,0.000045,0.011178,0
20260805_172630_772,1,Unspecified,94,2026-08-05T17:27:52.6856301+09:00,2026-08-05T17:27:53.1856301+09:00,81.912984,82.412984,29,29,0.062261,0.021568,0.000001,0.000004,0.000000,0.002178,0
20260805_172630_772,1,Unspecified,95,2026-08-05T17:27:53.1856301+09:00,2026-08-05T17:27:53.6856301+09:00,82.412984,82.912984,30,30,0.061074,0.017479,0.000002,0.000025,0.000000,0.005128,0
20260805_172630_772,1,Unspecified,96,2026-08-05T17:27:53.6856301+09:00,2026-08-05T17:27:54.1856301+09:00,82.912984,83.412984,30,30,0.056490,0.018012,0.000012,0.000007,0.000006,0.004367,0
20260805_172630_772,1,Unspecified,97,2026-08-05T17:27:54.1856301+09:00,2026-08-05T17:27:54.6856301+09:00,83.412984,83.912984,30,30,0.063581,0.026393,0.000008,0.000003,0.000001,0.003240,0
20260805_172630_772,1,Unspecified,98,2026-08-05T17:27:54.6856301+09:00,2026-08-05T17:27:55.1856301+09:00,83.912984,84.412984,30,30,0.066175,0.026212,0.000004,0.000002,0.000001,0.002392,0
20260805_172630_772,1,Unspecified,99,2026-08-05T17:27:55.1856301+09:00,2026-08-05T17:27:55.6856301+09:00,84.412984,84.912984,30,30,0.057142,0.023384,0.000080,0.000008,0.000017,0.009361,0
20260805_172630_772,1,Unspecified,100,2026-08-05T17:27:55.6856301+09:00,2026-08-05T17:27:56.1856301+09:00,84.912984,85.412984,30,30,0.058537,0.017840,0.000031,0.000005,0.000004,0.005999,0
20260805_172630_772,1,Unspecified,101,2026-08-05T17:27:56.1856301+09:00,2026-08-05T17:27:56.6856301+09:00,85.412984,85.912984,30,30,0.064152,0.016406,0.000005,0.000004,-0.000002,0.002880,0
20260805_172630_772,1,Unspecified,102,2026-08-05T17:27:56.6856301+09:00,2026-08-05T17:27:57.1856301+09:00,85.912984,86.412984,30,30,0.058913,0.023520,0.000002,0.000004,0.000001,0.002522,0
20260805_172630_772,1,Unspecified,103,2026-08-05T17:27:57.1856301+09:00,2026-08-05T17:27:57.6856301+09:00,86.412984,86.912984,30,30,0.055856,0.024135,0.000014,0.000005,0.000003,0.004370,0
20260805_172630_772,1,Unspecified,104,2026-08-05T17:27:57.6856301+09:00,2026-08-05T17:27:58.1856301+09:00,86.912984,87.412984,30,30,0.047744,0.023048,0.000006,0.000013,0.000000,0.004389,0
20260805_172630_772,1,Unspecified,105,2026-08-05T17:27:58.1856301+09:00,2026-08-05T17:27:58.6856301+09:00,87.412984,87.912984,30,30,0.055231,0.024971,0.000040,0.000025,0.000025,0.008038,0
20260805_172630_772,1,Unspecified,106,2026-08-05T17:27:58.6856301+09:00,2026-08-05T17:27:59.1856301+09:00,87.912984,88.412984,31,31,0.051747,0.031655,0.000003,0.000008,-0.000001,0.003305,0
20260805_172630_772,1,Unspecified,107,2026-08-05T17:27:59.1856301+09:00,2026-08-05T17:27:59.6856301+09:00,88.412984,88.912984,29,29,0.053137,0.028435,0.000003,0.000027,0.000001,0.005502,0
20260805_172630_772,1,Unspecified,108,2026-08-05T17:27:59.6856301+09:00,2026-08-05T17:28:00.1856301+09:00,88.912984,89.412984,30,30,0.057741,0.023644,0.000003,0.000002,-0.000001,0.002185,0
20260805_172630_772,1,Unspecified,109,2026-08-05T17:28:00.1856301+09:00,2026-08-05T17:28:00.6856301+09:00,89.412984,89.912984,30,30,0.059355,0.026455,0.000003,0.000004,0.000002,0.002696,0
20260805_172630_772,1,Unspecified,110,2026-08-05T17:28:00.6856301+09:00,2026-08-05T17:28:01.1856301+09:00,89.912984,90.412984,30,30,0.060146,0.027197,0.000002,0.000003,0.000000,0.002256,0
20260805_172630_772,1,Unspecified,111,2026-08-05T17:28:01.1856301+09:00,2026-08-05T17:28:01.6856301+09:00,90.412984,90.912984,30,30,0.053463,0.024129,0.000038,0.000019,0.000022,0.007525,0
20260805_172630_772,1,Unspecified,112,2026-08-05T17:28:01.6856301+09:00,2026-08-05T17:28:02.1856301+09:00,90.912984,91.412984,30,30,0.061633,0.026746,0.000062,0.000009,0.000017,0.008394,0
20260805_172630_772,1,Unspecified,113,2026-08-05T17:28:02.1856301+09:00,2026-08-05T17:28:02.6856301+09:00,91.412984,91.912984,30,30,0.060843,0.029389,0.000018,0.000006,0.000006,0.004942,0
20260805_172630_772,1,Unspecified,114,2026-08-05T17:28:02.6856301+09:00,2026-08-05T17:28:03.1856301+09:00,91.912984,92.412984,30,30,0.059920,0.044040,0.000004,0.000034,0.000005,0.006207,0
20260805_172630_772,1,Unspecified,115,2026-08-05T17:28:03.1856301+09:00,2026-08-05T17:28:03.6856301+09:00,92.412984,92.912984,30,30,0.051393,0.041104,0.000047,0.000028,0.000033,0.008706,0
20260805_172630_772,1,Unspecified,116,2026-08-05T17:28:03.6856301+09:00,2026-08-05T17:28:04.1856301+09:00,92.912984,93.412984,30,30,0.053423,0.031576,0.000010,0.000015,-0.000008,0.005017,0
20260805_172630_772,1,Unspecified,117,2026-08-05T17:28:04.1856301+09:00,2026-08-05T17:28:04.6856301+09:00,93.412984,93.912984,30,30,0.053314,0.025144,0.000019,0.000032,-0.000017,0.007094,0
20260805_172630_772,1,Unspecified,118,2026-08-05T17:28:04.6856301+09:00,2026-08-05T17:28:05.1856301+09:00,93.912984,94.412984,30,30,0.044861,0.028460,0.000003,0.000008,-0.000002,0.003180,0
20260805_172630_772,1,Unspecified,119,2026-08-05T17:28:05.1856301+09:00,2026-08-05T17:28:05.6856301+09:00,94.412984,94.912984,30,30,0.048368,0.029345,0.000022,0.000018,-0.000017,0.006292,0
20260805_172630_772,1,Unspecified,120,2026-08-05T17:28:05.6856301+09:00,2026-08-05T17:28:06.1856301+09:00,94.912984,95.412984,30,30,0.053961,0.014108,0.000006,0.000014,-0.000003,0.004489,0
20260805_172630_772,1,Unspecified,121,2026-08-05T17:28:06.1856301+09:00,2026-08-05T17:28:06.6856301+09:00,95.412984,95.912984,30,30,0.052247,0.022911,0.000007,0.000076,-0.000004,0.009115,0
20260805_172630_772,1,Unspecified,122,2026-08-05T17:28:06.6856301+09:00,2026-08-05T17:28:07.1856301+09:00,95.912984,96.412984,30,30,0.049292,0.024330,0.000006,0.000009,0.000002,0.003805,0
20260805_172630_772,1,Unspecified,123,2026-08-05T17:28:07.1856301+09:00,2026-08-05T17:28:07.6856301+09:00,96.412984,96.912984,30,30,0.045793,0.022417,0.000004,0.000007,0.000002,0.003314,0
20260805_172630_772,1,Unspecified,124,2026-08-05T17:28:07.6856301+09:00,2026-08-05T17:28:08.1856301+09:00,96.912984,97.412984,30,30,0.049118,0.019640,0.000040,0.000004,0.000008,0.006569,0
20260805_172630_772,1,Unspecified,125,2026-08-05T17:28:08.1856301+09:00,2026-08-05T17:28:08.6856301+09:00,97.412984,97.912984,30,30,0.050621,0.023156,0.000005,0.000004,0.000000,0.002936,0
20260805_172630_772,1,Unspecified,126,2026-08-05T17:28:08.6856301+09:00,2026-08-05T17:28:09.1856301+09:00,97.912984,98.412984,30,30,0.049639,0.028071,0.000003,0.000011,0.000001,0.003707,0
20260805_172630_772,1,Unspecified,127,2026-08-05T17:28:09.1856301+09:00,2026-08-05T17:28:09.6856301+09:00,98.412984,98.912984,31,31,0.050894,0.028724,0.000004,0.000004,-0.000001,0.002889,0
20260805_172630_772,1,Unspecified,128,2026-08-05T17:28:09.6856301+09:00,2026-08-05T17:28:10.1856301+09:00,98.912984,99.412984,29,29,0.046942,0.018031,0.000003,0.000001,0.000000,0.001867,0
20260805_172630_772,1,Unspecified,129,2026-08-05T17:28:10.1856301+09:00,2026-08-05T17:28:10.6856301+09:00,99.412984,99.912984,30,30,0.049933,0.032237,0.000008,0.000065,0.000020,0.008560,0
20260805_172630_772,1,Unspecified,130,2026-08-05T17:28:10.6856301+09:00,2026-08-05T17:28:11.1856301+09:00,99.912984,100.412984,30,30,0.047532,0.031548,0.000003,0.000003,0.000001,0.002614,0
20260805_172630_772,1,Unspecified,131,2026-08-05T17:28:11.1856301+09:00,2026-08-05T17:28:11.6856301+09:00,100.412984,100.912984,30,30,0.051392,0.031821,0.000015,0.000003,-0.000001,0.004204,0
20260805_172630_772,1,Unspecified,132,2026-08-05T17:28:11.6856301+09:00,2026-08-05T17:28:12.1856301+09:00,100.912984,101.412984,30,30,0.048481,0.025966,0.000047,0.000019,0.000017,0.008144,0
20260805_172630_772,1,Unspecified,133,2026-08-05T17:28:12.1856301+09:00,2026-08-05T17:28:12.6856301+09:00,101.412984,101.912984,30,30,0.052609,0.033504,0.000014,0.000043,0.000022,0.007532,0
20260805_172630_772,1,Unspecified,134,2026-08-05T17:28:12.6856301+09:00,2026-08-05T17:28:13.1856301+09:00,101.912984,102.412984,30,30,0.055577,0.038860,0.000004,0.000003,0.000000,0.002690,0
20260805_172630_772,1,Unspecified,135,2026-08-05T17:28:13.1856301+09:00,2026-08-05T17:28:13.6856301+09:00,102.412984,102.912984,30,30,0.053443,0.037255,0.000003,0.000003,0.000001,0.002327,0
20260805_172630_772,1,Unspecified,136,2026-08-05T17:28:13.6856301+09:00,2026-08-05T17:28:14.1856301+09:00,102.912984,103.412984,30,30,0.053087,0.032498,0.000003,0.000019,0.000004,0.004709,0
20260805_172630_772,1,Unspecified,137,2026-08-05T17:28:14.1856301+09:00,2026-08-05T17:28:14.6856301+09:00,103.412984,103.912984,30,30,0.053799,0.033835,0.000007,0.000012,0.000007,0.004423,0
20260805_172630_772,1,Unspecified,138,2026-08-05T17:28:14.6856301+09:00,2026-08-05T17:28:15.1856301+09:00,103.912984,104.412984,30,30,0.053675,0.035488,0.000010,0.000005,0.000005,0.003799,0
20260805_172630_772,1,Unspecified,139,2026-08-05T17:28:15.1856301+09:00,2026-08-05T17:28:15.6856301+09:00,104.412984,104.912984,30,30,0.046790,0.035260,0.000032,0.000063,0.000025,0.009733,0
20260805_172630_772,1,Unspecified,140,2026-08-05T17:28:15.6856301+09:00,2026-08-05T17:28:16.1856301+09:00,104.912984,105.412984,30,30,0.046433,0.038693,0.000117,0.000155,0.000105,0.016500,0
20260805_172630_772,1,Unspecified,141,2026-08-05T17:28:16.1856301+09:00,2026-08-05T17:28:16.6856301+09:00,105.412984,105.912984,30,30,0.044042,0.031143,0.000004,0.000006,0.000001,0.003157,0
20260805_172630_772,1,Unspecified,142,2026-08-05T17:28:16.6856301+09:00,2026-08-05T17:28:17.1856301+09:00,105.912984,106.412984,30,30,0.039631,0.032508,0.000002,0.000003,-0.000001,0.002286,0
20260805_172630_772,1,Unspecified,143,2026-08-05T17:28:17.1856301+09:00,2026-08-05T17:28:17.6856301+09:00,106.412984,106.912984,30,30,0.041971,0.032529,0.000018,0.000022,-0.000012,0.006333,0
20260805_172630_772,1,Unspecified,144,2026-08-05T17:28:17.6856301+09:00,2026-08-05T17:28:18.1856301+09:00,106.912984,107.412984,30,30,0.052253,0.023800,0.000004,0.000005,-0.000001,0.002904,0
20260805_172630_772,1,Unspecified,145,2026-08-05T17:28:18.1856301+09:00,2026-08-05T17:28:18.6856301+09:00,107.412984,107.912984,30,30,0.044027,0.031597,0.000026,0.000025,-0.000008,0.007187,0
20260805_172630_772,1,Unspecified,146,2026-08-05T17:28:18.6856301+09:00,2026-08-05T17:28:19.1856301+09:00,107.912984,108.412984,30,30,0.048126,0.041197,0.000002,0.000002,0.000000,0.002012,0
20260805_172630_772,1,Unspecified,147,2026-08-05T17:28:19.1856301+09:00,2026-08-05T17:28:19.6856301+09:00,108.412984,108.912984,30,30,0.047937,0.039031,0.000003,0.000003,0.000001,0.002388,0
20260805_172630_772,1,Unspecified,148,2026-08-05T17:28:19.6856301+09:00,2026-08-05T17:28:20.1856301+09:00,108.912984,109.412984,30,30,0.045217,0.024357,0.000034,0.000032,0.000024,0.008142,0
20260805_172630_772,1,Unspecified,149,2026-08-05T17:28:20.1856301+09:00,2026-08-05T17:28:20.6856301+09:00,109.412984,109.912984,30,30,0.045708,0.029958,0.000034,0.000062,0.000044,0.009809,0
20260805_172630_772,1,Unspecified,150,2026-08-05T17:28:20.6856301+09:00,2026-08-05T17:28:21.1856301+09:00,109.912984,110.412984,30,30,0.051696,0.038282,0.000004,0.000002,0.000001,0.002576,0
20260805_172630_772,1,Unspecified,151,2026-08-05T17:28:21.1856301+09:00,2026-08-05T17:28:21.6856301+09:00,110.412984,110.912984,31,31,0.047611,0.032961,0.000053,0.000097,0.000070,0.012260,0
20260805_172630_772,1,Unspecified,152,2026-08-05T17:28:21.6856301+09:00,2026-08-05T17:28:22.1856301+09:00,110.912984,111.412984,29,29,0.034742,0.016415,0.000003,0.000005,0.000001,0.002832,0
20260805_172630_772,1,Unspecified,153,2026-08-05T17:28:22.1856301+09:00,2026-08-05T17:28:22.6856301+09:00,111.412984,111.912984,30,30,0.038950,0.032501,0.000011,0.000052,0.000021,0.007954,0
20260805_172630_772,1,Unspecified,154,2026-08-05T17:28:22.6856301+09:00,2026-08-05T17:28:23.1856301+09:00,111.912984,112.412984,30,30,0.042412,0.035592,0.000004,0.000003,0.000001,0.002586,0
20260805_172630_772,1,Unspecified,155,2026-08-05T17:28:23.1856301+09:00,2026-08-05T17:28:23.6856301+09:00,112.412984,112.912984,30,30,0.036470,0.019236,0.000041,0.000172,0.000077,0.014592,0
20260805_172630_772,1,Unspecified,156,2026-08-05T17:28:23.6856301+09:00,2026-08-05T17:28:24.1856301+09:00,112.912984,113.412984,30,30,0.046442,0.018404,0.000046,0.000107,0.000024,0.012386,0
20260805_172630_772,1,Unspecified,157,2026-08-05T17:28:24.1856301+09:00,2026-08-05T17:28:24.6856301+09:00,113.412984,113.912984,30,30,0.045174,0.031978,0.000013,0.000092,0.000028,0.010271,0
20260805_172630_772,1,Unspecified,158,2026-08-05T17:28:24.6856301+09:00,2026-08-05T17:28:25.1856301+09:00,113.912984,114.412984,30,30,0.043351,0.026403,0.000010,0.000009,0.000006,0.004354,0
20260805_172630_772,1,Unspecified,159,2026-08-05T17:28:25.1856301+09:00,2026-08-05T17:28:25.6856301+09:00,114.412984,114.912984,30,30,0.051136,0.037588,0.000004,0.000003,0.000001,0.002692,0
20260805_172630_772,1,Unspecified,160,2026-08-05T17:28:25.6856301+09:00,2026-08-05T17:28:26.1856301+09:00,114.912984,115.412984,30,30,0.044841,0.026095,0.000011,0.000032,0.000016,0.006538,0
20260805_172630_772,1,Unspecified,161,2026-08-05T17:28:26.1856301+09:00,2026-08-05T17:28:26.6856301+09:00,115.412984,115.912984,30,30,0.050576,0.027654,0.000030,0.000020,0.000019,0.007055,0
20260805_172630_772,1,Unspecified,162,2026-08-05T17:28:26.6856301+09:00,2026-08-05T17:28:27.1856301+09:00,115.912984,116.412984,30,30,0.046756,0.029692,0.000005,0.000006,0.000004,0.003278,0
20260805_172630_772,1,Unspecified,163,2026-08-05T17:28:27.1856301+09:00,2026-08-05T17:28:27.6856301+09:00,116.412984,116.912984,31,31,0.044740,0.028859,0.000082,0.000058,0.000067,0.011856,0
20260805_172630_772,1,Unspecified,164,2026-08-05T17:28:27.6856301+09:00,2026-08-05T17:28:28.1856301+09:00,116.912984,117.412984,30,30,0.028195,0.001788,0.000032,0.000059,-0.000041,0.009538,0
20260805_172630_772,1,Unspecified,165,2026-08-05T17:28:28.1856301+09:00,2026-08-05T17:28:28.6856301+09:00,117.412984,117.912984,29,29,0.036162,0.014400,0.000107,0.000335,0.000151,0.021023,0
20260805_172630_772,1,Unspecified,166,2026-08-05T17:28:28.6856301+09:00,2026-08-05T17:28:29.1856301+09:00,117.912984,118.412984,30,30,0.054503,0.040185,0.000003,0.000015,0.000002,0.004208,0
20260805_172630_772,1,Unspecified,167,2026-08-05T17:28:29.1856301+09:00,2026-08-05T17:28:29.6856301+09:00,118.412984,118.912984,30,30,0.049396,0.032061,0.000026,0.000031,0.000026,0.007528,0
20260805_172630_772,1,Unspecified,168,2026-08-05T17:28:29.6856301+09:00,2026-08-05T17:28:30.1856301+09:00,118.912984,119.412984,30,30,0.054100,0.020843,0.000022,0.000012,-0.000011,0.005887,0
20260805_172630_772,1,Unspecified,169,2026-08-05T17:28:30.1856301+09:00,2026-08-05T17:28:30.6856301+09:00,119.412984,119.912984,30,30,0.056780,0.013079,0.000002,0.000002,0.000001,0.001991,0
20260805_172630_772,1,Unspecified,170,2026-08-05T17:28:30.6856301+09:00,2026-08-05T17:28:31.1856301+09:00,119.912984,120.412984,30,30,0.051676,0.026385,0.000002,0.000008,-0.000001,0.003292,0
20260805_172630_772,1,Unspecified,171,2026-08-05T17:28:31.1856301+09:00,2026-08-05T17:28:31.6856301+09:00,120.412984,120.912984,30,30,0.051895,0.029613,0.000003,0.000005,0.000001,0.002811,0
20260805_172630_772,1,Unspecified,172,2026-08-05T17:28:31.6856301+09:00,2026-08-05T17:28:32.1856301+09:00,120.912984,121.412984,30,30,0.054180,0.030490,0.000008,0.000037,-0.000005,0.006658,0
20260805_172630_772,1,Unspecified,173,2026-08-05T17:28:32.1856301+09:00,2026-08-05T17:28:32.6856301+09:00,121.412984,121.912984,30,30,0.058610,0.022267,0.000002,0.000002,-0.000001,0.001969,0
20260805_172630_772,1,Unspecified,174,2026-08-05T17:28:32.6856301+09:00,2026-08-05T17:28:33.1856301+09:00,121.912984,122.412984,31,31,0.050685,0.026377,0.000013,0.000005,-0.000007,0.004216,0
20260805_172630_772,1,Unspecified,175,2026-08-05T17:28:33.1856301+09:00,2026-08-05T17:28:33.6856301+09:00,122.412984,122.912984,29,29,0.046626,0.029355,0.000002,0.000004,0.000000,0.002554,0
20260805_172630_772,1,Unspecified,176,2026-08-05T17:28:33.6856301+09:00,2026-08-05T17:28:34.1856301+09:00,122.912984,123.412984,30,30,0.042730,0.029581,0.000007,0.000088,-0.000004,0.009740,0
20260805_172630_772,1,Unspecified,177,2026-08-05T17:28:34.1856301+09:00,2026-08-05T17:28:34.6856301+09:00,123.412984,123.912984,30,30,0.040297,0.021507,0.000007,0.000003,-0.000003,0.003170,0
20260805_172630_772,1,Unspecified,178,2026-08-05T17:28:34.6856301+09:00,2026-08-05T17:28:35.1856301+09:00,123.912984,124.412984,30,30,0.036390,0.020002,0.000008,0.000004,0.000003,0.003453,0
20260805_172630_772,1,Unspecified,179,2026-08-05T17:28:35.1856301+09:00,2026-08-05T17:28:35.6856301+09:00,124.412984,124.912984,30,30,0.042529,0.025545,0.000006,0.000004,0.000003,0.003253,0
20260805_172630_772,1,Unspecified,180,2026-08-05T17:28:35.6856301+09:00,2026-08-05T17:28:36.1856301+09:00,124.912984,125.412984,30,30,0.049123,0.028165,0.000015,0.000007,0.000009,0.004762,0
20260805_172630_772,1,Unspecified,181,2026-08-05T17:28:36.1856301+09:00,2026-08-05T17:28:36.6856301+09:00,125.412984,125.912984,30,30,0.052712,0.029903,0.000002,0.000003,0.000000,0.002153,0
20260805_172630_772,1,Unspecified,182,2026-08-05T17:28:36.6856301+09:00,2026-08-05T17:28:37.1856301+09:00,125.912984,126.412984,30,30,0.050650,0.021527,0.000003,0.000008,0.000002,0.003267,0
20260805_172630_772,1,Unspecified,183,2026-08-05T17:28:37.1856301+09:00,2026-08-05T17:28:37.6856301+09:00,126.412984,126.912984,30,30,0.049752,0.025831,0.000003,0.000005,0.000001,0.002757,0
20260805_172630_772,1,Unspecified,184,2026-08-05T17:28:37.6856301+09:00,2026-08-05T17:28:38.1856301+09:00,126.912984,127.412984,30,30,0.049795,0.026073,0.000006,0.000005,-0.000003,0.003389,0
20260805_172630_772,1,Unspecified,185,2026-08-05T17:28:38.1856301+09:00,2026-08-05T17:28:38.6856301+09:00,127.412984,127.912984,30,30,0.044938,0.024964,0.000003,0.000007,0.000001,0.003118,0
20260805_172630_772,1,Unspecified,186,2026-08-05T17:28:38.6856301+09:00,2026-08-05T17:28:39.1856301+09:00,127.912984,128.412984,30,30,0.044567,0.026326,0.000003,0.000008,-0.000002,0.003343,0
20260805_172630_772,1,Unspecified,187,2026-08-05T17:28:39.1856301+09:00,2026-08-05T17:28:39.6856301+09:00,128.412984,128.912984,30,30,0.044650,0.030007,0.000006,0.000005,0.000000,0.003229,0
20260805_172630_772,1,Unspecified,188,2026-08-05T17:28:39.6856301+09:00,2026-08-05T17:28:40.1856301+09:00,128.912984,129.412984,30,30,0.037342,-0.000631,0.000019,0.000122,0.000041,0.011842,0
20260805_172630_772,1,Unspecified,189,2026-08-05T17:28:40.1856301+09:00,2026-08-05T17:28:40.6856301+09:00,129.412984,129.912984,30,30,0.039212,0.024492,0.000015,0.000023,-0.000016,0.006140,0
20260805_172630_772,1,Unspecified,190,2026-08-05T17:28:40.6856301+09:00,2026-08-05T17:28:41.1856301+09:00,129.912984,130.412984,30,30,0.037829,0.029890,0.000004,0.000004,0.000002,0.002877,0
20260805_172630_772,1,Unspecified,191,2026-08-05T17:28:41.1856301+09:00,2026-08-05T17:28:41.6856301+09:00,130.412984,130.912984,30,30,0.036547,0.028862,0.000004,0.000002,-0.000001,0.002445,0
20260805_172630_772,1,Unspecified,192,2026-08-05T17:28:41.6856301+09:00,2026-08-05T17:28:42.1856301+09:00,130.912984,131.412984,30,30,0.048399,0.021920,0.000023,0.000011,-0.000005,0.005871,0
20260805_172630_772,1,Unspecified,193,2026-08-05T17:28:42.1856301+09:00,2026-08-05T17:28:42.6856301+09:00,131.412984,131.912984,30,30,0.040319,0.021962,0.000005,0.000041,0.000010,0.006760,0
20260805_172630_772,1,Unspecified,194,2026-08-05T17:28:42.6856301+09:00,2026-08-05T17:28:43.1856301+09:00,131.912984,132.412984,30,30,0.040732,0.031251,0.000003,0.000007,0.000003,0.003160,0
20260805_172630_772,1,Unspecified,195,2026-08-05T17:28:43.1856301+09:00,2026-08-05T17:28:43.6856301+09:00,132.412984,132.912984,30,30,0.042840,0.030992,0.000004,0.000006,-0.000002,0.003123,0
20260805_172630_772,1,Unspecified,196,2026-08-05T17:28:43.6856301+09:00,2026-08-05T17:28:44.1856301+09:00,132.912984,133.412984,30,30,0.042945,0.031121,0.000004,0.000003,0.000000,0.002681,0
20260805_172630_772,1,Unspecified,197,2026-08-05T17:28:44.1856301+09:00,2026-08-05T17:28:44.6856301+09:00,133.412984,133.912984,30,30,0.040353,0.031500,0.000006,0.000003,0.000000,0.002902,0
20260805_172630_772,1,Unspecified,198,2026-08-05T17:28:44.6856301+09:00,2026-08-05T17:28:45.1856301+09:00,133.912984,134.412984,30,30,0.038269,0.030288,0.000002,0.000002,0.000000,0.002099,0
20260805_172630_772,1,Unspecified,199,2026-08-05T17:28:45.1856301+09:00,2026-08-05T17:28:45.6856301+09:00,134.412984,134.912984,31,31,0.036901,0.023581,0.000011,0.000098,0.000028,0.010398,0
20260805_172630_772,1,Unspecified,200,2026-08-05T17:28:45.6856301+09:00,2026-08-05T17:28:46.1856301+09:00,134.912984,135.412984,29,29,0.031452,0.007998,0.000003,0.000014,-0.000003,0.004120,0
20260805_172630_772,1,Unspecified,201,2026-08-05T17:28:46.1856301+09:00,2026-08-05T17:28:46.6856301+09:00,135.412984,135.912984,30,30,0.038425,0.022561,0.000024,0.000112,0.000050,0.011643,0
20260805_172630_772,1,Unspecified,202,2026-08-05T17:28:46.6856301+09:00,2026-08-05T17:28:47.1856301+09:00,135.912984,136.412984,30,30,0.041074,0.030771,0.000003,0.000004,0.000001,0.002552,0
20260805_172630_772,1,Unspecified,203,2026-08-05T17:28:47.1856301+09:00,2026-08-05T17:28:47.6856301+09:00,136.412984,136.912984,30,30,0.042313,0.031621,0.000022,0.000055,0.000018,0.008751,0
20260805_172630_772,1,Unspecified,204,2026-08-05T17:28:47.6856301+09:00,2026-08-05T17:28:48.1856301+09:00,136.912984,137.412984,30,30,0.034484,0.036033,0.000072,0.000260,-0.000067,0.018196,0
20260805_172630_772,1,Unspecified,205,2026-08-05T17:28:48.1856301+09:00,2026-08-05T17:28:48.6856301+09:00,137.412984,137.912984,30,30,0.035432,0.038841,0.000119,0.000016,0.000040,0.011650,0
20260805_172630_772,1,Unspecified,206,2026-08-05T17:28:48.6856301+09:00,2026-08-05T17:28:49.1856301+09:00,137.912984,138.412984,30,30,0.045898,0.047486,0.000002,0.000003,0.000000,0.002216,0
20260805_172630_772,1,Unspecified,207,2026-08-05T17:28:49.1856301+09:00,2026-08-05T17:28:49.6856301+09:00,138.412984,138.912984,30,30,0.045025,0.040833,0.000058,0.000035,0.000032,0.009629,0
20260805_172630_772,1,Unspecified,208,2026-08-05T17:28:49.6856301+09:00,2026-08-05T17:28:50.1856301+09:00,138.912984,139.412984,30,30,0.034389,0.026824,0.000180,0.000004,-0.000003,0.013597,0
20260805_172630_772,1,Unspecified,209,2026-08-05T17:28:50.1856301+09:00,2026-08-05T17:28:50.6856301+09:00,139.412984,139.912984,30,30,0.043296,0.026478,0.000171,0.000027,-0.000007,0.014068,0
20260805_172630_772,1,Unspecified,210,2026-08-05T17:28:50.6856301+09:00,2026-08-05T17:28:51.1856301+09:00,139.912984,140.412984,31,31,0.042622,0.048055,0.000002,0.000005,0.000000,0.002675,0
20260805_172630_772,1,Unspecified,211,2026-08-05T17:28:51.1856301+09:00,2026-08-05T17:28:51.6856301+09:00,140.412984,140.912984,29,29,0.042341,0.040491,0.000002,0.000070,-0.000002,0.008461,0
20260805_172630_772,1,Unspecified,212,2026-08-05T17:28:51.6856301+09:00,2026-08-05T17:28:52.1856301+09:00,140.912984,141.412984,30,30,0.041675,0.030421,0.000004,0.000003,0.000001,0.002676,0
20260805_172630_772,1,Unspecified,213,2026-08-05T17:28:52.1856301+09:00,2026-08-05T17:28:52.6856301+09:00,141.412984,141.912984,30,30,0.040245,0.037508,0.000010,0.000005,0.000001,0.003935,0
20260805_172630_772,1,Unspecified,214,2026-08-05T17:28:52.6856301+09:00,2026-08-05T17:28:53.1856301+09:00,141.912984,142.412984,30,30,0.040258,0.035101,0.000002,0.000004,0.000000,0.002564,0
20260805_172630_772,1,Unspecified,215,2026-08-05T17:28:53.1856301+09:00,2026-08-05T17:28:53.6856301+09:00,142.412984,142.912984,30,30,0.038823,0.029061,0.000005,0.000014,-0.000004,0.004360,0
20260805_172630_772,1,Unspecified,216,2026-08-05T17:28:53.6856301+09:00,2026-08-05T17:28:54.1856301+09:00,142.912984,143.412984,30,30,0.048237,0.021322,0.000028,0.000006,-0.000010,0.005811,0
20260805_172630_772,1,Unspecified,217,2026-08-05T17:28:54.1856301+09:00,2026-08-05T17:28:54.6856301+09:00,143.412984,143.912984,30,30,0.042460,0.030902,0.000025,0.000015,-0.000007,0.006308,0
20260805_172630_772,1,Unspecified,218,2026-08-05T17:28:54.6856301+09:00,2026-08-05T17:28:55.1856301+09:00,143.912984,144.412984,30,30,0.048485,0.034754,0.000003,0.000008,0.000000,0.003199,0
20260805_172630_772,1,Unspecified,219,2026-08-05T17:28:55.1856301+09:00,2026-08-05T17:28:55.6856301+09:00,144.412984,144.912984,30,30,0.047184,0.035549,0.000003,0.000010,0.000001,0.003579,0
20260805_172630_772,1,Unspecified,220,2026-08-05T17:28:55.6856301+09:00,2026-08-05T17:28:56.1856301+09:00,144.912984,145.412984,30,30,0.042914,0.037691,0.000027,0.000105,-0.000040,0.011475,0
20260805_172630_772,1,Unspecified,221,2026-08-05T17:28:56.1856301+09:00,2026-08-05T17:28:56.6856301+09:00,145.412984,145.912984,30,30,0.044610,0.028797,0.000004,0.000003,0.000001,0.002720,0
20260805_172630_772,1,Unspecified,222,2026-08-05T17:28:56.6856301+09:00,2026-08-05T17:28:57.1856301+09:00,145.912984,146.412984,31,31,0.049624,0.033716,0.000011,0.000012,0.000009,0.004755,0
20260805_172630_772,1,Unspecified,223,2026-08-05T17:28:57.1856301+09:00,2026-08-05T17:28:57.6856301+09:00,146.412984,146.912984,29,29,0.041415,0.031143,0.000088,0.000041,0.000058,0.011361,0
20260805_172630_772,1,Unspecified,224,2026-08-05T17:28:57.6856301+09:00,2026-08-05T17:28:58.1856301+09:00,146.912984,147.412984,30,30,0.019432,0.038412,0.000318,0.000184,0.000184,0.022409,0
20260805_172630_772,1,Unspecified,225,2026-08-05T17:28:58.1856301+09:00,2026-08-05T17:28:58.6856301+09:00,147.412984,147.912984,30,30,0.049248,0.039127,0.000039,0.000015,0.000011,0.007308,0
20260805_172630_772,1,Unspecified,226,2026-08-05T17:28:58.6856301+09:00,2026-08-05T17:28:59.1856301+09:00,147.912984,148.412984,30,30,0.035462,0.036301,0.000003,0.000003,0.000000,0.002561,0
20260805_172630_772,1,Unspecified,227,2026-08-05T17:28:59.1856301+09:00,2026-08-05T17:28:59.6856301+09:00,148.412984,148.912984,30,30,0.042985,0.036230,0.000051,0.000014,0.000006,0.008044,0
20260805_172630_772,1,Unspecified,228,2026-08-05T17:28:59.6856301+09:00,2026-08-05T17:29:00.1856301+09:00,148.912984,149.412984,30,30,0.038998,0.021043,0.000435,0.000065,0.000162,0.022363,0
20260805_172630_772,1,Unspecified,229,2026-08-05T17:29:00.1856301+09:00,2026-08-05T17:29:00.6856301+09:00,149.412984,149.912984,30,30,0.032567,0.030710,0.000016,0.000029,0.000018,0.006726,0
20260805_172630_772,1,Unspecified,230,2026-08-05T17:29:00.6856301+09:00,2026-08-05T17:29:01.1856301+09:00,149.912984,150.412984,30,30,0.032588,0.033765,0.000003,0.000002,0.000001,0.002234,0
20260805_172630_772,1,Unspecified,231,2026-08-05T17:29:01.1856301+09:00,2026-08-05T17:29:01.6856301+09:00,150.412984,150.912984,30,30,0.040273,0.029718,0.000116,0.000051,0.000031,0.012917,0
20260805_172630_772,1,Unspecified,232,2026-08-05T17:29:01.6856301+09:00,2026-08-05T17:29:02.1856301+09:00,150.912984,151.412984,30,30,0.039213,0.024796,0.000121,0.000135,0.000090,0.016008,0
20260805_172630_772,1,Unspecified,233,2026-08-05T17:29:02.1856301+09:00,2026-08-05T17:29:02.6856301+09:00,151.412984,151.912984,31,31,0.046156,0.022353,0.000002,0.000003,0.000000,0.002257,0
20260805_172630_772,1,Unspecified,234,2026-08-05T17:29:02.6856301+09:00,2026-08-05T17:29:03.1856301+09:00,151.912984,152.412984,30,30,0.041589,0.040353,0.000005,0.000004,-0.000002,0.003092,0
20260805_172630_772,1,Unspecified,235,2026-08-05T17:29:03.1856301+09:00,2026-08-05T17:29:03.6856301+09:00,152.412984,152.912984,29,29,0.039606,0.038031,0.000006,0.000016,-0.000005,0.004658,0
20260805_172630_772,1,Unspecified,236,2026-08-05T17:29:03.6856301+09:00,2026-08-05T17:29:04.1856301+09:00,152.912984,153.412984,30,30,0.037827,0.026835,0.000114,0.000050,0.000071,0.012809,0
20260805_172630_772,1,Unspecified,237,2026-08-05T17:29:04.1856301+09:00,2026-08-05T17:29:04.6856301+09:00,153.412984,153.912984,30,30,0.041822,0.028398,0.000144,0.000031,0.000059,0.013223,0
20260805_172630_772,1,Unspecified,238,2026-08-05T17:29:04.6856301+09:00,2026-08-05T17:29:05.1856301+09:00,153.912984,154.412984,30,30,0.041659,0.033050,0.000029,0.000005,-0.000003,0.005835,0
20260805_172630_772,1,Unspecified,239,2026-08-05T17:29:05.1856301+09:00,2026-08-05T17:29:05.6856301+09:00,154.412984,154.912984,30,30,0.039637,0.026987,0.000004,0.000076,0.000012,0.008975,0
20260805_172630_772,1,Unspecified,240,2026-08-05T17:29:05.6856301+09:00,2026-08-05T17:29:06.1856301+09:00,154.912984,155.412984,30,30,0.038006,0.023096,0.000007,0.000129,-0.000021,0.011640,0
20260805_172630_772,1,Unspecified,241,2026-08-05T17:29:06.1856301+09:00,2026-08-05T17:29:06.6856301+09:00,155.412984,155.912984,30,30,0.039806,0.046010,0.000026,0.000040,-0.000029,0.008107,0
20260805_172630_772,1,Unspecified,242,2026-08-05T17:29:06.6856301+09:00,2026-08-05T17:29:07.1856301+09:00,155.912984,156.412984,31,31,0.033881,0.031484,0.000027,0.000019,0.000012,0.006772,0
20260805_172630_772,1,Unspecified,243,2026-08-05T17:29:07.1856301+09:00,2026-08-05T17:29:07.6856301+09:00,156.412984,156.912984,29,29,0.034247,0.035740,0.000032,0.000041,0.000025,0.008575,0
20260805_172630_772,1,Unspecified,244,2026-08-05T17:29:07.6856301+09:00,2026-08-05T17:29:08.1856301+09:00,156.912984,157.412984,30,30,0.037290,0.038753,0.000020,0.000116,0.000032,0.011666,0
20260805_172630_772,1,Unspecified,245,2026-08-05T17:29:08.1856301+09:00,2026-08-05T17:29:08.6856301+09:00,157.412984,157.912984,30,30,0.051430,0.049898,0.000060,0.000035,0.000042,0.009769,0
20260805_172630_772,1,Unspecified,246,2026-08-05T17:29:08.6856301+09:00,2026-08-05T17:29:09.1856301+09:00,157.912984,158.412984,30,30,0.042808,0.045182,0.000002,0.000003,-0.000001,0.002090,0
20260805_172630_772,1,Unspecified,247,2026-08-05T17:29:09.1856301+09:00,2026-08-05T17:29:09.6856301+09:00,158.412984,158.912984,30,30,0.039430,0.035580,0.000037,0.000085,0.000053,0.011081,0
20260805_172630_772,1,Unspecified,248,2026-08-05T17:29:09.6856301+09:00,2026-08-05T17:29:10.1856301+09:00,158.912984,159.412984,30,30,0.032656,0.028886,0.000003,0.000003,0.000000,0.002505,0
20260805_172630_772,1,Unspecified,249,2026-08-05T17:29:10.1856301+09:00,2026-08-05T17:29:10.6856301+09:00,159.412984,159.912984,30,30,0.031747,0.027332,0.000006,0.000008,0.000005,0.003718,0
20260805_172630_772,1,Unspecified,250,2026-08-05T17:29:10.6856301+09:00,2026-08-05T17:29:11.1856301+09:00,159.912984,160.412984,30,30,0.029961,0.023704,0.000003,0.000003,0.000000,0.002322,0
20260805_172630_772,1,Unspecified,251,2026-08-05T17:29:11.1856301+09:00,2026-08-05T17:29:11.6856301+09:00,160.412984,160.912984,30,30,0.031278,0.022496,0.000002,0.000005,0.000001,0.002659,0
20260805_172630_772,1,Unspecified,252,2026-08-05T17:29:11.6856301+09:00,2026-08-05T17:29:12.1856301+09:00,160.912984,161.412984,30,30,0.036292,0.021092,0.000027,0.000008,0.000013,0.005911,0
20260805_172630_772,1,Unspecified,253,2026-08-05T17:29:12.1856301+09:00,2026-08-05T17:29:12.6856301+09:00,161.412984,161.912984,30,30,0.039927,0.019106,0.000112,0.000005,0.000018,0.010823,0
20260805_172630_772,1,Unspecified,254,2026-08-05T17:29:12.6856301+09:00,2026-08-05T17:29:13.1856301+09:00,161.912984,162.412984,30,30,0.040233,0.023397,0.000023,0.000012,0.000014,0.005976,0
20260805_172630_772,1,Unspecified,255,2026-08-05T17:29:13.1856301+09:00,2026-08-05T17:29:13.6856301+09:00,162.412984,162.912984,30,30,0.041898,0.026028,0.000002,0.000004,0.000000,0.002538,0
20260805_172630_772,1,Unspecified,256,2026-08-05T17:29:13.6856301+09:00,2026-08-05T17:29:14.1856301+09:00,162.912984,163.412984,30,30,0.041294,0.024038,0.000016,0.000013,-0.000008,0.005399,0
20260805_172630_772,1,Unspecified,257,2026-08-05T17:29:14.1856301+09:00,2026-08-05T17:29:14.6856301+09:00,163.412984,163.912984,31,31,0.038324,0.037287,0.000012,0.000075,0.000011,0.009279,0
20260805_172630_772,1,Unspecified,258,2026-08-05T17:29:14.6856301+09:00,2026-08-05T17:29:15.1856301+09:00,163.912984,164.412984,29,29,0.047711,0.022431,0.000033,0.000050,-0.000037,0.009114,0
20260805_172630_772,1,Unspecified,259,2026-08-05T17:29:15.1856301+09:00,2026-08-05T17:29:15.6856301+09:00,164.412984,164.912984,30,30,0.051447,0.021304,0.000003,0.000008,-0.000001,0.003339,0
20260805_172630_772,1,Unspecified,260,2026-08-05T17:29:15.6856301+09:00,2026-08-05T17:29:16.1856301+09:00,164.912984,165.412984,30,30,0.041133,0.026918,0.000034,0.000008,-0.000007,0.006500,0
20260805_172630_772,1,Unspecified,261,2026-08-05T17:29:16.1856301+09:00,2026-08-05T17:29:16.6856301+09:00,165.412984,165.912984,30,30,0.046042,0.032852,0.000012,0.000013,-0.000001,0.004964,0
20260805_172630_772,1,Unspecified,262,2026-08-05T17:29:16.6856301+09:00,2026-08-05T17:29:17.1856301+09:00,165.912984,166.412984,30,30,0.037888,0.035740,0.000007,0.000003,0.000002,0.003111,0
20260805_172630_772,1,Unspecified,263,2026-08-05T17:29:17.1856301+09:00,2026-08-05T17:29:17.6856301+09:00,166.412984,166.912984,30,30,0.039479,0.033368,0.000023,0.000002,0.000003,0.004994,0
20260805_172630_772,1,Unspecified,264,2026-08-05T17:29:17.6856301+09:00,2026-08-05T17:29:18.1856301+09:00,166.912984,167.412984,30,30,0.051866,0.027492,0.000094,0.000104,-0.000091,0.014098,0
20260805_172630_772,1,Unspecified,265,2026-08-05T17:29:18.1856301+09:00,2026-08-05T17:29:18.6856301+09:00,167.412984,167.912984,30,30,0.042081,0.036895,0.000069,0.000014,-0.000015,0.009098,0
20260805_172630_772,1,Unspecified,266,2026-08-05T17:29:18.6856301+09:00,2026-08-05T17:29:19.1856301+09:00,167.912984,168.412984,30,30,0.039105,0.030676,0.000002,0.000008,0.000002,0.003219,0
20260805_172630_772,1,Unspecified,267,2026-08-05T17:29:19.1856301+09:00,2026-08-05T17:29:19.6856301+09:00,168.412984,168.912984,30,30,0.039018,0.029921,0.000010,0.000005,0.000002,0.003931,0
20260805_172630_772,1,Unspecified,268,2026-08-05T17:29:19.6856301+09:00,2026-08-05T17:29:20.1856301+09:00,168.912984,169.412984,30,30,0.033825,0.025992,0.000005,0.000126,0.000001,0.011425,0
20260805_172630_772,1,Unspecified,269,2026-08-05T17:29:20.1856301+09:00,2026-08-05T17:29:20.6856301+09:00,169.412984,169.912984,30,30,0.041850,0.032730,0.000058,0.000097,0.000069,0.012418,0
20260805_172630_772,1,Unspecified,270,2026-08-05T17:29:20.6856301+09:00,2026-08-05T17:29:21.1856301+09:00,169.912984,170.412984,30,30,0.049267,0.037880,0.000002,0.000005,0.000001,0.002672,0
20260805_172630_772,1,Unspecified,271,2026-08-05T17:29:21.1856301+09:00,2026-08-05T17:29:21.6856301+09:00,170.412984,170.912984,30,30,0.033089,0.022120,0.000197,0.000153,0.000170,0.018715,0
20260805_172630_772,1,Unspecified,272,2026-08-05T17:29:21.6856301+09:00,2026-08-05T17:29:22.1856301+09:00,170.912984,171.412984,30,30,0.019942,0.008252,0.000022,0.000051,0.000032,0.008556,0
20260805_172630_772,1,Unspecified,273,2026-08-05T17:29:22.1856301+09:00,2026-08-05T17:29:22.6856301+09:00,171.412984,171.912984,30,30,0.047051,0.041329,0.000065,0.000085,0.000072,0.012243,0
20260805_172630_772,1,Unspecified,274,2026-08-05T17:29:22.6856301+09:00,2026-08-05T17:29:23.1856301+09:00,171.912984,172.412984,30,30,0.039358,0.031910,0.000004,0.000004,-0.000001,0.002831,0
20260805_172630_772,1,Unspecified,275,2026-08-05T17:29:23.1856301+09:00,2026-08-05T17:29:23.6856301+09:00,172.412984,172.912984,30,30,0.037090,0.028836,0.000012,0.000024,0.000015,0.005998,0
20260805_172630_772,1,Unspecified,276,2026-08-05T17:29:23.6856301+09:00,2026-08-05T17:29:24.1856301+09:00,172.912984,173.412984,30,30,0.034016,0.004765,0.000099,0.000014,0.000003,0.010631,0
20260805_172630_772,1,Unspecified,277,2026-08-05T17:29:24.1856301+09:00,2026-08-05T17:29:24.6856301+09:00,173.412984,173.912984,30,30,0.037494,0.019137,0.000004,0.000025,0.000001,0.005397,0
20260805_172630_772,1,Unspecified,278,2026-08-05T17:29:24.6856301+09:00,2026-08-05T17:29:25.1856301+09:00,173.912984,174.412984,30,30,0.041576,0.034170,0.000005,0.000004,0.000001,0.003117,0
20260805_172630_772,1,Unspecified,279,2026-08-05T17:29:25.1856301+09:00,2026-08-05T17:29:25.6856301+09:00,174.412984,174.912984,30,30,0.038971,0.031341,0.000037,0.000023,0.000027,0.007788,0
20260805_172630_772,1,Unspecified,280,2026-08-05T17:29:25.6856301+09:00,2026-08-05T17:29:26.1856301+09:00,174.912984,175.412984,31,31,0.036538,0.031552,0.000097,0.000017,0.000027,0.010671,0
20260805_172630_772,1,Unspecified,281,2026-08-05T17:29:26.1856301+09:00,2026-08-05T17:29:26.6856301+09:00,175.412984,175.912984,29,29,0.045043,0.023937,0.000003,0.000007,-0.000001,0.003223,0
20260805_172630_772,1,Unspecified,282,2026-08-05T17:29:26.6856301+09:00,2026-08-05T17:29:27.1856301+09:00,175.912984,176.412984,30,30,0.039376,0.029506,0.000006,0.000004,-0.000001,0.003230,0
20260805_172630_772,1,Unspecified,283,2026-08-05T17:29:27.1856301+09:00,2026-08-05T17:29:27.6856301+09:00,176.412984,176.912984,30,30,0.025312,0.014837,0.000113,0.000163,0.000129,0.016612,0
20260805_172630_772,1,Unspecified,284,2026-08-05T17:29:27.6856301+09:00,2026-08-05T17:29:28.1856301+09:00,176.912984,177.412984,30,30,0.027836,-0.000111,0.000051,0.000016,-0.000027,0.008167,0
20260805_172630_772,1,Unspecified,285,2026-08-05T17:29:28.1856301+09:00,2026-08-05T17:29:28.6856301+09:00,177.412984,177.912984,30,30,0.046028,0.035816,0.000092,0.000053,0.000015,0.012037,0
20260805_172630_772,1,Unspecified,286,2026-08-05T17:29:28.6856301+09:00,2026-08-05T17:29:29.1856301+09:00,177.912984,178.412984,30,30,0.033049,0.024566,0.000003,0.000011,-0.000001,0.003794,0
20260805_172630_772,1,Unspecified,287,2026-08-05T17:29:29.1856301+09:00,2026-08-05T17:29:29.6856301+09:00,178.412984,178.912984,30,30,0.035243,0.023492,0.000003,0.000003,0.000001,0.002484,0
20260805_172630_772,1,Unspecified,288,2026-08-05T17:29:29.6856301+09:00,2026-08-05T17:29:30.1856301+09:00,178.912984,179.412984,30,30,0.044929,0.030056,0.000035,0.000014,0.000018,0.007057,0
20260805_172630_772,1,Unspecified,289,2026-08-05T17:29:30.1856301+09:00,2026-08-05T17:29:30.6856301+09:00,179.412984,179.912984,30,30,0.043675,0.026456,0.000044,0.000031,0.000033,0.008649,0
20260805_172630_772,1,Unspecified,290,2026-08-05T17:29:30.6856301+09:00,2026-08-05T17:29:31.1856301+09:00,179.912984,180.412984,30,30,0.050937,0.032765,0.000005,0.000002,0.000001,0.002738,0
20260805_172630_772,1,Unspecified,291,2026-08-05T17:29:31.1856301+09:00,2026-08-05T17:29:31.6856301+09:00,180.412984,180.912984,31,31,0.048815,0.033695,0.000002,0.000002,0.000000,0.001992,0
20260805_172630_772,1,Unspecified,292,2026-08-05T17:29:31.6856301+09:00,2026-08-05T17:29:32.1856301+09:00,180.912984,181.412984,30,30,0.034456,0.020242,0.000121,0.000072,0.000091,0.013897,0
20260805_172630_772,1,Unspecified,293,2026-08-05T17:29:32.1856301+09:00,2026-08-05T17:29:32.6856301+09:00,181.412984,181.912984,29,29,0.043664,0.030884,0.000005,0.000005,-0.000001,0.003238,0
20260805_172630_772,1,Unspecified,294,2026-08-05T17:29:32.6856301+09:00,2026-08-05T17:29:33.1856301+09:00,181.912984,182.412984,30,30,0.037495,0.029058,0.000002,0.000002,0.000000,0.002035,0
20260805_172630_772,1,Unspecified,295,2026-08-05T17:29:33.1856301+09:00,2026-08-05T17:29:33.6856301+09:00,182.412984,182.912984,30,30,0.039084,0.031187,0.000001,0.000003,0.000001,0.002143,0
20260805_172630_772,1,Unspecified,296,2026-08-05T17:29:33.6856301+09:00,2026-08-05T17:29:34.1856301+09:00,182.912984,183.412984,30,30,0.043634,0.040576,0.000025,0.000136,0.000039,0.012690,0
20260805_172630_772,1,Unspecified,297,2026-08-05T17:29:34.1856301+09:00,2026-08-05T17:29:34.6856301+09:00,183.412984,183.912984,30,30,0.042877,0.035130,0.000008,0.000009,-0.000003,0.004206,0
20260805_172630_772,1,Unspecified,298,2026-08-05T17:29:34.6856301+09:00,2026-08-05T17:29:35.1856301+09:00,183.912984,184.412984,30,30,0.036151,0.032612,0.000003,0.000008,0.000002,0.003387,0
20260805_172630_772,1,Unspecified,299,2026-08-05T17:29:35.1856301+09:00,2026-08-05T17:29:35.6856301+09:00,184.412984,184.912984,30,30,0.036092,0.030266,0.000004,0.000007,-0.000002,0.003330,0
20260805_172630_772,1,Unspecified,300,2026-08-05T17:29:35.6856301+09:00,2026-08-05T17:29:36.1856301+09:00,184.912984,185.412984,30,30,0.034073,0.026373,0.000040,0.000018,0.000024,0.007590,0
20260805_172630_772,1,Unspecified,301,2026-08-05T17:29:36.1856301+09:00,2026-08-05T17:29:36.6856301+09:00,185.412984,185.912984,30,30,0.029552,0.037698,0.000010,0.000076,0.000022,0.009259,0
20260805_172630_772,1,Unspecified,302,2026-08-05T17:29:36.6856301+09:00,2026-08-05T17:29:37.1856301+09:00,185.912984,186.412984,30,30,0.034016,0.035776,0.000043,0.000006,0.000012,0.006954,0
20260805_172630_772,1,Unspecified,303,2026-08-05T17:29:37.1856301+09:00,2026-08-05T17:29:37.6856301+09:00,186.412984,186.912984,30,30,0.038629,0.037200,0.000004,0.000003,0.000000,0.002641,0
20260805_172630_772,1,Unspecified,304,2026-08-05T17:29:37.6856301+09:00,2026-08-05T17:29:38.1856301+09:00,186.912984,187.412984,30,30,0.041475,0.038501,0.000036,0.000116,0.000011,0.012293,0
20260805_172630_772,1,Unspecified,305,2026-08-05T17:29:38.1856301+09:00,2026-08-05T17:29:38.6856301+09:00,187.412984,187.912984,30,30,0.033647,0.027729,0.000002,0.000009,0.000002,0.003403,0
20260805_172630_772,1,Unspecified,306,2026-08-05T17:29:38.6856301+09:00,2026-08-05T17:29:39.1856301+09:00,187.912984,188.412984,30,30,0.032389,0.029025,0.000002,0.000002,0.000000,0.001907,0
20260805_172630_772,1,Unspecified,307,2026-08-05T17:29:39.1856301+09:00,2026-08-05T17:29:39.6856301+09:00,188.412984,188.912984,30,30,0.030602,0.029337,0.000031,0.000040,0.000033,0.008458,0
20260805_172630_772,1,Unspecified,308,2026-08-05T17:29:39.6856301+09:00,2026-08-05T17:29:40.1856301+09:00,188.912984,189.412984,30,30,0.038418,0.038249,0.000515,0.000699,0.000567,0.034842,0
20260805_172630_772,1,Unspecified,309,2026-08-05T17:29:40.1856301+09:00,2026-08-05T17:29:40.6856301+09:00,189.412984,189.912984,30,30,0.046468,0.040026,0.000005,0.000013,0.000003,0.004285,0
20260805_172630_772,1,Unspecified,310,2026-08-05T17:29:40.6856301+09:00,2026-08-05T17:29:41.1856301+09:00,189.912984,190.412984,30,30,0.035761,0.036194,0.000039,0.000013,0.000020,0.007206,0
20260805_172630_772,1,Unspecified,311,2026-08-05T17:29:41.1856301+09:00,2026-08-05T17:29:41.6856301+09:00,190.412984,190.912984,30,30,0.033494,0.038372,0.000004,0.000004,0.000002,0.002869,0
20260805_172630_772,1,Unspecified,312,2026-08-05T17:29:41.6856301+09:00,2026-08-05T17:29:42.1856301+09:00,190.912984,191.412984,30,30,0.049253,0.029840,0.000054,0.000031,-0.000035,0.009192,0
20260805_172630_772,1,Unspecified,313,2026-08-05T17:29:42.1856301+09:00,2026-08-05T17:29:42.6856301+09:00,191.412984,191.912984,30,30,0.041087,0.038803,0.000006,0.000006,0.000003,0.003471,0
20260805_172630_772,1,Unspecified,314,2026-08-05T17:29:42.6856301+09:00,2026-08-05T17:29:43.1856301+09:00,191.912984,192.412984,31,31,0.045980,0.040430,0.000074,0.000011,0.000024,0.009205,0
20260805_172630_772,1,Unspecified,315,2026-08-05T17:29:43.1856301+09:00,2026-08-05T17:29:43.6856301+09:00,192.412984,192.912984,29,29,0.034562,0.035784,0.000004,0.000003,0.000000,0.002509,0
20260805_172630_772,1,Unspecified,316,2026-08-05T17:29:43.6856301+09:00,2026-08-05T17:29:44.1856301+09:00,192.912984,193.412984,30,30,0.048008,0.037316,0.000059,0.000004,0.000010,0.007987,0
20260805_172630_772,1,Unspecified,317,2026-08-05T17:29:44.1856301+09:00,2026-08-05T17:29:44.6856301+09:00,193.412984,193.912984,30,30,0.051943,0.038281,0.000012,0.000006,0.000005,0.004228,0
20260805_172630_772,1,Unspecified,318,2026-08-05T17:29:44.6856301+09:00,2026-08-05T17:29:45.1856301+09:00,193.912984,194.412984,30,30,0.048774,0.036182,0.000003,0.000009,0.000001,0.003491,0
20260805_172630_772,1,Unspecified,319,2026-08-05T17:29:45.1856301+09:00,2026-08-05T17:29:45.6856301+09:00,194.412984,194.912984,30,30,0.043867,0.034208,0.000069,0.000081,0.000071,0.012258,0
20260805_172630_772,1,Unspecified,320,2026-08-05T17:29:45.6856301+09:00,2026-08-05T17:29:46.1856301+09:00,194.912984,195.412984,30,30,0.039849,0.040144,0.000016,0.000148,0.000030,0.012794,0
20260805_172630_772,1,Unspecified,321,2026-08-05T17:29:46.1856301+09:00,2026-08-05T17:29:46.6856301+09:00,195.412984,195.912984,30,30,0.041970,0.033165,0.000006,0.000010,0.000003,0.003919,0
20260805_172630_772,1,Unspecified,322,2026-08-05T17:29:46.6856301+09:00,2026-08-05T17:29:47.1856301+09:00,195.912984,196.412984,30,30,0.035843,0.038637,0.000004,0.000022,-0.000002,0.005030,0
20260805_172630_772,1,Unspecified,323,2026-08-05T17:29:47.1856301+09:00,2026-08-05T17:29:47.6856301+09:00,196.412984,196.912984,30,30,0.038442,0.041306,0.000004,0.000009,0.000004,0.003573,0
20260805_172630_772,1,Unspecified,324,2026-08-05T17:29:47.6856301+09:00,2026-08-05T17:29:48.1856301+09:00,196.912984,197.412984,30,30,0.041611,0.039413,0.000003,0.000031,0.000003,0.005867,0
20260805_172630_772,1,Unspecified,325,2026-08-05T17:29:48.1856301+09:00,2026-08-05T17:29:48.6856301+09:00,197.412984,197.912984,30,30,0.041943,0.043537,0.000008,0.000009,-0.000006,0.004117,0
20260805_172630_772,1,Unspecified,326,2026-08-05T17:29:48.6856301+09:00,2026-08-05T17:29:49.1856301+09:00,197.912984,198.412984,30,30,0.037688,0.048180,0.000006,0.000004,0.000003,0.003190,0
20260805_172630_772,1,Unspecified,327,2026-08-05T17:29:49.1856301+09:00,2026-08-05T17:29:49.6856301+09:00,198.412984,198.912984,30,30,0.038111,0.046425,0.000005,0.000004,0.000002,0.002972,0
20260805_172630_772,1,Unspecified,328,2026-08-05T17:29:49.6856301+09:00,2026-08-05T17:29:50.1856301+09:00,198.912984,199.412984,30,30,0.039867,0.043861,0.000006,0.000018,0.000003,0.004882,0
20260805_172630_772,1,Unspecified,329,2026-08-05T17:29:50.1856301+09:00,2026-08-05T17:29:50.6856301+09:00,199.412984,199.912984,30,30,0.037231,0.036842,0.000003,0.000003,0.000000,0.002585,0
20260805_172630_772,1,Unspecified,330,2026-08-05T17:29:50.6856301+09:00,2026-08-05T17:29:51.1856301+09:00,199.912984,200.412984,30,30,0.031459,0.033226,0.000023,0.000014,0.000015,0.006087,0
20260805_172630_772,1,Unspecified,331,2026-08-05T17:29:51.1856301+09:00,2026-08-05T17:29:51.6856301+09:00,200.412984,200.912984,30,30,0.029308,0.029399,0.000071,0.000052,0.000059,0.011084,0
20260805_172630_772,1,Unspecified,332,2026-08-05T17:29:51.6856301+09:00,2026-08-05T17:29:52.1856301+09:00,200.912984,201.412984,30,30,0.033048,0.028870,0.000149,0.000029,0.000060,0.013349,0
20260805_172630_772,1,Unspecified,333,2026-08-05T17:29:52.1856301+09:00,2026-08-05T17:29:52.6856301+09:00,201.412984,201.912984,30,30,0.045233,0.034084,0.000032,0.000005,0.000007,0.006123,0
20260805_172630_772,1,Unspecified,334,2026-08-05T17:29:52.6856301+09:00,2026-08-05T17:29:53.1856301+09:00,201.912984,202.412984,30,30,0.029116,0.029318,0.000030,0.000006,0.000009,0.006001,0
20260805_172630_772,1,Unspecified,335,2026-08-05T17:29:53.1856301+09:00,2026-08-05T17:29:53.6856301+09:00,202.412984,202.912984,30,30,0.036237,0.037244,0.000017,0.000024,0.000017,0.006416,0
20260805_172630_772,1,Unspecified,336,2026-08-05T17:29:53.6856301+09:00,2026-08-05T17:29:54.1856301+09:00,202.912984,203.412984,30,30,0.052502,0.051493,0.000384,0.000367,0.000181,0.027410,0
20260805_172630_772,1,Unspecified,337,2026-08-05T17:29:54.1856301+09:00,2026-08-05T17:29:54.6856301+09:00,203.412984,203.912984,30,30,0.048928,0.045629,0.000045,0.000188,0.000086,0.015271,0
20260805_172630_772,1,Unspecified,338,2026-08-05T17:29:54.6856301+09:00,2026-08-05T17:29:55.1856301+09:00,203.912984,204.412984,30,30,0.037650,0.037075,0.000009,0.000113,0.000023,0.011036,0
20260805_172630_772,1,Unspecified,339,2026-08-05T17:29:55.1856301+09:00,2026-08-05T17:29:55.6856301+09:00,204.412984,204.912984,30,30,0.042425,0.045138,0.000002,0.000042,-0.000005,0.006662,0
20260805_172630_772,1,Unspecified,340,2026-08-05T17:29:55.6856301+09:00,2026-08-05T17:29:56.1856301+09:00,204.912984,205.412984,30,30,0.048501,0.044335,0.000022,0.000126,0.000041,0.012195,0
20260805_172630_772,1,Unspecified,341,2026-08-05T17:29:56.1856301+09:00,2026-08-05T17:29:56.6856301+09:00,205.412984,205.912984,30,30,0.037041,0.040699,0.000009,0.000106,0.000018,0.010717,0
20260805_172630_772,1,Unspecified,342,2026-08-05T17:29:56.6856301+09:00,2026-08-05T17:29:57.1856301+09:00,205.912984,206.412984,30,30,0.030583,0.034173,0.000006,0.000003,0.000001,0.003044,0
20260805_172630_772,1,Unspecified,343,2026-08-05T17:29:57.1856301+09:00,2026-08-05T17:29:57.6856301+09:00,206.412984,206.912984,30,30,0.030023,0.032864,0.000002,0.000003,0.000001,0.002195,0
20260805_172630_772,1,Unspecified,344,2026-08-05T17:29:57.6856301+09:00,2026-08-05T17:29:58.1856301+09:00,206.912984,207.412984,30,30,0.037799,0.029320,0.000011,0.000025,-0.000011,0.006022,0
20260805_172630_772,1,Unspecified,345,2026-08-05T17:29:58.1856301+09:00,2026-08-05T17:29:58.6856301+09:00,207.412984,207.912984,30,30,0.028486,0.039892,0.000205,0.000049,0.000063,0.015941,0
20260805_172630_772,1,Unspecified,346,2026-08-05T17:29:58.6856301+09:00,2026-08-05T17:29:59.1856301+09:00,207.912984,208.412984,30,30,0.041776,0.037332,0.000002,0.000025,0.000002,0.005226,0
20260805_172630_772,1,Unspecified,347,2026-08-05T17:29:59.1856301+09:00,2026-08-05T17:29:59.6856301+09:00,208.412984,208.912984,30,30,0.041846,0.037942,0.000005,0.000003,0.000001,0.002757,0
20260805_172630_772,1,Unspecified,348,2026-08-05T17:29:59.6856301+09:00,2026-08-05T17:30:00.1856301+09:00,208.912984,209.412984,30,30,0.042138,0.030678,0.000055,0.000007,0.000004,0.007851,0
20260805_172630_772,1,Unspecified,349,2026-08-05T17:30:00.1856301+09:00,2026-08-05T17:30:00.6856301+09:00,209.412984,209.912984,31,31,0.036877,0.031132,0.000023,0.000065,-0.000035,0.009357,0
20260805_172630_772,1,Unspecified,350,2026-08-05T17:30:00.6856301+09:00,2026-08-05T17:30:01.1856301+09:00,209.912984,210.412984,30,30,0.044017,0.056232,0.000031,0.000020,0.000019,0.007088,0
20260805_172630_772,1,Unspecified,351,2026-08-05T17:30:01.1856301+09:00,2026-08-05T17:30:01.6856301+09:00,210.412984,210.912984,29,29,0.042494,0.049669,0.000100,0.000061,0.000071,0.012689,0
20260805_172630_772,1,Unspecified,352,2026-08-05T17:30:01.6856301+09:00,2026-08-05T17:30:02.1856301+09:00,210.912984,211.412984,30,30,0.036671,0.045029,0.000077,0.000052,0.000020,0.011340,0
20260805_172630_772,1,Unspecified,353,2026-08-05T17:30:02.1856301+09:00,2026-08-05T17:30:02.6856301+09:00,211.412984,211.912984,30,30,0.039818,0.058139,0.000038,0.000140,0.000004,0.013343,0
20260805_172630_772,1,Unspecified,354,2026-08-05T17:30:02.6856301+09:00,2026-08-05T17:30:03.1856301+09:00,211.912984,212.412984,30,30,0.051236,0.056174,0.000007,0.000004,0.000002,0.003321,0
20260805_172630_772,1,Unspecified,355,2026-08-05T17:30:03.1856301+09:00,2026-08-05T17:30:03.6856301+09:00,212.412984,212.912984,30,30,0.041525,0.045555,0.000065,0.000045,0.000052,0.010522,0
20260805_172630_772,1,Unspecified,356,2026-08-05T17:30:03.6856301+09:00,2026-08-05T17:30:04.1856301+09:00,212.912984,213.412984,30,30,0.047450,0.060241,0.000076,0.000203,0.000093,0.016691,0
20260805_172630_772,1,Unspecified,357,2026-08-05T17:30:04.1856301+09:00,2026-08-05T17:30:04.6856301+09:00,213.412984,213.912984,30,30,0.041069,0.026409,0.000005,0.000022,0.000006,0.005178,0
20260805_172630_772,1,Unspecified,358,2026-08-05T17:30:04.6856301+09:00,2026-08-05T17:30:05.1856301+09:00,213.912984,214.412984,30,30,0.034835,0.024720,0.000007,0.000011,-0.000004,0.004173,0
20260805_172630_772,1,Unspecified,359,2026-08-05T17:30:05.1856301+09:00,2026-08-05T17:30:05.6856301+09:00,214.412984,214.912984,30,30,0.038817,0.031297,0.000007,0.000021,-0.000009,0.005223,0
20260805_172630_772,1,Unspecified,360,2026-08-05T17:30:05.6856301+09:00,2026-08-05T17:30:06.1856301+09:00,214.912984,215.412984,30,30,0.040302,0.027128,0.000047,0.000021,-0.000024,0.008225,0
20260805_172630_772,1,Unspecified,361,2026-08-05T17:30:06.1856301+09:00,2026-08-05T17:30:06.6856301+09:00,215.412984,215.912984,30,30,0.042440,0.039968,0.000032,0.000020,0.000019,0.007192,0
20260805_172630_772,1,Unspecified,362,2026-08-05T17:30:06.6856301+09:00,2026-08-05T17:30:07.1856301+09:00,215.912984,216.412984,31,31,0.045222,0.042833,0.000003,0.000001,0.000000,0.001944,0
20260805_172630_772,1,Unspecified,363,2026-08-05T17:30:07.1856301+09:00,2026-08-05T17:30:07.6856301+09:00,216.412984,216.912984,29,29,0.045403,0.042838,0.000003,0.000001,0.000001,0.001962,0
20260805_172630_772,1,Unspecified,364,2026-08-05T17:30:07.6856301+09:00,2026-08-05T17:30:08.1856301+09:00,216.912984,217.412984,30,30,0.037890,0.025916,0.000029,0.000096,0.000051,0.011169,0
20260805_172630_772,1,Unspecified,365,2026-08-05T17:30:08.1856301+09:00,2026-08-05T17:30:08.6856301+09:00,217.412984,217.912984,30,30,0.034102,0.017524,0.000018,0.000083,0.000033,0.010052,0
20260805_172630_772,1,Unspecified,366,2026-08-05T17:30:08.6856301+09:00,2026-08-05T17:30:09.1856301+09:00,217.912984,218.412984,30,30,0.041378,0.033803,0.000004,0.000004,-0.000001,0.002830,0
20260805_172630_772,1,Unspecified,367,2026-08-05T17:30:09.1856301+09:00,2026-08-05T17:30:09.6856301+09:00,218.412984,218.912984,30,30,0.044508,0.038551,0.000015,0.000010,0.000011,0.005014,0
20260805_172630_772,1,Unspecified,368,2026-08-05T17:30:09.6856301+09:00,2026-08-05T17:30:10.1856301+09:00,218.912984,219.412984,30,30,0.036797,0.035343,0.000032,0.000024,0.000024,0.007476,0
20260805_172630_772,1,Unspecified,369,2026-08-05T17:30:10.1856301+09:00,2026-08-05T17:30:10.6856301+09:00,219.412984,219.912984,30,30,0.039347,0.032197,0.000010,0.000007,-0.000001,0.004107,0
20260805_172630_772,1,Unspecified,370,2026-08-05T17:30:10.6856301+09:00,2026-08-05T17:30:11.1856301+09:00,219.912984,220.412984,30,30,0.040283,0.027196,0.000008,0.000008,0.000002,0.003913,0
20260805_172630_772,1,Unspecified,371,2026-08-05T17:30:11.1856301+09:00,2026-08-05T17:30:11.6856301+09:00,220.412984,220.912984,30,30,0.048353,0.028157,0.000052,0.000008,0.000000,0.007798,0
20260805_172630_772,1,Unspecified,372,2026-08-05T17:30:11.6856301+09:00,2026-08-05T17:30:12.1856301+09:00,220.912984,221.412984,30,30,0.049576,0.044685,0.000012,0.000215,0.000015,0.015044,0
20260805_172630_772,1,Unspecified,373,2026-08-05T17:30:12.1856301+09:00,2026-08-05T17:30:12.6856301+09:00,221.412984,221.912984,30,30,0.047064,0.033668,0.000015,0.000003,-0.000002,0.004249,0
20260805_172630_772,1,Unspecified,374,2026-08-05T17:30:12.6856301+09:00,2026-08-05T17:30:13.1856301+09:00,221.912984,222.412984,30,30,0.036338,0.035085,0.000002,0.000001,0.000001,0.001861,0
20260805_172630_772,1,Unspecified,375,2026-08-05T17:30:13.1856301+09:00,2026-08-05T17:30:13.6856301+09:00,222.412984,222.912984,30,30,0.036328,0.034699,0.000008,0.000017,0.000008,0.005003,0
20260805_172630_772,1,Unspecified,376,2026-08-05T17:30:13.6856301+09:00,2026-08-05T17:30:14.1856301+09:00,222.912984,223.412984,30,30,0.046811,0.039133,0.000109,0.000036,0.000059,0.012020,0
20260805_172630_772,1,Unspecified,377,2026-08-05T17:30:14.1856301+09:00,2026-08-05T17:30:14.6856301+09:00,223.412984,223.912984,30,30,0.032390,0.036263,0.000109,0.000039,0.000063,0.012164,0
20260805_172630_772,1,Unspecified,378,2026-08-05T17:30:14.6856301+09:00,2026-08-05T17:30:15.1856301+09:00,223.912984,224.412984,30,30,0.043369,0.048271,0.000014,0.000017,0.000011,0.005585,0
20260805_172630_772,1,Unspecified,379,2026-08-05T17:30:15.1856301+09:00,2026-08-05T17:30:15.6856301+09:00,224.412984,224.912984,30,30,0.040311,0.045998,0.000014,0.000028,0.000016,0.006462,0
20260805_172630_772,1,Unspecified,380,2026-08-05T17:30:15.6856301+09:00,2026-08-05T17:30:16.1856301+09:00,224.912984,225.412984,30,30,0.025520,0.024167,0.000002,0.000002,0.000000,0.001927,0
20260805_172630_772,1,Unspecified,381,2026-08-05T17:30:16.1856301+09:00,2026-08-05T17:30:16.6856301+09:00,225.412984,225.912984,30,30,0.032970,0.037799,0.000047,0.000167,0.000078,0.014621,0
20260805_172630_772,1,Unspecified,382,2026-08-05T17:30:16.6856301+09:00,2026-08-05T17:30:17.1856301+09:00,225.912984,226.412984,30,30,0.031632,0.041120,0.000003,0.000009,0.000002,0.003545,0
20260805_172630_772,1,Unspecified,383,2026-08-05T17:30:17.1856301+09:00,2026-08-05T17:30:17.6856301+09:00,226.412984,226.912984,30,30,0.034407,0.037925,0.000004,0.000013,-0.000001,0.004073,0
20260805_172630_772,1,Unspecified,384,2026-08-05T17:30:17.6856301+09:00,2026-08-05T17:30:18.1856301+09:00,226.912984,227.412984,30,30,0.034386,0.039730,0.000018,0.000081,0.000008,0.009940,0
20260805_172630_772,1,Unspecified,385,2026-08-05T17:30:18.1856301+09:00,2026-08-05T17:30:18.6856301+09:00,227.412984,227.912984,30,30,0.028326,0.037680,0.000005,0.000004,0.000002,0.002963,0
20260805_172630_772,1,Unspecified,386,2026-08-05T17:30:18.6856301+09:00,2026-08-05T17:30:19.1856301+09:00,227.912984,228.412984,30,30,0.038761,0.044320,0.000061,0.000045,0.000042,0.010320,0
20260805_172630_772,1,Unspecified,387,2026-08-05T17:30:19.1856301+09:00,2026-08-05T17:30:19.6856301+09:00,228.412984,228.912984,30,30,0.030731,0.037045,0.000165,0.000128,0.000138,0.017113,0
20260805_172630_772,1,Unspecified,388,2026-08-05T17:30:19.6856301+09:00,2026-08-05T17:30:20.1856301+09:00,228.912984,229.412984,30,30,0.036603,0.029339,0.000002,0.000007,0.000001,0.003013,0
20260805_172630_772,1,Unspecified,389,2026-08-05T17:30:20.1856301+09:00,2026-08-05T17:30:20.6856301+09:00,229.412984,229.912984,30,30,0.045584,0.040439,0.000109,0.000096,0.000100,0.014332,0
20260805_172630_772,1,Unspecified,390,2026-08-05T17:30:20.6856301+09:00,2026-08-05T17:30:21.1856301+09:00,229.912984,230.412984,30,30,0.037702,0.034493,0.000003,0.000004,0.000001,0.002639,0
20260805_172630_772,1,Unspecified,391,2026-08-05T17:30:21.1856301+09:00,2026-08-05T17:30:21.6856301+09:00,230.412984,230.912984,30,30,0.030201,0.027292,0.000070,0.000023,0.000038,0.009649,0
20260805_172630_772,1,Unspecified,392,2026-08-05T17:30:21.6856301+09:00,2026-08-05T17:30:22.1856301+09:00,230.912984,231.412984,30,30,0.036199,0.025536,0.000123,0.000009,0.000027,0.011477,0
20260805_172630_772,1,Unspecified,393,2026-08-05T17:30:22.1856301+09:00,2026-08-05T17:30:22.6856301+09:00,231.412984,231.912984,30,30,0.032080,0.022855,0.000051,0.000006,0.000009,0.007568,0
20260805_172630_772,1,Unspecified,394,2026-08-05T17:30:22.6856301+09:00,2026-08-05T17:30:23.1856301+09:00,231.912984,232.412984,30,30,0.024437,0.020589,0.000011,0.000008,0.000000,0.004306,0
20260805_172630_772,1,Unspecified,395,2026-08-05T17:30:23.1856301+09:00,2026-08-05T17:30:23.6856301+09:00,232.412984,232.912984,30,30,0.022077,0.016524,0.000005,0.000022,-0.000006,0.005208,0
20260805_172630_772,1,Unspecified,396,2026-08-05T17:30:23.6856301+09:00,2026-08-05T17:30:24.1856301+09:00,232.912984,233.412984,31,31,0.019893,0.010786,0.000039,0.000009,-0.000007,0.006889,0
20260805_172630_772,1,Unspecified,397,2026-08-05T17:30:24.1856301+09:00,2026-08-05T17:30:24.6856301+09:00,233.412984,233.912984,29,29,0.019154,0.014580,0.000048,0.000013,0.000022,0.007837,0
20260805_172630_772,1,Unspecified,398,2026-08-05T17:30:24.6856301+09:00,2026-08-05T17:30:25.1856301+09:00,233.912984,234.412984,30,30,0.025997,0.027183,0.000006,0.000027,0.000005,0.005746,0
20260805_172630_772,1,Unspecified,399,2026-08-05T17:30:25.1856301+09:00,2026-08-05T17:30:25.6856301+09:00,234.412984,234.912984,30,30,0.030120,0.028432,0.000006,0.000008,0.000003,0.003741,0
20260805_172630_772,1,Unspecified,400,2026-08-05T17:30:25.6856301+09:00,2026-08-05T17:30:26.1856301+09:00,234.912984,235.412984,30,30,0.026258,0.030392,0.000027,0.000034,0.000022,0.007805,0
20260805_172630_772,1,Unspecified,401,2026-08-05T17:30:26.1856301+09:00,2026-08-05T17:30:26.6856301+09:00,235.412984,235.912984,30,30,0.037901,0.051532,0.000140,0.000239,0.000164,0.019458,0
20260805_172630_772,1,Unspecified,402,2026-08-05T17:30:26.6856301+09:00,2026-08-05T17:30:27.1856301+09:00,235.912984,236.412984,30,30,0.042426,0.043959,0.000007,0.000022,0.000010,0.005440,0
20260805_172630_772,1,Unspecified,403,2026-08-05T17:30:27.1856301+09:00,2026-08-05T17:30:27.6856301+09:00,236.412984,236.912984,30,30,0.041749,0.039192,0.000003,0.000006,0.000001,0.003054,0
20260805_172630_772,1,Unspecified,404,2026-08-05T17:30:27.6856301+09:00,2026-08-05T17:30:28.1856301+09:00,236.912984,237.412984,30,30,0.024876,0.024211,0.000071,0.000046,0.000054,0.010809,0
20260805_172630_772,1,Unspecified,405,2026-08-05T17:30:28.1856301+09:00,2026-08-05T17:30:28.6856301+09:00,237.412984,237.912984,30,30,0.031976,0.029693,0.000100,0.000067,0.000076,0.012900,0
20260805_172630_772,1,Unspecified,406,2026-08-05T17:30:28.6856301+09:00,2026-08-05T17:30:29.1856301+09:00,237.912984,238.412984,30,30,0.030971,0.032257,0.000028,0.000008,0.000010,0.005993,0
20260805_172630_772,1,Unspecified,407,2026-08-05T17:30:29.1856301+09:00,2026-08-05T17:30:29.6856301+09:00,238.412984,238.912984,30,30,0.027996,0.040034,0.000011,0.000189,0.000002,0.014129,0
20260805_172630_772,1,Unspecified,408,2026-08-05T17:30:29.6856301+09:00,2026-08-05T17:30:30.1856301+09:00,238.912984,239.412984,30,30,0.026626,0.025583,0.000004,0.000006,0.000000,0.003268,0
20260805_172630_772,1,Unspecified,409,2026-08-05T17:30:30.1856301+09:00,2026-08-05T17:30:30.6856301+09:00,239.412984,239.912984,31,31,0.032552,0.031406,0.000013,0.000009,0.000008,0.004768,0
20260805_172630_772,1,Unspecified,410,2026-08-05T17:30:30.6856301+09:00,2026-08-05T17:30:31.1856301+09:00,239.912984,240.412984,29,29,0.037268,0.038054,0.000004,0.000012,0.000002,0.003979,0
20260805_172630_772,1,Unspecified,411,2026-08-05T17:30:31.1856301+09:00,2026-08-05T17:30:31.6856301+09:00,240.412984,240.912984,30,30,0.036644,0.032988,0.000005,0.000048,0.000011,0.007261,0
20260805_172630_772,1,Unspecified,412,2026-08-05T17:30:31.6856301+09:00,2026-08-05T17:30:32.1856301+09:00,240.912984,241.412984,30,30,0.034974,0.032298,0.000002,0.000010,0.000000,0.003381,0
20260805_172630_772,1,Unspecified,413,2026-08-05T17:30:32.1856301+09:00,2026-08-05T17:30:32.6856301+09:00,241.412984,241.912984,30,30,0.032010,0.029667,0.000005,0.000032,0.000005,0.006107,0
20260805_172630_772,1,Unspecified,414,2026-08-05T17:30:32.6856301+09:00,2026-08-05T17:30:33.1856301+09:00,241.912984,242.412984,30,30,0.041179,0.034511,0.000062,0.000188,0.000105,0.015812,0
20260805_172630_772,1,Unspecified,415,2026-08-05T17:30:33.1856301+09:00,2026-08-05T17:30:33.6856301+09:00,242.412984,242.912984,30,30,0.032321,0.027202,0.000148,0.000144,0.000144,0.017103,0
20260805_172630_772,1,Unspecified,416,2026-08-05T17:30:33.6856301+09:00,2026-08-05T17:30:34.1856301+09:00,242.912984,243.412984,30,30,0.024499,0.019192,0.000005,0.000006,0.000001,0.003376,0
20260805_172630_772,1,Unspecified,417,2026-08-05T17:30:34.1856301+09:00,2026-08-05T17:30:34.6856301+09:00,243.412984,243.912984,30,30,0.034385,0.028673,0.000089,0.000060,0.000071,0.012207,0
20260805_172630_772,1,Unspecified,418,2026-08-05T17:30:34.6856301+09:00,2026-08-05T17:30:35.1856301+09:00,243.912984,244.412984,30,30,0.031872,0.031337,0.000029,0.000014,0.000017,0.006563,0
20260805_172630_772,1,Unspecified,419,2026-08-05T17:30:35.1856301+09:00,2026-08-05T17:30:35.6856301+09:00,244.412984,244.912984,30,30,0.036973,0.031301,0.000047,0.000004,0.000004,0.007094,0
20260805_172630_772,1,Unspecified,420,2026-08-05T17:30:35.6856301+09:00,2026-08-05T17:30:36.1856301+09:00,244.912984,245.412984,30,30,0.033796,0.029905,0.000046,0.000017,0.000004,0.007905,0
20260805_172630_772,1,Unspecified,421,2026-08-05T17:30:36.1856301+09:00,2026-08-05T17:30:36.6856301+09:00,245.412984,245.912984,30,30,0.029113,0.024539,0.000002,0.000005,0.000000,0.002596,0
20260805_172630_772,1,Unspecified,422,2026-08-05T17:30:36.6856301+09:00,2026-08-05T17:30:37.1856301+09:00,245.912984,246.412984,30,30,0.038528,0.031440,0.000015,0.000010,0.000009,0.004923,0
20260805_172630_772,1,Unspecified,423,2026-08-05T17:30:37.1856301+09:00,2026-08-05T17:30:37.6856301+09:00,246.412984,246.912984,30,30,0.038212,0.033254,0.000072,0.000011,0.000023,0.009105,0
20260805_172630_772,1,Unspecified,424,2026-08-05T17:30:37.6856301+09:00,2026-08-05T17:30:38.1856301+09:00,246.912984,247.412984,30,30,0.011516,0.019975,0.000013,0.000012,0.000010,0.005002,0
20260805_172630_772,1,Unspecified,425,2026-08-05T17:30:38.1856301+09:00,2026-08-05T17:30:38.6856301+09:00,247.412984,247.912984,30,30,0.039867,0.030146,0.000043,0.000090,0.000021,0.011538,0
20260805_172630_772,1,Unspecified,426,2026-08-05T17:30:38.6856301+09:00,2026-08-05T17:30:39.1856301+09:00,247.912984,248.412984,30,30,0.044343,0.028868,0.000049,0.000081,0.000058,0.011386,0
20260805_172630_772,1,Unspecified,427,2026-08-05T17:30:39.1856301+09:00,2026-08-05T17:30:39.6856301+09:00,248.412984,248.912984,30,30,0.041585,0.030826,0.000100,0.000046,0.000067,0.012086,0
20260805_172630_772,1,Unspecified,428,2026-08-05T17:30:39.6856301+09:00,2026-08-05T17:30:40.1856301+09:00,248.912984,249.412984,30,30,0.028378,0.025830,0.000017,0.000014,0.000013,0.005572,0
20260805_172630_772,1,Unspecified,429,2026-08-05T17:30:40.1856301+09:00,2026-08-05T17:30:40.6856301+09:00,249.412984,249.912984,30,30,0.036890,0.026730,0.000031,0.000059,0.000028,0.009494,0
20260805_172630_772,1,Unspecified,430,2026-08-05T17:30:40.6856301+09:00,2026-08-05T17:30:41.1856301+09:00,249.912984,250.412984,30,30,0.027911,0.024476,0.000014,0.000003,0.000000,0.004144,0
20260805_172630_772,1,Unspecified,431,2026-08-05T17:30:41.1856301+09:00,2026-08-05T17:30:41.6856301+09:00,250.412984,250.912984,31,31,0.029302,0.019967,0.000007,0.000037,-0.000012,0.006616,0
20260805_172630_772,1,Unspecified,432,2026-08-05T17:30:41.6856301+09:00,2026-08-05T17:30:42.1856301+09:00,250.912984,251.412984,30,30,0.032199,0.011955,0.000003,0.000004,0.000001,0.002708,0
20260805_172630_772,1,Unspecified,433,2026-08-05T17:30:42.1856301+09:00,2026-08-05T17:30:42.6856301+09:00,251.412984,251.912984,29,29,0.036267,0.028348,0.000017,0.000089,0.000037,0.010306,0
20260805_172630_772,1,Unspecified,434,2026-08-05T17:30:42.6856301+09:00,2026-08-05T17:30:43.1856301+09:00,251.912984,252.412984,30,30,0.039443,0.035245,0.000004,0.000006,0.000001,0.003223,0
20260805_172630_772,1,Unspecified,435,2026-08-05T17:30:43.1856301+09:00,2026-08-05T17:30:43.6856301+09:00,252.412984,252.912984,30,30,0.031221,0.030265,0.000036,0.000019,0.000022,0.007451,0
20260805_172630_772,1,Unspecified,436,2026-08-05T17:30:43.6856301+09:00,2026-08-05T17:30:44.1856301+09:00,252.912984,253.412984,30,30,0.030568,0.041472,0.000018,0.000203,0.000051,0.014867,0
20260805_172630_772,1,Unspecified,437,2026-08-05T17:30:44.1856301+09:00,2026-08-05T17:30:44.6856301+09:00,253.412984,253.912984,30,30,0.030102,0.032319,0.000009,0.000001,0.000001,0.003154,0
20260805_172630_772,1,Unspecified,438,2026-08-05T17:30:44.6856301+09:00,2026-08-05T17:30:45.1856301+09:00,253.912984,254.412984,30,30,0.039829,0.032122,0.000002,0.000004,0.000000,0.002594,0
20260805_172630_772,1,Unspecified,439,2026-08-05T17:30:45.1856301+09:00,2026-08-05T17:30:45.6856301+09:00,254.412984,254.912984,30,30,0.032824,0.026375,0.000044,0.000022,0.000026,0.008100,0
20260805_172630_772,1,Unspecified,440,2026-08-05T17:30:45.6856301+09:00,2026-08-05T17:30:46.1856301+09:00,254.912984,255.412984,30,30,0.030280,0.025104,0.000012,0.000003,-0.000002,0.003889,0
20260805_172630_772,1,Unspecified,441,2026-08-05T17:30:46.1856301+09:00,2026-08-05T17:30:46.6856301+09:00,255.412984,255.912984,30,30,0.030196,0.026252,0.000042,0.000003,0.000000,0.006652,0
20260805_172630_772,1,Unspecified,442,2026-08-05T17:30:46.6856301+09:00,2026-08-05T17:30:47.1856301+09:00,255.912984,256.412984,30,30,0.022781,0.027680,0.000003,0.000002,-0.000001,0.002400,0
20260805_172630_772,1,Unspecified,443,2026-08-05T17:30:47.1856301+09:00,2026-08-05T17:30:47.6856301+09:00,256.412984,256.912984,30,30,0.025417,0.030853,0.000011,0.000010,0.000002,0.004512,0
20260805_172630_772,1,Unspecified,444,2026-08-05T17:30:47.6856301+09:00,2026-08-05T17:30:48.1856301+09:00,256.912984,257.412984,30,30,0.029714,0.028009,0.000004,0.000014,-0.000001,0.004251,0
20260805_172630_772,1,Unspecified,445,2026-08-05T17:30:48.1856301+09:00,2026-08-05T17:30:48.6856301+09:00,257.412984,257.912984,30,30,0.042135,0.047111,0.000068,0.000046,0.000048,0.010682,0
20260805_172630_772,1,Unspecified,446,2026-08-05T17:30:48.6856301+09:00,2026-08-05T17:30:49.1856301+09:00,257.912984,258.412984,30,30,0.029782,0.044111,0.000005,0.000006,0.000000,0.003315,0
20260805_172630_772,1,Unspecified,447,2026-08-05T17:30:49.1856301+09:00,2026-08-05T17:30:49.6856301+09:00,258.412984,258.912984,30,30,0.031207,0.033050,0.000008,0.000031,0.000001,0.006251,0
20260805_172630_772,1,Unspecified,448,2026-08-05T17:30:49.6856301+09:00,2026-08-05T17:30:50.1856301+09:00,258.912984,259.412984,30,30,0.030785,0.050766,0.000082,0.000294,0.000095,0.019392,0
20260805_172630_772,1,Unspecified,449,2026-08-05T17:30:50.1856301+09:00,2026-08-05T17:30:50.6856301+09:00,259.412984,259.912984,30,30,0.035146,0.044180,0.000139,0.000085,0.000104,0.014940,0
20260805_172630_772,1,Unspecified,450,2026-08-05T17:30:50.6856301+09:00,2026-08-05T17:30:51.1856301+09:00,259.912984,260.412984,30,30,0.046533,0.055846,0.000002,0.000004,0.000001,0.002358,0
20260805_172630_772,1,Unspecified,451,2026-08-05T17:30:51.1856301+09:00,2026-08-05T17:30:51.6856301+09:00,260.412984,260.912984,30,30,0.039112,0.049463,0.000144,0.000143,0.000140,0.016926,0
20260805_172630_772,1,Unspecified,452,2026-08-05T17:30:51.6856301+09:00,2026-08-05T17:30:52.1856301+09:00,260.912984,261.412984,30,30,0.029486,0.050317,0.000047,0.000184,0.000068,0.015209,0
20260805_172630_772,1,Unspecified,453,2026-08-05T17:30:52.1856301+09:00,2026-08-05T17:30:52.6856301+09:00,261.412984,261.912984,30,30,0.030142,0.041539,0.000004,0.000004,0.000001,0.002854,0
20260805_172630_772,1,Unspecified,454,2026-08-05T17:30:52.6856301+09:00,2026-08-05T17:30:53.1856301+09:00,261.912984,262.412984,31,31,0.031931,0.040051,0.000034,0.000023,0.000024,0.007512,0
20260805_172630_772,1,Unspecified,455,2026-08-05T17:30:53.1856301+09:00,2026-08-05T17:30:53.6856301+09:00,262.412984,262.912984,30,30,0.042365,0.051460,0.000006,0.000007,-0.000002,0.003540,0
20260805_172630_772,1,Unspecified,456,2026-08-05T17:30:53.6856301+09:00,2026-08-05T17:30:54.1856301+09:00,262.912984,263.412984,29,29,0.036185,0.030024,0.000027,0.000094,0.000044,0.010975,0
20260805_172630_772,1,Unspecified,457,2026-08-05T17:30:54.1856301+09:00,2026-08-05T17:30:54.6856301+09:00,263.412984,263.912984,30,30,0.037191,0.034077,0.000014,0.000022,0.000014,0.006061,0
20260805_172630_772,1,Unspecified,458,2026-08-05T17:30:54.6856301+09:00,2026-08-05T17:30:55.1856301+09:00,263.912984,264.412984,30,30,0.034980,0.046236,0.000010,0.000040,-0.000015,0.007086,0
20260805_172630_772,1,Unspecified,459,2026-08-05T17:30:55.1856301+09:00,2026-08-05T17:30:55.6856301+09:00,264.412984,264.912984,30,30,0.035103,0.050833,0.000003,0.000004,0.000001,0.002579,0
20260805_172630_772,1,Unspecified,460,2026-08-05T17:30:55.6856301+09:00,2026-08-05T17:30:56.1856301+09:00,264.912984,265.412984,30,30,0.031055,0.047443,0.000051,0.000068,0.000055,0.010909,0
20260805_172630_772,1,Unspecified,461,2026-08-05T17:30:56.1856301+09:00,2026-08-05T17:30:56.6856301+09:00,265.412984,265.912984,30,30,0.025536,0.043282,0.000118,0.000340,0.000167,0.021411,0
20260805_172630_772,1,Unspecified,462,2026-08-05T17:30:56.6856301+09:00,2026-08-05T17:30:57.1856301+09:00,265.912984,266.412984,30,30,0.033517,0.041436,0.000036,0.000132,0.000049,0.012964,0
20260805_172630_772,1,Unspecified,463,2026-08-05T17:30:57.1856301+09:00,2026-08-05T17:30:57.6856301+09:00,266.412984,266.912984,30,30,0.027620,0.046873,0.000010,0.000004,-0.000001,0.003715,0
20260805_172630_772,1,Unspecified,464,2026-08-05T17:30:57.6856301+09:00,2026-08-05T17:30:58.1856301+09:00,266.912984,267.412984,30,30,0.040638,0.055412,0.000012,0.000014,0.000004,0.005036,0
20260805_172630_772,1,Unspecified,465,2026-08-05T17:30:58.1856301+09:00,2026-08-05T17:30:58.6856301+09:00,267.412984,267.912984,30,30,0.030092,0.044812,0.000063,0.000071,0.000063,0.011605,0
20260805_172630_772,1,Unspecified,466,2026-08-05T17:30:58.6856301+09:00,2026-08-05T17:30:59.1856301+09:00,267.912984,268.412984,30,30,0.022761,0.035088,0.000001,0.000008,0.000000,0.003019,0
20260805_172630_772,1,Unspecified,467,2026-08-05T17:30:59.1856301+09:00,2026-08-05T17:30:59.6856301+09:00,268.412984,268.912984,31,31,0.025436,0.033978,0.000043,0.000010,-0.000013,0.007274,0
20260805_172630_772,1,Unspecified,468,2026-08-05T17:30:59.6856301+09:00,2026-08-05T17:31:00.1856301+09:00,268.912984,269.412984,29,29,0.040372,0.027208,0.000008,0.000033,-0.000013,0.006383,0
20260805_172630_772,1,Unspecified,469,2026-08-05T17:31:00.1856301+09:00,2026-08-05T17:31:00.6856301+09:00,269.412984,269.912984,30,30,0.035813,0.038836,0.000064,0.000239,-0.000119,0.017412,0
20260805_172630_772,1,Unspecified,470,2026-08-05T17:31:00.6856301+09:00,2026-08-05T17:31:01.1856301+09:00,269.912984,270.412984,30,30,0.035790,0.055559,0.000017,0.000003,0.000003,0.004537,0
20260805_172630_772,1,Unspecified,471,2026-08-05T17:31:01.1856301+09:00,2026-08-05T17:31:01.6856301+09:00,270.412984,270.912984,30,30,0.038960,0.044908,0.000023,0.000039,0.000015,0.007900,0
20260805_172630_772,1,Unspecified,472,2026-08-05T17:31:01.6856301+09:00,2026-08-05T17:31:02.1856301+09:00,270.912984,271.412984,30,30,0.033804,0.040427,0.000002,0.000007,0.000001,0.002945,0
20260805_172630_772,1,Unspecified,473,2026-08-05T17:31:02.1856301+09:00,2026-08-05T17:31:02.6856301+09:00,271.412984,271.912984,30,30,0.053745,0.049097,0.000013,0.000009,0.000005,0.004616,0
20260805_172630_772,1,Unspecified,474,2026-08-05T17:31:02.6856301+09:00,2026-08-05T17:31:03.1856301+09:00,271.912984,272.412984,30,30,0.034959,0.039771,0.000003,0.000003,-0.000001,0.002435,0
20260805_172630_772,1,Unspecified,475,2026-08-05T17:31:03.1856301+09:00,2026-08-05T17:31:03.6856301+09:00,272.412984,272.912984,30,30,0.029128,0.032803,0.000053,0.000016,0.000026,0.008335,0
20260805_172630_772,1,Unspecified,476,2026-08-05T17:31:03.6856301+09:00,2026-08-05T17:31:04.1856301+09:00,272.912984,273.412984,30,30,0.034733,0.034991,0.000022,0.000005,0.000003,0.005167,0
20260805_172630_772,1,Unspecified,477,2026-08-05T17:31:04.1856301+09:00,2026-08-05T17:31:04.6856301+09:00,273.412984,273.912984,31,31,0.036111,0.034458,0.000007,0.000031,-0.000009,0.006100,0
20260805_172630_772,1,Unspecified,478,2026-08-05T17:31:04.6856301+09:00,2026-08-05T17:31:05.1856301+09:00,273.912984,274.412984,30,30,0.022108,0.045142,0.000025,0.000006,0.000007,0.005570,0
20260805_172630_772,1,Unspecified,479,2026-08-05T17:31:05.1856301+09:00,2026-08-05T17:31:05.6856301+09:00,274.412984,274.912984,30,30,0.026870,0.036740,0.000043,0.000064,-0.000048,0.010337,0
20260805_172630_772,1,Unspecified,480,2026-08-05T17:31:05.6856301+09:00,2026-08-05T17:31:06.1856301+09:00,274.912984,275.412984,29,29,0.030859,0.029762,0.000002,0.000016,0.000001,0.004269,0
20260805_172630_772,1,Unspecified,481,2026-08-05T17:31:06.1856301+09:00,2026-08-05T17:31:06.6856301+09:00,275.412984,275.912984,30,30,0.028479,0.052274,0.000030,0.000260,-0.000029,0.017027,0
20260805_172630_772,1,Unspecified,482,2026-08-05T17:31:06.6856301+09:00,2026-08-05T17:31:07.1856301+09:00,275.912984,276.412984,30,30,0.031149,0.049107,0.000003,0.000008,-0.000001,0.003314,0
20260805_172630_772,1,Unspecified,483,2026-08-05T17:31:07.1856301+09:00,2026-08-05T17:31:07.6856301+09:00,276.412984,276.912984,30,30,0.034253,0.035922,0.000010,0.000099,-0.000027,0.010423,0
20260805_172630_772,1,Unspecified,484,2026-08-05T17:31:07.6856301+09:00,2026-08-05T17:31:08.1856301+09:00,276.912984,277.412984,30,30,0.028091,0.044247,0.000056,0.000500,-0.000085,0.023572,0
20260805_172630_772,1,Unspecified,485,2026-08-05T17:31:08.1856301+09:00,2026-08-05T17:31:08.6856301+09:00,277.412984,277.912984,30,30,0.023554,0.049836,0.000064,0.000031,-0.000035,0.009759,0
20260805_172630_772,1,Unspecified,486,2026-08-05T17:31:08.6856301+09:00,2026-08-05T17:31:09.1856301+09:00,277.912984,278.412984,30,30,0.043370,0.051780,0.000054,0.000005,0.000007,0.007700,0
20260805_172630_772,1,Unspecified,487,2026-08-05T17:31:09.1856301+09:00,2026-08-05T17:31:09.6856301+09:00,278.412984,278.912984,30,30,0.025306,0.040999,0.000144,0.000102,0.000115,0.015686,0
20260805_172630_772,1,Unspecified,488,2026-08-05T17:31:09.6856301+09:00,2026-08-05T17:31:10.1856301+09:00,278.912984,279.412984,30,30,0.011254,0.025440,0.000003,0.000004,0.000000,0.002501,0
20260805_172630_772,1,Unspecified,489,2026-08-05T17:31:10.1856301+09:00,2026-08-05T17:31:10.6856301+09:00,279.412984,279.912984,30,30,0.030800,0.046202,0.000019,0.000081,0.000029,0.009992,0
20260805_172630_772,1,Unspecified,490,2026-08-05T17:31:10.6856301+09:00,2026-08-05T17:31:11.1856301+09:00,279.912984,280.412984,30,30,0.033297,0.061737,0.000005,0.000004,0.000001,0.002954,0
20260805_172630_772,1,Unspecified,491,2026-08-05T17:31:11.1856301+09:00,2026-08-05T17:31:11.6856301+09:00,280.412984,280.912984,30,30,0.029124,0.053351,0.000058,0.000164,0.000091,0.014886,0
20260805_172630_772,1,Unspecified,492,2026-08-05T17:31:11.6856301+09:00,2026-08-05T17:31:12.1856301+09:00,280.912984,281.412984,30,30,0.025629,0.034087,0.000023,0.000015,0.000011,0.006129,0
20260805_172630_772,1,Unspecified,493,2026-08-05T17:31:12.1856301+09:00,2026-08-05T17:31:12.6856301+09:00,281.412984,281.912984,30,30,0.032666,0.043200,0.000009,0.000009,0.000006,0.004245,0
20260805_172630_772,1,Unspecified,494,2026-08-05T17:31:12.6856301+09:00,2026-08-05T17:31:13.1856301+09:00,281.912984,282.412984,30,30,0.025408,0.031208,0.000004,0.000007,0.000003,0.003327,0
20260805_172630_772,1,Unspecified,495,2026-08-05T17:31:13.1856301+09:00,2026-08-05T17:31:13.6856301+09:00,282.412984,282.912984,30,30,0.029077,0.029536,0.000011,0.000006,0.000001,0.004086,0
20260805_172630_772,1,Unspecified,496,2026-08-05T17:31:13.6856301+09:00,2026-08-05T17:31:14.1856301+09:00,282.912984,283.412984,30,30,0.032553,0.047240,0.000055,0.000197,0.000060,0.015869,0
20260805_172630_772,1,Unspecified,497,2026-08-05T17:31:14.1856301+09:00,2026-08-05T17:31:14.6856301+09:00,283.412984,283.912984,30,30,0.032550,0.042521,0.000050,0.000185,0.000069,0.015337,0
20260805_172630_772,1,Unspecified,498,2026-08-05T17:31:14.6856301+09:00,2026-08-05T17:31:15.1856301+09:00,283.912984,284.412984,30,30,0.045807,0.046573,0.000006,0.000013,0.000006,0.004311,0
20260805_172630_772,1,Unspecified,499,2026-08-05T17:31:15.1856301+09:00,2026-08-05T17:31:15.6856301+09:00,284.412984,284.912984,30,30,0.033733,0.034785,0.000075,0.000053,0.000056,0.011305,0
20260805_172630_772,1,Unspecified,500,2026-08-05T17:31:15.6856301+09:00,2026-08-05T17:31:16.1856301+09:00,284.912984,285.412984,30,30,0.028442,0.029988,0.000005,0.000018,-0.000003,0.004770,0
20260805_172630_772,1,Unspecified,501,2026-08-05T17:31:16.1856301+09:00,2026-08-05T17:31:16.6856301+09:00,285.412984,285.912984,31,31,0.027571,0.039101,0.000006,0.000007,0.000005,0.003582,0
20260805_172630_772,1,Unspecified,502,2026-08-05T17:31:16.6856301+09:00,2026-08-05T17:31:17.1856301+09:00,285.912984,286.412984,30,30,0.027699,0.036859,0.000003,0.000006,0.000001,0.003063,0
20260805_172630_772,1,Unspecified,503,2026-08-05T17:31:17.1856301+09:00,2026-08-05T17:31:17.6856301+09:00,286.412984,286.912984,29,29,0.032975,0.035295,0.000039,0.000008,0.000000,0.006906,0
20260805_172630_772,1,Unspecified,504,2026-08-05T17:31:17.6856301+09:00,2026-08-05T17:31:18.1856301+09:00,286.912984,287.412984,30,30,0.041490,0.033889,0.000046,0.000014,-0.000009,0.007746,0
20260805_172630_772,1,Unspecified,505,2026-08-05T17:31:18.1856301+09:00,2026-08-05T17:31:18.6856301+09:00,287.412984,287.912984,30,30,0.026346,0.029942,0.000014,0.000013,0.000007,0.005237,0
20260805_172630_772,1,Unspecified,506,2026-08-05T17:31:18.6856301+09:00,2026-08-05T17:31:19.1856301+09:00,287.912984,288.412984,30,30,0.039966,0.031043,0.000004,0.000004,0.000001,0.002752,0
20260805_172630_772,1,Unspecified,507,2026-08-05T17:31:19.1856301+09:00,2026-08-05T17:31:19.6856301+09:00,288.412984,288.912984,30,30,0.038054,0.031516,0.000024,0.000031,0.000026,0.007409,0
20260805_172630_772,1,Unspecified,508,2026-08-05T17:31:19.6856301+09:00,2026-08-05T17:31:20.1856301+09:00,288.912984,289.412984,30,30,0.035015,0.031682,0.000006,0.000010,0.000005,0.004035,0
20260805_172630_772,1,Unspecified,509,2026-08-05T17:31:20.1856301+09:00,2026-08-05T17:31:20.6856301+09:00,289.412984,289.912984,30,30,0.036390,0.037933,0.000002,0.000014,0.000000,0.004010,0
20260805_172630_772,1,Unspecified,510,2026-08-05T17:31:20.6856301+09:00,2026-08-05T17:31:21.1856301+09:00,289.912984,290.412984,30,30,0.035400,0.044144,0.000003,0.000005,0.000002,0.002952,0
20260805_172630_772,1,Unspecified,511,2026-08-05T17:31:21.1856301+09:00,2026-08-05T17:31:21.6856301+09:00,290.412984,290.912984,30,30,0.033930,0.042429,0.000005,0.000004,0.000001,0.003013,0
20260805_172630_772,1,Unspecified,512,2026-08-05T17:31:21.6856301+09:00,2026-08-05T17:31:22.1856301+09:00,290.912984,291.412984,31,31,0.037810,0.039720,0.000005,0.000009,-0.000001,0.003816,0
20260805_172630_772,1,Unspecified,513,2026-08-05T17:31:22.1856301+09:00,2026-08-05T17:31:22.6856301+09:00,291.412984,291.912984,29,29,0.032794,0.036247,0.000007,0.000005,-0.000001,0.003378,0
20260805_172630_772,1,Unspecified,514,2026-08-05T17:31:22.6856301+09:00,2026-08-05T17:31:23.1856301+09:00,291.912984,292.412984,30,30,0.029037,0.041980,0.000007,0.000015,0.000009,0.004655,0
20260805_172630_772,1,Unspecified,515,2026-08-05T17:31:23.1856301+09:00,2026-08-05T17:31:23.6856301+09:00,292.412984,292.912984,30,30,0.029399,0.042140,0.000029,0.000005,0.000007,0.005866,0
20260805_172630_772,1,Unspecified,516,2026-08-05T17:31:23.6856301+09:00,2026-08-05T17:31:24.1856301+09:00,292.912984,293.412984,30,30,0.025227,0.038314,0.000120,0.000051,0.000076,0.013085,0
20260805_172630_772,1,Unspecified,517,2026-08-05T17:31:24.1856301+09:00,2026-08-05T17:31:24.6856301+09:00,293.412984,293.912984,30,30,0.018305,0.034998,0.000043,0.000014,0.000017,0.007573,0
20260805_172630_772,1,Unspecified,518,2026-08-05T17:31:24.6856301+09:00,2026-08-05T17:31:25.1856301+09:00,293.912984,294.412984,30,30,0.030366,0.035285,0.000003,0.000005,0.000001,0.002910,0
20260805_172630_772,1,Unspecified,519,2026-08-05T17:31:25.1856301+09:00,2026-08-05T17:31:25.6856301+09:00,294.412984,294.912984,30,30,0.032847,0.039569,0.000005,0.000030,0.000008,0.005857,0
20260805_172630_772,1,Unspecified,520,2026-08-05T17:31:25.6856301+09:00,2026-08-05T17:31:26.1856301+09:00,294.912984,295.412984,30,30,0.025825,0.034562,0.000008,0.000015,-0.000007,0.004843,0
20260805_172630_772,1,Unspecified,521,2026-08-05T17:31:26.1856301+09:00,2026-08-05T17:31:26.6856301+09:00,295.412984,295.912984,30,30,0.026223,0.036255,0.000004,0.000002,0.000001,0.002549,0
20260805_172630_772,1,Unspecified,522,2026-08-05T17:31:26.6856301+09:00,2026-08-05T17:31:27.1856301+09:00,295.912984,296.412984,30,30,0.024605,0.048174,0.000005,0.000076,-0.000001,0.009010,0
20260805_172630_772,1,Unspecified,523,2026-08-05T17:31:27.1856301+09:00,2026-08-05T17:31:27.6856301+09:00,296.412984,296.912984,31,31,0.027600,0.052881,0.000012,0.000002,0.000002,0.003712,0
20260805_172630_772,1,Unspecified,524,2026-08-05T17:31:27.6856301+09:00,2026-08-05T17:31:28.1856301+09:00,296.912984,297.412984,29,29,0.018554,0.043906,0.000046,0.000236,0.000042,0.016773,0
20260805_172630_772,1,Unspecified,525,2026-08-05T17:31:28.1856301+09:00,2026-08-05T17:31:28.6856301+09:00,297.412984,297.912984,30,30,0.025894,0.039370,0.000090,0.000083,0.000085,0.013184,0
20260805_172630_772,1,Unspecified,526,2026-08-05T17:31:28.6856301+09:00,2026-08-05T17:31:29.1856301+09:00,297.912984,298.412984,30,30,0.028257,0.042408,0.000017,0.000005,0.000002,0.004700,0
20260805_172630_772,1,Unspecified,527,2026-08-05T17:31:29.1856301+09:00,2026-08-05T17:31:29.6856301+09:00,298.412984,298.912984,30,30,0.029454,0.047582,0.000070,0.000137,0.000009,0.014397,0
20260805_172630_772,1,Unspecified,528,2026-08-05T17:31:29.6856301+09:00,2026-08-05T17:31:30.1856301+09:00,298.912984,299.412984,30,30,0.043168,0.036232,0.000361,0.000684,-0.000298,0.032330,0
20260805_172630_772,1,Unspecified,529,2026-08-05T17:31:30.1856301+09:00,2026-08-05T17:31:30.6856301+09:00,299.412984,299.912984,30,30,0.034102,0.069883,0.000012,0.000094,0.000010,0.010265,0
20260805_172630_772,1,Unspecified,530,2026-08-05T17:31:30.6856301+09:00,2026-08-05T17:31:31.1856301+09:00,299.912984,300.412984,30,30,0.025253,0.062324,0.000004,0.000048,-0.000006,0.007172,0
20260805_172630_772,1,Unspecified,531,2026-08-05T17:31:31.1856301+09:00,2026-08-05T17:31:31.6856301+09:00,300.412984,300.912984,30,30,0.014281,0.045716,0.000156,0.000193,-0.000043,0.018676,0
20260805_172630_772,1,Unspecified,532,2026-08-05T17:31:31.6856301+09:00,2026-08-05T17:31:32.1856301+09:00,300.912984,301.412984,30,30,0.034846,0.050047,0.000173,0.000324,0.000228,0.022311,0
20260805_172630_772,1,Unspecified,533,2026-08-05T17:31:32.1856301+09:00,2026-08-05T17:31:32.6856301+09:00,301.412984,301.912984,30,30,0.031330,0.057692,0.000155,0.000094,0.000077,0.015789,0
20260805_172630_772,1,Unspecified,534,2026-08-05T17:31:32.6856301+09:00,2026-08-05T17:31:33.1856301+09:00,301.912984,302.412984,30,30,0.033937,0.060103,0.000022,0.000026,0.000021,0.006890,0
20260805_172630_772,1,Unspecified,535,2026-08-05T17:31:33.1856301+09:00,2026-08-05T17:31:33.6856301+09:00,302.412984,302.912984,30,30,0.030725,0.053402,0.000097,0.000113,0.000102,0.014475,0
20260805_172630_772,1,Unspecified,536,2026-08-05T17:31:33.6856301+09:00,2026-08-05T17:31:34.1856301+09:00,302.912984,303.412984,31,31,0.013915,0.033503,0.000003,0.000006,0.000002,0.003083,0
20260805_172630_772,1,Unspecified,537,2026-08-05T17:31:34.1856301+09:00,2026-08-05T17:31:34.6856301+09:00,303.412984,303.912984,30,30,0.023132,0.041834,0.000094,0.000093,0.000090,0.013650,0
20260805_172630_772,1,Unspecified,538,2026-08-05T17:31:34.6856301+09:00,2026-08-05T17:31:35.1856301+09:00,303.912984,304.412984,29,29,0.028435,0.052614,0.000025,0.000005,0.000004,0.005532,0
20260805_172630_772,1,Unspecified,539,2026-08-05T17:31:35.1856301+09:00,2026-08-05T17:31:35.6856301+09:00,304.412984,304.912984,30,30,0.027671,0.049328,0.000007,0.000092,-0.000014,0.009948,0
20260805_172630_772,1,Unspecified,540,2026-08-05T17:31:35.6856301+09:00,2026-08-05T17:31:36.1856301+09:00,304.912984,305.412984,30,30,0.029870,0.032891,0.000003,0.000013,0.000002,0.004045,0
20260805_172630_772,1,Unspecified,541,2026-08-05T17:31:36.1856301+09:00,2026-08-05T17:31:36.6856301+09:00,305.412984,305.912984,30,30,0.034284,0.043812,0.000035,0.000139,0.000065,0.013207,0
20260805_172630_772,1,Unspecified,542,2026-08-05T17:31:36.6856301+09:00,2026-08-05T17:31:37.1856301+09:00,305.912984,306.412984,30,30,0.024201,0.057455,0.000062,0.000011,0.000018,0.008567,0
20260805_172630_772,1,Unspecified,543,2026-08-05T17:31:37.1856301+09:00,2026-08-05T17:31:37.6856301+09:00,306.412984,306.912984,30,30,0.021932,0.052508,0.000005,0.000100,-0.000014,0.010249,0
20260805_172630_772,1,Unspecified,544,2026-08-05T17:31:37.6856301+09:00,2026-08-05T17:31:38.1856301+09:00,306.912984,307.412984,30,30,0.026097,0.036074,0.000002,0.000007,0.000001,0.002939,0
20260805_172630_772,1,Unspecified,545,2026-08-05T17:31:38.1856301+09:00,2026-08-05T17:31:38.6856301+09:00,307.412984,307.912984,30,30,0.025966,0.045610,0.000007,0.000283,0.000004,0.017050,0
20260805_172630_772,1,Unspecified,546,2026-08-05T17:31:38.6856301+09:00,2026-08-05T17:31:39.1856301+09:00,307.912984,308.412984,31,31,0.026960,0.063556,0.000004,0.000010,0.000000,0.003746,0
20260805_172630_772,1,Unspecified,547,2026-08-05T17:31:39.1856301+09:00,2026-08-05T17:31:39.6856301+09:00,308.412984,308.912984,30,30,0.024300,0.052683,0.000028,0.000050,0.000032,0.008811,0
20260805_172630_772,1,Unspecified,548,2026-08-05T17:31:39.6856301+09:00,2026-08-05T17:31:40.1856301+09:00,308.912984,309.412984,30,30,0.026377,0.048137,0.000093,0.000105,0.000073,0.014065,0
20260805_172630_772,1,Unspecified,549,2026-08-05T17:31:40.1856301+09:00,2026-08-05T17:31:40.6856301+09:00,309.412984,309.912984,30,30,0.027363,0.061032,0.000016,0.000052,0.000024,0.008239,0
20260805_172630_772,1,Unspecified,550,2026-08-05T17:31:40.6856301+09:00,2026-08-05T17:31:41.1856301+09:00,309.912984,310.412984,29,29,0.026203,0.052553,0.000001,0.000003,0.000000,0.002096,0
20260805_172630_772,1,Unspecified,551,2026-08-05T17:31:41.1856301+09:00,2026-08-05T17:31:41.6856301+09:00,310.412984,310.912984,30,30,0.025825,0.057512,0.000002,0.000008,-0.000001,0.003094,0
20260805_172630_772,1,Unspecified,552,2026-08-05T17:31:41.6856301+09:00,2026-08-05T17:31:42.1856301+09:00,310.912984,311.412984,30,30,0.035747,0.050879,0.000011,0.000035,-0.000009,0.006745,0
20260805_172630_772,1,Unspecified,553,2026-08-05T17:31:42.1856301+09:00,2026-08-05T17:31:42.6856301+09:00,311.412984,311.912984,30,30,0.037477,0.046263,0.000004,0.000008,-0.000003,0.003559,0
20260805_172630_772,1,Unspecified,554,2026-08-05T17:31:42.6856301+09:00,2026-08-05T17:31:43.1856301+09:00,311.912984,312.412984,30,30,0.041493,0.060393,0.000013,0.000021,0.000015,0.005890,0
20260805_172630_772,1,Unspecified,555,2026-08-05T17:31:43.1856301+09:00,2026-08-05T17:31:43.6856301+09:00,312.412984,312.912984,30,30,0.040569,0.058516,0.000029,0.000006,0.000009,0.005900,0
20260805_172630_772,1,Unspecified,556,2026-08-05T17:31:43.6856301+09:00,2026-08-05T17:31:44.1856301+09:00,312.912984,313.412984,30,30,0.032110,0.060942,0.000046,0.000010,-0.000003,0.007480,0
20260805_172630_772,1,Unspecified,557,2026-08-05T17:31:44.1856301+09:00,2026-08-05T17:31:44.6856301+09:00,313.412984,313.912984,30,30,0.046869,0.057587,0.000015,0.000005,0.000001,0.004452,0
20260805_172630_772,1,Unspecified,558,2026-08-05T17:31:44.6856301+09:00,2026-08-05T17:31:45.1856301+09:00,313.912984,314.412984,30,30,0.027632,0.056007,0.000004,0.000011,-0.000003,0.003901,0
20260805_172630_772,1,Unspecified,559,2026-08-05T17:31:45.1856301+09:00,2026-08-05T17:31:45.6856301+09:00,314.412984,314.912984,30,30,0.016531,0.056544,0.000064,0.000033,0.000042,0.009864,0
20260805_172630_772,1,Unspecified,560,2026-08-05T17:31:45.6856301+09:00,2026-08-05T17:31:46.1856301+09:00,314.912984,315.412984,31,31,0.033332,0.054072,0.000543,0.000127,0.000253,0.025876,0
20260805_172630_772,1,Unspecified,561,2026-08-05T17:31:46.1856301+09:00,2026-08-05T17:31:46.6856301+09:00,315.412984,315.912984,29,29,0.036126,0.060142,0.000118,0.000012,0.000002,0.011420,0
20260805_172630_772,1,Unspecified,562,2026-08-05T17:31:46.6856301+09:00,2026-08-05T17:31:47.1856301+09:00,315.912984,316.412984,30,30,0.024986,0.060701,0.000003,0.000011,0.000002,0.003693,0
20260805_172630_772,1,Unspecified,563,2026-08-05T17:31:47.1856301+09:00,2026-08-05T17:31:47.6856301+09:00,316.412984,316.912984,30,30,0.030395,0.060463,0.000031,0.000005,0.000001,0.005980,0
20260805_172630_772,1,Unspecified,564,2026-08-05T17:31:47.6856301+09:00,2026-08-05T17:31:48.1856301+09:00,316.912984,317.412984,30,30,0.028531,0.056345,0.000035,0.000007,0.000012,0.006529,0
20260805_172630_772,1,Unspecified,565,2026-08-05T17:31:48.1856301+09:00,2026-08-05T17:31:48.6856301+09:00,317.412984,317.912984,30,30,0.033568,0.064775,0.000073,0.000086,0.000075,0.012587,0
20260805_172630_772,1,Unspecified,566,2026-08-05T17:31:48.6856301+09:00,2026-08-05T17:31:49.1856301+09:00,317.912984,318.412984,30,30,0.032440,0.057768,0.000003,0.000007,0.000002,0.003154,0
20260805_172630_772,1,Unspecified,567,2026-08-05T17:31:49.1856301+09:00,2026-08-05T17:31:49.6856301+09:00,318.412984,318.912984,30,30,0.030912,0.061289,0.000004,0.000003,-0.000001,0.002721,0
20260805_172630_772,1,Unspecified,568,2026-08-05T17:31:49.6856301+09:00,2026-08-05T17:31:50.1856301+09:00,318.912984,319.412984,30,30,0.038255,0.059852,0.000032,0.000021,0.000014,0.007310,0
20260805_172630_772,1,Unspecified,569,2026-08-05T17:31:50.1856301+09:00,2026-08-05T17:31:50.6856301+09:00,319.412984,319.912984,30,30,0.032596,0.053610,0.000022,0.000070,0.000036,0.009618,0
20260805_172630_772,1,Unspecified,570,2026-08-05T17:31:50.6856301+09:00,2026-08-05T17:31:51.1856301+09:00,319.912984,320.412984,30,30,0.035287,0.064350,0.000005,0.000010,0.000000,0.003903,0
20260805_172630_772,1,Unspecified,571,2026-08-05T17:31:51.1856301+09:00,2026-08-05T17:31:51.6856301+09:00,320.412984,320.912984,30,30,0.028140,0.055108,0.000048,0.000040,0.000040,0.009431,0
20260805_172630_772,1,Unspecified,572,2026-08-05T17:31:51.6856301+09:00,2026-08-05T17:31:52.1856301+09:00,320.912984,321.412984,31,31,0.032008,0.055830,0.000037,0.000035,0.000028,0.008474,0
20260805_172630_772,1,Unspecified,573,2026-08-05T17:31:52.1856301+09:00,2026-08-05T17:31:52.6856301+09:00,321.412984,321.912984,29,29,0.024373,0.060988,0.000008,0.000008,0.000000,0.004047,0
20260805_172630_772,1,Unspecified,574,2026-08-05T17:31:52.6856301+09:00,2026-08-05T17:31:53.1856301+09:00,321.912984,322.412984,30,30,0.023292,0.056633,0.000003,0.000011,-0.000001,0.003665,0
20260805_172630_772,1,Unspecified,575,2026-08-05T17:31:53.1856301+09:00,2026-08-05T17:31:53.6856301+09:00,322.412984,322.912984,30,30,0.028341,0.057246,0.000024,0.000006,-0.000008,0.005461,0
20260805_172630_772,1,Unspecified,576,2026-08-05T17:31:53.6856301+09:00,2026-08-05T17:31:54.1856301+09:00,322.912984,323.412984,30,30,0.034011,0.056556,0.000045,0.000021,0.000028,0.008088,0
20260805_172630_772,1,Unspecified,577,2026-08-05T17:31:54.1856301+09:00,2026-08-05T17:31:54.6856301+09:00,323.412984,323.912984,30,30,0.031440,0.059059,0.000068,0.000045,0.000050,0.010621,0
20260805_172630_772,1,Unspecified,578,2026-08-05T17:31:54.6856301+09:00,2026-08-05T17:31:55.1856301+09:00,323.912984,324.412984,30,30,0.033574,0.068886,0.000047,0.000004,0.000001,0.007152,0
20260805_172630_772,1,Unspecified,579,2026-08-05T17:31:55.1856301+09:00,2026-08-05T17:31:55.6856301+09:00,324.412984,324.912984,30,30,0.028631,0.070709,0.000009,0.000005,-0.000001,0.003786,0
20260805_172630_772,1,Unspecified,580,2026-08-05T17:31:55.6856301+09:00,2026-08-05T17:31:56.1856301+09:00,324.912984,325.412984,30,30,0.025879,0.047775,0.000143,0.000573,0.000251,0.026757,0
20260805_172630_772,1,Unspecified,581,2026-08-05T17:31:56.1856301+09:00,2026-08-05T17:31:56.6856301+09:00,325.412984,325.912984,31,31,0.032051,0.065205,0.000024,0.000082,0.000032,0.010323,0
20260805_172630_772,1,Unspecified,582,2026-08-05T17:31:56.6856301+09:00,2026-08-05T17:31:57.1856301+09:00,325.912984,326.412984,29,29,0.035113,0.067668,0.000004,0.000007,0.000002,0.003274,0
20260805_172630_772,1,Unspecified,583,2026-08-05T17:31:57.1856301+09:00,2026-08-05T17:31:57.6856301+09:00,326.412984,326.912984,31,31,0.031484,0.070298,0.000043,0.000036,0.000035,0.008858,0
20260805_172630_772,1,Unspecified,584,2026-08-05T17:31:57.6856301+09:00,2026-08-05T17:31:58.1856301+09:00,326.912984,327.412984,30,30,0.024247,0.068174,0.000082,0.000035,0.000042,0.010838,0
20260805_172630_772,1,Unspecified,585,2026-08-05T17:31:58.1856301+09:00,2026-08-05T17:31:58.6856301+09:00,327.412984,327.912984,29,29,0.026636,0.071723,0.000061,0.000006,0.000005,0.008211,0
20260805_172630_772,1,Unspecified,586,2026-08-05T17:31:58.6856301+09:00,2026-08-05T17:31:59.1856301+09:00,327.912984,328.412984,30,30,0.015687,0.065342,0.000003,0.000005,0.000002,0.002851,0
20260805_172630_772,1,Unspecified,587,2026-08-05T17:31:59.1856301+09:00,2026-08-05T17:31:59.6856301+09:00,328.412984,328.912984,30,30,0.019866,0.067239,0.000002,0.000012,-0.000001,0.003660,0
20260805_172630_772,1,Unspecified,588,2026-08-05T17:31:59.6856301+09:00,2026-08-05T17:32:00.1856301+09:00,328.912984,329.412984,30,30,0.020672,0.059208,0.000016,0.000006,-0.000006,0.004624,0
20260805_172630_772,1,Unspecified,589,2026-08-05T17:32:00.1856301+09:00,2026-08-05T17:32:00.6856301+09:00,329.412984,329.912984,30,30,0.024506,0.058012,0.000003,0.000004,-0.000001,0.002790,0
20260805_172630_772,1,Unspecified,590,2026-08-05T17:32:00.6856301+09:00,2026-08-05T17:32:01.1856301+09:00,329.912984,330.412984,30,30,0.021196,0.062698,0.000014,0.000035,-0.000017,0.006973,0
20260805_172630_772,1,Unspecified,591,2026-08-05T17:32:01.1856301+09:00,2026-08-05T17:32:01.6856301+09:00,330.412984,330.912984,30,30,0.025272,0.067007,0.000062,0.000007,-0.000008,0.008297,0
20260805_172630_772,1,Unspecified,592,2026-08-05T17:32:01.6856301+09:00,2026-08-05T17:32:02.1856301+09:00,330.912984,331.412984,30,30,0.020938,0.043442,0.000090,0.000203,0.000120,0.017127,0
20260805_172630_772,1,Unspecified,593,2026-08-05T17:32:02.1856301+09:00,2026-08-05T17:32:02.6856301+09:00,331.412984,331.912984,31,31,0.025602,0.038589,0.000015,0.000003,0.000001,0.004308,0
20260805_172630_772,1,Unspecified,594,2026-08-05T17:32:02.6856301+09:00,2026-08-05T17:32:03.1856301+09:00,331.912984,332.412984,29,29,0.023125,0.061572,0.000005,0.000029,0.000005,0.005813,0
20260805_172630_772,1,Unspecified,595,2026-08-05T17:32:03.1856301+09:00,2026-08-05T17:32:03.6856301+09:00,332.412984,332.912984,31,31,0.019921,0.059922,0.000048,0.000052,0.000046,0.010003,0
20260805_172630_772,1,Unspecified,596,2026-08-05T17:32:03.6856301+09:00,2026-08-05T17:32:04.1856301+09:00,332.912984,333.412984,29,29,0.025379,0.055736,0.000112,0.000032,0.000053,0.011979,0
20260805_172630_772,1,Unspecified,597,2026-08-05T17:32:04.1856301+09:00,2026-08-05T17:32:04.6856301+09:00,333.412984,333.912984,30,30,0.028115,0.055216,0.000029,0.000010,-0.000003,0.006253,0
20260805_172630_772,1,Unspecified,598,2026-08-05T17:32:04.6856301+09:00,2026-08-05T17:32:05.1856301+09:00,333.912984,334.412984,30,30,0.013413,0.071630,0.000011,0.000024,-0.000010,0.005909,0
20260805_172630_772,1,Unspecified,599,2026-08-05T17:32:05.1856301+09:00,2026-08-05T17:32:05.6856301+09:00,334.412984,334.912984,30,30,0.016811,0.067221,0.000018,0.000064,-0.000027,0.009056,0
20260805_172630_772,1,Unspecified,600,2026-08-05T17:32:05.6856301+09:00,2026-08-05T17:32:06.1856301+09:00,334.912984,335.412984,30,30,0.020606,0.044161,0.000007,0.000045,0.000006,0.007190,0
20260805_172630_772,1,Unspecified,601,2026-08-05T17:32:06.1856301+09:00,2026-08-05T17:32:06.6856301+09:00,335.412984,335.912984,30,30,0.016479,0.070321,0.000025,0.000131,-0.000030,0.012471,0
20260805_172630_772,1,Unspecified,602,2026-08-05T17:32:06.6856301+09:00,2026-08-05T17:32:07.1856301+09:00,335.912984,336.412984,30,30,0.022329,0.074350,0.000024,0.000023,0.000019,0.006890,0
20260805_172630_772,1,Unspecified,603,2026-08-05T17:32:07.1856301+09:00,2026-08-05T17:32:07.6856301+09:00,336.412984,336.912984,30,30,0.023647,0.075047,0.000033,0.000028,0.000024,0.007788,0
20260805_172630_772,1,Unspecified,604,2026-08-05T17:32:07.6856301+09:00,2026-08-05T17:32:08.1856301+09:00,336.912984,337.412984,30,30,0.005293,0.054596,0.000005,0.000035,-0.000001,0.006286,0
20260805_172630_772,1,Unspecified,605,2026-08-05T17:32:08.1856301+09:00,2026-08-05T17:32:08.6856301+09:00,337.412984,337.912984,31,31,0.008832,0.047550,0.000104,0.000081,0.000079,0.013592,0
20260805_172630_772,1,Unspecified,606,2026-08-05T17:32:08.6856301+09:00,2026-08-05T17:32:09.1856301+09:00,337.912984,338.412984,29,29,0.022163,0.056845,0.000006,0.000002,0.000001,0.002765,0
20260805_172630_772,1,Unspecified,607,2026-08-05T17:32:09.1856301+09:00,2026-08-05T17:32:09.6856301+09:00,338.412984,338.912984,31,31,0.024999,0.054631,0.000004,0.000006,0.000002,0.003129,0
20260805_172630_772,1,Unspecified,608,2026-08-05T17:32:09.6856301+09:00,2026-08-05T17:32:10.1856301+09:00,338.912984,339.412984,29,29,0.018275,0.042377,0.000028,0.000056,0.000029,0.009187,0
20260805_172630_772,1,Unspecified,609,2026-08-05T17:32:10.1856301+09:00,2026-08-05T17:32:10.6856301+09:00,339.412984,339.912984,30,30,0.025923,0.039764,0.000016,0.000058,-0.000001,0.008560,0
20260805_172630_772,1,Unspecified,610,2026-08-05T17:32:10.6856301+09:00,2026-08-05T17:32:11.1856301+09:00,339.912984,340.412984,30,30,0.022550,0.063355,0.000009,0.000005,0.000003,0.003673,0
20260805_172630_772,1,Unspecified,611,2026-08-05T17:32:11.1856301+09:00,2026-08-05T17:32:11.6856301+09:00,340.412984,340.912984,30,30,0.021831,0.058984,0.000008,0.000014,-0.000006,0.004722,0
20260805_172630_772,1,Unspecified,612,2026-08-05T17:32:11.6856301+09:00,2026-08-05T17:32:12.1856301+09:00,340.912984,341.412984,30,30,0.027573,0.060799,0.000085,0.000016,0.000023,0.010057,0
20260805_172630_772,1,Unspecified,613,2026-08-05T17:32:12.1856301+09:00,2026-08-05T17:32:12.6856301+09:00,341.412984,341.912984,30,30,0.016481,0.060345,0.000013,0.000022,0.000011,0.005926,0
20260805_172630_772,1,Unspecified,614,2026-08-05T17:32:12.6856301+09:00,2026-08-05T17:32:13.1856301+09:00,341.912984,342.412984,30,30,0.022073,0.065584,0.000003,0.000010,0.000001,0.003499,0
20260805_172630_772,1,Unspecified,615,2026-08-05T17:32:13.1856301+09:00,2026-08-05T17:32:13.6856301+09:00,342.412984,342.912984,30,30,0.025858,0.066062,0.000018,0.000054,-0.000022,0.008481,0
20260805_172630_772,1,Unspecified,616,2026-08-05T17:32:13.6856301+09:00,2026-08-05T17:32:14.1856301+09:00,342.912984,343.412984,30,30,0.028644,0.048583,0.000002,0.000003,0.000001,0.002332,0
20260805_172630_772,1,Unspecified,617,2026-08-05T17:32:14.1856301+09:00,2026-08-05T17:32:14.6856301+09:00,343.412984,343.912984,31,31,0.027682,0.060775,0.000012,0.000053,0.000009,0.008044,0
20260805_172630_772,1,Unspecified,618,2026-08-05T17:32:14.6856301+09:00,2026-08-05T17:32:15.1856301+09:00,343.912984,344.412984,29,29,0.031142,0.072372,0.000002,0.000008,0.000003,0.003196,0
20260805_172630_772,1,Unspecified,619,2026-08-05T17:32:15.1856301+09:00,2026-08-05T17:32:15.6856301+09:00,344.412984,344.912984,30,30,0.027613,0.066626,0.000027,0.000036,0.000028,0.007936,0
20260805_172630_772,1,Unspecified,620,2026-08-05T17:32:15.6856301+09:00,2026-08-05T17:32:16.1856301+09:00,344.912984,345.412984,30,30,0.027025,0.053468,0.000020,0.000064,-0.000002,0.009176,0
20260805_172630_772,1,Unspecified,621,2026-08-05T17:32:16.1856301+09:00,2026-08-05T17:32:16.6856301+09:00,345.412984,345.912984,30,30,0.021764,0.058564,0.000003,0.000131,-0.000005,0.011565,0
20260805_172630_772,1,Unspecified,622,2026-08-05T17:32:16.6856301+09:00,2026-08-05T17:32:17.1856301+09:00,345.912984,346.412984,30,30,0.022591,0.069065,0.000004,0.000008,-0.000001,0.003495,0
20260805_172630_772,1,Unspecified,623,2026-08-05T17:32:17.1856301+09:00,2026-08-05T17:32:17.6856301+09:00,346.412984,346.912984,30,30,0.023042,0.073132,0.000195,0.000078,-0.000051,0.016513,0
20260805_172630_772,1,Unspecified,624,2026-08-05T17:32:17.6856301+09:00,2026-08-05T17:32:18.1856301+09:00,346.912984,347.412984,30,30,0.024749,0.076181,0.000082,0.000256,-0.000121,0.018401,0
20260805_172630_772,1,Unspecified,625,2026-08-05T17:32:18.1856301+09:00,2026-08-05T17:32:18.6856301+09:00,347.412984,347.912984,30,30,0.035669,0.067691,0.000108,0.000038,-0.000060,0.012069,0
20260805_172630_772,1,Unspecified,626,2026-08-05T17:32:18.6856301+09:00,2026-08-05T17:32:19.1856301+09:00,347.912984,348.412984,30,30,0.036358,0.065611,0.000021,0.000013,-0.000009,0.005777,0
20260805_172630_772,1,Unspecified,627,2026-08-05T17:32:19.1856301+09:00,2026-08-05T17:32:19.6856301+09:00,348.412984,348.912984,30,30,0.023421,0.068496,0.000129,0.000124,0.000124,0.015913,0
20260805_172630_772,1,Unspecified,628,2026-08-05T17:32:19.6856301+09:00,2026-08-05T17:32:20.1856301+09:00,348.912984,349.412984,30,30,0.020929,0.052834,0.000093,0.000011,0.000020,0.010177,0
20260805_172630_772,1,Unspecified,629,2026-08-05T17:32:20.1856301+09:00,2026-08-05T17:32:20.6856301+09:00,349.412984,349.912984,30,30,0.033818,0.063437,0.000071,0.000065,0.000055,0.011680,0
20260805_172630_772,1,Unspecified,630,2026-08-05T17:32:20.6856301+09:00,2026-08-05T17:32:21.1856301+09:00,349.912984,350.412984,31,31,0.032314,0.066067,0.000009,0.000021,0.000009,0.005452,0
20260805_172630_772,1,Unspecified,631,2026-08-05T17:32:21.1856301+09:00,2026-08-05T17:32:21.6856301+09:00,350.412984,350.912984,29,29,0.027586,0.053573,0.000037,0.000060,0.000043,0.009867,0
20260805_172630_772,1,Unspecified,632,2026-08-05T17:32:21.6856301+09:00,2026-08-05T17:32:22.1856301+09:00,350.912984,351.412984,30,30,0.018273,0.048242,0.000012,0.000020,-0.000012,0.005718,0
20260805_172630_772,1,Unspecified,633,2026-08-05T17:32:22.1856301+09:00,2026-08-05T17:32:22.6856301+09:00,351.412984,351.912984,30,30,0.021931,0.057031,0.000019,0.000014,0.000010,0.005748,0
20260805_172630_772,1,Unspecified,634,2026-08-05T17:32:22.6856301+09:00,2026-08-05T17:32:23.1856301+09:00,351.912984,352.412984,30,30,0.021940,0.058587,0.000004,0.000002,0.000001,0.002554,0
20260805_172630_772,1,Unspecified,635,2026-08-05T17:32:23.1856301+09:00,2026-08-05T17:32:23.6856301+09:00,352.412984,352.912984,30,30,0.020761,0.051491,0.000005,0.000060,0.000005,0.008024,0
20260805_172630_772,1,Unspecified,636,2026-08-05T17:32:23.6856301+09:00,2026-08-05T17:32:24.1856301+09:00,352.912984,353.412984,30,30,0.024740,0.036254,0.000015,0.000011,-0.000007,0.005128,0
20260805_172630_772,1,Unspecified,637,2026-08-05T17:32:24.1856301+09:00,2026-08-05T17:32:24.6856301+09:00,353.412984,353.912984,30,30,0.028121,0.044916,0.000009,0.000008,-0.000004,0.004086,0
20260805_172630_772,1,Unspecified,638,2026-08-05T17:32:24.6856301+09:00,2026-08-05T17:32:25.1856301+09:00,353.912984,354.412984,30,30,0.026438,0.052550,0.000020,0.000025,0.000020,0.006745,0
20260805_172630_772,1,Unspecified,639,2026-08-05T17:32:25.1856301+09:00,2026-08-05T17:32:25.6856301+09:00,354.412984,354.912984,30,30,0.028272,0.054652,0.000029,0.000007,0.000009,0.006038,0
20260805_172630_772,1,Unspecified,640,2026-08-05T17:32:25.6856301+09:00,2026-08-05T17:32:26.1856301+09:00,354.912984,355.412984,30,30,0.023923,0.050832,0.000043,0.000065,0.000048,0.010378,0
20260805_172630_772,1,Unspecified,641,2026-08-05T17:32:26.1856301+09:00,2026-08-05T17:32:26.6856301+09:00,355.412984,355.912984,31,31,0.023874,0.052345,0.000028,0.000087,0.000046,0.010712,0
20260805_172630_772,1,Unspecified,642,2026-08-05T17:32:26.6856301+09:00,2026-08-05T17:32:27.1856301+09:00,355.912984,356.412984,30,30,0.024294,0.059130,0.000006,0.000021,0.000001,0.005251,0
20260805_172630_772,1,Unspecified,643,2026-08-05T17:32:27.1856301+09:00,2026-08-05T17:32:27.6856301+09:00,356.412984,356.912984,29,29,0.027471,0.055594,0.000006,0.000004,0.000000,0.003091,0
20260805_172630_772,1,Unspecified,644,2026-08-05T17:32:27.6856301+09:00,2026-08-05T17:32:28.1856301+09:00,356.912984,357.412984,30,30,0.025862,0.054172,0.000007,0.000008,0.000001,0.003922,0
20260805_172630_772,1,Unspecified,645,2026-08-05T17:32:28.1856301+09:00,2026-08-05T17:32:28.6856301+09:00,357.412984,357.912984,30,30,0.026967,0.050993,0.000077,0.000106,-0.000020,0.013550,0
20260805_172630_772,1,Unspecified,646,2026-08-05T17:32:28.6856301+09:00,2026-08-05T17:32:29.1856301+09:00,357.912984,358.412984,30,30,0.021457,0.052251,0.000007,0.000002,0.000000,0.003037,0
20260805_172630_772,1,Unspecified,647,2026-08-05T17:32:29.1856301+09:00,2026-08-05T17:32:29.6856301+09:00,358.412984,358.912984,30,30,0.021506,0.053993,0.000003,0.000009,-0.000002,0.003468,0
20260805_172630_772,1,Unspecified,648,2026-08-05T17:32:29.6856301+09:00,2026-08-05T17:32:30.1856301+09:00,358.912984,359.412984,30,30,0.028088,0.048317,0.000021,0.000027,0.000018,0.006972,0
20260805_172630_772,1,Unspecified,649,2026-08-05T17:32:30.1856301+09:00,2026-08-05T17:32:30.6856301+09:00,359.412984,359.912984,30,30,0.021128,0.040998,0.000003,0.000005,0.000001,0.002824,0
20260805_172630_772,1,Unspecified,650,2026-08-05T17:32:30.6856301+09:00,2026-08-05T17:32:31.1856301+09:00,359.912984,360.412984,30,30,0.021847,0.050476,0.000002,0.000009,-0.000001,0.003395,0
20260805_172630_772,1,Unspecified,651,2026-08-05T17:32:31.1856301+09:00,2026-08-05T17:32:31.6856301+09:00,360.412984,360.912984,30,30,0.025647,0.058045,0.000028,0.000009,0.000006,0.006119,0
20260805_172630_772,1,Unspecified,652,2026-08-05T17:32:31.6856301+09:00,2026-08-05T17:32:32.1856301+09:00,360.912984,361.412984,30,30,0.024396,0.059504,0.000126,0.000028,0.000055,0.012391,0
20260805_172630_772,1,Unspecified,653,2026-08-05T17:32:32.1856301+09:00,2026-08-05T17:32:32.6856301+09:00,361.412984,361.912984,31,31,0.020842,0.052593,0.000047,0.000011,0.000008,0.007650,0
20260805_172630_772,1,Unspecified,654,2026-08-05T17:32:32.6856301+09:00,2026-08-05T17:32:33.1856301+09:00,361.912984,362.412984,29,29,0.028476,0.053342,0.000003,0.000011,0.000000,0.003724,0
20260805_172630_772,1,Unspecified,655,2026-08-05T17:32:33.1856301+09:00,2026-08-05T17:32:33.6856301+09:00,362.412984,362.912984,30,30,0.028932,0.054273,0.000004,0.000012,0.000004,0.004015,0
20260805_172630_772,1,Unspecified,656,2026-08-05T17:32:33.6856301+09:00,2026-08-05T17:32:34.1856301+09:00,362.912984,363.412984,30,30,0.020724,0.053357,0.000058,0.000043,0.000045,0.010049,0
20260805_172630_772,1,Unspecified,657,2026-08-05T17:32:34.1856301+09:00,2026-08-05T17:32:34.6856301+09:00,363.412984,363.912984,30,30,0.028582,0.053128,0.000052,0.000030,0.000024,0.009052,0
20260805_172630_772,1,Unspecified,658,2026-08-05T17:32:34.6856301+09:00,2026-08-05T17:32:35.1856301+09:00,363.912984,364.412984,30,30,0.028487,0.056964,0.000006,0.000019,0.000004,0.004952,0
20260805_172630_772,1,Unspecified,659,2026-08-05T17:32:35.1856301+09:00,2026-08-05T17:32:35.6856301+09:00,364.412984,364.912984,30,30,0.031649,0.048938,0.000008,0.000021,-0.000005,0.005346,0
20260805_172630_772,1,Unspecified,660,2026-08-05T17:32:35.6856301+09:00,2026-08-05T17:32:36.1856301+09:00,364.912984,365.412984,30,30,0.034122,0.046968,0.000003,0.000013,-0.000003,0.003981,0
20260805_172630_772,1,Unspecified,661,2026-08-05T17:32:36.1856301+09:00,2026-08-05T17:32:36.6856301+09:00,365.412984,365.912984,30,30,0.034642,0.054325,0.000006,0.000033,0.000007,0.006238,0
20260805_172630_772,1,Unspecified,662,2026-08-05T17:32:36.6856301+09:00,2026-08-05T17:32:37.1856301+09:00,365.912984,366.412984,30,30,0.028166,0.058317,0.000018,0.000005,-0.000002,0.004782,0
20260805_172630_772,1,Unspecified,663,2026-08-05T17:32:37.1856301+09:00,2026-08-05T17:32:37.6856301+09:00,366.412984,366.912984,30,30,0.029561,0.060263,0.000018,0.000004,0.000000,0.004669,0
20260805_172630_772,1,Unspecified,664,2026-08-05T17:32:37.6856301+09:00,2026-08-05T17:32:38.1856301+09:00,366.912984,367.412984,30,30,0.034252,0.065645,0.000006,0.000014,0.000000,0.004505,0
20260805_172630_772,1,Unspecified,665,2026-08-05T17:32:38.1856301+09:00,2026-08-05T17:32:38.6856301+09:00,367.412984,367.912984,31,31,0.033722,0.068804,0.000027,0.000012,0.000000,0.006236,0
20260805_172630_772,1,Unspecified,666,2026-08-05T17:32:38.6856301+09:00,2026-08-05T17:32:39.1856301+09:00,367.912984,368.412984,29,29,0.031726,0.067275,0.000027,0.000002,0.000001,0.005341,0
20260805_172630_772,1,Unspecified,667,2026-08-05T17:32:39.1856301+09:00,2026-08-05T17:32:39.6856301+09:00,368.412984,368.912984,30,30,0.027938,0.061085,0.000017,0.000037,0.000020,0.007389,0
20260805_172630_772,1,Unspecified,668,2026-08-05T17:32:39.6856301+09:00,2026-08-05T17:32:40.1856301+09:00,368.912984,369.412984,30,30,0.038578,0.062237,0.000087,0.000041,0.000044,0.011295,0
20260805_172630_772,1,Unspecified,669,2026-08-05T17:32:40.1856301+09:00,2026-08-05T17:32:40.6856301+09:00,369.412984,369.912984,30,30,0.022357,0.061933,0.000040,0.000004,0.000001,0.006623,0
20260805_172630_772,1,Unspecified,670,2026-08-05T17:32:40.6856301+09:00,2026-08-05T17:32:41.1856301+09:00,369.912984,370.412984,30,30,0.027449,0.060966,0.000008,0.000006,0.000000,0.003765,0
20260805_172630_772,1,Unspecified,671,2026-08-05T17:32:41.1856301+09:00,2026-08-05T17:32:41.6856301+09:00,370.412984,370.912984,30,30,0.025374,0.055936,0.000020,0.000052,0.000029,0.008489,0
20260805_172630_772,1,Unspecified,672,2026-08-05T17:32:41.6856301+09:00,2026-08-05T17:32:42.1856301+09:00,370.912984,371.412984,30,30,0.023592,0.049595,0.000006,0.000007,0.000001,0.003592,0
20260805_172630_772,1,Unspecified,673,2026-08-05T17:32:42.1856301+09:00,2026-08-05T17:32:42.6856301+09:00,371.412984,371.912984,30,30,0.030392,0.056740,0.000010,0.000088,0.000024,0.009918,0
20260805_172630_772,1,Unspecified,674,2026-08-05T17:32:42.6856301+09:00,2026-08-05T17:32:43.1856301+09:00,371.912984,372.412984,30,30,0.030552,0.071250,0.000007,0.000011,0.000001,0.004188,0
20260805_172630_772,1,Unspecified,675,2026-08-05T17:32:43.1856301+09:00,2026-08-05T17:32:43.6856301+09:00,372.412984,372.912984,30,30,0.027769,0.065657,0.000031,0.000024,0.000021,0.007415,0
20260805_172630_772,1,Unspecified,676,2026-08-05T17:32:43.6856301+09:00,2026-08-05T17:32:44.1856301+09:00,372.912984,373.412984,30,30,0.043182,0.062923,0.000012,0.000066,-0.000025,0.008812,0
20260805_172630_772,1,Unspecified,677,2026-08-05T17:32:44.1856301+09:00,2026-08-05T17:32:44.6856301+09:00,373.412984,373.912984,30,30,0.029051,0.067428,0.000008,0.000020,-0.000005,0.005285,0
20260805_172630_772,1,Unspecified,678,2026-08-05T17:32:44.6856301+09:00,2026-08-05T17:32:45.1856301+09:00,373.912984,374.412984,30,30,0.029084,0.063611,0.000003,0.000011,-0.000001,0.003754,0
20260805_172630_772,1,Unspecified,679,2026-08-05T17:32:45.1856301+09:00,2026-08-05T17:32:45.6856301+09:00,374.412984,374.912984,30,30,0.027411,0.060582,0.000008,0.000038,0.000014,0.006727,0
20260805_172630_772,1,Unspecified,680,2026-08-05T17:32:45.6856301+09:00,2026-08-05T17:32:46.1856301+09:00,374.912984,375.412984,30,30,0.022984,0.052704,0.000007,0.000007,0.000005,0.003756,0
20260805_172630_772,1,Unspecified,681,2026-08-05T17:32:46.1856301+09:00,2026-08-05T17:32:46.6856301+09:00,375.412984,375.912984,30,30,0.027204,0.057099,0.000033,0.000068,0.000044,0.010058,0
20260805_172630_772,1,Unspecified,682,2026-08-05T17:32:46.6856301+09:00,2026-08-05T17:32:47.1856301+09:00,375.912984,376.412984,30,30,0.027711,0.059852,0.000006,0.000008,-0.000002,0.003662,0
20260805_172630_772,1,Unspecified,683,2026-08-05T17:32:47.1856301+09:00,2026-08-05T17:32:47.6856301+09:00,376.412984,376.912984,30,30,0.026316,0.061122,0.000009,0.000027,0.000012,0.005997,0
20260805_172630_772,1,Unspecified,684,2026-08-05T17:32:47.6856301+09:00,2026-08-05T17:32:48.1856301+09:00,376.912984,377.412984,30,30,0.028579,0.056600,0.000007,0.000021,0.000010,0.005320,0
20260805_172630_772,1,Unspecified,685,2026-08-05T17:32:48.1856301+09:00,2026-08-05T17:32:48.6856301+09:00,377.412984,377.912984,30,30,0.028120,0.060128,0.000011,0.000005,0.000003,0.003938,0
20260805_172630_772,1,Unspecified,686,2026-08-05T17:32:48.6856301+09:00,2026-08-05T17:32:49.1856301+09:00,377.912984,378.412984,30,30,0.025768,0.061945,0.000004,0.000007,0.000001,0.003186,0
20260805_172630_772,1,Unspecified,687,2026-08-05T17:32:49.1856301+09:00,2026-08-05T17:32:49.6856301+09:00,378.412984,378.912984,30,30,0.029800,0.069143,0.000068,0.000014,0.000003,0.009044,0
20260805_172630_772,1,Unspecified,688,2026-08-05T17:32:49.6856301+09:00,2026-08-05T17:32:50.1856301+09:00,378.912984,379.412984,30,30,0.040043,0.068093,0.000077,0.000042,-0.000048,0.010910,0
20260805_172630_772,1,Unspecified,689,2026-08-05T17:32:50.1856301+09:00,2026-08-05T17:32:50.6856301+09:00,379.412984,379.912984,30,30,0.030048,0.069829,0.000006,0.000017,-0.000001,0.004766,0
20260805_172630_772,1,Unspecified,690,2026-08-05T17:32:50.6856301+09:00,2026-08-05T17:32:51.1856301+09:00,379.912984,380.412984,30,30,0.033003,0.063736,0.000006,0.000005,0.000002,0.003331,0
20260805_172630_772,1,Unspecified,691,2026-08-05T17:32:51.1856301+09:00,2026-08-05T17:32:51.6856301+09:00,380.412984,380.912984,30,30,0.025000,0.057140,0.000044,0.000060,0.000049,0.010161,0
20260805_172630_772,1,Unspecified,692,2026-08-05T17:32:51.6856301+09:00,2026-08-05T17:32:52.1856301+09:00,380.912984,381.412984,30,30,0.028017,0.054448,0.000045,0.000021,0.000024,0.008104,0
20260805_172630_772,1,Unspecified,693,2026-08-05T17:32:52.1856301+09:00,2026-08-05T17:32:52.6856301+09:00,381.412984,381.912984,30,30,0.021574,0.050954,0.000004,0.000003,0.000000,0.002702,0
20260805_172630_772,1,Unspecified,694,2026-08-05T17:32:52.6856301+09:00,2026-08-05T17:32:53.1856301+09:00,381.912984,382.412984,30,30,0.022777,0.054883,0.000008,0.000015,-0.000004,0.004750,0
20260805_172630_772,1,Unspecified,695,2026-08-05T17:32:53.1856301+09:00,2026-08-05T17:32:53.6856301+09:00,382.412984,382.912984,30,30,0.028640,0.053334,0.000026,0.000017,-0.000013,0.006587,0
20260805_172630_772,1,Unspecified,696,2026-08-05T17:32:53.6856301+09:00,2026-08-05T17:32:54.1856301+09:00,382.912984,383.412984,30,30,0.037629,0.055496,0.000006,0.000010,-0.000001,0.004075,0
20260805_172630_772,1,Unspecified,697,2026-08-05T17:32:54.1856301+09:00,2026-08-05T17:32:54.6856301+09:00,383.412984,383.912984,30,30,0.029817,0.057600,0.000052,0.000010,0.000017,0.007923,0
20260805_172630_772,1,Unspecified,698,2026-08-05T17:32:54.6856301+09:00,2026-08-05T17:32:55.1856301+09:00,383.912984,384.412984,30,30,0.024170,0.054225,0.000006,0.000008,0.000003,0.003846,0
20260805_172630_772,1,Unspecified,699,2026-08-05T17:32:55.1856301+09:00,2026-08-05T17:32:55.6856301+09:00,384.412984,384.912984,30,30,0.021684,0.054161,0.000025,0.000016,0.000012,0.006388,0
20260805_172630_772,1,Unspecified,700,2026-08-05T17:32:55.6856301+09:00,2026-08-05T17:32:56.1856301+09:00,384.912984,385.412984,31,31,0.017899,0.053526,0.000008,0.000008,0.000001,0.003929,0
20260805_172630_772,1,Unspecified,701,2026-08-05T17:32:56.1856301+09:00,2026-08-05T17:32:56.6856301+09:00,385.412984,385.912984,29,29,0.032805,0.063677,0.000004,0.000009,0.000002,0.003622,0
20260805_172630_772,1,Unspecified,702,2026-08-05T17:32:56.6856301+09:00,2026-08-05T17:32:57.1856301+09:00,385.912984,386.412984,30,30,0.031751,0.063415,0.000004,0.000004,0.000000,0.002816,0
20260805_172630_772,1,Unspecified,703,2026-08-05T17:32:57.1856301+09:00,2026-08-05T17:32:57.6856301+09:00,386.412984,386.912984,30,30,0.033408,0.066720,0.000004,0.000001,0.000000,0.002231,0
20260805_172630_772,1,Unspecified,704,2026-08-05T17:32:57.6856301+09:00,2026-08-05T17:32:58.1856301+09:00,386.912984,387.412984,30,30,0.037890,0.062223,0.000013,0.000032,-0.000002,0.006697,0
20260805_172630_772,1,Unspecified,705,2026-08-05T17:32:58.1856301+09:00,2026-08-05T17:32:58.6856301+09:00,387.412984,387.912984,30,30,0.040736,0.061425,0.000014,0.000196,0.000023,0.014468,0
20260805_172630_772,1,Unspecified,706,2026-08-05T17:32:58.6856301+09:00,2026-08-05T17:32:59.1856301+09:00,387.912984,388.412984,30,30,0.030141,0.054295,0.000005,0.000006,0.000001,0.003236,0
20260805_172630_772,1,Unspecified,707,2026-08-05T17:32:59.1856301+09:00,2026-08-05T17:32:59.6856301+09:00,388.412984,388.912984,30,30,0.023133,0.055407,0.000045,0.000008,-0.000006,0.007230,0
20260805_172630_772,1,Unspecified,708,2026-08-05T17:32:59.6856301+09:00,2026-08-05T17:33:00.1856301+09:00,388.912984,389.412984,30,30,0.037621,0.054158,0.000046,0.000019,0.000003,0.008079,0
20260805_172630_772,1,Unspecified,709,2026-08-05T17:33:00.1856301+09:00,2026-08-05T17:33:00.6856301+09:00,389.412984,389.912984,30,30,0.038960,0.067675,0.000009,0.000049,-0.000011,0.007644,0
20260805_172630_772,1,Unspecified,710,2026-08-05T17:33:00.6856301+09:00,2026-08-05T17:33:01.1856301+09:00,389.912984,390.412984,31,31,0.026374,0.063187,0.000005,0.000008,-0.000001,0.003625,0
20260805_172630_772,1,Unspecified,711,2026-08-05T17:33:01.1856301+09:00,2026-08-05T17:33:01.6856301+09:00,390.412984,390.912984,29,29,0.028278,0.057375,0.000008,0.000009,0.000002,0.004073,0
20260805_172630_772,1,Unspecified,712,2026-08-05T17:33:01.6856301+09:00,2026-08-05T17:33:02.1856301+09:00,390.912984,391.412984,30,30,0.021896,0.053762,0.000020,0.000004,0.000001,0.004930,0
20260805_172630_772,1,Unspecified,713,2026-08-05T17:33:02.1856301+09:00,2026-08-05T17:33:02.6856301+09:00,391.412984,391.912984,30,30,0.028902,0.054685,0.000097,0.000030,0.000045,0.011273,0
20260805_172630_772,1,Unspecified,714,2026-08-05T17:33:02.6856301+09:00,2026-08-05T17:33:03.1856301+09:00,391.912984,392.412984,30,30,0.022022,0.052173,0.000005,0.000007,0.000000,0.003484,0
20260805_172630_772,1,Unspecified,715,2026-08-05T17:33:03.1856301+09:00,2026-08-05T17:33:03.6856301+09:00,392.412984,392.912984,30,30,0.024391,0.056204,0.000006,0.000010,0.000004,0.003989,0
20260805_172630_772,1,Unspecified,716,2026-08-05T17:33:03.6856301+09:00,2026-08-05T17:33:04.1856301+09:00,392.912984,393.412984,30,30,0.023954,0.051729,0.000003,0.000007,0.000000,0.003295,0
20260805_172630_772,1,Unspecified,717,2026-08-05T17:33:04.1856301+09:00,2026-08-05T17:33:04.6856301+09:00,393.412984,393.912984,30,30,0.027292,0.055135,0.000002,0.000005,0.000000,0.002571,0
20260805_172630_772,1,Unspecified,718,2026-08-05T17:33:04.6856301+09:00,2026-08-05T17:33:05.1856301+09:00,393.912984,394.412984,30,30,0.026119,0.056770,0.000003,0.000003,0.000000,0.002417,0
20260805_172630_772,1,Unspecified,719,2026-08-05T17:33:05.1856301+09:00,2026-08-05T17:33:05.6856301+09:00,394.412984,394.912984,30,30,0.020617,0.051396,0.000027,0.000004,0.000004,0.005625,0
20260805_172630_772,1,Unspecified,720,2026-08-05T17:33:05.6856301+09:00,2026-08-05T17:33:06.1856301+09:00,394.912984,395.412984,30,30,0.040943,0.050792,0.000094,0.000004,0.000011,0.009899,0
20260805_172630_772,1,Unspecified,721,2026-08-05T17:33:06.1856301+09:00,2026-08-05T17:33:06.6856301+09:00,395.412984,395.912984,30,30,0.026073,0.048959,0.000069,0.000019,0.000011,0.009368,0
20260805_172630_772,1,Unspecified,722,2026-08-05T17:33:06.6856301+09:00,2026-08-05T17:33:07.1856301+09:00,395.912984,396.412984,30,30,0.031008,0.057116,0.000003,0.000026,0.000000,0.005349,0
20260805_172630_772,1,Unspecified,723,2026-08-05T17:33:07.1856301+09:00,2026-08-05T17:33:07.6856301+09:00,396.412984,396.912984,30,30,0.027567,0.058100,0.000065,0.000044,0.000052,0.010456,0
20260805_172630_772,1,Unspecified,724,2026-08-05T17:33:07.6856301+09:00,2026-08-05T17:33:08.1856301+09:00,396.912984,397.412984,30,30,0.022468,0.048758,0.000011,0.000010,0.000000,0.004531,0
20260805_172630_772,1,Unspecified,725,2026-08-05T17:33:08.1856301+09:00,2026-08-05T17:33:08.6856301+09:00,397.412984,397.912984,30,30,0.031694,0.070795,0.000017,0.000007,0.000005,0.004816,0
20260805_172630_772,1,Unspecified,726,2026-08-05T17:33:08.6856301+09:00,2026-08-05T17:33:09.1856301+09:00,397.912984,398.412984,30,30,0.028254,0.065621,0.000003,0.000008,-0.000002,0.003295,0
20260805_172630_772,1,Unspecified,727,2026-08-05T17:33:09.1856301+09:00,2026-08-05T17:33:09.6856301+09:00,398.412984,398.912984,30,30,0.028891,0.055726,0.000012,0.000045,0.000014,0.007544,0
20260805_172630_772,1,Unspecified,728,2026-08-05T17:33:09.6856301+09:00,2026-08-05T17:33:10.1856301+09:00,398.912984,399.412984,30,30,0.031028,0.046709,0.000133,0.000044,0.000069,0.013309,0
20260805_172630_772,1,Unspecified,729,2026-08-05T17:33:10.1856301+09:00,2026-08-05T17:33:10.6856301+09:00,399.412984,399.912984,30,30,0.042853,0.052685,0.000053,0.000013,-0.000011,0.008159,0
20260805_172630_772,1,Unspecified,730,2026-08-05T17:33:10.6856301+09:00,2026-08-05T17:33:11.1856301+09:00,399.912984,400.412984,30,30,0.021148,0.058944,0.000003,0.000006,0.000000,0.002971,0
20260805_172630_772,1,Unspecified,731,2026-08-05T17:33:11.1856301+09:00,2026-08-05T17:33:11.6856301+09:00,400.412984,400.912984,30,30,0.025187,0.056581,0.000007,0.000033,-0.000012,0.006347,0
20260805_172630_772,1,Unspecified,732,2026-08-05T17:33:11.6856301+09:00,2026-08-05T17:33:12.1856301+09:00,400.912984,401.412984,30,30,0.032639,0.059595,0.000021,0.000018,0.000014,0.006284,0
20260805_172630_772,1,Unspecified,733,2026-08-05T17:33:12.1856301+09:00,2026-08-05T17:33:12.6856301+09:00,401.412984,401.912984,30,30,0.024280,0.059825,0.000053,0.000008,0.000013,0.007778,0
20260805_172630_772,1,Unspecified,734,2026-08-05T17:33:12.6856301+09:00,2026-08-05T17:33:13.1856301+09:00,401.912984,402.412984,30,30,0.026596,0.060276,0.000006,0.000004,0.000003,0.003155,0
20260805_172630_772,1,Unspecified,735,2026-08-05T17:33:13.1856301+09:00,2026-08-05T17:33:13.6856301+09:00,402.412984,402.912984,31,31,0.027596,0.058166,0.000016,0.000009,0.000008,0.005009,0
20260805_172630_772,1,Unspecified,736,2026-08-05T17:33:13.6856301+09:00,2026-08-05T17:33:14.1856301+09:00,402.912984,403.412984,29,29,0.032777,0.064036,0.000645,0.000339,0.000448,0.031356,0
20260805_172630_772,1,Unspecified,737,2026-08-05T17:33:14.1856301+09:00,2026-08-05T17:33:14.6856301+09:00,403.412984,403.912984,30,30,0.051025,0.068982,0.000293,0.000210,0.000232,0.022430,0
20260805_172630_772,1,Unspecified,738,2026-08-05T17:33:14.6856301+09:00,2026-08-05T17:33:15.1856301+09:00,403.912984,404.412984,30,30,0.025953,0.056150,0.000007,0.000003,0.000000,0.003243,0
20260805_172630_772,1,Unspecified,739,2026-08-05T17:33:15.1856301+09:00,2026-08-05T17:33:15.6856301+09:00,404.412984,404.912984,30,30,0.027040,0.056207,0.000025,0.000009,0.000001,0.005830,0
20260805_172630_772,1,Unspecified,740,2026-08-05T17:33:15.6856301+09:00,2026-08-05T17:33:16.1856301+09:00,404.912984,405.412984,30,30,0.017508,0.046906,0.000061,0.000045,-0.000040,0.010304,0
20260805_172630_772,1,Unspecified,741,2026-08-05T17:33:16.1856301+09:00,2026-08-05T17:33:16.6856301+09:00,405.412984,405.912984,30,30,0.023026,0.043341,0.000004,0.000003,-0.000001,0.002615,0
20260805_172630_772,1,Unspecified,742,2026-08-05T17:33:16.6856301+09:00,2026-08-05T17:33:17.1856301+09:00,405.912984,406.412984,30,30,0.028435,0.061567,0.000009,0.000067,0.000016,0.008728,0
20260805_172630_772,1,Unspecified,743,2026-08-05T17:33:17.1856301+09:00,2026-08-05T17:33:17.6856301+09:00,406.412984,406.912984,30,30,0.025147,0.059321,0.000038,0.000016,0.000019,0.007317,0
20260805_172630_772,1,Unspecified,744,2026-08-05T17:33:17.6856301+09:00,2026-08-05T17:33:18.1856301+09:00,406.912984,407.412984,31,31,0.034094,0.060760,0.000086,0.000008,0.000021,0.009671,0
20260805_172630_772,1,Unspecified,745,2026-08-05T17:33:18.1856301+09:00,2026-08-05T17:33:18.6856301+09:00,407.412984,407.912984,30,30,0.036754,0.058885,0.000024,0.000005,0.000007,0.005386,0
20260805_172630_772,1,Unspecified,746,2026-08-05T17:33:18.6856301+09:00,2026-08-05T17:33:19.1856301+09:00,407.912984,408.412984,29,29,0.026116,0.059430,0.000038,0.000030,0.000024,0.008221,0
20260805_172630_772,1,Unspecified,747,2026-08-05T17:33:19.1856301+09:00,2026-08-05T17:33:19.6856301+09:00,408.412984,408.912984,30,30,0.031739,0.074183,0.000003,0.000016,0.000001,0.004342,0
20260805_172630_772,1,Unspecified,748,2026-08-05T17:33:19.6856301+09:00,2026-08-05T17:33:20.1856301+09:00,408.912984,409.412984,30,30,0.038202,0.074676,0.000055,0.000015,-0.000023,0.008416,0
20260805_172630_772,1,Unspecified,749,2026-08-05T17:33:20.1856301+09:00,2026-08-05T17:33:20.6856301+09:00,409.412984,409.912984,30,30,0.034908,0.073403,0.000015,0.000010,-0.000005,0.005083,0
20260805_172630_772,1,Unspecified,750,2026-08-05T17:33:20.6856301+09:00,2026-08-05T17:33:21.1856301+09:00,409.912984,410.412984,30,30,0.041885,0.071781,0.000001,0.000008,0.000000,0.003078,0
20260805_172630_772,1,Unspecified,751,2026-08-05T17:33:21.1856301+09:00,2026-08-05T17:33:21.6856301+09:00,410.412984,410.912984,30,30,0.031207,0.066116,0.000079,0.000026,0.000038,0.010281,0
20260805_172630_772,1,Unspecified,752,2026-08-05T17:33:21.6856301+09:00,2026-08-05T17:33:22.1856301+09:00,410.912984,411.412984,30,30,0.034601,0.057121,0.000895,0.002900,0.001355,0.061604,0
20260805_172630_772,1,Unspecified,753,2026-08-05T17:33:22.1856301+09:00,2026-08-05T17:33:22.6856301+09:00,411.412984,411.912984,30,30,0.032137,0.077368,0.000019,0.000029,0.000006,0.006899,0
20260805_172630_772,1,Unspecified,754,2026-08-05T17:33:22.6856301+09:00,2026-08-05T17:33:23.1856301+09:00,411.912984,412.412984,30,30,0.031550,0.071897,0.000006,0.000005,-0.000003,0.003289,0
20260805_172630_772,1,Unspecified,755,2026-08-05T17:33:23.1856301+09:00,2026-08-05T17:33:23.6856301+09:00,412.412984,412.912984,30,30,0.031444,0.071453,0.000006,0.000012,0.000003,0.004209,0
20260805_172630_772,1,Unspecified,756,2026-08-05T17:33:23.6856301+09:00,2026-08-05T17:33:24.1856301+09:00,412.912984,413.412984,31,31,0.040021,0.064519,0.000006,0.000018,0.000007,0.004889,0
20260805_172630_772,1,Unspecified,757,2026-08-05T17:33:24.1856301+09:00,2026-08-05T17:33:24.6856301+09:00,413.412984,413.912984,29,29,0.039963,0.071505,0.000014,0.000003,-0.000002,0.004102,0
20260805_172630_772,1,Unspecified,758,2026-08-05T17:33:24.6856301+09:00,2026-08-05T17:33:25.1856301+09:00,413.912984,414.412984,31,31,0.034106,0.071622,0.000001,0.000011,-0.000001,0.003536,0
20260805_172630_772,1,Unspecified,759,2026-08-05T17:33:25.1856301+09:00,2026-08-05T17:33:25.6856301+09:00,414.412984,414.912984,29,29,0.033439,0.071430,0.000011,0.000025,0.000013,0.005974,0
20260805_172630_772,1,Unspecified,760,2026-08-05T17:33:25.6856301+09:00,2026-08-05T17:33:26.1856301+09:00,414.912984,415.412984,30,30,0.022040,0.061332,0.000002,0.000004,0.000000,0.002450,0
20260805_172630_772,1,Unspecified,761,2026-08-05T17:33:26.1856301+09:00,2026-08-05T17:33:26.6856301+09:00,415.412984,415.912984,30,30,0.037688,0.059057,0.000030,0.000010,0.000002,0.006313,0
20260805_172630_772,1,Unspecified,762,2026-08-05T17:33:26.6856301+09:00,2026-08-05T17:33:27.1856301+09:00,415.912984,416.412984,30,30,0.031824,0.067511,0.000013,0.000006,0.000000,0.004322,0
20260805_172630_772,1,Unspecified,763,2026-08-05T17:33:27.1856301+09:00,2026-08-05T17:33:27.6856301+09:00,416.412984,416.912984,30,30,0.026536,0.066554,0.000014,0.000019,0.000014,0.005696,0
20260805_172630_772,1,Unspecified,764,2026-08-05T17:33:27.6856301+09:00,2026-08-05T17:33:28.1856301+09:00,416.912984,417.412984,30,30,0.021681,0.055520,0.000002,0.000006,0.000000,0.002814,0
20260805_172630_772,1,Unspecified,765,2026-08-05T17:33:28.1856301+09:00,2026-08-05T17:33:28.6856301+09:00,417.412984,417.912984,30,30,0.026947,0.062211,0.000039,0.000018,0.000022,0.007558,0
20260805_172630_772,1,Unspecified,766,2026-08-05T17:33:28.6856301+09:00,2026-08-05T17:33:29.1856301+09:00,417.912984,418.412984,30,30,0.032798,0.070441,0.000007,0.000010,-0.000001,0.004038,0
20260805_172630_772,1,Unspecified,767,2026-08-05T17:33:29.1856301+09:00,2026-08-05T17:33:29.6856301+09:00,418.412984,418.912984,30,30,0.034911,0.063628,0.000007,0.000084,0.000012,0.009547,0
20260805_172630_772,1,Unspecified,768,2026-08-05T17:33:29.6856301+09:00,2026-08-05T17:33:30.1856301+09:00,418.912984,419.412984,30,30,0.031481,0.056525,0.000003,0.000004,0.000000,0.002735,0
20260805_172630_772,1,Unspecified,769,2026-08-05T17:33:30.1856301+09:00,2026-08-05T17:33:30.6856301+09:00,419.412984,419.912984,30,30,0.030266,0.064331,0.000003,0.000037,0.000005,0.006292,0
20260805_172630_772,1,Unspecified,770,2026-08-05T17:33:30.6856301+09:00,2026-08-05T17:33:31.1856301+09:00,419.912984,420.412984,31,31,0.030571,0.067984,0.000003,0.000003,0.000000,0.002373,0
20260805_172630_772,1,Unspecified,771,2026-08-05T17:33:31.1856301+09:00,2026-08-05T17:33:31.6856301+09:00,420.412984,420.912984,29,29,0.028815,0.070659,0.000032,0.000026,0.000026,0.007616,0
20260805_172630_772,1,Unspecified,772,2026-08-05T17:33:31.6856301+09:00,2026-08-05T17:33:32.1856301+09:00,420.912984,421.412984,30,30,0.021139,0.063970,0.000037,0.000070,0.000046,0.010335,0
20260805_172630_772,1,Unspecified,773,2026-08-05T17:33:32.1856301+09:00,2026-08-05T17:33:32.6856301+09:00,421.412984,421.912984,30,30,0.029587,0.073606,0.000010,0.000005,0.000003,0.003855,0
20260805_172630_772,1,Unspecified,774,2026-08-05T17:33:32.6856301+09:00,2026-08-05T17:33:33.1856301+09:00,421.912984,422.412984,30,30,0.024946,0.071610,0.000018,0.000047,0.000026,0.008057,0
20260805_172630_772,1,Unspecified,775,2026-08-05T17:33:33.1856301+09:00,2026-08-05T17:33:33.6856301+09:00,422.412984,422.912984,30,30,0.030364,0.079699,0.000008,0.000023,0.000005,0.005498,0
20260805_172630_772,1,Unspecified,776,2026-08-05T17:33:33.6856301+09:00,2026-08-05T17:33:34.1856301+09:00,422.912984,423.412984,30,30,0.023476,0.064363,0.000005,0.000038,-0.000006,0.006601,0
20260805_172630_772,1,Unspecified,777,2026-08-05T17:33:34.1856301+09:00,2026-08-05T17:33:34.6856301+09:00,423.412984,423.912984,30,30,0.022458,0.056953,0.000005,0.000009,0.000000,0.003660,0
20260805_172630_772,1,Unspecified,778,2026-08-05T17:33:34.6856301+09:00,2026-08-05T17:33:35.1856301+09:00,423.912984,424.412984,30,30,0.028184,0.059080,0.000011,0.000013,0.000006,0.004967,0
20260805_172630_772,1,Unspecified,779,2026-08-05T17:33:35.1856301+09:00,2026-08-05T17:33:35.6856301+09:00,424.412984,424.912984,31,31,0.029327,0.064199,0.000018,0.000039,0.000022,0.007589,0
20260805_172630_772,1,Unspecified,780,2026-08-05T17:33:35.6856301+09:00,2026-08-05T17:33:36.1856301+09:00,424.912984,425.412984,29,29,0.030234,0.063099,0.000037,0.000015,0.000019,0.007229,0
20260805_172630_772,1,Unspecified,781,2026-08-05T17:33:36.1856301+09:00,2026-08-05T17:33:36.6856301+09:00,425.412984,425.912984,30,30,0.027893,0.064588,0.000049,0.000007,0.000010,0.007482,0
20260805_172630_772,1,Unspecified,782,2026-08-05T17:33:36.6856301+09:00,2026-08-05T17:33:37.1856301+09:00,425.912984,426.412984,30,30,0.023488,0.061102,0.000002,0.000002,0.000000,0.001982,0
20260805_172630_772,1,Unspecified,783,2026-08-05T17:33:37.1856301+09:00,2026-08-05T17:33:37.6856301+09:00,426.412984,426.912984,30,30,0.027386,0.047325,0.000037,0.000197,-0.000002,0.015306,0
20260805_172630_772,1,Unspecified,784,2026-08-05T17:33:37.6856301+09:00,2026-08-05T17:33:38.1856301+09:00,426.912984,427.412984,30,30,0.031466,0.044341,0.000041,0.000268,0.000097,0.017581,0
20260805_172630_772,1,Unspecified,785,2026-08-05T17:33:38.1856301+09:00,2026-08-05T17:33:38.6856301+09:00,427.412984,427.912984,30,30,0.033811,0.058283,0.000006,0.000006,-0.000001,0.003566,0
20260805_172630_772,1,Unspecified,786,2026-08-05T17:33:38.6856301+09:00,2026-08-05T17:33:39.1856301+09:00,427.912984,428.412984,30,30,0.029147,0.067329,0.000006,0.000002,-0.000001,0.002777,0
20260805_172630_772,1,Unspecified,787,2026-08-05T17:33:39.1856301+09:00,2026-08-05T17:33:39.6856301+09:00,428.412984,428.912984,30,30,0.031199,0.067140,0.000006,0.000009,0.000005,0.003847,0
20260805_172630_772,1,Unspecified,788,2026-08-05T17:33:39.6856301+09:00,2026-08-05T17:33:40.1856301+09:00,428.912984,429.412984,30,30,0.030804,0.061841,0.000121,0.000060,0.000077,0.013456,0
20260805_172630_772,1,Unspecified,789,2026-08-05T17:33:40.1856301+09:00,2026-08-05T17:33:40.6856301+09:00,429.412984,429.912984,30,30,0.031651,0.064002,0.000031,0.000020,0.000019,0.007173,0
20260805_172630_772,1,Unspecified,790,2026-08-05T17:33:40.6856301+09:00,2026-08-05T17:33:41.1856301+09:00,429.912984,430.412984,30,30,0.024280,0.062479,0.000003,0.000004,0.000002,0.002650,0
20260805_172630_772,1,Unspecified,791,2026-08-05T17:33:41.1856301+09:00,2026-08-05T17:33:41.6856301+09:00,430.412984,430.912984,30,30,0.023687,0.061024,0.000006,0.000005,0.000001,0.003385,0
20260805_172630_772,1,Unspecified,792,2026-08-05T17:33:41.6856301+09:00,2026-08-05T17:33:42.1856301+09:00,430.912984,431.412984,31,31,0.026673,0.059949,0.000020,0.000008,-0.000003,0.005263,0
20260805_172630_772,1,Unspecified,793,2026-08-05T17:33:42.1856301+09:00,2026-08-05T17:33:42.6856301+09:00,431.412984,431.912984,29,29,0.027154,0.058343,0.000007,0.000005,-0.000001,0.003381,0
20260805_172630_772,1,Unspecified,794,2026-08-05T17:33:42.6856301+09:00,2026-08-05T17:33:43.1856301+09:00,431.912984,432.412984,31,31,0.032634,0.065759,0.000023,0.000031,0.000020,0.007348,0
20260805_172630_772,1,Unspecified,795,2026-08-05T17:33:43.1856301+09:00,2026-08-05T17:33:43.6856301+09:00,432.412984,432.912984,29,29,0.027642,0.064114,0.000018,0.000025,0.000016,0.006545,0
20260805_172630_772,1,Unspecified,796,2026-08-05T17:33:43.6856301+09:00,2026-08-05T17:33:44.1856301+09:00,432.912984,433.412984,30,30,0.027696,0.060707,0.000023,0.000026,0.000008,0.007042,0
20260805_172630_772,1,Unspecified,797,2026-08-05T17:33:44.1856301+09:00,2026-08-05T17:33:44.6856301+09:00,433.412984,433.912984,30,30,0.027657,0.059657,0.000015,0.000028,0.000014,0.006524,0
20260805_172630_772,1,Unspecified,798,2026-08-05T17:33:44.6856301+09:00,2026-08-05T17:33:45.1856301+09:00,433.912984,434.412984,30,30,0.035962,0.069430,0.000006,0.000003,0.000000,0.003041,0
20260805_172630_772,1,Unspecified,799,2026-08-05T17:33:45.1856301+09:00,2026-08-05T17:33:45.6856301+09:00,434.412984,434.912984,30,30,0.030376,0.062368,0.000046,0.000030,0.000032,0.008725,0
20260805_172630_772,1,Unspecified,800,2026-08-05T17:33:45.6856301+09:00,2026-08-05T17:33:46.1856301+09:00,434.912984,435.412984,30,30,0.033325,0.051381,0.000029,0.000039,0.000000,0.008194,0
20260805_172630_772,1,Unspecified,801,2026-08-05T17:33:46.1856301+09:00,2026-08-05T17:33:46.6856301+09:00,435.412984,435.912984,30,30,0.030914,0.044635,0.000009,0.000005,0.000001,0.003772,0
20260805_172630_772,1,Unspecified,802,2026-08-05T17:33:46.6856301+09:00,2026-08-05T17:33:47.1856301+09:00,435.912984,436.412984,30,30,0.021827,0.048410,0.000007,0.000011,0.000002,0.004212,0
20260805_172630_772,1,Unspecified,803,2026-08-05T17:33:47.1856301+09:00,2026-08-05T17:33:47.6856301+09:00,436.412984,436.912984,30,30,0.026019,0.049493,0.000030,0.000028,-0.000025,0.007614,0
20260805_172630_772,1,Unspecified,804,2026-08-05T17:33:47.6856301+09:00,2026-08-05T17:33:48.1856301+09:00,436.912984,437.412984,30,30,0.034332,0.050791,0.000003,0.000007,0.000002,0.003233,0
20260805_172630_772,1,Unspecified,805,2026-08-05T17:33:48.1856301+09:00,2026-08-05T17:33:48.6856301+09:00,437.412984,437.912984,31,31,0.027674,0.046269,0.000017,0.000005,0.000005,0.004606,0
20260805_172630_772,1,Unspecified,806,2026-08-05T17:33:48.6856301+09:00,2026-08-05T17:33:49.1856301+09:00,437.912984,438.412984,29,29,0.029651,0.050117,0.000004,0.000006,-0.000002,0.003271,0
20260805_172630_772,1,Unspecified,807,2026-08-05T17:33:49.1856301+09:00,2026-08-05T17:33:49.6856301+09:00,438.412984,438.912984,30,30,0.027338,0.049941,0.000025,0.000016,-0.000006,0.006351,0
20260805_172630_772,1,Unspecified,808,2026-08-05T17:33:49.6856301+09:00,2026-08-05T17:33:50.1856301+09:00,438.912984,439.412984,30,30,0.027156,0.048877,0.000024,0.000009,-0.000009,0.005735,0
20260805_172630_772,1,Unspecified,809,2026-08-05T17:33:50.1856301+09:00,2026-08-05T17:33:50.6856301+09:00,439.412984,439.912984,30,30,0.026052,0.045795,0.000006,0.000004,-0.000001,0.003026,0
20260805_172630_772,1,Unspecified,810,2026-08-05T17:33:50.6856301+09:00,2026-08-05T17:33:51.1856301+09:00,439.912984,440.412984,30,30,0.022924,0.046614,0.000006,0.000006,0.000003,0.003398,0
20260805_172630_772,1,Unspecified,811,2026-08-05T17:33:51.1856301+09:00,2026-08-05T17:33:51.6856301+09:00,440.412984,440.912984,30,30,0.023589,0.047293,0.000004,0.000004,0.000000,0.002889,0
20260805_172630_772,1,Unspecified,812,2026-08-05T17:33:51.6856301+09:00,2026-08-05T17:33:52.1856301+09:00,440.912984,441.412984,30,30,0.023493,0.044080,0.000005,0.000003,0.000001,0.002903,0
20260805_172630_772,1,Unspecified,813,2026-08-05T17:33:52.1856301+09:00,2026-08-05T17:33:52.6856301+09:00,441.412984,441.912984,30,30,0.023221,0.047162,0.000004,0.000014,0.000004,0.004282,0
20260805_172630_772,1,Unspecified,814,2026-08-05T17:33:52.6856301+09:00,2026-08-05T17:33:53.1856301+09:00,441.912984,442.412984,30,30,0.020376,0.061117,0.000005,0.000002,0.000001,0.002735,0
20260805_172630_772,1,Unspecified,815,2026-08-05T17:33:53.1856301+09:00,2026-08-05T17:33:53.6856301+09:00,442.412984,442.912984,30,30,0.023728,0.055438,0.000016,0.000127,0.000038,0.011962,0
20260805_172630_772,1,Unspecified,816,2026-08-05T17:33:53.6856301+09:00,2026-08-05T17:33:54.1856301+09:00,442.912984,443.412984,30,30,0.017486,0.011533,0.000005,0.000012,-0.000002,0.004082,0
20260805_172630_772,1,Unspecified,817,2026-08-05T17:33:54.1856301+09:00,2026-08-05T17:33:54.6856301+09:00,443.412984,443.912984,30,30,0.038231,0.043408,0.000060,0.000113,0.000071,0.013150,0
20260805_172630_772,1,Unspecified,818,2026-08-05T17:33:54.6856301+09:00,2026-08-05T17:33:55.1856301+09:00,443.912984,444.412984,30,30,0.033666,0.063438,0.000004,0.000012,-0.000002,0.004030,0
20260805_172630_772,1,Unspecified,819,2026-08-05T17:33:55.1856301+09:00,2026-08-05T17:33:55.6856301+09:00,444.412984,444.912984,30,30,0.024914,0.057343,0.000054,0.000021,0.000027,0.008702,0
20260805_172630_772,1,Unspecified,820,2026-08-05T17:33:55.6856301+09:00,2026-08-05T17:33:56.1856301+09:00,444.912984,445.412984,30,30,0.025001,0.045841,0.000019,0.000025,-0.000018,0.006682,0
20260805_172630_772,1,Unspecified,821,2026-08-05T17:33:56.1856301+09:00,2026-08-05T17:33:56.6856301+09:00,445.412984,445.912984,30,30,0.031617,0.048105,0.000013,0.000013,0.000008,0.005084,0
20260805_172630_772,1,Unspecified,822,2026-08-05T17:33:56.6856301+09:00,2026-08-05T17:33:57.1856301+09:00,445.912984,446.412984,30,30,0.031296,0.056068,0.000008,0.000005,-0.000005,0.003642,0
20260805_172630_772,1,Unspecified,823,2026-08-05T17:33:57.1856301+09:00,2026-08-05T17:33:57.6856301+09:00,446.412984,446.912984,30,30,0.023180,0.054829,0.000065,0.000016,0.000020,0.008998,0
20260805_172630_772,1,Unspecified,824,2026-08-05T17:33:57.6856301+09:00,2026-08-05T17:33:58.1856301+09:00,446.912984,447.412984,30,30,0.013590,0.048675,0.000045,0.000025,0.000027,0.008362,0
20260805_172630_772,1,Unspecified,825,2026-08-05T17:33:58.1856301+09:00,2026-08-05T17:33:58.6856301+09:00,447.412984,447.912984,30,30,0.031073,0.046243,0.000006,0.000047,0.000002,0.007324,0
20260805_172630_772,1,Unspecified,826,2026-08-05T17:33:58.6856301+09:00,2026-08-05T17:33:59.1856301+09:00,447.912984,448.412984,31,31,0.029793,0.040387,0.000004,0.000007,0.000003,0.003368,0
20260805_172630_772,1,Unspecified,827,2026-08-05T17:33:59.1856301+09:00,2026-08-05T17:33:59.6856301+09:00,448.412984,448.912984,30,30,0.027429,0.040215,0.000007,0.000009,0.000003,0.004035,0
20260805_172630_772,1,Unspecified,828,2026-08-05T17:33:59.6856301+09:00,2026-08-05T17:34:00.1856301+09:00,448.912984,449.412984,29,29,0.032183,0.040965,0.000002,0.000005,0.000001,0.002649,0
20260805_172630_772,1,Unspecified,829,2026-08-05T17:34:00.1856301+09:00,2026-08-05T17:34:00.6856301+09:00,449.412984,449.912984,30,30,0.039528,0.042153,0.000038,0.000010,0.000008,0.006946,0
20260805_172630_772,1,Unspecified,830,2026-08-05T17:34:00.6856301+09:00,2026-08-05T17:34:01.1856301+09:00,449.912984,450.412984,30,30,0.028434,0.039228,0.000003,0.000007,0.000000,0.003243,0
20260805_172630_772,1,Unspecified,831,2026-08-05T17:34:01.1856301+09:00,2026-08-05T17:34:01.6856301+09:00,450.412984,450.912984,30,30,0.027986,0.042183,0.000002,0.000004,0.000000,0.002595,0
20260805_172630_772,1,Unspecified,832,2026-08-05T17:34:01.6856301+09:00,2026-08-05T17:34:02.1856301+09:00,450.912984,451.412984,30,30,0.027530,0.023379,0.000034,0.000045,0.000013,0.008879,0
20260805_172630_772,1,Unspecified,833,2026-08-05T17:34:02.1856301+09:00,2026-08-05T17:34:02.6856301+09:00,451.412984,451.912984,30,30,0.031743,0.037930,0.000013,0.000021,0.000005,0.005798,0
20260805_172630_772,1,Unspecified,834,2026-08-05T17:34:02.6856301+09:00,2026-08-05T17:34:03.1856301+09:00,451.912984,452.412984,30,30,0.027489,0.042073,0.000003,0.000003,0.000001,0.002342,0
20260805_172630_772,1,Unspecified,835,2026-08-05T17:34:03.1856301+09:00,2026-08-05T17:34:03.6856301+09:00,452.412984,452.912984,30,30,0.025993,0.040156,0.000013,0.000007,0.000007,0.004575,0
20260805_172630_772,1,Unspecified,836,2026-08-05T17:34:03.6856301+09:00,2026-08-05T17:34:04.1856301+09:00,452.912984,453.412984,30,30,0.024472,0.036660,0.000054,0.000003,-0.000001,0.007560,0
20260805_172630_772,1,Unspecified,837,2026-08-05T17:34:04.1856301+09:00,2026-08-05T17:34:04.6856301+09:00,453.412984,453.912984,30,30,0.030690,0.038274,0.000012,0.000029,-0.000006,0.006446,0
20260805_172630_772,1,Unspecified,838,2026-08-05T17:34:04.6856301+09:00,2026-08-05T17:34:05.1856301+09:00,453.912984,454.412984,30,30,0.022631,0.053363,0.000005,0.000002,0.000001,0.002580,0
20260805_172630_772,1,Unspecified,839,2026-08-05T17:34:05.1856301+09:00,2026-08-05T17:34:05.6856301+09:00,454.412984,454.912984,31,31,0.026686,0.050063,0.000014,0.000005,-0.000004,0.004405,0
20260805_172630_772,1,Unspecified,840,2026-08-05T17:34:05.6856301+09:00,2026-08-05T17:34:06.1856301+09:00,454.912984,455.412984,30,30,0.023263,0.048298,0.000024,0.000037,0.000003,0.007851,0
20260805_172630_772,1,Unspecified,841,2026-08-05T17:34:06.1856301+09:00,2026-08-05T17:34:06.6856301+09:00,455.412984,455.912984,29,29,0.019290,0.052542,0.000007,0.000008,0.000003,0.003894,0
20260805_172630_772,1,Unspecified,842,2026-08-05T17:34:06.6856301+09:00,2026-08-05T17:34:07.1856301+09:00,455.912984,456.412984,30,30,0.031413,0.047208,0.000016,0.000005,-0.000001,0.004622,0
20260805_172630_772,1,Unspecified,843,2026-08-05T17:34:07.1856301+09:00,2026-08-05T17:34:07.6856301+09:00,456.412984,456.912984,30,30,0.032592,0.050452,0.000002,0.000030,0.000004,0.005649,0
20260805_172630_772,1,Unspecified,844,2026-08-05T17:34:07.6856301+09:00,2026-08-05T17:34:08.1856301+09:00,456.912984,457.412984,30,30,0.038390,0.055850,0.000005,0.000020,-0.000002,0.005035,0
20260805_172630_772,1,Unspecified,845,2026-08-05T17:34:08.1856301+09:00,2026-08-05T17:34:08.6856301+09:00,457.412984,457.912984,30,30,0.034622,0.049908,0.000005,0.000006,-0.000001,0.003331,0
20260805_172630_772,1,Unspecified,846,2026-08-05T17:34:08.6856301+09:00,2026-08-05T17:34:09.1856301+09:00,457.912984,458.412984,30,30,0.032752,0.052702,0.000004,0.000009,0.000000,0.003507,0
20260805_172630_772,1,Unspecified,847,2026-08-05T17:34:09.1856301+09:00,2026-08-05T17:34:09.6856301+09:00,458.412984,458.912984,30,30,0.026359,0.052299,0.000026,0.000014,0.000014,0.006325,0
20260805_172630_772,1,Unspecified,848,2026-08-05T17:34:09.6856301+09:00,2026-08-05T17:34:10.1856301+09:00,458.912984,459.412984,30,30,0.033024,0.061692,0.000071,0.000524,0.000024,0.024402,0
20260805_172630_772,1,Unspecified,849,2026-08-05T17:34:10.1856301+09:00,2026-08-05T17:34:10.6856301+09:00,459.412984,459.912984,30,30,0.024524,0.048470,0.000007,0.000009,0.000000,0.004033,0
20260805_172630_772,1,Unspecified,850,2026-08-05T17:34:10.6856301+09:00,2026-08-05T17:34:11.1856301+09:00,459.912984,460.412984,30,30,0.030498,0.056359,0.000006,0.000004,0.000001,0.003069,0
20260805_172630_772,1,Unspecified,851,2026-08-05T17:34:11.1856301+09:00,2026-08-05T17:34:11.6856301+09:00,460.412984,460.912984,30,30,0.028249,0.051093,0.000024,0.000017,0.000010,0.006384,0
20260805_172630_772,1,Unspecified,852,2026-08-05T17:34:11.6856301+09:00,2026-08-05T17:34:12.1856301+09:00,460.912984,461.412984,30,30,0.022063,0.041242,0.000007,0.000009,0.000004,0.003948,0
20260805_172630_772,1,Unspecified,853,2026-08-05T17:34:12.1856301+09:00,2026-08-05T17:34:12.6856301+09:00,461.412984,461.912984,30,30,0.021443,0.045672,0.000003,0.000009,0.000003,0.003497,0
20260805_172630_772,1,Unspecified,854,2026-08-05T17:34:12.6856301+09:00,2026-08-05T17:34:13.1856301+09:00,461.912984,462.412984,30,30,0.026555,0.045124,0.000030,0.000017,0.000020,0.006834,0
20260805_172630_772,1,Unspecified,855,2026-08-05T17:34:13.1856301+09:00,2026-08-05T17:34:13.6856301+09:00,462.412984,462.912984,30,30,0.030121,0.048355,0.000031,0.000007,-0.000006,0.006159,0
20260805_172630_772,1,Unspecified,856,2026-08-05T17:34:13.6856301+09:00,2026-08-05T17:34:14.1856301+09:00,462.912984,463.412984,30,30,0.023270,0.051064,0.000009,0.000006,0.000001,0.003791,0
20260805_172630_772,1,Unspecified,857,2026-08-05T17:34:14.1856301+09:00,2026-08-05T17:34:14.6856301+09:00,463.412984,463.912984,30,30,0.027940,0.054270,0.000004,0.000021,0.000004,0.005059,0
20260805_172630_772,1,Unspecified,858,2026-08-05T17:34:14.6856301+09:00,2026-08-05T17:34:15.1856301+09:00,463.912984,464.412984,30,30,0.027069,0.052500,0.000003,0.000003,0.000001,0.002353,0
20260805_172630_772,1,Unspecified,859,2026-08-05T17:34:15.1856301+09:00,2026-08-05T17:34:15.6856301+09:00,464.412984,464.912984,30,30,0.028955,0.049252,0.000010,0.000010,0.000008,0.004441,0
20260805_172630_772,1,Unspecified,860,2026-08-05T17:34:15.6856301+09:00,2026-08-05T17:34:16.1856301+09:00,464.912984,465.412984,30,30,0.011444,0.032405,0.000006,0.000008,0.000001,0.003765,0
20260805_172630_772,1,Unspecified,861,2026-08-05T17:34:16.1856301+09:00,2026-08-05T17:34:16.6856301+09:00,465.412984,465.912984,30,30,0.025526,0.048865,0.000027,0.000023,0.000019,0.007021,0
20260805_172630_772,1,Unspecified,862,2026-08-05T17:34:16.6856301+09:00,2026-08-05T17:34:17.1856301+09:00,465.912984,466.412984,31,31,0.034958,0.046325,0.000022,0.000011,-0.000011,0.005797,0
20260805_172630_772,1,Unspecified,863,2026-08-05T17:34:17.1856301+09:00,2026-08-05T17:34:17.6856301+09:00,466.412984,466.912984,30,30,0.025993,0.039612,0.000084,0.000030,0.000046,0.010693,0
20260805_172630_772,1,Unspecified,864,2026-08-05T17:34:17.6856301+09:00,2026-08-05T17:34:18.1856301+09:00,466.912984,467.412984,29,29,0.026458,0.038525,0.000071,0.000006,0.000006,0.008787,0
20260805_172630_772,1,Unspecified,865,2026-08-05T17:34:18.1856301+09:00,2026-08-05T17:34:18.6856301+09:00,467.412984,467.912984,30,30,0.034744,0.039690,0.000002,0.000008,0.000001,0.003214,0
20260805_172630_772,1,Unspecified,866,2026-08-05T17:34:18.6856301+09:00,2026-08-05T17:34:19.1856301+09:00,467.912984,468.412984,30,30,0.022983,0.053789,0.000024,0.000019,-0.000013,0.006557,0
20260805_172630_772,1,Unspecified,867,2026-08-05T17:34:19.1856301+09:00,2026-08-05T17:34:19.6856301+09:00,468.412984,468.912984,30,30,0.023340,0.054003,0.000019,0.000031,-0.000005,0.007077,0
20260805_172630_772,1,Unspecified,868,2026-08-05T17:34:19.6856301+09:00,2026-08-05T17:34:20.1856301+09:00,468.912984,469.412984,30,30,0.028168,0.055594,0.000072,0.000309,0.000131,0.019526,0
20260805_172630_772,1,Unspecified,869,2026-08-05T17:34:20.1856301+09:00,2026-08-05T17:34:20.6856301+09:00,469.412984,469.912984,30,30,0.032774,0.065622,0.000010,0.000181,0.000013,0.013799,0
20260805_172630_772,1,Unspecified,870,2026-08-05T17:34:20.6856301+09:00,2026-08-05T17:34:21.1856301+09:00,469.912984,470.412984,30,30,0.035404,0.053126,0.000006,0.000015,0.000007,0.004622,0
20260805_172630_772,1,Unspecified,871,2026-08-05T17:34:21.1856301+09:00,2026-08-05T17:34:21.6856301+09:00,470.412984,470.912984,30,30,0.025570,0.048329,0.000061,0.000041,0.000047,0.010089,0
20260805_172630_772,1,Unspecified,872,2026-08-05T17:34:21.6856301+09:00,2026-08-05T17:34:22.1856301+09:00,470.912984,471.412984,30,30,0.019008,0.047259,0.000004,0.000004,0.000000,0.002844,0
20260805_172630_772,1,Unspecified,873,2026-08-05T17:34:22.1856301+09:00,2026-08-05T17:34:22.6856301+09:00,471.412984,471.912984,30,30,0.026444,0.046681,0.000080,0.000014,0.000011,0.009696,0
20260805_172630_772,1,Unspecified,874,2026-08-05T17:34:22.6856301+09:00,2026-08-05T17:34:23.1856301+09:00,471.912984,472.412984,30,30,0.032415,0.047130,0.000003,0.000005,0.000002,0.002824,0
20260805_172630_772,1,Unspecified,875,2026-08-05T17:34:23.1856301+09:00,2026-08-05T17:34:23.6856301+09:00,472.412984,472.912984,30,30,0.033895,0.045493,0.000002,0.000008,0.000001,0.003266,0
20260805_172630_772,1,Unspecified,876,2026-08-05T17:34:23.6856301+09:00,2026-08-05T17:34:24.1856301+09:00,472.912984,473.412984,30,30,0.042345,0.040270,0.000195,0.000059,-0.000098,0.015935,0
20260805_172630_772,1,Unspecified,877,2026-08-05T17:34:24.1856301+09:00,2026-08-05T17:34:24.6856301+09:00,473.412984,473.912984,30,30,0.033774,0.047844,0.000023,0.000005,-0.000003,0.005272,0
20260805_172630_772,1,Unspecified,878,2026-08-05T17:34:24.6856301+09:00,2026-08-05T17:34:25.1856301+09:00,473.912984,474.412984,30,30,0.032233,0.045697,0.000006,0.000007,0.000004,0.003618,0
20260805_172630_772,1,Unspecified,879,2026-08-05T17:34:25.1856301+09:00,2026-08-05T17:34:25.6856301+09:00,474.412984,474.912984,30,30,0.032882,0.051273,0.000016,0.000220,0.000035,0.015372,0
20260805_172630_772,1,Unspecified,880,2026-08-05T17:34:25.6856301+09:00,2026-08-05T17:34:26.1856301+09:00,474.912984,475.412984,30,30,0.041491,0.069664,0.000018,0.000045,0.000013,0.007894,0
20260805_172630_772,1,Unspecified,881,2026-08-05T17:34:26.1856301+09:00,2026-08-05T17:34:26.6856301+09:00,475.412984,475.912984,30,30,0.033957,0.062934,0.000006,0.000006,0.000004,0.003488,0
20260805_172630_772,1,Unspecified,882,2026-08-05T17:34:26.6856301+09:00,2026-08-05T17:34:27.1856301+09:00,475.912984,476.412984,30,30,0.032077,0.058384,0.000005,0.000013,0.000000,0.004157,0
20260805_172630_772,1,Unspecified,883,2026-08-05T17:34:27.1856301+09:00,2026-08-05T17:34:27.6856301+09:00,476.412984,476.912984,30,30,0.030084,0.060366,0.000035,0.000079,0.000049,0.010708,0
20260805_172630_772,1,Unspecified,884,2026-08-05T17:34:27.6856301+09:00,2026-08-05T17:34:28.1856301+09:00,476.912984,477.412984,30,30,0.022035,0.043000,0.000006,0.000005,0.000001,0.003281,0
20260805_172630_772,1,Unspecified,885,2026-08-05T17:34:28.1856301+09:00,2026-08-05T17:34:28.6856301+09:00,477.412984,477.912984,31,31,0.026731,0.047473,0.000017,0.000022,0.000017,0.006275,0
20260805_172630_772,1,Unspecified,886,2026-08-05T17:34:28.6856301+09:00,2026-08-05T17:34:29.1856301+09:00,477.912984,478.412984,30,30,0.024162,0.052661,0.000007,0.000006,-0.000002,0.003623,0
20260805_172630_772,1,Unspecified,887,2026-08-05T17:34:29.1856301+09:00,2026-08-05T17:34:29.6856301+09:00,478.412984,478.912984,29,29,0.027668,0.051728,0.000006,0.000009,0.000000,0.003883,0
20260805_172630_772,1,Unspecified,888,2026-08-05T17:34:29.6856301+09:00,2026-08-05T17:34:30.1856301+09:00,478.912984,479.412984,30,30,0.035320,0.058017,0.000027,0.000046,0.000031,0.008585,0
20260805_172630_772,1,Unspecified,889,2026-08-05T17:34:30.1856301+09:00,2026-08-05T17:34:30.6856301+09:00,479.412984,479.912984,30,30,0.034239,0.062705,0.000033,0.000004,0.000001,0.006004,0
20260805_172630_772,1,Unspecified,890,2026-08-05T17:34:30.6856301+09:00,2026-08-05T17:34:31.1856301+09:00,479.912984,480.412984,30,30,0.030459,0.065186,0.000028,0.000010,-0.000009,0.006164,0
20260805_172630_772,1,Unspecified,891,2026-08-05T17:34:31.1856301+09:00,2026-08-05T17:34:31.6856301+09:00,480.412984,480.912984,30,30,0.024101,0.064882,0.000042,0.000012,0.000003,0.007349,0
20260805_172630_772,1,Unspecified,892,2026-08-05T17:34:31.6856301+09:00,2026-08-05T17:34:32.1856301+09:00,480.912984,481.412984,30,30,0.004275,0.048101,0.000011,0.000013,0.000008,0.004945,0
20260805_172630_772,1,Unspecified,893,2026-08-05T17:34:32.1856301+09:00,2026-08-05T17:34:32.6856301+09:00,481.412984,481.912984,30,30,0.024916,0.054965,0.000045,0.000033,0.000015,0.008872,0
20260805_172630_772,1,Unspecified,894,2026-08-05T17:34:32.6856301+09:00,2026-08-05T17:34:33.1856301+09:00,481.912984,482.412984,30,30,0.028961,0.056667,0.000003,0.000007,-0.000001,0.003154,0
20260805_172630_772,1,Unspecified,895,2026-08-05T17:34:33.1856301+09:00,2026-08-05T17:34:33.6856301+09:00,482.412984,482.912984,30,30,0.023056,0.055760,0.000038,0.000009,0.000007,0.006810,0
20260805_172630_772,1,Unspecified,896,2026-08-05T17:34:33.6856301+09:00,2026-08-05T17:34:34.1856301+09:00,482.912984,483.412984,30,30,0.034468,0.045708,0.000051,0.000011,-0.000017,0.007898,0
20260805_172630_772,1,Unspecified,897,2026-08-05T17:34:34.1856301+09:00,2026-08-05T17:34:34.6856301+09:00,483.412984,483.912984,30,30,0.023781,0.052762,0.000004,0.000006,0.000000,0.003121,0
20260805_172630_772,1,Unspecified,898,2026-08-05T17:34:34.6856301+09:00,2026-08-05T17:34:35.1856301+09:00,483.912984,484.412984,30,30,0.025005,0.053284,0.000004,0.000008,0.000000,0.003542,0
20260805_172630_772,1,Unspecified,899,2026-08-05T17:34:35.1856301+09:00,2026-08-05T17:34:35.6856301+09:00,484.412984,484.912984,30,30,0.026832,0.054530,0.000007,0.000013,0.000001,0.004510,0
20260805_172630_772,1,Unspecified,900,2026-08-05T17:34:35.6856301+09:00,2026-08-05T17:34:36.1856301+09:00,484.912984,485.412984,30,30,0.021099,0.054670,0.000013,0.000017,0.000011,0.005493,0
20260805_172630_772,1,Unspecified,901,2026-08-05T17:34:36.1856301+09:00,2026-08-05T17:34:36.6856301+09:00,485.412984,485.912984,30,30,0.027745,0.050741,0.000005,0.000006,-0.000003,0.003370,0
20260805_172630_772,1,Unspecified,902,2026-08-05T17:34:36.6856301+09:00,2026-08-05T17:34:37.1856301+09:00,485.912984,486.412984,30,30,0.027170,0.053613,0.000003,0.000006,0.000002,0.003049,0
20260805_172630_772,1,Unspecified,903,2026-08-05T17:34:37.1856301+09:00,2026-08-05T17:34:37.6856301+09:00,486.412984,486.912984,30,30,0.028226,0.055535,0.000002,0.000005,0.000001,0.002665,0
20260805_172630_772,1,Unspecified,904,2026-08-05T17:34:37.6856301+09:00,2026-08-05T17:34:38.1856301+09:00,486.912984,487.412984,30,30,0.032476,0.048876,0.000009,0.000009,0.000001,0.004227,0
20260805_172630_772,1,Unspecified,905,2026-08-05T17:34:38.1856301+09:00,2026-08-05T17:34:38.6856301+09:00,487.412984,487.912984,30,30,0.029042,0.049534,0.000010,0.000006,-0.000004,0.004017,0
20260805_172630_772,1,Unspecified,906,2026-08-05T17:34:38.6856301+09:00,2026-08-05T17:34:39.1856301+09:00,487.912984,488.412984,30,30,0.030816,0.049629,0.000013,0.000010,-0.000007,0.004828,0
20260805_172630_772,1,Unspecified,907,2026-08-05T17:34:39.1856301+09:00,2026-08-05T17:34:39.6856301+09:00,488.412984,488.912984,30,30,0.030902,0.051624,0.000003,0.000002,0.000000,0.002318,0
20260805_172630_772,1,Unspecified,908,2026-08-05T17:34:39.6856301+09:00,2026-08-05T17:34:40.1856301+09:00,488.912984,489.412984,30,30,0.031286,0.054259,0.000007,0.000039,0.000009,0.006735,0
20260805_172630_772,1,Unspecified,909,2026-08-05T17:34:40.1856301+09:00,2026-08-05T17:34:40.6856301+09:00,489.412984,489.912984,30,30,0.025734,0.047366,0.000005,0.000009,-0.000003,0.003666,0
20260805_172630_772,1,Unspecified,910,2026-08-05T17:34:40.6856301+09:00,2026-08-05T17:34:41.1856301+09:00,489.912984,490.412984,30,30,0.028336,0.053396,0.000005,0.000002,0.000001,0.002632,0
20260805_172630_772,1,Unspecified,911,2026-08-05T17:34:41.1856301+09:00,2026-08-05T17:34:41.6856301+09:00,490.412984,490.912984,30,30,0.033433,0.057036,0.000003,0.000012,0.000002,0.003845,0
20260805_172630_772,1,Unspecified,912,2026-08-05T17:34:41.6856301+09:00,2026-08-05T17:34:42.1856301+09:00,490.912984,491.412984,30,30,0.037268,0.050560,0.000006,0.000015,-0.000003,0.004526,0
20260805_172630_772,1,Unspecified,913,2026-08-05T17:34:42.1856301+09:00,2026-08-05T17:34:42.6856301+09:00,491.412984,491.912984,30,30,0.022965,0.055147,0.000025,0.000013,0.000004,0.006128,0
20260805_172630_772,1,Unspecified,914,2026-08-05T17:34:42.6856301+09:00,2026-08-05T17:34:43.1856301+09:00,491.912984,492.412984,30,30,0.029793,0.059063,0.000043,0.000030,0.000033,0.008535,0
20260805_172630_772,1,Unspecified,915,2026-08-05T17:34:43.1856301+09:00,2026-08-05T17:34:43.6856301+09:00,492.412984,492.912984,30,30,0.030641,0.052906,0.000008,0.000026,0.000005,0.005838,0
20260805_172630_772,1,Unspecified,916,2026-08-05T17:34:43.6856301+09:00,2026-08-05T17:34:44.1856301+09:00,492.912984,493.412984,30,30,0.025704,0.040558,0.000004,0.000009,0.000003,0.003621,0
20260805_172630_772,1,Unspecified,917,2026-08-05T17:34:44.1856301+09:00,2026-08-05T17:34:44.6856301+09:00,493.412984,493.912984,30,30,0.030672,0.049656,0.000011,0.000014,0.000005,0.004980,0
20260805_172630_772,1,Unspecified,918,2026-08-05T17:34:44.6856301+09:00,2026-08-05T17:34:45.1856301+09:00,493.912984,494.412984,30,30,0.024809,0.047302,0.000005,0.000009,-0.000001,0.003777,0
20260805_172630_772,1,Unspecified,919,2026-08-05T17:34:45.1856301+09:00,2026-08-05T17:34:45.6856301+09:00,494.412984,494.912984,30,30,0.025329,0.051739,0.000004,0.000003,0.000002,0.002706,0
20260805_172630_772,1,Unspecified,920,2026-08-05T17:34:45.6856301+09:00,2026-08-05T17:34:46.1856301+09:00,494.912984,495.412984,30,30,0.024277,0.049266,0.000042,0.000004,0.000007,0.006811,0
20260805_172630_772,1,Unspecified,921,2026-08-05T17:34:46.1856301+09:00,2026-08-05T17:34:46.6856301+09:00,495.412984,495.912984,31,31,0.031621,0.040961,0.000055,0.000030,-0.000034,0.009205,0
20260805_172630_772,1,Unspecified,922,2026-08-05T17:34:46.6856301+09:00,2026-08-05T17:34:47.1856301+09:00,495.912984,496.412984,30,30,0.023594,0.047059,0.000003,0.000003,0.000002,0.002504,0
20260805_172630_772,1,Unspecified,923,2026-08-05T17:34:47.1856301+09:00,2026-08-05T17:34:47.6856301+09:00,496.412984,496.912984,29,29,0.031245,0.042259,0.000022,0.000020,-0.000016,0.006533,0
20260805_172630_772,1,Unspecified,924,2026-08-05T17:34:47.6856301+09:00,2026-08-05T17:34:48.1856301+09:00,496.912984,497.412984,30,30,0.028508,0.040105,0.000006,0.000003,0.000000,0.003027,0
20260805_172630_772,1,Unspecified,925,2026-08-05T17:34:48.1856301+09:00,2026-08-05T17:34:48.6856301+09:00,497.412984,497.912984,30,30,0.031042,0.043513,0.000016,0.000006,-0.000003,0.004672,0
20260805_172630_772,1,Unspecified,926,2026-08-05T17:34:48.6856301+09:00,2026-08-05T17:34:49.1856301+09:00,497.912984,498.412984,30,30,0.029035,0.049100,0.000010,0.000006,0.000003,0.004059,0
20260805_172630_772,1,Unspecified,927,2026-08-05T17:34:49.1856301+09:00,2026-08-05T17:34:49.6856301+09:00,498.412984,498.912984,30,30,0.034278,0.059096,0.000047,0.000147,0.000059,0.013923,0
20260805_172630_772,1,Unspecified,928,2026-08-05T17:34:49.6856301+09:00,2026-08-05T17:34:50.1856301+09:00,498.912984,499.412984,30,30,0.031958,0.043938,0.000200,0.001645,0.000505,0.042960,0
20260805_172630_772,1,Unspecified,929,2026-08-05T17:34:50.1856301+09:00,2026-08-05T17:34:50.6856301+09:00,499.412984,499.912984,30,30,0.023336,0.049012,0.000003,0.000004,0.000000,0.002689,0
20260805_172630_772,1,Unspecified,930,2026-08-05T17:34:50.6856301+09:00,2026-08-05T17:34:51.1856301+09:00,499.912984,500.412984,30,30,0.024953,0.048956,0.000012,0.000005,0.000005,0.004037,0
20260805_172630_772,1,Unspecified,931,2026-08-05T17:34:51.1856301+09:00,2026-08-05T17:34:51.6856301+09:00,500.412984,500.912984,30,30,0.025474,0.048366,0.000005,0.000022,0.000008,0.005215,0
20260805_172630_772,1,Unspecified,932,2026-08-05T17:34:51.6856301+09:00,2026-08-05T17:34:52.1856301+09:00,500.912984,501.412984,30,30,0.021757,0.044090,0.000003,0.000010,0.000000,0.003601,0
20260805_172630_772,1,Unspecified,933,2026-08-05T17:34:52.1856301+09:00,2026-08-05T17:34:52.6856301+09:00,501.412984,501.912984,30,30,0.021741,0.051154,0.000024,0.000021,0.000017,0.006752,0
20260805_172630_772,1,Unspecified,934,2026-08-05T17:34:52.6856301+09:00,2026-08-05T17:34:53.1856301+09:00,501.912984,502.412984,30,30,0.027474,0.051965,0.000002,0.000004,0.000001,0.002406,0
20260805_172630_772,1,Unspecified,935,2026-08-05T17:34:53.1856301+09:00,2026-08-05T17:34:53.6856301+09:00,502.412984,502.912984,30,30,0.031347,0.051952,0.000056,0.000009,0.000014,0.008027,0
20260805_172630_772,1,Unspecified,936,2026-08-05T17:34:53.6856301+09:00,2026-08-05T17:34:54.1856301+09:00,502.912984,503.412984,30,30,0.041567,0.056179,0.000012,0.000009,0.000004,0.004573,0
20260805_172630_772,1,Unspecified,937,2026-08-05T17:34:54.1856301+09:00,2026-08-05T17:34:54.6856301+09:00,503.412984,503.912984,30,30,0.028658,0.051381,0.000104,0.000032,0.000048,0.011684,0
20260805_172630_772,1,Unspecified,938,2026-08-05T17:34:54.6856301+09:00,2026-08-05T17:34:55.1856301+09:00,503.912984,504.412984,30,30,0.027654,0.050841,0.000002,0.000026,0.000001,0.005314,0
20260805_172630_772,1,Unspecified,939,2026-08-05T17:34:55.1856301+09:00,2026-08-05T17:34:55.6856301+09:00,504.412984,504.912984,30,30,0.026189,0.043877,0.000008,0.000005,0.000000,0.003555,0
20260805_172630_772,1,Unspecified,940,2026-08-05T17:34:55.6856301+09:00,2026-08-05T17:34:56.1856301+09:00,504.912984,505.412984,30,30,0.031790,0.054760,0.000086,0.000051,-0.000012,0.011684,0
20260805_172630_772,1,Unspecified,941,2026-08-05T17:34:56.1856301+09:00,2026-08-05T17:34:56.6856301+09:00,505.412984,505.912984,30,30,0.024902,0.059441,0.000060,0.000013,0.000023,0.008521,0
20260805_172630_772,1,Unspecified,942,2026-08-05T17:34:56.6856301+09:00,2026-08-05T17:34:57.1856301+09:00,505.912984,506.412984,30,30,0.028815,0.060816,0.000042,0.000037,0.000025,0.008837,0
20260805_172630_772,1,Unspecified,943,2026-08-05T17:34:57.1856301+09:00,2026-08-05T17:34:57.6856301+09:00,506.412984,506.912984,30,30,0.026991,0.060761,0.000013,0.000104,-0.000017,0.010824,0
20260805_172630_772,1,Unspecified,944,2026-08-05T17:34:57.6856301+09:00,2026-08-05T17:34:58.1856301+09:00,506.912984,507.412984,30,30,0.027275,0.044015,0.000006,0.000010,0.000005,0.004009,0
20260805_172630_772,1,Unspecified,945,2026-08-05T17:34:58.1856301+09:00,2026-08-05T17:34:58.6856301+09:00,507.412984,507.912984,30,30,0.027852,0.044886,0.000003,0.000008,0.000000,0.003239,0
20260805_172630_772,1,Unspecified,946,2026-08-05T17:34:58.6856301+09:00,2026-08-05T17:34:59.1856301+09:00,507.912984,508.412984,30,30,0.029906,0.047465,0.000003,0.000007,-0.000001,0.003241,0
20260805_172630_772,1,Unspecified,947,2026-08-05T17:34:59.1856301+09:00,2026-08-05T17:34:59.6856301+09:00,508.412984,508.912984,30,30,0.033238,0.054479,0.000003,0.000007,0.000000,0.003058,0
20260805_172630_772,1,Unspecified,948,2026-08-05T17:34:59.6856301+09:00,2026-08-05T17:35:00.1856301+09:00,508.912984,509.412984,30,30,0.032759,0.058771,0.000089,0.000070,0.000076,0.012578,0
20260805_172630_772,1,Unspecified,949,2026-08-05T17:35:00.1856301+09:00,2026-08-05T17:35:00.6856301+09:00,509.412984,509.912984,30,30,0.026359,0.050110,0.000070,0.000022,0.000035,0.009581,0
20260805_172630_772,1,Unspecified,950,2026-08-05T17:35:00.6856301+09:00,2026-08-05T17:35:01.1856301+09:00,509.912984,510.412984,30,30,0.037269,0.052320,0.000005,0.000007,0.000001,0.003378,0
20260805_172630_772,1,Unspecified,951,2026-08-05T17:35:01.1856301+09:00,2026-08-05T17:35:01.6856301+09:00,510.412984,510.912984,30,30,0.034394,0.046042,0.000020,0.000008,0.000006,0.005292,0
20260805_172630_772,1,Unspecified,952,2026-08-05T17:35:01.6856301+09:00,2026-08-05T17:35:02.1856301+09:00,510.912984,511.412984,30,30,0.027643,0.040143,0.000004,0.000008,-0.000003,0.003539,0
20260805_172630_772,1,Unspecified,953,2026-08-05T17:35:02.1856301+09:00,2026-08-05T17:35:02.6856301+09:00,511.412984,511.912984,30,30,0.039776,0.043482,0.000294,0.000173,0.000137,0.021615,0
20260805_172630_772,1,Unspecified,954,2026-08-05T17:35:02.6856301+09:00,2026-08-05T17:35:03.1856301+09:00,511.912984,512.412984,30,30,0.034727,0.042229,0.000011,0.000014,0.000008,0.004974,0
20260805_172630_772,1,Unspecified,955,2026-08-05T17:35:03.1856301+09:00,2026-08-05T17:35:03.6856301+09:00,512.412984,512.912984,30,30,0.026747,0.040123,0.000048,0.000005,-0.000001,0.007294,0
20260805_172630_772,1,Unspecified,956,2026-08-05T17:35:03.6856301+09:00,2026-08-05T17:35:04.1856301+09:00,512.912984,513.412984,30,30,0.017553,0.035301,0.000008,0.000027,0.000012,0.005983,0
20260805_172630_772,1,Unspecified,957,2026-08-05T17:35:04.1856301+09:00,2026-08-05T17:35:04.6856301+09:00,513.412984,513.912984,30,30,0.037045,0.051191,0.000085,0.000149,0.000102,0.015293,0
20260805_172630_772,1,Unspecified,958,2026-08-05T17:35:04.6856301+09:00,2026-08-05T17:35:05.1856301+09:00,513.912984,514.412984,30,30,0.028772,0.039793,0.000036,0.000022,0.000025,0.007608,0
20260805_172630_772,1,Unspecified,959,2026-08-05T17:35:05.1856301+09:00,2026-08-05T17:35:05.6856301+09:00,514.412984,514.912984,30,30,0.034345,0.045387,0.000005,0.000013,0.000002,0.004173,0
20260805_172630_772,1,Unspecified,960,2026-08-05T17:35:05.6856301+09:00,2026-08-05T17:35:06.1856301+09:00,514.912984,515.412984,30,30,0.040513,0.046011,0.000007,0.000013,-0.000003,0.004460,0
20260805_172630_772,1,Unspecified,961,2026-08-05T17:35:06.1856301+09:00,2026-08-05T17:35:06.6856301+09:00,515.412984,515.912984,30,30,0.027625,0.042092,0.000015,0.000005,0.000003,0.004474,0
20260805_172630_772,1,Unspecified,962,2026-08-05T17:35:06.6856301+09:00,2026-08-05T17:35:07.1856301+09:00,515.912984,516.412984,30,30,0.028096,0.041461,0.000008,0.000008,-0.000002,0.003984,0
20260805_172630_772,1,Unspecified,963,2026-08-05T17:35:07.1856301+09:00,2026-08-05T17:35:07.6856301+09:00,516.412984,516.912984,30,30,0.031707,0.044069,0.000004,0.000003,0.000000,0.002625,0
20260805_172630_772,1,Unspecified,964,2026-08-05T17:35:07.6856301+09:00,2026-08-05T17:35:08.1856301+09:00,516.912984,517.412984,30,30,0.034308,0.049191,0.000059,0.000006,0.000012,0.008073,0
20260805_172630_772,1,Unspecified,965,2026-08-05T17:35:08.1856301+09:00,2026-08-05T17:35:08.6856301+09:00,517.412984,517.912984,31,31,0.030115,0.047147,0.000029,0.000017,0.000017,0.006772,0
20260805_172630_772,1,Unspecified,966,2026-08-05T17:35:08.6856301+09:00,2026-08-05T17:35:09.1856301+09:00,517.912984,518.412984,29,29,0.032040,0.047744,0.000001,0.000009,0.000001,0.003079,0
20260805_172630_772,1,Unspecified,967,2026-08-05T17:35:09.1856301+09:00,2026-08-05T17:35:09.6856301+09:00,518.412984,518.912984,30,30,0.031512,0.046691,0.000016,0.000011,0.000010,0.005181,0
20260805_172630_772,1,Unspecified,968,2026-08-05T17:35:09.6856301+09:00,2026-08-05T17:35:10.1856301+09:00,518.912984,519.412984,31,31,0.034808,0.052681,0.000058,0.000110,0.000055,0.012945,0
20260805_172630_772,1,Unspecified,969,2026-08-05T17:35:10.1856301+09:00,2026-08-05T17:35:10.6856301+09:00,519.412984,519.912984,29,29,0.029982,0.051893,0.000023,0.000020,0.000018,0.006547,0
20260805_172630_772,1,Unspecified,970,2026-08-05T17:35:10.6856301+09:00,2026-08-05T17:35:11.1856301+09:00,519.912984,520.412984,30,30,0.019311,0.048191,0.000010,0.000009,-0.000001,0.004268,0
20260805_172630_772,1,Unspecified,971,2026-08-05T17:35:11.1856301+09:00,2026-08-05T17:35:11.6856301+09:00,520.412984,520.912984,30,30,0.018287,0.052748,0.000003,0.000009,0.000001,0.003477,0
20260805_172630_772,1,Unspecified,972,2026-08-05T17:35:11.6856301+09:00,2026-08-05T17:35:12.1856301+09:00,520.912984,521.412984,30,30,0.029257,0.053253,0.000041,0.000021,0.000019,0.007825,0
20260805_172630_772,1,Unspecified,973,2026-08-05T17:35:12.1856301+09:00,2026-08-05T17:35:12.6856301+09:00,521.412984,521.912984,30,30,0.026720,0.050053,0.000008,0.000005,0.000003,0.003585,0
20260805_172630_772,1,Unspecified,974,2026-08-05T17:35:12.6856301+09:00,2026-08-05T17:35:13.1856301+09:00,521.912984,522.412984,30,30,0.027936,0.044396,0.000012,0.000009,0.000008,0.004541,0
20260805_172630_772,1,Unspecified,975,2026-08-05T17:35:13.1856301+09:00,2026-08-05T17:35:13.6856301+09:00,522.412984,522.912984,30,30,0.030116,0.042842,0.000002,0.000004,0.000000,0.002482,0
20260805_172630_772,1,Unspecified,976,2026-08-05T17:35:13.6856301+09:00,2026-08-05T17:35:14.1856301+09:00,522.912984,523.412984,30,30,0.027989,0.053338,0.000074,0.000090,0.000067,0.012803,0
20260805_172630_772,1,Unspecified,977,2026-08-05T17:35:14.1856301+09:00,2026-08-05T17:35:14.6856301+09:00,523.412984,523.912984,30,30,0.021952,0.040967,0.000107,0.000007,0.000010,0.010698,0
20260805_172630_772,1,Unspecified,978,2026-08-05T17:35:14.6856301+09:00,2026-08-05T17:35:15.1856301+09:00,523.912984,524.412984,30,30,0.036404,0.048659,0.000041,0.000021,0.000025,0.007874,0
20260805_172630_772,1,Unspecified,979,2026-08-05T17:35:15.1856301+09:00,2026-08-05T17:35:15.6856301+09:00,524.412984,524.912984,30,30,0.027790,0.046343,0.000003,0.000017,-0.000001,0.004388,0
20260805_172630_772,1,Unspecified,980,2026-08-05T17:35:15.6856301+09:00,2026-08-05T17:35:16.1856301+09:00,524.912984,525.412984,30,30,0.036167,0.040656,0.000025,0.000017,0.000005,0.006521,0
20260805_172630_772,1,Unspecified,981,2026-08-05T17:35:16.1856301+09:00,2026-08-05T17:35:16.6856301+09:00,525.412984,525.912984,30,30,0.033104,0.040464,0.000010,0.000005,-0.000001,0.003978,0
20260805_172630_772,1,Unspecified,982,2026-08-05T17:35:16.6856301+09:00,2026-08-05T17:35:17.1856301+09:00,525.912984,526.412984,30,30,0.036175,0.052731,0.000021,0.000091,0.000040,0.010563,0
20260805_172630_772,1,Unspecified,983,2026-08-05T17:35:17.1856301+09:00,2026-08-05T17:35:17.6856301+09:00,526.412984,526.912984,30,30,0.037983,0.060022,0.000011,0.000005,0.000001,0.003961,0
20260805_172630_772,1,Unspecified,984,2026-08-05T17:35:17.6856301+09:00,2026-08-05T17:35:18.1856301+09:00,526.912984,527.412984,30,30,0.021882,0.045449,0.000059,0.000088,0.000065,0.012132,0
20260805_172630_772,1,Unspecified,985,2026-08-05T17:35:18.1856301+09:00,2026-08-05T17:35:18.6856301+09:00,527.412984,527.912984,30,30,0.023587,0.056202,0.000015,0.000050,0.000022,0.008019,0
20260805_172630_772,1,Unspecified,986,2026-08-05T17:35:18.6856301+09:00,2026-08-05T17:35:19.1856301+09:00,527.912984,528.412984,30,30,0.026193,0.053674,0.000004,0.000006,0.000000,0.003093,0
20260805_172630_772,1,Unspecified,987,2026-08-05T17:35:19.1856301+09:00,2026-08-05T17:35:19.6856301+09:00,528.412984,528.912984,30,30,0.018982,0.049581,0.000049,0.000019,0.000027,0.008252,0
20260805_172630_772,1,Unspecified,988,2026-08-05T17:35:19.6856301+09:00,2026-08-05T17:35:20.1856301+09:00,528.912984,529.412984,30,30,0.026846,0.048443,0.000048,0.000030,0.000005,0.008827,0
20260805_172630_772,1,Unspecified,989,2026-08-05T17:35:20.1856301+09:00,2026-08-05T17:35:20.6856301+09:00,529.412984,529.912984,30,30,0.024980,0.056360,0.000126,0.000052,-0.000033,0.013359,0
20260805_172630_772,1,Unspecified,990,2026-08-05T17:35:20.6856301+09:00,2026-08-05T17:35:21.1856301+09:00,529.912984,530.412984,30,30,0.027893,0.052025,0.000040,0.000007,0.000006,0.006815,0
20260805_172630_772,1,Unspecified,991,2026-08-05T17:35:21.1856301+09:00,2026-08-05T17:35:21.6856301+09:00,530.412984,530.912984,30,30,0.024593,0.045190,0.000023,0.000034,-0.000024,0.007526,0
20260805_172630_772,1,Unspecified,992,2026-08-05T17:35:21.6856301+09:00,2026-08-05T17:35:22.1856301+09:00,530.912984,531.412984,30,30,0.028498,0.045503,0.000008,0.000006,0.000001,0.003728,0
20260805_172630_772,1,Unspecified,993,2026-08-05T17:35:22.1856301+09:00,2026-08-05T17:35:22.6856301+09:00,531.412984,531.912984,30,30,0.024088,0.042980,0.000009,0.000004,0.000001,0.003643,0
20260805_172630_772,1,Unspecified,994,2026-08-05T17:35:22.6856301+09:00,2026-08-05T17:35:23.1856301+09:00,531.912984,532.412984,30,30,0.025621,0.052996,0.000012,0.000042,0.000019,0.007317,0
20260805_172630_772,1,Unspecified,995,2026-08-05T17:35:23.1856301+09:00,2026-08-05T17:35:23.6856301+09:00,532.412984,532.912984,30,30,0.028349,0.052135,0.000004,0.000016,0.000000,0.004419,0
20260805_172630_772,1,Unspecified,996,2026-08-05T17:35:23.6856301+09:00,2026-08-05T17:35:24.1856301+09:00,532.912984,533.412984,30,30,0.027752,0.053258,0.000005,0.000005,0.000001,0.003187,0
20260805_172630_772,1,Unspecified,997,2026-08-05T17:35:24.1856301+09:00,2026-08-05T17:35:24.6856301+09:00,533.412984,533.912984,30,30,0.023399,0.053850,0.000028,0.000005,-0.000004,0.005780,0
20260805_172630_772,1,Unspecified,998,2026-08-05T17:35:24.6856301+09:00,2026-08-05T17:35:25.1856301+09:00,533.912984,534.412984,30,30,0.027885,0.056605,0.000003,0.000006,0.000000,0.002940,0
20260805_172630_772,1,Unspecified,999,2026-08-05T17:35:25.1856301+09:00,2026-08-05T17:35:25.6856301+09:00,534.412984,534.912984,30,30,0.024051,0.054568,0.000033,0.000014,0.000009,0.006796,0
20260805_172630_772,1,Unspecified,1000,2026-08-05T17:35:25.6856301+09:00,2026-08-05T17:35:26.1856301+09:00,534.912984,535.412984,30,30,0.026355,0.056806,0.000045,0.000043,0.000033,0.009372,0
20260805_172630_772,1,Unspecified,1001,2026-08-05T17:35:26.1856301+09:00,2026-08-05T17:35:26.6856301+09:00,535.412984,535.912984,31,31,0.024272,0.054163,0.000086,0.000090,0.000085,0.013259,0
20260805_172630_772,1,Unspecified,1002,2026-08-05T17:35:26.6856301+09:00,2026-08-05T17:35:27.1856301+09:00,535.912984,536.412984,29,29,0.028319,0.055202,0.000006,0.000010,0.000004,0.004077,0
20260805_172630_772,1,Unspecified,1003,2026-08-05T17:35:27.1856301+09:00,2026-08-05T17:35:27.6856301+09:00,536.412984,536.912984,31,31,0.025418,0.055071,0.000018,0.000005,0.000000,0.004816,0
20260805_172630_772,1,Unspecified,1004,2026-08-05T17:35:27.6856301+09:00,2026-08-05T17:35:28.1856301+09:00,536.912984,537.412984,29,29,0.025448,0.037048,0.000027,0.000075,-0.000005,0.010101,0
20260805_172630_772,1,Unspecified,1005,2026-08-05T17:35:28.1856301+09:00,2026-08-05T17:35:28.6856301+09:00,537.412984,537.912984,30,30,0.029252,0.045522,0.000020,0.000052,0.000027,0.008494,0
20260805_172630_772,1,Unspecified,1006,2026-08-05T17:35:28.6856301+09:00,2026-08-05T17:35:29.1856301+09:00,537.912984,538.412984,30,30,0.024921,0.054161,0.000012,0.000008,-0.000003,0.004424,0
20260805_172630_772,1,Unspecified,1007,2026-08-05T17:35:29.1856301+09:00,2026-08-05T17:35:29.6856301+09:00,538.412984,538.912984,30,30,0.027547,0.050339,0.000007,0.000005,0.000001,0.003510,0
20260805_172630_772,1,Unspecified,1008,2026-08-05T17:35:29.6856301+09:00,2026-08-05T17:35:30.1856301+09:00,538.912984,539.412984,30,30,0.033614,0.059708,0.000011,0.000013,0.000010,0.004855,0
20260805_172630_772,1,Unspecified,1009,2026-08-05T17:35:30.1856301+09:00,2026-08-05T17:35:30.6856301+09:00,539.412984,539.912984,30,30,0.025724,0.059914,0.000012,0.000030,0.000011,0.006502,0
20260805_172630_772,1,Unspecified,1010,2026-08-05T17:35:30.6856301+09:00,2026-08-05T17:35:31.1856301+09:00,539.912984,540.412984,30,30,0.028413,0.056838,0.000006,0.000008,0.000000,0.003759,0
20260805_172630_772,1,Unspecified,1011,2026-08-05T17:35:31.1856301+09:00,2026-08-05T17:35:31.6856301+09:00,540.412984,540.912984,30,30,0.028927,0.048338,0.000013,0.000027,0.000016,0.006366,0
20260805_172630_772,1,Unspecified,1012,2026-08-05T17:35:31.6856301+09:00,2026-08-05T17:35:32.1856301+09:00,540.912984,541.412984,30,30,0.033826,0.049800,0.000025,0.000018,-0.000004,0.006537,0
20260805_172630_772,1,Unspecified,1013,2026-08-05T17:35:32.1856301+09:00,2026-08-05T17:35:32.6856301+09:00,541.412984,541.912984,31,31,0.028143,0.049585,0.000003,0.000011,-0.000002,0.003795,0
20260805_172630_772,1,Unspecified,1014,2026-08-05T17:35:32.6856301+09:00,2026-08-05T17:35:33.1856301+09:00,541.912984,542.412984,29,29,0.026997,0.049868,0.000004,0.000006,-0.000001,0.003108,0
20260805_172630_772,1,Unspecified,1015,2026-08-05T17:35:33.1856301+09:00,2026-08-05T17:35:33.6856301+09:00,542.412984,542.912984,30,30,0.025366,0.049967,0.000032,0.000014,0.000014,0.006794,0
20260805_172630_772,1,Unspecified,1016,2026-08-05T17:35:33.6856301+09:00,2026-08-05T17:35:34.1856301+09:00,542.912984,543.412984,30,30,0.024667,0.045584,0.000002,0.000004,-0.000001,0.002440,0
20260805_172630_772,1,Unspecified,1017,2026-08-05T17:35:34.1856301+09:00,2026-08-05T17:35:34.6856301+09:00,543.412984,543.912984,30,30,0.023386,0.045644,0.000009,0.000003,-0.000002,0.003471,0
20260805_172630_772,1,Unspecified,1018,2026-08-05T17:35:34.6856301+09:00,2026-08-05T17:35:35.1856301+09:00,543.912984,544.412984,30,30,0.021672,0.048393,0.000002,0.000006,0.000002,0.002891,0
20260805_172630_772,1,Unspecified,1019,2026-08-05T17:35:35.1856301+09:00,2026-08-05T17:35:35.6856301+09:00,544.412984,544.912984,30,30,0.024054,0.049762,0.000008,0.000003,-0.000001,0.003203,0
20260805_172630_772,1,Unspecified,1020,2026-08-05T17:35:35.6856301+09:00,2026-08-05T17:35:36.1856301+09:00,544.912984,545.412984,30,30,0.027805,0.046774,0.000069,0.000012,-0.000008,0.008969,0
20260805_172630_772,1,Unspecified,1021,2026-08-05T17:35:36.1856301+09:00,2026-08-05T17:35:36.6856301+09:00,545.412984,545.912984,30,30,0.022406,0.047262,0.000012,0.000013,-0.000007,0.004962,0
20260805_172630_772,1,Unspecified,1022,2026-08-05T17:35:36.6856301+09:00,2026-08-05T17:35:37.1856301+09:00,545.912984,546.412984,30,30,0.025978,0.044832,0.000009,0.000002,0.000000,0.003309,0
20260805_172630_772,1,Unspecified,1023,2026-08-05T17:35:37.1856301+09:00,2026-08-05T17:35:37.6856301+09:00,546.412984,546.912984,30,30,0.025184,0.045846,0.000009,0.000005,0.000001,0.003756,0
20260805_172630_772,1,Unspecified,1024,2026-08-05T17:35:37.6856301+09:00,2026-08-05T17:35:38.1856301+09:00,546.912984,547.412984,30,30,0.042089,0.047880,0.000099,0.000032,-0.000034,0.011467,0
20260805_172630_772,1,Unspecified,1025,2026-08-05T17:35:38.1856301+09:00,2026-08-05T17:35:38.6856301+09:00,547.412984,547.912984,30,30,0.028231,0.090837,0.000132,0.000367,-0.000050,0.022334,0
20260805_172630_772,1,Unspecified,1026,2026-08-05T17:35:38.6856301+09:00,2026-08-05T17:35:39.1856301+09:00,547.912984,548.412984,31,31,0.032547,0.065116,0.000002,0.000026,-0.000003,0.005357,0
20260805_172630_772,1,Unspecified,1027,2026-08-05T17:35:39.1856301+09:00,2026-08-05T17:35:39.6856301+09:00,548.412984,548.912984,29,29,0.033231,0.062336,0.000012,0.000004,0.000003,0.004005,0
20260805_172630_772,1,Unspecified,1028,2026-08-05T17:35:39.6856301+09:00,2026-08-05T17:35:40.1856301+09:00,548.912984,549.412984,30,30,0.019663,0.042257,0.000308,0.002032,0.000608,0.048368,0
20260805_172630_772,1,Unspecified,1029,2026-08-05T17:35:40.1856301+09:00,2026-08-05T17:35:40.6856301+09:00,549.412984,549.912984,30,30,0.020259,0.063862,0.000007,0.000010,0.000000,0.004124,0
20260805_172630_772,1,Unspecified,1030,2026-08-05T17:35:40.6856301+09:00,2026-08-05T17:35:41.1856301+09:00,549.912984,550.412984,30,30,0.024600,0.063524,0.000004,0.000015,0.000000,0.004251,0
20260805_172630_772,1,Unspecified,1031,2026-08-05T17:35:41.1856301+09:00,2026-08-05T17:35:41.6856301+09:00,550.412984,550.912984,30,30,0.029871,0.069771,0.000018,0.000002,-0.000001,0.004482,0
20260805_172630_772,1,Unspecified,1032,2026-08-05T17:35:41.6856301+09:00,2026-08-05T17:35:42.1856301+09:00,550.912984,551.412984,30,30,0.026325,0.059131,0.000140,0.000094,0.000105,0.015293,0
20260805_172630_772,1,Unspecified,1033,2026-08-05T17:35:42.1856301+09:00,2026-08-05T17:35:42.6856301+09:00,551.412984,551.912984,30,30,0.010184,0.049321,0.000002,0.000010,0.000002,0.003421,0
20260805_172630_772,1,Unspecified,1034,2026-08-05T17:35:42.6856301+09:00,2026-08-05T17:35:43.1856301+09:00,551.912984,552.412984,31,31,0.021350,0.055963,0.000014,0.000008,0.000009,0.004651,0
20260805_172630_772,1,Unspecified,1035,2026-08-05T17:35:43.1856301+09:00,2026-08-05T17:35:43.6856301+09:00,552.412984,552.912984,29,29,0.023903,0.060042,0.000007,0.000007,0.000002,0.003712,0
20260805_172630_772,1,Unspecified,1036,2026-08-05T17:35:43.6856301+09:00,2026-08-05T17:35:44.1856301+09:00,552.912984,553.412984,30,30,0.016960,0.049834,0.000072,0.000044,0.000051,0.010792,0
20260805_172630_772,1,Unspecified,1037,2026-08-05T17:35:44.1856301+09:00,2026-08-05T17:35:44.6856301+09:00,553.412984,553.912984,30,30,0.004026,0.042048,0.000003,0.000003,0.000001,0.002424,0
20260805_172630_772,1,Unspecified,1038,2026-08-05T17:35:44.6856301+09:00,2026-08-05T17:35:45.1856301+09:00,553.912984,554.412984,30,30,0.037405,0.069022,0.000059,0.000058,0.000057,0.010805,0
20260805_172630_772,1,Unspecified,1039,2026-08-05T17:35:45.1856301+09:00,2026-08-05T17:35:45.6856301+09:00,554.412984,554.912984,30,30,0.032741,0.064965,0.000138,0.000053,0.000080,0.013789,0
20260805_172630_772,1,Unspecified,1040,2026-08-05T17:35:45.6856301+09:00,2026-08-05T17:35:46.1856301+09:00,554.912984,555.412984,30,30,0.016284,0.050822,0.000003,0.000008,-0.000002,0.003332,0
20260805_172630_772,1,Unspecified,1041,2026-08-05T17:35:46.1856301+09:00,2026-08-05T17:35:46.6856301+09:00,555.412984,555.912984,30,30,0.041516,0.045161,0.000175,0.000009,0.000030,0.013550,0
20260805_172630_772,1,Unspecified,1042,2026-08-05T17:35:46.6856301+09:00,2026-08-05T17:35:47.1856301+09:00,555.912984,556.412984,30,30,0.032543,0.040929,0.000025,0.000008,0.000000,0.005745,0
20260805_172630_772,1,Unspecified,1043,2026-08-05T17:35:47.1856301+09:00,2026-08-05T17:35:47.6856301+09:00,556.412984,556.912984,30,30,0.029653,0.041001,0.000003,0.000006,0.000001,0.003035,0
20260805_172630_772,1,Unspecified,1044,2026-08-05T17:35:47.6856301+09:00,2026-08-05T17:35:48.1856301+09:00,556.912984,557.412984,30,30,0.030013,0.030424,0.000020,0.000023,-0.000014,0.006590,0
20260805_172630_772,1,Unspecified,1045,2026-08-05T17:35:48.1856301+09:00,2026-08-05T17:35:48.6856301+09:00,557.412984,557.912984,30,30,0.033273,0.030963,0.000006,0.000032,0.000007,0.006198,0
20260805_172630_772,1,Unspecified,1046,2026-08-05T17:35:48.6856301+09:00,2026-08-05T17:35:49.1856301+09:00,557.912984,558.412984,30,30,0.031124,0.040354,0.000003,0.000006,-0.000002,0.002886,0
20260805_172630_772,1,Unspecified,1047,2026-08-05T17:35:49.1856301+09:00,2026-08-05T17:35:49.6856301+09:00,558.412984,558.912984,30,30,0.030425,0.046301,0.000005,0.000008,0.000003,0.003495,0
20260805_172630_772,1,Unspecified,1048,2026-08-05T17:35:49.6856301+09:00,2026-08-05T17:35:50.1856301+09:00,558.912984,559.412984,31,31,0.031011,0.063058,0.000038,0.000257,0.000079,0.017170,0
20260805_172630_772,1,Unspecified,1049,2026-08-05T17:35:50.1856301+09:00,2026-08-05T17:35:50.6856301+09:00,559.412984,559.912984,30,30,0.028261,0.072195,0.000119,0.000089,-0.000060,0.014435,0
20260805_172630_772,1,Unspecified,1050,2026-08-05T17:35:50.6856301+09:00,2026-08-05T17:35:51.1856301+09:00,559.912984,560.412984,29,29,0.041078,0.064712,0.000019,0.000004,-0.000001,0.004805,0
20260805_172630_772,1,Unspecified,1051,2026-08-05T17:35:51.1856301+09:00,2026-08-05T17:35:51.6856301+09:00,560.412984,560.912984,30,30,0.037726,0.060026,0.000087,0.000024,0.000043,0.010536,0
20260805_172630_772,1,Unspecified,1052,2026-08-05T17:35:51.6856301+09:00,2026-08-05T17:35:52.1856301+09:00,560.912984,561.412984,30,30,0.026920,0.059274,0.000003,0.000006,0.000001,0.003035,0
20260805_172630_772,1,Unspecified,1053,2026-08-05T17:35:52.1856301+09:00,2026-08-05T17:35:52.6856301+09:00,561.412984,561.912984,30,30,0.023189,0.059115,0.000005,0.000005,0.000000,0.003233,0
20260805_172630_772,1,Unspecified,1054,2026-08-05T17:35:52.6856301+09:00,2026-08-05T17:35:53.1856301+09:00,561.912984,562.412984,30,30,0.022221,0.054423,0.000013,0.000006,0.000002,0.004322,0
20260805_172630_772,1,Unspecified,1055,2026-08-05T17:35:53.1856301+09:00,2026-08-05T17:35:53.6856301+09:00,562.412984,562.912984,30,30,0.024649,0.052495,0.000037,0.000024,0.000003,0.007793,0
20260805_172630_772,1,Unspecified,1056,2026-08-05T17:35:53.6856301+09:00,2026-08-05T17:35:54.1856301+09:00,562.912984,563.412984,30,30,0.021079,0.043779,0.000067,0.000044,0.000049,0.010494,0
20260805_172630_772,1,Unspecified,1057,2026-08-05T17:35:54.1856301+09:00,2026-08-05T17:35:54.6856301+09:00,563.412984,563.912984,30,30,0.030391,0.050457,0.000002,0.000018,0.000003,0.004539,0
20260805_172630_772,1,Unspecified,1058,2026-08-05T17:35:54.6856301+09:00,2026-08-05T17:35:55.1856301+09:00,563.912984,564.412984,30,30,0.029253,0.047613,0.000003,0.000007,0.000001,0.003191,0
20260805_172630_772,1,Unspecified,1059,2026-08-05T17:35:55.1856301+09:00,2026-08-05T17:35:55.6856301+09:00,564.412984,564.912984,31,31,0.033190,0.056473,0.000033,0.000016,0.000016,0.007005,0
20260805_172630_772,1,Unspecified,1060,2026-08-05T17:35:55.6856301+09:00,2026-08-05T17:35:56.1856301+09:00,564.912984,565.412984,29,29,0.045281,0.063643,0.000002,0.000003,0.000000,0.002223,0
20260805_172630_772,1,Unspecified,1061,2026-08-05T17:35:56.1856301+09:00,2026-08-05T17:35:56.6856301+09:00,565.412984,565.912984,31,31,0.033836,0.059782,0.000051,0.000178,0.000071,0.015136,0
20260805_172630_772,1,Unspecified,1062,2026-08-05T17:35:56.6856301+09:00,2026-08-05T17:35:57.1856301+09:00,565.912984,566.412984,29,29,0.036318,0.063062,0.000004,0.000007,0.000001,0.003418,0
20260805_172630_772,1,Unspecified,1063,2026-08-05T17:35:57.1856301+09:00,2026-08-05T17:35:57.6856301+09:00,566.412984,566.912984,30,30,0.034976,0.061820,0.000003,0.000008,0.000002,0.003296,0
20260805_172630_772,1,Unspecified,1064,2026-08-05T17:35:57.6856301+09:00,2026-08-05T17:35:58.1856301+09:00,566.912984,567.412984,30,30,0.029620,0.049007,0.000007,0.000031,0.000011,0.006101,0
20260805_172630_772,1,Unspecified,1065,2026-08-05T17:35:58.1856301+09:00,2026-08-05T17:35:58.6856301+09:00,567.412984,567.912984,30,30,0.028197,0.052315,0.000006,0.000002,0.000000,0.002873,0
20260805_172630_772,1,Unspecified,1066,2026-08-05T17:35:58.6856301+09:00,2026-08-05T17:35:59.1856301+09:00,567.912984,568.412984,30,30,0.031270,0.059839,0.000016,0.000091,0.000032,0.010324,0
20260805_172630_772,1,Unspecified,1067,2026-08-05T17:35:59.1856301+09:00,2026-08-05T17:35:59.6856301+09:00,568.412984,568.912984,30,30,0.031466,0.067021,0.000013,0.000021,0.000014,0.005852,0
20260805_172630_772,1,Unspecified,1068,2026-08-05T17:35:59.6856301+09:00,2026-08-05T17:36:00.1856301+09:00,568.912984,569.412984,30,30,0.028624,0.068763,0.000011,0.000042,0.000017,0.007310,0
20260805_172630_772,1,Unspecified,1069,2026-08-05T17:36:00.1856301+09:00,2026-08-05T17:36:00.6856301+09:00,569.412984,569.912984,30,30,0.033406,0.070663,0.000004,0.000009,-0.000004,0.003630,0
20260805_172630_772,1,Unspecified,1070,2026-08-05T17:36:00.6856301+09:00,2026-08-05T17:36:01.1856301+09:00,569.912984,570.412984,30,30,0.035161,0.069417,0.000004,0.000002,0.000001,0.002630,0
20260805_172630_772,1,Unspecified,1071,2026-08-05T17:36:01.1856301+09:00,2026-08-05T17:36:01.6856301+09:00,570.412984,570.912984,30,30,0.035964,0.068621,0.000005,0.000008,0.000001,0.003652,0
20260805_172630_772,1,Unspecified,1072,2026-08-05T17:36:01.6856301+09:00,2026-08-05T17:36:02.1856301+09:00,570.912984,571.412984,30,30,0.028763,0.062512,0.000024,0.000018,0.000017,0.006455,0
20260805_172630_772,1,Unspecified,1073,2026-08-05T17:36:02.1856301+09:00,2026-08-05T17:36:02.6856301+09:00,571.412984,571.912984,30,30,0.028702,0.052728,0.000011,0.000023,-0.000008,0.005845,0
20260805_172630_772,1,Unspecified,1074,2026-08-05T17:36:02.6856301+09:00,2026-08-05T17:36:03.1856301+09:00,571.912984,572.412984,30,30,0.029143,0.052468,0.000004,0.000003,-0.000001,0.002716,0
20260805_172630_772,1,Unspecified,1075,2026-08-05T17:36:03.1856301+09:00,2026-08-05T17:36:03.6856301+09:00,572.412984,572.912984,30,30,0.029267,0.050918,0.000003,0.000006,0.000001,0.003134,0
20260805_172630_772,1,Unspecified,1076,2026-08-05T17:36:03.6856301+09:00,2026-08-05T17:36:04.1856301+09:00,572.912984,573.412984,30,30,0.033237,0.053035,0.000010,0.000014,0.000007,0.004908,0
20260805_172630_772,1,Unspecified,1077,2026-08-05T17:36:04.1856301+09:00,2026-08-05T17:36:04.6856301+09:00,573.412984,573.912984,30,30,0.034561,0.051955,0.000003,0.000008,-0.000001,0.003426,0
20260805_172630_772,1,Unspecified,1078,2026-08-05T17:36:04.6856301+09:00,2026-08-05T17:36:05.1856301+09:00,573.912984,574.412984,30,30,0.029860,0.050600,0.000010,0.000009,0.000005,0.004419,0
20260805_172630_772,1,Unspecified,1079,2026-08-05T17:36:05.1856301+09:00,2026-08-05T17:36:05.6856301+09:00,574.412984,574.912984,30,30,0.029021,0.049399,0.000004,0.000004,0.000000,0.002937,0
20260805_172630_772,1,Unspecified,1080,2026-08-05T17:36:05.6856301+09:00,2026-08-05T17:36:06.1856301+09:00,574.912984,575.412984,30,30,0.032826,0.048680,0.000098,0.000025,0.000043,0.011092,0
20260805_172630_772,1,Unspecified,1081,2026-08-05T17:36:06.1856301+09:00,2026-08-05T17:36:06.6856301+09:00,575.412984,575.912984,30,30,0.023780,0.047182,0.000038,0.000043,0.000035,0.008991,0
20260805_172630_772,1,Unspecified,1082,2026-08-05T17:36:06.6856301+09:00,2026-08-05T17:36:07.1856301+09:00,575.912984,576.412984,30,30,0.030992,0.057219,0.000003,0.000005,0.000000,0.002857,0
20260805_172630_772,1,Unspecified,1083,2026-08-05T17:36:07.1856301+09:00,2026-08-05T17:36:07.6856301+09:00,576.412984,576.912984,30,30,0.030317,0.055122,0.000012,0.000006,-0.000004,0.004174,0
20260805_172630_772,1,Unspecified,1084,2026-08-05T17:36:07.6856301+09:00,2026-08-05T17:36:08.1856301+09:00,576.912984,577.412984,31,31,0.022734,0.051109,0.000010,0.000017,0.000010,0.005211,0
20260805_172630_772,1,Unspecified,1085,2026-08-05T17:36:08.1856301+09:00,2026-08-05T17:36:08.6856301+09:00,577.412984,577.912984,29,29,0.032349,0.047858,0.000055,0.000015,0.000008,0.008346,0
20260805_172630_772,1,Unspecified,1086,2026-08-05T17:36:08.6856301+09:00,2026-08-05T17:36:09.1856301+09:00,577.912984,578.412984,30,30,0.026558,0.046536,0.000004,0.000004,-0.000001,0.002730,0
20260805_172630_772,1,Unspecified,1087,2026-08-05T17:36:09.1856301+09:00,2026-08-05T17:36:09.6856301+09:00,578.412984,578.912984,30,30,0.029852,0.046604,0.000003,0.000003,0.000000,0.002566,0
20260805_172630_772,1,Unspecified,1088,2026-08-05T17:36:09.6856301+09:00,2026-08-05T17:36:10.1856301+09:00,578.912984,579.412984,30,30,0.028520,0.048612,0.000022,0.000019,0.000012,0.006349,0
20260805_172630_772,1,Unspecified,1089,2026-08-05T17:36:10.1856301+09:00,2026-08-05T17:36:10.6856301+09:00,579.412984,579.912984,30,30,0.026824,0.036984,0.000056,0.000021,0.000030,0.008803,0
20260805_172630_772,1,Unspecified,1090,2026-08-05T17:36:10.6856301+09:00,2026-08-05T17:36:11.1856301+09:00,579.912984,580.412984,30,30,0.032507,0.041806,0.000004,0.000017,-0.000002,0.004610,0
20260805_172630_772,1,Unspecified,1091,2026-08-05T17:36:11.1856301+09:00,2026-08-05T17:36:11.6856301+09:00,580.412984,580.912984,30,30,0.031218,0.045079,0.000004,0.000021,0.000002,0.004974,0
20260805_172630_772,1,Unspecified,1092,2026-08-05T17:36:11.6856301+09:00,2026-08-05T17:36:12.1856301+09:00,580.912984,581.412984,30,30,0.036885,0.041760,0.000009,0.000015,0.000006,0.004875,0
20260805_172630_772,1,Unspecified,1093,2026-08-05T17:36:12.1856301+09:00,2026-08-05T17:36:12.6856301+09:00,581.412984,581.912984,30,30,0.035482,0.049296,0.000021,0.000003,0.000000,0.004984,0
20260805_172630_772,1,Unspecified,1094,2026-08-05T17:36:12.6856301+09:00,2026-08-05T17:36:13.1856301+09:00,581.912984,582.412984,30,30,0.032367,0.049315,0.000005,0.000005,0.000000,0.003163,0
20260805_172630_772,1,Unspecified,1095,2026-08-05T17:36:13.1856301+09:00,2026-08-05T17:36:13.6856301+09:00,582.412984,582.912984,31,31,0.035670,0.049483,0.000005,0.000005,0.000003,0.003226,0
20260805_172630_772,1,Unspecified,1096,2026-08-05T17:36:13.6856301+09:00,2026-08-05T17:36:14.1856301+09:00,582.912984,583.412984,30,30,0.035117,0.046304,0.000108,0.000041,0.000063,0.012202,0
20260805_172630_772,1,Unspecified,1097,2026-08-05T17:36:14.1856301+09:00,2026-08-05T17:36:14.6856301+09:00,583.412984,583.912984,29,29,0.033641,0.043804,0.000008,0.000004,0.000002,0.003444,0
20260805_172630_772,1,Unspecified,1098,2026-08-05T17:36:14.6856301+09:00,2026-08-05T17:36:15.1856301+09:00,583.912984,584.412984,30,30,0.034533,0.046136,0.000008,0.000007,0.000003,0.003819,0
20260805_172630_772,1,Unspecified,1099,2026-08-05T17:36:15.1856301+09:00,2026-08-05T17:36:15.6856301+09:00,584.412984,584.912984,30,30,0.031405,0.046496,0.000046,0.000005,0.000007,0.007128,0
20260805_172630_772,1,Unspecified,1100,2026-08-05T17:36:15.6856301+09:00,2026-08-05T17:36:16.1856301+09:00,584.912984,585.412984,30,30,0.024269,0.037744,0.000003,0.000011,-0.000001,0.003798,0
20260805_172630_772,1,Unspecified,1101,2026-08-05T17:36:16.1856301+09:00,2026-08-05T17:36:16.6856301+09:00,585.412984,585.912984,30,30,0.024551,0.042492,0.000006,0.000008,0.000001,0.003697,0
20260805_172630_772,1,Unspecified,1102,2026-08-05T17:36:16.6856301+09:00,2026-08-05T17:36:17.1856301+09:00,585.912984,586.412984,30,30,0.026644,0.047491,0.000005,0.000015,0.000002,0.004411,0
20260805_172630_772,1,Unspecified,1103,2026-08-05T17:36:17.1856301+09:00,2026-08-05T17:36:17.6856301+09:00,586.412984,586.912984,30,30,0.026462,0.050368,0.000003,0.000007,-0.000001,0.003173,0
20260805_172630_772,1,Unspecified,1104,2026-08-05T17:36:17.6856301+09:00,2026-08-05T17:36:18.1856301+09:00,586.912984,587.412984,30,30,0.033279,0.042860,0.000013,0.000031,-0.000012,0.006639,0
20260805_172630_772,1,Unspecified,1105,2026-08-05T17:36:18.1856301+09:00,2026-08-05T17:36:18.6856301+09:00,587.412984,587.912984,30,30,0.031507,0.047791,0.000006,0.000015,-0.000006,0.004566,0
20260805_172630_772,1,Unspecified,1106,2026-08-05T17:36:18.6856301+09:00,2026-08-05T17:36:19.1856301+09:00,587.912984,588.412984,30,30,0.033580,0.042453,0.000005,0.000004,0.000002,0.002972,0
20260805_172630_772,1,Unspecified,1107,2026-08-05T17:36:19.1856301+09:00,2026-08-05T17:36:19.6856301+09:00,588.412984,588.912984,30,30,0.032682,0.043856,0.000004,0.000005,-0.000001,0.003006,0
20260805_172630_772,1,Unspecified,1108,2026-08-05T17:36:19.6856301+09:00,2026-08-05T17:36:20.1856301+09:00,588.912984,589.412984,30,30,0.034566,0.043359,0.000006,0.000018,0.000006,0.004926,0
20260805_172630_772,1,Unspecified,1109,2026-08-05T17:36:20.1856301+09:00,2026-08-05T17:36:20.6856301+09:00,589.412984,589.912984,30,30,0.027265,0.042527,0.000051,0.000014,0.000022,0.008077,0
20260805_172630_772,1,Unspecified,1110,2026-08-05T17:36:20.6856301+09:00,2026-08-05T17:36:21.1856301+09:00,589.912984,590.412984,30,30,0.023896,0.042529,0.000008,0.000004,0.000001,0.003493,0
20260805_172630_772,1,Unspecified,1111,2026-08-05T17:36:21.1856301+09:00,2026-08-05T17:36:21.6856301+09:00,590.412984,590.912984,30,30,0.025642,0.041915,0.000015,0.000028,0.000014,0.006598,0
20260805_172630_772,1,Unspecified,1112,2026-08-05T17:36:21.6856301+09:00,2026-08-05T17:36:22.1856301+09:00,590.912984,591.412984,30,30,0.031424,0.041073,0.000005,0.000044,-0.000008,0.006990,0
20260805_172630_772,1,Unspecified,1113,2026-08-05T17:36:22.1856301+09:00,2026-08-05T17:36:22.6856301+09:00,591.412984,591.912984,30,30,0.031056,0.038949,0.000009,0.000010,-0.000007,0.004359,0
20260805_172630_772,1,Unspecified,1114,2026-08-05T17:36:22.6856301+09:00,2026-08-05T17:36:23.1856301+09:00,591.912984,592.412984,30,30,0.034380,0.046001,0.000017,0.000007,0.000006,0.004842,0
20260805_172630_772,1,Unspecified,1115,2026-08-05T17:36:23.1856301+09:00,2026-08-05T17:36:23.6856301+09:00,592.412984,592.912984,30,30,0.031275,0.046376,0.000053,0.000029,0.000034,0.009048,0
20260805_172630_772,1,Unspecified,1116,2026-08-05T17:36:23.6856301+09:00,2026-08-05T17:36:24.1856301+09:00,592.912984,593.412984,30,30,0.031526,0.040761,0.000031,0.000011,0.000016,0.006439,0
20260805_172630_772,1,Unspecified,1117,2026-08-05T17:36:24.1856301+09:00,2026-08-05T17:36:24.6856301+09:00,593.412984,593.912984,30,30,0.032907,0.047109,0.000003,0.000031,0.000001,0.005892,0
20260805_172630_772,1,Unspecified,1118,2026-08-05T17:36:24.6856301+09:00,2026-08-05T17:36:25.1856301+09:00,593.912984,594.412984,31,31,0.034982,0.049775,0.000011,0.000009,-0.000002,0.004362,0
20260805_172630_772,1,Unspecified,1119,2026-08-05T17:36:25.1856301+09:00,2026-08-05T17:36:25.6856301+09:00,594.412984,594.912984,30,30,0.034387,0.046761,0.000004,0.000013,0.000000,0.004197,0
20260805_172630_772,1,Unspecified,1120,2026-08-05T17:36:25.6856301+09:00,2026-08-05T17:36:26.1856301+09:00,594.912984,595.412984,29,29,0.033889,0.045124,0.000003,0.000004,0.000001,0.002776,0
20260805_172630_772,1,Unspecified,1121,2026-08-05T17:36:26.1856301+09:00,2026-08-05T17:36:26.6856301+09:00,595.412984,595.912984,30,30,0.035736,0.046118,0.000027,0.000012,0.000015,0.006233,0
20260805_172630_772,1,Unspecified,1122,2026-08-05T17:36:26.6856301+09:00,2026-08-05T17:36:27.1856301+09:00,595.912984,596.412984,30,30,0.033492,0.047168,0.000006,0.000007,0.000003,0.003625,0
20260805_172630_772,1,Unspecified,1123,2026-08-05T17:36:27.1856301+09:00,2026-08-05T17:36:27.6856301+09:00,596.412984,596.912984,30,30,0.034312,0.046734,0.000015,0.000024,0.000015,0.006193,0
20260805_172630_772,1,Unspecified,1124,2026-08-05T17:36:27.6856301+09:00,2026-08-05T17:36:28.1856301+09:00,596.912984,597.412984,30,30,0.042379,0.058073,0.000091,0.000182,0.000114,0.016523,0
20260805_172630_772,1,Unspecified,1125,2026-08-05T17:36:28.1856301+09:00,2026-08-05T17:36:28.6856301+09:00,597.412984,597.912984,30,30,0.037880,0.048278,0.000002,0.000005,0.000000,0.002555,0
20260805_172630_772,1,Unspecified,1126,2026-08-05T17:36:28.6856301+09:00,2026-08-05T17:36:29.1856301+09:00,597.912984,598.412984,30,30,0.036728,0.045614,0.000002,0.000005,0.000001,0.002771,0
20260805_172630_772,1,Unspecified,1127,2026-08-05T17:36:29.1856301+09:00,2026-08-05T17:36:29.6856301+09:00,598.412984,598.912984,30,30,0.035872,0.050914,0.000004,0.000020,0.000002,0.004859,0
20260805_172630_772,1,Unspecified,1128,2026-08-05T17:36:29.6856301+09:00,2026-08-05T17:36:30.1856301+09:00,598.912984,599.412984,30,30,0.031771,0.051757,0.000007,0.000006,0.000001,0.003574,0
20260805_172630_772,1,Unspecified,1129,2026-08-05T17:36:30.1856301+09:00,2026-08-05T17:36:30.6856301+09:00,599.412984,599.912984,30,30,0.030684,0.047904,0.000008,0.000020,-0.000002,0.005298,0
20260805_172630_772,1,Unspecified,1130,2026-08-05T17:36:30.6856301+09:00,2026-08-05T17:36:31.1856301+09:00,599.912984,600.412984,31,31,0.035054,0.045947,0.000009,0.000006,0.000002,0.003852,0
20260805_172630_772,1,Unspecified,1131,2026-08-05T17:36:31.1856301+09:00,2026-08-05T17:36:31.6856301+09:00,600.412984,600.912984,30,30,0.030236,0.046591,0.000052,0.000015,0.000023,0.008136,0
20260805_172630_772,1,Unspecified,1132,2026-08-05T17:36:31.6856301+09:00,2026-08-05T17:36:32.1856301+09:00,600.912984,601.412984,29,29,0.028355,0.046391,0.000037,0.000041,0.000029,0.008860,0
20260805_172630_772,1,Unspecified,1133,2026-08-05T17:36:32.1856301+09:00,2026-08-05T17:36:32.6856301+09:00,601.412984,601.912984,30,30,0.033771,0.051901,0.000005,0.000007,0.000001,0.003550,0
20260805_172630_772,1,Unspecified,1134,2026-08-05T17:36:32.6856301+09:00,2026-08-05T17:36:33.1856301+09:00,601.912984,602.412984,30,30,0.032170,0.051624,0.000004,0.000004,0.000002,0.002872,0
20260805_172630_772,1,Unspecified,1135,2026-08-05T17:36:33.1856301+09:00,2026-08-05T17:36:33.6856301+09:00,602.412984,602.912984,30,30,0.034631,0.049763,0.000002,0.000003,0.000000,0.002285,0
20260805_172630_772,1,Unspecified,1136,2026-08-05T17:36:33.6856301+09:00,2026-08-05T17:36:34.1856301+09:00,602.912984,603.412984,30,30,0.031960,0.043999,0.000023,0.000016,0.000012,0.006309,0
20260805_172630_772,1,Unspecified,1137,2026-08-05T17:36:34.1856301+09:00,2026-08-05T17:36:34.6856301+09:00,603.412984,603.912984,30,30,0.024505,0.041172,0.000050,0.000015,0.000020,0.008047,0
20260805_172630_772,1,Unspecified,1138,2026-08-05T17:36:34.6856301+09:00,2026-08-05T17:36:35.1856301+09:00,603.912984,604.412984,30,30,0.032433,0.040644,0.000001,0.000006,0.000001,0.002759,0
20260805_172630_772,1,Unspecified,1139,2026-08-05T17:36:35.1856301+09:00,2026-08-05T17:36:35.6856301+09:00,604.412984,604.912984,30,30,0.034980,0.042326,0.000005,0.000003,-0.000001,0.002912,0
20260805_172630_772,1,Unspecified,1140,2026-08-05T17:36:35.6856301+09:00,2026-08-05T17:36:36.1856301+09:00,604.912984,605.412984,30,30,0.032197,0.041094,0.000010,0.000007,-0.000002,0.004202,0
20260805_172630_772,1,Unspecified,1141,2026-08-05T17:36:36.1856301+09:00,2026-08-05T17:36:36.6856301+09:00,605.412984,605.912984,30,30,0.033652,0.043340,0.000005,0.000004,0.000001,0.003148,0
20260805_172630_772,1,Unspecified,1142,2026-08-05T17:36:36.6856301+09:00,2026-08-05T17:36:37.1856301+09:00,605.912984,606.412984,30,30,0.036791,0.050907,0.000002,0.000015,0.000004,0.004086,0
20260805_172630_772,1,Unspecified,1143,2026-08-05T17:36:37.1856301+09:00,2026-08-05T17:36:37.6856301+09:00,606.412984,606.912984,30,30,0.034358,0.052624,0.000068,0.000048,0.000052,0.010787,0
20260805_172630_772,1,Unspecified,1144,2026-08-05T17:36:37.6856301+09:00,2026-08-05T17:36:38.1856301+09:00,606.912984,607.412984,30,30,0.029145,0.047987,0.000100,0.000066,0.000070,0.012886,0
20260805_172630_772,1,Unspecified,1145,2026-08-05T17:36:38.1856301+09:00,2026-08-05T17:36:38.6856301+09:00,607.412984,607.912984,30,30,0.035800,0.055256,0.000003,0.000005,0.000001,0.002809,0
20260805_172630_772,1,Unspecified,1146,2026-08-05T17:36:38.6856301+09:00,2026-08-05T17:36:39.1856301+09:00,607.912984,608.412984,30,30,0.034447,0.050233,0.000003,0.000006,0.000000,0.003091,0
20260805_172630_772,1,Unspecified,1147,2026-08-05T17:36:39.1856301+09:00,2026-08-05T17:36:39.6856301+09:00,608.412984,608.912984,30,30,0.032272,0.047639,0.000027,0.000029,0.000024,0.007519,0
20260805_172630_772,1,Unspecified,1148,2026-08-05T17:36:39.6856301+09:00,2026-08-05T17:36:40.1856301+09:00,608.912984,609.412984,30,30,0.025831,0.038981,0.000034,0.000019,0.000022,0.007267,0
20260805_172630_772,1,Unspecified,1149,2026-08-05T17:36:40.1856301+09:00,2026-08-05T17:36:40.6856301+09:00,609.412984,609.912984,30,30,0.031151,0.039802,0.000003,0.000008,0.000003,0.003298,0
20260805_172630_772,1,Unspecified,1150,2026-08-05T17:36:40.6856301+09:00,2026-08-05T17:36:41.1856301+09:00,609.912984,610.412984,30,30,0.030527,0.040972,0.000005,0.000008,0.000000,0.003500,0
20260805_172630_772,1,Unspecified,1151,2026-08-05T17:36:41.1856301+09:00,2026-08-05T17:36:41.6856301+09:00,610.412984,610.912984,30,30,0.033623,0.043334,0.000007,0.000010,-0.000007,0.004150,0
20260805_172630_772,1,Unspecified,1152,2026-08-05T17:36:41.6856301+09:00,2026-08-05T17:36:42.1856301+09:00,610.912984,611.412984,31,31,0.031839,0.040971,0.000016,0.000006,0.000003,0.004631,0
20260805_172630_772,1,Unspecified,1153,2026-08-05T17:36:42.1856301+09:00,2026-08-05T17:36:42.6856301+09:00,611.412984,611.912984,30,30,0.034239,0.048434,0.000027,0.000044,0.000028,0.008395,0
20260805_172630_772,1,Unspecified,1154,2026-08-05T17:36:42.6856301+09:00,2026-08-05T17:36:43.1856301+09:00,611.912984,612.412984,29,29,0.030241,0.044606,0.000017,0.000047,0.000024,0.008007,0
20260805_172630_772,1,Unspecified,1155,2026-08-05T17:36:43.1856301+09:00,2026-08-05T17:36:43.6856301+09:00,612.412984,612.912984,30,30,0.034693,0.043681,0.000063,0.000023,0.000033,0.009284,0
20260805_172630_772,1,Unspecified,1156,2026-08-05T17:36:43.6856301+09:00,2026-08-05T17:36:44.1856301+09:00,612.912984,613.412984,30,30,0.028699,0.037033,0.000020,0.000017,0.000013,0.006131,0
20260805_172630_772,1,Unspecified,1157,2026-08-05T17:36:44.1856301+09:00,2026-08-05T17:36:44.6856301+09:00,613.412984,613.912984,30,30,0.031176,0.040736,0.000022,0.000005,0.000005,0.005191,0
20260805_172630_772,1,Unspecified,1158,2026-08-05T17:36:44.6856301+09:00,2026-08-05T17:36:45.1856301+09:00,613.912984,614.412984,30,30,0.034511,0.043907,0.000003,0.000004,0.000001,0.002788,0
20260805_172630_772,1,Unspecified,1159,2026-08-05T17:36:45.1856301+09:00,2026-08-05T17:36:45.6856301+09:00,614.412984,614.912984,30,30,0.033017,0.041883,0.000018,0.000033,0.000021,0.007179,0
20260805_172630_772,1,Unspecified,1160,2026-08-05T17:36:45.6856301+09:00,2026-08-05T17:36:46.1856301+09:00,614.912984,615.412984,30,30,0.032663,0.046745,0.000011,0.000025,0.000004,0.005991,0
20260805_172630_772,1,Unspecified,1161,2026-08-05T17:36:46.1856301+09:00,2026-08-05T17:36:46.6856301+09:00,615.412984,615.912984,30,30,0.038087,0.053929,0.000014,0.000028,0.000013,0.006462,0
20260805_172630_772,1,Unspecified,1162,2026-08-05T17:36:46.6856301+09:00,2026-08-05T17:36:47.1856301+09:00,615.912984,616.412984,30,30,0.035076,0.049159,0.000004,0.000006,0.000001,0.003138,0
20260805_172630_772,1,Unspecified,1163,2026-08-05T17:36:47.1856301+09:00,2026-08-05T17:36:47.6856301+09:00,616.412984,616.912984,30,30,0.046271,0.052628,0.000054,0.000012,0.000017,0.008166,0
20260805_172630_772,1,Unspecified,1164,2026-08-05T17:36:47.6856301+09:00,2026-08-05T17:36:48.1856301+09:00,616.912984,617.412984,30,30,0.048776,0.052898,0.000070,0.000023,0.000033,0.009627,0
20260805_172630_772,1,Unspecified,1165,2026-08-05T17:36:48.1856301+09:00,2026-08-05T17:36:48.6856301+09:00,617.412984,617.912984,31,31,0.036976,0.050910,0.000086,0.000067,0.000072,0.012381,0
20260805_172630_772,1,Unspecified,1166,2026-08-05T17:36:48.6856301+09:00,2026-08-05T17:36:49.1856301+09:00,617.912984,618.412984,30,30,0.036504,0.055170,0.000016,0.000005,0.000000,0.004591,0
20260805_172630_772,1,Unspecified,1167,2026-08-05T17:36:49.1856301+09:00,2026-08-05T17:36:49.6856301+09:00,618.412984,618.912984,29,29,0.035166,0.046050,0.000005,0.000015,0.000001,0.004452,0
20260805_172630_772,1,Unspecified,1168,2026-08-05T17:36:49.6856301+09:00,2026-08-05T17:36:50.1856301+09:00,618.912984,619.412984,30,30,0.031071,0.051555,0.000036,0.000022,0.000022,0.007615,0
20260805_172630_772,1,Unspecified,1169,2026-08-05T17:36:50.1856301+09:00,2026-08-05T17:36:50.6856301+09:00,619.412984,619.912984,30,30,0.041441,0.054296,0.000066,0.000017,0.000012,0.009103,0
20260805_172630_772,1,Unspecified,1170,2026-08-05T17:36:50.6856301+09:00,2026-08-05T17:36:51.1856301+09:00,619.912984,620.412984,30,30,0.034257,0.054805,0.000013,0.000019,0.000013,0.005688,0
20260805_172630_772,1,Unspecified,1171,2026-08-05T17:36:51.1856301+09:00,2026-08-05T17:36:51.6856301+09:00,620.412984,620.912984,30,30,0.039250,0.058220,0.000004,0.000005,0.000002,0.002951,0
20260805_172630_772,1,Unspecified,1172,2026-08-05T17:36:51.6856301+09:00,2026-08-05T17:36:52.1856301+09:00,620.912984,621.412984,30,30,0.015510,0.037321,0.000107,0.000064,0.000080,0.013086,0
20260805_172630_772,1,Unspecified,1173,2026-08-05T17:36:52.1856301+09:00,2026-08-05T17:36:52.6856301+09:00,621.412984,621.912984,30,30,0.030317,0.051780,0.000144,0.000258,0.000140,0.020041,0
20260805_172630_772,1,Unspecified,1174,2026-08-05T17:36:52.6856301+09:00,2026-08-05T17:36:53.1856301+09:00,621.912984,622.412984,30,30,0.026954,0.033994,0.000007,0.000017,-0.000004,0.004932,0
20260805_172630_772,1,Unspecified,1175,2026-08-05T17:36:53.1856301+09:00,2026-08-05T17:36:53.6856301+09:00,622.412984,622.912984,30,30,0.025876,0.036868,0.000003,0.000003,-0.000001,0.002554,0
20260805_172630_772,1,Unspecified,1176,2026-08-05T17:36:53.6856301+09:00,2026-08-05T17:36:54.1856301+09:00,622.912984,623.412984,30,30,0.038651,0.046520,0.000036,0.000029,0.000029,0.008025,0
20260805_172630_772,1,Unspecified,1177,2026-08-05T17:36:54.1856301+09:00,2026-08-05T17:36:54.6856301+09:00,623.412984,623.912984,31,31,0.039367,0.044208,0.000013,0.000028,-0.000011,0.006440,0
20260805_172630_772,1,Unspecified,1178,2026-08-05T17:36:54.6856301+09:00,2026-08-05T17:36:55.1856301+09:00,623.912984,624.412984,30,30,0.044451,0.053482,0.000028,0.000012,0.000009,0.006378,0
20260805_172630_772,1,Unspecified,1179,2026-08-05T17:36:55.1856301+09:00,2026-08-05T17:36:55.6856301+09:00,624.412984,624.912984,29,29,0.046976,0.051959,0.000002,0.000008,0.000000,0.003210,0
20260805_172630_772,1,Unspecified,1180,2026-08-05T17:36:55.6856301+09:00,2026-08-05T17:36:56.1856301+09:00,624.912984,625.412984,30,30,0.037145,0.041832,0.000154,0.000005,0.000017,0.012596,0
20260805_172630_772,1,Unspecified,1181,2026-08-05T17:36:56.1856301+09:00,2026-08-05T17:36:56.6856301+09:00,625.412984,625.912984,30,30,0.033624,0.043997,0.000086,0.000008,0.000020,0.009722,0
20260805_172630_772,1,Unspecified,1182,2026-08-05T17:36:56.6856301+09:00,2026-08-05T17:36:57.1856301+09:00,625.912984,626.412984,30,30,0.031507,0.039047,0.000004,0.000007,0.000001,0.003399,0
20260805_172630_772,1,Unspecified,1183,2026-08-05T17:36:57.1856301+09:00,2026-08-05T17:36:57.6856301+09:00,626.412984,626.912984,30,30,0.028635,0.032485,0.000060,0.000026,0.000036,0.009250,0
20260805_172630_772,1,Unspecified,1184,2026-08-05T17:36:57.6856301+09:00,2026-08-05T17:36:58.1856301+09:00,626.912984,627.412984,30,30,0.039503,0.034951,0.000228,0.000058,0.000107,0.016918,0
20260805_172630_772,1,Unspecified,1185,2026-08-05T17:36:58.1856301+09:00,2026-08-05T17:36:58.6856301+09:00,627.412984,627.912984,30,30,0.045319,0.038398,0.000002,0.000005,0.000000,0.002521,0
20260805_172630_772,1,Unspecified,1186,2026-08-05T17:36:58.6856301+09:00,2026-08-05T17:36:59.1856301+09:00,627.912984,628.412984,30,30,0.033133,0.038334,0.000023,0.000009,0.000007,0.005643,0
20260805_172630_772,1,Unspecified,1187,2026-08-05T17:36:59.1856301+09:00,2026-08-05T17:36:59.6856301+09:00,628.412984,628.912984,30,30,0.045104,0.049123,0.000039,0.000005,0.000001,0.006667,0
20260805_172630_772,1,Unspecified,1188,2026-08-05T17:36:59.6856301+09:00,2026-08-05T17:37:00.1856301+09:00,628.912984,629.412984,31,31,0.044549,0.047400,0.000141,0.000017,0.000018,0.012589,0
20260805_172630_772,1,Unspecified,1189,2026-08-05T17:37:00.1856301+09:00,2026-08-05T17:37:00.6856301+09:00,629.412984,629.912984,30,30,0.045800,0.053061,0.000006,0.000004,-0.000002,0.003118,0
20260805_172630_772,1,Unspecified,1190,2026-08-05T17:37:00.6856301+09:00,2026-08-05T17:37:01.1856301+09:00,629.912984,630.412984,29,29,0.038288,0.053118,0.000003,0.000007,0.000000,0.003055,0
20260805_172630_772,1,Unspecified,1191,2026-08-05T17:37:01.1856301+09:00,2026-08-05T17:37:01.6856301+09:00,630.412984,630.912984,30,30,0.034509,0.047959,0.000021,0.000054,0.000030,0.008670,0
20260805_172630_772,1,Unspecified,1192,2026-08-05T17:37:01.6856301+09:00,2026-08-05T17:37:02.1856301+09:00,630.912984,631.412984,30,30,0.029924,0.055176,0.000050,0.000230,-0.000042,0.016739,0
20260805_172630_772,1,Unspecified,1193,2026-08-05T17:37:02.1856301+09:00,2026-08-05T17:37:02.6856301+09:00,631.412984,631.912984,30,30,0.035588,0.050145,0.000025,0.000051,0.000017,0.008723,0
20260805_172630_772,1,Unspecified,1194,2026-08-05T17:37:02.6856301+09:00,2026-08-05T17:37:03.1856301+09:00,631.912984,632.412984,30,30,0.034646,0.051187,0.000007,0.000007,0.000004,0.003766,0
20260805_172630_772,1,Unspecified,1195,2026-08-05T17:37:03.1856301+09:00,2026-08-05T17:37:03.6856301+09:00,632.412984,632.912984,30,30,0.033535,0.050661,0.000005,0.000005,0.000002,0.003225,0
20260805_172630_772,1,Unspecified,1196,2026-08-05T17:37:03.6856301+09:00,2026-08-05T17:37:04.1856301+09:00,632.912984,633.412984,30,30,0.030209,0.041876,0.000003,0.000006,0.000001,0.003008,0
20260805_172630_772,1,Unspecified,1197,2026-08-05T17:37:04.1856301+09:00,2026-08-05T17:37:04.6856301+09:00,633.412984,633.912984,30,30,0.029929,0.043701,0.000004,0.000004,0.000001,0.002759,0
20260805_172630_772,1,Unspecified,1198,2026-08-05T17:37:04.6856301+09:00,2026-08-05T17:37:05.1856301+09:00,633.912984,634.412984,30,30,0.031043,0.043347,0.000004,0.000007,0.000001,0.003418,0
20260805_172630_772,1,Unspecified,1199,2026-08-05T17:37:05.1856301+09:00,2026-08-05T17:37:05.6856301+09:00,634.412984,634.912984,30,30,0.031407,0.041634,0.000003,0.000006,0.000000,0.002923,0
20260805_172630_772,1,Unspecified,1200,2026-08-05T17:37:05.6856301+09:00,2026-08-05T17:37:06.1856301+09:00,634.912984,635.412984,31,31,0.039735,0.035008,0.000021,0.000021,-0.000014,0.006484,0
20260805_172630_772,1,Unspecified,1201,2026-08-05T17:37:06.1856301+09:00,2026-08-05T17:37:06.6856301+09:00,635.412984,635.912984,29,29,0.037570,0.039755,0.000008,0.000028,-0.000004,0.005966,0
20260805_172630_772,1,Unspecified,1202,2026-08-05T17:37:06.6856301+09:00,2026-08-05T17:37:07.1856301+09:00,635.912984,636.412984,30,30,0.041762,0.036218,0.000005,0.000013,0.000002,0.004285,0
20260805_172630_772,1,Unspecified,1203,2026-08-05T17:37:07.1856301+09:00,2026-08-05T17:37:07.6856301+09:00,636.412984,636.912984,30,30,0.043417,0.041063,0.000002,0.000008,0.000001,0.003133,0
20260805_172630_772,1,Unspecified,1204,2026-08-05T17:37:07.6856301+09:00,2026-08-05T17:37:08.1856301+09:00,636.912984,637.412984,30,30,0.044231,0.041467,0.000002,0.000003,0.000000,0.002314,0
20260805_172630_772,1,Unspecified,1205,2026-08-05T17:37:08.1856301+09:00,2026-08-05T17:37:08.6856301+09:00,637.412984,637.912984,30,30,0.053512,0.040104,0.000051,0.000008,-0.000016,0.007660,0
20260805_172630_772,1,Unspecified,1206,2026-08-05T17:37:08.6856301+09:00,2026-08-05T17:37:09.1856301+09:00,637.912984,638.412984,30,30,0.047639,0.043760,0.000002,0.000003,0.000000,0.002289,0
20260805_172630_772,1,Unspecified,1207,2026-08-05T17:37:09.1856301+09:00,2026-08-05T17:37:09.6856301+09:00,638.412984,638.912984,30,30,0.043030,0.041137,0.000031,0.000040,0.000032,0.008418,0
20260805_172630_772,1,Unspecified,1208,2026-08-05T17:37:09.6856301+09:00,2026-08-05T17:37:10.1856301+09:00,638.912984,639.412984,30,30,0.035435,0.040017,0.000033,0.000109,0.000057,0.011914,0
20260805_172630_772,1,Unspecified,1209,2026-08-05T17:37:10.1856301+09:00,2026-08-05T17:37:10.6856301+09:00,639.412984,639.912984,30,30,0.038556,0.041887,0.000015,0.000085,-0.000007,0.009994,0
20260805_172630_772,1,Unspecified,1210,2026-08-05T17:37:10.6856301+09:00,2026-08-05T17:37:11.1856301+09:00,639.912984,640.412984,30,30,0.034620,0.030838,0.000007,0.000008,0.000005,0.003971,0
20260805_172630_772,1,Unspecified,1211,2026-08-05T17:37:11.1856301+09:00,2026-08-05T17:37:11.6856301+09:00,640.412984,640.912984,30,30,0.030588,0.034207,0.000004,0.000004,-0.000001,0.002858,0
20260805_172630_772,1,Unspecified,1212,2026-08-05T17:37:11.6856301+09:00,2026-08-05T17:37:12.1856301+09:00,640.912984,641.412984,30,30,0.022289,0.025712,0.000143,0.000066,0.000095,0.014441,0
20260805_172630_772,1,Unspecified,1213,2026-08-05T17:37:12.1856301+09:00,2026-08-05T17:37:12.6856301+09:00,641.412984,641.912984,30,30,0.026865,0.032359,0.000146,0.000110,0.000121,0.015992,0
20260805_172630_772,1,Unspecified,1214,2026-08-05T17:37:12.6856301+09:00,2026-08-05T17:37:13.1856301+09:00,641.912984,642.412984,30,30,0.034468,0.036219,0.000003,0.000005,0.000001,0.002764,0
20260805_172630_772,1,Unspecified,1215,2026-08-05T17:37:13.1856301+09:00,2026-08-05T17:37:13.6856301+09:00,642.412984,642.912984,30,30,0.035629,0.031871,0.000009,0.000003,-0.000002,0.003438,0
20260805_172630_772,1,Unspecified,1216,2026-08-05T17:37:13.6856301+09:00,2026-08-05T17:37:14.1856301+09:00,642.912984,643.412984,30,30,0.027069,0.029893,0.000174,0.000015,0.000042,0.013733,0
20260805_172630_772,1,Unspecified,1217,2026-08-05T17:37:14.1856301+09:00,2026-08-05T17:37:14.6856301+09:00,643.412984,643.912984,30,30,0.021522,0.027390,0.000111,0.000006,0.000018,0.010798,0
20260805_172630_772,1,Unspecified,1218,2026-08-05T17:37:14.6856301+09:00,2026-08-05T17:37:15.1856301+09:00,643.912984,644.412984,30,30,0.037338,0.040713,0.000028,0.000059,0.000039,0.009317,0
20260805_172630_772,1,Unspecified,1219,2026-08-05T17:37:15.1856301+09:00,2026-08-05T17:37:15.6856301+09:00,644.412984,644.912984,30,30,0.037237,0.040235,0.000070,0.000104,0.000083,0.013191,0
20260805_172630_772,1,Unspecified,1220,2026-08-05T17:37:15.6856301+09:00,2026-08-05T17:37:16.1856301+09:00,644.912984,645.412984,30,30,0.020461,0.024434,0.000006,0.000011,0.000004,0.004048,0
20260805_172630_772,1,Unspecified,1221,2026-08-05T17:37:16.1856301+09:00,2026-08-05T17:37:16.6856301+09:00,645.412984,645.912984,30,30,0.039898,0.037336,0.000095,0.000024,0.000046,0.010881,0
20260805_172630_772,1,Unspecified,1222,2026-08-05T17:37:16.6856301+09:00,2026-08-05T17:37:17.1856301+09:00,645.912984,646.412984,30,30,0.042361,0.041948,0.000004,0.000006,0.000001,0.003046,0
20260805_172630_772,1,Unspecified,1223,2026-08-05T17:37:17.1856301+09:00,2026-08-05T17:37:17.6856301+09:00,646.412984,646.912984,30,30,0.044023,0.043296,0.000004,0.000005,0.000003,0.002993,0
20260805_172630_772,1,Unspecified,1224,2026-08-05T17:37:17.6856301+09:00,2026-08-05T17:37:18.1856301+09:00,646.912984,647.412984,31,31,0.054508,0.039002,0.000020,0.000012,-0.000012,0.005650,0
20260805_172630_772,1,Unspecified,1225,2026-08-05T17:37:18.1856301+09:00,2026-08-05T17:37:18.6856301+09:00,647.412984,647.912984,29,29,0.050050,0.043181,0.000025,0.000039,-0.000024,0.007972,0
20260805_172630_772,1,Unspecified,1226,2026-08-05T17:37:18.6856301+09:00,2026-08-05T17:37:19.1856301+09:00,647.912984,648.412984,30,30,0.039530,0.041879,0.000005,0.000006,0.000002,0.003250,0
20260805_172630_772,1,Unspecified,1227,2026-08-05T17:37:19.1856301+09:00,2026-08-05T17:37:19.6856301+09:00,648.412984,648.912984,30,30,0.037958,0.042980,0.000006,0.000006,-0.000002,0.003420,0
20260805_172630_772,1,Unspecified,1228,2026-08-05T17:37:19.6856301+09:00,2026-08-05T17:37:20.1856301+09:00,648.912984,649.412984,30,30,0.052427,0.041918,0.000100,0.000034,-0.000019,0.011586,0
20260805_172630_772,1,Unspecified,1229,2026-08-05T17:37:20.1856301+09:00,2026-08-05T17:37:20.6856301+09:00,649.412984,649.912984,30,30,0.056757,0.037238,0.000054,0.000038,-0.000034,0.009561,0
20260805_172630_772,1,Unspecified,1230,2026-08-05T17:37:20.6856301+09:00,2026-08-05T17:37:21.1856301+09:00,649.912984,650.412984,30,30,0.043199,0.046442,0.000040,0.000014,-0.000017,0.007310,0
20260805_172630_772,1,Unspecified,1231,2026-08-05T17:37:21.1856301+09:00,2026-08-05T17:37:21.6856301+09:00,650.412984,650.912984,30,30,0.051083,0.045817,0.000006,0.000008,-0.000002,0.003774,0
20260805_172630_772,1,Unspecified,1232,2026-08-05T17:37:21.6856301+09:00,2026-08-05T17:37:22.1856301+09:00,650.912984,651.412984,30,30,0.044547,0.041207,0.000016,0.000005,0.000004,0.004575,0
20260805_172630_772,1,Unspecified,1233,2026-08-05T17:37:22.1856301+09:00,2026-08-05T17:37:22.6856301+09:00,651.412984,651.912984,30,30,0.052584,0.036584,0.000005,0.000004,0.000000,0.003048,0
20260805_172630_772,1,Unspecified,1234,2026-08-05T17:37:22.6856301+09:00,2026-08-05T17:37:23.1856301+09:00,651.912984,652.412984,31,31,0.048125,0.044403,0.000004,0.000006,-0.000001,0.003227,0
20260805_172630_772,1,Unspecified,1235,2026-08-05T17:37:23.1856301+09:00,2026-08-05T17:37:23.6856301+09:00,652.412984,652.912984,29,29,0.049422,0.040113,0.000011,0.000045,-0.000020,0.007534,0
20260805_172630_772,1,Unspecified,1236,2026-08-05T17:37:23.6856301+09:00,2026-08-05T17:37:24.1856301+09:00,652.912984,653.412984,30,30,0.060537,0.032598,0.000033,0.000004,-0.000004,0.006145,0
20260805_172630_772,1,Unspecified,1237,2026-08-05T17:37:24.1856301+09:00,2026-08-05T17:37:24.6856301+09:00,653.412984,653.912984,30,30,0.057833,0.033430,0.000093,0.000007,-0.000010,0.010028,0
20260805_172630_772,1,Unspecified,1238,2026-08-05T17:37:24.6856301+09:00,2026-08-05T17:37:25.1856301+09:00,653.912984,654.412984,30,30,0.035444,0.033108,0.000038,0.000028,0.000026,0.008141,0
20260805_172630_772,1,Unspecified,1239,2026-08-05T17:37:25.1856301+09:00,2026-08-05T17:37:25.6856301+09:00,654.412984,654.912984,30,30,0.043056,0.042467,0.000004,0.000004,0.000003,0.002959,0
20260805_172630_772,1,Unspecified,1240,2026-08-05T17:37:25.6856301+09:00,2026-08-05T17:37:26.1856301+09:00,654.912984,655.412984,30,30,0.036023,0.038389,0.000006,0.000012,0.000005,0.004248,0
20260805_172630_772,1,Unspecified,1241,2026-08-05T17:37:26.1856301+09:00,2026-08-05T17:37:26.6856301+09:00,655.412984,655.912984,30,30,0.037639,0.052675,0.000013,0.000219,0.000005,0.015258,0
20260805_172630_772,1,Unspecified,1242,2026-08-05T17:37:26.6856301+09:00,2026-08-05T17:37:27.1856301+09:00,655.912984,656.412984,30,30,0.037154,0.042967,0.000007,0.000006,0.000002,0.003630,0
20260805_172630_772,1,Unspecified,1243,2026-08-05T17:37:27.1856301+09:00,2026-08-05T17:37:27.6856301+09:00,656.412984,656.912984,30,30,0.029265,0.037113,0.000116,0.000079,0.000092,0.013943,0
20260805_172630_772,1,Unspecified,1244,2026-08-05T17:37:27.6856301+09:00,2026-08-05T17:37:28.1856301+09:00,656.912984,657.412984,30,30,0.048128,0.034997,0.000123,0.000033,0.000055,0.012495,0
20260805_172630_772,1,Unspecified,1245,2026-08-05T17:37:28.1856301+09:00,2026-08-05T17:37:28.6856301+09:00,657.412984,657.912984,30,30,0.038639,0.049987,0.000009,0.000011,-0.000004,0.004502,0
20260805_172630_772,1,Unspecified,1246,2026-08-05T17:37:28.6856301+09:00,2026-08-05T17:37:29.1856301+09:00,657.912984,658.412984,30,30,0.040010,0.048271,0.000003,0.000004,-0.000001,0.002740,0
20260805_172630_772,1,Unspecified,1247,2026-08-05T17:37:29.1856301+09:00,2026-08-05T17:37:29.6856301+09:00,658.412984,658.912984,30,30,0.045437,0.046345,0.000011,0.000011,-0.000006,0.004688,0
20260805_172630_772,1,Unspecified,1248,2026-08-05T17:37:29.6856301+09:00,2026-08-05T17:37:30.1856301+09:00,658.912984,659.412984,30,30,0.054631,0.041475,0.000003,0.000005,0.000000,0.002717,0
20260805_172630_772,1,Unspecified,1249,2026-08-05T17:37:30.1856301+09:00,2026-08-05T17:37:30.6856301+09:00,659.412984,659.912984,30,30,0.062912,0.042312,0.000166,0.000006,-0.000006,0.013084,0
20260805_172630_772,1,Unspecified,1250,2026-08-05T17:37:30.6856301+09:00,2026-08-05T17:37:31.1856301+09:00,659.912984,660.412984,30,30,0.035538,0.048462,0.000036,0.000010,0.000010,0.006731,0
20260805_172630_772,1,Unspecified,1251,2026-08-05T17:37:31.1856301+09:00,2026-08-05T17:37:31.6856301+09:00,660.412984,660.912984,30,30,0.039301,0.050000,0.000005,0.000005,0.000000,0.003249,0
20260805_172630_772,1,Unspecified,1252,2026-08-05T17:37:31.6856301+09:00,2026-08-05T17:37:32.1856301+09:00,660.912984,661.412984,30,30,0.048433,0.049701,0.000018,0.000014,-0.000010,0.005690,0
20260805_172630_772,1,Unspecified,1253,2026-08-05T17:37:32.1856301+09:00,2026-08-05T17:37:32.6856301+09:00,661.412984,661.912984,30,30,0.043796,0.047320,0.000056,0.000011,0.000011,0.008167,0
20260805_172630_772,1,Unspecified,1254,2026-08-05T17:37:32.6856301+09:00,2026-08-05T17:37:33.1856301+09:00,661.912984,662.412984,30,30,0.029945,0.046675,0.000001,0.000004,0.000000,0.002299,0
20260805_172630_772,1,Unspecified,1255,2026-08-05T17:37:33.1856301+09:00,2026-08-05T17:37:33.6856301+09:00,662.412984,662.912984,30,30,0.030424,0.046098,0.000018,0.000049,0.000026,0.008183,0
20260805_172630_772,1,Unspecified,1256,2026-08-05T17:37:33.6856301+09:00,2026-08-05T17:37:34.1856301+09:00,662.912984,663.412984,30,30,0.023859,0.035193,0.000004,0.000003,0.000001,0.002682,0
20260805_172630_772,1,Unspecified,1257,2026-08-05T17:37:34.1856301+09:00,2026-08-05T17:37:34.6856301+09:00,663.412984,663.912984,30,30,0.042414,0.046526,0.000091,0.000037,0.000039,0.011338,0
20260805_172630_772,1,Unspecified,1258,2026-08-05T17:37:34.6856301+09:00,2026-08-05T17:37:35.1856301+09:00,663.912984,664.412984,30,30,0.032885,0.045819,0.000004,0.000013,0.000001,0.004018,0
20260805_172630_772,1,Unspecified,1259,2026-08-05T17:37:35.1856301+09:00,2026-08-05T17:37:35.6856301+09:00,664.412984,664.912984,30,30,0.032781,0.041412,0.000006,0.000014,0.000005,0.004424,0
20260805_172630_772,1,Unspecified,1260,2026-08-05T17:37:35.6856301+09:00,2026-08-05T17:37:36.1856301+09:00,664.912984,665.412984,30,30,0.035856,0.041562,0.000035,0.000062,0.000040,0.009845,0
20260805_172630_772,1,Unspecified,1261,2026-08-05T17:37:36.1856301+09:00,2026-08-05T17:37:36.6856301+09:00,665.412984,665.912984,30,30,0.042193,0.049292,0.000002,0.000008,0.000000,0.003174,0
20260805_172630_772,1,Unspecified,1262,2026-08-05T17:37:36.6856301+09:00,2026-08-05T17:37:37.1856301+09:00,665.912984,666.412984,30,30,0.039201,0.054407,0.000002,0.000003,0.000001,0.002220,0
20260805_172630_772,1,Unspecified,1263,2026-08-05T17:37:37.1856301+09:00,2026-08-05T17:37:37.6856301+09:00,666.412984,666.912984,30,30,0.038172,0.055658,0.000009,0.000005,0.000001,0.003794,0
20260805_172630_772,1,Unspecified,1264,2026-08-05T17:37:37.6856301+09:00,2026-08-05T17:37:38.1856301+09:00,666.912984,667.412984,30,30,0.045765,0.050890,0.000057,0.000010,-0.000010,0.008152,0
20260805_172630_772,1,Unspecified,1265,2026-08-05T17:37:38.1856301+09:00,2026-08-05T17:37:38.6856301+09:00,667.412984,667.912984,30,30,0.045298,0.048384,0.000005,0.000001,-0.000002,0.002559,0
20260805_172630_772,1,Unspecified,1266,2026-08-05T17:37:38.6856301+09:00,2026-08-05T17:37:39.1856301+09:00,667.912984,668.412984,30,30,0.044778,0.048864,0.000000,0.000000,0.000000,0.000081,0
20260805_172630_772,1,Unspecified,1267,2026-08-05T17:37:39.1856301+09:00,2026-08-05T17:37:39.6856301+09:00,668.412984,668.912984,30,30,0.044486,0.048637,0.000000,0.000000,0.000000,0.000233,0
20260805_172630_772,1,Unspecified,1268,2026-08-05T17:37:39.6856301+09:00,2026-08-05T17:37:40.1856301+09:00,668.912984,669.412984,31,31,0.044384,0.048591,0.000000,0.000000,0.000000,0.000110,0
20260805_172630_772,1,Unspecified,1269,2026-08-05T17:37:40.1856301+09:00,2026-08-05T17:37:40.6856301+09:00,669.412984,669.912984,29,29,0.044100,0.048479,0.000000,0.000000,0.000000,0.000153,0
20260805_172630_772,1,Unspecified,1270,2026-08-05T17:37:40.6856301+09:00,2026-08-05T17:37:41.1856301+09:00,669.912984,670.412984,30,30,0.044302,0.048661,0.000000,0.000000,0.000000,0.000097,0
20260805_172630_772,1,Unspecified,1271,2026-08-05T17:37:41.1856301+09:00,2026-08-05T17:37:41.6856301+09:00,670.412984,670.912984,30,30,0.044027,0.048445,0.000000,0.000000,0.000000,0.000191,0
20260805_172630_772,1,Unspecified,1272,2026-08-05T17:37:41.6856301+09:00,2026-08-05T17:37:42.1856301+09:00,670.912984,671.412984,30,30,0.043715,0.048274,0.000000,0.000000,0.000000,0.000170,0
20260805_172630_772,1,Unspecified,1273,2026-08-05T17:37:42.1856301+09:00,2026-08-05T17:37:42.6856301+09:00,671.412984,671.912984,30,30,0.043605,0.048317,0.000000,0.000000,0.000000,0.000087,0
20260805_172630_772,1,Unspecified,1274,2026-08-05T17:37:42.6856301+09:00,2026-08-05T17:37:43.1856301+09:00,671.912984,672.412984,30,30,0.043441,0.048231,0.000000,0.000000,0.000000,0.000094,0
20260805_172630_772,1,Unspecified,1275,2026-08-05T17:37:43.1856301+09:00,2026-08-05T17:37:43.6856301+09:00,672.412984,672.912984,30,30,0.043396,0.048140,0.000000,0.000000,0.000000,0.000100,0
20260805_172630_772,1,Unspecified,1276,2026-08-05T17:37:43.6856301+09:00,2026-08-05T17:37:44.1856301+09:00,672.912984,673.412984,30,30,0.042900,0.047770,0.000000,0.000000,0.000000,0.000476,0
20260805_172630_772,1,Unspecified,1277,2026-08-05T17:37:44.1856301+09:00,2026-08-05T17:37:44.6856301+09:00,673.412984,673.912984,30,30,0.042458,0.047653,0.000000,0.000000,0.000000,0.000465,0
20260805_172630_772,1,Unspecified,1278,2026-08-05T17:37:44.6856301+09:00,2026-08-05T17:37:45.1856301+09:00,673.912984,674.412984,30,30,0.042941,0.048432,0.000000,0.000000,0.000000,0.000135,0
20260805_172630_772,1,Unspecified,1279,2026-08-05T17:37:45.1856301+09:00,2026-08-05T17:37:45.6856301+09:00,674.412984,674.912984,30,30,0.042882,0.047883,0.000000,0.000000,0.000000,0.000264,0
20260805_172630_772,1,Unspecified,1280,2026-08-05T17:37:45.6856301+09:00,2026-08-05T17:37:46.1856301+09:00,674.912984,675.412984,30,30,0.042037,0.047043,0.000000,0.000000,0.000000,0.000290,0
20260805_172630_772,1,Unspecified,1281,2026-08-05T17:37:46.1856301+09:00,2026-08-05T17:37:46.6856301+09:00,675.412984,675.912984,30,30,0.041997,0.047023,0.000000,0.000000,0.000000,0.000340,0
20260805_172630_772,1,Unspecified,1282,2026-08-05T17:37:46.6856301+09:00,2026-08-05T17:37:47.1856301+09:00,675.912984,676.412984,30,30,0.042539,0.047374,0.000000,0.000000,0.000000,0.000136,0
20260805_172630_772,1,Unspecified,1283,2026-08-05T17:37:47.1856301+09:00,2026-08-05T17:37:47.6856301+09:00,676.412984,676.912984,30,30,0.042715,0.047408,0.000000,0.000000,0.000000,0.000087,0
20260805_172630_772,1,Unspecified,1284,2026-08-05T17:37:47.6856301+09:00,2026-08-05T17:37:48.1856301+09:00,676.912984,677.412984,30,30,0.042869,0.047461,0.000000,0.000000,0.000000,0.000129,0
20260805_172630_772,1,Unspecified,1285,2026-08-05T17:37:48.1856301+09:00,2026-08-05T17:37:48.6856301+09:00,677.412984,677.912984,30,30,0.042935,0.047533,0.000000,0.000000,0.000000,0.000054,0
20260805_172630_772,1,Unspecified,1286,2026-08-05T17:37:48.6856301+09:00,2026-08-05T17:37:49.1856301+09:00,677.912984,678.412984,30,30,0.042970,0.047535,0.000000,0.000000,0.000000,0.000088,0
20260805_172630_772,1,Unspecified,1287,2026-08-05T17:37:49.1856301+09:00,2026-08-05T17:37:49.6856301+09:00,678.412984,678.912984,30,30,0.043085,0.047571,0.000000,0.000000,0.000000,0.000150,0
20260805_172630_772,1,Unspecified,1288,2026-08-05T17:37:49.6856301+09:00,2026-08-05T17:37:50.1856301+09:00,678.912984,679.412984,30,30,0.043157,0.047687,0.000000,0.000000,0.000000,0.000084,0
20260805_172630_772,1,Unspecified,1289,2026-08-05T17:37:50.1856301+09:00,2026-08-05T17:37:50.6856301+09:00,679.412984,679.912984,30,30,0.043208,0.047749,0.000000,0.000000,0.000000,0.000102,0
20260805_172630_772,1,Unspecified,1290,2026-08-05T17:37:50.6856301+09:00,2026-08-05T17:37:51.1856301+09:00,679.912984,680.412984,30,30,0.043359,0.047730,0.000000,0.000000,0.000000,0.000049,0
20260805_172630_772,1,Unspecified,1291,2026-08-05T17:37:51.1856301+09:00,2026-08-05T17:37:51.6856301+09:00,680.412984,680.912984,30,30,0.043459,0.047840,0.000000,0.000000,0.000000,0.000147,0
20260805_172630_772,1,Unspecified,1292,2026-08-05T17:37:51.6856301+09:00,2026-08-05T17:37:52.1856301+09:00,680.912984,681.412984,30,30,0.043028,0.047573,0.000000,0.000000,0.000000,0.000156,0
20260805_172630_772,1,Unspecified,1293,2026-08-05T17:37:52.1856301+09:00,2026-08-05T17:37:52.6856301+09:00,681.412984,681.912984,30,30,0.043236,0.047622,0.000000,0.000000,0.000000,0.000073,0
20260805_172630_772,1,Unspecified,1294,2026-08-05T17:37:52.6856301+09:00,2026-08-05T17:37:53.1856301+09:00,681.912984,682.412984,31,31,0.043321,0.047639,0.000000,0.000000,0.000000,0.000097,0
20260805_172630_772,1,Unspecified,1295,2026-08-05T17:37:53.1856301+09:00,2026-08-05T17:37:53.6856301+09:00,682.412984,682.912984,29,29,0.043224,0.047527,0.000000,0.000000,0.000000,0.000181,0
20260805_172630_772,1,Unspecified,1296,2026-08-05T17:37:53.6856301+09:00,2026-08-05T17:37:54.1856301+09:00,682.912984,683.412984,30,30,0.043473,0.047701,0.000000,0.000000,0.000000,0.000141,0
20260805_172630_772,1,Unspecified,1297,2026-08-05T17:37:54.1856301+09:00,2026-08-05T17:37:54.6856301+09:00,683.412984,683.912984,30,30,0.043059,0.047449,0.000000,0.000000,0.000000,0.000296,0
20260805_172630_772,1,Unspecified,1298,2026-08-05T17:37:54.6856301+09:00,2026-08-05T17:37:55.1856301+09:00,683.912984,684.412984,30,30,0.042895,0.047294,0.000000,0.000000,0.000000,0.000111,0
20260805_172630_772,1,Unspecified,1299,2026-08-05T17:37:55.1856301+09:00,2026-08-05T17:37:55.6856301+09:00,684.412984,684.912984,30,30,0.043055,0.047386,0.000000,0.000000,0.000000,0.000079,0
20260805_172630_772,1,Unspecified,1300,2026-08-05T17:37:55.6856301+09:00,2026-08-05T17:37:56.1856301+09:00,684.912984,685.412984,30,30,0.042798,0.047274,0.000000,0.000000,0.000000,0.000248,0
20260805_172630_772,1,Unspecified,1301,2026-08-05T17:37:56.1856301+09:00,2026-08-05T17:37:56.6856301+09:00,685.412984,685.912984,30,30,0.042429,0.047126,0.000000,0.000000,0.000000,0.000199,0
20260805_172630_772,1,Unspecified,1302,2026-08-05T17:37:56.6856301+09:00,2026-08-05T17:37:57.1856301+09:00,685.912984,686.412984,30,30,0.042775,0.047351,0.000000,0.000000,0.000000,0.000069,0
20260805_172630_772,1,Unspecified,1303,2026-08-05T17:37:57.1856301+09:00,2026-08-05T17:37:57.6856301+09:00,686.412984,686.912984,30,30,0.042578,0.047146,0.000000,0.000000,0.000000,0.000217,0
20260805_172630_772,1,Unspecified,1304,2026-08-05T17:37:57.6856301+09:00,2026-08-05T17:37:58.1856301+09:00,686.912984,687.412984,30,30,0.042663,0.047191,0.000000,0.000000,0.000000,0.000212,0
20260805_172630_772,1,Unspecified,1305,2026-08-05T17:37:58.1856301+09:00,2026-08-05T17:37:58.6856301+09:00,687.412984,687.912984,30,30,0.042582,0.047188,0.000000,0.000000,0.000000,0.000124,0
20260805_172630_772,1,Unspecified,1306,2026-08-05T17:37:58.6856301+09:00,2026-08-05T17:37:59.1856301+09:00,687.912984,688.412984,30,30,0.042622,0.047177,0.000000,0.000000,0.000000,0.000075,0
20260805_172630_772,1,Unspecified,1307,2026-08-05T17:37:59.1856301+09:00,2026-08-05T17:37:59.6856301+09:00,688.412984,688.912984,30,30,0.042720,0.047098,0.000000,0.000000,0.000000,0.000097,0
20260805_172630_772,1,Unspecified,1308,2026-08-05T17:37:59.6856301+09:00,2026-08-05T17:38:00.1856301+09:00,688.912984,689.412984,30,30,0.042620,0.047030,0.000000,0.000000,0.000000,0.000145,0
20260805_172630_772,1,Unspecified,1309,2026-08-05T17:38:00.1856301+09:00,2026-08-05T17:38:00.6856301+09:00,689.412984,689.912984,30,30,0.042449,0.046866,0.000000,0.000000,0.000000,0.000083,0
20260805_172630_772,1,Unspecified,1310,2026-08-05T17:38:00.6856301+09:00,2026-08-05T17:38:01.1856301+09:00,689.912984,690.412984,30,30,0.042575,0.046844,0.000000,0.000000,0.000000,0.000119,0
20260805_172630_772,1,Unspecified,1311,2026-08-05T17:38:01.1856301+09:00,2026-08-05T17:38:01.6856301+09:00,690.412984,690.912984,30,30,0.042724,0.046944,0.000000,0.000000,0.000000,0.000100,0
20260805_172630_772,1,Unspecified,1312,2026-08-05T17:38:01.6856301+09:00,2026-08-05T17:38:02.1856301+09:00,690.912984,691.412984,30,30,0.042681,0.046885,0.000000,0.000000,0.000000,0.000091,0
20260805_172630_772,1,Unspecified,1313,2026-08-05T17:38:02.1856301+09:00,2026-08-05T17:38:02.6856301+09:00,691.412984,691.912984,30,30,0.043115,0.047176,0.000000,0.000000,0.000000,0.000321,0
20260805_172630_772,1,Unspecified,1314,2026-08-05T17:38:02.6856301+09:00,2026-08-05T17:38:03.1856301+09:00,691.912984,692.412984,30,30,0.043346,0.047337,0.000000,0.000000,0.000000,0.000178,0
20260805_172630_772,1,Unspecified,1315,2026-08-05T17:38:03.1856301+09:00,2026-08-05T17:38:03.6856301+09:00,692.412984,692.912984,30,30,0.043275,0.047256,0.000000,0.000000,0.000000,0.000089,0
20260805_172630_772,1,Unspecified,1316,2026-08-05T17:38:03.6856301+09:00,2026-08-05T17:38:04.1856301+09:00,692.912984,693.412984,30,30,0.043117,0.047178,0.000000,0.000000,0.000000,0.000079,0
20260805_172630_772,1,Unspecified,1317,2026-08-05T17:38:04.1856301+09:00,2026-08-05T17:38:04.6856301+09:00,693.412984,693.912984,30,30,0.043041,0.047216,0.000000,0.000000,0.000000,0.000108,0
20260805_172630_772,1,Unspecified,1318,2026-08-05T17:38:04.6856301+09:00,2026-08-05T17:38:05.1856301+09:00,693.912984,694.412984,30,30,0.043273,0.047324,0.000000,0.000000,0.000000,0.000062,0
20260805_172630_772,1,Unspecified,1319,2026-08-05T17:38:05.1856301+09:00,2026-08-05T17:38:05.6856301+09:00,694.412984,694.912984,30,30,0.043364,0.047398,0.000000,0.000000,0.000000,0.000102,0
20260805_172630_772,1,Unspecified,1320,2026-08-05T17:38:05.6856301+09:00,2026-08-05T17:38:06.1856301+09:00,694.912984,695.412984,30,30,0.042942,0.047120,0.000000,0.000000,0.000000,0.000270,0
20260805_172630_772,1,Unspecified,1321,2026-08-05T17:38:06.1856301+09:00,2026-08-05T17:38:06.6856301+09:00,695.412984,695.912984,30,30,0.042761,0.046963,0.000000,0.000000,0.000000,0.000074,0
20260805_172630_772,1,Unspecified,1322,2026-08-05T17:38:06.6856301+09:00,2026-08-05T17:38:07.1856301+09:00,695.912984,696.412984,30,30,0.042700,0.046885,0.000000,0.000000,0.000000,0.000127,0
20260805_172630_772,1,Unspecified,1323,2026-08-05T17:38:07.1856301+09:00,2026-08-05T17:38:07.6856301+09:00,696.412984,696.912984,30,30,0.042551,0.046798,0.000000,0.000000,0.000000,0.000083,0
20260805_172630_772,1,Unspecified,1324,2026-08-05T17:38:07.6856301+09:00,2026-08-05T17:38:08.1856301+09:00,696.912984,697.412984,30,30,0.042385,0.046736,0.000000,0.000000,0.000000,0.000131,0
20260805_172630_772,1,Unspecified,1325,2026-08-05T17:38:08.1856301+09:00,2026-08-05T17:38:08.6856301+09:00,697.412984,697.912984,30,30,0.042741,0.046979,0.000000,0.000000,0.000000,0.000160,0
20260805_172630_772,1,Unspecified,1326,2026-08-05T17:38:08.6856301+09:00,2026-08-05T17:38:09.1856301+09:00,697.912984,698.412984,30,30,0.042592,0.046916,0.000000,0.000000,0.000000,0.000080,0
20260805_172630_772,1,Unspecified,1327,2026-08-05T17:38:09.1856301+09:00,2026-08-05T17:38:09.6856301+09:00,698.412984,698.912984,30,30,0.042661,0.046913,0.000000,0.000000,0.000000,0.000078,0
20260805_172630_772,1,Unspecified,1328,2026-08-05T17:38:09.6856301+09:00,2026-08-05T17:38:10.1856301+09:00,698.912984,699.412984,30,30,0.042297,0.046716,0.000000,0.000000,0.000000,0.000256,0
20260805_172630_772,1,Unspecified,1329,2026-08-05T17:38:10.1856301+09:00,2026-08-05T17:38:10.6856301+09:00,699.412984,699.912984,31,31,0.041892,0.046497,0.000000,0.000000,0.000000,0.000122,0
20260805_172630_772,1,Unspecified,1330,2026-08-05T17:38:10.6856301+09:00,2026-08-05T17:38:11.1856301+09:00,699.912984,700.412984,29,29,0.041977,0.046562,0.000000,0.000000,0.000000,0.000161,0
20260805_172630_772,1,Unspecified,1331,2026-08-05T17:38:11.1856301+09:00,2026-08-05T17:38:11.6856301+09:00,700.412984,700.912984,30,30,0.042170,0.046696,0.000000,0.000000,0.000000,0.000086,0
20260805_172630_772,1,Unspecified,1332,2026-08-05T17:38:11.6856301+09:00,2026-08-05T17:38:12.1856301+09:00,700.912984,701.412984,30,30,0.042130,0.046701,0.000000,0.000000,0.000000,0.000052,0
20260805_172630_772,1,Unspecified,1333,2026-08-05T17:38:12.1856301+09:00,2026-08-05T17:38:12.6856301+09:00,701.412984,701.912984,30,30,0.042192,0.046716,0.000000,0.000000,0.000000,0.000081,0
20260805_172630_772,1,Unspecified,1334,2026-08-05T17:38:12.6856301+09:00,2026-08-05T17:38:13.1856301+09:00,701.912984,702.412984,30,30,0.042217,0.046723,0.000000,0.000000,0.000000,0.000081,0
20260805_172630_772,1,Unspecified,1335,2026-08-05T17:38:13.1856301+09:00,2026-08-05T17:38:13.6856301+09:00,702.412984,702.912984,30,30,0.042367,0.046758,0.000000,0.000000,0.000000,0.000078,0
20260805_172630_772,1,Unspecified,1336,2026-08-05T17:38:13.6856301+09:00,2026-08-05T17:38:14.1856301+09:00,702.912984,703.412984,30,30,0.042496,0.046820,0.000000,0.000000,0.000000,0.000189,0
20260805_172630_772,1,Unspecified,1337,2026-08-05T17:38:14.1856301+09:00,2026-08-05T17:38:14.6856301+09:00,703.412984,703.912984,30,30,0.042510,0.046882,0.000000,0.000000,0.000000,0.000118,0
20260805_172630_772,1,Unspecified,1338,2026-08-05T17:38:14.6856301+09:00,2026-08-05T17:38:15.1856301+09:00,703.912984,704.412984,30,30,0.042545,0.046875,0.000000,0.000000,0.000000,0.000048,0
20260805_172630_772,1,Unspecified,1339,2026-08-05T17:38:15.1856301+09:00,2026-08-05T17:38:15.6856301+09:00,704.412984,704.912984,30,30,0.042606,0.046878,0.000000,0.000000,0.000000,0.000067,0
20260805_172630_772,1,Unspecified,1340,2026-08-05T17:38:15.6856301+09:00,2026-08-05T17:38:16.1856301+09:00,704.912984,705.412984,31,31,0.042409,0.046775,0.000000,0.000000,0.000000,0.000097,0
20260805_172630_772,1,Unspecified,1341,2026-08-05T17:38:16.1856301+09:00,2026-08-05T17:38:16.6856301+09:00,705.412984,705.912984,29,29,0.042636,0.046836,0.000000,0.000000,0.000000,0.000083,0
20260805_172630_772,1,Unspecified,1342,2026-08-05T17:38:16.6856301+09:00,2026-08-05T17:38:17.1856301+09:00,705.912984,706.412984,30,30,0.042668,0.046794,0.000000,0.000000,0.000000,0.000212,0
20260805_172630_772,1,Unspecified,1343,2026-08-05T17:38:17.1856301+09:00,2026-08-05T17:38:17.6856301+09:00,706.412984,706.912984,30,30,0.041334,0.045870,0.000000,0.000000,0.000000,0.000579,0
20260805_172630_772,1,Unspecified,1344,2026-08-05T17:38:17.6856301+09:00,2026-08-05T17:38:18.1856301+09:00,706.912984,707.412984,30,30,0.040797,0.045914,0.000000,0.000000,0.000000,0.000424,0
20260805_172630_772,1,Unspecified,1345,2026-08-05T17:38:18.1856301+09:00,2026-08-05T17:38:18.6856301+09:00,707.412984,707.912984,30,30,0.042125,0.046780,0.000000,0.000000,0.000000,0.000308,0
20260805_172630_772,1,Unspecified,1346,2026-08-05T17:38:18.6856301+09:00,2026-08-05T17:38:19.1856301+09:00,707.912984,708.412984,30,30,0.042423,0.046894,0.000000,0.000000,0.000000,0.000110,0
20260805_172630_772,1,Unspecified,1347,2026-08-05T17:38:19.1856301+09:00,2026-08-05T17:38:19.6856301+09:00,708.412984,708.912984,30,30,0.042035,0.046596,0.000000,0.000000,0.000000,0.000133,0
20260805_172630_772,1,Unspecified,1348,2026-08-05T17:38:19.6856301+09:00,2026-08-05T17:38:20.1856301+09:00,708.912984,709.412984,30,30,0.042100,0.046701,0.000000,0.000000,0.000000,0.000076,0
20260805_172630_772,1,Unspecified,1349,2026-08-05T17:38:20.1856301+09:00,2026-08-05T17:38:20.6856301+09:00,709.412984,709.912984,30,30,0.041818,0.046496,0.000000,0.000000,0.000000,0.000146,0
20260805_172630_772,1,Unspecified,1350,2026-08-05T17:38:20.6856301+09:00,2026-08-05T17:38:21.1856301+09:00,709.912984,710.412984,30,30,0.041805,0.046503,0.000000,0.000000,0.000000,0.000087,0
20260805_172630_772,1,Unspecified,1351,2026-08-05T17:38:21.1856301+09:00,2026-08-05T17:38:21.6856301+09:00,710.412984,710.912984,30,30,0.041814,0.046429,0.000000,0.000000,0.000000,0.000123,0
20260805_172630_772,1,Unspecified,1352,2026-08-05T17:38:21.6856301+09:00,2026-08-05T17:38:22.1856301+09:00,710.912984,711.412984,31,31,0.041136,0.046174,0.000000,0.000000,0.000000,0.000384,0
20260805_172630_772,1,Unspecified,1353,2026-08-05T17:38:22.1856301+09:00,2026-08-05T17:38:22.6856301+09:00,711.412984,711.912984,29,29,0.040528,0.046104,0.000000,0.000000,0.000000,0.000148,0
20260805_172630_772,1,Unspecified,1354,2026-08-05T17:38:22.6856301+09:00,2026-08-05T17:38:23.1856301+09:00,711.912984,712.412984,30,30,0.040850,0.046469,0.000000,0.000000,0.000000,0.000131,0
20260805_172630_772,1,Unspecified,1355,2026-08-05T17:38:23.1856301+09:00,2026-08-05T17:38:23.6856301+09:00,712.412984,712.912984,30,30,0.041095,0.046484,0.000000,0.000000,0.000000,0.000145,0
20260805_172630_772,1,Unspecified,1356,2026-08-05T17:38:23.6856301+09:00,2026-08-05T17:38:24.1856301+09:00,712.912984,713.412984,30,30,0.040895,0.046434,0.000000,0.000000,0.000000,0.000128,0
20260805_172630_772,1,Unspecified,1357,2026-08-05T17:38:24.1856301+09:00,2026-08-05T17:38:24.6856301+09:00,713.412984,713.912984,30,30,0.041275,0.046611,0.000000,0.000000,0.000000,0.000403,0
20260805_172630_772,1,Unspecified,1358,2026-08-05T17:38:24.6856301+09:00,2026-08-05T17:38:25.1856301+09:00,713.912984,714.412984,30,30,0.041574,0.046760,0.000000,0.000000,0.000000,0.000129,0
20260805_172630_772,1,Unspecified,1359,2026-08-05T17:38:25.1856301+09:00,2026-08-05T17:38:25.6856301+09:00,714.412984,714.912984,30,30,0.041861,0.046684,0.000000,0.000000,0.000000,0.000102,0
20260805_172630_772,1,Unspecified,1360,2026-08-05T17:38:25.6856301+09:00,2026-08-05T17:38:26.1856301+09:00,714.912984,715.412984,30,30,0.041904,0.046625,0.000000,0.000000,0.000000,0.000094,0
20260805_172630_772,1,Unspecified,1361,2026-08-05T17:38:26.1856301+09:00,2026-08-05T17:38:26.6856301+09:00,715.412984,715.912984,30,30,0.041677,0.046509,0.000000,0.000000,0.000000,0.000124,0
20260805_172630_772,1,Unspecified,1362,2026-08-05T17:38:26.6856301+09:00,2026-08-05T17:38:27.1856301+09:00,715.912984,716.412984,30,30,0.041846,0.046553,0.000000,0.000000,0.000000,0.000078,0
20260805_172630_772,1,Unspecified,1363,2026-08-05T17:38:27.1856301+09:00,2026-08-05T17:38:27.6856301+09:00,716.412984,716.912984,30,30,0.041797,0.046446,0.000000,0.000000,0.000000,0.000052,0
20260805_172630_772,1,Unspecified,1364,2026-08-05T17:38:27.6856301+09:00,2026-08-05T17:38:28.1856301+09:00,716.912984,717.412984,31,31,0.041724,0.046389,0.000000,0.000000,0.000000,0.000138,0
20260805_172630_772,1,Unspecified,1365,2026-08-05T17:38:28.1856301+09:00,2026-08-05T17:38:28.6856301+09:00,717.412984,717.912984,29,29,0.041694,0.046335,0.000000,0.000000,0.000000,0.000081,0
20260805_172630_772,1,Unspecified,1366,2026-08-05T17:38:28.6856301+09:00,2026-08-05T17:38:29.1856301+09:00,717.912984,718.412984,30,30,0.041982,0.046327,0.000000,0.000000,0.000000,0.000209,0
20260805_172630_772,1,Unspecified,1367,2026-08-05T17:38:29.1856301+09:00,2026-08-05T17:38:29.6856301+09:00,718.412984,718.912984,30,30,0.041938,0.046278,0.000000,0.000000,0.000000,0.000168,0
20260805_172630_772,1,Unspecified,1368,2026-08-05T17:38:29.6856301+09:00,2026-08-05T17:38:30.1856301+09:00,718.912984,719.412984,30,30,0.041883,0.046320,0.000000,0.000000,0.000000,0.000067,0
20260805_172630_772,1,Unspecified,1369,2026-08-05T17:38:30.1856301+09:00,2026-08-05T17:38:30.6856301+09:00,719.412984,719.912984,30,30,0.041850,0.046241,0.000000,0.000000,0.000000,0.000116,0
20260805_172630_772,1,Unspecified,1370,2026-08-05T17:38:30.6856301+09:00,2026-08-05T17:38:31.1856301+09:00,719.912984,720.412984,30,30,0.041935,0.046290,0.000000,0.000000,0.000000,0.000094,0
20260805_172630_772,1,Unspecified,1371,2026-08-05T17:38:31.1856301+09:00,2026-08-05T17:38:31.6856301+09:00,720.412984,720.912984,30,30,0.041826,0.046274,0.000000,0.000000,0.000000,0.000156,0
20260805_172630_772,1,Unspecified,1372,2026-08-05T17:38:31.6856301+09:00,2026-08-05T17:38:32.1856301+09:00,720.912984,721.412984,30,30,0.041044,0.045983,0.000000,0.000000,0.000000,0.000757,0
20260805_172630_772,1,Unspecified,1373,2026-08-05T17:38:32.1856301+09:00,2026-08-05T17:38:32.6856301+09:00,721.412984,721.912984,30,30,0.038346,0.044884,0.000000,0.000000,0.000000,0.000359,0
20260805_172630_772,1,Unspecified,1374,2026-08-05T17:38:32.6856301+09:00,2026-08-05T17:38:33.1856301+09:00,721.912984,722.412984,31,31,0.038601,0.045108,0.000000,0.000000,0.000000,0.000327,0
20260805_172630_772,1,Unspecified,1375,2026-08-05T17:38:33.1856301+09:00,2026-08-05T17:38:33.6856301+09:00,722.412984,722.912984,30,30,0.038830,0.045152,0.000000,0.000000,0.000000,0.000127,0
20260805_172630_772,1,Unspecified,1376,2026-08-05T17:38:33.6856301+09:00,2026-08-05T17:38:34.1856301+09:00,722.912984,723.412984,29,29,0.039255,0.045244,0.000000,0.000000,0.000000,0.000237,0
20260805_172630_772,1,Unspecified,1377,2026-08-05T17:38:34.1856301+09:00,2026-08-05T17:38:34.6856301+09:00,723.412984,723.912984,30,30,0.040139,0.045692,0.000000,0.000000,0.000000,0.000356,0
20260805_172630_772,1,Unspecified,1378,2026-08-05T17:38:34.6856301+09:00,2026-08-05T17:38:35.1856301+09:00,723.912984,724.412984,30,30,0.040672,0.046198,0.000000,0.000000,0.000000,0.000124,0
20260805_172630_772,1,Unspecified,1379,2026-08-05T17:38:35.1856301+09:00,2026-08-05T17:38:35.6856301+09:00,724.412984,724.912984,30,30,0.040914,0.045803,0.000000,0.000000,0.000000,0.000115,0
20260805_172630_772,1,Unspecified,1380,2026-08-05T17:38:35.6856301+09:00,2026-08-05T17:38:36.1856301+09:00,724.912984,725.412984,30,30,0.040469,0.045423,0.000000,0.000000,0.000000,0.000472,0
20260805_172630_772,1,Unspecified,1381,2026-08-05T17:38:36.1856301+09:00,2026-08-05T17:38:36.6856301+09:00,725.412984,725.912984,30,30,0.039678,0.045048,0.000000,0.000000,0.000000,0.000158,0
20260805_172630_772,1,Unspecified,1382,2026-08-05T17:38:36.6856301+09:00,2026-08-05T17:38:37.1856301+09:00,725.912984,726.412984,30,30,0.040144,0.045404,0.000000,0.000000,0.000000,0.000181,0
20260805_172630_772,1,Unspecified,1383,2026-08-05T17:38:37.1856301+09:00,2026-08-05T17:38:37.6856301+09:00,726.412984,726.912984,30,30,0.040352,0.045437,0.000000,0.000000,0.000000,0.000120,0
20260805_172630_772,1,Unspecified,1384,2026-08-05T17:38:37.6856301+09:00,2026-08-05T17:38:38.1856301+09:00,726.912984,727.412984,30,30,0.040833,0.045681,0.000000,0.000000,0.000000,0.000200,0
20260805_172630_772,1,Unspecified,1385,2026-08-05T17:38:38.1856301+09:00,2026-08-05T17:38:38.6856301+09:00,727.412984,727.912984,30,30,0.041520,0.046017,0.000000,0.000000,0.000000,0.000276,0
20260805_172630_772,1,Unspecified,1386,2026-08-05T17:38:38.6856301+09:00,2026-08-05T17:38:39.1856301+09:00,727.912984,728.412984,30,30,0.042550,0.046627,0.000000,0.000000,0.000000,0.000270,0
20260805_172630_772,1,Unspecified,1387,2026-08-05T17:38:39.1856301+09:00,2026-08-05T17:38:39.6856301+09:00,728.412984,728.912984,30,30,0.042371,0.046548,0.000000,0.000000,0.000000,0.000176,0
20260805_172630_772,1,Unspecified,1388,2026-08-05T17:38:39.6856301+09:00,2026-08-05T17:38:40.1856301+09:00,728.912984,729.412984,30,30,0.041886,0.046388,0.000000,0.000000,0.000000,0.000172,0
20260805_172630_772,1,Unspecified,1389,2026-08-05T17:38:40.1856301+09:00,2026-08-05T17:38:40.6856301+09:00,729.412984,729.912984,30,30,0.041632,0.046203,0.000000,0.000000,0.000000,0.000085,0
20260805_172630_772,1,Unspecified,1390,2026-08-05T17:38:40.6856301+09:00,2026-08-05T17:38:41.1856301+09:00,729.912984,730.412984,30,30,0.041656,0.046179,0.000000,0.000000,0.000000,0.000095,0
20260805_172630_772,1,Unspecified,1391,2026-08-05T17:38:41.1856301+09:00,2026-08-05T17:38:41.6856301+09:00,730.412984,730.912984,30,30,0.041889,0.046274,0.000000,0.000000,0.000000,0.000094,0
20260805_172630_772,1,Unspecified,1392,2026-08-05T17:38:41.6856301+09:00,2026-08-05T17:38:42.1856301+09:00,730.912984,731.412984,30,30,0.041818,0.046158,0.000000,0.000000,0.000000,0.000093,0
20260805_172630_772,1,Unspecified,1393,2026-08-05T17:38:42.1856301+09:00,2026-08-05T17:38:42.6856301+09:00,731.412984,731.912984,30,30,0.041836,0.046154,0.000000,0.000000,0.000000,0.000078,0
20260805_172630_772,1,Unspecified,1394,2026-08-05T17:38:42.6856301+09:00,2026-08-05T17:38:43.1856301+09:00,731.912984,732.412984,30,30,0.042070,0.046250,0.000000,0.000000,0.000000,0.000163,0
20260805_172630_772,1,Unspecified,1395,2026-08-05T17:38:43.1856301+09:00,2026-08-05T17:38:43.6856301+09:00,732.412984,732.912984,30,30,0.041996,0.046172,0.000000,0.000000,0.000000,0.000101,0
20260805_172630_772,1,Unspecified,1396,2026-08-05T17:38:43.6856301+09:00,2026-08-05T17:38:44.1856301+09:00,732.912984,733.412984,30,30,0.042009,0.046226,0.000000,0.000000,0.000000,0.000064,0
20260805_172630_772,1,Unspecified,1397,2026-08-05T17:38:44.1856301+09:00,2026-08-05T17:38:44.6856301+09:00,733.412984,733.912984,30,30,0.042348,0.046438,0.000000,0.000000,0.000000,0.000238,0
20260805_172630_772,1,Unspecified,1398,2026-08-05T17:38:44.6856301+09:00,2026-08-05T17:38:45.1856301+09:00,733.912984,734.412984,30,30,0.042289,0.046424,0.000000,0.000000,0.000000,0.000083,0
20260805_172630_772,1,Unspecified,1399,2026-08-05T17:38:45.1856301+09:00,2026-08-05T17:38:45.6856301+09:00,734.412984,734.912984,30,30,0.042109,0.046339,0.000000,0.000000,0.000000,0.000174,0
20260805_172630_772,1,Unspecified,1400,2026-08-05T17:38:45.6856301+09:00,2026-08-05T17:38:46.1856301+09:00,734.912984,735.412984,31,31,0.042097,0.046345,0.000000,0.000000,0.000000,0.000085,0
20260805_172630_772,1,Unspecified,1401,2026-08-05T17:38:46.1856301+09:00,2026-08-05T17:38:46.6856301+09:00,735.412984,735.912984,29,29,0.042169,0.046345,0.000000,0.000000,0.000000,0.000087,0
20260805_172630_772,1,Unspecified,1402,2026-08-05T17:38:46.6856301+09:00,2026-08-05T17:38:47.1856301+09:00,735.912984,736.412984,30,30,0.042033,0.046233,0.000000,0.000000,0.000000,0.000294,0
20260805_172630_772,1,Unspecified,1403,2026-08-05T17:38:47.1856301+09:00,2026-08-05T17:38:47.6856301+09:00,736.412984,736.912984,30,30,0.041909,0.046159,0.000000,0.000000,0.000000,0.000204,0
20260805_172630_772,1,Unspecified,1404,2026-08-05T17:38:47.6856301+09:00,2026-08-05T17:38:48.1856301+09:00,736.912984,737.412984,30,30,0.042168,0.046349,0.000000,0.000000,0.000000,0.000097,0
20260805_172630_772,1,Unspecified,1405,2026-08-05T17:38:48.1856301+09:00,2026-08-05T17:38:48.6856301+09:00,737.412984,737.912984,30,30,0.042060,0.046245,0.000000,0.000000,0.000000,0.000078,0
20260805_172630_772,1,Unspecified,1406,2026-08-05T17:38:48.6856301+09:00,2026-08-05T17:38:49.1856301+09:00,737.912984,738.412984,30,30,0.042094,0.046319,0.000000,0.000000,0.000000,0.000132,0
20260805_172630_772,1,Unspecified,1407,2026-08-05T17:38:49.1856301+09:00,2026-08-05T17:38:49.6856301+09:00,738.412984,738.912984,30,30,0.042042,0.046281,0.000000,0.000000,0.000000,0.000112,0
20260805_172630_772,1,Unspecified,1408,2026-08-05T17:38:49.6856301+09:00,2026-08-05T17:38:50.1856301+09:00,738.912984,739.412984,30,30,0.042011,0.046251,0.000000,0.000000,0.000000,0.000091,0
20260805_172630_772,1,Unspecified,1409,2026-08-05T17:38:50.1856301+09:00,2026-08-05T17:38:50.6856301+09:00,739.412984,739.912984,30,30,0.042231,0.046359,0.000000,0.000000,0.000000,0.000063,0
20260805_172630_772,1,Unspecified,1410,2026-08-05T17:38:50.6856301+09:00,2026-08-05T17:38:51.1856301+09:00,739.912984,740.412984,30,30,0.042194,0.046320,0.000000,0.000000,0.000000,0.000084,0
20260805_172630_772,1,Unspecified,1411,2026-08-05T17:38:51.1856301+09:00,2026-08-05T17:38:51.6856301+09:00,740.412984,740.912984,30,30,0.042310,0.046410,0.000000,0.000000,0.000000,0.000061,0
20260805_172630_772,1,Unspecified,1412,2026-08-05T17:38:51.6856301+09:00,2026-08-05T17:38:52.1856301+09:00,740.912984,741.412984,30,30,0.042324,0.046400,0.000000,0.000000,0.000000,0.000080,0
20260805_172630_772,1,Unspecified,1413,2026-08-05T17:38:52.1856301+09:00,2026-08-05T17:38:52.6856301+09:00,741.412984,741.912984,30,30,0.042412,0.046411,0.000000,0.000000,0.000000,0.000070,0
20260805_172630_772,1,Unspecified,1414,2026-08-05T17:38:52.6856301+09:00,2026-08-05T17:38:53.1856301+09:00,741.912984,742.412984,30,30,0.042634,0.046595,0.000000,0.000000,0.000000,0.000171,0
20260805_172630_772,1,Unspecified,1415,2026-08-05T17:38:53.1856301+09:00,2026-08-05T17:38:53.6856301+09:00,742.412984,742.912984,30,30,0.042904,0.046775,0.000000,0.000000,0.000000,0.000053,0
20260805_172630_772,1,Unspecified,1416,2026-08-05T17:38:53.6856301+09:00,2026-08-05T17:38:54.1856301+09:00,742.912984,743.412984,30,30,0.042859,0.046704,0.000000,0.000000,0.000000,0.000078,0
20260805_172630_772,1,Unspecified,1417,2026-08-05T17:38:54.1856301+09:00,2026-08-05T17:38:54.6856301+09:00,743.412984,743.912984,30,30,0.042844,0.046818,0.000000,0.000000,0.000000,0.000070,0
20260805_172630_772,1,Unspecified,1418,2026-08-05T17:38:54.6856301+09:00,2026-08-05T17:38:55.1856301+09:00,743.912984,744.412984,30,30,0.042955,0.046937,0.000000,0.000000,0.000000,0.000091,0
20260805_172630_772,1,Unspecified,1419,2026-08-05T17:38:55.1856301+09:00,2026-08-05T17:38:55.6856301+09:00,744.412984,744.912984,30,30,0.042979,0.046834,0.000000,0.000000,0.000000,0.000090,0
20260805_172630_772,1,Unspecified,1420,2026-08-05T17:38:55.6856301+09:00,2026-08-05T17:38:56.1856301+09:00,744.912984,745.412984,30,30,0.042860,0.046862,0.000000,0.000000,0.000000,0.000073,0
20260805_172630_772,1,Unspecified,1421,2026-08-05T17:38:56.1856301+09:00,2026-08-05T17:38:56.6856301+09:00,745.412984,745.912984,30,30,0.042918,0.046959,0.000000,0.000000,0.000000,0.000069,0
20260805_172630_772,1,Unspecified,1422,2026-08-05T17:38:56.6856301+09:00,2026-08-05T17:38:57.1856301+09:00,745.912984,746.412984,30,30,0.042795,0.046828,0.000000,0.000000,0.000000,0.000098,0
20260805_172630_772,1,Unspecified,1423,2026-08-05T17:38:57.1856301+09:00,2026-08-05T17:38:57.6856301+09:00,746.412984,746.912984,31,31,0.042693,0.046727,0.000000,0.000000,0.000000,0.000126,0
20260805_172630_772,1,Unspecified,1424,2026-08-05T17:38:57.6856301+09:00,2026-08-05T17:38:58.1856301+09:00,746.912984,747.412984,29,29,0.042433,0.046512,0.000000,0.000000,0.000000,0.000094,0
20260805_172630_772,1,Unspecified,1425,2026-08-05T17:38:58.1856301+09:00,2026-08-05T17:38:58.6856301+09:00,747.412984,747.912984,30,30,0.042201,0.046672,0.000000,0.000000,0.000000,0.000178,0
20260805_172630_772,1,Unspecified,1426,2026-08-05T17:38:58.6856301+09:00,2026-08-05T17:38:59.1856301+09:00,747.912984,748.412984,30,30,0.042614,0.047051,0.000000,0.000000,0.000000,0.000145,0
20260805_172630_772,1,Unspecified,1427,2026-08-05T17:38:59.1856301+09:00,2026-08-05T17:38:59.6856301+09:00,748.412984,748.912984,30,30,0.043141,0.047095,0.000000,0.000000,0.000000,0.000250,0
20260805_172630_772,1,Unspecified,1428,2026-08-05T17:38:59.6856301+09:00,2026-08-05T17:39:00.1856301+09:00,748.912984,749.412984,30,30,0.043032,0.046966,0.000000,0.000000,0.000000,0.000272,0
20260805_172630_772,1,Unspecified,1429,2026-08-05T17:39:00.1856301+09:00,2026-08-05T17:39:00.6856301+09:00,749.412984,749.912984,30,30,0.041321,0.046362,0.000000,0.000000,0.000000,0.000504,0
20260805_172630_772,1,Unspecified,1430,2026-08-05T17:39:00.6856301+09:00,2026-08-05T17:39:01.1856301+09:00,749.912984,750.412984,30,30,0.041593,0.046608,0.000000,0.000000,0.000000,0.000283,0
20260805_172630_772,1,Unspecified,1431,2026-08-05T17:39:01.1856301+09:00,2026-08-05T17:39:01.6856301+09:00,750.412984,750.912984,30,30,0.042035,0.046571,0.000000,0.000000,0.000000,0.000190,0
20260805_172630_772,1,Unspecified,1432,2026-08-05T17:39:01.6856301+09:00,2026-08-05T17:39:02.1856301+09:00,750.912984,751.412984,30,30,0.042516,0.046670,0.000000,0.000000,0.000000,0.000204,0
20260805_172630_772,1,Unspecified,1433,2026-08-05T17:39:02.1856301+09:00,2026-08-05T17:39:02.6856301+09:00,751.412984,751.912984,30,30,0.043103,0.046899,0.000000,0.000000,0.000000,0.000129,0
20260805_172630_772,1,Unspecified,1434,2026-08-05T17:39:02.6856301+09:00,2026-08-05T17:39:03.1856301+09:00,751.912984,752.412984,30,30,0.043014,0.046741,0.000000,0.000000,0.000000,0.000134,0
20260805_172630_772,1,Unspecified,1435,2026-08-05T17:39:03.1856301+09:00,2026-08-05T17:39:03.6856301+09:00,752.412984,752.912984,30,30,0.043123,0.046747,0.000000,0.000000,0.000000,0.000087,0
20260805_172630_772,1,Unspecified,1436,2026-08-05T17:39:03.6856301+09:00,2026-08-05T17:39:04.1856301+09:00,752.912984,753.412984,30,30,0.043190,0.046761,0.000000,0.000000,0.000000,0.000192,0
20260805_172630_772,1,Unspecified,1437,2026-08-05T17:39:04.1856301+09:00,2026-08-05T17:39:04.6856301+09:00,753.412984,753.912984,30,30,0.043491,0.047025,0.000000,0.000000,0.000000,0.000083,0
20260805_172630_772,1,Unspecified,1438,2026-08-05T17:39:04.6856301+09:00,2026-08-05T17:39:05.1856301+09:00,753.912984,754.412984,30,30,0.043908,0.047293,0.000000,0.000000,0.000000,0.000203,0
20260805_172630_772,1,Unspecified,1439,2026-08-05T17:39:05.1856301+09:00,2026-08-05T17:39:05.6856301+09:00,754.412984,754.912984,30,30,0.044061,0.047265,0.000000,0.000000,0.000000,0.000097,0
20260805_172630_772,1,Unspecified,1440,2026-08-05T17:39:05.6856301+09:00,2026-08-05T17:39:06.1856301+09:00,754.912984,755.412984,30,30,0.043841,0.047089,0.000000,0.000000,0.000000,0.000256,0
20260805_172630_772,1,Unspecified,1441,2026-08-05T17:39:06.1856301+09:00,2026-08-05T17:39:06.6856301+09:00,755.412984,755.912984,30,30,0.043446,0.046946,0.000000,0.000000,0.000000,0.000068,0
20260805_172630_772,1,Unspecified,1442,2026-08-05T17:39:06.6856301+09:00,2026-08-05T17:39:07.1856301+09:00,755.912984,756.412984,30,30,0.043408,0.046859,0.000000,0.000000,0.000000,0.000122,0
20260805_172630_772,1,Unspecified,1443,2026-08-05T17:39:07.1856301+09:00,2026-08-05T17:39:07.6856301+09:00,756.412984,756.912984,30,30,0.043389,0.046842,0.000000,0.000000,0.000000,0.000184,0
20260805_172630_772,1,Unspecified,1444,2026-08-05T17:39:07.6856301+09:00,2026-08-05T17:39:08.1856301+09:00,756.912984,757.412984,30,30,0.042747,0.046574,0.000000,0.000000,0.000000,0.000196,0
20260805_172630_772,1,Unspecified,1445,2026-08-05T17:39:08.1856301+09:00,2026-08-05T17:39:08.6856301+09:00,757.412984,757.912984,30,30,0.042631,0.046683,0.000000,0.000000,0.000000,0.000111,0
20260805_172630_772,1,Unspecified,1446,2026-08-05T17:39:08.6856301+09:00,2026-08-05T17:39:09.1856301+09:00,757.912984,758.412984,31,31,0.042768,0.046754,0.000000,0.000000,0.000000,0.000209,0
20260805_172630_772,1,Unspecified,1447,2026-08-05T17:39:09.1856301+09:00,2026-08-05T17:39:09.6856301+09:00,758.412984,758.912984,29,29,0.042931,0.046788,0.000000,0.000000,0.000000,0.000171,0
20260805_172630_772,1,Unspecified,1448,2026-08-05T17:39:09.6856301+09:00,2026-08-05T17:39:10.1856301+09:00,758.912984,759.412984,30,30,0.042794,0.046710,0.000000,0.000000,0.000000,0.000178,0
20260805_172630_772,1,Unspecified,1449,2026-08-05T17:39:10.1856301+09:00,2026-08-05T17:39:10.6856301+09:00,759.412984,759.912984,30,30,0.042432,0.046567,0.000000,0.000000,0.000000,0.000122,0
20260805_172630_772,1,Unspecified,1450,2026-08-05T17:39:10.6856301+09:00,2026-08-05T17:39:11.1856301+09:00,759.912984,760.412984,30,30,0.042971,0.046835,0.000000,0.000000,0.000000,0.000276,0
20260805_172630_772,1,Unspecified,1451,2026-08-05T17:39:11.1856301+09:00,2026-08-05T17:39:11.6856301+09:00,760.412984,760.912984,30,30,0.042923,0.046839,0.000000,0.000000,0.000000,0.000224,0
20260805_172630_772,1,Unspecified,1452,2026-08-05T17:39:11.6856301+09:00,2026-08-05T17:39:12.1856301+09:00,760.912984,761.412984,30,30,0.042702,0.046828,0.000000,0.000000,0.000000,0.000118,0
20260805_172630_772,1,Unspecified,1453,2026-08-05T17:39:12.1856301+09:00,2026-08-05T17:39:12.6856301+09:00,761.412984,761.912984,30,30,0.042685,0.046747,0.000000,0.000000,0.000000,0.000357,0
20260805_172630_772,1,Unspecified,1454,2026-08-05T17:39:12.6856301+09:00,2026-08-05T17:39:13.1856301+09:00,761.912984,762.412984,30,30,0.042750,0.046729,0.000000,0.000000,0.000000,0.000099,0
20260805_172630_772,1,Unspecified,1455,2026-08-05T17:39:13.1856301+09:00,2026-08-05T17:39:13.6856301+09:00,762.412984,762.912984,30,30,0.042781,0.046656,0.000000,0.000000,0.000000,0.000105,0
20260805_172630_772,1,Unspecified,1456,2026-08-05T17:39:13.6856301+09:00,2026-08-05T17:39:14.1856301+09:00,762.912984,763.412984,30,30,0.042703,0.046655,0.000000,0.000000,0.000000,0.000125,0
20260805_172630_772,1,Unspecified,1457,2026-08-05T17:39:14.1856301+09:00,2026-08-05T17:39:14.6856301+09:00,763.412984,763.912984,31,31,0.042494,0.046594,0.000000,0.000000,0.000000,0.000153,0
20260805_172630_772,1,Unspecified,1458,2026-08-05T17:39:14.6856301+09:00,2026-08-05T17:39:15.1856301+09:00,763.912984,764.412984,29,29,0.042368,0.046512,0.000000,0.000000,0.000000,0.000124,0
20260805_172630_772,1,Unspecified,1459,2026-08-05T17:39:15.1856301+09:00,2026-08-05T17:39:15.6856301+09:00,764.412984,764.912984,30,30,0.042278,0.046428,0.000000,0.000000,0.000000,0.000072,0
20260805_172630_772,1,Unspecified,1460,2026-08-05T17:39:15.6856301+09:00,2026-08-05T17:39:16.1856301+09:00,764.912984,765.412984,30,30,0.042149,0.046404,0.000000,0.000000,0.000000,0.000106,0
20260805_172630_772,1,Unspecified,1461,2026-08-05T17:39:16.1856301+09:00,2026-08-05T17:39:16.6856301+09:00,765.412984,765.912984,30,30,0.042011,0.046357,0.000000,0.000000,0.000000,0.000074,0
20260805_172630_772,1,Unspecified,1462,2026-08-05T17:39:16.6856301+09:00,2026-08-05T17:39:17.1856301+09:00,765.912984,766.412984,30,30,0.042231,0.046359,0.000000,0.000000,0.000000,0.000061,0
20260805_172630_772,1,Unspecified,1463,2026-08-05T17:39:17.1856301+09:00,2026-08-05T17:39:17.6856301+09:00,766.412984,766.912984,30,30,0.041887,0.046262,0.000000,0.000000,0.000000,0.000271,0
20260805_172630_772,1,Unspecified,1464,2026-08-05T17:39:17.6856301+09:00,2026-08-05T17:39:18.1856301+09:00,766.912984,767.412984,30,30,0.041209,0.045971,0.000000,0.000000,0.000000,0.000139,0
20260805_172630_772,1,Unspecified,1465,2026-08-05T17:39:18.1856301+09:00,2026-08-05T17:39:18.6856301+09:00,767.412984,767.912984,30,30,0.041357,0.045970,0.000000,0.000000,0.000000,0.000120,0
20260805_172630_772,1,Unspecified,1466,2026-08-05T17:39:18.6856301+09:00,2026-08-05T17:39:19.1856301+09:00,767.912984,768.412984,30,30,0.041363,0.045969,0.000000,0.000000,0.000000,0.000123,0
20260805_172630_772,1,Unspecified,1467,2026-08-05T17:39:19.1856301+09:00,2026-08-05T17:39:19.6856301+09:00,768.412984,768.912984,30,30,0.041282,0.045927,0.000000,0.000000,0.000000,0.000112,0
20260805_172630_772,1,Unspecified,1468,2026-08-05T17:39:19.6856301+09:00,2026-08-05T17:39:20.1856301+09:00,768.912984,769.412984,30,30,0.041267,0.045909,0.000000,0.000000,0.000000,0.000052,0
20260805_172630_772,1,Unspecified,1469,2026-08-05T17:39:20.1856301+09:00,2026-08-05T17:39:20.6856301+09:00,769.412984,769.912984,30,30,0.041119,0.045949,0.000000,0.000000,0.000000,0.000083,0
20260805_172630_772,1,Unspecified,1470,2026-08-05T17:39:20.6856301+09:00,2026-08-05T17:39:21.1856301+09:00,769.912984,770.412984,31,31,0.041147,0.045920,0.000000,0.000000,0.000000,0.000062,0
20260805_172630_772,1,Unspecified,1471,2026-08-05T17:39:21.1856301+09:00,2026-08-05T17:39:21.6856301+09:00,770.412984,770.912984,29,29,0.041312,0.045904,0.000000,0.000000,0.000000,0.000098,0
20260805_172630_772,1,Unspecified,1472,2026-08-05T17:39:21.6856301+09:00,2026-08-05T17:39:22.1856301+09:00,770.912984,771.412984,30,30,0.041192,0.045841,0.000000,0.000000,0.000000,0.000103,0
20260805_172630_772,1,Unspecified,1473,2026-08-05T17:39:22.1856301+09:00,2026-08-05T17:39:22.6856301+09:00,771.412984,771.912984,30,30,0.040977,0.045803,0.000000,0.000000,0.000000,0.000088,0
20260805_172630_772,1,Unspecified,1474,2026-08-05T17:39:22.6856301+09:00,2026-08-05T17:39:23.1856301+09:00,771.912984,772.412984,30,30,0.040850,0.045692,0.000000,0.000000,0.000000,0.000065,0
20260805_172630_772,1,Unspecified,1475,2026-08-05T17:39:23.1856301+09:00,2026-08-05T17:39:23.6856301+09:00,772.412984,772.912984,30,30,0.040666,0.045606,0.000000,0.000000,0.000000,0.000221,0
20260805_172630_772,1,Unspecified,1476,2026-08-05T17:39:23.6856301+09:00,2026-08-05T17:39:24.1856301+09:00,772.912984,773.412984,30,30,0.039943,0.045293,0.000000,0.000000,0.000000,0.000096,0
20260805_172630_772,1,Unspecified,1477,2026-08-05T17:39:24.1856301+09:00,2026-08-05T17:39:24.6856301+09:00,773.412984,773.912984,30,30,0.040612,0.045662,0.000000,0.000000,0.000000,0.000617,0
20260805_172630_772,1,Unspecified,1478,2026-08-05T17:39:24.6856301+09:00,2026-08-05T17:39:25.1856301+09:00,773.912984,774.412984,30,30,0.042184,0.046451,0.000000,0.000000,0.000000,0.000327,0
20260805_172630_772,1,Unspecified,1479,2026-08-05T17:39:25.1856301+09:00,2026-08-05T17:39:25.6856301+09:00,774.412984,774.912984,30,30,0.042569,0.046674,0.000000,0.000000,0.000000,0.000226,0
20260805_172630_772,1,Unspecified,1480,2026-08-05T17:39:25.6856301+09:00,2026-08-05T17:39:26.1856301+09:00,774.912984,775.412984,30,30,0.041711,0.046024,0.000000,0.000000,0.000000,0.000523,0
20260805_172630_772,1,Unspecified,1481,2026-08-05T17:39:26.1856301+09:00,2026-08-05T17:39:26.6856301+09:00,775.412984,775.912984,31,31,0.040621,0.045441,0.000000,0.000000,0.000000,0.000161,0
20260805_172630_772,1,Unspecified,1482,2026-08-05T17:39:26.6856301+09:00,2026-08-05T17:39:27.1856301+09:00,775.912984,776.412984,29,29,0.040564,0.045343,0.000000,0.000000,0.000000,0.000078,0
20260805_172630_772,1,Unspecified,1483,2026-08-05T17:39:27.1856301+09:00,2026-08-05T17:39:27.6856301+09:00,776.412984,776.912984,30,30,0.040654,0.045327,0.000000,0.000000,0.000000,0.000107,0
20260805_172630_772,1,Unspecified,1484,2026-08-05T17:39:27.6856301+09:00,2026-08-05T17:39:28.1856301+09:00,776.912984,777.412984,30,30,0.039908,0.044933,0.000000,0.000000,0.000000,0.000432,0
20260805_172630_772,1,Unspecified,1485,2026-08-05T17:39:28.1856301+09:00,2026-08-05T17:39:28.6856301+09:00,777.412984,777.912984,30,30,0.039078,0.044561,0.000000,0.000000,0.000000,0.000098,0
20260805_172630_772,1,Unspecified,1486,2026-08-05T17:39:28.6856301+09:00,2026-08-05T17:39:29.1856301+09:00,777.912984,778.412984,30,30,0.039389,0.044686,0.000000,0.000000,0.000000,0.000090,0
20260805_172630_772,1,Unspecified,1487,2026-08-05T17:39:29.1856301+09:00,2026-08-05T17:39:29.6856301+09:00,778.412984,778.912984,30,30,0.039826,0.044888,0.000000,0.000000,0.000000,0.000219,0
20260805_172630_772,1,Unspecified,1488,2026-08-05T17:39:29.6856301+09:00,2026-08-05T17:39:30.1856301+09:00,778.912984,779.412984,30,30,0.039437,0.044665,0.000000,0.000000,0.000000,0.000124,0
20260805_172630_772,1,Unspecified,1489,2026-08-05T17:39:30.1856301+09:00,2026-08-05T17:39:30.6856301+09:00,779.412984,779.912984,30,30,0.039357,0.044709,0.000000,0.000000,0.000000,0.000070,0
20260805_172630_772,1,Unspecified,1490,2026-08-05T17:39:30.6856301+09:00,2026-08-05T17:39:31.1856301+09:00,779.912984,780.412984,30,30,0.039762,0.044931,0.000000,0.000000,0.000000,0.000150,0
20260805_172630_772,1,Unspecified,1491,2026-08-05T17:39:31.1856301+09:00,2026-08-05T17:39:31.6856301+09:00,780.412984,780.912984,31,31,0.039986,0.045008,0.000000,0.000000,0.000000,0.000090,0
20260805_172630_772,1,Unspecified,1492,2026-08-05T17:39:31.6856301+09:00,2026-08-05T17:39:32.1856301+09:00,780.912984,781.412984,29,29,0.039503,0.044808,0.000000,0.000000,0.000000,0.000320,0
20260805_172630_772,1,Unspecified,1493,2026-08-05T17:39:32.1856301+09:00,2026-08-05T17:39:32.6856301+09:00,781.412984,781.912984,31,31,0.038722,0.044431,0.000000,0.000000,0.000000,0.000078,0
20260805_172630_772,1,Unspecified,1494,2026-08-05T17:39:32.6856301+09:00,2026-08-05T17:39:33.1856301+09:00,781.912984,782.412984,29,29,0.039085,0.044471,0.000000,0.000000,0.000000,0.000183,0
20260805_172630_772,1,Unspecified,1495,2026-08-05T17:39:33.1856301+09:00,2026-08-05T17:39:33.6856301+09:00,782.412984,782.912984,30,30,0.039469,0.044668,0.000000,0.000000,0.000000,0.000070,0
20260805_172630_772,1,Unspecified,1496,2026-08-05T17:39:33.6856301+09:00,2026-08-05T17:39:34.1856301+09:00,782.912984,783.412984,30,30,0.039633,0.044728,0.000000,0.000000,0.000000,0.000189,0
20260805_172630_772,1,Unspecified,1497,2026-08-05T17:39:34.1856301+09:00,2026-08-05T17:39:34.6856301+09:00,783.412984,783.912984,30,30,0.040095,0.045016,0.000000,0.000000,0.000000,0.000135,0
20260805_172630_772,1,Unspecified,1498,2026-08-05T17:39:34.6856301+09:00,2026-08-05T17:39:35.1856301+09:00,783.912984,784.412984,30,30,0.040386,0.045143,0.000000,0.000000,0.000000,0.000073,0
20260805_172630_772,1,Unspecified,1499,2026-08-05T17:39:35.1856301+09:00,2026-08-05T17:39:35.6856301+09:00,784.412984,784.912984,30,30,0.040378,0.045131,0.000000,0.000000,0.000000,0.000082,0
20260805_172630_772,1,Unspecified,1500,2026-08-05T17:39:35.6856301+09:00,2026-08-05T17:39:36.1856301+09:00,784.912984,785.412984,30,30,0.039998,0.044959,0.000000,0.000000,0.000000,0.000251,0
20260805_172630_772,1,Unspecified,1501,2026-08-05T17:39:36.1856301+09:00,2026-08-05T17:39:36.6856301+09:00,785.412984,785.912984,30,30,0.039818,0.044851,0.000000,0.000000,0.000000,0.000140,0
20260805_172630_772,1,Unspecified,1502,2026-08-05T17:39:36.6856301+09:00,2026-08-05T17:39:37.1856301+09:00,785.912984,786.412984,30,30,0.040320,0.045103,0.000000,0.000000,0.000000,0.000210,0
20260805_172630_772,1,Unspecified,1503,2026-08-05T17:39:37.1856301+09:00,2026-08-05T17:39:37.6856301+09:00,786.412984,786.912984,30,30,0.040454,0.045173,0.000000,0.000000,0.000000,0.000103,0
20260805_172630_772,1,Unspecified,1504,2026-08-05T17:39:37.6856301+09:00,2026-08-05T17:39:38.1856301+09:00,786.912984,787.412984,30,30,0.040530,0.045230,0.000000,0.000000,0.000000,0.000065,0
20260805_172630_772,1,Unspecified,1505,2026-08-05T17:39:38.1856301+09:00,2026-08-05T17:39:38.6856301+09:00,787.412984,787.912984,30,30,0.040548,0.045231,0.000000,0.000000,0.000000,0.000161,0
20260805_172630_772,1,Unspecified,1506,2026-08-05T17:39:38.6856301+09:00,2026-08-05T17:39:39.1856301+09:00,787.912984,788.412984,30,30,0.040621,0.045269,0.000000,0.000000,0.000000,0.000123,0
20260805_172630_772,1,Unspecified,1507,2026-08-05T17:39:39.1856301+09:00,2026-08-05T17:39:39.6856301+09:00,788.412984,788.912984,30,30,0.040500,0.045230,0.000000,0.000000,0.000000,0.000056,0
20260805_172630_772,1,Unspecified,1508,2026-08-05T17:39:39.6856301+09:00,2026-08-05T17:39:40.1856301+09:00,788.912984,789.412984,30,30,0.040485,0.045305,0.000000,0.000000,0.000000,0.000086,0
20260805_172630_772,1,Unspecified,1509,2026-08-05T17:39:40.1856301+09:00,2026-08-05T17:39:40.6856301+09:00,789.412984,789.912984,30,30,0.040266,0.045234,0.000000,0.000000,0.000000,0.000242,0
20260805_172630_772,1,Unspecified,1510,2026-08-05T17:39:40.6856301+09:00,2026-08-05T17:39:41.1856301+09:00,789.912984,790.412984,30,30,0.040537,0.045294,0.000000,0.000000,0.000000,0.000107,0
20260805_172630_772,1,Unspecified,1511,2026-08-05T17:39:41.1856301+09:00,2026-08-05T17:39:41.6856301+09:00,790.412984,790.912984,30,30,0.040482,0.045255,0.000000,0.000000,0.000000,0.000084,0
20260805_172630_772,1,Unspecified,1512,2026-08-05T17:39:41.6856301+09:00,2026-08-05T17:39:42.1856301+09:00,790.912984,791.412984,30,30,0.040784,0.045476,0.000000,0.000000,0.000000,0.000157,0
20260805_172630_772,1,Unspecified,1513,2026-08-05T17:39:42.1856301+09:00,2026-08-05T17:39:42.6856301+09:00,791.412984,791.912984,30,30,0.041030,0.045686,0.000000,0.000000,0.000000,0.000092,0
20260805_172630_772,1,Unspecified,1514,2026-08-05T17:39:42.6856301+09:00,2026-08-05T17:39:43.1856301+09:00,791.912984,792.412984,31,31,0.040723,0.045499,0.000000,0.000000,0.000000,0.000139,0
20260805_172630_772,1,Unspecified,1515,2026-08-05T17:39:43.1856301+09:00,2026-08-05T17:39:43.6856301+09:00,792.412984,792.912984,29,29,0.040622,0.045432,0.000000,0.000000,0.000000,0.000107,0
20260805_172630_772,1,Unspecified,1516,2026-08-05T17:39:43.6856301+09:00,2026-08-05T17:39:44.1856301+09:00,792.912984,793.412984,30,30,0.040808,0.045734,0.000000,0.000000,0.000000,0.000222,0
20260805_172630_772,1,Unspecified,1517,2026-08-05T17:39:44.1856301+09:00,2026-08-05T17:39:44.6856301+09:00,793.412984,793.912984,30,30,0.041191,0.045946,0.000000,0.000000,0.000000,0.000119,0
20260805_172630_772,1,Unspecified,1518,2026-08-05T17:39:44.6856301+09:00,2026-08-05T17:39:45.1856301+09:00,793.912984,794.412984,30,30,0.041625,0.046148,0.000000,0.000000,0.000000,0.000116,0
20260805_172630_772,1,Unspecified,1519,2026-08-05T17:39:45.1856301+09:00,2026-08-05T17:39:45.6856301+09:00,794.412984,794.912984,30,30,0.041930,0.046324,0.000000,0.000000,0.000000,0.000068,0
20260805_172630_772,1,Unspecified,1520,2026-08-05T17:39:45.6856301+09:00,2026-08-05T17:39:46.1856301+09:00,794.912984,795.412984,30,30,0.042244,0.046559,0.000000,0.000000,0.000000,0.000262,0
20260805_172630_772,1,Unspecified,1521,2026-08-05T17:39:46.1856301+09:00,2026-08-05T17:39:46.6856301+09:00,795.412984,795.912984,30,30,0.042045,0.046393,0.000000,0.000000,0.000000,0.000266,0
20260805_172630_772,1,Unspecified,1522,2026-08-05T17:39:46.6856301+09:00,2026-08-05T17:39:47.1856301+09:00,795.912984,796.412984,30,30,0.041693,0.046189,0.000000,0.000000,0.000000,0.000096,0
20260805_172630_772,1,Unspecified,1523,2026-08-05T17:39:47.1856301+09:00,2026-08-05T17:39:47.6856301+09:00,796.412984,796.912984,30,30,0.041167,0.045769,0.000000,0.000000,0.000000,0.000375,0
20260805_172630_772,1,Unspecified,1524,2026-08-05T17:39:47.6856301+09:00,2026-08-05T17:39:48.1856301+09:00,796.912984,797.412984,30,30,0.040630,0.045568,0.000000,0.000000,0.000000,0.000303,0
20260805_172630_772,1,Unspecified,1525,2026-08-05T17:39:48.1856301+09:00,2026-08-05T17:39:48.6856301+09:00,797.412984,797.912984,30,30,0.039472,0.045116,0.000000,0.000000,0.000000,0.000288,0
20260805_172630_772,1,Unspecified,1526,2026-08-05T17:39:48.6856301+09:00,2026-08-05T17:39:49.1856301+09:00,797.912984,798.412984,30,30,0.039482,0.045124,0.000000,0.000000,0.000000,0.000197,0
20260805_172630_772,1,Unspecified,1527,2026-08-05T17:39:49.1856301+09:00,2026-08-05T17:39:49.6856301+09:00,798.412984,798.912984,30,30,0.040005,0.045299,0.000000,0.000000,0.000000,0.000103,0
20260805_172630_772,1,Unspecified,1528,2026-08-05T17:39:49.6856301+09:00,2026-08-05T17:39:50.1856301+09:00,798.912984,799.412984,31,31,0.039778,0.045148,0.000000,0.000000,0.000000,0.000073,0
20260805_172630_772,1,Unspecified,1529,2026-08-05T17:39:50.1856301+09:00,2026-08-05T17:39:50.6856301+09:00,799.412984,799.912984,29,29,0.040012,0.045321,0.000000,0.000000,0.000000,0.000123,0
20260805_172630_772,1,Unspecified,1530,2026-08-05T17:39:50.6856301+09:00,2026-08-05T17:39:51.1856301+09:00,799.912984,800.412984,30,30,0.040451,0.045547,0.000000,0.000000,0.000000,0.000175,0
20260805_172630_772,1,Unspecified,1531,2026-08-05T17:39:51.1856301+09:00,2026-08-05T17:39:51.6856301+09:00,800.412984,800.912984,30,30,0.040660,0.045667,0.000000,0.000000,0.000000,0.000095,0
20260805_172630_772,1,Unspecified,1532,2026-08-05T17:39:51.6856301+09:00,2026-08-05T17:39:52.1856301+09:00,800.912984,801.412984,30,30,0.040728,0.045727,0.000000,0.000000,0.000000,0.000088,0
20260805_172630_772,1,Unspecified,1533,2026-08-05T17:39:52.1856301+09:00,2026-08-05T17:39:52.6856301+09:00,801.412984,801.912984,30,30,0.040788,0.045685,0.000000,0.000000,0.000000,0.000187,0
20260805_172630_772,1,Unspecified,1534,2026-08-05T17:39:52.6856301+09:00,2026-08-05T17:39:53.1856301+09:00,801.912984,802.412984,30,30,0.040703,0.045508,0.000000,0.000000,0.000000,0.000172,0
20260805_172630_772,1,Unspecified,1535,2026-08-05T17:39:53.1856301+09:00,2026-08-05T17:39:53.6856301+09:00,802.412984,802.912984,30,30,0.040628,0.045507,0.000000,0.000000,0.000000,0.000082,0
20260805_172630_772,1,Unspecified,1536,2026-08-05T17:39:53.6856301+09:00,2026-08-05T17:39:54.1856301+09:00,802.912984,803.412984,30,30,0.040597,0.045527,0.000000,0.000000,0.000000,0.000164,0
20260805_172630_772,1,Unspecified,1537,2026-08-05T17:39:54.1856301+09:00,2026-08-05T17:39:54.6856301+09:00,803.412984,803.912984,30,30,0.040475,0.045512,0.000000,0.000000,0.000000,0.000320,0
20260805_172630_772,1,Unspecified,1538,2026-08-05T17:39:54.6856301+09:00,2026-08-05T17:39:55.1856301+09:00,803.912984,804.412984,30,30,0.040499,0.045486,0.000000,0.000000,0.000000,0.000101,0
20260805_172630_772,1,Unspecified,1539,2026-08-05T17:39:55.1856301+09:00,2026-08-05T17:39:55.6856301+09:00,804.412984,804.912984,31,31,0.040631,0.045571,0.000000,0.000000,0.000000,0.000126,0
20260805_172630_772,1,Unspecified,1540,2026-08-05T17:39:55.6856301+09:00,2026-08-05T17:39:56.1856301+09:00,804.912984,805.412984,29,29,0.039966,0.045310,0.000000,0.000000,0.000000,0.000597,0
20260805_172630_772,1,Unspecified,1541,2026-08-05T17:39:56.1856301+09:00,2026-08-05T17:39:56.6856301+09:00,805.412984,805.912984,30,30,0.039570,0.045103,0.000000,0.000000,0.000000,0.000319,0
20260805_172630_772,1,Unspecified,1542,2026-08-05T17:39:56.6856301+09:00,2026-08-05T17:39:57.1856301+09:00,805.912984,806.412984,30,30,0.040310,0.045484,0.000000,0.000000,0.000000,0.000321,0
20260805_172630_772,1,Unspecified,1543,2026-08-05T17:39:57.1856301+09:00,2026-08-05T17:39:57.6856301+09:00,806.412984,806.912984,30,30,0.040971,0.045869,0.000000,0.000000,0.000000,0.000219,0
20260805_172630_772,1,Unspecified,1544,2026-08-05T17:39:57.6856301+09:00,2026-08-05T17:39:58.1856301+09:00,806.912984,807.412984,30,30,0.040692,0.045584,0.000000,0.000000,0.000000,0.000066,0
20260805_172630_772,1,Unspecified,1545,2026-08-05T17:39:58.1856301+09:00,2026-08-05T17:39:58.6856301+09:00,807.412984,807.912984,30,30,0.040953,0.045635,0.000000,0.000000,0.000000,0.000175,0
20260805_172630_772,1,Unspecified,1546,2026-08-05T17:39:58.6856301+09:00,2026-08-05T17:39:59.1856301+09:00,807.912984,808.412984,30,30,0.041566,0.045905,0.000000,0.000000,0.000000,0.000241,0
20260805_172630_772,1,Unspecified,1547,2026-08-05T17:39:59.1856301+09:00,2026-08-05T17:39:59.6856301+09:00,808.412984,808.912984,30,30,0.041622,0.045995,0.000000,0.000000,0.000000,0.000215,0
20260805_172630_772,1,Unspecified,1548,2026-08-05T17:39:59.6856301+09:00,2026-08-05T17:40:00.1856301+09:00,808.912984,809.412984,30,30,0.041209,0.045913,0.000000,0.000000,0.000000,0.000071,0
20260805_172630_772,1,Unspecified,1549,2026-08-05T17:40:00.1856301+09:00,2026-08-05T17:40:00.6856301+09:00,809.412984,809.912984,30,30,0.041159,0.045930,0.000000,0.000000,0.000000,0.000055,0
20260805_172630_772,1,Unspecified,1550,2026-08-05T17:40:00.6856301+09:00,2026-08-05T17:40:01.1856301+09:00,809.912984,810.412984,30,30,0.041307,0.045991,0.000000,0.000000,0.000000,0.000200,0
20260805_172630_772,1,Unspecified,1551,2026-08-05T17:40:01.1856301+09:00,2026-08-05T17:40:01.6856301+09:00,810.412984,810.912984,31,31,0.041298,0.045905,0.000000,0.000000,0.000000,0.000225,0
20260805_172630_772,1,Unspecified,1552,2026-08-05T17:40:01.6856301+09:00,2026-08-05T17:40:02.1856301+09:00,810.912984,811.412984,29,29,0.041163,0.045845,0.000000,0.000000,0.000000,0.000064,0
20260805_172630_772,1,Unspecified,1553,2026-08-05T17:40:02.1856301+09:00,2026-08-05T17:40:02.6856301+09:00,811.412984,811.912984,30,30,0.041234,0.045880,0.000000,0.000000,0.000000,0.000163,0
20260805_172630_772,1,Unspecified,1554,2026-08-05T17:40:02.6856301+09:00,2026-08-05T17:40:03.1856301+09:00,811.912984,812.412984,30,30,0.041582,0.045959,0.000000,0.000000,0.000000,0.000082,0
20260805_172630_772,1,Unspecified,1555,2026-08-05T17:40:03.1856301+09:00,2026-08-05T17:40:03.6856301+09:00,812.412984,812.912984,30,30,0.041419,0.045910,0.000000,0.000000,0.000000,0.000190,0
20260805_172630_772,1,Unspecified,1556,2026-08-05T17:40:03.6856301+09:00,2026-08-05T17:40:04.1856301+09:00,812.912984,813.412984,30,30,0.040844,0.045667,0.000000,0.000000,0.000000,0.000208,0
20260805_172630_772,1,Unspecified,1557,2026-08-05T17:40:04.1856301+09:00,2026-08-05T17:40:04.6856301+09:00,813.412984,813.912984,30,30,0.040890,0.045812,0.000000,0.000000,0.000000,0.000164,0
20260805_172630_772,1,Unspecified,1558,2026-08-05T17:40:04.6856301+09:00,2026-08-05T17:40:05.1856301+09:00,813.912984,814.412984,30,30,0.041177,0.045808,0.000000,0.000000,0.000000,0.000113,0
20260805_172630_772,1,Unspecified,1559,2026-08-05T17:40:05.1856301+09:00,2026-08-05T17:40:05.6856301+09:00,814.412984,814.912984,30,30,0.041442,0.045846,0.000000,0.000000,0.000000,0.000134,0
20260805_172630_772,1,Unspecified,1560,2026-08-05T17:40:05.6856301+09:00,2026-08-05T17:40:06.1856301+09:00,814.912984,815.412984,30,30,0.040935,0.045783,0.000000,0.000000,0.000000,0.000333,0
20260805_172630_772,1,Unspecified,1561,2026-08-05T17:40:06.1856301+09:00,2026-08-05T17:40:06.6856301+09:00,815.412984,815.912984,30,30,0.040647,0.045676,0.000000,0.000000,0.000000,0.000060,0
20260805_172630_772,1,Unspecified,1562,2026-08-05T17:40:06.6856301+09:00,2026-08-05T17:40:07.1856301+09:00,815.912984,816.412984,30,30,0.040707,0.045617,0.000000,0.000000,0.000000,0.000119,0
20260805_172630_772,1,Unspecified,1563,2026-08-05T17:40:07.1856301+09:00,2026-08-05T17:40:07.6856301+09:00,816.412984,816.912984,30,30,0.041095,0.045875,0.000000,0.000000,0.000000,0.000168,0
20260805_172630_772,1,Unspecified,1564,2026-08-05T17:40:07.6856301+09:00,2026-08-05T17:40:08.1856301+09:00,816.912984,817.412984,30,30,0.041357,0.046020,0.000000,0.000000,0.000000,0.000100,0
20260805_172630_772,1,Unspecified,1565,2026-08-05T17:40:08.1856301+09:00,2026-08-05T17:40:08.6856301+09:00,817.412984,817.912984,30,30,0.041240,0.046045,0.000000,0.000000,0.000000,0.000131,0
20260805_172630_772,1,Unspecified,1566,2026-08-05T17:40:08.6856301+09:00,2026-08-05T17:40:09.1856301+09:00,817.912984,818.412984,30,30,0.041015,0.045930,0.000000,0.000000,0.000000,0.000211,0
20260805_172630_772,1,Unspecified,1567,2026-08-05T17:40:09.1856301+09:00,2026-08-05T17:40:09.6856301+09:00,818.412984,818.912984,30,30,0.041074,0.045939,0.000000,0.000000,0.000000,0.000211,0
20260805_172630_772,1,Unspecified,1568,2026-08-05T17:40:09.6856301+09:00,2026-08-05T17:40:10.1856301+09:00,818.912984,819.412984,30,30,0.041156,0.045839,0.000000,0.000000,0.000000,0.000208,0
20260805_172630_772,1,Unspecified,1569,2026-08-05T17:40:10.1856301+09:00,2026-08-05T17:40:10.6856301+09:00,819.412984,819.912984,30,30,0.041406,0.046097,0.000000,0.000000,0.000000,0.000086,0
20260805_172630_772,1,Unspecified,1570,2026-08-05T17:40:10.6856301+09:00,2026-08-05T17:40:11.1856301+09:00,819.912984,820.412984,30,30,0.041358,0.046163,0.000000,0.000000,0.000000,0.000085,0
20260805_172630_772,1,Unspecified,1571,2026-08-05T17:40:11.1856301+09:00,2026-08-05T17:40:11.6856301+09:00,820.412984,820.912984,30,30,0.041397,0.046102,0.000000,0.000000,0.000000,0.000108,0
20260805_172630_772,1,Unspecified,1572,2026-08-05T17:40:11.6856301+09:00,2026-08-05T17:40:12.1856301+09:00,820.912984,821.412984,30,30,0.040295,0.045539,0.000001,0.000000,0.000000,0.000848,0
20260805_172630_772,1,Unspecified,1573,2026-08-05T17:40:12.1856301+09:00,2026-08-05T17:40:12.6856301+09:00,821.412984,821.912984,30,30,0.038768,0.044916,0.000000,0.000000,0.000000,0.000207,0
20260805_172630_772,1,Unspecified,1574,2026-08-05T17:40:12.6856301+09:00,2026-08-05T17:40:13.1856301+09:00,821.912984,822.412984,30,30,0.039447,0.045202,0.000000,0.000000,0.000000,0.000119,0
20260805_172630_772,1,Unspecified,1575,2026-08-05T17:40:13.1856301+09:00,2026-08-05T17:40:13.6856301+09:00,822.412984,822.912984,30,30,0.039683,0.045169,0.000000,0.000000,0.000000,0.000168,0
20260805_172630_772,1,Unspecified,1576,2026-08-05T17:40:13.6856301+09:00,2026-08-05T17:40:14.1856301+09:00,822.912984,823.412984,30,30,0.039977,0.045198,0.000000,0.000000,0.000000,0.000112,0
20260805_172630_772,1,Unspecified,1577,2026-08-05T17:40:14.1856301+09:00,2026-08-05T17:40:14.6856301+09:00,823.412984,823.912984,30,30,0.040165,0.045300,0.000000,0.000000,0.000000,0.000121,0
20260805_172630_772,1,Unspecified,1578,2026-08-05T17:40:14.6856301+09:00,2026-08-05T17:40:15.1856301+09:00,823.912984,824.412984,30,30,0.040196,0.045298,0.000000,0.000000,0.000000,0.000074,0
20260805_172630_772,1,Unspecified,1579,2026-08-05T17:40:15.1856301+09:00,2026-08-05T17:40:15.6856301+09:00,824.412984,824.912984,30,30,0.040221,0.045290,0.000000,0.000000,0.000000,0.000089,0
20260805_172630_772,1,Unspecified,1580,2026-08-05T17:40:15.6856301+09:00,2026-08-05T17:40:16.1856301+09:00,824.912984,825.412984,30,30,0.040161,0.045244,0.000000,0.000000,0.000000,0.000090,0
20260805_172630_772,1,Unspecified,1581,2026-08-05T17:40:16.1856301+09:00,2026-08-05T17:40:16.6856301+09:00,825.412984,825.912984,30,30,0.040093,0.045348,0.000000,0.000000,0.000000,0.000082,0
20260805_172630_772,1,Unspecified,1582,2026-08-05T17:40:16.6856301+09:00,2026-08-05T17:40:17.1856301+09:00,825.912984,826.412984,30,30,0.040161,0.045251,0.000000,0.000000,0.000000,0.000137,0
20260805_172630_772,1,Unspecified,1583,2026-08-05T17:40:17.1856301+09:00,2026-08-05T17:40:17.6856301+09:00,826.412984,826.912984,30,30,0.040426,0.045406,0.000000,0.000000,0.000000,0.000070,0
20260805_172630_772,1,Unspecified,1584,2026-08-05T17:40:17.6856301+09:00,2026-08-05T17:40:18.1856301+09:00,826.912984,827.412984,30,30,0.040353,0.045410,0.000000,0.000000,0.000000,0.000107,0
20260805_172630_772,1,Unspecified,1585,2026-08-05T17:40:18.1856301+09:00,2026-08-05T17:40:18.6856301+09:00,827.412984,827.912984,30,30,0.040406,0.045383,0.000000,0.000000,0.000000,0.000123,0
20260805_172630_772,1,Unspecified,1586,2026-08-05T17:40:18.6856301+09:00,2026-08-05T17:40:19.1856301+09:00,827.912984,828.412984,30,30,0.040355,0.045328,0.000000,0.000000,0.000000,0.000125,0
20260805_172630_772,1,Unspecified,1587,2026-08-05T17:40:19.1856301+09:00,2026-08-05T17:40:19.6856301+09:00,828.412984,828.912984,30,30,0.040295,0.045263,0.000000,0.000000,0.000000,0.000092,0
20260805_172630_772,1,Unspecified,1588,2026-08-05T17:40:19.6856301+09:00,2026-08-05T17:40:20.1856301+09:00,828.912984,829.412984,30,30,0.039727,0.044932,0.000000,0.000000,0.000000,0.000170,0
20260805_172630_772,1,Unspecified,1589,2026-08-05T17:40:20.1856301+09:00,2026-08-05T17:40:20.6856301+09:00,829.412984,829.912984,30,30,0.039603,0.044954,0.000000,0.000000,0.000000,0.000053,0
20260805_172630_772,1,Unspecified,1590,2026-08-05T17:40:20.6856301+09:00,2026-08-05T17:40:21.1856301+09:00,829.912984,830.412984,30,30,0.039754,0.045062,0.000000,0.000000,0.000000,0.000065,0
20260805_172630_772,1,Unspecified,1591,2026-08-05T17:40:21.1856301+09:00,2026-08-05T17:40:21.6856301+09:00,830.412984,830.912984,30,30,0.039920,0.045152,0.000000,0.000000,0.000000,0.000144,0
20260805_172630_772,1,Unspecified,1592,2026-08-05T17:40:21.6856301+09:00,2026-08-05T17:40:22.1856301+09:00,830.912984,831.412984,30,30,0.040076,0.045227,0.000000,0.000000,0.000000,0.000074,0
20260805_172630_772,1,Unspecified,1593,2026-08-05T17:40:22.1856301+09:00,2026-08-05T17:40:22.6856301+09:00,831.412984,831.912984,30,30,0.040042,0.045192,0.000000,0.000000,0.000000,0.000089,0
20260805_172630_772,1,Unspecified,1594,2026-08-05T17:40:22.6856301+09:00,2026-08-05T17:40:23.1856301+09:00,831.912984,832.412984,30,30,0.040228,0.045248,0.000000,0.000000,0.000000,0.000112,0
20260805_172630_772,1,Unspecified,1595,2026-08-05T17:40:23.1856301+09:00,2026-08-05T17:40:23.6856301+09:00,832.412984,832.912984,30,30,0.040376,0.045346,0.000000,0.000000,0.000000,0.000093,0
20260805_172630_772,1,Unspecified,1596,2026-08-05T17:40:23.6856301+09:00,2026-08-05T17:40:24.1856301+09:00,832.912984,833.412984,30,30,0.040286,0.045475,0.000000,0.000000,0.000000,0.000148,0
20260805_172630_772,1,Unspecified,1597,2026-08-05T17:40:24.1856301+09:00,2026-08-05T17:40:24.6856301+09:00,833.412984,833.912984,30,30,0.040208,0.045750,0.000000,0.000000,0.000000,0.000201,0
20260805_172630_772,1,Unspecified,1598,2026-08-05T17:40:24.6856301+09:00,2026-08-05T17:40:25.1856301+09:00,833.912984,834.412984,30,30,0.040038,0.045654,0.000000,0.000000,0.000000,0.000200,0
20260805_172630_772,1,Unspecified,1599,2026-08-05T17:40:25.1856301+09:00,2026-08-05T17:40:25.6856301+09:00,834.412984,834.912984,30,30,0.040472,0.045730,0.000000,0.000000,0.000000,0.000101,0
20260805_172630_772,1,Unspecified,1600,2026-08-05T17:40:25.6856301+09:00,2026-08-05T17:40:26.1856301+09:00,834.912984,835.412984,30,30,0.040705,0.045766,0.000000,0.000000,0.000000,0.000130,0
20260805_172630_772,1,Unspecified,1601,2026-08-05T17:40:26.1856301+09:00,2026-08-05T17:40:26.6856301+09:00,835.412984,835.912984,30,30,0.040620,0.045689,0.000000,0.000000,0.000000,0.000093,0
20260805_172630_772,1,Unspecified,1602,2026-08-05T17:40:26.6856301+09:00,2026-08-05T17:40:27.1856301+09:00,835.912984,836.412984,30,30,0.040715,0.045681,0.000000,0.000000,0.000000,0.000078,0
20260805_172630_772,1,Unspecified,1603,2026-08-05T17:40:27.1856301+09:00,2026-08-05T17:40:27.6856301+09:00,836.412984,836.912984,30,30,0.040549,0.045591,0.000000,0.000000,0.000000,0.000149,0
20260805_172630_772,1,Unspecified,1604,2026-08-05T17:40:27.6856301+09:00,2026-08-05T17:40:28.1856301+09:00,836.912984,837.412984,30,30,0.040473,0.045660,0.000000,0.000000,0.000000,0.000139,0
20260805_172630_772,1,Unspecified,1605,2026-08-05T17:40:28.1856301+09:00,2026-08-05T17:40:28.6856301+09:00,837.412984,837.912984,30,30,0.040579,0.045727,0.000000,0.000000,0.000000,0.000078,0
20260805_172630_772,1,Unspecified,1606,2026-08-05T17:40:28.6856301+09:00,2026-08-05T17:40:29.1856301+09:00,837.912984,838.412984,30,30,0.041216,0.046073,0.000000,0.000000,0.000000,0.000310,0
20260805_172630_772,1,Unspecified,1607,2026-08-05T17:40:29.1856301+09:00,2026-08-05T17:40:29.6856301+09:00,838.412984,838.912984,30,30,0.041732,0.046407,0.000000,0.000000,0.000000,0.000114,0
20260805_172630_772,1,Unspecified,1608,2026-08-05T17:40:29.6856301+09:00,2026-08-05T17:40:30.1856301+09:00,838.912984,839.412984,30,30,0.041381,0.046201,0.000000,0.000000,0.000000,0.000172,0
20260805_172630_772,1,Unspecified,1609,2026-08-05T17:40:30.1856301+09:00,2026-08-05T17:40:30.6856301+09:00,839.412984,839.912984,30,30,0.040877,0.045908,0.000000,0.000000,0.000000,0.000127,0
20260805_172630_772,1,Unspecified,1610,2026-08-05T17:40:30.6856301+09:00,2026-08-05T17:40:31.1856301+09:00,839.912984,840.412984,30,30,0.041250,0.046108,0.000000,0.000000,0.000000,0.000168,0
20260805_172630_772,1,Unspecified,1611,2026-08-05T17:40:31.1856301+09:00,2026-08-05T17:40:31.6856301+09:00,840.412984,840.912984,30,30,0.041562,0.046192,0.000000,0.000000,0.000000,0.000288,0
20260805_172630_772,1,Unspecified,1612,2026-08-05T17:40:31.6856301+09:00,2026-08-05T17:40:32.1856301+09:00,840.912984,841.412984,30,30,0.042416,0.046754,0.000000,0.000000,0.000000,0.000085,0
20260805_172630_772,1,Unspecified,1613,2026-08-05T17:40:32.1856301+09:00,2026-08-05T17:40:32.6856301+09:00,841.412984,841.912984,30,30,0.042709,0.047013,0.000000,0.000000,0.000000,0.000343,0
20260805_172630_772,1,Unspecified,1614,2026-08-05T17:40:32.6856301+09:00,2026-08-05T17:40:33.1856301+09:00,841.912984,842.412984,30,30,0.042397,0.046766,0.000000,0.000000,0.000000,0.000180,0
20260805_172630_772,1,Unspecified,1615,2026-08-05T17:40:33.1856301+09:00,2026-08-05T17:40:33.6856301+09:00,842.412984,842.912984,30,30,0.042130,0.046762,0.000000,0.000000,0.000000,0.000307,0
20260805_172630_772,1,Unspecified,1616,2026-08-05T17:40:33.6856301+09:00,2026-08-05T17:40:34.1856301+09:00,842.912984,843.412984,30,30,0.041675,0.046624,0.000000,0.000000,0.000000,0.000252,0
20260805_172630_772,1,Unspecified,1617,2026-08-05T17:40:34.1856301+09:00,2026-08-05T17:40:34.6856301+09:00,843.412984,843.912984,30,30,0.042336,0.046851,0.000000,0.000000,0.000000,0.000121,0
20260805_172630_772,1,Unspecified,1618,2026-08-05T17:40:34.6856301+09:00,2026-08-05T17:40:35.1856301+09:00,843.912984,844.412984,30,30,0.042335,0.046879,0.000000,0.000000,0.000000,0.000075,0
20260805_172630_772,1,Unspecified,1619,2026-08-05T17:40:35.1856301+09:00,2026-08-05T17:40:35.6856301+09:00,844.412984,844.912984,30,30,0.042418,0.046839,0.000000,0.000000,0.000000,0.000097,0
20260805_172630_772,1,Unspecified,1620,2026-08-05T17:40:35.6856301+09:00,2026-08-05T17:40:36.1856301+09:00,844.912984,845.412984,30,30,0.042205,0.046719,0.000000,0.000000,0.000000,0.000149,0
20260805_172630_772,1,Unspecified,1621,2026-08-05T17:40:36.1856301+09:00,2026-08-05T17:40:36.6856301+09:00,845.412984,845.912984,30,30,0.042425,0.046941,0.000000,0.000000,0.000000,0.000090,0
20260805_172630_772,1,Unspecified,1622,2026-08-05T17:40:36.6856301+09:00,2026-08-05T17:40:37.1856301+09:00,845.912984,846.412984,30,30,0.042203,0.046894,0.000000,0.000000,0.000000,0.000168,0
20260805_172630_772,1,Unspecified,1623,2026-08-05T17:40:37.1856301+09:00,2026-08-05T17:40:37.6856301+09:00,846.412984,846.912984,30,30,0.042457,0.046922,0.000000,0.000000,0.000000,0.000155,0
20260805_172630_772,1,Unspecified,1624,2026-08-05T17:40:37.6856301+09:00,2026-08-05T17:40:38.1856301+09:00,846.912984,847.412984,30,30,0.041904,0.046389,0.000000,0.000000,0.000000,0.000235,0
20260805_172630_772,1,Unspecified,1625,2026-08-05T17:40:38.1856301+09:00,2026-08-05T17:40:38.6856301+09:00,847.412984,847.912984,30,30,0.041709,0.046238,0.000000,0.000000,0.000000,0.000161,0
20260805_172630_772,1,Unspecified,1626,2026-08-05T17:40:38.6856301+09:00,2026-08-05T17:40:39.1856301+09:00,847.912984,848.412984,30,30,0.041181,0.045919,0.000000,0.000000,0.000000,0.000077,0
20260805_172630_772,1,Unspecified,1627,2026-08-05T17:40:39.1856301+09:00,2026-08-05T17:40:39.6856301+09:00,848.412984,848.912984,30,30,0.041195,0.045877,0.000000,0.000000,0.000000,0.000106,0
20260805_172630_772,1,Unspecified,1628,2026-08-05T17:40:39.6856301+09:00,2026-08-05T17:40:40.1856301+09:00,848.912984,849.412984,30,30,0.041145,0.045793,0.000000,0.000000,0.000000,0.000078,0
20260805_172630_772,1,Unspecified,1629,2026-08-05T17:40:40.1856301+09:00,2026-08-05T17:40:40.6856301+09:00,849.412984,849.912984,30,30,0.041312,0.045912,0.000000,0.000000,0.000000,0.000156,0
20260805_172630_772,1,Unspecified,1630,2026-08-05T17:40:40.6856301+09:00,2026-08-05T17:40:41.1856301+09:00,849.912984,850.412984,30,30,0.041204,0.045880,0.000000,0.000000,0.000000,0.000127,0
20260805_172630_772,1,Unspecified,1631,2026-08-05T17:40:41.1856301+09:00,2026-08-05T17:40:41.6856301+09:00,850.412984,850.912984,31,31,0.041397,0.045955,0.000000,0.000000,0.000000,0.000151,0
20260805_172630_772,1,Unspecified,1632,2026-08-05T17:40:41.6856301+09:00,2026-08-05T17:40:42.1856301+09:00,850.912984,851.412984,29,29,0.041182,0.045821,0.000000,0.000000,0.000000,0.000059,0
20260805_172630_772,1,Unspecified,1633,2026-08-05T17:40:42.1856301+09:00,2026-08-05T17:40:42.6856301+09:00,851.412984,851.912984,30,30,0.041280,0.045927,0.000000,0.000000,0.000000,0.000118,0
20260805_172630_772,1,Unspecified,1634,2026-08-05T17:40:42.6856301+09:00,2026-08-05T17:40:43.1856301+09:00,851.912984,852.412984,30,30,0.041443,0.045958,0.000000,0.000000,0.000000,0.000062,0
20260805_172630_772,1,Unspecified,1635,2026-08-05T17:40:43.1856301+09:00,2026-08-05T17:40:43.6856301+09:00,852.412984,852.912984,30,30,0.041414,0.045950,0.000000,0.000000,0.000000,0.000105,0
20260805_172630_772,1,Unspecified,1636,2026-08-05T17:40:43.6856301+09:00,2026-08-05T17:40:44.1856301+09:00,852.912984,853.412984,30,30,0.041065,0.045757,0.000000,0.000000,0.000000,0.000159,0
20260805_172630_772,1,Unspecified,1637,2026-08-05T17:40:44.1856301+09:00,2026-08-05T17:40:44.6856301+09:00,853.412984,853.912984,30,30,0.041090,0.045825,0.000000,0.000000,0.000000,0.000155,0
20260805_172630_772,1,Unspecified,1638,2026-08-05T17:40:44.6856301+09:00,2026-08-05T17:40:45.1856301+09:00,853.912984,854.412984,30,30,0.041832,0.046124,0.000000,0.000000,0.000000,0.000165,0
20260805_172630_772,1,Unspecified,1639,2026-08-05T17:40:45.1856301+09:00,2026-08-05T17:40:45.6856301+09:00,854.412984,854.912984,30,30,0.041760,0.046081,0.000000,0.000000,0.000000,0.000106,0
20260805_172630_772,1,Unspecified,1640,2026-08-05T17:40:45.6856301+09:00,2026-08-05T17:40:46.1856301+09:00,854.912984,855.412984,30,30,0.041535,0.046028,0.000000,0.000000,0.000000,0.000080,0
20260805_172630_772,1,Unspecified,1641,2026-08-05T17:40:46.1856301+09:00,2026-08-05T17:40:46.6856301+09:00,855.412984,855.912984,30,30,0.041208,0.045939,0.000000,0.000000,0.000000,0.000219,0
20260805_172630_772,1,Unspecified,1642,2026-08-05T17:40:46.6856301+09:00,2026-08-05T17:40:47.1856301+09:00,855.912984,856.412984,30,30,0.040891,0.045693,0.000000,0.000000,0.000000,0.000090,0
20260805_172630_772,1,Unspecified,1643,2026-08-05T17:40:47.1856301+09:00,2026-08-05T17:40:47.6856301+09:00,856.412984,856.912984,30,30,0.040847,0.045654,0.000000,0.000000,0.000000,0.000132,0
20260805_172630_772,1,Unspecified,1644,2026-08-05T17:40:47.6856301+09:00,2026-08-05T17:40:48.1856301+09:00,856.912984,857.412984,30,30,0.040403,0.045476,0.000000,0.000000,0.000000,0.000417,0
20260805_172630_772,1,Unspecified,1645,2026-08-05T17:40:48.1856301+09:00,2026-08-05T17:40:48.6856301+09:00,857.412984,857.912984,30,30,0.039304,0.045379,0.000000,0.000000,0.000000,0.000182,0
20260805_172630_772,1,Unspecified,1646,2026-08-05T17:40:48.6856301+09:00,2026-08-05T17:40:49.1856301+09:00,857.912984,858.412984,30,30,0.039765,0.045447,0.000000,0.000000,0.000000,0.000233,0
20260805_172630_772,1,Unspecified,1647,2026-08-05T17:40:49.1856301+09:00,2026-08-05T17:40:49.6856301+09:00,858.412984,858.912984,30,30,0.040197,0.045401,0.000000,0.000000,0.000000,0.000129,0
20260805_172630_772,1,Unspecified,1648,2026-08-05T17:40:49.6856301+09:00,2026-08-05T17:40:50.1856301+09:00,858.912984,859.412984,30,30,0.039504,0.045192,0.000000,0.000000,0.000000,0.000286,0
20260805_172630_772,1,Unspecified,1649,2026-08-05T17:40:50.1856301+09:00,2026-08-05T17:40:50.6856301+09:00,859.412984,859.912984,30,30,0.039208,0.045018,0.000000,0.000000,0.000000,0.000196,0
20260805_172630_772,1,Unspecified,1650,2026-08-05T17:40:50.6856301+09:00,2026-08-05T17:40:51.1856301+09:00,859.912984,860.412984,30,30,0.039493,0.045006,0.000000,0.000000,0.000000,0.000109,0
20260805_172630_772,1,Unspecified,1651,2026-08-05T17:40:51.1856301+09:00,2026-08-05T17:40:51.6856301+09:00,860.412984,860.912984,30,30,0.039608,0.044940,0.000000,0.000000,0.000000,0.000129,0
20260805_172630_772,1,Unspecified,1652,2026-08-05T17:40:51.6856301+09:00,2026-08-05T17:40:52.1856301+09:00,860.912984,861.412984,30,30,0.039771,0.045126,0.000000,0.000000,0.000000,0.000153,0
20260805_172630_772,1,Unspecified,1653,2026-08-05T17:40:52.1856301+09:00,2026-08-05T17:40:52.6856301+09:00,861.412984,861.912984,30,30,0.040272,0.045450,0.000000,0.000000,0.000000,0.000128,0
20260805_172630_772,1,Unspecified,1654,2026-08-05T17:40:52.6856301+09:00,2026-08-05T17:40:53.1856301+09:00,861.912984,862.412984,31,31,0.040419,0.045552,0.000000,0.000000,0.000000,0.000113,0
20260805_172630_772,1,Unspecified,1655,2026-08-05T17:40:53.1856301+09:00,2026-08-05T17:40:53.6856301+09:00,862.412984,862.912984,30,30,0.040635,0.045618,0.000000,0.000000,0.000000,0.000093,0
20260805_172630_772,1,Unspecified,1656,2026-08-05T17:40:53.6856301+09:00,2026-08-05T17:40:54.1856301+09:00,862.912984,863.412984,29,29,0.040349,0.045414,0.000000,0.000000,0.000000,0.000130,0
20260805_172630_772,1,Unspecified,1657,2026-08-05T17:40:54.1856301+09:00,2026-08-05T17:40:54.6856301+09:00,863.412984,863.912984,30,30,0.040491,0.045609,0.000000,0.000000,0.000000,0.000149,0
20260805_172630_772,1,Unspecified,1658,2026-08-05T17:40:54.6856301+09:00,2026-08-05T17:40:55.1856301+09:00,863.912984,864.412984,30,30,0.040897,0.045817,0.000000,0.000000,0.000000,0.000111,0
20260805_172630_772,1,Unspecified,1659,2026-08-05T17:40:55.1856301+09:00,2026-08-05T17:40:55.6856301+09:00,864.412984,864.912984,30,30,0.041046,0.045888,0.000000,0.000000,0.000000,0.000052,0
20260805_172630_772,1,Unspecified,1660,2026-08-05T17:40:55.6856301+09:00,2026-08-05T17:40:56.1856301+09:00,864.912984,865.412984,30,30,0.040669,0.045733,0.000000,0.000000,0.000000,0.000182,0
20260805_172630_772,1,Unspecified,1661,2026-08-05T17:40:56.1856301+09:00,2026-08-05T17:40:56.6856301+09:00,865.412984,865.912984,30,30,0.040324,0.045506,0.000000,0.000000,0.000000,0.000090,0
20260805_172630_772,1,Unspecified,1662,2026-08-05T17:40:56.6856301+09:00,2026-08-05T17:40:57.1856301+09:00,865.912984,866.412984,30,30,0.040548,0.045620,0.000000,0.000000,0.000000,0.000250,0
20260805_172630_772,1,Unspecified,1663,2026-08-05T17:40:57.1856301+09:00,2026-08-05T17:40:57.6856301+09:00,866.412984,866.912984,30,30,0.040889,0.045788,0.000000,0.000000,0.000000,0.000117,0
20260805_172630_772,1,Unspecified,1664,2026-08-05T17:40:57.6856301+09:00,2026-08-05T17:40:58.1856301+09:00,866.912984,867.412984,30,30,0.040710,0.045636,0.000000,0.000000,0.000000,0.000104,0
20260805_172630_772,1,Unspecified,1665,2026-08-05T17:40:58.1856301+09:00,2026-08-05T17:40:58.6856301+09:00,867.412984,867.912984,30,30,0.040579,0.045620,0.000000,0.000000,0.000000,0.000120,0
20260805_172630_772,1,Unspecified,1666,2026-08-05T17:40:58.6856301+09:00,2026-08-05T17:40:59.1856301+09:00,867.912984,868.412984,30,30,0.040748,0.045649,0.000000,0.000000,0.000000,0.000145,0
20260805_172630_772,1,Unspecified,1667,2026-08-05T17:40:59.1856301+09:00,2026-08-05T17:40:59.6856301+09:00,868.412984,868.912984,30,30,0.040761,0.045670,0.000000,0.000000,0.000000,0.000179,0
20260805_172630_772,1,Unspecified,1668,2026-08-05T17:40:59.6856301+09:00,2026-08-05T17:41:00.1856301+09:00,868.912984,869.412984,30,30,0.040883,0.045764,0.000000,0.000000,0.000000,0.000152,0
20260805_172630_772,1,Unspecified,1669,2026-08-05T17:41:00.1856301+09:00,2026-08-05T17:41:00.6856301+09:00,869.412984,869.912984,30,30,0.041085,0.045847,0.000000,0.000000,0.000000,0.000086,0
20260805_172630_772,1,Unspecified,1670,2026-08-05T17:41:00.6856301+09:00,2026-08-05T17:41:01.1856301+09:00,869.912984,870.412984,30,30,0.041049,0.045796,0.000000,0.000000,0.000000,0.000131,0
20260805_172630_772,1,Unspecified,1671,2026-08-05T17:41:01.1856301+09:00,2026-08-05T17:41:01.6856301+09:00,870.412984,870.912984,30,30,0.041219,0.045798,0.000000,0.000000,0.000000,0.000094,0
20260805_172630_772,1,Unspecified,1672,2026-08-05T17:41:01.6856301+09:00,2026-08-05T17:41:02.1856301+09:00,870.912984,871.412984,30,30,0.041041,0.045831,0.000000,0.000000,0.000000,0.000107,0
20260805_172630_772,1,Unspecified,1673,2026-08-05T17:41:02.1856301+09:00,2026-08-05T17:41:02.6856301+09:00,871.412984,871.912984,30,30,0.040698,0.045540,0.000000,0.000000,0.000000,0.000140,0
20260805_172630_772,1,Unspecified,1674,2026-08-05T17:41:02.6856301+09:00,2026-08-05T17:41:03.1856301+09:00,871.912984,872.412984,30,30,0.040482,0.045385,0.000000,0.000000,0.000000,0.000080,0
20260805_172630_772,1,Unspecified,1675,2026-08-05T17:41:03.1856301+09:00,2026-08-05T17:41:03.6856301+09:00,872.412984,872.912984,30,30,0.040298,0.045216,0.000000,0.000000,0.000000,0.000092,0
20260805_172630_772,1,Unspecified,1676,2026-08-05T17:41:03.6856301+09:00,2026-08-05T17:41:04.1856301+09:00,872.912984,873.412984,30,30,0.040210,0.045095,0.000000,0.000000,0.000000,0.000094,0
20260805_172630_772,1,Unspecified,1677,2026-08-05T17:41:04.1856301+09:00,2026-08-05T17:41:04.6856301+09:00,873.412984,873.912984,30,30,0.040293,0.045231,0.000000,0.000000,0.000000,0.000109,0
20260805_172630_772,1,Unspecified,1678,2026-08-05T17:41:04.6856301+09:00,2026-08-05T17:41:05.1856301+09:00,873.912984,874.412984,30,30,0.040384,0.045351,0.000000,0.000000,0.000000,0.000080,0
20260805_172630_772,1,Unspecified,1679,2026-08-05T17:41:05.1856301+09:00,2026-08-05T17:41:05.6856301+09:00,874.412984,874.912984,31,31,0.040350,0.045345,0.000000,0.000000,0.000000,0.000126,0
20260805_172630_772,1,Unspecified,1680,2026-08-05T17:41:05.6856301+09:00,2026-08-05T17:41:06.1856301+09:00,874.912984,875.412984,29,29,0.040141,0.045226,0.000000,0.000000,0.000000,0.000070,0
20260805_172630_772,1,Unspecified,1681,2026-08-05T17:41:06.1856301+09:00,2026-08-05T17:41:06.6856301+09:00,875.412984,875.912984,30,30,0.040018,0.045164,0.000000,0.000000,0.000000,0.000106,0
20260805_172630_772,1,Unspecified,1682,2026-08-05T17:41:06.6856301+09:00,2026-08-05T17:41:07.1856301+09:00,875.912984,876.412984,30,30,0.040215,0.045361,0.000000,0.000000,0.000000,0.000113,0
20260805_172630_772,1,Unspecified,1683,2026-08-05T17:41:07.1856301+09:00,2026-08-05T17:41:07.6856301+09:00,876.412984,876.912984,30,30,0.040166,0.045298,0.000000,0.000000,0.000000,0.000202,0
20260805_172630_772,1,Unspecified,1684,2026-08-05T17:41:07.6856301+09:00,2026-08-05T17:41:08.1856301+09:00,876.912984,877.412984,30,30,0.039566,0.045089,0.000000,0.000000,0.000000,0.000349,0
20260805_172630_772,1,Unspecified,1685,2026-08-05T17:41:08.1856301+09:00,2026-08-05T17:41:08.6856301+09:00,877.412984,877.912984,30,30,0.039057,0.044933,0.000000,0.000000,0.000000,0.000165,0
20260805_172630_772,1,Unspecified,1686,2026-08-05T17:41:08.6856301+09:00,2026-08-05T17:41:09.1856301+09:00,877.912984,878.412984,30,30,0.039372,0.044921,0.000000,0.000000,0.000000,0.000104,0
20260805_172630_772,1,Unspecified,1687,2026-08-05T17:41:09.1856301+09:00,2026-08-05T17:41:09.6856301+09:00,878.412984,878.912984,30,30,0.039801,0.045040,0.000000,0.000000,0.000000,0.000090,0
20260805_172630_772,1,Unspecified,1688,2026-08-05T17:41:09.6856301+09:00,2026-08-05T17:41:10.1856301+09:00,878.912984,879.412984,30,30,0.038798,0.044590,0.000000,0.000000,0.000000,0.000473,0
20260805_172630_772,1,Unspecified,1689,2026-08-05T17:41:10.1856301+09:00,2026-08-05T17:41:10.6856301+09:00,879.412984,879.912984,30,30,0.038528,0.044602,0.000000,0.000000,0.000000,0.000269,0
20260805_172630_772,1,Unspecified,1690,2026-08-05T17:41:10.6856301+09:00,2026-08-05T17:41:11.1856301+09:00,879.912984,880.412984,30,30,0.039373,0.044987,0.000000,0.000000,0.000000,0.000144,0
20260805_172630_772,1,Unspecified,1691,2026-08-05T17:41:11.1856301+09:00,2026-08-05T17:41:11.6856301+09:00,880.412984,880.912984,30,30,0.039468,0.044865,0.000000,0.000000,0.000000,0.000130,0
20260805_172630_772,1,Unspecified,1692,2026-08-05T17:41:11.6856301+09:00,2026-08-05T17:41:12.1856301+09:00,880.912984,881.412984,30,30,0.039431,0.044751,0.000000,0.000000,0.000000,0.000118,0
20260805_172630_772,1,Unspecified,1693,2026-08-05T17:41:12.1856301+09:00,2026-08-05T17:41:12.6856301+09:00,881.412984,881.912984,30,30,0.039537,0.044873,0.000000,0.000000,0.000000,0.000159,0
20260805_172630_772,1,Unspecified,1694,2026-08-05T17:41:12.6856301+09:00,2026-08-05T17:41:13.1856301+09:00,881.912984,882.412984,30,30,0.039879,0.045037,0.000000,0.000000,0.000000,0.000130,0
20260805_172630_772,1,Unspecified,1695,2026-08-05T17:41:13.1856301+09:00,2026-08-05T17:41:13.6856301+09:00,882.412984,882.912984,30,30,0.039885,0.044996,0.000000,0.000000,0.000000,0.000068,0
20260805_172630_772,1,Unspecified,1696,2026-08-05T17:41:13.6856301+09:00,2026-08-05T17:41:14.1856301+09:00,882.912984,883.412984,30,30,0.039399,0.044869,0.000000,0.000000,0.000000,0.000348,0
20260805_172630_772,1,Unspecified,1697,2026-08-05T17:41:14.1856301+09:00,2026-08-05T17:41:14.6856301+09:00,883.412984,883.912984,30,30,0.039294,0.044777,0.000000,0.000000,0.000000,0.000298,0
20260805_172630_772,1,Unspecified,1698,2026-08-05T17:41:14.6856301+09:00,2026-08-05T17:41:15.1856301+09:00,883.912984,884.412984,30,30,0.039645,0.044869,0.000000,0.000000,0.000000,0.000122,0
20260805_172630_772,1,Unspecified,1699,2026-08-05T17:41:15.1856301+09:00,2026-08-05T17:41:15.6856301+09:00,884.412984,884.912984,30,30,0.039923,0.044946,0.000000,0.000000,0.000000,0.000115,0
20260805_172630_772,1,Unspecified,1700,2026-08-05T17:41:15.6856301+09:00,2026-08-05T17:41:16.1856301+09:00,884.912984,885.412984,30,30,0.040318,0.045123,0.000000,0.000000,0.000000,0.000178,0
20260805_172630_772,1,Unspecified,1701,2026-08-05T17:41:16.1856301+09:00,2026-08-05T17:41:16.6856301+09:00,885.412984,885.912984,30,30,0.040348,0.045272,0.000000,0.000000,0.000000,0.000088,0
20260805_172630_772,1,Unspecified,1702,2026-08-05T17:41:16.6856301+09:00,2026-08-05T17:41:17.1856301+09:00,885.912984,886.412984,30,30,0.040407,0.045370,0.000000,0.000000,0.000000,0.000065,0
20260805_172630_772,1,Unspecified,1703,2026-08-05T17:41:17.1856301+09:00,2026-08-05T17:41:17.6856301+09:00,886.412984,886.912984,30,30,0.040423,0.045402,0.000000,0.000000,0.000000,0.000114,0
20260805_172630_772,1,Unspecified,1704,2026-08-05T17:41:17.6856301+09:00,2026-08-05T17:41:18.1856301+09:00,886.912984,887.412984,30,30,0.040596,0.045429,0.000000,0.000000,0.000000,0.000072,0
20260805_172630_772,1,Unspecified,1705,2026-08-05T17:41:18.1856301+09:00,2026-08-05T17:41:18.6856301+09:00,887.412984,887.912984,30,30,0.040651,0.045476,0.000000,0.000000,0.000000,0.000103,0
20260805_172630_772,1,Unspecified,1706,2026-08-05T17:41:18.6856301+09:00,2026-08-05T17:41:19.1856301+09:00,887.912984,888.412984,30,30,0.040551,0.045375,0.000000,0.000000,0.000000,0.000073,0
20260805_172630_772,1,Unspecified,1707,2026-08-05T17:41:19.1856301+09:00,2026-08-05T17:41:19.6856301+09:00,888.412984,888.912984,30,30,0.040542,0.045365,0.000000,0.000000,0.000000,0.000112,0
20260805_172630_772,1,Unspecified,1708,2026-08-05T17:41:19.6856301+09:00,2026-08-05T17:41:20.1856301+09:00,888.912984,889.412984,30,30,0.039903,0.045027,0.000000,0.000000,0.000000,0.000422,0
20260805_172630_772,1,Unspecified,1709,2026-08-05T17:41:20.1856301+09:00,2026-08-05T17:41:20.6856301+09:00,889.412984,889.912984,30,30,0.039654,0.045036,0.000000,0.000000,0.000000,0.000215,0
20260805_172630_772,1,Unspecified,1710,2026-08-05T17:41:20.6856301+09:00,2026-08-05T17:41:21.1856301+09:00,889.912984,890.412984,30,30,0.039928,0.045121,0.000000,0.000000,0.000000,0.000074,0
20260805_172630_772,1,Unspecified,1711,2026-08-05T17:41:21.1856301+09:00,2026-08-05T17:41:21.6856301+09:00,890.412984,890.912984,30,30,0.039933,0.045135,0.000000,0.000000,0.000000,0.000138,0
20260805_172630_772,1,Unspecified,1712,2026-08-05T17:41:21.6856301+09:00,2026-08-05T17:41:22.1856301+09:00,890.912984,891.412984,30,30,0.039841,0.045147,0.000000,0.000000,0.000000,0.000175,0
20260805_172630_772,1,Unspecified,1713,2026-08-05T17:41:22.1856301+09:00,2026-08-05T17:41:22.6856301+09:00,891.412984,891.912984,30,30,0.039872,0.045185,0.000000,0.000000,0.000000,0.000100,0
20260805_172630_772,1,Unspecified,1714,2026-08-05T17:41:22.6856301+09:00,2026-08-05T17:41:23.1856301+09:00,891.912984,892.412984,31,31,0.040102,0.045405,0.000000,0.000000,0.000000,0.000070,0
20260805_172630_772,1,Unspecified,1715,2026-08-05T17:41:23.1856301+09:00,2026-08-05T17:41:23.6856301+09:00,892.412984,892.912984,29,29,0.040138,0.045345,0.000000,0.000000,0.000000,0.000193,0
20260805_172630_772,1,Unspecified,1716,2026-08-05T17:41:23.6856301+09:00,2026-08-05T17:41:24.1856301+09:00,892.912984,893.412984,30,30,0.040315,0.045592,0.000000,0.000000,0.000000,0.000097,0
20260805_172630_772,1,Unspecified,1717,2026-08-05T17:41:24.1856301+09:00,2026-08-05T17:41:24.6856301+09:00,893.412984,893.912984,30,30,0.040343,0.045676,0.000000,0.000000,0.000000,0.000098,0
20260805_172630_772,1,Unspecified,1718,2026-08-05T17:41:24.6856301+09:00,2026-08-05T17:41:25.1856301+09:00,893.912984,894.412984,30,30,0.040606,0.045791,0.000000,0.000000,0.000000,0.000084,0
20260805_172630_772,1,Unspecified,1719,2026-08-05T17:41:25.1856301+09:00,2026-08-05T17:41:25.6856301+09:00,894.412984,894.912984,30,30,0.040513,0.045713,0.000000,0.000000,0.000000,0.000083,0
20260805_172630_772,1,Unspecified,1720,2026-08-05T17:41:25.6856301+09:00,2026-08-05T17:41:26.1856301+09:00,894.912984,895.412984,30,30,0.040546,0.045761,0.000000,0.000000,0.000000,0.000081,0
20260805_172630_772,1,Unspecified,1721,2026-08-05T17:41:26.1856301+09:00,2026-08-05T17:41:26.6856301+09:00,895.412984,895.912984,30,30,0.040488,0.045777,0.000000,0.000000,0.000000,0.000068,0
20260805_172630_772,1,Unspecified,1722,2026-08-05T17:41:26.6856301+09:00,2026-08-05T17:41:27.1856301+09:00,895.912984,896.412984,30,30,0.040709,0.045789,0.000000,0.000000,0.000000,0.000061,0
20260805_172630_772,1,Unspecified,1723,2026-08-05T17:41:27.1856301+09:00,2026-08-05T17:41:27.6856301+09:00,896.412984,896.912984,30,30,0.040667,0.045655,0.000000,0.000000,0.000000,0.000095,0
20260805_172630_772,1,Unspecified,1724,2026-08-05T17:41:27.6856301+09:00,2026-08-05T17:41:28.1856301+09:00,896.912984,897.412984,30,30,0.040443,0.045543,0.000000,0.000000,0.000000,0.000085,0
20260805_172630_772,1,Unspecified,1725,2026-08-05T17:41:28.1856301+09:00,2026-08-05T17:41:28.6856301+09:00,897.412984,897.912984,30,30,0.040252,0.045664,0.000000,0.000000,0.000000,0.000100,0
20260805_172630_772,1,Unspecified,1726,2026-08-05T17:41:28.6856301+09:00,2026-08-05T17:41:29.1856301+09:00,897.912984,898.412984,30,30,0.040262,0.045839,0.000000,0.000000,0.000000,0.000142,0
20260805_172630_772,1,Unspecified,1727,2026-08-05T17:41:29.1856301+09:00,2026-08-05T17:41:29.6856301+09:00,898.412984,898.912984,30,30,0.040492,0.046366,0.000000,0.000000,0.000000,0.000406,0
20260805_172630_772,1,Unspecified,1728,2026-08-05T17:41:29.6856301+09:00,2026-08-05T17:41:30.1856301+09:00,898.912984,899.412984,30,30,0.040227,0.046582,0.000000,0.000000,0.000000,0.000549,0
20260805_172630_772,1,Unspecified,1729,2026-08-05T17:41:30.1856301+09:00,2026-08-05T17:41:30.6856301+09:00,899.412984,899.912984,30,30,0.039791,0.046017,0.000000,0.000000,0.000000,0.000126,0
20260805_172630_772,1,Unspecified,1730,2026-08-05T17:41:30.6856301+09:00,2026-08-05T17:41:31.1856301+09:00,899.912984,900.412984,30,30,0.039689,0.045931,0.000000,0.000000,0.000000,0.000119,0
20260805_172630_772,1,Unspecified,1731,2026-08-05T17:41:31.1856301+09:00,2026-08-05T17:41:31.6856301+09:00,900.412984,900.912984,30,30,0.039598,0.045906,0.000000,0.000000,0.000000,0.000115,0
20260805_172630_772,1,Unspecified,1732,2026-08-05T17:41:31.6856301+09:00,2026-08-05T17:41:32.1856301+09:00,900.912984,901.412984,30,30,0.039494,0.045881,0.000000,0.000000,0.000000,0.000068,0
20260805_172630_772,1,Unspecified,1733,2026-08-05T17:41:32.1856301+09:00,2026-08-05T17:41:32.6856301+09:00,901.412984,901.912984,30,30,0.039168,0.045790,0.000000,0.000000,0.000000,0.000127,0
20260805_172630_772,1,Unspecified,1734,2026-08-05T17:41:32.6856301+09:00,2026-08-05T17:41:33.1856301+09:00,901.912984,902.412984,30,30,0.039359,0.045789,0.000000,0.000000,0.000000,0.000134,0
20260805_172630_772,1,Unspecified,1735,2026-08-05T17:41:33.1856301+09:00,2026-08-05T17:41:33.6856301+09:00,902.412984,902.912984,30,30,0.039334,0.045612,0.000000,0.000000,0.000000,0.000163,0
20260805_172630_772,1,Unspecified,1736,2026-08-05T17:41:33.6856301+09:00,2026-08-05T17:41:34.1856301+09:00,902.912984,903.412984,30,30,0.039250,0.045359,0.000000,0.000000,0.000000,0.000073,0
20260805_172630_772,1,Unspecified,1737,2026-08-05T17:41:34.1856301+09:00,2026-08-05T17:41:34.6856301+09:00,903.412984,903.912984,31,31,0.039354,0.045520,0.000000,0.000000,0.000000,0.000178,0
20260805_172630_772,1,Unspecified,1738,2026-08-05T17:41:34.6856301+09:00,2026-08-05T17:41:35.1856301+09:00,903.912984,904.412984,29,29,0.039404,0.045558,0.000000,0.000000,0.000000,0.000166,0
20260805_172630_772,1,Unspecified,1739,2026-08-05T17:41:35.1856301+09:00,2026-08-05T17:41:35.6856301+09:00,904.412984,904.912984,30,30,0.039340,0.045581,0.000000,0.000000,0.000000,0.000140,0
20260805_172630_772,1,Unspecified,1740,2026-08-05T17:41:35.6856301+09:00,2026-08-05T17:41:36.1856301+09:00,904.912984,905.412984,30,30,0.039220,0.045421,0.000000,0.000000,0.000000,0.000136,0
20260805_172630_772,1,Unspecified,1741,2026-08-05T17:41:36.1856301+09:00,2026-08-05T17:41:36.6856301+09:00,905.412984,905.912984,30,30,0.038942,0.045644,0.000000,0.000000,0.000000,0.000116,0
20260805_172630_772,1,Unspecified,1742,2026-08-05T17:41:36.6856301+09:00,2026-08-05T17:41:37.1856301+09:00,905.912984,906.412984,30,30,0.039349,0.045801,0.000000,0.000000,0.000000,0.000216,0
20260805_172630_772,1,Unspecified,1743,2026-08-05T17:41:37.1856301+09:00,2026-08-05T17:41:37.6856301+09:00,906.412984,906.912984,30,30,0.039052,0.045631,0.000000,0.000000,0.000000,0.000260,0
20260805_172630_772,1,Unspecified,1744,2026-08-05T17:41:37.6856301+09:00,2026-08-05T17:41:38.1856301+09:00,906.912984,907.412984,30,30,0.038505,0.045354,0.000000,0.000000,0.000000,0.000381,0
20260805_172630_772,1,Unspecified,1745,2026-08-05T17:41:38.1856301+09:00,2026-08-05T17:41:38.6856301+09:00,907.412984,907.912984,30,30,0.038201,0.045392,0.000000,0.000000,0.000000,0.000278,0
20260805_172630_772,1,Unspecified,1746,2026-08-05T17:41:38.6856301+09:00,2026-08-05T17:41:39.1856301+09:00,907.912984,908.412984,30,30,0.038540,0.045291,0.000000,0.000000,0.000000,0.000157,0
20260805_172630_772,1,Unspecified,1747,2026-08-05T17:41:39.1856301+09:00,2026-08-05T17:41:39.6856301+09:00,908.412984,908.912984,30,30,0.038899,0.045275,0.000000,0.000000,0.000000,0.000125,0
20260805_172630_772,1,Unspecified,1748,2026-08-05T17:41:39.6856301+09:00,2026-08-05T17:41:40.1856301+09:00,908.912984,909.412984,30,30,0.038141,0.045060,0.000000,0.000000,0.000000,0.000332,0
20260805_172630_772,1,Unspecified,1749,2026-08-05T17:41:40.1856301+09:00,2026-08-05T17:41:40.6856301+09:00,909.412984,909.912984,30,30,0.037761,0.045121,0.000000,0.000000,0.000000,0.000184,0
20260805_172630_772,1,Unspecified,1750,2026-08-05T17:41:40.6856301+09:00,2026-08-05T17:41:41.1856301+09:00,909.912984,910.412984,30,30,0.038270,0.045098,0.000000,0.000000,0.000000,0.000148,0
20260805_172630_772,1,Unspecified,1751,2026-08-05T17:41:41.1856301+09:00,2026-08-05T17:41:41.6856301+09:00,910.412984,910.912984,30,30,0.038488,0.045108,0.000000,0.000000,0.000000,0.000173,0
20260805_172630_772,1,Unspecified,1752,2026-08-05T17:41:41.6856301+09:00,2026-08-05T17:41:42.1856301+09:00,910.912984,911.412984,30,30,0.037526,0.045142,0.000000,0.000000,0.000000,0.000475,0
20260805_172630_772,1,Unspecified,1753,2026-08-05T17:41:42.1856301+09:00,2026-08-05T17:41:42.6856301+09:00,911.412984,911.912984,30,30,0.037619,0.045827,0.000000,0.000000,0.000000,0.000376,0
20260805_172630_772,1,Unspecified,1754,2026-08-05T17:41:42.6856301+09:00,2026-08-05T17:41:43.1856301+09:00,911.912984,912.412984,30,30,0.037977,0.045472,0.000000,0.000000,0.000000,0.000114,0
20260805_172630_772,1,Unspecified,1755,2026-08-05T17:41:43.1856301+09:00,2026-08-05T17:41:43.6856301+09:00,912.412984,912.912984,30,30,0.038462,0.045283,0.000000,0.000000,0.000000,0.000270,0
20260805_172630_772,1,Unspecified,1756,2026-08-05T17:41:43.6856301+09:00,2026-08-05T17:41:44.1856301+09:00,912.912984,913.412984,30,30,0.039014,0.044920,0.000000,0.000000,0.000000,0.000150,0
20260805_172630_772,1,Unspecified,1757,2026-08-05T17:41:44.1856301+09:00,2026-08-05T17:41:44.6856301+09:00,913.412984,913.912984,30,30,0.039265,0.044829,0.000000,0.000000,0.000000,0.000081,0
20260805_172630_772,1,Unspecified,1758,2026-08-05T17:41:44.6856301+09:00,2026-08-05T17:41:45.1856301+09:00,913.912984,914.412984,30,30,0.039418,0.044813,0.000000,0.000000,0.000000,0.000062,0
20260805_172630_772,1,Unspecified,1759,2026-08-05T17:41:45.1856301+09:00,2026-08-05T17:41:45.6856301+09:00,914.412984,914.912984,30,30,0.039535,0.044839,0.000000,0.000000,0.000000,0.000072,0
20260805_172630_772,1,Unspecified,1760,2026-08-05T17:41:45.6856301+09:00,2026-08-05T17:41:46.1856301+09:00,914.912984,915.412984,31,31,0.039312,0.044788,0.000000,0.000000,0.000000,0.000249,0
20260805_172630_772,1,Unspecified,1761,2026-08-05T17:41:46.1856301+09:00,2026-08-05T17:41:46.6856301+09:00,915.412984,915.912984,29,29,0.039184,0.044810,0.000000,0.000000,0.000000,0.000199,0
20260805_172630_772,1,Unspecified,1762,2026-08-05T17:41:46.6856301+09:00,2026-08-05T17:41:47.1856301+09:00,915.912984,916.412984,30,30,0.039309,0.044855,0.000000,0.000000,0.000000,0.000078,0
20260805_172630_772,1,Unspecified,1763,2026-08-05T17:41:47.1856301+09:00,2026-08-05T17:41:47.6856301+09:00,916.412984,916.912984,30,30,0.039466,0.044937,0.000000,0.000000,0.000000,0.000084,0
20260805_172630_772,1,Unspecified,1764,2026-08-05T17:41:47.6856301+09:00,2026-08-05T17:41:48.1856301+09:00,916.912984,917.412984,30,30,0.039583,0.044939,0.000000,0.000000,0.000000,0.000138,0
20260805_172630_772,1,Unspecified,1765,2026-08-05T17:41:48.1856301+09:00,2026-08-05T17:41:48.6856301+09:00,917.412984,917.912984,30,30,0.040135,0.045166,0.000000,0.000000,0.000000,0.000111,0
20260805_172630_772,1,Unspecified,1766,2026-08-05T17:41:48.6856301+09:00,2026-08-05T17:41:49.1856301+09:00,917.912984,918.412984,30,30,0.039915,0.045233,0.000000,0.000000,0.000000,0.000114,0
20260805_172630_772,1,Unspecified,1767,2026-08-05T17:41:49.1856301+09:00,2026-08-05T17:41:49.6856301+09:00,918.412984,918.912984,30,30,0.039768,0.045321,0.000000,0.000000,0.000000,0.000088,0
20260805_172630_772,1,Unspecified,1768,2026-08-05T17:41:49.6856301+09:00,2026-08-05T17:41:50.1856301+09:00,918.912984,919.412984,30,30,0.039530,0.045160,0.000000,0.000000,0.000000,0.000216,0
20260805_172630_772,1,Unspecified,1769,2026-08-05T17:41:50.1856301+09:00,2026-08-05T17:41:50.6856301+09:00,919.412984,919.912984,30,30,0.038713,0.045046,0.000000,0.000000,0.000000,0.000171,0
20260805_172630_772,1,Unspecified,1770,2026-08-05T17:41:50.6856301+09:00,2026-08-05T17:41:51.1856301+09:00,919.912984,920.412984,30,30,0.038707,0.045109,0.000000,0.000000,0.000000,0.000208,0
20260805_172630_772,1,Unspecified,1771,2026-08-05T17:41:51.1856301+09:00,2026-08-05T17:41:51.6856301+09:00,920.412984,920.912984,30,30,0.039139,0.045268,0.000000,0.000000,0.000000,0.000151,0
20260805_172630_772,1,Unspecified,1772,2026-08-05T17:41:51.6856301+09:00,2026-08-05T17:41:52.1856301+09:00,920.912984,921.412984,30,30,0.038923,0.044920,0.000000,0.000000,0.000000,0.000070,0
20260805_172630_772,1,Unspecified,1773,2026-08-05T17:41:52.1856301+09:00,2026-08-05T17:41:52.6856301+09:00,921.412984,921.912984,30,30,0.039009,0.044765,0.000000,0.000000,0.000000,0.000149,0
20260805_172630_772,1,Unspecified,1774,2026-08-05T17:41:52.6856301+09:00,2026-08-05T17:41:53.1856301+09:00,921.912984,922.412984,30,30,0.038792,0.044635,0.000000,0.000000,0.000000,0.000115,0
20260805_172630_772,1,Unspecified,1775,2026-08-05T17:41:53.1856301+09:00,2026-08-05T17:41:53.6856301+09:00,922.412984,922.912984,30,30,0.038707,0.044596,0.000000,0.000000,0.000000,0.000077,0
20260805_172630_772,1,Unspecified,1776,2026-08-05T17:41:53.6856301+09:00,2026-08-05T17:41:54.1856301+09:00,922.912984,923.412984,30,30,0.038746,0.044508,0.000000,0.000000,0.000000,0.000054,0
20260805_172630_772,1,Unspecified,1777,2026-08-05T17:41:54.1856301+09:00,2026-08-05T17:41:54.6856301+09:00,923.412984,923.912984,30,30,0.038615,0.044538,0.000000,0.000000,0.000000,0.000101,0
20260805_172630_772,1,Unspecified,1778,2026-08-05T17:41:54.6856301+09:00,2026-08-05T17:41:55.1856301+09:00,923.912984,924.412984,30,30,0.038691,0.044526,0.000000,0.000000,0.000000,0.000211,0
20260805_172630_772,1,Unspecified,1779,2026-08-05T17:41:55.1856301+09:00,2026-08-05T17:41:55.6856301+09:00,924.412984,924.912984,30,30,0.038909,0.044525,0.000000,0.000000,0.000000,0.000127,0
20260805_172630_772,1,Unspecified,1780,2026-08-05T17:41:55.6856301+09:00,2026-08-05T17:41:56.1856301+09:00,924.912984,925.412984,30,30,0.038926,0.044434,0.000000,0.000000,0.000000,0.000092,0
20260805_172630_772,1,Unspecified,1781,2026-08-05T17:41:56.1856301+09:00,2026-08-05T17:41:56.6856301+09:00,925.412984,925.912984,30,30,0.039008,0.044483,0.000000,0.000000,0.000000,0.000096,0
20260805_172630_772,1,Unspecified,1782,2026-08-05T17:41:56.6856301+09:00,2026-08-05T17:41:57.1856301+09:00,925.912984,926.412984,30,30,0.039198,0.044623,0.000000,0.000000,0.000000,0.000057,0
20260805_172630_772,1,Unspecified,1783,2026-08-05T17:41:57.1856301+09:00,2026-08-05T17:41:57.6856301+09:00,926.412984,926.912984,31,31,0.038820,0.044472,0.000000,0.000000,0.000000,0.000206,0
20260805_172630_772,1,Unspecified,1784,2026-08-05T17:41:57.6856301+09:00,2026-08-05T17:41:58.1856301+09:00,926.912984,927.412984,29,29,0.038453,0.044278,0.000000,0.000000,0.000000,0.000140,0
20260805_172630_772,1,Unspecified,1785,2026-08-05T17:41:58.1856301+09:00,2026-08-05T17:41:58.6856301+09:00,927.412984,927.912984,30,30,0.038628,0.044360,0.000000,0.000000,0.000000,0.000121,0
20260805_172630_772,1,Unspecified,1786,2026-08-05T17:41:58.6856301+09:00,2026-08-05T17:41:59.1856301+09:00,927.912984,928.412984,30,30,0.038695,0.044340,0.000000,0.000000,0.000000,0.000071,0
20260805_172630_772,1,Unspecified,1787,2026-08-05T17:41:59.1856301+09:00,2026-08-05T17:41:59.6856301+09:00,928.412984,928.912984,30,30,0.038752,0.044391,0.000000,0.000000,0.000000,0.000100,0
20260805_172630_772,1,Unspecified,1788,2026-08-05T17:41:59.6856301+09:00,2026-08-05T17:42:00.1856301+09:00,928.912984,929.412984,30,30,0.038746,0.044489,0.000000,0.000000,0.000000,0.000116,0
20260805_172630_772,1,Unspecified,1789,2026-08-05T17:42:00.1856301+09:00,2026-08-05T17:42:00.6856301+09:00,929.412984,929.912984,30,30,0.038624,0.044544,0.000000,0.000000,0.000000,0.000066,0
20260805_172630_772,1,Unspecified,1790,2026-08-05T17:42:00.6856301+09:00,2026-08-05T17:42:01.1856301+09:00,929.912984,930.412984,30,30,0.038808,0.044558,0.000000,0.000000,0.000000,0.000094,0
20260805_172630_772,1,Unspecified,1791,2026-08-05T17:42:01.1856301+09:00,2026-08-05T17:42:01.6856301+09:00,930.412984,930.912984,30,30,0.038899,0.044540,0.000000,0.000000,0.000000,0.000100,0
20260805_172630_772,1,Unspecified,1792,2026-08-05T17:42:01.6856301+09:00,2026-08-05T17:42:02.1856301+09:00,930.912984,931.412984,30,30,0.038496,0.044374,0.000000,0.000000,0.000000,0.000336,0
20260805_172630_772,1,Unspecified,1793,2026-08-05T17:42:02.1856301+09:00,2026-08-05T17:42:02.6856301+09:00,931.412984,931.912984,30,30,0.038573,0.044397,0.000000,0.000000,0.000000,0.000205,0
20260805_172630_772,1,Unspecified,1794,2026-08-05T17:42:02.6856301+09:00,2026-08-05T17:42:03.1856301+09:00,931.912984,932.412984,31,31,0.038905,0.044550,0.000000,0.000000,0.000000,0.000087,0
20260805_172630_772,1,Unspecified,1795,2026-08-05T17:42:03.1856301+09:00,2026-08-05T17:42:03.6856301+09:00,932.412984,932.912984,30,30,0.039020,0.044535,0.000000,0.000000,0.000000,0.000198,0
20260805_172630_772,1,Unspecified,1796,2026-08-05T17:42:03.6856301+09:00,2026-08-05T17:42:04.1856301+09:00,932.912984,933.412984,29,29,0.037891,0.043927,0.000000,0.000000,0.000000,0.000281,0
20260805_172630_772,1,Unspecified,1797,2026-08-05T17:42:04.1856301+09:00,2026-08-05T17:42:04.6856301+09:00,933.412984,933.912984,30,30,0.037442,0.043593,0.000000,0.000000,0.000000,0.000235,0
20260805_172630_772,1,Unspecified,1798,2026-08-05T17:42:04.6856301+09:00,2026-08-05T17:42:05.1856301+09:00,933.912984,934.412984,30,30,0.037805,0.043742,0.000000,0.000000,0.000000,0.000112,0
20260805_172630_772,1,Unspecified,1799,2026-08-05T17:42:05.1856301+09:00,2026-08-05T17:42:05.6856301+09:00,934.412984,934.912984,30,30,0.037802,0.043818,0.000000,0.000000,0.000000,0.000103,0
20260805_172630_772,1,Unspecified,1800,2026-08-05T17:42:05.6856301+09:00,2026-08-05T17:42:06.1856301+09:00,934.912984,935.412984,30,30,0.037872,0.043938,0.000000,0.000000,0.000000,0.000088,0
20260805_172630_772,1,Unspecified,1801,2026-08-05T17:42:06.1856301+09:00,2026-08-05T17:42:06.6856301+09:00,935.412984,935.912984,30,30,0.037769,0.043936,0.000000,0.000000,0.000000,0.000137,0
20260805_172630_772,1,Unspecified,1802,2026-08-05T17:42:06.6856301+09:00,2026-08-05T17:42:07.1856301+09:00,935.912984,936.412984,30,30,0.038141,0.044200,0.000000,0.000000,0.000000,0.000079,0
20260805_172630_772,1,Unspecified,1803,2026-08-05T17:42:07.1856301+09:00,2026-08-05T17:42:07.6856301+09:00,936.412984,936.912984,30,30,0.038264,0.044179,0.000000,0.000000,0.000000,0.000172,0
20260805_172630_772,1,Unspecified,1804,2026-08-05T17:42:07.6856301+09:00,2026-08-05T17:42:08.1856301+09:00,936.912984,937.412984,30,30,0.038216,0.044157,0.000000,0.000000,0.000000,0.000132,0
20260805_172630_772,1,Unspecified,1805,2026-08-05T17:42:08.1856301+09:00,2026-08-05T17:42:08.6856301+09:00,937.412984,937.912984,30,30,0.038696,0.044396,0.000000,0.000000,0.000000,0.000174,0
20260805_172630_772,1,Unspecified,1806,2026-08-05T17:42:08.6856301+09:00,2026-08-05T17:42:09.1856301+09:00,937.912984,938.412984,30,30,0.038363,0.044362,0.000000,0.000000,0.000000,0.000222,0
20260805_172630_772,1,Unspecified,1807,2026-08-05T17:42:09.1856301+09:00,2026-08-05T17:42:09.6856301+09:00,938.412984,938.912984,30,30,0.038459,0.044352,0.000000,0.000000,0.000000,0.000182,0
20260805_172630_772,1,Unspecified,1808,2026-08-05T17:42:09.6856301+09:00,2026-08-05T17:42:10.1856301+09:00,938.912984,939.412984,30,30,0.038641,0.044401,0.000000,0.000000,0.000000,0.000092,0
20260805_172630_772,1,Unspecified,1809,2026-08-05T17:42:10.1856301+09:00,2026-08-05T17:42:10.6856301+09:00,939.412984,939.912984,30,30,0.038414,0.044352,0.000000,0.000000,0.000000,0.000109,0
20260805_172630_772,1,Unspecified,1810,2026-08-05T17:42:10.6856301+09:00,2026-08-05T17:42:11.1856301+09:00,939.912984,940.412984,30,30,0.038494,0.044392,0.000000,0.000000,0.000000,0.000113,0
20260805_172630_772,1,Unspecified,1811,2026-08-05T17:42:11.1856301+09:00,2026-08-05T17:42:11.6856301+09:00,940.412984,940.912984,30,30,0.038164,0.044159,0.000000,0.000000,0.000000,0.000160,0
20260805_172630_772,1,Unspecified,1812,2026-08-05T17:42:11.6856301+09:00,2026-08-05T17:42:12.1856301+09:00,940.912984,941.412984,30,30,0.037370,0.043801,0.000000,0.000000,0.000000,0.000405,0
20260805_172630_772,1,Unspecified,1813,2026-08-05T17:42:12.1856301+09:00,2026-08-05T17:42:12.6856301+09:00,941.412984,941.912984,30,30,0.037023,0.043652,0.000000,0.000000,0.000000,0.000141,0
20260805_172630_772,1,Unspecified,1814,2026-08-05T17:42:12.6856301+09:00,2026-08-05T17:42:13.1856301+09:00,941.912984,942.412984,30,30,0.037272,0.043741,0.000000,0.000000,0.000000,0.000080,0
20260805_172630_772,1,Unspecified,1815,2026-08-05T17:42:13.1856301+09:00,2026-08-05T17:42:13.6856301+09:00,942.412984,942.912984,30,30,0.037622,0.043850,0.000000,0.000000,0.000000,0.000111,0
20260805_172630_772,1,Unspecified,1816,2026-08-05T17:42:13.6856301+09:00,2026-08-05T17:42:14.1856301+09:00,942.912984,943.412984,30,30,0.036943,0.043540,0.000000,0.000000,0.000000,0.000182,0
20260805_172630_772,1,Unspecified,1817,2026-08-05T17:42:14.1856301+09:00,2026-08-05T17:42:14.6856301+09:00,943.412984,943.912984,30,30,0.037107,0.043714,0.000000,0.000000,0.000000,0.000179,0
20260805_172630_772,1,Unspecified,1818,2026-08-05T17:42:14.6856301+09:00,2026-08-05T17:42:15.1856301+09:00,943.912984,944.412984,30,30,0.037431,0.043879,0.000000,0.000000,0.000000,0.000080,0
20260805_172630_772,1,Unspecified,1819,2026-08-05T17:42:15.1856301+09:00,2026-08-05T17:42:15.6856301+09:00,944.412984,944.912984,30,30,0.037384,0.043861,0.000000,0.000000,0.000000,0.000076,0
20260805_172630_772,1,Unspecified,1820,2026-08-05T17:42:15.6856301+09:00,2026-08-05T17:42:16.1856301+09:00,944.912984,945.412984,30,30,0.037471,0.043857,0.000000,0.000000,0.000000,0.000102,0
20260805_172630_772,1,Unspecified,1821,2026-08-05T17:42:16.1856301+09:00,2026-08-05T17:42:16.6856301+09:00,945.412984,945.912984,30,30,0.037559,0.043933,0.000000,0.000000,0.000000,0.000099,0
20260805_172630_772,1,Unspecified,1822,2026-08-05T17:42:16.6856301+09:00,2026-08-05T17:42:17.1856301+09:00,945.912984,946.412984,30,30,0.037582,0.044032,0.000000,0.000000,0.000000,0.000194,0
20260805_172630_772,1,Unspecified,1823,2026-08-05T17:42:17.1856301+09:00,2026-08-05T17:42:17.6856301+09:00,946.412984,946.912984,30,30,0.037708,0.044124,0.000000,0.000000,0.000000,0.000073,0
20260805_172630_772,1,Unspecified,1824,2026-08-05T17:42:17.6856301+09:00,2026-08-05T17:42:18.1856301+09:00,946.912984,947.412984,30,30,0.038000,0.044308,0.000000,0.000000,0.000000,0.000099,0
20260805_172630_772,1,Unspecified,1825,2026-08-05T17:42:18.1856301+09:00,2026-08-05T17:42:18.6856301+09:00,947.412984,947.912984,30,30,0.038043,0.044243,0.000000,0.000000,0.000000,0.000104,0
20260805_172630_772,1,Unspecified,1826,2026-08-05T17:42:18.6856301+09:00,2026-08-05T17:42:19.1856301+09:00,947.912984,948.412984,30,30,0.038184,0.044308,0.000000,0.000000,0.000000,0.000072,0
20260805_172630_772,1,Unspecified,1827,2026-08-05T17:42:19.1856301+09:00,2026-08-05T17:42:19.6856301+09:00,948.412984,948.912984,30,30,0.038046,0.044233,0.000000,0.000000,0.000000,0.000206,0
20260805_172630_772,1,Unspecified,1828,2026-08-05T17:42:19.6856301+09:00,2026-08-05T17:42:20.1856301+09:00,948.912984,949.412984,31,31,0.037195,0.043832,0.000000,0.000000,0.000000,0.000204,0
20260805_172630_772,1,Unspecified,1829,2026-08-05T17:42:20.1856301+09:00,2026-08-05T17:42:20.6856301+09:00,949.412984,949.912984,29,29,0.037295,0.043874,0.000000,0.000000,0.000000,0.000102,0
20260805_172630_772,1,Unspecified,1830,2026-08-05T17:42:20.6856301+09:00,2026-08-05T17:42:21.1856301+09:00,949.912984,950.412984,31,31,0.037417,0.043945,0.000000,0.000000,0.000000,0.000072,0
20260805_172630_772,1,Unspecified,1831,2026-08-05T17:42:21.1856301+09:00,2026-08-05T17:42:21.6856301+09:00,950.412984,950.912984,29,29,0.037322,0.043712,0.000000,0.000000,0.000000,0.000035,0
20260805_172630_772,1,Unspecified,1832,2026-08-05T17:42:21.6856301+09:00,2026-08-05T17:42:22.1856301+09:00,950.912984,951.412984,30,30,0.036821,0.043491,0.000000,0.000000,0.000000,0.000285,0
20260805_172630_772,1,Unspecified,1833,2026-08-05T17:42:22.1856301+09:00,2026-08-05T17:42:22.6856301+09:00,951.412984,951.912984,30,30,0.036151,0.043315,0.000000,0.000000,0.000000,0.000118,0
20260805_172630_772,1,Unspecified,1834,2026-08-05T17:42:22.6856301+09:00,2026-08-05T17:42:23.1856301+09:00,951.912984,952.412984,30,30,0.036608,0.043389,0.000000,0.000000,0.000000,0.000198,0
20260805_172630_772,1,Unspecified,1835,2026-08-05T17:42:23.1856301+09:00,2026-08-05T17:42:23.6856301+09:00,952.412984,952.912984,30,30,0.036866,0.043434,0.000000,0.000000,0.000000,0.000092,0
20260805_172630_772,1,Unspecified,1836,2026-08-05T17:42:23.6856301+09:00,2026-08-05T17:42:24.1856301+09:00,952.912984,953.412984,30,30,0.036913,0.043423,0.000000,0.000000,0.000000,0.000144,0
20260805_172630_772,1,Unspecified,1837,2026-08-05T17:42:24.1856301+09:00,2026-08-05T17:42:24.6856301+09:00,953.412984,953.912984,30,30,0.036739,0.043332,0.000000,0.000000,0.000000,0.000139,0
20260805_172630_772,1,Unspecified,1838,2026-08-05T17:42:24.6856301+09:00,2026-08-05T17:42:25.1856301+09:00,953.912984,954.412984,30,30,0.036696,0.043385,0.000000,0.000000,0.000000,0.000100,0
20260805_172630_772,1,Unspecified,1839,2026-08-05T17:42:25.1856301+09:00,2026-08-05T17:42:25.6856301+09:00,954.412984,954.912984,30,30,0.036872,0.043546,0.000000,0.000000,0.000000,0.000157,0
20260805_172630_772,1,Unspecified,1840,2026-08-05T17:42:25.6856301+09:00,2026-08-05T17:42:26.1856301+09:00,954.912984,955.412984,30,30,0.037005,0.043492,0.000000,0.000000,0.000000,0.000096,0
20260805_172630_772,1,Unspecified,1841,2026-08-05T17:42:26.1856301+09:00,2026-08-05T17:42:26.6856301+09:00,955.412984,955.912984,30,30,0.036943,0.043496,0.000000,0.000000,0.000000,0.000086,0
20260805_172630_772,1,Unspecified,1842,2026-08-05T17:42:26.6856301+09:00,2026-08-05T17:42:27.1856301+09:00,955.912984,956.412984,30,30,0.037090,0.043417,0.000000,0.000000,0.000000,0.000144,0
20260805_172630_772,1,Unspecified,1843,2026-08-05T17:42:27.1856301+09:00,2026-08-05T17:42:27.6856301+09:00,956.412984,956.912984,30,30,0.037069,0.043377,0.000000,0.000000,0.000000,0.000202,0
20260805_172630_772,1,Unspecified,1844,2026-08-05T17:42:27.6856301+09:00,2026-08-05T17:42:28.1856301+09:00,956.912984,957.412984,30,30,0.036153,0.043017,0.000000,0.000000,0.000000,0.000298,0
20260805_172630_772,1,Unspecified,1845,2026-08-05T17:42:28.1856301+09:00,2026-08-05T17:42:28.6856301+09:00,957.412984,957.912984,30,30,0.036355,0.043134,0.000000,0.000000,0.000000,0.000270,0
20260805_172630_772,1,Unspecified,1846,2026-08-05T17:42:28.6856301+09:00,2026-08-05T17:42:29.1856301+09:00,957.912984,958.412984,30,30,0.036739,0.043332,0.000000,0.000000,0.000000,0.000127,0
20260805_172630_772,1,Unspecified,1847,2026-08-05T17:42:29.1856301+09:00,2026-08-05T17:42:29.6856301+09:00,958.412984,958.912984,30,30,0.036734,0.043222,0.000000,0.000000,0.000000,0.000093,0
20260805_172630_772,1,Unspecified,1848,2026-08-05T17:42:29.6856301+09:00,2026-08-05T17:42:30.1856301+09:00,958.912984,959.412984,30,30,0.036900,0.043131,0.000000,0.000000,0.000000,0.000109,0
20260805_172630_772,1,Unspecified,1849,2026-08-05T17:42:30.1856301+09:00,2026-08-05T17:42:30.6856301+09:00,959.412984,959.912984,30,30,0.036964,0.043202,0.000000,0.000000,0.000000,0.000077,0
20260805_172630_772,1,Unspecified,1850,2026-08-05T17:42:30.6856301+09:00,2026-08-05T17:42:31.1856301+09:00,959.912984,960.412984,30,30,0.036916,0.043295,0.000000,0.000000,0.000000,0.000139,0
20260805_172630_772,1,Unspecified,1851,2026-08-05T17:42:31.1856301+09:00,2026-08-05T17:42:31.6856301+09:00,960.412984,960.912984,31,31,0.036663,0.043174,0.000000,0.000000,0.000000,0.000078,0
20260805_172630_772,1,Unspecified,1852,2026-08-05T17:42:31.6856301+09:00,2026-08-05T17:42:32.1856301+09:00,960.912984,961.412984,29,29,0.036806,0.043235,0.000000,0.000000,0.000000,0.000118,0
20260805_172630_772,1,Unspecified,1853,2026-08-05T17:42:32.1856301+09:00,2026-08-05T17:42:32.6856301+09:00,961.412984,961.912984,30,30,0.036882,0.043248,0.000000,0.000000,0.000000,0.000064,0
20260805_172630_772,1,Unspecified,1854,2026-08-05T17:42:32.6856301+09:00,2026-08-05T17:42:33.1856301+09:00,961.912984,962.412984,30,30,0.036985,0.043310,0.000000,0.000000,0.000000,0.000102,0
20260805_172630_772,1,Unspecified,1855,2026-08-05T17:42:33.1856301+09:00,2026-08-05T17:42:33.6856301+09:00,962.412984,962.912984,30,30,0.036806,0.043208,0.000000,0.000000,0.000000,0.000099,0
20260805_172630_772,1,Unspecified,1856,2026-08-05T17:42:33.6856301+09:00,2026-08-05T17:42:34.1856301+09:00,962.912984,963.412984,30,30,0.036864,0.043312,0.000000,0.000000,0.000000,0.000093,0
20260805_172630_772,1,Unspecified,1857,2026-08-05T17:42:34.1856301+09:00,2026-08-05T17:42:34.6856301+09:00,963.412984,963.912984,30,30,0.036942,0.043259,0.000000,0.000000,0.000000,0.000080,0
20260805_172630_772,1,Unspecified,1858,2026-08-05T17:42:34.6856301+09:00,2026-08-05T17:42:35.1856301+09:00,963.912984,964.412984,30,30,0.037104,0.043312,0.000000,0.000000,0.000000,0.000084,0
20260805_172630_772,1,Unspecified,1859,2026-08-05T17:42:35.1856301+09:00,2026-08-05T17:42:35.6856301+09:00,964.412984,964.912984,30,30,0.037032,0.043242,0.000000,0.000000,0.000000,0.000083,0
20260805_172630_772,1,Unspecified,1860,2026-08-05T17:42:35.6856301+09:00,2026-08-05T17:42:36.1856301+09:00,964.912984,965.412984,30,30,0.037201,0.043386,0.000000,0.000000,0.000000,0.000140,0
20260805_172630_772,1,Unspecified,1861,2026-08-05T17:42:36.1856301+09:00,2026-08-05T17:42:36.6856301+09:00,965.412984,965.912984,30,30,0.037483,0.043602,0.000000,0.000000,0.000000,0.000157,0
20260805_172630_772,1,Unspecified,1862,2026-08-05T17:42:36.6856301+09:00,2026-08-05T17:42:37.1856301+09:00,965.912984,966.412984,30,30,0.037498,0.043606,0.000000,0.000000,0.000000,0.000107,0
20260805_172630_772,1,Unspecified,1863,2026-08-05T17:42:37.1856301+09:00,2026-08-05T17:42:37.6856301+09:00,966.412984,966.912984,30,30,0.037433,0.043499,0.000000,0.000000,0.000000,0.000172,0
20260805_172630_772,1,Unspecified,1864,2026-08-05T17:42:37.6856301+09:00,2026-08-05T17:42:38.1856301+09:00,966.912984,967.412984,30,30,0.036205,0.042861,0.000000,0.000000,0.000000,0.000389,0
20260805_172630_772,1,Unspecified,1865,2026-08-05T17:42:38.1856301+09:00,2026-08-05T17:42:38.6856301+09:00,967.412984,967.912984,30,30,0.035779,0.042826,0.000000,0.000000,0.000000,0.000139,0
20260805_172630_772,1,Unspecified,1866,2026-08-05T17:42:38.6856301+09:00,2026-08-05T17:42:39.1856301+09:00,967.912984,968.412984,30,30,0.035906,0.042940,0.000000,0.000000,0.000000,0.000176,0
20260805_172630_772,1,Unspecified,1867,2026-08-05T17:42:39.1856301+09:00,2026-08-05T17:42:39.6856301+09:00,968.412984,968.912984,30,30,0.036433,0.043114,0.000000,0.000000,0.000000,0.000200,0
20260805_172630_772,1,Unspecified,1868,2026-08-05T17:42:39.6856301+09:00,2026-08-05T17:42:40.1856301+09:00,968.912984,969.412984,30,30,0.036847,0.043340,0.000000,0.000000,0.000000,0.000128,0
20260805_172630_772,1,Unspecified,1869,2026-08-05T17:42:40.1856301+09:00,2026-08-05T17:42:40.6856301+09:00,969.412984,969.912984,30,30,0.037013,0.043393,0.000000,0.000000,0.000000,0.000097,0
20260805_172630_772,1,Unspecified,1870,2026-08-05T17:42:40.6856301+09:00,2026-08-05T17:42:41.1856301+09:00,969.912984,970.412984,30,30,0.037168,0.043473,0.000000,0.000000,0.000000,0.000090,0
20260805_172630_772,1,Unspecified,1871,2026-08-05T17:42:41.1856301+09:00,2026-08-05T17:42:41.6856301+09:00,970.412984,970.912984,30,30,0.037043,0.043340,0.000000,0.000000,0.000000,0.000114,0
20260805_172630_772,1,Unspecified,1872,2026-08-05T17:42:41.6856301+09:00,2026-08-05T17:42:42.1856301+09:00,970.912984,971.412984,30,30,0.036969,0.043332,0.000000,0.000000,0.000000,0.000148,0
20260805_172630_772,1,Unspecified,1873,2026-08-05T17:42:42.1856301+09:00,2026-08-05T17:42:42.6856301+09:00,971.412984,971.912984,30,30,0.036578,0.043224,0.000000,0.000000,0.000000,0.000134,0
20260805_172630_772,1,Unspecified,1874,2026-08-05T17:42:42.6856301+09:00,2026-08-05T17:42:43.1856301+09:00,971.912984,972.412984,30,30,0.035897,0.043301,0.000000,0.000000,0.000000,0.000144,0
20260805_172630_772,1,Unspecified,1875,2026-08-05T17:42:43.1856301+09:00,2026-08-05T17:42:43.6856301+09:00,972.412984,972.912984,30,30,0.036362,0.043293,0.000000,0.000000,0.000000,0.000159,0
20260805_172630_772,1,Unspecified,1876,2026-08-05T17:42:43.6856301+09:00,2026-08-05T17:42:44.1856301+09:00,972.912984,973.412984,30,30,0.036774,0.043265,0.000000,0.000000,0.000000,0.000133,0
20260805_172630_772,1,Unspecified,1877,2026-08-05T17:42:44.1856301+09:00,2026-08-05T17:42:44.6856301+09:00,973.412984,973.912984,30,30,0.036568,0.043031,0.000000,0.000000,0.000000,0.000169,0
20260805_172630_772,1,Unspecified,1878,2026-08-05T17:42:44.6856301+09:00,2026-08-05T17:42:45.1856301+09:00,973.912984,974.412984,30,30,0.036572,0.042996,0.000000,0.000000,0.000000,0.000073,0
20260805_172630_772,1,Unspecified,1879,2026-08-05T17:42:45.1856301+09:00,2026-08-05T17:42:45.6856301+09:00,974.412984,974.912984,30,30,0.036769,0.043047,0.000000,0.000000,0.000000,0.000108,0
20260805_172630_772,1,Unspecified,1880,2026-08-05T17:42:45.6856301+09:00,2026-08-05T17:42:46.1856301+09:00,974.912984,975.412984,30,30,0.036146,0.042703,0.000000,0.000000,0.000000,0.000427,0
20260805_172630_772,1,Unspecified,1881,2026-08-05T17:42:46.1856301+09:00,2026-08-05T17:42:46.6856301+09:00,975.412984,975.912984,30,30,0.035466,0.042576,0.000000,0.000000,0.000000,0.000169,0
20260805_172630_772,1,Unspecified,1882,2026-08-05T17:42:46.6856301+09:00,2026-08-05T17:42:47.1856301+09:00,975.912984,976.412984,30,30,0.036106,0.043305,0.000000,0.000000,0.000000,0.000349,0
20260805_172630_772,1,Unspecified,1883,2026-08-05T17:42:47.1856301+09:00,2026-08-05T17:42:47.6856301+09:00,976.412984,976.912984,30,30,0.036077,0.042901,0.000000,0.000000,0.000000,0.000292,0
20260805_172630_772,1,Unspecified,1884,2026-08-05T17:42:47.6856301+09:00,2026-08-05T17:42:48.1856301+09:00,976.912984,977.412984,30,30,0.036443,0.043061,0.000000,0.000000,0.000000,0.000308,0
20260805_172630_772,1,Unspecified,1885,2026-08-05T17:42:48.1856301+09:00,2026-08-05T17:42:48.6856301+09:00,977.412984,977.912984,30,30,0.036694,0.043122,0.000000,0.000000,0.000000,0.000279,0
20260805_172630_772,1,Unspecified,1886,2026-08-05T17:42:48.6856301+09:00,2026-08-05T17:42:49.1856301+09:00,977.912984,978.412984,30,30,0.036108,0.042599,0.000000,0.000000,0.000000,0.000121,0
20260805_172630_772,1,Unspecified,1887,2026-08-05T17:42:49.1856301+09:00,2026-08-05T17:42:49.6856301+09:00,978.412984,978.912984,30,30,0.036208,0.042728,0.000000,0.000000,0.000000,0.000319,0
20260805_172630_772,1,Unspecified,1888,2026-08-05T17:42:49.6856301+09:00,2026-08-05T17:42:50.1856301+09:00,978.912984,979.412984,31,31,0.035721,0.042555,0.000000,0.000000,0.000000,0.000118,0
20260805_172630_772,1,Unspecified,1889,2026-08-05T17:42:50.1856301+09:00,2026-08-05T17:42:50.6856301+09:00,979.412984,979.912984,29,29,0.035870,0.042523,0.000000,0.000000,0.000000,0.000115,0
20260805_172630_772,1,Unspecified,1890,2026-08-05T17:42:50.6856301+09:00,2026-08-05T17:42:51.1856301+09:00,979.912984,980.412984,30,30,0.036219,0.042735,0.000000,0.000000,0.000000,0.000146,0
20260805_172630_772,1,Unspecified,1891,2026-08-05T17:42:51.1856301+09:00,2026-08-05T17:42:51.6856301+09:00,980.412984,980.912984,30,30,0.036100,0.042671,0.000000,0.000000,0.000000,0.000110,0
20260805_172630_772,1,Unspecified,1892,2026-08-05T17:42:51.6856301+09:00,2026-08-05T17:42:52.1856301+09:00,980.912984,981.412984,30,30,0.035957,0.042698,0.000000,0.000000,0.000000,0.000084,0
20260805_172630_772,1,Unspecified,1893,2026-08-05T17:42:52.1856301+09:00,2026-08-05T17:42:52.6856301+09:00,981.412984,981.912984,30,30,0.036023,0.042707,0.000000,0.000000,0.000000,0.000177,0
20260805_172630_772,1,Unspecified,1894,2026-08-05T17:42:52.6856301+09:00,2026-08-05T17:42:53.1856301+09:00,981.912984,982.412984,30,30,0.036521,0.042909,0.000000,0.000000,0.000000,0.000109,0
20260805_172630_772,1,Unspecified,1895,2026-08-05T17:42:53.1856301+09:00,2026-08-05T17:42:53.6856301+09:00,982.412984,982.912984,30,30,0.036354,0.042836,0.000000,0.000000,0.000000,0.000203,0
20260805_172630_772,1,Unspecified,1896,2026-08-05T17:42:53.6856301+09:00,2026-08-05T17:42:54.1856301+09:00,982.912984,983.412984,30,30,0.034994,0.042054,0.000000,0.000000,0.000000,0.000509,0
20260805_172630_772,1,Unspecified,1897,2026-08-05T17:42:54.1856301+09:00,2026-08-05T17:42:54.6856301+09:00,983.412984,983.912984,30,30,0.034886,0.041973,0.000000,0.000000,0.000000,0.000133,0
20260805_172630_772,1,Unspecified,1898,2026-08-05T17:42:54.6856301+09:00,2026-08-05T17:42:55.1856301+09:00,983.912984,984.412984,30,30,0.034998,0.041969,0.000000,0.000000,0.000000,0.000037,0
20260805_172630_772,1,Unspecified,1899,2026-08-05T17:42:55.1856301+09:00,2026-08-05T17:42:55.6856301+09:00,984.412984,984.912984,30,30,0.035096,0.041993,0.000000,0.000000,0.000000,0.000071,0
20260805_172630_772,1,Unspecified,1900,2026-08-05T17:42:55.6856301+09:00,2026-08-05T17:42:56.1856301+09:00,984.912984,985.412984,30,30,0.035190,0.042091,0.000000,0.000000,0.000000,0.000079,0
20260805_172630_772,1,Unspecified,1901,2026-08-05T17:42:56.1856301+09:00,2026-08-05T17:42:56.6856301+09:00,985.412984,985.912984,30,30,0.035311,0.042139,0.000000,0.000000,0.000000,0.000115,0
20260805_172630_772,1,Unspecified,1902,2026-08-05T17:42:56.6856301+09:00,2026-08-05T17:42:57.1856301+09:00,985.912984,986.412984,30,30,0.035545,0.042243,0.000000,0.000000,0.000000,0.000220,0
20260805_172630_772,1,Unspecified,1903,2026-08-05T17:42:57.1856301+09:00,2026-08-05T17:42:57.6856301+09:00,986.412984,986.912984,30,30,0.035859,0.042396,0.000000,0.000000,0.000000,0.000132,0
20260805_172630_772,1,Unspecified,1904,2026-08-05T17:42:57.6856301+09:00,2026-08-05T17:42:58.1856301+09:00,986.912984,987.412984,30,30,0.035863,0.042402,0.000000,0.000000,0.000000,0.000073,0
20260805_172630_772,1,Unspecified,1905,2026-08-05T17:42:58.1856301+09:00,2026-08-05T17:42:58.6856301+09:00,987.412984,987.912984,30,30,0.035817,0.042424,0.000000,0.000000,0.000000,0.000078,0
20260805_172630_772,1,Unspecified,1906,2026-08-05T17:42:58.6856301+09:00,2026-08-05T17:42:59.1856301+09:00,987.912984,988.412984,30,30,0.035486,0.042345,0.000000,0.000000,0.000000,0.000122,0
20260805_172630_772,1,Unspecified,1907,2026-08-05T17:42:59.1856301+09:00,2026-08-05T17:42:59.6856301+09:00,988.412984,988.912984,30,30,0.035982,0.042540,0.000000,0.000000,0.000000,0.000250,0
20260805_172630_772,1,Unspecified,1908,2026-08-05T17:42:59.6856301+09:00,2026-08-05T17:43:00.1856301+09:00,988.912984,989.412984,30,30,0.036672,0.043017,0.000000,0.000000,0.000000,0.000376,0
20260805_172630_772,1,Unspecified,1909,2026-08-05T17:43:00.1856301+09:00,2026-08-05T17:43:00.6856301+09:00,989.412984,989.912984,30,30,0.037611,0.043814,0.000000,0.000000,0.000000,0.000218,0
20260805_172630_772,1,Unspecified,1910,2026-08-05T17:43:00.6856301+09:00,2026-08-05T17:43:01.1856301+09:00,989.912984,990.412984,30,30,0.037244,0.043695,0.000000,0.000000,0.000000,0.000217,0
20260805_172630_772,1,Unspecified,1911,2026-08-05T17:43:01.1856301+09:00,2026-08-05T17:43:01.6856301+09:00,990.412984,990.912984,31,31,0.036583,0.043105,0.000000,0.000000,0.000000,0.000469,0
20260805_172630_772,1,Unspecified,1912,2026-08-05T17:43:01.6856301+09:00,2026-08-05T17:43:02.1856301+09:00,990.912984,991.412984,29,29,0.033952,0.041747,0.000001,0.000000,0.000000,0.000817,0
20260805_172630_772,1,Unspecified,1913,2026-08-05T17:43:02.1856301+09:00,2026-08-05T17:43:02.6856301+09:00,991.412984,991.912984,30,30,0.033965,0.041802,0.000000,0.000000,0.000000,0.000331,0
20260805_172630_772,1,Unspecified,1914,2026-08-05T17:43:02.6856301+09:00,2026-08-05T17:43:03.1856301+09:00,991.912984,992.412984,30,30,0.034239,0.041879,0.000000,0.000000,0.000000,0.000089,0
20260805_172630_772,1,Unspecified,1915,2026-08-05T17:43:03.1856301+09:00,2026-08-05T17:43:03.6856301+09:00,992.412984,992.912984,30,30,0.034212,0.041853,0.000000,0.000000,0.000000,0.000174,0
20260805_172630_772,1,Unspecified,1916,2026-08-05T17:43:03.6856301+09:00,2026-08-05T17:43:04.1856301+09:00,992.912984,993.412984,30,30,0.034090,0.041733,0.000000,0.000000,0.000000,0.000077,0
20260805_172630_772,1,Unspecified,1917,2026-08-05T17:43:04.1856301+09:00,2026-08-05T17:43:04.6856301+09:00,993.412984,993.912984,30,30,0.034079,0.041798,0.000000,0.000000,0.000000,0.000111,0
20260805_172630_772,1,Unspecified,1918,2026-08-05T17:43:04.6856301+09:00,2026-08-05T17:43:05.1856301+09:00,993.912984,994.412984,30,30,0.034166,0.041786,0.000000,0.000000,0.000000,0.000085,0
20260805_172630_772,1,Unspecified,1919,2026-08-05T17:43:05.1856301+09:00,2026-08-05T17:43:05.6856301+09:00,994.412984,994.912984,30,30,0.034122,0.041662,0.000000,0.000000,0.000000,0.000065,0
20260805_172630_772,1,Unspecified,1920,2026-08-05T17:43:05.6856301+09:00,2026-08-05T17:43:06.1856301+09:00,994.912984,995.412984,30,30,0.034260,0.041660,0.000000,0.000000,0.000000,0.000116,0
20260805_172630_772,1,Unspecified,1921,2026-08-05T17:43:06.1856301+09:00,2026-08-05T17:43:06.6856301+09:00,995.412984,995.912984,30,30,0.034550,0.041743,0.000000,0.000000,0.000000,0.000126,0
20260805_172630_772,1,Unspecified,1922,2026-08-05T17:43:06.6856301+09:00,2026-08-05T17:43:07.1856301+09:00,995.912984,996.412984,30,30,0.034819,0.041902,0.000000,0.000000,0.000000,0.000148,0
20260805_172630_772,1,Unspecified,1923,2026-08-05T17:43:07.1856301+09:00,2026-08-05T17:43:07.6856301+09:00,996.412984,996.912984,31,31,0.034738,0.041985,0.000000,0.000000,0.000000,0.000142,0
20260805_172630_772,1,Unspecified,1924,2026-08-05T17:43:07.6856301+09:00,2026-08-05T17:43:08.1856301+09:00,996.912984,997.412984,29,29,0.035153,0.042279,0.000000,0.000000,0.000000,0.000109,0
20260805_172630_772,1,Unspecified,1925,2026-08-05T17:43:08.1856301+09:00,2026-08-05T17:43:08.6856301+09:00,997.412984,997.912984,30,30,0.035491,0.042460,0.000000,0.000000,0.000000,0.000145,0
20260805_172630_772,1,Unspecified,1926,2026-08-05T17:43:08.6856301+09:00,2026-08-05T17:43:09.1856301+09:00,997.912984,998.412984,30,30,0.035254,0.042454,0.000000,0.000000,0.000000,0.000251,0
20260805_172630_772,1,Unspecified,1927,2026-08-05T17:43:09.1856301+09:00,2026-08-05T17:43:09.6856301+09:00,998.412984,998.912984,30,30,0.034952,0.042281,0.000000,0.000000,0.000000,0.000061,0
20260805_172630_772,1,Unspecified,1928,2026-08-05T17:43:09.6856301+09:00,2026-08-05T17:43:10.1856301+09:00,998.912984,999.412984,30,30,0.033949,0.041949,0.000000,0.000000,0.000000,0.000625,0
20260805_172630_772,1,Unspecified,1929,2026-08-05T17:43:10.1856301+09:00,2026-08-05T17:43:10.6856301+09:00,999.412984,999.912984,30,30,0.033091,0.041683,0.000000,0.000000,0.000000,0.000297,0
20260805_172630_772,1,Unspecified,1930,2026-08-05T17:43:10.6856301+09:00,2026-08-05T17:43:11.1856301+09:00,999.912984,1000.412984,30,30,0.033965,0.041920,0.000000,0.000000,0.000000,0.000134,0
20260805_172630_772,1,Unspecified,1931,2026-08-05T17:43:11.1856301+09:00,2026-08-05T17:43:11.6856301+09:00,1000.412984,1000.912984,30,30,0.034078,0.041794,0.000000,0.000000,0.000000,0.000139,0
20260805_172630_772,1,Unspecified,1932,2026-08-05T17:43:11.6856301+09:00,2026-08-05T17:43:12.1856301+09:00,1000.912984,1001.412984,30,30,0.034200,0.041811,0.000000,0.000000,0.000000,0.000233,0
20260805_172630_772,1,Unspecified,1933,2026-08-05T17:43:12.1856301+09:00,2026-08-05T17:43:12.6856301+09:00,1001.412984,1001.912984,30,30,0.034834,0.042229,0.000000,0.000000,0.000000,0.000116,0
20260805_172630_772,1,Unspecified,1934,2026-08-05T17:43:12.6856301+09:00,2026-08-05T17:43:13.1856301+09:00,1001.912984,1002.412984,30,30,0.035136,0.042368,0.000000,0.000000,0.000000,0.000139,0
20260805_172630_772,1,Unspecified,1935,2026-08-05T17:43:13.1856301+09:00,2026-08-05T17:43:13.6856301+09:00,1002.412984,1002.912984,30,30,0.034922,0.042213,0.000000,0.000000,0.000000,0.000109,0
20260805_172630_772,1,Unspecified,1936,2026-08-05T17:43:13.6856301+09:00,2026-08-05T17:43:14.1856301+09:00,1002.912984,1003.412984,30,30,0.035036,0.042131,0.000000,0.000000,0.000000,0.000094,0
20260805_172630_772,1,Unspecified,1937,2026-08-05T17:43:14.1856301+09:00,2026-08-05T17:43:14.6856301+09:00,1003.412984,1003.912984,30,30,0.034919,0.042092,0.000000,0.000000,0.000000,0.000203,0
20260805_172630_772,1,Unspecified,1938,2026-08-05T17:43:14.6856301+09:00,2026-08-05T17:43:15.1856301+09:00,1003.912984,1004.412984,30,30,0.035026,0.042282,0.000000,0.000000,0.000000,0.000128,0
20260805_172630_772,1,Unspecified,1939,2026-08-05T17:43:15.1856301+09:00,2026-08-05T17:43:15.6856301+09:00,1004.412984,1004.912984,30,30,0.035199,0.042303,0.000000,0.000000,0.000000,0.000155,0
20260805_172630_772,1,Unspecified,1940,2026-08-05T17:43:15.6856301+09:00,2026-08-05T17:43:16.1856301+09:00,1004.912984,1005.412984,30,30,0.035255,0.042383,0.000000,0.000000,0.000000,0.000077,0
20260805_172630_772,1,Unspecified,1941,2026-08-05T17:43:16.1856301+09:00,2026-08-05T17:43:16.6856301+09:00,1005.412984,1005.912984,30,30,0.035444,0.042403,0.000000,0.000000,0.000000,0.000106,0
20260805_172630_772,1,Unspecified,1942,2026-08-05T17:43:16.6856301+09:00,2026-08-05T17:43:17.1856301+09:00,1005.912984,1006.412984,30,30,0.035611,0.042443,0.000000,0.000000,0.000000,0.000128,0
20260805_172630_772,1,Unspecified,1943,2026-08-05T17:43:17.1856301+09:00,2026-08-05T17:43:17.6856301+09:00,1006.412984,1006.912984,30,30,0.035766,0.042478,0.000000,0.000000,0.000000,0.000108,0
20260805_172630_772,1,Unspecified,1944,2026-08-05T17:43:17.6856301+09:00,2026-08-05T17:43:18.1856301+09:00,1006.912984,1007.412984,30,30,0.035396,0.042362,0.000000,0.000000,0.000000,0.000204,0
20260805_172630_772,1,Unspecified,1945,2026-08-05T17:43:18.1856301+09:00,2026-08-05T17:43:18.6856301+09:00,1007.412984,1007.912984,30,30,0.035477,0.042280,0.000000,0.000000,0.000000,0.000272,0
20260805_172630_772,1,Unspecified,1946,2026-08-05T17:43:18.6856301+09:00,2026-08-05T17:43:19.1856301+09:00,1007.912984,1008.412984,31,31,0.035643,0.042409,0.000000,0.000000,0.000000,0.000113,0
20260805_172630_772,1,Unspecified,1947,2026-08-05T17:43:19.1856301+09:00,2026-08-05T17:43:19.6856301+09:00,1008.412984,1008.912984,29,29,0.035566,0.042361,0.000000,0.000000,0.000000,0.000130,0
20260805_172630_772,1,Unspecified,1948,2026-08-05T17:43:19.6856301+09:00,2026-08-05T17:43:20.1856301+09:00,1008.912984,1009.412984,30,30,0.035543,0.042382,0.000000,0.000000,0.000000,0.000186,0
20260805_172630_772,1,Unspecified,1949,2026-08-05T17:43:20.1856301+09:00,2026-08-05T17:43:20.6856301+09:00,1009.412984,1009.912984,30,30,0.035420,0.042411,0.000000,0.000000,0.000000,0.000090,0
20260805_172630_772,1,Unspecified,1950,2026-08-05T17:43:20.6856301+09:00,2026-08-05T17:43:21.1856301+09:00,1009.912984,1010.412984,30,30,0.035564,0.042554,0.000000,0.000000,0.000000,0.000125,0
20260805_172630_772,1,Unspecified,1951,2026-08-05T17:43:21.1856301+09:00,2026-08-05T17:43:21.6856301+09:00,1010.412984,1010.912984,30,30,0.035406,0.042402,0.000000,0.000000,0.000000,0.000078,0
20260805_172630_772,1,Unspecified,1952,2026-08-05T17:43:21.6856301+09:00,2026-08-05T17:43:22.1856301+09:00,1010.912984,1011.412984,30,30,0.034891,0.042186,0.000000,0.000000,0.000000,0.000407,0
20260805_172630_772,1,Unspecified,1953,2026-08-05T17:43:22.1856301+09:00,2026-08-05T17:43:22.6856301+09:00,1011.412984,1011.912984,30,30,0.034519,0.042221,0.000000,0.000000,0.000000,0.000147,0
20260805_172630_772,1,Unspecified,1954,2026-08-05T17:43:22.6856301+09:00,2026-08-05T17:43:23.1856301+09:00,1011.912984,1012.412984,30,30,0.034920,0.042426,0.000000,0.000000,0.000000,0.000173,0
20260805_172630_772,1,Unspecified,1955,2026-08-05T17:43:23.1856301+09:00,2026-08-05T17:43:23.6856301+09:00,1012.412984,1012.912984,30,30,0.035095,0.042394,0.000000,0.000000,0.000000,0.000088,0
20260805_172630_772,1,Unspecified,1956,2026-08-05T17:43:23.6856301+09:00,2026-08-05T17:43:24.1856301+09:00,1012.912984,1013.412984,30,30,0.035159,0.042524,0.000000,0.000000,0.000000,0.000075,0
20260805_172630_772,1,Unspecified,1957,2026-08-05T17:43:24.1856301+09:00,2026-08-05T17:43:24.6856301+09:00,1013.412984,1013.912984,30,30,0.035402,0.042619,0.000000,0.000000,0.000000,0.000093,0
20260805_172630_772,1,Unspecified,1958,2026-08-05T17:43:24.6856301+09:00,2026-08-05T17:43:25.1856301+09:00,1013.912984,1014.412984,31,31,0.035319,0.042477,0.000000,0.000000,0.000000,0.000077,0
20260805_172630_772,1,Unspecified,1959,2026-08-05T17:43:25.1856301+09:00,2026-08-05T17:43:25.6856301+09:00,1014.412984,1014.912984,29,29,0.035276,0.042521,0.000000,0.000000,0.000000,0.000120,0
20260805_172630_772,1,Unspecified,1960,2026-08-05T17:43:25.6856301+09:00,2026-08-05T17:43:26.1856301+09:00,1014.912984,1015.412984,30,30,0.034751,0.042300,0.000000,0.000000,0.000000,0.000216,0
20260805_172630_772,1,Unspecified,1961,2026-08-05T17:43:26.1856301+09:00,2026-08-05T17:43:26.6856301+09:00,1015.412984,1015.912984,30,30,0.034744,0.042305,0.000000,0.000000,0.000000,0.000137,0
20260805_172630_772,1,Unspecified,1962,2026-08-05T17:43:26.6856301+09:00,2026-08-05T17:43:27.1856301+09:00,1015.912984,1016.412984,30,30,0.034858,0.042383,0.000000,0.000000,0.000000,0.000140,0
20260805_172630_772,1,Unspecified,1963,2026-08-05T17:43:27.1856301+09:00,2026-08-05T17:43:27.6856301+09:00,1016.412984,1016.912984,30,30,0.034701,0.042260,0.000000,0.000000,0.000000,0.000206,0
20260805_172630_772,1,Unspecified,1964,2026-08-05T17:43:27.6856301+09:00,2026-08-05T17:43:28.1856301+09:00,1016.912984,1017.412984,30,30,0.034280,0.041988,0.000000,0.000000,0.000000,0.000228,0
20260805_172630_772,1,Unspecified,1965,2026-08-05T17:43:28.1856301+09:00,2026-08-05T17:43:28.6856301+09:00,1017.412984,1017.912984,30,30,0.033715,0.041887,0.000000,0.000000,0.000000,0.000188,0
20260805_172630_772,1,Unspecified,1966,2026-08-05T17:43:28.6856301+09:00,2026-08-05T17:43:29.1856301+09:00,1017.912984,1018.412984,30,30,0.034344,0.042049,0.000000,0.000000,0.000000,0.000193,0
20260805_172630_772,1,Unspecified,1967,2026-08-05T17:43:29.1856301+09:00,2026-08-05T17:43:29.6856301+09:00,1018.412984,1018.912984,30,30,0.034542,0.042077,0.000000,0.000000,0.000000,0.000136,0
20260805_172630_772,1,Unspecified,1968,2026-08-05T17:43:29.6856301+09:00,2026-08-05T17:43:30.1856301+09:00,1018.912984,1019.412984,30,30,0.034304,0.042079,0.000000,0.000000,0.000000,0.000150,0
20260805_172630_772,1,Unspecified,1969,2026-08-05T17:43:30.1856301+09:00,2026-08-05T17:43:30.6856301+09:00,1019.412984,1019.912984,30,30,0.034339,0.042177,0.000000,0.000000,0.000000,0.000154,0
20260805_172630_772,1,Unspecified,1970,2026-08-05T17:43:30.6856301+09:00,2026-08-05T17:43:31.1856301+09:00,1019.912984,1020.412984,30,30,0.034386,0.042212,0.000000,0.000000,0.000000,0.000131,0
20260805_172630_772,1,Unspecified,1971,2026-08-05T17:43:31.1856301+09:00,2026-08-05T17:43:31.6856301+09:00,1020.412984,1020.912984,30,30,0.034532,0.042233,0.000000,0.000000,0.000000,0.000164,0
20260805_172630_772,1,Unspecified,1972,2026-08-05T17:43:31.6856301+09:00,2026-08-05T17:43:32.1856301+09:00,1020.912984,1021.412984,30,30,0.034412,0.042175,0.000000,0.000000,0.000000,0.000133,0
20260805_172630_772,1,Unspecified,1973,2026-08-05T17:43:32.1856301+09:00,2026-08-05T17:43:32.6856301+09:00,1021.412984,1021.912984,30,30,0.034432,0.042168,0.000000,0.000000,0.000000,0.000077,0
20260805_172630_772,1,Unspecified,1974,2026-08-05T17:43:32.6856301+09:00,2026-08-05T17:43:33.1856301+09:00,1021.912984,1022.412984,30,30,0.034580,0.042246,0.000000,0.000000,0.000000,0.000114,0
20260805_172630_772,1,Unspecified,1975,2026-08-05T17:43:33.1856301+09:00,2026-08-05T17:43:33.6856301+09:00,1022.412984,1022.912984,30,30,0.034669,0.042247,0.000000,0.000000,0.000000,0.000063,0
20260805_172630_772,1,Unspecified,1976,2026-08-05T17:43:33.6856301+09:00,2026-08-05T17:43:34.1856301+09:00,1022.912984,1023.412984,30,30,0.034853,0.042370,0.000000,0.000000,0.000000,0.000089,0
20260805_172630_772,1,Unspecified,1977,2026-08-05T17:43:34.1856301+09:00,2026-08-05T17:43:34.6856301+09:00,1023.412984,1023.912984,30,30,0.034864,0.042401,0.000000,0.000000,0.000000,0.000079,0
20260805_172630_772,1,Unspecified,1978,2026-08-05T17:43:34.6856301+09:00,2026-08-05T17:43:35.1856301+09:00,1023.912984,1024.412984,30,30,0.034973,0.042395,0.000000,0.000000,0.000000,0.000165,0
20260805_172630_772,1,Unspecified,1979,2026-08-05T17:43:35.1856301+09:00,2026-08-05T17:43:35.6856301+09:00,1024.412984,1024.912984,30,30,0.035206,0.042470,0.000000,0.000000,0.000000,0.000086,0
20260805_172630_772,1,Unspecified,1980,2026-08-05T17:43:35.6856301+09:00,2026-08-05T17:43:36.1856301+09:00,1024.912984,1025.412984,31,31,0.034831,0.042229,0.000000,0.000000,0.000000,0.000279,0
20260805_172630_772,1,Unspecified,1981,2026-08-05T17:43:36.1856301+09:00,2026-08-05T17:43:36.6856301+09:00,1025.412984,1025.912984,29,29,0.034381,0.042094,0.000000,0.000000,0.000000,0.000088,0
20260805_172630_772,1,Unspecified,1982,2026-08-05T17:43:36.6856301+09:00,2026-08-05T17:43:37.1856301+09:00,1025.912984,1026.412984,30,30,0.034475,0.042108,0.000000,0.000000,0.000000,0.000118,0
20260805_172630_772,1,Unspecified,1983,2026-08-05T17:43:37.1856301+09:00,2026-08-05T17:43:37.6856301+09:00,1026.412984,1026.912984,30,30,0.034626,0.042160,0.000000,0.000000,0.000000,0.000126,0
20260805_172630_772,1,Unspecified,1984,2026-08-05T17:43:37.6856301+09:00,2026-08-05T17:43:38.1856301+09:00,1026.912984,1027.412984,30,30,0.034670,0.042198,0.000000,0.000000,0.000000,0.000091,0
20260805_172630_772,1,Unspecified,1985,2026-08-05T17:43:38.1856301+09:00,2026-08-05T17:43:38.6856301+09:00,1027.412984,1027.912984,30,30,0.034688,0.042240,0.000000,0.000000,0.000000,0.000161,0
20260805_172630_772,1,Unspecified,1986,2026-08-05T17:43:38.6856301+09:00,2026-08-05T17:43:39.1856301+09:00,1027.912984,1028.412984,30,30,0.034579,0.042117,0.000000,0.000000,0.000000,0.000111,0
20260805_172630_772,1,Unspecified,1987,2026-08-05T17:43:39.1856301+09:00,2026-08-05T17:43:39.6856301+09:00,1028.412984,1028.912984,30,30,0.034634,0.042178,0.000000,0.000000,0.000000,0.000122,0
20260805_172630_772,1,Unspecified,1988,2026-08-05T17:43:39.6856301+09:00,2026-08-05T17:43:40.1856301+09:00,1028.912984,1029.412984,30,30,0.034496,0.042159,0.000000,0.000000,0.000000,0.000125,0
20260805_172630_772,1,Unspecified,1989,2026-08-05T17:43:40.1856301+09:00,2026-08-05T17:43:40.6856301+09:00,1029.412984,1029.912984,30,30,0.034740,0.042265,0.000000,0.000000,0.000000,0.000127,0
20260805_172630_772,1,Unspecified,1990,2026-08-05T17:43:40.6856301+09:00,2026-08-05T17:43:41.1856301+09:00,1029.912984,1030.412984,30,30,0.034756,0.042246,0.000000,0.000000,0.000000,0.000100,0
20260805_172630_772,1,Unspecified,1991,2026-08-05T17:43:41.1856301+09:00,2026-08-05T17:43:41.6856301+09:00,1030.412984,1030.912984,30,30,0.034782,0.042233,0.000000,0.000000,0.000000,0.000098,0
20260805_172630_772,1,Unspecified,1992,2026-08-05T17:43:41.6856301+09:00,2026-08-05T17:43:42.1856301+09:00,1030.912984,1031.412984,30,30,0.034848,0.042170,0.000000,0.000000,0.000000,0.000071,0
20260805_172630_772,1,Unspecified,1993,2026-08-05T17:43:42.1856301+09:00,2026-08-05T17:43:42.6856301+09:00,1031.412984,1031.912984,31,31,0.035295,0.042528,0.000000,0.000000,0.000000,0.000254,0
20260805_172630_772,1,Unspecified,1994,2026-08-05T17:43:42.6856301+09:00,2026-08-05T17:43:43.1856301+09:00,1031.912984,1032.412984,29,29,0.035180,0.042452,0.000000,0.000000,0.000000,0.000097,0
20260805_172630_772,1,Unspecified,1995,2026-08-05T17:43:43.1856301+09:00,2026-08-05T17:43:43.6856301+09:00,1032.412984,1032.912984,30,30,0.035104,0.042470,0.000000,0.000000,0.000000,0.000146,0
20260805_172630_772,1,Unspecified,1996,2026-08-05T17:43:43.6856301+09:00,2026-08-05T17:43:44.1856301+09:00,1032.912984,1033.412984,30,30,0.034899,0.042310,0.000000,0.000000,0.000000,0.000079,0
20260805_172630_772,1,Unspecified,1997,2026-08-05T17:43:44.1856301+09:00,2026-08-05T17:43:44.6856301+09:00,1033.412984,1033.912984,30,30,0.034818,0.042263,0.000000,0.000000,0.000000,0.000080,0
20260805_172630_772,1,Unspecified,1998,2026-08-05T17:43:44.6856301+09:00,2026-08-05T17:43:45.1856301+09:00,1033.912984,1034.412984,30,30,0.034804,0.042226,0.000000,0.000000,0.000000,0.000139,0
20260805_172630_772,1,Unspecified,1999,2026-08-05T17:43:45.1856301+09:00,2026-08-05T17:43:45.6856301+09:00,1034.412984,1034.912984,30,30,0.034872,0.042235,0.000000,0.000000,0.000000,0.000145,0
20260805_172630_772,1,Unspecified,2000,2026-08-05T17:43:45.6856301+09:00,2026-08-05T17:43:46.1856301+09:00,1034.912984,1035.412984,30,30,0.034616,0.042158,0.000000,0.000000,0.000000,0.000176,0
20260805_172630_772,1,Unspecified,2001,2026-08-05T17:43:46.1856301+09:00,2026-08-05T17:43:46.6856301+09:00,1035.412984,1035.912984,30,30,0.035039,0.042418,0.000000,0.000000,0.000000,0.000127,0
20260805_172630_772,1,Unspecified,2002,2026-08-05T17:43:46.6856301+09:00,2026-08-05T17:43:47.1856301+09:00,1035.912984,1036.412984,30,30,0.035295,0.042467,0.000000,0.000000,0.000000,0.000156,0
20260805_172630_772,1,Unspecified,2003,2026-08-05T17:43:47.1856301+09:00,2026-08-05T17:43:47.6856301+09:00,1036.412984,1036.912984,30,30,0.035189,0.042363,0.000000,0.000000,0.000000,0.000188,0
20260805_172630_772,1,Unspecified,2004,2026-08-05T17:43:47.6856301+09:00,2026-08-05T17:43:48.1856301+09:00,1036.912984,1037.412984,30,30,0.034586,0.042096,0.000000,0.000000,0.000000,0.000172,0
20260805_172630_772,1,Unspecified,2005,2026-08-05T17:43:48.1856301+09:00,2026-08-05T17:43:48.6856301+09:00,1037.412984,1037.912984,30,30,0.034892,0.042263,0.000000,0.000000,0.000000,0.000250,0
20260805_172630_772,1,Unspecified,2006,2026-08-05T17:43:48.6856301+09:00,2026-08-05T17:43:49.1856301+09:00,1037.912984,1038.412984,30,30,0.034824,0.042221,0.000000,0.000000,0.000000,0.000107,0
20260805_172630_772,1,Unspecified,2007,2026-08-05T17:43:49.1856301+09:00,2026-08-05T17:43:49.6856301+09:00,1038.412984,1038.912984,30,30,0.034854,0.042307,0.000000,0.000000,0.000000,0.000162,0
20260805_172630_772,1,Unspecified,2008,2026-08-05T17:43:49.6856301+09:00,2026-08-05T17:43:50.1856301+09:00,1038.912984,1039.412984,30,30,0.035278,0.042428,0.000000,0.000000,0.000000,0.000121,0
20260805_172630_772,1,Unspecified,2009,2026-08-05T17:43:50.1856301+09:00,2026-08-05T17:43:50.6856301+09:00,1039.412984,1039.912984,30,30,0.035243,0.042417,0.000000,0.000000,0.000000,0.000133,0
20260805_172630_772,1,Unspecified,2010,2026-08-05T17:43:50.6856301+09:00,2026-08-05T17:43:51.1856301+09:00,1039.912984,1040.412984,30,30,0.035162,0.042354,0.000000,0.000000,0.000000,0.000115,0
20260805_172630_772,1,Unspecified,2011,2026-08-05T17:43:51.1856301+09:00,2026-08-05T17:43:51.6856301+09:00,1040.412984,1040.912984,30,30,0.035167,0.042382,0.000000,0.000000,0.000000,0.000119,0
20260805_172630_772,1,Unspecified,2012,2026-08-05T17:43:51.6856301+09:00,2026-08-05T17:43:52.1856301+09:00,1040.912984,1041.412984,30,30,0.035417,0.042518,0.000000,0.000000,0.000000,0.000122,0
20260805_172630_772,1,Unspecified,2013,2026-08-05T17:43:52.1856301+09:00,2026-08-05T17:43:52.6856301+09:00,1041.412984,1041.912984,30,30,0.035366,0.042490,0.000000,0.000000,0.000000,0.000084,0
20260805_172630_772,1,Unspecified,2014,2026-08-05T17:43:52.6856301+09:00,2026-08-05T17:43:53.1856301+09:00,1041.912984,1042.412984,30,30,0.035546,0.042577,0.000000,0.000000,0.000000,0.000103,0
20260805_172630_772,1,Unspecified,2015,2026-08-05T17:43:53.1856301+09:00,2026-08-05T17:43:53.6856301+09:00,1042.412984,1042.912984,30,30,0.035325,0.042431,0.000000,0.000000,0.000000,0.000193,0
20260805_172630_772,1,Unspecified,2016,2026-08-05T17:43:53.6856301+09:00,2026-08-05T17:43:54.1856301+09:00,1042.912984,1043.412984,30,30,0.035405,0.042433,0.000000,0.000000,0.000000,0.000125,0
20260805_172630_772,1,Unspecified,2017,2026-08-05T17:43:54.1856301+09:00,2026-08-05T17:43:54.6856301+09:00,1043.412984,1043.912984,30,30,0.035583,0.042524,0.000000,0.000000,0.000000,0.000107,0
20260805_172630_772,1,Unspecified,2018,2026-08-05T17:43:54.6856301+09:00,2026-08-05T17:43:55.1856301+09:00,1043.912984,1044.412984,30,30,0.035780,0.042557,0.000000,0.000000,0.000000,0.000119,0
20260805_172630_772,1,Unspecified,2019,2026-08-05T17:43:55.1856301+09:00,2026-08-05T17:43:55.6856301+09:00,1044.412984,1044.912984,30,30,0.035567,0.042491,0.000000,0.000000,0.000000,0.000162,0
20260805_172630_772,1,Unspecified,2020,2026-08-05T17:43:55.6856301+09:00,2026-08-05T17:43:56.1856301+09:00,1044.912984,1045.412984,30,30,0.035627,0.042484,0.000000,0.000000,0.000000,0.000129,0
20260805_172630_772,1,Unspecified,2021,2026-08-05T17:43:56.1856301+09:00,2026-08-05T17:43:56.6856301+09:00,1045.412984,1045.912984,30,30,0.035642,0.042474,0.000000,0.000000,0.000000,0.000171,0
20260805_172630_772,1,Unspecified,2022,2026-08-05T17:43:56.6856301+09:00,2026-08-05T17:43:57.1856301+09:00,1045.912984,1046.412984,30,30,0.035772,0.042503,0.000000,0.000000,0.000000,0.000086,0
20260805_172630_772,1,Unspecified,2023,2026-08-05T17:43:57.1856301+09:00,2026-08-05T17:43:57.6856301+09:00,1046.412984,1046.912984,30,30,0.035991,0.042577,0.000000,0.000000,0.000000,0.000073,0
20260805_172630_772,1,Unspecified,2024,2026-08-05T17:43:57.6856301+09:00,2026-08-05T17:43:58.1856301+09:00,1046.912984,1047.412984,30,30,0.035882,0.042681,0.000000,0.000000,0.000000,0.000159,0
20260805_172630_772,1,Unspecified,2025,2026-08-05T17:43:58.1856301+09:00,2026-08-05T17:43:58.6856301+09:00,1047.412984,1047.912984,30,30,0.035877,0.042748,0.000000,0.000000,0.000000,0.000272,0
20260805_172630_772,1,Unspecified,2026,2026-08-05T17:43:58.6856301+09:00,2026-08-05T17:43:59.1856301+09:00,1047.912984,1048.412984,31,31,0.035902,0.042769,0.000000,0.000000,0.000000,0.000247,0
20260805_172630_772,1,Unspecified,2027,2026-08-05T17:43:59.1856301+09:00,2026-08-05T17:43:59.6856301+09:00,1048.412984,1048.912984,29,29,0.035791,0.042798,0.000000,0.000000,0.000000,0.000172,0
20260805_172630_772,1,Unspecified,2028,2026-08-05T17:43:59.6856301+09:00,2026-08-05T17:44:00.1856301+09:00,1048.912984,1049.412984,30,30,0.035991,0.043191,0.000000,0.000000,0.000000,0.000123,0
20260805_172630_772,1,Unspecified,2029,2026-08-05T17:44:00.1856301+09:00,2026-08-05T17:44:00.6856301+09:00,1049.412984,1049.912984,30,30,0.036210,0.043479,0.000000,0.000000,0.000000,0.000080,0
20260805_172630_772,1,Unspecified,2030,2026-08-05T17:44:00.6856301+09:00,2026-08-05T17:44:01.1856301+09:00,1049.912984,1050.412984,30,30,0.036391,0.043432,0.000000,0.000000,0.000000,0.000173,0
20260805_172630_772,1,Unspecified,2031,2026-08-05T17:44:01.1856301+09:00,2026-08-05T17:44:01.6856301+09:00,1050.412984,1050.912984,30,30,0.036709,0.043414,0.000000,0.000000,0.000000,0.000161,0
20260805_172630_772,1,Unspecified,2032,2026-08-05T17:44:01.6856301+09:00,2026-08-05T17:44:02.1856301+09:00,1050.912984,1051.412984,30,30,0.036702,0.043194,0.000000,0.000000,0.000000,0.000138,0
20260805_172630_772,1,Unspecified,2033,2026-08-05T17:44:02.1856301+09:00,2026-08-05T17:44:02.6856301+09:00,1051.412984,1051.912984,30,30,0.036557,0.043184,0.000000,0.000000,0.000000,0.000156,0
20260805_172630_772,1,Unspecified,2034,2026-08-05T17:44:02.6856301+09:00,2026-08-05T17:44:03.1856301+09:00,1051.912984,1052.412984,30,30,0.036656,0.043324,0.000000,0.000000,0.000000,0.000074,0
20260805_172630_772,1,Unspecified,2035,2026-08-05T17:44:03.1856301+09:00,2026-08-05T17:44:03.6856301+09:00,1052.412984,1052.912984,30,30,0.036579,0.043364,0.000000,0.000000,0.000000,0.000114,0
20260805_172630_772,1,Unspecified,2036,2026-08-05T17:44:03.6856301+09:00,2026-08-05T17:44:04.1856301+09:00,1052.912984,1053.412984,30,30,0.036510,0.043331,0.000000,0.000000,0.000000,0.000160,0
20260805_172630_772,1,Unspecified,2037,2026-08-05T17:44:04.1856301+09:00,2026-08-05T17:44:04.6856301+09:00,1053.412984,1053.912984,30,30,0.036516,0.043305,0.000000,0.000000,0.000000,0.000141,0
20260805_172630_772,1,Unspecified,2038,2026-08-05T17:44:04.6856301+09:00,2026-08-05T17:44:05.1856301+09:00,1053.912984,1054.412984,30,30,0.036525,0.043298,0.000000,0.000000,0.000000,0.000073,0
20260805_172630_772,1,Unspecified,2039,2026-08-05T17:44:05.1856301+09:00,2026-08-05T17:44:05.6856301+09:00,1054.412984,1054.912984,30,30,0.036571,0.043252,0.000000,0.000000,0.000000,0.000169,0
20260805_172630_772,1,Unspecified,2040,2026-08-05T17:44:05.6856301+09:00,2026-08-05T17:44:06.1856301+09:00,1054.912984,1055.412984,31,31,0.036249,0.043166,0.000000,0.000000,0.000000,0.000183,0
20260805_172630_772,1,Unspecified,2041,2026-08-05T17:44:06.1856301+09:00,2026-08-05T17:44:06.6856301+09:00,1055.412984,1055.912984,29,29,0.036348,0.043280,0.000000,0.000000,0.000000,0.000185,0
20260805_172630_772,1,Unspecified,2042,2026-08-05T17:44:06.6856301+09:00,2026-08-05T17:44:07.1856301+09:00,1055.912984,1056.412984,30,30,0.036773,0.043461,0.000000,0.000000,0.000000,0.000105,0
20260805_172630_772,1,Unspecified,2043,2026-08-05T17:44:07.1856301+09:00,2026-08-05T17:44:07.6856301+09:00,1056.412984,1056.912984,30,30,0.036733,0.043478,0.000000,0.000000,0.000000,0.000188,0
20260805_172630_772,1,Unspecified,2044,2026-08-05T17:44:07.6856301+09:00,2026-08-05T17:44:08.1856301+09:00,1056.912984,1057.412984,30,30,0.036069,0.043172,0.000000,0.000000,0.000000,0.000186,0
20260805_172630_772,1,Unspecified,2045,2026-08-05T17:44:08.1856301+09:00,2026-08-05T17:44:08.6856301+09:00,1057.412984,1057.912984,30,30,0.035690,0.043326,0.000000,0.000000,0.000000,0.000196,0
20260805_172630_772,1,Unspecified,2046,2026-08-05T17:44:08.6856301+09:00,2026-08-05T17:44:09.1856301+09:00,1057.912984,1058.412984,30,30,0.036018,0.043322,0.000000,0.000000,0.000000,0.000213,0
20260805_172630_772,1,Unspecified,2047,2026-08-05T17:44:09.1856301+09:00,2026-08-05T17:44:09.6856301+09:00,1058.412984,1058.912984,30,30,0.036295,0.043250,0.000000,0.000000,0.000000,0.000155,0
20260805_172630_772,1,Unspecified,2048,2026-08-05T17:44:09.6856301+09:00,2026-08-05T17:44:10.1856301+09:00,1058.912984,1059.412984,30,30,0.036067,0.043278,0.000000,0.000000,0.000000,0.000078,0
20260805_172630_772,1,Unspecified,2049,2026-08-05T17:44:10.1856301+09:00,2026-08-05T17:44:10.6856301+09:00,1059.412984,1059.912984,30,30,0.036299,0.043311,0.000000,0.000000,0.000000,0.000222,0
20260805_172630_772,1,Unspecified,2050,2026-08-05T17:44:10.6856301+09:00,2026-08-05T17:44:11.1856301+09:00,1059.912984,1060.412984,30,30,0.036438,0.043390,0.000000,0.000000,0.000000,0.000113,0
20260805_172630_772,1,Unspecified,2051,2026-08-05T17:44:11.1856301+09:00,2026-08-05T17:44:11.6856301+09:00,1060.412984,1060.912984,31,31,0.036376,0.043295,0.000000,0.000000,0.000000,0.000148,0
20260805_172630_772,1,Unspecified,2052,2026-08-05T17:44:11.6856301+09:00,2026-08-05T17:44:12.1856301+09:00,1060.912984,1061.412984,29,29,0.036232,0.043350,0.000000,0.000000,0.000000,0.000255,0
20260805_172630_772,1,Unspecified,2053,2026-08-05T17:44:12.1856301+09:00,2026-08-05T17:44:12.6856301+09:00,1061.412984,1061.912984,30,30,0.036604,0.043627,0.000000,0.000000,0.000000,0.000082,0
20260805_172630_772,1,Unspecified,2054,2026-08-05T17:44:12.6856301+09:00,2026-08-05T17:44:13.1856301+09:00,1061.912984,1062.412984,30,30,0.036772,0.043660,0.000000,0.000000,0.000000,0.000152,0
20260805_172630_772,1,Unspecified,2055,2026-08-05T17:44:13.1856301+09:00,2026-08-05T17:44:13.6856301+09:00,1062.412984,1062.912984,30,30,0.036451,0.043300,0.000000,0.000000,0.000000,0.000125,0
20260805_172630_772,1,Unspecified,2056,2026-08-05T17:44:13.6856301+09:00,2026-08-05T17:44:14.1856301+09:00,1062.912984,1063.412984,30,30,0.036615,0.043480,0.000000,0.000000,0.000000,0.000054,0
20260805_172630_772,1,Unspecified,2057,2026-08-05T17:44:14.1856301+09:00,2026-08-05T17:44:14.6856301+09:00,1063.412984,1063.912984,30,30,0.036426,0.043362,0.000000,0.000000,0.000000,0.000088,0
20260805_172630_772,1,Unspecified,2058,2026-08-05T17:44:14.6856301+09:00,2026-08-05T17:44:15.1856301+09:00,1063.912984,1064.412984,30,30,0.036826,0.043596,0.000000,0.000000,0.000000,0.000214,0
20260805_172630_772,1,Unspecified,2059,2026-08-05T17:44:15.1856301+09:00,2026-08-05T17:44:15.6856301+09:00,1064.412984,1064.912984,30,30,0.036905,0.043616,0.000000,0.000000,0.000000,0.000126,0
20260805_172630_772,1,Unspecified,2060,2026-08-05T17:44:15.6856301+09:00,2026-08-05T17:44:16.1856301+09:00,1064.912984,1065.412984,30,30,0.036338,0.043332,0.000000,0.000000,0.000000,0.000284,0
20260805_172630_772,1,Unspecified,2061,2026-08-05T17:44:16.1856301+09:00,2026-08-05T17:44:16.6856301+09:00,1065.412984,1065.912984,30,30,0.036090,0.043167,0.000000,0.000000,0.000000,0.000229,0
20260805_172630_772,1,Unspecified,2062,2026-08-05T17:44:16.6856301+09:00,2026-08-05T17:44:17.1856301+09:00,1065.912984,1066.412984,30,30,0.036514,0.043415,0.000000,0.000000,0.000000,0.000128,0
20260805_172630_772,1,Unspecified,2063,2026-08-05T17:44:17.1856301+09:00,2026-08-05T17:44:17.6856301+09:00,1066.412984,1066.912984,31,31,0.036116,0.043276,0.000000,0.000000,0.000000,0.000151,0
20260805_172630_772,1,Unspecified,2064,2026-08-05T17:44:17.6856301+09:00,2026-08-05T17:44:18.1856301+09:00,1066.912984,1067.412984,29,29,0.036265,0.043315,0.000000,0.000000,0.000000,0.000126,0
20260805_172630_772,1,Unspecified,2065,2026-08-05T17:44:18.1856301+09:00,2026-08-05T17:44:18.6856301+09:00,1067.412984,1067.912984,30,30,0.036476,0.043344,0.000000,0.000000,0.000000,0.000130,0
20260805_172630_772,1,Unspecified,2066,2026-08-05T17:44:18.6856301+09:00,2026-08-05T17:44:19.1856301+09:00,1067.912984,1068.412984,30,30,0.036440,0.043293,0.000000,0.000000,0.000000,0.000149,0
20260805_172630_772,1,Unspecified,2067,2026-08-05T17:44:19.1856301+09:00,2026-08-05T17:44:19.6856301+09:00,1068.412984,1068.912984,30,30,0.036498,0.043313,0.000000,0.000000,0.000000,0.000082,0
20260805_172630_772,1,Unspecified,2068,2026-08-05T17:44:19.6856301+09:00,2026-08-05T17:44:20.1856301+09:00,1068.912984,1069.412984,30,30,0.036521,0.043359,0.000000,0.000000,0.000000,0.000202,0
20260805_172630_772,1,Unspecified,2069,2026-08-05T17:44:20.1856301+09:00,2026-08-05T17:44:20.6856301+09:00,1069.412984,1069.912984,30,30,0.036277,0.043191,0.000000,0.000000,0.000000,0.000184,0
20260805_172630_772,1,Unspecified,2070,2026-08-05T17:44:20.6856301+09:00,2026-08-05T17:44:21.1856301+09:00,1069.912984,1070.412984,30,30,0.036301,0.043157,0.000000,0.000000,0.000000,0.000154,0
20260805_172630_772,1,Unspecified,2071,2026-08-05T17:44:21.1856301+09:00,2026-08-05T17:44:21.6856301+09:00,1070.412984,1070.912984,30,30,0.036307,0.043146,0.000000,0.000000,0.000000,0.000185,0
20260805_172630_772,1,Unspecified,2072,2026-08-05T17:44:21.6856301+09:00,2026-08-05T17:44:22.1856301+09:00,1070.912984,1071.412984,30,30,0.036582,0.043327,0.000000,0.000000,0.000000,0.000178,0
20260805_172630_772,1,Unspecified,2073,2026-08-05T17:44:22.1856301+09:00,2026-08-05T17:44:22.6856301+09:00,1071.412984,1071.912984,30,30,0.037054,0.043636,0.000000,0.000000,0.000000,0.000125,0
20260805_172630_772,1,Unspecified,2074,2026-08-05T17:44:22.6856301+09:00,2026-08-05T17:44:23.1856301+09:00,1071.912984,1072.412984,30,30,0.036886,0.043620,0.000000,0.000000,0.000000,0.000118,0
20260805_172630_772,1,Unspecified,2075,2026-08-05T17:44:23.1856301+09:00,2026-08-05T17:44:23.6856301+09:00,1072.412984,1072.912984,31,31,0.036963,0.043552,0.000000,0.000000,0.000000,0.000113,0
20260805_172630_772,1,Unspecified,2076,2026-08-05T17:44:23.6856301+09:00,2026-08-05T17:44:24.1856301+09:00,1072.912984,1073.412984,29,29,0.036896,0.043569,0.000000,0.000000,0.000000,0.000109,0
20260805_172630_772,1,Unspecified,2077,2026-08-05T17:44:24.1856301+09:00,2026-08-05T17:44:24.6856301+09:00,1073.412984,1073.912984,30,30,0.036974,0.043567,0.000000,0.000000,0.000000,0.000127,0
20260805_172630_772,1,Unspecified,2078,2026-08-05T17:44:24.6856301+09:00,2026-08-05T17:44:25.1856301+09:00,1073.912984,1074.412984,30,30,0.037104,0.043647,0.000000,0.000000,0.000000,0.000123,0
20260805_172630_772,1,Unspecified,2079,2026-08-05T17:44:25.1856301+09:00,2026-08-05T17:44:25.6856301+09:00,1074.412984,1074.912984,30,30,0.037395,0.043857,0.000000,0.000000,0.000000,0.000110,0
20260805_172630_772,1,Unspecified,2080,2026-08-05T17:44:25.6856301+09:00,2026-08-05T17:44:26.1856301+09:00,1074.912984,1075.412984,30,30,0.037006,0.043711,0.000000,0.000000,0.000000,0.000205,0
20260805_172630_772,1,Unspecified,2081,2026-08-05T17:44:26.1856301+09:00,2026-08-05T17:44:26.6856301+09:00,1075.412984,1075.912984,30,30,0.037239,0.043893,0.000000,0.000000,0.000000,0.000121,0
20260805_172630_772,1,Unspecified,2082,2026-08-05T17:44:26.6856301+09:00,2026-08-05T17:44:27.1856301+09:00,1075.912984,1076.412984,30,30,0.037123,0.043686,0.000000,0.000000,0.000000,0.000113,0
20260805_172630_772,1,Unspecified,2083,2026-08-05T17:44:27.1856301+09:00,2026-08-05T17:44:27.6856301+09:00,1076.412984,1076.912984,30,30,0.036986,0.043530,0.000000,0.000000,0.000000,0.000137,0
20260805_172630_772,1,Unspecified,2084,2026-08-05T17:44:27.6856301+09:00,2026-08-05T17:44:28.1856301+09:00,1076.912984,1077.412984,30,30,0.036357,0.043250,0.000000,0.000000,0.000000,0.000182,0
20260805_172630_772,1,Unspecified,2085,2026-08-05T17:44:28.1856301+09:00,2026-08-05T17:44:28.6856301+09:00,1077.412984,1077.912984,30,30,0.036130,0.042894,0.000000,0.000000,0.000000,0.000225,0
20260805_172630_772,1,Unspecified,2086,2026-08-05T17:44:28.6856301+09:00,2026-08-05T17:44:29.1856301+09:00,1077.912984,1078.412984,30,30,0.036213,0.042965,0.000000,0.000000,0.000000,0.000240,0
20260805_172630_772,1,Unspecified,2087,2026-08-05T17:44:29.1856301+09:00,2026-08-05T17:44:29.6856301+09:00,1078.412984,1078.912984,30,30,0.036494,0.043133,0.000000,0.000000,0.000000,0.000129,0
20260805_172630_772,1,Unspecified,2088,2026-08-05T17:44:29.6856301+09:00,2026-08-05T17:44:30.1856301+09:00,1078.912984,1079.412984,30,30,0.036507,0.043161,0.000000,0.000000,0.000000,0.000150,0
20260805_172630_772,1,Unspecified,2089,2026-08-05T17:44:30.1856301+09:00,2026-08-05T17:44:30.6856301+09:00,1079.412984,1079.912984,30,30,0.036628,0.043303,0.000000,0.000000,0.000000,0.000108,0
20260805_172630_772,1,Unspecified,2090,2026-08-05T17:44:30.6856301+09:00,2026-08-05T17:44:31.1856301+09:00,1079.912984,1080.412984,30,30,0.036777,0.043277,0.000000,0.000000,0.000000,0.000094,0
20260805_172630_772,1,Unspecified,2091,2026-08-05T17:44:31.1856301+09:00,2026-08-05T17:44:31.6856301+09:00,1080.412984,1080.912984,30,30,0.036636,0.043179,0.000000,0.000000,0.000000,0.000178,0
20260805_172630_772,1,Unspecified,2092,2026-08-05T17:44:31.6856301+09:00,2026-08-05T17:44:32.1856301+09:00,1080.912984,1081.412984,30,30,0.036533,0.043188,0.000000,0.000000,0.000000,0.000089,0
20260805_172630_772,1,Unspecified,2093,2026-08-05T17:44:32.1856301+09:00,2026-08-05T17:44:32.6856301+09:00,1081.412984,1081.912984,30,30,0.036457,0.043264,0.000000,0.000000,0.000000,0.000132,0
20260805_172630_772,1,Unspecified,2094,2026-08-05T17:44:32.6856301+09:00,2026-08-05T17:44:33.1856301+09:00,1081.912984,1082.412984,30,30,0.036645,0.043312,0.000000,0.000000,0.000000,0.000109,0
20260805_172630_772,1,Unspecified,2095,2026-08-05T17:44:33.1856301+09:00,2026-08-05T17:44:33.6856301+09:00,1082.412984,1082.912984,30,30,0.036499,0.043214,0.000000,0.000000,0.000000,0.000192,0
20260805_172630_772,1,Unspecified,2096,2026-08-05T17:44:33.6856301+09:00,2026-08-05T17:44:34.1856301+09:00,1082.912984,1083.412984,30,30,0.035861,0.042967,0.000000,0.000000,0.000000,0.000137,0
20260805_172630_772,1,Unspecified,2097,2026-08-05T17:44:34.1856301+09:00,2026-08-05T17:44:34.6856301+09:00,1083.412984,1083.912984,30,30,0.035732,0.042963,0.000000,0.000000,0.000000,0.000166,0
20260805_172630_772,1,Unspecified,2098,2026-08-05T17:44:34.6856301+09:00,2026-08-05T17:44:35.1856301+09:00,1083.912984,1084.412984,30,30,0.035915,0.043079,0.000000,0.000000,0.000000,0.000157,0
20260805_172630_772,1,Unspecified,2099,2026-08-05T17:44:35.1856301+09:00,2026-08-05T17:44:35.6856301+09:00,1084.412984,1084.912984,30,30,0.035993,0.043077,0.000000,0.000000,0.000000,0.000160,0
20260805_172630_772,1,Unspecified,2100,2026-08-05T17:44:35.6856301+09:00,2026-08-05T17:44:36.1856301+09:00,1084.912984,1085.412984,30,30,0.035168,0.042729,0.000000,0.000000,0.000000,0.000400,0
20260805_172630_772,1,Unspecified,2101,2026-08-05T17:44:36.1856301+09:00,2026-08-05T17:44:36.6856301+09:00,1085.412984,1085.912984,30,30,0.034720,0.042410,0.000000,0.000000,0.000000,0.000152,0
20260805_172630_772,1,Unspecified,2102,2026-08-05T17:44:36.6856301+09:00,2026-08-05T17:44:37.1856301+09:00,1085.912984,1086.412984,30,30,0.035129,0.042583,0.000000,0.000000,0.000000,0.000243,0
20260805_172630_772,1,Unspecified,2103,2026-08-05T17:44:37.1856301+09:00,2026-08-05T17:44:37.6856301+09:00,1086.412984,1086.912984,30,30,0.035586,0.042859,0.000000,0.000000,0.000000,0.000186,0
20260805_172630_772,1,Unspecified,2104,2026-08-05T17:44:37.6856301+09:00,2026-08-05T17:44:38.1856301+09:00,1086.912984,1087.412984,30,30,0.035891,0.042968,0.000000,0.000000,0.000000,0.000125,0
20260805_172630_772,1,Unspecified,2105,2026-08-05T17:44:38.1856301+09:00,2026-08-05T17:44:38.6856301+09:00,1087.412984,1087.912984,30,30,0.036104,0.043182,0.000000,0.000000,0.000000,0.000144,0
20260805_172630_772,1,Unspecified,2106,2026-08-05T17:44:38.6856301+09:00,2026-08-05T17:44:39.1856301+09:00,1087.912984,1088.412984,30,30,0.036209,0.043158,0.000000,0.000000,0.000000,0.000111,0
20260805_172630_772,1,Unspecified,2107,2026-08-05T17:44:39.1856301+09:00,2026-08-05T17:44:39.6856301+09:00,1088.412984,1088.912984,30,30,0.036442,0.043228,0.000000,0.000000,0.000000,0.000071,0
20260805_172630_772,1,Unspecified,2108,2026-08-05T17:44:39.6856301+09:00,2026-08-05T17:44:40.1856301+09:00,1088.912984,1089.412984,30,30,0.036444,0.043188,0.000000,0.000000,0.000000,0.000185,0
20260805_172630_772,1,Unspecified,2109,2026-08-05T17:44:40.1856301+09:00,2026-08-05T17:44:40.6856301+09:00,1089.412984,1089.912984,30,30,0.036804,0.043411,0.000000,0.000000,0.000000,0.000100,0
20260805_172630_772,1,Unspecified,2110,2026-08-05T17:44:40.6856301+09:00,2026-08-05T17:44:41.1856301+09:00,1089.912984,1090.412984,30,30,0.036719,0.043365,0.000000,0.000000,0.000000,0.000088,0
20260805_172630_772,1,Unspecified,2111,2026-08-05T17:44:41.1856301+09:00,2026-08-05T17:44:41.6856301+09:00,1090.412984,1090.912984,30,30,0.036721,0.043393,0.000000,0.000000,0.000000,0.000119,0
20260805_172630_772,1,Unspecified,2112,2026-08-05T17:44:41.6856301+09:00,2026-08-05T17:44:42.1856301+09:00,1090.912984,1091.412984,30,30,0.036259,0.043239,0.000000,0.000000,0.000000,0.000189,0
20260805_172630_772,1,Unspecified,2113,2026-08-05T17:44:42.1856301+09:00,2026-08-05T17:44:42.6856301+09:00,1091.412984,1091.912984,30,30,0.036601,0.043444,0.000000,0.000000,0.000000,0.000404,0
20260805_172630_772,1,Unspecified,2114,2026-08-05T17:44:42.6856301+09:00,2026-08-05T17:44:43.1856301+09:00,1091.912984,1092.412984,30,30,0.037350,0.043812,0.000000,0.000000,0.000000,0.000206,0
20260805_172630_772,1,Unspecified,2115,2026-08-05T17:44:43.1856301+09:00,2026-08-05T17:44:43.6856301+09:00,1092.412984,1092.912984,30,30,0.038019,0.044110,0.000000,0.000000,0.000000,0.000178,0
20260805_172630_772,1,Unspecified,2116,2026-08-05T17:44:43.6856301+09:00,2026-08-05T17:44:44.1856301+09:00,1092.912984,1093.412984,30,30,0.038643,0.044204,0.000000,0.000000,0.000000,0.000236,0
20260805_172630_772,1,Unspecified,2117,2026-08-05T17:44:44.1856301+09:00,2026-08-05T17:44:44.6856301+09:00,1093.412984,1093.912984,30,30,0.038337,0.044054,0.000000,0.000000,0.000000,0.000407,0
20260805_172630_772,1,Unspecified,2118,2026-08-05T17:44:44.6856301+09:00,2026-08-05T17:44:45.1856301+09:00,1093.912984,1094.412984,30,30,0.037585,0.043916,0.000000,0.000000,0.000000,0.000174,0
20260805_172630_772,1,Unspecified,2119,2026-08-05T17:44:45.1856301+09:00,2026-08-05T17:44:45.6856301+09:00,1094.412984,1094.912984,30,30,0.037460,0.043996,0.000000,0.000000,0.000000,0.000136,0
20260805_172630_772,1,Unspecified,2120,2026-08-05T17:44:45.6856301+09:00,2026-08-05T17:44:46.1856301+09:00,1094.912984,1095.412984,30,30,0.037484,0.043955,0.000000,0.000000,0.000000,0.000177,0
20260805_172630_772,1,Unspecified,2121,2026-08-05T17:44:46.1856301+09:00,2026-08-05T17:44:46.6856301+09:00,1095.412984,1095.912984,30,30,0.037927,0.044057,0.000000,0.000000,0.000000,0.000212,0
20260805_172630_772,1,Unspecified,2122,2026-08-05T17:44:46.6856301+09:00,2026-08-05T17:44:47.1856301+09:00,1095.912984,1096.412984,30,30,0.038184,0.044178,0.000000,0.000000,0.000000,0.000166,0
20260805_172630_772,1,Unspecified,2123,2026-08-05T17:44:47.1856301+09:00,2026-08-05T17:44:47.6856301+09:00,1096.412984,1096.912984,30,30,0.037962,0.044000,0.000000,0.000000,0.000000,0.000081,0
20260805_172630_772,1,Unspecified,2124,2026-08-05T17:44:47.6856301+09:00,2026-08-05T17:44:48.1856301+09:00,1096.912984,1097.412984,30,30,0.038413,0.044102,0.000000,0.000000,0.000000,0.000151,0
20260805_172630_772,1,Unspecified,2125,2026-08-05T17:44:48.1856301+09:00,2026-08-05T17:44:48.6856301+09:00,1097.412984,1097.912984,30,30,0.038155,0.043941,0.000000,0.000000,0.000000,0.000129,0
20260805_172630_772,1,Unspecified,2126,2026-08-05T17:44:48.6856301+09:00,2026-08-05T17:44:49.1856301+09:00,1097.912984,1098.412984,30,30,0.038324,0.043981,0.000000,0.000000,0.000000,0.000125,0
20260805_172630_772,1,Unspecified,2127,2026-08-05T17:44:49.1856301+09:00,2026-08-05T17:44:49.6856301+09:00,1098.412984,1098.912984,30,30,0.038441,0.044122,0.000000,0.000000,0.000000,0.000114,0
20260805_172630_772,1,Unspecified,2128,2026-08-05T17:44:49.6856301+09:00,2026-08-05T17:44:50.1856301+09:00,1098.912984,1099.412984,30,30,0.038485,0.044145,0.000000,0.000000,0.000000,0.000078,0
20260805_172630_772,1,Unspecified,2129,2026-08-05T17:44:50.1856301+09:00,2026-08-05T17:44:50.6856301+09:00,1099.412984,1099.912984,30,30,0.038077,0.043932,0.000000,0.000000,0.000000,0.000167,0
20260805_172630_772,1,Unspecified,2130,2026-08-05T17:44:50.6856301+09:00,2026-08-05T17:44:51.1856301+09:00,1099.912984,1100.412984,30,30,0.038179,0.044072,0.000000,0.000000,0.000000,0.000114,0
20260805_172630_772,1,Unspecified,2131,2026-08-05T17:44:51.1856301+09:00,2026-08-05T17:44:51.6856301+09:00,1100.412984,1100.912984,30,30,0.038047,0.044052,0.000000,0.000000,0.000000,0.000136,0
20260805_172630_772,1,Unspecified,2132,2026-08-05T17:44:51.6856301+09:00,2026-08-05T17:44:52.1856301+09:00,1100.912984,1101.412984,31,31,0.038228,0.044183,0.000000,0.000000,0.000000,0.000131,0
20260805_172630_772,1,Unspecified,2133,2026-08-05T17:44:52.1856301+09:00,2026-08-05T17:44:52.6856301+09:00,1101.412984,1101.912984,30,30,0.038655,0.044380,0.000000,0.000000,0.000000,0.000130,0
20260805_172630_772,1,Unspecified,2134,2026-08-05T17:44:52.6856301+09:00,2026-08-05T17:44:53.1856301+09:00,1101.912984,1102.412984,29,29,0.038616,0.044344,0.000000,0.000000,0.000000,0.000107,0
20260805_172630_772,1,Unspecified,2135,2026-08-05T17:44:53.1856301+09:00,2026-08-05T17:44:53.6856301+09:00,1102.412984,1102.912984,30,30,0.038413,0.044220,0.000000,0.000000,0.000000,0.000130,0
20260805_172630_772,1,Unspecified,2136,2026-08-05T17:44:53.6856301+09:00,2026-08-05T17:44:54.1856301+09:00,1102.912984,1103.412984,30,30,0.038678,0.044443,0.000000,0.000000,0.000000,0.000090,0
20260805_172630_772,1,Unspecified,2137,2026-08-05T17:44:54.1856301+09:00,2026-08-05T17:44:54.6856301+09:00,1103.412984,1103.912984,30,30,0.038772,0.044393,0.000000,0.000000,0.000000,0.000145,0
20260805_172630_772,1,Unspecified,2138,2026-08-05T17:44:54.6856301+09:00,2026-08-05T17:44:55.1856301+09:00,1103.912984,1104.412984,30,30,0.038784,0.044412,0.000000,0.000000,0.000000,0.000130,0
20260805_172630_772,1,Unspecified,2139,2026-08-05T17:44:55.1856301+09:00,2026-08-05T17:44:55.6856301+09:00,1104.412984,1104.912984,30,30,0.038715,0.044373,0.000000,0.000000,0.000000,0.000115,0
20260805_172630_772,1,Unspecified,2140,2026-08-05T17:44:55.6856301+09:00,2026-08-05T17:44:56.1856301+09:00,1104.912984,1105.412984,30,30,0.038895,0.044372,0.000000,0.000000,0.000000,0.000119,0
20260805_172630_772,1,Unspecified,2141,2026-08-05T17:44:56.1856301+09:00,2026-08-05T17:44:56.6856301+09:00,1105.412984,1105.912984,30,30,0.038704,0.044302,0.000000,0.000000,0.000000,0.000147,0
20260805_172630_772,1,Unspecified,2142,2026-08-05T17:44:56.6856301+09:00,2026-08-05T17:44:57.1856301+09:00,1105.912984,1106.412984,30,30,0.038481,0.044275,0.000000,0.000000,0.000000,0.000090,0
20260805_172630_772,1,Unspecified,2143,2026-08-05T17:44:57.1856301+09:00,2026-08-05T17:44:57.6856301+09:00,1106.412984,1106.912984,30,30,0.038563,0.044268,0.000000,0.000000,0.000000,0.000144,0
20260805_172630_772,1,Unspecified,2144,2026-08-05T17:44:57.6856301+09:00,2026-08-05T17:44:58.1856301+09:00,1106.912984,1107.412984,30,30,0.038625,0.044301,0.000000,0.000000,0.000000,0.000157,0
20260805_172630_772,1,Unspecified,2145,2026-08-05T17:44:58.1856301+09:00,2026-08-05T17:44:58.6856301+09:00,1107.412984,1107.912984,30,30,0.038750,0.044369,0.000000,0.000000,0.000000,0.000120,0
20260805_172630_772,1,Unspecified,2146,2026-08-05T17:44:58.6856301+09:00,2026-08-05T17:44:59.1856301+09:00,1107.912984,1108.412984,30,30,0.038857,0.044440,0.000000,0.000000,0.000000,0.000088,0
20260805_172630_772,1,Unspecified,2147,2026-08-05T17:44:59.1856301+09:00,2026-08-05T17:44:59.6856301+09:00,1108.412984,1108.912984,30,30,0.038892,0.044464,0.000000,0.000000,0.000000,0.000220,0
20260805_172630_772,1,Unspecified,2148,2026-08-05T17:44:59.6856301+09:00,2026-08-05T17:45:00.1856301+09:00,1108.912984,1109.412984,30,30,0.039002,0.044525,0.000000,0.000000,0.000000,0.000154,0
20260805_172630_772,1,Unspecified,2149,2026-08-05T17:45:00.1856301+09:00,2026-08-05T17:45:00.6856301+09:00,1109.412984,1109.912984,30,30,0.038551,0.044625,0.000000,0.000000,0.000000,0.000224,0
20260805_172630_772,1,Unspecified,2150,2026-08-05T17:45:00.6856301+09:00,2026-08-05T17:45:01.1856301+09:00,1109.912984,1110.412984,30,30,0.038439,0.044714,0.000000,0.000000,0.000000,0.000107,0
20260805_172630_772,1,Unspecified,2151,2026-08-05T17:45:01.1856301+09:00,2026-08-05T17:45:01.6856301+09:00,1110.412984,1110.912984,30,30,0.038267,0.044489,0.000000,0.000000,0.000000,0.000173,0
20260805_172630_772,1,Unspecified,2152,2026-08-05T17:45:01.6856301+09:00,2026-08-05T17:45:02.1856301+09:00,1110.912984,1111.412984,30,30,0.038555,0.044580,0.000000,0.000000,0.000000,0.000184,0
20260805_172630_772,1,Unspecified,2153,2026-08-05T17:45:02.1856301+09:00,2026-08-05T17:45:02.6856301+09:00,1111.412984,1111.912984,30,30,0.038666,0.044607,0.000000,0.000000,0.000000,0.000184,0
20260805_172630_772,1,Unspecified,2154,2026-08-05T17:45:02.6856301+09:00,2026-08-05T17:45:03.1856301+09:00,1111.912984,1112.412984,30,30,0.038958,0.044625,0.000000,0.000000,0.000000,0.000205,0
20260805_172630_772,1,Unspecified,2155,2026-08-05T17:45:03.1856301+09:00,2026-08-05T17:45:03.6856301+09:00,1112.412984,1112.912984,30,30,0.038811,0.044520,0.000000,0.000000,0.000000,0.000297,0
20260805_172630_772,1,Unspecified,2156,2026-08-05T17:45:03.6856301+09:00,2026-08-05T17:45:04.1856301+09:00,1112.912984,1113.412984,31,31,0.037325,0.043983,0.000000,0.000000,0.000000,0.000701,0
20260805_172630_772,1,Unspecified,2157,2026-08-05T17:45:04.1856301+09:00,2026-08-05T17:45:04.6856301+09:00,1113.412984,1113.912984,29,29,0.036306,0.043748,0.000000,0.000000,0.000000,0.000238,0
20260805_172630_772,1,Unspecified,2158,2026-08-05T17:45:04.6856301+09:00,2026-08-05T17:45:05.1856301+09:00,1113.912984,1114.412984,30,30,0.037149,0.044041,0.000000,0.000000,0.000000,0.000208,0
20260805_172630_772,1,Unspecified,2159,2026-08-05T17:45:05.1856301+09:00,2026-08-05T17:45:05.6856301+09:00,1114.412984,1114.912984,30,30,0.037446,0.043951,0.000000,0.000000,0.000000,0.000105,0
20260805_172630_772,1,Unspecified,2160,2026-08-05T17:45:05.6856301+09:00,2026-08-05T17:45:06.1856301+09:00,1114.912984,1115.412984,30,30,0.037863,0.044005,0.000000,0.000000,0.000000,0.000207,0
20260805_172630_772,1,Unspecified,2161,2026-08-05T17:45:06.1856301+09:00,2026-08-05T17:45:06.6856301+09:00,1115.412984,1115.912984,30,30,0.038622,0.044631,0.000000,0.000000,0.000000,0.000254,0
20260805_172630_772,1,Unspecified,2162,2026-08-05T17:45:06.6856301+09:00,2026-08-05T17:45:07.1856301+09:00,1115.912984,1116.412984,30,30,0.038743,0.044692,0.000000,0.000000,0.000000,0.000110,0
20260805_172630_772,1,Unspecified,2163,2026-08-05T17:45:07.1856301+09:00,2026-08-05T17:45:07.6856301+09:00,1116.412984,1116.912984,30,30,0.038550,0.044453,0.000000,0.000000,0.000000,0.000143,0
20260805_172630_772,1,Unspecified,2164,2026-08-05T17:45:07.6856301+09:00,2026-08-05T17:45:08.1856301+09:00,1116.912984,1117.412984,30,30,0.037918,0.044139,0.000000,0.000000,0.000000,0.000245,0
20260805_172630_772,1,Unspecified,2165,2026-08-05T17:45:08.1856301+09:00,2026-08-05T17:45:08.6856301+09:00,1117.412984,1117.912984,30,30,0.037822,0.044206,0.000000,0.000000,0.000000,0.000159,0
20260805_172630_772,1,Unspecified,2166,2026-08-05T17:45:08.6856301+09:00,2026-08-05T17:45:09.1856301+09:00,1117.912984,1118.412984,31,31,0.038247,0.044244,0.000000,0.000000,0.000000,0.000095,0
20260805_172630_772,1,Unspecified,2167,2026-08-05T17:45:09.1856301+09:00,2026-08-05T17:45:09.6856301+09:00,1118.412984,1118.912984,29,29,0.038185,0.044161,0.000000,0.000000,0.000000,0.000225,0
20260805_172630_772,1,Unspecified,2168,2026-08-05T17:45:09.6856301+09:00,2026-08-05T17:45:10.1856301+09:00,1118.912984,1119.412984,31,31,0.038133,0.044006,0.000000,0.000000,0.000000,0.000144,0
20260805_172630_772,1,Unspecified,2169,2026-08-05T17:45:10.1856301+09:00,2026-08-05T17:45:10.6856301+09:00,1119.412984,1119.912984,29,29,0.038517,0.044180,0.000000,0.000000,0.000000,0.000164,0
20260805_172630_772,1,Unspecified,2170,2026-08-05T17:45:10.6856301+09:00,2026-08-05T17:45:11.1856301+09:00,1119.912984,1120.412984,30,30,0.038613,0.044202,0.000000,0.000000,0.000000,0.000135,0
20260805_172630_772,1,Unspecified,2171,2026-08-05T17:45:11.1856301+09:00,2026-08-05T17:45:11.6856301+09:00,1120.412984,1120.912984,30,30,0.038520,0.044163,0.000000,0.000000,0.000000,0.000105,0
20260805_172630_772,1,Unspecified,2172,2026-08-05T17:45:11.6856301+09:00,2026-08-05T17:45:12.1856301+09:00,1120.912984,1121.412984,30,30,0.038709,0.044319,0.000000,0.000000,0.000000,0.000093,0
20260805_172630_772,1,Unspecified,2173,2026-08-05T17:45:12.1856301+09:00,2026-08-05T17:45:12.6856301+09:00,1121.412984,1121.912984,30,30,0.038680,0.044266,0.000000,0.000000,0.000000,0.000101,0
20260805_172630_772,1,Unspecified,2174,2026-08-05T17:45:12.6856301+09:00,2026-08-05T17:45:13.1856301+09:00,1121.912984,1122.412984,30,30,0.038833,0.044379,0.000000,0.000000,0.000000,0.000091,0
20260805_172630_772,1,Unspecified,2175,2026-08-05T17:45:13.1856301+09:00,2026-08-05T17:45:13.6856301+09:00,1122.412984,1122.912984,30,30,0.038743,0.044325,0.000000,0.000000,0.000000,0.000149,0
20260805_172630_772,1,Unspecified,2176,2026-08-05T17:45:13.6856301+09:00,2026-08-05T17:45:14.1856301+09:00,1122.912984,1123.412984,30,30,0.038658,0.044332,0.000000,0.000000,0.000000,0.000207,0
20260805_172630_772,1,Unspecified,2177,2026-08-05T17:45:14.1856301+09:00,2026-08-05T17:45:14.6856301+09:00,1123.412984,1123.912984,30,30,0.038706,0.044255,0.000000,0.000000,0.000000,0.000158,0
20260805_172630_772,1,Unspecified,2178,2026-08-05T17:45:14.6856301+09:00,2026-08-05T17:45:15.1856301+09:00,1123.912984,1124.412984,30,30,0.038549,0.044202,0.000000,0.000000,0.000000,0.000116,0
20260805_172630_772,1,Unspecified,2179,2026-08-05T17:45:15.1856301+09:00,2026-08-05T17:45:15.6856301+09:00,1124.412984,1124.912984,30,30,0.038414,0.044010,0.000000,0.000000,0.000000,0.000152,0
20260805_172630_772,1,Unspecified,2180,2026-08-05T17:45:15.6856301+09:00,2026-08-05T17:45:16.1856301+09:00,1124.912984,1125.412984,30,30,0.037843,0.043751,0.000000,0.000000,0.000000,0.000397,0
20260805_172630_772,1,Unspecified,2181,2026-08-05T17:45:16.1856301+09:00,2026-08-05T17:45:16.6856301+09:00,1125.412984,1125.912984,30,30,0.037320,0.043609,0.000000,0.000000,0.000000,0.000089,0
20260805_172630_772,1,Unspecified,2182,2026-08-05T17:45:16.6856301+09:00,2026-08-05T17:45:17.1856301+09:00,1125.912984,1126.412984,30,30,0.037758,0.043752,0.000000,0.000000,0.000000,0.000131,0
20260805_172630_772,1,Unspecified,2183,2026-08-05T17:45:17.1856301+09:00,2026-08-05T17:45:17.6856301+09:00,1126.412984,1126.912984,30,30,0.037902,0.043768,0.000000,0.000000,0.000000,0.000106,0
20260805_172630_772,1,Unspecified,2184,2026-08-05T17:45:17.6856301+09:00,2026-08-05T17:45:18.1856301+09:00,1126.912984,1127.412984,30,30,0.038119,0.043802,0.000000,0.000000,0.000000,0.000162,0
20260805_172630_772,1,Unspecified,2185,2026-08-05T17:45:18.1856301+09:00,2026-08-05T17:45:18.6856301+09:00,1127.412984,1127.912984,30,30,0.038473,0.044067,0.000000,0.000000,0.000000,0.000143,0
20260805_172630_772,1,Unspecified,2186,2026-08-05T17:45:18.6856301+09:00,2026-08-05T17:45:19.1856301+09:00,1127.912984,1128.412984,30,30,0.038435,0.044190,0.000000,0.000000,0.000000,0.000136,0
20260805_172630_772,1,Unspecified,2187,2026-08-05T17:45:19.1856301+09:00,2026-08-05T17:45:19.6856301+09:00,1128.412984,1128.912984,30,30,0.038196,0.044145,0.000000,0.000000,0.000000,0.000140,0
20260805_172630_772,1,Unspecified,2188,2026-08-05T17:45:19.6856301+09:00,2026-08-05T17:45:20.1856301+09:00,1128.912984,1129.412984,30,30,0.037517,0.043938,0.000000,0.000000,0.000000,0.000227,0
20260805_172630_772,1,Unspecified,2189,2026-08-05T17:45:20.1856301+09:00,2026-08-05T17:45:20.6856301+09:00,1129.412984,1129.912984,30,30,0.037453,0.044029,0.000000,0.000000,0.000000,0.000210,0
20260805_172630_772,1,Unspecified,2190,2026-08-05T17:45:20.6856301+09:00,2026-08-05T17:45:21.1856301+09:00,1129.912984,1130.412984,30,30,0.038110,0.044021,0.000000,0.000000,0.000000,0.000276,0
20260805_172630_772,1,Unspecified,2191,2026-08-05T17:45:21.1856301+09:00,2026-08-05T17:45:21.6856301+09:00,1130.412984,1130.912984,31,31,0.038346,0.044108,0.000000,0.000000,0.000000,0.000082,0
20260805_172630_772,1,Unspecified,2192,2026-08-05T17:45:21.6856301+09:00,2026-08-05T17:45:22.1856301+09:00,1130.912984,1131.412984,29,29,0.038206,0.043951,0.000000,0.000000,0.000000,0.000181,0
20260805_172630_772,1,Unspecified,2193,2026-08-05T17:45:22.1856301+09:00,2026-08-05T17:45:22.6856301+09:00,1131.412984,1131.912984,30,30,0.038717,0.044182,0.000000,0.000000,0.000000,0.000162,0
20260805_172630_772,1,Unspecified,2194,2026-08-05T17:45:22.6856301+09:00,2026-08-05T17:45:23.1856301+09:00,1131.912984,1132.412984,30,30,0.038575,0.044061,0.000000,0.000000,0.000000,0.000124,0
20260805_172630_772,1,Unspecified,2195,2026-08-05T17:45:23.1856301+09:00,2026-08-05T17:45:23.6856301+09:00,1132.412984,1132.912984,30,30,0.038385,0.044007,0.000000,0.000000,0.000000,0.000160,0
20260805_172630_772,1,Unspecified,2196,2026-08-05T17:45:23.6856301+09:00,2026-08-05T17:45:24.1856301+09:00,1132.912984,1133.412984,30,30,0.038365,0.044060,0.000000,0.000000,0.000000,0.000180,0
20260805_172630_772,1,Unspecified,2197,2026-08-05T17:45:24.1856301+09:00,2026-08-05T17:45:24.6856301+09:00,1133.412984,1133.912984,30,30,0.038553,0.044228,0.000000,0.000000,0.000000,0.000122,0
20260805_172630_772,1,Unspecified,2198,2026-08-05T17:45:24.6856301+09:00,2026-08-05T17:45:25.1856301+09:00,1133.912984,1134.412984,30,30,0.038421,0.044146,0.000000,0.000000,0.000000,0.000125,0
20260805_172630_772,1,Unspecified,2199,2026-08-05T17:45:25.1856301+09:00,2026-08-05T17:45:25.6856301+09:00,1134.412984,1134.912984,30,30,0.038454,0.044143,0.000000,0.000000,0.000000,0.000155,0
20260805_172630_772,1,Unspecified,2200,2026-08-05T17:45:25.6856301+09:00,2026-08-05T17:45:26.1856301+09:00,1134.912984,1135.412984,30,30,0.038341,0.044074,0.000000,0.000000,0.000000,0.000177,0
20260805_172630_772,1,Unspecified,2201,2026-08-05T17:45:26.1856301+09:00,2026-08-05T17:45:26.6856301+09:00,1135.412984,1135.912984,30,30,0.038502,0.044170,0.000000,0.000000,0.000000,0.000103,0
20260805_172630_772,1,Unspecified,2202,2026-08-05T17:45:26.6856301+09:00,2026-08-05T17:45:27.1856301+09:00,1135.912984,1136.412984,30,30,0.038612,0.044198,0.000000,0.000000,0.000000,0.000105,0
20260805_172630_772,1,Unspecified,2203,2026-08-05T17:45:27.1856301+09:00,2026-08-05T17:45:27.6856301+09:00,1136.412984,1136.912984,30,30,0.038762,0.044376,0.000000,0.000000,0.000000,0.000084,0
20260805_172630_772,1,Unspecified,2204,2026-08-05T17:45:27.6856301+09:00,2026-08-05T17:45:28.1856301+09:00,1136.912984,1137.412984,30,30,0.038909,0.044467,0.000000,0.000000,0.000000,0.000269,0
20260805_172630_772,1,Unspecified,2205,2026-08-05T17:45:28.1856301+09:00,2026-08-05T17:45:28.6856301+09:00,1137.412984,1137.912984,30,30,0.039311,0.044692,0.000000,0.000000,0.000000,0.000089,0
20260805_172630_772,1,Unspecified,2206,2026-08-05T17:45:28.6856301+09:00,2026-08-05T17:45:29.1856301+09:00,1137.912984,1138.412984,30,30,0.039221,0.044711,0.000000,0.000000,0.000000,0.000104,0
20260805_172630_772,1,Unspecified,2207,2026-08-05T17:45:29.1856301+09:00,2026-08-05T17:45:29.6856301+09:00,1138.412984,1138.912984,30,30,0.039011,0.044540,0.000000,0.000000,0.000000,0.000177,0
20260805_172630_772,1,Unspecified,2208,2026-08-05T17:45:29.6856301+09:00,2026-08-05T17:45:30.1856301+09:00,1138.912984,1139.412984,30,30,0.037918,0.044059,0.000000,0.000000,0.000000,0.000212,0
20260805_172630_772,1,Unspecified,2209,2026-08-05T17:45:30.1856301+09:00,2026-08-05T17:45:30.6856301+09:00,1139.412984,1139.912984,30,30,0.038080,0.044146,0.000000,0.000000,0.000000,0.000242,0
20260805_172630_772,1,Unspecified,2210,2026-08-05T17:45:30.6856301+09:00,2026-08-05T17:45:31.1856301+09:00,1139.912984,1140.412984,30,30,0.038540,0.044418,0.000000,0.000000,0.000000,0.000278,0
20260805_172630_772,1,Unspecified,2211,2026-08-05T17:45:31.1856301+09:00,2026-08-05T17:45:31.6856301+09:00,1140.412984,1140.912984,30,30,0.037766,0.043977,0.000000,0.000000,0.000000,0.000152,0
20260805_172630_772,1,Unspecified,2212,2026-08-05T17:45:31.6856301+09:00,2026-08-05T17:45:32.1856301+09:00,1140.912984,1141.412984,30,30,0.037427,0.043858,0.000000,0.000000,0.000000,0.000307,0
20260805_172630_772,1,Unspecified,2213,2026-08-05T17:45:32.1856301+09:00,2026-08-05T17:45:32.6856301+09:00,1141.412984,1141.912984,30,30,0.037355,0.043857,0.000000,0.000000,0.000000,0.000273,0
20260805_172630_772,1,Unspecified,2214,2026-08-05T17:45:32.6856301+09:00,2026-08-05T17:45:33.1856301+09:00,1141.912984,1142.412984,31,31,0.038074,0.044097,0.000000,0.000000,0.000000,0.000198,0
20260805_172630_772,1,Unspecified,2215,2026-08-05T17:45:33.1856301+09:00,2026-08-05T17:45:33.6856301+09:00,1142.412984,1142.912984,29,29,0.038015,0.044006,0.000000,0.000000,0.000000,0.000213,0
20260805_172630_772,1,Unspecified,2216,2026-08-05T17:45:33.6856301+09:00,2026-08-05T17:45:34.1856301+09:00,1142.912984,1143.412984,30,30,0.037603,0.043813,0.000000,0.000000,0.000000,0.000216,0
20260805_172630_772,1,Unspecified,2217,2026-08-05T17:45:34.1856301+09:00,2026-08-05T17:45:34.6856301+09:00,1143.412984,1143.912984,30,30,0.037710,0.044063,0.000000,0.000000,0.000000,0.000234,0
20260805_172630_772,1,Unspecified,2218,2026-08-05T17:45:34.6856301+09:00,2026-08-05T17:45:35.1856301+09:00,1143.912984,1144.412984,30,30,0.037892,0.044006,0.000000,0.000000,0.000000,0.000153,0
20260805_172630_772,1,Unspecified,2219,2026-08-05T17:45:35.1856301+09:00,2026-08-05T17:45:35.6856301+09:00,1144.412984,1144.912984,30,30,0.037906,0.044004,0.000000,0.000000,0.000000,0.000096,0
20260805_172630_772,1,Unspecified,2220,2026-08-05T17:45:35.6856301+09:00,2026-08-05T17:45:36.1856301+09:00,1144.912984,1145.412984,30,30,0.038108,0.044016,0.000000,0.000000,0.000000,0.000208,0
20260805_172630_772,1,Unspecified,2221,2026-08-05T17:45:36.1856301+09:00,2026-08-05T17:45:36.6856301+09:00,1145.412984,1145.912984,30,30,0.038457,0.044306,0.000000,0.000000,0.000000,0.000085,0
20260805_172630_772,1,Unspecified,2222,2026-08-05T17:45:36.6856301+09:00,2026-08-05T17:45:37.1856301+09:00,1145.912984,1146.412984,30,30,0.038675,0.044546,0.000000,0.000000,0.000000,0.000099,0
20260805_172630_772,1,Unspecified,2223,2026-08-05T17:45:37.1856301+09:00,2026-08-05T17:45:37.6856301+09:00,1146.412984,1146.912984,30,30,0.038530,0.044422,0.000000,0.000000,0.000000,0.000187,0
20260805_172630_772,1,Unspecified,2224,2026-08-05T17:45:37.6856301+09:00,2026-08-05T17:45:38.1856301+09:00,1146.912984,1147.412984,30,30,0.038706,0.044476,0.000000,0.000000,0.000000,0.000121,0
20260805_172630_772,1,Unspecified,2225,2026-08-05T17:45:38.1856301+09:00,2026-08-05T17:45:38.6856301+09:00,1147.412984,1147.912984,30,30,0.038965,0.044588,0.000000,0.000000,0.000000,0.000107,0
20260805_172630_772,1,Unspecified,2226,2026-08-05T17:45:38.6856301+09:00,2026-08-05T17:45:39.1856301+09:00,1147.912984,1148.412984,31,31,0.038892,0.044606,0.000000,0.000000,0.000000,0.000098,0
20260805_172630_772,1,Unspecified,2227,2026-08-05T17:45:39.1856301+09:00,2026-08-05T17:45:39.6856301+09:00,1148.412984,1148.912984,29,29,0.038730,0.044575,0.000000,0.000000,0.000000,0.000151,0
20260805_172630_772,1,Unspecified,2228,2026-08-05T17:45:39.6856301+09:00,2026-08-05T17:45:40.1856301+09:00,1148.912984,1149.412984,30,30,0.038925,0.044699,0.000000,0.000000,0.000000,0.000118,0
20260805_172630_772,1,Unspecified,2229,2026-08-05T17:45:40.1856301+09:00,2026-08-05T17:45:40.6856301+09:00,1149.412984,1149.912984,30,30,0.038957,0.044609,0.000000,0.000000,0.000000,0.000083,0
20260805_172630_772,1,Unspecified,2230,2026-08-05T17:45:40.6856301+09:00,2026-08-05T17:45:41.1856301+09:00,1149.912984,1150.412984,30,30,0.039015,0.044745,0.000000,0.000000,0.000000,0.000075,0
20260805_172630_772,1,Unspecified,2231,2026-08-05T17:45:41.1856301+09:00,2026-08-05T17:45:41.6856301+09:00,1150.412984,1150.912984,30,30,0.038997,0.044694,0.000000,0.000000,0.000000,0.000098,0
20260805_172630_772,1,Unspecified,2232,2026-08-05T17:45:41.6856301+09:00,2026-08-05T17:45:42.1856301+09:00,1150.912984,1151.412984,30,30,0.038935,0.044668,0.000000,0.000000,0.000000,0.000125,0
20260805_172630_772,1,Unspecified,2233,2026-08-05T17:45:42.1856301+09:00,2026-08-05T17:45:42.6856301+09:00,1151.412984,1151.912984,30,30,0.038909,0.044544,0.000000,0.000000,0.000000,0.000129,0
20260805_172630_772,1,Unspecified,2234,2026-08-05T17:45:42.6856301+09:00,2026-08-05T17:45:43.1856301+09:00,1151.912984,1152.412984,30,30,0.038997,0.044699,0.000000,0.000000,0.000000,0.000120,0
20260805_172630_772,1,Unspecified,2235,2026-08-05T17:45:43.1856301+09:00,2026-08-05T17:45:43.6856301+09:00,1152.412984,1152.912984,30,30,0.039075,0.044650,0.000000,0.000000,0.000000,0.000131,0
20260805_172630_772,1,Unspecified,2236,2026-08-05T17:45:43.6856301+09:00,2026-08-05T17:45:44.1856301+09:00,1152.912984,1153.412984,30,30,0.039090,0.044625,0.000000,0.000000,0.000000,0.000097,0
20260805_172630_772,1,Unspecified,2237,2026-08-05T17:45:44.1856301+09:00,2026-08-05T17:45:44.6856301+09:00,1153.412984,1153.912984,30,30,0.039132,0.044701,0.000000,0.000000,0.000000,0.000129,0
20260805_172630_772,1,Unspecified,2238,2026-08-05T17:45:44.6856301+09:00,2026-08-05T17:45:45.1856301+09:00,1153.912984,1154.412984,30,30,0.039456,0.044953,0.000000,0.000000,0.000000,0.000287,0
20260805_172630_772,1,Unspecified,2239,2026-08-05T17:45:45.1856301+09:00,2026-08-05T17:45:45.6856301+09:00,1154.412984,1154.912984,30,30,0.039560,0.045068,0.000000,0.000000,0.000000,0.000361,0
20260805_172630_772,1,Unspecified,2240,2026-08-05T17:45:45.6856301+09:00,2026-08-05T17:45:46.1856301+09:00,1154.912984,1155.412984,30,30,0.038395,0.044585,0.000000,0.000000,0.000000,0.000190,0
20260805_172630_772,1,Unspecified,2241,2026-08-05T17:45:46.1856301+09:00,2026-08-05T17:45:46.6856301+09:00,1155.412984,1155.912984,30,30,0.038415,0.044493,0.000000,0.000000,0.000000,0.000243,0
20260805_172630_772,1,Unspecified,2242,2026-08-05T17:45:46.6856301+09:00,2026-08-05T17:45:47.1856301+09:00,1155.912984,1156.412984,30,30,0.038911,0.044745,0.000000,0.000000,0.000000,0.000134,0
20260805_172630_772,1,Unspecified,2243,2026-08-05T17:45:47.1856301+09:00,2026-08-05T17:45:47.6856301+09:00,1156.412984,1156.912984,30,30,0.038940,0.044610,0.000000,0.000000,0.000000,0.000163,0
20260805_172630_772,1,Unspecified,2244,2026-08-05T17:45:47.6856301+09:00,2026-08-05T17:45:48.1856301+09:00,1156.912984,1157.412984,30,30,0.038142,0.044409,0.000000,0.000000,0.000000,0.000355,0
20260805_172630_772,1,Unspecified,2245,2026-08-05T17:45:48.1856301+09:00,2026-08-05T17:45:48.6856301+09:00,1157.412984,1157.912984,30,30,0.038274,0.044436,0.000000,0.000000,0.000000,0.000107,0
20260805_172630_772,1,Unspecified,2246,2026-08-05T17:45:48.6856301+09:00,2026-08-05T17:45:49.1856301+09:00,1157.912984,1158.412984,30,30,0.038926,0.044708,0.000000,0.000000,0.000000,0.000233,0
20260805_172630_772,1,Unspecified,2247,2026-08-05T17:45:49.1856301+09:00,2026-08-05T17:45:49.6856301+09:00,1158.412984,1158.912984,30,30,0.038802,0.044522,0.000000,0.000000,0.000000,0.000224,0
20260805_172630_772,1,Unspecified,2248,2026-08-05T17:45:49.6856301+09:00,2026-08-05T17:45:50.1856301+09:00,1158.912984,1159.412984,30,30,0.038957,0.044573,0.000000,0.000000,0.000000,0.000093,0
20260805_172630_772,1,Unspecified,2249,2026-08-05T17:45:50.1856301+09:00,2026-08-05T17:45:50.6856301+09:00,1159.412984,1159.912984,31,31,0.039196,0.044632,0.000000,0.000000,0.000000,0.000134,0
20260805_172630_772,1,Unspecified,2250,2026-08-05T17:45:50.6856301+09:00,2026-08-05T17:45:51.1856301+09:00,1159.912984,1160.412984,29,29,0.039356,0.044766,0.000000,0.000000,0.000000,0.000248,0
20260805_172630_772,1,Unspecified,2251,2026-08-05T17:45:51.1856301+09:00,2026-08-05T17:45:51.6856301+09:00,1160.412984,1160.912984,30,30,0.039330,0.044755,0.000000,0.000000,0.000000,0.000182,0
20260805_172630_772,1,Unspecified,2252,2026-08-05T17:45:51.6856301+09:00,2026-08-05T17:45:52.1856301+09:00,1160.912984,1161.412984,30,30,0.039095,0.044689,0.000000,0.000000,0.000000,0.000161,0
20260805_172630_772,1,Unspecified,2253,2026-08-05T17:45:52.1856301+09:00,2026-08-05T17:45:52.6856301+09:00,1161.412984,1161.912984,30,30,0.039007,0.044697,0.000000,0.000000,0.000000,0.000132,0
20260805_172630_772,1,Unspecified,2254,2026-08-05T17:45:52.6856301+09:00,2026-08-05T17:45:53.1856301+09:00,1161.912984,1162.412984,30,30,0.039245,0.044804,0.000000,0.000000,0.000000,0.000107,0
20260805_172630_772,1,Unspecified,2255,2026-08-05T17:45:53.1856301+09:00,2026-08-05T17:45:53.6856301+09:00,1162.412984,1162.912984,30,30,0.039325,0.044767,0.000000,0.000000,0.000000,0.000068,0
20260805_172630_772,1,Unspecified,2256,2026-08-05T17:45:53.6856301+09:00,2026-08-05T17:45:54.1856301+09:00,1162.912984,1163.412984,30,30,0.039380,0.044852,0.000000,0.000000,0.000000,0.000128,0
20260805_172630_772,1,Unspecified,2257,2026-08-05T17:45:54.1856301+09:00,2026-08-05T17:45:54.6856301+09:00,1163.412984,1163.912984,30,30,0.039504,0.045057,0.000000,0.000000,0.000000,0.000205,0
20260805_172630_772,1,Unspecified,2258,2026-08-05T17:45:54.6856301+09:00,2026-08-05T17:45:55.1856301+09:00,1163.912984,1164.412984,30,30,0.039973,0.045302,0.000000,0.000000,0.000000,0.000113,0
20260805_172630_772,1,Unspecified,2259,2026-08-05T17:45:55.1856301+09:00,2026-08-05T17:45:55.6856301+09:00,1164.412984,1164.912984,30,30,0.039665,0.045083,0.000000,0.000000,0.000000,0.000175,0
20260805_172630_772,1,Unspecified,2260,2026-08-05T17:45:55.6856301+09:00,2026-08-05T17:45:56.1856301+09:00,1164.912984,1165.412984,30,30,0.038903,0.044776,0.000000,0.000000,0.000000,0.000177,0
20260805_172630_772,1,Unspecified,2261,2026-08-05T17:45:56.1856301+09:00,2026-08-05T17:45:56.6856301+09:00,1165.412984,1165.912984,31,31,0.039125,0.044876,0.000000,0.000000,0.000000,0.000297,0
20260805_172630_772,1,Unspecified,2262,2026-08-05T17:45:56.6856301+09:00,2026-08-05T17:45:57.1856301+09:00,1165.912984,1166.412984,29,29,0.039323,0.045024,0.000000,0.000000,0.000000,0.000581,0
20260805_172630_772,1,Unspecified,2263,2026-08-05T17:45:57.1856301+09:00,2026-08-05T17:45:57.6856301+09:00,1166.412984,1166.912984,30,30,0.039337,0.045103,0.000000,0.000000,0.000000,0.000314,0
20260805_172630_772,1,Unspecified,2264,2026-08-05T17:45:57.6856301+09:00,2026-08-05T17:45:58.1856301+09:00,1166.912984,1167.412984,30,30,0.038967,0.044928,0.000000,0.000000,0.000000,0.000142,0
20260805_172630_772,1,Unspecified,2265,2026-08-05T17:45:58.1856301+09:00,2026-08-05T17:45:58.6856301+09:00,1167.412984,1167.912984,30,30,0.038765,0.044992,0.000000,0.000000,0.000000,0.000160,0
20260805_172630_772,1,Unspecified,2266,2026-08-05T17:45:58.6856301+09:00,2026-08-05T17:45:59.1856301+09:00,1167.912984,1168.412984,30,30,0.038764,0.044941,0.000000,0.000000,0.000000,0.000125,0
20260805_172630_772,1,Unspecified,2267,2026-08-05T17:45:59.1856301+09:00,2026-08-05T17:45:59.6856301+09:00,1168.412984,1168.912984,30,30,0.038713,0.045004,0.000000,0.000000,0.000000,0.000081,0
20260805_172630_772,1,Unspecified,2268,2026-08-05T17:45:59.6856301+09:00,2026-08-05T17:46:00.1856301+09:00,1168.912984,1169.412984,30,30,0.038754,0.045129,0.000000,0.000000,0.000000,0.000129,0
20260805_172630_772,1,Unspecified,2269,2026-08-05T17:46:00.1856301+09:00,2026-08-05T17:46:00.6856301+09:00,1169.412984,1169.912984,30,30,0.038643,0.045087,0.000000,0.000000,0.000000,0.000101,0
20260805_172630_772,1,Unspecified,2270,2026-08-05T17:46:00.6856301+09:00,2026-08-05T17:46:01.1856301+09:00,1169.912984,1170.412984,30,30,0.038596,0.045041,0.000000,0.000000,0.000000,0.000101,0
20260805_172630_772,1,Unspecified,2271,2026-08-05T17:46:01.1856301+09:00,2026-08-05T17:46:01.6856301+09:00,1170.412984,1170.912984,30,30,0.038723,0.045090,0.000000,0.000000,0.000000,0.000075,0
20260805_172630_772,1,Unspecified,2272,2026-08-05T17:46:01.6856301+09:00,2026-08-05T17:46:02.1856301+09:00,1170.912984,1171.412984,30,30,0.038643,0.045067,0.000000,0.000000,0.000000,0.000184,0
20260805_172630_772,1,Unspecified,2273,2026-08-05T17:46:02.1856301+09:00,2026-08-05T17:46:02.6856301+09:00,1171.412984,1171.912984,30,30,0.038820,0.045145,0.000000,0.000000,0.000000,0.000128,0
20260805_172630_772,1,Unspecified,2274,2026-08-05T17:46:02.6856301+09:00,2026-08-05T17:46:03.1856301+09:00,1171.912984,1172.412984,30,30,0.039132,0.045236,0.000000,0.000000,0.000000,0.000135,0
20260805_172630_772,1,Unspecified,2275,2026-08-05T17:46:03.1856301+09:00,2026-08-05T17:46:03.6856301+09:00,1172.412984,1172.912984,30,30,0.038852,0.045002,0.000000,0.000000,0.000000,0.000153,0
20260805_172630_772,1,Unspecified,2276,2026-08-05T17:46:03.6856301+09:00,2026-08-05T17:46:04.1856301+09:00,1172.912984,1173.412984,30,30,0.038133,0.044659,0.000000,0.000000,0.000000,0.000296,0
20260805_172630_772,1,Unspecified,2277,2026-08-05T17:46:04.1856301+09:00,2026-08-05T17:46:04.6856301+09:00,1173.412984,1173.912984,30,30,0.038120,0.044523,0.000000,0.000000,0.000000,0.000155,0
20260805_172630_772,1,Unspecified,2278,2026-08-05T17:46:04.6856301+09:00,2026-08-05T17:46:05.1856301+09:00,1173.912984,1174.412984,30,30,0.038255,0.044574,0.000000,0.000000,0.000000,0.000095,0
20260805_172630_772,1,Unspecified,2279,2026-08-05T17:46:05.1856301+09:00,2026-08-05T17:46:05.6856301+09:00,1174.412984,1174.912984,30,30,0.038311,0.044607,0.000000,0.000000,0.000000,0.000249,0
20260805_172630_772,1,Unspecified,2280,2026-08-05T17:46:05.6856301+09:00,2026-08-05T17:46:06.1856301+09:00,1174.912984,1175.412984,30,30,0.038578,0.044723,0.000000,0.000000,0.000000,0.000097,0
20260805_172630_772,1,Unspecified,2281,2026-08-05T17:46:06.1856301+09:00,2026-08-05T17:46:06.6856301+09:00,1175.412984,1175.912984,30,30,0.038655,0.044705,0.000000,0.000000,0.000000,0.000059,0
20260805_172630_772,1,Unspecified,2282,2026-08-05T17:46:06.6856301+09:00,2026-08-05T17:46:07.1856301+09:00,1175.912984,1176.412984,30,30,0.038684,0.044685,0.000000,0.000000,0.000000,0.000071,0
20260805_172630_772,1,Unspecified,2283,2026-08-05T17:46:07.1856301+09:00,2026-08-05T17:46:07.6856301+09:00,1176.412984,1176.912984,30,30,0.038721,0.044720,0.000000,0.000000,0.000000,0.000050,0
20260805_172630_772,1,Unspecified,2284,2026-08-05T17:46:07.6856301+09:00,2026-08-05T17:46:08.1856301+09:00,1176.912984,1177.412984,31,31,0.038429,0.044670,0.000000,0.000000,0.000000,0.000157,0
20260805_172630_772,1,Unspecified,2285,2026-08-05T17:46:08.1856301+09:00,2026-08-05T17:46:08.6856301+09:00,1177.412984,1177.912984,29,29,0.038402,0.044569,0.000000,0.000000,0.000000,0.000104,0
20260805_172630_772,1,Unspecified,2286,2026-08-05T17:46:08.6856301+09:00,2026-08-05T17:46:09.1856301+09:00,1177.912984,1178.412984,30,30,0.038607,0.044585,0.000000,0.000000,0.000000,0.000069,0
20260805_172630_772,1,Unspecified,2287,2026-08-05T17:46:09.1856301+09:00,2026-08-05T17:46:09.6856301+09:00,1178.412984,1178.912984,30,30,0.038727,0.044590,0.000000,0.000000,0.000000,0.000107,0
20260805_172630_772,1,Unspecified,2288,2026-08-05T17:46:09.6856301+09:00,2026-08-05T17:46:10.1856301+09:00,1178.912984,1179.412984,30,30,0.038675,0.044565,0.000000,0.000000,0.000000,0.000068,0
20260805_172630_772,1,Unspecified,2289,2026-08-05T17:46:10.1856301+09:00,2026-08-05T17:46:10.6856301+09:00,1179.412984,1179.912984,30,30,0.038568,0.044537,0.000000,0.000000,0.000000,0.000160,0
20260805_172630_772,1,Unspecified,2290,2026-08-05T17:46:10.6856301+09:00,2026-08-05T17:46:11.1856301+09:00,1179.912984,1180.412984,30,30,0.038687,0.044544,0.000000,0.000000,0.000000,0.000130,0
20260805_172630_772,1,Unspecified,2291,2026-08-05T17:46:11.1856301+09:00,2026-08-05T17:46:11.6856301+09:00,1180.412984,1180.912984,30,30,0.038491,0.044481,0.000000,0.000000,0.000000,0.000094,0
20260805_172630_772,1,Unspecified,2292,2026-08-05T17:46:11.6856301+09:00,2026-08-05T17:46:12.1856301+09:00,1180.912984,1181.412984,30,30,0.038574,0.044607,0.000000,0.000000,0.000000,0.000080,0
20260805_172630_772,1,Unspecified,2293,2026-08-05T17:46:12.1856301+09:00,2026-08-05T17:46:12.6856301+09:00,1181.412984,1181.912984,30,30,0.038830,0.044640,0.000000,0.000000,0.000000,0.000199,0
20260805_172630_772,1,Unspecified,2294,2026-08-05T17:46:12.6856301+09:00,2026-08-05T17:46:13.1856301+09:00,1181.912984,1182.412984,30,30,0.038966,0.044771,0.000000,0.000000,0.000000,0.000129,0
20260805_172630_772,1,Unspecified,2295,2026-08-05T17:46:13.1856301+09:00,2026-08-05T17:46:13.6856301+09:00,1182.412984,1182.912984,31,31,0.038727,0.044663,0.000000,0.000000,0.000000,0.000109,0
20260805_172630_772,1,Unspecified,2296,2026-08-05T17:46:13.6856301+09:00,2026-08-05T17:46:14.1856301+09:00,1182.912984,1183.412984,30,30,0.038675,0.044706,0.000000,0.000000,0.000000,0.000149,0
20260805_172630_772,1,Unspecified,2297,2026-08-05T17:46:14.1856301+09:00,2026-08-05T17:46:14.6856301+09:00,1183.412984,1183.912984,29,29,0.038883,0.044724,0.000000,0.000000,0.000000,0.000118,0
20260805_172630_772,1,Unspecified,2298,2026-08-05T17:46:14.6856301+09:00,2026-08-05T17:46:15.1856301+09:00,1183.912984,1184.412984,30,30,0.038889,0.044715,0.000000,0.000000,0.000000,0.000088,0
20260805_172630_772,1,Unspecified,2299,2026-08-05T17:46:15.1856301+09:00,2026-08-05T17:46:15.6856301+09:00,1184.412984,1184.912984,30,30,0.038840,0.044745,0.000000,0.000000,0.000000,0.000109,0
20260805_172630_772,1,Unspecified,2300,2026-08-05T17:46:15.6856301+09:00,2026-08-05T17:46:16.1856301+09:00,1184.912984,1185.412984,30,30,0.038945,0.044864,0.000000,0.000000,0.000000,0.000130,0
20260805_172630_772,1,Unspecified,2301,2026-08-05T17:46:16.1856301+09:00,2026-08-05T17:46:16.6856301+09:00,1185.412984,1185.912984,30,30,0.039024,0.044819,0.000000,0.000000,0.000000,0.000200,0
20260805_172630_772,1,Unspecified,2302,2026-08-05T17:46:16.6856301+09:00,2026-08-05T17:46:17.1856301+09:00,1185.912984,1186.412984,30,30,0.039147,0.044891,0.000000,0.000000,0.000000,0.000208,0
20260805_172630_772,1,Unspecified,2303,2026-08-05T17:46:17.1856301+09:00,2026-08-05T17:46:17.6856301+09:00,1186.412984,1186.912984,30,30,0.038908,0.044862,0.000000,0.000000,0.000000,0.000146,0
20260805_172630_772,1,Unspecified,2304,2026-08-05T17:46:17.6856301+09:00,2026-08-05T17:46:18.1856301+09:00,1186.912984,1187.412984,30,30,0.038744,0.044977,0.000000,0.000000,0.000000,0.000150,0
20260805_172630_772,1,Unspecified,2305,2026-08-05T17:46:18.1856301+09:00,2026-08-05T17:46:18.6856301+09:00,1187.412984,1187.912984,30,30,0.039163,0.045174,0.000000,0.000000,0.000000,0.000097,0
20260805_172630_772,1,Unspecified,2306,2026-08-05T17:46:18.6856301+09:00,2026-08-05T17:46:19.1856301+09:00,1187.912984,1188.412984,30,30,0.039090,0.045178,0.000000,0.000000,0.000000,0.000114,0
20260805_172630_772,1,Unspecified,2307,2026-08-05T17:46:19.1856301+09:00,2026-08-05T17:46:19.6856301+09:00,1188.412984,1188.912984,30,30,0.038737,0.044961,0.000000,0.000000,0.000000,0.000174,0
20260805_172630_772,1,Unspecified,2308,2026-08-05T17:46:19.6856301+09:00,2026-08-05T17:46:20.1856301+09:00,1188.912984,1189.412984,30,30,0.038233,0.044699,0.000000,0.000000,0.000000,0.000196,0
20260805_172630_772,1,Unspecified,2309,2026-08-05T17:46:20.1856301+09:00,2026-08-05T17:46:20.6856301+09:00,1189.412984,1189.912984,30,30,0.038219,0.044565,0.000000,0.000000,0.000000,0.000299,0
20260805_172630_772,1,Unspecified,2310,2026-08-05T17:46:20.6856301+09:00,2026-08-05T17:46:21.1856301+09:00,1189.912984,1190.412984,30,30,0.038543,0.044746,0.000000,0.000000,0.000000,0.000163,0
20260805_172630_772,1,Unspecified,2311,2026-08-05T17:46:21.1856301+09:00,2026-08-05T17:46:21.6856301+09:00,1190.412984,1190.912984,30,30,0.038505,0.044747,0.000000,0.000000,0.000000,0.000101,0
20260805_172630_772,1,Unspecified,2312,2026-08-05T17:46:21.6856301+09:00,2026-08-05T17:46:22.1856301+09:00,1190.912984,1191.412984,30,30,0.038609,0.044908,0.000000,0.000000,0.000000,0.000160,0
20260805_172630_772,1,Unspecified,2313,2026-08-05T17:46:22.1856301+09:00,2026-08-05T17:46:22.6856301+09:00,1191.412984,1191.912984,30,30,0.038963,0.045006,0.000000,0.000000,0.000000,0.000208,0
20260805_172630_772,1,Unspecified,2314,2026-08-05T17:46:22.6856301+09:00,2026-08-05T17:46:23.1856301+09:00,1191.912984,1192.412984,30,30,0.039165,0.045110,0.000000,0.000000,0.000000,0.000154,0
20260805_172630_772,1,Unspecified,2315,2026-08-05T17:46:23.1856301+09:00,2026-08-05T17:46:23.6856301+09:00,1192.412984,1192.912984,30,30,0.039073,0.045101,0.000000,0.000000,0.000000,0.000101,0
20260805_172630_772,1,Unspecified,2316,2026-08-05T17:46:23.6856301+09:00,2026-08-05T17:46:24.1856301+09:00,1192.912984,1193.412984,30,30,0.038682,0.044903,0.000000,0.000000,0.000000,0.000109,0
20260805_172630_772,1,Unspecified,2317,2026-08-05T17:46:24.1856301+09:00,2026-08-05T17:46:24.6856301+09:00,1193.412984,1193.912984,30,30,0.038781,0.044876,0.000000,0.000000,0.000000,0.000093,0
20260805_172630_772,1,Unspecified,2318,2026-08-05T17:46:24.6856301+09:00,2026-08-05T17:46:25.1856301+09:00,1193.912984,1194.412984,30,30,0.038929,0.044897,0.000000,0.000000,0.000000,0.000139,0
20260805_172630_772,1,Unspecified,2319,2026-08-05T17:46:25.1856301+09:00,2026-08-05T17:46:25.6856301+09:00,1194.412984,1194.912984,31,31,0.038933,0.044955,0.000000,0.000000,0.000000,0.000099,0
20260805_172630_772,1,Unspecified,2320,2026-08-05T17:46:25.6856301+09:00,2026-08-05T17:46:26.1856301+09:00,1194.912984,1195.412984,29,29,0.038945,0.044960,0.000000,0.000000,0.000000,0.000135,0
20260805_172630_772,1,Unspecified,2321,2026-08-05T17:46:26.1856301+09:00,2026-08-05T17:46:26.6856301+09:00,1195.412984,1195.912984,30,30,0.039254,0.045029,0.000000,0.000000,0.000000,0.000082,0
20260805_172630_772,1,Unspecified,2322,2026-08-05T17:46:26.6856301+09:00,2026-08-05T17:46:27.1856301+09:00,1195.912984,1196.412984,30,30,0.039346,0.045067,0.000000,0.000000,0.000000,0.000122,0
20260805_172630_772,1,Unspecified,2323,2026-08-05T17:46:27.1856301+09:00,2026-08-05T17:46:27.6856301+09:00,1196.412984,1196.912984,30,30,0.039345,0.045028,0.000000,0.000000,0.000000,0.000096,0
20260805_172630_772,1,Unspecified,2324,2026-08-05T17:46:27.6856301+09:00,2026-08-05T17:46:28.1856301+09:00,1196.912984,1197.412984,30,30,0.038768,0.044804,0.000000,0.000000,0.000000,0.000265,0
20260805_172630_772,1,Unspecified,2325,2026-08-05T17:46:28.1856301+09:00,2026-08-05T17:46:28.6856301+09:00,1197.412984,1197.912984,30,30,0.038695,0.044785,0.000000,0.000000,0.000000,0.000121,0
20260805_172630_772,1,Unspecified,2326,2026-08-05T17:46:28.6856301+09:00,2026-08-05T17:46:29.1856301+09:00,1197.912984,1198.412984,30,30,0.038813,0.044847,0.000000,0.000000,0.000000,0.000083,0
20260805_172630_772,1,Unspecified,2327,2026-08-05T17:46:29.1856301+09:00,2026-08-05T17:46:29.6856301+09:00,1198.412984,1198.912984,30,30,0.038936,0.044888,0.000000,0.000000,0.000000,0.000101,0
20260805_172630_772,1,Unspecified,2328,2026-08-05T17:46:29.6856301+09:00,2026-08-05T17:46:30.1856301+09:00,1198.912984,1199.412984,30,30,0.038850,0.044876,0.000000,0.000000,0.000000,0.000192,0
20260805_172630_772,1,Unspecified,2329,2026-08-05T17:46:30.1856301+09:00,2026-08-05T17:46:30.6856301+09:00,1199.412984,1199.912984,31,31,0.039125,0.044960,0.000000,0.000000,0.000000,0.000210,0
20260805_172630_772,1,Unspecified,2330,2026-08-05T17:46:30.6856301+09:00,2026-08-05T17:46:31.1856301+09:00,1199.912984,1200.412984,29,29,0.039369,0.045118,0.000000,0.000000,0.000000,0.000133,0
20260805_172630_772,1,Unspecified,2331,2026-08-05T17:46:31.1856301+09:00,2026-08-05T17:46:31.6856301+09:00,1200.412984,1200.912984,31,31,0.038862,0.044845,0.000000,0.000000,0.000000,0.000267,0
20260805_172630_772,1,Unspecified,2332,2026-08-05T17:46:31.6856301+09:00,2026-08-05T17:46:32.1856301+09:00,1200.912984,1201.412984,29,29,0.038637,0.044790,0.000000,0.000000,0.000000,0.000072,0
20260805_172630_772,1,Unspecified,2333,2026-08-05T17:46:32.1856301+09:00,2026-08-05T17:46:32.6856301+09:00,1201.412984,1201.912984,30,30,0.038693,0.044763,0.000000,0.000000,0.000000,0.000113,0
20260805_172630_772,1,Unspecified,2334,2026-08-05T17:46:32.6856301+09:00,2026-08-05T17:46:33.1856301+09:00,1201.912984,1202.412984,30,30,0.038803,0.044779,0.000000,0.000000,0.000000,0.000154,0
20260805_172630_772,1,Unspecified,2335,2026-08-05T17:46:33.1856301+09:00,2026-08-05T17:46:33.6856301+09:00,1202.412984,1202.912984,30,30,0.038966,0.044803,0.000000,0.000000,0.000000,0.000117,0
20260805_172630_772,1,Unspecified,2336,2026-08-05T17:46:33.6856301+09:00,2026-08-05T17:46:34.1856301+09:00,1202.912984,1203.412984,30,30,0.039194,0.045008,0.000000,0.000000,0.000000,0.000212,0
20260805_172630_772,1,Unspecified,2337,2026-08-05T17:46:34.1856301+09:00,2026-08-05T17:46:34.6856301+09:00,1203.412984,1203.912984,30,30,0.039142,0.045068,0.000000,0.000000,0.000000,0.000092,0
20260805_172630_772,1,Unspecified,2338,2026-08-05T17:46:34.6856301+09:00,2026-08-05T17:46:35.1856301+09:00,1203.912984,1204.412984,30,30,0.039160,0.045052,0.000000,0.000000,0.000000,0.000110,0
20260805_172630_772,1,Unspecified,2339,2026-08-05T17:46:35.1856301+09:00,2026-08-05T17:46:35.6856301+09:00,1204.412984,1204.912984,30,30,0.039070,0.044973,0.000000,0.000000,0.000000,0.000114,0
20260805_172630_772,1,Unspecified,2340,2026-08-05T17:46:35.6856301+09:00,2026-08-05T17:46:36.1856301+09:00,1204.912984,1205.412984,30,30,0.038887,0.044919,0.000000,0.000000,0.000000,0.000095,0
20260805_172630_772,1,Unspecified,2341,2026-08-05T17:46:36.1856301+09:00,2026-08-05T17:46:36.6856301+09:00,1205.412984,1205.912984,30,30,0.039065,0.044975,0.000000,0.000000,0.000000,0.000107,0
20260805_172630_772,1,Unspecified,2342,2026-08-05T17:46:36.6856301+09:00,2026-08-05T17:46:37.1856301+09:00,1205.912984,1206.412984,31,31,0.039218,0.045034,0.000000,0.000000,0.000000,0.000130,0
20260805_172630_772,1,Unspecified,2343,2026-08-05T17:46:37.1856301+09:00,2026-08-05T17:46:37.6856301+09:00,1206.412984,1206.912984,30,30,0.039113,0.045034,0.000000,0.000000,0.000000,0.000122,0
20260805_172630_772,1,Unspecified,2344,2026-08-05T17:46:37.6856301+09:00,2026-08-05T17:46:38.1856301+09:00,1206.912984,1207.412984,29,29,0.039524,0.045265,0.000000,0.000000,0.000000,0.000185,0
20260805_172630_772,1,Unspecified,2345,2026-08-05T17:46:38.1856301+09:00,2026-08-05T17:46:38.6856301+09:00,1207.412984,1207.912984,30,30,0.039579,0.045319,0.000000,0.000000,0.000000,0.000064,0
20260805_172630_772,1,Unspecified,2346,2026-08-05T17:46:38.6856301+09:00,2026-08-05T17:46:39.1856301+09:00,1207.912984,1208.412984,30,30,0.039582,0.045356,0.000000,0.000000,0.000000,0.000170,0
20260805_172630_772,1,Unspecified,2347,2026-08-05T17:46:39.1856301+09:00,2026-08-05T17:46:39.6856301+09:00,1208.412984,1208.912984,30,30,0.039378,0.045170,0.000000,0.000000,0.000000,0.000161,0
20260805_172630_772,1,Unspecified,2348,2026-08-05T17:46:39.6856301+09:00,2026-08-05T17:46:40.1856301+09:00,1208.912984,1209.412984,30,30,0.039497,0.045353,0.000000,0.000000,0.000000,0.000087,0
20260805_172630_772,1,Unspecified,2349,2026-08-05T17:46:40.1856301+09:00,2026-08-05T17:46:40.6856301+09:00,1209.412984,1209.912984,30,30,0.039538,0.045364,0.000000,0.000000,0.000000,0.000137,0
20260805_172630_772,1,Unspecified,2350,2026-08-05T17:46:40.6856301+09:00,2026-08-05T17:46:41.1856301+09:00,1209.912984,1210.412984,30,30,0.039602,0.045357,0.000000,0.000000,0.000000,0.000113,0
20260805_172630_772,1,Unspecified,2351,2026-08-05T17:46:41.1856301+09:00,2026-08-05T17:46:41.6856301+09:00,1210.412984,1210.912984,30,30,0.039398,0.045260,0.000000,0.000000,0.000000,0.000126,0
20260805_172630_772,1,Unspecified,2352,2026-08-05T17:46:41.6856301+09:00,2026-08-05T17:46:42.1856301+09:00,1210.912984,1211.412984,30,30,0.039462,0.045238,0.000000,0.000000,0.000000,0.000120,0
20260805_172630_772,1,Unspecified,2353,2026-08-05T17:46:42.1856301+09:00,2026-08-05T17:46:42.6856301+09:00,1211.412984,1211.912984,30,30,0.039717,0.045441,0.000000,0.000000,0.000000,0.000172,0
20260805_172630_772,1,Unspecified,2354,2026-08-05T17:46:42.6856301+09:00,2026-08-05T17:46:43.1856301+09:00,1211.912984,1212.412984,31,31,0.039724,0.045456,0.000000,0.000000,0.000000,0.000201,0
20260805_172630_772,1,Unspecified,2355,2026-08-05T17:46:43.1856301+09:00,2026-08-05T17:46:43.6856301+09:00,1212.412984,1212.912984,29,29,0.039524,0.045348,0.000000,0.000000,0.000000,0.000089,0
20260805_172630_772,1,Unspecified,2356,2026-08-05T17:46:43.6856301+09:00,2026-08-05T17:46:44.1856301+09:00,1212.912984,1213.412984,31,31,0.039414,0.045217,0.000000,0.000000,0.000000,0.000136,0
20260805_172630_772,1,Unspecified,2357,2026-08-05T17:46:44.1856301+09:00,2026-08-05T17:46:44.6856301+09:00,1213.412984,1213.912984,30,30,0.039299,0.045147,0.000000,0.000000,0.000000,0.000052,0
20260805_172630_772,1,Unspecified,2358,2026-08-05T17:46:44.6856301+09:00,2026-08-05T17:46:45.1856301+09:00,1213.912984,1214.412984,30,30,0.039278,0.045170,0.000000,0.000000,0.000000,0.000000,0
20260805_172630_772,1,Unspecified,2359,2026-08-05T17:46:45.1856301+09:00,2026-08-05T17:46:45.6856301+09:00,1214.412984,1214.912984,29,29,0.039292,0.045140,0.000000,0.000000,0.000000,0.000163,0
20260805_172630_772,1,Unspecified,2360,2026-08-05T17:46:45.6856301+09:00,2026-08-05T17:46:46.1856301+09:00,1214.912984,1215.412984,30,30,0.038700,0.045044,0.000000,0.000000,0.000000,0.000362,0
20260805_172630_772,1,Unspecified,2361,2026-08-05T17:46:46.1856301+09:00,2026-08-05T17:46:46.6856301+09:00,1215.412984,1215.912984,30,30,0.038201,0.045020,0.000000,0.000000,0.000000,0.000296,0
20260805_172630_772,1,Unspecified,2362,2026-08-05T17:46:46.6856301+09:00,2026-08-05T17:46:47.1856301+09:00,1215.912984,1216.412984,30,30,0.038915,0.045280,0.000000,0.000000,0.000000,0.000115,0
20260805_172630_772,1,Unspecified,2363,2026-08-05T17:46:47.1856301+09:00,2026-08-05T17:46:47.6856301+09:00,1216.412984,1216.912984,30,30,0.038937,0.045238,0.000000,0.000000,0.000000,0.000189,0
20260805_172630_772,1,Unspecified,2364,2026-08-05T17:46:47.6856301+09:00,2026-08-05T17:46:48.1856301+09:00,1216.912984,1217.412984,30,30,0.039368,0.045267,0.000000,0.000000,0.000000,0.000243,0
20260805_172630_772,1,Unspecified,2365,2026-08-05T17:46:48.1856301+09:00,2026-08-05T17:46:48.6856301+09:00,1217.412984,1217.912984,30,30,0.039762,0.045628,0.000000,0.000000,0.000000,0.000200,0
20260805_172630_772,1,Unspecified,2366,2026-08-05T17:46:48.6856301+09:00,2026-08-05T17:46:49.1856301+09:00,1217.912984,1218.412984,31,31,0.039468,0.045564,0.000000,0.000000,0.000000,0.000261,0
20260805_172630_772,1,Unspecified,2367,2026-08-05T17:46:49.1856301+09:00,2026-08-05T17:46:49.6856301+09:00,1218.412984,1218.912984,29,29,0.039541,0.045549,0.000000,0.000000,0.000000,0.000185,0
20260805_172630_772,1,Unspecified,2368,2026-08-05T17:46:49.6856301+09:00,2026-08-05T17:46:50.1856301+09:00,1218.912984,1219.412984,30,30,0.038911,0.045196,0.000000,0.000000,0.000000,0.000243,0
20260805_172630_772,1,Unspecified,2369,2026-08-05T17:46:50.1856301+09:00,2026-08-05T17:46:50.6856301+09:00,1219.412984,1219.912984,30,30,0.038829,0.045414,0.000000,0.000000,0.000000,0.000155,0
20260805_172630_772,1,Unspecified,2370,2026-08-05T17:46:50.6856301+09:00,2026-08-05T17:46:51.1856301+09:00,1219.912984,1220.412984,30,30,0.039360,0.045646,0.000000,0.000000,0.000000,0.000185,0
20260805_172630_772,1,Unspecified,2371,2026-08-05T17:46:51.1856301+09:00,2026-08-05T17:46:51.6856301+09:00,1220.412984,1220.912984,30,30,0.039371,0.045565,0.000000,0.000000,0.000000,0.000147,0
20260805_172630_772,1,Unspecified,2372,2026-08-05T17:46:51.6856301+09:00,2026-08-05T17:46:52.1856301+09:00,1220.912984,1221.412984,30,30,0.038876,0.045349,0.000000,0.000000,0.000000,0.000146,0
20260805_172630_772,1,Unspecified,2373,2026-08-05T17:46:52.1856301+09:00,2026-08-05T17:46:52.6856301+09:00,1221.412984,1221.912984,30,30,0.039396,0.045728,0.000000,0.000000,0.000000,0.000159,0
20260805_172630_772,1,Unspecified,2374,2026-08-05T17:46:52.6856301+09:00,2026-08-05T17:46:53.1856301+09:00,1221.912984,1222.412984,30,30,0.039331,0.045693,0.000000,0.000000,0.000000,0.000139,0
20260805_172630_772,1,Unspecified,2375,2026-08-05T17:46:53.1856301+09:00,2026-08-05T17:46:53.6856301+09:00,1222.412984,1222.912984,30,30,0.039179,0.045335,0.000000,0.000000,0.000000,0.000089,0
20260805_172630_772,1,Unspecified,2376,2026-08-05T17:46:53.6856301+09:00,2026-08-05T17:46:54.1856301+09:00,1222.912984,1223.412984,30,30,0.039407,0.045322,0.000000,0.000000,0.000000,0.000093,0
20260805_172630_772,1,Unspecified,2377,2026-08-05T17:46:54.1856301+09:00,2026-08-05T17:46:54.6856301+09:00,1223.412984,1223.912984,30,30,0.039391,0.045333,0.000000,0.000000,0.000000,0.000110,0
20260805_172630_772,1,Unspecified,2378,2026-08-05T17:46:54.6856301+09:00,2026-08-05T17:46:55.1856301+09:00,1223.912984,1224.412984,31,31,0.039829,0.045547,0.000000,0.000000,0.000000,0.000190,0
20260805_172630_772,1,Unspecified,2379,2026-08-05T17:46:55.1856301+09:00,2026-08-05T17:46:55.6856301+09:00,1224.412984,1224.912984,29,29,0.039777,0.045644,0.000000,0.000000,0.000000,0.000086,0
20260805_172630_772,1,Unspecified,2380,2026-08-05T17:46:55.6856301+09:00,2026-08-05T17:46:56.1856301+09:00,1224.912984,1225.412984,30,30,0.039763,0.045668,0.000000,0.000000,0.000000,0.000073,0
20260805_172630_772,1,Unspecified,2381,2026-08-05T17:46:56.1856301+09:00,2026-08-05T17:46:56.6856301+09:00,1225.412984,1225.912984,30,30,0.039831,0.045598,0.000000,0.000000,0.000000,0.000109,0
20260805_172630_772,1,Unspecified,2382,2026-08-05T17:46:56.6856301+09:00,2026-08-05T17:46:57.1856301+09:00,1225.912984,1226.412984,30,30,0.040000,0.045601,0.000000,0.000000,0.000000,0.000105,0
20260805_172630_772,1,Unspecified,2383,2026-08-05T17:46:57.1856301+09:00,2026-08-05T17:46:57.6856301+09:00,1226.412984,1226.912984,30,30,0.039908,0.045613,0.000000,0.000000,0.000000,0.000166,0
20260805_172630_772,1,Unspecified,2384,2026-08-05T17:46:57.6856301+09:00,2026-08-05T17:46:58.1856301+09:00,1226.912984,1227.412984,30,30,0.039752,0.045632,0.000000,0.000000,0.000000,0.000144,0
20260805_172630_772,1,Unspecified,2385,2026-08-05T17:46:58.1856301+09:00,2026-08-05T17:46:58.6856301+09:00,1227.412984,1227.912984,30,30,0.039880,0.045540,0.000000,0.000000,0.000000,0.000181,0
20260805_172630_772,1,Unspecified,2386,2026-08-05T17:46:58.6856301+09:00,2026-08-05T17:46:59.1856301+09:00,1227.912984,1228.412984,30,30,0.039716,0.045416,0.000000,0.000000,0.000000,0.000096,0
20260805_172630_772,1,Unspecified,2387,2026-08-05T17:46:59.1856301+09:00,2026-08-05T17:46:59.6856301+09:00,1228.412984,1228.912984,30,30,0.039752,0.045464,0.000000,0.000000,0.000000,0.000154,0
20260805_172630_772,1,Unspecified,2388,2026-08-05T17:46:59.6856301+09:00,2026-08-05T17:47:00.1856301+09:00,1228.912984,1229.412984,30,30,0.039962,0.045594,0.000000,0.000000,0.000000,0.000091,0
20260805_172630_772,1,Unspecified,2389,2026-08-05T17:47:00.1856301+09:00,2026-08-05T17:47:00.6856301+09:00,1229.412984,1229.912984,31,31,0.039956,0.045601,0.000000,0.000000,0.000000,0.000165,0
20260805_172630_772,1,Unspecified,2390,2026-08-05T17:47:00.6856301+09:00,2026-08-05T17:47:01.1856301+09:00,1229.912984,1230.412984,29,29,0.040065,0.045614,0.000000,0.000000,0.000000,0.000127,0
20260805_172630_772,1,Unspecified,2391,2026-08-05T17:47:01.1856301+09:00,2026-08-05T17:47:01.6856301+09:00,1230.412984,1230.912984,30,30,0.039860,0.045479,0.000000,0.000000,0.000000,0.000110,0
20260805_172630_772,1,Unspecified,2392,2026-08-05T17:47:01.6856301+09:00,2026-08-05T17:47:02.1856301+09:00,1230.912984,1231.412984,30,30,0.039772,0.045516,0.000000,0.000000,0.000000,0.000119,0
20260805_172630_772,1,Unspecified,2393,2026-08-05T17:47:02.1856301+09:00,2026-08-05T17:47:02.6856301+09:00,1231.412984,1231.912984,30,30,0.039722,0.045391,0.000000,0.000000,0.000000,0.000104,0
20260805_172630_772,1,Unspecified,2394,2026-08-05T17:47:02.6856301+09:00,2026-08-05T17:47:03.1856301+09:00,1231.912984,1232.412984,30,30,0.039887,0.045491,0.000000,0.000000,0.000000,0.000076,0
20260805_172630_772,1,Unspecified,2395,2026-08-05T17:47:03.1856301+09:00,2026-08-05T17:47:03.6856301+09:00,1232.412984,1232.912984,30,30,0.039956,0.045554,0.000000,0.000000,0.000000,0.000167,0
20260805_172630_772,1,Unspecified,2396,2026-08-05T17:47:03.6856301+09:00,2026-08-05T17:47:04.1856301+09:00,1232.912984,1233.412984,30,30,0.040030,0.045561,0.000000,0.000000,0.000000,0.000127,0
20260805_172630_772,1,Unspecified,2397,2026-08-05T17:47:04.1856301+09:00,2026-08-05T17:47:04.6856301+09:00,1233.412984,1233.912984,30,30,0.039990,0.045460,0.000000,0.000000,0.000000,0.000093,0
20260805_172630_772,1,Unspecified,2398,2026-08-05T17:47:04.6856301+09:00,2026-08-05T17:47:05.1856301+09:00,1233.912984,1234.412984,30,30,0.040058,0.045484,0.000000,0.000000,0.000000,0.000107,0
20260805_172630_772,1,Unspecified,2399,2026-08-05T17:47:05.1856301+09:00,2026-08-05T17:47:05.6856301+09:00,1234.412984,1234.912984,30,30,0.040190,0.045557,0.000000,0.000000,0.000000,0.000076,0
20260805_172630_772,1,Unspecified,2400,2026-08-05T17:47:05.6856301+09:00,2026-08-05T17:47:06.1856301+09:00,1234.912984,1235.412984,30,30,0.040068,0.045524,0.000000,0.000000,0.000000,0.000119,0
20260805_172630_772,1,Unspecified,2401,2026-08-05T17:47:06.1856301+09:00,2026-08-05T17:47:06.6856301+09:00,1235.412984,1235.912984,31,31,0.040017,0.045491,0.000000,0.000000,0.000000,0.000136,0
20260805_172630_772,1,Unspecified,2402,2026-08-05T17:47:06.6856301+09:00,2026-08-05T17:47:07.1856301+09:00,1235.912984,1236.412984,29,29,0.040212,0.045679,0.000000,0.000000,0.000000,0.000176,0
20260805_172630_772,1,Unspecified,2403,2026-08-05T17:47:07.1856301+09:00,2026-08-05T17:47:07.6856301+09:00,1236.412984,1236.912984,30,30,0.040310,0.045645,0.000000,0.000000,0.000000,0.000215,0
20260805_172630_772,1,Unspecified,2404,2026-08-05T17:47:07.6856301+09:00,2026-08-05T17:47:08.1856301+09:00,1236.912984,1237.412984,30,30,0.040201,0.045521,0.000000,0.000000,0.000000,0.000091,0
20260805_172630_772,1,Unspecified,2405,2026-08-05T17:47:08.1856301+09:00,2026-08-05T17:47:08.6856301+09:00,1237.412984,1237.912984,30,30,0.040302,0.045433,0.000000,0.000000,0.000000,0.000117,0
20260805_172630_772,1,Unspecified,2406,2026-08-05T17:47:08.6856301+09:00,2026-08-05T17:47:09.1856301+09:00,1237.912984,1238.412984,30,30,0.040350,0.045462,0.000000,0.000000,0.000000,0.000099,0
20260805_172630_772,1,Unspecified,2407,2026-08-05T17:47:09.1856301+09:00,2026-08-05T17:47:09.6856301+09:00,1238.412984,1238.912984,30,30,0.040255,0.045562,0.000000,0.000000,0.000000,0.000123,0
20260805_172630_772,1,Unspecified,2408,2026-08-05T17:47:09.6856301+09:00,2026-08-05T17:47:10.1856301+09:00,1238.912984,1239.412984,30,30,0.040194,0.045605,0.000000,0.000000,0.000000,0.000131,0
20260805_172630_772,1,Unspecified,2409,2026-08-05T17:47:10.1856301+09:00,2026-08-05T17:47:10.6856301+09:00,1239.412984,1239.912984,30,30,0.040247,0.045560,0.000000,0.000000,0.000000,0.000074,0
20260805_172630_772,1,Unspecified,2410,2026-08-05T17:47:10.6856301+09:00,2026-08-05T17:47:11.1856301+09:00,1239.912984,1240.412984,30,30,0.040483,0.045568,0.000000,0.000000,0.000000,0.000090,0
20260805_172630_772,1,Unspecified,2411,2026-08-05T17:47:11.1856301+09:00,2026-08-05T17:47:11.6856301+09:00,1240.412984,1240.912984,30,30,0.040463,0.045606,0.000000,0.000000,0.000000,0.000133,0
20260805_172630_772,1,Unspecified,2412,2026-08-05T17:47:11.6856301+09:00,2026-08-05T17:47:12.1856301+09:00,1240.912984,1241.412984,31,31,0.036352,0.044528,0.000013,0.000001,0.000003,0.003686,0
20260805_172630_772,1,Unspecified,2413,2026-08-05T17:47:12.1856301+09:00,2026-08-05T17:47:12.6856301+09:00,1241.412984,1241.912984,29,29,0.027835,0.040563,0.000006,0.000003,0.000004,0.002955,0
20260805_172630_772,1,Unspecified,2414,2026-08-05T17:47:12.6856301+09:00,2026-08-05T17:47:13.1856301+09:00,1241.912984,1242.412984,30,30,0.028263,0.038308,0.000012,0.000001,0.000003,0.003635,0
20260805_172630_772,1,Unspecified,2415,2026-08-05T17:47:13.1856301+09:00,2026-08-05T17:47:13.6856301+09:00,1242.412984,1242.912984,30,30,0.036661,0.041484,0.000001,0.000000,0.000000,0.000974,0
20260805_172630_772,1,Unspecified,2416,2026-08-05T17:47:13.6856301+09:00,2026-08-05T17:47:14.1856301+09:00,1242.912984,1243.412984,30,30,0.039640,0.042140,0.000002,0.000001,0.000001,0.001743,0
20260805_172630_772,1,Unspecified,2417,2026-08-05T17:47:14.1856301+09:00,2026-08-05T17:47:14.6856301+09:00,1243.412984,1243.912984,30,30,0.044616,0.044492,0.000001,0.000000,0.000001,0.001231,0
20260805_172630_772,1,Unspecified,2418,2026-08-05T17:47:14.6856301+09:00,2026-08-05T17:47:15.1856301+09:00,1243.912984,1244.412984,30,30,0.043444,0.044079,0.000001,0.000001,0.000000,0.001086,0
20260805_172630_772,1,Unspecified,2419,2026-08-05T17:47:15.1856301+09:00,2026-08-05T17:47:15.6856301+09:00,1244.412984,1244.912984,30,30,0.038474,0.042747,0.000003,0.000001,0.000001,0.001999,0
20260805_172630_772,1,Unspecified,2420,2026-08-05T17:47:15.6856301+09:00,2026-08-05T17:47:16.1856301+09:00,1244.912984,1245.412984,30,30,0.039097,0.041747,0.000003,0.000001,0.000001,0.001811,0
20260805_172630_772,1,Unspecified,2421,2026-08-05T17:47:16.1856301+09:00,2026-08-05T17:47:16.6856301+09:00,1245.412984,1245.912984,30,30,0.025962,0.038009,0.000098,0.000015,0.000030,0.010593,0
20260805_172630_772,1,Unspecified,2422,2026-08-05T17:47:16.6856301+09:00,2026-08-05T17:47:17.1856301+09:00,1245.912984,1246.412984,10,10,0.009832,0.035766,0.000005,0.000000,-0.000001,0.002179,0
20260805_172630_772,1,Unspecified,2423,2026-08-05T17:47:17.1856301+09:00,2026-08-05T17:47:17.4926301+09:00,1246.412984,1246.720296,1,0,,,,,,,1
