SessionId,RecordingId,Condition,WindowIndex,WindowStartAbsTime,WindowEndAbsTime,WindowStartElapsedSec,WindowEndElapsedSec,SampleCount,ValidSampleCount,MeanGazeX,MeanGazeY,VarianceGazeX,VarianceGazeY,CovarianceXY,Dispersion,TrackingFailureCount
20260821_102553_275,1,Unspecified,0,2026-08-21T10:26:02.4019357+09:00,2026-08-21T10:26:02.9019357+09:00,9.126474,9.626474,30,30,-0.046455,-0.182294,0.000066,0.026098,-0.001078,0.161750,0
20260821_102553_275,1,Unspecified,1,2026-08-21T10:26:02.9019357+09:00,2026-08-21T10:26:03.4019357+09:00,9.626474,10.126474,30,30,-0.032664,-0.381424,0.000141,0.000168,-0.000045,0.017571,0
20260821_102553_275,1,Unspecified,2,2026-08-21T10:26:03.4019357+09:00,2026-08-21T10:26:03.9019357+09:00,10.126474,10.626474,30,30,-0.067578,-0.340067,0.000015,0.000187,-0.000028,0.014218,0
20260821_102553_275,1,Unspecified,3,2026-08-21T10:26:03.9019357+09:00,2026-08-21T10:26:04.4019357+09:00,10.626474,11.126474,30,30,-0.066735,-0.158693,0.000078,0.015588,0.000401,0.125165,0
20260821_102553_275,1,Unspecified,4,2026-08-21T10:26:04.4019357+09:00,2026-08-21T10:26:04.9019357+09:00,11.126474,11.626474,30,30,-0.060174,-0.333263,0.000008,0.000011,-0.000001,0.004385,0
20260821_102553_275,1,Unspecified,5,2026-08-21T10:26:04.9019357+09:00,2026-08-21T10:26:05.4019357+09:00,11.626474,12.126474,30,30,-0.035544,-0.234170,0.000137,0.012388,-0.001078,0.111916,0
20260821_102553_275,1,Unspecified,6,2026-08-21T10:26:05.4019357+09:00,2026-08-21T10:26:05.9019357+09:00,12.126474,12.626474,30,30,-0.029715,-0.068629,0.000265,0.000165,-0.000195,0.020750,0
20260821_102553_275,1,Unspecified,7,2026-08-21T10:26:05.9019357+09:00,2026-08-21T10:26:06.4019357+09:00,12.626474,13.126474,30,30,0.027350,-0.116835,0.004437,0.001768,-0.002778,0.078769,0
20260821_102553_275,1,Unspecified,8,2026-08-21T10:26:06.4019357+09:00,2026-08-21T10:26:06.9019357+09:00,13.126474,13.626474,30,30,-0.038253,-0.103015,0.000015,0.002204,0.000145,0.047111,0
20260821_102553_275,1,Unspecified,9,2026-08-21T10:26:06.9019357+09:00,2026-08-21T10:26:07.4019357+09:00,13.626474,14.126474,30,30,-0.110217,-0.255268,0.002508,0.002157,0.001155,0.068298,0
20260821_102553_275,1,Unspecified,10,2026-08-21T10:26:07.4019357+09:00,2026-08-21T10:26:07.9019357+09:00,14.126474,14.626474,30,30,-0.171845,-0.389265,0.001063,0.000039,-0.000060,0.033199,0
20260821_102553_275,1,Unspecified,11,2026-08-21T10:26:07.9019357+09:00,2026-08-21T10:26:08.4019357+09:00,14.626474,15.126474,30,30,-0.044875,-0.266432,0.008271,0.015072,0.011123,0.152784,0
20260821_102553_275,1,Unspecified,12,2026-08-21T10:26:08.4019357+09:00,2026-08-21T10:26:08.9019357+09:00,15.126474,15.626474,30,30,-0.142110,-0.334812,0.003480,0.006075,0.004293,0.097751,0
20260821_102553_275,1,Unspecified,13,2026-08-21T10:26:08.9019357+09:00,2026-08-21T10:26:09.4019357+09:00,15.626474,16.126474,30,30,-0.151193,-0.359210,0.000026,0.000010,-0.000013,0.006054,0
20260821_102553_275,1,Unspecified,14,2026-08-21T10:26:09.4019357+09:00,2026-08-21T10:26:09.9019357+09:00,16.126474,16.626474,30,30,-0.101182,-0.278881,0.007280,0.012028,0.009317,0.138955,0
20260821_102553_275,1,Unspecified,15,2026-08-21T10:26:09.9019357+09:00,2026-08-21T10:26:10.4019357+09:00,16.626474,17.126474,30,30,-0.111974,-0.215894,0.012993,0.014562,0.013655,0.165997,0
20260821_102553_275,1,Unspecified,16,2026-08-21T10:26:10.4019357+09:00,2026-08-21T10:26:10.9019357+09:00,17.126474,17.626474,30,30,-0.185327,-0.319877,0.000462,0.001008,0.000626,0.038340,0
20260821_102553_275,1,Unspecified,17,2026-08-21T10:26:10.9019357+09:00,2026-08-21T10:26:11.4019357+09:00,17.626474,18.126474,30,30,0.003257,-0.146919,0.000806,0.009068,0.001160,0.099372,0
20260821_102553_275,1,Unspecified,18,2026-08-21T10:26:11.4019357+09:00,2026-08-21T10:26:11.9019357+09:00,18.126474,18.626474,30,30,0.052587,-0.180717,0.002974,0.003350,0.000006,0.079520,0
20260821_102553_275,1,Unspecified,19,2026-08-21T10:26:11.9019357+09:00,2026-08-21T10:26:12.4019357+09:00,18.626474,19.126474,30,30,-0.021514,-0.048548,0.000073,0.000131,0.000088,0.014274,0
20260821_102553_275,1,Unspecified,20,2026-08-21T10:26:12.4019357+09:00,2026-08-21T10:26:12.9019357+09:00,19.126474,19.626474,30,30,-0.025911,-0.021452,0.000248,0.000091,-0.000033,0.018413,0
20260821_102553_275,1,Unspecified,21,2026-08-21T10:26:12.9019357+09:00,2026-08-21T10:26:13.4019357+09:00,19.626474,20.126474,30,30,-0.035905,-0.019028,0.000011,0.000006,-0.000007,0.004174,0
20260821_102553_275,1,Unspecified,22,2026-08-21T10:26:13.4019357+09:00,2026-08-21T10:26:13.9019357+09:00,20.126474,20.626474,30,30,-0.032427,-0.020606,0.000114,0.000030,-0.000056,0.012000,0
20260821_102553_275,1,Unspecified,23,2026-08-21T10:26:13.9019357+09:00,2026-08-21T10:26:14.4019357+09:00,20.626474,21.126474,30,30,-0.004584,-0.024029,0.000003,0.000001,0.000000,0.001959,0
20260821_102553_275,1,Unspecified,24,2026-08-21T10:26:14.4019357+09:00,2026-08-21T10:26:14.9019357+09:00,21.126474,21.626474,30,30,-0.061440,-0.136855,0.000147,0.024809,-0.001608,0.157974,0
20260821_102553_275,1,Unspecified,25,2026-08-21T10:26:14.9019357+09:00,2026-08-21T10:26:15.4019357+09:00,21.626474,22.126474,30,30,-0.043640,-0.117796,0.000015,0.023748,-0.000308,0.154154,0
20260821_102553_275,1,Unspecified,26,2026-08-21T10:26:15.4019357+09:00,2026-08-21T10:26:15.9019357+09:00,22.126474,22.626474,30,30,-0.040382,-0.007965,0.000132,0.000198,0.000059,0.018162,0
20260821_102553_275,1,Unspecified,27,2026-08-21T10:26:15.9019357+09:00,2026-08-21T10:26:16.4019357+09:00,22.626474,23.126474,30,30,-0.050350,-0.015532,0.000019,0.000107,0.000026,0.011222,0
20260821_102553_275,1,Unspecified,28,2026-08-21T10:26:16.4019357+09:00,2026-08-21T10:26:16.9019357+09:00,23.126474,23.626474,30,30,-0.051395,-0.021875,0.000004,0.000011,-0.000002,0.003838,0
20260821_102553_275,1,Unspecified,29,2026-08-21T10:26:16.9019357+09:00,2026-08-21T10:26:17.4019357+09:00,23.626474,24.126474,30,30,-0.049249,-0.005896,0.000155,0.000447,0.000167,0.024529,0
20260821_102553_275,1,Unspecified,30,2026-08-21T10:26:17.4019357+09:00,2026-08-21T10:26:17.9019357+09:00,24.126474,24.626474,30,30,-0.029551,-0.016087,0.000100,0.000156,-0.000079,0.015990,0
20260821_102553_275,1,Unspecified,31,2026-08-21T10:26:17.9019357+09:00,2026-08-21T10:26:18.4019357+09:00,24.626474,25.126474,30,30,-0.045319,-0.017291,0.000217,0.000016,-0.000054,0.015271,0
20260821_102553_275,1,Unspecified,32,2026-08-21T10:26:18.4019357+09:00,2026-08-21T10:26:18.9019357+09:00,25.126474,25.626474,30,30,-0.051863,-0.007195,0.000058,0.000006,0.000018,0.008021,0
20260821_102553_275,1,Unspecified,33,2026-08-21T10:26:18.9019357+09:00,2026-08-21T10:26:19.4019357+09:00,25.626474,26.126474,30,30,-0.059059,-0.004016,0.000524,0.000052,0.000072,0.023999,0
20260821_102553_275,1,Unspecified,34,2026-08-21T10:26:19.4019357+09:00,2026-08-21T10:26:19.9019357+09:00,26.126474,26.626474,30,30,-0.063039,0.015455,0.000362,0.000138,0.000208,0.022364,0
20260821_102553_275,1,Unspecified,35,2026-08-21T10:26:19.9019357+09:00,2026-08-21T10:26:20.4019357+09:00,26.626474,27.126474,30,30,-0.059330,0.016265,0.000004,0.000052,-0.000010,0.007441,0
20260821_102553_275,1,Unspecified,36,2026-08-21T10:26:20.4019357+09:00,2026-08-21T10:26:20.9019357+09:00,27.126474,27.626474,30,30,-0.053927,-0.005363,0.000001,0.000007,-0.000001,0.002941,0
20260821_102553_275,1,Unspecified,37,2026-08-21T10:26:20.9019357+09:00,2026-08-21T10:26:21.4019357+09:00,27.626474,28.126474,30,30,-0.057563,0.004507,0.000031,0.000078,-0.000032,0.010427,0
20260821_102553_275,1,Unspecified,38,2026-08-21T10:26:21.4019357+09:00,2026-08-21T10:26:21.9019357+09:00,28.126474,28.626474,30,30,-0.064961,0.021222,0.000250,0.000212,0.000099,0.021491,0
20260821_102553_275,1,Unspecified,39,2026-08-21T10:26:21.9019357+09:00,2026-08-21T10:26:22.4019357+09:00,28.626474,29.126474,30,30,-0.063237,0.021653,0.000001,0.000004,0.000001,0.002326,0
20260821_102553_275,1,Unspecified,40,2026-08-21T10:26:22.4019357+09:00,2026-08-21T10:26:22.9019357+09:00,29.126474,29.626474,30,30,-0.064709,0.021823,0.000003,0.000001,0.000000,0.002012,0
20260821_102553_275,1,Unspecified,41,2026-08-21T10:26:22.9019357+09:00,2026-08-21T10:26:23.4019357+09:00,29.626474,30.126474,30,30,-0.059980,0.012108,0.000129,0.000361,0.000011,0.022133,0
20260821_102553_275,1,Unspecified,42,2026-08-21T10:26:23.4019357+09:00,2026-08-21T10:26:23.9019357+09:00,30.126474,30.626474,30,30,-0.058862,-0.001347,0.000401,0.000237,0.000030,0.025266,0
20260821_102553_275,1,Unspecified,43,2026-08-21T10:26:23.9019357+09:00,2026-08-21T10:26:24.4019357+09:00,30.626474,31.126474,30,30,-0.063239,0.004715,0.000103,0.000131,0.000039,0.015319,0
20260821_102553_275,1,Unspecified,44,2026-08-21T10:26:24.4019357+09:00,2026-08-21T10:26:24.9019357+09:00,31.126474,31.626474,30,30,-0.058510,0.005681,0.000001,0.000010,0.000002,0.003412,0
20260821_102553_275,1,Unspecified,45,2026-08-21T10:26:24.9019357+09:00,2026-08-21T10:26:25.4019357+09:00,31.626474,32.126474,30,30,-0.059971,0.013579,0.000064,0.000088,0.000013,0.012359,0
20260821_102553_275,1,Unspecified,46,2026-08-21T10:26:25.4019357+09:00,2026-08-21T10:26:25.9019357+09:00,32.126474,32.626474,30,30,-0.068814,0.014566,0.000151,0.000188,0.000100,0.018390,0
20260821_102553_275,1,Unspecified,47,2026-08-21T10:26:25.9019357+09:00,2026-08-21T10:26:26.4019357+09:00,32.626474,33.126474,30,30,-0.058306,-0.028448,0.000041,0.000335,-0.000114,0.019398,0
20260821_102553_275,1,Unspecified,48,2026-08-21T10:26:26.4019357+09:00,2026-08-21T10:26:26.9019357+09:00,33.126474,33.626474,30,30,-0.058327,-0.052024,0.000038,0.000281,0.000088,0.017873,0
20260821_102553_275,1,Unspecified,49,2026-08-21T10:26:26.9019357+09:00,2026-08-21T10:26:27.4019357+09:00,33.626474,34.126474,30,30,-0.054160,0.019234,0.000101,0.000134,0.000048,0.015331,0
20260821_102553_275,1,Unspecified,50,2026-08-21T10:26:27.4019357+09:00,2026-08-21T10:26:27.9019357+09:00,34.126474,34.626474,30,30,-0.006962,0.021306,0.000062,0.000153,0.000055,0.014689,0
20260821_102553_275,1,Unspecified,51,2026-08-21T10:26:27.9019357+09:00,2026-08-21T10:26:28.4019357+09:00,34.626474,35.126474,30,30,-0.056751,0.000862,0.000004,0.000004,0.000002,0.002746,0
20260821_102553_275,1,Unspecified,52,2026-08-21T10:26:28.4019357+09:00,2026-08-21T10:26:28.9019357+09:00,35.126474,35.626474,30,30,-0.056470,0.000294,0.000002,0.000001,0.000000,0.001741,0
20260821_102553_275,1,Unspecified,53,2026-08-21T10:26:28.9019357+09:00,2026-08-21T10:26:29.4019357+09:00,35.626474,36.126474,30,30,-0.058102,0.006565,0.000170,0.000194,0.000133,0.019080,0
20260821_102553_275,1,Unspecified,54,2026-08-21T10:26:29.4019357+09:00,2026-08-21T10:26:29.9019357+09:00,36.126474,36.626474,30,30,-0.053277,0.007029,0.000392,0.000166,-0.000071,0.023612,0
20260821_102553_275,1,Unspecified,55,2026-08-21T10:26:29.9019357+09:00,2026-08-21T10:26:30.4019357+09:00,36.626474,37.126474,30,30,-0.041927,0.016196,0.000207,0.000123,0.000034,0.018174,0
20260821_102553_275,1,Unspecified,56,2026-08-21T10:26:30.4019357+09:00,2026-08-21T10:26:30.9019357+09:00,37.126474,37.626474,30,30,-0.041996,0.016964,0.000088,0.000013,0.000031,0.010061,0
20260821_102553_275,1,Unspecified,57,2026-08-21T10:26:30.9019357+09:00,2026-08-21T10:26:31.4019357+09:00,37.626474,38.126474,30,30,-0.057805,0.010838,0.000012,0.000081,-0.000022,0.009666,0
20260821_102553_275,1,Unspecified,58,2026-08-21T10:26:31.4019357+09:00,2026-08-21T10:26:31.9019357+09:00,38.126474,38.626474,30,30,-0.050746,0.004010,0.000119,0.000563,0.000085,0.026117,0
20260821_102553_275,1,Unspecified,59,2026-08-21T10:26:31.9019357+09:00,2026-08-21T10:26:32.4019357+09:00,38.626474,39.126474,30,30,-0.055333,0.024654,0.000004,0.000002,0.000000,0.002432,0
20260821_102553_275,1,Unspecified,60,2026-08-21T10:26:32.4019357+09:00,2026-08-21T10:26:32.9019357+09:00,39.126474,39.626474,30,30,-0.055361,0.015625,0.000006,0.000071,-0.000016,0.008744,0
20260821_102553_275,1,Unspecified,61,2026-08-21T10:26:32.9019357+09:00,2026-08-21T10:26:33.4019357+09:00,39.626474,40.126474,30,30,-0.051168,0.013112,0.000096,0.000044,0.000043,0.011821,0
20260821_102553_275,1,Unspecified,62,2026-08-21T10:26:33.4019357+09:00,2026-08-21T10:26:33.9019357+09:00,40.126474,40.626474,30,30,-0.060554,0.011409,0.000246,0.000237,-0.000026,0.021964,0
20260821_102553_275,1,Unspecified,63,2026-08-21T10:26:33.9019357+09:00,2026-08-21T10:26:34.4019357+09:00,40.626474,41.126474,30,30,-0.062530,0.028244,0.000002,0.000012,0.000004,0.003824,0
20260821_102553_275,1,Unspecified,64,2026-08-21T10:26:34.4019357+09:00,2026-08-21T10:26:34.9019357+09:00,41.126474,41.626474,30,30,-0.051247,0.011647,0.000037,0.000073,-0.000051,0.010474,0
20260821_102553_275,1,Unspecified,65,2026-08-21T10:26:34.9019357+09:00,2026-08-21T10:26:35.4019357+09:00,41.626474,42.126474,30,30,-0.051921,0.006811,0.000183,0.000089,0.000060,0.016498,0
20260821_102553_275,1,Unspecified,66,2026-08-21T10:26:35.4019357+09:00,2026-08-21T10:26:35.9019357+09:00,42.126474,42.626474,30,30,-0.062497,0.018150,0.000132,0.000305,-0.000051,0.020899,0
20260821_102553_275,1,Unspecified,67,2026-08-21T10:26:35.9019357+09:00,2026-08-21T10:26:36.4019357+09:00,42.626474,43.126474,30,30,-0.066221,0.025633,0.000001,0.000001,0.000000,0.001353,0
20260821_102553_275,1,Unspecified,68,2026-08-21T10:26:36.4019357+09:00,2026-08-21T10:26:36.9019357+09:00,43.126474,43.626474,30,30,-0.053940,0.015333,0.000096,0.000052,-0.000067,0.012184,0
20260821_102553_275,1,Unspecified,69,2026-08-21T10:26:36.9019357+09:00,2026-08-21T10:26:37.4019357+09:00,43.626474,44.126474,30,30,-0.046865,0.004902,0.000084,0.000085,-0.000005,0.013016,0
20260821_102553_275,1,Unspecified,70,2026-08-21T10:26:37.4019357+09:00,2026-08-21T10:26:37.9019357+09:00,44.126474,44.626474,30,30,-0.045834,-0.006340,0.000258,0.000204,0.000019,0.021480,0
20260821_102553_275,1,Unspecified,71,2026-08-21T10:26:37.9019357+09:00,2026-08-21T10:26:38.4019357+09:00,44.626474,45.126474,30,30,-0.061352,0.010484,0.000137,0.000159,0.000021,0.017204,0
20260821_102553_275,1,Unspecified,72,2026-08-21T10:26:38.4019357+09:00,2026-08-21T10:26:38.9019357+09:00,45.126474,45.626474,30,30,-0.057837,0.003700,0.000087,0.000008,-0.000015,0.009709,0
20260821_102553_275,1,Unspecified,73,2026-08-21T10:26:38.9019357+09:00,2026-08-21T10:26:39.4019357+09:00,45.626474,46.126474,30,30,-0.046473,0.007417,0.000020,0.000065,-0.000023,0.009202,0
20260821_102553_275,1,Unspecified,74,2026-08-21T10:26:39.4019357+09:00,2026-08-21T10:26:39.9019357+09:00,46.126474,46.626474,30,30,-0.047270,0.028178,0.000032,0.000103,0.000045,0.011647,0
20260821_102553_275,1,Unspecified,75,2026-08-21T10:26:39.9019357+09:00,2026-08-21T10:26:40.4019357+09:00,46.626474,47.126474,30,30,-0.021446,0.019267,0.000200,0.000136,-0.000099,0.018341,0
20260821_102553_275,1,Unspecified,76,2026-08-21T10:26:40.4019357+09:00,2026-08-21T10:26:40.9019357+09:00,47.126474,47.626474,30,30,-0.030716,0.012550,0.000165,0.000016,0.000043,0.013432,0
20260821_102553_275,1,Unspecified,77,2026-08-21T10:26:40.9019357+09:00,2026-08-21T10:26:41.4019357+09:00,47.626474,48.126474,30,30,-0.056604,0.005875,0.000273,0.000104,0.000068,0.019404,0
20260821_102553_275,1,Unspecified,78,2026-08-21T10:26:41.4019357+09:00,2026-08-21T10:26:41.9019357+09:00,48.126474,48.626474,30,30,-0.065819,0.019625,0.000391,0.000119,0.000126,0.022595,0
20260821_102553_275,1,Unspecified,79,2026-08-21T10:26:41.9019357+09:00,2026-08-21T10:26:42.4019357+09:00,48.626474,49.126474,30,30,-0.006768,0.004612,0.000008,0.000070,-0.000009,0.008848,0
20260821_102553_275,1,Unspecified,80,2026-08-21T10:26:42.4019357+09:00,2026-08-21T10:26:42.9019357+09:00,49.126474,49.626474,30,30,-0.038448,0.006166,0.000315,0.000007,0.000043,0.017933,0
20260821_102553_275,1,Unspecified,81,2026-08-21T10:26:42.9019357+09:00,2026-08-21T10:26:43.4019357+09:00,49.626474,50.126474,30,30,-0.042348,0.018606,0.000209,0.000458,0.000249,0.025821,0
20260821_102553_275,1,Unspecified,82,2026-08-21T10:26:43.4019357+09:00,2026-08-21T10:26:43.9019357+09:00,50.126474,50.626474,30,30,0.025185,0.079112,0.000713,0.000206,0.000377,0.030318,0
20260821_102553_275,1,Unspecified,83,2026-08-21T10:26:43.9019357+09:00,2026-08-21T10:26:44.4019357+09:00,50.626474,51.126474,30,30,0.016644,0.070233,0.001017,0.000633,0.000708,0.040615,0
20260821_102553_275,1,Unspecified,84,2026-08-21T10:26:44.4019357+09:00,2026-08-21T10:26:44.9019357+09:00,51.126474,51.626474,30,30,-0.045608,0.025416,0.000003,0.000003,0.000001,0.002359,0
20260821_102553_275,1,Unspecified,85,2026-08-21T10:26:44.9019357+09:00,2026-08-21T10:26:45.4019357+09:00,51.626474,52.126474,30,30,-0.041840,0.024334,0.000154,0.000115,0.000068,0.016399,0
20260821_102553_275,1,Unspecified,86,2026-08-21T10:26:45.4019357+09:00,2026-08-21T10:26:45.9019357+09:00,52.126474,52.626474,30,30,-0.052824,-0.089865,0.000319,0.002433,0.000395,0.052461,0
20260821_102553_275,1,Unspecified,87,2026-08-21T10:26:45.9019357+09:00,2026-08-21T10:26:46.4019357+09:00,52.626474,53.126474,30,30,-0.026078,-0.067610,0.000011,0.000313,0.000055,0.017994,0
20260821_102553_275,1,Unspecified,88,2026-08-21T10:26:46.4019357+09:00,2026-08-21T10:26:46.9019357+09:00,53.126474,53.626474,30,30,-0.026859,-0.075881,0.000001,0.000009,-0.000001,0.003234,0
20260821_102553_275,1,Unspecified,89,2026-08-21T10:26:46.9019357+09:00,2026-08-21T10:26:47.4019357+09:00,53.626474,54.126474,30,30,-0.034541,-0.006390,0.000090,0.000441,-0.000021,0.023045,0
20260821_102553_275,1,Unspecified,90,2026-08-21T10:26:47.4019357+09:00,2026-08-21T10:26:47.9019357+09:00,54.126474,54.626474,30,30,-0.011442,-0.013228,0.000189,0.000583,-0.000160,0.027795,0
20260821_102553_275,1,Unspecified,91,2026-08-21T10:26:47.9019357+09:00,2026-08-21T10:26:48.4019357+09:00,54.626474,55.126474,30,30,-0.017490,-0.085121,0.000002,0.000848,0.000026,0.029161,0
20260821_102553_275,1,Unspecified,92,2026-08-21T10:26:48.4019357+09:00,2026-08-21T10:26:48.9019357+09:00,55.126474,55.626474,30,30,-0.036202,-0.032067,0.000073,0.000277,-0.000125,0.018691,0
20260821_102553_275,1,Unspecified,93,2026-08-21T10:26:48.9019357+09:00,2026-08-21T10:26:49.4019357+09:00,55.626474,56.126474,30,30,-0.054159,-0.003461,0.000027,0.000033,-0.000021,0.007698,0
20260821_102553_275,1,Unspecified,94,2026-08-21T10:26:49.4019357+09:00,2026-08-21T10:26:49.9019357+09:00,56.126474,56.626474,30,30,-0.057796,-0.000903,0.000536,0.000199,0.000126,0.027116,0
20260821_102553_275,1,Unspecified,95,2026-08-21T10:26:49.9019357+09:00,2026-08-21T10:26:50.4019357+09:00,56.626474,57.126474,30,30,-0.026946,0.007646,0.000004,0.000005,0.000001,0.003022,0
20260821_102553_275,1,Unspecified,96,2026-08-21T10:26:50.4019357+09:00,2026-08-21T10:26:50.9019357+09:00,57.126474,57.626474,30,30,-0.039942,0.002705,0.000157,0.000002,-0.000006,0.012585,0
20260821_102553_275,1,Unspecified,97,2026-08-21T10:26:50.9019357+09:00,2026-08-21T10:26:51.4019357+09:00,57.626474,58.126474,30,30,-0.046206,0.018619,0.000047,0.000379,0.000084,0.020631,0
20260821_102553_275,1,Unspecified,98,2026-08-21T10:26:51.4019357+09:00,2026-08-21T10:26:51.9019357+09:00,58.126474,58.626474,30,30,-0.054997,0.022634,0.000003,0.000004,0.000000,0.002605,0
20260821_102553_275,1,Unspecified,99,2026-08-21T10:26:51.9019357+09:00,2026-08-21T10:26:52.4019357+09:00,58.626474,59.126474,30,30,-0.045363,0.013328,0.000103,0.000062,-0.000079,0.012838,0
20260821_102553_275,1,Unspecified,100,2026-08-21T10:26:52.4019357+09:00,2026-08-21T10:26:52.9019357+09:00,59.126474,59.626474,30,30,-0.033088,0.005371,0.000003,0.000001,0.000000,0.001832,0
20260821_102553_275,1,Unspecified,101,2026-08-21T10:26:52.9019357+09:00,2026-08-21T10:26:53.4019357+09:00,59.626474,60.126474,30,30,-0.046289,0.013508,0.000379,0.000173,0.000003,0.023510,0
20260821_102553_275,1,Unspecified,102,2026-08-21T10:26:53.4019357+09:00,2026-08-21T10:26:53.9019357+09:00,60.126474,60.626474,30,30,-0.055088,0.015988,0.000092,0.000092,-0.000006,0.013561,0
20260821_102553_275,1,Unspecified,103,2026-08-21T10:26:53.9019357+09:00,2026-08-21T10:26:54.4019357+09:00,60.626474,61.126474,30,30,-0.036681,0.018110,0.000008,0.000007,-0.000002,0.003832,0
20260821_102553_275,1,Unspecified,104,2026-08-21T10:26:54.4019357+09:00,2026-08-21T10:26:54.9019357+09:00,61.126474,61.626474,30,30,-0.041468,0.014650,0.000041,0.000036,0.000036,0.008732,0
20260821_102553_275,1,Unspecified,105,2026-08-21T10:26:54.9019357+09:00,2026-08-21T10:26:55.4019357+09:00,61.626474,62.126474,30,30,-0.045388,0.013484,0.000188,0.000303,0.000218,0.022175,0
20260821_102553_275,1,Unspecified,106,2026-08-21T10:26:55.4019357+09:00,2026-08-21T10:26:55.9019357+09:00,62.126474,62.626474,30,30,0.000016,0.035288,0.000009,0.000013,0.000007,0.004768,0
20260821_102553_275,1,Unspecified,107,2026-08-21T10:26:55.9019357+09:00,2026-08-21T10:26:56.4019357+09:00,62.626474,63.126474,30,30,-0.008112,0.032023,0.000175,0.000022,0.000061,0.014013,0
20260821_102553_275,1,Unspecified,108,2026-08-21T10:26:56.4019357+09:00,2026-08-21T10:26:56.9019357+09:00,63.126474,63.626474,30,30,-0.042975,0.017703,0.000000,0.000001,0.000000,0.001202,0
20260821_102553_275,1,Unspecified,109,2026-08-21T10:26:56.9019357+09:00,2026-08-21T10:26:57.4019357+09:00,63.626474,64.126474,30,30,-0.059455,0.011944,0.000670,0.000460,0.000421,0.033602,0
20260821_102553_275,1,Unspecified,110,2026-08-21T10:26:57.4019357+09:00,2026-08-21T10:26:57.9019357+09:00,64.126474,64.626474,30,30,-0.008792,-0.015339,0.001755,0.000169,-0.000244,0.043854,0
20260821_102553_275,1,Unspecified,111,2026-08-21T10:26:57.9019357+09:00,2026-08-21T10:26:58.4019357+09:00,64.626474,65.126474,30,30,0.001301,-0.064679,0.000302,0.000308,-0.000159,0.024708,0
20260821_102553_275,1,Unspecified,112,2026-08-21T10:26:58.4019357+09:00,2026-08-21T10:26:58.9019357+09:00,65.126474,65.626474,30,30,-0.047165,-0.009101,0.000002,0.000002,0.000000,0.002088,0
20260821_102553_275,1,Unspecified,113,2026-08-21T10:26:58.9019357+09:00,2026-08-21T10:26:59.4019357+09:00,65.626474,66.126474,30,30,-0.045006,-0.008829,0.000001,0.000002,0.000001,0.001589,0
20260821_102553_275,1,Unspecified,114,2026-08-21T10:26:59.4019357+09:00,2026-08-21T10:26:59.9019357+09:00,66.126474,66.626474,30,30,-0.046547,-0.008316,0.000003,0.000003,-0.000001,0.002424,0
20260821_102553_275,1,Unspecified,115,2026-08-21T10:26:59.9019357+09:00,2026-08-21T10:27:00.4019357+09:00,66.626474,67.126474,30,30,-0.047285,-0.006546,0.000001,0.000003,0.000000,0.002029,0
20260821_102553_275,1,Unspecified,116,2026-08-21T10:27:00.4019357+09:00,2026-08-21T10:27:00.9019357+09:00,67.126474,67.626474,30,30,-0.047831,-0.005016,0.000000,0.000001,0.000000,0.001390,0
20260821_102553_275,1,Unspecified,117,2026-08-21T10:27:00.9019357+09:00,2026-08-21T10:27:01.4019357+09:00,67.626474,68.126474,30,30,-0.048878,-0.004311,0.000001,0.000001,0.000000,0.001447,0
20260821_102553_275,1,Unspecified,118,2026-08-21T10:27:01.4019357+09:00,2026-08-21T10:27:01.9019357+09:00,68.126474,68.626474,30,30,-0.042365,0.000572,0.000136,0.000077,0.000077,0.014603,0
20260821_102553_275,1,Unspecified,119,2026-08-21T10:27:01.9019357+09:00,2026-08-21T10:27:02.4019357+09:00,68.626474,69.126474,30,30,-0.003653,-0.002330,0.000303,0.000124,-0.000044,0.020672,0
20260821_102553_275,1,Unspecified,120,2026-08-21T10:27:02.4019357+09:00,2026-08-21T10:27:02.9019357+09:00,69.126474,69.626474,30,30,-0.033282,0.007002,0.000584,0.000067,-0.000196,0.025513,0
20260821_102553_275,1,Unspecified,121,2026-08-21T10:27:02.9019357+09:00,2026-08-21T10:27:03.4019357+09:00,69.626474,70.126474,30,30,-0.052164,0.015448,0.000005,0.000101,-0.000012,0.010262,0
20260821_102553_275,1,Unspecified,122,2026-08-21T10:27:03.4019357+09:00,2026-08-21T10:27:03.9019357+09:00,70.126474,70.626474,30,30,-0.081461,0.003731,0.000555,0.000452,0.000174,0.031745,0
20260821_102553_275,1,Unspecified,123,2026-08-21T10:27:03.9019357+09:00,2026-08-21T10:27:04.4019357+09:00,70.626474,71.126474,30,30,-0.038296,0.015807,0.000287,0.000148,0.000076,0.020840,0
20260821_102553_275,1,Unspecified,124,2026-08-21T10:27:04.4019357+09:00,2026-08-21T10:27:04.9019357+09:00,71.126474,71.626474,30,30,-0.028414,0.015712,0.000002,0.000002,-0.000001,0.002084,0
20260821_102553_275,1,Unspecified,125,2026-08-21T10:27:04.9019357+09:00,2026-08-21T10:27:05.4019357+09:00,71.626474,72.126474,30,30,-0.044695,0.013989,0.000558,0.000107,0.000103,0.025783,0
20260821_102553_275,1,Unspecified,126,2026-08-21T10:27:05.4019357+09:00,2026-08-21T10:27:05.9019357+09:00,72.126474,72.626474,30,30,-0.133445,-0.053412,0.001204,0.000738,0.000602,0.044073,0
20260821_102553_275,1,Unspecified,127,2026-08-21T10:27:05.9019357+09:00,2026-08-21T10:27:06.4019357+09:00,72.626474,73.126474,30,30,-0.065945,-0.054801,0.000643,0.000010,0.000072,0.025561,0
20260821_102553_275,1,Unspecified,128,2026-08-21T10:27:06.4019357+09:00,2026-08-21T10:27:06.9019357+09:00,73.126474,73.626474,30,30,-0.041801,-0.010011,0.000022,0.000404,0.000088,0.020646,0
20260821_102553_275,1,Unspecified,129,2026-08-21T10:27:06.9019357+09:00,2026-08-21T10:27:07.4019357+09:00,73.626474,74.126474,30,30,-0.061037,0.025932,0.001341,0.001055,-0.000798,0.048945,0
20260821_102553_275,1,Unspecified,130,2026-08-21T10:27:07.4019357+09:00,2026-08-21T10:27:07.9019357+09:00,74.126474,74.626474,30,30,-0.116845,0.043364,0.000546,0.000003,-0.000026,0.023448,0
20260821_102553_275,1,Unspecified,131,2026-08-21T10:27:07.9019357+09:00,2026-08-21T10:27:08.4019357+09:00,74.626474,75.126474,30,30,-0.004559,0.039782,0.000002,0.000003,0.000001,0.002079,0
20260821_102553_275,1,Unspecified,132,2026-08-21T10:27:08.4019357+09:00,2026-08-21T10:27:08.9019357+09:00,75.126474,75.626474,30,30,-0.006733,0.035428,0.000001,0.000002,0.000001,0.001952,0
20260821_102553_275,1,Unspecified,133,2026-08-21T10:27:08.9019357+09:00,2026-08-21T10:27:09.4019357+09:00,75.626474,76.126474,30,30,0.064455,0.040785,0.004750,0.000073,0.000096,0.069449,0
20260821_102553_275,1,Unspecified,134,2026-08-21T10:27:09.4019357+09:00,2026-08-21T10:27:09.9019357+09:00,76.126474,76.626474,30,30,-0.036305,0.099187,0.005382,0.000317,-0.001260,0.075487,0
20260821_102553_275,1,Unspecified,135,2026-08-21T10:27:09.9019357+09:00,2026-08-21T10:27:10.4019357+09:00,76.626474,77.126474,30,30,-0.086490,0.047791,0.000972,0.003460,-0.001574,0.066573,0
20260821_102553_275,1,Unspecified,136,2026-08-21T10:27:10.4019357+09:00,2026-08-21T10:27:10.9019357+09:00,77.126474,77.626474,30,30,-0.039844,-0.030458,0.000423,0.000454,0.000252,0.029614,0
20260821_102553_275,1,Unspecified,137,2026-08-21T10:27:10.9019357+09:00,2026-08-21T10:27:11.4019357+09:00,77.626474,78.126474,30,30,0.034435,-0.002837,0.002485,0.000015,-0.000182,0.049997,0
20260821_102553_275,1,Unspecified,138,2026-08-21T10:27:11.4019357+09:00,2026-08-21T10:27:11.9019357+09:00,78.126474,78.626474,30,30,0.069833,-0.005489,0.003474,0.000077,-0.000498,0.059590,0
20260821_102553_275,1,Unspecified,139,2026-08-21T10:27:11.9019357+09:00,2026-08-21T10:27:12.4019357+09:00,78.626474,79.126474,30,30,-0.039470,0.006686,0.000124,0.000004,0.000010,0.011307,0
20260821_102553_275,1,Unspecified,140,2026-08-21T10:27:12.4019357+09:00,2026-08-21T10:27:12.9019357+09:00,79.126474,79.626474,30,30,-0.077939,0.004763,0.000002,0.000000,0.000000,0.001494,0
20260821_102553_275,1,Unspecified,141,2026-08-21T10:27:12.9019357+09:00,2026-08-21T10:27:13.4019357+09:00,79.626474,80.126474,30,30,-0.062258,-0.010452,0.000133,0.000232,-0.000126,0.019105,0
20260821_102553_275,1,Unspecified,142,2026-08-21T10:27:13.4019357+09:00,2026-08-21T10:27:13.9019357+09:00,80.126474,80.626474,30,30,-0.057014,-0.018751,0.000003,0.000013,0.000002,0.003918,0
20260821_102553_275,1,Unspecified,143,2026-08-21T10:27:13.9019357+09:00,2026-08-21T10:27:14.4019357+09:00,80.626474,81.126474,30,30,-0.054624,-0.008926,0.000084,0.000299,0.000149,0.019568,0
20260821_102553_275,1,Unspecified,144,2026-08-21T10:27:14.4019357+09:00,2026-08-21T10:27:14.9019357+09:00,81.126474,81.626474,30,30,-0.046538,0.021038,0.000069,0.000008,0.000020,0.008758,0
20260821_102553_275,1,Unspecified,145,2026-08-21T10:27:14.9019357+09:00,2026-08-21T10:27:15.4019357+09:00,81.626474,82.126474,30,30,-0.048662,0.018994,0.000002,0.000001,0.000000,0.001712,0
20260821_102553_275,1,Unspecified,146,2026-08-21T10:27:15.4019357+09:00,2026-08-21T10:27:15.9019357+09:00,82.126474,82.626474,30,30,-0.037380,0.003241,0.000121,0.000733,0.000129,0.029213,0
20260821_102553_275,1,Unspecified,147,2026-08-21T10:27:15.9019357+09:00,2026-08-21T10:27:16.4019357+09:00,82.626474,83.126474,30,30,-0.024318,-0.000369,0.000024,0.000018,-0.000015,0.006455,0
20260821_102553_275,1,Unspecified,148,2026-08-21T10:27:16.4019357+09:00,2026-08-21T10:27:16.9019357+09:00,83.126474,83.626474,30,30,-0.081901,0.090261,0.000433,0.001802,-0.000788,0.047274,0
20260821_102553_275,1,Unspecified,149,2026-08-21T10:27:16.9019357+09:00,2026-08-21T10:27:17.4019357+09:00,83.626474,84.126474,30,30,-0.064286,0.037087,0.000137,0.000699,-0.000213,0.028920,0
20260821_102553_275,1,Unspecified,150,2026-08-21T10:27:17.4019357+09:00,2026-08-21T10:27:17.9019357+09:00,84.126474,84.626474,30,30,-0.044465,0.028174,0.000017,0.000034,0.000001,0.007157,0
20260821_102553_275,1,Unspecified,151,2026-08-21T10:27:17.9019357+09:00,2026-08-21T10:27:18.4019357+09:00,84.626474,85.126474,30,30,-0.042287,0.031679,0.000077,0.000032,0.000042,0.010473,0
20260821_102553_275,1,Unspecified,152,2026-08-21T10:27:18.4019357+09:00,2026-08-21T10:27:18.9019357+09:00,85.126474,85.626474,30,30,-0.032925,0.032025,0.000004,0.000001,0.000002,0.002339,0
20260821_102553_275,1,Unspecified,153,2026-08-21T10:27:18.9019357+09:00,2026-08-21T10:27:19.4019357+09:00,85.626474,86.126474,30,30,-0.030908,0.033819,0.000002,0.000001,0.000001,0.001664,0
20260821_102553_275,1,Unspecified,154,2026-08-21T10:27:19.4019357+09:00,2026-08-21T10:27:19.9019357+09:00,86.126474,86.626474,30,30,-0.030491,0.033570,0.000000,0.000000,0.000000,0.000202,0
20260821_102553_275,1,Unspecified,155,2026-08-21T10:27:19.9019357+09:00,2026-08-21T10:27:20.4019357+09:00,86.626474,87.126474,30,30,-0.030630,0.033255,0.000000,0.000000,0.000000,0.000348,0
20260821_102553_275,1,Unspecified,156,2026-08-21T10:27:20.4019357+09:00,2026-08-21T10:27:20.9019357+09:00,87.126474,87.626474,30,30,-0.030742,0.033190,0.000000,0.000000,0.000000,0.000242,0
20260821_102553_275,1,Unspecified,157,2026-08-21T10:27:20.9019357+09:00,2026-08-21T10:27:21.4019357+09:00,87.626474,88.126474,30,30,-0.030536,0.033308,0.000000,0.000000,0.000000,0.000131,0
20260821_102553_275,1,Unspecified,158,2026-08-21T10:27:21.4019357+09:00,2026-08-21T10:27:21.9019357+09:00,88.126474,88.626474,30,30,-0.030087,0.033436,0.000000,0.000000,0.000000,0.000190,0
20260821_102553_275,1,Unspecified,159,2026-08-21T10:27:21.9019357+09:00,2026-08-21T10:27:22.4019357+09:00,88.626474,89.126474,30,30,-0.029111,0.034082,0.000000,0.000000,0.000000,0.000486,0
20260821_102553_275,1,Unspecified,160,2026-08-21T10:27:22.4019357+09:00,2026-08-21T10:27:22.9019357+09:00,89.126474,89.626474,30,30,-0.028464,0.034524,0.000000,0.000000,0.000000,0.000095,0
20260821_102553_275,1,Unspecified,161,2026-08-21T10:27:22.9019357+09:00,2026-08-21T10:27:23.4019357+09:00,89.626474,90.126474,30,30,-0.028098,0.034739,0.000000,0.000000,0.000000,0.000375,0
20260821_102553_275,1,Unspecified,162,2026-08-21T10:27:23.4019357+09:00,2026-08-21T10:27:23.9019357+09:00,90.126474,90.626474,30,30,-0.027665,0.034947,0.000000,0.000000,0.000000,0.000163,0
20260821_102553_275,1,Unspecified,163,2026-08-21T10:27:23.9019357+09:00,2026-08-21T10:27:24.4019357+09:00,90.626474,91.126474,30,30,-0.027767,0.034746,0.000000,0.000000,0.000000,0.000063,0
20260821_102553_275,1,Unspecified,164,2026-08-21T10:27:24.4019357+09:00,2026-08-21T10:27:24.9019357+09:00,91.126474,91.626474,30,30,-0.027854,0.034589,0.000000,0.000000,0.000000,0.000095,0
20260821_102553_275,1,Unspecified,165,2026-08-21T10:27:24.9019357+09:00,2026-08-21T10:27:25.4019357+09:00,91.626474,92.126474,30,30,-0.027934,0.034496,0.000000,0.000000,0.000000,0.000122,0
20260821_102553_275,1,Unspecified,166,2026-08-21T10:27:25.4019357+09:00,2026-08-21T10:27:25.9019357+09:00,92.126474,92.626474,30,30,-0.028100,0.034354,0.000000,0.000000,0.000000,0.000088,0
20260821_102553_275,1,Unspecified,167,2026-08-21T10:27:25.9019357+09:00,2026-08-21T10:27:26.4019357+09:00,92.626474,93.126474,30,30,-0.027391,0.034865,0.000000,0.000000,0.000000,0.000412,0
20260821_102553_275,1,Unspecified,168,2026-08-21T10:27:26.4019357+09:00,2026-08-21T10:27:26.9019357+09:00,93.126474,93.626474,30,30,-0.027239,0.035052,0.000000,0.000000,0.000000,0.000089,0
20260821_102553_275,1,Unspecified,169,2026-08-21T10:27:26.9019357+09:00,2026-08-21T10:27:27.4019357+09:00,93.626474,94.126474,30,30,-0.026960,0.035271,0.000000,0.000000,0.000000,0.000433,0
20260821_102553_275,1,Unspecified,170,2026-08-21T10:27:27.4019357+09:00,2026-08-21T10:27:27.9019357+09:00,94.126474,94.626474,30,30,-0.025588,0.036049,0.000000,0.000000,0.000000,0.000264,0
20260821_102553_275,1,Unspecified,171,2026-08-21T10:27:27.9019357+09:00,2026-08-21T10:27:28.4019357+09:00,94.626474,95.126474,30,30,-0.025991,0.035755,0.000000,0.000000,0.000000,0.000262,0
20260821_102553_275,1,Unspecified,172,2026-08-21T10:27:28.4019357+09:00,2026-08-21T10:27:28.9019357+09:00,95.126474,95.626474,30,30,-0.026484,0.035414,0.000000,0.000000,0.000000,0.000201,0
20260821_102553_275,1,Unspecified,173,2026-08-21T10:27:28.9019357+09:00,2026-08-21T10:27:29.4019357+09:00,95.626474,96.126474,30,30,-0.026738,0.035224,0.000000,0.000000,0.000000,0.000139,0
20260821_102553_275,1,Unspecified,174,2026-08-21T10:27:29.4019357+09:00,2026-08-21T10:27:29.9019357+09:00,96.126474,96.626474,30,30,-0.026936,0.035036,0.000000,0.000000,0.000000,0.000116,0
20260821_102553_275,1,Unspecified,175,2026-08-21T10:27:29.9019357+09:00,2026-08-21T10:27:30.4019357+09:00,96.626474,97.126474,30,30,-0.026669,0.035255,0.000000,0.000000,0.000000,0.000099,0
20260821_102553_275,1,Unspecified,176,2026-08-21T10:27:30.4019357+09:00,2026-08-21T10:27:30.9019357+09:00,97.126474,97.626474,30,30,-0.026835,0.035216,0.000000,0.000000,0.000000,0.000094,0
20260821_102553_275,1,Unspecified,177,2026-08-21T10:27:30.9019357+09:00,2026-08-21T10:27:31.4019357+09:00,97.626474,98.126474,30,30,-0.026532,0.035404,0.000000,0.000000,0.000000,0.000302,0
20260821_102553_275,1,Unspecified,178,2026-08-21T10:27:31.4019357+09:00,2026-08-21T10:27:31.9019357+09:00,98.126474,98.626474,30,30,-0.026105,0.035801,0.000000,0.000000,0.000000,0.000127,0
20260821_102553_275,1,Unspecified,179,2026-08-21T10:27:31.9019357+09:00,2026-08-21T10:27:32.4019357+09:00,98.626474,99.126474,30,30,-0.026330,0.035615,0.000000,0.000000,0.000000,0.000121,0
20260821_102553_275,1,Unspecified,180,2026-08-21T10:27:32.4019357+09:00,2026-08-21T10:27:32.9019357+09:00,99.126474,99.626474,30,30,-0.026902,0.035245,0.000000,0.000000,0.000000,0.000414,0
20260821_102553_275,1,Unspecified,181,2026-08-21T10:27:32.9019357+09:00,2026-08-21T10:27:33.4019357+09:00,99.626474,100.126474,30,30,-0.027334,0.034966,0.000000,0.000000,0.000000,0.000124,0
20260821_102553_275,1,Unspecified,182,2026-08-21T10:27:33.4019357+09:00,2026-08-21T10:27:33.9019357+09:00,100.126474,100.626474,30,30,-0.027373,0.034987,0.000000,0.000000,0.000000,0.000144,0
20260821_102553_275,1,Unspecified,183,2026-08-21T10:27:33.9019357+09:00,2026-08-21T10:27:34.4019357+09:00,100.626474,101.126474,30,30,-0.027046,0.035275,0.000000,0.000000,0.000000,0.000109,0
20260821_102553_275,1,Unspecified,184,2026-08-21T10:27:34.4019357+09:00,2026-08-21T10:27:34.9019357+09:00,101.126474,101.626474,30,30,-0.027017,0.035331,0.000000,0.000000,0.000000,0.000081,0
20260821_102553_275,1,Unspecified,185,2026-08-21T10:27:34.9019357+09:00,2026-08-21T10:27:35.4019357+09:00,101.626474,102.126474,30,30,-0.026503,0.035594,0.000000,0.000000,0.000000,0.000252,0
20260821_102553_275,1,Unspecified,186,2026-08-21T10:27:35.4019357+09:00,2026-08-21T10:27:35.9019357+09:00,102.126474,102.626474,30,30,-0.027873,0.034693,0.000002,0.000001,0.000001,0.001585,0
20260821_102553_275,1,Unspecified,187,2026-08-21T10:27:35.9019357+09:00,2026-08-21T10:27:36.4019357+09:00,102.626474,103.126474,30,30,-0.033425,0.031130,0.000002,0.000001,0.000002,0.001964,0
20260821_102553_275,1,Unspecified,188,2026-08-21T10:27:36.4019357+09:00,2026-08-21T10:27:36.9019357+09:00,103.126474,103.626474,30,30,-0.035084,0.029668,0.000002,0.000002,0.000002,0.001960,0
20260821_102553_275,1,Unspecified,189,2026-08-21T10:27:36.9019357+09:00,2026-08-21T10:27:37.4019357+09:00,103.626474,104.126474,30,30,-0.033342,0.032025,0.000003,0.000002,0.000003,0.002268,0
20260821_102553_275,1,Unspecified,190,2026-08-21T10:27:37.4019357+09:00,2026-08-21T10:27:37.9019357+09:00,104.126474,104.626474,30,30,-0.031340,0.033932,0.000005,0.000004,0.000004,0.002925,0
20260821_102553_275,1,Unspecified,191,2026-08-21T10:27:37.9019357+09:00,2026-08-21T10:27:38.4019357+09:00,104.626474,105.126474,30,30,-0.033198,0.032196,0.000001,0.000001,0.000001,0.001324,0
20260821_102553_275,1,Unspecified,192,2026-08-21T10:27:38.4019357+09:00,2026-08-21T10:27:38.9019357+09:00,105.126474,105.626474,30,30,-0.030620,0.034569,0.000001,0.000001,0.000001,0.001451,0
20260821_102553_275,1,Unspecified,193,2026-08-21T10:27:38.9019357+09:00,2026-08-21T10:27:39.4019357+09:00,105.626474,106.126474,30,30,-0.030036,0.034350,0.000000,0.000000,0.000000,0.000729,0
20260821_102553_275,1,Unspecified,194,2026-08-21T10:27:39.4019357+09:00,2026-08-21T10:27:39.9019357+09:00,106.126474,106.626474,30,30,-0.029053,0.034768,0.000000,0.000000,0.000000,0.000281,0
20260821_102553_275,1,Unspecified,195,2026-08-21T10:27:39.9019357+09:00,2026-08-21T10:27:40.4019357+09:00,106.626474,107.126474,30,30,-0.028979,0.034738,0.000000,0.000000,0.000000,0.000121,0
20260821_102553_275,1,Unspecified,196,2026-08-21T10:27:40.4019357+09:00,2026-08-21T10:27:40.9019357+09:00,107.126474,107.626474,30,30,-0.029434,0.034493,0.000000,0.000000,0.000000,0.000143,0
20260821_102553_275,1,Unspecified,197,2026-08-21T10:27:40.9019357+09:00,2026-08-21T10:27:41.4019357+09:00,107.626474,108.126474,30,30,-0.029339,0.034587,0.000000,0.000000,0.000000,0.000073,0
20260821_102553_275,1,Unspecified,198,2026-08-21T10:27:41.4019357+09:00,2026-08-21T10:27:41.9019357+09:00,108.126474,108.626474,30,30,-0.029259,0.034599,0.000000,0.000000,0.000000,0.000149,0
20260821_102553_275,1,Unspecified,199,2026-08-21T10:27:41.9019357+09:00,2026-08-21T10:27:42.4019357+09:00,108.626474,109.126474,30,30,-0.028123,0.035244,0.000000,0.000000,0.000000,0.000498,0
20260821_102553_275,1,Unspecified,200,2026-08-21T10:27:42.4019357+09:00,2026-08-21T10:27:42.9019357+09:00,109.126474,109.626474,30,30,-0.027610,0.035418,0.000000,0.000000,0.000000,0.000127,0
20260821_102553_275,1,Unspecified,201,2026-08-21T10:27:42.9019357+09:00,2026-08-21T10:27:43.4019357+09:00,109.626474,110.126474,30,30,-0.027374,0.035398,0.000000,0.000000,0.000000,0.000100,0
20260821_102553_275,1,Unspecified,202,2026-08-21T10:27:43.4019357+09:00,2026-08-21T10:27:43.9019357+09:00,110.126474,110.626474,30,30,-0.027371,0.035316,0.000000,0.000000,0.000000,0.000047,0
20260821_102553_275,1,Unspecified,203,2026-08-21T10:27:43.9019357+09:00,2026-08-21T10:27:44.4019357+09:00,110.626474,111.126474,30,30,-0.027384,0.035261,0.000000,0.000000,0.000000,0.000117,0
20260821_102553_275,1,Unspecified,204,2026-08-21T10:27:44.4019357+09:00,2026-08-21T10:27:44.9019357+09:00,111.126474,111.626474,30,30,-0.027216,0.035395,0.000000,0.000000,0.000000,0.000109,0
20260821_102553_275,1,Unspecified,205,2026-08-21T10:27:44.9019357+09:00,2026-08-21T10:27:45.4019357+09:00,111.626474,112.126474,30,30,-0.027203,0.035459,0.000000,0.000000,0.000000,0.000086,0
20260821_102553_275,1,Unspecified,206,2026-08-21T10:27:45.4019357+09:00,2026-08-21T10:27:45.9019357+09:00,112.126474,112.626474,30,30,-0.026853,0.035702,0.000000,0.000000,0.000000,0.000306,0
20260821_102553_275,1,Unspecified,207,2026-08-21T10:27:45.9019357+09:00,2026-08-21T10:27:46.4019357+09:00,112.626474,113.126474,30,30,-0.026553,0.035838,0.000000,0.000000,0.000000,0.000080,0
20260821_102553_275,1,Unspecified,208,2026-08-21T10:27:46.4019357+09:00,2026-08-21T10:27:46.9019357+09:00,113.126474,113.626474,30,30,-0.026532,0.035818,0.000000,0.000000,0.000000,0.000094,0
20260821_102553_275,1,Unspecified,209,2026-08-21T10:27:46.9019357+09:00,2026-08-21T10:27:47.4019357+09:00,113.626474,114.126474,30,30,-0.026645,0.035731,0.000000,0.000000,0.000000,0.000116,0
20260821_102553_275,1,Unspecified,210,2026-08-21T10:27:47.4019357+09:00,2026-08-21T10:27:47.9019357+09:00,114.126474,114.626474,30,30,-0.026867,0.035572,0.000000,0.000000,0.000000,0.000103,0
20260821_102553_275,1,Unspecified,211,2026-08-21T10:27:47.9019357+09:00,2026-08-21T10:27:48.4019357+09:00,114.626474,115.126474,30,30,-0.026950,0.035543,0.000000,0.000000,0.000000,0.000112,0
20260821_102553_275,1,Unspecified,212,2026-08-21T10:27:48.4019357+09:00,2026-08-21T10:27:48.9019357+09:00,115.126474,115.626474,30,30,-0.026723,0.035718,0.000000,0.000000,0.000000,0.000113,0
20260821_102553_275,1,Unspecified,213,2026-08-21T10:27:48.9019357+09:00,2026-08-21T10:27:49.4019357+09:00,115.626474,116.126474,30,30,-0.026840,0.035682,0.000000,0.000000,0.000000,0.000094,0
20260821_102553_275,1,Unspecified,214,2026-08-21T10:27:49.4019357+09:00,2026-08-21T10:27:49.9019357+09:00,116.126474,116.626474,30,30,-0.026243,0.036037,0.000000,0.000000,0.000000,0.000243,0
20260821_102553_275,1,Unspecified,215,2026-08-21T10:27:49.9019357+09:00,2026-08-21T10:27:50.4019357+09:00,116.626474,117.126474,30,30,-0.026126,0.036028,0.000000,0.000000,0.000000,0.000076,0
20260821_102553_275,1,Unspecified,216,2026-08-21T10:27:50.4019357+09:00,2026-08-21T10:27:50.9019357+09:00,117.126474,117.626474,30,30,-0.026142,0.035969,0.000000,0.000000,0.000000,0.000104,0
20260821_102553_275,1,Unspecified,217,2026-08-21T10:27:50.9019357+09:00,2026-08-21T10:27:51.4019357+09:00,117.626474,118.126474,30,30,-0.026246,0.035876,0.000000,0.000000,0.000000,0.000130,0
20260821_102553_275,1,Unspecified,218,2026-08-21T10:27:51.4019357+09:00,2026-08-21T10:27:51.9019357+09:00,118.126474,118.626474,30,30,-0.026390,0.035763,0.000000,0.000000,0.000000,0.000074,0
20260821_102553_275,1,Unspecified,219,2026-08-21T10:27:51.9019357+09:00,2026-08-21T10:27:52.4019357+09:00,118.626474,119.126474,30,30,-0.026519,0.035706,0.000000,0.000000,0.000000,0.000135,0
20260821_102553_275,1,Unspecified,220,2026-08-21T10:27:52.4019357+09:00,2026-08-21T10:27:52.9019357+09:00,119.126474,119.626474,30,30,-0.026467,0.035774,0.000000,0.000000,0.000000,0.000073,0
20260821_102553_275,1,Unspecified,221,2026-08-21T10:27:52.9019357+09:00,2026-08-21T10:27:53.4019357+09:00,119.626474,120.126474,30,30,-0.026826,0.035583,0.000000,0.000000,0.000000,0.000116,0
20260821_102553_275,1,Unspecified,222,2026-08-21T10:27:53.4019357+09:00,2026-08-21T10:27:53.9019357+09:00,120.126474,120.626474,30,30,-0.026450,0.035784,0.000000,0.000000,0.000000,0.000283,0
20260821_102553_275,1,Unspecified,223,2026-08-21T10:27:53.9019357+09:00,2026-08-21T10:27:54.4019357+09:00,120.626474,121.126474,30,30,-0.026212,0.035870,0.000000,0.000000,0.000000,0.000135,0
20260821_102553_275,1,Unspecified,224,2026-08-21T10:27:54.4019357+09:00,2026-08-21T10:27:54.9019357+09:00,121.126474,121.626474,30,30,-0.026381,0.035763,0.000000,0.000000,0.000000,0.000127,0
20260821_102553_275,1,Unspecified,225,2026-08-21T10:27:54.9019357+09:00,2026-08-21T10:27:55.4019357+09:00,121.626474,122.126474,30,30,-0.026561,0.035643,0.000000,0.000000,0.000000,0.000057,0
20260821_102553_275,1,Unspecified,226,2026-08-21T10:27:55.4019357+09:00,2026-08-21T10:27:55.9019357+09:00,122.126474,122.626474,30,30,-0.026666,0.035574,0.000000,0.000000,0.000000,0.000118,0
20260821_102553_275,1,Unspecified,227,2026-08-21T10:27:55.9019357+09:00,2026-08-21T10:27:56.4019357+09:00,122.626474,123.126474,30,30,-0.026521,0.035783,0.000000,0.000000,0.000000,0.000127,0
20260821_102553_275,1,Unspecified,228,2026-08-21T10:27:56.4019357+09:00,2026-08-21T10:27:56.9019357+09:00,123.126474,123.626474,30,30,-0.026689,0.035785,0.000000,0.000000,0.000000,0.000097,0
20260821_102553_275,1,Unspecified,229,2026-08-21T10:27:56.9019357+09:00,2026-08-21T10:27:57.4019357+09:00,123.626474,124.126474,30,30,-0.026252,0.035998,0.000000,0.000000,0.000000,0.000303,0
20260821_102553_275,1,Unspecified,230,2026-08-21T10:27:57.4019357+09:00,2026-08-21T10:27:57.9019357+09:00,124.126474,124.626474,30,30,-0.025983,0.036585,0.000000,0.000000,0.000000,0.000789,0
20260821_102553_275,1,Unspecified,231,2026-08-21T10:27:57.9019357+09:00,2026-08-21T10:27:58.4019357+09:00,124.626474,125.126474,30,30,-0.026821,0.037438,0.000002,0.000001,0.000001,0.001555,0
20260821_102553_275,1,Unspecified,232,2026-08-21T10:27:58.4019357+09:00,2026-08-21T10:27:58.9019357+09:00,125.126474,125.626474,30,30,-0.022908,0.037431,0.000001,0.000001,0.000001,0.001511,0
20260821_102553_275,1,Unspecified,233,2026-08-21T10:27:58.9019357+09:00,2026-08-21T10:27:59.4019357+09:00,125.626474,126.126474,30,30,-0.024250,0.037021,0.000000,0.000000,0.000000,0.000675,0
20260821_102553_275,1,Unspecified,234,2026-08-21T10:27:59.4019357+09:00,2026-08-21T10:27:59.9019357+09:00,126.126474,126.626474,30,30,-0.023960,0.037564,0.000000,0.000000,0.000000,0.000496,0
20260821_102553_275,1,Unspecified,235,2026-08-21T10:27:59.9019357+09:00,2026-08-21T10:28:00.4019357+09:00,126.626474,127.126474,30,30,-0.024557,0.037312,0.000000,0.000000,0.000000,0.000127,0
20260821_102553_275,1,Unspecified,236,2026-08-21T10:28:00.4019357+09:00,2026-08-21T10:28:00.9019357+09:00,127.126474,127.626474,30,30,-0.024833,0.037170,0.000000,0.000000,0.000000,0.000112,0
20260821_102553_275,1,Unspecified,237,2026-08-21T10:28:00.9019357+09:00,2026-08-21T10:28:01.4019357+09:00,127.626474,128.126474,30,30,-0.024673,0.037301,0.000000,0.000000,0.000000,0.000098,0
20260821_102553_275,1,Unspecified,238,2026-08-21T10:28:01.4019357+09:00,2026-08-21T10:28:01.9019357+09:00,128.126474,128.626474,30,30,-0.024639,0.037302,0.000000,0.000000,0.000000,0.000122,0
20260821_102553_275,1,Unspecified,239,2026-08-21T10:28:01.9019357+09:00,2026-08-21T10:28:02.4019357+09:00,128.626474,129.126474,30,30,-0.024649,0.037252,0.000000,0.000000,0.000000,0.000109,0
20260821_102553_275,1,Unspecified,240,2026-08-21T10:28:02.4019357+09:00,2026-08-21T10:28:02.9019357+09:00,129.126474,129.626474,30,30,-0.024452,0.037294,0.000000,0.000000,0.000000,0.000130,0
20260821_102553_275,1,Unspecified,241,2026-08-21T10:28:02.9019357+09:00,2026-08-21T10:28:03.4019357+09:00,129.626474,130.126474,30,30,-0.024540,0.037291,0.000000,0.000000,0.000000,0.000105,0
20260821_102553_275,1,Unspecified,242,2026-08-21T10:28:03.4019357+09:00,2026-08-21T10:28:03.9019357+09:00,130.126474,130.626474,30,30,-0.024379,0.037428,0.000000,0.000000,0.000000,0.000102,0
20260821_102553_275,1,Unspecified,243,2026-08-21T10:28:03.9019357+09:00,2026-08-21T10:28:04.4019357+09:00,130.626474,131.126474,30,30,-0.024177,0.037500,0.000000,0.000000,0.000000,0.000102,0
20260821_102553_275,1,Unspecified,244,2026-08-21T10:28:04.4019357+09:00,2026-08-21T10:28:04.9019357+09:00,131.126474,131.626474,30,30,-0.024321,0.037394,0.000000,0.000000,0.000000,0.000095,0
20260821_102553_275,1,Unspecified,245,2026-08-21T10:28:04.9019357+09:00,2026-08-21T10:28:05.4019357+09:00,131.626474,132.126474,30,30,-0.024379,0.037337,0.000000,0.000000,0.000000,0.000125,0
20260821_102553_275,1,Unspecified,246,2026-08-21T10:28:05.4019357+09:00,2026-08-21T10:28:05.9019357+09:00,132.126474,132.626474,30,30,-0.024252,0.037369,0.000000,0.000000,0.000000,0.000120,0
20260821_102553_275,1,Unspecified,247,2026-08-21T10:28:05.9019357+09:00,2026-08-21T10:28:06.4019357+09:00,132.626474,133.126474,30,30,-0.024264,0.037363,0.000000,0.000000,0.000000,0.000112,0
20260821_102553_275,1,Unspecified,248,2026-08-21T10:28:06.4019357+09:00,2026-08-21T10:28:06.9019357+09:00,133.126474,133.626474,30,30,-0.024171,0.037481,0.000000,0.000000,0.000000,0.000102,0
20260821_102553_275,1,Unspecified,249,2026-08-21T10:28:06.9019357+09:00,2026-08-21T10:28:07.4019357+09:00,133.626474,134.126474,30,30,-0.024090,0.037589,0.000000,0.000000,0.000000,0.000080,0
20260821_102553_275,1,Unspecified,250,2026-08-21T10:28:07.4019357+09:00,2026-08-21T10:28:07.9019357+09:00,134.126474,134.626474,30,30,-0.024053,0.037541,0.000000,0.000000,0.000000,0.000166,0
20260821_102553_275,1,Unspecified,251,2026-08-21T10:28:07.9019357+09:00,2026-08-21T10:28:08.4019357+09:00,134.626474,135.126474,30,30,-0.024233,0.037383,0.000000,0.000000,0.000000,0.000134,0
20260821_102553_275,1,Unspecified,252,2026-08-21T10:28:08.4019357+09:00,2026-08-21T10:28:08.9019357+09:00,135.126474,135.626474,30,30,-0.024131,0.037370,0.000000,0.000000,0.000000,0.000076,0
20260821_102553_275,1,Unspecified,253,2026-08-21T10:28:08.9019357+09:00,2026-08-21T10:28:09.4019357+09:00,135.626474,136.126474,30,30,-0.024054,0.037391,0.000000,0.000000,0.000000,0.000103,0
20260821_102553_275,1,Unspecified,254,2026-08-21T10:28:09.4019357+09:00,2026-08-21T10:28:09.9019357+09:00,136.126474,136.626474,30,30,-0.023970,0.037412,0.000000,0.000000,0.000000,0.000113,0
20260821_102553_275,1,Unspecified,255,2026-08-21T10:28:09.9019357+09:00,2026-08-21T10:28:10.4019357+09:00,136.626474,137.126474,30,30,-0.023981,0.037362,0.000000,0.000000,0.000000,0.000110,0
20260821_102553_275,1,Unspecified,256,2026-08-21T10:28:10.4019357+09:00,2026-08-21T10:28:10.9019357+09:00,137.126474,137.626474,30,30,-0.024254,0.037291,0.000000,0.000000,0.000000,0.000113,0
20260821_102553_275,1,Unspecified,257,2026-08-21T10:28:10.9019357+09:00,2026-08-21T10:28:11.4019357+09:00,137.626474,138.126474,30,30,-0.024285,0.037284,0.000000,0.000000,0.000000,0.000100,0
20260821_102553_275,1,Unspecified,258,2026-08-21T10:28:11.4019357+09:00,2026-08-21T10:28:11.9019357+09:00,138.126474,138.626474,30,30,-0.024237,0.037246,0.000000,0.000000,0.000000,0.000116,0
20260821_102553_275,1,Unspecified,259,2026-08-21T10:28:11.9019357+09:00,2026-08-21T10:28:12.4019357+09:00,138.626474,139.126474,30,30,-0.024322,0.037217,0.000000,0.000000,0.000000,0.000095,0
20260821_102553_275,1,Unspecified,260,2026-08-21T10:28:12.4019357+09:00,2026-08-21T10:28:12.9019357+09:00,139.126474,139.626474,30,30,-0.024365,0.037164,0.000000,0.000000,0.000000,0.000090,0
20260821_102553_275,1,Unspecified,261,2026-08-21T10:28:12.9019357+09:00,2026-08-21T10:28:13.4019357+09:00,139.626474,140.126474,30,30,-0.024254,0.037161,0.000000,0.000000,0.000000,0.000128,0
20260821_102553_275,1,Unspecified,262,2026-08-21T10:28:13.4019357+09:00,2026-08-21T10:28:13.9019357+09:00,140.126474,140.626474,30,30,-0.024333,0.037124,0.000000,0.000000,0.000000,0.000097,0
20260821_102553_275,1,Unspecified,263,2026-08-21T10:28:13.9019357+09:00,2026-08-21T10:28:14.4019357+09:00,140.626474,141.126474,30,30,-0.024377,0.037117,0.000000,0.000000,0.000000,0.000104,0
20260821_102553_275,1,Unspecified,264,2026-08-21T10:28:14.4019357+09:00,2026-08-21T10:28:14.9019357+09:00,141.126474,141.626474,30,30,-0.024302,0.037223,0.000000,0.000000,0.000000,0.000098,0
20260821_102553_275,1,Unspecified,265,2026-08-21T10:28:14.9019357+09:00,2026-08-21T10:28:15.4019357+09:00,141.626474,142.126474,30,30,-0.024226,0.037271,0.000000,0.000000,0.000000,0.000185,0
20260821_102553_275,1,Unspecified,266,2026-08-21T10:28:15.4019357+09:00,2026-08-21T10:28:15.9019357+09:00,142.126474,142.626474,30,30,-0.023741,0.037401,0.000000,0.000000,0.000000,0.000141,0
20260821_102553_275,1,Unspecified,267,2026-08-21T10:28:15.9019357+09:00,2026-08-21T10:28:16.4019357+09:00,142.626474,143.126474,30,30,-0.024024,0.037220,0.000000,0.000000,0.000000,0.000106,0
20260821_102553_275,1,Unspecified,268,2026-08-21T10:28:16.4019357+09:00,2026-08-21T10:28:16.9019357+09:00,143.126474,143.626474,30,30,-0.024076,0.037199,0.000000,0.000000,0.000000,0.000060,0
20260821_102553_275,1,Unspecified,269,2026-08-21T10:28:16.9019357+09:00,2026-08-21T10:28:17.4019357+09:00,143.626474,144.126474,30,30,-0.023998,0.037205,0.000000,0.000000,0.000000,0.000102,0
20260821_102553_275,1,Unspecified,270,2026-08-21T10:28:17.4019357+09:00,2026-08-21T10:28:17.9019357+09:00,144.126474,144.626474,30,30,-0.024012,0.037134,0.000000,0.000000,0.000000,0.000167,0
20260821_102553_275,1,Unspecified,271,2026-08-21T10:28:17.9019357+09:00,2026-08-21T10:28:18.4019357+09:00,144.626474,145.126474,30,30,-0.024391,0.036972,0.000000,0.000000,0.000000,0.000103,0
20260821_102553_275,1,Unspecified,272,2026-08-21T10:28:18.4019357+09:00,2026-08-21T10:28:18.9019357+09:00,145.126474,145.626474,30,30,-0.024360,0.036988,0.000000,0.000000,0.000000,0.000076,0
20260821_102553_275,1,Unspecified,273,2026-08-21T10:28:18.9019357+09:00,2026-08-21T10:28:19.4019357+09:00,145.626474,146.126474,30,30,-0.024230,0.036973,0.000000,0.000000,0.000000,0.000110,0
20260821_102553_275,1,Unspecified,274,2026-08-21T10:28:19.4019357+09:00,2026-08-21T10:28:19.9019357+09:00,146.126474,146.626474,30,30,-0.024337,0.036870,0.000000,0.000000,0.000000,0.000090,0
20260821_102553_275,1,Unspecified,275,2026-08-21T10:28:19.9019357+09:00,2026-08-21T10:28:20.4019357+09:00,146.626474,147.126474,30,30,-0.024148,0.036960,0.000000,0.000000,0.000000,0.000112,0
20260821_102553_275,1,Unspecified,276,2026-08-21T10:28:20.4019357+09:00,2026-08-21T10:28:20.9019357+09:00,147.126474,147.626474,30,30,-0.024107,0.036999,0.000000,0.000000,0.000000,0.000079,0
20260821_102553_275,1,Unspecified,277,2026-08-21T10:28:20.9019357+09:00,2026-08-21T10:28:21.4019357+09:00,147.626474,148.126474,30,30,-0.024541,0.036745,0.000000,0.000000,0.000000,0.000226,0
20260821_102553_275,1,Unspecified,278,2026-08-21T10:28:21.4019357+09:00,2026-08-21T10:28:21.9019357+09:00,148.126474,148.626474,30,30,-0.024693,0.036770,0.000000,0.000000,0.000000,0.000134,0
20260821_102553_275,1,Unspecified,279,2026-08-21T10:28:21.9019357+09:00,2026-08-21T10:28:22.4019357+09:00,148.626474,149.126474,30,30,-0.024829,0.036807,0.000000,0.000000,0.000000,0.000266,0
20260821_102553_275,1,Unspecified,280,2026-08-21T10:28:22.4019357+09:00,2026-08-21T10:28:22.9019357+09:00,149.126474,149.626474,30,30,-0.024715,0.036846,0.000000,0.000000,0.000000,0.000179,0
20260821_102553_275,1,Unspecified,281,2026-08-21T10:28:22.9019357+09:00,2026-08-21T10:28:23.4019357+09:00,149.626474,150.126474,30,30,-0.024758,0.036791,0.000000,0.000000,0.000000,0.000111,0
20260821_102553_275,1,Unspecified,282,2026-08-21T10:28:23.4019357+09:00,2026-08-21T10:28:23.9019357+09:00,150.126474,150.626474,30,30,-0.024762,0.036756,0.000000,0.000000,0.000000,0.000083,0
20260821_102553_275,1,Unspecified,283,2026-08-21T10:28:23.9019357+09:00,2026-08-21T10:28:24.4019357+09:00,150.626474,151.126474,30,30,-0.025322,0.036842,0.000000,0.000000,0.000000,0.000320,0
20260821_102553_275,1,Unspecified,284,2026-08-21T10:28:24.4019357+09:00,2026-08-21T10:28:24.9019357+09:00,151.126474,151.626474,30,30,-0.025475,0.036912,0.000000,0.000000,0.000000,0.000145,0
20260821_102553_275,1,Unspecified,285,2026-08-21T10:28:24.9019357+09:00,2026-08-21T10:28:25.4019357+09:00,151.626474,152.126474,30,30,-0.025355,0.037044,0.000000,0.000000,0.000000,0.000047,0
20260821_102553_275,1,Unspecified,286,2026-08-21T10:28:25.4019357+09:00,2026-08-21T10:28:25.9019357+09:00,152.126474,152.626474,30,30,-0.025442,0.037090,0.000000,0.000000,0.000000,0.000124,0
20260821_102553_275,1,Unspecified,287,2026-08-21T10:28:25.9019357+09:00,2026-08-21T10:28:26.4019357+09:00,152.626474,153.126474,30,30,-0.025438,0.037144,0.000000,0.000000,0.000000,0.000114,0
20260821_102553_275,1,Unspecified,288,2026-08-21T10:28:26.4019357+09:00,2026-08-21T10:28:26.9019357+09:00,153.126474,153.626474,30,30,-0.025330,0.037152,0.000000,0.000000,0.000000,0.000132,0
20260821_102553_275,1,Unspecified,289,2026-08-21T10:28:26.9019357+09:00,2026-08-21T10:28:27.4019357+09:00,153.626474,154.126474,30,30,-0.025238,0.037149,0.000000,0.000000,0.000000,0.000066,0
20260821_102553_275,1,Unspecified,290,2026-08-21T10:28:27.4019357+09:00,2026-08-21T10:28:27.9019357+09:00,154.126474,154.626474,30,30,-0.025289,0.037092,0.000000,0.000000,0.000000,0.000121,0
20260821_102553_275,1,Unspecified,291,2026-08-21T10:28:27.9019357+09:00,2026-08-21T10:28:28.4019357+09:00,154.626474,155.126474,30,30,-0.025346,0.037116,0.000000,0.000000,0.000000,0.000125,0
20260821_102553_275,1,Unspecified,292,2026-08-21T10:28:28.4019357+09:00,2026-08-21T10:28:28.9019357+09:00,155.126474,155.626474,30,30,-0.025285,0.037252,0.000000,0.000000,0.000000,0.000104,0
20260821_102553_275,1,Unspecified,293,2026-08-21T10:28:28.9019357+09:00,2026-08-21T10:28:29.4019357+09:00,155.626474,156.126474,30,30,-0.025205,0.037388,0.000000,0.000000,0.000000,0.000095,0
20260821_102553_275,1,Unspecified,294,2026-08-21T10:28:29.4019357+09:00,2026-08-21T10:28:29.9019357+09:00,156.126474,156.626474,30,30,-0.025062,0.037451,0.000000,0.000000,0.000000,0.000279,0
20260821_102553_275,1,Unspecified,295,2026-08-21T10:28:29.9019357+09:00,2026-08-21T10:28:30.4019357+09:00,156.626474,157.126474,30,30,-0.025613,0.037106,0.000000,0.000000,0.000000,0.000113,0
20260821_102553_275,1,Unspecified,296,2026-08-21T10:28:30.4019357+09:00,2026-08-21T10:28:30.9019357+09:00,157.126474,157.626474,30,30,-0.025516,0.037136,0.000000,0.000000,0.000000,0.000086,0
20260821_102553_275,1,Unspecified,297,2026-08-21T10:28:30.9019357+09:00,2026-08-21T10:28:31.4019357+09:00,157.626474,158.126474,30,30,-0.025551,0.037103,0.000000,0.000000,0.000000,0.000125,0
20260821_102553_275,1,Unspecified,298,2026-08-21T10:28:31.4019357+09:00,2026-08-21T10:28:31.9019357+09:00,158.126474,158.626474,30,30,-0.025560,0.037106,0.000000,0.000000,0.000000,0.000058,0
20260821_102553_275,1,Unspecified,299,2026-08-21T10:28:31.9019357+09:00,2026-08-21T10:28:32.4019357+09:00,158.626474,159.126474,30,30,-0.025674,0.037029,0.000000,0.000000,0.000000,0.000134,0
20260821_102553_275,1,Unspecified,300,2026-08-21T10:28:32.4019357+09:00,2026-08-21T10:28:32.9019357+09:00,159.126474,159.626474,30,30,-0.025691,0.037073,0.000000,0.000000,0.000000,0.000080,0
20260821_102553_275,1,Unspecified,301,2026-08-21T10:28:32.9019357+09:00,2026-08-21T10:28:33.4019357+09:00,159.626474,160.126474,30,30,-0.025661,0.037131,0.000000,0.000000,0.000000,0.000215,0
20260821_102553_275,1,Unspecified,302,2026-08-21T10:28:33.4019357+09:00,2026-08-21T10:28:33.9019357+09:00,160.126474,160.626474,30,30,-0.025463,0.037225,0.000000,0.000000,0.000000,0.000311,0
20260821_102553_275,1,Unspecified,303,2026-08-21T10:28:33.9019357+09:00,2026-08-21T10:28:34.4019357+09:00,160.626474,161.126474,30,30,-0.026182,0.036823,0.000000,0.000000,0.000000,0.000095,0
20260821_102553_275,1,Unspecified,304,2026-08-21T10:28:34.4019357+09:00,2026-08-21T10:28:34.9019357+09:00,161.126474,161.626474,30,30,-0.026064,0.036832,0.000000,0.000000,0.000000,0.000094,0
20260821_102553_275,1,Unspecified,305,2026-08-21T10:28:34.9019357+09:00,2026-08-21T10:28:35.4019357+09:00,161.626474,162.126474,30,30,-0.025939,0.036826,0.000000,0.000000,0.000000,0.000118,0
20260821_102553_275,1,Unspecified,306,2026-08-21T10:28:35.4019357+09:00,2026-08-21T10:28:35.9019357+09:00,162.126474,162.626474,30,30,-0.025825,0.036848,0.000000,0.000000,0.000000,0.000077,0
20260821_102553_275,1,Unspecified,307,2026-08-21T10:28:35.9019357+09:00,2026-08-21T10:28:36.4019357+09:00,162.626474,163.126474,30,30,-0.025813,0.036892,0.000000,0.000000,0.000000,0.000109,0
20260821_102553_275,1,Unspecified,308,2026-08-21T10:28:36.4019357+09:00,2026-08-21T10:28:36.9019357+09:00,163.126474,163.626474,30,30,-0.025772,0.036957,0.000000,0.000000,0.000000,0.000107,0
20260821_102553_275,1,Unspecified,309,2026-08-21T10:28:36.9019357+09:00,2026-08-21T10:28:37.4019357+09:00,163.626474,164.126474,30,30,-0.025746,0.036969,0.000000,0.000000,0.000000,0.000182,0
20260821_102553_275,1,Unspecified,310,2026-08-21T10:28:37.4019357+09:00,2026-08-21T10:28:37.9019357+09:00,164.126474,164.626474,30,30,-0.025416,0.037079,0.000000,0.000000,0.000000,0.000155,0
20260821_102553_275,1,Unspecified,311,2026-08-21T10:28:37.9019357+09:00,2026-08-21T10:28:38.4019357+09:00,164.626474,165.126474,30,30,-0.025619,0.036902,0.000000,0.000000,0.000000,0.000082,0
20260821_102553_275,1,Unspecified,312,2026-08-21T10:28:38.4019357+09:00,2026-08-21T10:28:38.9019357+09:00,165.126474,165.626474,30,30,-0.025599,0.036919,0.000000,0.000000,0.000000,0.000126,0
20260821_102553_275,1,Unspecified,313,2026-08-21T10:28:38.9019357+09:00,2026-08-21T10:28:39.4019357+09:00,165.626474,166.126474,30,30,-0.025353,0.036995,0.000000,0.000000,0.000000,0.000126,0
20260821_102553_275,1,Unspecified,314,2026-08-21T10:28:39.4019357+09:00,2026-08-21T10:28:39.9019357+09:00,166.126474,166.626474,31,31,-0.025213,0.036974,0.000000,0.000000,0.000000,0.000091,0
20260821_102553_275,1,Unspecified,315,2026-08-21T10:28:39.9019357+09:00,2026-08-21T10:28:40.4019357+09:00,166.626474,167.126474,29,29,-0.025283,0.036960,0.000000,0.000000,0.000000,0.000126,0
20260821_102553_275,1,Unspecified,316,2026-08-21T10:28:40.4019357+09:00,2026-08-21T10:28:40.9019357+09:00,167.126474,167.626474,30,30,-0.025310,0.037003,0.000000,0.000000,0.000000,0.000090,0
20260821_102553_275,1,Unspecified,317,2026-08-21T10:28:40.9019357+09:00,2026-08-21T10:28:41.4019357+09:00,167.626474,168.126474,30,30,-0.024731,0.037326,0.000000,0.000000,0.000000,0.000184,0
20260821_102553_275,1,Unspecified,318,2026-08-21T10:28:41.4019357+09:00,2026-08-21T10:28:41.9019357+09:00,168.126474,168.626474,30,30,-0.024920,0.037205,0.000000,0.000000,0.000000,0.000171,0
20260821_102553_275,1,Unspecified,319,2026-08-21T10:28:41.9019357+09:00,2026-08-21T10:28:42.4019357+09:00,168.626474,169.126474,30,30,-0.025013,0.037128,0.000000,0.000000,0.000000,0.000147,0
20260821_102553_275,1,Unspecified,320,2026-08-21T10:28:42.4019357+09:00,2026-08-21T10:28:42.9019357+09:00,169.126474,169.626474,30,30,-0.025114,0.037062,0.000000,0.000000,0.000000,0.000074,0
20260821_102553_275,1,Unspecified,321,2026-08-21T10:28:42.9019357+09:00,2026-08-21T10:28:43.4019357+09:00,169.626474,170.126474,30,30,-0.025201,0.037029,0.000000,0.000000,0.000000,0.000123,0
20260821_102553_275,1,Unspecified,322,2026-08-21T10:28:43.4019357+09:00,2026-08-21T10:28:43.9019357+09:00,170.126474,170.626474,30,30,-0.025256,0.037021,0.000000,0.000000,0.000000,0.000063,0
20260821_102553_275,1,Unspecified,323,2026-08-21T10:28:43.9019357+09:00,2026-08-21T10:28:44.4019357+09:00,170.626474,171.126474,30,30,-0.025383,0.036987,0.000000,0.000000,0.000000,0.000088,0
20260821_102553_275,1,Unspecified,324,2026-08-21T10:28:44.4019357+09:00,2026-08-21T10:28:44.9019357+09:00,171.126474,171.626474,30,30,-0.025159,0.037109,0.000000,0.000000,0.000000,0.000144,0
20260821_102553_275,1,Unspecified,325,2026-08-21T10:28:44.9019357+09:00,2026-08-21T10:28:45.4019357+09:00,171.626474,172.126474,30,30,-0.025106,0.037085,0.000000,0.000000,0.000000,0.000086,0
20260821_102553_275,1,Unspecified,326,2026-08-21T10:28:45.4019357+09:00,2026-08-21T10:28:45.9019357+09:00,172.126474,172.626474,30,30,-0.025175,0.037004,0.000000,0.000000,0.000000,0.000105,0
20260821_102553_275,1,Unspecified,327,2026-08-21T10:28:45.9019357+09:00,2026-08-21T10:28:46.4019357+09:00,172.626474,173.126474,30,30,-0.025098,0.037024,0.000000,0.000000,0.000000,0.000108,0
20260821_102553_275,1,Unspecified,328,2026-08-21T10:28:46.4019357+09:00,2026-08-21T10:28:46.9019357+09:00,173.126474,173.626474,30,30,-0.025047,0.037025,0.000000,0.000000,0.000000,0.000081,0
20260821_102553_275,1,Unspecified,329,2026-08-21T10:28:46.9019357+09:00,2026-08-21T10:28:47.4019357+09:00,173.626474,174.126474,30,30,-0.025204,0.036943,0.000000,0.000000,0.000000,0.000128,0
20260821_102553_275,1,Unspecified,330,2026-08-21T10:28:47.4019357+09:00,2026-08-21T10:28:47.9019357+09:00,174.126474,174.626474,30,30,-0.025407,0.036891,0.000000,0.000000,0.000000,0.000069,0
20260821_102553_275,1,Unspecified,331,2026-08-21T10:28:47.9019357+09:00,2026-08-21T10:28:48.4019357+09:00,174.626474,175.126474,30,30,-0.025108,0.037088,0.000000,0.000000,0.000000,0.000176,0
20260821_102553_275,1,Unspecified,332,2026-08-21T10:28:48.4019357+09:00,2026-08-21T10:28:48.9019357+09:00,175.126474,175.626474,30,30,-0.025037,0.037104,0.000000,0.000000,0.000000,0.000108,0
20260821_102553_275,1,Unspecified,333,2026-08-21T10:28:48.9019357+09:00,2026-08-21T10:28:49.4019357+09:00,175.626474,176.126474,30,30,-0.024819,0.037225,0.000000,0.000000,0.000000,0.000087,0
20260821_102553_275,1,Unspecified,334,2026-08-21T10:28:49.4019357+09:00,2026-08-21T10:28:49.9019357+09:00,176.126474,176.626474,30,30,-0.024844,0.037220,0.000000,0.000000,0.000000,0.000116,0
20260821_102553_275,1,Unspecified,335,2026-08-21T10:28:49.9019357+09:00,2026-08-21T10:28:50.4019357+09:00,176.626474,177.126474,30,30,-0.024807,0.037253,0.000000,0.000000,0.000000,0.000109,0
20260821_102553_275,1,Unspecified,336,2026-08-21T10:28:50.4019357+09:00,2026-08-21T10:28:50.9019357+09:00,177.126474,177.626474,30,30,-0.024699,0.037326,0.000000,0.000000,0.000000,0.000077,0
20260821_102553_275,1,Unspecified,337,2026-08-21T10:28:50.9019357+09:00,2026-08-21T10:28:51.4019357+09:00,177.626474,178.126474,30,30,-0.024913,0.037216,0.000000,0.000000,0.000000,0.000105,0
20260821_102553_275,1,Unspecified,338,2026-08-21T10:28:51.4019357+09:00,2026-08-21T10:28:51.9019357+09:00,178.126474,178.626474,30,30,-0.024842,0.037268,0.000000,0.000000,0.000000,0.000182,0
20260821_102553_275,1,Unspecified,339,2026-08-21T10:28:51.9019357+09:00,2026-08-21T10:28:52.4019357+09:00,178.626474,179.126474,30,30,-0.024824,0.037238,0.000000,0.000000,0.000000,0.000118,0
20260821_102553_275,1,Unspecified,340,2026-08-21T10:28:52.4019357+09:00,2026-08-21T10:28:52.9019357+09:00,179.126474,179.626474,30,30,-0.024677,0.037291,0.000000,0.000000,0.000000,0.000164,0
20260821_102553_275,1,Unspecified,341,2026-08-21T10:28:52.9019357+09:00,2026-08-21T10:28:53.4019357+09:00,179.626474,180.126474,30,30,-0.024572,0.037307,0.000000,0.000000,0.000000,0.000060,0
20260821_102553_275,1,Unspecified,342,2026-08-21T10:28:53.4019357+09:00,2026-08-21T10:28:53.9019357+09:00,180.126474,180.626474,30,30,-0.024571,0.037291,0.000000,0.000000,0.000000,0.000130,0
20260821_102553_275,1,Unspecified,343,2026-08-21T10:28:53.9019357+09:00,2026-08-21T10:28:54.4019357+09:00,180.626474,181.126474,30,30,-0.024767,0.037199,0.000000,0.000000,0.000000,0.000220,0
20260821_102553_275,1,Unspecified,344,2026-08-21T10:28:54.4019357+09:00,2026-08-21T10:28:54.9019357+09:00,181.126474,181.626474,30,30,-0.025326,0.036919,0.000000,0.000000,0.000000,0.000094,0
20260821_102553_275,1,Unspecified,345,2026-08-21T10:28:54.9019357+09:00,2026-08-21T10:28:55.4019357+09:00,181.626474,182.126474,30,30,-0.025034,0.037116,0.000000,0.000000,0.000000,0.000153,0
20260821_102553_275,1,Unspecified,346,2026-08-21T10:28:55.4019357+09:00,2026-08-21T10:28:55.9019357+09:00,182.126474,182.626474,30,30,-0.024771,0.037207,0.000000,0.000000,0.000000,0.000054,0
20260821_102553_275,1,Unspecified,347,2026-08-21T10:28:55.9019357+09:00,2026-08-21T10:28:56.4019357+09:00,182.626474,183.126474,30,30,-0.024803,0.037149,0.000000,0.000000,0.000000,0.000101,0
20260821_102553_275,1,Unspecified,348,2026-08-21T10:28:56.4019357+09:00,2026-08-21T10:28:56.9019357+09:00,183.126474,183.626474,30,30,-0.024704,0.037176,0.000000,0.000000,0.000000,0.000116,0
20260821_102553_275,1,Unspecified,349,2026-08-21T10:28:56.9019357+09:00,2026-08-21T10:28:57.4019357+09:00,183.626474,184.126474,30,30,-0.024691,0.037151,0.000000,0.000000,0.000000,0.000069,0
20260821_102553_275,1,Unspecified,350,2026-08-21T10:28:57.4019357+09:00,2026-08-21T10:28:57.9019357+09:00,184.126474,184.626474,30,30,-0.024922,0.037069,0.000000,0.000000,0.000000,0.000165,0
20260821_102553_275,1,Unspecified,351,2026-08-21T10:28:57.9019357+09:00,2026-08-21T10:28:58.4019357+09:00,184.626474,185.126474,30,30,-0.025170,0.036992,0.000000,0.000000,0.000000,0.000088,0
20260821_102553_275,1,Unspecified,352,2026-08-21T10:28:58.4019357+09:00,2026-08-21T10:28:58.9019357+09:00,185.126474,185.626474,30,30,-0.025011,0.037045,0.000000,0.000000,0.000000,0.000073,0
20260821_102553_275,1,Unspecified,353,2026-08-21T10:28:58.9019357+09:00,2026-08-21T10:28:59.4019357+09:00,185.626474,186.126474,30,30,-0.024970,0.037026,0.000000,0.000000,0.000000,0.000102,0
20260821_102553_275,1,Unspecified,354,2026-08-21T10:28:59.4019357+09:00,2026-08-21T10:28:59.9019357+09:00,186.126474,186.626474,30,30,-0.024744,0.037196,0.000000,0.000000,0.000000,0.000155,0
20260821_102553_275,1,Unspecified,355,2026-08-21T10:28:59.9019357+09:00,2026-08-21T10:29:00.4019357+09:00,186.626474,187.126474,30,30,-0.024823,0.037167,0.000000,0.000000,0.000000,0.000095,0
20260821_102553_275,1,Unspecified,356,2026-08-21T10:29:00.4019357+09:00,2026-08-21T10:29:00.9019357+09:00,187.126474,187.626474,30,30,-0.025199,0.037057,0.000000,0.000000,0.000000,0.000182,0
20260821_102553_275,1,Unspecified,357,2026-08-21T10:29:00.9019357+09:00,2026-08-21T10:29:01.4019357+09:00,187.626474,188.126474,30,30,-0.025496,0.036950,0.000000,0.000000,0.000000,0.000055,0
20260821_102553_275,1,Unspecified,358,2026-08-21T10:29:01.4019357+09:00,2026-08-21T10:29:01.9019357+09:00,188.126474,188.626474,30,30,-0.025273,0.037061,0.000000,0.000000,0.000000,0.000174,0
20260821_102553_275,1,Unspecified,359,2026-08-21T10:29:01.9019357+09:00,2026-08-21T10:29:02.4019357+09:00,188.626474,189.126474,30,30,-0.025227,0.037056,0.000000,0.000000,0.000000,0.000102,0
20260821_102553_275,1,Unspecified,360,2026-08-21T10:29:02.4019357+09:00,2026-08-21T10:29:02.9019357+09:00,189.126474,189.626474,30,30,-0.025121,0.037070,0.000000,0.000000,0.000000,0.000071,0
20260821_102553_275,1,Unspecified,361,2026-08-21T10:29:02.9019357+09:00,2026-08-21T10:29:03.4019357+09:00,189.626474,190.126474,30,30,-0.025154,0.037030,0.000000,0.000000,0.000000,0.000122,0
20260821_102553_275,1,Unspecified,362,2026-08-21T10:29:03.4019357+09:00,2026-08-21T10:29:03.9019357+09:00,190.126474,190.626474,30,30,-0.025206,0.037005,0.000000,0.000000,0.000000,0.000115,0
20260821_102553_275,1,Unspecified,363,2026-08-21T10:29:03.9019357+09:00,2026-08-21T10:29:04.4019357+09:00,190.626474,191.126474,30,30,-0.025492,0.036896,0.000000,0.000000,0.000000,0.000150,0
20260821_102553_275,1,Unspecified,364,2026-08-21T10:29:04.4019357+09:00,2026-08-21T10:29:04.9019357+09:00,191.126474,191.626474,30,30,-0.025978,0.036663,0.000000,0.000000,0.000000,0.000159,0
20260821_102553_275,1,Unspecified,365,2026-08-21T10:29:04.9019357+09:00,2026-08-21T10:29:05.4019357+09:00,191.626474,192.126474,30,30,-0.025956,0.036672,0.000000,0.000000,0.000000,0.000178,0
20260821_102553_275,1,Unspecified,366,2026-08-21T10:29:05.4019357+09:00,2026-08-21T10:29:05.9019357+09:00,192.126474,192.626474,30,30,-0.026616,0.036303,0.000000,0.000000,0.000000,0.000260,0
20260821_102553_275,1,Unspecified,367,2026-08-21T10:29:05.9019357+09:00,2026-08-21T10:29:06.4019357+09:00,192.626474,193.126474,30,30,-0.027425,0.035649,0.000000,0.000000,0.000000,0.000464,0
20260821_102553_275,1,Unspecified,368,2026-08-21T10:29:06.4019357+09:00,2026-08-21T10:29:06.9019357+09:00,193.126474,193.626474,30,30,-0.027988,0.034575,0.000001,0.000001,0.000001,0.001285,0
20260821_102553_275,1,Unspecified,369,2026-08-21T10:29:06.9019357+09:00,2026-08-21T10:29:07.4019357+09:00,193.626474,194.126474,30,30,-0.028060,0.034935,0.000003,0.000001,0.000001,0.001805,0
20260821_102553_275,1,Unspecified,370,2026-08-21T10:29:07.4019357+09:00,2026-08-21T10:29:07.9019357+09:00,194.126474,194.626474,30,30,-0.024231,0.037145,0.000000,0.000000,0.000000,0.000677,0
20260821_102553_275,1,Unspecified,371,2026-08-21T10:29:07.9019357+09:00,2026-08-21T10:29:08.4019357+09:00,194.626474,195.126474,30,30,-0.025401,0.036818,0.000000,0.000000,0.000000,0.000274,0
20260821_102553_275,1,Unspecified,372,2026-08-21T10:29:08.4019357+09:00,2026-08-21T10:29:08.9019357+09:00,195.126474,195.626474,30,30,-0.032596,0.030415,0.000034,0.000030,0.000032,0.007991,0
20260821_102553_275,1,Unspecified,373,2026-08-21T10:29:08.9019357+09:00,2026-08-21T10:29:09.4019357+09:00,195.626474,196.126474,30,30,-0.033066,0.029984,0.000011,0.000009,0.000010,0.004442,0
20260821_102553_275,1,Unspecified,374,2026-08-21T10:29:09.4019357+09:00,2026-08-21T10:29:09.9019357+09:00,196.126474,196.626474,30,30,-0.029779,0.032837,0.000000,0.000000,0.000000,0.000342,0
20260821_102553_275,1,Unspecified,375,2026-08-21T10:29:09.9019357+09:00,2026-08-21T10:29:10.4019357+09:00,196.626474,197.126474,30,30,-0.028515,0.033725,0.000000,0.000000,0.000000,0.000649,0
20260821_102553_275,1,Unspecified,376,2026-08-21T10:29:10.4019357+09:00,2026-08-21T10:29:10.9019357+09:00,197.126474,197.626474,30,30,-0.028106,0.034257,0.000000,0.000000,0.000000,0.000174,0
20260821_102553_275,1,Unspecified,377,2026-08-21T10:29:10.9019357+09:00,2026-08-21T10:29:11.4019357+09:00,197.626474,198.126474,30,30,-0.027736,0.034754,0.000000,0.000000,0.000000,0.000161,0
20260821_102553_275,1,Unspecified,378,2026-08-21T10:29:11.4019357+09:00,2026-08-21T10:29:11.9019357+09:00,198.126474,198.626474,30,30,-0.027925,0.034716,0.000000,0.000000,0.000000,0.000134,0
20260821_102553_275,1,Unspecified,379,2026-08-21T10:29:11.9019357+09:00,2026-08-21T10:29:12.4019357+09:00,198.626474,199.126474,30,30,-0.027044,0.035201,0.000000,0.000000,0.000000,0.000342,0
20260821_102553_275,1,Unspecified,380,2026-08-21T10:29:12.4019357+09:00,2026-08-21T10:29:12.9019357+09:00,199.126474,199.626474,30,30,-0.027197,0.035030,0.000000,0.000000,0.000000,0.000140,0
20260821_102553_275,1,Unspecified,381,2026-08-21T10:29:12.9019357+09:00,2026-08-21T10:29:13.4019357+09:00,199.626474,200.126474,30,30,-0.027003,0.035183,0.000000,0.000000,0.000000,0.000093,0
20260821_102553_275,1,Unspecified,382,2026-08-21T10:29:13.4019357+09:00,2026-08-21T10:29:13.9019357+09:00,200.126474,200.626474,30,30,-0.027112,0.035292,0.000000,0.000000,0.000000,0.000104,0
20260821_102553_275,1,Unspecified,383,2026-08-21T10:29:13.9019357+09:00,2026-08-21T10:29:14.4019357+09:00,200.626474,201.126474,30,30,-0.027026,0.035423,0.000000,0.000000,0.000000,0.000135,0
20260821_102553_275,1,Unspecified,384,2026-08-21T10:29:14.4019357+09:00,2026-08-21T10:29:14.9019357+09:00,201.126474,201.626474,30,30,-0.026965,0.035557,0.000000,0.000000,0.000000,0.000087,0
20260821_102553_275,1,Unspecified,385,2026-08-21T10:29:14.9019357+09:00,2026-08-21T10:29:15.4019357+09:00,201.626474,202.126474,30,30,-0.026730,0.035751,0.000000,0.000000,0.000000,0.000322,0
20260821_102553_275,1,Unspecified,386,2026-08-21T10:29:15.4019357+09:00,2026-08-21T10:29:15.9019357+09:00,202.126474,202.626474,30,30,-0.026063,0.036022,0.000000,0.000000,0.000000,0.000173,0
20260821_102553_275,1,Unspecified,387,2026-08-21T10:29:15.9019357+09:00,2026-08-21T10:29:16.4019357+09:00,202.626474,203.126474,30,30,-0.026469,0.035662,0.000000,0.000000,0.000000,0.000175,0
20260821_102553_275,1,Unspecified,388,2026-08-21T10:29:16.4019357+09:00,2026-08-21T10:29:16.9019357+09:00,203.126474,203.626474,30,30,-0.026495,0.035655,0.000000,0.000000,0.000000,0.000130,0
20260821_102553_275,1,Unspecified,389,2026-08-21T10:29:16.9019357+09:00,2026-08-21T10:29:17.4019357+09:00,203.626474,204.126474,30,30,-0.026527,0.035610,0.000000,0.000000,0.000000,0.000113,0
20260821_102553_275,1,Unspecified,390,2026-08-21T10:29:17.4019357+09:00,2026-08-21T10:29:17.9019357+09:00,204.126474,204.626474,30,30,-0.026414,0.035738,0.000000,0.000000,0.000000,0.000159,0
20260821_102553_275,1,Unspecified,391,2026-08-21T10:29:17.9019357+09:00,2026-08-21T10:29:18.4019357+09:00,204.626474,205.126474,30,30,-0.026358,0.035875,0.000000,0.000000,0.000000,0.000096,0
20260821_102553_275,1,Unspecified,392,2026-08-21T10:29:18.4019357+09:00,2026-08-21T10:29:18.9019357+09:00,205.126474,205.626474,30,30,-0.025779,0.036247,0.000000,0.000000,0.000000,0.000320,0
20260821_102553_275,1,Unspecified,393,2026-08-21T10:29:18.9019357+09:00,2026-08-21T10:29:19.4019357+09:00,205.626474,206.126474,30,30,-0.025623,0.036263,0.000000,0.000000,0.000000,0.000222,0
20260821_102553_275,1,Unspecified,394,2026-08-21T10:29:19.4019357+09:00,2026-08-21T10:29:19.9019357+09:00,206.126474,206.626474,30,30,-0.026180,0.035866,0.000000,0.000000,0.000000,0.000119,0
20260821_102553_275,1,Unspecified,395,2026-08-21T10:29:19.9019357+09:00,2026-08-21T10:29:20.4019357+09:00,206.626474,207.126474,30,30,-0.026345,0.035727,0.000000,0.000000,0.000000,0.000116,0
20260821_102553_275,1,Unspecified,396,2026-08-21T10:29:20.4019357+09:00,2026-08-21T10:29:20.9019357+09:00,207.126474,207.626474,30,30,-0.026371,0.035659,0.000000,0.000000,0.000000,0.000081,0
20260821_102553_275,1,Unspecified,397,2026-08-21T10:29:20.9019357+09:00,2026-08-21T10:29:21.4019357+09:00,207.626474,208.126474,30,30,-0.026259,0.035738,0.000000,0.000000,0.000000,0.000246,0
20260821_102553_275,1,Unspecified,398,2026-08-21T10:29:21.4019357+09:00,2026-08-21T10:29:21.9019357+09:00,208.126474,208.626474,30,30,-0.026209,0.035886,0.000000,0.000000,0.000000,0.000147,0
20260821_102553_275,1,Unspecified,399,2026-08-21T10:29:21.9019357+09:00,2026-08-21T10:29:22.4019357+09:00,208.626474,209.126474,30,30,-0.026260,0.035886,0.000000,0.000000,0.000000,0.000088,0
20260821_102553_275,1,Unspecified,400,2026-08-21T10:29:22.4019357+09:00,2026-08-21T10:29:22.9019357+09:00,209.126474,209.626474,30,30,-0.025940,0.036047,0.000000,0.000000,0.000000,0.000295,0
20260821_102553_275,1,Unspecified,401,2026-08-21T10:29:22.9019357+09:00,2026-08-21T10:29:23.4019357+09:00,209.626474,210.126474,30,30,-0.025983,0.035897,0.000000,0.000000,0.000000,0.000233,0
20260821_102553_275,1,Unspecified,402,2026-08-21T10:29:23.4019357+09:00,2026-08-21T10:29:23.9019357+09:00,210.126474,210.626474,30,30,-0.025942,0.035869,0.000000,0.000000,0.000000,0.000101,0
20260821_102553_275,1,Unspecified,403,2026-08-21T10:29:23.9019357+09:00,2026-08-21T10:29:24.4019357+09:00,210.626474,211.126474,30,30,-0.025967,0.035820,0.000000,0.000000,0.000000,0.000122,0
20260821_102553_275,1,Unspecified,404,2026-08-21T10:29:24.4019357+09:00,2026-08-21T10:29:24.9019357+09:00,211.126474,211.626474,30,30,-0.025745,0.036016,0.000000,0.000000,0.000000,0.000175,0
20260821_102553_275,1,Unspecified,405,2026-08-21T10:29:24.9019357+09:00,2026-08-21T10:29:25.4019357+09:00,211.626474,212.126474,30,30,-0.025678,0.036163,0.000000,0.000000,0.000000,0.000128,0
20260821_102553_275,1,Unspecified,406,2026-08-21T10:29:25.4019357+09:00,2026-08-21T10:29:25.9019357+09:00,212.126474,212.626474,30,30,-0.025479,0.036363,0.000000,0.000000,0.000000,0.000382,0
20260821_102553_275,1,Unspecified,407,2026-08-21T10:29:25.9019357+09:00,2026-08-21T10:29:26.4019357+09:00,212.626474,213.126474,30,30,-0.024857,0.036648,0.000000,0.000000,0.000000,0.000179,0
20260821_102553_275,1,Unspecified,408,2026-08-21T10:29:26.4019357+09:00,2026-08-21T10:29:26.9019357+09:00,213.126474,213.626474,30,30,-0.025075,0.036415,0.000000,0.000000,0.000000,0.000121,0
20260821_102553_275,1,Unspecified,409,2026-08-21T10:29:26.9019357+09:00,2026-08-21T10:29:27.4019357+09:00,213.626474,214.126474,30,30,-0.025004,0.036392,0.000000,0.000000,0.000000,0.000126,0
20260821_102553_275,1,Unspecified,410,2026-08-21T10:29:27.4019357+09:00,2026-08-21T10:29:27.9019357+09:00,214.126474,214.626474,30,30,-0.024974,0.036343,0.000000,0.000000,0.000000,0.000059,0
20260821_102553_275,1,Unspecified,411,2026-08-21T10:29:27.9019357+09:00,2026-08-21T10:29:28.4019357+09:00,214.626474,215.126474,30,30,-0.024826,0.036469,0.000000,0.000000,0.000000,0.000204,0
20260821_102553_275,1,Unspecified,412,2026-08-21T10:29:28.4019357+09:00,2026-08-21T10:29:28.9019357+09:00,215.126474,215.626474,30,30,-0.024449,0.036769,0.000000,0.000000,0.000000,0.000097,0
20260821_102553_275,1,Unspecified,413,2026-08-21T10:29:28.9019357+09:00,2026-08-21T10:29:29.4019357+09:00,215.626474,216.126474,30,30,-0.024135,0.037006,0.000000,0.000000,0.000000,0.000263,0
20260821_102553_275,1,Unspecified,414,2026-08-21T10:29:29.4019357+09:00,2026-08-21T10:29:29.9019357+09:00,216.126474,216.626474,30,30,-0.023173,0.037533,0.000000,0.000000,0.000000,0.000186,0
20260821_102553_275,1,Unspecified,415,2026-08-21T10:29:29.9019357+09:00,2026-08-21T10:29:30.4019357+09:00,216.626474,217.126474,30,30,-0.023604,0.037245,0.000000,0.000000,0.000000,0.000236,0
20260821_102553_275,1,Unspecified,416,2026-08-21T10:29:30.4019357+09:00,2026-08-21T10:29:30.9019357+09:00,217.126474,217.626474,30,30,-0.024378,0.036729,0.000000,0.000000,0.000000,0.000204,0
20260821_102553_275,1,Unspecified,417,2026-08-21T10:29:30.9019357+09:00,2026-08-21T10:29:31.4019357+09:00,217.626474,218.126474,30,30,-0.024275,0.036695,0.000000,0.000000,0.000000,0.000134,0
20260821_102553_275,1,Unspecified,418,2026-08-21T10:29:31.4019357+09:00,2026-08-21T10:29:31.9019357+09:00,218.126474,218.626474,30,30,-0.024560,0.036499,0.000000,0.000000,0.000000,0.000076,0
20260821_102553_275,1,Unspecified,419,2026-08-21T10:29:31.9019357+09:00,2026-08-21T10:29:32.4019357+09:00,218.626474,219.126474,30,30,-0.024895,0.036430,0.000000,0.000000,0.000000,0.000141,0
20260821_102553_275,1,Unspecified,420,2026-08-21T10:29:32.4019357+09:00,2026-08-21T10:29:32.9019357+09:00,219.126474,219.626474,30,30,-0.024689,0.036617,0.000000,0.000000,0.000000,0.000259,0
20260821_102553_275,1,Unspecified,421,2026-08-21T10:29:32.9019357+09:00,2026-08-21T10:29:33.4019357+09:00,219.626474,220.126474,30,30,-0.024116,0.036862,0.000000,0.000000,0.000000,0.000055,0
20260821_102553_275,1,Unspecified,422,2026-08-21T10:29:33.4019357+09:00,2026-08-21T10:29:33.9019357+09:00,220.126474,220.626474,30,30,-0.024262,0.036703,0.000000,0.000000,0.000000,0.000136,0
20260821_102553_275,1,Unspecified,423,2026-08-21T10:29:33.9019357+09:00,2026-08-21T10:29:34.4019357+09:00,220.626474,221.126474,30,30,-0.024267,0.036611,0.000000,0.000000,0.000000,0.000133,0
20260821_102553_275,1,Unspecified,424,2026-08-21T10:29:34.4019357+09:00,2026-08-21T10:29:34.9019357+09:00,221.126474,221.626474,30,30,-0.024173,0.036558,0.000000,0.000000,0.000000,0.000151,0
20260821_102553_275,1,Unspecified,425,2026-08-21T10:29:34.9019357+09:00,2026-08-21T10:29:35.4019357+09:00,221.626474,222.126474,30,30,-0.023860,0.036693,0.000000,0.000000,0.000000,0.000131,0
20260821_102553_275,1,Unspecified,426,2026-08-21T10:29:35.4019357+09:00,2026-08-21T10:29:35.9019357+09:00,222.126474,222.626474,30,30,-0.023619,0.036956,0.000000,0.000000,0.000000,0.000111,0
20260821_102553_275,1,Unspecified,427,2026-08-21T10:29:35.9019357+09:00,2026-08-21T10:29:36.4019357+09:00,222.626474,223.126474,30,30,-0.023639,0.037081,0.000000,0.000000,0.000000,0.000141,0
20260821_102553_275,1,Unspecified,428,2026-08-21T10:29:36.4019357+09:00,2026-08-21T10:29:36.9019357+09:00,223.126474,223.626474,30,30,-0.022952,0.037465,0.000000,0.000000,0.000000,0.000249,0
20260821_102553_275,1,Unspecified,429,2026-08-21T10:29:36.9019357+09:00,2026-08-21T10:29:37.4019357+09:00,223.626474,224.126474,30,30,-0.022416,0.037679,0.000000,0.000000,0.000000,0.000099,0
20260821_102553_275,1,Unspecified,430,2026-08-21T10:29:37.4019357+09:00,2026-08-21T10:29:37.9019357+09:00,224.126474,224.626474,30,30,-0.022753,0.037398,0.000000,0.000000,0.000000,0.000164,0
20260821_102553_275,1,Unspecified,431,2026-08-21T10:29:37.9019357+09:00,2026-08-21T10:29:38.4019357+09:00,224.626474,225.126474,30,30,-0.022970,0.037265,0.000000,0.000000,0.000000,0.000096,0
20260821_102553_275,1,Unspecified,432,2026-08-21T10:29:38.4019357+09:00,2026-08-21T10:29:38.9019357+09:00,225.126474,225.626474,30,30,-0.022952,0.037258,0.000000,0.000000,0.000000,0.000142,0
20260821_102553_275,1,Unspecified,433,2026-08-21T10:29:38.9019357+09:00,2026-08-21T10:29:39.4019357+09:00,225.626474,226.126474,30,30,-0.022612,0.037555,0.000000,0.000000,0.000000,0.000149,0
20260821_102553_275,1,Unspecified,434,2026-08-21T10:29:39.4019357+09:00,2026-08-21T10:29:39.9019357+09:00,226.126474,226.626474,30,30,-0.022536,0.037824,0.000000,0.000000,0.000000,0.000092,0
20260821_102553_275,1,Unspecified,435,2026-08-21T10:29:39.9019357+09:00,2026-08-21T10:29:40.4019357+09:00,226.626474,227.126474,30,30,-0.022494,0.037925,0.000000,0.000000,0.000000,0.000098,0
20260821_102553_275,1,Unspecified,436,2026-08-21T10:29:40.4019357+09:00,2026-08-21T10:29:40.9019357+09:00,227.126474,227.626474,30,30,-0.022261,0.038001,0.000000,0.000000,0.000000,0.000126,0
20260821_102553_275,1,Unspecified,437,2026-08-21T10:29:40.9019357+09:00,2026-08-21T10:29:41.4019357+09:00,227.626474,228.126474,30,30,-0.022206,0.037960,0.000000,0.000000,0.000000,0.000197,0
20260821_102553_275,1,Unspecified,438,2026-08-21T10:29:41.4019357+09:00,2026-08-21T10:29:41.9019357+09:00,228.126474,228.626474,30,30,-0.022758,0.037596,0.000000,0.000000,0.000000,0.000124,0
20260821_102553_275,1,Unspecified,439,2026-08-21T10:29:41.9019357+09:00,2026-08-21T10:29:42.4019357+09:00,228.626474,229.126474,30,30,-0.023023,0.037418,0.000000,0.000000,0.000000,0.000141,0
20260821_102553_275,1,Unspecified,440,2026-08-21T10:29:42.4019357+09:00,2026-08-21T10:29:42.9019357+09:00,229.126474,229.626474,30,30,-0.022911,0.037477,0.000000,0.000000,0.000000,0.000189,0
20260821_102553_275,1,Unspecified,441,2026-08-21T10:29:42.9019357+09:00,2026-08-21T10:29:43.4019357+09:00,229.626474,230.126474,30,30,-0.022940,0.037598,0.000000,0.000000,0.000000,0.000147,0
20260821_102553_275,1,Unspecified,442,2026-08-21T10:29:43.4019357+09:00,2026-08-21T10:29:43.9019357+09:00,230.126474,230.626474,30,30,-0.022952,0.037673,0.000000,0.000000,0.000000,0.000105,0
20260821_102553_275,1,Unspecified,443,2026-08-21T10:29:43.9019357+09:00,2026-08-21T10:29:44.4019357+09:00,230.626474,231.126474,30,30,-0.022511,0.037857,0.000000,0.000000,0.000000,0.000156,0
20260821_102553_275,1,Unspecified,444,2026-08-21T10:29:44.4019357+09:00,2026-08-21T10:29:44.9019357+09:00,231.126474,231.626474,30,30,-0.022615,0.037711,0.000000,0.000000,0.000000,0.000175,0
20260821_102553_275,1,Unspecified,445,2026-08-21T10:29:44.9019357+09:00,2026-08-21T10:29:45.4019357+09:00,231.626474,232.126474,30,30,-0.022825,0.037498,0.000000,0.000000,0.000000,0.000124,0
20260821_102553_275,1,Unspecified,446,2026-08-21T10:29:45.4019357+09:00,2026-08-21T10:29:45.9019357+09:00,232.126474,232.626474,30,30,-0.022996,0.037364,0.000000,0.000000,0.000000,0.000072,0
20260821_102553_275,1,Unspecified,447,2026-08-21T10:29:45.9019357+09:00,2026-08-21T10:29:46.4019357+09:00,232.626474,233.126474,30,30,-0.023421,0.037228,0.000000,0.000000,0.000000,0.000158,0
20260821_102553_275,1,Unspecified,448,2026-08-21T10:29:46.4019357+09:00,2026-08-21T10:29:46.9019357+09:00,233.126474,233.626474,30,30,-0.023443,0.037379,0.000000,0.000000,0.000000,0.000121,0
20260821_102553_275,1,Unspecified,449,2026-08-21T10:29:46.9019357+09:00,2026-08-21T10:29:47.4019357+09:00,233.626474,234.126474,30,30,-0.023689,0.037344,0.000000,0.000000,0.000000,0.000130,0
20260821_102553_275,1,Unspecified,450,2026-08-21T10:29:47.4019357+09:00,2026-08-21T10:29:47.9019357+09:00,234.126474,234.626474,30,30,-0.023042,0.037606,0.000000,0.000000,0.000000,0.000204,0
20260821_102553_275,1,Unspecified,451,2026-08-21T10:29:47.9019357+09:00,2026-08-21T10:29:48.4019357+09:00,234.626474,235.126474,30,30,-0.023136,0.037470,0.000000,0.000000,0.000000,0.000250,0
20260821_102553_275,1,Unspecified,452,2026-08-21T10:29:48.4019357+09:00,2026-08-21T10:29:48.9019357+09:00,235.126474,235.626474,30,30,-0.023258,0.037343,0.000000,0.000000,0.000000,0.000094,0
20260821_102553_275,1,Unspecified,453,2026-08-21T10:29:48.9019357+09:00,2026-08-21T10:29:49.4019357+09:00,235.626474,236.126474,30,30,-0.023281,0.037311,0.000000,0.000000,0.000000,0.000101,0
20260821_102553_275,1,Unspecified,454,2026-08-21T10:29:49.4019357+09:00,2026-08-21T10:29:49.9019357+09:00,236.126474,236.626474,30,30,-0.023288,0.037299,0.000000,0.000000,0.000000,0.000128,0
20260821_102553_275,1,Unspecified,455,2026-08-21T10:29:49.9019357+09:00,2026-08-21T10:29:50.4019357+09:00,236.626474,237.126474,30,30,-0.023284,0.037326,0.000000,0.000000,0.000000,0.000127,0
20260821_102553_275,1,Unspecified,456,2026-08-21T10:29:50.4019357+09:00,2026-08-21T10:29:50.9019357+09:00,237.126474,237.626474,30,30,-0.023198,0.037466,0.000000,0.000000,0.000000,0.000104,0
20260821_102553_275,1,Unspecified,457,2026-08-21T10:29:50.9019357+09:00,2026-08-21T10:29:51.4019357+09:00,237.626474,238.126474,30,30,-0.023099,0.037565,0.000000,0.000000,0.000000,0.000223,0
20260821_102553_275,1,Unspecified,458,2026-08-21T10:29:51.4019357+09:00,2026-08-21T10:29:51.9019357+09:00,238.126474,238.626474,30,30,-0.022203,0.037973,0.000000,0.000000,0.000000,0.000241,0
20260821_102553_275,1,Unspecified,459,2026-08-21T10:29:51.9019357+09:00,2026-08-21T10:29:52.4019357+09:00,238.626474,239.126474,30,30,-0.022226,0.037982,0.000000,0.000000,0.000000,0.000287,0
20260821_102553_275,1,Unspecified,460,2026-08-21T10:29:52.4019357+09:00,2026-08-21T10:29:52.9019357+09:00,239.126474,239.626474,30,30,-0.023338,0.037557,0.000000,0.000000,0.000000,0.000470,0
20260821_102553_275,1,Unspecified,461,2026-08-21T10:29:52.9019357+09:00,2026-08-21T10:29:53.4019357+09:00,239.626474,240.126474,30,30,-0.024177,0.037268,0.000000,0.000000,0.000000,0.000118,0
20260821_102553_275,1,Unspecified,462,2026-08-21T10:29:53.4019357+09:00,2026-08-21T10:29:53.9019357+09:00,240.126474,240.626474,30,30,-0.024194,0.037218,0.000000,0.000000,0.000000,0.000134,0
20260821_102553_275,1,Unspecified,463,2026-08-21T10:29:53.9019357+09:00,2026-08-21T10:29:54.4019357+09:00,240.626474,241.126474,30,30,-0.023658,0.037504,0.000000,0.000000,0.000000,0.000279,0
20260821_102553_275,1,Unspecified,464,2026-08-21T10:29:54.4019357+09:00,2026-08-21T10:29:54.9019357+09:00,241.126474,241.626474,30,30,-0.023791,0.037520,0.000000,0.000000,0.000000,0.000189,0
20260821_102553_275,1,Unspecified,465,2026-08-21T10:29:54.9019357+09:00,2026-08-21T10:29:55.4019357+09:00,241.626474,242.126474,30,30,-0.023690,0.037598,0.000000,0.000000,0.000000,0.000179,0
20260821_102553_275,1,Unspecified,466,2026-08-21T10:29:55.4019357+09:00,2026-08-21T10:29:55.9019357+09:00,242.126474,242.626474,30,30,-0.023827,0.037468,0.000000,0.000000,0.000000,0.000151,0
20260821_102553_275,1,Unspecified,467,2026-08-21T10:29:55.9019357+09:00,2026-08-21T10:29:56.4019357+09:00,242.626474,243.126474,30,30,-0.023963,0.037353,0.000000,0.000000,0.000000,0.000147,0
20260821_102553_275,1,Unspecified,468,2026-08-21T10:29:56.4019357+09:00,2026-08-21T10:29:56.9019357+09:00,243.126474,243.626474,30,30,-0.024080,0.037255,0.000000,0.000000,0.000000,0.000108,0
20260821_102553_275,1,Unspecified,469,2026-08-21T10:29:56.9019357+09:00,2026-08-21T10:29:57.4019357+09:00,243.626474,244.126474,30,30,-0.024052,0.037246,0.000000,0.000000,0.000000,0.000125,0
20260821_102553_275,1,Unspecified,470,2026-08-21T10:29:57.4019357+09:00,2026-08-21T10:29:57.9019357+09:00,244.126474,244.626474,30,30,-0.023829,0.037459,0.000000,0.000000,0.000000,0.000115,0
20260821_102553_275,1,Unspecified,471,2026-08-21T10:29:57.9019357+09:00,2026-08-21T10:29:58.4019357+09:00,244.626474,245.126474,30,30,-0.024023,0.037475,0.000000,0.000000,0.000000,0.000078,0
20260821_102553_275,1,Unspecified,472,2026-08-21T10:29:58.4019357+09:00,2026-08-21T10:29:58.9019357+09:00,245.126474,245.626474,30,30,-0.023455,0.037752,0.000000,0.000000,0.000000,0.000133,0
20260821_102553_275,1,Unspecified,473,2026-08-21T10:29:58.9019357+09:00,2026-08-21T10:29:59.4019357+09:00,245.626474,246.126474,30,30,-0.023841,0.037440,0.000000,0.000000,0.000000,0.000307,0
20260821_102553_275,1,Unspecified,474,2026-08-21T10:29:59.4019357+09:00,2026-08-21T10:29:59.9019357+09:00,246.126474,246.626474,30,30,-0.024022,0.037327,0.000000,0.000000,0.000000,0.000133,0
20260821_102553_275,1,Unspecified,475,2026-08-21T10:29:59.9019357+09:00,2026-08-21T10:30:00.4019357+09:00,246.626474,247.126474,30,30,-0.024093,0.037303,0.000000,0.000000,0.000000,0.000097,0
20260821_102553_275,1,Unspecified,476,2026-08-21T10:30:00.4019357+09:00,2026-08-21T10:30:00.9019357+09:00,247.126474,247.626474,30,30,-0.023853,0.037521,0.000000,0.000000,0.000000,0.000106,0
20260821_102553_275,1,Unspecified,477,2026-08-21T10:30:00.9019357+09:00,2026-08-21T10:30:01.4019357+09:00,247.626474,248.126474,30,30,-0.023944,0.037593,0.000000,0.000000,0.000000,0.000080,0
20260821_102553_275,1,Unspecified,478,2026-08-21T10:30:01.4019357+09:00,2026-08-21T10:30:01.9019357+09:00,248.126474,248.626474,30,30,-0.023421,0.037898,0.000000,0.000000,0.000000,0.000210,0
20260821_102553_275,1,Unspecified,479,2026-08-21T10:30:01.9019357+09:00,2026-08-21T10:30:02.4019357+09:00,248.626474,249.126474,30,30,-0.023839,0.037618,0.000000,0.000000,0.000000,0.000386,0
20260821_102553_275,1,Unspecified,480,2026-08-21T10:30:02.4019357+09:00,2026-08-21T10:30:02.9019357+09:00,249.126474,249.626474,30,30,-0.024344,0.037308,0.000000,0.000000,0.000000,0.000095,0
20260821_102553_275,1,Unspecified,481,2026-08-21T10:30:02.9019357+09:00,2026-08-21T10:30:03.4019357+09:00,249.626474,250.126474,30,30,-0.024166,0.037287,0.000000,0.000000,0.000000,0.000099,0
20260821_102553_275,1,Unspecified,482,2026-08-21T10:30:03.4019357+09:00,2026-08-21T10:30:03.9019357+09:00,250.126474,250.626474,30,30,-0.023636,0.037621,0.000000,0.000000,0.000000,0.000367,0
20260821_102553_275,1,Unspecified,483,2026-08-21T10:30:03.9019357+09:00,2026-08-21T10:30:04.4019357+09:00,250.626474,251.126474,30,30,-0.023156,0.037982,0.000000,0.000000,0.000000,0.000173,0
20260821_102553_275,1,Unspecified,484,2026-08-21T10:30:04.4019357+09:00,2026-08-21T10:30:04.9019357+09:00,251.126474,251.626474,30,30,-0.023268,0.037957,0.000000,0.000000,0.000000,0.000356,0
20260821_102553_275,1,Unspecified,485,2026-08-21T10:30:04.9019357+09:00,2026-08-21T10:30:05.4019357+09:00,251.626474,252.126474,30,30,-0.022794,0.038190,0.000000,0.000000,0.000000,0.000347,0
20260821_102553_275,1,Unspecified,486,2026-08-21T10:30:05.4019357+09:00,2026-08-21T10:30:05.9019357+09:00,252.126474,252.626474,30,30,-0.023589,0.037807,0.000000,0.000000,0.000000,0.000086,0
20260821_102553_275,1,Unspecified,487,2026-08-21T10:30:05.9019357+09:00,2026-08-21T10:30:06.4019357+09:00,252.626474,253.126474,30,30,-0.023841,0.037721,0.000000,0.000000,0.000000,0.000100,0
20260821_102553_275,1,Unspecified,488,2026-08-21T10:30:06.4019357+09:00,2026-08-21T10:30:06.9019357+09:00,253.126474,253.626474,30,30,-0.023750,0.037710,0.000000,0.000000,0.000000,0.000120,0
20260821_102553_275,1,Unspecified,489,2026-08-21T10:30:06.9019357+09:00,2026-08-21T10:30:07.4019357+09:00,253.626474,254.126474,30,30,-0.023801,0.037704,0.000000,0.000000,0.000000,0.000065,0
20260821_102553_275,1,Unspecified,490,2026-08-21T10:30:07.4019357+09:00,2026-08-21T10:30:07.9019357+09:00,254.126474,254.626474,30,30,-0.023982,0.037622,0.000000,0.000000,0.000000,0.000121,0
20260821_102553_275,1,Unspecified,491,2026-08-21T10:30:07.9019357+09:00,2026-08-21T10:30:08.4019357+09:00,254.626474,255.126474,30,30,-0.023615,0.037960,0.000000,0.000000,0.000000,0.000196,0
20260821_102553_275,1,Unspecified,492,2026-08-21T10:30:08.4019357+09:00,2026-08-21T10:30:08.9019357+09:00,255.126474,255.626474,30,30,-0.023180,0.038153,0.000000,0.000000,0.000000,0.000114,0
20260821_102553_275,1,Unspecified,493,2026-08-21T10:30:08.9019357+09:00,2026-08-21T10:30:09.4019357+09:00,255.626474,256.126474,30,30,-0.023918,0.037685,0.000000,0.000000,0.000000,0.000224,0
20260821_102553_275,1,Unspecified,494,2026-08-21T10:30:09.4019357+09:00,2026-08-21T10:30:09.9019357+09:00,256.126474,256.626474,30,30,-0.023988,0.037620,0.000000,0.000000,0.000000,0.000115,0
20260821_102553_275,1,Unspecified,495,2026-08-21T10:30:09.9019357+09:00,2026-08-21T10:30:10.4019357+09:00,256.626474,257.126474,30,30,-0.023989,0.037653,0.000000,0.000000,0.000000,0.000148,0
20260821_102553_275,1,Unspecified,496,2026-08-21T10:30:10.4019357+09:00,2026-08-21T10:30:10.9019357+09:00,257.126474,257.626474,30,30,-0.024004,0.037696,0.000000,0.000000,0.000000,0.000101,0
20260821_102553_275,1,Unspecified,497,2026-08-21T10:30:10.9019357+09:00,2026-08-21T10:30:11.4019357+09:00,257.626474,258.126474,30,30,-0.023965,0.037738,0.000000,0.000000,0.000000,0.000099,0
20260821_102553_275,1,Unspecified,498,2026-08-21T10:30:11.4019357+09:00,2026-08-21T10:30:11.9019357+09:00,258.126474,258.626474,30,30,-0.023572,0.037936,0.000000,0.000000,0.000000,0.000102,0
20260821_102553_275,1,Unspecified,499,2026-08-21T10:30:11.9019357+09:00,2026-08-21T10:30:12.4019357+09:00,258.626474,259.126474,30,30,-0.023984,0.037645,0.000000,0.000000,0.000000,0.000116,0
20260821_102553_275,1,Unspecified,500,2026-08-21T10:30:12.4019357+09:00,2026-08-21T10:30:12.9019357+09:00,259.126474,259.626474,30,30,-0.024017,0.037590,0.000000,0.000000,0.000000,0.000118,0
20260821_102553_275,1,Unspecified,501,2026-08-21T10:30:12.9019357+09:00,2026-08-21T10:30:13.4019357+09:00,259.626474,260.126474,30,30,-0.024058,0.037535,0.000000,0.000000,0.000000,0.000076,0
20260821_102553_275,1,Unspecified,502,2026-08-21T10:30:13.4019357+09:00,2026-08-21T10:30:13.9019357+09:00,260.126474,260.626474,30,30,-0.024070,0.037596,0.000000,0.000000,0.000000,0.000101,0
20260821_102553_275,1,Unspecified,503,2026-08-21T10:30:13.9019357+09:00,2026-08-21T10:30:14.4019357+09:00,260.626474,261.126474,30,30,-0.024273,0.037599,0.000000,0.000000,0.000000,0.000121,0
20260821_102553_275,1,Unspecified,504,2026-08-21T10:30:14.4019357+09:00,2026-08-21T10:30:14.9019357+09:00,261.126474,261.626474,30,30,-0.023981,0.037811,0.000000,0.000000,0.000000,0.000450,0
20260821_102553_275,1,Unspecified,505,2026-08-21T10:30:14.9019357+09:00,2026-08-21T10:30:15.4019357+09:00,261.626474,262.126474,30,30,-0.023418,0.037963,0.000000,0.000000,0.000000,0.000404,0
20260821_102553_275,1,Unspecified,506,2026-08-21T10:30:15.4019357+09:00,2026-08-21T10:30:15.9019357+09:00,262.126474,262.626474,30,30,-0.024131,0.037562,0.000000,0.000000,0.000000,0.000101,0
20260821_102553_275,1,Unspecified,507,2026-08-21T10:30:15.9019357+09:00,2026-08-21T10:30:16.4019357+09:00,262.626474,263.126474,30,30,-0.024301,0.037503,0.000000,0.000000,0.000000,0.000092,0
20260821_102553_275,1,Unspecified,508,2026-08-21T10:30:16.4019357+09:00,2026-08-21T10:30:16.9019357+09:00,263.126474,263.626474,30,30,-0.024304,0.037516,0.000000,0.000000,0.000000,0.000126,0
20260821_102553_275,1,Unspecified,509,2026-08-21T10:30:16.9019357+09:00,2026-08-21T10:30:17.4019357+09:00,263.626474,264.126474,30,30,-0.024345,0.037618,0.000000,0.000000,0.000000,0.000080,0
20260821_102553_275,1,Unspecified,510,2026-08-21T10:30:17.4019357+09:00,2026-08-21T10:30:17.9019357+09:00,264.126474,264.626474,30,30,-0.024485,0.037649,0.000000,0.000000,0.000000,0.000091,0
20260821_102553_275,1,Unspecified,511,2026-08-21T10:30:17.9019357+09:00,2026-08-21T10:30:18.4019357+09:00,264.626474,265.126474,30,30,-0.024163,0.037821,0.000000,0.000000,0.000000,0.000155,0
20260821_102553_275,1,Unspecified,512,2026-08-21T10:30:18.4019357+09:00,2026-08-21T10:30:18.9019357+09:00,265.126474,265.626474,30,30,-0.024638,0.037560,0.000000,0.000000,0.000000,0.000310,0
20260821_102553_275,1,Unspecified,513,2026-08-21T10:30:18.9019357+09:00,2026-08-21T10:30:19.4019357+09:00,265.626474,266.126474,30,30,-0.024902,0.037416,0.000000,0.000000,0.000000,0.000100,0
20260821_102553_275,1,Unspecified,514,2026-08-21T10:30:19.4019357+09:00,2026-08-21T10:30:19.9019357+09:00,266.126474,266.626474,30,30,-0.024795,0.037467,0.000000,0.000000,0.000000,0.000135,0
20260821_102553_275,1,Unspecified,515,2026-08-21T10:30:19.9019357+09:00,2026-08-21T10:30:20.4019357+09:00,266.626474,267.126474,30,30,-0.024898,0.037482,0.000000,0.000000,0.000000,0.000191,0
20260821_102553_275,1,Unspecified,516,2026-08-21T10:30:20.4019357+09:00,2026-08-21T10:30:20.9019357+09:00,267.126474,267.626474,30,30,-0.024988,0.037529,0.000000,0.000000,0.000000,0.000245,0
20260821_102553_275,1,Unspecified,517,2026-08-21T10:30:20.9019357+09:00,2026-08-21T10:30:21.4019357+09:00,267.626474,268.126474,30,30,-0.025453,0.037390,0.000000,0.000000,0.000000,0.000108,0
20260821_102553_275,1,Unspecified,518,2026-08-21T10:30:21.4019357+09:00,2026-08-21T10:30:21.9019357+09:00,268.126474,268.626474,30,30,-0.025285,0.037459,0.000000,0.000000,0.000000,0.000125,0
20260821_102553_275,1,Unspecified,519,2026-08-21T10:30:21.9019357+09:00,2026-08-21T10:30:22.4019357+09:00,268.626474,269.126474,30,30,-0.025843,0.037040,0.000000,0.000000,0.000000,0.000081,0
20260821_102553_275,1,Unspecified,520,2026-08-21T10:30:22.4019357+09:00,2026-08-21T10:30:22.9019357+09:00,269.126474,269.626474,30,30,-0.025861,0.036973,0.000000,0.000000,0.000000,0.000156,0
20260821_102553_275,1,Unspecified,521,2026-08-21T10:30:22.9019357+09:00,2026-08-21T10:30:23.4019357+09:00,269.626474,270.126474,30,30,-0.025986,0.036872,0.000000,0.000000,0.000000,0.000057,0
20260821_102553_275,1,Unspecified,522,2026-08-21T10:30:23.4019357+09:00,2026-08-21T10:30:23.9019357+09:00,270.126474,270.626474,30,30,-0.026050,0.036880,0.000000,0.000000,0.000000,0.000105,0
20260821_102553_275,1,Unspecified,523,2026-08-21T10:30:23.9019357+09:00,2026-08-21T10:30:24.4019357+09:00,270.626474,271.126474,30,30,-0.026097,0.036913,0.000000,0.000000,0.000000,0.000087,0
20260821_102553_275,1,Unspecified,524,2026-08-21T10:30:24.4019357+09:00,2026-08-21T10:30:24.9019357+09:00,271.126474,271.626474,30,30,-0.025910,0.037052,0.000000,0.000000,0.000000,0.000275,0
20260821_102553_275,1,Unspecified,525,2026-08-21T10:30:24.9019357+09:00,2026-08-21T10:30:25.4019357+09:00,271.626474,272.126474,30,30,-0.025457,0.037249,0.000000,0.000000,0.000000,0.000127,0
20260821_102553_275,1,Unspecified,526,2026-08-21T10:30:25.4019357+09:00,2026-08-21T10:30:25.9019357+09:00,272.126474,272.626474,30,30,-0.025807,0.037019,0.000000,0.000000,0.000000,0.000166,0
20260821_102553_275,1,Unspecified,527,2026-08-21T10:30:25.9019357+09:00,2026-08-21T10:30:26.4019357+09:00,272.626474,273.126474,30,30,-0.025989,0.036877,0.000000,0.000000,0.000000,0.000047,0
20260821_102553_275,1,Unspecified,528,2026-08-21T10:30:26.4019357+09:00,2026-08-21T10:30:26.9019357+09:00,273.126474,273.626474,30,30,-0.026013,0.036857,0.000000,0.000000,0.000000,0.000100,0
20260821_102553_275,1,Unspecified,529,2026-08-21T10:30:26.9019357+09:00,2026-08-21T10:30:27.4019357+09:00,273.626474,274.126474,30,30,-0.026017,0.036807,0.000000,0.000000,0.000000,0.000089,0
20260821_102553_275,1,Unspecified,530,2026-08-21T10:30:27.4019357+09:00,2026-08-21T10:30:27.9019357+09:00,274.126474,274.626474,30,30,-0.026106,0.036830,0.000000,0.000000,0.000000,0.000117,0
20260821_102553_275,1,Unspecified,531,2026-08-21T10:30:27.9019357+09:00,2026-08-21T10:30:28.4019357+09:00,274.626474,275.126474,30,30,-0.026355,0.036771,0.000000,0.000000,0.000000,0.000091,0
20260821_102553_275,1,Unspecified,532,2026-08-21T10:30:28.4019357+09:00,2026-08-21T10:30:28.9019357+09:00,275.126474,275.626474,30,30,-0.025973,0.036978,0.000000,0.000000,0.000000,0.000216,0
20260821_102553_275,1,Unspecified,533,2026-08-21T10:30:28.9019357+09:00,2026-08-21T10:30:29.4019357+09:00,275.626474,276.126474,30,30,-0.026025,0.036818,0.000000,0.000000,0.000000,0.000211,0
20260821_102553_275,1,Unspecified,534,2026-08-21T10:30:29.4019357+09:00,2026-08-21T10:30:29.9019357+09:00,276.126474,276.626474,30,30,-0.026075,0.036726,0.000000,0.000000,0.000000,0.000131,0
20260821_102553_275,1,Unspecified,535,2026-08-21T10:30:29.9019357+09:00,2026-08-21T10:30:30.4019357+09:00,276.626474,277.126474,30,30,-0.025893,0.036892,0.000000,0.000000,0.000000,0.000100,0
20260821_102553_275,1,Unspecified,536,2026-08-21T10:30:30.4019357+09:00,2026-08-21T10:30:30.9019357+09:00,277.126474,277.626474,30,30,-0.025452,0.037197,0.000000,0.000000,0.000000,0.000587,0
20260821_102553_275,1,Unspecified,537,2026-08-21T10:30:30.9019357+09:00,2026-08-21T10:30:31.4019357+09:00,277.626474,278.126474,30,30,-0.024727,0.037669,0.000000,0.000000,0.000000,0.000224,0
20260821_102553_275,1,Unspecified,538,2026-08-21T10:30:31.4019357+09:00,2026-08-21T10:30:31.9019357+09:00,278.126474,278.626474,30,30,-0.024659,0.037685,0.000000,0.000000,0.000000,0.000397,0
20260821_102553_275,1,Unspecified,539,2026-08-21T10:30:31.9019357+09:00,2026-08-21T10:30:32.4019357+09:00,278.626474,279.126474,30,30,-0.025844,0.036878,0.000000,0.000000,0.000000,0.000671,0
20260821_102553_275,1,Unspecified,540,2026-08-21T10:30:32.4019357+09:00,2026-08-21T10:30:32.9019357+09:00,279.126474,279.626474,30,30,-0.025830,0.036987,0.000000,0.000000,0.000000,0.000169,0
20260821_102553_275,1,Unspecified,541,2026-08-21T10:30:32.9019357+09:00,2026-08-21T10:30:33.4019357+09:00,279.626474,280.126474,30,30,-0.025774,0.036997,0.000000,0.000000,0.000000,0.000163,0
20260821_102553_275,1,Unspecified,542,2026-08-21T10:30:33.4019357+09:00,2026-08-21T10:30:33.9019357+09:00,280.126474,280.626474,30,30,-0.025786,0.036983,0.000000,0.000000,0.000000,0.000102,0
20260821_102553_275,1,Unspecified,543,2026-08-21T10:30:33.9019357+09:00,2026-08-21T10:30:34.4019357+09:00,280.626474,281.126474,30,30,-0.025688,0.037086,0.000000,0.000000,0.000000,0.000098,0
20260821_102553_275,1,Unspecified,544,2026-08-21T10:30:34.4019357+09:00,2026-08-21T10:30:34.9019357+09:00,281.126474,281.626474,30,30,-0.025719,0.037172,0.000000,0.000000,0.000000,0.000054,0
20260821_102553_275,1,Unspecified,545,2026-08-21T10:30:34.9019357+09:00,2026-08-21T10:30:35.4019357+09:00,281.626474,282.126474,30,30,-0.025449,0.037292,0.000000,0.000000,0.000000,0.000179,0
20260821_102553_275,1,Unspecified,546,2026-08-21T10:30:35.4019357+09:00,2026-08-21T10:30:35.9019357+09:00,282.126474,282.626474,30,30,-0.025608,0.037087,0.000000,0.000000,0.000000,0.000221,0
20260821_102553_275,1,Unspecified,547,2026-08-21T10:30:35.9019357+09:00,2026-08-21T10:30:36.4019357+09:00,282.626474,283.126474,30,30,-0.025682,0.037002,0.000000,0.000000,0.000000,0.000088,0
20260821_102553_275,1,Unspecified,548,2026-08-21T10:30:36.4019357+09:00,2026-08-21T10:30:36.9019357+09:00,283.126474,283.626474,30,30,-0.025768,0.036930,0.000000,0.000000,0.000000,0.000106,0
20260821_102553_275,1,Unspecified,549,2026-08-21T10:30:36.9019357+09:00,2026-08-21T10:30:37.4019357+09:00,283.626474,284.126474,30,30,-0.025768,0.036913,0.000000,0.000000,0.000000,0.000129,0
20260821_102553_275,1,Unspecified,550,2026-08-21T10:30:37.4019357+09:00,2026-08-21T10:30:37.9019357+09:00,284.126474,284.626474,30,30,-0.025904,0.036898,0.000000,0.000000,0.000000,0.000050,0
20260821_102553_275,1,Unspecified,551,2026-08-21T10:30:37.9019357+09:00,2026-08-21T10:30:38.4019357+09:00,284.626474,285.126474,30,30,-0.026065,0.036879,0.000000,0.000000,0.000000,0.000084,0
20260821_102553_275,1,Unspecified,552,2026-08-21T10:30:38.4019357+09:00,2026-08-21T10:30:38.9019357+09:00,285.126474,285.626474,30,30,-0.025314,0.037269,0.000000,0.000000,0.000000,0.000257,0
20260821_102553_275,1,Unspecified,553,2026-08-21T10:30:38.9019357+09:00,2026-08-21T10:30:39.4019357+09:00,285.626474,286.126474,30,30,-0.025787,0.036913,0.000000,0.000000,0.000000,0.000229,0
20260821_102553_275,1,Unspecified,554,2026-08-21T10:30:39.4019357+09:00,2026-08-21T10:30:39.9019357+09:00,286.126474,286.626474,30,30,-0.025968,0.036792,0.000000,0.000000,0.000000,0.000119,0
20260821_102553_275,1,Unspecified,555,2026-08-21T10:30:39.9019357+09:00,2026-08-21T10:30:40.4019357+09:00,286.626474,287.126474,30,30,-0.025984,0.036738,0.000000,0.000000,0.000000,0.000116,0
20260821_102553_275,1,Unspecified,556,2026-08-21T10:30:40.4019357+09:00,2026-08-21T10:30:40.9019357+09:00,287.126474,287.626474,30,30,-0.026007,0.036709,0.000000,0.000000,0.000000,0.000122,0
20260821_102553_275,1,Unspecified,557,2026-08-21T10:30:40.9019357+09:00,2026-08-21T10:30:41.4019357+09:00,287.626474,288.126474,30,30,-0.026014,0.036772,0.000000,0.000000,0.000000,0.000167,0
20260821_102553_275,1,Unspecified,558,2026-08-21T10:30:41.4019357+09:00,2026-08-21T10:30:41.9019357+09:00,288.126474,288.626474,30,30,-0.025964,0.036811,0.000000,0.000000,0.000000,0.000167,0
20260821_102553_275,1,Unspecified,559,2026-08-21T10:30:41.9019357+09:00,2026-08-21T10:30:42.4019357+09:00,288.626474,289.126474,30,30,-0.026084,0.036690,0.000000,0.000000,0.000000,0.000146,0
20260821_102553_275,1,Unspecified,560,2026-08-21T10:30:42.4019357+09:00,2026-08-21T10:30:42.9019357+09:00,289.126474,289.626474,30,30,-0.026047,0.036664,0.000000,0.000000,0.000000,0.000107,0
20260821_102553_275,1,Unspecified,561,2026-08-21T10:30:42.9019357+09:00,2026-08-21T10:30:43.4019357+09:00,289.626474,290.126474,30,30,-0.026041,0.036677,0.000000,0.000000,0.000000,0.000106,0
20260821_102553_275,1,Unspecified,562,2026-08-21T10:30:43.4019357+09:00,2026-08-21T10:30:43.9019357+09:00,290.126474,290.626474,30,30,-0.026039,0.036666,0.000000,0.000000,0.000000,0.000067,0
20260821_102553_275,1,Unspecified,563,2026-08-21T10:30:43.9019357+09:00,2026-08-21T10:30:44.4019357+09:00,290.626474,291.126474,30,30,-0.026059,0.036654,0.000000,0.000000,0.000000,0.000110,0
20260821_102553_275,1,Unspecified,564,2026-08-21T10:30:44.4019357+09:00,2026-08-21T10:30:44.9019357+09:00,291.126474,291.626474,30,30,-0.026014,0.036714,0.000000,0.000000,0.000000,0.000121,0
20260821_102553_275,1,Unspecified,565,2026-08-21T10:30:44.9019357+09:00,2026-08-21T10:30:45.4019357+09:00,291.626474,292.126474,30,30,-0.025956,0.036838,0.000000,0.000000,0.000000,0.000062,0
20260821_102553_275,1,Unspecified,566,2026-08-21T10:30:45.4019357+09:00,2026-08-21T10:30:45.9019357+09:00,292.126474,292.626474,30,30,-0.026050,0.036841,0.000000,0.000000,0.000000,0.000114,0
20260821_102553_275,1,Unspecified,567,2026-08-21T10:30:45.9019357+09:00,2026-08-21T10:30:46.4019357+09:00,292.626474,293.126474,30,30,-0.025678,0.037053,0.000000,0.000000,0.000000,0.000138,0
20260821_102553_275,1,Unspecified,568,2026-08-21T10:30:46.4019357+09:00,2026-08-21T10:30:46.9019357+09:00,293.126474,293.626474,30,30,-0.026060,0.036792,0.000000,0.000000,0.000000,0.000151,0
20260821_102553_275,1,Unspecified,569,2026-08-21T10:30:46.9019357+09:00,2026-08-21T10:30:47.4019357+09:00,293.626474,294.126474,30,30,-0.026258,0.036666,0.000000,0.000000,0.000000,0.000138,0
20260821_102553_275,1,Unspecified,570,2026-08-21T10:30:47.4019357+09:00,2026-08-21T10:30:47.9019357+09:00,294.126474,294.626474,30,30,-0.026323,0.036605,0.000000,0.000000,0.000000,0.000117,0
20260821_102553_275,1,Unspecified,571,2026-08-21T10:30:47.9019357+09:00,2026-08-21T10:30:48.4019357+09:00,294.626474,295.126474,30,30,-0.026300,0.036610,0.000000,0.000000,0.000000,0.000128,0
20260821_102553_275,1,Unspecified,572,2026-08-21T10:30:48.4019357+09:00,2026-08-21T10:30:48.9019357+09:00,295.126474,295.626474,30,30,-0.026123,0.036782,0.000000,0.000000,0.000000,0.000087,0
20260821_102553_275,1,Unspecified,573,2026-08-21T10:30:48.9019357+09:00,2026-08-21T10:30:49.4019357+09:00,295.626474,296.126474,30,30,-0.026330,0.036727,0.000000,0.000000,0.000000,0.000053,0
20260821_102553_275,1,Unspecified,574,2026-08-21T10:30:49.4019357+09:00,2026-08-21T10:30:49.9019357+09:00,296.126474,296.626474,30,30,-0.025989,0.036916,0.000000,0.000000,0.000000,0.000164,0
20260821_102553_275,1,Unspecified,575,2026-08-21T10:30:49.9019357+09:00,2026-08-21T10:30:50.4019357+09:00,296.626474,297.126474,30,30,-0.026156,0.036776,0.000000,0.000000,0.000000,0.000255,0
20260821_102553_275,1,Unspecified,576,2026-08-21T10:30:50.4019357+09:00,2026-08-21T10:30:50.9019357+09:00,297.126474,297.626474,30,30,-0.026536,0.036464,0.000000,0.000000,0.000000,0.000164,0
20260821_102553_275,1,Unspecified,577,2026-08-21T10:30:50.9019357+09:00,2026-08-21T10:30:51.4019357+09:00,297.626474,298.126474,30,30,-0.026793,0.036305,0.000000,0.000000,0.000000,0.000106,0
20260821_102553_275,1,Unspecified,578,2026-08-21T10:30:51.4019357+09:00,2026-08-21T10:30:51.9019357+09:00,298.126474,298.626474,30,30,-0.023143,0.036501,0.000004,0.000000,0.000001,0.002069,0
20260821_102553_275,1,Unspecified,579,2026-08-21T10:30:51.9019357+09:00,2026-08-21T10:30:52.4019357+09:00,298.626474,299.126474,30,30,-0.014375,0.037914,0.000014,0.000002,0.000005,0.003988,0
20260821_102553_275,1,Unspecified,580,2026-08-21T10:30:52.4019357+09:00,2026-08-21T10:30:52.9019357+09:00,299.126474,299.626474,30,30,-0.012650,0.039589,0.000007,0.000000,0.000000,0.002605,0
20260821_102553_275,1,Unspecified,581,2026-08-21T10:30:52.9019357+09:00,2026-08-21T10:30:53.4019357+09:00,299.626474,300.126474,30,30,-0.008455,0.043984,0.000003,0.000010,0.000002,0.003585,0
20260821_102553_275,1,Unspecified,582,2026-08-21T10:30:53.4019357+09:00,2026-08-21T10:30:53.9019357+09:00,300.126474,300.626474,30,30,-0.023247,0.037290,0.000057,0.000011,0.000023,0.008190,0
20260821_102553_275,1,Unspecified,583,2026-08-21T10:30:53.9019357+09:00,2026-08-21T10:30:54.4019357+09:00,300.626474,301.126474,30,30,-0.029442,0.035592,0.000007,0.000004,0.000005,0.003357,0
20260821_102553_275,1,Unspecified,584,2026-08-21T10:30:54.4019357+09:00,2026-08-21T10:30:54.9019357+09:00,301.126474,301.626474,30,30,-0.029026,0.035963,0.000004,0.000002,0.000002,0.002327,0
20260821_102553_275,1,Unspecified,585,2026-08-21T10:30:54.9019357+09:00,2026-08-21T10:30:55.4019357+09:00,301.626474,302.126474,30,30,-0.029227,0.035930,0.000001,0.000000,0.000000,0.000901,0
20260821_102553_275,1,Unspecified,586,2026-08-21T10:30:55.4019357+09:00,2026-08-21T10:30:55.9019357+09:00,302.126474,302.626474,30,30,-0.028002,0.036791,0.000000,0.000000,0.000000,0.000658,0
20260821_102553_275,1,Unspecified,587,2026-08-21T10:30:55.9019357+09:00,2026-08-21T10:30:56.4019357+09:00,302.626474,303.126474,30,30,-0.027194,0.037095,0.000000,0.000000,0.000000,0.000394,0
20260821_102553_275,1,Unspecified,588,2026-08-21T10:30:56.4019357+09:00,2026-08-21T10:30:56.9019357+09:00,303.126474,303.626474,30,30,-0.027007,0.036948,0.000000,0.000000,0.000000,0.000433,0
20260821_102553_275,1,Unspecified,589,2026-08-21T10:30:56.9019357+09:00,2026-08-21T10:30:57.4019357+09:00,303.626474,304.126474,30,30,-0.027032,0.036952,0.000000,0.000000,0.000000,0.000111,0
20260821_102553_275,1,Unspecified,590,2026-08-21T10:30:57.4019357+09:00,2026-08-21T10:30:57.9019357+09:00,304.126474,304.626474,30,30,-0.027242,0.036687,0.000000,0.000000,0.000000,0.000222,0
20260821_102553_275,1,Unspecified,591,2026-08-21T10:30:57.9019357+09:00,2026-08-21T10:30:58.4019357+09:00,304.626474,305.126474,30,30,-0.027578,0.035908,0.000000,0.000000,0.000000,0.000082,0
20260821_102553_275,1,Unspecified,592,2026-08-21T10:30:58.4019357+09:00,2026-08-21T10:30:58.9019357+09:00,305.126474,305.626474,30,30,-0.027502,0.035953,0.000000,0.000000,0.000000,0.000122,0
20260821_102553_275,1,Unspecified,593,2026-08-21T10:30:58.9019357+09:00,2026-08-21T10:30:59.4019357+09:00,305.626474,306.126474,30,30,-0.027450,0.035918,0.000000,0.000000,0.000000,0.000106,0
20260821_102553_275,1,Unspecified,594,2026-08-21T10:30:59.4019357+09:00,2026-08-21T10:30:59.9019357+09:00,306.126474,306.626474,30,30,-0.027536,0.035853,0.000000,0.000000,0.000000,0.000128,0
20260821_102553_275,1,Unspecified,595,2026-08-21T10:30:59.9019357+09:00,2026-08-21T10:31:00.4019357+09:00,306.626474,307.126474,30,30,-0.027621,0.036066,0.000000,0.000000,0.000000,0.000120,0
20260821_102553_275,1,Unspecified,596,2026-08-21T10:31:00.4019357+09:00,2026-08-21T10:31:00.9019357+09:00,307.126474,307.626474,30,30,-0.027177,0.036389,0.000000,0.000000,0.000000,0.000139,0
20260821_102553_275,1,Unspecified,597,2026-08-21T10:31:00.9019357+09:00,2026-08-21T10:31:01.4019357+09:00,307.626474,308.126474,30,30,-0.026973,0.036445,0.000000,0.000000,0.000000,0.000127,0
20260821_102553_275,1,Unspecified,598,2026-08-21T10:31:01.4019357+09:00,2026-08-21T10:31:01.9019357+09:00,308.126474,308.626474,30,30,-0.027453,0.036064,0.000000,0.000000,0.000000,0.000167,0
20260821_102553_275,1,Unspecified,599,2026-08-21T10:31:01.9019357+09:00,2026-08-21T10:31:02.4019357+09:00,308.626474,309.126474,30,30,-0.027604,0.035992,0.000000,0.000000,0.000000,0.000087,0
20260821_102553_275,1,Unspecified,600,2026-08-21T10:31:02.4019357+09:00,2026-08-21T10:31:02.9019357+09:00,309.126474,309.626474,30,30,-0.027609,0.035984,0.000000,0.000000,0.000000,0.000111,0
20260821_102553_275,1,Unspecified,601,2026-08-21T10:31:02.9019357+09:00,2026-08-21T10:31:03.4019357+09:00,309.626474,310.126474,30,30,-0.027585,0.036001,0.000000,0.000000,0.000000,0.000098,0
20260821_102553_275,1,Unspecified,602,2026-08-21T10:31:03.4019357+09:00,2026-08-21T10:31:03.9019357+09:00,310.126474,310.626474,30,30,-0.027719,0.035957,0.000000,0.000000,0.000000,0.000031,0
20260821_102553_275,1,Unspecified,603,2026-08-21T10:31:03.9019357+09:00,2026-08-21T10:31:04.4019357+09:00,310.626474,311.126474,31,31,-0.027930,0.035990,0.000000,0.000000,0.000000,0.000035,0
20260821_102553_275,1,Unspecified,604,2026-08-21T10:31:04.4019357+09:00,2026-08-21T10:31:04.9019357+09:00,311.126474,311.626474,29,29,-0.027948,0.035977,0.000000,0.000000,0.000000,0.000402,0
20260821_102553_275,1,Unspecified,605,2026-08-21T10:31:04.9019357+09:00,2026-08-21T10:31:05.4019357+09:00,311.626474,312.126474,31,31,-0.028137,0.035822,0.000000,0.000000,0.000000,0.000132,0
20260821_102553_275,1,Unspecified,606,2026-08-21T10:31:05.4019357+09:00,2026-08-21T10:31:05.9019357+09:00,312.126474,312.626474,29,29,-0.027740,0.035756,0.000000,0.000000,0.000000,0.000199,0
20260821_102553_275,1,Unspecified,607,2026-08-21T10:31:05.9019357+09:00,2026-08-21T10:31:06.4019357+09:00,312.626474,313.126474,31,31,-0.027535,0.035745,0.000000,0.000000,0.000000,0.000189,0
20260821_102553_275,1,Unspecified,608,2026-08-21T10:31:06.4019357+09:00,2026-08-21T10:31:06.9019357+09:00,313.126474,313.626474,29,29,-0.027536,0.035759,0.000000,0.000000,0.000000,0.000127,0
20260821_102553_275,1,Unspecified,609,2026-08-21T10:31:06.9019357+09:00,2026-08-21T10:31:07.4019357+09:00,313.626474,314.126474,31,31,-0.027533,0.035809,0.000000,0.000000,0.000000,0.000118,0
20260821_102553_275,1,Unspecified,610,2026-08-21T10:31:07.4019357+09:00,2026-08-21T10:31:07.9019357+09:00,314.126474,314.626474,30,30,-0.027406,0.035992,0.000000,0.000000,0.000000,0.000079,0
20260821_102553_275,1,Unspecified,611,2026-08-21T10:31:07.9019357+09:00,2026-08-21T10:31:08.4019357+09:00,314.626474,315.126474,30,30,-0.026971,0.036220,0.000000,0.000000,0.000000,0.000137,0
20260821_102553_275,1,Unspecified,612,2026-08-21T10:31:08.4019357+09:00,2026-08-21T10:31:08.9019357+09:00,315.126474,315.626474,29,29,-0.027346,0.035947,0.000000,0.000000,0.000000,0.000124,0
20260821_102553_275,1,Unspecified,613,2026-08-21T10:31:08.9019357+09:00,2026-08-21T10:31:09.4019357+09:00,315.626474,316.126474,30,30,-0.027511,0.035833,0.000000,0.000000,0.000000,0.000057,0
20260821_102553_275,1,Unspecified,614,2026-08-21T10:31:09.4019357+09:00,2026-08-21T10:31:09.9019357+09:00,316.126474,316.626474,30,30,-0.027471,0.035828,0.000000,0.000000,0.000000,0.000108,0
20260821_102553_275,1,Unspecified,615,2026-08-21T10:31:09.9019357+09:00,2026-08-21T10:31:10.4019357+09:00,316.626474,317.126474,30,30,-0.027335,0.035886,0.000000,0.000000,0.000000,0.000136,0
20260821_102553_275,1,Unspecified,616,2026-08-21T10:31:10.4019357+09:00,2026-08-21T10:31:10.9019357+09:00,317.126474,317.626474,30,30,-0.027165,0.036148,0.000000,0.000000,0.000000,0.000103,0
20260821_102553_275,1,Unspecified,617,2026-08-21T10:31:10.9019357+09:00,2026-08-21T10:31:11.4019357+09:00,317.626474,318.126474,30,30,-0.027045,0.036233,0.000000,0.000000,0.000000,0.000207,0
20260821_102553_275,1,Unspecified,618,2026-08-21T10:31:11.4019357+09:00,2026-08-21T10:31:11.9019357+09:00,318.126474,318.626474,30,30,-0.026304,0.036538,0.000000,0.000000,0.000000,0.000251,0
20260821_102553_275,1,Unspecified,619,2026-08-21T10:31:11.9019357+09:00,2026-08-21T10:31:12.4019357+09:00,318.626474,319.126474,30,30,-0.026914,0.036072,0.000000,0.000000,0.000000,0.000109,0
20260821_102553_275,1,Unspecified,620,2026-08-21T10:31:12.4019357+09:00,2026-08-21T10:31:12.9019357+09:00,319.126474,319.626474,30,30,-0.026806,0.036028,0.000000,0.000000,0.000000,0.000102,0
20260821_102553_275,1,Unspecified,621,2026-08-21T10:31:12.9019357+09:00,2026-08-21T10:31:13.4019357+09:00,319.626474,320.126474,30,30,-0.026741,0.035958,0.000000,0.000000,0.000000,0.000109,0
20260821_102553_275,1,Unspecified,622,2026-08-21T10:31:13.4019357+09:00,2026-08-21T10:31:13.9019357+09:00,320.126474,320.626474,30,30,-0.026754,0.035861,0.000000,0.000000,0.000000,0.000098,0
20260821_102553_275,1,Unspecified,623,2026-08-21T10:31:13.9019357+09:00,2026-08-21T10:31:14.4019357+09:00,320.626474,321.126474,30,30,-0.026967,0.035717,0.000000,0.000000,0.000000,0.000228,0
20260821_102553_275,1,Unspecified,624,2026-08-21T10:31:14.4019357+09:00,2026-08-21T10:31:14.9019357+09:00,321.126474,321.626474,30,30,-0.027243,0.035615,0.000000,0.000000,0.000000,0.000083,0
20260821_102553_275,1,Unspecified,625,2026-08-21T10:31:14.9019357+09:00,2026-08-21T10:31:15.4019357+09:00,321.626474,322.126474,30,30,-0.026874,0.035896,0.000000,0.000000,0.000000,0.000295,0
20260821_102553_275,1,Unspecified,626,2026-08-21T10:31:15.4019357+09:00,2026-08-21T10:31:15.9019357+09:00,322.126474,322.626474,30,30,-0.027021,0.035850,0.000000,0.000000,0.000000,0.000237,0
20260821_102553_275,1,Unspecified,627,2026-08-21T10:31:15.9019357+09:00,2026-08-21T10:31:16.4019357+09:00,322.626474,323.126474,30,30,-0.027061,0.035803,0.000000,0.000000,0.000000,0.000098,0
20260821_102553_275,1,Unspecified,628,2026-08-21T10:31:16.4019357+09:00,2026-08-21T10:31:16.9019357+09:00,323.126474,323.626474,30,30,-0.027114,0.035772,0.000000,0.000000,0.000000,0.000091,0
20260821_102553_275,1,Unspecified,629,2026-08-21T10:31:16.9019357+09:00,2026-08-21T10:31:17.4019357+09:00,323.626474,324.126474,30,30,-0.027126,0.035727,0.000000,0.000000,0.000000,0.000083,0
20260821_102553_275,1,Unspecified,630,2026-08-21T10:31:17.4019357+09:00,2026-08-21T10:31:17.9019357+09:00,324.126474,324.626474,30,30,-0.027076,0.035736,0.000000,0.000000,0.000000,0.000110,0
20260821_102553_275,1,Unspecified,631,2026-08-21T10:31:17.9019357+09:00,2026-08-21T10:31:18.4019357+09:00,324.626474,325.126474,30,30,-0.026749,0.036009,0.000000,0.000000,0.000000,0.000098,0
20260821_102553_275,1,Unspecified,632,2026-08-21T10:31:18.4019357+09:00,2026-08-21T10:31:18.9019357+09:00,325.126474,325.626474,30,30,-0.026793,0.036089,0.000000,0.000000,0.000000,0.000146,0
20260821_102553_275,1,Unspecified,633,2026-08-21T10:31:18.9019357+09:00,2026-08-21T10:31:19.4019357+09:00,325.626474,326.126474,30,30,-0.026369,0.036282,0.000000,0.000000,0.000000,0.000188,0
20260821_102553_275,1,Unspecified,634,2026-08-21T10:31:19.4019357+09:00,2026-08-21T10:31:19.9019357+09:00,326.126474,326.626474,30,30,-0.026862,0.035911,0.000000,0.000000,0.000000,0.000130,0
20260821_102553_275,1,Unspecified,635,2026-08-21T10:31:19.9019357+09:00,2026-08-21T10:31:20.4019357+09:00,326.626474,327.126474,30,30,-0.026870,0.035839,0.000000,0.000000,0.000000,0.000112,0
20260821_102553_275,1,Unspecified,636,2026-08-21T10:31:20.4019357+09:00,2026-08-21T10:31:20.9019357+09:00,327.126474,327.626474,30,30,-0.026791,0.035860,0.000000,0.000000,0.000000,0.000082,0
20260821_102553_275,1,Unspecified,637,2026-08-21T10:31:20.9019357+09:00,2026-08-21T10:31:21.4019357+09:00,327.626474,328.126474,30,30,-0.026835,0.035805,0.000000,0.000000,0.000000,0.000109,0
20260821_102553_275,1,Unspecified,638,2026-08-21T10:31:21.4019357+09:00,2026-08-21T10:31:21.9019357+09:00,328.126474,328.626474,30,30,-0.026836,0.035866,0.000000,0.000000,0.000000,0.000075,0
20260821_102553_275,1,Unspecified,639,2026-08-21T10:31:21.9019357+09:00,2026-08-21T10:31:22.4019357+09:00,328.626474,329.126474,30,30,-0.026899,0.035975,0.000000,0.000000,0.000000,0.000088,0
20260821_102553_275,1,Unspecified,640,2026-08-21T10:31:22.4019357+09:00,2026-08-21T10:31:22.9019357+09:00,329.126474,329.626474,30,30,-0.026669,0.036120,0.000000,0.000000,0.000000,0.000148,0
20260821_102553_275,1,Unspecified,641,2026-08-21T10:31:22.9019357+09:00,2026-08-21T10:31:23.4019357+09:00,329.626474,330.126474,30,30,-0.027139,0.035764,0.000000,0.000000,0.000000,0.000237,0
20260821_102553_275,1,Unspecified,642,2026-08-21T10:31:23.4019357+09:00,2026-08-21T10:31:23.9019357+09:00,330.126474,330.626474,30,30,-0.027388,0.035666,0.000000,0.000000,0.000000,0.000097,0
20260821_102553_275,1,Unspecified,643,2026-08-21T10:31:23.9019357+09:00,2026-08-21T10:31:24.4019357+09:00,330.626474,331.126474,30,30,-0.027047,0.035857,0.000000,0.000000,0.000000,0.000409,0
20260821_102553_275,1,Unspecified,644,2026-08-21T10:31:24.4019357+09:00,2026-08-21T10:31:24.9019357+09:00,331.126474,331.626474,30,30,-0.023790,0.039372,0.000003,0.000002,0.000002,0.002228,0
20260821_102553_275,1,Unspecified,645,2026-08-21T10:31:24.9019357+09:00,2026-08-21T10:31:25.4019357+09:00,331.626474,332.126474,30,30,-0.031640,0.032473,0.000005,0.000006,0.000005,0.003274,0
20260821_102553_275,1,Unspecified,646,2026-08-21T10:31:25.4019357+09:00,2026-08-21T10:31:25.9019357+09:00,332.126474,332.626474,30,30,-0.031139,0.033282,0.000005,0.000002,0.000002,0.002502,0
20260821_102553_275,1,Unspecified,647,2026-08-21T10:31:25.9019357+09:00,2026-08-21T10:31:26.4019357+09:00,332.626474,333.126474,30,30,-0.025487,0.036311,0.000000,0.000000,0.000000,0.000770,0
20260821_102553_275,1,Unspecified,648,2026-08-21T10:31:26.4019357+09:00,2026-08-21T10:31:26.9019357+09:00,333.126474,333.626474,30,30,-0.025739,0.037261,0.000000,0.000000,0.000000,0.000474,0
20260821_102553_275,1,Unspecified,649,2026-08-21T10:31:26.9019357+09:00,2026-08-21T10:31:27.4019357+09:00,333.626474,334.126474,30,30,-0.026886,0.037070,0.000000,0.000000,0.000000,0.000312,0
20260821_102553_275,1,Unspecified,650,2026-08-21T10:31:27.4019357+09:00,2026-08-21T10:31:27.9019357+09:00,334.126474,334.626474,30,30,-0.026641,0.037227,0.000000,0.000000,0.000000,0.000175,0
20260821_102553_275,1,Unspecified,651,2026-08-21T10:31:27.9019357+09:00,2026-08-21T10:31:28.4019357+09:00,334.626474,335.126474,30,30,-0.026229,0.037475,0.000000,0.000000,0.000000,0.000196,0
20260821_102553_275,1,Unspecified,652,2026-08-21T10:31:28.4019357+09:00,2026-08-21T10:31:28.9019357+09:00,335.126474,335.626474,30,30,-0.026117,0.037747,0.000000,0.000000,0.000000,0.000072,0
20260821_102553_275,1,Unspecified,653,2026-08-21T10:31:28.9019357+09:00,2026-08-21T10:31:29.4019357+09:00,335.626474,336.126474,30,30,-0.026167,0.037811,0.000000,0.000000,0.000000,0.000070,0
20260821_102553_275,1,Unspecified,654,2026-08-21T10:31:29.4019357+09:00,2026-08-21T10:31:29.9019357+09:00,336.126474,336.626474,30,30,-0.025860,0.038072,0.000000,0.000000,0.000000,0.000226,0
20260821_102553_275,1,Unspecified,655,2026-08-21T10:31:29.9019357+09:00,2026-08-21T10:31:30.4019357+09:00,336.626474,337.126474,30,30,-0.025772,0.038124,0.000000,0.000000,0.000000,0.000089,0
20260821_102553_275,1,Unspecified,656,2026-08-21T10:31:30.4019357+09:00,2026-08-21T10:31:30.9019357+09:00,337.126474,337.626474,30,30,-0.025655,0.038206,0.000000,0.000000,0.000000,0.000052,0
20260821_102553_275,1,Unspecified,657,2026-08-21T10:31:30.9019357+09:00,2026-08-21T10:31:31.4019357+09:00,337.626474,338.126474,30,30,-0.025664,0.038191,0.000000,0.000000,0.000000,0.000085,0
20260821_102553_275,1,Unspecified,658,2026-08-21T10:31:31.4019357+09:00,2026-08-21T10:31:31.9019357+09:00,338.126474,338.626474,30,30,-0.025659,0.038186,0.000000,0.000000,0.000000,0.000099,0
20260821_102553_275,1,Unspecified,659,2026-08-21T10:31:31.9019357+09:00,2026-08-21T10:31:32.4019357+09:00,338.626474,339.126474,30,30,-0.025767,0.038130,0.000000,0.000000,0.000000,0.000077,0
20260821_102553_275,1,Unspecified,660,2026-08-21T10:31:32.4019357+09:00,2026-08-21T10:31:32.9019357+09:00,339.126474,339.626474,30,30,-0.025979,0.037997,0.000000,0.000000,0.000000,0.000127,0
20260821_102553_275,1,Unspecified,661,2026-08-21T10:31:32.9019357+09:00,2026-08-21T10:31:33.4019357+09:00,339.626474,340.126474,30,30,-0.026291,0.037796,0.000000,0.000000,0.000000,0.000244,0
20260821_102553_275,1,Unspecified,662,2026-08-21T10:31:33.4019357+09:00,2026-08-21T10:31:33.9019357+09:00,340.126474,340.626474,30,30,-0.029891,0.035226,0.000008,0.000005,0.000007,0.003670,0
20260821_102553_275,1,Unspecified,663,2026-08-21T10:31:33.9019357+09:00,2026-08-21T10:31:34.4019357+09:00,340.626474,341.126474,30,30,-0.030852,0.033564,0.000005,0.000002,0.000003,0.002647,0
20260821_102553_275,1,Unspecified,664,2026-08-21T10:31:34.4019357+09:00,2026-08-21T10:31:34.9019357+09:00,341.126474,341.626474,30,30,-0.032295,0.031565,0.000001,0.000001,0.000001,0.001327,0
20260821_102553_275,1,Unspecified,665,2026-08-21T10:31:34.9019357+09:00,2026-08-21T10:31:35.4019357+09:00,341.626474,342.126474,30,30,-0.033410,0.029013,0.000001,0.000000,0.000000,0.001000,0
20260821_102553_275,1,Unspecified,666,2026-08-21T10:31:35.4019357+09:00,2026-08-21T10:31:35.9019357+09:00,342.126474,342.626474,30,30,-0.031651,0.032162,0.000001,0.000002,0.000001,0.001749,0
20260821_102553_275,1,Unspecified,667,2026-08-21T10:31:35.9019357+09:00,2026-08-21T10:31:36.4019357+09:00,342.626474,343.126474,30,30,-0.031354,0.033205,0.000002,0.000001,0.000001,0.001785,0
20260821_102553_275,1,Unspecified,668,2026-08-21T10:31:36.4019357+09:00,2026-08-21T10:31:36.9019357+09:00,343.126474,343.626474,30,30,-0.031952,0.033633,0.000001,0.000000,0.000000,0.001002,0
20260821_102553_275,1,Unspecified,669,2026-08-21T10:31:36.9019357+09:00,2026-08-21T10:31:37.4019357+09:00,343.626474,344.126474,30,30,-0.033749,0.032180,0.000000,0.000000,0.000000,0.000518,0
20260821_102553_275,1,Unspecified,670,2026-08-21T10:31:37.4019357+09:00,2026-08-21T10:31:37.9019357+09:00,344.126474,344.626474,30,30,-0.032261,0.033300,0.000000,0.000000,0.000000,0.000265,0
20260821_102553_275,1,Unspecified,671,2026-08-21T10:31:37.9019357+09:00,2026-08-21T10:31:38.4019357+09:00,344.626474,345.126474,30,30,-0.033288,0.032449,0.000002,0.000001,0.000002,0.001918,0
20260821_102553_275,1,Unspecified,672,2026-08-21T10:31:38.4019357+09:00,2026-08-21T10:31:38.9019357+09:00,345.126474,345.626474,30,30,-0.040774,0.025435,0.000003,0.000003,0.000003,0.002570,0
20260821_102553_275,1,Unspecified,673,2026-08-21T10:31:38.9019357+09:00,2026-08-21T10:31:39.4019357+09:00,345.626474,346.126474,30,30,-0.039681,0.026389,0.000002,0.000002,0.000002,0.002042,0
20260821_102553_275,1,Unspecified,674,2026-08-21T10:31:39.4019357+09:00,2026-08-21T10:31:39.9019357+09:00,346.126474,346.626474,30,30,-0.034770,0.030076,0.000001,0.000000,0.000001,0.001158,0
20260821_102553_275,1,Unspecified,675,2026-08-21T10:31:39.9019357+09:00,2026-08-21T10:31:40.4019357+09:00,346.626474,347.126474,30,30,-0.034019,0.031013,0.000000,0.000000,0.000000,0.000207,0
20260821_102553_275,1,Unspecified,676,2026-08-21T10:31:40.4019357+09:00,2026-08-21T10:31:40.9019357+09:00,347.126474,347.626474,30,30,-0.034584,0.030838,0.000000,0.000000,0.000000,0.000105,0
20260821_102553_275,1,Unspecified,677,2026-08-21T10:31:40.9019357+09:00,2026-08-21T10:31:41.4019357+09:00,347.626474,348.126474,30,30,-0.034585,0.030886,0.000000,0.000000,0.000000,0.000083,0
20260821_102553_275,1,Unspecified,678,2026-08-21T10:31:41.4019357+09:00,2026-08-21T10:31:41.9019357+09:00,348.126474,348.626474,30,30,-0.034617,0.030837,0.000000,0.000000,0.000000,0.000077,0
20260821_102553_275,1,Unspecified,679,2026-08-21T10:31:41.9019357+09:00,2026-08-21T10:31:42.4019357+09:00,348.626474,349.126474,30,30,-0.034633,0.030855,0.000000,0.000000,0.000000,0.000088,0
20260821_102553_275,1,Unspecified,680,2026-08-21T10:31:42.4019357+09:00,2026-08-21T10:31:42.9019357+09:00,349.126474,349.626474,30,30,-0.034734,0.030789,0.000000,0.000000,0.000000,0.000052,0
20260821_102553_275,1,Unspecified,681,2026-08-21T10:31:42.9019357+09:00,2026-08-21T10:31:43.4019357+09:00,349.626474,350.126474,30,30,-0.034841,0.030706,0.000000,0.000000,0.000000,0.000099,0
20260821_102553_275,1,Unspecified,682,2026-08-21T10:31:43.4019357+09:00,2026-08-21T10:31:43.9019357+09:00,350.126474,350.626474,30,30,-0.034879,0.030694,0.000000,0.000000,0.000000,0.000118,0
20260821_102553_275,1,Unspecified,683,2026-08-21T10:31:43.9019357+09:00,2026-08-21T10:31:44.4019357+09:00,350.626474,351.126474,30,30,-0.034950,0.030631,0.000000,0.000000,0.000000,0.000108,0
20260821_102553_275,1,Unspecified,684,2026-08-21T10:31:44.4019357+09:00,2026-08-21T10:31:44.9019357+09:00,351.126474,351.626474,30,30,-0.035113,0.030527,0.000000,0.000000,0.000000,0.000143,0
20260821_102553_275,1,Unspecified,685,2026-08-21T10:31:44.9019357+09:00,2026-08-21T10:31:45.4019357+09:00,351.626474,352.126474,30,30,-0.034932,0.030667,0.000000,0.000000,0.000000,0.000138,0
20260821_102553_275,1,Unspecified,686,2026-08-21T10:31:45.4019357+09:00,2026-08-21T10:31:45.9019357+09:00,352.126474,352.626474,30,30,-0.034902,0.030698,0.000000,0.000000,0.000000,0.000057,0
20260821_102553_275,1,Unspecified,687,2026-08-21T10:31:45.9019357+09:00,2026-08-21T10:31:46.4019357+09:00,352.626474,353.126474,30,30,-0.034938,0.030651,0.000000,0.000000,0.000000,0.000074,0
20260821_102553_275,1,Unspecified,688,2026-08-21T10:31:46.4019357+09:00,2026-08-21T10:31:46.9019357+09:00,353.126474,353.626474,30,30,-0.034904,0.030662,0.000000,0.000000,0.000000,0.000077,0
20260821_102553_275,1,Unspecified,689,2026-08-21T10:31:46.9019357+09:00,2026-08-21T10:31:47.4019357+09:00,353.626474,354.126474,30,30,-0.034962,0.030597,0.000000,0.000000,0.000000,0.000048,0
20260821_102553_275,1,Unspecified,690,2026-08-21T10:31:47.4019357+09:00,2026-08-21T10:31:47.9019357+09:00,354.126474,354.626474,30,30,-0.035095,0.030473,0.000000,0.000000,0.000000,0.000149,0
20260821_102553_275,1,Unspecified,691,2026-08-21T10:31:47.9019357+09:00,2026-08-21T10:31:48.4019357+09:00,354.626474,355.126474,30,30,-0.035814,0.029901,0.000000,0.000000,0.000000,0.000383,0
20260821_102553_275,1,Unspecified,692,2026-08-21T10:31:48.4019357+09:00,2026-08-21T10:31:48.9019357+09:00,355.126474,355.626474,30,30,-0.036412,0.029401,0.000000,0.000000,0.000000,0.000101,0
20260821_102553_275,1,Unspecified,693,2026-08-21T10:31:48.9019357+09:00,2026-08-21T10:31:49.4019357+09:00,355.626474,356.126474,30,30,-0.035948,0.029767,0.000000,0.000000,0.000000,0.000248,0
20260821_102553_275,1,Unspecified,694,2026-08-21T10:31:49.4019357+09:00,2026-08-21T10:31:49.9019357+09:00,356.126474,356.626474,30,30,-0.035674,0.029970,0.000000,0.000000,0.000000,0.000076,0
20260821_102553_275,1,Unspecified,695,2026-08-21T10:31:49.9019357+09:00,2026-08-21T10:31:50.4019357+09:00,356.626474,357.126474,30,30,-0.035734,0.029880,0.000000,0.000000,0.000000,0.000097,0
20260821_102553_275,1,Unspecified,696,2026-08-21T10:31:50.4019357+09:00,2026-08-21T10:31:50.9019357+09:00,357.126474,357.626474,30,30,-0.035886,0.029724,0.000000,0.000000,0.000000,0.000104,0
20260821_102553_275,1,Unspecified,697,2026-08-21T10:31:50.9019357+09:00,2026-08-21T10:31:51.4019357+09:00,357.626474,358.126474,30,30,-0.036078,0.029525,0.000000,0.000000,0.000000,0.000163,0
20260821_102553_275,1,Unspecified,698,2026-08-21T10:31:51.4019357+09:00,2026-08-21T10:31:51.9019357+09:00,358.126474,358.626474,30,30,-0.036946,0.028782,0.000000,0.000000,0.000000,0.000567,0
20260821_102553_275,1,Unspecified,699,2026-08-21T10:31:51.9019357+09:00,2026-08-21T10:31:52.4019357+09:00,358.626474,359.126474,30,30,-0.038378,0.027549,0.000000,0.000000,0.000000,0.000522,0
20260821_102553_275,1,Unspecified,700,2026-08-21T10:31:52.4019357+09:00,2026-08-21T10:31:52.9019357+09:00,359.126474,359.626474,30,30,-0.038581,0.027432,0.000000,0.000000,0.000000,0.000372,0
20260821_102553_275,1,Unspecified,701,2026-08-21T10:31:52.9019357+09:00,2026-08-21T10:31:53.4019357+09:00,359.626474,360.126474,30,30,-0.038220,0.027765,0.000000,0.000000,0.000000,0.000098,0
20260821_102553_275,1,Unspecified,702,2026-08-21T10:31:53.4019357+09:00,2026-08-21T10:31:53.9019357+09:00,360.126474,360.626474,30,30,-0.038186,0.027821,0.000000,0.000000,0.000000,0.000057,0
20260821_102553_275,1,Unspecified,703,2026-08-21T10:31:53.9019357+09:00,2026-08-21T10:31:54.4019357+09:00,360.626474,361.126474,30,30,-0.038177,0.027944,0.000000,0.000000,0.000000,0.000111,0
20260821_102553_275,1,Unspecified,704,2026-08-21T10:31:54.4019357+09:00,2026-08-21T10:31:54.9019357+09:00,361.126474,361.626474,30,30,-0.037789,0.028558,0.000000,0.000000,0.000000,0.000648,0
20260821_102553_275,1,Unspecified,705,2026-08-21T10:31:54.9019357+09:00,2026-08-21T10:31:55.4019357+09:00,361.626474,362.126474,30,30,-0.034073,0.031804,0.000005,0.000003,0.000004,0.002848,0
20260821_102553_275,1,Unspecified,706,2026-08-21T10:31:55.4019357+09:00,2026-08-21T10:31:55.9019357+09:00,362.126474,362.626474,30,30,-0.020176,0.036994,0.000011,0.000000,0.000000,0.003308,0
20260821_102553_275,1,Unspecified,707,2026-08-21T10:31:55.9019357+09:00,2026-08-21T10:31:56.4019357+09:00,362.626474,363.126474,30,30,-0.028540,0.036039,0.000002,0.000000,0.000001,0.001609,0
20260821_102553_275,1,Unspecified,708,2026-08-21T10:31:56.4019357+09:00,2026-08-21T10:31:56.9019357+09:00,363.126474,363.626474,30,30,-0.030439,0.034911,0.000000,0.000000,0.000000,0.000403,0
20260821_102553_275,1,Unspecified,709,2026-08-21T10:31:56.9019357+09:00,2026-08-21T10:31:57.4019357+09:00,363.626474,364.126474,30,30,-0.029944,0.035218,0.000000,0.000000,0.000000,0.000640,0
20260821_102553_275,1,Unspecified,710,2026-08-21T10:31:57.4019357+09:00,2026-08-21T10:31:57.9019357+09:00,364.126474,364.626474,30,30,-0.028938,0.035785,0.000000,0.000000,0.000000,0.000145,0
20260821_102553_275,1,Unspecified,711,2026-08-21T10:31:57.9019357+09:00,2026-08-21T10:31:58.4019357+09:00,364.626474,365.126474,30,30,-0.029026,0.035813,0.000000,0.000000,0.000000,0.000162,0
20260821_102553_275,1,Unspecified,712,2026-08-21T10:31:58.4019357+09:00,2026-08-21T10:31:58.9019357+09:00,365.126474,365.626474,30,30,-0.029509,0.035505,0.000000,0.000000,0.000000,0.000172,0
20260821_102553_275,1,Unspecified,713,2026-08-21T10:31:58.9019357+09:00,2026-08-21T10:31:59.4019357+09:00,365.626474,366.126474,30,30,-0.029870,0.035234,0.000000,0.000000,0.000000,0.000078,0
20260821_102553_275,1,Unspecified,714,2026-08-21T10:31:59.4019357+09:00,2026-08-21T10:31:59.9019357+09:00,366.126474,366.626474,30,30,-0.029949,0.035305,0.000000,0.000000,0.000000,0.000142,0
20260821_102553_275,1,Unspecified,715,2026-08-21T10:31:59.9019357+09:00,2026-08-21T10:32:00.4019357+09:00,366.626474,367.126474,30,30,-0.030625,0.034826,0.000000,0.000000,0.000000,0.000181,0
20260821_102553_275,1,Unspecified,716,2026-08-21T10:32:00.4019357+09:00,2026-08-21T10:32:00.9019357+09:00,367.126474,367.626474,30,30,-0.030763,0.034694,0.000000,0.000000,0.000000,0.000066,0
20260821_102553_275,1,Unspecified,717,2026-08-21T10:32:00.9019357+09:00,2026-08-21T10:32:01.4019357+09:00,367.626474,368.126474,30,30,-0.030664,0.034707,0.000000,0.000000,0.000000,0.000086,0
20260821_102553_275,1,Unspecified,718,2026-08-21T10:32:01.4019357+09:00,2026-08-21T10:32:01.9019357+09:00,368.126474,368.626474,30,30,-0.030905,0.034520,0.000000,0.000000,0.000000,0.000243,0
20260821_102553_275,1,Unspecified,719,2026-08-21T10:32:01.9019357+09:00,2026-08-21T10:32:02.4019357+09:00,368.626474,369.126474,30,30,-0.031266,0.034222,0.000000,0.000000,0.000000,0.000059,0
20260821_102553_275,1,Unspecified,720,2026-08-21T10:32:02.4019357+09:00,2026-08-21T10:32:02.9019357+09:00,369.126474,369.626474,30,30,-0.031235,0.034165,0.000000,0.000000,0.000000,0.000159,0
20260821_102553_275,1,Unspecified,721,2026-08-21T10:32:02.9019357+09:00,2026-08-21T10:32:03.4019357+09:00,369.626474,370.126474,30,30,-0.030206,0.034680,0.000000,0.000000,0.000000,0.000304,0
20260821_102553_275,1,Unspecified,722,2026-08-21T10:32:03.4019357+09:00,2026-08-21T10:32:03.9019357+09:00,370.126474,370.626474,30,30,-0.029653,0.034739,0.000000,0.000000,0.000000,0.000449,0
20260821_102553_275,1,Unspecified,723,2026-08-21T10:32:03.9019357+09:00,2026-08-21T10:32:04.4019357+09:00,370.626474,371.126474,30,30,-0.027892,0.033435,0.000008,0.000000,0.000001,0.002840,0
20260821_102553_275,1,Unspecified,724,2026-08-21T10:32:04.4019357+09:00,2026-08-21T10:32:04.9019357+09:00,371.126474,371.626474,30,30,-0.021055,0.034670,0.000000,0.000000,0.000000,0.000578,0
20260821_102553_275,1,Unspecified,725,2026-08-21T10:32:04.9019357+09:00,2026-08-21T10:32:05.4019357+09:00,371.626474,372.126474,30,30,-0.017884,0.035480,0.000001,0.000000,0.000000,0.001042,0
20260821_102553_275,1,Unspecified,726,2026-08-21T10:32:05.4019357+09:00,2026-08-21T10:32:05.9019357+09:00,372.126474,372.626474,30,30,-0.018713,0.034382,0.000012,0.000001,0.000004,0.003599,0
20260821_102553_275,1,Unspecified,727,2026-08-21T10:32:05.9019357+09:00,2026-08-21T10:32:06.4019357+09:00,372.626474,373.126474,30,30,-0.030011,0.031722,0.000004,0.000001,0.000000,0.002164,0
20260821_102553_275,1,Unspecified,728,2026-08-21T10:32:06.4019357+09:00,2026-08-21T10:32:06.9019357+09:00,373.126474,373.626474,30,30,-0.029012,0.033478,0.000001,0.000001,0.000000,0.001222,0
20260821_102553_275,1,Unspecified,729,2026-08-21T10:32:06.9019357+09:00,2026-08-21T10:32:07.4019357+09:00,373.626474,374.126474,30,30,-0.026511,0.036055,0.000000,0.000000,0.000000,0.000521,0
20260821_102553_275,1,Unspecified,730,2026-08-21T10:32:07.4019357+09:00,2026-08-21T10:32:07.9019357+09:00,374.126474,374.626474,30,30,-0.028581,0.034552,0.000001,0.000001,0.000001,0.001128,0
20260821_102553_275,1,Unspecified,731,2026-08-21T10:32:07.9019357+09:00,2026-08-21T10:32:08.4019357+09:00,374.626474,375.126474,30,30,-0.028691,0.035120,0.000000,0.000000,0.000000,0.000388,0
20260821_102553_275,1,Unspecified,732,2026-08-21T10:32:08.4019357+09:00,2026-08-21T10:32:08.9019357+09:00,375.126474,375.626474,30,30,-0.027958,0.035698,0.000000,0.000000,0.000000,0.000184,0
20260821_102553_275,1,Unspecified,733,2026-08-21T10:32:08.9019357+09:00,2026-08-21T10:32:09.4019357+09:00,375.626474,376.126474,30,30,-0.027656,0.035864,0.000000,0.000000,0.000000,0.000105,0
20260821_102553_275,1,Unspecified,734,2026-08-21T10:32:09.4019357+09:00,2026-08-21T10:32:09.9019357+09:00,376.126474,376.626474,30,30,-0.027980,0.035720,0.000000,0.000000,0.000000,0.000066,0
20260821_102553_275,1,Unspecified,735,2026-08-21T10:32:09.9019357+09:00,2026-08-21T10:32:10.4019357+09:00,376.626474,377.126474,30,30,-0.028037,0.035743,0.000000,0.000000,0.000000,0.000103,0
20260821_102553_275,1,Unspecified,736,2026-08-21T10:32:10.4019357+09:00,2026-08-21T10:32:10.9019357+09:00,377.126474,377.626474,30,30,-0.028191,0.035631,0.000000,0.000000,0.000000,0.000060,0
20260821_102553_275,1,Unspecified,737,2026-08-21T10:32:10.9019357+09:00,2026-08-21T10:32:11.4019357+09:00,377.626474,378.126474,30,30,-0.028190,0.035581,0.000000,0.000000,0.000000,0.000084,0
20260821_102553_275,1,Unspecified,738,2026-08-21T10:32:11.4019357+09:00,2026-08-21T10:32:11.9019357+09:00,378.126474,378.626474,30,30,-0.028282,0.035535,0.000000,0.000000,0.000000,0.000109,0
20260821_102553_275,1,Unspecified,739,2026-08-21T10:32:11.9019357+09:00,2026-08-21T10:32:12.4019357+09:00,378.626474,379.126474,30,30,-0.028448,0.035453,0.000000,0.000000,0.000000,0.000061,0
20260821_102553_275,1,Unspecified,740,2026-08-21T10:32:12.4019357+09:00,2026-08-21T10:32:12.9019357+09:00,379.126474,379.626474,30,30,-0.028694,0.035397,0.000000,0.000000,0.000000,0.000115,0
20260821_102553_275,1,Unspecified,741,2026-08-21T10:32:12.9019357+09:00,2026-08-21T10:32:13.4019357+09:00,379.626474,380.126474,30,30,-0.029107,0.035154,0.000000,0.000000,0.000000,0.000204,0
20260821_102553_275,1,Unspecified,742,2026-08-21T10:32:13.4019357+09:00,2026-08-21T10:32:13.9019357+09:00,380.126474,380.626474,30,30,-0.029444,0.034903,0.000000,0.000000,0.000000,0.000080,0
20260821_102553_275,1,Unspecified,743,2026-08-21T10:32:13.9019357+09:00,2026-08-21T10:32:14.4019357+09:00,380.626474,381.126474,30,30,-0.029262,0.035046,0.000000,0.000000,0.000000,0.000187,0
20260821_102553_275,1,Unspecified,744,2026-08-21T10:32:14.4019357+09:00,2026-08-21T10:32:14.9019357+09:00,381.126474,381.626474,30,30,-0.028877,0.035281,0.000000,0.000000,0.000000,0.000093,0
20260821_102553_275,1,Unspecified,745,2026-08-21T10:32:14.9019357+09:00,2026-08-21T10:32:15.4019357+09:00,381.626474,382.126474,30,30,-0.028799,0.035304,0.000000,0.000000,0.000000,0.000069,0
20260821_102553_275,1,Unspecified,746,2026-08-21T10:32:15.4019357+09:00,2026-08-21T10:32:15.9019357+09:00,382.126474,382.626474,30,30,-0.028649,0.035389,0.000000,0.000000,0.000000,0.000082,0
20260821_102553_275,1,Unspecified,747,2026-08-21T10:32:15.9019357+09:00,2026-08-21T10:32:16.4019357+09:00,382.626474,383.126474,30,30,-0.028428,0.035555,0.000000,0.000000,0.000000,0.000183,0
20260821_102553_275,1,Unspecified,748,2026-08-21T10:32:16.4019357+09:00,2026-08-21T10:32:16.9019357+09:00,383.126474,383.626474,30,30,-0.027784,0.036062,0.000000,0.000000,0.000000,0.000342,0
20260821_102553_275,1,Unspecified,749,2026-08-21T10:32:16.9019357+09:00,2026-08-21T10:32:17.4019357+09:00,383.626474,384.126474,30,30,-0.027637,0.036222,0.000000,0.000000,0.000000,0.000262,0
20260821_102553_275,1,Unspecified,750,2026-08-21T10:32:17.4019357+09:00,2026-08-21T10:32:17.9019357+09:00,384.126474,384.626474,30,30,-0.028171,0.035944,0.000000,0.000000,0.000000,0.000081,0
20260821_102553_275,1,Unspecified,751,2026-08-21T10:32:17.9019357+09:00,2026-08-21T10:32:18.4019357+09:00,384.626474,385.126474,30,30,-0.028536,0.035727,0.000000,0.000000,0.000000,0.000126,0
20260821_102553_275,1,Unspecified,752,2026-08-21T10:32:18.4019357+09:00,2026-08-21T10:32:18.9019357+09:00,385.126474,385.626474,30,30,-0.028363,0.035767,0.000000,0.000000,0.000000,0.000117,0
20260821_102553_275,1,Unspecified,753,2026-08-21T10:32:18.9019357+09:00,2026-08-21T10:32:19.4019357+09:00,385.626474,386.126474,30,30,-0.028179,0.035822,0.000000,0.000000,0.000000,0.000093,0
20260821_102553_275,1,Unspecified,754,2026-08-21T10:32:19.4019357+09:00,2026-08-21T10:32:19.9019357+09:00,386.126474,386.626474,30,30,-0.028299,0.035789,0.000000,0.000000,0.000000,0.000191,0
20260821_102553_275,1,Unspecified,755,2026-08-21T10:32:19.9019357+09:00,2026-08-21T10:32:20.4019357+09:00,386.626474,387.126474,30,30,-0.028735,0.035530,0.000000,0.000000,0.000000,0.000139,0
20260821_102553_275,1,Unspecified,756,2026-08-21T10:32:20.4019357+09:00,2026-08-21T10:32:20.9019357+09:00,387.126474,387.626474,30,30,-0.029103,0.035299,0.000000,0.000000,0.000000,0.000086,0
20260821_102553_275,1,Unspecified,757,2026-08-21T10:32:20.9019357+09:00,2026-08-21T10:32:21.4019357+09:00,387.626474,388.126474,30,30,-0.028839,0.035434,0.000000,0.000000,0.000000,0.000161,0
20260821_102553_275,1,Unspecified,758,2026-08-21T10:32:21.4019357+09:00,2026-08-21T10:32:21.9019357+09:00,388.126474,388.626474,30,30,-0.028511,0.035612,0.000000,0.000000,0.000000,0.000077,0
20260821_102553_275,1,Unspecified,759,2026-08-21T10:32:21.9019357+09:00,2026-08-21T10:32:22.4019357+09:00,388.626474,389.126474,30,30,-0.028077,0.035868,0.000000,0.000000,0.000000,0.000447,0
20260821_102553_275,1,Unspecified,760,2026-08-21T10:32:22.4019357+09:00,2026-08-21T10:32:22.9019357+09:00,389.126474,389.626474,30,30,-0.027176,0.036390,0.000000,0.000000,0.000000,0.000253,0
20260821_102553_275,1,Unspecified,761,2026-08-21T10:32:22.9019357+09:00,2026-08-21T10:32:23.4019357+09:00,389.626474,390.126474,30,30,-0.027484,0.036148,0.000000,0.000000,0.000000,0.000090,0
20260821_102553_275,1,Unspecified,762,2026-08-21T10:32:23.4019357+09:00,2026-08-21T10:32:23.9019357+09:00,390.126474,390.626474,30,30,-0.028052,0.035751,0.000000,0.000000,0.000000,0.000226,0
20260821_102553_275,1,Unspecified,763,2026-08-21T10:32:23.9019357+09:00,2026-08-21T10:32:24.4019357+09:00,390.626474,391.126474,30,30,-0.028537,0.035561,0.000000,0.000000,0.000000,0.000170,0
20260821_102553_275,1,Unspecified,764,2026-08-21T10:32:24.4019357+09:00,2026-08-21T10:32:24.9019357+09:00,391.126474,391.626474,30,30,-0.028380,0.035744,0.000000,0.000000,0.000000,0.000217,0
20260821_102553_275,1,Unspecified,765,2026-08-21T10:32:24.9019357+09:00,2026-08-21T10:32:25.4019357+09:00,391.626474,392.126474,30,30,-0.028176,0.035868,0.000000,0.000000,0.000000,0.000052,0
20260821_102553_275,1,Unspecified,766,2026-08-21T10:32:25.4019357+09:00,2026-08-21T10:32:25.9019357+09:00,392.126474,392.626474,30,30,-0.028225,0.035847,0.000000,0.000000,0.000000,0.000102,0
20260821_102553_275,1,Unspecified,767,2026-08-21T10:32:25.9019357+09:00,2026-08-21T10:32:26.4019357+09:00,392.626474,393.126474,30,30,-0.028822,0.035500,0.000000,0.000000,0.000000,0.000357,0
20260821_102553_275,1,Unspecified,768,2026-08-21T10:32:26.4019357+09:00,2026-08-21T10:32:26.9019357+09:00,393.126474,393.626474,30,30,-0.032497,0.032878,0.000005,0.000003,0.000004,0.002750,0
20260821_102553_275,1,Unspecified,769,2026-08-21T10:32:26.9019357+09:00,2026-08-21T10:32:27.4019357+09:00,393.626474,394.126474,30,30,-0.040235,0.025673,0.000001,0.000001,0.000001,0.001466,0
20260821_102553_275,1,Unspecified,770,2026-08-21T10:32:27.4019357+09:00,2026-08-21T10:32:27.9019357+09:00,394.126474,394.626474,30,30,-0.040784,0.025455,0.000000,0.000000,0.000000,0.000464,0
20260821_102553_275,1,Unspecified,771,2026-08-21T10:32:27.9019357+09:00,2026-08-21T10:32:28.4019357+09:00,394.626474,395.126474,30,30,-0.039074,0.027216,0.000000,0.000000,0.000000,0.000758,0
20260821_102553_275,1,Unspecified,772,2026-08-21T10:32:28.4019357+09:00,2026-08-21T10:32:28.9019357+09:00,395.126474,395.626474,30,30,-0.038017,0.028159,0.000000,0.000000,0.000000,0.000134,0
20260821_102553_275,1,Unspecified,773,2026-08-21T10:32:28.9019357+09:00,2026-08-21T10:32:29.4019357+09:00,395.626474,396.126474,30,30,-0.037905,0.028191,0.000000,0.000000,0.000000,0.000126,0
20260821_102553_275,1,Unspecified,774,2026-08-21T10:32:29.4019357+09:00,2026-08-21T10:32:29.9019357+09:00,396.126474,396.626474,30,30,-0.038154,0.027949,0.000000,0.000000,0.000000,0.000076,0
20260821_102553_275,1,Unspecified,775,2026-08-21T10:32:29.9019357+09:00,2026-08-21T10:32:30.4019357+09:00,396.626474,397.126474,30,30,-0.038286,0.027896,0.000000,0.000000,0.000000,0.000623,0
20260821_102553_275,1,Unspecified,776,2026-08-21T10:32:30.4019357+09:00,2026-08-21T10:32:30.9019357+09:00,397.126474,397.626474,30,30,-0.039755,0.026516,0.000002,0.000001,0.000002,0.001770,0
20260821_102553_275,1,Unspecified,777,2026-08-21T10:32:30.9019357+09:00,2026-08-21T10:32:31.4019357+09:00,397.626474,398.126474,30,30,-0.038476,0.027439,0.000002,0.000003,0.000002,0.002265,0
20260821_102553_275,1,Unspecified,778,2026-08-21T10:32:31.4019357+09:00,2026-08-21T10:32:31.9019357+09:00,398.126474,398.626474,30,30,-0.032638,0.032651,0.000010,0.000009,0.000010,0.004392,0
20260821_102553_275,1,Unspecified,779,2026-08-21T10:32:31.9019357+09:00,2026-08-21T10:32:32.4019357+09:00,398.626474,399.126474,30,30,-0.027092,0.035614,0.000004,0.000000,0.000001,0.001956,0
20260821_102553_275,1,Unspecified,780,2026-08-21T10:32:32.4019357+09:00,2026-08-21T10:32:32.9019357+09:00,399.126474,399.626474,30,30,-0.029301,0.035218,0.000000,0.000000,0.000000,0.000352,0
20260821_102553_275,1,Unspecified,781,2026-08-21T10:32:32.9019357+09:00,2026-08-21T10:32:33.4019357+09:00,399.626474,400.126474,30,30,-0.029559,0.035203,0.000000,0.000000,0.000000,0.000143,0
20260821_102553_275,1,Unspecified,782,2026-08-21T10:32:33.4019357+09:00,2026-08-21T10:32:33.9019357+09:00,400.126474,400.626474,30,30,-0.029764,0.034999,0.000000,0.000000,0.000000,0.000268,0
20260821_102553_275,1,Unspecified,783,2026-08-21T10:32:33.9019357+09:00,2026-08-21T10:32:34.4019357+09:00,400.626474,401.126474,30,30,-0.030292,0.034396,0.000000,0.000000,0.000000,0.000194,0
20260821_102553_275,1,Unspecified,784,2026-08-21T10:32:34.4019357+09:00,2026-08-21T10:32:34.9019357+09:00,401.126474,401.626474,30,30,-0.030500,0.034103,0.000000,0.000000,0.000000,0.000178,0
20260821_102553_275,1,Unspecified,785,2026-08-21T10:32:34.9019357+09:00,2026-08-21T10:32:35.4019357+09:00,401.626474,402.126474,30,30,-0.029996,0.034607,0.000000,0.000000,0.000000,0.000334,0
20260821_102553_275,1,Unspecified,786,2026-08-21T10:32:35.4019357+09:00,2026-08-21T10:32:35.9019357+09:00,402.126474,402.626474,30,30,-0.032573,0.033272,0.000000,0.000000,0.000000,0.000455,0
20260821_102553_275,1,Unspecified,787,2026-08-21T10:32:35.9019357+09:00,2026-08-21T10:32:36.4019357+09:00,402.626474,403.126474,30,30,-0.032836,0.033067,0.000000,0.000000,0.000000,0.000154,0
20260821_102553_275,1,Unspecified,788,2026-08-21T10:32:36.4019357+09:00,2026-08-21T10:32:36.9019357+09:00,403.126474,403.626474,30,30,-0.032874,0.033021,0.000000,0.000000,0.000000,0.000097,0
20260821_102553_275,1,Unspecified,789,2026-08-21T10:32:36.9019357+09:00,2026-08-21T10:32:37.4019357+09:00,403.626474,404.126474,30,30,-0.032787,0.033068,0.000000,0.000000,0.000000,0.000068,0
20260821_102553_275,1,Unspecified,790,2026-08-21T10:32:37.4019357+09:00,2026-08-21T10:32:37.9019357+09:00,404.126474,404.626474,30,30,-0.032734,0.033109,0.000000,0.000000,0.000000,0.000165,0
20260821_102553_275,1,Unspecified,791,2026-08-21T10:32:37.9019357+09:00,2026-08-21T10:32:38.4019357+09:00,404.626474,405.126474,30,30,-0.032159,0.033572,0.000000,0.000000,0.000000,0.000177,0
20260821_102553_275,1,Unspecified,792,2026-08-21T10:32:38.4019357+09:00,2026-08-21T10:32:38.9019357+09:00,405.126474,405.626474,30,30,-0.031756,0.033887,0.000000,0.000000,0.000000,0.000192,0
20260821_102553_275,1,Unspecified,793,2026-08-21T10:32:38.9019357+09:00,2026-08-21T10:32:39.4019357+09:00,405.626474,406.126474,30,30,-0.031648,0.033986,0.000000,0.000000,0.000000,0.000113,0
20260821_102553_275,1,Unspecified,794,2026-08-21T10:32:39.4019357+09:00,2026-08-21T10:32:39.9019357+09:00,406.126474,406.626474,30,30,-0.031623,0.033989,0.000000,0.000000,0.000000,0.000099,0
20260821_102553_275,1,Unspecified,795,2026-08-21T10:32:39.9019357+09:00,2026-08-21T10:32:40.4019357+09:00,406.626474,407.126474,30,30,-0.031548,0.034033,0.000000,0.000000,0.000000,0.000061,0
20260821_102553_275,1,Unspecified,796,2026-08-21T10:32:40.4019357+09:00,2026-08-21T10:32:40.9019357+09:00,407.126474,407.626474,30,30,-0.031415,0.034116,0.000000,0.000000,0.000000,0.000083,0
20260821_102553_275,1,Unspecified,797,2026-08-21T10:32:40.9019357+09:00,2026-08-21T10:32:41.4019357+09:00,407.626474,408.126474,30,30,-0.031354,0.034141,0.000000,0.000000,0.000000,0.000155,0
20260821_102553_275,1,Unspecified,798,2026-08-21T10:32:41.4019357+09:00,2026-08-21T10:32:41.9019357+09:00,408.126474,408.626474,30,30,-0.031885,0.033732,0.000000,0.000000,0.000000,0.000143,0
20260821_102553_275,1,Unspecified,799,2026-08-21T10:32:41.9019357+09:00,2026-08-21T10:32:42.4019357+09:00,408.626474,409.126474,30,30,-0.032234,0.033466,0.000000,0.000000,0.000000,0.000123,0
20260821_102553_275,1,Unspecified,800,2026-08-21T10:32:42.4019357+09:00,2026-08-21T10:32:42.9019357+09:00,409.126474,409.626474,30,30,-0.032217,0.033486,0.000000,0.000000,0.000000,0.000105,0
20260821_102553_275,1,Unspecified,801,2026-08-21T10:32:42.9019357+09:00,2026-08-21T10:32:43.4019357+09:00,409.626474,410.126474,30,30,-0.032021,0.033618,0.000000,0.000000,0.000000,0.000251,0
20260821_102553_275,1,Unspecified,802,2026-08-21T10:32:43.4019357+09:00,2026-08-21T10:32:43.9019357+09:00,410.126474,410.626474,30,30,-0.031679,0.033879,0.000000,0.000000,0.000000,0.000080,0
20260821_102553_275,1,Unspecified,803,2026-08-21T10:32:43.9019357+09:00,2026-08-21T10:32:44.4019357+09:00,410.626474,411.126474,30,30,-0.031693,0.033862,0.000000,0.000000,0.000000,0.000096,0
20260821_102553_275,1,Unspecified,804,2026-08-21T10:32:44.4019357+09:00,2026-08-21T10:32:44.9019357+09:00,411.126474,411.626474,30,30,-0.032009,0.033609,0.000000,0.000000,0.000000,0.000213,0
20260821_102553_275,1,Unspecified,805,2026-08-21T10:32:44.9019357+09:00,2026-08-21T10:32:45.4019357+09:00,411.626474,412.126474,30,30,-0.032622,0.033130,0.000000,0.000000,0.000000,0.000187,0
20260821_102553_275,1,Unspecified,806,2026-08-21T10:32:45.4019357+09:00,2026-08-21T10:32:45.9019357+09:00,412.126474,412.626474,30,30,-0.032628,0.033129,0.000000,0.000000,0.000000,0.000197,0
20260821_102553_275,1,Unspecified,807,2026-08-21T10:32:45.9019357+09:00,2026-08-21T10:32:46.4019357+09:00,412.626474,413.126474,30,30,-0.032218,0.033443,0.000000,0.000000,0.000000,0.000135,0
20260821_102553_275,1,Unspecified,808,2026-08-21T10:32:46.4019357+09:00,2026-08-21T10:32:46.9019357+09:00,413.126474,413.626474,30,30,-0.031927,0.033657,0.000000,0.000000,0.000000,0.000080,0
20260821_102553_275,1,Unspecified,809,2026-08-21T10:32:46.9019357+09:00,2026-08-21T10:32:47.4019357+09:00,413.626474,414.126474,30,30,-0.031834,0.033710,0.000000,0.000000,0.000000,0.000104,0
20260821_102553_275,1,Unspecified,810,2026-08-21T10:32:47.4019357+09:00,2026-08-21T10:32:47.9019357+09:00,414.126474,414.626474,30,30,-0.031555,0.033879,0.000000,0.000000,0.000000,0.000124,0
20260821_102553_275,1,Unspecified,811,2026-08-21T10:32:47.9019357+09:00,2026-08-21T10:32:48.4019357+09:00,414.626474,415.126474,30,30,-0.031548,0.033886,0.000000,0.000000,0.000000,0.000131,0
20260821_102553_275,1,Unspecified,812,2026-08-21T10:32:48.4019357+09:00,2026-08-21T10:32:48.9019357+09:00,415.126474,415.626474,30,30,-0.032022,0.033530,0.000000,0.000000,0.000000,0.000167,0
20260821_102553_275,1,Unspecified,813,2026-08-21T10:32:48.9019357+09:00,2026-08-21T10:32:49.4019357+09:00,415.626474,416.126474,30,30,-0.032249,0.033357,0.000000,0.000000,0.000000,0.000076,0
20260821_102553_275,1,Unspecified,814,2026-08-21T10:32:49.4019357+09:00,2026-08-21T10:32:49.9019357+09:00,416.126474,416.626474,30,30,-0.031700,0.033774,0.000000,0.000000,0.000000,0.000245,0
20260821_102553_275,1,Unspecified,815,2026-08-21T10:32:49.9019357+09:00,2026-08-21T10:32:50.4019357+09:00,416.626474,417.126474,30,30,-0.031425,0.033962,0.000000,0.000000,0.000000,0.000075,0
20260821_102553_275,1,Unspecified,816,2026-08-21T10:32:50.4019357+09:00,2026-08-21T10:32:50.9019357+09:00,417.126474,417.626474,30,30,-0.031258,0.034075,0.000000,0.000000,0.000000,0.000096,0
20260821_102553_275,1,Unspecified,817,2026-08-21T10:32:50.9019357+09:00,2026-08-21T10:32:51.4019357+09:00,417.626474,418.126474,30,30,-0.031223,0.034092,0.000000,0.000000,0.000000,0.000090,0
20260821_102553_275,1,Unspecified,818,2026-08-21T10:32:51.4019357+09:00,2026-08-21T10:32:51.9019357+09:00,418.126474,418.626474,30,30,-0.031302,0.034033,0.000000,0.000000,0.000000,0.000183,0
20260821_102553_275,1,Unspecified,819,2026-08-21T10:32:51.9019357+09:00,2026-08-21T10:32:52.4019357+09:00,418.626474,419.126474,30,30,-0.032110,0.033435,0.000000,0.000000,0.000000,0.000287,0
20260821_102553_275,1,Unspecified,820,2026-08-21T10:32:52.4019357+09:00,2026-08-21T10:32:52.9019357+09:00,419.126474,419.626474,30,30,-0.032402,0.033225,0.000000,0.000000,0.000000,0.000056,0
20260821_102553_275,1,Unspecified,821,2026-08-21T10:32:52.9019357+09:00,2026-08-21T10:32:53.4019357+09:00,419.626474,420.126474,30,30,-0.031917,0.033588,0.000000,0.000000,0.000000,0.000346,0
20260821_102553_275,1,Unspecified,822,2026-08-21T10:32:53.4019357+09:00,2026-08-21T10:32:53.9019357+09:00,420.126474,420.626474,30,30,-0.031473,0.033878,0.000000,0.000000,0.000000,0.000103,0
20260821_102553_275,1,Unspecified,823,2026-08-21T10:32:53.9019357+09:00,2026-08-21T10:32:54.4019357+09:00,420.626474,421.126474,30,30,-0.031349,0.033924,0.000000,0.000000,0.000000,0.000097,0
20260821_102553_275,1,Unspecified,824,2026-08-21T10:32:54.4019357+09:00,2026-08-21T10:32:54.9019357+09:00,421.126474,421.626474,30,30,-0.031253,0.033968,0.000000,0.000000,0.000000,0.000091,0
20260821_102553_275,1,Unspecified,825,2026-08-21T10:32:54.9019357+09:00,2026-08-21T10:32:55.4019357+09:00,421.626474,422.126474,30,30,-0.031354,0.033885,0.000000,0.000000,0.000000,0.000175,0
20260821_102553_275,1,Unspecified,826,2026-08-21T10:32:55.4019357+09:00,2026-08-21T10:32:55.9019357+09:00,422.126474,422.626474,30,30,-0.031998,0.033414,0.000000,0.000000,0.000000,0.000145,0
20260821_102553_275,1,Unspecified,827,2026-08-21T10:32:55.9019357+09:00,2026-08-21T10:32:56.4019357+09:00,422.626474,423.126474,30,30,-0.032118,0.033343,0.000000,0.000000,0.000000,0.000045,0
20260821_102553_275,1,Unspecified,828,2026-08-21T10:32:56.4019357+09:00,2026-08-21T10:32:56.9019357+09:00,423.126474,423.626474,30,30,-0.031721,0.033647,0.000000,0.000000,0.000000,0.000284,0
20260821_102553_275,1,Unspecified,829,2026-08-21T10:32:56.9019357+09:00,2026-08-21T10:32:57.4019357+09:00,423.626474,424.126474,30,30,-0.031315,0.033929,0.000000,0.000000,0.000000,0.000078,0
20260821_102553_275,1,Unspecified,830,2026-08-21T10:32:57.4019357+09:00,2026-08-21T10:32:57.9019357+09:00,424.126474,424.626474,30,30,-0.031211,0.034003,0.000000,0.000000,0.000000,0.000080,0
20260821_102553_275,1,Unspecified,831,2026-08-21T10:32:57.9019357+09:00,2026-08-21T10:32:58.4019357+09:00,424.626474,425.126474,30,30,-0.031152,0.034032,0.000000,0.000000,0.000000,0.000062,0
20260821_102553_275,1,Unspecified,832,2026-08-21T10:32:58.4019357+09:00,2026-08-21T10:32:58.9019357+09:00,425.126474,425.626474,30,30,-0.031708,0.033612,0.000000,0.000000,0.000000,0.000380,0
20260821_102553_275,1,Unspecified,833,2026-08-21T10:32:58.9019357+09:00,2026-08-21T10:32:59.4019357+09:00,425.626474,426.126474,30,30,-0.032163,0.033265,0.000000,0.000000,0.000000,0.000045,0
20260821_102553_275,1,Unspecified,834,2026-08-21T10:32:59.4019357+09:00,2026-08-21T10:32:59.9019357+09:00,426.126474,426.626474,30,30,-0.032034,0.033363,0.000000,0.000000,0.000000,0.000257,0
20260821_102553_275,1,Unspecified,835,2026-08-21T10:32:59.9019357+09:00,2026-08-21T10:33:00.4019357+09:00,426.626474,427.126474,30,30,-0.031124,0.034020,0.000000,0.000000,0.000000,0.000193,0
20260821_102553_275,1,Unspecified,836,2026-08-21T10:33:00.4019357+09:00,2026-08-21T10:33:00.9019357+09:00,427.126474,427.626474,30,30,-0.030944,0.034122,0.000000,0.000000,0.000000,0.000110,0
20260821_102553_275,1,Unspecified,837,2026-08-21T10:33:00.9019357+09:00,2026-08-21T10:33:01.4019357+09:00,427.626474,428.126474,30,30,-0.030823,0.034189,0.000000,0.000000,0.000000,0.000078,0
20260821_102553_275,1,Unspecified,838,2026-08-21T10:33:01.4019357+09:00,2026-08-21T10:33:01.9019357+09:00,428.126474,428.626474,30,30,-0.030687,0.034243,0.000000,0.000000,0.000000,0.000068,0
20260821_102553_275,1,Unspecified,839,2026-08-21T10:33:01.9019357+09:00,2026-08-21T10:33:02.4019357+09:00,428.626474,429.126474,30,30,-0.030821,0.034112,0.000000,0.000000,0.000000,0.000225,0
20260821_102553_275,1,Unspecified,840,2026-08-21T10:33:02.4019357+09:00,2026-08-21T10:33:02.9019357+09:00,429.126474,429.626474,30,30,-0.031461,0.033657,0.000000,0.000000,0.000000,0.000171,0
20260821_102553_275,1,Unspecified,841,2026-08-21T10:33:02.9019357+09:00,2026-08-21T10:33:03.4019357+09:00,429.626474,430.126474,30,30,-0.031502,0.033604,0.000000,0.000000,0.000000,0.000176,0
20260821_102553_275,1,Unspecified,842,2026-08-21T10:33:03.4019357+09:00,2026-08-21T10:33:03.9019357+09:00,430.126474,430.626474,30,30,-0.029913,0.034710,0.000000,0.000000,0.000000,0.000766,0
20260821_102553_275,1,Unspecified,843,2026-08-21T10:33:03.9019357+09:00,2026-08-21T10:33:04.4019357+09:00,430.626474,431.126474,30,30,-0.029154,0.035123,0.000000,0.000000,0.000000,0.000074,0
20260821_102553_275,1,Unspecified,844,2026-08-21T10:33:04.4019357+09:00,2026-08-21T10:33:04.9019357+09:00,431.126474,431.626474,30,30,-0.029129,0.035155,0.000000,0.000000,0.000000,0.000093,0
20260821_102553_275,1,Unspecified,845,2026-08-21T10:33:04.9019357+09:00,2026-08-21T10:33:05.4019357+09:00,431.626474,432.126474,30,30,-0.029013,0.035267,0.000000,0.000000,0.000000,0.000084,0
20260821_102553_275,1,Unspecified,846,2026-08-21T10:33:05.4019357+09:00,2026-08-21T10:33:05.9019357+09:00,432.126474,432.626474,30,30,-0.028987,0.035279,0.000000,0.000000,0.000000,0.000090,0
20260821_102553_275,1,Unspecified,847,2026-08-21T10:33:05.9019357+09:00,2026-08-21T10:33:06.4019357+09:00,432.626474,433.126474,30,30,-0.029652,0.034865,0.000000,0.000000,0.000000,0.000278,0
20260821_102553_275,1,Unspecified,848,2026-08-21T10:33:06.4019357+09:00,2026-08-21T10:33:06.9019357+09:00,433.126474,433.626474,30,30,-0.029837,0.034764,0.000000,0.000000,0.000000,0.000072,0
20260821_102553_275,1,Unspecified,849,2026-08-21T10:33:06.9019357+09:00,2026-08-21T10:33:07.4019357+09:00,433.626474,434.126474,30,30,-0.029550,0.034954,0.000000,0.000000,0.000000,0.000236,0
20260821_102553_275,1,Unspecified,850,2026-08-21T10:33:07.4019357+09:00,2026-08-21T10:33:07.9019357+09:00,434.126474,434.626474,30,30,-0.029144,0.035230,0.000000,0.000000,0.000000,0.000075,0
20260821_102553_275,1,Unspecified,851,2026-08-21T10:33:07.9019357+09:00,2026-08-21T10:33:08.4019357+09:00,434.626474,435.126474,30,30,-0.029058,0.035276,0.000000,0.000000,0.000000,0.000072,0
20260821_102553_275,1,Unspecified,852,2026-08-21T10:33:08.4019357+09:00,2026-08-21T10:33:08.9019357+09:00,435.126474,435.626474,30,30,-0.029123,0.035236,0.000000,0.000000,0.000000,0.000065,0
20260821_102553_275,1,Unspecified,853,2026-08-21T10:33:08.9019357+09:00,2026-08-21T10:33:09.4019357+09:00,435.626474,436.126474,30,30,-0.029126,0.035225,0.000000,0.000000,0.000000,0.000099,0
20260821_102553_275,1,Unspecified,854,2026-08-21T10:33:09.4019357+09:00,2026-08-21T10:33:09.9019357+09:00,436.126474,436.626474,30,30,-0.029639,0.034910,0.000000,0.000000,0.000000,0.000315,0
20260821_102553_275,1,Unspecified,855,2026-08-21T10:33:09.9019357+09:00,2026-08-21T10:33:10.4019357+09:00,436.626474,437.126474,30,30,-0.030195,0.034570,0.000000,0.000000,0.000000,0.000085,0
20260821_102553_275,1,Unspecified,856,2026-08-21T10:33:10.4019357+09:00,2026-08-21T10:33:10.9019357+09:00,437.126474,437.626474,30,30,-0.029532,0.035031,0.000000,0.000000,0.000000,0.000366,0
20260821_102553_275,1,Unspecified,857,2026-08-21T10:33:10.9019357+09:00,2026-08-21T10:33:11.4019357+09:00,437.626474,438.126474,30,30,-0.028850,0.035399,0.000000,0.000000,0.000000,0.000133,0
20260821_102553_275,1,Unspecified,858,2026-08-21T10:33:11.4019357+09:00,2026-08-21T10:33:11.9019357+09:00,438.126474,438.626474,30,30,-0.028589,0.035530,0.000000,0.000000,0.000000,0.000063,0
20260821_102553_275,1,Unspecified,859,2026-08-21T10:33:11.9019357+09:00,2026-08-21T10:33:12.4019357+09:00,438.626474,439.126474,30,30,-0.028477,0.035609,0.000000,0.000000,0.000000,0.000081,0
20260821_102553_275,1,Unspecified,860,2026-08-21T10:33:12.4019357+09:00,2026-08-21T10:33:12.9019357+09:00,439.126474,439.626474,30,30,-0.028490,0.035619,0.000000,0.000000,0.000000,0.000065,0
20260821_102553_275,1,Unspecified,861,2026-08-21T10:33:12.9019357+09:00,2026-08-21T10:33:13.4019357+09:00,439.626474,440.126474,30,30,-0.028824,0.035407,0.000000,0.000000,0.000000,0.000256,0
20260821_102553_275,1,Unspecified,862,2026-08-21T10:33:13.4019357+09:00,2026-08-21T10:33:13.9019357+09:00,440.126474,440.626474,30,30,-0.029476,0.034999,0.000000,0.000000,0.000000,0.000125,0
20260821_102553_275,1,Unspecified,863,2026-08-21T10:33:13.9019357+09:00,2026-08-21T10:33:14.4019357+09:00,440.626474,441.126474,30,30,-0.029449,0.035009,0.000000,0.000000,0.000000,0.000125,0
20260821_102553_275,1,Unspecified,864,2026-08-21T10:33:14.4019357+09:00,2026-08-21T10:33:14.9019357+09:00,441.126474,441.626474,30,30,-0.029018,0.035337,0.000000,0.000000,0.000000,0.000288,0
20260821_102553_275,1,Unspecified,865,2026-08-21T10:33:14.9019357+09:00,2026-08-21T10:33:15.4019357+09:00,441.626474,442.126474,30,30,-0.028414,0.035715,0.000000,0.000000,0.000000,0.000120,0
20260821_102553_275,1,Unspecified,866,2026-08-21T10:33:15.4019357+09:00,2026-08-21T10:33:15.9019357+09:00,442.126474,442.626474,30,30,-0.029597,0.035417,0.000001,0.000000,0.000000,0.001028,0
20260821_102553_275,1,Unspecified,867,2026-08-21T10:33:15.9019357+09:00,2026-08-21T10:33:16.4019357+09:00,442.626474,443.126474,30,30,-0.028630,0.035920,0.000001,0.000001,0.000001,0.001436,0
20260821_102553_275,1,Unspecified,868,2026-08-21T10:33:16.4019357+09:00,2026-08-21T10:33:16.9019357+09:00,443.126474,443.626474,30,30,-0.028246,0.036391,0.000000,0.000000,0.000000,0.000274,0
20260821_102553_275,1,Unspecified,869,2026-08-21T10:33:16.9019357+09:00,2026-08-21T10:33:17.4019357+09:00,443.626474,444.126474,30,30,-0.028390,0.036286,0.000000,0.000000,0.000000,0.000140,0
20260821_102553_275,1,Unspecified,870,2026-08-21T10:33:17.4019357+09:00,2026-08-21T10:33:17.9019357+09:00,444.126474,444.626474,30,30,-0.028776,0.036300,0.000000,0.000000,0.000000,0.000181,0
20260821_102553_275,1,Unspecified,871,2026-08-21T10:33:17.9019357+09:00,2026-08-21T10:33:18.4019357+09:00,444.626474,445.126474,30,30,-0.028557,0.036448,0.000000,0.000000,0.000000,0.000090,0
20260821_102553_275,1,Unspecified,872,2026-08-21T10:33:18.4019357+09:00,2026-08-21T10:33:18.9019357+09:00,445.126474,445.626474,30,30,-0.028658,0.036344,0.000000,0.000000,0.000000,0.000096,0
20260821_102553_275,1,Unspecified,873,2026-08-21T10:33:18.9019357+09:00,2026-08-21T10:33:19.4019357+09:00,445.626474,446.126474,30,30,-0.028523,0.036417,0.000000,0.000000,0.000000,0.000081,0
20260821_102553_275,1,Unspecified,874,2026-08-21T10:33:19.4019357+09:00,2026-08-21T10:33:19.9019357+09:00,446.126474,446.626474,30,30,-0.028459,0.036426,0.000000,0.000000,0.000000,0.000113,0
20260821_102553_275,1,Unspecified,875,2026-08-21T10:33:19.9019357+09:00,2026-08-21T10:33:20.4019357+09:00,446.626474,447.126474,30,30,-0.029031,0.036033,0.000000,0.000000,0.000000,0.000142,0
20260821_102553_275,1,Unspecified,876,2026-08-21T10:33:20.4019357+09:00,2026-08-21T10:33:20.9019357+09:00,447.126474,447.626474,30,30,-0.028916,0.036113,0.000000,0.000000,0.000000,0.000101,0
20260821_102553_275,1,Unspecified,877,2026-08-21T10:33:20.9019357+09:00,2026-08-21T10:33:21.4019357+09:00,447.626474,448.126474,30,30,-0.028385,0.036473,0.000000,0.000000,0.000000,0.000283,0
20260821_102553_275,1,Unspecified,878,2026-08-21T10:33:21.4019357+09:00,2026-08-21T10:33:21.9019357+09:00,448.126474,448.626474,30,30,-0.028155,0.036614,0.000000,0.000000,0.000000,0.000072,0
20260821_102553_275,1,Unspecified,879,2026-08-21T10:33:21.9019357+09:00,2026-08-21T10:33:22.4019357+09:00,448.626474,449.126474,30,30,-0.028139,0.036598,0.000000,0.000000,0.000000,0.000084,0
20260821_102553_275,1,Unspecified,880,2026-08-21T10:33:22.4019357+09:00,2026-08-21T10:33:22.9019357+09:00,449.126474,449.626474,30,30,-0.028122,0.036605,0.000000,0.000000,0.000000,0.000097,0
20260821_102553_275,1,Unspecified,881,2026-08-21T10:33:22.9019357+09:00,2026-08-21T10:33:23.4019357+09:00,449.626474,450.126474,30,30,-0.028358,0.036454,0.000000,0.000000,0.000000,0.000275,0
20260821_102553_275,1,Unspecified,882,2026-08-21T10:33:23.4019357+09:00,2026-08-21T10:33:23.9019357+09:00,450.126474,450.626474,30,30,-0.028687,0.036254,0.000000,0.000000,0.000000,0.000078,0
20260821_102553_275,1,Unspecified,883,2026-08-21T10:33:23.9019357+09:00,2026-08-21T10:33:24.4019357+09:00,450.626474,451.126474,30,30,-0.028715,0.036227,0.000000,0.000000,0.000000,0.000177,0
20260821_102553_275,1,Unspecified,884,2026-08-21T10:33:24.4019357+09:00,2026-08-21T10:33:24.9019357+09:00,451.126474,451.626474,30,30,-0.028037,0.036674,0.000000,0.000000,0.000000,0.000181,0
20260821_102553_275,1,Unspecified,885,2026-08-21T10:33:24.9019357+09:00,2026-08-21T10:33:25.4019357+09:00,451.626474,452.126474,30,30,-0.027893,0.036755,0.000000,0.000000,0.000000,0.000104,0
20260821_102553_275,1,Unspecified,886,2026-08-21T10:33:25.4019357+09:00,2026-08-21T10:33:25.9019357+09:00,452.126474,452.626474,30,30,-0.027800,0.036787,0.000000,0.000000,0.000000,0.000071,0
20260821_102553_275,1,Unspecified,887,2026-08-21T10:33:25.9019357+09:00,2026-08-21T10:33:26.4019357+09:00,452.626474,453.126474,30,30,-0.027782,0.036799,0.000000,0.000000,0.000000,0.000097,0
20260821_102553_275,1,Unspecified,888,2026-08-21T10:33:26.4019357+09:00,2026-08-21T10:33:26.9019357+09:00,453.126474,453.626474,30,30,-0.027849,0.036739,0.000000,0.000000,0.000000,0.000201,0
20260821_102553_275,1,Unspecified,889,2026-08-21T10:33:26.9019357+09:00,2026-08-21T10:33:27.4019357+09:00,453.626474,454.126474,30,30,-0.028286,0.036442,0.000000,0.000000,0.000000,0.000071,0
20260821_102553_275,1,Unspecified,890,2026-08-21T10:33:27.4019357+09:00,2026-08-21T10:33:27.9019357+09:00,454.126474,454.626474,30,30,-0.028264,0.036485,0.000000,0.000000,0.000000,0.000146,0
20260821_102553_275,1,Unspecified,891,2026-08-21T10:33:27.9019357+09:00,2026-08-21T10:33:28.4019357+09:00,454.626474,455.126474,30,30,-0.027627,0.036900,0.000000,0.000000,0.000000,0.000248,0
20260821_102553_275,1,Unspecified,892,2026-08-21T10:33:28.4019357+09:00,2026-08-21T10:33:28.9019357+09:00,455.126474,455.626474,30,30,-0.027179,0.037114,0.000000,0.000000,0.000000,0.000099,0
20260821_102553_275,1,Unspecified,893,2026-08-21T10:33:28.9019357+09:00,2026-08-21T10:33:29.4019357+09:00,455.626474,456.126474,30,30,-0.026987,0.037158,0.000000,0.000000,0.000000,0.000106,0
20260821_102553_275,1,Unspecified,894,2026-08-21T10:33:29.4019357+09:00,2026-08-21T10:33:29.9019357+09:00,456.126474,456.626474,30,30,-0.026654,0.037281,0.000000,0.000000,0.000000,0.000089,0
20260821_102553_275,1,Unspecified,895,2026-08-21T10:33:29.9019357+09:00,2026-08-21T10:33:30.4019357+09:00,456.626474,457.126474,30,30,-0.026860,0.037121,0.000000,0.000000,0.000000,0.000194,0
20260821_102553_275,1,Unspecified,896,2026-08-21T10:33:30.4019357+09:00,2026-08-21T10:33:30.9019357+09:00,457.126474,457.626474,30,30,-0.027301,0.036846,0.000000,0.000000,0.000000,0.000124,0
20260821_102553_275,1,Unspecified,897,2026-08-21T10:33:30.9019357+09:00,2026-08-21T10:33:31.4019357+09:00,457.626474,458.126474,30,30,-0.027147,0.036913,0.000000,0.000000,0.000000,0.000313,0
20260821_102553_275,1,Unspecified,898,2026-08-21T10:33:31.4019357+09:00,2026-08-21T10:33:31.9019357+09:00,458.126474,458.626474,30,30,-0.025980,0.037523,0.000000,0.000000,0.000000,0.000287,0
20260821_102553_275,1,Unspecified,899,2026-08-21T10:33:31.9019357+09:00,2026-08-21T10:33:32.4019357+09:00,458.626474,459.126474,30,30,-0.025575,0.037664,0.000000,0.000000,0.000000,0.000126,0
20260821_102553_275,1,Unspecified,900,2026-08-21T10:33:32.4019357+09:00,2026-08-21T10:33:32.9019357+09:00,459.126474,459.626474,30,30,-0.025326,0.037731,0.000000,0.000000,0.000000,0.000091,0
20260821_102553_275,1,Unspecified,901,2026-08-21T10:33:32.9019357+09:00,2026-08-21T10:33:33.4019357+09:00,459.626474,460.126474,30,30,-0.025480,0.037591,0.000000,0.000000,0.000000,0.000100,0
20260821_102553_275,1,Unspecified,902,2026-08-21T10:33:33.4019357+09:00,2026-08-21T10:33:33.9019357+09:00,460.126474,460.626474,30,30,-0.025520,0.037496,0.000000,0.000000,0.000000,0.000093,0
20260821_102553_275,1,Unspecified,903,2026-08-21T10:33:33.9019357+09:00,2026-08-21T10:33:34.4019357+09:00,460.626474,461.126474,30,30,-0.025437,0.037552,0.000000,0.000000,0.000000,0.000113,0
20260821_102553_275,1,Unspecified,904,2026-08-21T10:33:34.4019357+09:00,2026-08-21T10:33:34.9019357+09:00,461.126474,461.626474,30,30,-0.024755,0.037918,0.000000,0.000000,0.000000,0.000251,0
20260821_102553_275,1,Unspecified,905,2026-08-21T10:33:34.9019357+09:00,2026-08-21T10:33:35.4019357+09:00,461.626474,462.126474,30,30,-0.024632,0.037900,0.000000,0.000000,0.000000,0.000472,0
20260821_102553_275,1,Unspecified,906,2026-08-21T10:33:35.4019357+09:00,2026-08-21T10:33:35.9019357+09:00,462.126474,462.626474,30,30,-0.025039,0.036052,0.000003,0.000001,0.000000,0.002063,0
20260821_102553_275,1,Unspecified,907,2026-08-21T10:33:35.9019357+09:00,2026-08-21T10:33:36.4019357+09:00,462.626474,463.126474,30,30,-0.020501,0.035661,0.000002,0.000002,0.000001,0.002065,0
20260821_102553_275,1,Unspecified,908,2026-08-21T10:33:36.4019357+09:00,2026-08-21T10:33:36.9019357+09:00,463.126474,463.626474,30,30,-0.026216,0.033769,0.000001,0.000000,0.000000,0.000959,0
20260821_102553_275,1,Unspecified,909,2026-08-21T10:33:36.9019357+09:00,2026-08-21T10:33:37.4019357+09:00,463.626474,464.126474,30,30,-0.019795,0.034312,0.000007,0.000001,0.000003,0.002821,0
20260821_102553_275,1,Unspecified,910,2026-08-21T10:33:37.4019357+09:00,2026-08-21T10:33:37.9019357+09:00,464.126474,464.626474,30,30,-0.017610,0.035492,0.000009,0.000001,0.000003,0.003273,0
20260821_102553_275,1,Unspecified,911,2026-08-21T10:33:37.9019357+09:00,2026-08-21T10:33:38.4019357+09:00,464.626474,465.126474,30,30,-0.015921,0.037834,0.000028,0.000003,0.000010,0.005593,0
20260821_102553_275,1,Unspecified,912,2026-08-21T10:33:38.4019357+09:00,2026-08-21T10:33:38.9019357+09:00,465.126474,465.626474,30,30,-0.030972,0.033842,0.000003,0.000001,0.000001,0.002037,0
20260821_102553_275,1,Unspecified,913,2026-08-21T10:33:38.9019357+09:00,2026-08-21T10:33:39.4019357+09:00,465.626474,466.126474,30,30,-0.032493,0.033261,0.000006,0.000004,0.000005,0.003086,0
20260821_102553_275,1,Unspecified,914,2026-08-21T10:33:39.4019357+09:00,2026-08-21T10:33:39.9019357+09:00,466.126474,466.626474,30,30,-0.028440,0.036269,0.000003,0.000002,0.000002,0.002270,0
20260821_102553_275,1,Unspecified,915,2026-08-21T10:33:39.9019357+09:00,2026-08-21T10:33:40.4019357+09:00,466.626474,467.126474,30,30,-0.027634,0.036937,0.000000,0.000000,0.000000,0.000442,0
20260821_102553_275,1,Unspecified,916,2026-08-21T10:33:40.4019357+09:00,2026-08-21T10:33:40.9019357+09:00,467.126474,467.626474,30,30,-0.027367,0.037147,0.000000,0.000000,0.000000,0.000257,0
20260821_102553_275,1,Unspecified,917,2026-08-21T10:33:40.9019357+09:00,2026-08-21T10:33:41.4019357+09:00,467.626474,468.126474,30,30,-0.027320,0.037144,0.000000,0.000000,0.000000,0.000163,0
20260821_102553_275,1,Unspecified,918,2026-08-21T10:33:41.4019357+09:00,2026-08-21T10:33:41.9019357+09:00,468.126474,468.626474,30,30,-0.026781,0.037312,0.000000,0.000000,0.000000,0.000124,0
20260821_102553_275,1,Unspecified,919,2026-08-21T10:33:41.9019357+09:00,2026-08-21T10:33:42.4019357+09:00,468.626474,469.126474,30,30,-0.026746,0.037242,0.000000,0.000000,0.000000,0.000115,0
20260821_102553_275,1,Unspecified,920,2026-08-21T10:33:42.4019357+09:00,2026-08-21T10:33:42.9019357+09:00,469.126474,469.626474,30,30,-0.026765,0.037184,0.000000,0.000000,0.000000,0.000081,0
20260821_102553_275,1,Unspecified,921,2026-08-21T10:33:42.9019357+09:00,2026-08-21T10:33:43.4019357+09:00,469.626474,470.126474,30,30,-0.026841,0.037108,0.000000,0.000000,0.000000,0.000078,0
20260821_102553_275,1,Unspecified,922,2026-08-21T10:33:43.4019357+09:00,2026-08-21T10:33:43.9019357+09:00,470.126474,470.626474,30,30,-0.026827,0.037136,0.000000,0.000000,0.000000,0.000045,0
20260821_102553_275,1,Unspecified,923,2026-08-21T10:33:43.9019357+09:00,2026-08-21T10:33:44.4019357+09:00,470.626474,471.126474,30,30,-0.026954,0.037073,0.000000,0.000000,0.000000,0.000094,0
20260821_102553_275,1,Unspecified,924,2026-08-21T10:33:44.4019357+09:00,2026-08-21T10:33:44.9019357+09:00,471.126474,471.626474,30,30,-0.027316,0.036915,0.000000,0.000000,0.000000,0.000217,0
20260821_102553_275,1,Unspecified,925,2026-08-21T10:33:44.9019357+09:00,2026-08-21T10:33:45.4019357+09:00,471.626474,472.126474,30,30,-0.027507,0.036830,0.000000,0.000000,0.000000,0.000115,0
20260821_102553_275,1,Unspecified,926,2026-08-21T10:33:45.4019357+09:00,2026-08-21T10:33:45.9019357+09:00,472.126474,472.626474,30,30,-0.027269,0.036980,0.000000,0.000000,0.000000,0.000084,0
20260821_102553_275,1,Unspecified,927,2026-08-21T10:33:45.9019357+09:00,2026-08-21T10:33:46.4019357+09:00,472.626474,473.126474,30,30,-0.027000,0.037138,0.000000,0.000000,0.000000,0.000090,0
20260821_102553_275,1,Unspecified,928,2026-08-21T10:33:46.4019357+09:00,2026-08-21T10:33:46.9019357+09:00,473.126474,473.626474,30,30,-0.026752,0.037230,0.000000,0.000000,0.000000,0.000097,0
20260821_102553_275,1,Unspecified,929,2026-08-21T10:33:46.9019357+09:00,2026-08-21T10:33:47.4019357+09:00,473.626474,474.126474,30,30,-0.026651,0.037235,0.000000,0.000000,0.000000,0.000081,0
20260821_102553_275,1,Unspecified,930,2026-08-21T10:33:47.4019357+09:00,2026-08-21T10:33:47.9019357+09:00,474.126474,474.626474,30,30,-0.026621,0.037221,0.000000,0.000000,0.000000,0.000096,0
20260821_102553_275,1,Unspecified,931,2026-08-21T10:33:47.9019357+09:00,2026-08-21T10:33:48.4019357+09:00,474.626474,475.126474,30,30,-0.027018,0.036974,0.000000,0.000000,0.000000,0.000267,0
20260821_102553_275,1,Unspecified,932,2026-08-21T10:33:48.4019357+09:00,2026-08-21T10:33:48.9019357+09:00,475.126474,475.626474,30,30,-0.027565,0.036644,0.000000,0.000000,0.000000,0.000097,0
20260821_102553_275,1,Unspecified,933,2026-08-21T10:33:48.9019357+09:00,2026-08-21T10:33:49.4019357+09:00,475.626474,476.126474,30,30,-0.027441,0.036701,0.000000,0.000000,0.000000,0.000141,0
20260821_102553_275,1,Unspecified,934,2026-08-21T10:33:49.4019357+09:00,2026-08-21T10:33:49.9019357+09:00,476.126474,476.626474,30,30,-0.027050,0.036945,0.000000,0.000000,0.000000,0.000139,0
20260821_102553_275,1,Unspecified,935,2026-08-21T10:33:49.9019357+09:00,2026-08-21T10:33:50.4019357+09:00,476.626474,477.126474,30,30,-0.026829,0.037102,0.000000,0.000000,0.000000,0.000092,0
20260821_102553_275,1,Unspecified,936,2026-08-21T10:33:50.4019357+09:00,2026-08-21T10:33:50.9019357+09:00,477.126474,477.626474,30,30,-0.026829,0.037098,0.000000,0.000000,0.000000,0.000078,0
20260821_102553_275,1,Unspecified,937,2026-08-21T10:33:50.9019357+09:00,2026-08-21T10:33:51.4019357+09:00,477.626474,478.126474,30,30,-0.026908,0.037022,0.000000,0.000000,0.000000,0.000104,0
20260821_102553_275,1,Unspecified,938,2026-08-21T10:33:51.4019357+09:00,2026-08-21T10:33:51.9019357+09:00,478.126474,478.626474,30,30,-0.027409,0.036727,0.000000,0.000000,0.000000,0.000344,0
20260821_102553_275,1,Unspecified,939,2026-08-21T10:33:51.9019357+09:00,2026-08-21T10:33:52.4019357+09:00,478.626474,479.126474,30,30,-0.027983,0.036361,0.000000,0.000000,0.000000,0.000094,0
20260821_102553_275,1,Unspecified,940,2026-08-21T10:33:52.4019357+09:00,2026-08-21T10:33:52.9019357+09:00,479.126474,479.626474,30,30,-0.027630,0.036608,0.000000,0.000000,0.000000,0.000183,0
20260821_102553_275,1,Unspecified,941,2026-08-21T10:33:52.9019357+09:00,2026-08-21T10:33:53.4019357+09:00,479.626474,480.126474,30,30,-0.027154,0.036879,0.000000,0.000000,0.000000,0.000148,0
20260821_102553_275,1,Unspecified,942,2026-08-21T10:33:53.4019357+09:00,2026-08-21T10:33:53.9019357+09:00,480.126474,480.626474,30,30,-0.026800,0.037083,0.000000,0.000000,0.000000,0.000074,0
20260821_102553_275,1,Unspecified,943,2026-08-21T10:33:53.9019357+09:00,2026-08-21T10:33:54.4019357+09:00,480.626474,481.126474,30,30,-0.026797,0.037095,0.000000,0.000000,0.000000,0.000086,0
20260821_102553_275,1,Unspecified,944,2026-08-21T10:33:54.4019357+09:00,2026-08-21T10:33:54.9019357+09:00,481.126474,481.626474,30,30,-0.026738,0.037121,0.000000,0.000000,0.000000,0.000093,0
20260821_102553_275,1,Unspecified,945,2026-08-21T10:33:54.9019357+09:00,2026-08-21T10:33:55.4019357+09:00,481.626474,482.126474,30,30,-0.027212,0.036802,0.000000,0.000000,0.000000,0.000201,0
20260821_102553_275,1,Unspecified,946,2026-08-21T10:33:55.4019357+09:00,2026-08-21T10:33:55.9019357+09:00,482.126474,482.626474,30,30,-0.027210,0.036825,0.000000,0.000000,0.000000,0.000191,0
20260821_102553_275,1,Unspecified,947,2026-08-21T10:33:55.9019357+09:00,2026-08-21T10:33:56.4019357+09:00,482.626474,483.126474,30,30,-0.027661,0.036603,0.000000,0.000000,0.000000,0.000512,0
20260821_102553_275,1,Unspecified,948,2026-08-21T10:33:56.4019357+09:00,2026-08-21T10:33:56.9019357+09:00,483.126474,483.626474,30,30,-0.025794,0.037875,0.000000,0.000000,0.000000,0.000651,0
20260821_102553_275,1,Unspecified,949,2026-08-21T10:33:56.9019357+09:00,2026-08-21T10:33:57.4019357+09:00,483.626474,484.126474,30,30,-0.025572,0.038477,0.000000,0.000000,0.000000,0.000733,0
20260821_102553_275,1,Unspecified,950,2026-08-21T10:33:57.4019357+09:00,2026-08-21T10:33:57.9019357+09:00,484.126474,484.626474,30,30,-0.026269,0.038116,0.000000,0.000000,0.000000,0.000473,0
20260821_102553_275,1,Unspecified,951,2026-08-21T10:33:57.9019357+09:00,2026-08-21T10:33:58.4019357+09:00,484.626474,485.126474,30,30,-0.024551,0.039211,0.000000,0.000000,0.000000,0.000465,0
20260821_102553_275,1,Unspecified,952,2026-08-21T10:33:58.4019357+09:00,2026-08-21T10:33:58.9019357+09:00,485.126474,485.626474,30,30,-0.024353,0.039200,0.000000,0.000000,0.000000,0.000383,0
20260821_102553_275,1,Unspecified,953,2026-08-21T10:33:58.9019357+09:00,2026-08-21T10:33:59.4019357+09:00,485.626474,486.126474,30,30,-0.023565,0.039802,0.000000,0.000000,0.000000,0.000170,0
20260821_102553_275,1,Unspecified,954,2026-08-21T10:33:59.4019357+09:00,2026-08-21T10:33:59.9019357+09:00,486.126474,486.626474,30,30,-0.023298,0.039179,0.000001,0.000000,0.000000,0.000976,0
20260821_102553_275,1,Unspecified,955,2026-08-21T10:33:59.9019357+09:00,2026-08-21T10:34:00.4019357+09:00,486.626474,487.126474,30,30,-0.020191,0.038656,0.000001,0.000000,0.000000,0.001069,0
20260821_102553_275,1,Unspecified,956,2026-08-21T10:34:00.4019357+09:00,2026-08-21T10:34:00.9019357+09:00,487.126474,487.626474,30,30,-0.020500,0.039372,0.000004,0.000001,0.000002,0.002218,0
20260821_102553_275,1,Unspecified,957,2026-08-21T10:34:00.9019357+09:00,2026-08-21T10:34:01.4019357+09:00,487.626474,488.126474,30,30,-0.022647,0.039639,0.000001,0.000000,0.000000,0.001173,0
20260821_102553_275,1,Unspecified,958,2026-08-21T10:34:01.4019357+09:00,2026-08-21T10:34:01.9019357+09:00,488.126474,488.626474,30,30,-0.022111,0.040733,0.000000,0.000000,0.000000,0.000437,0
20260821_102553_275,1,Unspecified,959,2026-08-21T10:34:01.9019357+09:00,2026-08-21T10:34:02.4019357+09:00,488.626474,489.126474,30,30,-0.023113,0.040289,0.000000,0.000000,0.000000,0.000228,0
20260821_102553_275,1,Unspecified,960,2026-08-21T10:34:02.4019357+09:00,2026-08-21T10:34:02.9019357+09:00,489.126474,489.626474,30,30,-0.023283,0.040053,0.000000,0.000000,0.000000,0.000188,0
20260821_102553_275,1,Unspecified,961,2026-08-21T10:34:02.9019357+09:00,2026-08-21T10:34:03.4019357+09:00,489.626474,490.126474,30,30,-0.022819,0.040154,0.000000,0.000000,0.000000,0.000260,0
20260821_102553_275,1,Unspecified,962,2026-08-21T10:34:03.4019357+09:00,2026-08-21T10:34:03.9019357+09:00,490.126474,490.626474,30,30,-0.024231,0.039352,0.000000,0.000000,0.000000,0.000589,0
20260821_102553_275,1,Unspecified,963,2026-08-21T10:34:03.9019357+09:00,2026-08-21T10:34:04.4019357+09:00,490.626474,491.126474,30,30,-0.027604,0.037113,0.000001,0.000001,0.000001,0.001289,0
20260821_102553_275,1,Unspecified,964,2026-08-21T10:34:04.4019357+09:00,2026-08-21T10:34:04.9019357+09:00,491.126474,491.626474,30,30,-0.028710,0.036304,0.000000,0.000000,0.000000,0.000169,0
20260821_102553_275,1,Unspecified,965,2026-08-21T10:34:04.9019357+09:00,2026-08-21T10:34:05.4019357+09:00,491.626474,492.126474,30,30,-0.028582,0.036385,0.000000,0.000000,0.000000,0.000096,0
20260821_102553_275,1,Unspecified,966,2026-08-21T10:34:05.4019357+09:00,2026-08-21T10:34:05.9019357+09:00,492.126474,492.626474,30,30,-0.028397,0.036500,0.000000,0.000000,0.000000,0.000052,0
20260821_102553_275,1,Unspecified,967,2026-08-21T10:34:05.9019357+09:00,2026-08-21T10:34:06.4019357+09:00,492.626474,493.126474,30,30,-0.028137,0.036655,0.000000,0.000000,0.000000,0.000133,0
20260821_102553_275,1,Unspecified,968,2026-08-21T10:34:06.4019357+09:00,2026-08-21T10:34:06.9019357+09:00,493.126474,493.626474,30,30,-0.028151,0.036662,0.000000,0.000000,0.000000,0.000143,0
20260821_102553_275,1,Unspecified,969,2026-08-21T10:34:06.9019357+09:00,2026-08-21T10:34:07.4019357+09:00,493.626474,494.126474,30,30,-0.028918,0.036129,0.000000,0.000000,0.000000,0.000383,0
20260821_102553_275,1,Unspecified,970,2026-08-21T10:34:07.4019357+09:00,2026-08-21T10:34:07.9019357+09:00,494.126474,494.626474,30,30,-0.029629,0.035635,0.000000,0.000000,0.000000,0.000098,0
20260821_102553_275,1,Unspecified,971,2026-08-21T10:34:07.9019357+09:00,2026-08-21T10:34:08.4019357+09:00,494.626474,495.126474,30,30,-0.029815,0.035514,0.000000,0.000000,0.000000,0.000108,0
20260821_102553_275,1,Unspecified,972,2026-08-21T10:34:08.4019357+09:00,2026-08-21T10:34:08.9019357+09:00,495.126474,495.626474,30,30,-0.029697,0.035601,0.000000,0.000000,0.000000,0.000119,0
20260821_102553_275,1,Unspecified,973,2026-08-21T10:34:08.9019357+09:00,2026-08-21T10:34:09.4019357+09:00,495.626474,496.126474,30,30,-0.029102,0.036015,0.000000,0.000000,0.000000,0.000654,0
20260821_102553_275,1,Unspecified,974,2026-08-21T10:34:09.4019357+09:00,2026-08-21T10:34:09.9019357+09:00,496.126474,496.626474,30,30,-0.028279,0.036196,0.000000,0.000000,0.000000,0.000308,0
20260821_102553_275,1,Unspecified,975,2026-08-21T10:34:09.9019357+09:00,2026-08-21T10:34:10.4019357+09:00,496.626474,497.126474,30,30,-0.029123,0.035617,0.000000,0.000000,0.000000,0.000208,0
20260821_102553_275,1,Unspecified,976,2026-08-21T10:34:10.4019357+09:00,2026-08-21T10:34:10.9019357+09:00,497.126474,497.626474,30,30,-0.028532,0.035994,0.000000,0.000000,0.000000,0.000246,0
20260821_102553_275,1,Unspecified,977,2026-08-21T10:34:10.9019357+09:00,2026-08-21T10:34:11.4019357+09:00,497.626474,498.126474,30,30,-0.028633,0.035886,0.000000,0.000000,0.000000,0.000128,0
20260821_102553_275,1,Unspecified,978,2026-08-21T10:34:11.4019357+09:00,2026-08-21T10:34:11.9019357+09:00,498.126474,498.626474,30,30,-0.028343,0.036063,0.000000,0.000000,0.000000,0.000157,0
20260821_102553_275,1,Unspecified,979,2026-08-21T10:34:11.9019357+09:00,2026-08-21T10:34:12.4019357+09:00,498.626474,499.126474,30,30,-0.028217,0.036106,0.000000,0.000000,0.000000,0.000187,0
20260821_102553_275,1,Unspecified,980,2026-08-21T10:34:12.4019357+09:00,2026-08-21T10:34:12.9019357+09:00,499.126474,499.626474,30,30,-0.027895,0.036193,0.000000,0.000000,0.000000,0.000101,0
20260821_102553_275,1,Unspecified,981,2026-08-21T10:34:12.9019357+09:00,2026-08-21T10:34:13.4019357+09:00,499.626474,500.126474,30,30,-0.028136,0.036019,0.000000,0.000000,0.000000,0.000133,0
20260821_102553_275,1,Unspecified,982,2026-08-21T10:34:13.4019357+09:00,2026-08-21T10:34:13.9019357+09:00,500.126474,500.626474,30,30,-0.028389,0.035842,0.000000,0.000000,0.000000,0.000077,0
20260821_102553_275,1,Unspecified,983,2026-08-21T10:34:13.9019357+09:00,2026-08-21T10:34:14.4019357+09:00,500.626474,501.126474,30,30,-0.028179,0.035966,0.000000,0.000000,0.000000,0.000229,0
20260821_102553_275,1,Unspecified,984,2026-08-21T10:34:14.4019357+09:00,2026-08-21T10:34:14.9019357+09:00,501.126474,501.626474,30,30,-0.027639,0.036220,0.000000,0.000000,0.000000,0.000099,0
20260821_102553_275,1,Unspecified,985,2026-08-21T10:34:14.9019357+09:00,2026-08-21T10:34:15.4019357+09:00,501.626474,502.126474,30,30,-0.027664,0.036201,0.000000,0.000000,0.000000,0.000068,0
20260821_102553_275,1,Unspecified,986,2026-08-21T10:34:15.4019357+09:00,2026-08-21T10:34:15.9019357+09:00,502.126474,502.626474,30,30,-0.027840,0.036069,0.000000,0.000000,0.000000,0.000096,0
20260821_102553_275,1,Unspecified,987,2026-08-21T10:34:15.9019357+09:00,2026-08-21T10:34:16.4019357+09:00,502.626474,503.126474,30,30,-0.028733,0.035576,0.000000,0.000000,0.000000,0.000466,0
20260821_102553_275,1,Unspecified,988,2026-08-21T10:34:16.4019357+09:00,2026-08-21T10:34:16.9019357+09:00,503.126474,503.626474,30,30,-0.029331,0.035094,0.000000,0.000000,0.000000,0.000119,0
20260821_102553_275,1,Unspecified,989,2026-08-21T10:34:16.9019357+09:00,2026-08-21T10:34:17.4019357+09:00,503.626474,504.126474,30,30,-0.028954,0.035202,0.000000,0.000000,0.000000,0.000330,0
20260821_102553_275,1,Unspecified,990,2026-08-21T10:34:17.4019357+09:00,2026-08-21T10:34:17.9019357+09:00,504.126474,504.626474,30,30,-0.028567,0.035375,0.000000,0.000000,0.000000,0.000084,0
20260821_102553_275,1,Unspecified,991,2026-08-21T10:34:17.9019357+09:00,2026-08-21T10:34:18.4019357+09:00,504.626474,505.126474,30,30,-0.028436,0.035417,0.000000,0.000000,0.000000,0.000131,0
20260821_102553_275,1,Unspecified,992,2026-08-21T10:34:18.4019357+09:00,2026-08-21T10:34:18.9019357+09:00,505.126474,505.626474,30,30,-0.028468,0.035385,0.000000,0.000000,0.000000,0.000224,0
20260821_102553_275,1,Unspecified,993,2026-08-21T10:34:18.9019357+09:00,2026-08-21T10:34:19.4019357+09:00,505.626474,506.126474,30,30,-0.028748,0.035199,0.000000,0.000000,0.000000,0.000142,0
20260821_102553_275,1,Unspecified,994,2026-08-21T10:34:19.4019357+09:00,2026-08-21T10:34:19.9019357+09:00,506.126474,506.626474,30,30,-0.029693,0.034762,0.000000,0.000000,0.000000,0.000373,0
20260821_102553_275,1,Unspecified,995,2026-08-21T10:34:19.9019357+09:00,2026-08-21T10:34:20.4019357+09:00,506.626474,507.126474,30,30,-0.030116,0.034551,0.000000,0.000000,0.000000,0.000134,0
20260821_102553_275,1,Unspecified,996,2026-08-21T10:34:20.4019357+09:00,2026-08-21T10:34:20.9019357+09:00,507.126474,507.626474,30,30,-0.029610,0.034844,0.000000,0.000000,0.000000,0.000178,0
20260821_102553_275,1,Unspecified,997,2026-08-21T10:34:20.9019357+09:00,2026-08-21T10:34:21.4019357+09:00,507.626474,508.126474,30,30,-0.029326,0.034990,0.000000,0.000000,0.000000,0.000120,0
20260821_102553_275,1,Unspecified,998,2026-08-21T10:34:21.4019357+09:00,2026-08-21T10:34:21.9019357+09:00,508.126474,508.626474,30,30,-0.029255,0.035045,0.000000,0.000000,0.000000,0.000118,0
20260821_102553_275,1,Unspecified,999,2026-08-21T10:34:21.9019357+09:00,2026-08-21T10:34:22.4019357+09:00,508.626474,509.126474,30,30,-0.029341,0.035147,0.000000,0.000000,0.000000,0.000195,0
20260821_102553_275,1,Unspecified,1000,2026-08-21T10:34:22.4019357+09:00,2026-08-21T10:34:22.9019357+09:00,509.126474,509.626474,30,30,-0.029940,0.034980,0.000000,0.000000,0.000000,0.000349,0
20260821_102553_275,1,Unspecified,1001,2026-08-21T10:34:22.9019357+09:00,2026-08-21T10:34:23.4019357+09:00,509.626474,510.126474,30,30,-0.030525,0.034652,0.000000,0.000000,0.000000,0.000125,0
20260821_102553_275,1,Unspecified,1002,2026-08-21T10:34:23.4019357+09:00,2026-08-21T10:34:23.9019357+09:00,510.126474,510.626474,30,30,-0.029974,0.035049,0.000000,0.000000,0.000000,0.000165,0
20260821_102553_275,1,Unspecified,1003,2026-08-21T10:34:23.9019357+09:00,2026-08-21T10:34:24.4019357+09:00,510.626474,511.126474,30,30,-0.030015,0.034993,0.000000,0.000000,0.000000,0.000092,0
20260821_102553_275,1,Unspecified,1004,2026-08-21T10:34:24.4019357+09:00,2026-08-21T10:34:24.9019357+09:00,511.126474,511.626474,30,30,-0.029948,0.035023,0.000000,0.000000,0.000000,0.000090,0
20260821_102553_275,1,Unspecified,1005,2026-08-21T10:34:24.9019357+09:00,2026-08-21T10:34:25.4019357+09:00,511.626474,512.126474,30,30,-0.029988,0.034964,0.000000,0.000000,0.000000,0.000067,0
20260821_102553_275,1,Unspecified,1006,2026-08-21T10:34:25.4019357+09:00,2026-08-21T10:34:25.9019357+09:00,512.126474,512.626474,30,30,-0.030088,0.034902,0.000000,0.000000,0.000000,0.000151,0
20260821_102553_275,1,Unspecified,1007,2026-08-21T10:34:25.9019357+09:00,2026-08-21T10:34:26.4019357+09:00,512.626474,513.126474,30,30,-0.030394,0.034687,0.000000,0.000000,0.000000,0.000170,0
20260821_102553_275,1,Unspecified,1008,2026-08-21T10:34:26.4019357+09:00,2026-08-21T10:34:26.9019357+09:00,513.126474,513.626474,30,30,-0.030886,0.034334,0.000000,0.000000,0.000000,0.000152,0
20260821_102553_275,1,Unspecified,1009,2026-08-21T10:34:26.9019357+09:00,2026-08-21T10:34:27.4019357+09:00,513.626474,514.126474,30,30,-0.030383,0.034665,0.000000,0.000000,0.000000,0.000121,0
20260821_102553_275,1,Unspecified,1010,2026-08-21T10:34:27.4019357+09:00,2026-08-21T10:34:27.9019357+09:00,514.126474,514.626474,30,30,-0.030416,0.034636,0.000000,0.000000,0.000000,0.000096,0
20260821_102553_275,1,Unspecified,1011,2026-08-21T10:34:27.9019357+09:00,2026-08-21T10:34:28.4019357+09:00,514.626474,515.126474,30,30,-0.030367,0.034691,0.000000,0.000000,0.000000,0.000166,0
20260821_102553_275,1,Unspecified,1012,2026-08-21T10:34:28.4019357+09:00,2026-08-21T10:34:28.9019357+09:00,515.126474,515.626474,30,30,-0.032192,0.033368,0.000000,0.000000,0.000000,0.000879,0
20260821_102553_275,1,Unspecified,1013,2026-08-21T10:34:28.9019357+09:00,2026-08-21T10:34:29.4019357+09:00,515.626474,516.126474,30,30,-0.032543,0.033057,0.000000,0.000000,0.000000,0.000096,0
20260821_102553_275,1,Unspecified,1014,2026-08-21T10:34:29.4019357+09:00,2026-08-21T10:34:29.9019357+09:00,516.126474,516.626474,30,30,-0.033211,0.032509,0.000000,0.000000,0.000000,0.000318,0
20260821_102553_275,1,Unspecified,1015,2026-08-21T10:34:29.9019357+09:00,2026-08-21T10:34:30.4019357+09:00,516.626474,517.126474,30,30,-0.033144,0.032558,0.000000,0.000000,0.000000,0.000324,0
20260821_102553_275,1,Unspecified,1016,2026-08-21T10:34:30.4019357+09:00,2026-08-21T10:34:30.9019357+09:00,517.126474,517.626474,30,30,-0.032466,0.033090,0.000000,0.000000,0.000000,0.000258,0
20260821_102553_275,1,Unspecified,1017,2026-08-21T10:34:30.9019357+09:00,2026-08-21T10:34:31.4019357+09:00,517.626474,518.126474,30,30,-0.032175,0.033366,0.000000,0.000000,0.000000,0.000305,0
20260821_102553_275,1,Unspecified,1018,2026-08-21T10:34:31.4019357+09:00,2026-08-21T10:34:31.9019357+09:00,518.126474,518.626474,30,30,-0.032904,0.032948,0.000000,0.000000,0.000000,0.000585,0
20260821_102553_275,1,Unspecified,1019,2026-08-21T10:34:31.9019357+09:00,2026-08-21T10:34:32.4019357+09:00,518.626474,519.126474,30,30,-0.033565,0.032423,0.000000,0.000000,0.000000,0.000531,0
20260821_102553_275,1,Unspecified,1020,2026-08-21T10:34:32.4019357+09:00,2026-08-21T10:34:32.9019357+09:00,519.126474,519.626474,30,30,-0.033833,0.032220,0.000000,0.000000,0.000000,0.000242,0
20260821_102553_275,1,Unspecified,1021,2026-08-21T10:34:32.9019357+09:00,2026-08-21T10:34:33.4019357+09:00,519.626474,520.126474,30,30,-0.032823,0.033068,0.000000,0.000000,0.000000,0.000410,0
20260821_102553_275,1,Unspecified,1022,2026-08-21T10:34:33.4019357+09:00,2026-08-21T10:34:33.9019357+09:00,520.126474,520.626474,30,30,-0.032263,0.033528,0.000000,0.000000,0.000000,0.000083,0
20260821_102553_275,1,Unspecified,1023,2026-08-21T10:34:33.9019357+09:00,2026-08-21T10:34:34.4019357+09:00,520.626474,521.126474,30,30,-0.031995,0.033718,0.000000,0.000000,0.000000,0.000100,0
20260821_102553_275,1,Unspecified,1024,2026-08-21T10:34:34.4019357+09:00,2026-08-21T10:34:34.9019357+09:00,521.126474,521.626474,30,30,-0.032026,0.033681,0.000000,0.000000,0.000000,0.000083,0
20260821_102553_275,1,Unspecified,1025,2026-08-21T10:34:34.9019357+09:00,2026-08-21T10:34:35.4019357+09:00,521.626474,522.126474,30,30,-0.031975,0.033707,0.000000,0.000000,0.000000,0.000062,0
20260821_102553_275,1,Unspecified,1026,2026-08-21T10:34:35.4019357+09:00,2026-08-21T10:34:35.9019357+09:00,522.126474,522.626474,30,30,-0.032264,0.033496,0.000000,0.000000,0.000000,0.000271,0
20260821_102553_275,1,Unspecified,1027,2026-08-21T10:34:35.9019357+09:00,2026-08-21T10:34:36.4019357+09:00,522.626474,523.126474,30,30,-0.032202,0.033531,0.000000,0.000000,0.000000,0.000379,0
20260821_102553_275,1,Unspecified,1028,2026-08-21T10:34:36.4019357+09:00,2026-08-21T10:34:36.9019357+09:00,523.126474,523.626474,30,30,-0.031110,0.034317,0.000000,0.000000,0.000000,0.000192,0
20260821_102553_275,1,Unspecified,1029,2026-08-21T10:34:36.9019357+09:00,2026-08-21T10:34:37.4019357+09:00,523.626474,524.126474,30,30,-0.030870,0.034406,0.000000,0.000000,0.000000,0.000175,0
20260821_102553_275,1,Unspecified,1030,2026-08-21T10:34:37.4019357+09:00,2026-08-21T10:34:37.9019357+09:00,524.126474,524.626474,30,30,-0.033475,0.032313,0.000004,0.000003,0.000004,0.002784,0
20260821_102553_275,1,Unspecified,1031,2026-08-21T10:34:37.9019357+09:00,2026-08-21T10:34:38.4019357+09:00,524.626474,525.126474,30,30,-0.046720,0.017790,0.000012,0.000020,0.000015,0.005639,0
20260821_102553_275,1,Unspecified,1032,2026-08-21T10:34:38.4019357+09:00,2026-08-21T10:34:38.9019357+09:00,525.126474,525.626474,30,30,-0.048405,0.015243,0.000000,0.000001,0.000001,0.001054,0
20260821_102553_275,1,Unspecified,1033,2026-08-21T10:34:38.9019357+09:00,2026-08-21T10:34:39.4019357+09:00,525.626474,526.126474,30,30,-0.046303,0.017930,0.000001,0.000001,0.000001,0.001133,0
20260821_102553_275,1,Unspecified,1034,2026-08-21T10:34:39.4019357+09:00,2026-08-21T10:34:39.9019357+09:00,526.126474,526.626474,30,30,-0.040378,0.024681,0.000005,0.000005,0.000005,0.003027,0
20260821_102553_275,1,Unspecified,1035,2026-08-21T10:34:39.9019357+09:00,2026-08-21T10:34:40.4019357+09:00,526.626474,527.126474,30,30,-0.033601,0.030570,0.000001,0.000001,0.000001,0.001300,0
20260821_102553_275,1,Unspecified,1036,2026-08-21T10:34:40.4019357+09:00,2026-08-21T10:34:40.9019357+09:00,527.126474,527.626474,30,30,-0.034306,0.031254,0.000000,0.000000,0.000000,0.000668,0
20260821_102553_275,1,Unspecified,1037,2026-08-21T10:34:40.9019357+09:00,2026-08-21T10:34:41.4019357+09:00,527.626474,528.126474,30,30,-0.032499,0.032847,0.000000,0.000000,0.000000,0.000574,0
20260821_102553_275,1,Unspecified,1038,2026-08-21T10:34:41.4019357+09:00,2026-08-21T10:34:41.9019357+09:00,528.126474,528.626474,30,30,-0.031368,0.033706,0.000000,0.000000,0.000000,0.000281,0
20260821_102553_275,1,Unspecified,1039,2026-08-21T10:34:41.9019357+09:00,2026-08-21T10:34:42.4019357+09:00,528.626474,529.126474,30,30,-0.031015,0.034075,0.000000,0.000000,0.000000,0.000100,0
20260821_102553_275,1,Unspecified,1040,2026-08-21T10:34:42.4019357+09:00,2026-08-21T10:34:42.9019357+09:00,529.126474,529.626474,30,30,-0.030927,0.034115,0.000000,0.000000,0.000000,0.000101,0
20260821_102553_275,1,Unspecified,1041,2026-08-21T10:34:42.9019357+09:00,2026-08-21T10:34:43.4019357+09:00,529.626474,530.126474,30,30,-0.030866,0.034076,0.000000,0.000000,0.000000,0.000091,0
20260821_102553_275,1,Unspecified,1042,2026-08-21T10:34:43.4019357+09:00,2026-08-21T10:34:43.9019357+09:00,530.126474,530.626474,30,30,-0.030838,0.034031,0.000000,0.000000,0.000000,0.000162,0
20260821_102553_275,1,Unspecified,1043,2026-08-21T10:34:43.9019357+09:00,2026-08-21T10:34:44.4019357+09:00,530.626474,531.126474,30,30,-0.031473,0.033580,0.000000,0.000000,0.000000,0.000278,0
20260821_102553_275,1,Unspecified,1044,2026-08-21T10:34:44.4019357+09:00,2026-08-21T10:34:44.9019357+09:00,531.126474,531.626474,30,30,-0.031803,0.033318,0.000000,0.000000,0.000000,0.000176,0
20260821_102553_275,1,Unspecified,1045,2026-08-21T10:34:44.9019357+09:00,2026-08-21T10:34:45.4019357+09:00,531.626474,532.126474,30,30,-0.030730,0.034028,0.000000,0.000000,0.000000,0.000439,0
20260821_102553_275,1,Unspecified,1046,2026-08-21T10:34:45.4019357+09:00,2026-08-21T10:34:45.9019357+09:00,532.126474,532.626474,30,30,-0.030184,0.034297,0.000000,0.000000,0.000000,0.000090,0
20260821_102553_275,1,Unspecified,1047,2026-08-21T10:34:45.9019357+09:00,2026-08-21T10:34:46.4019357+09:00,532.626474,533.126474,30,30,-0.030184,0.034221,0.000000,0.000000,0.000000,0.000074,0
20260821_102553_275,1,Unspecified,1048,2026-08-21T10:34:46.4019357+09:00,2026-08-21T10:34:46.9019357+09:00,533.126474,533.626474,30,30,-0.030086,0.034209,0.000000,0.000000,0.000000,0.000094,0
20260821_102553_275,1,Unspecified,1049,2026-08-21T10:34:46.9019357+09:00,2026-08-21T10:34:47.4019357+09:00,533.626474,534.126474,30,30,-0.029839,0.034286,0.000000,0.000000,0.000000,0.000105,0
20260821_102553_275,1,Unspecified,1050,2026-08-21T10:34:47.4019357+09:00,2026-08-21T10:34:47.9019357+09:00,534.126474,534.626474,30,30,-0.030125,0.034102,0.000000,0.000000,0.000000,0.000224,0
20260821_102553_275,1,Unspecified,1051,2026-08-21T10:34:47.9019357+09:00,2026-08-21T10:34:48.4019357+09:00,534.626474,535.126474,30,30,-0.030941,0.033555,0.000000,0.000000,0.000000,0.000264,0
20260821_102553_275,1,Unspecified,1052,2026-08-21T10:34:48.4019357+09:00,2026-08-21T10:34:48.9019357+09:00,535.126474,535.626474,30,30,-0.030375,0.033980,0.000000,0.000000,0.000000,0.000523,0
20260821_102553_275,1,Unspecified,1053,2026-08-21T10:34:48.9019357+09:00,2026-08-21T10:34:49.4019357+09:00,535.626474,536.126474,30,30,-0.029849,0.034211,0.000000,0.000000,0.000000,0.000099,0
20260821_102553_275,1,Unspecified,1054,2026-08-21T10:34:49.4019357+09:00,2026-08-21T10:34:49.9019357+09:00,536.126474,536.626474,30,30,-0.029675,0.034213,0.000000,0.000000,0.000000,0.000121,0
20260821_102553_275,1,Unspecified,1055,2026-08-21T10:34:49.9019357+09:00,2026-08-21T10:34:50.4019357+09:00,536.626474,537.126474,30,30,-0.029594,0.034234,0.000000,0.000000,0.000000,0.000099,0
20260821_102553_275,1,Unspecified,1056,2026-08-21T10:34:50.4019357+09:00,2026-08-21T10:34:50.9019357+09:00,537.126474,537.626474,30,30,-0.029558,0.034240,0.000000,0.000000,0.000000,0.000073,0
20260821_102553_275,1,Unspecified,1057,2026-08-21T10:34:50.9019357+09:00,2026-08-21T10:34:51.4019357+09:00,537.626474,538.126474,30,30,-0.030063,0.033941,0.000000,0.000000,0.000000,0.000280,0
20260821_102553_275,1,Unspecified,1058,2026-08-21T10:34:51.4019357+09:00,2026-08-21T10:34:51.9019357+09:00,538.126474,538.626474,30,30,-0.030073,0.034113,0.000000,0.000000,0.000000,0.000215,0
20260821_102553_275,1,Unspecified,1059,2026-08-21T10:34:51.9019357+09:00,2026-08-21T10:34:52.4019357+09:00,538.626474,539.126474,30,30,-0.029076,0.034640,0.000000,0.000000,0.000000,0.000309,0
20260821_102553_275,1,Unspecified,1060,2026-08-21T10:34:52.4019357+09:00,2026-08-21T10:34:52.9019357+09:00,539.126474,539.626474,30,30,-0.028614,0.034789,0.000000,0.000000,0.000000,0.000085,0
20260821_102553_275,1,Unspecified,1061,2026-08-21T10:34:52.9019357+09:00,2026-08-21T10:34:53.4019357+09:00,539.626474,540.126474,30,30,-0.028447,0.034774,0.000000,0.000000,0.000000,0.000103,0
20260821_102553_275,1,Unspecified,1062,2026-08-21T10:34:53.4019357+09:00,2026-08-21T10:34:53.9019357+09:00,540.126474,540.626474,30,30,-0.028272,0.034797,0.000000,0.000000,0.000000,0.000080,0
20260821_102553_275,1,Unspecified,1063,2026-08-21T10:34:53.9019357+09:00,2026-08-21T10:34:54.4019357+09:00,540.626474,541.126474,30,30,-0.028571,0.034731,0.000000,0.000000,0.000000,0.000313,0
20260821_102553_275,1,Unspecified,1064,2026-08-21T10:34:54.4019357+09:00,2026-08-21T10:34:54.9019357+09:00,541.126474,541.626474,30,30,-0.029405,0.034285,0.000000,0.000000,0.000000,0.000152,0
20260821_102553_275,1,Unspecified,1065,2026-08-21T10:34:54.9019357+09:00,2026-08-21T10:34:55.4019357+09:00,541.626474,542.126474,30,30,-0.028911,0.034788,0.000000,0.000000,0.000000,0.000391,0
20260821_102553_275,1,Unspecified,1066,2026-08-21T10:34:55.4019357+09:00,2026-08-21T10:34:55.9019357+09:00,542.126474,542.626474,30,30,-0.028891,0.034788,0.000000,0.000000,0.000000,0.000447,0
20260821_102553_275,1,Unspecified,1067,2026-08-21T10:34:55.9019357+09:00,2026-08-21T10:34:56.4019357+09:00,542.626474,543.126474,30,30,-0.029445,0.034462,0.000000,0.000000,0.000000,0.000122,0
20260821_102553_275,1,Unspecified,1068,2026-08-21T10:34:56.4019357+09:00,2026-08-21T10:34:56.9019357+09:00,543.126474,543.626474,30,30,-0.029298,0.034528,0.000000,0.000000,0.000000,0.000098,0
20260821_102553_275,1,Unspecified,1069,2026-08-21T10:34:56.9019357+09:00,2026-08-21T10:34:57.4019357+09:00,543.626474,544.126474,30,30,-0.029207,0.034559,0.000000,0.000000,0.000000,0.000132,0
20260821_102553_275,1,Unspecified,1070,2026-08-21T10:34:57.4019357+09:00,2026-08-21T10:34:57.9019357+09:00,544.126474,544.626474,30,30,-0.029362,0.034315,0.000000,0.000000,0.000000,0.000172,0
20260821_102553_275,1,Unspecified,1071,2026-08-21T10:34:57.9019357+09:00,2026-08-21T10:34:58.4019357+09:00,544.626474,545.126474,30,30,-0.029793,0.033793,0.000000,0.000000,0.000000,0.000164,0
20260821_102553_275,1,Unspecified,1072,2026-08-21T10:34:58.4019357+09:00,2026-08-21T10:34:58.9019357+09:00,545.126474,545.626474,30,30,-0.027917,0.028827,0.000003,0.000008,-0.000003,0.003291,0
20260821_102553_275,1,Unspecified,1073,2026-08-21T10:34:58.9019357+09:00,2026-08-21T10:34:59.4019357+09:00,545.626474,546.126474,30,30,-0.020054,0.031024,0.000003,0.000002,0.000002,0.002248,0
20260821_102553_275,1,Unspecified,1074,2026-08-21T10:34:59.4019357+09:00,2026-08-21T10:34:59.9019357+09:00,546.126474,546.626474,30,30,-0.017975,0.032503,0.000000,0.000000,0.000000,0.000219,0
20260821_102553_275,1,Unspecified,1075,2026-08-21T10:34:59.9019357+09:00,2026-08-21T10:35:00.4019357+09:00,546.626474,547.126474,30,30,-0.018784,0.032703,0.000000,0.000000,0.000000,0.000203,0
20260821_102553_275,1,Unspecified,1076,2026-08-21T10:35:00.4019357+09:00,2026-08-21T10:35:00.9019357+09:00,547.126474,547.626474,30,30,-0.019528,0.032792,0.000000,0.000000,0.000000,0.000336,0
20260821_102553_275,1,Unspecified,1077,2026-08-21T10:35:00.9019357+09:00,2026-08-21T10:35:01.4019357+09:00,547.626474,548.126474,30,30,-0.021408,0.032606,0.000001,0.000000,0.000000,0.000763,0
20260821_102553_275,1,Unspecified,1078,2026-08-21T10:35:01.4019357+09:00,2026-08-21T10:35:01.9019357+09:00,548.126474,548.626474,30,30,-0.023627,0.034038,0.000000,0.000001,0.000000,0.001154,0
20260821_102553_275,1,Unspecified,1079,2026-08-21T10:35:01.9019357+09:00,2026-08-21T10:35:02.4019357+09:00,548.626474,549.126474,30,30,-0.024114,0.036037,0.000000,0.000000,0.000000,0.000376,0
20260821_102553_275,1,Unspecified,1080,2026-08-21T10:35:02.4019357+09:00,2026-08-21T10:35:02.9019357+09:00,549.126474,549.626474,30,30,-0.026250,0.035816,0.000000,0.000000,0.000000,0.000664,0
20260821_102553_275,1,Unspecified,1081,2026-08-21T10:35:02.9019357+09:00,2026-08-21T10:35:03.4019357+09:00,549.626474,550.126474,30,30,-0.027456,0.035375,0.000000,0.000000,0.000000,0.000276,0
20260821_102553_275,1,Unspecified,1082,2026-08-21T10:35:03.4019357+09:00,2026-08-21T10:35:03.9019357+09:00,550.126474,550.626474,30,30,-0.029673,0.034145,0.000002,0.000001,0.000002,0.001842,0
20260821_102553_275,1,Unspecified,1083,2026-08-21T10:35:03.9019357+09:00,2026-08-21T10:35:04.4019357+09:00,550.626474,551.126474,30,30,-0.035098,0.029988,0.000001,0.000001,0.000001,0.001153,0
20260821_102553_275,1,Unspecified,1084,2026-08-21T10:35:04.4019357+09:00,2026-08-21T10:35:04.9019357+09:00,551.126474,551.626474,30,30,-0.033718,0.031159,0.000001,0.000000,0.000000,0.000975,0
20260821_102553_275,1,Unspecified,1085,2026-08-21T10:35:04.9019357+09:00,2026-08-21T10:35:05.4019357+09:00,551.626474,552.126474,30,30,-0.032587,0.032608,0.000006,0.000002,0.000004,0.002831,0
20260821_102553_275,1,Unspecified,1086,2026-08-21T10:35:05.4019357+09:00,2026-08-21T10:35:05.9019357+09:00,552.126474,552.626474,30,30,-0.025281,0.036689,0.000001,0.000001,0.000001,0.001481,0
20260821_102553_275,1,Unspecified,1087,2026-08-21T10:35:05.9019357+09:00,2026-08-21T10:35:06.4019357+09:00,552.626474,553.126474,30,30,-0.027027,0.036278,0.000003,0.000001,0.000002,0.002046,0
20260821_102553_275,1,Unspecified,1088,2026-08-21T10:35:06.4019357+09:00,2026-08-21T10:35:06.9019357+09:00,553.126474,553.626474,30,30,-0.030571,0.034059,0.000001,0.000000,0.000000,0.000951,0
20260821_102553_275,1,Unspecified,1089,2026-08-21T10:35:06.9019357+09:00,2026-08-21T10:35:07.4019357+09:00,553.626474,554.126474,30,30,-0.029842,0.034184,0.000000,0.000001,0.000000,0.001043,0
20260821_102553_275,1,Unspecified,1090,2026-08-21T10:35:07.4019357+09:00,2026-08-21T10:35:07.9019357+09:00,554.126474,554.626474,30,30,-0.029771,0.034611,0.000002,0.000002,0.000002,0.001929,0
20260821_102553_275,1,Unspecified,1091,2026-08-21T10:35:07.9019357+09:00,2026-08-21T10:35:08.4019357+09:00,554.626474,555.126474,30,30,-0.032842,0.032295,0.000002,0.000003,0.000002,0.002218,0
20260821_102553_275,1,Unspecified,1092,2026-08-21T10:35:08.4019357+09:00,2026-08-21T10:35:08.9019357+09:00,555.126474,555.626474,30,30,-0.031862,0.033324,0.000003,0.000003,0.000003,0.002466,0
20260821_102553_275,1,Unspecified,1093,2026-08-21T10:35:08.9019357+09:00,2026-08-21T10:35:09.4019357+09:00,555.626474,556.126474,30,30,-0.032074,0.032284,0.000003,0.000001,0.000002,0.001962,0
20260821_102553_275,1,Unspecified,1094,2026-08-21T10:35:09.4019357+09:00,2026-08-21T10:35:09.9019357+09:00,556.126474,556.626474,30,30,-0.034850,0.029675,0.000004,0.000003,0.000003,0.002567,0
20260821_102553_275,1,Unspecified,1095,2026-08-21T10:35:09.9019357+09:00,2026-08-21T10:35:10.4019357+09:00,556.626474,557.126474,30,30,-0.035450,0.029486,0.000000,0.000001,0.000000,0.000954,0
20260821_102553_275,1,Unspecified,1096,2026-08-21T10:35:10.4019357+09:00,2026-08-21T10:35:10.9019357+09:00,557.126474,557.626474,30,30,-0.034441,0.030818,0.000010,0.000007,0.000009,0.004184,0
20260821_102553_275,1,Unspecified,1097,2026-08-21T10:35:10.9019357+09:00,2026-08-21T10:35:11.4019357+09:00,557.626474,558.126474,30,30,-0.025443,0.037592,0.000001,0.000001,0.000001,0.001439,0
20260821_102553_275,1,Unspecified,1098,2026-08-21T10:35:11.4019357+09:00,2026-08-21T10:35:11.9019357+09:00,558.126474,558.626474,30,30,-0.026021,0.037530,0.000000,0.000000,0.000000,0.000399,0
20260821_102553_275,1,Unspecified,1099,2026-08-21T10:35:11.9019357+09:00,2026-08-21T10:35:12.4019357+09:00,558.626474,559.126474,30,30,-0.027573,0.036569,0.000000,0.000000,0.000000,0.000407,0
20260821_102553_275,1,Unspecified,1100,2026-08-21T10:35:12.4019357+09:00,2026-08-21T10:35:12.9019357+09:00,559.126474,559.626474,30,30,-0.027221,0.036916,0.000000,0.000000,0.000000,0.000283,0
20260821_102553_275,1,Unspecified,1101,2026-08-21T10:35:12.9019357+09:00,2026-08-21T10:35:13.4019357+09:00,559.626474,560.126474,30,30,-0.026721,0.037269,0.000000,0.000000,0.000000,0.000122,0
20260821_102553_275,1,Unspecified,1102,2026-08-21T10:35:13.4019357+09:00,2026-08-21T10:35:13.9019357+09:00,560.126474,560.626474,30,30,-0.026609,0.037362,0.000000,0.000000,0.000000,0.000311,0
20260821_102553_275,1,Unspecified,1103,2026-08-21T10:35:13.9019357+09:00,2026-08-21T10:35:14.4019357+09:00,560.626474,561.126474,30,30,-0.025864,0.037798,0.000000,0.000000,0.000000,0.000142,0
20260821_102553_275,1,Unspecified,1104,2026-08-21T10:35:14.4019357+09:00,2026-08-21T10:35:14.9019357+09:00,561.126474,561.626474,30,30,-0.025599,0.037837,0.000000,0.000000,0.000000,0.000114,0
20260821_102553_275,1,Unspecified,1105,2026-08-21T10:35:14.9019357+09:00,2026-08-21T10:35:15.4019357+09:00,561.626474,562.126474,30,30,-0.025254,0.037929,0.000000,0.000000,0.000000,0.000164,0
20260821_102553_275,1,Unspecified,1106,2026-08-21T10:35:15.4019357+09:00,2026-08-21T10:35:15.9019357+09:00,562.126474,562.626474,30,30,-0.025698,0.037535,0.000000,0.000000,0.000000,0.000116,0
20260821_102553_275,1,Unspecified,1107,2026-08-21T10:35:15.9019357+09:00,2026-08-21T10:35:16.4019357+09:00,562.626474,563.126474,30,30,-0.025758,0.037541,0.000000,0.000000,0.000000,0.000086,0
20260821_102553_275,1,Unspecified,1108,2026-08-21T10:35:16.4019357+09:00,2026-08-21T10:35:16.9019357+09:00,563.126474,563.626474,30,30,-0.025890,0.037487,0.000000,0.000000,0.000000,0.000122,0
20260821_102553_275,1,Unspecified,1109,2026-08-21T10:35:16.9019357+09:00,2026-08-21T10:35:17.4019357+09:00,563.626474,564.126474,30,30,-0.028407,0.035887,0.000003,0.000001,0.000002,0.002005,0
20260821_102553_275,1,Unspecified,1110,2026-08-21T10:35:17.4019357+09:00,2026-08-21T10:35:17.9019357+09:00,564.126474,564.626474,30,30,-0.034130,0.031621,0.000001,0.000001,0.000001,0.001344,0
20260821_102553_275,1,Unspecified,1111,2026-08-21T10:35:17.9019357+09:00,2026-08-21T10:35:18.4019357+09:00,564.626474,565.126474,30,30,-0.030826,0.033981,0.000004,0.000002,0.000002,0.002306,0
20260821_102553_275,1,Unspecified,1112,2026-08-21T10:35:18.4019357+09:00,2026-08-21T10:35:18.9019357+09:00,565.126474,565.626474,30,30,-0.026928,0.035287,0.000001,0.000000,0.000000,0.000784,0
20260821_102553_275,1,Unspecified,1113,2026-08-21T10:35:18.9019357+09:00,2026-08-21T10:35:19.4019357+09:00,565.626474,566.126474,30,30,-0.024302,0.034845,0.000001,0.000000,0.000000,0.001036,0
20260821_102553_275,1,Unspecified,1114,2026-08-21T10:35:19.4019357+09:00,2026-08-21T10:35:19.9019357+09:00,566.126474,566.626474,30,30,-0.017904,0.035697,0.000004,0.000001,0.000002,0.002325,0
20260821_102553_275,1,Unspecified,1115,2026-08-21T10:35:19.9019357+09:00,2026-08-21T10:35:20.4019357+09:00,566.626474,567.126474,30,30,-0.016481,0.038233,0.000002,0.000000,0.000000,0.001477,0
20260821_102553_275,1,Unspecified,1116,2026-08-21T10:35:20.4019357+09:00,2026-08-21T10:35:20.9019357+09:00,567.126474,567.626474,30,30,-0.025855,0.036643,0.000008,0.000001,0.000003,0.002964,0
20260821_102553_275,1,Unspecified,1117,2026-08-21T10:35:20.9019357+09:00,2026-08-21T10:35:21.4019357+09:00,567.626474,568.126474,30,30,-0.031130,0.033956,0.000000,0.000000,0.000000,0.000423,0
20260821_102553_275,1,Unspecified,1118,2026-08-21T10:35:21.4019357+09:00,2026-08-21T10:35:21.9019357+09:00,568.126474,568.626474,30,30,-0.029571,0.034777,0.000000,0.000000,0.000000,0.000401,0
20260821_102553_275,1,Unspecified,1119,2026-08-21T10:35:21.9019357+09:00,2026-08-21T10:35:22.4019357+09:00,568.626474,569.126474,30,30,-0.029692,0.034628,0.000000,0.000000,0.000000,0.000265,0
20260821_102553_275,1,Unspecified,1120,2026-08-21T10:35:22.4019357+09:00,2026-08-21T10:35:22.9019357+09:00,569.126474,569.626474,30,30,-0.030526,0.033936,0.000000,0.000000,0.000000,0.000232,0
20260821_102553_275,1,Unspecified,1121,2026-08-21T10:35:22.9019357+09:00,2026-08-21T10:35:23.4019357+09:00,569.626474,570.126474,30,30,-0.029994,0.034412,0.000000,0.000000,0.000000,0.000302,0
20260821_102553_275,1,Unspecified,1122,2026-08-21T10:35:23.4019357+09:00,2026-08-21T10:35:23.9019357+09:00,570.126474,570.626474,30,30,-0.030154,0.034261,0.000000,0.000000,0.000000,0.000183,0
20260821_102553_275,1,Unspecified,1123,2026-08-21T10:35:23.9019357+09:00,2026-08-21T10:35:24.4019357+09:00,570.626474,571.126474,30,30,-0.030023,0.034292,0.000000,0.000000,0.000000,0.000133,0
20260821_102553_275,1,Unspecified,1124,2026-08-21T10:35:24.4019357+09:00,2026-08-21T10:35:24.9019357+09:00,571.126474,571.626474,30,30,-0.029709,0.034374,0.000000,0.000000,0.000000,0.000123,0
20260821_102553_275,1,Unspecified,1125,2026-08-21T10:35:24.9019357+09:00,2026-08-21T10:35:25.4019357+09:00,571.626474,572.126474,30,30,-0.029516,0.034466,0.000000,0.000000,0.000000,0.000165,0
20260821_102553_275,1,Unspecified,1126,2026-08-21T10:35:25.4019357+09:00,2026-08-21T10:35:25.9019357+09:00,572.126474,572.626474,30,30,-0.029343,0.034501,0.000000,0.000000,0.000000,0.000069,0
20260821_102553_275,1,Unspecified,1127,2026-08-21T10:35:25.9019357+09:00,2026-08-21T10:35:26.4019357+09:00,572.626474,573.126474,30,30,-0.029274,0.034503,0.000000,0.000000,0.000000,0.000118,0
20260821_102553_275,1,Unspecified,1128,2026-08-21T10:35:26.4019357+09:00,2026-08-21T10:35:26.9019357+09:00,573.126474,573.626474,30,30,-0.029309,0.034484,0.000000,0.000000,0.000000,0.000232,0
20260821_102553_275,1,Unspecified,1129,2026-08-21T10:35:26.9019357+09:00,2026-08-21T10:35:27.4019357+09:00,573.626474,574.126474,30,30,-0.029972,0.034013,0.000000,0.000000,0.000000,0.000113,0
20260821_102553_275,1,Unspecified,1130,2026-08-21T10:35:27.4019357+09:00,2026-08-21T10:35:27.9019357+09:00,574.126474,574.626474,30,30,-0.029765,0.034132,0.000000,0.000000,0.000000,0.000278,0
20260821_102553_275,1,Unspecified,1131,2026-08-21T10:35:27.9019357+09:00,2026-08-21T10:35:28.4019357+09:00,574.626474,575.126474,30,30,-0.029137,0.034507,0.000000,0.000000,0.000000,0.000124,0
20260821_102553_275,1,Unspecified,1132,2026-08-21T10:35:28.4019357+09:00,2026-08-21T10:35:28.9019357+09:00,575.126474,575.626474,30,30,-0.028897,0.034609,0.000000,0.000000,0.000000,0.000185,0
20260821_102553_275,1,Unspecified,1133,2026-08-21T10:35:28.9019357+09:00,2026-08-21T10:35:29.4019357+09:00,575.626474,576.126474,30,30,-0.028758,0.034688,0.000000,0.000000,0.000000,0.000070,0
20260821_102553_275,1,Unspecified,1134,2026-08-21T10:35:29.4019357+09:00,2026-08-21T10:35:29.9019357+09:00,576.126474,576.626474,30,30,-0.028536,0.034741,0.000000,0.000000,0.000000,0.000094,0
20260821_102553_275,1,Unspecified,1135,2026-08-21T10:35:29.9019357+09:00,2026-08-21T10:35:30.4019357+09:00,576.626474,577.126474,30,30,-0.028544,0.034711,0.000000,0.000000,0.000000,0.000125,0
20260821_102553_275,1,Unspecified,1136,2026-08-21T10:35:30.4019357+09:00,2026-08-21T10:35:30.9019357+09:00,577.126474,577.626474,30,30,-0.028649,0.034698,0.000000,0.000000,0.000000,0.000068,0
20260821_102553_275,1,Unspecified,1137,2026-08-21T10:35:30.9019357+09:00,2026-08-21T10:35:31.4019357+09:00,577.626474,578.126474,30,30,-0.028625,0.034702,0.000000,0.000000,0.000000,0.000117,0
20260821_102553_275,1,Unspecified,1138,2026-08-21T10:35:31.4019357+09:00,2026-08-21T10:35:31.9019357+09:00,578.126474,578.626474,30,30,-0.028601,0.034717,0.000000,0.000000,0.000000,0.000161,0
20260821_102553_275,1,Unspecified,1139,2026-08-21T10:35:31.9019357+09:00,2026-08-21T10:35:32.4019357+09:00,578.626474,579.126474,30,30,-0.029104,0.034739,0.000000,0.000000,0.000000,0.000194,0
20260821_102553_275,1,Unspecified,1140,2026-08-21T10:35:32.4019357+09:00,2026-08-21T10:35:32.9019357+09:00,579.126474,579.626474,30,30,-0.029426,0.034926,0.000000,0.000000,0.000000,0.000151,0
20260821_102553_275,1,Unspecified,1141,2026-08-21T10:35:32.9019357+09:00,2026-08-21T10:35:33.4019357+09:00,579.626474,580.126474,30,30,-0.029661,0.034781,0.000000,0.000000,0.000000,0.000126,0
20260821_102553_275,1,Unspecified,1142,2026-08-21T10:35:33.4019357+09:00,2026-08-21T10:35:33.9019357+09:00,580.126474,580.626474,30,30,-0.029218,0.034905,0.000000,0.000000,0.000000,0.000105,0
20260821_102553_275,1,Unspecified,1143,2026-08-21T10:35:33.9019357+09:00,2026-08-21T10:35:34.4019357+09:00,580.626474,581.126474,30,30,-0.029104,0.034796,0.000000,0.000000,0.000000,0.000100,0
20260821_102553_275,1,Unspecified,1144,2026-08-21T10:35:34.4019357+09:00,2026-08-21T10:35:34.9019357+09:00,581.126474,581.626474,30,30,-0.029022,0.034759,0.000000,0.000000,0.000000,0.000063,0
20260821_102553_275,1,Unspecified,1145,2026-08-21T10:35:34.9019357+09:00,2026-08-21T10:35:35.4019357+09:00,581.626474,582.126474,30,30,-0.028993,0.034784,0.000000,0.000000,0.000000,0.000087,0
20260821_102553_275,1,Unspecified,1146,2026-08-21T10:35:35.4019357+09:00,2026-08-21T10:35:35.9019357+09:00,582.126474,582.626474,30,30,-0.029008,0.034821,0.000000,0.000000,0.000000,0.000100,0
20260821_102553_275,1,Unspecified,1147,2026-08-21T10:35:35.9019357+09:00,2026-08-21T10:35:36.4019357+09:00,582.626474,583.126474,30,30,-0.028981,0.034862,0.000000,0.000000,0.000000,0.000080,0
20260821_102553_275,1,Unspecified,1148,2026-08-21T10:35:36.4019357+09:00,2026-08-21T10:35:36.9019357+09:00,583.126474,583.626474,30,30,-0.029612,0.034758,0.000000,0.000000,0.000000,0.000529,0
20260821_102553_275,1,Unspecified,1149,2026-08-21T10:35:36.9019357+09:00,2026-08-21T10:35:37.4019357+09:00,583.626474,584.126474,30,30,-0.031513,0.033805,0.000000,0.000000,0.000000,0.000526,0
20260821_102553_275,1,Unspecified,1150,2026-08-21T10:35:37.4019357+09:00,2026-08-21T10:35:37.9019357+09:00,584.126474,584.626474,30,30,-0.031902,0.033534,0.000000,0.000000,0.000000,0.000191,0
20260821_102553_275,1,Unspecified,1151,2026-08-21T10:35:37.9019357+09:00,2026-08-21T10:35:38.4019357+09:00,584.626474,585.126474,30,30,-0.031220,0.033925,0.000000,0.000000,0.000000,0.000173,0
20260821_102553_275,1,Unspecified,1152,2026-08-21T10:35:38.4019357+09:00,2026-08-21T10:35:38.9019357+09:00,585.126474,585.626474,30,30,-0.030467,0.034243,0.000000,0.000000,0.000000,0.000293,0
20260821_102553_275,1,Unspecified,1153,2026-08-21T10:35:38.9019357+09:00,2026-08-21T10:35:39.4019357+09:00,585.626474,586.126474,30,30,-0.030376,0.034382,0.000000,0.000000,0.000000,0.000170,0
20260821_102553_275,1,Unspecified,1154,2026-08-21T10:35:39.4019357+09:00,2026-08-21T10:35:39.9019357+09:00,586.126474,586.626474,30,30,-0.030013,0.034578,0.000000,0.000000,0.000000,0.000083,0
20260821_102553_275,1,Unspecified,1155,2026-08-21T10:35:39.9019357+09:00,2026-08-21T10:35:40.4019357+09:00,586.626474,587.126474,30,30,-0.030045,0.034492,0.000000,0.000000,0.000000,0.000091,0
20260821_102553_275,1,Unspecified,1156,2026-08-21T10:35:40.4019357+09:00,2026-08-21T10:35:40.9019357+09:00,587.126474,587.626474,30,30,-0.029902,0.034469,0.000000,0.000000,0.000000,0.000178,0
20260821_102553_275,1,Unspecified,1157,2026-08-21T10:35:40.9019357+09:00,2026-08-21T10:35:41.4019357+09:00,587.626474,588.126474,30,30,-0.029544,0.034482,0.000000,0.000000,0.000000,0.000165,0
20260821_102553_275,1,Unspecified,1158,2026-08-21T10:35:41.4019357+09:00,2026-08-21T10:35:41.9019357+09:00,588.126474,588.626474,30,30,-0.030114,0.034146,0.000000,0.000000,0.000000,0.000202,0
20260821_102553_275,1,Unspecified,1159,2026-08-21T10:35:41.9019357+09:00,2026-08-21T10:35:42.4019357+09:00,588.626474,589.126474,30,30,-0.029479,0.034700,0.000000,0.000000,0.000000,0.000534,0
20260821_102553_275,1,Unspecified,1160,2026-08-21T10:35:42.4019357+09:00,2026-08-21T10:35:42.9019357+09:00,589.126474,589.626474,30,30,-0.029928,0.034552,0.000000,0.000000,0.000000,0.000474,0
20260821_102553_275,1,Unspecified,1161,2026-08-21T10:35:42.9019357+09:00,2026-08-21T10:35:43.4019357+09:00,589.626474,590.126474,30,30,-0.029887,0.034603,0.000000,0.000000,0.000000,0.000142,0
20260821_102553_275,1,Unspecified,1162,2026-08-21T10:35:43.4019357+09:00,2026-08-21T10:35:43.9019357+09:00,590.126474,590.626474,30,30,-0.030188,0.034376,0.000000,0.000000,0.000000,0.000067,0
20260821_102553_275,1,Unspecified,1163,2026-08-21T10:35:43.9019357+09:00,2026-08-21T10:35:44.4019357+09:00,590.626474,591.126474,30,30,-0.030162,0.034347,0.000000,0.000000,0.000000,0.000095,0
20260821_102553_275,1,Unspecified,1164,2026-08-21T10:35:44.4019357+09:00,2026-08-21T10:35:44.9019357+09:00,591.126474,591.626474,30,30,-0.030139,0.034309,0.000000,0.000000,0.000000,0.000236,0
20260821_102553_275,1,Unspecified,1165,2026-08-21T10:35:44.9019357+09:00,2026-08-21T10:35:45.4019357+09:00,591.626474,592.126474,30,30,-0.030032,0.034289,0.000000,0.000000,0.000000,0.000098,0
20260821_102553_275,1,Unspecified,1166,2026-08-21T10:35:45.4019357+09:00,2026-08-21T10:35:45.9019357+09:00,592.126474,592.626474,30,30,-0.030148,0.034175,0.000000,0.000000,0.000000,0.000126,0
20260821_102553_275,1,Unspecified,1167,2026-08-21T10:35:45.9019357+09:00,2026-08-21T10:35:46.4019357+09:00,592.626474,593.126474,30,30,-0.030183,0.034199,0.000000,0.000000,0.000000,0.000087,0
20260821_102553_275,1,Unspecified,1168,2026-08-21T10:35:46.4019357+09:00,2026-08-21T10:35:46.9019357+09:00,593.126474,593.626474,30,30,-0.029997,0.034352,0.000000,0.000000,0.000000,0.000114,0
20260821_102553_275,1,Unspecified,1169,2026-08-21T10:35:46.9019357+09:00,2026-08-21T10:35:47.4019357+09:00,593.626474,594.126474,30,30,-0.029839,0.034346,0.000000,0.000000,0.000000,0.000084,0
20260821_102553_275,1,Unspecified,1170,2026-08-21T10:35:47.4019357+09:00,2026-08-21T10:35:47.9019357+09:00,594.126474,594.626474,30,30,-0.029464,0.034548,0.000000,0.000000,0.000000,0.000139,0
20260821_102553_275,1,Unspecified,1171,2026-08-21T10:35:47.9019357+09:00,2026-08-21T10:35:48.4019357+09:00,594.626474,595.126474,30,30,-0.029528,0.034468,0.000000,0.000000,0.000000,0.000070,0
20260821_102553_275,1,Unspecified,1172,2026-08-21T10:35:48.4019357+09:00,2026-08-21T10:35:48.9019357+09:00,595.126474,595.626474,30,30,-0.029420,0.034510,0.000000,0.000000,0.000000,0.000103,0
20260821_102553_275,1,Unspecified,1173,2026-08-21T10:35:48.9019357+09:00,2026-08-21T10:35:49.4019357+09:00,595.626474,596.126474,30,30,-0.029551,0.034396,0.000000,0.000000,0.000000,0.000052,0
20260821_102553_275,1,Unspecified,1174,2026-08-21T10:35:49.4019357+09:00,2026-08-21T10:35:49.9019357+09:00,596.126474,596.626474,30,30,-0.029581,0.034358,0.000000,0.000000,0.000000,0.000135,0
20260821_102553_275,1,Unspecified,1175,2026-08-21T10:35:49.9019357+09:00,2026-08-21T10:35:50.4019357+09:00,596.626474,597.126474,30,30,-0.029781,0.034211,0.000000,0.000000,0.000000,0.000251,0
20260821_102553_275,1,Unspecified,1176,2026-08-21T10:35:50.4019357+09:00,2026-08-21T10:35:50.9019357+09:00,597.126474,597.626474,30,30,-0.030441,0.033890,0.000000,0.000000,0.000000,0.000278,0
20260821_102553_275,1,Unspecified,1177,2026-08-21T10:35:50.9019357+09:00,2026-08-21T10:35:51.4019357+09:00,597.626474,598.126474,30,30,-0.031036,0.033542,0.000000,0.000000,0.000000,0.000113,0
20260821_102553_275,1,Unspecified,1178,2026-08-21T10:35:51.4019357+09:00,2026-08-21T10:35:51.9019357+09:00,598.126474,598.626474,30,30,-0.030850,0.033662,0.000000,0.000000,0.000000,0.000178,0
20260821_102553_275,1,Unspecified,1179,2026-08-21T10:35:51.9019357+09:00,2026-08-21T10:35:52.4019357+09:00,598.626474,599.126474,30,30,-0.030758,0.033671,0.000000,0.000000,0.000000,0.000082,0
20260821_102553_275,1,Unspecified,1180,2026-08-21T10:35:52.4019357+09:00,2026-08-21T10:35:52.9019357+09:00,599.126474,599.626474,30,30,-0.030536,0.033770,0.000000,0.000000,0.000000,0.000099,0
20260821_102553_275,1,Unspecified,1181,2026-08-21T10:35:52.9019357+09:00,2026-08-21T10:35:53.4019357+09:00,599.626474,600.126474,30,30,-0.030501,0.033718,0.000000,0.000000,0.000000,0.000089,0
20260821_102553_275,1,Unspecified,1182,2026-08-21T10:35:53.4019357+09:00,2026-08-21T10:35:53.9019357+09:00,600.126474,600.626474,30,30,-0.030591,0.033614,0.000000,0.000000,0.000000,0.000115,0
20260821_102553_275,1,Unspecified,1183,2026-08-21T10:35:53.9019357+09:00,2026-08-21T10:35:54.4019357+09:00,600.626474,601.126474,30,30,-0.030733,0.033570,0.000000,0.000000,0.000000,0.000209,0
20260821_102553_275,1,Unspecified,1184,2026-08-21T10:35:54.4019357+09:00,2026-08-21T10:35:54.9019357+09:00,601.126474,601.626474,30,30,-0.031544,0.033065,0.000000,0.000000,0.000000,0.000240,0
20260821_102553_275,1,Unspecified,1185,2026-08-21T10:35:54.9019357+09:00,2026-08-21T10:35:55.4019357+09:00,601.626474,602.126474,30,30,-0.031625,0.033053,0.000000,0.000000,0.000000,0.000229,0
20260821_102553_275,1,Unspecified,1186,2026-08-21T10:35:55.4019357+09:00,2026-08-21T10:35:55.9019357+09:00,602.126474,602.626474,30,30,-0.031209,0.033285,0.000000,0.000000,0.000000,0.000119,0
20260821_102553_275,1,Unspecified,1187,2026-08-21T10:35:55.9019357+09:00,2026-08-21T10:35:56.4019357+09:00,602.626474,603.126474,30,30,-0.030662,0.033502,0.000000,0.000000,0.000000,0.000149,0
20260821_102553_275,1,Unspecified,1188,2026-08-21T10:35:56.4019357+09:00,2026-08-21T10:35:56.9019357+09:00,603.126474,603.626474,30,30,-0.030399,0.033691,0.000000,0.000000,0.000000,0.000108,0
20260821_102553_275,1,Unspecified,1189,2026-08-21T10:35:56.9019357+09:00,2026-08-21T10:35:57.4019357+09:00,603.626474,604.126474,30,30,-0.030594,0.033573,0.000000,0.000000,0.000000,0.000164,0
20260821_102553_275,1,Unspecified,1190,2026-08-21T10:35:57.4019357+09:00,2026-08-21T10:35:57.9019357+09:00,604.126474,604.626474,30,30,-0.030495,0.033765,0.000000,0.000000,0.000000,0.000147,0
20260821_102553_275,1,Unspecified,1191,2026-08-21T10:35:57.9019357+09:00,2026-08-21T10:35:58.4019357+09:00,604.626474,605.126474,30,30,-0.030553,0.033880,0.000000,0.000000,0.000000,0.000122,0
20260821_102553_275,1,Unspecified,1192,2026-08-21T10:35:58.4019357+09:00,2026-08-21T10:35:58.9019357+09:00,605.126474,605.626474,30,30,-0.030420,0.033992,0.000000,0.000000,0.000000,0.000067,0
20260821_102553_275,1,Unspecified,1193,2026-08-21T10:35:58.9019357+09:00,2026-08-21T10:35:59.4019357+09:00,605.626474,606.126474,30,30,-0.030296,0.034010,0.000000,0.000000,0.000000,0.000073,0
20260821_102553_275,1,Unspecified,1194,2026-08-21T10:35:59.4019357+09:00,2026-08-21T10:35:59.9019357+09:00,606.126474,606.626474,30,30,-0.030411,0.033839,0.000000,0.000000,0.000000,0.000102,0
20260821_102553_275,1,Unspecified,1195,2026-08-21T10:35:59.9019357+09:00,2026-08-21T10:36:00.4019357+09:00,606.626474,607.126474,30,30,-0.030520,0.033679,0.000000,0.000000,0.000000,0.000104,0
20260821_102553_275,1,Unspecified,1196,2026-08-21T10:36:00.4019357+09:00,2026-08-21T10:36:00.9019357+09:00,607.126474,607.626474,30,30,-0.030590,0.033577,0.000000,0.000000,0.000000,0.000064,0
20260821_102553_275,1,Unspecified,1197,2026-08-21T10:36:00.9019357+09:00,2026-08-21T10:36:01.4019357+09:00,607.626474,608.126474,30,30,-0.030670,0.033522,0.000000,0.000000,0.000000,0.000102,0
20260821_102553_275,1,Unspecified,1198,2026-08-21T10:36:01.4019357+09:00,2026-08-21T10:36:01.9019357+09:00,608.126474,608.626474,30,30,-0.030661,0.033625,0.000000,0.000000,0.000000,0.000080,0
20260821_102553_275,1,Unspecified,1199,2026-08-21T10:36:01.9019357+09:00,2026-08-21T10:36:02.4019357+09:00,608.626474,609.126474,30,30,-0.030654,0.033678,0.000000,0.000000,0.000000,0.000078,0
20260821_102553_275,1,Unspecified,1200,2026-08-21T10:36:02.4019357+09:00,2026-08-21T10:36:02.9019357+09:00,609.126474,609.626474,30,30,-0.030744,0.033650,0.000000,0.000000,0.000000,0.000070,0
20260821_102553_275,1,Unspecified,1201,2026-08-21T10:36:02.9019357+09:00,2026-08-21T10:36:03.4019357+09:00,609.626474,610.126474,30,30,-0.030400,0.033852,0.000000,0.000000,0.000000,0.000136,0
20260821_102553_275,1,Unspecified,1202,2026-08-21T10:36:03.4019357+09:00,2026-08-21T10:36:03.9019357+09:00,610.126474,610.626474,30,30,-0.030742,0.033589,0.000000,0.000000,0.000000,0.000465,0
20260821_102553_275,1,Unspecified,1203,2026-08-21T10:36:03.9019357+09:00,2026-08-21T10:36:04.4019357+09:00,610.626474,611.126474,30,30,-0.031334,0.033161,0.000000,0.000000,0.000000,0.000236,0
20260821_102553_275,1,Unspecified,1204,2026-08-21T10:36:04.4019357+09:00,2026-08-21T10:36:04.9019357+09:00,611.126474,611.626474,30,30,-0.031000,0.033353,0.000000,0.000000,0.000000,0.000089,0
20260821_102553_275,1,Unspecified,1205,2026-08-21T10:36:04.9019357+09:00,2026-08-21T10:36:05.4019357+09:00,611.626474,612.126474,30,30,-0.030834,0.033398,0.000000,0.000000,0.000000,0.000105,0
20260821_102553_275,1,Unspecified,1206,2026-08-21T10:36:05.4019357+09:00,2026-08-21T10:36:05.9019357+09:00,612.126474,612.626474,30,30,-0.030905,0.033325,0.000000,0.000000,0.000000,0.000113,0
20260821_102553_275,1,Unspecified,1207,2026-08-21T10:36:05.9019357+09:00,2026-08-21T10:36:06.4019357+09:00,612.626474,613.126474,30,30,-0.031127,0.033232,0.000000,0.000000,0.000000,0.000257,0
20260821_102553_275,1,Unspecified,1208,2026-08-21T10:36:06.4019357+09:00,2026-08-21T10:36:06.9019357+09:00,613.126474,613.626474,30,30,-0.025514,0.038342,0.000007,0.000003,0.000005,0.003211,0
20260821_102553_275,1,Unspecified,1209,2026-08-21T10:36:06.9019357+09:00,2026-08-21T10:36:07.4019357+09:00,613.626474,614.126474,30,30,-0.022551,0.040366,0.000001,0.000000,0.000000,0.001095,0
20260821_102553_275,1,Unspecified,1210,2026-08-21T10:36:07.4019357+09:00,2026-08-21T10:36:07.9019357+09:00,614.126474,614.626474,30,30,-0.024954,0.039070,0.000000,0.000000,0.000000,0.000409,0
20260821_102553_275,1,Unspecified,1211,2026-08-21T10:36:07.9019357+09:00,2026-08-21T10:36:08.4019357+09:00,614.626474,615.126474,30,30,-0.025947,0.036617,0.000000,0.000000,0.000000,0.000700,0
20260821_102553_275,1,Unspecified,1212,2026-08-21T10:36:08.4019357+09:00,2026-08-21T10:36:08.9019357+09:00,615.126474,615.626474,30,30,-0.026053,0.035359,0.000000,0.000000,0.000000,0.000250,0
20260821_102553_275,1,Unspecified,1213,2026-08-21T10:36:08.9019357+09:00,2026-08-21T10:36:09.4019357+09:00,615.626474,616.126474,30,30,-0.026744,0.034611,0.000000,0.000000,0.000000,0.000430,0
20260821_102553_275,1,Unspecified,1214,2026-08-21T10:36:09.4019357+09:00,2026-08-21T10:36:09.9019357+09:00,616.126474,616.626474,30,30,-0.027541,0.034779,0.000000,0.000000,0.000000,0.000357,0
20260821_102553_275,1,Unspecified,1215,2026-08-21T10:36:09.9019357+09:00,2026-08-21T10:36:10.4019357+09:00,616.626474,617.126474,30,30,-0.026989,0.035636,0.000000,0.000000,0.000000,0.000596,0
20260821_102553_275,1,Unspecified,1216,2026-08-21T10:36:10.4019357+09:00,2026-08-21T10:36:10.9019357+09:00,617.126474,617.626474,30,30,-0.026068,0.036101,0.000000,0.000000,0.000000,0.000164,0
20260821_102553_275,1,Unspecified,1217,2026-08-21T10:36:10.9019357+09:00,2026-08-21T10:36:11.4019357+09:00,617.626474,618.126474,30,30,-0.026385,0.035985,0.000000,0.000000,0.000000,0.000082,0
20260821_102553_275,1,Unspecified,1218,2026-08-21T10:36:11.4019357+09:00,2026-08-21T10:36:11.9019357+09:00,618.126474,618.626474,30,30,-0.026337,0.036007,0.000000,0.000000,0.000000,0.000068,0
20260821_102553_275,1,Unspecified,1219,2026-08-21T10:36:11.9019357+09:00,2026-08-21T10:36:12.4019357+09:00,618.626474,619.126474,30,30,-0.026243,0.035963,0.000000,0.000000,0.000000,0.000107,0
20260821_102553_275,1,Unspecified,1220,2026-08-21T10:36:12.4019357+09:00,2026-08-21T10:36:12.9019357+09:00,619.126474,619.626474,30,30,-0.026495,0.035870,0.000000,0.000000,0.000000,0.000240,0
20260821_102553_275,1,Unspecified,1221,2026-08-21T10:36:12.9019357+09:00,2026-08-21T10:36:13.4019357+09:00,619.626474,620.126474,30,30,-0.027266,0.035589,0.000000,0.000000,0.000000,0.000204,0
20260821_102553_275,1,Unspecified,1222,2026-08-21T10:36:13.4019357+09:00,2026-08-21T10:36:13.9019357+09:00,620.126474,620.626474,30,30,-0.027173,0.035742,0.000000,0.000000,0.000000,0.000249,0
20260821_102553_275,1,Unspecified,1223,2026-08-21T10:36:13.9019357+09:00,2026-08-21T10:36:14.4019357+09:00,620.626474,621.126474,30,30,-0.026861,0.035817,0.000000,0.000000,0.000000,0.000065,0
20260821_102553_275,1,Unspecified,1224,2026-08-21T10:36:14.4019357+09:00,2026-08-21T10:36:14.9019357+09:00,621.126474,621.626474,30,30,-0.026799,0.035775,0.000000,0.000000,0.000000,0.000054,0
20260821_102553_275,1,Unspecified,1225,2026-08-21T10:36:14.9019357+09:00,2026-08-21T10:36:15.4019357+09:00,621.626474,622.126474,30,30,-0.026847,0.035758,0.000000,0.000000,0.000000,0.000091,0
20260821_102553_275,1,Unspecified,1226,2026-08-21T10:36:15.4019357+09:00,2026-08-21T10:36:15.9019357+09:00,622.126474,622.626474,30,30,-0.026815,0.035784,0.000000,0.000000,0.000000,0.000102,0
20260821_102553_275,1,Unspecified,1227,2026-08-21T10:36:15.9019357+09:00,2026-08-21T10:36:16.4019357+09:00,622.626474,623.126474,30,30,-0.026978,0.035720,0.000000,0.000000,0.000000,0.000138,0
20260821_102553_275,1,Unspecified,1228,2026-08-21T10:36:16.4019357+09:00,2026-08-21T10:36:16.9019357+09:00,623.126474,623.626474,30,30,-0.027529,0.035557,0.000000,0.000000,0.000000,0.000102,0
20260821_102553_275,1,Unspecified,1229,2026-08-21T10:36:16.9019357+09:00,2026-08-21T10:36:17.4019357+09:00,623.626474,624.126474,30,30,-0.027179,0.035779,0.000000,0.000000,0.000000,0.000257,0
20260821_102553_275,1,Unspecified,1230,2026-08-21T10:36:17.4019357+09:00,2026-08-21T10:36:17.9019357+09:00,624.126474,624.626474,30,30,-0.026796,0.035860,0.000000,0.000000,0.000000,0.000085,0
20260821_102553_275,1,Unspecified,1231,2026-08-21T10:36:17.9019357+09:00,2026-08-21T10:36:18.4019357+09:00,624.626474,625.126474,30,30,-0.026637,0.035911,0.000000,0.000000,0.000000,0.000086,0
20260821_102553_275,1,Unspecified,1232,2026-08-21T10:36:18.4019357+09:00,2026-08-21T10:36:18.9019357+09:00,625.126474,625.626474,30,30,-0.026610,0.035916,0.000000,0.000000,0.000000,0.000074,0
20260821_102553_275,1,Unspecified,1233,2026-08-21T10:36:18.9019357+09:00,2026-08-21T10:36:19.4019357+09:00,625.626474,626.126474,30,30,-0.026656,0.035866,0.000000,0.000000,0.000000,0.000064,0
20260821_102553_275,1,Unspecified,1234,2026-08-21T10:36:19.4019357+09:00,2026-08-21T10:36:19.9019357+09:00,626.126474,626.626474,30,30,-0.027335,0.035488,0.000000,0.000000,0.000000,0.000320,0
20260821_102553_275,1,Unspecified,1235,2026-08-21T10:36:19.9019357+09:00,2026-08-21T10:36:20.4019357+09:00,626.626474,627.126474,30,30,-0.027590,0.035423,0.000000,0.000000,0.000000,0.000149,0
20260821_102553_275,1,Unspecified,1236,2026-08-21T10:36:20.4019357+09:00,2026-08-21T10:36:20.9019357+09:00,627.126474,627.626474,30,30,-0.027002,0.035748,0.000000,0.000000,0.000000,0.000180,0
20260821_102553_275,1,Unspecified,1237,2026-08-21T10:36:20.9019357+09:00,2026-08-21T10:36:21.4019357+09:00,627.626474,628.126474,30,30,-0.026858,0.035722,0.000000,0.000000,0.000000,0.000066,0
20260821_102553_275,1,Unspecified,1238,2026-08-21T10:36:21.4019357+09:00,2026-08-21T10:36:21.9019357+09:00,628.126474,628.626474,30,30,-0.026776,0.035772,0.000000,0.000000,0.000000,0.000107,0
20260821_102553_275,1,Unspecified,1239,2026-08-21T10:36:21.9019357+09:00,2026-08-21T10:36:22.4019357+09:00,628.626474,629.126474,30,30,-0.027231,0.035714,0.000000,0.000000,0.000000,0.000119,0
20260821_102553_275,1,Unspecified,1240,2026-08-21T10:36:22.4019357+09:00,2026-08-21T10:36:22.9019357+09:00,629.126474,629.626474,30,30,-0.027552,0.035539,0.000000,0.000000,0.000000,0.000210,0
20260821_102553_275,1,Unspecified,1241,2026-08-21T10:36:22.9019357+09:00,2026-08-21T10:36:23.4019357+09:00,629.626474,630.126474,30,30,-0.028015,0.035292,0.000000,0.000000,0.000000,0.000154,0
20260821_102553_275,1,Unspecified,1242,2026-08-21T10:36:23.4019357+09:00,2026-08-21T10:36:23.9019357+09:00,630.126474,630.626474,30,30,-0.028127,0.035260,0.000000,0.000000,0.000000,0.000228,0
20260821_102553_275,1,Unspecified,1243,2026-08-21T10:36:23.9019357+09:00,2026-08-21T10:36:24.4019357+09:00,630.626474,631.126474,30,30,-0.027531,0.035591,0.000000,0.000000,0.000000,0.000169,0
20260821_102553_275,1,Unspecified,1244,2026-08-21T10:36:24.4019357+09:00,2026-08-21T10:36:24.9019357+09:00,631.126474,631.626474,30,30,-0.027406,0.035602,0.000000,0.000000,0.000000,0.000140,0
20260821_102553_275,1,Unspecified,1245,2026-08-21T10:36:24.9019357+09:00,2026-08-21T10:36:25.4019357+09:00,631.626474,632.126474,30,30,-0.027247,0.035635,0.000000,0.000000,0.000000,0.000099,0
20260821_102553_275,1,Unspecified,1246,2026-08-21T10:36:25.4019357+09:00,2026-08-21T10:36:25.9019357+09:00,632.126474,632.626474,30,30,-0.027138,0.035649,0.000000,0.000000,0.000000,0.000088,0
20260821_102553_275,1,Unspecified,1247,2026-08-21T10:36:25.9019357+09:00,2026-08-21T10:36:26.4019357+09:00,632.626474,633.126474,30,30,-0.027354,0.035541,0.000000,0.000000,0.000000,0.000189,0
20260821_102553_275,1,Unspecified,1248,2026-08-21T10:36:26.4019357+09:00,2026-08-21T10:36:26.9019357+09:00,633.126474,633.626474,30,30,-0.027764,0.035337,0.000000,0.000000,0.000000,0.000077,0
20260821_102553_275,1,Unspecified,1249,2026-08-21T10:36:26.9019357+09:00,2026-08-21T10:36:27.4019357+09:00,633.626474,634.126474,30,30,-0.027311,0.035590,0.000000,0.000000,0.000000,0.000221,0
20260821_102553_275,1,Unspecified,1250,2026-08-21T10:36:27.4019357+09:00,2026-08-21T10:36:27.9019357+09:00,634.126474,634.626474,30,30,-0.027166,0.035608,0.000000,0.000000,0.000000,0.000149,0
20260821_102553_275,1,Unspecified,1251,2026-08-21T10:36:27.9019357+09:00,2026-08-21T10:36:28.4019357+09:00,634.626474,635.126474,30,30,-0.027138,0.035600,0.000000,0.000000,0.000000,0.000104,0
20260821_102553_275,1,Unspecified,1252,2026-08-21T10:36:28.4019357+09:00,2026-08-21T10:36:28.9019357+09:00,635.126474,635.626474,30,30,-0.027315,0.035589,0.000000,0.000000,0.000000,0.000074,0
20260821_102553_275,1,Unspecified,1253,2026-08-21T10:36:28.9019357+09:00,2026-08-21T10:36:29.4019357+09:00,635.626474,636.126474,30,30,-0.027414,0.035571,0.000000,0.000000,0.000000,0.000118,0
20260821_102553_275,1,Unspecified,1254,2026-08-21T10:36:29.4019357+09:00,2026-08-21T10:36:29.9019357+09:00,636.126474,636.626474,30,30,-0.027618,0.035482,0.000000,0.000000,0.000000,0.000155,0
20260821_102553_275,1,Unspecified,1255,2026-08-21T10:36:29.9019357+09:00,2026-08-21T10:36:30.4019357+09:00,636.626474,637.126474,30,30,-0.028049,0.035302,0.000000,0.000000,0.000000,0.000090,0
20260821_102553_275,1,Unspecified,1256,2026-08-21T10:36:30.4019357+09:00,2026-08-21T10:36:30.9019357+09:00,637.126474,637.626474,30,30,-0.027890,0.035472,0.000000,0.000000,0.000000,0.000075,0
20260821_102553_275,1,Unspecified,1257,2026-08-21T10:36:30.9019357+09:00,2026-08-21T10:36:31.4019357+09:00,637.626474,638.126474,30,30,-0.027868,0.035476,0.000000,0.000000,0.000000,0.000077,0
20260821_102553_275,1,Unspecified,1258,2026-08-21T10:36:31.4019357+09:00,2026-08-21T10:36:31.9019357+09:00,638.126474,638.626474,30,30,-0.027790,0.035481,0.000000,0.000000,0.000000,0.000062,0
20260821_102553_275,1,Unspecified,1259,2026-08-21T10:36:31.9019357+09:00,2026-08-21T10:36:32.4019357+09:00,638.626474,639.126474,30,30,-0.027800,0.035447,0.000000,0.000000,0.000000,0.000089,0
20260821_102553_275,1,Unspecified,1260,2026-08-21T10:36:32.4019357+09:00,2026-08-21T10:36:32.9019357+09:00,639.126474,639.626474,30,30,-0.027627,0.035597,0.000000,0.000000,0.000000,0.000123,0
20260821_102553_275,1,Unspecified,1261,2026-08-21T10:36:32.9019357+09:00,2026-08-21T10:36:33.4019357+09:00,639.626474,640.126474,30,30,-0.028240,0.035439,0.000000,0.000000,0.000000,0.000213,0
20260821_102553_275,1,Unspecified,1262,2026-08-21T10:36:33.4019357+09:00,2026-08-21T10:36:33.9019357+09:00,640.126474,640.626474,30,30,-0.028351,0.035421,0.000000,0.000000,0.000000,0.000093,0
20260821_102553_275,1,Unspecified,1263,2026-08-21T10:36:33.9019357+09:00,2026-08-21T10:36:34.4019357+09:00,640.626474,641.126474,30,30,-0.028148,0.035458,0.000000,0.000000,0.000000,0.000087,0
20260821_102553_275,1,Unspecified,1264,2026-08-21T10:36:34.4019357+09:00,2026-08-21T10:36:34.9019357+09:00,641.126474,641.626474,30,30,-0.028222,0.035362,0.000000,0.000000,0.000000,0.000195,0
20260821_102553_275,1,Unspecified,1265,2026-08-21T10:36:34.9019357+09:00,2026-08-21T10:36:35.4019357+09:00,641.626474,642.126474,30,30,-0.028430,0.035260,0.000000,0.000000,0.000000,0.000119,0
20260821_102553_275,1,Unspecified,1266,2026-08-21T10:36:35.4019357+09:00,2026-08-21T10:36:35.9019357+09:00,642.126474,642.626474,30,30,-0.028017,0.035266,0.000000,0.000000,0.000000,0.000159,0
20260821_102553_275,1,Unspecified,1267,2026-08-21T10:36:35.9019357+09:00,2026-08-21T10:36:36.4019357+09:00,642.626474,643.126474,30,30,-0.028555,0.034968,0.000000,0.000000,0.000000,0.000456,0
20260821_102553_275,1,Unspecified,1268,2026-08-21T10:36:36.4019357+09:00,2026-08-21T10:36:36.9019357+09:00,643.126474,643.626474,30,30,-0.029058,0.034687,0.000000,0.000000,0.000000,0.000109,0
20260821_102553_275,1,Unspecified,1269,2026-08-21T10:36:36.9019357+09:00,2026-08-21T10:36:37.4019357+09:00,643.626474,644.126474,30,30,-0.028946,0.034841,0.000000,0.000000,0.000000,0.000080,0
20260821_102553_275,1,Unspecified,1270,2026-08-21T10:36:37.4019357+09:00,2026-08-21T10:36:37.9019357+09:00,644.126474,644.626474,30,30,-0.028948,0.034985,0.000000,0.000000,0.000000,0.000112,0
20260821_102553_275,1,Unspecified,1271,2026-08-21T10:36:37.9019357+09:00,2026-08-21T10:36:38.4019357+09:00,644.626474,645.126474,30,30,-0.029137,0.034750,0.000000,0.000000,0.000000,0.000127,0
20260821_102553_275,1,Unspecified,1272,2026-08-21T10:36:38.4019357+09:00,2026-08-21T10:36:38.9019357+09:00,645.126474,645.626474,30,30,-0.029090,0.034732,0.000000,0.000000,0.000000,0.000158,0
20260821_102553_275,1,Unspecified,1273,2026-08-21T10:36:38.9019357+09:00,2026-08-21T10:36:39.4019357+09:00,645.626474,646.126474,30,30,-0.029585,0.034502,0.000000,0.000000,0.000000,0.000105,0
20260821_102553_275,1,Unspecified,1274,2026-08-21T10:36:39.4019357+09:00,2026-08-21T10:36:39.9019357+09:00,646.126474,646.626474,30,30,-0.029557,0.034551,0.000000,0.000000,0.000000,0.000174,0
20260821_102553_275,1,Unspecified,1275,2026-08-21T10:36:39.9019357+09:00,2026-08-21T10:36:40.4019357+09:00,646.626474,647.126474,30,30,-0.029085,0.035093,0.000000,0.000000,0.000000,0.000180,0
20260821_102553_275,1,Unspecified,1276,2026-08-21T10:36:40.4019357+09:00,2026-08-21T10:36:40.9019357+09:00,647.126474,647.626474,30,30,-0.028967,0.035238,0.000000,0.000000,0.000000,0.000120,0
20260821_102553_275,1,Unspecified,1277,2026-08-21T10:36:40.9019357+09:00,2026-08-21T10:36:41.4019357+09:00,647.626474,648.126474,30,30,-0.029367,0.035007,0.000000,0.000000,0.000000,0.000193,0
20260821_102553_275,1,Unspecified,1278,2026-08-21T10:36:41.4019357+09:00,2026-08-21T10:36:41.9019357+09:00,648.126474,648.626474,30,30,-0.029635,0.034866,0.000000,0.000000,0.000000,0.000067,0
20260821_102553_275,1,Unspecified,1279,2026-08-21T10:36:41.9019357+09:00,2026-08-21T10:36:42.4019357+09:00,648.626474,649.126474,30,30,-0.029494,0.034931,0.000000,0.000000,0.000000,0.000144,0
20260821_102553_275,1,Unspecified,1280,2026-08-21T10:36:42.4019357+09:00,2026-08-21T10:36:42.9019357+09:00,649.126474,649.626474,30,30,-0.029293,0.035116,0.000000,0.000000,0.000000,0.000093,0
20260821_102553_275,1,Unspecified,1281,2026-08-21T10:36:42.9019357+09:00,2026-08-21T10:36:43.4019357+09:00,649.626474,650.126474,30,30,-0.029546,0.035221,0.000000,0.000000,0.000000,0.000433,0
20260821_102553_275,1,Unspecified,1282,2026-08-21T10:36:43.4019357+09:00,2026-08-21T10:36:43.9019357+09:00,650.126474,650.626474,30,30,-0.030905,0.034589,0.000000,0.000000,0.000000,0.000355,0
20260821_102553_275,1,Unspecified,1283,2026-08-21T10:36:43.9019357+09:00,2026-08-21T10:36:44.4019357+09:00,650.626474,651.126474,30,30,-0.030854,0.034627,0.000000,0.000000,0.000000,0.000144,0
20260821_102553_275,1,Unspecified,1284,2026-08-21T10:36:44.4019357+09:00,2026-08-21T10:36:44.9019357+09:00,651.126474,651.626474,30,30,-0.030827,0.034627,0.000000,0.000000,0.000000,0.000117,0
20260821_102553_275,1,Unspecified,1285,2026-08-21T10:36:44.9019357+09:00,2026-08-21T10:36:45.4019357+09:00,651.626474,652.126474,30,30,-0.031057,0.034458,0.000000,0.000000,0.000000,0.000225,0
20260821_102553_275,1,Unspecified,1286,2026-08-21T10:36:45.4019357+09:00,2026-08-21T10:36:45.9019357+09:00,652.126474,652.626474,30,30,-0.031480,0.034132,0.000000,0.000000,0.000000,0.000098,0
20260821_102553_275,1,Unspecified,1287,2026-08-21T10:36:45.9019357+09:00,2026-08-21T10:36:46.4019357+09:00,652.626474,653.126474,30,30,-0.031158,0.034360,0.000000,0.000000,0.000000,0.000152,0
20260821_102553_275,1,Unspecified,1288,2026-08-21T10:36:46.4019357+09:00,2026-08-21T10:36:46.9019357+09:00,653.126474,653.626474,30,30,-0.030323,0.034948,0.000000,0.000000,0.000000,0.000454,0
20260821_102553_275,1,Unspecified,1289,2026-08-21T10:36:46.9019357+09:00,2026-08-21T10:36:47.4019357+09:00,653.626474,654.126474,30,30,-0.029037,0.035791,0.000000,0.000000,0.000000,0.000277,0
20260821_102553_275,1,Unspecified,1290,2026-08-21T10:36:47.4019357+09:00,2026-08-21T10:36:47.9019357+09:00,654.126474,654.626474,30,30,-0.030104,0.035010,0.000000,0.000000,0.000000,0.000462,0
20260821_102553_275,1,Unspecified,1291,2026-08-21T10:36:47.9019357+09:00,2026-08-21T10:36:48.4019357+09:00,654.626474,655.126474,30,30,-0.030036,0.035011,0.000000,0.000000,0.000000,0.000116,0
20260821_102553_275,1,Unspecified,1292,2026-08-21T10:36:48.4019357+09:00,2026-08-21T10:36:48.9019357+09:00,655.126474,655.626474,30,30,-0.029947,0.035045,0.000000,0.000000,0.000000,0.000155,0
20260821_102553_275,1,Unspecified,1293,2026-08-21T10:36:48.9019357+09:00,2026-08-21T10:36:49.4019357+09:00,655.626474,656.126474,30,30,-0.029896,0.035035,0.000000,0.000000,0.000000,0.000080,0
20260821_102553_275,1,Unspecified,1294,2026-08-21T10:36:49.4019357+09:00,2026-08-21T10:36:49.9019357+09:00,656.126474,656.626474,30,30,-0.029979,0.035008,0.000000,0.000000,0.000000,0.000141,0
20260821_102553_275,1,Unspecified,1295,2026-08-21T10:36:49.9019357+09:00,2026-08-21T10:36:50.4019357+09:00,656.626474,657.126474,30,30,-0.030157,0.034608,0.000000,0.000000,0.000000,0.000135,0
20260821_102553_275,1,Unspecified,1296,2026-08-21T10:36:50.4019357+09:00,2026-08-21T10:36:50.9019357+09:00,657.126474,657.626474,30,30,-0.030129,0.034663,0.000000,0.000000,0.000000,0.000273,0
20260821_102553_275,1,Unspecified,1297,2026-08-21T10:36:50.9019357+09:00,2026-08-21T10:36:51.4019357+09:00,657.626474,658.126474,30,30,-0.029468,0.035223,0.000000,0.000000,0.000000,0.000386,0
20260821_102553_275,1,Unspecified,1298,2026-08-21T10:36:51.4019357+09:00,2026-08-21T10:36:51.9019357+09:00,658.126474,658.626474,30,30,-0.029827,0.034988,0.000000,0.000000,0.000000,0.000360,0
20260821_102553_275,1,Unspecified,1299,2026-08-21T10:36:51.9019357+09:00,2026-08-21T10:36:52.4019357+09:00,658.626474,659.126474,30,30,-0.029818,0.035009,0.000000,0.000000,0.000000,0.000097,0
20260821_102553_275,1,Unspecified,1300,2026-08-21T10:36:52.4019357+09:00,2026-08-21T10:36:52.9019357+09:00,659.126474,659.626474,30,30,-0.029809,0.035008,0.000000,0.000000,0.000000,0.000110,0
20260821_102553_275,1,Unspecified,1301,2026-08-21T10:36:52.9019357+09:00,2026-08-21T10:36:53.4019357+09:00,659.626474,660.126474,30,30,-0.029831,0.034982,0.000000,0.000000,0.000000,0.000111,0
20260821_102553_275,1,Unspecified,1302,2026-08-21T10:36:53.4019357+09:00,2026-08-21T10:36:53.9019357+09:00,660.126474,660.626474,30,30,-0.029914,0.034923,0.000000,0.000000,0.000000,0.000063,0
20260821_102553_275,1,Unspecified,1303,2026-08-21T10:36:53.9019357+09:00,2026-08-21T10:36:54.4019357+09:00,660.626474,661.126474,30,30,-0.030266,0.034716,0.000000,0.000000,0.000000,0.000296,0
20260821_102553_275,1,Unspecified,1304,2026-08-21T10:36:54.4019357+09:00,2026-08-21T10:36:54.9019357+09:00,661.126474,661.626474,30,30,-0.030870,0.034319,0.000000,0.000000,0.000000,0.000069,0
20260821_102553_275,1,Unspecified,1305,2026-08-21T10:36:54.9019357+09:00,2026-08-21T10:36:55.4019357+09:00,661.626474,662.126474,30,30,-0.030637,0.034459,0.000000,0.000000,0.000000,0.000087,0
20260821_102553_275,1,Unspecified,1306,2026-08-21T10:36:55.4019357+09:00,2026-08-21T10:36:55.9019357+09:00,662.126474,662.626474,30,30,-0.030873,0.034365,0.000000,0.000000,0.000000,0.000169,0
20260821_102553_275,1,Unspecified,1307,2026-08-21T10:36:55.9019357+09:00,2026-08-21T10:36:56.4019357+09:00,662.626474,663.126474,30,30,-0.031060,0.034279,0.000000,0.000000,0.000000,0.000054,0
20260821_102553_275,1,Unspecified,1308,2026-08-21T10:36:56.4019357+09:00,2026-08-21T10:36:56.9019357+09:00,663.126474,663.626474,30,30,-0.031012,0.034254,0.000000,0.000000,0.000000,0.000131,0
20260821_102553_275,1,Unspecified,1309,2026-08-21T10:36:56.9019357+09:00,2026-08-21T10:36:57.4019357+09:00,663.626474,664.126474,30,30,-0.030775,0.034386,0.000000,0.000000,0.000000,0.000107,0
20260821_102553_275,1,Unspecified,1310,2026-08-21T10:36:57.4019357+09:00,2026-08-21T10:36:57.9019357+09:00,664.126474,664.626474,30,30,-0.030789,0.034379,0.000000,0.000000,0.000000,0.000049,0
20260821_102553_275,1,Unspecified,1311,2026-08-21T10:36:57.9019357+09:00,2026-08-21T10:36:58.4019357+09:00,664.626474,665.126474,30,30,-0.030961,0.034287,0.000000,0.000000,0.000000,0.000088,0
20260821_102553_275,1,Unspecified,1312,2026-08-21T10:36:58.4019357+09:00,2026-08-21T10:36:58.9019357+09:00,665.126474,665.626474,30,30,-0.030835,0.034355,0.000000,0.000000,0.000000,0.000163,0
20260821_102553_275,1,Unspecified,1313,2026-08-21T10:36:58.9019357+09:00,2026-08-21T10:36:59.4019357+09:00,665.626474,666.126474,30,30,-0.030693,0.034419,0.000000,0.000000,0.000000,0.000063,0
20260821_102553_275,1,Unspecified,1314,2026-08-21T10:36:59.4019357+09:00,2026-08-21T10:36:59.9019357+09:00,666.126474,666.626474,30,30,-0.030641,0.034393,0.000000,0.000000,0.000000,0.000079,0
20260821_102553_275,1,Unspecified,1315,2026-08-21T10:36:59.9019357+09:00,2026-08-21T10:37:00.4019357+09:00,666.626474,667.126474,30,30,-0.030672,0.034351,0.000000,0.000000,0.000000,0.000080,0
20260821_102553_275,1,Unspecified,1316,2026-08-21T10:37:00.4019357+09:00,2026-08-21T10:37:00.9019357+09:00,667.126474,667.626474,30,30,-0.030803,0.034229,0.000000,0.000000,0.000000,0.000072,0
20260821_102553_275,1,Unspecified,1317,2026-08-21T10:37:00.9019357+09:00,2026-08-21T10:37:01.4019357+09:00,667.626474,668.126474,30,30,-0.030780,0.034158,0.000000,0.000000,0.000000,0.000114,0
20260821_102553_275,1,Unspecified,1318,2026-08-21T10:37:01.4019357+09:00,2026-08-21T10:37:01.9019357+09:00,668.126474,668.626474,30,30,-0.030699,0.034219,0.000000,0.000000,0.000000,0.000089,0
20260821_102553_275,1,Unspecified,1319,2026-08-21T10:37:01.9019357+09:00,2026-08-21T10:37:02.4019357+09:00,668.626474,669.126474,30,30,-0.030903,0.034173,0.000000,0.000000,0.000000,0.000122,0
20260821_102553_275,1,Unspecified,1320,2026-08-21T10:37:02.4019357+09:00,2026-08-21T10:37:02.9019357+09:00,669.126474,669.626474,30,30,-0.031430,0.033945,0.000000,0.000000,0.000000,0.000240,0
20260821_102553_275,1,Unspecified,1321,2026-08-21T10:37:02.9019357+09:00,2026-08-21T10:37:03.4019357+09:00,669.626474,670.126474,30,30,-0.031549,0.033904,0.000000,0.000000,0.000000,0.000242,0
20260821_102553_275,1,Unspecified,1322,2026-08-21T10:37:03.4019357+09:00,2026-08-21T10:37:03.9019357+09:00,670.126474,670.626474,30,30,-0.031246,0.034109,0.000000,0.000000,0.000000,0.000085,0
20260821_102553_275,1,Unspecified,1323,2026-08-21T10:37:03.9019357+09:00,2026-08-21T10:37:04.4019357+09:00,670.626474,671.126474,30,30,-0.031195,0.034127,0.000000,0.000000,0.000000,0.000076,0
20260821_102553_275,1,Unspecified,1324,2026-08-21T10:37:04.4019357+09:00,2026-08-21T10:37:04.9019357+09:00,671.126474,671.626474,30,30,-0.031180,0.034125,0.000000,0.000000,0.000000,0.000087,0
20260821_102553_275,1,Unspecified,1325,2026-08-21T10:37:04.9019357+09:00,2026-08-21T10:37:05.4019357+09:00,671.626474,672.126474,30,30,-0.031186,0.034115,0.000000,0.000000,0.000000,0.000060,0
20260821_102553_275,1,Unspecified,1326,2026-08-21T10:37:05.4019357+09:00,2026-08-21T10:37:05.9019357+09:00,672.126474,672.626474,30,30,-0.031220,0.034105,0.000000,0.000000,0.000000,0.000101,0
20260821_102553_275,1,Unspecified,1327,2026-08-21T10:37:05.9019357+09:00,2026-08-21T10:37:06.4019357+09:00,672.626474,673.126474,30,30,-0.031314,0.034089,0.000000,0.000000,0.000000,0.000124,0
20260821_102553_275,1,Unspecified,1328,2026-08-21T10:37:06.4019357+09:00,2026-08-21T10:37:06.9019357+09:00,673.126474,673.626474,30,30,-0.031526,0.033956,0.000000,0.000000,0.000000,0.000097,0
20260821_102553_275,1,Unspecified,1329,2026-08-21T10:37:06.9019357+09:00,2026-08-21T10:37:07.4019357+09:00,673.626474,674.126474,30,30,-0.031173,0.034199,0.000000,0.000000,0.000000,0.000118,0
20260821_102553_275,1,Unspecified,1330,2026-08-21T10:37:07.4019357+09:00,2026-08-21T10:37:07.9019357+09:00,674.126474,674.626474,30,30,-0.031050,0.034247,0.000000,0.000000,0.000000,0.000092,0
20260821_102553_275,1,Unspecified,1331,2026-08-21T10:37:07.9019357+09:00,2026-08-21T10:37:08.4019357+09:00,674.626474,675.126474,30,30,-0.031002,0.034256,0.000000,0.000000,0.000000,0.000067,0
20260821_102553_275,1,Unspecified,1332,2026-08-21T10:37:08.4019357+09:00,2026-08-21T10:37:08.9019357+09:00,675.126474,675.626474,30,30,-0.030989,0.034251,0.000000,0.000000,0.000000,0.000106,0
20260821_102553_275,1,Unspecified,1333,2026-08-21T10:37:08.9019357+09:00,2026-08-21T10:37:09.4019357+09:00,675.626474,676.126474,30,30,-0.031009,0.034246,0.000000,0.000000,0.000000,0.000099,0
20260821_102553_275,1,Unspecified,1334,2026-08-21T10:37:09.4019357+09:00,2026-08-21T10:37:09.9019357+09:00,676.126474,676.626474,30,30,-0.031048,0.034282,0.000000,0.000000,0.000000,0.000085,0
20260821_102553_275,1,Unspecified,1335,2026-08-21T10:37:09.9019357+09:00,2026-08-21T10:37:10.4019357+09:00,676.626474,677.126474,30,30,-0.030884,0.034463,0.000000,0.000000,0.000000,0.000118,0
20260821_102553_275,1,Unspecified,1336,2026-08-21T10:37:10.4019357+09:00,2026-08-21T10:37:10.9019357+09:00,677.126474,677.626474,30,30,-0.030480,0.034752,0.000000,0.000000,0.000000,0.000186,0
20260821_102553_275,1,Unspecified,1337,2026-08-21T10:37:10.9019357+09:00,2026-08-21T10:37:11.4019357+09:00,677.626474,678.126474,30,30,-0.030114,0.034882,0.000000,0.000000,0.000000,0.000109,0
20260821_102553_275,1,Unspecified,1338,2026-08-21T10:37:11.4019357+09:00,2026-08-21T10:37:11.9019357+09:00,678.126474,678.626474,30,30,-0.029077,0.035214,0.000000,0.000000,0.000000,0.000681,0
20260821_102553_275,1,Unspecified,1339,2026-08-21T10:37:11.9019357+09:00,2026-08-21T10:37:12.4019357+09:00,678.626474,679.126474,30,30,-0.027899,0.035203,0.000000,0.000000,0.000000,0.000293,0
20260821_102553_275,1,Unspecified,1340,2026-08-21T10:37:12.4019357+09:00,2026-08-21T10:37:12.9019357+09:00,679.126474,679.626474,30,30,-0.028427,0.035351,0.000000,0.000000,0.000000,0.000341,0
20260821_102553_275,1,Unspecified,1341,2026-08-21T10:37:12.9019357+09:00,2026-08-21T10:37:13.4019357+09:00,679.626474,680.126474,30,30,-0.029125,0.035317,0.000000,0.000000,0.000000,0.000617,0
20260821_102553_275,1,Unspecified,1342,2026-08-21T10:37:13.4019357+09:00,2026-08-21T10:37:13.9019357+09:00,680.126474,680.626474,30,30,-0.031802,0.033425,0.000001,0.000001,0.000001,0.001244,0
20260821_102553_275,1,Unspecified,1343,2026-08-21T10:37:13.9019357+09:00,2026-08-21T10:37:14.4019357+09:00,680.626474,681.126474,30,30,-0.033696,0.031932,0.000000,0.000000,0.000000,0.000451,0
20260821_102553_275,1,Unspecified,1344,2026-08-21T10:37:14.4019357+09:00,2026-08-21T10:37:14.9019357+09:00,681.126474,681.626474,30,30,-0.031060,0.033718,0.000001,0.000001,0.000001,0.001218,0
20260821_102553_275,1,Unspecified,1345,2026-08-21T10:37:14.9019357+09:00,2026-08-21T10:37:15.4019357+09:00,681.626474,682.126474,30,30,-0.029357,0.034725,0.000000,0.000000,0.000000,0.000559,0
20260821_102553_275,1,Unspecified,1346,2026-08-21T10:37:15.4019357+09:00,2026-08-21T10:37:15.9019357+09:00,682.126474,682.626474,30,30,-0.030463,0.034109,0.000000,0.000000,0.000000,0.000212,0
20260821_102553_275,1,Unspecified,1347,2026-08-21T10:37:15.9019357+09:00,2026-08-21T10:37:16.4019357+09:00,682.626474,683.126474,30,30,-0.030952,0.033909,0.000000,0.000000,0.000000,0.000385,0
20260821_102553_275,1,Unspecified,1348,2026-08-21T10:37:16.4019357+09:00,2026-08-21T10:37:16.9019357+09:00,683.126474,683.626474,30,30,-0.029991,0.034684,0.000000,0.000000,0.000000,0.000293,0
20260821_102553_275,1,Unspecified,1349,2026-08-21T10:37:16.9019357+09:00,2026-08-21T10:37:17.4019357+09:00,683.626474,684.126474,30,30,-0.029917,0.034800,0.000000,0.000000,0.000000,0.000129,0
20260821_102553_275,1,Unspecified,1350,2026-08-21T10:37:17.4019357+09:00,2026-08-21T10:37:17.9019357+09:00,684.126474,684.626474,30,30,-0.029815,0.034929,0.000000,0.000000,0.000000,0.000109,0
20260821_102553_275,1,Unspecified,1351,2026-08-21T10:37:17.9019357+09:00,2026-08-21T10:37:18.4019357+09:00,684.626474,685.126474,30,30,-0.029645,0.034970,0.000000,0.000000,0.000000,0.000223,0
20260821_102553_275,1,Unspecified,1352,2026-08-21T10:37:18.4019357+09:00,2026-08-21T10:37:18.9019357+09:00,685.126474,685.626474,30,30,-0.029101,0.035407,0.000000,0.000000,0.000000,0.000142,0
20260821_102553_275,1,Unspecified,1353,2026-08-21T10:37:18.9019357+09:00,2026-08-21T10:37:19.4019357+09:00,685.626474,686.126474,30,30,-0.028895,0.035605,0.000000,0.000000,0.000000,0.000092,0
20260821_102553_275,1,Unspecified,1354,2026-08-21T10:37:19.4019357+09:00,2026-08-21T10:37:19.9019357+09:00,686.126474,686.626474,30,30,-0.029301,0.035568,0.000000,0.000000,0.000000,0.000260,0
20260821_102553_275,1,Unspecified,1355,2026-08-21T10:37:19.9019357+09:00,2026-08-21T10:37:20.4019357+09:00,686.626474,687.126474,30,30,-0.029308,0.035604,0.000000,0.000000,0.000000,0.000190,0
20260821_102553_275,1,Unspecified,1356,2026-08-21T10:37:20.4019357+09:00,2026-08-21T10:37:20.9019357+09:00,687.126474,687.626474,30,30,-0.029604,0.035383,0.000000,0.000000,0.000000,0.000074,0
20260821_102553_275,1,Unspecified,1357,2026-08-21T10:37:20.9019357+09:00,2026-08-21T10:37:21.4019357+09:00,687.626474,688.126474,30,30,-0.029674,0.035306,0.000000,0.000000,0.000000,0.000066,0
20260821_102553_275,1,Unspecified,1358,2026-08-21T10:37:21.4019357+09:00,2026-08-21T10:37:21.9019357+09:00,688.126474,688.626474,30,30,-0.029721,0.035249,0.000000,0.000000,0.000000,0.000112,0
20260821_102553_275,1,Unspecified,1359,2026-08-21T10:37:21.9019357+09:00,2026-08-21T10:37:22.4019357+09:00,688.626474,689.126474,30,30,-0.029733,0.035253,0.000000,0.000000,0.000000,0.000094,0
20260821_102553_275,1,Unspecified,1360,2026-08-21T10:37:22.4019357+09:00,2026-08-21T10:37:22.9019357+09:00,689.126474,689.626474,30,30,-0.030005,0.035102,0.000000,0.000000,0.000000,0.000105,0
20260821_102553_275,1,Unspecified,1361,2026-08-21T10:37:22.9019357+09:00,2026-08-21T10:37:23.4019357+09:00,689.626474,690.126474,30,30,-0.030113,0.035048,0.000000,0.000000,0.000000,0.000068,0
20260821_102553_275,1,Unspecified,1362,2026-08-21T10:37:23.4019357+09:00,2026-08-21T10:37:23.9019357+09:00,690.126474,690.626474,30,30,-0.029900,0.035165,0.000000,0.000000,0.000000,0.000121,0
20260821_102553_275,1,Unspecified,1363,2026-08-21T10:37:23.9019357+09:00,2026-08-21T10:37:24.4019357+09:00,690.626474,691.126474,30,30,-0.029850,0.035187,0.000000,0.000000,0.000000,0.000070,0
20260821_102553_275,1,Unspecified,1364,2026-08-21T10:37:24.4019357+09:00,2026-08-21T10:37:24.9019357+09:00,691.126474,691.626474,30,30,-0.030211,0.034915,0.000000,0.000000,0.000000,0.000151,0
20260821_102553_275,1,Unspecified,1365,2026-08-21T10:37:24.9019357+09:00,2026-08-21T10:37:25.4019357+09:00,691.626474,692.126474,30,30,-0.030242,0.034793,0.000000,0.000000,0.000000,0.000108,0
20260821_102553_275,1,Unspecified,1366,2026-08-21T10:37:25.4019357+09:00,2026-08-21T10:37:25.9019357+09:00,692.126474,692.626474,30,30,-0.030386,0.034545,0.000000,0.000000,0.000000,0.000064,0
20260821_102553_275,1,Unspecified,1367,2026-08-21T10:37:25.9019357+09:00,2026-08-21T10:37:26.4019357+09:00,692.626474,693.126474,30,30,-0.030471,0.034464,0.000000,0.000000,0.000000,0.000154,0
20260821_102553_275,1,Unspecified,1368,2026-08-21T10:37:26.4019357+09:00,2026-08-21T10:37:26.9019357+09:00,693.126474,693.626474,30,30,-0.030906,0.034200,0.000000,0.000000,0.000000,0.000172,0
20260821_102553_275,1,Unspecified,1369,2026-08-21T10:37:26.9019357+09:00,2026-08-21T10:37:27.4019357+09:00,693.626474,694.126474,30,30,-0.031965,0.033493,0.000000,0.000000,0.000000,0.000411,0
20260821_102553_275,1,Unspecified,1370,2026-08-21T10:37:27.4019357+09:00,2026-08-21T10:37:27.9019357+09:00,694.126474,694.626474,30,30,-0.032965,0.032800,0.000000,0.000000,0.000000,0.000639,0
20260821_102553_275,1,Unspecified,1371,2026-08-21T10:37:27.9019357+09:00,2026-08-21T10:37:28.4019357+09:00,694.626474,695.126474,30,30,-0.034327,0.031418,0.000000,0.000000,0.000000,0.000533,0
20260821_102553_275,1,Unspecified,1372,2026-08-21T10:37:28.4019357+09:00,2026-08-21T10:37:28.9019357+09:00,695.126474,695.626474,30,30,-0.035577,0.029935,0.000001,0.000002,0.000002,0.001777,0
20260821_102553_275,1,Unspecified,1373,2026-08-21T10:37:28.9019357+09:00,2026-08-21T10:37:29.4019357+09:00,695.626474,696.126474,30,30,-0.033546,0.030852,0.000001,0.000001,0.000001,0.001055,0
20260821_102553_275,1,Unspecified,1374,2026-08-21T10:37:29.4019357+09:00,2026-08-21T10:37:29.9019357+09:00,696.126474,696.626474,30,30,-0.034420,0.030452,0.000000,0.000000,0.000000,0.000158,0
20260821_102553_275,1,Unspecified,1375,2026-08-21T10:37:29.9019357+09:00,2026-08-21T10:37:30.4019357+09:00,696.626474,697.126474,30,30,-0.034149,0.030570,0.000000,0.000000,0.000000,0.000335,0
20260821_102553_275,1,Unspecified,1376,2026-08-21T10:37:30.4019357+09:00,2026-08-21T10:37:30.9019357+09:00,697.126474,697.626474,30,30,-0.035299,0.029268,0.000000,0.000000,0.000000,0.000820,0
20260821_102553_275,1,Unspecified,1377,2026-08-21T10:37:30.9019357+09:00,2026-08-21T10:37:31.4019357+09:00,697.626474,698.126474,30,30,-0.034204,0.029692,0.000000,0.000000,0.000000,0.000341,0
20260821_102553_275,1,Unspecified,1378,2026-08-21T10:37:31.4019357+09:00,2026-08-21T10:37:31.9019357+09:00,698.126474,698.626474,30,30,-0.033648,0.030108,0.000000,0.000000,0.000000,0.000332,0
20260821_102553_275,1,Unspecified,1379,2026-08-21T10:37:31.9019357+09:00,2026-08-21T10:37:32.4019357+09:00,698.626474,699.126474,30,30,-0.033805,0.030086,0.000000,0.000000,0.000000,0.000331,0
20260821_102553_275,1,Unspecified,1380,2026-08-21T10:37:32.4019357+09:00,2026-08-21T10:37:32.9019357+09:00,699.126474,699.626474,30,30,-0.034389,0.029735,0.000000,0.000000,0.000000,0.000176,0
20260821_102553_275,1,Unspecified,1381,2026-08-21T10:37:32.9019357+09:00,2026-08-21T10:37:33.4019357+09:00,699.626474,700.126474,30,30,-0.034796,0.029369,0.000000,0.000000,0.000000,0.000112,0
20260821_102553_275,1,Unspecified,1382,2026-08-21T10:37:33.4019357+09:00,2026-08-21T10:37:33.9019357+09:00,700.126474,700.626474,30,30,-0.035022,0.029061,0.000000,0.000000,0.000000,0.000202,0
20260821_102553_275,1,Unspecified,1383,2026-08-21T10:37:33.9019357+09:00,2026-08-21T10:37:34.4019357+09:00,700.626474,701.126474,30,30,-0.035451,0.028709,0.000000,0.000000,0.000000,0.000240,0
20260821_102553_275,1,Unspecified,1384,2026-08-21T10:37:34.4019357+09:00,2026-08-21T10:37:34.9019357+09:00,701.126474,701.626474,30,30,-0.037184,0.027345,0.000000,0.000000,0.000000,0.000889,0
20260821_102553_275,1,Unspecified,1385,2026-08-21T10:37:34.9019357+09:00,2026-08-21T10:37:35.4019357+09:00,701.626474,702.126474,30,30,-0.038230,0.026500,0.000000,0.000000,0.000000,0.000073,0
20260821_102553_275,1,Unspecified,1386,2026-08-21T10:37:35.4019357+09:00,2026-08-21T10:37:35.9019357+09:00,702.126474,702.626474,30,30,-0.038300,0.026357,0.000000,0.000000,0.000000,0.000102,0
20260821_102553_275,1,Unspecified,1387,2026-08-21T10:37:35.9019357+09:00,2026-08-21T10:37:36.4019357+09:00,702.626474,703.126474,30,30,-0.038263,0.026399,0.000000,0.000000,0.000000,0.000097,0
20260821_102553_275,1,Unspecified,1388,2026-08-21T10:37:36.4019357+09:00,2026-08-21T10:37:36.9019357+09:00,703.126474,703.626474,30,30,-0.038580,0.026091,0.000000,0.000000,0.000000,0.000284,0
20260821_102553_275,1,Unspecified,1389,2026-08-21T10:37:36.9019357+09:00,2026-08-21T10:37:37.4019357+09:00,703.626474,704.126474,30,30,-0.039229,0.025467,0.000000,0.000000,0.000000,0.000193,0
20260821_102553_275,1,Unspecified,1390,2026-08-21T10:37:37.4019357+09:00,2026-08-21T10:37:37.9019357+09:00,704.126474,704.626474,30,30,-0.038056,0.026439,0.000000,0.000000,0.000000,0.000522,0
20260821_102553_275,1,Unspecified,1391,2026-08-21T10:37:37.9019357+09:00,2026-08-21T10:37:38.4019357+09:00,704.626474,705.126474,30,30,-0.037605,0.026788,0.000000,0.000000,0.000000,0.000106,0
20260821_102553_275,1,Unspecified,1392,2026-08-21T10:37:38.4019357+09:00,2026-08-21T10:37:38.9019357+09:00,705.126474,705.626474,30,30,-0.037288,0.027234,0.000000,0.000000,0.000000,0.000267,0
20260821_102553_275,1,Unspecified,1393,2026-08-21T10:37:38.9019357+09:00,2026-08-21T10:37:39.4019357+09:00,705.626474,706.126474,30,30,-0.036366,0.028013,0.000000,0.000000,0.000000,0.000261,0
20260821_102553_275,1,Unspecified,1394,2026-08-21T10:37:39.4019357+09:00,2026-08-21T10:37:39.9019357+09:00,706.126474,706.626474,30,30,-0.036223,0.027961,0.000000,0.000000,0.000000,0.000098,0
20260821_102553_275,1,Unspecified,1395,2026-08-21T10:37:39.9019357+09:00,2026-08-21T10:37:40.4019357+09:00,706.626474,707.126474,30,30,-0.036064,0.027953,0.000000,0.000000,0.000000,0.000118,0
20260821_102553_275,1,Unspecified,1396,2026-08-21T10:37:40.4019357+09:00,2026-08-21T10:37:40.9019357+09:00,707.126474,707.626474,30,30,-0.036093,0.027751,0.000000,0.000000,0.000000,0.000077,0
20260821_102553_275,1,Unspecified,1397,2026-08-21T10:37:40.9019357+09:00,2026-08-21T10:37:41.4019357+09:00,707.626474,708.126474,30,30,-0.036294,0.027447,0.000000,0.000000,0.000000,0.000200,0
20260821_102553_275,1,Unspecified,1398,2026-08-21T10:37:41.4019357+09:00,2026-08-21T10:37:41.9019357+09:00,708.126474,708.626474,30,30,-0.036534,0.027126,0.000000,0.000000,0.000000,0.000075,0
20260821_102553_275,1,Unspecified,1399,2026-08-21T10:37:41.9019357+09:00,2026-08-21T10:37:42.4019357+09:00,708.626474,709.126474,30,30,-0.036187,0.027433,0.000000,0.000000,0.000000,0.000215,0
20260821_102553_275,1,Unspecified,1400,2026-08-21T10:37:42.4019357+09:00,2026-08-21T10:37:42.9019357+09:00,709.126474,709.626474,30,30,-0.036184,0.027444,0.000000,0.000000,0.000000,0.000088,0
20260821_102553_275,1,Unspecified,1401,2026-08-21T10:37:42.9019357+09:00,2026-08-21T10:37:43.4019357+09:00,709.626474,710.126474,30,30,-0.036233,0.027314,0.000000,0.000000,0.000000,0.000074,0
20260821_102553_275,1,Unspecified,1402,2026-08-21T10:37:43.4019357+09:00,2026-08-21T10:37:43.9019357+09:00,710.126474,710.626474,30,30,-0.036368,0.027127,0.000000,0.000000,0.000000,0.000111,0
20260821_102553_275,1,Unspecified,1403,2026-08-21T10:37:43.9019357+09:00,2026-08-21T10:37:44.4019357+09:00,710.626474,711.126474,30,30,-0.036464,0.027061,0.000000,0.000000,0.000000,0.000085,0
20260821_102553_275,1,Unspecified,1404,2026-08-21T10:37:44.4019357+09:00,2026-08-21T10:37:44.9019357+09:00,711.126474,711.626474,30,30,-0.036533,0.026950,0.000000,0.000000,0.000000,0.000138,0
20260821_102553_275,1,Unspecified,1405,2026-08-21T10:37:44.9019357+09:00,2026-08-21T10:37:45.4019357+09:00,711.626474,712.126474,30,30,-0.037086,0.026447,0.000000,0.000000,0.000000,0.000206,0
20260821_102553_275,1,Unspecified,1406,2026-08-21T10:37:45.4019357+09:00,2026-08-21T10:37:45.9019357+09:00,712.126474,712.626474,30,30,-0.037154,0.026394,0.000000,0.000000,0.000000,0.000079,0
20260821_102553_275,1,Unspecified,1407,2026-08-21T10:37:45.9019357+09:00,2026-08-21T10:37:46.4019357+09:00,712.626474,713.126474,30,30,-0.037019,0.026469,0.000000,0.000000,0.000000,0.000115,0
20260821_102553_275,1,Unspecified,1408,2026-08-21T10:37:46.4019357+09:00,2026-08-21T10:37:46.9019357+09:00,713.126474,713.626474,30,30,-0.036943,0.026487,0.000000,0.000000,0.000000,0.000095,0
20260821_102553_275,1,Unspecified,1409,2026-08-21T10:37:46.9019357+09:00,2026-08-21T10:37:47.4019357+09:00,713.626474,714.126474,30,30,-0.036885,0.026449,0.000000,0.000000,0.000000,0.000139,0
20260821_102553_275,1,Unspecified,1410,2026-08-21T10:37:47.4019357+09:00,2026-08-21T10:37:47.9019357+09:00,714.126474,714.626474,30,30,-0.037062,0.026247,0.000000,0.000000,0.000000,0.000072,0
20260821_102553_275,1,Unspecified,1411,2026-08-21T10:37:47.9019357+09:00,2026-08-21T10:37:48.4019357+09:00,714.626474,715.126474,30,30,-0.037091,0.026153,0.000000,0.000000,0.000000,0.000126,0
20260821_102553_275,1,Unspecified,1412,2026-08-21T10:37:48.4019357+09:00,2026-08-21T10:37:48.9019357+09:00,715.126474,715.626474,30,30,-0.037592,0.025663,0.000000,0.000000,0.000000,0.000352,0
20260821_102553_275,1,Unspecified,1413,2026-08-21T10:37:48.9019357+09:00,2026-08-21T10:37:49.4019357+09:00,715.626474,716.126474,30,30,-0.038254,0.025170,0.000000,0.000000,0.000000,0.000114,0
20260821_102553_275,1,Unspecified,1414,2026-08-21T10:37:49.4019357+09:00,2026-08-21T10:37:49.9019357+09:00,716.126474,716.626474,30,30,-0.037762,0.025529,0.000000,0.000000,0.000000,0.000294,0
20260821_102553_275,1,Unspecified,1415,2026-08-21T10:37:49.9019357+09:00,2026-08-21T10:37:50.4019357+09:00,716.626474,717.126474,30,30,-0.038315,0.025041,0.000000,0.000000,0.000000,0.000906,0
20260821_102553_275,1,Unspecified,1416,2026-08-21T10:37:50.4019357+09:00,2026-08-21T10:37:50.9019357+09:00,717.126474,717.626474,30,30,-0.042534,0.020220,0.000004,0.000008,0.000006,0.003421,0
20260821_102553_275,1,Unspecified,1417,2026-08-21T10:37:50.9019357+09:00,2026-08-21T10:37:51.4019357+09:00,717.626474,718.126474,30,30,-0.048639,0.010545,0.000001,0.000003,0.000002,0.001983,0
20260821_102553_275,1,Unspecified,1418,2026-08-21T10:37:51.4019357+09:00,2026-08-21T10:37:51.9019357+09:00,718.126474,718.626474,30,30,-0.046405,0.012302,0.000003,0.000004,0.000003,0.002560,0
20260821_102553_275,1,Unspecified,1419,2026-08-21T10:37:51.9019357+09:00,2026-08-21T10:37:52.4019357+09:00,718.626474,719.126474,30,30,-0.042213,0.017751,0.000000,0.000001,0.000001,0.001233,0
20260821_102553_275,1,Unspecified,1420,2026-08-21T10:37:52.4019357+09:00,2026-08-21T10:37:52.9019357+09:00,719.126474,719.626474,30,30,-0.041937,0.019808,0.000000,0.000000,0.000000,0.000301,0
20260821_102553_275,1,Unspecified,1421,2026-08-21T10:37:52.9019357+09:00,2026-08-21T10:37:53.4019357+09:00,719.626474,720.126474,30,30,-0.041630,0.020309,0.000000,0.000000,0.000000,0.000254,0
20260821_102553_275,1,Unspecified,1422,2026-08-21T10:37:53.4019357+09:00,2026-08-21T10:37:53.9019357+09:00,720.126474,720.626474,30,30,-0.041350,0.020557,0.000000,0.000000,0.000000,0.000113,0
20260821_102553_275,1,Unspecified,1423,2026-08-21T10:37:53.9019357+09:00,2026-08-21T10:37:54.4019357+09:00,720.626474,721.126474,30,30,-0.041373,0.020563,0.000000,0.000000,0.000000,0.000096,0
20260821_102553_275,1,Unspecified,1424,2026-08-21T10:37:54.4019357+09:00,2026-08-21T10:37:54.9019357+09:00,721.126474,721.626474,30,30,-0.041257,0.020670,0.000000,0.000000,0.000000,0.000105,0
20260821_102553_275,1,Unspecified,1425,2026-08-21T10:37:54.9019357+09:00,2026-08-21T10:37:55.4019357+09:00,721.626474,722.126474,30,30,-0.041199,0.020615,0.000000,0.000000,0.000000,0.000104,0
20260821_102553_275,1,Unspecified,1426,2026-08-21T10:37:55.4019357+09:00,2026-08-21T10:37:55.9019357+09:00,722.126474,722.626474,30,30,-0.041639,0.020243,0.000000,0.000000,0.000000,0.000288,0
20260821_102553_275,1,Unspecified,1427,2026-08-21T10:37:55.9019357+09:00,2026-08-21T10:37:56.4019357+09:00,722.626474,723.126474,30,30,-0.042054,0.019850,0.000000,0.000000,0.000000,0.000079,0
20260821_102553_275,1,Unspecified,1428,2026-08-21T10:37:56.4019357+09:00,2026-08-21T10:37:56.9019357+09:00,723.126474,723.626474,30,30,-0.041888,0.019956,0.000000,0.000000,0.000000,0.000130,0
20260821_102553_275,1,Unspecified,1429,2026-08-21T10:37:56.9019357+09:00,2026-08-21T10:37:57.4019357+09:00,723.626474,724.126474,30,30,-0.041664,0.020138,0.000000,0.000000,0.000000,0.000083,0
20260821_102553_275,1,Unspecified,1430,2026-08-21T10:37:57.4019357+09:00,2026-08-21T10:37:57.9019357+09:00,724.126474,724.626474,30,30,-0.041573,0.020141,0.000000,0.000000,0.000000,0.000060,0
20260821_102553_275,1,Unspecified,1431,2026-08-21T10:37:57.9019357+09:00,2026-08-21T10:37:58.4019357+09:00,724.626474,725.126474,30,30,-0.041515,0.020171,0.000000,0.000000,0.000000,0.000093,0
20260821_102553_275,1,Unspecified,1432,2026-08-21T10:37:58.4019357+09:00,2026-08-21T10:37:58.9019357+09:00,725.126474,725.626474,30,30,-0.041710,0.020017,0.000000,0.000000,0.000000,0.000251,0
20260821_102553_275,1,Unspecified,1433,2026-08-21T10:37:58.9019357+09:00,2026-08-21T10:37:59.4019357+09:00,725.626474,726.126474,30,30,-0.042340,0.019393,0.000000,0.000000,0.000000,0.000234,0
20260821_102553_275,1,Unspecified,1434,2026-08-21T10:37:59.4019357+09:00,2026-08-21T10:37:59.9019357+09:00,726.126474,726.626474,30,30,-0.042653,0.019136,0.000000,0.000000,0.000000,0.000073,0
20260821_102553_275,1,Unspecified,1435,2026-08-21T10:37:59.9019357+09:00,2026-08-21T10:38:00.4019357+09:00,726.626474,727.126474,30,30,-0.042476,0.019350,0.000000,0.000000,0.000000,0.000146,0
20260821_102553_275,1,Unspecified,1436,2026-08-21T10:38:00.4019357+09:00,2026-08-21T10:38:00.9019357+09:00,727.126474,727.626474,30,30,-0.042299,0.019497,0.000000,0.000000,0.000000,0.000061,0
20260821_102553_275,1,Unspecified,1437,2026-08-21T10:38:00.9019357+09:00,2026-08-21T10:38:01.4019357+09:00,727.626474,728.126474,30,30,-0.042200,0.019501,0.000000,0.000000,0.000000,0.000084,0
20260821_102553_275,1,Unspecified,1438,2026-08-21T10:38:01.4019357+09:00,2026-08-21T10:38:01.9019357+09:00,728.126474,728.626474,30,30,-0.042190,0.019458,0.000000,0.000000,0.000000,0.000089,0
20260821_102553_275,1,Unspecified,1439,2026-08-21T10:38:01.9019357+09:00,2026-08-21T10:38:02.4019357+09:00,728.626474,729.126474,30,30,-0.042086,0.019257,0.000000,0.000000,0.000000,0.000205,0
20260821_102553_275,1,Unspecified,1440,2026-08-21T10:38:02.4019357+09:00,2026-08-21T10:38:02.9019357+09:00,729.126474,729.626474,30,30,-0.043135,0.018486,0.000000,0.000000,0.000000,0.000422,0
20260821_102553_275,1,Unspecified,1441,2026-08-21T10:38:02.9019357+09:00,2026-08-21T10:38:03.4019357+09:00,729.626474,730.126474,30,30,-0.043905,0.017950,0.000000,0.000000,0.000000,0.000131,0
20260821_102553_275,1,Unspecified,1442,2026-08-21T10:38:03.4019357+09:00,2026-08-21T10:38:03.9019357+09:00,730.126474,730.626474,30,30,-0.043485,0.018335,0.000000,0.000000,0.000000,0.000325,0
20260821_102553_275,1,Unspecified,1443,2026-08-21T10:38:03.9019357+09:00,2026-08-21T10:38:04.4019357+09:00,730.626474,731.126474,30,30,-0.042822,0.018992,0.000000,0.000000,0.000000,0.000157,0
20260821_102553_275,1,Unspecified,1444,2026-08-21T10:38:04.4019357+09:00,2026-08-21T10:38:04.9019357+09:00,731.126474,731.626474,30,30,-0.042312,0.019890,0.000000,0.000000,0.000000,0.000767,0
20260821_102553_275,1,Unspecified,1445,2026-08-21T10:38:04.9019357+09:00,2026-08-21T10:38:05.4019357+09:00,731.626474,732.126474,30,30,-0.039941,0.022247,0.000001,0.000000,0.000000,0.000852,0
20260821_102553_275,1,Unspecified,1446,2026-08-21T10:38:05.4019357+09:00,2026-08-21T10:38:05.9019357+09:00,732.126474,732.626474,30,30,-0.038360,0.022844,0.000000,0.000001,0.000000,0.001019,0
20260821_102553_275,1,Unspecified,1447,2026-08-21T10:38:05.9019357+09:00,2026-08-21T10:38:06.4019357+09:00,732.626474,733.126474,30,30,-0.037037,0.025219,0.000001,0.000000,0.000001,0.001298,0
20260821_102553_275,1,Unspecified,1448,2026-08-21T10:38:06.4019357+09:00,2026-08-21T10:38:06.9019357+09:00,733.126474,733.626474,30,30,-0.033931,0.027496,0.000001,0.000000,0.000000,0.000958,0
20260821_102553_275,1,Unspecified,1449,2026-08-21T10:38:06.9019357+09:00,2026-08-21T10:38:07.4019357+09:00,733.626474,734.126474,30,30,-0.032484,0.029573,0.000000,0.000001,0.000000,0.000770,0
20260821_102553_275,1,Unspecified,1450,2026-08-21T10:38:07.4019357+09:00,2026-08-21T10:38:07.9019357+09:00,734.126474,734.626474,30,30,-0.031899,0.031302,0.000000,0.000000,0.000000,0.000195,0
20260821_102553_275,1,Unspecified,1451,2026-08-21T10:38:07.9019357+09:00,2026-08-21T10:38:08.4019357+09:00,734.626474,735.126474,30,30,-0.031652,0.031589,0.000000,0.000000,0.000000,0.000125,0
20260821_102553_275,1,Unspecified,1452,2026-08-21T10:38:08.4019357+09:00,2026-08-21T10:38:08.9019357+09:00,735.126474,735.626474,30,30,-0.031384,0.031546,0.000000,0.000000,0.000000,0.000130,0
20260821_102553_275,1,Unspecified,1453,2026-08-21T10:38:08.9019357+09:00,2026-08-21T10:38:09.4019357+09:00,735.626474,736.126474,30,30,-0.031243,0.031586,0.000000,0.000000,0.000000,0.000136,0
20260821_102553_275,1,Unspecified,1454,2026-08-21T10:38:09.4019357+09:00,2026-08-21T10:38:09.9019357+09:00,736.126474,736.626474,30,30,-0.030851,0.031864,0.000000,0.000000,0.000000,0.000195,0
20260821_102553_275,1,Unspecified,1455,2026-08-21T10:38:09.9019357+09:00,2026-08-21T10:38:10.4019357+09:00,736.626474,737.126474,30,30,-0.030761,0.031490,0.000000,0.000000,0.000000,0.000344,0
20260821_102553_275,1,Unspecified,1456,2026-08-21T10:38:10.4019357+09:00,2026-08-21T10:38:10.9019357+09:00,737.126474,737.626474,30,30,-0.030898,0.031118,0.000000,0.000000,0.000000,0.000313,0
20260821_102553_275,1,Unspecified,1457,2026-08-21T10:38:10.9019357+09:00,2026-08-21T10:38:11.4019357+09:00,737.626474,738.126474,30,30,-0.032373,0.030061,0.000000,0.000000,0.000000,0.000521,0
20260821_102553_275,1,Unspecified,1458,2026-08-21T10:38:11.4019357+09:00,2026-08-21T10:38:11.9019357+09:00,738.126474,738.626474,30,30,-0.032275,0.030033,0.000000,0.000000,0.000000,0.000143,0
20260821_102553_275,1,Unspecified,1459,2026-08-21T10:38:11.9019357+09:00,2026-08-21T10:38:12.4019357+09:00,738.626474,739.126474,30,30,-0.032277,0.029915,0.000000,0.000000,0.000000,0.000125,0
20260821_102553_275,1,Unspecified,1460,2026-08-21T10:38:12.4019357+09:00,2026-08-21T10:38:12.9019357+09:00,739.126474,739.626474,30,30,-0.032133,0.029806,0.000000,0.000000,0.000000,0.000119,0
20260821_102553_275,1,Unspecified,1461,2026-08-21T10:38:12.9019357+09:00,2026-08-21T10:38:13.4019357+09:00,739.626474,740.126474,30,30,-0.032559,0.029640,0.000000,0.000000,0.000000,0.000213,0
20260821_102553_275,1,Unspecified,1462,2026-08-21T10:38:13.4019357+09:00,2026-08-21T10:38:13.9019357+09:00,740.126474,740.626474,30,30,-0.033073,0.029448,0.000000,0.000000,0.000000,0.000146,0
20260821_102553_275,1,Unspecified,1463,2026-08-21T10:38:13.9019357+09:00,2026-08-21T10:38:14.4019357+09:00,740.626474,741.126474,30,30,-0.032842,0.029814,0.000000,0.000000,0.000000,0.000133,0
20260821_102553_275,1,Unspecified,1464,2026-08-21T10:38:14.4019357+09:00,2026-08-21T10:38:14.9019357+09:00,741.126474,741.626474,30,30,-0.033059,0.029732,0.000000,0.000000,0.000000,0.000099,0
20260821_102553_275,1,Unspecified,1465,2026-08-21T10:38:14.9019357+09:00,2026-08-21T10:38:15.4019357+09:00,741.626474,742.126474,30,30,-0.032944,0.029819,0.000000,0.000000,0.000000,0.000055,0
20260821_102553_275,1,Unspecified,1466,2026-08-21T10:38:15.4019357+09:00,2026-08-21T10:38:15.9019357+09:00,742.126474,742.626474,30,30,-0.031780,0.030411,0.000001,0.000000,0.000000,0.001036,0
20260821_102553_275,1,Unspecified,1467,2026-08-21T10:38:15.9019357+09:00,2026-08-21T10:38:16.4019357+09:00,742.626474,743.126474,30,30,-0.031531,0.031223,0.000000,0.000000,0.000000,0.000888,0
20260821_102553_275,1,Unspecified,1468,2026-08-21T10:38:16.4019357+09:00,2026-08-21T10:38:16.9019357+09:00,743.126474,743.626474,30,30,-0.031095,0.034188,0.000000,0.000001,0.000000,0.000924,0
20260821_102553_275,1,Unspecified,1469,2026-08-21T10:38:16.9019357+09:00,2026-08-21T10:38:17.4019357+09:00,743.626474,744.126474,30,30,-0.029372,0.035824,0.000000,0.000000,0.000000,0.000715,0
20260821_102553_275,1,Unspecified,1470,2026-08-21T10:38:17.4019357+09:00,2026-08-21T10:38:17.9019357+09:00,744.126474,744.626474,30,30,-0.030297,0.034666,0.000001,0.000001,0.000001,0.001656,0
20260821_102553_275,1,Unspecified,1471,2026-08-21T10:38:17.9019357+09:00,2026-08-21T10:38:18.4019357+09:00,744.626474,745.126474,30,30,-0.033789,0.031951,0.000002,0.000001,0.000001,0.001550,0
20260821_102553_275,1,Unspecified,1472,2026-08-21T10:38:18.4019357+09:00,2026-08-21T10:38:18.9019357+09:00,745.126474,745.626474,30,30,-0.034033,0.031623,0.000000,0.000000,0.000000,0.000324,0
20260821_102553_275,1,Unspecified,1473,2026-08-21T10:38:18.9019357+09:00,2026-08-21T10:38:19.4019357+09:00,745.626474,746.126474,30,30,-0.033237,0.032082,0.000000,0.000000,0.000000,0.000220,0
20260821_102553_275,1,Unspecified,1474,2026-08-21T10:38:19.4019357+09:00,2026-08-21T10:38:19.9019357+09:00,746.126474,746.626474,30,30,-0.032991,0.032253,0.000000,0.000000,0.000000,0.000067,0
20260821_102553_275,1,Unspecified,1475,2026-08-21T10:38:19.9019357+09:00,2026-08-21T10:38:20.4019357+09:00,746.626474,747.126474,30,30,-0.032886,0.032304,0.000000,0.000000,0.000000,0.000124,0
20260821_102553_275,1,Unspecified,1476,2026-08-21T10:38:20.4019357+09:00,2026-08-21T10:38:20.9019357+09:00,747.126474,747.626474,30,30,-0.032280,0.032568,0.000000,0.000000,0.000000,0.000208,0
20260821_102553_275,1,Unspecified,1477,2026-08-21T10:38:20.9019357+09:00,2026-08-21T10:38:21.4019357+09:00,747.626474,748.126474,30,30,-0.032375,0.032767,0.000000,0.000000,0.000000,0.000102,0
20260821_102553_275,1,Unspecified,1478,2026-08-21T10:38:21.4019357+09:00,2026-08-21T10:38:21.9019357+09:00,748.126474,748.626474,30,30,-0.032079,0.033002,0.000000,0.000000,0.000000,0.000089,0
20260821_102553_275,1,Unspecified,1479,2026-08-21T10:38:21.9019357+09:00,2026-08-21T10:38:22.4019357+09:00,748.626474,749.126474,30,30,-0.032173,0.032916,0.000000,0.000000,0.000000,0.000074,0
20260821_102553_275,1,Unspecified,1480,2026-08-21T10:38:22.4019357+09:00,2026-08-21T10:38:22.9019357+09:00,749.126474,749.626474,30,30,-0.032278,0.032799,0.000000,0.000000,0.000000,0.000179,0
20260821_102553_275,1,Unspecified,1481,2026-08-21T10:38:22.9019357+09:00,2026-08-21T10:38:23.4019357+09:00,749.626474,750.126474,30,30,-0.032550,0.032517,0.000000,0.000000,0.000000,0.000087,0
20260821_102553_275,1,Unspecified,1482,2026-08-21T10:38:23.4019357+09:00,2026-08-21T10:38:23.9019357+09:00,750.126474,750.626474,30,30,-0.032539,0.032472,0.000000,0.000000,0.000000,0.000062,0
20260821_102553_275,1,Unspecified,1483,2026-08-21T10:38:23.9019357+09:00,2026-08-21T10:38:24.4019357+09:00,750.626474,751.126474,30,30,-0.032603,0.032401,0.000000,0.000000,0.000000,0.000081,0
20260821_102553_275,1,Unspecified,1484,2026-08-21T10:38:24.4019357+09:00,2026-08-21T10:38:24.9019357+09:00,751.126474,751.626474,30,30,-0.032489,0.032543,0.000000,0.000000,0.000000,0.000062,0
20260821_102553_275,1,Unspecified,1485,2026-08-21T10:38:24.9019357+09:00,2026-08-21T10:38:25.4019357+09:00,751.626474,752.126474,30,30,-0.032226,0.032652,0.000000,0.000000,0.000000,0.000289,0
20260821_102553_275,1,Unspecified,1486,2026-08-21T10:38:25.4019357+09:00,2026-08-21T10:38:25.9019357+09:00,752.126474,752.626474,30,30,-0.031904,0.032818,0.000000,0.000000,0.000000,0.000149,0
20260821_102553_275,1,Unspecified,1487,2026-08-21T10:38:25.9019357+09:00,2026-08-21T10:38:26.4019357+09:00,752.626474,753.126474,30,30,-0.032004,0.032705,0.000000,0.000000,0.000000,0.000121,0
20260821_102553_275,1,Unspecified,1488,2026-08-21T10:38:26.4019357+09:00,2026-08-21T10:38:26.9019357+09:00,753.126474,753.626474,30,30,-0.032422,0.032347,0.000000,0.000000,0.000000,0.000095,0
20260821_102553_275,1,Unspecified,1489,2026-08-21T10:38:26.9019357+09:00,2026-08-21T10:38:27.4019357+09:00,753.626474,754.126474,30,30,-0.032635,0.032140,0.000000,0.000000,0.000000,0.000139,0
20260821_102553_275,1,Unspecified,1490,2026-08-21T10:38:27.4019357+09:00,2026-08-21T10:38:27.9019357+09:00,754.126474,754.626474,30,30,-0.032689,0.032122,0.000000,0.000000,0.000000,0.000091,0
20260821_102553_275,1,Unspecified,1491,2026-08-21T10:38:27.9019357+09:00,2026-08-21T10:38:28.4019357+09:00,754.626474,755.126474,30,30,-0.032260,0.032513,0.000000,0.000000,0.000000,0.000446,0
20260821_102553_275,1,Unspecified,1492,2026-08-21T10:38:28.4019357+09:00,2026-08-21T10:38:28.9019357+09:00,755.126474,755.626474,30,30,-0.030212,0.034012,0.000001,0.000000,0.000001,0.001162,0
20260821_102553_275,1,Unspecified,1493,2026-08-21T10:38:28.9019357+09:00,2026-08-21T10:38:29.4019357+09:00,755.626474,756.126474,30,30,-0.027651,0.035511,0.000000,0.000000,0.000000,0.000299,0
20260821_102553_275,1,Unspecified,1494,2026-08-21T10:38:29.4019357+09:00,2026-08-21T10:38:29.9019357+09:00,756.126474,756.626474,30,30,-0.027969,0.035231,0.000000,0.000000,0.000000,0.000126,0
20260821_102553_275,1,Unspecified,1495,2026-08-21T10:38:29.9019357+09:00,2026-08-21T10:38:30.4019357+09:00,756.626474,757.126474,30,30,-0.028104,0.035082,0.000000,0.000000,0.000000,0.000168,0
20260821_102553_275,1,Unspecified,1496,2026-08-21T10:38:30.4019357+09:00,2026-08-21T10:38:30.9019357+09:00,757.126474,757.626474,30,30,-0.028437,0.034877,0.000000,0.000000,0.000000,0.000083,0
20260821_102553_275,1,Unspecified,1497,2026-08-21T10:38:30.9019357+09:00,2026-08-21T10:38:31.4019357+09:00,757.626474,758.126474,30,30,-0.028454,0.034892,0.000000,0.000000,0.000000,0.000080,0
20260821_102553_275,1,Unspecified,1498,2026-08-21T10:38:31.4019357+09:00,2026-08-21T10:38:31.9019357+09:00,758.126474,758.626474,30,30,-0.028575,0.034902,0.000000,0.000000,0.000000,0.000152,0
20260821_102553_275,1,Unspecified,1499,2026-08-21T10:38:31.9019357+09:00,2026-08-21T10:38:32.4019357+09:00,758.626474,759.126474,30,30,-0.027583,0.035922,0.000000,0.000000,0.000000,0.000818,0
20260821_102553_275,1,Unspecified,1500,2026-08-21T10:38:32.4019357+09:00,2026-08-21T10:38:32.9019357+09:00,759.126474,759.626474,30,30,-0.026044,0.036839,0.000000,0.000000,0.000000,0.000266,0
20260821_102553_275,1,Unspecified,1501,2026-08-21T10:38:32.9019357+09:00,2026-08-21T10:38:33.4019357+09:00,759.626474,760.126474,30,30,-0.026574,0.036348,0.000001,0.000000,0.000000,0.000986,0
20260821_102553_275,1,Unspecified,1502,2026-08-21T10:38:33.4019357+09:00,2026-08-21T10:38:33.9019357+09:00,760.126474,760.626474,30,30,-0.025795,0.036799,0.000000,0.000000,0.000000,0.000873,0
20260821_102553_275,1,Unspecified,1503,2026-08-21T10:38:33.9019357+09:00,2026-08-21T10:38:34.4019357+09:00,760.626474,761.126474,30,30,-0.026267,0.036292,0.000000,0.000000,0.000000,0.000425,0
20260821_102553_275,1,Unspecified,1504,2026-08-21T10:38:34.4019357+09:00,2026-08-21T10:38:34.9019357+09:00,761.126474,761.626474,30,30,-0.025390,0.037230,0.000000,0.000000,0.000000,0.000549,0
20260821_102553_275,1,Unspecified,1505,2026-08-21T10:38:34.9019357+09:00,2026-08-21T10:38:35.4019357+09:00,761.626474,762.126474,30,30,-0.024690,0.037739,0.000000,0.000000,0.000000,0.000152,0
20260821_102553_275,1,Unspecified,1506,2026-08-21T10:38:35.4019357+09:00,2026-08-21T10:38:35.9019357+09:00,762.126474,762.626474,30,30,-0.024335,0.037894,0.000000,0.000000,0.000000,0.000084,0
20260821_102553_275,1,Unspecified,1507,2026-08-21T10:38:35.9019357+09:00,2026-08-21T10:38:36.4019357+09:00,762.626474,763.126474,30,30,-0.024378,0.037813,0.000000,0.000000,0.000000,0.000055,0
20260821_102553_275,1,Unspecified,1508,2026-08-21T10:38:36.4019357+09:00,2026-08-21T10:38:36.9019357+09:00,763.126474,763.626474,30,30,-0.024311,0.037842,0.000000,0.000000,0.000000,0.000083,0
20260821_102553_275,1,Unspecified,1509,2026-08-21T10:38:36.9019357+09:00,2026-08-21T10:38:37.4019357+09:00,763.626474,764.126474,30,30,-0.024289,0.037832,0.000000,0.000000,0.000000,0.000063,0
20260821_102553_275,1,Unspecified,1510,2026-08-21T10:38:37.4019357+09:00,2026-08-21T10:38:37.9019357+09:00,764.126474,764.626474,30,30,-0.024361,0.037803,0.000000,0.000000,0.000000,0.000114,0
20260821_102553_275,1,Unspecified,1511,2026-08-21T10:38:37.9019357+09:00,2026-08-21T10:38:38.4019357+09:00,764.626474,765.126474,30,30,-0.024579,0.037692,0.000000,0.000000,0.000000,0.000049,0
20260821_102553_275,1,Unspecified,1512,2026-08-21T10:38:38.4019357+09:00,2026-08-21T10:38:38.9019357+09:00,765.126474,765.626474,30,30,-0.024856,0.037538,0.000000,0.000000,0.000000,0.000203,0
20260821_102553_275,1,Unspecified,1513,2026-08-21T10:38:38.9019357+09:00,2026-08-21T10:38:39.4019357+09:00,765.626474,766.126474,30,30,-0.025204,0.037386,0.000000,0.000000,0.000000,0.000060,0
20260821_102553_275,1,Unspecified,1514,2026-08-21T10:38:39.4019357+09:00,2026-08-21T10:38:39.9019357+09:00,766.126474,766.626474,30,30,-0.025706,0.037161,0.000000,0.000000,0.000000,0.000523,0
20260821_102553_275,1,Unspecified,1515,2026-08-21T10:38:39.9019357+09:00,2026-08-21T10:38:40.4019357+09:00,766.626474,767.126474,30,30,-0.030672,0.033991,0.000011,0.000006,0.000008,0.004138,0
20260821_102553_275,1,Unspecified,1516,2026-08-21T10:38:40.4019357+09:00,2026-08-21T10:38:40.9019357+09:00,767.126474,767.626474,30,30,-0.049098,0.014853,0.000032,0.000057,0.000043,0.009461,0
20260821_102553_275,1,Unspecified,1517,2026-08-21T10:38:40.9019357+09:00,2026-08-21T10:38:41.4019357+09:00,767.626474,768.126474,30,30,-0.046790,0.017934,0.000029,0.000050,0.000038,0.008871,0
20260821_102553_275,1,Unspecified,1518,2026-08-21T10:38:41.4019357+09:00,2026-08-21T10:38:41.9019357+09:00,768.126474,768.626474,30,30,-0.038017,0.028088,0.000001,0.000001,0.000001,0.001409,0
20260821_102553_275,1,Unspecified,1519,2026-08-21T10:38:41.9019357+09:00,2026-08-21T10:38:42.4019357+09:00,768.626474,769.126474,30,30,-0.041339,0.024918,0.000000,0.000000,0.000000,0.000555,0
20260821_102553_275,1,Unspecified,1520,2026-08-21T10:38:42.4019357+09:00,2026-08-21T10:38:42.9019357+09:00,769.126474,769.626474,30,30,-0.039762,0.026426,0.000000,0.000000,0.000000,0.000795,0
20260821_102553_275,1,Unspecified,1521,2026-08-21T10:38:42.9019357+09:00,2026-08-21T10:38:43.4019357+09:00,769.626474,770.126474,30,30,-0.038727,0.027326,0.000000,0.000000,0.000000,0.000243,0
20260821_102553_275,1,Unspecified,1522,2026-08-21T10:38:43.4019357+09:00,2026-08-21T10:38:43.9019357+09:00,770.126474,770.626474,30,30,-0.037642,0.028309,0.000000,0.000000,0.000000,0.000531,0
20260821_102553_275,1,Unspecified,1523,2026-08-21T10:38:43.9019357+09:00,2026-08-21T10:38:44.4019357+09:00,770.626474,771.126474,30,30,-0.037075,0.028835,0.000000,0.000000,0.000000,0.000063,0
20260821_102553_275,1,Unspecified,1524,2026-08-21T10:38:44.4019357+09:00,2026-08-21T10:38:44.9019357+09:00,771.126474,771.626474,30,30,-0.036748,0.029113,0.000000,0.000000,0.000000,0.000224,0
20260821_102553_275,1,Unspecified,1525,2026-08-21T10:38:44.9019357+09:00,2026-08-21T10:38:45.4019357+09:00,771.626474,772.126474,30,30,-0.036603,0.029275,0.000000,0.000000,0.000000,0.000190,0
20260821_102553_275,1,Unspecified,1526,2026-08-21T10:38:45.4019357+09:00,2026-08-21T10:38:45.9019357+09:00,772.126474,772.626474,30,30,-0.036753,0.029201,0.000000,0.000000,0.000000,0.000341,0
20260821_102553_275,1,Unspecified,1527,2026-08-21T10:38:45.9019357+09:00,2026-08-21T10:38:46.4019357+09:00,772.626474,773.126474,30,30,-0.035933,0.029834,0.000000,0.000000,0.000000,0.000159,0
20260821_102553_275,1,Unspecified,1528,2026-08-21T10:38:46.4019357+09:00,2026-08-21T10:38:46.9019357+09:00,773.126474,773.626474,30,30,-0.035859,0.029807,0.000000,0.000000,0.000000,0.000262,0
20260821_102553_275,1,Unspecified,1529,2026-08-21T10:38:46.9019357+09:00,2026-08-21T10:38:47.4019357+09:00,773.626474,774.126474,30,30,-0.035361,0.030203,0.000000,0.000000,0.000000,0.000082,0
20260821_102553_275,1,Unspecified,1530,2026-08-21T10:38:47.4019357+09:00,2026-08-21T10:38:47.9019357+09:00,774.126474,774.626474,30,30,-0.034890,0.030602,0.000000,0.000000,0.000000,0.000287,0
20260821_102553_275,1,Unspecified,1531,2026-08-21T10:38:47.9019357+09:00,2026-08-21T10:38:48.4019357+09:00,774.626474,775.126474,30,30,-0.034294,0.031078,0.000000,0.000000,0.000000,0.000091,0
20260821_102553_275,1,Unspecified,1532,2026-08-21T10:38:48.4019357+09:00,2026-08-21T10:38:48.9019357+09:00,775.126474,775.626474,30,30,-0.034201,0.031174,0.000000,0.000000,0.000000,0.000065,0
20260821_102553_275,1,Unspecified,1533,2026-08-21T10:38:48.9019357+09:00,2026-08-21T10:38:49.4019357+09:00,775.626474,776.126474,30,30,-0.033997,0.031360,0.000000,0.000000,0.000000,0.000494,0
20260821_102553_275,1,Unspecified,1534,2026-08-21T10:38:49.4019357+09:00,2026-08-21T10:38:49.9019357+09:00,776.126474,776.626474,30,30,-0.031367,0.033818,0.000000,0.000000,0.000000,0.000673,0
20260821_102553_275,1,Unspecified,1535,2026-08-21T10:38:49.9019357+09:00,2026-08-21T10:38:50.4019357+09:00,776.626474,777.126474,30,30,-0.030322,0.034380,0.000000,0.000000,0.000000,0.000210,0
20260821_102553_275,1,Unspecified,1536,2026-08-21T10:38:50.4019357+09:00,2026-08-21T10:38:50.9019357+09:00,777.126474,777.626474,30,30,-0.029405,0.034863,0.000000,0.000000,0.000000,0.000359,0
20260821_102553_275,1,Unspecified,1537,2026-08-21T10:38:50.9019357+09:00,2026-08-21T10:38:51.4019357+09:00,777.626474,778.126474,30,30,-0.028641,0.035281,0.000000,0.000000,0.000000,0.000167,0
20260821_102553_275,1,Unspecified,1538,2026-08-21T10:38:51.4019357+09:00,2026-08-21T10:38:51.9019357+09:00,778.126474,778.626474,30,30,-0.028620,0.035286,0.000000,0.000000,0.000000,0.000253,0
20260821_102553_275,1,Unspecified,1539,2026-08-21T10:38:51.9019357+09:00,2026-08-21T10:38:52.4019357+09:00,778.626474,779.126474,30,30,-0.029497,0.034771,0.000000,0.000000,0.000000,0.000278,0
20260821_102553_275,1,Unspecified,1540,2026-08-21T10:38:52.4019357+09:00,2026-08-21T10:38:52.9019357+09:00,779.126474,779.626474,30,30,-0.029402,0.034836,0.000000,0.000000,0.000000,0.000339,0
20260821_102553_275,1,Unspecified,1541,2026-08-21T10:38:52.9019357+09:00,2026-08-21T10:38:53.4019357+09:00,779.626474,780.126474,30,30,-0.029043,0.035031,0.000000,0.000000,0.000000,0.000128,0
20260821_102553_275,1,Unspecified,1542,2026-08-21T10:38:53.4019357+09:00,2026-08-21T10:38:53.9019357+09:00,780.126474,780.626474,30,30,-0.029102,0.034975,0.000000,0.000000,0.000000,0.000060,0
20260821_102553_275,1,Unspecified,1543,2026-08-21T10:38:53.9019357+09:00,2026-08-21T10:38:54.4019357+09:00,780.626474,781.126474,30,30,-0.029975,0.034436,0.000000,0.000000,0.000000,0.000477,0
20260821_102553_275,1,Unspecified,1544,2026-08-21T10:38:54.4019357+09:00,2026-08-21T10:38:54.9019357+09:00,781.126474,781.626474,30,30,-0.030492,0.034123,0.000000,0.000000,0.000000,0.000190,0
20260821_102553_275,1,Unspecified,1545,2026-08-21T10:38:54.9019357+09:00,2026-08-21T10:38:55.4019357+09:00,781.626474,782.126474,30,30,-0.030368,0.034178,0.000000,0.000000,0.000000,0.000116,0
20260821_102553_275,1,Unspecified,1546,2026-08-21T10:38:55.4019357+09:00,2026-08-21T10:38:55.9019357+09:00,782.126474,782.626474,30,30,-0.030530,0.034098,0.000000,0.000000,0.000000,0.000144,0
20260821_102553_275,1,Unspecified,1547,2026-08-21T10:38:55.9019357+09:00,2026-08-21T10:38:56.4019357+09:00,782.626474,783.126474,30,30,-0.029998,0.034469,0.000000,0.000000,0.000000,0.000112,0
20260821_102553_275,1,Unspecified,1548,2026-08-21T10:38:56.4019357+09:00,2026-08-21T10:38:56.9019357+09:00,783.126474,783.626474,30,30,-0.029932,0.034463,0.000000,0.000000,0.000000,0.000118,0
20260821_102553_275,1,Unspecified,1549,2026-08-21T10:38:56.9019357+09:00,2026-08-21T10:38:57.4019357+09:00,783.626474,784.126474,30,30,-0.029777,0.034508,0.000000,0.000000,0.000000,0.000092,0
20260821_102553_275,1,Unspecified,1550,2026-08-21T10:38:57.4019357+09:00,2026-08-21T10:38:57.9019357+09:00,784.126474,784.626474,30,30,-0.029719,0.034511,0.000000,0.000000,0.000000,0.000088,0
20260821_102553_275,1,Unspecified,1551,2026-08-21T10:38:57.9019357+09:00,2026-08-21T10:38:58.4019357+09:00,784.626474,785.126474,30,30,-0.029919,0.034377,0.000000,0.000000,0.000000,0.000120,0
20260821_102553_275,1,Unspecified,1552,2026-08-21T10:38:58.4019357+09:00,2026-08-21T10:38:58.9019357+09:00,785.126474,785.626474,30,30,-0.030082,0.034251,0.000000,0.000000,0.000000,0.000065,0
20260821_102553_275,1,Unspecified,1553,2026-08-21T10:38:58.9019357+09:00,2026-08-21T10:38:59.4019357+09:00,785.626474,786.126474,30,30,-0.029676,0.034513,0.000000,0.000000,0.000000,0.000226,0
20260821_102553_275,1,Unspecified,1554,2026-08-21T10:38:59.4019357+09:00,2026-08-21T10:38:59.9019357+09:00,786.126474,786.626474,30,30,-0.029715,0.034497,0.000000,0.000000,0.000000,0.000097,0
20260821_102553_275,1,Unspecified,1555,2026-08-21T10:38:59.9019357+09:00,2026-08-21T10:39:00.4019357+09:00,786.626474,787.126474,30,30,-0.029590,0.034527,0.000000,0.000000,0.000000,0.000084,0
20260821_102553_275,1,Unspecified,1556,2026-08-21T10:39:00.4019357+09:00,2026-08-21T10:39:00.9019357+09:00,787.126474,787.626474,30,30,-0.029651,0.034400,0.000000,0.000000,0.000000,0.000083,0
20260821_102553_275,1,Unspecified,1557,2026-08-21T10:39:00.9019357+09:00,2026-08-21T10:39:01.4019357+09:00,787.626474,788.126474,30,30,-0.029799,0.034287,0.000000,0.000000,0.000000,0.000131,0
20260821_102553_275,1,Unspecified,1558,2026-08-21T10:39:01.4019357+09:00,2026-08-21T10:39:01.9019357+09:00,788.126474,788.626474,30,30,-0.030643,0.033704,0.000000,0.000000,0.000000,0.000417,0
20260821_102553_275,1,Unspecified,1559,2026-08-21T10:39:01.9019357+09:00,2026-08-21T10:39:02.4019357+09:00,788.626474,789.126474,30,30,-0.031249,0.033339,0.000000,0.000000,0.000000,0.000097,0
20260821_102553_275,1,Unspecified,1560,2026-08-21T10:39:02.4019357+09:00,2026-08-21T10:39:02.9019357+09:00,789.126474,789.626474,30,30,-0.031763,0.033268,0.000000,0.000000,0.000000,0.000293,0
20260821_102553_275,1,Unspecified,1561,2026-08-21T10:39:02.9019357+09:00,2026-08-21T10:39:03.4019357+09:00,789.626474,790.126474,30,30,-0.031857,0.033173,0.000000,0.000000,0.000000,0.000103,0
20260821_102553_275,1,Unspecified,1562,2026-08-21T10:39:03.4019357+09:00,2026-08-21T10:39:03.9019357+09:00,790.126474,790.626474,30,30,-0.031675,0.033212,0.000000,0.000000,0.000000,0.000065,0
20260821_102553_275,1,Unspecified,1563,2026-08-21T10:39:03.9019357+09:00,2026-08-21T10:39:04.4019357+09:00,790.626474,791.126474,30,30,-0.031592,0.033198,0.000000,0.000000,0.000000,0.000079,0
20260821_102553_275,1,Unspecified,1564,2026-08-21T10:39:04.4019357+09:00,2026-08-21T10:39:04.9019357+09:00,791.126474,791.626474,30,30,-0.031805,0.033002,0.000000,0.000000,0.000000,0.000283,0
20260821_102553_275,1,Unspecified,1565,2026-08-21T10:39:04.9019357+09:00,2026-08-21T10:39:05.4019357+09:00,791.626474,792.126474,30,30,-0.032256,0.032609,0.000000,0.000000,0.000000,0.000118,0
20260821_102553_275,1,Unspecified,1566,2026-08-21T10:39:05.4019357+09:00,2026-08-21T10:39:05.9019357+09:00,792.126474,792.626474,30,30,-0.031499,0.033154,0.000000,0.000000,0.000000,0.000290,0
20260821_102553_275,1,Unspecified,1567,2026-08-21T10:39:05.9019357+09:00,2026-08-21T10:39:06.4019357+09:00,792.626474,793.126474,30,30,-0.032153,0.033077,0.000000,0.000000,0.000000,0.000197,0
20260821_102553_275,1,Unspecified,1568,2026-08-21T10:39:06.4019357+09:00,2026-08-21T10:39:06.9019357+09:00,793.126474,793.626474,30,30,-0.032125,0.033098,0.000000,0.000000,0.000000,0.000131,0
20260821_102553_275,1,Unspecified,1569,2026-08-21T10:39:06.9019357+09:00,2026-08-21T10:39:07.4019357+09:00,793.626474,794.126474,30,30,-0.031983,0.033107,0.000000,0.000000,0.000000,0.000083,0
20260821_102553_275,1,Unspecified,1570,2026-08-21T10:39:07.4019357+09:00,2026-08-21T10:39:07.9019357+09:00,794.126474,794.626474,30,30,-0.031874,0.033110,0.000000,0.000000,0.000000,0.000089,0
20260821_102553_275,1,Unspecified,1571,2026-08-21T10:39:07.9019357+09:00,2026-08-21T10:39:08.4019357+09:00,794.626474,795.126474,30,30,-0.032467,0.032640,0.000000,0.000000,0.000000,0.000270,0
20260821_102553_275,1,Unspecified,1572,2026-08-21T10:39:08.4019357+09:00,2026-08-21T10:39:08.9019357+09:00,795.126474,795.626474,30,30,-0.033110,0.032121,0.000000,0.000000,0.000000,0.000244,0
20260821_102553_275,1,Unspecified,1573,2026-08-21T10:39:08.9019357+09:00,2026-08-21T10:39:09.4019357+09:00,795.626474,796.126474,30,30,-0.033139,0.032023,0.000000,0.000000,0.000000,0.000162,0
20260821_102553_275,1,Unspecified,1574,2026-08-21T10:39:09.4019357+09:00,2026-08-21T10:39:09.9019357+09:00,796.126474,796.626474,30,30,-0.033044,0.032063,0.000000,0.000000,0.000000,0.000182,0
20260821_102553_275,1,Unspecified,1575,2026-08-21T10:39:09.9019357+09:00,2026-08-21T10:39:10.4019357+09:00,796.626474,797.126474,30,30,-0.032552,0.032405,0.000000,0.000000,0.000000,0.000093,0
20260821_102553_275,1,Unspecified,1576,2026-08-21T10:39:10.4019357+09:00,2026-08-21T10:39:10.9019357+09:00,797.126474,797.626474,30,30,-0.032075,0.032339,0.000000,0.000000,0.000000,0.000198,0
20260821_102553_275,1,Unspecified,1577,2026-08-21T10:39:10.9019357+09:00,2026-08-21T10:39:11.4019357+09:00,797.626474,798.126474,30,30,-0.031658,0.032005,0.000000,0.000000,0.000000,0.000334,0
20260821_102553_275,1,Unspecified,1578,2026-08-21T10:39:11.4019357+09:00,2026-08-21T10:39:11.9019357+09:00,798.126474,798.626474,30,30,-0.030876,0.029054,0.000000,0.000005,0.000000,0.002297,0
20260821_102553_275,1,Unspecified,1579,2026-08-21T10:39:11.9019357+09:00,2026-08-21T10:39:12.4019357+09:00,798.626474,799.126474,30,30,-0.026997,0.026313,0.000003,0.000001,0.000002,0.002055,0
20260821_102553_275,1,Unspecified,1580,2026-08-21T10:39:12.4019357+09:00,2026-08-21T10:39:12.9019357+09:00,799.126474,799.626474,30,30,-0.023679,0.027808,0.000000,0.000000,0.000000,0.000376,0
20260821_102553_275,1,Unspecified,1581,2026-08-21T10:39:12.9019357+09:00,2026-08-21T10:39:13.4019357+09:00,799.626474,800.126474,30,30,-0.024512,0.028008,0.000000,0.000000,0.000000,0.000283,0
20260821_102553_275,1,Unspecified,1582,2026-08-21T10:39:13.4019357+09:00,2026-08-21T10:39:13.9019357+09:00,800.126474,800.626474,30,30,-0.025734,0.030049,0.000001,0.000001,-0.000001,0.001474,0
20260821_102553_275,1,Unspecified,1583,2026-08-21T10:39:13.9019357+09:00,2026-08-21T10:39:14.4019357+09:00,800.626474,801.126474,30,30,-0.030538,0.032236,0.000002,0.000000,0.000000,0.001421,0
20260821_102553_275,1,Unspecified,1584,2026-08-21T10:39:14.4019357+09:00,2026-08-21T10:39:14.9019357+09:00,801.126474,801.626474,30,30,-0.033515,0.031821,0.000000,0.000000,0.000000,0.000414,0
20260821_102553_275,1,Unspecified,1585,2026-08-21T10:39:14.9019357+09:00,2026-08-21T10:39:15.4019357+09:00,801.626474,802.126474,30,30,-0.034607,0.030970,0.000000,0.000000,0.000000,0.000821,0
20260821_102553_275,1,Unspecified,1586,2026-08-21T10:39:15.4019357+09:00,2026-08-21T10:39:15.9019357+09:00,802.126474,802.626474,30,30,-0.037088,0.028765,0.000001,0.000001,0.000001,0.001135,0
20260821_102553_275,1,Unspecified,1587,2026-08-21T10:39:15.9019357+09:00,2026-08-21T10:39:16.4019357+09:00,802.626474,803.126474,30,30,-0.036494,0.029060,0.000000,0.000000,0.000000,0.000453,0
20260821_102553_275,1,Unspecified,1588,2026-08-21T10:39:16.4019357+09:00,2026-08-21T10:39:16.9019357+09:00,803.126474,803.626474,30,30,-0.036409,0.028845,0.000000,0.000001,0.000001,0.001057,0
20260821_102553_275,1,Unspecified,1589,2026-08-21T10:39:16.9019357+09:00,2026-08-21T10:39:17.4019357+09:00,803.626474,804.126474,30,30,-0.035222,0.028648,0.000001,0.000000,0.000001,0.001154,0
20260821_102553_275,1,Unspecified,1590,2026-08-21T10:39:17.4019357+09:00,2026-08-21T10:39:17.9019357+09:00,804.126474,804.626474,30,30,-0.031984,0.031321,0.000000,0.000000,0.000000,0.000663,0
20260821_102553_275,1,Unspecified,1591,2026-08-21T10:39:17.9019357+09:00,2026-08-21T10:39:18.4019357+09:00,804.626474,805.126474,30,30,-0.032043,0.031625,0.000000,0.000000,0.000000,0.000452,0
20260821_102553_275,1,Unspecified,1592,2026-08-21T10:39:18.4019357+09:00,2026-08-21T10:39:18.9019357+09:00,805.126474,805.626474,30,30,-0.032913,0.031028,0.000000,0.000000,0.000000,0.000110,0
20260821_102553_275,1,Unspecified,1593,2026-08-21T10:39:18.9019357+09:00,2026-08-21T10:39:19.4019357+09:00,805.626474,806.126474,30,30,-0.033343,0.030616,0.000000,0.000000,0.000000,0.000199,0
20260821_102553_275,1,Unspecified,1594,2026-08-21T10:39:19.4019357+09:00,2026-08-21T10:39:19.9019357+09:00,806.126474,806.626474,30,30,-0.033685,0.030323,0.000000,0.000000,0.000000,0.000114,0
20260821_102553_275,1,Unspecified,1595,2026-08-21T10:39:19.9019357+09:00,2026-08-21T10:39:20.4019357+09:00,806.626474,807.126474,30,30,-0.033768,0.030198,0.000000,0.000000,0.000000,0.000066,0
20260821_102553_275,1,Unspecified,1596,2026-08-21T10:39:20.4019357+09:00,2026-08-21T10:39:20.9019357+09:00,807.126474,807.626474,30,30,-0.033678,0.030222,0.000000,0.000000,0.000000,0.000085,0
20260821_102553_275,1,Unspecified,1597,2026-08-21T10:39:20.9019357+09:00,2026-08-21T10:39:21.4019357+09:00,807.626474,808.126474,30,30,-0.033685,0.030162,0.000000,0.000000,0.000000,0.000173,0
20260821_102553_275,1,Unspecified,1598,2026-08-21T10:39:21.4019357+09:00,2026-08-21T10:39:21.9019357+09:00,808.126474,808.626474,30,30,-0.034124,0.029805,0.000000,0.000000,0.000000,0.000166,0
20260821_102553_275,1,Unspecified,1599,2026-08-21T10:39:21.9019357+09:00,2026-08-21T10:39:22.4019357+09:00,808.626474,809.126474,30,30,-0.034398,0.029665,0.000000,0.000000,0.000000,0.000168,0
20260821_102553_275,1,Unspecified,1600,2026-08-21T10:39:22.4019357+09:00,2026-08-21T10:39:22.9019357+09:00,809.126474,809.626474,30,30,-0.033723,0.029926,0.000000,0.000000,0.000000,0.000221,0
20260821_102553_275,1,Unspecified,1601,2026-08-21T10:39:22.9019357+09:00,2026-08-21T10:39:23.4019357+09:00,809.626474,810.126474,30,30,-0.033395,0.030096,0.000000,0.000000,0.000000,0.000130,0
20260821_102553_275,1,Unspecified,1602,2026-08-21T10:39:23.4019357+09:00,2026-08-21T10:39:23.9019357+09:00,810.126474,810.626474,30,30,-0.033346,0.030084,0.000000,0.000000,0.000000,0.000105,0
20260821_102553_275,1,Unspecified,1603,2026-08-21T10:39:23.9019357+09:00,2026-08-21T10:39:24.4019357+09:00,810.626474,811.126474,30,30,-0.033244,0.030102,0.000000,0.000000,0.000000,0.000087,0
20260821_102553_275,1,Unspecified,1604,2026-08-21T10:39:24.4019357+09:00,2026-08-21T10:39:24.9019357+09:00,811.126474,811.626474,30,30,-0.033210,0.030118,0.000000,0.000000,0.000000,0.000091,0
20260821_102553_275,1,Unspecified,1605,2026-08-21T10:39:24.9019357+09:00,2026-08-21T10:39:25.4019357+09:00,811.626474,812.126474,30,30,-0.033306,0.030027,0.000000,0.000000,0.000000,0.000070,0
20260821_102553_275,1,Unspecified,1606,2026-08-21T10:39:25.4019357+09:00,2026-08-21T10:39:25.9019357+09:00,812.126474,812.626474,30,30,-0.033142,0.030162,0.000000,0.000000,0.000000,0.000100,0
20260821_102553_275,1,Unspecified,1607,2026-08-21T10:39:25.9019357+09:00,2026-08-21T10:39:26.4019357+09:00,812.626474,813.126474,30,30,-0.033022,0.030225,0.000000,0.000000,0.000000,0.000072,0
20260821_102553_275,1,Unspecified,1608,2026-08-21T10:39:26.4019357+09:00,2026-08-21T10:39:26.9019357+09:00,813.126474,813.626474,30,30,-0.032954,0.030279,0.000000,0.000000,0.000000,0.000087,0
20260821_102553_275,1,Unspecified,1609,2026-08-21T10:39:26.9019357+09:00,2026-08-21T10:39:27.4019357+09:00,813.626474,814.126474,30,30,-0.032531,0.030903,0.000000,0.000000,0.000000,0.000713,0
20260821_102553_275,1,Unspecified,1610,2026-08-21T10:39:27.4019357+09:00,2026-08-21T10:39:27.9019357+09:00,814.126474,814.626474,30,30,-0.031298,0.032608,0.000000,0.000000,0.000000,0.000303,0
20260821_102553_275,1,Unspecified,1611,2026-08-21T10:39:27.9019357+09:00,2026-08-21T10:39:28.4019357+09:00,814.626474,815.126474,30,30,-0.030443,0.033140,0.000000,0.000000,0.000000,0.000126,0
20260821_102553_275,1,Unspecified,1612,2026-08-21T10:39:28.4019357+09:00,2026-08-21T10:39:28.9019357+09:00,815.126474,815.626474,30,30,-0.030418,0.033056,0.000000,0.000000,0.000000,0.000097,0
20260821_102553_275,1,Unspecified,1613,2026-08-21T10:39:28.9019357+09:00,2026-08-21T10:39:29.4019357+09:00,815.626474,816.126474,30,30,-0.030291,0.033411,0.000000,0.000000,0.000000,0.000340,0
20260821_102553_275,1,Unspecified,1614,2026-08-21T10:39:29.4019357+09:00,2026-08-21T10:39:29.9019357+09:00,816.126474,816.626474,30,30,-0.030223,0.034915,0.000000,0.000000,0.000000,0.000524,0
20260821_102553_275,1,Unspecified,1615,2026-08-21T10:39:29.9019357+09:00,2026-08-21T10:39:30.4019357+09:00,816.626474,817.126474,30,30,-0.027787,0.034743,0.000001,0.000000,0.000000,0.001193,0
20260821_102553_275,1,Unspecified,1616,2026-08-21T10:39:30.4019357+09:00,2026-08-21T10:39:30.9019357+09:00,817.126474,817.626474,30,30,-0.025152,0.035134,0.000000,0.000000,0.000000,0.000348,0
20260821_102553_275,1,Unspecified,1617,2026-08-21T10:39:30.9019357+09:00,2026-08-21T10:39:31.4019357+09:00,817.626474,818.126474,30,30,-0.026413,0.036634,0.000000,0.000000,0.000000,0.000517,0
20260821_102553_275,1,Unspecified,1618,2026-08-21T10:39:31.4019357+09:00,2026-08-21T10:39:31.9019357+09:00,818.126474,818.626474,30,30,-0.026290,0.037625,0.000000,0.000000,0.000000,0.000352,0
20260821_102553_275,1,Unspecified,1619,2026-08-21T10:39:31.9019357+09:00,2026-08-21T10:39:32.4019357+09:00,818.626474,819.126474,30,30,-0.025331,0.038800,0.000000,0.000000,0.000000,0.000551,0
20260821_102553_275,1,Unspecified,1620,2026-08-21T10:39:32.4019357+09:00,2026-08-21T10:39:32.9019357+09:00,819.126474,819.626474,30,30,-0.025105,0.039003,0.000000,0.000000,0.000000,0.000185,0
20260821_102553_275,1,Unspecified,1621,2026-08-21T10:39:32.9019357+09:00,2026-08-21T10:39:33.4019357+09:00,819.626474,820.126474,30,30,-0.025694,0.038583,0.000000,0.000000,0.000000,0.000636,0
20260821_102553_275,1,Unspecified,1622,2026-08-21T10:39:33.4019357+09:00,2026-08-21T10:39:33.9019357+09:00,820.126474,820.626474,30,30,-0.027350,0.037379,0.000000,0.000000,0.000000,0.000581,0
20260821_102553_275,1,Unspecified,1623,2026-08-21T10:39:33.9019357+09:00,2026-08-21T10:39:34.4019357+09:00,820.626474,821.126474,30,30,-0.028062,0.036874,0.000000,0.000000,0.000000,0.000284,0
20260821_102553_275,1,Unspecified,1624,2026-08-21T10:39:34.4019357+09:00,2026-08-21T10:39:34.9019357+09:00,821.126474,821.626474,30,30,-0.028553,0.036503,0.000000,0.000000,0.000000,0.000090,0
20260821_102553_275,1,Unspecified,1625,2026-08-21T10:39:34.9019357+09:00,2026-08-21T10:39:35.4019357+09:00,821.626474,822.126474,30,30,-0.028742,0.036336,0.000000,0.000000,0.000000,0.000153,0
20260821_102553_275,1,Unspecified,1626,2026-08-21T10:39:35.4019357+09:00,2026-08-21T10:39:35.9019357+09:00,822.126474,822.626474,30,30,-0.028913,0.036200,0.000000,0.000000,0.000000,0.000090,0
20260821_102553_275,1,Unspecified,1627,2026-08-21T10:39:35.9019357+09:00,2026-08-21T10:39:36.4019357+09:00,822.626474,823.126474,30,30,-0.029082,0.036057,0.000000,0.000000,0.000000,0.000079,0
20260821_102553_275,1,Unspecified,1628,2026-08-21T10:39:36.4019357+09:00,2026-08-21T10:39:36.9019357+09:00,823.126474,823.626474,30,30,-0.029173,0.035984,0.000000,0.000000,0.000000,0.000082,0
20260821_102553_275,1,Unspecified,1629,2026-08-21T10:39:36.9019357+09:00,2026-08-21T10:39:37.4019357+09:00,823.626474,824.126474,30,30,-0.029209,0.035922,0.000000,0.000000,0.000000,0.000224,0
20260821_102553_275,1,Unspecified,1630,2026-08-21T10:39:37.4019357+09:00,2026-08-21T10:39:37.9019357+09:00,824.126474,824.626474,30,30,-0.029571,0.035609,0.000000,0.000000,0.000000,0.000178,0
20260821_102553_275,1,Unspecified,1631,2026-08-21T10:39:37.9019357+09:00,2026-08-21T10:39:38.4019357+09:00,824.626474,825.126474,30,30,-0.030376,0.034995,0.000000,0.000000,0.000000,0.000250,0
20260821_102553_275,1,Unspecified,1632,2026-08-21T10:39:38.4019357+09:00,2026-08-21T10:39:38.9019357+09:00,825.126474,825.626474,30,30,-0.030579,0.034835,0.000000,0.000000,0.000000,0.000200,0
20260821_102553_275,1,Unspecified,1633,2026-08-21T10:39:38.9019357+09:00,2026-08-21T10:39:39.4019357+09:00,825.626474,826.126474,30,30,-0.031178,0.034375,0.000000,0.000000,0.000000,0.000215,0
20260821_102553_275,1,Unspecified,1634,2026-08-21T10:39:39.4019357+09:00,2026-08-21T10:39:39.9019357+09:00,826.126474,826.626474,30,30,-0.031563,0.034065,0.000000,0.000000,0.000000,0.000066,0
20260821_102553_275,1,Unspecified,1635,2026-08-21T10:39:39.9019357+09:00,2026-08-21T10:39:40.4019357+09:00,826.626474,827.126474,30,30,-0.031021,0.034471,0.000000,0.000000,0.000000,0.000302,0
20260821_102553_275,1,Unspecified,1636,2026-08-21T10:39:40.4019357+09:00,2026-08-21T10:39:40.9019357+09:00,827.126474,827.626474,30,30,-0.030910,0.034490,0.000000,0.000000,0.000000,0.000087,0
20260821_102553_275,1,Unspecified,1637,2026-08-21T10:39:40.9019357+09:00,2026-08-21T10:39:41.4019357+09:00,827.626474,828.126474,30,30,-0.030697,0.034541,0.000000,0.000000,0.000000,0.000108,0
20260821_102553_275,1,Unspecified,1638,2026-08-21T10:39:41.4019357+09:00,2026-08-21T10:39:41.9019357+09:00,828.126474,828.626474,30,30,-0.030555,0.034492,0.000000,0.000000,0.000000,0.000116,0
20260821_102553_275,1,Unspecified,1639,2026-08-21T10:39:41.9019357+09:00,2026-08-21T10:39:42.4019357+09:00,828.626474,829.126474,30,30,-0.030761,0.034320,0.000000,0.000000,0.000000,0.000130,0
20260821_102553_275,1,Unspecified,1640,2026-08-21T10:39:42.4019357+09:00,2026-08-21T10:39:42.9019357+09:00,829.126474,829.626474,30,30,-0.030850,0.034124,0.000000,0.000000,0.000000,0.000158,0
20260821_102553_275,1,Unspecified,1641,2026-08-21T10:39:42.9019357+09:00,2026-08-21T10:39:43.4019357+09:00,829.626474,830.126474,30,30,-0.030431,0.034349,0.000000,0.000000,0.000000,0.000081,0
20260821_102553_275,1,Unspecified,1642,2026-08-21T10:39:43.4019357+09:00,2026-08-21T10:39:43.9019357+09:00,830.126474,830.626474,30,30,-0.030692,0.034200,0.000000,0.000000,0.000000,0.000134,0
20260821_102553_275,1,Unspecified,1643,2026-08-21T10:39:43.9019357+09:00,2026-08-21T10:39:44.4019357+09:00,830.626474,831.126474,30,30,-0.030671,0.034214,0.000000,0.000000,0.000000,0.000130,0
20260821_102553_275,1,Unspecified,1644,2026-08-21T10:39:44.4019357+09:00,2026-08-21T10:39:44.9019357+09:00,831.126474,831.626474,30,30,-0.030689,0.034166,0.000000,0.000000,0.000000,0.000092,0
20260821_102553_275,1,Unspecified,1645,2026-08-21T10:39:44.9019357+09:00,2026-08-21T10:39:45.4019357+09:00,831.626474,832.126474,30,30,-0.030708,0.034120,0.000000,0.000000,0.000000,0.000096,0
20260821_102553_275,1,Unspecified,1646,2026-08-21T10:39:45.4019357+09:00,2026-08-21T10:39:45.9019357+09:00,832.126474,832.626474,30,30,-0.030742,0.034072,0.000000,0.000000,0.000000,0.000114,0
20260821_102553_275,1,Unspecified,1647,2026-08-21T10:39:45.9019357+09:00,2026-08-21T10:39:46.4019357+09:00,832.626474,833.126474,30,30,-0.030774,0.034011,0.000000,0.000000,0.000000,0.000073,0
20260821_102553_275,1,Unspecified,1648,2026-08-21T10:39:46.4019357+09:00,2026-08-21T10:39:46.9019357+09:00,833.126474,833.626474,30,30,-0.031060,0.033810,0.000000,0.000000,0.000000,0.000214,0
20260821_102553_275,1,Unspecified,1649,2026-08-21T10:39:46.9019357+09:00,2026-08-21T10:39:47.4019357+09:00,833.626474,834.126474,30,30,-0.031546,0.033429,0.000000,0.000000,0.000000,0.000118,0
20260821_102553_275,1,Unspecified,1650,2026-08-21T10:39:47.4019357+09:00,2026-08-21T10:39:47.9019357+09:00,834.126474,834.626474,30,30,-0.030296,0.033993,0.000001,0.000000,0.000000,0.000982,0
20260821_102553_275,1,Unspecified,1651,2026-08-21T10:39:47.9019357+09:00,2026-08-21T10:39:48.4019357+09:00,834.626474,835.126474,30,30,-0.026808,0.034594,0.000000,0.000000,0.000000,0.000702,0
20260821_102553_275,1,Unspecified,1652,2026-08-21T10:39:48.4019357+09:00,2026-08-21T10:39:48.9019357+09:00,835.126474,835.626474,30,30,-0.027245,0.034371,0.000000,0.000000,0.000000,0.000368,0
20260821_102553_275,1,Unspecified,1653,2026-08-21T10:39:48.9019357+09:00,2026-08-21T10:39:49.4019357+09:00,835.626474,836.126474,30,30,-0.028148,0.034124,0.000000,0.000000,0.000000,0.000461,0
20260821_102553_275,1,Unspecified,1654,2026-08-21T10:39:49.4019357+09:00,2026-08-21T10:39:49.9019357+09:00,836.126474,836.626474,30,30,-0.028518,0.033881,0.000000,0.000000,0.000000,0.000131,0
20260821_102553_275,1,Unspecified,1655,2026-08-21T10:39:49.9019357+09:00,2026-08-21T10:39:50.4019357+09:00,836.626474,837.126474,30,30,-0.028606,0.033728,0.000000,0.000000,0.000000,0.000421,0
20260821_102553_275,1,Unspecified,1656,2026-08-21T10:39:50.4019357+09:00,2026-08-21T10:39:50.9019357+09:00,837.126474,837.626474,30,30,-0.029204,0.033369,0.000000,0.000000,0.000000,0.000095,0
20260821_102553_275,1,Unspecified,1657,2026-08-21T10:39:50.9019357+09:00,2026-08-21T10:39:51.4019357+09:00,837.626474,838.126474,30,30,-0.028873,0.033556,0.000000,0.000000,0.000000,0.000224,0
20260821_102553_275,1,Unspecified,1658,2026-08-21T10:39:51.4019357+09:00,2026-08-21T10:39:51.9019357+09:00,838.126474,838.626474,30,30,-0.028501,0.033647,0.000000,0.000000,0.000000,0.000081,0
20260821_102553_275,1,Unspecified,1659,2026-08-21T10:39:51.9019357+09:00,2026-08-21T10:39:52.4019357+09:00,838.626474,839.126474,30,30,-0.028298,0.033702,0.000000,0.000000,0.000000,0.000141,0
20260821_102553_275,1,Unspecified,1660,2026-08-21T10:39:52.4019357+09:00,2026-08-21T10:39:52.9019357+09:00,839.126474,839.626474,30,30,-0.028191,0.033682,0.000000,0.000000,0.000000,0.000106,0
20260821_102553_275,1,Unspecified,1661,2026-08-21T10:39:52.9019357+09:00,2026-08-21T10:39:53.4019357+09:00,839.626474,840.126474,30,30,-0.028218,0.033653,0.000000,0.000000,0.000000,0.000138,0
20260821_102553_275,1,Unspecified,1662,2026-08-21T10:39:53.4019357+09:00,2026-08-21T10:39:53.9019357+09:00,840.126474,840.626474,30,30,-0.028706,0.033361,0.000000,0.000000,0.000000,0.000177,0
20260821_102553_275,1,Unspecified,1663,2026-08-21T10:39:53.9019357+09:00,2026-08-21T10:39:54.4019357+09:00,840.626474,841.126474,30,30,-0.028698,0.033486,0.000000,0.000000,0.000000,0.000188,0
20260821_102553_275,1,Unspecified,1664,2026-08-21T10:39:54.4019357+09:00,2026-08-21T10:39:54.9019357+09:00,841.126474,841.626474,30,30,-0.028289,0.033780,0.000000,0.000000,0.000000,0.000085,0
20260821_102553_275,1,Unspecified,1665,2026-08-21T10:39:54.9019357+09:00,2026-08-21T10:39:55.4019357+09:00,841.626474,842.126474,30,30,-0.028404,0.033708,0.000000,0.000000,0.000000,0.000055,0
20260821_102553_275,1,Unspecified,1666,2026-08-21T10:39:55.4019357+09:00,2026-08-21T10:39:55.9019357+09:00,842.126474,842.626474,30,30,-0.028874,0.034415,0.000000,0.000000,0.000000,0.000683,0
20260821_102553_275,1,Unspecified,1667,2026-08-21T10:39:55.9019357+09:00,2026-08-21T10:39:56.4019357+09:00,842.626474,843.126474,30,30,-0.029361,0.035263,0.000000,0.000000,0.000000,0.000420,0
20260821_102553_275,1,Unspecified,1668,2026-08-21T10:39:56.4019357+09:00,2026-08-21T10:39:56.9019357+09:00,843.126474,843.626474,30,30,-0.029772,0.034869,0.000000,0.000000,0.000000,0.000137,0
20260821_102553_275,1,Unspecified,1669,2026-08-21T10:39:56.9019357+09:00,2026-08-21T10:39:57.4019357+09:00,843.626474,844.126474,30,30,-0.030329,0.034428,0.000000,0.000000,0.000000,0.000203,0
20260821_102553_275,1,Unspecified,1670,2026-08-21T10:39:57.4019357+09:00,2026-08-21T10:39:57.9019357+09:00,844.126474,844.626474,30,30,-0.030699,0.034151,0.000000,0.000000,0.000000,0.000114,0
20260821_102553_275,1,Unspecified,1671,2026-08-21T10:39:57.9019357+09:00,2026-08-21T10:39:58.4019357+09:00,844.626474,845.126474,30,30,-0.030008,0.034549,0.000000,0.000000,0.000000,0.000364,0
20260821_102553_275,1,Unspecified,1672,2026-08-21T10:39:58.4019357+09:00,2026-08-21T10:39:58.9019357+09:00,845.126474,845.626474,30,30,-0.029816,0.034563,0.000000,0.000000,0.000000,0.000097,0
20260821_102553_275,1,Unspecified,1673,2026-08-21T10:39:58.9019357+09:00,2026-08-21T10:39:59.4019357+09:00,845.626474,846.126474,30,30,-0.029499,0.034656,0.000000,0.000000,0.000000,0.000136,0
20260821_102553_275,1,Unspecified,1674,2026-08-21T10:39:59.4019357+09:00,2026-08-21T10:39:59.9019357+09:00,846.126474,846.626474,30,30,-0.028496,0.035416,0.000000,0.000000,0.000000,0.000817,0
20260821_102553_275,1,Unspecified,1675,2026-08-21T10:39:59.9019357+09:00,2026-08-21T10:40:00.4019357+09:00,846.626474,847.126474,30,30,-0.025915,0.037080,0.000000,0.000000,0.000000,0.000795,0
20260821_102553_275,1,Unspecified,1676,2026-08-21T10:40:00.4019357+09:00,2026-08-21T10:40:00.9019357+09:00,847.126474,847.626474,30,30,-0.025016,0.037692,0.000000,0.000000,0.000000,0.000106,0
20260821_102553_275,1,Unspecified,1677,2026-08-21T10:40:00.9019357+09:00,2026-08-21T10:40:01.4019357+09:00,847.626474,848.126474,30,30,-0.024850,0.037840,0.000000,0.000000,0.000000,0.000357,0
20260821_102553_275,1,Unspecified,1678,2026-08-21T10:40:01.4019357+09:00,2026-08-21T10:40:01.9019357+09:00,848.126474,848.626474,30,30,-0.025960,0.037492,0.000000,0.000000,0.000000,0.000934,0
20260821_102553_275,1,Unspecified,1679,2026-08-21T10:40:01.9019357+09:00,2026-08-21T10:40:02.4019357+09:00,848.626474,849.126474,30,30,-0.024309,0.038392,0.000002,0.000000,0.000001,0.001584,0
20260821_102553_275,1,Unspecified,1680,2026-08-21T10:40:02.4019357+09:00,2026-08-21T10:40:02.9019357+09:00,849.126474,849.626474,30,30,-0.024663,0.037999,0.000000,0.000000,0.000000,0.000663,0
20260821_102553_275,1,Unspecified,1681,2026-08-21T10:40:02.9019357+09:00,2026-08-21T10:40:03.4019357+09:00,849.626474,850.126474,30,30,-0.025653,0.037039,0.000001,0.000001,0.000001,0.001270,0
20260821_102553_275,1,Unspecified,1682,2026-08-21T10:40:03.4019357+09:00,2026-08-21T10:40:03.9019357+09:00,850.126474,850.626474,30,30,-0.028563,0.035113,0.000001,0.000000,0.000000,0.000873,0
20260821_102553_275,1,Unspecified,1683,2026-08-21T10:40:03.9019357+09:00,2026-08-21T10:40:04.4019357+09:00,850.626474,851.126474,30,30,-0.033182,0.031937,0.000001,0.000001,0.000001,0.001368,0
20260821_102553_275,1,Unspecified,1684,2026-08-21T10:40:04.4019357+09:00,2026-08-21T10:40:04.9019357+09:00,851.126474,851.626474,30,30,-0.033020,0.032352,0.000002,0.000001,0.000001,0.001699,0
20260821_102553_275,1,Unspecified,1685,2026-08-21T10:40:04.9019357+09:00,2026-08-21T10:40:05.4019357+09:00,851.626474,852.126474,30,30,-0.028482,0.035603,0.000001,0.000000,0.000000,0.001064,0
20260821_102553_275,1,Unspecified,1686,2026-08-21T10:40:05.4019357+09:00,2026-08-21T10:40:05.9019357+09:00,852.126474,852.626474,30,30,-0.025962,0.037248,0.000000,0.000000,0.000000,0.000388,0
20260821_102553_275,1,Unspecified,1687,2026-08-21T10:40:05.9019357+09:00,2026-08-21T10:40:06.4019357+09:00,852.626474,853.126474,30,30,-0.027134,0.036566,0.000000,0.000000,0.000000,0.000432,0
20260821_102553_275,1,Unspecified,1688,2026-08-21T10:40:06.4019357+09:00,2026-08-21T10:40:06.9019357+09:00,853.126474,853.626474,30,30,-0.027232,0.036607,0.000000,0.000000,0.000000,0.000535,0
20260821_102553_275,1,Unspecified,1689,2026-08-21T10:40:06.9019357+09:00,2026-08-21T10:40:07.4019357+09:00,853.626474,854.126474,30,30,-0.025665,0.037546,0.000000,0.000000,0.000000,0.000380,0
20260821_102553_275,1,Unspecified,1690,2026-08-21T10:40:07.4019357+09:00,2026-08-21T10:40:07.9019357+09:00,854.126474,854.626474,30,30,-0.025606,0.037607,0.000000,0.000000,0.000000,0.000347,0
20260821_102553_275,1,Unspecified,1691,2026-08-21T10:40:07.9019357+09:00,2026-08-21T10:40:08.4019357+09:00,854.626474,855.126474,30,30,-0.026137,0.037473,0.000000,0.000000,0.000000,0.000253,0
20260821_102553_275,1,Unspecified,1692,2026-08-21T10:40:08.4019357+09:00,2026-08-21T10:40:08.9019357+09:00,855.126474,855.626474,30,30,-0.025975,0.037677,0.000000,0.000000,0.000000,0.000171,0
20260821_102553_275,1,Unspecified,1693,2026-08-21T10:40:08.9019357+09:00,2026-08-21T10:40:09.4019357+09:00,855.626474,856.126474,30,30,-0.025029,0.038200,0.000000,0.000000,0.000000,0.000417,0
20260821_102553_275,1,Unspecified,1694,2026-08-21T10:40:09.4019357+09:00,2026-08-21T10:40:09.9019357+09:00,856.126474,856.626474,30,30,-0.023748,0.038446,0.000000,0.000000,0.000000,0.000339,0
20260821_102553_275,1,Unspecified,1695,2026-08-21T10:40:09.9019357+09:00,2026-08-21T10:40:10.4019357+09:00,856.626474,857.126474,30,30,-0.023322,0.038118,0.000000,0.000000,0.000000,0.000249,0
20260821_102553_275,1,Unspecified,1696,2026-08-21T10:40:10.4019357+09:00,2026-08-21T10:40:10.9019357+09:00,857.126474,857.626474,30,30,-0.029231,0.034217,0.000012,0.000005,0.000008,0.004199,0
20260821_102553_275,1,Unspecified,1697,2026-08-21T10:40:10.9019357+09:00,2026-08-21T10:40:11.4019357+09:00,857.626474,858.126474,30,30,-0.039078,0.026786,0.000004,0.000003,0.000004,0.002722,0
20260821_102553_275,1,Unspecified,1698,2026-08-21T10:40:11.4019357+09:00,2026-08-21T10:40:11.9019357+09:00,858.126474,858.626474,30,30,-0.046561,0.018455,0.000008,0.000013,0.000010,0.004574,0
20260821_102553_275,1,Unspecified,1699,2026-08-21T10:40:11.9019357+09:00,2026-08-21T10:40:12.4019357+09:00,858.626474,859.126474,30,30,-0.055026,0.006093,0.000002,0.000007,0.000004,0.003095,0
20260821_102553_275,1,Unspecified,1700,2026-08-21T10:40:12.4019357+09:00,2026-08-21T10:40:12.9019357+09:00,859.126474,859.626474,30,30,-0.061018,-0.006811,0.000004,0.000030,0.000012,0.005883,0
20260821_102553_275,1,Unspecified,1701,2026-08-21T10:40:12.9019357+09:00,2026-08-21T10:40:13.4019357+09:00,859.626474,860.126474,30,30,-0.066921,-0.033120,0.000001,0.000081,0.000008,0.009069,0
20260821_102553_275,1,Unspecified,1702,2026-08-21T10:40:13.4019357+09:00,2026-08-21T10:40:13.9019357+09:00,860.126474,860.626474,30,30,-0.066794,-0.050258,0.000001,0.000061,-0.000009,0.007907,0
20260821_102553_275,1,Unspecified,1703,2026-08-21T10:40:13.9019357+09:00,2026-08-21T10:40:14.4019357+09:00,860.626474,861.126474,30,30,-0.065069,-0.045887,0.000003,0.000388,0.000011,0.019769,0
20260821_102553_275,1,Unspecified,1704,2026-08-21T10:40:14.4019357+09:00,2026-08-21T10:40:14.9019357+09:00,861.126474,861.626474,30,30,-0.041080,0.023463,0.000084,0.000111,0.000096,0.013967,0
20260821_102553_275,1,Unspecified,1705,2026-08-21T10:40:14.9019357+09:00,2026-08-21T10:40:15.4019357+09:00,861.626474,862.126474,30,30,-0.025345,0.037364,0.000001,0.000000,0.000001,0.001293,0
20260821_102553_275,1,Unspecified,1706,2026-08-21T10:40:15.4019357+09:00,2026-08-21T10:40:15.9019357+09:00,862.126474,862.626474,30,30,-0.023339,0.038785,0.000001,0.000000,0.000001,0.001120,0
20260821_102553_275,1,Unspecified,1707,2026-08-21T10:40:15.9019357+09:00,2026-08-21T10:40:16.4019357+09:00,862.626474,863.126474,30,30,-0.022340,0.039354,0.000000,0.000000,0.000000,0.000365,0
20260821_102553_275,1,Unspecified,1708,2026-08-21T10:40:16.4019357+09:00,2026-08-21T10:40:16.9019357+09:00,863.126474,863.626474,30,30,-0.022665,0.039201,0.000000,0.000000,0.000000,0.000125,0
20260821_102553_275,1,Unspecified,1709,2026-08-21T10:40:16.9019357+09:00,2026-08-21T10:40:17.4019357+09:00,863.626474,864.126474,30,30,-0.023183,0.038928,0.000000,0.000000,0.000000,0.000194,0
20260821_102553_275,1,Unspecified,1710,2026-08-21T10:40:17.4019357+09:00,2026-08-21T10:40:17.9019357+09:00,864.126474,864.626474,30,30,-0.023263,0.038849,0.000000,0.000000,0.000000,0.000147,0
20260821_102553_275,1,Unspecified,1711,2026-08-21T10:40:17.9019357+09:00,2026-08-21T10:40:18.4019357+09:00,864.626474,865.126474,30,30,-0.024519,0.038155,0.000000,0.000000,0.000000,0.000447,0
20260821_102553_275,1,Unspecified,1712,2026-08-21T10:40:18.4019357+09:00,2026-08-21T10:40:18.9019357+09:00,865.126474,865.626474,30,30,-0.024872,0.037872,0.000000,0.000000,0.000000,0.000097,0
20260821_102553_275,1,Unspecified,1713,2026-08-21T10:40:18.9019357+09:00,2026-08-21T10:40:19.4019357+09:00,865.626474,866.126474,30,30,-0.024952,0.037675,0.000000,0.000000,0.000000,0.000066,0
20260821_102553_275,1,Unspecified,1714,2026-08-21T10:40:19.4019357+09:00,2026-08-21T10:40:19.9019357+09:00,866.126474,866.626474,30,30,-0.025180,0.037491,0.000000,0.000000,0.000000,0.000147,0
20260821_102553_275,1,Unspecified,1715,2026-08-21T10:40:19.9019357+09:00,2026-08-21T10:40:20.4019357+09:00,866.626474,867.126474,30,30,-0.025585,0.037314,0.000000,0.000000,0.000000,0.000159,0
20260821_102553_275,1,Unspecified,1716,2026-08-21T10:40:20.4019357+09:00,2026-08-21T10:40:20.9019357+09:00,867.126474,867.626474,30,30,-0.025889,0.037037,0.000000,0.000000,0.000000,0.000158,0
20260821_102553_275,1,Unspecified,1717,2026-08-21T10:40:20.9019357+09:00,2026-08-21T10:40:21.4019357+09:00,867.626474,868.126474,30,30,-0.026392,0.036645,0.000000,0.000000,0.000000,0.000252,0
20260821_102553_275,1,Unspecified,1718,2026-08-21T10:40:21.4019357+09:00,2026-08-21T10:40:21.9019357+09:00,868.126474,868.626474,30,30,-0.026245,0.036563,0.000000,0.000000,0.000000,0.000391,0
20260821_102553_275,1,Unspecified,1719,2026-08-21T10:40:21.9019357+09:00,2026-08-21T10:40:22.4019357+09:00,868.626474,869.126474,30,30,-0.025722,0.036466,0.000000,0.000000,0.000000,0.000248,0
20260821_102553_275,1,Unspecified,1720,2026-08-21T10:40:22.4019357+09:00,2026-08-21T10:40:22.9019357+09:00,869.126474,869.626474,30,30,-0.027083,0.035932,0.000000,0.000000,0.000000,0.000634,0
20260821_102553_275,1,Unspecified,1721,2026-08-21T10:40:22.9019357+09:00,2026-08-21T10:40:23.4019357+09:00,869.626474,870.126474,30,30,-0.028421,0.035206,0.000000,0.000000,0.000000,0.000182,0
20260821_102553_275,1,Unspecified,1722,2026-08-21T10:40:23.4019357+09:00,2026-08-21T10:40:23.9019357+09:00,870.126474,870.626474,30,30,-0.029802,0.034353,0.000000,0.000000,0.000000,0.000637,0
20260821_102553_275,1,Unspecified,1723,2026-08-21T10:40:23.9019357+09:00,2026-08-21T10:40:24.4019357+09:00,870.626474,871.126474,30,30,-0.028916,0.034971,0.000000,0.000000,0.000000,0.000526,0
20260821_102553_275,1,Unspecified,1724,2026-08-21T10:40:24.4019357+09:00,2026-08-21T10:40:24.9019357+09:00,871.126474,871.626474,30,30,-0.030057,0.034250,0.000000,0.000000,0.000000,0.000478,0
20260821_102553_275,1,Unspecified,1725,2026-08-21T10:40:24.9019357+09:00,2026-08-21T10:40:25.4019357+09:00,871.626474,872.126474,30,30,-0.030327,0.034038,0.000000,0.000000,0.000000,0.000148,0
20260821_102553_275,1,Unspecified,1726,2026-08-21T10:40:25.4019357+09:00,2026-08-21T10:40:25.9019357+09:00,872.126474,872.626474,30,30,-0.030153,0.034066,0.000000,0.000000,0.000000,0.000409,0
20260821_102553_275,1,Unspecified,1727,2026-08-21T10:40:25.9019357+09:00,2026-08-21T10:40:26.4019357+09:00,872.626474,873.126474,30,30,-0.027111,0.034349,0.000001,0.000000,0.000000,0.000962,0
20260821_102553_275,1,Unspecified,1728,2026-08-21T10:40:26.4019357+09:00,2026-08-21T10:40:26.9019357+09:00,873.126474,873.626474,30,30,-0.026852,0.032857,0.000001,0.000000,0.000001,0.001245,0
20260821_102553_275,1,Unspecified,1729,2026-08-21T10:40:26.9019357+09:00,2026-08-21T10:40:27.4019357+09:00,873.626474,874.126474,30,30,-0.033177,0.031693,0.000003,0.000002,0.000002,0.002246,0
20260821_102553_275,1,Unspecified,1730,2026-08-21T10:40:27.4019357+09:00,2026-08-21T10:40:27.9019357+09:00,874.126474,874.626474,30,30,-0.026733,0.035674,0.000007,0.000001,0.000002,0.002814,0
20260821_102553_275,1,Unspecified,1731,2026-08-21T10:40:27.9019357+09:00,2026-08-21T10:40:28.4019357+09:00,874.626474,875.126474,30,30,-0.013200,0.037838,0.000020,0.000001,0.000003,0.004550,0
20260821_102553_275,1,Unspecified,1732,2026-08-21T10:40:28.4019357+09:00,2026-08-21T10:40:28.9019357+09:00,875.126474,875.626474,30,30,0.000517,0.039508,0.000003,0.000000,0.000000,0.001879,0
20260821_102553_275,1,Unspecified,1733,2026-08-21T10:40:28.9019357+09:00,2026-08-21T10:40:29.4019357+09:00,875.626474,876.126474,30,30,-0.010245,0.037718,0.000117,0.000001,0.000008,0.010844,0
20260821_102553_275,1,Unspecified,1734,2026-08-21T10:40:29.4019357+09:00,2026-08-21T10:40:29.9019357+09:00,876.126474,876.626474,30,30,-0.034272,0.031060,0.000003,0.000004,0.000003,0.002568,0
20260821_102553_275,1,Unspecified,1735,2026-08-21T10:40:29.9019357+09:00,2026-08-21T10:40:30.4019357+09:00,876.626474,877.126474,30,30,-0.037038,0.028659,0.000000,0.000000,0.000000,0.000478,0
20260821_102553_275,1,Unspecified,1736,2026-08-21T10:40:30.4019357+09:00,2026-08-21T10:40:30.9019357+09:00,877.126474,877.626474,30,30,-0.038330,0.027724,0.000000,0.000000,0.000000,0.000495,0
20260821_102553_275,1,Unspecified,1737,2026-08-21T10:40:30.9019357+09:00,2026-08-21T10:40:31.4019357+09:00,877.626474,878.126474,30,30,-0.039532,0.026763,0.000000,0.000000,0.000000,0.000496,0
20260821_102553_275,1,Unspecified,1738,2026-08-21T10:40:31.4019357+09:00,2026-08-21T10:40:31.9019357+09:00,878.126474,878.626474,30,30,-0.039680,0.026540,0.000000,0.000000,0.000000,0.000653,0
20260821_102553_275,1,Unspecified,1739,2026-08-21T10:40:31.9019357+09:00,2026-08-21T10:40:32.4019357+09:00,878.626474,879.126474,30,30,-0.036563,0.029165,0.000001,0.000001,0.000001,0.001338,0
20260821_102553_275,1,Unspecified,1740,2026-08-21T10:40:32.4019357+09:00,2026-08-21T10:40:32.9019357+09:00,879.126474,879.626474,30,30,-0.035024,0.030420,0.000000,0.000000,0.000000,0.000110,0
20260821_102553_275,1,Unspecified,1741,2026-08-21T10:40:32.9019357+09:00,2026-08-21T10:40:33.4019357+09:00,879.626474,880.126474,30,30,-0.035372,0.030446,0.000000,0.000000,0.000000,0.000109,0
20260821_102553_275,1,Unspecified,1742,2026-08-21T10:40:33.4019357+09:00,2026-08-21T10:40:33.9019357+09:00,880.126474,880.626474,30,30,-0.035050,0.030581,0.000000,0.000000,0.000000,0.000117,0
20260821_102553_275,1,Unspecified,1743,2026-08-21T10:40:33.9019357+09:00,2026-08-21T10:40:34.4019357+09:00,880.626474,881.126474,30,30,-0.034999,0.030569,0.000000,0.000000,0.000000,0.000184,0
20260821_102553_275,1,Unspecified,1744,2026-08-21T10:40:34.4019357+09:00,2026-08-21T10:40:34.9019357+09:00,881.126474,881.626474,30,30,-0.034199,0.030743,0.000000,0.000000,0.000000,0.000381,0
20260821_102553_275,1,Unspecified,1745,2026-08-21T10:40:34.9019357+09:00,2026-08-21T10:40:35.4019357+09:00,881.626474,882.126474,30,30,-0.034459,0.029002,0.000001,0.000001,0.000001,0.001288,0
20260821_102553_275,1,Unspecified,1746,2026-08-21T10:40:35.4019357+09:00,2026-08-21T10:40:35.9019357+09:00,882.126474,882.626474,30,30,-0.035979,0.027256,0.000000,0.000000,0.000000,0.000828,0
20260821_102553_275,1,Unspecified,1747,2026-08-21T10:40:35.9019357+09:00,2026-08-21T10:40:36.4019357+09:00,882.626474,883.126474,30,30,-0.035172,0.028351,0.000000,0.000000,0.000000,0.000647,0
20260821_102553_275,1,Unspecified,1748,2026-08-21T10:40:36.4019357+09:00,2026-08-21T10:40:36.9019357+09:00,883.126474,883.626474,30,30,-0.033577,0.030742,0.000001,0.000001,0.000001,0.001416,0
20260821_102553_275,1,Unspecified,1749,2026-08-21T10:40:36.9019357+09:00,2026-08-21T10:40:37.4019357+09:00,883.626474,884.126474,30,30,-0.031101,0.033418,0.000000,0.000000,0.000000,0.000893,0
20260821_102553_275,1,Unspecified,1750,2026-08-21T10:40:37.4019357+09:00,2026-08-21T10:40:37.9019357+09:00,884.126474,884.626474,30,30,-0.030364,0.034007,0.000000,0.000000,0.000000,0.000129,0
20260821_102553_275,1,Unspecified,1751,2026-08-21T10:40:37.9019357+09:00,2026-08-21T10:40:38.4019357+09:00,884.626474,885.126474,30,30,-0.030444,0.034020,0.000000,0.000000,0.000000,0.000061,0
20260821_102553_275,1,Unspecified,1752,2026-08-21T10:40:38.4019357+09:00,2026-08-21T10:40:38.9019357+09:00,885.126474,885.626474,30,30,-0.030535,0.034097,0.000000,0.000000,0.000000,0.000115,0
20260821_102553_275,1,Unspecified,1753,2026-08-21T10:40:38.9019357+09:00,2026-08-21T10:40:39.4019357+09:00,885.626474,886.126474,30,30,-0.030348,0.034138,0.000000,0.000000,0.000000,0.000231,0
20260821_102553_275,1,Unspecified,1754,2026-08-21T10:40:39.4019357+09:00,2026-08-21T10:40:39.9019357+09:00,886.126474,886.626474,30,30,-0.029816,0.034433,0.000000,0.000000,0.000000,0.000178,0
20260821_102553_275,1,Unspecified,1755,2026-08-21T10:40:39.9019357+09:00,2026-08-21T10:40:40.4019357+09:00,886.626474,887.126474,30,30,-0.029167,0.034797,0.000000,0.000000,0.000000,0.000240,0
20260821_102553_275,1,Unspecified,1756,2026-08-21T10:40:40.4019357+09:00,2026-08-21T10:40:40.9019357+09:00,887.126474,887.626474,30,30,-0.029073,0.034932,0.000000,0.000000,0.000000,0.000172,0
20260821_102553_275,1,Unspecified,1757,2026-08-21T10:40:40.9019357+09:00,2026-08-21T10:40:41.4019357+09:00,887.626474,888.126474,30,30,-0.029393,0.034691,0.000000,0.000000,0.000000,0.000138,0
20260821_102553_275,1,Unspecified,1758,2026-08-21T10:40:41.4019357+09:00,2026-08-21T10:40:41.9019357+09:00,888.126474,888.626474,30,30,-0.029853,0.034289,0.000000,0.000000,0.000000,0.000153,0
20260821_102553_275,1,Unspecified,1759,2026-08-21T10:40:41.9019357+09:00,2026-08-21T10:40:42.4019357+09:00,888.626474,889.126474,30,30,-0.030147,0.034041,0.000000,0.000000,0.000000,0.000119,0
20260821_102553_275,1,Unspecified,1760,2026-08-21T10:40:42.4019357+09:00,2026-08-21T10:40:42.9019357+09:00,889.126474,889.626474,30,30,-0.030306,0.033919,0.000000,0.000000,0.000000,0.000105,0
20260821_102553_275,1,Unspecified,1761,2026-08-21T10:40:42.9019357+09:00,2026-08-21T10:40:43.4019357+09:00,889.626474,890.126474,30,30,-0.030452,0.033714,0.000000,0.000000,0.000000,0.000089,0
20260821_102553_275,1,Unspecified,1762,2026-08-21T10:40:43.4019357+09:00,2026-08-21T10:40:43.9019357+09:00,890.126474,890.626474,30,30,-0.030794,0.033321,0.000000,0.000000,0.000000,0.000220,0
20260821_102553_275,1,Unspecified,1763,2026-08-21T10:40:43.9019357+09:00,2026-08-21T10:40:44.4019357+09:00,890.626474,891.126474,30,30,-0.030695,0.033760,0.000000,0.000000,0.000000,0.000716,0
20260821_102553_275,1,Unspecified,1764,2026-08-21T10:40:44.4019357+09:00,2026-08-21T10:40:44.9019357+09:00,891.126474,891.626474,30,30,-0.028502,0.035473,0.000001,0.000000,0.000001,0.001077,0
20260821_102553_275,1,Unspecified,1765,2026-08-21T10:40:44.9019357+09:00,2026-08-21T10:40:45.4019357+09:00,891.626474,892.126474,30,30,-0.026197,0.036403,0.000000,0.000000,0.000000,0.000621,0
20260821_102553_275,1,Unspecified,1766,2026-08-21T10:40:45.4019357+09:00,2026-08-21T10:40:45.9019357+09:00,892.126474,892.626474,30,30,-0.027642,0.035047,0.000000,0.000000,0.000000,0.000692,0
20260821_102553_275,1,Unspecified,1767,2026-08-21T10:40:45.9019357+09:00,2026-08-21T10:40:46.4019357+09:00,892.626474,893.126474,30,30,-0.026253,0.035953,0.000000,0.000000,0.000000,0.000423,0
20260821_102553_275,1,Unspecified,1768,2026-08-21T10:40:46.4019357+09:00,2026-08-21T10:40:46.9019357+09:00,893.126474,893.626474,30,30,-0.026455,0.035963,0.000000,0.000000,0.000000,0.000272,0
20260821_102553_275,1,Unspecified,1769,2026-08-21T10:40:46.9019357+09:00,2026-08-21T10:40:47.4019357+09:00,893.626474,894.126474,30,30,-0.026381,0.035896,0.000000,0.000000,0.000000,0.000291,0
20260821_102553_275,1,Unspecified,1770,2026-08-21T10:40:47.4019357+09:00,2026-08-21T10:40:47.9019357+09:00,894.126474,894.626474,30,30,-0.027625,0.034319,0.000000,0.000000,0.000000,0.000793,0
20260821_102553_275,1,Unspecified,1771,2026-08-21T10:40:47.9019357+09:00,2026-08-21T10:40:48.4019357+09:00,894.626474,895.126474,30,30,-0.028031,0.034541,0.000000,0.000000,0.000000,0.000157,0
20260821_102553_275,1,Unspecified,1772,2026-08-21T10:40:48.4019357+09:00,2026-08-21T10:40:48.9019357+09:00,895.126474,895.626474,30,30,-0.028371,0.034625,0.000000,0.000000,0.000000,0.000225,0
20260821_102553_275,1,Unspecified,1773,2026-08-21T10:40:48.9019357+09:00,2026-08-21T10:40:49.4019357+09:00,895.626474,896.126474,30,30,-0.028158,0.034791,0.000000,0.000000,0.000000,0.000511,0
20260821_102553_275,1,Unspecified,1774,2026-08-21T10:40:49.4019357+09:00,2026-08-21T10:40:49.9019357+09:00,896.126474,896.626474,30,30,-0.027173,0.035346,0.000000,0.000000,0.000000,0.000115,0
20260821_102553_275,1,Unspecified,1775,2026-08-21T10:40:49.9019357+09:00,2026-08-21T10:40:50.4019357+09:00,896.626474,897.126474,30,30,-0.026968,0.035418,0.000000,0.000000,0.000000,0.000209,0
20260821_102553_275,1,Unspecified,1776,2026-08-21T10:40:50.4019357+09:00,2026-08-21T10:40:50.9019357+09:00,897.126474,897.626474,30,30,-0.026732,0.035525,0.000000,0.000000,0.000000,0.000101,0
20260821_102553_275,1,Unspecified,1777,2026-08-21T10:40:50.9019357+09:00,2026-08-21T10:40:51.4019357+09:00,897.626474,898.126474,30,30,-0.026925,0.035493,0.000000,0.000000,0.000000,0.000143,0
20260821_102553_275,1,Unspecified,1778,2026-08-21T10:40:51.4019357+09:00,2026-08-21T10:40:51.9019357+09:00,898.126474,898.626474,30,30,-0.026997,0.035424,0.000000,0.000000,0.000000,0.000066,0
20260821_102553_275,1,Unspecified,1779,2026-08-21T10:40:51.9019357+09:00,2026-08-21T10:40:52.4019357+09:00,898.626474,899.126474,30,30,-0.027067,0.035283,0.000000,0.000000,0.000000,0.000093,0
20260821_102553_275,1,Unspecified,1780,2026-08-21T10:40:52.4019357+09:00,2026-08-21T10:40:52.9019357+09:00,899.126474,899.626474,30,30,-0.026905,0.035331,0.000000,0.000000,0.000000,0.000238,0
20260821_102553_275,1,Unspecified,1781,2026-08-21T10:40:52.9019357+09:00,2026-08-21T10:40:53.4019357+09:00,899.626474,900.126474,30,30,-0.026526,0.035666,0.000000,0.000000,0.000000,0.000095,0
20260821_102553_275,1,Unspecified,1782,2026-08-21T10:40:53.4019357+09:00,2026-08-21T10:40:53.9019357+09:00,900.126474,900.626474,30,30,-0.026501,0.035839,0.000000,0.000000,0.000000,0.000294,0
20260821_102553_275,1,Unspecified,1783,2026-08-21T10:40:53.9019357+09:00,2026-08-21T10:40:54.4019357+09:00,900.626474,901.126474,30,30,-0.026560,0.036101,0.000000,0.000000,0.000000,0.000575,0
20260821_102553_275,1,Unspecified,1784,2026-08-21T10:40:54.4019357+09:00,2026-08-21T10:40:54.9019357+09:00,901.126474,901.626474,30,30,-0.025879,0.036824,0.000001,0.000001,0.000001,0.001159,0
20260821_102553_275,1,Unspecified,1785,2026-08-21T10:40:54.9019357+09:00,2026-08-21T10:40:55.4019357+09:00,901.626474,902.126474,30,30,-0.025860,0.036642,0.000001,0.000000,0.000001,0.001097,0
20260821_102553_275,1,Unspecified,1786,2026-08-21T10:40:55.4019357+09:00,2026-08-21T10:40:55.9019357+09:00,902.126474,902.626474,30,30,-0.022302,0.039464,0.000000,0.000000,0.000000,0.000469,0
20260821_102553_275,1,Unspecified,1787,2026-08-21T10:40:55.9019357+09:00,2026-08-21T10:40:56.4019357+09:00,902.626474,903.126474,30,30,-0.023316,0.039185,0.000001,0.000000,0.000000,0.000811,0
20260821_102553_275,1,Unspecified,1788,2026-08-21T10:40:56.4019357+09:00,2026-08-21T10:40:56.9019357+09:00,903.126474,903.626474,30,30,-0.023271,0.040082,0.000000,0.000000,0.000000,0.000481,0
20260821_102553_275,1,Unspecified,1789,2026-08-21T10:40:56.9019357+09:00,2026-08-21T10:40:57.4019357+09:00,903.626474,904.126474,30,30,-0.025339,0.038525,0.000001,0.000001,0.000001,0.001283,0
20260821_102553_275,1,Unspecified,1790,2026-08-21T10:40:57.4019357+09:00,2026-08-21T10:40:57.9019357+09:00,904.126474,904.626474,30,30,-0.026339,0.037882,0.000000,0.000000,0.000000,0.000475,0
20260821_102553_275,1,Unspecified,1791,2026-08-21T10:40:57.9019357+09:00,2026-08-21T10:40:58.4019357+09:00,904.626474,905.126474,30,30,-0.026048,0.038093,0.000000,0.000000,0.000000,0.000209,0
20260821_102553_275,1,Unspecified,1792,2026-08-21T10:40:58.4019357+09:00,2026-08-21T10:40:58.9019357+09:00,905.126474,905.626474,30,30,-0.026579,0.037744,0.000000,0.000000,0.000000,0.000126,0
20260821_102553_275,1,Unspecified,1793,2026-08-21T10:40:58.9019357+09:00,2026-08-21T10:40:59.4019357+09:00,905.626474,906.126474,31,31,-0.026421,0.037843,0.000000,0.000000,0.000000,0.000100,0
20260821_102553_275,1,Unspecified,1794,2026-08-21T10:40:59.4019357+09:00,2026-08-21T10:40:59.9019357+09:00,906.126474,906.626474,29,29,-0.026552,0.037716,0.000000,0.000000,0.000000,0.000085,0
20260821_102553_275,1,Unspecified,1795,2026-08-21T10:40:59.9019357+09:00,2026-08-21T10:41:00.4019357+09:00,906.626474,907.126474,30,30,-0.026484,0.037707,0.000000,0.000000,0.000000,0.000099,0
20260821_102553_275,1,Unspecified,1796,2026-08-21T10:41:00.4019357+09:00,2026-08-21T10:41:00.9019357+09:00,907.126474,907.626474,30,30,-0.026494,0.037651,0.000000,0.000000,0.000000,0.000080,0
20260821_102553_275,1,Unspecified,1797,2026-08-21T10:41:00.9019357+09:00,2026-08-21T10:41:01.4019357+09:00,907.626474,908.126474,30,30,-0.026529,0.037573,0.000000,0.000000,0.000000,0.000145,0
20260821_102553_275,1,Unspecified,1798,2026-08-21T10:41:01.4019357+09:00,2026-08-21T10:41:01.9019357+09:00,908.126474,908.626474,30,30,-0.026632,0.037491,0.000000,0.000000,0.000000,0.000117,0
20260821_102553_275,1,Unspecified,1799,2026-08-21T10:41:01.9019357+09:00,2026-08-21T10:41:02.4019357+09:00,908.626474,909.126474,30,30,-0.026493,0.037573,0.000000,0.000000,0.000000,0.000111,0
20260821_102553_275,1,Unspecified,1800,2026-08-21T10:41:02.4019357+09:00,2026-08-21T10:41:02.9019357+09:00,909.126474,909.626474,30,30,-0.026486,0.037542,0.000000,0.000000,0.000000,0.000135,0
20260821_102553_275,1,Unspecified,1801,2026-08-21T10:41:02.9019357+09:00,2026-08-21T10:41:03.4019357+09:00,909.626474,910.126474,30,30,-0.025778,0.037885,0.000000,0.000000,0.000000,0.000256,0
20260821_102553_275,1,Unspecified,1802,2026-08-21T10:41:03.4019357+09:00,2026-08-21T10:41:03.9019357+09:00,910.126474,910.626474,30,30,-0.024628,0.038620,0.000002,0.000001,0.000001,0.001721,0
20260821_102553_275,1,Unspecified,1803,2026-08-21T10:41:03.9019357+09:00,2026-08-21T10:41:04.4019357+09:00,910.626474,911.126474,30,30,-0.018046,0.042262,0.000001,0.000000,0.000000,0.000986,0
20260821_102553_275,1,Unspecified,1804,2026-08-21T10:41:04.4019357+09:00,2026-08-21T10:41:04.9019357+09:00,911.126474,911.626474,30,30,-0.019322,0.039506,0.000001,0.000006,0.000000,0.002702,0
20260821_102553_275,1,Unspecified,1805,2026-08-21T10:41:04.9019357+09:00,2026-08-21T10:41:05.4019357+09:00,911.626474,912.126474,30,30,-0.025514,0.034160,0.000014,0.000006,0.000005,0.004438,0
20260821_102553_275,1,Unspecified,1806,2026-08-21T10:41:05.4019357+09:00,2026-08-21T10:41:05.9019357+09:00,912.126474,912.626474,30,30,-0.029568,0.035464,0.000005,0.000003,0.000004,0.002780,0
20260821_102553_275,1,Unspecified,1807,2026-08-21T10:41:05.9019357+09:00,2026-08-21T10:41:06.4019357+09:00,912.626474,913.126474,30,30,-0.031677,0.034027,0.000000,0.000000,0.000000,0.000754,0
20260821_102553_275,1,Unspecified,1808,2026-08-21T10:41:06.4019357+09:00,2026-08-21T10:41:06.9019357+09:00,913.126474,913.626474,30,30,-0.032265,0.033548,0.000000,0.000000,0.000000,0.000499,0
20260821_102553_275,1,Unspecified,1809,2026-08-21T10:41:06.9019357+09:00,2026-08-21T10:41:07.4019357+09:00,913.626474,914.126474,30,30,-0.031468,0.034184,0.000001,0.000001,0.000001,0.001149,0
20260821_102553_275,1,Unspecified,1810,2026-08-21T10:41:07.4019357+09:00,2026-08-21T10:41:07.9019357+09:00,914.126474,914.626474,30,30,-0.029467,0.035668,0.000001,0.000000,0.000000,0.000809,0
20260821_102553_275,1,Unspecified,1811,2026-08-21T10:41:07.9019357+09:00,2026-08-21T10:41:08.4019357+09:00,914.626474,915.126474,30,30,-0.023546,0.038445,0.000003,0.000000,0.000001,0.001939,0
20260821_102553_275,1,Unspecified,1812,2026-08-21T10:41:08.4019357+09:00,2026-08-21T10:41:08.9019357+09:00,915.126474,915.626474,30,30,-0.022631,0.038330,0.000003,0.000000,0.000001,0.001678,0
20260821_102553_275,1,Unspecified,1813,2026-08-21T10:41:08.9019357+09:00,2026-08-21T10:41:09.4019357+09:00,915.626474,916.126474,30,30,-0.028473,0.036129,0.000001,0.000000,0.000000,0.000964,0
20260821_102553_275,1,Unspecified,1814,2026-08-21T10:41:09.4019357+09:00,2026-08-21T10:41:09.9019357+09:00,916.126474,916.626474,30,30,-0.027681,0.036282,0.000002,0.000001,0.000001,0.001822,0
20260821_102553_275,1,Unspecified,1815,2026-08-21T10:41:09.9019357+09:00,2026-08-21T10:41:10.4019357+09:00,916.626474,917.126474,30,30,-0.034713,0.031132,0.000004,0.000004,0.000004,0.002844,0
20260821_102553_275,1,Unspecified,1816,2026-08-21T10:41:10.4019357+09:00,2026-08-21T10:41:10.9019357+09:00,917.126474,917.626474,30,30,-0.035148,0.030922,0.000001,0.000001,0.000001,0.001474,0
20260821_102553_275,1,Unspecified,1817,2026-08-21T10:41:10.9019357+09:00,2026-08-21T10:41:11.4019357+09:00,917.626474,918.126474,30,30,-0.032444,0.033275,0.000000,0.000000,0.000000,0.000628,0
20260821_102553_275,1,Unspecified,1818,2026-08-21T10:41:11.4019357+09:00,2026-08-21T10:41:11.9019357+09:00,918.126474,918.626474,30,30,-0.031411,0.033864,0.000000,0.000000,0.000000,0.000153,0
20260821_102553_275,1,Unspecified,1819,2026-08-21T10:41:11.9019357+09:00,2026-08-21T10:41:12.4019357+09:00,918.626474,919.126474,30,30,-0.030192,0.034682,0.000000,0.000000,0.000000,0.000681,0
20260821_102553_275,1,Unspecified,1820,2026-08-21T10:41:12.4019357+09:00,2026-08-21T10:41:12.9019357+09:00,919.126474,919.626474,30,30,-0.028593,0.035814,0.000000,0.000000,0.000000,0.000377,0
20260821_102553_275,1,Unspecified,1821,2026-08-21T10:41:12.9019357+09:00,2026-08-21T10:41:13.4019357+09:00,919.626474,920.126474,30,30,-0.028515,0.036013,0.000000,0.000000,0.000000,0.000325,0
20260821_102553_275,1,Unspecified,1822,2026-08-21T10:41:13.4019357+09:00,2026-08-21T10:41:13.9019357+09:00,920.126474,920.626474,30,30,-0.028994,0.035672,0.000000,0.000000,0.000000,0.000147,0
20260821_102553_275,1,Unspecified,1823,2026-08-21T10:41:13.9019357+09:00,2026-08-21T10:41:14.4019357+09:00,920.626474,921.126474,30,30,-0.028714,0.035849,0.000000,0.000000,0.000000,0.000075,0
20260821_102553_275,1,Unspecified,1824,2026-08-21T10:41:14.4019357+09:00,2026-08-21T10:41:14.9019357+09:00,921.126474,921.626474,30,30,-0.028405,0.036024,0.000000,0.000000,0.000000,0.000163,0
20260821_102553_275,1,Unspecified,1825,2026-08-21T10:41:14.9019357+09:00,2026-08-21T10:41:15.4019357+09:00,921.626474,922.126474,30,30,-0.028146,0.036122,0.000000,0.000000,0.000000,0.000097,0
20260821_102553_275,1,Unspecified,1826,2026-08-21T10:41:15.4019357+09:00,2026-08-21T10:41:15.9019357+09:00,922.126474,922.626474,30,30,-0.028163,0.036114,0.000000,0.000000,0.000000,0.000087,0
20260821_102553_275,1,Unspecified,1827,2026-08-21T10:41:15.9019357+09:00,2026-08-21T10:41:16.4019357+09:00,922.626474,923.126474,30,30,-0.028125,0.036113,0.000000,0.000000,0.000000,0.000075,0
20260821_102553_275,1,Unspecified,1828,2026-08-21T10:41:16.4019357+09:00,2026-08-21T10:41:16.9019357+09:00,923.126474,923.626474,30,30,-0.027163,0.036685,0.000000,0.000000,0.000000,0.000578,0
20260821_102553_275,1,Unspecified,1829,2026-08-21T10:41:16.9019357+09:00,2026-08-21T10:41:17.4019357+09:00,923.626474,924.126474,30,30,-0.026492,0.037034,0.000000,0.000000,0.000000,0.000130,0
20260821_102553_275,1,Unspecified,1830,2026-08-21T10:41:17.4019357+09:00,2026-08-21T10:41:17.9019357+09:00,924.126474,924.626474,30,30,-0.026583,0.036966,0.000000,0.000000,0.000000,0.000092,0
20260821_102553_275,1,Unspecified,1831,2026-08-21T10:41:17.9019357+09:00,2026-08-21T10:41:18.4019357+09:00,924.626474,925.126474,30,30,-0.026685,0.036941,0.000000,0.000000,0.000000,0.000104,0
20260821_102553_275,1,Unspecified,1832,2026-08-21T10:41:18.4019357+09:00,2026-08-21T10:41:18.9019357+09:00,925.126474,925.626474,30,30,-0.026676,0.036973,0.000000,0.000000,0.000000,0.000092,0
20260821_102553_275,1,Unspecified,1833,2026-08-21T10:41:18.9019357+09:00,2026-08-21T10:41:19.4019357+09:00,925.626474,926.126474,30,30,-0.026553,0.037032,0.000000,0.000000,0.000000,0.000059,0
20260821_102553_275,1,Unspecified,1834,2026-08-21T10:41:19.4019357+09:00,2026-08-21T10:41:19.9019357+09:00,926.126474,926.626474,30,30,-0.026420,0.036756,0.000000,0.000000,0.000000,0.000149,0
20260821_102553_275,1,Unspecified,1835,2026-08-21T10:41:19.9019357+09:00,2026-08-21T10:41:20.4019357+09:00,926.626474,927.126474,30,30,-0.027009,0.034859,0.000000,0.000002,0.000001,0.001680,0
20260821_102553_275,1,Unspecified,1836,2026-08-21T10:41:20.4019357+09:00,2026-08-21T10:41:20.9019357+09:00,927.126474,927.626474,30,30,-0.032115,0.023968,0.000005,0.000005,0.000004,0.003264,0
20260821_102553_275,1,Unspecified,1837,2026-08-21T10:41:20.9019357+09:00,2026-08-21T10:41:21.4019357+09:00,927.626474,928.126474,30,30,-0.040255,0.020683,0.000002,0.000001,0.000000,0.001538,0
20260821_102553_275,1,Unspecified,1838,2026-08-21T10:41:21.4019357+09:00,2026-08-21T10:41:21.9019357+09:00,928.126474,928.626474,30,30,-0.040931,0.024912,0.000003,0.000004,0.000003,0.002580,0
20260821_102553_275,1,Unspecified,1839,2026-08-21T10:41:21.9019357+09:00,2026-08-21T10:41:22.4019357+09:00,928.626474,929.126474,30,30,-0.034897,0.030775,0.000005,0.000003,0.000004,0.002887,0
20260821_102553_275,1,Unspecified,1840,2026-08-21T10:41:22.4019357+09:00,2026-08-21T10:41:22.9019357+09:00,929.126474,929.626474,30,30,-0.030153,0.034393,0.000001,0.000001,0.000001,0.001155,0
20260821_102553_275,1,Unspecified,1841,2026-08-21T10:41:22.9019357+09:00,2026-08-21T10:41:23.4019357+09:00,929.626474,930.126474,30,30,-0.029011,0.035211,0.000000,0.000000,0.000000,0.000237,0
20260821_102553_275,1,Unspecified,1842,2026-08-21T10:41:23.4019357+09:00,2026-08-21T10:41:23.9019357+09:00,930.126474,930.626474,30,30,-0.028949,0.035519,0.000000,0.000000,0.000000,0.000751,0
20260821_102553_275,1,Unspecified,1843,2026-08-21T10:41:23.9019357+09:00,2026-08-21T10:41:24.4019357+09:00,930.626474,931.126474,30,30,-0.029004,0.035293,0.000000,0.000000,0.000000,0.000405,0
20260821_102553_275,1,Unspecified,1844,2026-08-21T10:41:24.4019357+09:00,2026-08-21T10:41:24.9019357+09:00,931.126474,931.626474,30,30,-0.028716,0.035522,0.000000,0.000000,0.000000,0.000400,0
20260821_102553_275,1,Unspecified,1845,2026-08-21T10:41:24.9019357+09:00,2026-08-21T10:41:25.4019357+09:00,931.626474,932.126474,30,30,-0.028715,0.035409,0.000000,0.000000,0.000000,0.000406,0
20260821_102553_275,1,Unspecified,1846,2026-08-21T10:41:25.4019357+09:00,2026-08-21T10:41:25.9019357+09:00,932.126474,932.626474,30,30,-0.028884,0.035217,0.000000,0.000000,0.000000,0.000372,0
20260821_102553_275,1,Unspecified,1847,2026-08-21T10:41:25.9019357+09:00,2026-08-21T10:41:26.4019357+09:00,932.626474,933.126474,30,30,-0.028763,0.035329,0.000000,0.000000,0.000000,0.000387,0
20260821_102553_275,1,Unspecified,1848,2026-08-21T10:41:26.4019357+09:00,2026-08-21T10:41:26.9019357+09:00,933.126474,933.626474,30,30,-0.028855,0.035114,0.000000,0.000000,0.000000,0.000516,0
20260821_102553_275,1,Unspecified,1849,2026-08-21T10:41:26.9019357+09:00,2026-08-21T10:41:27.4019357+09:00,933.626474,934.126474,30,30,-0.028726,0.035193,0.000000,0.000000,0.000000,0.000374,0
20260821_102553_275,1,Unspecified,1850,2026-08-21T10:41:27.4019357+09:00,2026-08-21T10:41:27.9019357+09:00,934.126474,934.626474,30,30,-0.028898,0.035061,0.000000,0.000000,0.000000,0.000243,0
20260821_102553_275,1,Unspecified,1851,2026-08-21T10:41:27.9019357+09:00,2026-08-21T10:41:28.4019357+09:00,934.626474,935.126474,30,30,-0.028907,0.035022,0.000000,0.000000,0.000000,0.000134,0
20260821_102553_275,1,Unspecified,1852,2026-08-21T10:41:28.4019357+09:00,2026-08-21T10:41:28.9019357+09:00,935.126474,935.626474,30,30,-0.028883,0.035060,0.000000,0.000000,0.000000,0.000090,0
20260821_102553_275,1,Unspecified,1853,2026-08-21T10:41:28.9019357+09:00,2026-08-21T10:41:29.4019357+09:00,935.626474,936.126474,30,30,-0.028703,0.035183,0.000000,0.000000,0.000000,0.000159,0
20260821_102553_275,1,Unspecified,1854,2026-08-21T10:41:29.4019357+09:00,2026-08-21T10:41:29.9019357+09:00,936.126474,936.626474,30,30,-0.028718,0.035084,0.000000,0.000000,0.000000,0.000108,0
20260821_102553_275,1,Unspecified,1855,2026-08-21T10:41:29.9019357+09:00,2026-08-21T10:41:30.4019357+09:00,936.626474,937.126474,30,30,-0.028928,0.034870,0.000000,0.000000,0.000000,0.000188,0
20260821_102553_275,1,Unspecified,1856,2026-08-21T10:41:30.4019357+09:00,2026-08-21T10:41:30.9019357+09:00,937.126474,937.626474,30,30,-0.029010,0.034737,0.000000,0.000000,0.000000,0.000198,0
20260821_102553_275,1,Unspecified,1857,2026-08-21T10:41:30.9019357+09:00,2026-08-21T10:41:31.4019357+09:00,937.626474,938.126474,30,30,-0.029182,0.034563,0.000000,0.000000,0.000000,0.000198,0
20260821_102553_275,1,Unspecified,1858,2026-08-21T10:41:31.4019357+09:00,2026-08-21T10:41:31.9019357+09:00,938.126474,938.626474,30,30,-0.029338,0.034382,0.000000,0.000000,0.000000,0.000273,0
20260821_102553_275,1,Unspecified,1859,2026-08-21T10:41:31.9019357+09:00,2026-08-21T10:41:32.4019357+09:00,938.626474,939.126474,30,30,-0.029500,0.034266,0.000000,0.000000,0.000000,0.000248,0
20260821_102553_275,1,Unspecified,1860,2026-08-21T10:41:32.4019357+09:00,2026-08-21T10:41:32.9019357+09:00,939.126474,939.626474,30,30,-0.029990,0.034053,0.000000,0.000000,0.000000,0.000221,0
20260821_102553_275,1,Unspecified,1861,2026-08-21T10:41:32.9019357+09:00,2026-08-21T10:41:33.4019357+09:00,939.626474,940.126474,30,30,-0.030333,0.033899,0.000000,0.000000,0.000000,0.000262,0
20260821_102553_275,1,Unspecified,1862,2026-08-21T10:41:33.4019357+09:00,2026-08-21T10:41:33.9019357+09:00,940.126474,940.626474,30,30,-0.030075,0.034049,0.000000,0.000000,0.000000,0.000214,0
20260821_102553_275,1,Unspecified,1863,2026-08-21T10:41:33.9019357+09:00,2026-08-21T10:41:34.4019357+09:00,940.626474,941.126474,30,30,-0.030173,0.033909,0.000000,0.000000,0.000000,0.000280,0
20260821_102553_275,1,Unspecified,1864,2026-08-21T10:41:34.4019357+09:00,2026-08-21T10:41:34.9019357+09:00,941.126474,941.626474,30,30,-0.030491,0.033649,0.000000,0.000000,0.000000,0.000270,0
20260821_102553_275,1,Unspecified,1865,2026-08-21T10:41:34.9019357+09:00,2026-08-21T10:41:35.4019357+09:00,941.626474,942.126474,30,30,-0.030942,0.033307,0.000000,0.000000,0.000000,0.000179,0
20260821_102553_275,1,Unspecified,1866,2026-08-21T10:41:35.4019357+09:00,2026-08-21T10:41:35.9019357+09:00,942.126474,942.626474,30,30,-0.031046,0.033233,0.000000,0.000000,0.000000,0.000204,0
20260821_102553_275,1,Unspecified,1867,2026-08-21T10:41:35.9019357+09:00,2026-08-21T10:41:36.4019357+09:00,942.626474,943.126474,30,30,-0.031238,0.033041,0.000000,0.000000,0.000000,0.000359,0
20260821_102553_275,1,Unspecified,1868,2026-08-21T10:41:36.4019357+09:00,2026-08-21T10:41:36.9019357+09:00,943.126474,943.626474,30,30,-0.031765,0.032757,0.000000,0.000000,0.000000,0.000305,0
20260821_102553_275,1,Unspecified,1869,2026-08-21T10:41:36.9019357+09:00,2026-08-21T10:41:37.4019357+09:00,943.626474,944.126474,30,30,-0.031997,0.033064,0.000000,0.000000,0.000000,0.000329,0
20260821_102553_275,1,Unspecified,1870,2026-08-21T10:41:37.4019357+09:00,2026-08-21T10:41:37.9019357+09:00,944.126474,944.626474,30,30,-0.034204,0.031628,0.000001,0.000001,0.000001,0.001279,0
20260821_102553_275,1,Unspecified,1871,2026-08-21T10:41:37.9019357+09:00,2026-08-21T10:41:38.4019357+09:00,944.626474,945.126474,30,30,-0.034279,0.030994,0.000000,0.000000,0.000000,0.000722,0
20260821_102553_275,1,Unspecified,1872,2026-08-21T10:41:38.4019357+09:00,2026-08-21T10:41:38.9019357+09:00,945.126474,945.626474,30,30,-0.033527,0.032298,0.000000,0.000000,0.000000,0.000333,0
20260821_102553_275,1,Unspecified,1873,2026-08-21T10:41:38.9019357+09:00,2026-08-21T10:41:39.4019357+09:00,945.626474,946.126474,30,30,-0.031310,0.034300,0.000001,0.000001,0.000001,0.001105,0
20260821_102553_275,1,Unspecified,1874,2026-08-21T10:41:39.4019357+09:00,2026-08-21T10:41:39.9019357+09:00,946.126474,946.626474,30,30,-0.029965,0.035399,0.000000,0.000000,0.000000,0.000098,0
20260821_102553_275,1,Unspecified,1875,2026-08-21T10:41:39.9019357+09:00,2026-08-21T10:41:40.4019357+09:00,946.626474,947.126474,30,30,-0.029449,0.035706,0.000000,0.000000,0.000000,0.000342,0
20260821_102553_275,1,Unspecified,1876,2026-08-21T10:41:40.4019357+09:00,2026-08-21T10:41:40.9019357+09:00,947.126474,947.626474,30,30,-0.029177,0.035793,0.000000,0.000000,0.000000,0.000126,0
20260821_102553_275,1,Unspecified,1877,2026-08-21T10:41:40.9019357+09:00,2026-08-21T10:41:41.4019357+09:00,947.626474,948.126474,30,30,-0.029355,0.035610,0.000000,0.000000,0.000000,0.000190,0
20260821_102553_275,1,Unspecified,1878,2026-08-21T10:41:41.4019357+09:00,2026-08-21T10:41:41.9019357+09:00,948.126474,948.626474,30,30,-0.029597,0.035427,0.000000,0.000000,0.000000,0.000067,0
20260821_102553_275,1,Unspecified,1879,2026-08-21T10:41:41.9019357+09:00,2026-08-21T10:41:42.4019357+09:00,948.626474,949.126474,30,30,-0.029392,0.035537,0.000000,0.000000,0.000000,0.000296,0
20260821_102553_275,1,Unspecified,1880,2026-08-21T10:41:42.4019357+09:00,2026-08-21T10:41:42.9019357+09:00,949.126474,949.626474,30,30,-0.028114,0.036366,0.000000,0.000000,0.000000,0.000398,0
20260821_102553_275,1,Unspecified,1881,2026-08-21T10:41:42.9019357+09:00,2026-08-21T10:41:43.4019357+09:00,949.626474,950.126474,30,30,-0.027431,0.036785,0.000000,0.000000,0.000000,0.000316,0
20260821_102553_275,1,Unspecified,1882,2026-08-21T10:41:43.4019357+09:00,2026-08-21T10:41:43.9019357+09:00,950.126474,950.626474,30,30,-0.026865,0.037078,0.000000,0.000000,0.000000,0.000278,0
20260821_102553_275,1,Unspecified,1883,2026-08-21T10:41:43.9019357+09:00,2026-08-21T10:41:44.4019357+09:00,950.626474,951.126474,30,30,-0.026903,0.036842,0.000000,0.000000,0.000000,0.000169,0
20260821_102553_275,1,Unspecified,1884,2026-08-21T10:41:44.4019357+09:00,2026-08-21T10:41:44.9019357+09:00,951.126474,951.626474,30,30,-0.027514,0.036341,0.000000,0.000000,0.000000,0.000231,0
20260821_102553_275,1,Unspecified,1885,2026-08-21T10:41:44.9019357+09:00,2026-08-21T10:41:45.4019357+09:00,951.626474,952.126474,30,30,-0.027892,0.036088,0.000000,0.000000,0.000000,0.000301,0
20260821_102553_275,1,Unspecified,1886,2026-08-21T10:41:45.4019357+09:00,2026-08-21T10:41:45.9019357+09:00,952.126474,952.626474,30,30,-0.028285,0.035947,0.000000,0.000000,0.000000,0.000332,0
20260821_102553_275,1,Unspecified,1887,2026-08-21T10:41:45.9019357+09:00,2026-08-21T10:41:46.4019357+09:00,952.626474,953.126474,30,30,-0.028695,0.035708,0.000000,0.000000,0.000000,0.000267,0
20260821_102553_275,1,Unspecified,1888,2026-08-21T10:41:46.4019357+09:00,2026-08-21T10:41:46.9019357+09:00,953.126474,953.626474,30,30,-0.029085,0.035441,0.000000,0.000000,0.000000,0.000191,0
20260821_102553_275,1,Unspecified,1889,2026-08-21T10:41:46.9019357+09:00,2026-08-21T10:41:47.4019357+09:00,953.626474,954.126474,30,30,-0.028311,0.035894,0.000000,0.000000,0.000000,0.000463,0
20260821_102553_275,1,Unspecified,1890,2026-08-21T10:41:47.4019357+09:00,2026-08-21T10:41:47.9019357+09:00,954.126474,954.626474,30,30,-0.028114,0.035978,0.000000,0.000000,0.000000,0.000187,0
20260821_102553_275,1,Unspecified,1891,2026-08-21T10:41:47.9019357+09:00,2026-08-21T10:41:48.4019357+09:00,954.626474,955.126474,30,30,-0.028224,0.035866,0.000000,0.000000,0.000000,0.000231,0
20260821_102553_275,1,Unspecified,1892,2026-08-21T10:41:48.4019357+09:00,2026-08-21T10:41:48.9019357+09:00,955.126474,955.626474,30,30,-0.028425,0.035606,0.000000,0.000000,0.000000,0.000211,0
20260821_102553_275,1,Unspecified,1893,2026-08-21T10:41:48.9019357+09:00,2026-08-21T10:41:49.4019357+09:00,955.626474,956.126474,30,30,-0.028443,0.035456,0.000000,0.000000,0.000000,0.000181,0
20260821_102553_275,1,Unspecified,1894,2026-08-21T10:41:49.4019357+09:00,2026-08-21T10:41:49.9019357+09:00,956.126474,956.626474,30,30,-0.028874,0.035121,0.000000,0.000000,0.000000,0.000310,0
20260821_102553_275,1,Unspecified,1895,2026-08-21T10:41:49.9019357+09:00,2026-08-21T10:41:50.4019357+09:00,956.626474,957.126474,30,30,-0.029037,0.034986,0.000000,0.000000,0.000000,0.000268,0
20260821_102553_275,1,Unspecified,1896,2026-08-21T10:41:50.4019357+09:00,2026-08-21T10:41:50.9019357+09:00,957.126474,957.626474,30,30,-0.028390,0.035280,0.000000,0.000000,0.000000,0.000171,0
20260821_102553_275,1,Unspecified,1897,2026-08-21T10:41:50.9019357+09:00,2026-08-21T10:41:51.4019357+09:00,957.626474,958.126474,30,30,-0.028665,0.034957,0.000000,0.000000,0.000000,0.000143,0
20260821_102553_275,1,Unspecified,1898,2026-08-21T10:41:51.4019357+09:00,2026-08-21T10:41:51.9019357+09:00,958.126474,958.626474,30,30,-0.026026,0.036254,0.000004,0.000001,0.000002,0.002240,0
20260821_102553_275,1,Unspecified,1899,2026-08-21T10:41:51.9019357+09:00,2026-08-21T10:41:52.4019357+09:00,958.626474,959.126474,30,30,-0.019592,0.038896,0.000001,0.000000,0.000000,0.000959,0
20260821_102553_275,1,Unspecified,1900,2026-08-21T10:41:52.4019357+09:00,2026-08-21T10:41:52.9019357+09:00,959.126474,959.626474,30,30,-0.019476,0.039179,0.000000,0.000000,0.000000,0.000180,0
20260821_102553_275,1,Unspecified,1901,2026-08-21T10:41:52.9019357+09:00,2026-08-21T10:41:53.4019357+09:00,959.626474,960.126474,30,30,-0.020533,0.038982,0.000000,0.000000,0.000000,0.000634,0
20260821_102553_275,1,Unspecified,1902,2026-08-21T10:41:53.4019357+09:00,2026-08-21T10:41:53.9019357+09:00,960.126474,960.626474,30,30,-0.022516,0.038256,0.000000,0.000000,0.000000,0.000381,0
20260821_102553_275,1,Unspecified,1903,2026-08-21T10:41:53.9019357+09:00,2026-08-21T10:41:54.4019357+09:00,960.626474,961.126474,30,30,-0.023234,0.037907,0.000000,0.000000,0.000000,0.000405,0
20260821_102553_275,1,Unspecified,1904,2026-08-21T10:41:54.4019357+09:00,2026-08-21T10:41:54.9019357+09:00,961.126474,961.626474,30,30,-0.023507,0.037307,0.000000,0.000000,0.000000,0.000144,0
20260821_102553_275,1,Unspecified,1905,2026-08-21T10:41:54.9019357+09:00,2026-08-21T10:41:55.4019357+09:00,961.626474,962.126474,30,30,-0.024559,0.037117,0.000000,0.000000,0.000000,0.000470,0
20260821_102553_275,1,Unspecified,1906,2026-08-21T10:41:55.4019357+09:00,2026-08-21T10:41:55.9019357+09:00,962.126474,962.626474,30,30,-0.025381,0.036700,0.000000,0.000000,0.000000,0.000791,0
20260821_102553_275,1,Unspecified,1907,2026-08-21T10:41:55.9019357+09:00,2026-08-21T10:41:56.4019357+09:00,962.626474,963.126474,30,30,-0.026885,0.036232,0.000000,0.000000,0.000000,0.000426,0
20260821_102553_275,1,Unspecified,1908,2026-08-21T10:41:56.4019357+09:00,2026-08-21T10:41:56.9019357+09:00,963.126474,963.626474,30,30,-0.027821,0.035929,0.000000,0.000000,0.000000,0.000772,0
20260821_102553_275,1,Unspecified,1909,2026-08-21T10:41:56.9019357+09:00,2026-08-21T10:41:57.4019357+09:00,963.626474,964.126474,30,30,-0.028859,0.035342,0.000000,0.000000,0.000000,0.000654,0
20260821_102553_275,1,Unspecified,1910,2026-08-21T10:41:57.4019357+09:00,2026-08-21T10:41:57.9019357+09:00,964.126474,964.626474,30,30,-0.027943,0.036309,0.000000,0.000000,0.000000,0.000365,0
20260821_102553_275,1,Unspecified,1911,2026-08-21T10:41:57.9019357+09:00,2026-08-21T10:41:58.4019357+09:00,964.626474,965.126474,30,30,-0.029255,0.035721,0.000000,0.000000,0.000000,0.000207,0
20260821_102553_275,1,Unspecified,1912,2026-08-21T10:41:58.4019357+09:00,2026-08-21T10:41:58.9019357+09:00,965.126474,965.626474,30,30,-0.029257,0.035723,0.000000,0.000000,0.000000,0.000071,0
20260821_102553_275,1,Unspecified,1913,2026-08-21T10:41:58.9019357+09:00,2026-08-21T10:41:59.4019357+09:00,965.626474,966.126474,30,30,-0.029101,0.035790,0.000000,0.000000,0.000000,0.000093,0
20260821_102553_275,1,Unspecified,1914,2026-08-21T10:41:59.4019357+09:00,2026-08-21T10:41:59.9019357+09:00,966.126474,966.626474,30,30,-0.029219,0.035668,0.000000,0.000000,0.000000,0.000145,0
20260821_102553_275,1,Unspecified,1915,2026-08-21T10:41:59.9019357+09:00,2026-08-21T10:42:00.4019357+09:00,966.626474,967.126474,30,30,-0.029517,0.035393,0.000000,0.000000,0.000000,0.000143,0
20260821_102553_275,1,Unspecified,1916,2026-08-21T10:42:00.4019357+09:00,2026-08-21T10:42:00.9019357+09:00,967.126474,967.626474,30,30,-0.029738,0.035205,0.000000,0.000000,0.000000,0.000091,0
20260821_102553_275,1,Unspecified,1917,2026-08-21T10:42:00.9019357+09:00,2026-08-21T10:42:01.4019357+09:00,967.626474,968.126474,30,30,-0.030052,0.035000,0.000000,0.000000,0.000000,0.000153,0
20260821_102553_275,1,Unspecified,1918,2026-08-21T10:42:01.4019357+09:00,2026-08-21T10:42:01.9019357+09:00,968.126474,968.626474,30,30,-0.030064,0.035021,0.000000,0.000000,0.000000,0.000215,0
20260821_102553_275,1,Unspecified,1919,2026-08-21T10:42:01.9019357+09:00,2026-08-21T10:42:02.4019357+09:00,968.626474,969.126474,30,30,-0.029651,0.035315,0.000000,0.000000,0.000000,0.000095,0
20260821_102553_275,1,Unspecified,1920,2026-08-21T10:42:02.4019357+09:00,2026-08-21T10:42:02.9019357+09:00,969.126474,969.626474,30,30,-0.029506,0.035381,0.000000,0.000000,0.000000,0.000079,0
20260821_102553_275,1,Unspecified,1921,2026-08-21T10:42:02.9019357+09:00,2026-08-21T10:42:03.4019357+09:00,969.626474,970.126474,30,30,-0.029332,0.035451,0.000000,0.000000,0.000000,0.000083,0
20260821_102553_275,1,Unspecified,1922,2026-08-21T10:42:03.4019357+09:00,2026-08-21T10:42:03.9019357+09:00,970.126474,970.626474,30,30,-0.029524,0.035278,0.000000,0.000000,0.000000,0.000085,0
20260821_102553_275,1,Unspecified,1923,2026-08-21T10:42:03.9019357+09:00,2026-08-21T10:42:04.4019357+09:00,970.626474,971.126474,30,30,-0.029942,0.035002,0.000000,0.000000,0.000000,0.000287,0
20260821_102553_275,1,Unspecified,1924,2026-08-21T10:42:04.4019357+09:00,2026-08-21T10:42:04.9019357+09:00,971.126474,971.626474,30,30,-0.030250,0.034706,0.000000,0.000000,0.000000,0.000058,0
20260821_102553_275,1,Unspecified,1925,2026-08-21T10:42:04.9019357+09:00,2026-08-21T10:42:05.4019357+09:00,971.626474,972.126474,30,30,-0.030690,0.034379,0.000000,0.000000,0.000000,0.000159,0
20260821_102553_275,1,Unspecified,1926,2026-08-21T10:42:05.4019357+09:00,2026-08-21T10:42:05.9019357+09:00,972.126474,972.626474,30,30,-0.030289,0.034692,0.000000,0.000000,0.000000,0.000267,0
20260821_102553_275,1,Unspecified,1927,2026-08-21T10:42:05.9019357+09:00,2026-08-21T10:42:06.4019357+09:00,972.626474,973.126474,30,30,-0.029770,0.035098,0.000000,0.000000,0.000000,0.000260,0
20260821_102553_275,1,Unspecified,1928,2026-08-21T10:42:06.4019357+09:00,2026-08-21T10:42:06.9019357+09:00,973.126474,973.626474,30,30,-0.029363,0.035372,0.000000,0.000000,0.000000,0.000086,0
20260821_102553_275,1,Unspecified,1929,2026-08-21T10:42:06.9019357+09:00,2026-08-21T10:42:07.4019357+09:00,973.626474,974.126474,30,30,-0.029486,0.035281,0.000000,0.000000,0.000000,0.000107,0
20260821_102553_275,1,Unspecified,1930,2026-08-21T10:42:07.4019357+09:00,2026-08-21T10:42:07.9019357+09:00,974.126474,974.626474,30,30,-0.029702,0.035091,0.000000,0.000000,0.000000,0.000064,0
20260821_102553_275,1,Unspecified,1931,2026-08-21T10:42:07.9019357+09:00,2026-08-21T10:42:08.4019357+09:00,974.626474,975.126474,30,30,-0.029714,0.035023,0.000000,0.000000,0.000000,0.000122,0
20260821_102553_275,1,Unspecified,1932,2026-08-21T10:42:08.4019357+09:00,2026-08-21T10:42:08.9019357+09:00,975.126474,975.626474,30,30,-0.030187,0.034766,0.000000,0.000000,0.000000,0.000166,0
20260821_102553_275,1,Unspecified,1933,2026-08-21T10:42:08.9019357+09:00,2026-08-21T10:42:09.4019357+09:00,975.626474,976.126474,30,30,-0.030352,0.034625,0.000000,0.000000,0.000000,0.000086,0
20260821_102553_275,1,Unspecified,1934,2026-08-21T10:42:09.4019357+09:00,2026-08-21T10:42:09.9019357+09:00,976.126474,976.626474,30,30,-0.029993,0.034881,0.000000,0.000000,0.000000,0.000186,0
20260821_102553_275,1,Unspecified,1935,2026-08-21T10:42:09.9019357+09:00,2026-08-21T10:42:10.4019357+09:00,976.626474,977.126474,30,30,-0.029685,0.035103,0.000000,0.000000,0.000000,0.000102,0
20260821_102553_275,1,Unspecified,1936,2026-08-21T10:42:10.4019357+09:00,2026-08-21T10:42:10.9019357+09:00,977.126474,977.626474,30,30,-0.029550,0.035119,0.000000,0.000000,0.000000,0.000078,0
20260821_102553_275,1,Unspecified,1937,2026-08-21T10:42:10.9019357+09:00,2026-08-21T10:42:11.4019357+09:00,977.626474,978.126474,30,30,-0.029709,0.034952,0.000000,0.000000,0.000000,0.000170,0
20260821_102553_275,1,Unspecified,1938,2026-08-21T10:42:11.4019357+09:00,2026-08-21T10:42:11.9019357+09:00,978.126474,978.626474,30,30,-0.029870,0.034807,0.000000,0.000000,0.000000,0.000097,0
20260821_102553_275,1,Unspecified,1939,2026-08-21T10:42:11.9019357+09:00,2026-08-21T10:42:12.4019357+09:00,978.626474,979.126474,30,30,-0.030229,0.034503,0.000000,0.000000,0.000000,0.000337,0
20260821_102553_275,1,Unspecified,1940,2026-08-21T10:42:12.4019357+09:00,2026-08-21T10:42:12.9019357+09:00,979.126474,979.626474,30,30,-0.031294,0.033707,0.000000,0.000000,0.000000,0.000307,0
20260821_102553_275,1,Unspecified,1941,2026-08-21T10:42:12.9019357+09:00,2026-08-21T10:42:13.4019357+09:00,979.626474,980.126474,30,30,-0.031013,0.033715,0.000000,0.000000,0.000000,0.000376,0
20260821_102553_275,1,Unspecified,1942,2026-08-21T10:42:13.4019357+09:00,2026-08-21T10:42:13.9019357+09:00,980.126474,980.626474,30,30,-0.028738,0.031890,0.000001,0.000000,-0.000001,0.001211,0
20260821_102553_275,1,Unspecified,1943,2026-08-21T10:42:13.9019357+09:00,2026-08-21T10:42:14.4019357+09:00,980.626474,981.126474,30,30,-0.029404,0.029611,0.000001,0.000002,0.000002,0.001775,0
20260821_102553_275,1,Unspecified,1944,2026-08-21T10:42:14.4019357+09:00,2026-08-21T10:42:14.9019357+09:00,981.126474,981.626474,30,30,-0.029894,0.025245,0.000001,0.000002,-0.000001,0.001617,0
20260821_102553_275,1,Unspecified,1945,2026-08-21T10:42:14.9019357+09:00,2026-08-21T10:42:15.4019357+09:00,981.626474,982.126474,30,30,-0.028900,0.023201,0.000000,0.000000,0.000000,0.000741,0
20260821_102553_275,1,Unspecified,1946,2026-08-21T10:42:15.4019357+09:00,2026-08-21T10:42:15.9019357+09:00,982.126474,982.626474,30,30,-0.032614,0.025622,0.000005,0.000005,-0.000004,0.003161,0
20260821_102553_275,1,Unspecified,1947,2026-08-21T10:42:15.9019357+09:00,2026-08-21T10:42:16.4019357+09:00,982.626474,983.126474,30,30,-0.009195,0.045661,0.000298,0.000064,0.000136,0.019025,0
20260821_102553_275,1,Unspecified,1948,2026-08-21T10:42:16.4019357+09:00,2026-08-21T10:42:16.9019357+09:00,983.126474,983.626474,30,30,0.008650,0.047453,0.000071,0.000037,0.000049,0.010410,0
20260821_102553_275,1,Unspecified,1949,2026-08-21T10:42:16.9019357+09:00,2026-08-21T10:42:17.4019357+09:00,983.626474,984.126474,30,30,-0.011946,0.036888,0.000018,0.000025,0.000018,0.006511,0
20260821_102553_275,1,Unspecified,1950,2026-08-21T10:42:17.4019357+09:00,2026-08-21T10:42:17.9019357+09:00,984.126474,984.626474,30,30,-0.031262,0.031527,0.000045,0.000009,0.000019,0.007307,0
20260821_102553_275,1,Unspecified,1951,2026-08-21T10:42:17.9019357+09:00,2026-08-21T10:42:18.4019357+09:00,984.626474,985.126474,30,30,-0.032071,0.033202,0.000004,0.000002,0.000003,0.002435,0
20260821_102553_275,1,Unspecified,1952,2026-08-21T10:42:18.4019357+09:00,2026-08-21T10:42:18.9019357+09:00,985.126474,985.626474,30,30,-0.028623,0.034528,0.000002,0.000002,0.000002,0.001986,0
20260821_102553_275,1,Unspecified,1953,2026-08-21T10:42:18.9019357+09:00,2026-08-21T10:42:19.4019357+09:00,985.626474,986.126474,30,30,-0.026761,0.035438,0.000000,0.000000,0.000000,0.000453,0
20260821_102553_275,1,Unspecified,1954,2026-08-21T10:42:19.4019357+09:00,2026-08-21T10:42:19.9019357+09:00,986.126474,986.626474,30,30,-0.025625,0.035861,0.000000,0.000000,0.000000,0.000247,0
20260821_102553_275,1,Unspecified,1955,2026-08-21T10:42:19.9019357+09:00,2026-08-21T10:42:20.4019357+09:00,986.626474,987.126474,30,30,-0.026258,0.035678,0.000000,0.000000,0.000000,0.000193,0
20260821_102553_275,1,Unspecified,1956,2026-08-21T10:42:20.4019357+09:00,2026-08-21T10:42:20.9019357+09:00,987.126474,987.626474,30,30,-0.026272,0.035695,0.000000,0.000000,0.000000,0.000066,0
20260821_102553_275,1,Unspecified,1957,2026-08-21T10:42:20.9019357+09:00,2026-08-21T10:42:21.4019357+09:00,987.626474,988.126474,30,30,-0.025887,0.036713,0.000000,0.000000,0.000000,0.000766,0
20260821_102553_275,1,Unspecified,1958,2026-08-21T10:42:21.4019357+09:00,2026-08-21T10:42:21.9019357+09:00,988.126474,988.626474,30,30,-0.024797,0.038539,0.000001,0.000002,0.000001,0.001698,0
20260821_102553_275,1,Unspecified,1959,2026-08-21T10:42:21.9019357+09:00,2026-08-21T10:42:22.4019357+09:00,988.626474,989.126474,30,30,-0.023353,0.039253,0.000000,0.000000,0.000000,0.000526,0
20260821_102553_275,1,Unspecified,1960,2026-08-21T10:42:22.4019357+09:00,2026-08-21T10:42:22.9019357+09:00,989.126474,989.626474,30,30,-0.023857,0.038697,0.000000,0.000000,0.000000,0.000622,0
20260821_102553_275,1,Unspecified,1961,2026-08-21T10:42:22.9019357+09:00,2026-08-21T10:42:23.4019357+09:00,989.626474,990.126474,30,30,-0.025322,0.038257,0.000000,0.000000,0.000000,0.000392,0
20260821_102553_275,1,Unspecified,1962,2026-08-21T10:42:23.4019357+09:00,2026-08-21T10:42:23.9019357+09:00,990.126474,990.626474,30,30,-0.025789,0.038378,0.000000,0.000000,0.000000,0.000761,0
20260821_102553_275,1,Unspecified,1963,2026-08-21T10:42:23.9019357+09:00,2026-08-21T10:42:24.4019357+09:00,990.626474,991.126474,30,30,-0.023290,0.040232,0.000000,0.000000,0.000000,0.000472,0
20260821_102553_275,1,Unspecified,1964,2026-08-21T10:42:24.4019357+09:00,2026-08-21T10:42:24.9019357+09:00,991.126474,991.626474,30,30,-0.023813,0.039892,0.000000,0.000000,0.000000,0.000154,0
20260821_102553_275,1,Unspecified,1965,2026-08-21T10:42:24.9019357+09:00,2026-08-21T10:42:25.4019357+09:00,991.626474,992.126474,30,30,-0.024072,0.039705,0.000000,0.000000,0.000000,0.000229,0
20260821_102553_275,1,Unspecified,1966,2026-08-21T10:42:25.4019357+09:00,2026-08-21T10:42:25.9019357+09:00,992.126474,992.626474,30,30,-0.024542,0.039378,0.000000,0.000000,0.000000,0.000303,0
20260821_102553_275,1,Unspecified,1967,2026-08-21T10:42:25.9019357+09:00,2026-08-21T10:42:26.4019357+09:00,992.626474,993.126474,30,30,-0.024980,0.039081,0.000000,0.000000,0.000000,0.000124,0
20260821_102553_275,1,Unspecified,1968,2026-08-21T10:42:26.4019357+09:00,2026-08-21T10:42:26.9019357+09:00,993.126474,993.626474,30,30,-0.024673,0.039279,0.000000,0.000000,0.000000,0.000133,0
20260821_102553_275,1,Unspecified,1969,2026-08-21T10:42:26.9019357+09:00,2026-08-21T10:42:27.4019357+09:00,993.626474,994.126474,30,30,-0.024970,0.039064,0.000000,0.000000,0.000000,0.000127,0
20260821_102553_275,1,Unspecified,1970,2026-08-21T10:42:27.4019357+09:00,2026-08-21T10:42:27.9019357+09:00,994.126474,994.626474,30,30,-0.024840,0.039128,0.000000,0.000000,0.000000,0.000226,0
20260821_102553_275,1,Unspecified,1971,2026-08-21T10:42:27.9019357+09:00,2026-08-21T10:42:28.4019357+09:00,994.626474,995.126474,30,30,-0.024766,0.039145,0.000000,0.000000,0.000000,0.000140,0
20260821_102553_275,1,Unspecified,1972,2026-08-21T10:42:28.4019357+09:00,2026-08-21T10:42:28.9019357+09:00,995.126474,995.626474,30,30,-0.024778,0.039101,0.000000,0.000000,0.000000,0.000077,0
20260821_102553_275,1,Unspecified,1973,2026-08-21T10:42:28.9019357+09:00,2026-08-21T10:42:29.4019357+09:00,995.626474,996.126474,30,30,-0.024945,0.038976,0.000000,0.000000,0.000000,0.000121,0
20260821_102553_275,1,Unspecified,1974,2026-08-21T10:42:29.4019357+09:00,2026-08-21T10:42:29.9019357+09:00,996.126474,996.626474,30,30,-0.024918,0.038988,0.000000,0.000000,0.000000,0.000105,0
20260821_102553_275,1,Unspecified,1975,2026-08-21T10:42:29.9019357+09:00,2026-08-21T10:42:30.4019357+09:00,996.626474,997.126474,30,30,-0.025111,0.038848,0.000000,0.000000,0.000000,0.000146,0
20260821_102553_275,1,Unspecified,1976,2026-08-21T10:42:30.4019357+09:00,2026-08-21T10:42:30.9019357+09:00,997.126474,997.626474,30,30,-0.025906,0.038331,0.000000,0.000000,0.000000,0.000371,0
20260821_102553_275,1,Unspecified,1977,2026-08-21T10:42:30.9019357+09:00,2026-08-21T10:42:31.4019357+09:00,997.626474,998.126474,30,30,-0.026361,0.037971,0.000000,0.000000,0.000000,0.000376,0
20260821_102553_275,1,Unspecified,1978,2026-08-21T10:42:31.4019357+09:00,2026-08-21T10:42:31.9019357+09:00,998.126474,998.626474,30,30,-0.027960,0.036709,0.000000,0.000000,0.000000,0.000342,0
20260821_102553_275,1,Unspecified,1979,2026-08-21T10:42:31.9019357+09:00,2026-08-21T10:42:32.4019357+09:00,998.626474,999.126474,30,30,-0.027931,0.036725,0.000000,0.000000,0.000000,0.000213,0
20260821_102553_275,1,Unspecified,1980,2026-08-21T10:42:32.4019357+09:00,2026-08-21T10:42:32.9019357+09:00,999.126474,999.626474,30,30,-0.027563,0.036978,0.000000,0.000000,0.000000,0.000089,0
20260821_102553_275,1,Unspecified,1981,2026-08-21T10:42:32.9019357+09:00,2026-08-21T10:42:33.4019357+09:00,999.626474,1000.126474,30,30,-0.027524,0.036984,0.000000,0.000000,0.000000,0.000079,0
20260821_102553_275,1,Unspecified,1982,2026-08-21T10:42:33.4019357+09:00,2026-08-21T10:42:33.9019357+09:00,1000.126474,1000.626474,30,30,-0.027656,0.036884,0.000000,0.000000,0.000000,0.000101,0
20260821_102553_275,1,Unspecified,1983,2026-08-21T10:42:33.9019357+09:00,2026-08-21T10:42:34.4019357+09:00,1000.626474,1001.126474,30,30,-0.027699,0.036845,0.000000,0.000000,0.000000,0.000065,0
20260821_102553_275,1,Unspecified,1984,2026-08-21T10:42:34.4019357+09:00,2026-08-21T10:42:34.9019357+09:00,1001.126474,1001.626474,30,30,-0.027875,0.036723,0.000000,0.000000,0.000000,0.000164,0
20260821_102553_275,1,Unspecified,1985,2026-08-21T10:42:34.9019357+09:00,2026-08-21T10:42:35.4019357+09:00,1001.626474,1002.126474,30,30,-0.028094,0.036554,0.000000,0.000000,0.000000,0.000100,0
20260821_102553_275,1,Unspecified,1986,2026-08-21T10:42:35.4019357+09:00,2026-08-21T10:42:35.9019357+09:00,1002.126474,1002.626474,30,30,-0.027771,0.036727,0.000000,0.000000,0.000000,0.000459,0
20260821_102553_275,1,Unspecified,1987,2026-08-21T10:42:35.9019357+09:00,2026-08-21T10:42:36.4019357+09:00,1002.626474,1003.126474,30,30,-0.024341,0.038765,0.000003,0.000001,0.000002,0.001941,0
20260821_102553_275,1,Unspecified,1988,2026-08-21T10:42:36.4019357+09:00,2026-08-21T10:42:36.9019357+09:00,1003.126474,1003.626474,30,30,-0.019637,0.041103,0.000000,0.000000,0.000000,0.000591,0
20260821_102553_275,1,Unspecified,1989,2026-08-21T10:42:36.9019357+09:00,2026-08-21T10:42:37.4019357+09:00,1003.626474,1004.126474,30,30,-0.021754,0.040189,0.000000,0.000000,0.000000,0.000571,0
20260821_102553_275,1,Unspecified,1990,2026-08-21T10:42:37.4019357+09:00,2026-08-21T10:42:37.9019357+09:00,1004.126474,1004.626474,30,30,-0.022159,0.039886,0.000000,0.000000,0.000000,0.000159,0
20260821_102553_275,1,Unspecified,1991,2026-08-21T10:42:37.9019357+09:00,2026-08-21T10:42:38.4019357+09:00,1004.626474,1005.126474,30,30,-0.022588,0.038868,0.000000,0.000001,0.000001,0.001106,0
20260821_102553_275,1,Unspecified,1992,2026-08-21T10:42:38.4019357+09:00,2026-08-21T10:42:38.9019357+09:00,1005.126474,1005.626474,30,30,-0.027518,0.035298,0.000008,0.000002,0.000004,0.003197,0
20260821_102553_275,1,Unspecified,1993,2026-08-21T10:42:38.9019357+09:00,2026-08-21T10:42:39.4019357+09:00,1005.626474,1006.126474,30,30,-0.034096,0.031207,0.000000,0.000000,0.000000,0.000685,0
20260821_102553_275,1,Unspecified,1994,2026-08-21T10:42:39.4019357+09:00,2026-08-21T10:42:39.9019357+09:00,1006.126474,1006.626474,30,30,-0.033493,0.031694,0.000001,0.000000,0.000000,0.000939,0
20260821_102553_275,1,Unspecified,1995,2026-08-21T10:42:39.9019357+09:00,2026-08-21T10:42:40.4019357+09:00,1006.626474,1007.126474,30,30,-0.030839,0.033424,0.000000,0.000000,0.000000,0.000478,0
20260821_102553_275,1,Unspecified,1996,2026-08-21T10:42:40.4019357+09:00,2026-08-21T10:42:40.9019357+09:00,1007.126474,1007.626474,30,30,-0.030705,0.033360,0.000000,0.000000,0.000000,0.000411,0
20260821_102553_275,1,Unspecified,1997,2026-08-21T10:42:40.9019357+09:00,2026-08-21T10:42:41.4019357+09:00,1007.626474,1008.126474,30,30,-0.029613,0.032809,0.000000,0.000000,0.000000,0.000220,0
20260821_102553_275,1,Unspecified,1998,2026-08-21T10:42:41.4019357+09:00,2026-08-21T10:42:41.9019357+09:00,1008.126474,1008.626474,30,30,-0.030644,0.032286,0.000000,0.000000,0.000000,0.000373,0
20260821_102553_275,1,Unspecified,1999,2026-08-21T10:42:41.9019357+09:00,2026-08-21T10:42:42.4019357+09:00,1008.626474,1009.126474,30,30,-0.031186,0.032517,0.000000,0.000000,0.000000,0.000129,0
20260821_102553_275,1,Unspecified,2000,2026-08-21T10:42:42.4019357+09:00,2026-08-21T10:42:42.9019357+09:00,1009.126474,1009.626474,30,30,-0.031129,0.033124,0.000000,0.000000,0.000000,0.000327,0
20260821_102553_275,1,Unspecified,2001,2026-08-21T10:42:42.9019357+09:00,2026-08-21T10:42:43.4019357+09:00,1009.626474,1010.126474,30,30,-0.030158,0.033886,0.000000,0.000000,0.000000,0.000425,0
20260821_102553_275,1,Unspecified,2002,2026-08-21T10:42:43.4019357+09:00,2026-08-21T10:42:43.9019357+09:00,1010.126474,1010.626474,30,30,-0.029056,0.034732,0.000000,0.000000,0.000000,0.000353,0
20260821_102553_275,1,Unspecified,2003,2026-08-21T10:42:43.9019357+09:00,2026-08-21T10:42:44.4019357+09:00,1010.626474,1011.126474,30,30,-0.028925,0.034951,0.000000,0.000000,0.000000,0.000179,0
20260821_102553_275,1,Unspecified,2004,2026-08-21T10:42:44.4019357+09:00,2026-08-21T10:42:44.9019357+09:00,1011.126474,1011.626474,30,30,-0.029640,0.034621,0.000000,0.000000,0.000000,0.000243,0
20260821_102553_275,1,Unspecified,2005,2026-08-21T10:42:44.9019357+09:00,2026-08-21T10:42:45.4019357+09:00,1011.626474,1012.126474,30,30,-0.029839,0.034574,0.000000,0.000000,0.000000,0.000186,0
20260821_102553_275,1,Unspecified,2006,2026-08-21T10:42:45.4019357+09:00,2026-08-21T10:42:45.9019357+09:00,1012.126474,1012.626474,30,30,-0.031615,0.033855,0.000000,0.000000,0.000000,0.000664,0
20260821_102553_275,1,Unspecified,2007,2026-08-21T10:42:45.9019357+09:00,2026-08-21T10:42:46.4019357+09:00,1012.626474,1013.126474,30,30,-0.031359,0.033646,0.000000,0.000000,0.000000,0.000306,0
20260821_102553_275,1,Unspecified,2008,2026-08-21T10:42:46.4019357+09:00,2026-08-21T10:42:46.9019357+09:00,1013.126474,1013.626474,30,30,-0.030864,0.033985,0.000000,0.000000,0.000000,0.000175,0
20260821_102553_275,1,Unspecified,2009,2026-08-21T10:42:46.9019357+09:00,2026-08-21T10:42:47.4019357+09:00,1013.626474,1014.126474,30,30,-0.030794,0.034078,0.000000,0.000000,0.000000,0.000112,0
20260821_102553_275,1,Unspecified,2010,2026-08-21T10:42:47.4019357+09:00,2026-08-21T10:42:47.9019357+09:00,1014.126474,1014.626474,30,30,-0.030573,0.034240,0.000000,0.000000,0.000000,0.000206,0
20260821_102553_275,1,Unspecified,2011,2026-08-21T10:42:47.9019357+09:00,2026-08-21T10:42:48.4019357+09:00,1014.626474,1015.126474,30,30,-0.030432,0.034345,0.000000,0.000000,0.000000,0.000060,0
20260821_102553_275,1,Unspecified,2012,2026-08-21T10:42:48.4019357+09:00,2026-08-21T10:42:48.9019357+09:00,1015.126474,1015.626474,30,30,-0.030525,0.034272,0.000000,0.000000,0.000000,0.000106,0
20260821_102553_275,1,Unspecified,2013,2026-08-21T10:42:48.9019357+09:00,2026-08-21T10:42:49.4019357+09:00,1015.626474,1016.126474,30,30,-0.030826,0.034015,0.000000,0.000000,0.000000,0.000179,0
20260821_102553_275,1,Unspecified,2014,2026-08-21T10:42:49.4019357+09:00,2026-08-21T10:42:49.9019357+09:00,1016.126474,1016.626474,30,30,-0.031537,0.033456,0.000000,0.000000,0.000000,0.000272,0
20260821_102553_275,1,Unspecified,2015,2026-08-21T10:42:49.9019357+09:00,2026-08-21T10:42:50.4019357+09:00,1016.626474,1017.126474,30,30,-0.031915,0.033175,0.000000,0.000000,0.000000,0.000089,0
20260821_102553_275,1,Unspecified,2016,2026-08-21T10:42:50.4019357+09:00,2026-08-21T10:42:50.9019357+09:00,1017.126474,1017.626474,30,30,-0.031940,0.033154,0.000000,0.000000,0.000000,0.000113,0
20260821_102553_275,1,Unspecified,2017,2026-08-21T10:42:50.9019357+09:00,2026-08-21T10:42:51.4019357+09:00,1017.626474,1018.126474,30,30,-0.032155,0.033014,0.000000,0.000000,0.000000,0.000118,0
20260821_102553_275,1,Unspecified,2018,2026-08-21T10:42:51.4019357+09:00,2026-08-21T10:42:51.9019357+09:00,1018.126474,1018.626474,30,30,-0.031753,0.033316,0.000000,0.000000,0.000000,0.000136,0
20260821_102553_275,1,Unspecified,2019,2026-08-21T10:42:51.9019357+09:00,2026-08-21T10:42:52.4019357+09:00,1018.626474,1019.126474,30,30,-0.031505,0.033503,0.000000,0.000000,0.000000,0.000103,0
20260821_102553_275,1,Unspecified,2020,2026-08-21T10:42:52.4019357+09:00,2026-08-21T10:42:52.9019357+09:00,1019.126474,1019.626474,30,30,-0.031446,0.033525,0.000000,0.000000,0.000000,0.000058,0
20260821_102553_275,1,Unspecified,2021,2026-08-21T10:42:52.9019357+09:00,2026-08-21T10:42:53.4019357+09:00,1019.626474,1020.126474,30,30,-0.031455,0.033457,0.000000,0.000000,0.000000,0.000108,0
20260821_102553_275,1,Unspecified,2022,2026-08-21T10:42:53.4019357+09:00,2026-08-21T10:42:53.9019357+09:00,1020.126474,1020.626474,30,30,-0.031596,0.033362,0.000000,0.000000,0.000000,0.000131,0
20260821_102553_275,1,Unspecified,2023,2026-08-21T10:42:53.9019357+09:00,2026-08-21T10:42:54.4019357+09:00,1020.626474,1021.126474,30,30,-0.031763,0.033231,0.000000,0.000000,0.000000,0.000108,0
20260821_102553_275,1,Unspecified,2024,2026-08-21T10:42:54.4019357+09:00,2026-08-21T10:42:54.9019357+09:00,1021.126474,1021.626474,30,30,-0.032128,0.032968,0.000000,0.000000,0.000000,0.000126,0
20260821_102553_275,1,Unspecified,2025,2026-08-21T10:42:54.9019357+09:00,2026-08-21T10:42:55.4019357+09:00,1021.626474,1022.126474,30,30,-0.031897,0.033110,0.000000,0.000000,0.000000,0.000162,0
20260821_102553_275,1,Unspecified,2026,2026-08-21T10:42:55.4019357+09:00,2026-08-21T10:42:55.9019357+09:00,1022.126474,1022.626474,30,30,-0.031570,0.033317,0.000000,0.000000,0.000000,0.000131,0
20260821_102553_275,1,Unspecified,2027,2026-08-21T10:42:55.9019357+09:00,2026-08-21T10:42:56.4019357+09:00,1022.626474,1023.126474,30,30,-0.031652,0.033301,0.000000,0.000000,0.000000,0.000123,0
20260821_102553_275,1,Unspecified,2028,2026-08-21T10:42:56.4019357+09:00,2026-08-21T10:42:56.9019357+09:00,1023.126474,1023.626474,30,30,-0.031795,0.033220,0.000000,0.000000,0.000000,0.000114,0
20260821_102553_275,1,Unspecified,2029,2026-08-21T10:42:56.9019357+09:00,2026-08-21T10:42:57.4019357+09:00,1023.626474,1024.126474,30,30,-0.031984,0.033060,0.000000,0.000000,0.000000,0.000175,0
20260821_102553_275,1,Unspecified,2030,2026-08-21T10:42:57.4019357+09:00,2026-08-21T10:42:57.9019357+09:00,1024.126474,1024.626474,30,30,-0.032495,0.032688,0.000000,0.000000,0.000000,0.000157,0
20260821_102553_275,1,Unspecified,2031,2026-08-21T10:42:57.9019357+09:00,2026-08-21T10:42:58.4019357+09:00,1024.626474,1025.126474,30,30,-0.032344,0.032795,0.000000,0.000000,0.000000,0.000141,0
20260821_102553_275,1,Unspecified,2032,2026-08-21T10:42:58.4019357+09:00,2026-08-21T10:42:58.9019357+09:00,1025.126474,1025.626474,30,30,-0.032130,0.032944,0.000000,0.000000,0.000000,0.000112,0
20260821_102553_275,1,Unspecified,2033,2026-08-21T10:42:58.9019357+09:00,2026-08-21T10:42:59.4019357+09:00,1025.626474,1026.126474,30,30,-0.032280,0.032890,0.000000,0.000000,0.000000,0.000274,0
20260821_102553_275,1,Unspecified,2034,2026-08-21T10:42:59.4019357+09:00,2026-08-21T10:42:59.9019357+09:00,1026.126474,1026.626474,30,30,-0.032987,0.032365,0.000000,0.000000,0.000000,0.000271,0
20260821_102553_275,1,Unspecified,2035,2026-08-21T10:42:59.9019357+09:00,2026-08-21T10:43:00.4019357+09:00,1026.626474,1027.126474,30,30,-0.033738,0.031916,0.000000,0.000000,0.000000,0.000684,0
20260821_102553_275,1,Unspecified,2036,2026-08-21T10:43:00.4019357+09:00,2026-08-21T10:43:00.9019357+09:00,1027.126474,1027.626474,30,30,-0.033962,0.031784,0.000000,0.000000,0.000000,0.000333,0
20260821_102553_275,1,Unspecified,2037,2026-08-21T10:43:00.9019357+09:00,2026-08-21T10:43:01.4019357+09:00,1027.626474,1028.126474,30,30,-0.034403,0.031451,0.000000,0.000000,0.000000,0.000249,0
20260821_102553_275,1,Unspecified,2038,2026-08-21T10:43:01.4019357+09:00,2026-08-21T10:43:01.9019357+09:00,1028.126474,1028.626474,30,30,-0.034143,0.031665,0.000000,0.000000,0.000000,0.000168,0
20260821_102553_275,1,Unspecified,2039,2026-08-21T10:43:01.9019357+09:00,2026-08-21T10:43:02.4019357+09:00,1028.626474,1029.126474,30,30,-0.033864,0.031881,0.000000,0.000000,0.000000,0.000097,0
20260821_102553_275,1,Unspecified,2040,2026-08-21T10:43:02.4019357+09:00,2026-08-21T10:43:02.9019357+09:00,1029.126474,1029.626474,30,30,-0.033754,0.031937,0.000000,0.000000,0.000000,0.000091,0
20260821_102553_275,1,Unspecified,2041,2026-08-21T10:43:02.9019357+09:00,2026-08-21T10:43:03.4019357+09:00,1029.626474,1030.126474,30,30,-0.033713,0.031954,0.000000,0.000000,0.000000,0.000073,0
20260821_102553_275,1,Unspecified,2042,2026-08-21T10:43:03.4019357+09:00,2026-08-21T10:43:03.9019357+09:00,1030.126474,1030.626474,30,30,-0.033713,0.031936,0.000000,0.000000,0.000000,0.000067,0
20260821_102553_275,1,Unspecified,2043,2026-08-21T10:43:03.9019357+09:00,2026-08-21T10:43:04.4019357+09:00,1030.626474,1031.126474,30,30,-0.033734,0.031920,0.000000,0.000000,0.000000,0.000133,0
20260821_102553_275,1,Unspecified,2044,2026-08-21T10:43:04.4019357+09:00,2026-08-21T10:43:04.9019357+09:00,1031.126474,1031.626474,30,30,-0.033759,0.031906,0.000000,0.000000,0.000000,0.000076,0
20260821_102553_275,1,Unspecified,2045,2026-08-21T10:43:04.9019357+09:00,2026-08-21T10:43:05.4019357+09:00,1031.626474,1032.126474,30,30,-0.033923,0.031796,0.000000,0.000000,0.000000,0.000115,0
20260821_102553_275,1,Unspecified,2046,2026-08-21T10:43:05.4019357+09:00,2026-08-21T10:43:05.9019357+09:00,1032.126474,1032.626474,30,30,-0.035176,0.030663,0.000004,0.000003,0.000003,0.002620,0
20260821_102553_275,1,Unspecified,2047,2026-08-21T10:43:05.9019357+09:00,2026-08-21T10:43:06.4019357+09:00,1032.626474,1033.126474,30,30,-0.055423,0.000019,0.000080,0.000408,0.000174,0.022087,0
20260821_102553_275,1,Unspecified,2048,2026-08-21T10:43:06.4019357+09:00,2026-08-21T10:43:06.9019357+09:00,1033.126474,1033.626474,30,30,-0.053102,-0.088316,0.000111,0.000427,-0.000211,0.023207,0
20260821_102553_275,1,Unspecified,2049,2026-08-21T10:43:06.9019357+09:00,2026-08-21T10:43:07.4019357+09:00,1033.626474,1034.126474,30,30,-0.046711,-0.101356,0.000042,0.000072,-0.000054,0.010640,0
20260821_102553_275,1,Unspecified,2050,2026-08-21T10:43:07.4019357+09:00,2026-08-21T10:43:07.9019357+09:00,1034.126474,1034.626474,30,30,-0.062472,-0.064447,0.000008,0.000206,-0.000038,0.014605,0
20260821_102553_275,1,Unspecified,2051,2026-08-21T10:43:07.9019357+09:00,2026-08-21T10:43:08.4019357+09:00,1034.626474,1035.126474,30,30,-0.058978,-0.010840,0.000028,0.000225,0.000077,0.015892,0
20260821_102553_275,1,Unspecified,2052,2026-08-21T10:43:08.4019357+09:00,2026-08-21T10:43:08.9019357+09:00,1035.126474,1035.626474,30,30,-0.035363,0.028470,0.000042,0.000043,0.000042,0.009187,0
20260821_102553_275,1,Unspecified,2053,2026-08-21T10:43:08.9019357+09:00,2026-08-21T10:43:09.4019357+09:00,1035.626474,1036.126474,30,30,-0.022228,0.038642,0.000003,0.000001,0.000001,0.001811,0
20260821_102553_275,1,Unspecified,2054,2026-08-21T10:43:09.4019357+09:00,2026-08-21T10:43:09.9019357+09:00,1036.126474,1036.626474,30,30,-0.022310,0.038659,0.000002,0.000001,0.000001,0.001693,0
20260821_102553_275,1,Unspecified,2055,2026-08-21T10:43:09.9019357+09:00,2026-08-21T10:43:10.4019357+09:00,1036.626474,1037.126474,30,30,-0.031284,0.032955,0.000002,0.000001,0.000002,0.001917,0
20260821_102553_275,1,Unspecified,2056,2026-08-21T10:43:10.4019357+09:00,2026-08-21T10:43:10.9019357+09:00,1037.126474,1037.626474,30,30,-0.029892,0.034034,0.000001,0.000000,0.000000,0.001027,0
20260821_102553_275,1,Unspecified,2057,2026-08-21T10:43:10.9019357+09:00,2026-08-21T10:43:11.4019357+09:00,1037.626474,1038.126474,30,30,-0.029583,0.034379,0.000000,0.000000,0.000000,0.000223,0
20260821_102553_275,1,Unspecified,2058,2026-08-21T10:43:11.4019357+09:00,2026-08-21T10:43:11.9019357+09:00,1038.126474,1038.626474,30,30,-0.028638,0.035024,0.000000,0.000000,0.000000,0.000382,0
20260821_102553_275,1,Unspecified,2059,2026-08-21T10:43:11.9019357+09:00,2026-08-21T10:43:12.4019357+09:00,1038.626474,1039.126474,30,30,-0.028632,0.035034,0.000000,0.000000,0.000000,0.000162,0
20260821_102553_275,1,Unspecified,2060,2026-08-21T10:43:12.4019357+09:00,2026-08-21T10:43:12.9019357+09:00,1039.126474,1039.626474,30,30,-0.028831,0.034907,0.000000,0.000000,0.000000,0.000123,0
20260821_102553_275,1,Unspecified,2061,2026-08-21T10:43:12.9019357+09:00,2026-08-21T10:43:13.4019357+09:00,1039.626474,1040.126474,30,30,-0.029741,0.034354,0.000000,0.000000,0.000000,0.000689,0
20260821_102553_275,1,Unspecified,2062,2026-08-21T10:43:13.4019357+09:00,2026-08-21T10:43:13.9019357+09:00,1040.126474,1040.626474,30,30,-0.030860,0.033702,0.000000,0.000000,0.000000,0.000122,0
20260821_102553_275,1,Unspecified,2063,2026-08-21T10:43:13.9019357+09:00,2026-08-21T10:43:14.4019357+09:00,1040.626474,1041.126474,30,30,-0.030888,0.033682,0.000000,0.000000,0.000000,0.000114,0
20260821_102553_275,1,Unspecified,2064,2026-08-21T10:43:14.4019357+09:00,2026-08-21T10:43:14.9019357+09:00,1041.126474,1041.626474,30,30,-0.030922,0.033697,0.000000,0.000000,0.000000,0.000139,0
20260821_102553_275,1,Unspecified,2065,2026-08-21T10:43:14.9019357+09:00,2026-08-21T10:43:15.4019357+09:00,1041.626474,1042.126474,30,30,-0.031107,0.033560,0.000000,0.000000,0.000000,0.000181,0
20260821_102553_275,1,Unspecified,2066,2026-08-21T10:43:15.4019357+09:00,2026-08-21T10:43:15.9019357+09:00,1042.126474,1042.626474,30,30,-0.030547,0.033911,0.000000,0.000000,0.000000,0.000111,0
20260821_102553_275,1,Unspecified,2067,2026-08-21T10:43:15.9019357+09:00,2026-08-21T10:43:16.4019357+09:00,1042.626474,1043.126474,30,30,-0.030444,0.033966,0.000000,0.000000,0.000000,0.000114,0
20260821_102553_275,1,Unspecified,2068,2026-08-21T10:43:16.4019357+09:00,2026-08-21T10:43:16.9019357+09:00,1043.126474,1043.626474,30,30,-0.030388,0.033930,0.000000,0.000000,0.000000,0.000080,0
20260821_102553_275,1,Unspecified,2069,2026-08-21T10:43:16.9019357+09:00,2026-08-21T10:43:17.4019357+09:00,1043.626474,1044.126474,30,30,-0.030667,0.033703,0.000000,0.000000,0.000000,0.000084,0
20260821_102553_275,1,Unspecified,2070,2026-08-21T10:43:17.4019357+09:00,2026-08-21T10:43:17.9019357+09:00,1044.126474,1044.626474,30,30,-0.030825,0.033598,0.000000,0.000000,0.000000,0.000172,0
20260821_102553_275,1,Unspecified,2071,2026-08-21T10:43:17.9019357+09:00,2026-08-21T10:43:18.4019357+09:00,1044.626474,1045.126474,30,30,-0.031372,0.033277,0.000000,0.000000,0.000000,0.000160,0
20260821_102553_275,1,Unspecified,2072,2026-08-21T10:43:18.4019357+09:00,2026-08-21T10:43:18.9019357+09:00,1045.126474,1045.626474,30,30,-0.031135,0.033507,0.000000,0.000000,0.000000,0.000249,0
20260821_102553_275,1,Unspecified,2073,2026-08-21T10:43:18.9019357+09:00,2026-08-21T10:43:19.4019357+09:00,1045.626474,1046.126474,30,30,-0.030864,0.033711,0.000000,0.000000,0.000000,0.000198,0
20260821_102553_275,1,Unspecified,2074,2026-08-21T10:43:19.4019357+09:00,2026-08-21T10:43:19.9019357+09:00,1046.126474,1046.626474,30,30,-0.028520,0.035236,0.000003,0.000001,0.000002,0.002105,0
20260821_102553_275,1,Unspecified,2075,2026-08-21T10:43:19.9019357+09:00,2026-08-21T10:43:20.4019357+09:00,1046.626474,1047.126474,30,30,-0.012068,0.036530,0.000084,0.000005,-0.000011,0.009429,0
20260821_102553_275,1,Unspecified,2076,2026-08-21T10:43:20.4019357+09:00,2026-08-21T10:43:20.9019357+09:00,1047.126474,1047.626474,30,30,-0.000247,0.033266,0.000026,0.000014,-0.000014,0.006284,0
20260821_102553_275,1,Unspecified,2077,2026-08-21T10:43:20.9019357+09:00,2026-08-21T10:43:21.4019357+09:00,1047.626474,1048.126474,30,30,-0.006972,0.042013,0.000021,0.000007,0.000004,0.005267,0
20260821_102553_275,1,Unspecified,2078,2026-08-21T10:43:21.4019357+09:00,2026-08-21T10:43:21.9019357+09:00,1048.126474,1048.626474,30,30,-0.013086,0.040299,0.000004,0.000001,0.000001,0.002089,0
20260821_102553_275,1,Unspecified,2079,2026-08-21T10:43:21.9019357+09:00,2026-08-21T10:43:22.4019357+09:00,1048.626474,1049.126474,30,30,-0.005630,0.039655,0.000013,0.000025,0.000012,0.006177,0
20260821_102553_275,1,Unspecified,2080,2026-08-21T10:43:22.4019357+09:00,2026-08-21T10:43:22.9019357+09:00,1049.126474,1049.626474,30,30,-0.017057,0.038002,0.000009,0.000002,-0.000001,0.003176,0
20260821_102553_275,1,Unspecified,2081,2026-08-21T10:43:22.9019357+09:00,2026-08-21T10:43:23.4019357+09:00,1049.626474,1050.126474,30,30,-0.023654,0.034848,0.000001,0.000003,0.000001,0.001993,0
20260821_102553_275,1,Unspecified,2082,2026-08-21T10:43:23.4019357+09:00,2026-08-21T10:43:23.9019357+09:00,1050.126474,1050.626474,30,30,-0.028974,0.028360,0.000029,0.000002,0.000006,0.005536,0
20260821_102553_275,1,Unspecified,2083,2026-08-21T10:43:23.9019357+09:00,2026-08-21T10:43:24.4019357+09:00,1050.626474,1051.126474,30,30,-0.037256,0.028581,0.000000,0.000001,0.000000,0.000927,0
20260821_102553_275,1,Unspecified,2084,2026-08-21T10:43:24.4019357+09:00,2026-08-21T10:43:24.9019357+09:00,1051.126474,1051.626474,30,30,-0.032421,0.032655,0.000003,0.000002,0.000002,0.002127,0
20260821_102553_275,1,Unspecified,2085,2026-08-21T10:43:24.9019357+09:00,2026-08-21T10:43:25.4019357+09:00,1051.626474,1052.126474,30,30,-0.029784,0.034247,0.000000,0.000000,0.000000,0.000435,0
20260821_102553_275,1,Unspecified,2086,2026-08-21T10:43:25.4019357+09:00,2026-08-21T10:43:25.9019357+09:00,1052.126474,1052.626474,30,30,-0.028343,0.034926,0.000000,0.000000,0.000000,0.000380,0
20260821_102553_275,1,Unspecified,2087,2026-08-21T10:43:25.9019357+09:00,2026-08-21T10:43:26.4019357+09:00,1052.626474,1053.126474,30,30,-0.027290,0.035171,0.000000,0.000000,0.000000,0.000191,0
20260821_102553_275,1,Unspecified,2088,2026-08-21T10:43:26.4019357+09:00,2026-08-21T10:43:26.9019357+09:00,1053.126474,1053.626474,30,30,-0.027328,0.034930,0.000000,0.000000,0.000000,0.000181,0
20260821_102553_275,1,Unspecified,2089,2026-08-21T10:43:26.9019357+09:00,2026-08-21T10:43:27.4019357+09:00,1053.626474,1054.126474,30,30,-0.027367,0.034681,0.000000,0.000000,0.000000,0.000114,0
20260821_102553_275,1,Unspecified,2090,2026-08-21T10:43:27.4019357+09:00,2026-08-21T10:43:27.9019357+09:00,1054.126474,1054.626474,30,30,-0.027712,0.034560,0.000000,0.000000,0.000000,0.000161,0
20260821_102553_275,1,Unspecified,2091,2026-08-21T10:43:27.9019357+09:00,2026-08-21T10:43:28.4019357+09:00,1054.626474,1055.126474,30,30,-0.027568,0.034782,0.000000,0.000000,0.000000,0.000187,0
20260821_102553_275,1,Unspecified,2092,2026-08-21T10:43:28.4019357+09:00,2026-08-21T10:43:28.9019357+09:00,1055.126474,1055.626474,30,30,-0.027704,0.034944,0.000000,0.000000,0.000000,0.000055,0
20260821_102553_275,1,Unspecified,2093,2026-08-21T10:43:28.9019357+09:00,2026-08-21T10:43:29.4019357+09:00,1055.626474,1056.126474,30,30,-0.027078,0.035251,0.000000,0.000000,0.000000,0.000300,0
20260821_102553_275,1,Unspecified,2094,2026-08-21T10:43:29.4019357+09:00,2026-08-21T10:43:29.9019357+09:00,1056.126474,1056.626474,30,30,-0.026741,0.035374,0.000000,0.000000,0.000000,0.000120,0
20260821_102553_275,1,Unspecified,2095,2026-08-21T10:43:29.9019357+09:00,2026-08-21T10:43:30.4019357+09:00,1056.626474,1057.126474,30,30,-0.026849,0.035317,0.000000,0.000000,0.000000,0.000140,0
20260821_102553_275,1,Unspecified,2096,2026-08-21T10:43:30.4019357+09:00,2026-08-21T10:43:30.9019357+09:00,1057.126474,1057.626474,30,30,-0.027154,0.035185,0.000000,0.000000,0.000000,0.000083,0
20260821_102553_275,1,Unspecified,2097,2026-08-21T10:43:30.9019357+09:00,2026-08-21T10:43:31.4019357+09:00,1057.626474,1058.126474,30,30,-0.027189,0.035095,0.000000,0.000000,0.000000,0.000124,0
20260821_102553_275,1,Unspecified,2098,2026-08-21T10:43:31.4019357+09:00,2026-08-21T10:43:31.9019357+09:00,1058.126474,1058.626474,30,30,-0.027285,0.034997,0.000000,0.000000,0.000000,0.000083,0
20260821_102553_275,1,Unspecified,2099,2026-08-21T10:43:31.9019357+09:00,2026-08-21T10:43:32.4019357+09:00,1058.626474,1059.126474,30,30,-0.027483,0.034810,0.000000,0.000000,0.000000,0.000144,0
20260821_102553_275,1,Unspecified,2100,2026-08-21T10:43:32.4019357+09:00,2026-08-21T10:43:32.9019357+09:00,1059.126474,1059.626474,30,30,-0.027516,0.034786,0.000000,0.000000,0.000000,0.000147,0
20260821_102553_275,1,Unspecified,2101,2026-08-21T10:43:32.9019357+09:00,2026-08-21T10:43:33.4019357+09:00,1059.626474,1060.126474,30,30,-0.027477,0.034818,0.000000,0.000000,0.000000,0.000228,0
20260821_102553_275,1,Unspecified,2102,2026-08-21T10:43:33.4019357+09:00,2026-08-21T10:43:33.9019357+09:00,1060.126474,1060.626474,30,30,-0.027261,0.034884,0.000000,0.000000,0.000000,0.000124,0
20260821_102553_275,1,Unspecified,2103,2026-08-21T10:43:33.9019357+09:00,2026-08-21T10:43:34.4019357+09:00,1060.626474,1061.126474,30,30,-0.027824,0.034428,0.000000,0.000000,0.000000,0.000214,0
20260821_102553_275,1,Unspecified,2104,2026-08-21T10:43:34.4019357+09:00,2026-08-21T10:43:34.9019357+09:00,1061.126474,1061.626474,30,30,-0.028499,0.033975,0.000000,0.000000,0.000000,0.000255,0
20260821_102553_275,1,Unspecified,2105,2026-08-21T10:43:34.9019357+09:00,2026-08-21T10:43:35.4019357+09:00,1061.626474,1062.126474,30,30,-0.028487,0.034027,0.000000,0.000000,0.000000,0.000172,0
20260821_102553_275,1,Unspecified,2106,2026-08-21T10:43:35.4019357+09:00,2026-08-21T10:43:35.9019357+09:00,1062.126474,1062.626474,30,30,-0.029163,0.034093,0.000000,0.000000,0.000000,0.000263,0
20260821_102553_275,1,Unspecified,2107,2026-08-21T10:43:35.9019357+09:00,2026-08-21T10:43:36.4019357+09:00,1062.626474,1063.126474,30,30,-0.029367,0.034546,0.000000,0.000000,0.000000,0.000099,0
20260821_102553_275,1,Unspecified,2108,2026-08-21T10:43:36.4019357+09:00,2026-08-21T10:43:36.9019357+09:00,1063.126474,1063.626474,30,30,-0.028846,0.034935,0.000000,0.000000,0.000000,0.000473,0
20260821_102553_275,1,Unspecified,2109,2026-08-21T10:43:36.9019357+09:00,2026-08-21T10:43:37.4019357+09:00,1063.626474,1064.126474,30,30,-0.027600,0.035266,0.000000,0.000000,0.000000,0.000331,0
20260821_102553_275,1,Unspecified,2110,2026-08-21T10:43:37.4019357+09:00,2026-08-21T10:43:37.9019357+09:00,1064.126474,1064.626474,30,30,-0.026707,0.034513,0.000000,0.000000,0.000000,0.000459,0
20260821_102553_275,1,Unspecified,2111,2026-08-21T10:43:37.9019357+09:00,2026-08-21T10:43:38.4019357+09:00,1064.626474,1065.126474,30,30,-0.034141,0.029447,0.000014,0.000013,0.000014,0.005227,0
20260821_102553_275,1,Unspecified,2112,2026-08-21T10:43:38.4019357+09:00,2026-08-21T10:43:38.9019357+09:00,1065.126474,1065.626474,30,30,-0.036922,0.028912,0.000012,0.000012,0.000012,0.004926,0
20260821_102553_275,1,Unspecified,2113,2026-08-21T10:43:38.9019357+09:00,2026-08-21T10:43:39.4019357+09:00,1065.626474,1066.126474,30,30,-0.034256,0.030900,0.000011,0.000010,0.000010,0.004557,0
20260821_102553_275,1,Unspecified,2114,2026-08-21T10:43:39.4019357+09:00,2026-08-21T10:43:39.9019357+09:00,1066.126474,1066.626474,30,30,-0.033809,0.031362,0.000005,0.000003,0.000004,0.002770,0
20260821_102553_275,1,Unspecified,2115,2026-08-21T10:43:39.9019357+09:00,2026-08-21T10:43:40.4019357+09:00,1066.626474,1067.126474,30,30,-0.038797,0.023201,0.000016,0.000013,0.000014,0.005391,0
20260821_102553_275,1,Unspecified,2116,2026-08-21T10:43:40.4019357+09:00,2026-08-21T10:43:40.9019357+09:00,1067.126474,1067.626474,30,30,-0.036024,0.028677,0.000003,0.000001,0.000001,0.001967,0
20260821_102553_275,1,Unspecified,2117,2026-08-21T10:43:40.9019357+09:00,2026-08-21T10:43:41.4019357+09:00,1067.626474,1068.126474,30,30,-0.040240,0.025512,0.000001,0.000001,0.000001,0.001541,0
20260821_102553_275,1,Unspecified,2118,2026-08-21T10:43:41.4019357+09:00,2026-08-21T10:43:41.9019357+09:00,1068.126474,1068.626474,30,30,-0.039182,0.026430,0.000000,0.000000,0.000000,0.000801,0
20260821_102553_275,1,Unspecified,2119,2026-08-21T10:43:41.9019357+09:00,2026-08-21T10:43:42.4019357+09:00,1068.626474,1069.126474,30,30,-0.037192,0.022739,0.000001,0.000003,-0.000001,0.002027,0
20260821_102553_275,1,Unspecified,2120,2026-08-21T10:43:42.4019357+09:00,2026-08-21T10:43:42.9019357+09:00,1069.126474,1069.626474,30,30,-0.035377,0.021800,0.000000,0.000000,0.000000,0.000792,0
20260821_102553_275,1,Unspecified,2121,2026-08-21T10:43:42.9019357+09:00,2026-08-21T10:43:43.4019357+09:00,1069.626474,1070.126474,30,30,-0.034536,0.025959,0.000000,0.000002,-0.000001,0.001596,0
20260821_102553_275,1,Unspecified,2122,2026-08-21T10:43:43.4019357+09:00,2026-08-21T10:43:43.9019357+09:00,1070.126474,1070.626474,30,30,-0.036257,0.027921,0.000000,0.000001,0.000000,0.000859,0
20260821_102553_275,1,Unspecified,2123,2026-08-21T10:43:43.9019357+09:00,2026-08-21T10:43:44.4019357+09:00,1070.626474,1071.126474,30,30,-0.034802,0.030136,0.000000,0.000000,0.000000,0.000770,0
20260821_102553_275,1,Unspecified,2124,2026-08-21T10:43:44.4019357+09:00,2026-08-21T10:43:44.9019357+09:00,1071.126474,1071.626474,30,30,-0.033166,0.031679,0.000000,0.000000,0.000000,0.000425,0
20260821_102553_275,1,Unspecified,2125,2026-08-21T10:43:44.9019357+09:00,2026-08-21T10:43:45.4019357+09:00,1071.626474,1072.126474,30,30,-0.031620,0.032755,0.000000,0.000000,0.000000,0.000827,0
20260821_102553_275,1,Unspecified,2126,2026-08-21T10:43:45.4019357+09:00,2026-08-21T10:43:45.9019357+09:00,1072.126474,1072.626474,30,30,-0.029471,0.035315,0.000000,0.000000,0.000000,0.000546,0
20260821_102553_275,1,Unspecified,2127,2026-08-21T10:43:45.9019357+09:00,2026-08-21T10:43:46.4019357+09:00,1072.626474,1073.126474,30,30,-0.029485,0.035318,0.000000,0.000000,0.000000,0.000136,0
20260821_102553_275,1,Unspecified,2128,2026-08-21T10:43:46.4019357+09:00,2026-08-21T10:43:46.9019357+09:00,1073.126474,1073.626474,30,30,-0.028952,0.035491,0.000000,0.000000,0.000000,0.000123,0
20260821_102553_275,1,Unspecified,2129,2026-08-21T10:43:46.9019357+09:00,2026-08-21T10:43:47.4019357+09:00,1073.626474,1074.126474,30,30,-0.028225,0.035945,0.000000,0.000000,0.000000,0.000398,0
20260821_102553_275,1,Unspecified,2130,2026-08-21T10:43:47.4019357+09:00,2026-08-21T10:43:47.9019357+09:00,1074.126474,1074.626474,30,30,-0.028058,0.035927,0.000000,0.000000,0.000000,0.000180,0
20260821_102553_275,1,Unspecified,2131,2026-08-21T10:43:47.9019357+09:00,2026-08-21T10:43:48.4019357+09:00,1074.626474,1075.126474,30,30,-0.027785,0.036008,0.000000,0.000000,0.000000,0.000417,0
20260821_102553_275,1,Unspecified,2132,2026-08-21T10:43:48.4019357+09:00,2026-08-21T10:43:48.9019357+09:00,1075.126474,1075.626474,30,30,-0.026968,0.036372,0.000000,0.000000,0.000000,0.000083,0
20260821_102553_275,1,Unspecified,2133,2026-08-21T10:43:48.9019357+09:00,2026-08-21T10:43:49.4019357+09:00,1075.626474,1076.126474,30,30,-0.026848,0.036321,0.000000,0.000000,0.000000,0.000136,0
20260821_102553_275,1,Unspecified,2134,2026-08-21T10:43:49.4019357+09:00,2026-08-21T10:43:49.9019357+09:00,1076.126474,1076.626474,30,30,-0.026765,0.036312,0.000000,0.000000,0.000000,0.000122,0
20260821_102553_275,1,Unspecified,2135,2026-08-21T10:43:49.9019357+09:00,2026-08-21T10:43:50.4019357+09:00,1076.626474,1077.126474,30,30,-0.026687,0.036316,0.000000,0.000000,0.000000,0.000102,0
20260821_102553_275,1,Unspecified,2136,2026-08-21T10:43:50.4019357+09:00,2026-08-21T10:43:50.9019357+09:00,1077.126474,1077.626474,30,30,-0.026558,0.036412,0.000000,0.000000,0.000000,0.000144,0
20260821_102553_275,1,Unspecified,2137,2026-08-21T10:43:50.9019357+09:00,2026-08-21T10:43:51.4019357+09:00,1077.626474,1078.126474,30,30,-0.026374,0.036683,0.000000,0.000000,0.000000,0.000152,0
20260821_102553_275,1,Unspecified,2138,2026-08-21T10:43:51.4019357+09:00,2026-08-21T10:43:51.9019357+09:00,1078.126474,1078.626474,30,30,-0.026627,0.036690,0.000000,0.000000,0.000000,0.000147,0
20260821_102553_275,1,Unspecified,2139,2026-08-21T10:43:51.9019357+09:00,2026-08-21T10:43:52.4019357+09:00,1078.626474,1079.126474,30,30,-0.026765,0.036502,0.000000,0.000000,0.000000,0.000183,0
20260821_102553_275,1,Unspecified,2140,2026-08-21T10:43:52.4019357+09:00,2026-08-21T10:43:52.9019357+09:00,1079.126474,1079.626474,30,30,-0.026662,0.036440,0.000000,0.000000,0.000000,0.000092,0
20260821_102553_275,1,Unspecified,2141,2026-08-21T10:43:52.9019357+09:00,2026-08-21T10:43:53.4019357+09:00,1079.626474,1080.126474,30,30,-0.026666,0.036383,0.000000,0.000000,0.000000,0.000117,0
20260821_102553_275,1,Unspecified,2142,2026-08-21T10:43:53.4019357+09:00,2026-08-21T10:43:53.9019357+09:00,1080.126474,1080.626474,30,30,-0.026277,0.036616,0.000000,0.000000,0.000000,0.000210,0
20260821_102553_275,1,Unspecified,2143,2026-08-21T10:43:53.9019357+09:00,2026-08-21T10:43:54.4019357+09:00,1080.626474,1081.126474,30,30,-0.025843,0.036952,0.000000,0.000000,0.000000,0.000064,0
20260821_102553_275,1,Unspecified,2144,2026-08-21T10:43:54.4019357+09:00,2026-08-21T10:43:54.9019357+09:00,1081.126474,1081.626474,30,30,-0.025522,0.037191,0.000000,0.000000,0.000000,0.000253,0
20260821_102553_275,1,Unspecified,2145,2026-08-21T10:43:54.9019357+09:00,2026-08-21T10:43:55.4019357+09:00,1081.626474,1082.126474,30,30,-0.024899,0.037433,0.000000,0.000000,0.000000,0.000122,0
20260821_102553_275,1,Unspecified,2146,2026-08-21T10:43:55.4019357+09:00,2026-08-21T10:43:55.9019357+09:00,1082.126474,1082.626474,30,30,-0.025048,0.037233,0.000000,0.000000,0.000000,0.000107,0
20260821_102553_275,1,Unspecified,2147,2026-08-21T10:43:55.9019357+09:00,2026-08-21T10:43:56.4019357+09:00,1082.626474,1083.126474,30,30,-0.025402,0.037031,0.000000,0.000000,0.000000,0.000169,0
20260821_102553_275,1,Unspecified,2148,2026-08-21T10:43:56.4019357+09:00,2026-08-21T10:43:56.9019357+09:00,1083.126474,1083.626474,30,30,-0.025435,0.037019,0.000000,0.000000,0.000000,0.000063,0
20260821_102553_275,1,Unspecified,2149,2026-08-21T10:43:56.9019357+09:00,2026-08-21T10:43:57.4019357+09:00,1083.626474,1084.126474,30,30,-0.025627,0.036902,0.000000,0.000000,0.000000,0.000132,0
20260821_102553_275,1,Unspecified,2150,2026-08-21T10:43:57.4019357+09:00,2026-08-21T10:43:57.9019357+09:00,1084.126474,1084.626474,30,30,-0.025662,0.036928,0.000000,0.000000,0.000000,0.000094,0
20260821_102553_275,1,Unspecified,2151,2026-08-21T10:43:57.9019357+09:00,2026-08-21T10:43:58.4019357+09:00,1084.626474,1085.126474,30,30,-0.025402,0.037189,0.000000,0.000000,0.000000,0.000141,0
20260821_102553_275,1,Unspecified,2152,2026-08-21T10:43:58.4019357+09:00,2026-08-21T10:43:58.9019357+09:00,1085.126474,1085.626474,30,30,-0.026604,0.036566,0.000000,0.000000,0.000000,0.000432,0
20260821_102553_275,1,Unspecified,2153,2026-08-21T10:43:58.9019357+09:00,2026-08-21T10:43:59.4019357+09:00,1085.626474,1086.126474,30,30,-0.026164,0.036765,0.000000,0.000000,0.000000,0.000560,0
20260821_102553_275,1,Unspecified,2154,2026-08-21T10:43:59.4019357+09:00,2026-08-21T10:43:59.9019357+09:00,1086.126474,1086.626474,30,30,-0.025227,0.037173,0.000000,0.000000,0.000000,0.000123,0
20260821_102553_275,1,Unspecified,2155,2026-08-21T10:43:59.9019357+09:00,2026-08-21T10:44:00.4019357+09:00,1086.626474,1087.126474,30,30,-0.025137,0.037135,0.000000,0.000000,0.000000,0.000101,0
20260821_102553_275,1,Unspecified,2156,2026-08-21T10:44:00.4019357+09:00,2026-08-21T10:44:00.9019357+09:00,1087.126474,1087.626474,30,30,-0.025528,0.036752,0.000000,0.000000,0.000000,0.000344,0
20260821_102553_275,1,Unspecified,2157,2026-08-21T10:44:00.9019357+09:00,2026-08-21T10:44:01.4019357+09:00,1087.626474,1088.126474,30,30,-0.025671,0.036607,0.000000,0.000000,0.000000,0.000282,0
20260821_102553_275,1,Unspecified,2158,2026-08-21T10:44:01.4019357+09:00,2026-08-21T10:44:01.9019357+09:00,1088.126474,1088.626474,30,30,-0.024974,0.037038,0.000000,0.000000,0.000000,0.000161,0
20260821_102553_275,1,Unspecified,2159,2026-08-21T10:44:01.9019357+09:00,2026-08-21T10:44:02.4019357+09:00,1088.626474,1089.126474,30,30,-0.025799,0.036715,0.000000,0.000000,0.000000,0.000459,0
20260821_102553_275,1,Unspecified,2160,2026-08-21T10:44:02.4019357+09:00,2026-08-21T10:44:02.9019357+09:00,1089.126474,1089.626474,30,30,-0.026221,0.036557,0.000000,0.000000,0.000000,0.000318,0
20260821_102553_275,1,Unspecified,2161,2026-08-21T10:44:02.9019357+09:00,2026-08-21T10:44:03.4019357+09:00,1089.626474,1090.126474,30,30,-0.025408,0.036961,0.000000,0.000000,0.000000,0.000141,0
20260821_102553_275,1,Unspecified,2162,2026-08-21T10:44:03.4019357+09:00,2026-08-21T10:44:03.9019357+09:00,1090.126474,1090.626474,30,30,-0.025144,0.037050,0.000000,0.000000,0.000000,0.000102,0
20260821_102553_275,1,Unspecified,2163,2026-08-21T10:44:03.9019357+09:00,2026-08-21T10:44:04.4019357+09:00,1090.626474,1091.126474,30,30,-0.025203,0.037004,0.000000,0.000000,0.000000,0.000094,0
20260821_102553_275,1,Unspecified,2164,2026-08-21T10:44:04.4019357+09:00,2026-08-21T10:44:04.9019357+09:00,1091.126474,1091.626474,30,30,-0.025406,0.036886,0.000000,0.000000,0.000000,0.000126,0
20260821_102553_275,1,Unspecified,2165,2026-08-21T10:44:04.9019357+09:00,2026-08-21T10:44:05.4019357+09:00,1091.626474,1092.126474,30,30,-0.025478,0.036850,0.000000,0.000000,0.000000,0.000169,0
20260821_102553_275,1,Unspecified,2166,2026-08-21T10:44:05.4019357+09:00,2026-08-21T10:44:05.9019357+09:00,1092.126474,1092.626474,30,30,-0.029011,0.034953,0.000009,0.000003,0.000005,0.003428,0
20260821_102553_275,1,Unspecified,2167,2026-08-21T10:44:05.9019357+09:00,2026-08-21T10:44:06.4019357+09:00,1092.626474,1093.126474,30,30,-0.049435,0.011432,0.000074,0.000203,0.000120,0.016635,0
20260821_102553_275,1,Unspecified,2168,2026-08-21T10:44:06.4019357+09:00,2026-08-21T10:44:06.9019357+09:00,1093.126474,1093.626474,30,30,-0.057818,-0.008510,0.000005,0.000031,0.000013,0.006025,0
20260821_102553_275,1,Unspecified,2169,2026-08-21T10:44:06.9019357+09:00,2026-08-21T10:44:07.4019357+09:00,1093.626474,1094.126474,30,30,-0.046470,0.017155,0.000021,0.000036,0.000026,0.007555,0
20260821_102553_275,1,Unspecified,2170,2026-08-21T10:44:07.4019357+09:00,2026-08-21T10:44:07.9019357+09:00,1094.126474,1094.626474,30,30,-0.033849,0.029391,0.000003,0.000003,0.000003,0.002449,0
20260821_102553_275,1,Unspecified,2171,2026-08-21T10:44:07.9019357+09:00,2026-08-21T10:44:08.4019357+09:00,1094.626474,1095.126474,30,30,-0.030858,0.032476,0.000000,0.000000,0.000000,0.000476,0
20260821_102553_275,1,Unspecified,2172,2026-08-21T10:44:08.4019357+09:00,2026-08-21T10:44:08.9019357+09:00,1095.126474,1095.626474,30,30,-0.029847,0.033289,0.000000,0.000000,0.000000,0.000302,0
20260821_102553_275,1,Unspecified,2173,2026-08-21T10:44:08.9019357+09:00,2026-08-21T10:44:09.4019357+09:00,1095.626474,1096.126474,30,30,-0.029174,0.033794,0.000000,0.000000,0.000000,0.000246,0
20260821_102553_275,1,Unspecified,2174,2026-08-21T10:44:09.4019357+09:00,2026-08-21T10:44:09.9019357+09:00,1096.126474,1096.626474,30,30,-0.028499,0.034317,0.000000,0.000000,0.000000,0.000365,0
20260821_102553_275,1,Unspecified,2175,2026-08-21T10:44:09.9019357+09:00,2026-08-21T10:44:10.4019357+09:00,1096.626474,1097.126474,30,30,-0.027784,0.034896,0.000000,0.000000,0.000000,0.000118,0
20260821_102553_275,1,Unspecified,2176,2026-08-21T10:44:10.4019357+09:00,2026-08-21T10:44:10.9019357+09:00,1097.126474,1097.626474,30,30,-0.027261,0.035181,0.000000,0.000000,0.000000,0.000406,0
20260821_102553_275,1,Unspecified,2177,2026-08-21T10:44:10.9019357+09:00,2026-08-21T10:44:11.4019357+09:00,1097.626474,1098.126474,30,30,-0.026085,0.035543,0.000000,0.000000,0.000000,0.000208,0
20260821_102553_275,1,Unspecified,2178,2026-08-21T10:44:11.4019357+09:00,2026-08-21T10:44:11.9019357+09:00,1098.126474,1098.626474,30,30,-0.026115,0.035130,0.000000,0.000000,0.000000,0.000201,0
20260821_102553_275,1,Unspecified,2179,2026-08-21T10:44:11.9019357+09:00,2026-08-21T10:44:12.4019357+09:00,1098.626474,1099.126474,30,30,-0.025986,0.034976,0.000000,0.000000,0.000000,0.000149,0
20260821_102553_275,1,Unspecified,2180,2026-08-21T10:44:12.4019357+09:00,2026-08-21T10:44:12.9019357+09:00,1099.126474,1099.626474,30,30,-0.026150,0.034965,0.000000,0.000000,0.000000,0.000149,0
20260821_102553_275,1,Unspecified,2181,2026-08-21T10:44:12.9019357+09:00,2026-08-21T10:44:13.4019357+09:00,1099.626474,1100.126474,30,30,-0.025744,0.035364,0.000000,0.000000,0.000000,0.000116,0
20260821_102553_275,1,Unspecified,2182,2026-08-21T10:44:13.4019357+09:00,2026-08-21T10:44:13.9019357+09:00,1100.126474,1100.626474,30,30,-0.026032,0.035312,0.000000,0.000000,0.000000,0.000166,0
20260821_102553_275,1,Unspecified,2183,2026-08-21T10:44:13.9019357+09:00,2026-08-21T10:44:14.4019357+09:00,1100.626474,1101.126474,30,30,-0.025704,0.035437,0.000000,0.000000,0.000000,0.000137,0
20260821_102553_275,1,Unspecified,2184,2026-08-21T10:44:14.4019357+09:00,2026-08-21T10:44:14.9019357+09:00,1101.126474,1101.626474,30,30,-0.025913,0.035329,0.000000,0.000000,0.000000,0.000100,0
20260821_102553_275,1,Unspecified,2185,2026-08-21T10:44:14.9019357+09:00,2026-08-21T10:44:15.4019357+09:00,1101.626474,1102.126474,30,30,-0.026200,0.035142,0.000000,0.000000,0.000000,0.000158,0
20260821_102553_275,1,Unspecified,2186,2026-08-21T10:44:15.4019357+09:00,2026-08-21T10:44:15.9019357+09:00,1102.126474,1102.626474,30,30,-0.026545,0.034852,0.000000,0.000000,0.000000,0.000123,0
20260821_102553_275,1,Unspecified,2187,2026-08-21T10:44:15.9019357+09:00,2026-08-21T10:44:16.4019357+09:00,1102.626474,1103.126474,30,30,-0.026256,0.035341,0.000000,0.000000,0.000000,0.000420,0
20260821_102553_275,1,Unspecified,2188,2026-08-21T10:44:16.4019357+09:00,2026-08-21T10:44:16.9019357+09:00,1103.126474,1103.626474,30,30,-0.025818,0.035782,0.000000,0.000000,0.000000,0.000120,0
20260821_102553_275,1,Unspecified,2189,2026-08-21T10:44:16.9019357+09:00,2026-08-21T10:44:17.4019357+09:00,1103.626474,1104.126474,30,30,-0.025376,0.035867,0.000000,0.000000,0.000000,0.000216,0
20260821_102553_275,1,Unspecified,2190,2026-08-21T10:44:17.4019357+09:00,2026-08-21T10:44:17.9019357+09:00,1104.126474,1104.626474,30,30,-0.025302,0.035815,0.000000,0.000000,0.000000,0.000128,0
20260821_102553_275,1,Unspecified,2191,2026-08-21T10:44:17.9019357+09:00,2026-08-21T10:44:18.4019357+09:00,1104.626474,1105.126474,30,30,-0.025590,0.035619,0.000000,0.000000,0.000000,0.000101,0
20260821_102553_275,1,Unspecified,2192,2026-08-21T10:44:18.4019357+09:00,2026-08-21T10:44:18.9019357+09:00,1105.126474,1105.626474,30,30,-0.025613,0.035604,0.000000,0.000000,0.000000,0.000081,0
20260821_102553_275,1,Unspecified,2193,2026-08-21T10:44:18.9019357+09:00,2026-08-21T10:44:19.4019357+09:00,1105.626474,1106.126474,30,30,-0.025566,0.035535,0.000000,0.000000,0.000000,0.000117,0
20260821_102553_275,1,Unspecified,2194,2026-08-21T10:44:19.4019357+09:00,2026-08-21T10:44:19.9019357+09:00,1106.126474,1106.626474,30,30,-0.024366,0.036219,0.000000,0.000000,0.000000,0.000753,0
20260821_102553_275,1,Unspecified,2195,2026-08-21T10:44:19.9019357+09:00,2026-08-21T10:44:20.4019357+09:00,1106.626474,1107.126474,30,30,-0.023362,0.036973,0.000000,0.000000,0.000000,0.000121,0
20260821_102553_275,1,Unspecified,2196,2026-08-21T10:44:20.4019357+09:00,2026-08-21T10:44:20.9019357+09:00,1107.126474,1107.626474,30,30,-0.023537,0.036757,0.000000,0.000000,0.000000,0.000180,0
20260821_102553_275,1,Unspecified,2197,2026-08-21T10:44:20.9019357+09:00,2026-08-21T10:44:21.4019357+09:00,1107.626474,1108.126474,30,30,-0.024193,0.036322,0.000000,0.000000,0.000000,0.000272,0
20260821_102553_275,1,Unspecified,2198,2026-08-21T10:44:21.4019357+09:00,2026-08-21T10:44:21.9019357+09:00,1108.126474,1108.626474,30,30,-0.024813,0.035957,0.000000,0.000000,0.000000,0.000137,0
20260821_102553_275,1,Unspecified,2199,2026-08-21T10:44:21.9019357+09:00,2026-08-21T10:44:22.4019357+09:00,1108.626474,1109.126474,30,30,-0.025170,0.035791,0.000000,0.000000,0.000000,0.000195,0
20260821_102553_275,1,Unspecified,2200,2026-08-21T10:44:22.4019357+09:00,2026-08-21T10:44:22.9019357+09:00,1109.126474,1109.626474,30,30,-0.025375,0.035709,0.000000,0.000000,0.000000,0.000124,0
20260821_102553_275,1,Unspecified,2201,2026-08-21T10:44:22.9019357+09:00,2026-08-21T10:44:23.4019357+09:00,1109.626474,1110.126474,30,30,-0.024982,0.035681,0.000000,0.000000,0.000000,0.000318,0
20260821_102553_275,1,Unspecified,2202,2026-08-21T10:44:23.4019357+09:00,2026-08-21T10:44:23.9019357+09:00,1110.126474,1110.626474,30,30,-0.024989,0.033054,0.000000,0.000001,0.000000,0.000986,0
20260821_102553_275,1,Unspecified,2203,2026-08-21T10:44:23.9019357+09:00,2026-08-21T10:44:24.4019357+09:00,1110.626474,1111.126474,30,30,-0.024666,0.031889,0.000000,0.000000,0.000000,0.000538,0
20260821_102553_275,1,Unspecified,2204,2026-08-21T10:44:24.4019357+09:00,2026-08-21T10:44:24.9019357+09:00,1111.126474,1111.626474,30,30,-0.032886,0.029761,0.000024,0.000006,0.000011,0.005470,0
20260821_102553_275,1,Unspecified,2205,2026-08-21T10:44:24.9019357+09:00,2026-08-21T10:44:25.4019357+09:00,1111.626474,1112.126474,30,30,-0.039782,0.026368,0.000004,0.000003,0.000003,0.002510,0
20260821_102553_275,1,Unspecified,2206,2026-08-21T10:44:25.4019357+09:00,2026-08-21T10:44:25.9019357+09:00,1112.126474,1112.626474,30,30,-0.029625,0.033571,0.000009,0.000005,0.000007,0.003735,0
20260821_102553_275,1,Unspecified,2207,2026-08-21T10:44:25.9019357+09:00,2026-08-21T10:44:26.4019357+09:00,1112.626474,1113.126474,30,30,-0.025029,0.037291,0.000001,0.000000,0.000000,0.000980,0
20260821_102553_275,1,Unspecified,2208,2026-08-21T10:44:26.4019357+09:00,2026-08-21T10:44:26.9019357+09:00,1113.126474,1113.626474,30,30,-0.024525,0.038043,0.000000,0.000000,0.000000,0.000542,0
20260821_102553_275,1,Unspecified,2209,2026-08-21T10:44:26.9019357+09:00,2026-08-21T10:44:27.4019357+09:00,1113.626474,1114.126474,30,30,-0.024394,0.038148,0.000001,0.000000,0.000000,0.001009,0
20260821_102553_275,1,Unspecified,2210,2026-08-21T10:44:27.4019357+09:00,2026-08-21T10:44:27.9019357+09:00,1114.126474,1114.626474,30,30,-0.025229,0.037504,0.000000,0.000000,0.000000,0.000359,0
20260821_102553_275,1,Unspecified,2211,2026-08-21T10:44:27.9019357+09:00,2026-08-21T10:44:28.4019357+09:00,1114.626474,1115.126474,30,30,-0.025427,0.037287,0.000000,0.000000,0.000000,0.000135,0
20260821_102553_275,1,Unspecified,2212,2026-08-21T10:44:28.4019357+09:00,2026-08-21T10:44:28.9019357+09:00,1115.126474,1115.626474,30,30,-0.025465,0.037210,0.000000,0.000000,0.000000,0.000164,0
20260821_102553_275,1,Unspecified,2213,2026-08-21T10:44:28.9019357+09:00,2026-08-21T10:44:29.4019357+09:00,1115.626474,1116.126474,30,30,-0.025501,0.037224,0.000000,0.000000,0.000000,0.000176,0
20260821_102553_275,1,Unspecified,2214,2026-08-21T10:44:29.4019357+09:00,2026-08-21T10:44:29.9019357+09:00,1116.126474,1116.626474,30,30,-0.025402,0.037440,0.000000,0.000000,0.000000,0.000075,0
20260821_102553_275,1,Unspecified,2215,2026-08-21T10:44:29.9019357+09:00,2026-08-21T10:44:30.4019357+09:00,1116.626474,1117.126474,30,30,-0.025402,0.037518,0.000000,0.000000,0.000000,0.000077,0
20260821_102553_275,1,Unspecified,2216,2026-08-21T10:44:30.4019357+09:00,2026-08-21T10:44:30.9019357+09:00,1117.126474,1117.626474,30,30,-0.024981,0.037665,0.000000,0.000000,0.000000,0.000145,0
20260821_102553_275,1,Unspecified,2217,2026-08-21T10:44:30.9019357+09:00,2026-08-21T10:44:31.4019357+09:00,1117.626474,1118.126474,30,30,-0.025067,0.037532,0.000000,0.000000,0.000000,0.000148,0
20260821_102553_275,1,Unspecified,2218,2026-08-21T10:44:31.4019357+09:00,2026-08-21T10:44:31.9019357+09:00,1118.126474,1118.626474,30,30,-0.024988,0.037310,0.000000,0.000000,0.000000,0.000130,0
20260821_102553_275,1,Unspecified,2219,2026-08-21T10:44:31.9019357+09:00,2026-08-21T10:44:32.4019357+09:00,1118.626474,1119.126474,30,30,-0.025183,0.037131,0.000000,0.000000,0.000000,0.000154,0
20260821_102553_275,1,Unspecified,2220,2026-08-21T10:44:32.4019357+09:00,2026-08-21T10:44:32.9019357+09:00,1119.126474,1119.626474,30,30,-0.025423,0.036950,0.000000,0.000000,0.000000,0.000141,0
20260821_102553_275,1,Unspecified,2221,2026-08-21T10:44:32.9019357+09:00,2026-08-21T10:44:33.4019357+09:00,1119.626474,1120.126474,30,30,-0.025019,0.037290,0.000000,0.000000,0.000000,0.000227,0
20260821_102553_275,1,Unspecified,2222,2026-08-21T10:44:33.4019357+09:00,2026-08-21T10:44:33.9019357+09:00,1120.126474,1120.626474,30,30,-0.024639,0.037584,0.000000,0.000000,0.000000,0.000156,0
20260821_102553_275,1,Unspecified,2223,2026-08-21T10:44:33.9019357+09:00,2026-08-21T10:44:34.4019357+09:00,1120.626474,1121.126474,30,30,-0.024022,0.037872,0.000000,0.000000,0.000000,0.000246,0
20260821_102553_275,1,Unspecified,2224,2026-08-21T10:44:34.4019357+09:00,2026-08-21T10:44:34.9019357+09:00,1121.126474,1121.626474,30,30,-0.023807,0.037864,0.000000,0.000000,0.000000,0.000058,0
20260821_102553_275,1,Unspecified,2225,2026-08-21T10:44:34.9019357+09:00,2026-08-21T10:44:35.4019357+09:00,1121.626474,1122.126474,30,30,-0.023721,0.037815,0.000000,0.000000,0.000000,0.000111,0
20260821_102553_275,1,Unspecified,2226,2026-08-21T10:44:35.4019357+09:00,2026-08-21T10:44:35.9019357+09:00,1122.126474,1122.626474,30,30,-0.023669,0.037827,0.000000,0.000000,0.000000,0.000108,0
20260821_102553_275,1,Unspecified,2227,2026-08-21T10:44:35.9019357+09:00,2026-08-21T10:44:36.4019357+09:00,1122.626474,1123.126474,30,30,-0.023720,0.037802,0.000000,0.000000,0.000000,0.000067,0
20260821_102553_275,1,Unspecified,2228,2026-08-21T10:44:36.4019357+09:00,2026-08-21T10:44:36.9019357+09:00,1123.126474,1123.626474,30,30,-0.023690,0.037876,0.000000,0.000000,0.000000,0.000145,0
20260821_102553_275,1,Unspecified,2229,2026-08-21T10:44:36.9019357+09:00,2026-08-21T10:44:37.4019357+09:00,1123.626474,1124.126474,30,30,-0.023598,0.038005,0.000000,0.000000,0.000000,0.000075,0
20260821_102553_275,1,Unspecified,2230,2026-08-21T10:44:37.4019357+09:00,2026-08-21T10:44:37.9019357+09:00,1124.126474,1124.626474,30,30,-0.023519,0.038124,0.000000,0.000000,0.000000,0.000267,0
20260821_102553_275,1,Unspecified,2231,2026-08-21T10:44:37.9019357+09:00,2026-08-21T10:44:38.4019357+09:00,1124.626474,1125.126474,30,30,-0.023214,0.038209,0.000000,0.000000,0.000000,0.000390,0
20260821_102553_275,1,Unspecified,2232,2026-08-21T10:44:38.4019357+09:00,2026-08-21T10:44:38.9019357+09:00,1125.126474,1125.626474,30,30,-0.024064,0.037699,0.000000,0.000000,0.000000,0.000118,0
20260821_102553_275,1,Unspecified,2233,2026-08-21T10:44:38.9019357+09:00,2026-08-21T10:44:39.4019357+09:00,1125.626474,1126.126474,30,30,-0.024087,0.037610,0.000000,0.000000,0.000000,0.000150,0
20260821_102553_275,1,Unspecified,2234,2026-08-21T10:44:39.4019357+09:00,2026-08-21T10:44:39.9019357+09:00,1126.126474,1126.626474,30,30,-0.024085,0.037582,0.000000,0.000000,0.000000,0.000124,0
20260821_102553_275,1,Unspecified,2235,2026-08-21T10:44:39.9019357+09:00,2026-08-21T10:44:40.4019357+09:00,1126.626474,1127.126474,30,30,-0.024264,0.037574,0.000000,0.000000,0.000000,0.000333,0
20260821_102553_275,1,Unspecified,2236,2026-08-21T10:44:40.4019357+09:00,2026-08-21T10:44:40.9019357+09:00,1127.126474,1127.626474,30,30,-0.023017,0.038411,0.000000,0.000000,0.000000,0.000279,0
20260821_102553_275,1,Unspecified,2237,2026-08-21T10:44:40.9019357+09:00,2026-08-21T10:44:41.4019357+09:00,1127.626474,1128.126474,30,30,-0.024059,0.037984,0.000000,0.000000,0.000000,0.000441,0
20260821_102553_275,1,Unspecified,2238,2026-08-21T10:44:41.4019357+09:00,2026-08-21T10:44:41.9019357+09:00,1128.126474,1128.626474,30,30,-0.024276,0.037976,0.000000,0.000000,0.000000,0.000110,0
20260821_102553_275,1,Unspecified,2239,2026-08-21T10:44:41.9019357+09:00,2026-08-21T10:44:42.4019357+09:00,1128.626474,1129.126474,30,30,-0.024834,0.037949,0.000000,0.000000,0.000000,0.000306,0
20260821_102553_275,1,Unspecified,2240,2026-08-21T10:44:42.4019357+09:00,2026-08-21T10:44:42.9019357+09:00,1129.126474,1129.626474,30,30,-0.026472,0.037482,0.000000,0.000000,0.000000,0.000364,0
20260821_102553_275,1,Unspecified,2241,2026-08-21T10:44:42.9019357+09:00,2026-08-21T10:44:43.4019357+09:00,1129.626474,1130.126474,30,30,-0.027036,0.037297,0.000000,0.000000,0.000000,0.000302,0
20260821_102553_275,1,Unspecified,2242,2026-08-21T10:44:43.4019357+09:00,2026-08-21T10:44:43.9019357+09:00,1130.126474,1130.626474,30,30,-0.027085,0.037413,0.000000,0.000000,0.000000,0.000149,0
20260821_102553_275,1,Unspecified,2243,2026-08-21T10:44:43.9019357+09:00,2026-08-21T10:44:44.4019357+09:00,1130.626474,1131.126474,30,30,-0.027134,0.037493,0.000000,0.000000,0.000000,0.000172,0
20260821_102553_275,1,Unspecified,2244,2026-08-21T10:44:44.4019357+09:00,2026-08-21T10:44:44.9019357+09:00,1131.126474,1131.626474,30,30,-0.027107,0.037514,0.000000,0.000000,0.000000,0.000143,0
20260821_102553_275,1,Unspecified,2245,2026-08-21T10:44:44.9019357+09:00,2026-08-21T10:44:45.4019357+09:00,1131.626474,1132.126474,30,30,-0.026788,0.037696,0.000000,0.000000,0.000000,0.000206,0
20260821_102553_275,1,Unspecified,2246,2026-08-21T10:44:45.4019357+09:00,2026-08-21T10:44:45.9019357+09:00,1132.126474,1132.626474,30,30,-0.026843,0.037617,0.000000,0.000000,0.000000,0.000114,0
20260821_102553_275,1,Unspecified,2247,2026-08-21T10:44:45.9019357+09:00,2026-08-21T10:44:46.4019357+09:00,1132.626474,1133.126474,30,30,-0.026980,0.037498,0.000000,0.000000,0.000000,0.000128,0
20260821_102553_275,1,Unspecified,2248,2026-08-21T10:44:46.4019357+09:00,2026-08-21T10:44:46.9019357+09:00,1133.126474,1133.626474,30,30,-0.027084,0.037426,0.000000,0.000000,0.000000,0.000100,0
20260821_102553_275,1,Unspecified,2249,2026-08-21T10:44:46.9019357+09:00,2026-08-21T10:44:47.4019357+09:00,1133.626474,1134.126474,30,30,-0.027180,0.037343,0.000000,0.000000,0.000000,0.000121,0
20260821_102553_275,1,Unspecified,2250,2026-08-21T10:44:47.4019357+09:00,2026-08-21T10:44:47.9019357+09:00,1134.126474,1134.626474,30,30,-0.026774,0.037650,0.000000,0.000000,0.000000,0.000128,0
20260821_102553_275,1,Unspecified,2251,2026-08-21T10:44:47.9019357+09:00,2026-08-21T10:44:48.4019357+09:00,1134.626474,1135.126474,30,30,-0.026999,0.037525,0.000000,0.000000,0.000000,0.000046,0
20260821_102553_275,1,Unspecified,2252,2026-08-21T10:44:48.4019357+09:00,2026-08-21T10:44:48.9019357+09:00,1135.126474,1135.626474,30,30,-0.026730,0.037695,0.000000,0.000000,0.000000,0.000145,0
20260821_102553_275,1,Unspecified,2253,2026-08-21T10:44:48.9019357+09:00,2026-08-21T10:44:49.4019357+09:00,1135.626474,1136.126474,30,30,-0.026695,0.037674,0.000000,0.000000,0.000000,0.000168,0
20260821_102553_275,1,Unspecified,2254,2026-08-21T10:44:49.4019357+09:00,2026-08-21T10:44:49.9019357+09:00,1136.126474,1136.626474,30,30,-0.026923,0.037493,0.000000,0.000000,0.000000,0.000113,0
20260821_102553_275,1,Unspecified,2255,2026-08-21T10:44:49.9019357+09:00,2026-08-21T10:44:50.4019357+09:00,1136.626474,1137.126474,30,30,-0.027227,0.037238,0.000000,0.000000,0.000000,0.000152,0
20260821_102553_275,1,Unspecified,2256,2026-08-21T10:44:50.4019357+09:00,2026-08-21T10:44:50.9019357+09:00,1137.126474,1137.626474,30,30,-0.027792,0.036842,0.000000,0.000000,0.000000,0.000268,0
20260821_102553_275,1,Unspecified,2257,2026-08-21T10:44:50.9019357+09:00,2026-08-21T10:44:51.4019357+09:00,1137.626474,1138.126474,30,30,-0.027655,0.036881,0.000000,0.000000,0.000000,0.000265,0
20260821_102553_275,1,Unspecified,2258,2026-08-21T10:44:51.4019357+09:00,2026-08-21T10:44:51.9019357+09:00,1138.126474,1138.626474,30,30,-0.027718,0.036859,0.000000,0.000000,0.000000,0.000207,0
20260821_102553_275,1,Unspecified,2259,2026-08-21T10:44:51.9019357+09:00,2026-08-21T10:44:52.4019357+09:00,1138.626474,1139.126474,30,30,-0.027974,0.036710,0.000000,0.000000,0.000000,0.000166,0
20260821_102553_275,1,Unspecified,2260,2026-08-21T10:44:52.4019357+09:00,2026-08-21T10:44:52.9019357+09:00,1139.126474,1139.626474,30,30,-0.027444,0.037032,0.000000,0.000000,0.000000,0.000081,0
20260821_102553_275,1,Unspecified,2261,2026-08-21T10:44:52.9019357+09:00,2026-08-21T10:44:53.4019357+09:00,1139.626474,1140.126474,30,30,-0.027584,0.036896,0.000000,0.000000,0.000000,0.000269,0
20260821_102553_275,1,Unspecified,2262,2026-08-21T10:44:53.4019357+09:00,2026-08-21T10:44:53.9019357+09:00,1140.126474,1140.626474,30,30,-0.028483,0.035424,0.000000,0.000002,0.000000,0.001276,0
20260821_102553_275,1,Unspecified,2263,2026-08-21T10:44:53.9019357+09:00,2026-08-21T10:44:54.4019357+09:00,1140.626474,1141.126474,30,30,-0.028722,0.030083,0.000000,0.000000,0.000000,0.000737,0
20260821_102553_275,1,Unspecified,2264,2026-08-21T10:44:54.4019357+09:00,2026-08-21T10:44:54.9019357+09:00,1141.126474,1141.626474,30,30,-0.029149,0.032228,0.000000,0.000000,0.000000,0.000709,0
20260821_102553_275,1,Unspecified,2265,2026-08-21T10:44:54.9019357+09:00,2026-08-21T10:44:55.4019357+09:00,1141.626474,1142.126474,30,30,-0.028946,0.033250,0.000000,0.000000,0.000000,0.000216,0
20260821_102553_275,1,Unspecified,2266,2026-08-21T10:44:55.4019357+09:00,2026-08-21T10:44:55.9019357+09:00,1142.126474,1142.626474,30,30,-0.029426,0.033248,0.000000,0.000000,0.000000,0.000222,0
20260821_102553_275,1,Unspecified,2267,2026-08-21T10:44:55.9019357+09:00,2026-08-21T10:44:56.4019357+09:00,1142.626474,1143.126474,30,30,-0.028738,0.033664,0.000000,0.000000,0.000000,0.000165,0
20260821_102553_275,1,Unspecified,2268,2026-08-21T10:44:56.4019357+09:00,2026-08-21T10:44:56.9019357+09:00,1143.126474,1143.626474,30,30,-0.028690,0.033549,0.000000,0.000000,0.000000,0.000092,0
20260821_102553_275,1,Unspecified,2269,2026-08-21T10:44:56.9019357+09:00,2026-08-21T10:44:57.4019357+09:00,1143.626474,1144.126474,30,30,-0.028647,0.033349,0.000000,0.000000,0.000000,0.000089,0
20260821_102553_275,1,Unspecified,2270,2026-08-21T10:44:57.4019357+09:00,2026-08-21T10:44:57.9019357+09:00,1144.126474,1144.626474,30,30,-0.029565,0.032744,0.000000,0.000000,0.000000,0.000676,0
20260821_102553_275,1,Unspecified,2271,2026-08-21T10:44:57.9019357+09:00,2026-08-21T10:44:58.4019357+09:00,1144.626474,1145.126474,30,30,-0.030926,0.032051,0.000000,0.000000,0.000000,0.000358,0
20260821_102553_275,1,Unspecified,2272,2026-08-21T10:44:58.4019357+09:00,2026-08-21T10:44:58.9019357+09:00,1145.126474,1145.626474,30,30,-0.033287,0.030795,0.000001,0.000000,0.000001,0.001074,0
20260821_102553_275,1,Unspecified,2273,2026-08-21T10:44:58.9019357+09:00,2026-08-21T10:44:59.4019357+09:00,1145.626474,1146.126474,30,30,-0.035373,0.029497,0.000000,0.000000,0.000000,0.000278,0
20260821_102553_275,1,Unspecified,2274,2026-08-21T10:44:59.4019357+09:00,2026-08-21T10:44:59.9019357+09:00,1146.126474,1146.626474,30,30,-0.034923,0.029970,0.000000,0.000000,0.000000,0.000441,0
20260821_102553_275,1,Unspecified,2275,2026-08-21T10:44:59.9019357+09:00,2026-08-21T10:45:00.4019357+09:00,1146.626474,1147.126474,30,30,-0.033410,0.030951,0.000000,0.000000,0.000000,0.000702,0
20260821_102553_275,1,Unspecified,2276,2026-08-21T10:45:00.4019357+09:00,2026-08-21T10:45:00.9019357+09:00,1147.126474,1147.626474,30,30,-0.031956,0.031760,0.000000,0.000000,0.000000,0.000208,0
20260821_102553_275,1,Unspecified,2277,2026-08-21T10:45:00.9019357+09:00,2026-08-21T10:45:01.4019357+09:00,1147.626474,1148.126474,30,30,-0.032470,0.031291,0.000000,0.000000,0.000000,0.000148,0
20260821_102553_275,1,Unspecified,2278,2026-08-21T10:45:01.4019357+09:00,2026-08-21T10:45:01.9019357+09:00,1148.126474,1148.626474,30,30,-0.032664,0.031015,0.000000,0.000000,0.000000,0.000115,0
20260821_102553_275,1,Unspecified,2279,2026-08-21T10:45:01.9019357+09:00,2026-08-21T10:45:02.4019357+09:00,1148.626474,1149.126474,30,30,-0.032626,0.031042,0.000000,0.000000,0.000000,0.000164,0
20260821_102553_275,1,Unspecified,2280,2026-08-21T10:45:02.4019357+09:00,2026-08-21T10:45:02.9019357+09:00,1149.126474,1149.626474,30,30,-0.032049,0.031581,0.000000,0.000000,0.000000,0.000268,0
20260821_102553_275,1,Unspecified,2281,2026-08-21T10:45:02.9019357+09:00,2026-08-21T10:45:03.4019357+09:00,1149.626474,1150.126474,30,30,-0.031935,0.031790,0.000000,0.000000,0.000000,0.000105,0
20260821_102553_275,1,Unspecified,2282,2026-08-21T10:45:03.4019357+09:00,2026-08-21T10:45:03.9019357+09:00,1150.126474,1150.626474,30,30,-0.031375,0.032117,0.000000,0.000000,0.000000,0.000148,0
20260821_102553_275,1,Unspecified,2283,2026-08-21T10:45:03.9019357+09:00,2026-08-21T10:45:04.4019357+09:00,1150.626474,1151.126474,30,30,-0.031215,0.032126,0.000000,0.000000,0.000000,0.000058,0
20260821_102553_275,1,Unspecified,2284,2026-08-21T10:45:04.4019357+09:00,2026-08-21T10:45:04.9019357+09:00,1151.126474,1151.626474,30,30,-0.031411,0.031915,0.000000,0.000000,0.000000,0.000170,0
20260821_102553_275,1,Unspecified,2285,2026-08-21T10:45:04.9019357+09:00,2026-08-21T10:45:05.4019357+09:00,1151.626474,1152.126474,30,30,-0.031810,0.031480,0.000000,0.000000,0.000000,0.000246,0
20260821_102553_275,1,Unspecified,2286,2026-08-21T10:45:05.4019357+09:00,2026-08-21T10:45:05.9019357+09:00,1152.126474,1152.626474,30,30,-0.032002,0.031254,0.000000,0.000000,0.000000,0.000114,0
20260821_102553_275,1,Unspecified,2287,2026-08-21T10:45:05.9019357+09:00,2026-08-21T10:45:06.4019357+09:00,1152.626474,1153.126474,30,30,-0.032294,0.031164,0.000000,0.000000,0.000000,0.000173,0
20260821_102553_275,1,Unspecified,2288,2026-08-21T10:45:06.4019357+09:00,2026-08-21T10:45:06.9019357+09:00,1153.126474,1153.626474,30,30,-0.032869,0.031252,0.000000,0.000000,0.000000,0.000323,0
20260821_102553_275,1,Unspecified,2289,2026-08-21T10:45:06.9019357+09:00,2026-08-21T10:45:07.4019357+09:00,1153.626474,1154.126474,30,30,-0.032148,0.031842,0.000000,0.000000,0.000000,0.000801,0
20260821_102553_275,1,Unspecified,2290,2026-08-21T10:45:07.4019357+09:00,2026-08-21T10:45:07.9019357+09:00,1154.126474,1154.626474,30,30,-0.030734,0.032593,0.000000,0.000000,0.000000,0.000181,0
20260821_102553_275,1,Unspecified,2291,2026-08-21T10:45:07.9019357+09:00,2026-08-21T10:45:08.4019357+09:00,1154.626474,1155.126474,30,30,-0.030980,0.032315,0.000000,0.000000,0.000000,0.000099,0
20260821_102553_275,1,Unspecified,2292,2026-08-21T10:45:08.4019357+09:00,2026-08-21T10:45:08.9019357+09:00,1155.126474,1155.626474,30,30,-0.031048,0.032148,0.000000,0.000000,0.000000,0.000104,0
20260821_102553_275,1,Unspecified,2293,2026-08-21T10:45:08.9019357+09:00,2026-08-21T10:45:09.4019357+09:00,1155.626474,1156.126474,30,30,-0.031289,0.031983,0.000000,0.000000,0.000000,0.000212,0
20260821_102553_275,1,Unspecified,2294,2026-08-21T10:45:09.4019357+09:00,2026-08-21T10:45:09.9019357+09:00,1156.126474,1156.626474,30,30,-0.032049,0.031558,0.000000,0.000000,0.000000,0.000269,0
20260821_102553_275,1,Unspecified,2295,2026-08-21T10:45:09.9019357+09:00,2026-08-21T10:45:10.4019357+09:00,1156.626474,1157.126474,30,30,-0.033486,0.030794,0.000000,0.000000,0.000000,0.000668,0
20260821_102553_275,1,Unspecified,2296,2026-08-21T10:45:10.4019357+09:00,2026-08-21T10:45:10.9019357+09:00,1157.126474,1157.626474,30,30,-0.034061,0.030542,0.000000,0.000000,0.000000,0.000248,0
20260821_102553_275,1,Unspecified,2297,2026-08-21T10:45:10.9019357+09:00,2026-08-21T10:45:11.4019357+09:00,1157.626474,1158.126474,30,30,-0.033633,0.030792,0.000000,0.000000,0.000000,0.000088,0
20260821_102553_275,1,Unspecified,2298,2026-08-21T10:45:11.4019357+09:00,2026-08-21T10:45:11.9019357+09:00,1158.126474,1158.626474,30,30,-0.033582,0.030725,0.000000,0.000000,0.000000,0.000112,0
20260821_102553_275,1,Unspecified,2299,2026-08-21T10:45:11.9019357+09:00,2026-08-21T10:45:12.4019357+09:00,1158.626474,1159.126474,30,30,-0.032346,0.030850,0.000001,0.000000,0.000000,0.001038,0
20260821_102553_275,1,Unspecified,2300,2026-08-21T10:45:12.4019357+09:00,2026-08-21T10:45:12.9019357+09:00,1159.126474,1159.626474,30,30,-0.030848,0.029983,0.000000,0.000000,0.000000,0.000295,0
20260821_102553_275,1,Unspecified,2301,2026-08-21T10:45:12.9019357+09:00,2026-08-21T10:45:13.4019357+09:00,1159.626474,1160.126474,30,30,-0.030310,0.030844,0.000000,0.000000,0.000000,0.000554,0
20260821_102553_275,1,Unspecified,2302,2026-08-21T10:45:13.4019357+09:00,2026-08-21T10:45:13.9019357+09:00,1160.126474,1160.626474,30,30,-0.030128,0.032787,0.000000,0.000001,0.000000,0.000922,0
20260821_102553_275,1,Unspecified,2303,2026-08-21T10:45:13.9019357+09:00,2026-08-21T10:45:14.4019357+09:00,1160.626474,1161.126474,30,30,-0.032019,0.033682,0.000000,0.000000,0.000000,0.000275,0
20260821_102553_275,1,Unspecified,2304,2026-08-21T10:45:14.4019357+09:00,2026-08-21T10:45:14.9019357+09:00,1161.126474,1161.626474,30,30,-0.031932,0.033774,0.000000,0.000000,0.000000,0.000123,0
20260821_102553_275,1,Unspecified,2305,2026-08-21T10:45:14.9019357+09:00,2026-08-21T10:45:15.4019357+09:00,1161.626474,1162.126474,30,30,-0.032016,0.033593,0.000000,0.000000,0.000000,0.000090,0
20260821_102553_275,1,Unspecified,2306,2026-08-21T10:45:15.4019357+09:00,2026-08-21T10:45:15.9019357+09:00,1162.126474,1162.626474,30,30,-0.032134,0.033323,0.000000,0.000000,0.000000,0.000079,0
20260821_102553_275,1,Unspecified,2307,2026-08-21T10:45:15.9019357+09:00,2026-08-21T10:45:16.4019357+09:00,1162.626474,1163.126474,30,30,-0.032040,0.031891,0.000000,0.000001,0.000000,0.001139,0
20260821_102553_275,1,Unspecified,2308,2026-08-21T10:45:16.4019357+09:00,2026-08-21T10:45:16.9019357+09:00,1163.126474,1163.626474,30,30,-0.030808,0.030448,0.000000,0.000000,0.000000,0.000224,0
20260821_102553_275,1,Unspecified,2309,2026-08-21T10:45:16.9019357+09:00,2026-08-21T10:45:17.4019357+09:00,1163.626474,1164.126474,30,30,-0.029858,0.030475,0.000000,0.000000,0.000000,0.000300,0
20260821_102553_275,1,Unspecified,2310,2026-08-21T10:45:17.4019357+09:00,2026-08-21T10:45:17.9019357+09:00,1164.126474,1164.626474,30,30,-0.030278,0.030840,0.000000,0.000000,0.000000,0.000423,0
20260821_102553_275,1,Unspecified,2311,2026-08-21T10:45:17.9019357+09:00,2026-08-21T10:45:18.4019357+09:00,1164.626474,1165.126474,30,30,-0.030882,0.031719,0.000000,0.000000,0.000000,0.000227,0
20260821_102553_275,1,Unspecified,2312,2026-08-21T10:45:18.4019357+09:00,2026-08-21T10:45:18.9019357+09:00,1165.126474,1165.626474,30,30,-0.031529,0.032284,0.000000,0.000000,0.000000,0.000174,0
20260821_102553_275,1,Unspecified,2313,2026-08-21T10:45:18.9019357+09:00,2026-08-21T10:45:19.4019357+09:00,1165.626474,1166.126474,30,30,-0.032527,0.031909,0.000000,0.000000,0.000000,0.000579,0
20260821_102553_275,1,Unspecified,2314,2026-08-21T10:45:19.4019357+09:00,2026-08-21T10:45:19.9019357+09:00,1166.126474,1166.626474,30,30,-0.035428,0.029802,0.000002,0.000001,0.000002,0.001768,0
20260821_102553_275,1,Unspecified,2315,2026-08-21T10:45:19.9019357+09:00,2026-08-21T10:45:20.4019357+09:00,1166.626474,1167.126474,30,30,-0.039302,0.025933,0.000000,0.000000,0.000000,0.000673,0
20260821_102553_275,1,Unspecified,2316,2026-08-21T10:45:20.4019357+09:00,2026-08-21T10:45:20.9019357+09:00,1167.126474,1167.626474,30,30,-0.038514,0.026585,0.000000,0.000000,0.000000,0.000263,0
20260821_102553_275,1,Unspecified,2317,2026-08-21T10:45:20.9019357+09:00,2026-08-21T10:45:21.4019357+09:00,1167.626474,1168.126474,30,30,-0.037906,0.027010,0.000000,0.000000,0.000000,0.000414,0
20260821_102553_275,1,Unspecified,2318,2026-08-21T10:45:21.4019357+09:00,2026-08-21T10:45:21.9019357+09:00,1168.126474,1168.626474,30,30,-0.036387,0.028034,0.000000,0.000000,0.000000,0.000418,0
20260821_102553_275,1,Unspecified,2319,2026-08-21T10:45:21.9019357+09:00,2026-08-21T10:45:22.4019357+09:00,1168.626474,1169.126474,30,30,-0.036140,0.028187,0.000000,0.000000,0.000000,0.000063,0
20260821_102553_275,1,Unspecified,2320,2026-08-21T10:45:22.4019357+09:00,2026-08-21T10:45:22.9019357+09:00,1169.126474,1169.626474,30,30,-0.036287,0.028057,0.000000,0.000000,0.000000,0.000147,0
20260821_102553_275,1,Unspecified,2321,2026-08-21T10:45:22.9019357+09:00,2026-08-21T10:45:23.4019357+09:00,1169.626474,1170.126474,30,30,-0.036529,0.027848,0.000000,0.000000,0.000000,0.000125,0
20260821_102553_275,1,Unspecified,2322,2026-08-21T10:45:23.4019357+09:00,2026-08-21T10:45:23.9019357+09:00,1170.126474,1170.626474,30,30,-0.036574,0.027874,0.000000,0.000000,0.000000,0.000066,0
20260821_102553_275,1,Unspecified,2323,2026-08-21T10:45:23.9019357+09:00,2026-08-21T10:45:24.4019357+09:00,1170.626474,1171.126474,30,30,-0.036795,0.027892,0.000000,0.000000,0.000000,0.000100,0
20260821_102553_275,1,Unspecified,2324,2026-08-21T10:45:24.4019357+09:00,2026-08-21T10:45:24.9019357+09:00,1171.126474,1171.626474,30,30,-0.036503,0.028179,0.000000,0.000000,0.000000,0.000227,0
20260821_102553_275,1,Unspecified,2325,2026-08-21T10:45:24.9019357+09:00,2026-08-21T10:45:25.4019357+09:00,1171.626474,1172.126474,30,30,-0.035840,0.028623,0.000000,0.000000,0.000000,0.000165,0
20260821_102553_275,1,Unspecified,2326,2026-08-21T10:45:25.4019357+09:00,2026-08-21T10:45:25.9019357+09:00,1172.126474,1172.626474,30,30,-0.036065,0.028406,0.000000,0.000000,0.000000,0.000170,0
20260821_102553_275,1,Unspecified,2327,2026-08-21T10:45:25.9019357+09:00,2026-08-21T10:45:26.4019357+09:00,1172.626474,1173.126474,30,30,-0.036739,0.027886,0.000000,0.000000,0.000000,0.000436,0
20260821_102553_275,1,Unspecified,2328,2026-08-21T10:45:26.4019357+09:00,2026-08-21T10:45:26.9019357+09:00,1173.126474,1173.626474,30,30,-0.037358,0.027375,0.000000,0.000000,0.000000,0.000091,0
20260821_102553_275,1,Unspecified,2329,2026-08-21T10:45:26.9019357+09:00,2026-08-21T10:45:27.4019357+09:00,1173.626474,1174.126474,30,30,-0.037534,0.027191,0.000000,0.000000,0.000000,0.000098,0
20260821_102553_275,1,Unspecified,2330,2026-08-21T10:45:27.4019357+09:00,2026-08-21T10:45:27.9019357+09:00,1174.126474,1174.626474,30,30,-0.037712,0.027028,0.000000,0.000000,0.000000,0.000220,0
20260821_102553_275,1,Unspecified,2331,2026-08-21T10:45:27.9019357+09:00,2026-08-21T10:45:28.4019357+09:00,1174.626474,1175.126474,30,30,-0.038051,0.026803,0.000000,0.000000,0.000000,0.000052,0
20260821_102553_275,1,Unspecified,2332,2026-08-21T10:45:28.4019357+09:00,2026-08-21T10:45:28.9019357+09:00,1175.126474,1175.626474,30,30,-0.036954,0.027569,0.000001,0.000000,0.000001,0.001110,0
20260821_102553_275,1,Unspecified,2333,2026-08-21T10:45:28.9019357+09:00,2026-08-21T10:45:29.4019357+09:00,1175.626474,1176.126474,30,30,-0.034549,0.029011,0.000000,0.000000,0.000000,0.000209,0
20260821_102553_275,1,Unspecified,2334,2026-08-21T10:45:29.4019357+09:00,2026-08-21T10:45:29.9019357+09:00,1176.126474,1176.626474,30,30,-0.034177,0.029670,0.000000,0.000000,0.000000,0.000643,0
20260821_102553_275,1,Unspecified,2335,2026-08-21T10:45:29.9019357+09:00,2026-08-21T10:45:30.4019357+09:00,1176.626474,1177.126474,30,30,-0.033638,0.030220,0.000000,0.000000,0.000000,0.000118,0
20260821_102553_275,1,Unspecified,2336,2026-08-21T10:45:30.4019357+09:00,2026-08-21T10:45:30.9019357+09:00,1177.126474,1177.626474,30,30,-0.033166,0.030672,0.000000,0.000000,0.000000,0.000221,0
20260821_102553_275,1,Unspecified,2337,2026-08-21T10:45:30.9019357+09:00,2026-08-21T10:45:31.4019357+09:00,1177.626474,1178.126474,30,30,-0.032893,0.031066,0.000000,0.000000,0.000000,0.000131,0
20260821_102553_275,1,Unspecified,2338,2026-08-21T10:45:31.4019357+09:00,2026-08-21T10:45:31.9019357+09:00,1178.126474,1178.626474,30,30,-0.032247,0.031451,0.000000,0.000000,0.000000,0.000517,0
20260821_102553_275,1,Unspecified,2339,2026-08-21T10:45:31.9019357+09:00,2026-08-21T10:45:32.4019357+09:00,1178.626474,1179.126474,30,30,-0.030811,0.032923,0.000000,0.000001,0.000000,0.000770,0
20260821_102553_275,1,Unspecified,2340,2026-08-21T10:45:32.4019357+09:00,2026-08-21T10:45:32.9019357+09:00,1179.126474,1179.626474,30,30,-0.027970,0.036471,0.000001,0.000001,0.000001,0.001414,0
20260821_102553_275,1,Unspecified,2341,2026-08-21T10:45:32.9019357+09:00,2026-08-21T10:45:33.4019357+09:00,1179.626474,1180.126474,30,30,-0.025737,0.038110,0.000001,0.000000,0.000001,0.001089,0
20260821_102553_275,1,Unspecified,2342,2026-08-21T10:45:33.4019357+09:00,2026-08-21T10:45:33.9019357+09:00,1180.126474,1180.626474,30,30,-0.028691,0.035036,0.000000,0.000000,0.000000,0.000648,0
20260821_102553_275,1,Unspecified,2343,2026-08-21T10:45:33.9019357+09:00,2026-08-21T10:45:34.4019357+09:00,1180.626474,1181.126474,30,30,-0.029112,0.034512,0.000001,0.000000,0.000000,0.000992,0
20260821_102553_275,1,Unspecified,2344,2026-08-21T10:45:34.4019357+09:00,2026-08-21T10:45:34.9019357+09:00,1181.126474,1181.626474,30,30,-0.029073,0.034961,0.000000,0.000000,0.000000,0.000441,0
20260821_102553_275,1,Unspecified,2345,2026-08-21T10:45:34.9019357+09:00,2026-08-21T10:45:35.4019357+09:00,1181.626474,1182.126474,30,30,-0.028762,0.035216,0.000000,0.000000,0.000000,0.000187,0
20260821_102553_275,1,Unspecified,2346,2026-08-21T10:45:35.4019357+09:00,2026-08-21T10:45:35.9019357+09:00,1182.126474,1182.626474,30,30,-0.028564,0.035397,0.000000,0.000000,0.000000,0.000106,0
20260821_102553_275,1,Unspecified,2347,2026-08-21T10:45:35.9019357+09:00,2026-08-21T10:45:36.4019357+09:00,1182.626474,1183.126474,30,30,-0.028535,0.035412,0.000000,0.000000,0.000000,0.000083,0
20260821_102553_275,1,Unspecified,2348,2026-08-21T10:45:36.4019357+09:00,2026-08-21T10:45:36.9019357+09:00,1183.126474,1183.626474,30,30,-0.028183,0.035659,0.000000,0.000000,0.000000,0.000238,0
20260821_102553_275,1,Unspecified,2349,2026-08-21T10:45:36.9019357+09:00,2026-08-21T10:45:37.4019357+09:00,1183.626474,1184.126474,30,30,-0.027872,0.035821,0.000000,0.000000,0.000000,0.000119,0
20260821_102553_275,1,Unspecified,2350,2026-08-21T10:45:37.4019357+09:00,2026-08-21T10:45:37.9019357+09:00,1184.126474,1184.626474,30,30,-0.028230,0.035632,0.000000,0.000000,0.000000,0.000094,0
20260821_102553_275,1,Unspecified,2351,2026-08-21T10:45:37.9019357+09:00,2026-08-21T10:45:38.4019357+09:00,1184.626474,1185.126474,30,30,-0.028651,0.035345,0.000000,0.000000,0.000000,0.000188,0
20260821_102553_275,1,Unspecified,2352,2026-08-21T10:45:38.4019357+09:00,2026-08-21T10:45:38.9019357+09:00,1185.126474,1185.626474,30,30,-0.028977,0.035127,0.000000,0.000000,0.000000,0.000133,0
20260821_102553_275,1,Unspecified,2353,2026-08-21T10:45:38.9019357+09:00,2026-08-21T10:45:39.4019357+09:00,1185.626474,1186.126474,30,30,-0.029094,0.035188,0.000000,0.000000,0.000000,0.000140,0
20260821_102553_275,1,Unspecified,2354,2026-08-21T10:45:39.4019357+09:00,2026-08-21T10:45:39.9019357+09:00,1186.126474,1186.626474,30,30,-0.029671,0.034956,0.000000,0.000000,0.000000,0.000170,0
20260821_102553_275,1,Unspecified,2355,2026-08-21T10:45:39.9019357+09:00,2026-08-21T10:45:40.4019357+09:00,1186.626474,1187.126474,30,30,-0.029395,0.035163,0.000000,0.000000,0.000000,0.000380,0
20260821_102553_275,1,Unspecified,2356,2026-08-21T10:45:40.4019357+09:00,2026-08-21T10:45:40.9019357+09:00,1187.126474,1187.626474,30,30,-0.028510,0.035571,0.000000,0.000000,0.000000,0.000141,0
20260821_102553_275,1,Unspecified,2357,2026-08-21T10:45:40.9019357+09:00,2026-08-21T10:45:41.4019357+09:00,1187.626474,1188.126474,30,30,-0.028499,0.035506,0.000000,0.000000,0.000000,0.000134,0
20260821_102553_275,1,Unspecified,2358,2026-08-21T10:45:41.4019357+09:00,2026-08-21T10:45:41.9019357+09:00,1188.126474,1188.626474,30,30,-0.028750,0.035196,0.000000,0.000000,0.000000,0.000206,0
20260821_102553_275,1,Unspecified,2359,2026-08-21T10:45:41.9019357+09:00,2026-08-21T10:45:42.4019357+09:00,1188.626474,1189.126474,30,30,-0.029421,0.034757,0.000000,0.000000,0.000000,0.000222,0
20260821_102553_275,1,Unspecified,2360,2026-08-21T10:45:42.4019357+09:00,2026-08-21T10:45:42.9019357+09:00,1189.126474,1189.626474,30,30,-0.029989,0.034506,0.000000,0.000000,0.000000,0.000250,0
20260821_102553_275,1,Unspecified,2361,2026-08-21T10:45:42.9019357+09:00,2026-08-21T10:45:43.4019357+09:00,1189.626474,1190.126474,30,30,-0.030766,0.034060,0.000000,0.000000,0.000000,0.000210,0
20260821_102553_275,1,Unspecified,2362,2026-08-21T10:45:43.4019357+09:00,2026-08-21T10:45:43.9019357+09:00,1190.126474,1190.626474,30,30,-0.030676,0.034132,0.000000,0.000000,0.000000,0.000339,0
20260821_102553_275,1,Unspecified,2363,2026-08-21T10:45:43.9019357+09:00,2026-08-21T10:45:44.4019357+09:00,1190.626474,1191.126474,30,30,-0.029989,0.034563,0.000000,0.000000,0.000000,0.000111,0
20260821_102553_275,1,Unspecified,2364,2026-08-21T10:45:44.4019357+09:00,2026-08-21T10:45:44.9019357+09:00,1191.126474,1191.626474,30,30,-0.029916,0.034554,0.000000,0.000000,0.000000,0.000117,0
20260821_102553_275,1,Unspecified,2365,2026-08-21T10:45:44.9019357+09:00,2026-08-21T10:45:45.4019357+09:00,1191.626474,1192.126474,30,30,-0.029781,0.034543,0.000000,0.000000,0.000000,0.000096,0
20260821_102553_275,1,Unspecified,2366,2026-08-21T10:45:45.4019357+09:00,2026-08-21T10:45:45.9019357+09:00,1192.126474,1192.626474,30,30,-0.029968,0.034375,0.000000,0.000000,0.000000,0.000149,0
20260821_102553_275,1,Unspecified,2367,2026-08-21T10:45:45.9019357+09:00,2026-08-21T10:45:46.4019357+09:00,1192.626474,1193.126474,30,30,-0.029989,0.034444,0.000000,0.000000,0.000000,0.000130,0
20260821_102553_275,1,Unspecified,2368,2026-08-21T10:45:46.4019357+09:00,2026-08-21T10:45:46.9019357+09:00,1193.126474,1193.626474,30,30,-0.029978,0.034508,0.000000,0.000000,0.000000,0.000116,0
20260821_102553_275,1,Unspecified,2369,2026-08-21T10:45:46.9019357+09:00,2026-08-21T10:45:47.4019357+09:00,1193.626474,1194.126474,30,30,-0.029637,0.034550,0.000000,0.000000,0.000000,0.000100,0
20260821_102553_275,1,Unspecified,2370,2026-08-21T10:45:47.4019357+09:00,2026-08-21T10:45:47.9019357+09:00,1194.126474,1194.626474,30,30,-0.029414,0.034718,0.000000,0.000000,0.000000,0.000138,0
20260821_102553_275,1,Unspecified,2371,2026-08-21T10:45:47.9019357+09:00,2026-08-21T10:45:48.4019357+09:00,1194.626474,1195.126474,30,30,-0.029676,0.034613,0.000000,0.000000,0.000000,0.000151,0
20260821_102553_275,1,Unspecified,2372,2026-08-21T10:45:48.4019357+09:00,2026-08-21T10:45:48.9019357+09:00,1195.126474,1195.626474,30,30,-0.029977,0.034448,0.000000,0.000000,0.000000,0.000136,0
20260821_102553_275,1,Unspecified,2373,2026-08-21T10:45:48.9019357+09:00,2026-08-21T10:45:49.4019357+09:00,1195.626474,1196.126474,30,30,-0.030197,0.034280,0.000000,0.000000,0.000000,0.000183,0
20260821_102553_275,1,Unspecified,2374,2026-08-21T10:45:49.4019357+09:00,2026-08-21T10:45:49.9019357+09:00,1196.126474,1196.626474,30,30,-0.030735,0.033893,0.000000,0.000000,0.000000,0.000166,0
20260821_102553_275,1,Unspecified,2375,2026-08-21T10:45:49.9019357+09:00,2026-08-21T10:45:50.4019357+09:00,1196.626474,1197.126474,30,30,-0.031311,0.033547,0.000000,0.000000,0.000000,0.000620,0
20260821_102553_275,1,Unspecified,2376,2026-08-21T10:45:50.4019357+09:00,2026-08-21T10:45:50.9019357+09:00,1197.126474,1197.626474,30,30,-0.033168,0.032289,0.000000,0.000000,0.000000,0.000416,0
20260821_102553_275,1,Unspecified,2377,2026-08-21T10:45:50.9019357+09:00,2026-08-21T10:45:51.4019357+09:00,1197.626474,1198.126474,30,30,-0.033043,0.032404,0.000000,0.000000,0.000000,0.000269,0
20260821_102553_275,1,Unspecified,2378,2026-08-21T10:45:51.4019357+09:00,2026-08-21T10:45:51.9019357+09:00,1198.126474,1198.626474,30,30,-0.032914,0.032485,0.000000,0.000000,0.000000,0.000119,0
20260821_102553_275,1,Unspecified,2379,2026-08-21T10:45:51.9019357+09:00,2026-08-21T10:45:52.4019357+09:00,1198.626474,1199.126474,30,30,-0.032783,0.032553,0.000000,0.000000,0.000000,0.000186,0
20260821_102553_275,1,Unspecified,2380,2026-08-21T10:45:52.4019357+09:00,2026-08-21T10:45:52.9019357+09:00,1199.126474,1199.626474,30,30,-0.032534,0.032721,0.000000,0.000000,0.000000,0.000105,0
20260821_102553_275,1,Unspecified,2381,2026-08-21T10:45:52.9019357+09:00,2026-08-21T10:45:53.4019357+09:00,1199.626474,1200.126474,30,30,-0.032349,0.032847,0.000000,0.000000,0.000000,0.000090,0
20260821_102553_275,1,Unspecified,2382,2026-08-21T10:45:53.4019357+09:00,2026-08-21T10:45:53.9019357+09:00,1200.126474,1200.626474,30,30,-0.032469,0.032803,0.000000,0.000000,0.000000,0.000152,0
20260821_102553_275,1,Unspecified,2383,2026-08-21T10:45:53.9019357+09:00,2026-08-21T10:45:54.4019357+09:00,1200.626474,1201.126474,30,30,-0.032568,0.032753,0.000000,0.000000,0.000000,0.000168,0
20260821_102553_275,1,Unspecified,2384,2026-08-21T10:45:54.4019357+09:00,2026-08-21T10:45:54.9019357+09:00,1201.126474,1201.626474,30,30,-0.032321,0.032874,0.000000,0.000000,0.000000,0.000073,0
20260821_102553_275,1,Unspecified,2385,2026-08-21T10:45:54.9019357+09:00,2026-08-21T10:45:55.4019357+09:00,1201.626474,1202.126474,30,30,-0.032290,0.031302,0.000000,0.000002,0.000000,0.001550,0
20260821_102553_275,1,Unspecified,2386,2026-08-21T10:45:55.4019357+09:00,2026-08-21T10:45:55.9019357+09:00,1202.126474,1202.626474,30,30,-0.031909,0.028338,0.000000,0.000000,0.000000,0.000761,0
20260821_102553_275,1,Unspecified,2387,2026-08-21T10:45:55.9019357+09:00,2026-08-21T10:45:56.4019357+09:00,1202.626474,1203.126474,30,30,-0.033440,0.028707,0.000000,0.000003,0.000001,0.001796,0
20260821_102553_275,1,Unspecified,2388,2026-08-21T10:45:56.4019357+09:00,2026-08-21T10:45:56.9019357+09:00,1203.126474,1203.626474,30,30,-0.040336,0.025259,0.000019,0.000015,0.000017,0.005820,0
20260821_102553_275,1,Unspecified,2389,2026-08-21T10:45:56.9019357+09:00,2026-08-21T10:45:57.4019357+09:00,1203.626474,1204.126474,30,30,-0.039052,0.026207,0.000017,0.000013,0.000015,0.005502,0
20260821_102553_275,1,Unspecified,2390,2026-08-21T10:45:57.4019357+09:00,2026-08-21T10:45:57.9019357+09:00,1204.126474,1204.626474,30,30,-0.029149,0.033827,0.000001,0.000000,0.000000,0.000919,0
20260821_102553_275,1,Unspecified,2391,2026-08-21T10:45:57.9019357+09:00,2026-08-21T10:45:58.4019357+09:00,1204.626474,1205.126474,30,30,-0.028110,0.034300,0.000000,0.000000,0.000000,0.000733,0
20260821_102553_275,1,Unspecified,2392,2026-08-21T10:45:58.4019357+09:00,2026-08-21T10:45:58.9019357+09:00,1205.126474,1205.626474,30,30,-0.026581,0.035295,0.000000,0.000000,0.000000,0.000794,0
20260821_102553_275,1,Unspecified,2393,2026-08-21T10:45:58.9019357+09:00,2026-08-21T10:45:59.4019357+09:00,1205.626474,1206.126474,30,30,-0.026348,0.035499,0.000000,0.000000,0.000000,0.000567,0
20260821_102553_275,1,Unspecified,2394,2026-08-21T10:45:59.4019357+09:00,2026-08-21T10:45:59.9019357+09:00,1206.126474,1206.626474,30,30,-0.026699,0.035602,0.000000,0.000000,0.000000,0.000439,0
20260821_102553_275,1,Unspecified,2395,2026-08-21T10:45:59.9019357+09:00,2026-08-21T10:46:00.4019357+09:00,1206.626474,1207.126474,30,30,-0.027103,0.035792,0.000000,0.000000,0.000000,0.000308,0
20260821_102553_275,1,Unspecified,2396,2026-08-21T10:46:00.4019357+09:00,2026-08-21T10:46:00.9019357+09:00,1207.126474,1207.626474,30,30,-0.027747,0.035658,0.000000,0.000000,0.000000,0.000450,0
20260821_102553_275,1,Unspecified,2397,2026-08-21T10:46:00.9019357+09:00,2026-08-21T10:46:01.4019357+09:00,1207.626474,1208.126474,30,30,-0.027990,0.035578,0.000000,0.000000,0.000000,0.000525,0
20260821_102553_275,1,Unspecified,2398,2026-08-21T10:46:01.4019357+09:00,2026-08-21T10:46:01.9019357+09:00,1208.126474,1208.626474,30,30,-0.028247,0.035419,0.000000,0.000000,0.000000,0.000414,0
20260821_102553_275,1,Unspecified,2399,2026-08-21T10:46:01.9019357+09:00,2026-08-21T10:46:02.4019357+09:00,1208.626474,1209.126474,30,30,-0.028205,0.035420,0.000000,0.000000,0.000000,0.000408,0
20260821_102553_275,1,Unspecified,2400,2026-08-21T10:46:02.4019357+09:00,2026-08-21T10:46:02.9019357+09:00,1209.126474,1209.626474,30,30,-0.028432,0.035232,0.000000,0.000000,0.000000,0.000455,0
20260821_102553_275,1,Unspecified,2401,2026-08-21T10:46:02.9019357+09:00,2026-08-21T10:46:03.4019357+09:00,1209.626474,1210.126474,30,30,-0.028857,0.035095,0.000000,0.000000,0.000000,0.000531,0
20260821_102553_275,1,Unspecified,2402,2026-08-21T10:46:03.4019357+09:00,2026-08-21T10:46:03.9019357+09:00,1210.126474,1210.626474,30,30,-0.028024,0.035767,0.000000,0.000000,0.000000,0.000371,0
20260821_102553_275,1,Unspecified,2403,2026-08-21T10:46:03.9019357+09:00,2026-08-21T10:46:04.4019357+09:00,1210.626474,1211.126474,30,30,-0.028168,0.035672,0.000000,0.000000,0.000000,0.000175,0
20260821_102553_275,1,Unspecified,2404,2026-08-21T10:46:04.4019357+09:00,2026-08-21T10:46:04.9019357+09:00,1211.126474,1211.626474,30,30,-0.028372,0.035429,0.000000,0.000000,0.000000,0.000188,0
20260821_102553_275,1,Unspecified,2405,2026-08-21T10:46:04.9019357+09:00,2026-08-21T10:46:05.4019357+09:00,1211.626474,1212.126474,30,30,-0.028809,0.035134,0.000000,0.000000,0.000000,0.000162,0
20260821_102553_275,1,Unspecified,2406,2026-08-21T10:46:05.4019357+09:00,2026-08-21T10:46:05.9019357+09:00,1212.126474,1212.626474,30,30,-0.029331,0.034913,0.000000,0.000000,0.000000,0.000413,0
20260821_102553_275,1,Unspecified,2407,2026-08-21T10:46:05.9019357+09:00,2026-08-21T10:46:06.4019357+09:00,1212.626474,1213.126474,30,30,-0.029355,0.034933,0.000000,0.000000,0.000000,0.000359,0
20260821_102553_275,1,Unspecified,2408,2026-08-21T10:46:06.4019357+09:00,2026-08-21T10:46:06.9019357+09:00,1213.126474,1213.626474,30,30,-0.028952,0.035392,0.000000,0.000000,0.000000,0.000068,0
20260821_102553_275,1,Unspecified,2409,2026-08-21T10:46:06.9019357+09:00,2026-08-21T10:46:07.4019357+09:00,1213.626474,1214.126474,30,30,-0.028325,0.035737,0.000000,0.000000,0.000000,0.000589,0
20260821_102553_275,1,Unspecified,2410,2026-08-21T10:46:07.4019357+09:00,2026-08-21T10:46:07.9019357+09:00,1214.126474,1214.626474,30,30,-0.026202,0.036764,0.000000,0.000000,0.000000,0.000588,0
20260821_102553_275,1,Unspecified,2411,2026-08-21T10:46:07.9019357+09:00,2026-08-21T10:46:08.4019357+09:00,1214.626474,1215.126474,30,30,-0.024761,0.037452,0.000000,0.000000,0.000000,0.000448,0
20260821_102553_275,1,Unspecified,2412,2026-08-21T10:46:08.4019357+09:00,2026-08-21T10:46:08.9019357+09:00,1215.126474,1215.626474,30,30,-0.022831,0.038352,0.000000,0.000000,0.000000,0.000588,0
20260821_102553_275,1,Unspecified,2413,2026-08-21T10:46:08.9019357+09:00,2026-08-21T10:46:09.4019357+09:00,1215.626474,1216.126474,30,30,-0.022876,0.038313,0.000000,0.000000,0.000000,0.000379,0
20260821_102553_275,1,Unspecified,2414,2026-08-21T10:46:09.4019357+09:00,2026-08-21T10:46:09.9019357+09:00,1216.126474,1216.626474,30,30,-0.023354,0.037252,0.000000,0.000000,0.000000,0.000533,0
20260821_102553_275,1,Unspecified,2415,2026-08-21T10:46:09.9019357+09:00,2026-08-21T10:46:10.4019357+09:00,1216.626474,1217.126474,30,30,-0.023786,0.036692,0.000000,0.000000,0.000000,0.000224,0
20260821_102553_275,1,Unspecified,2416,2026-08-21T10:46:10.4019357+09:00,2026-08-21T10:46:10.9019357+09:00,1217.126474,1217.626474,30,30,-0.025669,0.036999,0.000001,0.000000,0.000000,0.000855,0
20260821_102553_275,1,Unspecified,2417,2026-08-21T10:46:10.9019357+09:00,2026-08-21T10:46:11.4019357+09:00,1217.626474,1218.126474,30,30,-0.027732,0.036521,0.000000,0.000000,0.000000,0.000282,0
20260821_102553_275,1,Unspecified,2418,2026-08-21T10:46:11.4019357+09:00,2026-08-21T10:46:11.9019357+09:00,1218.126474,1218.626474,30,30,-0.027761,0.036863,0.000000,0.000000,0.000000,0.000133,0
20260821_102553_275,1,Unspecified,2419,2026-08-21T10:46:11.9019357+09:00,2026-08-21T10:46:12.4019357+09:00,1218.626474,1219.126474,30,30,-0.028454,0.036495,0.000000,0.000000,0.000000,0.000160,0
20260821_102553_275,1,Unspecified,2420,2026-08-21T10:46:12.4019357+09:00,2026-08-21T10:46:12.9019357+09:00,1219.126474,1219.626474,30,30,-0.028378,0.036440,0.000000,0.000000,0.000000,0.000112,0
20260821_102553_275,1,Unspecified,2421,2026-08-21T10:46:12.9019357+09:00,2026-08-21T10:46:13.4019357+09:00,1219.626474,1220.126474,30,30,-0.028144,0.036465,0.000000,0.000000,0.000000,0.000257,0
20260821_102553_275,1,Unspecified,2422,2026-08-21T10:46:13.4019357+09:00,2026-08-21T10:46:13.9019357+09:00,1220.126474,1220.626474,30,30,-0.027917,0.036481,0.000000,0.000000,0.000000,0.000111,0
20260821_102553_275,1,Unspecified,2423,2026-08-21T10:46:13.9019357+09:00,2026-08-21T10:46:14.4019357+09:00,1220.626474,1221.126474,30,30,-0.028032,0.036445,0.000000,0.000000,0.000000,0.000167,0
20260821_102553_275,1,Unspecified,2424,2026-08-21T10:46:14.4019357+09:00,2026-08-21T10:46:14.9019357+09:00,1221.126474,1221.626474,30,30,-0.028495,0.036177,0.000000,0.000000,0.000000,0.000080,0
20260821_102553_275,1,Unspecified,2425,2026-08-21T10:46:14.9019357+09:00,2026-08-21T10:46:15.4019357+09:00,1221.626474,1222.126474,30,30,-0.027704,0.035783,0.000001,0.000003,0.000000,0.001930,0
20260821_102553_275,1,Unspecified,2426,2026-08-21T10:46:15.4019357+09:00,2026-08-21T10:46:15.9019357+09:00,1222.126474,1222.626474,30,30,-0.034254,0.018058,0.000007,0.000012,0.000009,0.004365,0
20260821_102553_275,1,Unspecified,2427,2026-08-21T10:46:15.9019357+09:00,2026-08-21T10:46:16.4019357+09:00,1222.626474,1223.126474,30,30,-0.032679,0.014679,0.000004,0.000011,-0.000006,0.003901,0
20260821_102553_275,1,Unspecified,2428,2026-08-21T10:46:16.4019357+09:00,2026-08-21T10:46:16.9019357+09:00,1223.126474,1223.626474,30,30,-0.022245,-0.028706,0.000023,0.000453,-0.000102,0.021835,0
20260821_102553_275,1,Unspecified,2429,2026-08-21T10:46:16.9019357+09:00,2026-08-21T10:46:17.4019357+09:00,1223.626474,1224.126474,30,30,-0.007974,-0.104110,0.000037,0.000358,0.000013,0.019878,0
20260821_102553_275,1,Unspecified,2430,2026-08-21T10:46:17.4019357+09:00,2026-08-21T10:46:17.9019357+09:00,1224.126474,1224.626474,30,30,-0.012691,-0.010372,0.000014,0.001134,0.000113,0.033876,0
20260821_102553_275,1,Unspecified,2431,2026-08-21T10:46:17.9019357+09:00,2026-08-21T10:46:18.4019357+09:00,1224.626474,1225.126474,30,30,-0.017095,0.026020,0.000005,0.000002,-0.000003,0.002631,0
20260821_102553_275,1,Unspecified,2432,2026-08-21T10:46:18.4019357+09:00,2026-08-21T10:46:18.9019357+09:00,1225.126474,1225.626474,30,30,-0.019755,0.024109,0.000000,0.000002,0.000000,0.001297,0
20260821_102553_275,1,Unspecified,2433,2026-08-21T10:46:18.9019357+09:00,2026-08-21T10:46:19.4019357+09:00,1225.626474,1226.126474,30,30,-0.020247,0.021788,0.000000,0.000000,0.000000,0.000565,0
20260821_102553_275,1,Unspecified,2434,2026-08-21T10:46:19.4019357+09:00,2026-08-21T10:46:19.9019357+09:00,1226.126474,1226.626474,30,30,-0.020784,0.020928,0.000000,0.000000,0.000000,0.000199,0
20260821_102553_275,1,Unspecified,2435,2026-08-21T10:46:19.9019357+09:00,2026-08-21T10:46:20.4019357+09:00,1226.626474,1227.126474,30,30,-0.021052,0.020116,0.000000,0.000000,0.000000,0.000302,0
20260821_102553_275,1,Unspecified,2436,2026-08-21T10:46:20.4019357+09:00,2026-08-21T10:46:20.9019357+09:00,1227.126474,1227.626474,16,16,-0.021052,0.019334,0.000000,0.000000,0.000000,0.000147,0
20260821_102553_275,1,Unspecified,2437,2026-08-21T10:46:20.9019357+09:00,2026-08-21T10:46:21.3299357+09:00,1227.626474,1228.054496,1,0,,,,,,,1
