SessionId,RecordingId,Condition,WindowIndex,WindowStartAbsTime,WindowEndAbsTime,WindowStartElapsedSec,WindowEndElapsedSec,SampleCount,ValidSampleCount,MeanGazeX,MeanGazeY,VarianceGazeX,VarianceGazeY,CovarianceXY,Dispersion,TrackingFailureCount
20260810_154114_079,1,Unspecified,0,2026-08-10T15:41:52.0571292+09:00,2026-08-10T15:41:52.5571292+09:00,37.978358,38.478358,30,30,-0.101987,-0.036839,0.000010,0.000069,-0.000017,0.008897,0
20260810_154114_079,1,Unspecified,1,2026-08-10T15:41:52.5571292+09:00,2026-08-10T15:41:53.0571292+09:00,38.478358,38.978358,30,30,-0.099564,-0.018742,0.000170,0.000198,-0.000102,0.019188,0
20260810_154114_079,1,Unspecified,2,2026-08-10T15:41:53.0571292+09:00,2026-08-10T15:41:53.5571292+09:00,38.978358,39.478358,31,31,-0.089315,-0.013598,0.000011,0.000208,-0.000044,0.014796,0
20260810_154114_079,1,Unspecified,3,2026-08-10T15:41:53.5571292+09:00,2026-08-10T15:41:54.0571292+09:00,39.478358,39.978358,29,29,-0.063006,-0.030085,0.000567,0.000003,0.000014,0.023884,0
20260810_154114_079,1,Unspecified,4,2026-08-10T15:41:54.0571292+09:00,2026-08-10T15:41:54.5571292+09:00,39.978358,40.478358,30,30,-0.055343,-0.020183,0.000980,0.000378,-0.000602,0.036856,0
20260810_154114_079,1,Unspecified,5,2026-08-10T15:41:54.5571292+09:00,2026-08-10T15:41:55.0571292+09:00,40.478358,40.978358,30,30,-0.100639,0.004187,0.000108,0.000109,-0.000069,0.014739,0
20260810_154114_079,1,Unspecified,6,2026-08-10T15:41:55.0571292+09:00,2026-08-10T15:41:55.5571292+09:00,40.978358,41.478358,30,30,-0.095210,-0.009365,0.000014,0.000208,-0.000051,0.014924,0
20260810_154114_079,1,Unspecified,7,2026-08-10T15:41:55.5571292+09:00,2026-08-10T15:41:56.0571292+09:00,41.478358,41.978358,30,30,-0.094207,-0.021232,0.000002,0.000005,0.000001,0.002543,0
20260810_154114_079,1,Unspecified,8,2026-08-10T15:41:56.0571292+09:00,2026-08-10T15:41:56.5571292+09:00,41.978358,42.478358,30,30,-0.093326,-0.013748,0.000049,0.000119,-0.000034,0.012958,0
20260810_154114_079,1,Unspecified,9,2026-08-10T15:41:56.5571292+09:00,2026-08-10T15:41:57.0571292+09:00,42.478358,42.978358,30,30,-0.095456,-0.009389,0.000001,0.000012,0.000001,0.003580,0
20260810_154114_079,1,Unspecified,10,2026-08-10T15:41:57.0571292+09:00,2026-08-10T15:41:57.5571292+09:00,42.978358,43.478358,30,30,-0.093957,-0.005277,0.000002,0.000008,0.000001,0.003062,0
20260810_154114_079,1,Unspecified,11,2026-08-10T15:41:57.5571292+09:00,2026-08-10T15:41:58.0571292+09:00,43.478358,43.978358,30,30,-0.101428,-0.007115,0.000695,0.000179,-0.000084,0.029566,0
20260810_154114_079,1,Unspecified,12,2026-08-10T15:41:58.0571292+09:00,2026-08-10T15:41:58.5571292+09:00,43.978358,44.478358,30,30,-0.091315,-0.001485,0.000003,0.000008,0.000000,0.003259,0
20260810_154114_079,1,Unspecified,13,2026-08-10T15:41:58.5571292+09:00,2026-08-10T15:41:59.0571292+09:00,44.478358,44.978358,30,30,-0.090053,0.000848,0.000001,0.000006,0.000000,0.002668,0
20260810_154114_079,1,Unspecified,14,2026-08-10T15:41:59.0571292+09:00,2026-08-10T15:41:59.5571292+09:00,44.978358,45.478358,30,30,-0.089252,0.000154,0.000001,0.000005,0.000000,0.002537,0
20260810_154114_079,1,Unspecified,15,2026-08-10T15:41:59.5571292+09:00,2026-08-10T15:42:00.0571292+09:00,45.478358,45.978358,30,30,-0.105852,-0.006007,0.000695,0.000204,-0.000042,0.029993,0
20260810_154114_079,1,Unspecified,16,2026-08-10T15:42:00.0571292+09:00,2026-08-10T15:42:00.5571292+09:00,45.978358,46.478358,30,30,-0.095418,0.008677,0.000033,0.000002,0.000002,0.005898,0
20260810_154114_079,1,Unspecified,17,2026-08-10T15:42:00.5571292+09:00,2026-08-10T15:42:01.0571292+09:00,46.478358,46.978358,30,30,-0.077897,0.011472,0.000021,0.000001,0.000002,0.004782,0
20260810_154114_079,1,Unspecified,18,2026-08-10T15:42:01.0571292+09:00,2026-08-10T15:42:01.5571292+09:00,46.978358,47.478358,30,30,-0.092169,0.009118,0.000001,0.000002,0.000001,0.001823,0
20260810_154114_079,1,Unspecified,19,2026-08-10T15:42:01.5571292+09:00,2026-08-10T15:42:02.0571292+09:00,47.478358,47.978358,30,30,-0.099223,-0.000859,0.000722,0.000164,-0.000073,0.029751,0
20260810_154114_079,1,Unspecified,20,2026-08-10T15:42:02.0571292+09:00,2026-08-10T15:42:02.5571292+09:00,47.978358,48.478358,30,30,-0.091491,0.004643,0.000129,0.000150,0.000001,0.016695,0
20260810_154114_079,1,Unspecified,21,2026-08-10T15:42:02.5571292+09:00,2026-08-10T15:42:03.0571292+09:00,48.478358,48.978358,30,30,-0.098218,0.003083,0.000205,0.000234,-0.000065,0.020950,0
20260810_154114_079,1,Unspecified,22,2026-08-10T15:42:03.0571292+09:00,2026-08-10T15:42:03.5571292+09:00,48.978358,49.478358,30,30,-0.095418,0.011923,0.000003,0.000003,0.000000,0.002323,0
20260810_154114_079,1,Unspecified,23,2026-08-10T15:42:03.5571292+09:00,2026-08-10T15:42:04.0571292+09:00,49.478358,49.978358,30,30,-0.110692,0.003508,0.000241,0.000274,-0.000091,0.022686,0
20260810_154114_079,1,Unspecified,24,2026-08-10T15:42:04.0571292+09:00,2026-08-10T15:42:04.5571292+09:00,49.978358,50.478358,30,30,-0.089612,0.004590,0.000281,0.000365,0.000050,0.025416,0
20260810_154114_079,1,Unspecified,25,2026-08-10T15:42:04.5571292+09:00,2026-08-10T15:42:05.0571292+09:00,50.478358,50.978358,30,30,-0.094958,0.010009,0.000130,0.000004,0.000014,0.011569,0
20260810_154114_079,1,Unspecified,26,2026-08-10T15:42:05.0571292+09:00,2026-08-10T15:42:05.5571292+09:00,50.978358,51.478358,30,30,-0.099561,0.011327,0.000002,0.000009,0.000000,0.003202,0
20260810_154114_079,1,Unspecified,27,2026-08-10T15:42:05.5571292+09:00,2026-08-10T15:42:06.0571292+09:00,51.478358,51.978358,30,30,-0.113636,0.014619,0.000071,0.000009,-0.000017,0.008972,0
20260810_154114_079,1,Unspecified,28,2026-08-10T15:42:06.0571292+09:00,2026-08-10T15:42:06.5571292+09:00,51.978358,52.478358,30,30,-0.118333,0.015449,0.000002,0.000002,0.000000,0.001974,0
20260810_154114_079,1,Unspecified,29,2026-08-10T15:42:06.5571292+09:00,2026-08-10T15:42:07.0571292+09:00,52.478358,52.978358,30,30,-0.097624,0.004329,0.000409,0.000370,-0.000223,0.027904,0
20260810_154114_079,1,Unspecified,30,2026-08-10T15:42:07.0571292+09:00,2026-08-10T15:42:07.5571292+09:00,52.978358,53.478358,30,30,-0.094712,0.012786,0.000001,0.000003,0.000001,0.002048,0
20260810_154114_079,1,Unspecified,31,2026-08-10T15:42:07.5571292+09:00,2026-08-10T15:42:08.0571292+09:00,53.478358,53.978358,30,30,-0.100470,0.001001,0.000518,0.000418,-0.000027,0.030592,0
20260810_154114_079,1,Unspecified,32,2026-08-10T15:42:08.0571292+09:00,2026-08-10T15:42:08.5571292+09:00,53.978358,54.478358,30,30,-0.097496,0.002571,0.000012,0.000194,-0.000043,0.014346,0
20260810_154114_079,1,Unspecified,33,2026-08-10T15:42:08.5571292+09:00,2026-08-10T15:42:09.0571292+09:00,54.478358,54.978358,30,30,-0.092273,0.000607,0.000041,0.000474,0.000015,0.022708,0
20260810_154114_079,1,Unspecified,34,2026-08-10T15:42:09.0571292+09:00,2026-08-10T15:42:09.5571292+09:00,54.978358,55.478358,30,30,-0.092300,0.012277,0.000002,0.000005,0.000002,0.002550,0
20260810_154114_079,1,Unspecified,35,2026-08-10T15:42:09.5571292+09:00,2026-08-10T15:42:10.0571292+09:00,55.478358,55.978358,30,30,-0.103091,0.004280,0.000809,0.000284,0.000070,0.033047,0
20260810_154114_079,1,Unspecified,36,2026-08-10T15:42:10.0571292+09:00,2026-08-10T15:42:10.5571292+09:00,55.978358,56.478358,30,30,-0.095197,0.011565,0.000248,0.000158,-0.000053,0.020162,0
20260810_154114_079,1,Unspecified,37,2026-08-10T15:42:10.5571292+09:00,2026-08-10T15:42:11.0571292+09:00,56.478358,56.978358,30,30,-0.097435,0.007712,0.000137,0.000334,-0.000049,0.021689,0
20260810_154114_079,1,Unspecified,38,2026-08-10T15:42:11.0571292+09:00,2026-08-10T15:42:11.5571292+09:00,56.978358,57.478358,30,30,-0.098388,0.014218,0.000002,0.000002,-0.000001,0.002037,0
20260810_154114_079,1,Unspecified,39,2026-08-10T15:42:11.5571292+09:00,2026-08-10T15:42:12.0571292+09:00,57.478358,57.978358,30,30,-0.131961,0.032892,0.000103,0.000005,-0.000015,0.010397,0
20260810_154114_079,1,Unspecified,40,2026-08-10T15:42:12.0571292+09:00,2026-08-10T15:42:12.5571292+09:00,57.978358,58.478358,30,30,-0.097169,0.008820,0.000434,0.000233,-0.000021,0.025835,0
20260810_154114_079,1,Unspecified,41,2026-08-10T15:42:12.5571292+09:00,2026-08-10T15:42:13.0571292+09:00,58.478358,58.978358,30,30,-0.098376,0.024716,0.000002,0.000005,-0.000002,0.002603,0
20260810_154114_079,1,Unspecified,42,2026-08-10T15:42:13.0571292+09:00,2026-08-10T15:42:13.5571292+09:00,58.978358,59.478358,30,30,-0.097761,0.026757,0.000001,0.000001,0.000000,0.001517,0
20260810_154114_079,1,Unspecified,43,2026-08-10T15:42:13.5571292+09:00,2026-08-10T15:42:14.0571292+09:00,59.478358,59.978358,30,30,-0.089815,0.009380,0.000150,0.000671,-0.000197,0.028653,0
20260810_154114_079,1,Unspecified,44,2026-08-10T15:42:14.0571292+09:00,2026-08-10T15:42:14.5571292+09:00,59.978358,60.478358,30,30,-0.089508,0.009483,0.000041,0.000595,-0.000086,0.025223,0
20260810_154114_079,1,Unspecified,45,2026-08-10T15:42:14.5571292+09:00,2026-08-10T15:42:15.0571292+09:00,60.478358,60.978358,31,31,-0.096596,0.025412,0.000002,0.000002,0.000001,0.001900,0
20260810_154114_079,1,Unspecified,46,2026-08-10T15:42:15.0571292+09:00,2026-08-10T15:42:15.5571292+09:00,60.978358,61.478358,29,29,-0.096361,0.023132,0.000001,0.000009,0.000000,0.003076,0
20260810_154114_079,1,Unspecified,47,2026-08-10T15:42:15.5571292+09:00,2026-08-10T15:42:16.0571292+09:00,61.478358,61.978358,31,31,-0.115431,0.018551,0.000439,0.000158,0.000041,0.024421,0
20260810_154114_079,1,Unspecified,48,2026-08-10T15:42:16.0571292+09:00,2026-08-10T15:42:16.5571292+09:00,61.978358,62.478358,29,29,-0.101472,0.015573,0.000069,0.000548,-0.000131,0.024834,0
20260810_154114_079,1,Unspecified,49,2026-08-10T15:42:16.5571292+09:00,2026-08-10T15:42:17.0571292+09:00,62.478358,62.978358,30,30,-0.095861,0.014541,0.000027,0.000019,0.000011,0.006782,0
20260810_154114_079,1,Unspecified,50,2026-08-10T15:42:17.0571292+09:00,2026-08-10T15:42:17.5571292+09:00,62.978358,63.478358,30,30,-0.095111,0.013380,0.000185,0.000396,-0.000045,0.024102,0
20260810_154114_079,1,Unspecified,51,2026-08-10T15:42:17.5571292+09:00,2026-08-10T15:42:18.0571292+09:00,63.478358,63.978358,30,30,-0.101779,0.010979,0.000033,0.000238,-0.000010,0.016437,0
20260810_154114_079,1,Unspecified,52,2026-08-10T15:42:18.0571292+09:00,2026-08-10T15:42:18.5571292+09:00,63.978358,64.478358,30,30,-0.108487,0.011981,0.000339,0.000181,-0.000058,0.022810,0
20260810_154114_079,1,Unspecified,53,2026-08-10T15:42:18.5571292+09:00,2026-08-10T15:42:19.0571292+09:00,64.478358,64.978358,30,30,-0.093710,0.009660,0.000112,0.000416,-0.000053,0.022961,0
20260810_154114_079,1,Unspecified,54,2026-08-10T15:42:19.0571292+09:00,2026-08-10T15:42:19.5571292+09:00,64.978358,65.478358,30,30,-0.094377,0.020131,0.000005,0.000006,-0.000004,0.003413,0
20260810_154114_079,1,Unspecified,55,2026-08-10T15:42:19.5571292+09:00,2026-08-10T15:42:20.0571292+09:00,65.478358,65.978358,30,30,-0.099031,0.009338,0.000484,0.000186,-0.000032,0.025888,0
20260810_154114_079,1,Unspecified,56,2026-08-10T15:42:20.0571292+09:00,2026-08-10T15:42:20.5571292+09:00,65.978358,66.478358,30,30,-0.085982,0.007788,0.000107,0.000352,-0.000050,0.021422,0
20260810_154114_079,1,Unspecified,57,2026-08-10T15:42:20.5571292+09:00,2026-08-10T15:42:21.0571292+09:00,66.478358,66.978358,30,30,-0.088149,0.018270,0.000003,0.000004,-0.000002,0.002649,0
20260810_154114_079,1,Unspecified,58,2026-08-10T15:42:21.0571292+09:00,2026-08-10T15:42:21.5571292+09:00,66.978358,67.478358,30,30,-0.094229,0.019216,0.000039,0.000016,0.000019,0.007453,0
20260810_154114_079,1,Unspecified,59,2026-08-10T15:42:21.5571292+09:00,2026-08-10T15:42:22.0571292+09:00,67.478358,67.978358,30,30,-0.088358,0.010535,0.000022,0.000521,-0.000059,0.023307,0
20260810_154114_079,1,Unspecified,60,2026-08-10T15:42:22.0571292+09:00,2026-08-10T15:42:22.5571292+09:00,67.978358,68.478358,30,30,-0.095514,0.017874,0.000223,0.000227,0.000033,0.021217,0
20260810_154114_079,1,Unspecified,61,2026-08-10T15:42:22.5571292+09:00,2026-08-10T15:42:23.0571292+09:00,68.478358,68.978358,30,30,-0.091569,0.017068,0.000138,0.000316,-0.000065,0.021309,0
20260810_154114_079,1,Unspecified,62,2026-08-10T15:42:23.0571292+09:00,2026-08-10T15:42:23.5571292+09:00,68.978358,69.478358,30,30,-0.091327,0.026738,0.000002,0.000006,0.000000,0.002792,0
20260810_154114_079,1,Unspecified,63,2026-08-10T15:42:23.5571292+09:00,2026-08-10T15:42:24.0571292+09:00,69.478358,69.978358,30,30,-0.095867,0.016042,0.000078,0.000215,-0.000088,0.017121,0
20260810_154114_079,1,Unspecified,64,2026-08-10T15:42:24.0571292+09:00,2026-08-10T15:42:24.5571292+09:00,69.978358,70.478358,30,30,-0.101008,0.020653,0.000001,0.000002,0.000000,0.001685,0
20260810_154114_079,1,Unspecified,65,2026-08-10T15:42:24.5571292+09:00,2026-08-10T15:42:25.0571292+09:00,70.478358,70.978358,30,30,-0.101442,0.018836,0.000001,0.000003,-0.000001,0.002193,0
20260810_154114_079,1,Unspecified,66,2026-08-10T15:42:25.0571292+09:00,2026-08-10T15:42:25.5571292+09:00,70.978358,71.478358,30,30,-0.100251,0.018369,0.000002,0.000003,0.000000,0.002381,0
20260810_154114_079,1,Unspecified,67,2026-08-10T15:42:25.5571292+09:00,2026-08-10T15:42:26.0571292+09:00,71.478358,71.978358,30,30,-0.094131,0.000926,0.000085,0.000505,-0.000099,0.024301,0
20260810_154114_079,1,Unspecified,68,2026-08-10T15:42:26.0571292+09:00,2026-08-10T15:42:26.5571292+09:00,71.978358,72.478358,30,30,-0.093608,0.024111,0.000011,0.000004,0.000003,0.003858,0
20260810_154114_079,1,Unspecified,69,2026-08-10T15:42:26.5571292+09:00,2026-08-10T15:42:27.0571292+09:00,72.478358,72.978358,30,30,-0.090602,0.017194,0.000046,0.000205,-0.000049,0.015857,0
20260810_154114_079,1,Unspecified,70,2026-08-10T15:42:27.0571292+09:00,2026-08-10T15:42:27.5571292+09:00,72.978358,73.478358,30,30,-0.092312,0.022009,0.000001,0.000003,0.000000,0.002129,0
20260810_154114_079,1,Unspecified,71,2026-08-10T15:42:27.5571292+09:00,2026-08-10T15:42:28.0571292+09:00,73.478358,73.978358,30,30,-0.093798,0.001991,0.000087,0.000383,-0.000038,0.021672,0
20260810_154114_079,1,Unspecified,72,2026-08-10T15:42:28.0571292+09:00,2026-08-10T15:42:28.5571292+09:00,73.978358,74.478358,30,30,-0.092353,0.022339,0.000004,0.000013,0.000000,0.004096,0
20260810_154114_079,1,Unspecified,73,2026-08-10T15:42:28.5571292+09:00,2026-08-10T15:42:29.0571292+09:00,74.478358,74.978358,30,30,-0.091964,0.012332,0.000027,0.000284,-0.000020,0.017636,0
20260810_154114_079,1,Unspecified,74,2026-08-10T15:42:29.0571292+09:00,2026-08-10T15:42:29.5571292+09:00,74.978358,75.478358,30,30,-0.094485,0.021370,0.000003,0.000003,0.000000,0.002469,0
20260810_154114_079,1,Unspecified,75,2026-08-10T15:42:29.5571292+09:00,2026-08-10T15:42:30.0571292+09:00,75.478358,75.978358,30,30,-0.112880,0.016400,0.000158,0.000311,-0.000121,0.021667,0
20260810_154114_079,1,Unspecified,76,2026-08-10T15:42:30.0571292+09:00,2026-08-10T15:42:30.5571292+09:00,75.978358,76.478358,30,30,-0.110078,0.022326,0.000002,0.000003,0.000000,0.002295,0
20260810_154114_079,1,Unspecified,77,2026-08-10T15:42:30.5571292+09:00,2026-08-10T15:42:31.0571292+09:00,76.478358,76.978358,30,30,-0.089410,0.021798,0.000092,0.000004,-0.000004,0.009803,0
20260810_154114_079,1,Unspecified,78,2026-08-10T15:42:31.0571292+09:00,2026-08-10T15:42:31.5571292+09:00,76.978358,77.478358,30,30,-0.086025,0.020442,0.000004,0.000018,0.000005,0.004693,0
20260810_154114_079,1,Unspecified,79,2026-08-10T15:42:31.5571292+09:00,2026-08-10T15:42:32.0571292+09:00,77.478358,77.978358,31,31,-0.104089,0.015067,0.000287,0.000253,0.000082,0.023237,0
20260810_154114_079,1,Unspecified,80,2026-08-10T15:42:32.0571292+09:00,2026-08-10T15:42:32.5571292+09:00,77.978358,78.478358,29,29,-0.088192,0.001412,0.000148,0.000474,-0.000085,0.024940,0
20260810_154114_079,1,Unspecified,81,2026-08-10T15:42:32.5571292+09:00,2026-08-10T15:42:33.0571292+09:00,78.478358,78.978358,30,30,-0.086061,0.017442,0.000002,0.000003,0.000000,0.002175,0
20260810_154114_079,1,Unspecified,82,2026-08-10T15:42:33.0571292+09:00,2026-08-10T15:42:33.5571292+09:00,78.978358,79.478358,30,30,-0.088753,0.018158,0.000003,0.000003,0.000000,0.002325,0
20260810_154114_079,1,Unspecified,83,2026-08-10T15:42:33.5571292+09:00,2026-08-10T15:42:34.0571292+09:00,79.478358,79.978358,30,30,-0.093133,0.014306,0.000049,0.000171,-0.000027,0.014828,0
20260810_154114_079,1,Unspecified,84,2026-08-10T15:42:34.0571292+09:00,2026-08-10T15:42:34.5571292+09:00,79.978358,80.478358,30,30,-0.085065,0.008617,0.000107,0.000296,-0.000053,0.020084,0
20260810_154114_079,1,Unspecified,85,2026-08-10T15:42:34.5571292+09:00,2026-08-10T15:42:35.0571292+09:00,80.478358,80.978358,30,30,-0.092657,0.013035,0.000012,0.000206,-0.000037,0.014769,0
20260810_154114_079,1,Unspecified,86,2026-08-10T15:42:35.0571292+09:00,2026-08-10T15:42:35.5571292+09:00,80.978358,81.478358,30,30,-0.095138,0.019062,0.000001,0.000002,0.000000,0.001823,0
20260810_154114_079,1,Unspecified,87,2026-08-10T15:42:35.5571292+09:00,2026-08-10T15:42:36.0571292+09:00,81.478358,81.978358,30,30,-0.093034,0.013460,0.000024,0.000309,-0.000038,0.018244,0
20260810_154114_079,1,Unspecified,88,2026-08-10T15:42:36.0571292+09:00,2026-08-10T15:42:36.5571292+09:00,81.978358,82.478358,30,30,-0.102315,0.012136,0.000136,0.000355,-0.000008,0.022170,0
20260810_154114_079,1,Unspecified,89,2026-08-10T15:42:36.5571292+09:00,2026-08-10T15:42:37.0571292+09:00,82.478358,82.978358,30,30,-0.105232,0.023120,0.000002,0.000004,-0.000001,0.002477,0
20260810_154114_079,1,Unspecified,90,2026-08-10T15:42:37.0571292+09:00,2026-08-10T15:42:37.5571292+09:00,82.978358,83.478358,30,30,-0.106143,0.024487,0.000001,0.000001,0.000000,0.001436,0
20260810_154114_079,1,Unspecified,91,2026-08-10T15:42:37.5571292+09:00,2026-08-10T15:42:38.0571292+09:00,83.478358,83.978358,30,30,-0.105793,0.023285,0.000001,0.000001,0.000000,0.001514,0
20260810_154114_079,1,Unspecified,92,2026-08-10T15:42:38.0571292+09:00,2026-08-10T15:42:38.5571292+09:00,83.978358,84.478358,30,30,-0.092448,0.013311,0.000112,0.000525,-0.000056,0.025233,0
20260810_154114_079,1,Unspecified,93,2026-08-10T15:42:38.5571292+09:00,2026-08-10T15:42:39.0571292+09:00,84.478358,84.978358,31,31,-0.094167,0.022370,0.000007,0.000021,0.000001,0.005256,0
20260810_154114_079,1,Unspecified,94,2026-08-10T15:42:39.0571292+09:00,2026-08-10T15:42:39.5571292+09:00,84.978358,85.478358,30,30,-0.097987,0.020565,0.000003,0.000005,0.000001,0.002720,0
20260810_154114_079,1,Unspecified,95,2026-08-10T15:42:39.5571292+09:00,2026-08-10T15:42:40.0571292+09:00,85.478358,85.978358,29,29,-0.093809,-0.001327,0.000072,0.000492,-0.000085,0.023755,0
20260810_154114_079,1,Unspecified,96,2026-08-10T15:42:40.0571292+09:00,2026-08-10T15:42:40.5571292+09:00,85.978358,86.478358,30,30,-0.099174,0.022020,0.000004,0.000006,-0.000004,0.003220,0
20260810_154114_079,1,Unspecified,97,2026-08-10T15:42:40.5571292+09:00,2026-08-10T15:42:41.0571292+09:00,86.478358,86.978358,30,30,-0.093342,0.007446,0.000045,0.000458,-0.000091,0.022423,0
20260810_154114_079,1,Unspecified,98,2026-08-10T15:42:41.0571292+09:00,2026-08-10T15:42:41.5571292+09:00,86.978358,87.478358,30,30,-0.092373,0.017445,0.000002,0.000002,0.000000,0.002123,0
20260810_154114_079,1,Unspecified,99,2026-08-10T15:42:41.5571292+09:00,2026-08-10T15:42:42.0571292+09:00,87.478358,87.978358,30,30,-0.108331,0.014280,0.000023,0.000273,-0.000053,0.017214,0
20260810_154114_079,1,Unspecified,100,2026-08-10T15:42:42.0571292+09:00,2026-08-10T15:42:42.5571292+09:00,87.978358,88.478358,30,30,-0.120607,0.025434,0.000132,0.000010,-0.000029,0.011923,0
20260810_154114_079,1,Unspecified,101,2026-08-10T15:42:42.5571292+09:00,2026-08-10T15:42:43.0571292+09:00,88.478358,88.978358,30,30,-0.094887,0.016257,0.000237,0.000227,-0.000073,0.021527,0
20260810_154114_079,1,Unspecified,102,2026-08-10T15:42:43.0571292+09:00,2026-08-10T15:42:43.5571292+09:00,88.978358,89.478358,30,30,-0.094850,0.017435,0.000005,0.000317,-0.000019,0.017937,0
20260810_154114_079,1,Unspecified,103,2026-08-10T15:42:43.5571292+09:00,2026-08-10T15:42:44.0571292+09:00,89.478358,89.978358,30,30,-0.092614,0.021322,0.000149,0.000110,-0.000064,0.016090,0
20260810_154114_079,1,Unspecified,104,2026-08-10T15:42:44.0571292+09:00,2026-08-10T15:42:44.5571292+09:00,89.978358,90.478358,30,30,-0.090524,0.003336,0.000107,0.000326,-0.000130,0.020798,0
20260810_154114_079,1,Unspecified,105,2026-08-10T15:42:44.5571292+09:00,2026-08-10T15:42:45.0571292+09:00,90.478358,90.978358,30,30,-0.096738,0.013525,0.000341,0.000186,0.000051,0.022958,0
20260810_154114_079,1,Unspecified,106,2026-08-10T15:42:45.0571292+09:00,2026-08-10T15:42:45.5571292+09:00,90.978358,91.478358,30,30,-0.097248,0.024818,0.000004,0.000005,0.000002,0.003011,0
20260810_154114_079,1,Unspecified,107,2026-08-10T15:42:45.5571292+09:00,2026-08-10T15:42:46.0571292+09:00,91.478358,91.978358,30,30,-0.092811,0.012909,0.000021,0.000388,-0.000029,0.020200,0
20260810_154114_079,1,Unspecified,108,2026-08-10T15:42:46.0571292+09:00,2026-08-10T15:42:46.5571292+09:00,91.978358,92.478358,30,30,-0.092338,0.001149,0.000146,0.000363,-0.000022,0.022564,0
20260810_154114_079,1,Unspecified,109,2026-08-10T15:42:46.5571292+09:00,2026-08-10T15:42:47.0571292+09:00,92.478358,92.978358,30,30,-0.088567,0.017961,0.000004,0.000003,0.000000,0.002689,0
20260810_154114_079,1,Unspecified,110,2026-08-10T15:42:47.0571292+09:00,2026-08-10T15:42:47.5571292+09:00,92.978358,93.478358,30,30,-0.090866,0.018976,0.000002,0.000002,0.000001,0.002188,0
20260810_154114_079,1,Unspecified,111,2026-08-10T15:42:47.5571292+09:00,2026-08-10T15:42:48.0571292+09:00,93.478358,93.978358,30,30,-0.099935,0.009927,0.000052,0.000380,-0.000091,0.020775,0
20260810_154114_079,1,Unspecified,112,2026-08-10T15:42:48.0571292+09:00,2026-08-10T15:42:48.5571292+09:00,93.978358,94.478358,30,30,-0.096009,0.012559,0.000049,0.000501,-0.000067,0.023447,0
20260810_154114_079,1,Unspecified,113,2026-08-10T15:42:48.5571292+09:00,2026-08-10T15:42:49.0571292+09:00,94.478358,94.978358,30,30,-0.079748,0.005388,0.000085,0.000367,-0.000064,0.021275,0
20260810_154114_079,1,Unspecified,114,2026-08-10T15:42:49.0571292+09:00,2026-08-10T15:42:49.5571292+09:00,94.978358,95.478358,31,31,-0.096013,0.018903,0.000009,0.000059,-0.000016,0.008277,0
20260810_154114_079,1,Unspecified,115,2026-08-10T15:42:49.5571292+09:00,2026-08-10T15:42:50.0571292+09:00,95.478358,95.978358,29,29,-0.098397,0.018841,0.000057,0.000052,-0.000006,0.010433,0
20260810_154114_079,1,Unspecified,116,2026-08-10T15:42:50.0571292+09:00,2026-08-10T15:42:50.5571292+09:00,95.978358,96.478358,30,30,-0.092930,0.014150,0.000077,0.000295,-0.000041,0.019296,0
20260810_154114_079,1,Unspecified,117,2026-08-10T15:42:50.5571292+09:00,2026-08-10T15:42:51.0571292+09:00,96.478358,96.978358,30,30,-0.093788,0.023579,0.000002,0.000003,-0.000001,0.002191,0
20260810_154114_079,1,Unspecified,118,2026-08-10T15:42:51.0571292+09:00,2026-08-10T15:42:51.5571292+09:00,96.978358,97.478358,30,30,-0.095514,0.024932,0.000115,0.000031,0.000050,0.012109,0
20260810_154114_079,1,Unspecified,119,2026-08-10T15:42:51.5571292+09:00,2026-08-10T15:42:52.0571292+09:00,97.478358,97.978358,30,30,-0.102168,0.012032,0.000226,0.000180,-0.000024,0.020136,0
20260810_154114_079,1,Unspecified,120,2026-08-10T15:42:52.0571292+09:00,2026-08-10T15:42:52.5571292+09:00,97.978358,98.478358,30,30,-0.093597,0.010261,0.000035,0.000616,-0.000135,0.025527,0
20260810_154114_079,1,Unspecified,121,2026-08-10T15:42:52.5571292+09:00,2026-08-10T15:42:53.0571292+09:00,98.478358,98.978358,30,30,-0.094950,0.019182,0.000006,0.000003,-0.000002,0.003000,0
20260810_154114_079,1,Unspecified,122,2026-08-10T15:42:53.0571292+09:00,2026-08-10T15:42:53.5571292+09:00,98.978358,99.478358,30,30,-0.097095,0.020463,0.000002,0.000003,-0.000001,0.002163,0
20260810_154114_079,1,Unspecified,123,2026-08-10T15:42:53.5571292+09:00,2026-08-10T15:42:54.0571292+09:00,99.478358,99.978358,30,30,-0.102182,0.011334,0.000020,0.000444,-0.000033,0.021540,0
20260810_154114_079,1,Unspecified,124,2026-08-10T15:42:54.0571292+09:00,2026-08-10T15:42:54.5571292+09:00,99.978358,100.478358,30,30,-0.099290,0.013680,0.000019,0.000448,-0.000069,0.021596,0
20260810_154114_079,1,Unspecified,125,2026-08-10T15:42:54.5571292+09:00,2026-08-10T15:42:55.0571292+09:00,100.478358,100.978358,30,30,-0.088608,0.014772,0.000184,0.000274,-0.000135,0.021412,0
20260810_154114_079,1,Unspecified,126,2026-08-10T15:42:55.0571292+09:00,2026-08-10T15:42:55.5571292+09:00,100.978358,101.478358,30,30,-0.082009,0.020876,0.000002,0.000006,-0.000002,0.002882,0
20260810_154114_079,1,Unspecified,127,2026-08-10T15:42:55.5571292+09:00,2026-08-10T15:42:56.0571292+09:00,101.478358,101.978358,30,30,-0.090854,0.015391,0.000058,0.000178,-0.000028,0.015391,0
20260810_154114_079,1,Unspecified,128,2026-08-10T15:42:56.0571292+09:00,2026-08-10T15:42:56.5571292+09:00,101.978358,102.478358,30,30,-0.093067,0.012598,0.000030,0.000405,-0.000043,0.020843,0
20260810_154114_079,1,Unspecified,129,2026-08-10T15:42:56.5571292+09:00,2026-08-10T15:42:57.0571292+09:00,102.478358,102.978358,31,31,-0.093729,0.014896,0.000007,0.000372,0.000007,0.019457,0
20260810_154114_079,1,Unspecified,130,2026-08-10T15:42:57.0571292+09:00,2026-08-10T15:42:57.5571292+09:00,102.978358,103.478358,29,29,-0.094477,0.020634,0.000002,0.000058,0.000000,0.007737,0
20260810_154114_079,1,Unspecified,131,2026-08-10T15:42:57.5571292+09:00,2026-08-10T15:42:58.0571292+09:00,103.478358,103.978358,30,30,-0.098447,0.013886,0.000052,0.000261,-0.000027,0.017685,0
20260810_154114_079,1,Unspecified,132,2026-08-10T15:42:58.0571292+09:00,2026-08-10T15:42:58.5571292+09:00,103.978358,104.478358,30,30,-0.096244,0.011310,0.000024,0.000572,-0.000081,0.024410,0
20260810_154114_079,1,Unspecified,133,2026-08-10T15:42:58.5571292+09:00,2026-08-10T15:42:59.0571292+09:00,104.478358,104.978358,30,30,-0.095152,0.013696,0.000119,0.000328,0.000020,0.021125,0
20260810_154114_079,1,Unspecified,134,2026-08-10T15:42:59.0571292+09:00,2026-08-10T15:42:59.5571292+09:00,104.978358,105.478358,30,30,-0.086128,0.024273,0.000002,0.000003,0.000000,0.002167,0
20260810_154114_079,1,Unspecified,135,2026-08-10T15:42:59.5571292+09:00,2026-08-10T15:43:00.0571292+09:00,105.478358,105.978358,30,30,-0.096392,0.010017,0.000082,0.000498,-0.000031,0.024072,0
20260810_154114_079,1,Unspecified,136,2026-08-10T15:43:00.0571292+09:00,2026-08-10T15:43:00.5571292+09:00,105.978358,106.478358,30,30,-0.101040,0.020523,0.000005,0.000003,0.000000,0.002743,0
20260810_154114_079,1,Unspecified,137,2026-08-10T15:43:00.5571292+09:00,2026-08-10T15:43:01.0571292+09:00,106.478358,106.978358,31,31,-0.096414,0.010976,0.000236,0.000255,-0.000027,0.022167,0
20260810_154114_079,1,Unspecified,138,2026-08-10T15:43:01.0571292+09:00,2026-08-10T15:43:01.5571292+09:00,106.978358,107.478358,29,29,-0.091364,0.017731,0.000003,0.000009,0.000002,0.003376,0
20260810_154114_079,1,Unspecified,139,2026-08-10T15:43:01.5571292+09:00,2026-08-10T15:43:02.0571292+09:00,107.478358,107.978358,30,30,-0.096047,0.009924,0.000326,0.000372,0.000045,0.026411,0
20260810_154114_079,1,Unspecified,140,2026-08-10T15:43:02.0571292+09:00,2026-08-10T15:43:02.5571292+09:00,107.978358,108.478358,30,30,-0.087409,0.000852,0.000055,0.000578,-0.000140,0.025167,0
20260810_154114_079,1,Unspecified,141,2026-08-10T15:43:02.5571292+09:00,2026-08-10T15:43:03.0571292+09:00,108.478358,108.978358,30,30,-0.079526,0.018752,0.000003,0.000102,-0.000009,0.010235,0
20260810_154114_079,1,Unspecified,142,2026-08-10T15:43:03.0571292+09:00,2026-08-10T15:43:03.5571292+09:00,108.978358,109.478358,30,30,-0.089898,0.017446,0.000023,0.000227,-0.000016,0.015783,0
20260810_154114_079,1,Unspecified,143,2026-08-10T15:43:03.5571292+09:00,2026-08-10T15:43:04.0571292+09:00,109.478358,109.978358,30,30,-0.098307,0.017064,0.000188,0.000195,0.000048,0.019573,0
20260810_154114_079,1,Unspecified,144,2026-08-10T15:43:04.0571292+09:00,2026-08-10T15:43:04.5571292+09:00,109.978358,110.478358,30,30,-0.099001,0.013335,0.000043,0.000146,-0.000029,0.013766,0
20260810_154114_079,1,Unspecified,145,2026-08-10T15:43:04.5571292+09:00,2026-08-10T15:43:05.0571292+09:00,110.478358,110.978358,30,30,-0.099628,0.017994,0.000001,0.000002,0.000000,0.001806,0
20260810_154114_079,1,Unspecified,146,2026-08-10T15:43:05.0571292+09:00,2026-08-10T15:43:05.5571292+09:00,110.978358,111.478358,30,30,-0.095342,0.013343,0.000008,0.000242,-0.000014,0.015804,0
20260810_154114_079,1,Unspecified,147,2026-08-10T15:43:05.5571292+09:00,2026-08-10T15:43:06.0571292+09:00,111.478358,111.978358,30,30,-0.095702,0.012507,0.000005,0.000268,-0.000018,0.016500,0
20260810_154114_079,1,Unspecified,148,2026-08-10T15:43:06.0571292+09:00,2026-08-10T15:43:06.5571292+09:00,111.978358,112.478358,30,30,-0.098607,0.018226,0.000001,0.000003,0.000000,0.002108,0
20260810_154114_079,1,Unspecified,149,2026-08-10T15:43:06.5571292+09:00,2026-08-10T15:43:07.0571292+09:00,112.478358,112.978358,30,30,-0.100512,0.017504,0.000001,0.000003,0.000000,0.001980,0
20260810_154114_079,1,Unspecified,150,2026-08-10T15:43:07.0571292+09:00,2026-08-10T15:43:07.5571292+09:00,112.978358,113.478358,30,30,-0.102675,0.018539,0.000001,0.000001,0.000000,0.001436,0
20260810_154114_079,1,Unspecified,151,2026-08-10T15:43:07.5571292+09:00,2026-08-10T15:43:08.0571292+09:00,113.478358,113.978358,30,30,-0.096727,0.004882,0.000075,0.000327,0.000002,0.020066,0
20260810_154114_079,1,Unspecified,152,2026-08-10T15:43:08.0571292+09:00,2026-08-10T15:43:08.5571292+09:00,113.978358,114.478358,30,30,-0.090496,0.010596,0.000023,0.000199,-0.000044,0.014895,0
20260810_154114_079,1,Unspecified,153,2026-08-10T15:43:08.5571292+09:00,2026-08-10T15:43:09.0571292+09:00,114.478358,114.978358,30,30,-0.093224,0.009902,0.000013,0.000348,-0.000025,0.018995,0
20260810_154114_079,1,Unspecified,154,2026-08-10T15:43:09.0571292+09:00,2026-08-10T15:43:09.5571292+09:00,114.978358,115.478358,30,30,-0.093482,0.022502,0.000005,0.000003,-0.000002,0.002662,0
20260810_154114_079,1,Unspecified,155,2026-08-10T15:43:09.5571292+09:00,2026-08-10T15:43:10.0571292+09:00,115.478358,115.978358,30,30,-0.097012,0.005542,0.000157,0.000277,-0.000011,0.020850,0
20260810_154114_079,1,Unspecified,156,2026-08-10T15:43:10.0571292+09:00,2026-08-10T15:43:10.5571292+09:00,115.978358,116.478358,30,30,-0.096220,0.015282,0.000026,0.000201,-0.000005,0.015084,0
20260810_154114_079,1,Unspecified,157,2026-08-10T15:43:10.5571292+09:00,2026-08-10T15:43:11.0571292+09:00,116.478358,116.978358,30,30,-0.098143,0.020382,0.000174,0.000174,0.000023,0.018680,0
20260810_154114_079,1,Unspecified,158,2026-08-10T15:43:11.0571292+09:00,2026-08-10T15:43:11.5571292+09:00,116.978358,117.478358,30,30,-0.098871,0.029692,0.000088,0.000056,0.000065,0.012016,0
20260810_154114_079,1,Unspecified,159,2026-08-10T15:43:11.5571292+09:00,2026-08-10T15:43:12.0571292+09:00,117.478358,117.978358,30,30,-0.111173,0.029691,0.000004,0.000103,0.000008,0.010348,0
20260810_154114_079,1,Unspecified,160,2026-08-10T15:43:12.0571292+09:00,2026-08-10T15:43:12.5571292+09:00,117.978358,118.478358,30,30,-0.113719,0.017475,0.000034,0.000334,-0.000010,0.019170,0
20260810_154114_079,1,Unspecified,161,2026-08-10T15:43:12.5571292+09:00,2026-08-10T15:43:13.0571292+09:00,118.478358,118.978358,30,30,-0.119403,0.026237,0.000000,0.000003,0.000000,0.001788,0
20260810_154114_079,1,Unspecified,162,2026-08-10T15:43:13.0571292+09:00,2026-08-10T15:43:13.5571292+09:00,118.978358,119.478358,31,31,-0.108035,0.021780,0.000110,0.000029,0.000005,0.011761,0
20260810_154114_079,1,Unspecified,163,2026-08-10T15:43:13.5571292+09:00,2026-08-10T15:43:14.0571292+09:00,119.478358,119.978358,29,29,-0.095518,0.009881,0.000095,0.000787,-0.000135,0.029690,0
20260810_154114_079,1,Unspecified,164,2026-08-10T15:43:14.0571292+09:00,2026-08-10T15:43:14.5571292+09:00,119.978358,120.478358,31,31,-0.091738,0.019780,0.000001,0.000004,-0.000001,0.002160,0
20260810_154114_079,1,Unspecified,165,2026-08-10T15:43:14.5571292+09:00,2026-08-10T15:43:15.0571292+09:00,120.478358,120.978358,29,29,-0.092354,0.019587,0.000001,0.000004,-0.000001,0.002210,0
20260810_154114_079,1,Unspecified,166,2026-08-10T15:43:15.0571292+09:00,2026-08-10T15:43:15.5571292+09:00,120.978358,121.478358,30,30,-0.097149,0.024694,0.000011,0.000005,-0.000006,0.004076,0
20260810_154114_079,1,Unspecified,167,2026-08-10T15:43:15.5571292+09:00,2026-08-10T15:43:16.0571292+09:00,121.478358,121.978358,30,30,-0.094000,0.007062,0.000063,0.000427,-0.000098,0.022143,0
20260810_154114_079,1,Unspecified,168,2026-08-10T15:43:16.0571292+09:00,2026-08-10T15:43:16.5571292+09:00,121.978358,122.478358,30,30,-0.101279,0.008069,0.000328,0.000274,0.000111,0.024550,0
20260810_154114_079,1,Unspecified,169,2026-08-10T15:43:16.5571292+09:00,2026-08-10T15:43:17.0571292+09:00,122.478358,122.978358,30,30,-0.100529,0.021556,0.000001,0.000002,0.000000,0.001693,0
20260810_154114_079,1,Unspecified,170,2026-08-10T15:43:17.0571292+09:00,2026-08-10T15:43:17.5571292+09:00,122.978358,123.478358,30,30,-0.099960,0.022391,0.000018,0.000048,0.000025,0.008094,0
20260810_154114_079,1,Unspecified,171,2026-08-10T15:43:17.5571292+09:00,2026-08-10T15:43:18.0571292+09:00,123.478358,123.978358,30,30,-0.119500,0.021734,0.000058,0.000371,-0.000115,0.020722,0
20260810_154114_079,1,Unspecified,172,2026-08-10T15:43:18.0571292+09:00,2026-08-10T15:43:18.5571292+09:00,123.978358,124.478358,30,30,-0.101333,0.017190,0.001014,0.000718,-0.000776,0.041619,0
20260810_154114_079,1,Unspecified,173,2026-08-10T15:43:18.5571292+09:00,2026-08-10T15:43:19.0571292+09:00,124.478358,124.978358,30,30,-0.081514,0.007912,0.000185,0.000333,-0.000091,0.022758,0
20260810_154114_079,1,Unspecified,174,2026-08-10T15:43:19.0571292+09:00,2026-08-10T15:43:19.5571292+09:00,124.978358,125.478358,30,30,-0.092464,0.021561,0.000002,0.000004,-0.000001,0.002348,0
20260810_154114_079,1,Unspecified,175,2026-08-10T15:43:19.5571292+09:00,2026-08-10T15:43:20.0571292+09:00,125.478358,125.978358,31,31,-0.097612,0.011703,0.000061,0.000308,-0.000052,0.019221,0
20260810_154114_079,1,Unspecified,176,2026-08-10T15:43:20.0571292+09:00,2026-08-10T15:43:20.5571292+09:00,125.978358,126.478358,29,29,-0.094911,0.014363,0.000124,0.000363,-0.000109,0.022060,0
20260810_154114_079,1,Unspecified,177,2026-08-10T15:43:20.5571292+09:00,2026-08-10T15:43:21.0571292+09:00,126.478358,126.978358,30,30,-0.089578,0.019703,0.000003,0.000033,-0.000007,0.006029,0
20260810_154114_079,1,Unspecified,178,2026-08-10T15:43:21.0571292+09:00,2026-08-10T15:43:21.5571292+09:00,126.978358,127.478358,30,30,-0.092338,0.014963,0.000008,0.000418,0.000006,0.020647,0
20260810_154114_079,1,Unspecified,179,2026-08-10T15:43:21.5571292+09:00,2026-08-10T15:43:22.0571292+09:00,127.478358,127.978358,30,30,-0.096157,0.002971,0.000162,0.000592,-0.000071,0.027456,0
20260810_154114_079,1,Unspecified,180,2026-08-10T15:43:22.0571292+09:00,2026-08-10T15:43:22.5571292+09:00,127.978358,128.478358,30,30,-0.095798,0.007661,0.000166,0.000319,-0.000102,0.022002,0
20260810_154114_079,1,Unspecified,181,2026-08-10T15:43:22.5571292+09:00,2026-08-10T15:43:23.0571292+09:00,128.478358,128.978358,30,30,-0.095568,0.021770,0.000005,0.000005,-0.000003,0.003066,0
20260810_154114_079,1,Unspecified,182,2026-08-10T15:43:23.0571292+09:00,2026-08-10T15:43:23.5571292+09:00,128.978358,129.478358,30,30,-0.095350,0.024256,0.000001,0.000002,0.000000,0.001874,0
20260810_154114_079,1,Unspecified,183,2026-08-10T15:43:23.5571292+09:00,2026-08-10T15:43:24.0571292+09:00,129.478358,129.978358,31,31,-0.111967,0.017018,0.000110,0.000237,-0.000111,0.018642,0
20260810_154114_079,1,Unspecified,184,2026-08-10T15:43:24.0571292+09:00,2026-08-10T15:43:24.5571292+09:00,129.978358,130.478358,29,29,-0.111772,0.026675,0.000531,0.000066,-0.000169,0.024431,0
20260810_154114_079,1,Unspecified,185,2026-08-10T15:43:24.5571292+09:00,2026-08-10T15:43:25.0571292+09:00,130.478358,130.978358,30,30,-0.091368,0.027655,0.000024,0.000261,-0.000070,0.016883,0
20260810_154114_079,1,Unspecified,186,2026-08-10T15:43:25.0571292+09:00,2026-08-10T15:43:25.5571292+09:00,130.978358,131.478358,30,30,-0.096632,0.038454,0.000003,0.000002,0.000001,0.002212,0
20260810_154114_079,1,Unspecified,187,2026-08-10T15:43:25.5571292+09:00,2026-08-10T15:43:26.0571292+09:00,131.478358,131.978358,30,30,-0.088869,0.017382,0.000044,0.000526,-0.000064,0.023867,0
20260810_154114_079,1,Unspecified,188,2026-08-10T15:43:26.0571292+09:00,2026-08-10T15:43:26.5571292+09:00,131.978358,132.478358,30,30,-0.091063,0.019642,0.000026,0.000235,-0.000049,0.016146,0
20260810_154114_079,1,Unspecified,189,2026-08-10T15:43:26.5571292+09:00,2026-08-10T15:43:27.0571292+09:00,132.478358,132.978358,30,30,-0.097012,0.020077,0.000018,0.000220,-0.000050,0.015431,0
20260810_154114_079,1,Unspecified,190,2026-08-10T15:43:27.0571292+09:00,2026-08-10T15:43:27.5571292+09:00,132.978358,133.478358,30,30,-0.101406,0.026879,0.000002,0.000004,0.000002,0.002312,0
20260810_154114_079,1,Unspecified,191,2026-08-10T15:43:27.5571292+09:00,2026-08-10T15:43:28.0571292+09:00,133.478358,133.978358,30,30,-0.098547,0.012706,0.000116,0.000171,0.000026,0.016936,0
20260810_154114_079,1,Unspecified,192,2026-08-10T15:43:28.0571292+09:00,2026-08-10T15:43:28.5571292+09:00,133.978358,134.478358,30,30,-0.096002,0.011374,0.000120,0.000426,-0.000087,0.023370,0
20260810_154114_079,1,Unspecified,193,2026-08-10T15:43:28.5571292+09:00,2026-08-10T15:43:29.0571292+09:00,134.478358,134.978358,30,30,-0.091480,0.026418,0.000003,0.000012,-0.000003,0.003871,0
20260810_154114_079,1,Unspecified,194,2026-08-10T15:43:29.0571292+09:00,2026-08-10T15:43:29.5571292+09:00,134.978358,135.478358,30,30,-0.095126,0.025445,0.000002,0.000003,0.000000,0.002067,0
20260810_154114_079,1,Unspecified,195,2026-08-10T15:43:29.5571292+09:00,2026-08-10T15:43:30.0571292+09:00,135.478358,135.978358,30,30,-0.102302,0.015752,0.000069,0.000351,-0.000025,0.020497,0
20260810_154114_079,1,Unspecified,196,2026-08-10T15:43:30.0571292+09:00,2026-08-10T15:43:30.5571292+09:00,135.978358,136.478358,30,30,-0.111408,0.023162,0.000001,0.000008,-0.000001,0.003023,0
20260810_154114_079,1,Unspecified,197,2026-08-10T15:43:30.5571292+09:00,2026-08-10T15:43:31.0571292+09:00,136.478358,136.978358,31,31,-0.109546,0.032219,0.000184,0.000065,0.000103,0.015776,0
20260810_154114_079,1,Unspecified,198,2026-08-10T15:43:31.0571292+09:00,2026-08-10T15:43:31.5571292+09:00,136.978358,137.478358,29,29,-0.092707,0.046006,0.000002,0.000003,0.000000,0.002264,0
20260810_154114_079,1,Unspecified,199,2026-08-10T15:43:31.5571292+09:00,2026-08-10T15:43:32.0571292+09:00,137.478358,137.978358,30,30,-0.094933,0.023612,0.000019,0.000676,0.000025,0.026359,0
20260810_154114_079,1,Unspecified,200,2026-08-10T15:43:32.0571292+09:00,2026-08-10T15:43:32.5571292+09:00,137.978358,138.478358,30,30,-0.101017,0.014750,0.000123,0.000349,-0.000023,0.021725,0
20260810_154114_079,1,Unspecified,201,2026-08-10T15:43:32.5571292+09:00,2026-08-10T15:43:33.0571292+09:00,138.478358,138.978358,30,30,-0.102250,0.027263,0.000004,0.000003,0.000000,0.002526,0
20260810_154114_079,1,Unspecified,202,2026-08-10T15:43:33.0571292+09:00,2026-08-10T15:43:33.5571292+09:00,138.978358,139.478358,30,30,-0.101341,0.026270,0.000002,0.000028,0.000001,0.005432,0
20260810_154114_079,1,Unspecified,203,2026-08-10T15:43:33.5571292+09:00,2026-08-10T15:43:34.0571292+09:00,139.478358,139.978358,30,30,-0.105314,0.001451,0.000437,0.000349,0.000018,0.028042,0
20260810_154114_079,1,Unspecified,204,2026-08-10T15:43:34.0571292+09:00,2026-08-10T15:43:34.5571292+09:00,139.978358,140.478358,30,30,-0.102458,0.020995,0.000002,0.000002,0.000000,0.001974,0
20260810_154114_079,1,Unspecified,205,2026-08-10T15:43:34.5571292+09:00,2026-08-10T15:43:35.0571292+09:00,140.478358,140.978358,30,30,-0.098200,0.024871,0.000004,0.000001,0.000000,0.002335,0
20260810_154114_079,1,Unspecified,206,2026-08-10T15:43:35.0571292+09:00,2026-08-10T15:43:35.5571292+09:00,140.978358,141.478358,30,30,-0.097301,0.024302,0.000003,0.000002,-0.000001,0.002293,0
20260810_154114_079,1,Unspecified,207,2026-08-10T15:43:35.5571292+09:00,2026-08-10T15:43:36.0571292+09:00,141.478358,141.978358,30,30,-0.115501,0.023076,0.000082,0.000468,-0.000144,0.023454,0
20260810_154114_079,1,Unspecified,208,2026-08-10T15:43:36.0571292+09:00,2026-08-10T15:43:36.5571292+09:00,141.978358,142.478358,30,30,-0.108937,0.018154,0.000013,0.000523,-0.000052,0.023157,0
20260810_154114_079,1,Unspecified,209,2026-08-10T15:43:36.5571292+09:00,2026-08-10T15:43:37.0571292+09:00,142.478358,142.978358,31,31,-0.099795,0.011606,0.000115,0.000427,-0.000148,0.023276,0
20260810_154114_079,1,Unspecified,210,2026-08-10T15:43:37.0571292+09:00,2026-08-10T15:43:37.5571292+09:00,142.978358,143.478358,29,29,-0.097658,0.016802,0.000002,0.000004,-0.000001,0.002436,0
20260810_154114_079,1,Unspecified,211,2026-08-10T15:43:37.5571292+09:00,2026-08-10T15:43:38.0571292+09:00,143.478358,143.978358,30,30,-0.098276,0.000176,0.000131,0.000631,-0.000107,0.027603,0
20260810_154114_079,1,Unspecified,212,2026-08-10T15:43:38.0571292+09:00,2026-08-10T15:43:38.5571292+09:00,143.978358,144.478358,30,30,-0.093753,0.009711,0.000048,0.000348,0.000013,0.019905,0
20260810_154114_079,1,Unspecified,213,2026-08-10T15:43:38.5571292+09:00,2026-08-10T15:43:39.0571292+09:00,144.478358,144.978358,30,30,-0.090090,0.023633,0.000003,0.000002,0.000000,0.002086,0
20260810_154114_079,1,Unspecified,214,2026-08-10T15:43:39.0571292+09:00,2026-08-10T15:43:39.5571292+09:00,144.978358,145.478358,30,30,-0.093351,0.024929,0.000017,0.000016,0.000008,0.005754,0
20260810_154114_079,1,Unspecified,215,2026-08-10T15:43:39.5571292+09:00,2026-08-10T15:43:40.0571292+09:00,145.478358,145.978358,30,30,-0.096834,0.008148,0.000117,0.000591,-0.000124,0.026622,0
20260810_154114_079,1,Unspecified,216,2026-08-10T15:43:40.0571292+09:00,2026-08-10T15:43:40.5571292+09:00,145.978358,146.478358,30,30,-0.104692,0.016380,0.000071,0.000511,-0.000022,0.024120,0
20260810_154114_079,1,Unspecified,217,2026-08-10T15:43:40.5571292+09:00,2026-08-10T15:43:41.0571292+09:00,146.478358,146.978358,30,30,-0.102169,0.027539,0.000002,0.000003,0.000000,0.002279,0
20260810_154114_079,1,Unspecified,218,2026-08-10T15:43:41.0571292+09:00,2026-08-10T15:43:41.5571292+09:00,146.978358,147.478358,30,30,-0.102478,0.029699,0.000000,0.000008,0.000000,0.002871,0
20260810_154114_079,1,Unspecified,219,2026-08-10T15:43:41.5571292+09:00,2026-08-10T15:43:42.0571292+09:00,147.478358,147.978358,30,30,-0.115679,0.025482,0.000094,0.000472,-0.000162,0.023792,0
20260810_154114_079,1,Unspecified,220,2026-08-10T15:43:42.0571292+09:00,2026-08-10T15:43:42.5571292+09:00,147.978358,148.478358,30,30,-0.117682,0.031304,0.000001,0.000021,0.000003,0.004754,0
20260810_154114_079,1,Unspecified,221,2026-08-10T15:43:42.5571292+09:00,2026-08-10T15:43:43.0571292+09:00,148.478358,148.978358,31,31,-0.103655,0.003077,0.000647,0.000560,-0.000306,0.034730,0
20260810_154114_079,1,Unspecified,222,2026-08-10T15:43:43.0571292+09:00,2026-08-10T15:43:43.5571292+09:00,148.978358,149.478358,30,30,-0.092898,0.022328,0.000010,0.000171,0.000010,0.013452,0
20260810_154114_079,1,Unspecified,223,2026-08-10T15:43:43.5571292+09:00,2026-08-10T15:43:44.0571292+09:00,149.478358,149.978358,29,29,-0.095266,0.013652,0.000004,0.000217,-0.000001,0.014856,0
20260810_154114_079,1,Unspecified,224,2026-08-10T15:43:44.0571292+09:00,2026-08-10T15:43:44.5571292+09:00,149.978358,150.478358,30,30,-0.111571,0.011367,0.000310,0.000338,0.000076,0.025439,0
20260810_154114_079,1,Unspecified,225,2026-08-10T15:43:44.5571292+09:00,2026-08-10T15:43:45.0571292+09:00,150.478358,150.978358,30,30,-0.115464,0.032213,0.000001,0.000004,0.000001,0.002329,0
20260810_154114_079,1,Unspecified,226,2026-08-10T15:43:45.0571292+09:00,2026-08-10T15:43:45.5571292+09:00,150.978358,151.478358,30,30,-0.119798,0.023839,0.000105,0.000215,0.000062,0.017884,0
20260810_154114_079,1,Unspecified,227,2026-08-10T15:43:45.5571292+09:00,2026-08-10T15:43:46.0571292+09:00,151.478358,151.978358,30,30,-0.101346,0.012977,0.000075,0.000326,-0.000024,0.020026,0
20260810_154114_079,1,Unspecified,228,2026-08-10T15:43:46.0571292+09:00,2026-08-10T15:43:46.5571292+09:00,151.978358,152.478358,30,30,-0.084994,0.014003,0.000179,0.000388,-0.000127,0.023810,0
20260810_154114_079,1,Unspecified,229,2026-08-10T15:43:46.5571292+09:00,2026-08-10T15:43:47.0571292+09:00,152.478358,152.978358,30,30,-0.092349,0.013182,0.000107,0.000193,0.000072,0.017317,0
20260810_154114_079,1,Unspecified,230,2026-08-10T15:43:47.0571292+09:00,2026-08-10T15:43:47.5571292+09:00,152.978358,153.478358,30,30,-0.099526,0.017822,0.000003,0.000004,0.000000,0.002516,0
20260810_154114_079,1,Unspecified,231,2026-08-10T15:43:47.5571292+09:00,2026-08-10T15:43:48.0571292+09:00,153.478358,153.978358,30,30,-0.101071,0.019370,0.000041,0.000335,-0.000062,0.019391,0
20260810_154114_079,1,Unspecified,232,2026-08-10T15:43:48.0571292+09:00,2026-08-10T15:43:48.5571292+09:00,153.978358,154.478358,30,30,-0.098809,0.023385,0.000048,0.000009,-0.000010,0.007537,0
20260810_154114_079,1,Unspecified,233,2026-08-10T15:43:48.5571292+09:00,2026-08-10T15:43:49.0571292+09:00,154.478358,154.978358,30,30,-0.089078,0.021012,0.000003,0.000007,-0.000003,0.003112,0
20260810_154114_079,1,Unspecified,234,2026-08-10T15:43:49.0571292+09:00,2026-08-10T15:43:49.5571292+09:00,154.978358,155.478358,31,31,-0.103698,0.016464,0.000090,0.000274,-0.000012,0.019070,0
20260810_154114_079,1,Unspecified,235,2026-08-10T15:43:49.5571292+09:00,2026-08-10T15:43:50.0571292+09:00,155.478358,155.978358,29,29,-0.098821,0.011799,0.000038,0.000515,-0.000086,0.023522,0
20260810_154114_079,1,Unspecified,236,2026-08-10T15:43:50.0571292+09:00,2026-08-10T15:43:50.5571292+09:00,155.978358,156.478358,30,30,-0.091607,0.011194,0.000068,0.000631,-0.000122,0.026440,0
20260810_154114_079,1,Unspecified,237,2026-08-10T15:43:50.5571292+09:00,2026-08-10T15:43:51.0571292+09:00,156.478358,156.978358,30,30,-0.092397,0.016154,0.000102,0.000344,-0.000029,0.021118,0
20260810_154114_079,1,Unspecified,238,2026-08-10T15:43:51.0571292+09:00,2026-08-10T15:43:51.5571292+09:00,156.978358,157.478358,30,30,-0.090738,0.026830,0.000020,0.000008,-0.000003,0.005308,0
20260810_154114_079,1,Unspecified,239,2026-08-10T15:43:51.5571292+09:00,2026-08-10T15:43:52.0571292+09:00,157.478358,157.978358,30,30,-0.099900,0.009981,0.000091,0.000437,-0.000090,0.022981,0
20260810_154114_079,1,Unspecified,240,2026-08-10T15:43:52.0571292+09:00,2026-08-10T15:43:52.5571292+09:00,157.978358,158.478358,30,30,-0.086553,0.010389,0.000244,0.000520,0.000057,0.027637,0
20260810_154114_079,1,Unspecified,241,2026-08-10T15:43:52.5571292+09:00,2026-08-10T15:43:53.0571292+09:00,158.478358,158.978358,30,30,-0.107221,0.021573,0.000135,0.000339,-0.000033,0.021776,0
20260810_154114_079,1,Unspecified,242,2026-08-10T15:43:53.0571292+09:00,2026-08-10T15:43:53.5571292+09:00,158.978358,159.478358,30,30,-0.101739,0.032749,0.000002,0.000003,-0.000001,0.002118,0
20260810_154114_079,1,Unspecified,243,2026-08-10T15:43:53.5571292+09:00,2026-08-10T15:43:54.0571292+09:00,159.478358,159.978358,31,31,-0.103434,0.018414,0.000022,0.000366,-0.000030,0.019700,0
20260810_154114_079,1,Unspecified,244,2026-08-10T15:43:54.0571292+09:00,2026-08-10T15:43:54.5571292+09:00,159.978358,160.478358,29,29,-0.095109,0.003118,0.000349,0.000597,-0.000116,0.030756,0
20260810_154114_079,1,Unspecified,245,2026-08-10T15:43:54.5571292+09:00,2026-08-10T15:43:55.0571292+09:00,160.478358,160.978358,31,31,-0.091870,0.034065,0.000004,0.000006,0.000001,0.003162,0
20260810_154114_079,1,Unspecified,246,2026-08-10T15:43:55.0571292+09:00,2026-08-10T15:43:55.5571292+09:00,160.978358,161.478358,29,29,-0.095215,0.029085,0.000029,0.000085,0.000043,0.010661,0
20260810_154114_079,1,Unspecified,247,2026-08-10T15:43:55.5571292+09:00,2026-08-10T15:43:56.0571292+09:00,161.478358,161.978358,30,30,-0.103682,0.015919,0.000183,0.000325,0.000116,0.022540,0
20260810_154114_079,1,Unspecified,248,2026-08-10T15:43:56.0571292+09:00,2026-08-10T15:43:56.5571292+09:00,161.978358,162.478358,30,30,-0.101707,0.019378,0.000029,0.000282,-0.000082,0.017644,0
20260810_154114_079,1,Unspecified,249,2026-08-10T15:43:56.5571292+09:00,2026-08-10T15:43:57.0571292+09:00,162.478358,162.978358,30,30,-0.099805,0.014113,0.000051,0.000584,-0.000136,0.025206,0
20260810_154114_079,1,Unspecified,250,2026-08-10T15:43:57.0571292+09:00,2026-08-10T15:43:57.5571292+09:00,162.978358,163.478358,30,30,-0.105009,0.024740,0.000002,0.000041,0.000001,0.006546,0
20260810_154114_079,1,Unspecified,251,2026-08-10T15:43:57.5571292+09:00,2026-08-10T15:43:58.0571292+09:00,163.478358,163.978358,30,30,-0.108603,0.015936,0.000089,0.000363,-0.000006,0.021266,0
20260810_154114_079,1,Unspecified,252,2026-08-10T15:43:58.0571292+09:00,2026-08-10T15:43:58.5571292+09:00,163.978358,164.478358,30,30,-0.106552,0.023086,0.000091,0.000247,-0.000086,0.018364,0
20260810_154114_079,1,Unspecified,253,2026-08-10T15:43:58.5571292+09:00,2026-08-10T15:43:59.0571292+09:00,164.478358,164.978358,30,30,-0.092841,0.027731,0.000046,0.000298,0.000028,0.018543,0
20260810_154114_079,1,Unspecified,254,2026-08-10T15:43:59.0571292+09:00,2026-08-10T15:43:59.5571292+09:00,164.978358,165.478358,30,30,-0.096866,0.037958,0.000054,0.000016,-0.000019,0.008380,0
20260810_154114_079,1,Unspecified,255,2026-08-10T15:43:59.5571292+09:00,2026-08-10T15:44:00.0571292+09:00,165.478358,165.978358,30,30,-0.112462,0.035052,0.000112,0.000306,-0.000096,0.020446,0
20260810_154114_079,1,Unspecified,256,2026-08-10T15:44:00.0571292+09:00,2026-08-10T15:44:00.5571292+09:00,165.978358,166.478358,30,30,-0.107529,0.023123,0.000023,0.000334,-0.000052,0.018895,0
20260810_154114_079,1,Unspecified,257,2026-08-10T15:44:00.5571292+09:00,2026-08-10T15:44:01.0571292+09:00,166.478358,166.978358,31,31,-0.105725,0.014198,0.000078,0.000289,0.000005,0.019167,0
20260810_154114_079,1,Unspecified,258,2026-08-10T15:44:01.0571292+09:00,2026-08-10T15:44:01.5571292+09:00,166.978358,167.478358,29,29,-0.103458,0.023943,0.000003,0.000003,-0.000002,0.002542,0
20260810_154114_079,1,Unspecified,259,2026-08-10T15:44:01.5571292+09:00,2026-08-10T15:44:02.0571292+09:00,167.478358,167.978358,30,30,-0.100217,0.012981,0.000237,0.000154,0.000046,0.019751,0
20260810_154114_079,1,Unspecified,260,2026-08-10T15:44:02.0571292+09:00,2026-08-10T15:44:02.5571292+09:00,167.978358,168.478358,30,30,-0.088492,0.006383,0.000072,0.000542,-0.000088,0.024783,0
20260810_154114_079,1,Unspecified,261,2026-08-10T15:44:02.5571292+09:00,2026-08-10T15:44:03.0571292+09:00,168.478358,168.978358,30,30,-0.097147,0.025918,0.000005,0.000003,-0.000001,0.002844,0
20260810_154114_079,1,Unspecified,262,2026-08-10T15:44:03.0571292+09:00,2026-08-10T15:44:03.5571292+09:00,168.978358,169.478358,30,30,-0.098843,0.025509,0.000002,0.000003,0.000000,0.002054,0
20260810_154114_079,1,Unspecified,263,2026-08-10T15:44:03.5571292+09:00,2026-08-10T15:44:04.0571292+09:00,169.478358,169.978358,30,30,-0.100626,0.017432,0.000117,0.000207,0.000052,0.018003,0
20260810_154114_079,1,Unspecified,264,2026-08-10T15:44:04.0571292+09:00,2026-08-10T15:44:04.5571292+09:00,169.978358,170.478358,30,30,-0.099150,0.011347,0.000028,0.000614,-0.000071,0.025332,0
20260810_154114_079,1,Unspecified,265,2026-08-10T15:44:04.5571292+09:00,2026-08-10T15:44:05.0571292+09:00,170.478358,170.978358,30,30,-0.100757,0.022822,0.000002,0.000004,-0.000002,0.002569,0
20260810_154114_079,1,Unspecified,266,2026-08-10T15:44:05.0571292+09:00,2026-08-10T15:44:05.5571292+09:00,170.978358,171.478358,30,30,-0.100817,0.024441,0.000087,0.000045,-0.000059,0.011486,0
20260810_154114_079,1,Unspecified,267,2026-08-10T15:44:05.5571292+09:00,2026-08-10T15:44:06.0571292+09:00,171.478358,171.978358,31,31,-0.116317,0.031527,0.000065,0.000333,-0.000088,0.019961,0
20260810_154114_079,1,Unspecified,268,2026-08-10T15:44:06.0571292+09:00,2026-08-10T15:44:06.5571292+09:00,171.978358,172.478358,30,30,-0.099459,0.013374,0.000342,0.000622,-0.000283,0.031041,0
20260810_154114_079,1,Unspecified,269,2026-08-10T15:44:06.5571292+09:00,2026-08-10T15:44:07.0571292+09:00,172.478358,172.978358,29,29,-0.107365,0.024222,0.000002,0.000215,-0.000017,0.014751,0
20260810_154114_079,1,Unspecified,270,2026-08-10T15:44:07.0571292+09:00,2026-08-10T15:44:07.5571292+09:00,172.978358,173.478358,30,30,-0.109278,0.030590,0.000004,0.000015,0.000002,0.004371,0
20260810_154114_079,1,Unspecified,271,2026-08-10T15:44:07.5571292+09:00,2026-08-10T15:44:08.0571292+09:00,173.478358,173.978358,30,30,-0.103202,0.016864,0.000082,0.000340,0.000017,0.020545,0
20260810_154114_079,1,Unspecified,272,2026-08-10T15:44:08.0571292+09:00,2026-08-10T15:44:08.5571292+09:00,173.978358,174.478358,30,30,-0.097419,-0.000827,0.000305,0.000500,-0.000051,0.028365,0
20260810_154114_079,1,Unspecified,273,2026-08-10T15:44:08.5571292+09:00,2026-08-10T15:44:09.0571292+09:00,174.478358,174.978358,30,30,-0.101086,0.020704,0.000005,0.000006,0.000003,0.003227,0
20260810_154114_079,1,Unspecified,274,2026-08-10T15:44:09.0571292+09:00,2026-08-10T15:44:09.5571292+09:00,174.978358,175.478358,30,30,-0.101987,0.017798,0.000011,0.000025,-0.000007,0.005938,0
20260810_154114_079,1,Unspecified,275,2026-08-10T15:44:09.5571292+09:00,2026-08-10T15:44:10.0571292+09:00,175.478358,175.978358,30,30,-0.100745,0.003605,0.000126,0.000456,-0.000085,0.024114,0
20260810_154114_079,1,Unspecified,276,2026-08-10T15:44:10.0571292+09:00,2026-08-10T15:44:10.5571292+09:00,175.978358,176.478358,30,30,-0.109875,0.020102,0.000186,0.000279,0.000048,0.021584,0
20260810_154114_079,1,Unspecified,277,2026-08-10T15:44:10.5571292+09:00,2026-08-10T15:44:11.0571292+09:00,176.478358,176.978358,30,30,-0.108431,0.029496,0.000001,0.000005,0.000000,0.002452,0
20260810_154114_079,1,Unspecified,278,2026-08-10T15:44:11.0571292+09:00,2026-08-10T15:44:11.5571292+09:00,176.978358,177.478358,30,30,-0.107891,0.029494,0.000002,0.000006,-0.000001,0.002748,0
20260810_154114_079,1,Unspecified,279,2026-08-10T15:44:11.5571292+09:00,2026-08-10T15:44:12.0571292+09:00,177.478358,177.978358,30,30,-0.117155,0.025413,0.000074,0.000229,0.000005,0.017386,0
20260810_154114_079,1,Unspecified,280,2026-08-10T15:44:12.0571292+09:00,2026-08-10T15:44:12.5571292+09:00,177.978358,178.478358,30,30,-0.115453,0.029674,0.000019,0.000036,-0.000010,0.007475,0
20260810_154114_079,1,Unspecified,281,2026-08-10T15:44:12.5571292+09:00,2026-08-10T15:44:13.0571292+09:00,178.478358,178.978358,30,30,-0.086398,0.011369,0.000054,0.000531,-0.000107,0.024183,0
20260810_154114_079,1,Unspecified,282,2026-08-10T15:44:13.0571292+09:00,2026-08-10T15:44:13.5571292+09:00,178.978358,179.478358,30,30,-0.110332,0.027634,0.000002,0.000005,0.000001,0.002546,0
20260810_154114_079,1,Unspecified,283,2026-08-10T15:44:13.5571292+09:00,2026-08-10T15:44:14.0571292+09:00,179.478358,179.978358,30,30,-0.109289,0.008197,0.000307,0.000190,0.000042,0.022294,0
20260810_154114_079,1,Unspecified,284,2026-08-10T15:44:14.0571292+09:00,2026-08-10T15:44:14.5571292+09:00,179.978358,180.478358,30,30,-0.107334,0.001318,0.000196,0.000388,-0.000064,0.024174,0
20260810_154114_079,1,Unspecified,285,2026-08-10T15:44:14.5571292+09:00,2026-08-10T15:44:15.0571292+09:00,180.478358,180.978358,30,30,-0.104237,0.019587,0.000006,0.000208,-0.000027,0.014623,0
20260810_154114_079,1,Unspecified,286,2026-08-10T15:44:15.0571292+09:00,2026-08-10T15:44:15.5571292+09:00,180.978358,181.478358,30,30,-0.110240,0.022867,0.000040,0.000189,-0.000059,0.015146,0
20260810_154114_079,1,Unspecified,287,2026-08-10T15:44:15.5571292+09:00,2026-08-10T15:44:16.0571292+09:00,181.478358,181.978358,30,30,-0.104429,0.014828,0.000277,0.000247,0.000040,0.022888,0
20260810_154114_079,1,Unspecified,288,2026-08-10T15:44:16.0571292+09:00,2026-08-10T15:44:16.5571292+09:00,181.978358,182.478358,30,30,-0.104494,0.009025,0.000071,0.000222,-0.000034,0.017125,0
20260810_154114_079,1,Unspecified,289,2026-08-10T15:44:16.5571292+09:00,2026-08-10T15:44:17.0571292+09:00,182.478358,182.978358,30,30,-0.113719,0.023153,0.000022,0.000432,-0.000037,0.021305,0
20260810_154114_079,1,Unspecified,290,2026-08-10T15:44:17.0571292+09:00,2026-08-10T15:44:17.5571292+09:00,182.978358,183.478358,31,31,-0.116671,0.037265,0.000002,0.000026,0.000003,0.005202,0
20260810_154114_079,1,Unspecified,291,2026-08-10T15:44:17.5571292+09:00,2026-08-10T15:44:18.0571292+09:00,183.478358,183.978358,30,30,-0.124471,0.030216,0.000253,0.000201,-0.000003,0.021321,0
20260810_154114_079,1,Unspecified,292,2026-08-10T15:44:18.0571292+09:00,2026-08-10T15:44:18.5571292+09:00,183.978358,184.478358,29,29,-0.100880,0.007285,0.000177,0.000297,-0.000031,0.021780,0
20260810_154114_079,1,Unspecified,293,2026-08-10T15:44:18.5571292+09:00,2026-08-10T15:44:19.0571292+09:00,184.478358,184.978358,30,30,-0.117168,0.023779,0.000085,0.000238,0.000031,0.017979,0
20260810_154114_079,1,Unspecified,294,2026-08-10T15:44:19.0571292+09:00,2026-08-10T15:44:19.5571292+09:00,184.978358,185.478358,30,30,-0.112907,0.022767,0.000024,0.000534,-0.000037,0.023610,0
20260810_154114_079,1,Unspecified,295,2026-08-10T15:44:19.5571292+09:00,2026-08-10T15:44:20.0571292+09:00,185.478358,185.978358,30,30,-0.114527,0.021699,0.000060,0.000123,0.000020,0.013545,0
20260810_154114_079,1,Unspecified,296,2026-08-10T15:44:20.0571292+09:00,2026-08-10T15:44:20.5571292+09:00,185.978358,186.478358,30,30,-0.110151,0.017211,0.000036,0.000173,-0.000029,0.014456,0
20260810_154114_079,1,Unspecified,297,2026-08-10T15:44:20.5571292+09:00,2026-08-10T15:44:21.0571292+09:00,186.478358,186.978358,30,30,-0.108654,0.025258,0.000002,0.000003,-0.000001,0.002260,0
20260810_154114_079,1,Unspecified,298,2026-08-10T15:44:21.0571292+09:00,2026-08-10T15:44:21.5571292+09:00,186.978358,187.478358,30,30,-0.110860,0.024714,0.000003,0.000015,-0.000001,0.004228,0
20260810_154114_079,1,Unspecified,299,2026-08-10T15:44:21.5571292+09:00,2026-08-10T15:44:22.0571292+09:00,187.478358,187.978358,30,30,-0.106623,0.010751,0.000099,0.000437,-0.000095,0.023156,0
20260810_154114_079,1,Unspecified,300,2026-08-10T15:44:22.0571292+09:00,2026-08-10T15:44:22.5571292+09:00,187.978358,188.478358,30,30,-0.111600,0.016722,0.000097,0.000280,-0.000008,0.019402,0
20260810_154114_079,1,Unspecified,301,2026-08-10T15:44:22.5571292+09:00,2026-08-10T15:44:23.0571292+09:00,188.478358,188.978358,30,30,-0.111618,0.029492,0.000001,0.000002,0.000000,0.001878,0
20260810_154114_079,1,Unspecified,302,2026-08-10T15:44:23.0571292+09:00,2026-08-10T15:44:23.5571292+09:00,188.978358,189.478358,30,30,-0.111377,0.029642,0.000002,0.000006,0.000001,0.002703,0
20260810_154114_079,1,Unspecified,303,2026-08-10T15:44:23.5571292+09:00,2026-08-10T15:44:24.0571292+09:00,189.478358,189.978358,30,30,-0.114445,0.020036,0.000122,0.000375,-0.000106,0.022279,0
20260810_154114_079,1,Unspecified,304,2026-08-10T15:44:24.0571292+09:00,2026-08-10T15:44:24.5571292+09:00,189.978358,190.478358,30,30,-0.085304,0.020613,0.000127,0.000408,-0.000103,0.023125,0
20260810_154114_079,1,Unspecified,305,2026-08-10T15:44:24.5571292+09:00,2026-08-10T15:44:25.0571292+09:00,190.478358,190.978358,30,30,-0.090508,0.026143,0.000273,0.000053,0.000109,0.018056,0
20260810_154114_079,1,Unspecified,306,2026-08-10T15:44:25.0571292+09:00,2026-08-10T15:44:25.5571292+09:00,190.978358,191.478358,30,30,-0.118349,0.028512,0.000005,0.000156,-0.000014,0.012708,0
20260810_154114_079,1,Unspecified,307,2026-08-10T15:44:25.5571292+09:00,2026-08-10T15:44:26.0571292+09:00,191.478358,191.978358,30,30,-0.104017,0.014708,0.000220,0.000564,-0.000129,0.028004,0
20260810_154114_079,1,Unspecified,308,2026-08-10T15:44:26.0571292+09:00,2026-08-10T15:44:26.5571292+09:00,191.978358,192.478358,30,30,-0.094845,0.022187,0.000053,0.000165,0.000019,0.014754,0
20260810_154114_079,1,Unspecified,309,2026-08-10T15:44:26.5571292+09:00,2026-08-10T15:44:27.0571292+09:00,192.478358,192.978358,30,30,-0.107507,0.020468,0.000020,0.000160,-0.000030,0.013445,0
20260810_154114_079,1,Unspecified,310,2026-08-10T15:44:27.0571292+09:00,2026-08-10T15:44:27.5571292+09:00,192.978358,193.478358,30,30,-0.100758,0.028554,0.000008,0.000044,-0.000013,0.007162,0
20260810_154114_079,1,Unspecified,311,2026-08-10T15:44:27.5571292+09:00,2026-08-10T15:44:28.0571292+09:00,193.478358,193.978358,30,30,-0.100825,0.005600,0.000185,0.000555,-0.000026,0.027195,0
20260810_154114_079,1,Unspecified,312,2026-08-10T15:44:28.0571292+09:00,2026-08-10T15:44:28.5571292+09:00,193.978358,194.478358,30,30,-0.096752,0.022516,0.000035,0.000396,-0.000010,0.020753,0
20260810_154114_079,1,Unspecified,313,2026-08-10T15:44:28.5571292+09:00,2026-08-10T15:44:29.0571292+09:00,194.478358,194.978358,30,30,-0.098975,0.020660,0.000019,0.000348,-0.000048,0.019157,0
20260810_154114_079,1,Unspecified,314,2026-08-10T15:44:29.0571292+09:00,2026-08-10T15:44:29.5571292+09:00,194.978358,195.478358,30,30,-0.103861,0.027686,0.000003,0.000010,-0.000002,0.003660,0
20260810_154114_079,1,Unspecified,315,2026-08-10T15:44:29.5571292+09:00,2026-08-10T15:44:30.0571292+09:00,195.478358,195.978358,30,30,-0.104762,0.027706,0.000053,0.000204,-0.000027,0.016043,0
20260810_154114_079,1,Unspecified,316,2026-08-10T15:44:30.0571292+09:00,2026-08-10T15:44:30.5571292+09:00,195.978358,196.478358,31,31,-0.106917,0.035509,0.000002,0.000009,-0.000002,0.003275,0
20260810_154114_079,1,Unspecified,317,2026-08-10T15:44:30.5571292+09:00,2026-08-10T15:44:31.0571292+09:00,196.478358,196.978358,29,29,-0.108317,0.037654,0.000001,0.000002,-0.000001,0.001918,0
20260810_154114_079,1,Unspecified,318,2026-08-10T15:44:31.0571292+09:00,2026-08-10T15:44:31.5571292+09:00,196.978358,197.478358,30,30,-0.105740,0.022547,0.000069,0.000594,-0.000089,0.025743,0
20260810_154114_079,1,Unspecified,319,2026-08-10T15:44:31.5571292+09:00,2026-08-10T15:44:32.0571292+09:00,197.478358,197.978358,30,30,-0.107536,0.010283,0.000161,0.000491,0.000010,0.025532,0
20260810_154114_079,1,Unspecified,320,2026-08-10T15:44:32.0571292+09:00,2026-08-10T15:44:32.5571292+09:00,197.978358,198.478358,30,30,-0.106784,0.017236,0.000137,0.000396,-0.000043,0.023083,0
20260810_154114_079,1,Unspecified,321,2026-08-10T15:44:32.5571292+09:00,2026-08-10T15:44:33.0571292+09:00,198.478358,198.978358,30,30,-0.102820,0.022673,0.000001,0.000003,0.000000,0.002009,0
20260810_154114_079,1,Unspecified,322,2026-08-10T15:44:33.0571292+09:00,2026-08-10T15:44:33.5571292+09:00,198.978358,199.478358,30,30,-0.103234,0.022883,0.000002,0.000004,0.000000,0.002314,0
20260810_154114_079,1,Unspecified,323,2026-08-10T15:44:33.5571292+09:00,2026-08-10T15:44:34.0571292+09:00,199.478358,199.978358,30,30,-0.103109,0.012775,0.000125,0.000392,-0.000092,0.022727,0
20260810_154114_079,1,Unspecified,324,2026-08-10T15:44:34.0571292+09:00,2026-08-10T15:44:34.5571292+09:00,199.978358,200.478358,30,30,-0.098483,0.014658,0.000017,0.000455,-0.000076,0.021740,0
20260810_154114_079,1,Unspecified,325,2026-08-10T15:44:34.5571292+09:00,2026-08-10T15:44:35.0571292+09:00,200.478358,200.978358,30,30,-0.102291,0.016925,0.000072,0.000366,-0.000054,0.020933,0
20260810_154114_079,1,Unspecified,326,2026-08-10T15:44:35.0571292+09:00,2026-08-10T15:44:35.5571292+09:00,200.978358,201.478358,30,30,-0.103634,0.024327,0.000004,0.000005,0.000002,0.002943,0
20260810_154114_079,1,Unspecified,327,2026-08-10T15:44:35.5571292+09:00,2026-08-10T15:44:36.0571292+09:00,201.478358,201.978358,31,31,-0.127275,0.032680,0.000021,0.000299,-0.000005,0.017902,0
20260810_154114_079,1,Unspecified,328,2026-08-10T15:44:36.0571292+09:00,2026-08-10T15:44:36.5571292+09:00,201.978358,202.478358,29,29,-0.125758,0.038428,0.000001,0.000115,-0.000008,0.010795,0
20260810_154114_079,1,Unspecified,329,2026-08-10T15:44:36.5571292+09:00,2026-08-10T15:44:37.0571292+09:00,202.478358,202.978358,30,30,-0.109048,0.013266,0.000027,0.000313,-0.000032,0.018447,0
20260810_154114_079,1,Unspecified,330,2026-08-10T15:44:37.0571292+09:00,2026-08-10T15:44:37.5571292+09:00,202.978358,203.478358,30,30,-0.114062,0.019177,0.000104,0.000004,0.000001,0.010365,0
20260810_154114_079,1,Unspecified,331,2026-08-10T15:44:37.5571292+09:00,2026-08-10T15:44:38.0571292+09:00,203.478358,203.978358,30,30,-0.109187,0.032863,0.000004,0.000272,-0.000028,0.016641,0
20260810_154114_079,1,Unspecified,332,2026-08-10T15:44:38.0571292+09:00,2026-08-10T15:44:38.5571292+09:00,203.978358,204.478358,30,30,-0.102927,0.005554,0.000167,0.000341,-0.000037,0.022550,0
20260810_154114_079,1,Unspecified,333,2026-08-10T15:44:38.5571292+09:00,2026-08-10T15:44:39.0571292+09:00,204.478358,204.978358,30,30,-0.109096,0.019659,0.000078,0.000349,-0.000003,0.020661,0
20260810_154114_079,1,Unspecified,334,2026-08-10T15:44:39.0571292+09:00,2026-08-10T15:44:39.5571292+09:00,204.978358,205.478358,30,30,-0.110379,0.022586,0.000085,0.000286,-0.000098,0.019270,0
20260810_154114_079,1,Unspecified,335,2026-08-10T15:44:39.5571292+09:00,2026-08-10T15:44:40.0571292+09:00,205.478358,205.978358,30,30,-0.107195,0.022992,0.000069,0.000289,-0.000057,0.018934,0
20260810_154114_079,1,Unspecified,336,2026-08-10T15:44:40.0571292+09:00,2026-08-10T15:44:40.5571292+09:00,205.978358,206.478358,30,30,-0.103869,0.013836,0.000082,0.000338,-0.000018,0.020495,0
20260810_154114_079,1,Unspecified,337,2026-08-10T15:44:40.5571292+09:00,2026-08-10T15:44:41.0571292+09:00,206.478358,206.978358,30,30,-0.107080,0.022466,0.000047,0.000299,0.000001,0.018597,0
20260810_154114_079,1,Unspecified,338,2026-08-10T15:44:41.0571292+09:00,2026-08-10T15:44:41.5571292+09:00,206.978358,207.478358,31,31,-0.111124,0.030910,0.000072,0.000151,0.000066,0.014934,0
20260810_154114_079,1,Unspecified,339,2026-08-10T15:44:41.5571292+09:00,2026-08-10T15:44:42.0571292+09:00,207.478358,207.978358,29,29,-0.110298,0.017284,0.000039,0.000525,-0.000050,0.023744,0
20260810_154114_079,1,Unspecified,340,2026-08-10T15:44:42.0571292+09:00,2026-08-10T15:44:42.5571292+09:00,207.978358,208.478358,30,30,-0.097501,0.013121,0.000177,0.000402,-0.000195,0.024067,0
20260810_154114_079,1,Unspecified,341,2026-08-10T15:44:42.5571292+09:00,2026-08-10T15:44:43.0571292+09:00,208.478358,208.978358,30,30,-0.115716,0.001445,0.000248,0.000485,0.000085,0.027067,0
20260810_154114_079,1,Unspecified,342,2026-08-10T15:44:43.0571292+09:00,2026-08-10T15:44:43.5571292+09:00,208.978358,209.478358,30,30,-0.112558,0.019924,0.000154,0.000070,0.000078,0.014941,0
20260810_154114_079,1,Unspecified,343,2026-08-10T15:44:43.5571292+09:00,2026-08-10T15:44:44.0571292+09:00,209.478358,209.978358,30,30,-0.108000,0.016943,0.000035,0.000246,-0.000044,0.016775,0
20260810_154114_079,1,Unspecified,344,2026-08-10T15:44:44.0571292+09:00,2026-08-10T15:44:44.5571292+09:00,209.978358,210.478358,30,30,-0.116738,0.004666,0.000298,0.000485,-0.000166,0.027976,0
20260810_154114_079,1,Unspecified,345,2026-08-10T15:44:44.5571292+09:00,2026-08-10T15:44:45.0571292+09:00,210.478358,210.978358,30,30,-0.098758,0.016611,0.000079,0.000356,-0.000038,0.020853,0
20260810_154114_079,1,Unspecified,346,2026-08-10T15:44:45.0571292+09:00,2026-08-10T15:44:45.5571292+09:00,210.978358,211.478358,30,30,-0.115038,0.022371,0.000049,0.000272,-0.000034,0.017912,0
20260810_154114_079,1,Unspecified,347,2026-08-10T15:44:45.5571292+09:00,2026-08-10T15:44:46.0571292+09:00,211.478358,211.978358,30,30,-0.115047,0.018910,0.000037,0.000324,-0.000027,0.018999,0
20260810_154114_079,1,Unspecified,348,2026-08-10T15:44:46.0571292+09:00,2026-08-10T15:44:46.5571292+09:00,211.978358,212.478358,30,30,-0.103444,0.011124,0.000404,0.000279,-0.000097,0.026129,0
20260810_154114_079,1,Unspecified,349,2026-08-10T15:44:46.5571292+09:00,2026-08-10T15:44:47.0571292+09:00,212.478358,212.978358,31,31,-0.119902,0.038337,0.000002,0.000013,0.000000,0.003880,0
20260810_154114_079,1,Unspecified,350,2026-08-10T15:44:47.0571292+09:00,2026-08-10T15:44:47.5571292+09:00,212.978358,213.478358,29,29,-0.118807,0.038401,0.000002,0.000033,0.000005,0.005998,0
20260810_154114_079,1,Unspecified,351,2026-08-10T15:44:47.5571292+09:00,2026-08-10T15:44:48.0571292+09:00,213.478358,213.978358,30,30,-0.120688,0.026042,0.000012,0.000196,-0.000010,0.014410,0
20260810_154114_079,1,Unspecified,352,2026-08-10T15:44:48.0571292+09:00,2026-08-10T15:44:48.5571292+09:00,213.978358,214.478358,30,30,-0.116091,0.020187,0.000062,0.000217,-0.000040,0.016716,0
20260810_154114_079,1,Unspecified,353,2026-08-10T15:44:48.5571292+09:00,2026-08-10T15:44:49.0571292+09:00,214.478358,214.978358,30,30,-0.116983,0.018829,0.000042,0.000313,-0.000037,0.018841,0
20260810_154114_079,1,Unspecified,354,2026-08-10T15:44:49.0571292+09:00,2026-08-10T15:44:49.5571292+09:00,214.978358,215.478358,30,30,-0.104917,0.029042,0.000293,0.000016,-0.000052,0.017566,0
20260810_154114_079,1,Unspecified,355,2026-08-10T15:44:49.5571292+09:00,2026-08-10T15:44:50.0571292+09:00,215.478358,215.978358,30,30,-0.095650,0.019295,0.000244,0.000414,0.000011,0.025667,0
20260810_154114_079,1,Unspecified,356,2026-08-10T15:44:50.0571292+09:00,2026-08-10T15:44:50.5571292+09:00,215.978358,216.478358,30,30,-0.104541,0.003404,0.000157,0.000525,0.000157,0.026119,0
20260810_154114_079,1,Unspecified,357,2026-08-10T15:44:50.5571292+09:00,2026-08-10T15:44:51.0571292+09:00,216.478358,216.978358,30,30,-0.103491,0.014575,0.000006,0.000287,-0.000022,0.017105,0
20260810_154114_079,1,Unspecified,358,2026-08-10T15:44:51.0571292+09:00,2026-08-10T15:44:51.5571292+09:00,216.978358,217.478358,30,30,-0.107213,0.017517,0.000111,0.000024,0.000045,0.011634,0
20260810_154114_079,1,Unspecified,359,2026-08-10T15:44:51.5571292+09:00,2026-08-10T15:44:52.0571292+09:00,217.478358,217.978358,30,30,-0.100135,0.010944,0.000130,0.000680,-0.000149,0.028456,0
20260810_154114_079,1,Unspecified,360,2026-08-10T15:44:52.0571292+09:00,2026-08-10T15:44:52.5571292+09:00,217.978358,218.478358,30,30,-0.101967,0.017764,0.000092,0.000379,0.000052,0.021709,0
20260810_154114_079,1,Unspecified,361,2026-08-10T15:44:52.5571292+09:00,2026-08-10T15:44:53.0571292+09:00,218.478358,218.978358,31,31,-0.107145,0.019480,0.000057,0.000146,-0.000054,0.014238,0
20260810_154114_079,1,Unspecified,362,2026-08-10T15:44:53.0571292+09:00,2026-08-10T15:44:53.5571292+09:00,218.978358,219.478358,29,29,-0.097979,0.029830,0.000004,0.000006,0.000000,0.003201,0
20260810_154114_079,1,Unspecified,363,2026-08-10T15:44:53.5571292+09:00,2026-08-10T15:44:54.0571292+09:00,219.478358,219.978358,30,30,-0.112654,0.026273,0.000100,0.000549,-0.000061,0.025480,0
20260810_154114_079,1,Unspecified,364,2026-08-10T15:44:54.0571292+09:00,2026-08-10T15:44:54.5571292+09:00,219.978358,220.478358,30,30,-0.114159,0.026030,0.000007,0.000205,-0.000025,0.014552,0
20260810_154114_079,1,Unspecified,365,2026-08-10T15:44:54.5571292+09:00,2026-08-10T15:44:55.0571292+09:00,220.478358,220.978358,30,30,-0.106044,0.026225,0.000055,0.000056,-0.000006,0.010508,0
20260810_154114_079,1,Unspecified,366,2026-08-10T15:44:55.0571292+09:00,2026-08-10T15:44:55.5571292+09:00,220.978358,221.478358,30,30,-0.106122,0.022190,0.000009,0.000186,-0.000030,0.013954,0
20260810_154114_079,1,Unspecified,367,2026-08-10T15:44:55.5571292+09:00,2026-08-10T15:44:56.0571292+09:00,221.478358,221.978358,30,30,-0.110602,0.012682,0.000095,0.000385,0.000030,0.021923,0
20260810_154114_079,1,Unspecified,368,2026-08-10T15:44:56.0571292+09:00,2026-08-10T15:44:56.5571292+09:00,221.978358,222.478358,30,30,-0.100731,0.019438,0.000039,0.000294,0.000019,0.018267,0
20260810_154114_079,1,Unspecified,369,2026-08-10T15:44:56.5571292+09:00,2026-08-10T15:44:57.0571292+09:00,222.478358,222.978358,30,30,-0.106735,0.017549,0.000169,0.000479,0.000027,0.025463,0
20260810_154114_079,1,Unspecified,370,2026-08-10T15:44:57.0571292+09:00,2026-08-10T15:44:57.5571292+09:00,222.978358,223.478358,30,30,-0.100912,0.029727,0.000002,0.000011,0.000001,0.003696,0
20260810_154114_079,1,Unspecified,371,2026-08-10T15:44:57.5571292+09:00,2026-08-10T15:44:58.0571292+09:00,223.478358,223.978358,30,30,-0.106953,0.015604,0.000140,0.000320,0.000046,0.021455,0
20260810_154114_079,1,Unspecified,372,2026-08-10T15:44:58.0571292+09:00,2026-08-10T15:44:58.5571292+09:00,223.978358,224.478358,31,31,-0.092347,0.020855,0.000052,0.000369,-0.000025,0.020529,0
20260810_154114_079,1,Unspecified,373,2026-08-10T15:44:58.5571292+09:00,2026-08-10T15:44:59.0571292+09:00,224.478358,224.978358,29,29,-0.099778,0.018022,0.000100,0.000343,-0.000044,0.021047,0
20260810_154114_079,1,Unspecified,374,2026-08-10T15:44:59.0571292+09:00,2026-08-10T15:44:59.5571292+09:00,224.978358,225.478358,31,31,-0.103486,0.024707,0.000025,0.000042,0.000009,0.008179,0
20260810_154114_079,1,Unspecified,375,2026-08-10T15:44:59.5571292+09:00,2026-08-10T15:45:00.0571292+09:00,225.478358,225.978358,29,29,-0.107667,0.024056,0.000120,0.000247,-0.000049,0.019168,0
20260810_154114_079,1,Unspecified,376,2026-08-10T15:45:00.0571292+09:00,2026-08-10T15:45:00.5571292+09:00,225.978358,226.478358,30,30,-0.129903,0.031518,0.000004,0.000001,0.000000,0.002198,0
20260810_154114_079,1,Unspecified,377,2026-08-10T15:45:00.5571292+09:00,2026-08-10T15:45:01.0571292+09:00,226.478358,226.978358,30,30,-0.098392,0.029462,0.000254,0.000007,-0.000014,0.016153,0
20260810_154114_079,1,Unspecified,378,2026-08-10T15:45:01.0571292+09:00,2026-08-10T15:45:01.5571292+09:00,226.978358,227.478358,30,30,-0.089282,0.026741,0.000008,0.000080,0.000008,0.009400,0
20260810_154114_079,1,Unspecified,379,2026-08-10T15:45:01.5571292+09:00,2026-08-10T15:45:02.0571292+09:00,227.478358,227.978358,30,30,-0.099765,0.008901,0.000217,0.000495,-0.000073,0.026678,0
20260810_154114_079,1,Unspecified,380,2026-08-10T15:45:02.0571292+09:00,2026-08-10T15:45:02.5571292+09:00,227.978358,228.478358,30,30,-0.103542,0.014730,0.000090,0.000317,-0.000031,0.020178,0
20260810_154114_079,1,Unspecified,381,2026-08-10T15:45:02.5571292+09:00,2026-08-10T15:45:03.0571292+09:00,228.478358,228.978358,30,30,-0.096058,0.020421,0.000043,0.000326,-0.000041,0.019213,0
20260810_154114_079,1,Unspecified,382,2026-08-10T15:45:03.0571292+09:00,2026-08-10T15:45:03.5571292+09:00,228.978358,229.478358,30,30,-0.097213,0.029475,0.000004,0.000006,0.000004,0.003220,0
20260810_154114_079,1,Unspecified,383,2026-08-10T15:45:03.5571292+09:00,2026-08-10T15:45:04.0571292+09:00,229.478358,229.978358,30,30,-0.105138,0.013566,0.000050,0.000393,-0.000067,0.021026,0
20260810_154114_079,1,Unspecified,384,2026-08-10T15:45:04.0571292+09:00,2026-08-10T15:45:04.5571292+09:00,229.978358,230.478358,31,31,-0.103262,0.025938,0.000037,0.000225,-0.000079,0.016196,0
20260810_154114_079,1,Unspecified,385,2026-08-10T15:45:04.5571292+09:00,2026-08-10T15:45:05.0571292+09:00,230.478358,230.978358,29,29,-0.092679,0.021795,0.000059,0.000306,-0.000018,0.019113,0
20260810_154114_079,1,Unspecified,386,2026-08-10T15:45:05.0571292+09:00,2026-08-10T15:45:05.5571292+09:00,230.978358,231.478358,30,30,-0.102961,0.022683,0.000030,0.000413,-0.000021,0.021043,0
20260810_154114_079,1,Unspecified,387,2026-08-10T15:45:05.5571292+09:00,2026-08-10T15:45:06.0571292+09:00,231.478358,231.978358,30,30,-0.103362,0.025239,0.000061,0.000395,-0.000088,0.021349,0
20260810_154114_079,1,Unspecified,388,2026-08-10T15:45:06.0571292+09:00,2026-08-10T15:45:06.5571292+09:00,231.978358,232.478358,30,30,-0.106735,0.041732,0.000001,0.000002,0.000000,0.001706,0
20260810_154114_079,1,Unspecified,389,2026-08-10T15:45:06.5571292+09:00,2026-08-10T15:45:07.0571292+09:00,232.478358,232.978358,30,30,-0.106974,0.040151,0.000001,0.000006,0.000001,0.002705,0
20260810_154114_079,1,Unspecified,390,2026-08-10T15:45:07.0571292+09:00,2026-08-10T15:45:07.5571292+09:00,232.978358,233.478358,30,30,-0.108586,0.035091,0.000001,0.000016,0.000000,0.004143,0
20260810_154114_079,1,Unspecified,391,2026-08-10T15:45:07.5571292+09:00,2026-08-10T15:45:08.0571292+09:00,233.478358,233.978358,30,30,-0.098131,0.011814,0.000026,0.000515,-0.000043,0.023264,0
20260810_154114_079,1,Unspecified,392,2026-08-10T15:45:08.0571292+09:00,2026-08-10T15:45:08.5571292+09:00,233.978358,234.478358,30,30,-0.104952,0.013409,0.000050,0.000320,0.000077,0.019220,0
20260810_154114_079,1,Unspecified,393,2026-08-10T15:45:08.5571292+09:00,2026-08-10T15:45:09.0571292+09:00,234.478358,234.978358,30,30,-0.105952,0.022922,0.000006,0.000287,-0.000026,0.017123,0
20260810_154114_079,1,Unspecified,394,2026-08-10T15:45:09.0571292+09:00,2026-08-10T15:45:09.5571292+09:00,234.978358,235.478358,30,30,-0.108629,0.029715,0.000002,0.000007,-0.000001,0.003110,0
20260810_154114_079,1,Unspecified,395,2026-08-10T15:45:09.5571292+09:00,2026-08-10T15:45:10.0571292+09:00,235.478358,235.978358,31,31,-0.088466,0.004513,0.000159,0.000512,-0.000168,0.025916,0
20260810_154114_079,1,Unspecified,396,2026-08-10T15:45:10.0571292+09:00,2026-08-10T15:45:10.5571292+09:00,235.978358,236.478358,29,29,-0.095035,0.014044,0.000072,0.000500,0.000015,0.023913,0
20260810_154114_079,1,Unspecified,397,2026-08-10T15:45:10.5571292+09:00,2026-08-10T15:45:11.0571292+09:00,236.478358,236.978358,30,30,-0.096356,0.015107,0.000036,0.000355,-0.000066,0.019777,0
20260810_154114_079,1,Unspecified,398,2026-08-10T15:45:11.0571292+09:00,2026-08-10T15:45:11.5571292+09:00,236.978358,237.478358,30,30,-0.101487,0.025111,0.000005,0.000011,0.000000,0.003969,0
20260810_154114_079,1,Unspecified,399,2026-08-10T15:45:11.5571292+09:00,2026-08-10T15:45:12.0571292+09:00,237.478358,237.978358,30,30,-0.107196,0.018544,0.000017,0.000280,-0.000056,0.017242,0
20260810_154114_079,1,Unspecified,400,2026-08-10T15:45:12.0571292+09:00,2026-08-10T15:45:12.5571292+09:00,237.978358,238.478358,30,30,-0.109951,0.026879,0.000001,0.000002,0.000000,0.001800,0
20260810_154114_079,1,Unspecified,401,2026-08-10T15:45:12.5571292+09:00,2026-08-10T15:45:13.0571292+09:00,238.478358,238.978358,30,30,-0.110489,0.015647,0.000344,0.000589,-0.000282,0.030544,0
20260810_154114_079,1,Unspecified,402,2026-08-10T15:45:13.0571292+09:00,2026-08-10T15:45:13.5571292+09:00,238.978358,239.478358,30,30,-0.095910,0.014507,0.000063,0.000106,0.000056,0.013003,0
20260810_154114_079,1,Unspecified,403,2026-08-10T15:45:13.5571292+09:00,2026-08-10T15:45:14.0571292+09:00,239.478358,239.978358,30,30,-0.100581,0.013251,0.000088,0.000469,-0.000124,0.023610,0
20260810_154114_079,1,Unspecified,404,2026-08-10T15:45:14.0571292+09:00,2026-08-10T15:45:14.5571292+09:00,239.978358,240.478358,30,30,-0.097150,0.015927,0.000077,0.000216,0.000004,0.017126,0
20260810_154114_079,1,Unspecified,405,2026-08-10T15:45:14.5571292+09:00,2026-08-10T15:45:15.0571292+09:00,240.478358,240.978358,30,30,-0.099260,0.021089,0.000175,0.000511,0.000097,0.026181,0
20260810_154114_079,1,Unspecified,406,2026-08-10T15:45:15.0571292+09:00,2026-08-10T15:45:15.5571292+09:00,240.978358,241.478358,30,30,-0.094371,0.036658,0.000003,0.000006,-0.000002,0.003122,0
20260810_154114_079,1,Unspecified,407,2026-08-10T15:45:15.5571292+09:00,2026-08-10T15:45:16.0571292+09:00,241.478358,241.978358,30,30,-0.099353,0.023142,0.000057,0.000509,-0.000118,0.023786,0
20260810_154114_079,1,Unspecified,408,2026-08-10T15:45:16.0571292+09:00,2026-08-10T15:45:16.5571292+09:00,241.978358,242.478358,30,30,-0.095130,0.023525,0.000002,0.000004,0.000001,0.002490,0
20260810_154114_079,1,Unspecified,409,2026-08-10T15:45:16.5571292+09:00,2026-08-10T15:45:17.0571292+09:00,242.478358,242.978358,30,30,-0.102622,0.025599,0.000008,0.000006,-0.000004,0.003695,0
20260810_154114_079,1,Unspecified,410,2026-08-10T15:45:17.0571292+09:00,2026-08-10T15:45:17.5571292+09:00,242.978358,243.478358,30,30,-0.104551,0.024605,0.000002,0.000010,-0.000001,0.003422,0
20260810_154114_079,1,Unspecified,411,2026-08-10T15:45:17.5571292+09:00,2026-08-10T15:45:18.0571292+09:00,243.478358,243.978358,30,30,-0.114588,0.033140,0.000184,0.000035,0.000017,0.014792,0
20260810_154114_079,1,Unspecified,412,2026-08-10T15:45:18.0571292+09:00,2026-08-10T15:45:18.5571292+09:00,243.978358,244.478358,30,30,-0.111689,0.018118,0.000057,0.000256,-0.000005,0.017694,0
20260810_154114_079,1,Unspecified,413,2026-08-10T15:45:18.5571292+09:00,2026-08-10T15:45:19.0571292+09:00,244.478358,244.978358,30,30,-0.113123,0.025236,0.000002,0.000009,-0.000002,0.003380,0
20260810_154114_079,1,Unspecified,414,2026-08-10T15:45:19.0571292+09:00,2026-08-10T15:45:19.5571292+09:00,244.978358,245.478358,30,30,-0.112818,0.024214,0.000001,0.000012,-0.000002,0.003557,0
20260810_154114_079,1,Unspecified,415,2026-08-10T15:45:19.5571292+09:00,2026-08-10T15:45:20.0571292+09:00,245.478358,245.978358,30,30,-0.091451,0.014601,0.000087,0.000456,-0.000119,0.023313,0
20260810_154114_079,1,Unspecified,416,2026-08-10T15:45:20.0571292+09:00,2026-08-10T15:45:20.5571292+09:00,245.978358,246.478358,30,30,-0.092252,0.024956,0.000002,0.000005,-0.000001,0.002723,0
20260810_154114_079,1,Unspecified,417,2026-08-10T15:45:20.5571292+09:00,2026-08-10T15:45:21.0571292+09:00,246.478358,246.978358,30,30,-0.092786,0.023820,0.000002,0.000013,0.000000,0.003816,0
20260810_154114_079,1,Unspecified,418,2026-08-10T15:45:21.0571292+09:00,2026-08-10T15:45:21.5571292+09:00,246.978358,247.478358,30,30,-0.094725,0.021334,0.000002,0.000011,-0.000001,0.003615,0
20260810_154114_079,1,Unspecified,419,2026-08-10T15:45:21.5571292+09:00,2026-08-10T15:45:22.0571292+09:00,247.478358,247.978358,31,31,-0.109047,0.020104,0.000029,0.000279,0.000003,0.017566,0
20260810_154114_079,1,Unspecified,420,2026-08-10T15:45:22.0571292+09:00,2026-08-10T15:45:22.5571292+09:00,247.978358,248.478358,30,30,-0.102092,0.012338,0.000049,0.000397,-0.000061,0.021120,0
20260810_154114_079,1,Unspecified,421,2026-08-10T15:45:22.5571292+09:00,2026-08-10T15:45:23.0571292+09:00,248.478358,248.978358,29,29,-0.096004,0.013966,0.000029,0.000500,-0.000067,0.022993,0
20260810_154114_079,1,Unspecified,422,2026-08-10T15:45:23.0571292+09:00,2026-08-10T15:45:23.5571292+09:00,248.978358,249.478358,30,30,-0.096088,0.028780,0.000001,0.000008,0.000000,0.003115,0
20260810_154114_079,1,Unspecified,423,2026-08-10T15:45:23.5571292+09:00,2026-08-10T15:45:24.0571292+09:00,249.478358,249.978358,30,30,-0.115725,0.024167,0.000043,0.000558,-0.000111,0.024520,0
20260810_154114_079,1,Unspecified,424,2026-08-10T15:45:24.0571292+09:00,2026-08-10T15:45:24.5571292+09:00,249.978358,250.478358,30,30,-0.118480,0.032056,0.000003,0.000013,0.000000,0.003953,0
20260810_154114_079,1,Unspecified,425,2026-08-10T15:45:24.5571292+09:00,2026-08-10T15:45:25.0571292+09:00,250.478358,250.978358,30,30,-0.103298,0.026190,0.000011,0.000008,-0.000001,0.004451,0
20260810_154114_079,1,Unspecified,426,2026-08-10T15:45:25.0571292+09:00,2026-08-10T15:45:25.5571292+09:00,250.978358,251.478358,30,30,-0.101931,0.025426,0.000003,0.000005,0.000000,0.002971,0
20260810_154114_079,1,Unspecified,427,2026-08-10T15:45:25.5571292+09:00,2026-08-10T15:45:26.0571292+09:00,251.478358,251.978358,30,30,-0.103450,0.014140,0.000040,0.000607,-0.000017,0.025448,0
20260810_154114_079,1,Unspecified,428,2026-08-10T15:45:26.0571292+09:00,2026-08-10T15:45:26.5571292+09:00,251.978358,252.478358,30,30,-0.100140,0.018036,0.000058,0.000475,-0.000006,0.023098,0
20260810_154114_079,1,Unspecified,429,2026-08-10T15:45:26.5571292+09:00,2026-08-10T15:45:27.0571292+09:00,252.478358,252.978358,30,30,-0.099533,0.017231,0.000056,0.000403,-0.000051,0.021427,0
20260810_154114_079,1,Unspecified,430,2026-08-10T15:45:27.0571292+09:00,2026-08-10T15:45:27.5571292+09:00,252.978358,253.478358,30,30,-0.105123,0.028583,0.000003,0.000005,0.000000,0.002874,0
20260810_154114_079,1,Unspecified,431,2026-08-10T15:45:27.5571292+09:00,2026-08-10T15:45:28.0571292+09:00,253.478358,253.978358,30,30,-0.099629,0.014845,0.000083,0.000666,-0.000129,0.027367,0
20260810_154114_079,1,Unspecified,432,2026-08-10T15:45:28.0571292+09:00,2026-08-10T15:45:28.5571292+09:00,253.978358,254.478358,31,31,-0.104124,0.016807,0.000133,0.000298,-0.000035,0.020756,0
20260810_154114_079,1,Unspecified,433,2026-08-10T15:45:28.5571292+09:00,2026-08-10T15:45:29.0571292+09:00,254.478358,254.978358,29,29,-0.092444,0.014582,0.000036,0.000458,-0.000023,0.022233,0
20260810_154114_079,1,Unspecified,434,2026-08-10T15:45:29.0571292+09:00,2026-08-10T15:45:29.5571292+09:00,254.978358,255.478358,30,30,-0.096837,0.033040,0.000003,0.000007,-0.000001,0.003151,0
20260810_154114_079,1,Unspecified,435,2026-08-10T15:45:29.5571292+09:00,2026-08-10T15:45:30.0571292+09:00,255.478358,255.978358,30,30,-0.102226,0.011800,0.000014,0.000424,-0.000004,0.020922,0
20260810_154114_079,1,Unspecified,436,2026-08-10T15:45:30.0571292+09:00,2026-08-10T15:45:30.5571292+09:00,255.978358,256.478358,30,30,-0.108602,0.022301,0.000014,0.000279,-0.000050,0.017125,0
20260810_154114_079,1,Unspecified,437,2026-08-10T15:45:30.5571292+09:00,2026-08-10T15:45:31.0571292+09:00,256.478358,256.978358,30,30,-0.092971,0.022452,0.000082,0.000014,-0.000030,0.009782,0
20260810_154114_079,1,Unspecified,438,2026-08-10T15:45:31.0571292+09:00,2026-08-10T15:45:31.5571292+09:00,256.978358,257.478358,30,30,-0.090578,0.024755,0.000035,0.000021,-0.000023,0.007444,0
20260810_154114_079,1,Unspecified,439,2026-08-10T15:45:31.5571292+09:00,2026-08-10T15:45:32.0571292+09:00,257.478358,257.978358,30,30,-0.103458,0.023728,0.000059,0.000303,-0.000071,0.019026,0
20260810_154114_079,1,Unspecified,440,2026-08-10T15:45:32.0571292+09:00,2026-08-10T15:45:32.5571292+09:00,257.978358,258.478358,30,30,-0.101321,0.024502,0.000016,0.000236,-0.000053,0.015887,0
20260810_154114_079,1,Unspecified,441,2026-08-10T15:45:32.5571292+09:00,2026-08-10T15:45:33.0571292+09:00,258.478358,258.978358,30,30,-0.103266,0.031057,0.000003,0.000006,-0.000002,0.003083,0
20260810_154114_079,1,Unspecified,442,2026-08-10T15:45:33.0571292+09:00,2026-08-10T15:45:33.5571292+09:00,258.978358,259.478358,30,30,-0.103685,0.030263,0.000003,0.000004,-0.000001,0.002646,0
20260810_154114_079,1,Unspecified,443,2026-08-10T15:45:33.5571292+09:00,2026-08-10T15:45:34.0571292+09:00,259.478358,259.978358,31,31,-0.102428,0.005569,0.000213,0.000423,-0.000076,0.025214,0
20260810_154114_079,1,Unspecified,444,2026-08-10T15:45:34.0571292+09:00,2026-08-10T15:45:34.5571292+09:00,259.978358,260.478358,30,30,-0.105034,0.020073,0.000023,0.000305,-0.000036,0.018117,0
20260810_154114_079,1,Unspecified,445,2026-08-10T15:45:34.5571292+09:00,2026-08-10T15:45:35.0571292+09:00,260.478358,260.978358,29,29,-0.096701,0.023158,0.000066,0.000294,-0.000091,0.018972,0
20260810_154114_079,1,Unspecified,446,2026-08-10T15:45:35.0571292+09:00,2026-08-10T15:45:35.5571292+09:00,260.978358,261.478358,30,30,-0.097332,0.029513,0.000002,0.000008,0.000000,0.003158,0
20260810_154114_079,1,Unspecified,447,2026-08-10T15:45:35.5571292+09:00,2026-08-10T15:45:36.0571292+09:00,261.478358,261.978358,30,30,-0.110096,0.026594,0.000126,0.000183,0.000027,0.017587,0
20260810_154114_079,1,Unspecified,448,2026-08-10T15:45:36.0571292+09:00,2026-08-10T15:45:36.5571292+09:00,261.978358,262.478358,30,30,-0.104514,0.014867,0.000140,0.000802,-0.000255,0.030683,0
20260810_154114_079,1,Unspecified,449,2026-08-10T15:45:36.5571292+09:00,2026-08-10T15:45:37.0571292+09:00,262.478358,262.978358,30,30,-0.100160,0.021430,0.000029,0.000455,-0.000089,0.021993,0
20260810_154114_079,1,Unspecified,450,2026-08-10T15:45:37.0571292+09:00,2026-08-10T15:45:37.5571292+09:00,262.978358,263.478358,30,30,-0.099568,0.026569,0.000003,0.000006,0.000000,0.002903,0
20260810_154114_079,1,Unspecified,451,2026-08-10T15:45:37.5571292+09:00,2026-08-10T15:45:38.0571292+09:00,263.478358,263.978358,30,30,-0.100741,0.008612,0.000309,0.000222,0.000046,0.023043,0
20260810_154114_079,1,Unspecified,452,2026-08-10T15:45:38.0571292+09:00,2026-08-10T15:45:38.5571292+09:00,263.978358,264.478358,30,30,-0.103102,0.014508,0.000136,0.000413,0.000090,0.023431,0
20260810_154114_079,1,Unspecified,453,2026-08-10T15:45:38.5571292+09:00,2026-08-10T15:45:39.0571292+09:00,264.478358,264.978358,30,30,-0.108042,0.018742,0.000002,0.000005,0.000001,0.002717,0
20260810_154114_079,1,Unspecified,454,2026-08-10T15:45:39.0571292+09:00,2026-08-10T15:45:39.5571292+09:00,264.978358,265.478358,30,30,-0.108473,0.020024,0.000002,0.000003,0.000001,0.002394,0
20260810_154114_079,1,Unspecified,455,2026-08-10T15:45:39.5571292+09:00,2026-08-10T15:45:40.0571292+09:00,265.478358,265.978358,30,30,-0.090241,0.015370,0.000114,0.000348,0.000038,0.021490,0
20260810_154114_079,1,Unspecified,456,2026-08-10T15:45:40.0571292+09:00,2026-08-10T15:45:40.5571292+09:00,265.978358,266.478358,30,30,-0.108032,0.007883,0.000090,0.000373,-0.000102,0.021523,0
20260810_154114_079,1,Unspecified,457,2026-08-10T15:45:40.5571292+09:00,2026-08-10T15:45:41.0571292+09:00,266.478358,266.978358,30,30,-0.103472,0.022754,0.000011,0.000037,0.000003,0.006940,0
20260810_154114_079,1,Unspecified,458,2026-08-10T15:45:41.0571292+09:00,2026-08-10T15:45:41.5571292+09:00,266.978358,267.478358,30,30,-0.105595,0.022883,0.000050,0.000158,-0.000044,0.014405,0
20260810_154114_079,1,Unspecified,459,2026-08-10T15:45:41.5571292+09:00,2026-08-10T15:45:42.0571292+09:00,267.478358,267.978358,30,30,-0.101453,0.016590,0.000058,0.000263,-0.000071,0.017901,0
20260810_154114_079,1,Unspecified,460,2026-08-10T15:45:42.0571292+09:00,2026-08-10T15:45:42.5571292+09:00,267.978358,268.478358,30,30,-0.106565,0.023285,0.000002,0.000008,0.000000,0.003268,0
20260810_154114_079,1,Unspecified,461,2026-08-10T15:45:42.5571292+09:00,2026-08-10T15:45:43.0571292+09:00,268.478358,268.978358,30,30,-0.094585,0.017362,0.000126,0.000332,-0.000105,0.021390,0
20260810_154114_079,1,Unspecified,462,2026-08-10T15:45:43.0571292+09:00,2026-08-10T15:45:43.5571292+09:00,268.978358,269.478358,30,30,-0.091922,0.028677,0.000007,0.000021,0.000010,0.005243,0
20260810_154114_079,1,Unspecified,463,2026-08-10T15:45:43.5571292+09:00,2026-08-10T15:45:44.0571292+09:00,269.478358,269.978358,30,30,-0.100292,0.014763,0.000139,0.000301,-0.000042,0.020975,0
20260810_154114_079,1,Unspecified,464,2026-08-10T15:45:44.0571292+09:00,2026-08-10T15:45:44.5571292+09:00,269.978358,270.478358,30,30,-0.084742,0.006253,0.000182,0.000474,-0.000085,0.025621,0
20260810_154114_079,1,Unspecified,465,2026-08-10T15:45:44.5571292+09:00,2026-08-10T15:45:45.0571292+09:00,270.478358,270.978358,31,31,-0.081972,0.020282,0.000026,0.000003,-0.000001,0.005342,0
20260810_154114_079,1,Unspecified,466,2026-08-10T15:45:45.0571292+09:00,2026-08-10T15:45:45.5571292+09:00,270.978358,271.478358,29,29,-0.107444,0.026581,0.000003,0.000009,0.000000,0.003486,0
20260810_154114_079,1,Unspecified,467,2026-08-10T15:45:45.5571292+09:00,2026-08-10T15:45:46.0571292+09:00,271.478358,271.978358,30,30,-0.092523,0.002612,0.000182,0.000537,-0.000011,0.026802,0
20260810_154114_079,1,Unspecified,468,2026-08-10T15:45:46.0571292+09:00,2026-08-10T15:45:46.5571292+09:00,271.978358,272.478358,30,30,-0.092295,0.016432,0.000058,0.000333,-0.000076,0.019775,0
20260810_154114_079,1,Unspecified,469,2026-08-10T15:45:46.5571292+09:00,2026-08-10T15:45:47.0571292+09:00,272.478358,272.978358,30,30,-0.089094,0.028583,0.000002,0.000002,0.000000,0.001927,0
20260810_154114_079,1,Unspecified,470,2026-08-10T15:45:47.0571292+09:00,2026-08-10T15:45:47.5571292+09:00,272.978358,273.478358,30,30,-0.096825,0.032980,0.000080,0.000024,-0.000041,0.010200,0
20260810_154114_079,1,Unspecified,471,2026-08-10T15:45:47.5571292+09:00,2026-08-10T15:45:48.0571292+09:00,273.478358,273.978358,30,30,-0.117684,0.031736,0.000049,0.000394,-0.000042,0.021060,0
20260810_154114_079,1,Unspecified,472,2026-08-10T15:45:48.0571292+09:00,2026-08-10T15:45:48.5571292+09:00,273.978358,274.478358,30,30,-0.117640,0.039465,0.000035,0.000047,-0.000039,0.009092,0
20260810_154114_079,1,Unspecified,473,2026-08-10T15:45:48.5571292+09:00,2026-08-10T15:45:49.0571292+09:00,274.478358,274.978358,30,30,-0.104210,0.019276,0.000068,0.000363,-0.000102,0.020743,0
20260810_154114_079,1,Unspecified,474,2026-08-10T15:45:49.0571292+09:00,2026-08-10T15:45:49.5571292+09:00,274.978358,275.478358,30,30,-0.096367,0.024165,0.000001,0.000008,0.000002,0.003075,0
20260810_154114_079,1,Unspecified,475,2026-08-10T15:45:49.5571292+09:00,2026-08-10T15:45:50.0571292+09:00,275.478358,275.978358,30,30,-0.094712,0.012905,0.000077,0.000384,-0.000013,0.021465,0
20260810_154114_079,1,Unspecified,476,2026-08-10T15:45:50.0571292+09:00,2026-08-10T15:45:50.5571292+09:00,275.978358,276.478358,30,30,-0.092650,-0.003128,0.000203,0.000410,-0.000059,0.024764,0
20260810_154114_079,1,Unspecified,477,2026-08-10T15:45:50.5571292+09:00,2026-08-10T15:45:51.0571292+09:00,276.478358,276.978358,31,31,-0.084147,0.027702,0.000002,0.000006,0.000000,0.002858,0
20260810_154114_079,1,Unspecified,478,2026-08-10T15:45:51.0571292+09:00,2026-08-10T15:45:51.5571292+09:00,276.978358,277.478358,29,29,-0.086940,0.029051,0.000002,0.000001,0.000000,0.001795,0
20260810_154114_079,1,Unspecified,479,2026-08-10T15:45:51.5571292+09:00,2026-08-10T15:45:52.0571292+09:00,277.478358,277.978358,30,30,-0.105601,0.018336,0.000051,0.000277,-0.000037,0.018109,0
20260810_154114_079,1,Unspecified,480,2026-08-10T15:45:52.0571292+09:00,2026-08-10T15:45:52.5571292+09:00,277.978358,278.478358,30,30,-0.103419,0.010447,0.000238,0.000297,-0.000033,0.023133,0
20260810_154114_079,1,Unspecified,481,2026-08-10T15:45:52.5571292+09:00,2026-08-10T15:45:53.0571292+09:00,278.478358,278.978358,30,30,-0.097059,0.009868,0.000025,0.000637,-0.000066,0.025728,0
20260810_154114_079,1,Unspecified,482,2026-08-10T15:45:53.0571292+09:00,2026-08-10T15:45:53.5571292+09:00,278.978358,279.478358,30,30,-0.094803,0.021092,0.000021,0.000379,-0.000078,0.020008,0
20260810_154114_079,1,Unspecified,483,2026-08-10T15:45:53.5571292+09:00,2026-08-10T15:45:54.0571292+09:00,279.478358,279.978358,30,30,-0.096871,0.019019,0.000024,0.000301,-0.000036,0.018018,0
20260810_154114_079,1,Unspecified,484,2026-08-10T15:45:54.0571292+09:00,2026-08-10T15:45:54.5571292+09:00,279.978358,280.478358,30,30,-0.100859,0.023752,0.000002,0.000011,-0.000001,0.003566,0
20260810_154114_079,1,Unspecified,485,2026-08-10T15:45:54.5571292+09:00,2026-08-10T15:45:55.0571292+09:00,280.478358,280.978358,30,30,-0.099554,0.016013,0.000021,0.000354,-0.000045,0.019362,0
20260810_154114_079,1,Unspecified,486,2026-08-10T15:45:55.0571292+09:00,2026-08-10T15:45:55.5571292+09:00,280.978358,281.478358,30,30,-0.102662,0.025945,0.000002,0.000004,0.000000,0.002302,0
20260810_154114_079,1,Unspecified,487,2026-08-10T15:45:55.5571292+09:00,2026-08-10T15:45:56.0571292+09:00,281.478358,281.978358,30,30,-0.103844,0.017200,0.000033,0.000192,-0.000006,0.015001,0
20260810_154114_079,1,Unspecified,488,2026-08-10T15:45:56.0571292+09:00,2026-08-10T15:45:56.5571292+09:00,281.978358,282.478358,30,30,-0.100205,0.007851,0.000161,0.000307,-0.000117,0.021633,0
20260810_154114_079,1,Unspecified,489,2026-08-10T15:45:56.5571292+09:00,2026-08-10T15:45:57.0571292+09:00,282.478358,282.978358,30,30,-0.102488,0.019792,0.000002,0.000005,-0.000001,0.002707,0
20260810_154114_079,1,Unspecified,490,2026-08-10T15:45:57.0571292+09:00,2026-08-10T15:45:57.5571292+09:00,282.978358,283.478358,30,30,-0.103569,0.024976,0.000012,0.000057,-0.000020,0.008326,0
20260810_154114_079,1,Unspecified,491,2026-08-10T15:45:57.5571292+09:00,2026-08-10T15:45:58.0571292+09:00,283.478358,283.978358,30,30,-0.096921,0.024667,0.000125,0.000359,-0.000022,0.022012,0
20260810_154114_079,1,Unspecified,492,2026-08-10T15:45:58.0571292+09:00,2026-08-10T15:45:58.5571292+09:00,283.978358,284.478358,30,30,-0.094035,0.006997,0.000200,0.000615,-0.000015,0.028563,0
20260810_154114_079,1,Unspecified,493,2026-08-10T15:45:58.5571292+09:00,2026-08-10T15:45:59.0571292+09:00,284.478358,284.978358,30,30,-0.100016,0.019920,0.000020,0.000383,-0.000013,0.020070,0
20260810_154114_079,1,Unspecified,494,2026-08-10T15:45:59.0571292+09:00,2026-08-10T15:45:59.5571292+09:00,284.978358,285.478358,30,30,-0.100159,0.032464,0.000058,0.000024,-0.000029,0.009062,0
20260810_154114_079,1,Unspecified,495,2026-08-10T15:45:59.5571292+09:00,2026-08-10T15:46:00.0571292+09:00,285.478358,285.978358,30,30,-0.120186,0.045976,0.000276,0.000122,-0.000181,0.019948,0
20260810_154114_079,1,Unspecified,496,2026-08-10T15:46:00.0571292+09:00,2026-08-10T15:46:00.5571292+09:00,285.978358,286.478358,30,30,-0.092622,0.012213,0.000049,0.000378,-0.000063,0.020660,0
20260810_154114_079,1,Unspecified,497,2026-08-10T15:46:00.5571292+09:00,2026-08-10T15:46:01.0571292+09:00,286.478358,286.978358,30,30,-0.094218,0.005493,0.000136,0.000270,-0.000082,0.020164,0
20260810_154114_079,1,Unspecified,498,2026-08-10T15:46:01.0571292+09:00,2026-08-10T15:46:01.5571292+09:00,286.978358,287.478358,30,30,-0.095281,0.017652,0.000002,0.000004,-0.000001,0.002492,0
20260810_154114_079,1,Unspecified,499,2026-08-10T15:46:01.5571292+09:00,2026-08-10T15:46:02.0571292+09:00,287.478358,287.978358,30,30,-0.091912,0.004973,0.000052,0.000462,-0.000131,0.022656,0
20260810_154114_079,1,Unspecified,500,2026-08-10T15:46:02.0571292+09:00,2026-08-10T15:46:02.5571292+09:00,287.978358,288.478358,30,30,-0.096005,0.018964,0.000216,0.000383,0.000119,0.024462,0
20260810_154114_079,1,Unspecified,501,2026-08-10T15:46:02.5571292+09:00,2026-08-10T15:46:03.0571292+09:00,288.478358,288.978358,30,30,-0.094879,0.021093,0.000039,0.000245,-0.000053,0.016854,0
20260810_154114_079,1,Unspecified,502,2026-08-10T15:46:03.0571292+09:00,2026-08-10T15:46:03.5571292+09:00,288.978358,289.478358,30,30,-0.098803,0.018632,0.000030,0.000325,-0.000032,0.018840,0
20260810_154114_079,1,Unspecified,503,2026-08-10T15:46:03.5571292+09:00,2026-08-10T15:46:04.0571292+09:00,289.478358,289.978358,30,30,-0.104600,0.024832,0.000092,0.000255,0.000022,0.018653,0
20260810_154114_079,1,Unspecified,504,2026-08-10T15:46:04.0571292+09:00,2026-08-10T15:46:04.5571292+09:00,289.978358,290.478358,30,30,-0.095782,0.010064,0.000113,0.000270,-0.000051,0.019579,0
20260810_154114_079,1,Unspecified,505,2026-08-10T15:46:04.5571292+09:00,2026-08-10T15:46:05.0571292+09:00,290.478358,290.978358,30,30,-0.101803,0.013127,0.000155,0.000139,0.000003,0.017139,0
20260810_154114_079,1,Unspecified,506,2026-08-10T15:46:05.0571292+09:00,2026-08-10T15:46:05.5571292+09:00,290.978358,291.478358,30,30,-0.098025,0.025646,0.000002,0.000008,-0.000002,0.003021,0
20260810_154114_079,1,Unspecified,507,2026-08-10T15:46:05.5571292+09:00,2026-08-10T15:46:06.0571292+09:00,291.478358,291.978358,30,30,-0.112541,0.033548,0.000057,0.000026,-0.000035,0.009142,0
20260810_154114_079,1,Unspecified,508,2026-08-10T15:46:06.0571292+09:00,2026-08-10T15:46:06.5571292+09:00,291.978358,292.478358,30,30,-0.106288,0.012862,0.000214,0.000557,-0.000072,0.027770,0
20260810_154114_079,1,Unspecified,509,2026-08-10T15:46:06.5571292+09:00,2026-08-10T15:46:07.0571292+09:00,292.478358,292.978358,30,30,-0.100335,0.021994,0.000031,0.000073,0.000040,0.010197,0
20260810_154114_079,1,Unspecified,510,2026-08-10T15:46:07.0571292+09:00,2026-08-10T15:46:07.5571292+09:00,292.978358,293.478358,30,30,-0.091797,0.013726,0.000125,0.000422,-0.000068,0.023384,0
20260810_154114_079,1,Unspecified,511,2026-08-10T15:46:07.5571292+09:00,2026-08-10T15:46:08.0571292+09:00,293.478358,293.978358,30,30,-0.104975,0.013685,0.000122,0.000383,0.000037,0.022466,0
20260810_154114_079,1,Unspecified,512,2026-08-10T15:46:08.0571292+09:00,2026-08-10T15:46:08.5571292+09:00,293.978358,294.478358,30,30,-0.101775,0.012409,0.000088,0.000396,-0.000056,0.022004,0
20260810_154114_079,1,Unspecified,513,2026-08-10T15:46:08.5571292+09:00,2026-08-10T15:46:09.0571292+09:00,294.478358,294.978358,30,30,-0.102407,0.016110,0.000003,0.000043,0.000004,0.006824,0
20260810_154114_079,1,Unspecified,514,2026-08-10T15:46:09.0571292+09:00,2026-08-10T15:46:09.5571292+09:00,294.978358,295.478358,30,30,-0.101127,0.023101,0.000009,0.000068,-0.000016,0.008786,0
20260810_154114_079,1,Unspecified,515,2026-08-10T15:46:09.5571292+09:00,2026-08-10T15:46:10.0571292+09:00,295.478358,295.978358,30,30,-0.103237,0.014300,0.000054,0.000240,-0.000021,0.017132,0
20260810_154114_079,1,Unspecified,516,2026-08-10T15:46:10.0571292+09:00,2026-08-10T15:46:10.5571292+09:00,295.978358,296.478358,30,30,-0.108432,0.013860,0.000050,0.000258,0.000021,0.017528,0
20260810_154114_079,1,Unspecified,517,2026-08-10T15:46:10.5571292+09:00,2026-08-10T15:46:11.0571292+09:00,296.478358,296.978358,30,30,-0.100616,0.017095,0.000050,0.000199,-0.000048,0.015777,0
20260810_154114_079,1,Unspecified,518,2026-08-10T15:46:11.0571292+09:00,2026-08-10T15:46:11.5571292+09:00,296.978358,297.478358,30,30,-0.101269,0.024413,0.000002,0.000006,0.000000,0.002850,0
20260810_154114_079,1,Unspecified,519,2026-08-10T15:46:11.5571292+09:00,2026-08-10T15:46:12.0571292+09:00,297.478358,297.978358,30,30,-0.115839,0.021512,0.000136,0.000367,-0.000205,0.022427,0
20260810_154114_079,1,Unspecified,520,2026-08-10T15:46:12.0571292+09:00,2026-08-10T15:46:12.5571292+09:00,297.978358,298.478358,30,30,-0.111949,0.013396,0.000118,0.000298,-0.000063,0.020377,0
20260810_154114_079,1,Unspecified,521,2026-08-10T15:46:12.5571292+09:00,2026-08-10T15:46:13.0571292+09:00,298.478358,298.978358,30,30,-0.101368,0.011250,0.000011,0.000103,-0.000027,0.010640,0
20260810_154114_079,1,Unspecified,522,2026-08-10T15:46:13.0571292+09:00,2026-08-10T15:46:13.5571292+09:00,298.978358,299.478358,30,30,-0.105219,0.017223,0.000009,0.000012,-0.000009,0.004591,0
20260810_154114_079,1,Unspecified,523,2026-08-10T15:46:13.5571292+09:00,2026-08-10T15:46:14.0571292+09:00,299.478358,299.978358,30,30,-0.108214,0.016130,0.000067,0.000308,-0.000127,0.019354,0
20260810_154114_079,1,Unspecified,524,2026-08-10T15:46:14.0571292+09:00,2026-08-10T15:46:14.5571292+09:00,299.978358,300.478358,30,30,-0.101276,0.006257,0.000054,0.000461,-0.000039,0.022682,0
20260810_154114_079,1,Unspecified,525,2026-08-10T15:46:14.5571292+09:00,2026-08-10T15:46:15.0571292+09:00,300.478358,300.978358,30,30,-0.107256,0.009516,0.000102,0.000280,-0.000050,0.019525,0
20260810_154114_079,1,Unspecified,526,2026-08-10T15:46:15.0571292+09:00,2026-08-10T15:46:15.5571292+09:00,300.978358,301.478358,30,30,-0.111251,0.013101,0.000001,0.000002,0.000000,0.001889,0
20260810_154114_079,1,Unspecified,527,2026-08-10T15:46:15.5571292+09:00,2026-08-10T15:46:16.0571292+09:00,301.478358,301.978358,30,30,-0.104217,0.010979,0.000038,0.000207,-0.000050,0.015656,0
20260810_154114_079,1,Unspecified,528,2026-08-10T15:46:16.0571292+09:00,2026-08-10T15:46:16.5571292+09:00,301.978358,302.478358,30,30,-0.096079,0.006001,0.000122,0.000515,-0.000128,0.025242,0
20260810_154114_079,1,Unspecified,529,2026-08-10T15:46:16.5571292+09:00,2026-08-10T15:46:17.0571292+09:00,302.478358,302.978358,30,30,-0.101755,0.021115,0.000209,0.000024,-0.000065,0.015263,0
20260810_154114_079,1,Unspecified,530,2026-08-10T15:46:17.0571292+09:00,2026-08-10T15:46:17.5571292+09:00,302.978358,303.478358,30,30,-0.116583,0.027107,0.000001,0.000001,0.000000,0.001368,0
20260810_154114_079,1,Unspecified,531,2026-08-10T15:46:17.5571292+09:00,2026-08-10T15:46:18.0571292+09:00,303.478358,303.978358,30,30,-0.121174,0.023515,0.000022,0.000055,-0.000022,0.008781,0
20260810_154114_079,1,Unspecified,532,2026-08-10T15:46:18.0571292+09:00,2026-08-10T15:46:18.5571292+09:00,303.978358,304.478358,30,30,-0.112528,0.023434,0.000014,0.000205,-0.000043,0.014824,0
20260810_154114_079,1,Unspecified,533,2026-08-10T15:46:18.5571292+09:00,2026-08-10T15:46:19.0571292+09:00,304.478358,304.978358,30,30,-0.115412,0.026538,0.000001,0.000001,0.000000,0.001681,0
20260810_154114_079,1,Unspecified,534,2026-08-10T15:46:19.0571292+09:00,2026-08-10T15:46:19.5571292+09:00,304.978358,305.478358,30,30,-0.116946,0.026679,0.000002,0.000010,-0.000002,0.003451,0
20260810_154114_079,1,Unspecified,535,2026-08-10T15:46:19.5571292+09:00,2026-08-10T15:46:20.0571292+09:00,305.478358,305.978358,31,31,-0.102137,0.014493,0.000050,0.000404,-0.000091,0.021308,0
20260810_154114_079,1,Unspecified,536,2026-08-10T15:46:20.0571292+09:00,2026-08-10T15:46:20.5571292+09:00,305.978358,306.478358,29,29,-0.101026,0.006936,0.000040,0.000436,-0.000068,0.021806,0
20260810_154114_079,1,Unspecified,537,2026-08-10T15:46:20.5571292+09:00,2026-08-10T15:46:21.0571292+09:00,306.478358,306.978358,31,31,-0.102106,0.010293,0.000035,0.000092,-0.000027,0.011246,0
20260810_154114_079,1,Unspecified,538,2026-08-10T15:46:21.0571292+09:00,2026-08-10T15:46:21.5571292+09:00,306.978358,307.478358,29,29,-0.097230,0.022414,0.000003,0.000039,-0.000006,0.006464,0
20260810_154114_079,1,Unspecified,539,2026-08-10T15:46:21.5571292+09:00,2026-08-10T15:46:22.0571292+09:00,307.478358,307.978358,30,30,-0.097073,0.009248,0.000070,0.000330,-0.000047,0.020009,0
20260810_154114_079,1,Unspecified,540,2026-08-10T15:46:22.0571292+09:00,2026-08-10T15:46:22.5571292+09:00,307.978358,308.478358,30,30,-0.089432,0.009367,0.000045,0.000342,-0.000084,0.019688,0
20260810_154114_079,1,Unspecified,541,2026-08-10T15:46:22.5571292+09:00,2026-08-10T15:46:23.0571292+09:00,308.478358,308.978358,30,30,-0.100184,0.011028,0.000041,0.000480,-0.000003,0.022825,0
20260810_154114_079,1,Unspecified,542,2026-08-10T15:46:23.0571292+09:00,2026-08-10T15:46:23.5571292+09:00,308.978358,309.478358,30,30,-0.102544,0.021650,0.000015,0.000007,-0.000006,0.004659,0
20260810_154114_079,1,Unspecified,543,2026-08-10T15:46:23.5571292+09:00,2026-08-10T15:46:24.0571292+09:00,309.478358,309.978358,30,30,-0.125063,0.022686,0.000247,0.000661,-0.000319,0.030128,0
20260810_154114_079,1,Unspecified,544,2026-08-10T15:46:24.0571292+09:00,2026-08-10T15:46:24.5571292+09:00,309.978358,310.478358,30,30,-0.115878,0.029019,0.000002,0.000003,0.000000,0.002251,0
20260810_154114_079,1,Unspecified,545,2026-08-10T15:46:24.5571292+09:00,2026-08-10T15:46:25.0571292+09:00,310.478358,310.978358,30,30,-0.102124,-0.008179,0.000338,0.000942,-0.000376,0.035775,0
20260810_154114_079,1,Unspecified,546,2026-08-10T15:46:25.0571292+09:00,2026-08-10T15:46:25.5571292+09:00,310.978358,311.478358,31,31,-0.102789,0.014313,0.000004,0.000006,0.000002,0.003183,0
20260810_154114_079,1,Unspecified,547,2026-08-10T15:46:25.5571292+09:00,2026-08-10T15:46:26.0571292+09:00,311.478358,311.978358,29,29,-0.107704,-0.000074,0.000174,0.000325,-0.000077,0.022341,0
20260810_154114_079,1,Unspecified,548,2026-08-10T15:46:26.0571292+09:00,2026-08-10T15:46:26.5571292+09:00,311.978358,312.478358,31,31,-0.098809,0.007167,0.000003,0.000006,0.000001,0.003085,0
20260810_154114_079,1,Unspecified,549,2026-08-10T15:46:26.5571292+09:00,2026-08-10T15:46:27.0571292+09:00,312.478358,312.978358,29,29,-0.100953,0.005853,0.000004,0.000012,-0.000004,0.003944,0
20260810_154114_079,1,Unspecified,550,2026-08-10T15:46:27.0571292+09:00,2026-08-10T15:46:27.5571292+09:00,312.978358,313.478358,30,30,-0.106568,0.014886,0.000005,0.000006,-0.000002,0.003325,0
20260810_154114_079,1,Unspecified,551,2026-08-10T15:46:27.5571292+09:00,2026-08-10T15:46:28.0571292+09:00,313.478358,313.978358,30,30,-0.112098,-0.000536,0.000300,0.000536,-0.000175,0.028906,0
20260810_154114_079,1,Unspecified,552,2026-08-10T15:46:28.0571292+09:00,2026-08-10T15:46:28.5571292+09:00,313.978358,314.478358,30,30,-0.110331,0.015597,0.000007,0.000035,-0.000011,0.006482,0
20260810_154114_079,1,Unspecified,553,2026-08-10T15:46:28.5571292+09:00,2026-08-10T15:46:29.0571292+09:00,314.478358,314.978358,30,30,-0.111078,0.014959,0.000002,0.000004,-0.000001,0.002484,0
20260810_154114_079,1,Unspecified,554,2026-08-10T15:46:29.0571292+09:00,2026-08-10T15:46:29.5571292+09:00,314.978358,315.478358,30,30,-0.111216,0.015029,0.000002,0.000007,-0.000001,0.003072,0
20260810_154114_079,1,Unspecified,555,2026-08-10T15:46:29.5571292+09:00,2026-08-10T15:46:30.0571292+09:00,315.478358,315.978358,30,30,-0.104621,0.004123,0.000029,0.000328,-0.000043,0.018887,0
20260810_154114_079,1,Unspecified,556,2026-08-10T15:46:30.0571292+09:00,2026-08-10T15:46:30.5571292+09:00,315.978358,316.478358,30,30,-0.107312,-0.002778,0.000187,0.000198,0.000027,0.019601,0
20260810_154114_079,1,Unspecified,557,2026-08-10T15:46:30.5571292+09:00,2026-08-10T15:46:31.0571292+09:00,316.478358,316.978358,31,31,-0.113118,0.007391,0.000189,0.000315,-0.000009,0.022458,0
20260810_154114_079,1,Unspecified,558,2026-08-10T15:46:31.0571292+09:00,2026-08-10T15:46:31.5571292+09:00,316.978358,317.478358,29,29,-0.110395,0.019617,0.000003,0.000004,-0.000001,0.002637,0
20260810_154114_079,1,Unspecified,559,2026-08-10T15:46:31.5571292+09:00,2026-08-10T15:46:32.0571292+09:00,317.478358,317.978358,30,30,-0.096364,0.005538,0.000120,0.000386,-0.000133,0.022486,0
20260810_154114_079,1,Unspecified,560,2026-08-10T15:46:32.0571292+09:00,2026-08-10T15:46:32.5571292+09:00,317.978358,318.478358,30,30,-0.092291,0.002202,0.000035,0.000254,-0.000040,0.017006,0
20260810_154114_079,1,Unspecified,561,2026-08-10T15:46:32.5571292+09:00,2026-08-10T15:46:33.0571292+09:00,318.478358,318.978358,30,30,-0.096482,0.009329,0.000005,0.000103,-0.000013,0.010379,0
20260810_154114_079,1,Unspecified,562,2026-08-10T15:46:33.0571292+09:00,2026-08-10T15:46:33.5571292+09:00,318.978358,319.478358,30,30,-0.095307,0.013165,0.000004,0.000040,-0.000004,0.006687,0
20260810_154114_079,1,Unspecified,563,2026-08-10T15:46:33.5571292+09:00,2026-08-10T15:46:34.0571292+09:00,319.478358,319.978358,30,30,-0.106085,0.001993,0.000082,0.000648,-0.000054,0.027009,0
20260810_154114_079,1,Unspecified,564,2026-08-10T15:46:34.0571292+09:00,2026-08-10T15:46:34.5571292+09:00,319.978358,320.478358,30,30,-0.099535,0.011316,0.000062,0.000439,-0.000011,0.022380,0
20260810_154114_079,1,Unspecified,565,2026-08-10T15:46:34.5571292+09:00,2026-08-10T15:46:35.0571292+09:00,320.478358,320.978358,30,30,-0.099453,0.016576,0.000034,0.000318,-0.000088,0.018770,0
20260810_154114_079,1,Unspecified,566,2026-08-10T15:46:35.0571292+09:00,2026-08-10T15:46:35.5571292+09:00,320.978358,321.478358,30,30,-0.103152,0.019309,0.000064,0.000063,0.000047,0.011242,0
20260810_154114_079,1,Unspecified,567,2026-08-10T15:46:35.5571292+09:00,2026-08-10T15:46:36.0571292+09:00,321.478358,321.978358,30,30,-0.103878,0.018444,0.000016,0.000306,-0.000057,0.017936,0
20260810_154114_079,1,Unspecified,568,2026-08-10T15:46:36.0571292+09:00,2026-08-10T15:46:36.5571292+09:00,321.978358,322.478358,30,30,-0.105759,0.021469,0.000001,0.000003,0.000000,0.002059,0
20260810_154114_079,1,Unspecified,569,2026-08-10T15:46:36.5571292+09:00,2026-08-10T15:46:37.0571292+09:00,322.478358,322.978358,31,31,-0.105879,0.022289,0.000001,0.000001,0.000000,0.001615,0
20260810_154114_079,1,Unspecified,570,2026-08-10T15:46:37.0571292+09:00,2026-08-10T15:46:37.5571292+09:00,322.978358,323.478358,29,29,-0.105426,0.020571,0.000002,0.000003,-0.000001,0.002243,0
20260810_154114_079,1,Unspecified,571,2026-08-10T15:46:37.5571292+09:00,2026-08-10T15:46:38.0571292+09:00,323.478358,323.978358,30,30,-0.105694,0.019937,0.000002,0.000006,0.000000,0.002921,0
20260810_154114_079,1,Unspecified,572,2026-08-10T15:46:38.0571292+09:00,2026-08-10T15:46:38.5571292+09:00,323.978358,324.478358,31,31,-0.105757,0.018976,0.000001,0.000005,0.000000,0.002577,0
20260810_154114_079,1,Unspecified,573,2026-08-10T15:46:38.5571292+09:00,2026-08-10T15:46:39.0571292+09:00,324.478358,324.978358,29,29,-0.106705,0.017210,0.000017,0.000367,-0.000060,0.019597,0
20260810_154114_079,1,Unspecified,574,2026-08-10T15:46:39.0571292+09:00,2026-08-10T15:46:39.5571292+09:00,324.978358,325.478358,30,30,-0.110189,0.020104,0.000219,0.000265,0.000003,0.021987,0
20260810_154114_079,1,Unspecified,575,2026-08-10T15:46:39.5571292+09:00,2026-08-10T15:46:40.0571292+09:00,325.478358,325.978358,30,30,-0.098481,0.006176,0.000116,0.000511,-0.000129,0.025048,0
20260810_154114_079,1,Unspecified,576,2026-08-10T15:46:40.0571292+09:00,2026-08-10T15:46:40.5571292+09:00,325.978358,326.478358,30,30,-0.091849,0.014510,0.000003,0.000002,0.000000,0.002112,0
20260810_154114_079,1,Unspecified,577,2026-08-10T15:46:40.5571292+09:00,2026-08-10T15:46:41.0571292+09:00,326.478358,326.978358,30,30,-0.095263,0.016581,0.000003,0.000002,0.000000,0.002100,0
20260810_154114_079,1,Unspecified,578,2026-08-10T15:46:41.0571292+09:00,2026-08-10T15:46:41.5571292+09:00,326.978358,327.478358,30,30,-0.095956,0.017941,0.000005,0.000006,-0.000003,0.003287,0
20260810_154114_079,1,Unspecified,579,2026-08-10T15:46:41.5571292+09:00,2026-08-10T15:46:42.0571292+09:00,327.478358,327.978358,30,30,-0.107718,0.027500,0.000001,0.000004,0.000000,0.002334,0
20260810_154114_079,1,Unspecified,580,2026-08-10T15:46:42.0571292+09:00,2026-08-10T15:46:42.5571292+09:00,327.978358,328.478358,30,30,-0.107701,0.023631,0.000001,0.000006,-0.000001,0.002763,0
20260810_154114_079,1,Unspecified,581,2026-08-10T15:46:42.5571292+09:00,2026-08-10T15:46:43.0571292+09:00,328.478358,328.978358,30,30,-0.105995,0.024572,0.000002,0.000004,0.000001,0.002574,0
20260810_154114_079,1,Unspecified,582,2026-08-10T15:46:43.0571292+09:00,2026-08-10T15:46:43.5571292+09:00,328.978358,329.478358,30,30,-0.104838,0.022408,0.000003,0.000102,0.000013,0.010246,0
20260810_154114_079,1,Unspecified,583,2026-08-10T15:46:43.5571292+09:00,2026-08-10T15:46:44.0571292+09:00,329.478358,329.978358,31,31,-0.100263,-0.001715,0.000167,0.000714,-0.000183,0.029688,0
20260810_154114_079,1,Unspecified,584,2026-08-10T15:46:44.0571292+09:00,2026-08-10T15:46:44.5571292+09:00,329.978358,330.478358,29,29,-0.099785,0.009372,0.000043,0.000478,-0.000077,0.022833,0
20260810_154114_079,1,Unspecified,585,2026-08-10T15:46:44.5571292+09:00,2026-08-10T15:46:45.0571292+09:00,330.478358,330.978358,30,30,-0.090085,0.015146,0.000073,0.000374,0.000027,0.021123,0
20260810_154114_079,1,Unspecified,586,2026-08-10T15:46:45.0571292+09:00,2026-08-10T15:46:45.5571292+09:00,330.978358,331.478358,30,30,-0.087610,0.018631,0.000007,0.000291,-0.000030,0.017253,0
20260810_154114_079,1,Unspecified,587,2026-08-10T15:46:45.5571292+09:00,2026-08-10T15:46:46.0571292+09:00,331.478358,331.978358,30,30,-0.104915,0.013652,0.000036,0.000523,-0.000073,0.023643,0
20260810_154114_079,1,Unspecified,588,2026-08-10T15:46:46.0571292+09:00,2026-08-10T15:46:46.5571292+09:00,331.978358,332.478358,30,30,-0.114343,0.013832,0.000029,0.000361,-0.000058,0.019742,0
20260810_154114_079,1,Unspecified,589,2026-08-10T15:46:46.5571292+09:00,2026-08-10T15:46:47.0571292+09:00,332.478358,332.978358,30,30,-0.116804,0.023919,0.000002,0.000002,0.000000,0.001815,0
20260810_154114_079,1,Unspecified,590,2026-08-10T15:46:47.0571292+09:00,2026-08-10T15:46:47.5571292+09:00,332.978358,333.478358,30,30,-0.114245,0.013601,0.000052,0.000242,-0.000045,0.017145,0
20260810_154114_079,1,Unspecified,591,2026-08-10T15:46:47.5571292+09:00,2026-08-10T15:46:48.0571292+09:00,333.478358,333.978358,30,30,-0.110687,0.006160,0.000034,0.000588,-0.000102,0.024941,0
20260810_154114_079,1,Unspecified,592,2026-08-10T15:46:48.0571292+09:00,2026-08-10T15:46:48.5571292+09:00,333.978358,334.478358,30,30,-0.113339,0.025927,0.000002,0.000004,-0.000001,0.002423,0
20260810_154114_079,1,Unspecified,593,2026-08-10T15:46:48.5571292+09:00,2026-08-10T15:46:49.0571292+09:00,334.478358,334.978358,30,30,-0.103082,0.009223,0.000563,0.000135,0.000123,0.026430,0
20260810_154114_079,1,Unspecified,594,2026-08-10T15:46:49.0571292+09:00,2026-08-10T15:46:49.5571292+09:00,334.978358,335.478358,31,31,-0.102430,0.019508,0.000003,0.000004,0.000001,0.002560,0
20260810_154114_079,1,Unspecified,595,2026-08-10T15:46:49.5571292+09:00,2026-08-10T15:46:50.0571292+09:00,335.478358,335.978358,29,29,-0.107201,0.015860,0.000036,0.000152,0.000012,0.013700,0
20260810_154114_079,1,Unspecified,596,2026-08-10T15:46:50.0571292+09:00,2026-08-10T15:46:50.5571292+09:00,335.978358,336.478358,30,30,-0.093036,0.001730,0.000041,0.000572,-0.000118,0.024763,0
20260810_154114_079,1,Unspecified,597,2026-08-10T15:46:50.5571292+09:00,2026-08-10T15:46:51.0571292+09:00,336.478358,336.978358,30,30,-0.097834,0.010653,0.000057,0.000351,0.000016,0.020193,0
20260810_154114_079,1,Unspecified,598,2026-08-10T15:46:51.0571292+09:00,2026-08-10T15:46:51.5571292+09:00,336.978358,337.478358,30,30,-0.098587,0.024347,0.000002,0.000009,0.000000,0.003267,0
20260810_154114_079,1,Unspecified,599,2026-08-10T15:46:51.5571292+09:00,2026-08-10T15:46:52.0571292+09:00,337.478358,337.978358,30,30,-0.102295,0.000313,0.000143,0.000570,-0.000073,0.026688,0
20260810_154114_079,1,Unspecified,600,2026-08-10T15:46:52.0571292+09:00,2026-08-10T15:46:52.5571292+09:00,337.978358,338.478358,30,30,-0.089777,0.011865,0.000093,0.000267,-0.000083,0.018965,0
20260810_154114_079,1,Unspecified,601,2026-08-10T15:46:52.5571292+09:00,2026-08-10T15:46:53.0571292+09:00,338.478358,338.978358,30,30,-0.106195,0.016624,0.000080,0.000299,-0.000048,0.019459,0
20260810_154114_079,1,Unspecified,602,2026-08-10T15:46:53.0571292+09:00,2026-08-10T15:46:53.5571292+09:00,338.978358,339.478358,30,30,-0.102913,0.019512,0.000011,0.000294,0.000002,0.017460,0
20260810_154114_079,1,Unspecified,603,2026-08-10T15:46:53.5571292+09:00,2026-08-10T15:46:54.0571292+09:00,339.478358,339.978358,30,30,-0.091209,0.016889,0.000164,0.000406,-0.000150,0.023881,0
20260810_154114_079,1,Unspecified,604,2026-08-10T15:46:54.0571292+09:00,2026-08-10T15:46:54.5571292+09:00,339.978358,340.478358,30,30,-0.101910,-0.003751,0.000159,0.000672,0.000007,0.028819,0
20260810_154114_079,1,Unspecified,605,2026-08-10T15:46:54.5571292+09:00,2026-08-10T15:46:55.0571292+09:00,340.478358,340.978358,30,30,-0.111664,0.019162,0.000033,0.000191,-0.000014,0.014992,0
20260810_154114_079,1,Unspecified,606,2026-08-10T15:46:55.0571292+09:00,2026-08-10T15:46:55.5571292+09:00,340.978358,341.478358,30,30,-0.111737,0.032291,0.000001,0.000008,-0.000002,0.003053,0
20260810_154114_079,1,Unspecified,607,2026-08-10T15:46:55.5571292+09:00,2026-08-10T15:46:56.0571292+09:00,341.478358,341.978358,31,31,-0.100202,0.017034,0.000067,0.000143,-0.000043,0.014464,0
20260810_154114_079,1,Unspecified,608,2026-08-10T15:46:56.0571292+09:00,2026-08-10T15:46:56.5571292+09:00,341.978358,342.478358,29,29,-0.096307,0.007111,0.000013,0.000114,-0.000031,0.011264,0
20260810_154114_079,1,Unspecified,609,2026-08-10T15:46:56.5571292+09:00,2026-08-10T15:46:57.0571292+09:00,342.478358,342.978358,30,30,-0.104265,0.008370,0.000146,0.000155,0.000001,0.017345,0
20260810_154114_079,1,Unspecified,610,2026-08-10T15:46:57.0571292+09:00,2026-08-10T15:46:57.5571292+09:00,342.978358,343.478358,30,30,-0.104826,0.018596,0.000001,0.000009,-0.000001,0.003230,0
20260810_154114_079,1,Unspecified,611,2026-08-10T15:46:57.5571292+09:00,2026-08-10T15:46:58.0571292+09:00,343.478358,343.978358,30,30,-0.097968,0.006758,0.000031,0.000268,-0.000030,0.017296,0
20260810_154114_079,1,Unspecified,612,2026-08-10T15:46:58.0571292+09:00,2026-08-10T15:46:58.5571292+09:00,343.978358,344.478358,30,30,-0.097036,0.005338,0.000093,0.000423,-0.000111,0.022720,0
20260810_154114_079,1,Unspecified,613,2026-08-10T15:46:58.5571292+09:00,2026-08-10T15:46:59.0571292+09:00,344.478358,344.978358,30,30,-0.106107,0.015816,0.000003,0.000003,0.000000,0.002298,0
20260810_154114_079,1,Unspecified,614,2026-08-10T15:46:59.0571292+09:00,2026-08-10T15:46:59.5571292+09:00,344.978358,345.478358,30,30,-0.105463,0.017803,0.000001,0.000004,-0.000001,0.002272,0
20260810_154114_079,1,Unspecified,615,2026-08-10T15:46:59.5571292+09:00,2026-08-10T15:47:00.0571292+09:00,345.478358,345.978358,30,30,-0.112022,0.013508,0.000047,0.000175,-0.000025,0.014877,0
20260810_154114_079,1,Unspecified,616,2026-08-10T15:47:00.0571292+09:00,2026-08-10T15:47:00.5571292+09:00,345.978358,346.478358,30,30,-0.107187,0.015734,0.000004,0.000005,-0.000001,0.003033,0
20260810_154114_079,1,Unspecified,617,2026-08-10T15:47:00.5571292+09:00,2026-08-10T15:47:01.0571292+09:00,346.478358,346.978358,30,30,-0.110656,0.015221,0.000002,0.000006,0.000000,0.002787,0
20260810_154114_079,1,Unspecified,618,2026-08-10T15:47:01.0571292+09:00,2026-08-10T15:47:01.5571292+09:00,346.978358,347.478358,30,30,-0.110301,0.012020,0.000002,0.000034,-0.000003,0.005989,0
20260810_154114_079,1,Unspecified,619,2026-08-10T15:47:01.5571292+09:00,2026-08-10T15:47:02.0571292+09:00,347.478358,347.978358,30,30,-0.106294,0.008207,0.000019,0.000358,0.000000,0.019403,0
20260810_154114_079,1,Unspecified,620,2026-08-10T15:47:02.0571292+09:00,2026-08-10T15:47:02.5571292+09:00,347.978358,348.478358,30,30,-0.101606,-0.006820,0.000193,0.000652,-0.000210,0.029079,0
20260810_154114_079,1,Unspecified,621,2026-08-10T15:47:02.5571292+09:00,2026-08-10T15:47:03.0571292+09:00,348.478358,348.978358,30,30,-0.105575,0.014434,0.000002,0.000006,0.000000,0.002692,0
20260810_154114_079,1,Unspecified,622,2026-08-10T15:47:03.0571292+09:00,2026-08-10T15:47:03.5571292+09:00,348.978358,349.478358,30,30,-0.106515,0.013538,0.000002,0.000015,-0.000002,0.004069,0
20260810_154114_079,1,Unspecified,623,2026-08-10T15:47:03.5571292+09:00,2026-08-10T15:47:04.0571292+09:00,349.478358,349.978358,30,30,-0.105733,0.012778,0.000045,0.000019,0.000002,0.007986,0
20260810_154114_079,1,Unspecified,624,2026-08-10T15:47:04.0571292+09:00,2026-08-10T15:47:04.5571292+09:00,349.978358,350.478358,30,30,-0.100133,-0.001324,0.000029,0.000430,-0.000074,0.021415,0
20260810_154114_079,1,Unspecified,625,2026-08-10T15:47:04.5571292+09:00,2026-08-10T15:47:05.0571292+09:00,350.478358,350.978358,30,30,-0.103821,0.012054,0.000097,0.000128,-0.000017,0.014993,0
20260810_154114_079,1,Unspecified,626,2026-08-10T15:47:05.0571292+09:00,2026-08-10T15:47:05.5571292+09:00,350.978358,351.478358,30,30,-0.104442,0.022662,0.000004,0.000004,0.000001,0.002695,0
20260810_154114_079,1,Unspecified,627,2026-08-10T15:47:05.5571292+09:00,2026-08-10T15:47:06.0571292+09:00,351.478358,351.978358,30,30,-0.111615,0.017824,0.000725,0.000460,-0.000376,0.034422,0
20260810_154114_079,1,Unspecified,628,2026-08-10T15:47:06.0571292+09:00,2026-08-10T15:47:06.5571292+09:00,351.978358,352.478358,30,30,-0.087390,0.018980,0.000004,0.000004,-0.000001,0.002816,0
20260810_154114_079,1,Unspecified,629,2026-08-10T15:47:06.5571292+09:00,2026-08-10T15:47:07.0571292+09:00,352.478358,352.978358,30,30,-0.089592,0.011107,0.000015,0.000399,0.000067,0.020345,0
20260810_154114_079,1,Unspecified,630,2026-08-10T15:47:07.0571292+09:00,2026-08-10T15:47:07.5571292+09:00,352.978358,353.478358,31,31,-0.104198,0.018408,0.000004,0.000028,-0.000002,0.005664,0
20260810_154114_079,1,Unspecified,631,2026-08-10T15:47:07.5571292+09:00,2026-08-10T15:47:08.0571292+09:00,353.478358,353.978358,29,29,-0.095294,0.001971,0.000046,0.000374,-0.000041,0.020492,0
20260810_154114_079,1,Unspecified,632,2026-08-10T15:47:08.0571292+09:00,2026-08-10T15:47:08.5571292+09:00,353.978358,354.478358,30,30,-0.098020,-0.002045,0.000113,0.000366,-0.000010,0.021889,0
20260810_154114_079,1,Unspecified,633,2026-08-10T15:47:08.5571292+09:00,2026-08-10T15:47:09.0571292+09:00,354.478358,354.978358,30,30,-0.097075,0.010467,0.000001,0.000002,0.000000,0.001599,0
20260810_154114_079,1,Unspecified,634,2026-08-10T15:47:09.0571292+09:00,2026-08-10T15:47:09.5571292+09:00,354.978358,355.478358,30,30,-0.098857,0.016238,0.000003,0.000017,-0.000004,0.004436,0
20260810_154114_079,1,Unspecified,635,2026-08-10T15:47:09.5571292+09:00,2026-08-10T15:47:10.0571292+09:00,355.478358,355.978358,30,30,-0.104240,0.007630,0.000077,0.000612,-0.000102,0.026230,0
20260810_154114_079,1,Unspecified,636,2026-08-10T15:47:10.0571292+09:00,2026-08-10T15:47:10.5571292+09:00,355.978358,356.478358,30,30,-0.122100,0.011655,0.000066,0.000461,-0.000140,0.022949,0
20260810_154114_079,1,Unspecified,637,2026-08-10T15:47:10.5571292+09:00,2026-08-10T15:47:11.0571292+09:00,356.478358,356.978358,30,30,-0.102209,0.009453,0.000134,0.000291,-0.000032,0.020604,0
20260810_154114_079,1,Unspecified,638,2026-08-10T15:47:11.0571292+09:00,2026-08-10T15:47:11.5571292+09:00,356.978358,357.478358,30,30,-0.102308,0.016158,0.000002,0.000007,-0.000001,0.003019,0
20260810_154114_079,1,Unspecified,639,2026-08-10T15:47:11.5571292+09:00,2026-08-10T15:47:12.0571292+09:00,357.478358,357.978358,30,30,-0.112334,0.019479,0.000015,0.000287,-0.000044,0.017394,0
20260810_154114_079,1,Unspecified,640,2026-08-10T15:47:12.0571292+09:00,2026-08-10T15:47:12.5571292+09:00,357.978358,358.478358,30,30,-0.117324,0.024977,0.000003,0.000003,-0.000002,0.002457,0
20260810_154114_079,1,Unspecified,641,2026-08-10T15:47:12.5571292+09:00,2026-08-10T15:47:13.0571292+09:00,358.478358,358.978358,30,30,-0.102426,0.003616,0.000211,0.000372,-0.000227,0.024145,0
20260810_154114_079,1,Unspecified,642,2026-08-10T15:47:13.0571292+09:00,2026-08-10T15:47:13.5571292+09:00,358.978358,359.478358,30,30,-0.101811,0.008757,0.000004,0.000003,0.000000,0.002687,0
20260810_154114_079,1,Unspecified,643,2026-08-10T15:47:13.5571292+09:00,2026-08-10T15:47:14.0571292+09:00,359.478358,359.978358,30,30,-0.103354,0.013855,0.000004,0.000009,-0.000003,0.003507,0
20260810_154114_079,1,Unspecified,644,2026-08-10T15:47:14.0571292+09:00,2026-08-10T15:47:14.5571292+09:00,359.978358,360.478358,30,30,-0.105819,-0.000707,0.000093,0.000413,-0.000027,0.022487,0
20260810_154114_079,1,Unspecified,645,2026-08-10T15:47:14.5571292+09:00,2026-08-10T15:47:15.0571292+09:00,360.478358,360.978358,30,30,-0.104719,0.016145,0.000037,0.000256,-0.000034,0.017099,0
20260810_154114_079,1,Unspecified,646,2026-08-10T15:47:15.0571292+09:00,2026-08-10T15:47:15.5571292+09:00,360.978358,361.478358,30,30,-0.098413,0.024508,0.000002,0.000004,0.000001,0.002440,0
20260810_154114_079,1,Unspecified,647,2026-08-10T15:47:15.5571292+09:00,2026-08-10T15:47:16.0571292+09:00,361.478358,361.978358,30,30,-0.093862,0.002275,0.000077,0.000595,-0.000053,0.025923,0
20260810_154114_079,1,Unspecified,648,2026-08-10T15:47:16.0571292+09:00,2026-08-10T15:47:16.5571292+09:00,361.978358,362.478358,30,30,-0.096697,0.003599,0.000111,0.000368,-0.000063,0.021866,0
20260810_154114_079,1,Unspecified,649,2026-08-10T15:47:16.5571292+09:00,2026-08-10T15:47:17.0571292+09:00,362.478358,362.978358,30,30,-0.100383,0.012558,0.000048,0.000494,-0.000015,0.023289,0
20260810_154114_079,1,Unspecified,650,2026-08-10T15:47:17.0571292+09:00,2026-08-10T15:47:17.5571292+09:00,362.978358,363.478358,30,30,-0.110238,0.028180,0.000004,0.000007,-0.000004,0.003329,0
20260810_154114_079,1,Unspecified,651,2026-08-10T15:47:17.5571292+09:00,2026-08-10T15:47:18.0571292+09:00,363.478358,363.978358,30,30,-0.107598,0.015077,0.000072,0.000389,-0.000120,0.021459,0
20260810_154114_079,1,Unspecified,652,2026-08-10T15:47:18.0571292+09:00,2026-08-10T15:47:18.5571292+09:00,363.978358,364.478358,30,30,-0.096302,0.002304,0.000025,0.000256,-0.000046,0.016768,0
20260810_154114_079,1,Unspecified,653,2026-08-10T15:47:18.5571292+09:00,2026-08-10T15:47:19.0571292+09:00,364.478358,364.978358,30,30,-0.098789,0.011513,0.000005,0.000011,-0.000004,0.004068,0
20260810_154114_079,1,Unspecified,654,2026-08-10T15:47:19.0571292+09:00,2026-08-10T15:47:19.5571292+09:00,364.978358,365.478358,30,30,-0.103826,0.015952,0.000002,0.000001,0.000000,0.001601,0
20260810_154114_079,1,Unspecified,655,2026-08-10T15:47:19.5571292+09:00,2026-08-10T15:47:20.0571292+09:00,365.478358,365.978358,30,30,-0.090056,0.004510,0.000095,0.000400,-0.000119,0.022241,0
20260810_154114_079,1,Unspecified,656,2026-08-10T15:47:20.0571292+09:00,2026-08-10T15:47:20.5571292+09:00,365.978358,366.478358,30,30,-0.084415,0.002682,0.000448,0.000371,-0.000095,0.028605,0
20260810_154114_079,1,Unspecified,657,2026-08-10T15:47:20.5571292+09:00,2026-08-10T15:47:21.0571292+09:00,366.478358,366.978358,30,30,-0.115937,0.005347,0.000023,0.000294,0.000029,0.017826,0
20260810_154114_079,1,Unspecified,658,2026-08-10T15:47:21.0571292+09:00,2026-08-10T15:47:21.5571292+09:00,366.978358,367.478358,30,30,-0.114742,0.012671,0.000002,0.000001,0.000001,0.001774,0
20260810_154114_079,1,Unspecified,659,2026-08-10T15:47:21.5571292+09:00,2026-08-10T15:47:22.0571292+09:00,367.478358,367.978358,30,30,-0.105089,0.006906,0.000203,0.000464,-0.000256,0.025808,0
20260810_154114_079,1,Unspecified,660,2026-08-10T15:47:22.0571292+09:00,2026-08-10T15:47:22.5571292+09:00,367.978358,368.478358,30,30,-0.106033,0.005297,0.000013,0.000202,-0.000015,0.014659,0
20260810_154114_079,1,Unspecified,661,2026-08-10T15:47:22.5571292+09:00,2026-08-10T15:47:23.0571292+09:00,368.478358,368.978358,30,30,-0.100393,0.007782,0.000072,0.000193,-0.000050,0.016280,0
20260810_154114_079,1,Unspecified,662,2026-08-10T15:47:23.0571292+09:00,2026-08-10T15:47:23.5571292+09:00,368.978358,369.478358,30,30,-0.102289,0.015494,0.000042,0.000022,-0.000027,0.007998,0
20260810_154114_079,1,Unspecified,663,2026-08-10T15:47:23.5571292+09:00,2026-08-10T15:47:24.0571292+09:00,369.478358,369.978358,30,30,-0.131917,0.017766,0.000040,0.000473,-0.000125,0.022645,0
20260810_154114_079,1,Unspecified,664,2026-08-10T15:47:24.0571292+09:00,2026-08-10T15:47:24.5571292+09:00,369.978358,370.478358,30,30,-0.127911,0.023177,0.000007,0.000002,-0.000002,0.002978,0
20260810_154114_079,1,Unspecified,665,2026-08-10T15:47:24.5571292+09:00,2026-08-10T15:47:25.0571292+09:00,370.478358,370.978358,30,30,-0.115119,0.017978,0.000125,0.000015,-0.000041,0.011850,0
20260810_154114_079,1,Unspecified,666,2026-08-10T15:47:25.0571292+09:00,2026-08-10T15:47:25.5571292+09:00,370.978358,371.478358,30,30,-0.104482,0.012344,0.000002,0.000006,-0.000001,0.002810,0
20260810_154114_079,1,Unspecified,667,2026-08-10T15:47:25.5571292+09:00,2026-08-10T15:47:26.0571292+09:00,371.478358,371.978358,30,30,-0.097467,0.020436,0.000003,0.000008,0.000002,0.003320,0
20260810_154114_079,1,Unspecified,668,2026-08-10T15:47:26.0571292+09:00,2026-08-10T15:47:26.5571292+09:00,371.978358,372.478358,30,30,-0.089364,0.000423,0.000042,0.000578,-0.000063,0.024909,0
20260810_154114_079,1,Unspecified,669,2026-08-10T15:47:26.5571292+09:00,2026-08-10T15:47:27.0571292+09:00,372.478358,372.978358,30,30,-0.089689,0.020492,0.000004,0.000012,-0.000003,0.003946,0
20260810_154114_079,1,Unspecified,670,2026-08-10T15:47:27.0571292+09:00,2026-08-10T15:47:27.5571292+09:00,372.978358,373.478358,30,30,-0.090255,0.019127,0.000005,0.000002,0.000001,0.002757,0
20260810_154114_079,1,Unspecified,671,2026-08-10T15:47:27.5571292+09:00,2026-08-10T15:47:28.0571292+09:00,373.478358,373.978358,30,30,-0.084541,0.008354,0.000219,0.000462,-0.000106,0.026095,0
20260810_154114_079,1,Unspecified,672,2026-08-10T15:47:28.0571292+09:00,2026-08-10T15:47:28.5571292+09:00,373.978358,374.478358,30,30,-0.089611,0.013832,0.000248,0.000323,0.000058,0.023910,0
20260810_154114_079,1,Unspecified,673,2026-08-10T15:47:28.5571292+09:00,2026-08-10T15:47:29.0571292+09:00,374.478358,374.978358,30,30,-0.099344,0.005924,0.000096,0.000388,0.000041,0.022014,0
20260810_154114_079,1,Unspecified,674,2026-08-10T15:47:29.0571292+09:00,2026-08-10T15:47:29.5571292+09:00,374.978358,375.478358,30,30,-0.091974,0.020312,0.000003,0.000001,0.000000,0.002018,0
20260810_154114_079,1,Unspecified,675,2026-08-10T15:47:29.5571292+09:00,2026-08-10T15:47:30.0571292+09:00,375.478358,375.978358,30,30,-0.101921,0.018221,0.000133,0.000305,-0.000082,0.020925,0
20260810_154114_079,1,Unspecified,676,2026-08-10T15:47:30.0571292+09:00,2026-08-10T15:47:30.5571292+09:00,375.978358,376.478358,31,31,-0.096076,0.013926,0.000032,0.000076,0.000038,0.010388,0
20260810_154114_079,1,Unspecified,677,2026-08-10T15:47:30.5571292+09:00,2026-08-10T15:47:31.0571292+09:00,376.478358,376.978358,29,29,-0.089245,0.009333,0.000005,0.000344,-0.000014,0.018674,0
20260810_154114_079,1,Unspecified,678,2026-08-10T15:47:31.0571292+09:00,2026-08-10T15:47:31.5571292+09:00,376.978358,377.478358,30,30,-0.092963,0.004917,0.000021,0.000705,-0.000045,0.026941,0
20260810_154114_079,1,Unspecified,679,2026-08-10T15:47:31.5571292+09:00,2026-08-10T15:47:32.0571292+09:00,377.478358,377.978358,30,30,-0.091899,0.010159,0.000037,0.000418,0.000031,0.021329,0
20260810_154114_079,1,Unspecified,680,2026-08-10T15:47:32.0571292+09:00,2026-08-10T15:47:32.5571292+09:00,377.978358,378.478358,30,30,-0.094096,-0.001084,0.000101,0.000500,-0.000036,0.024511,0
20260810_154114_079,1,Unspecified,681,2026-08-10T15:47:32.5571292+09:00,2026-08-10T15:47:33.0571292+09:00,378.478358,378.978358,30,30,-0.088532,0.016572,0.000003,0.000107,-0.000005,0.010486,0
20260810_154114_079,1,Unspecified,682,2026-08-10T15:47:33.0571292+09:00,2026-08-10T15:47:33.5571292+09:00,378.978358,379.478358,30,30,-0.087585,0.016842,0.000006,0.000004,0.000002,0.003150,0
20260810_154114_079,1,Unspecified,683,2026-08-10T15:47:33.5571292+09:00,2026-08-10T15:47:34.0571292+09:00,379.478358,379.978358,30,30,-0.104253,0.008656,0.000058,0.000484,-0.000135,0.023276,0
20260810_154114_079,1,Unspecified,684,2026-08-10T15:47:34.0571292+09:00,2026-08-10T15:47:34.5571292+09:00,379.978358,380.478358,30,30,-0.096311,-0.000863,0.000083,0.000363,-0.000049,0.021129,0
20260810_154114_079,1,Unspecified,685,2026-08-10T15:47:34.5571292+09:00,2026-08-10T15:47:35.0571292+09:00,380.478358,380.978358,30,30,-0.094631,0.023606,0.000003,0.000006,0.000003,0.003063,0
20260810_154114_079,1,Unspecified,686,2026-08-10T15:47:35.0571292+09:00,2026-08-10T15:47:35.5571292+09:00,380.978358,381.478358,31,31,-0.095055,0.023422,0.000001,0.000002,0.000000,0.001634,0
20260810_154114_079,1,Unspecified,687,2026-08-10T15:47:35.5571292+09:00,2026-08-10T15:47:36.0571292+09:00,381.478358,381.978358,29,29,-0.104458,0.008526,0.000236,0.000336,-0.000026,0.023932,0
20260810_154114_079,1,Unspecified,688,2026-08-10T15:47:36.0571292+09:00,2026-08-10T15:47:36.5571292+09:00,381.978358,382.478358,30,30,-0.089276,-0.009264,0.000272,0.000278,-0.000053,0.023451,0
20260810_154114_079,1,Unspecified,689,2026-08-10T15:47:36.5571292+09:00,2026-08-10T15:47:37.0571292+09:00,382.478358,382.978358,30,30,-0.064366,0.004781,0.001244,0.000029,-0.000165,0.035682,0
20260810_154114_079,1,Unspecified,690,2026-08-10T15:47:37.0571292+09:00,2026-08-10T15:47:37.5571292+09:00,382.978358,383.478358,30,30,-0.112530,0.011668,0.000003,0.000003,0.000001,0.002306,0
20260810_154114_079,1,Unspecified,691,2026-08-10T15:47:37.5571292+09:00,2026-08-10T15:47:38.0571292+09:00,383.478358,383.978358,30,30,-0.101546,-0.001869,0.000091,0.000402,-0.000144,0.022191,0
20260810_154114_079,1,Unspecified,692,2026-08-10T15:47:38.0571292+09:00,2026-08-10T15:47:38.5571292+09:00,383.978358,384.478358,30,30,-0.098042,0.007156,0.000043,0.000236,-0.000051,0.016691,0
20260810_154114_079,1,Unspecified,693,2026-08-10T15:47:38.5571292+09:00,2026-08-10T15:47:39.0571292+09:00,384.478358,384.978358,30,30,-0.101788,0.004632,0.000085,0.000335,0.000029,0.020491,0
20260810_154114_079,1,Unspecified,694,2026-08-10T15:47:39.0571292+09:00,2026-08-10T15:47:39.5571292+09:00,384.978358,385.478358,30,30,-0.100567,0.012328,0.000036,0.000016,0.000018,0.007207,0
20260810_154114_079,1,Unspecified,695,2026-08-10T15:47:39.5571292+09:00,2026-08-10T15:47:40.0571292+09:00,385.478358,385.978358,30,30,-0.099594,-0.000338,0.000092,0.000371,-0.000086,0.021535,0
20260810_154114_079,1,Unspecified,696,2026-08-10T15:47:40.0571292+09:00,2026-08-10T15:47:40.5571292+09:00,385.978358,386.478358,30,30,-0.102097,0.007318,0.000020,0.000144,0.000007,0.012811,0
20260810_154114_079,1,Unspecified,697,2026-08-10T15:47:40.5571292+09:00,2026-08-10T15:47:41.0571292+09:00,386.478358,386.978358,30,30,-0.098882,0.014913,0.000002,0.000005,-0.000001,0.002663,0
20260810_154114_079,1,Unspecified,698,2026-08-10T15:47:41.0571292+09:00,2026-08-10T15:47:41.5571292+09:00,386.978358,387.478358,30,30,-0.101118,0.016507,0.000036,0.000038,-0.000032,0.008569,0
20260810_154114_079,1,Unspecified,699,2026-08-10T15:47:41.5571292+09:00,2026-08-10T15:47:42.0571292+09:00,387.478358,387.978358,31,31,-0.121045,0.036559,0.000001,0.000002,0.000000,0.001791,0
20260810_154114_079,1,Unspecified,700,2026-08-10T15:47:42.0571292+09:00,2026-08-10T15:47:42.5571292+09:00,387.978358,388.478358,29,29,-0.102993,0.011631,0.000059,0.000078,-0.000023,0.011702,0
20260810_154114_079,1,Unspecified,701,2026-08-10T15:47:42.5571292+09:00,2026-08-10T15:47:43.0571292+09:00,388.478358,388.978358,30,30,-0.093262,0.001725,0.000093,0.000431,-0.000048,0.022886,0
20260810_154114_079,1,Unspecified,702,2026-08-10T15:47:43.0571292+09:00,2026-08-10T15:47:43.5571292+09:00,388.978358,389.478358,30,30,-0.102947,0.018430,0.000094,0.000067,-0.000075,0.012702,0
20260810_154114_079,1,Unspecified,703,2026-08-10T15:47:43.5571292+09:00,2026-08-10T15:47:44.0571292+09:00,389.478358,389.978358,30,30,-0.094767,0.010200,0.000078,0.000232,-0.000075,0.017609,0
20260810_154114_079,1,Unspecified,704,2026-08-10T15:47:44.0571292+09:00,2026-08-10T15:47:44.5571292+09:00,389.978358,390.478358,30,30,-0.092082,0.015302,0.000002,0.000003,-0.000001,0.002246,0
20260810_154114_079,1,Unspecified,705,2026-08-10T15:47:44.5571292+09:00,2026-08-10T15:47:45.0571292+09:00,390.478358,390.978358,30,30,-0.092528,0.001858,0.000061,0.000425,-0.000037,0.022038,0
20260810_154114_079,1,Unspecified,706,2026-08-10T15:47:45.0571292+09:00,2026-08-10T15:47:45.5571292+09:00,390.978358,391.478358,30,30,-0.094431,0.012331,0.000001,0.000003,0.000000,0.002016,0
20260810_154114_079,1,Unspecified,707,2026-08-10T15:47:45.5571292+09:00,2026-08-10T15:47:46.0571292+09:00,391.478358,391.978358,30,30,-0.099855,0.008377,0.000025,0.000281,-0.000015,0.017481,0
20260810_154114_079,1,Unspecified,708,2026-08-10T15:47:46.0571292+09:00,2026-08-10T15:47:46.5571292+09:00,391.978358,392.478358,30,30,-0.092655,0.000594,0.000029,0.000462,-0.000068,0.022151,0
20260810_154114_079,1,Unspecified,709,2026-08-10T15:47:46.5571292+09:00,2026-08-10T15:47:47.0571292+09:00,392.478358,392.978358,30,30,-0.090767,0.007699,0.000002,0.000004,0.000000,0.002334,0
20260810_154114_079,1,Unspecified,710,2026-08-10T15:47:47.0571292+09:00,2026-08-10T15:47:47.5571292+09:00,392.978358,393.478358,30,30,-0.093439,0.012485,0.000037,0.000022,-0.000025,0.007682,0
20260810_154114_079,1,Unspecified,711,2026-08-10T15:47:47.5571292+09:00,2026-08-10T15:47:48.0571292+09:00,393.478358,393.978358,30,30,-0.113714,0.015452,0.000020,0.000273,-0.000037,0.017117,0
20260810_154114_079,1,Unspecified,712,2026-08-10T15:47:48.0571292+09:00,2026-08-10T15:47:48.5571292+09:00,393.978358,394.478358,30,30,-0.114451,0.026150,0.000003,0.000004,0.000000,0.002581,0
20260810_154114_079,1,Unspecified,713,2026-08-10T15:47:48.5571292+09:00,2026-08-10T15:47:49.0571292+09:00,394.478358,394.978358,30,30,-0.106436,0.019779,0.000025,0.000017,-0.000016,0.006469,0
20260810_154114_079,1,Unspecified,714,2026-08-10T15:47:49.0571292+09:00,2026-08-10T15:47:49.5571292+09:00,394.978358,395.478358,30,30,-0.100365,0.017731,0.000008,0.000005,-0.000001,0.003522,0
20260810_154114_079,1,Unspecified,715,2026-08-10T15:47:49.5571292+09:00,2026-08-10T15:47:50.0571292+09:00,395.478358,395.978358,30,30,-0.092716,-0.000744,0.000042,0.000665,-0.000053,0.026601,0
20260810_154114_079,1,Unspecified,716,2026-08-10T15:47:50.0571292+09:00,2026-08-10T15:47:50.5571292+09:00,395.978358,396.478358,30,30,-0.090398,0.012902,0.000007,0.000302,-0.000035,0.017575,0
20260810_154114_079,1,Unspecified,717,2026-08-10T15:47:50.5571292+09:00,2026-08-10T15:47:51.0571292+09:00,396.478358,396.978358,30,30,-0.088675,0.017629,0.000002,0.000006,-0.000001,0.002808,0
20260810_154114_079,1,Unspecified,718,2026-08-10T15:47:51.0571292+09:00,2026-08-10T15:47:51.5571292+09:00,396.978358,397.478358,30,30,-0.088267,0.016802,0.000003,0.000007,-0.000001,0.003170,0
20260810_154114_079,1,Unspecified,719,2026-08-10T15:47:51.5571292+09:00,2026-08-10T15:47:52.0571292+09:00,397.478358,397.978358,30,30,-0.088303,0.016572,0.000003,0.000009,-0.000001,0.003597,0
20260810_154114_079,1,Unspecified,720,2026-08-10T15:47:52.0571292+09:00,2026-08-10T15:47:52.5571292+09:00,397.978358,398.478358,30,30,-0.102762,0.001469,0.000098,0.000406,0.000014,0.022459,0
20260810_154114_079,1,Unspecified,721,2026-08-10T15:47:52.5571292+09:00,2026-08-10T15:47:53.0571292+09:00,398.478358,398.978358,31,31,-0.093048,0.018043,0.000001,0.000005,-0.000001,0.002563,0
20260810_154114_079,1,Unspecified,722,2026-08-10T15:47:53.0571292+09:00,2026-08-10T15:47:53.5571292+09:00,398.978358,399.478358,29,29,-0.090214,0.019274,0.000002,0.000008,0.000001,0.003247,0
20260810_154114_079,1,Unspecified,723,2026-08-10T15:47:53.5571292+09:00,2026-08-10T15:47:54.0571292+09:00,399.478358,399.978358,30,30,-0.101381,0.016691,0.000062,0.000042,0.000022,0.010243,0
20260810_154114_079,1,Unspecified,724,2026-08-10T15:47:54.0571292+09:00,2026-08-10T15:47:54.5571292+09:00,399.978358,400.478358,30,30,-0.106695,0.010878,0.000036,0.000452,-0.000069,0.022087,0
20260810_154114_079,1,Unspecified,725,2026-08-10T15:47:54.5571292+09:00,2026-08-10T15:47:55.0571292+09:00,400.478358,400.978358,30,30,-0.107971,0.015758,0.000096,0.000410,-0.000057,0.022477,0
20260810_154114_079,1,Unspecified,726,2026-08-10T15:47:55.0571292+09:00,2026-08-10T15:47:55.5571292+09:00,400.978358,401.478358,30,30,-0.101886,0.014000,0.000017,0.000487,-0.000076,0.022443,0
20260810_154114_079,1,Unspecified,727,2026-08-10T15:47:55.5571292+09:00,2026-08-10T15:47:56.0571292+09:00,401.478358,401.978358,30,30,-0.097879,0.009099,0.000080,0.000468,-0.000075,0.023422,0
20260810_154114_079,1,Unspecified,728,2026-08-10T15:47:56.0571292+09:00,2026-08-10T15:47:56.5571292+09:00,401.978358,402.478358,30,30,-0.093277,0.002577,0.000037,0.000706,-0.000001,0.027254,0
20260810_154114_079,1,Unspecified,729,2026-08-10T15:47:56.5571292+09:00,2026-08-10T15:47:57.0571292+09:00,402.478358,402.978358,30,30,-0.094429,0.013490,0.000003,0.000003,-0.000002,0.002454,0
20260810_154114_079,1,Unspecified,730,2026-08-10T15:47:57.0571292+09:00,2026-08-10T15:47:57.5571292+09:00,402.978358,403.478358,30,30,-0.097282,0.013194,0.000002,0.000003,0.000000,0.002023,0
20260810_154114_079,1,Unspecified,731,2026-08-10T15:47:57.5571292+09:00,2026-08-10T15:47:58.0571292+09:00,403.478358,403.978358,30,30,-0.099850,0.002655,0.000103,0.000324,-0.000052,0.020665,0
20260810_154114_079,1,Unspecified,732,2026-08-10T15:47:58.0571292+09:00,2026-08-10T15:47:58.5571292+09:00,403.978358,404.478358,30,30,-0.099540,0.005717,0.000261,0.000286,-0.000011,0.023395,0
20260810_154114_079,1,Unspecified,733,2026-08-10T15:47:58.5571292+09:00,2026-08-10T15:47:59.0571292+09:00,404.478358,404.978358,31,31,-0.092438,0.016662,0.000004,0.000005,-0.000002,0.002933,0
20260810_154114_079,1,Unspecified,734,2026-08-10T15:47:59.0571292+09:00,2026-08-10T15:47:59.5571292+09:00,404.978358,405.478358,30,30,-0.094857,0.007448,0.000007,0.000490,-0.000017,0.022282,0
20260810_154114_079,1,Unspecified,735,2026-08-10T15:47:59.5571292+09:00,2026-08-10T15:48:00.0571292+09:00,405.478358,405.978358,29,29,-0.098835,0.001936,0.000053,0.000512,0.000039,0.023761,0
20260810_154114_079,1,Unspecified,736,2026-08-10T15:48:00.0571292+09:00,2026-08-10T15:48:00.5571292+09:00,405.978358,406.478358,30,30,-0.099805,0.004063,0.000139,0.000309,-0.000058,0.021170,0
20260810_154114_079,1,Unspecified,737,2026-08-10T15:48:00.5571292+09:00,2026-08-10T15:48:01.0571292+09:00,406.478358,406.978358,30,30,-0.095085,-0.000128,0.000061,0.000445,-0.000100,0.022509,0
20260810_154114_079,1,Unspecified,738,2026-08-10T15:48:01.0571292+09:00,2026-08-10T15:48:01.5571292+09:00,406.978358,407.478358,30,30,-0.089860,0.014084,0.000003,0.000003,-0.000001,0.002271,0
20260810_154114_079,1,Unspecified,739,2026-08-10T15:48:01.5571292+09:00,2026-08-10T15:48:02.0571292+09:00,407.478358,407.978358,30,30,-0.108475,-0.003284,0.000152,0.000727,-0.000043,0.029651,0
20260810_154114_079,1,Unspecified,740,2026-08-10T15:48:02.0571292+09:00,2026-08-10T15:48:02.5571292+09:00,407.978358,408.478358,30,30,-0.096726,0.006287,0.000101,0.000175,0.000035,0.016625,0
20260810_154114_079,1,Unspecified,741,2026-08-10T15:48:02.5571292+09:00,2026-08-10T15:48:03.0571292+09:00,408.478358,408.978358,30,30,-0.104115,0.009886,0.000002,0.000015,-0.000001,0.004071,0
20260810_154114_079,1,Unspecified,742,2026-08-10T15:48:03.0571292+09:00,2026-08-10T15:48:03.5571292+09:00,408.978358,409.478358,30,30,-0.103914,0.011592,0.000002,0.000002,0.000000,0.002027,0
20260810_154114_079,1,Unspecified,743,2026-08-10T15:48:03.5571292+09:00,2026-08-10T15:48:04.0571292+09:00,409.478358,409.978358,30,30,-0.099483,-0.006373,0.000147,0.000734,-0.000129,0.029683,0
20260810_154114_079,1,Unspecified,744,2026-08-10T15:48:04.0571292+09:00,2026-08-10T15:48:04.5571292+09:00,409.978358,410.478358,30,30,-0.099011,0.008822,0.000044,0.000689,-0.000137,0.027067,0
20260810_154114_079,1,Unspecified,745,2026-08-10T15:48:04.5571292+09:00,2026-08-10T15:48:05.0571292+09:00,410.478358,410.978358,30,30,-0.093775,0.005056,0.000013,0.000266,0.000018,0.016728,0
20260810_154114_079,1,Unspecified,746,2026-08-10T15:48:05.0571292+09:00,2026-08-10T15:48:05.5571292+09:00,410.978358,411.478358,30,30,-0.097003,0.017046,0.000005,0.000005,-0.000002,0.003127,0
20260810_154114_079,1,Unspecified,747,2026-08-10T15:48:05.5571292+09:00,2026-08-10T15:48:06.0571292+09:00,411.478358,411.978358,30,30,-0.106591,0.016332,0.000081,0.000229,-0.000069,0.017615,0
20260810_154114_079,1,Unspecified,748,2026-08-10T15:48:06.0571292+09:00,2026-08-10T15:48:06.5571292+09:00,411.978358,412.478358,30,30,-0.112936,0.012127,0.000164,0.000199,0.000116,0.019065,0
20260810_154114_079,1,Unspecified,749,2026-08-10T15:48:06.5571292+09:00,2026-08-10T15:48:07.0571292+09:00,412.478358,412.978358,30,30,-0.107148,-0.005150,0.000113,0.000411,-0.000040,0.022902,0
20260810_154114_079,1,Unspecified,750,2026-08-10T15:48:07.0571292+09:00,2026-08-10T15:48:07.5571292+09:00,412.978358,413.478358,30,30,-0.105953,0.007091,0.000043,0.000274,-0.000026,0.017819,0
20260810_154114_079,1,Unspecified,751,2026-08-10T15:48:07.5571292+09:00,2026-08-10T15:48:08.0571292+09:00,413.478358,413.978358,30,30,-0.099515,0.009226,0.000048,0.000226,-0.000038,0.016553,0
20260810_154114_079,1,Unspecified,752,2026-08-10T15:48:08.0571292+09:00,2026-08-10T15:48:08.5571292+09:00,413.978358,414.478358,30,30,-0.099293,0.006475,0.000041,0.000158,-0.000021,0.014110,0
20260810_154114_079,1,Unspecified,753,2026-08-10T15:48:08.5571292+09:00,2026-08-10T15:48:09.0571292+09:00,414.478358,414.978358,30,30,-0.100988,0.010705,0.000002,0.000003,0.000002,0.002200,0
20260810_154114_079,1,Unspecified,754,2026-08-10T15:48:09.0571292+09:00,2026-08-10T15:48:09.5571292+09:00,414.978358,415.478358,30,30,-0.100848,0.011356,0.000003,0.000028,0.000003,0.005556,0
20260810_154114_079,1,Unspecified,755,2026-08-10T15:48:09.5571292+09:00,2026-08-10T15:48:10.0571292+09:00,415.478358,415.978358,30,30,-0.108105,-0.005178,0.000226,0.000282,0.000030,0.022528,0
20260810_154114_079,1,Unspecified,756,2026-08-10T15:48:10.0571292+09:00,2026-08-10T15:48:10.5571292+09:00,415.978358,416.478358,31,31,-0.103850,0.006170,0.000065,0.000136,-0.000021,0.014178,0
20260810_154114_079,1,Unspecified,757,2026-08-10T15:48:10.5571292+09:00,2026-08-10T15:48:11.0571292+09:00,416.478358,416.978358,29,29,-0.099729,0.005188,0.000059,0.000271,-0.000079,0.018179,0
20260810_154114_079,1,Unspecified,758,2026-08-10T15:48:11.0571292+09:00,2026-08-10T15:48:11.5571292+09:00,416.978358,417.478358,31,31,-0.101788,0.009768,0.000002,0.000002,-0.000001,0.002015,0
20260810_154114_079,1,Unspecified,759,2026-08-10T15:48:11.5571292+09:00,2026-08-10T15:48:12.0571292+09:00,417.478358,417.978358,29,29,-0.113968,0.012806,0.000030,0.000432,-0.000081,0.021497,0
20260810_154114_079,1,Unspecified,760,2026-08-10T15:48:12.0571292+09:00,2026-08-10T15:48:12.5571292+09:00,417.978358,418.478358,30,30,-0.114289,0.024075,0.000001,0.000002,0.000000,0.001655,0
20260810_154114_079,1,Unspecified,761,2026-08-10T15:48:12.5571292+09:00,2026-08-10T15:48:13.0571292+09:00,418.478358,418.978358,30,30,-0.111623,0.003494,0.000137,0.000532,-0.000119,0.025865,0
20260810_154114_079,1,Unspecified,762,2026-08-10T15:48:13.0571292+09:00,2026-08-10T15:48:13.5571292+09:00,418.978358,419.478358,30,30,-0.105669,0.016042,0.000001,0.000006,-0.000002,0.002748,0
20260810_154114_079,1,Unspecified,763,2026-08-10T15:48:13.5571292+09:00,2026-08-10T15:48:14.0571292+09:00,419.478358,419.978358,30,30,-0.101713,0.009122,0.000043,0.000246,-0.000012,0.017003,0
20260810_154114_079,1,Unspecified,764,2026-08-10T15:48:14.0571292+09:00,2026-08-10T15:48:14.5571292+09:00,419.978358,420.478358,30,30,-0.104624,-0.001723,0.000139,0.000354,-0.000025,0.022208,0
20260810_154114_079,1,Unspecified,765,2026-08-10T15:48:14.5571292+09:00,2026-08-10T15:48:15.0571292+09:00,420.478358,420.978358,30,30,-0.095421,0.009717,0.000006,0.000005,0.000000,0.003203,0
20260810_154114_079,1,Unspecified,766,2026-08-10T15:48:15.0571292+09:00,2026-08-10T15:48:15.5571292+09:00,420.978358,421.478358,30,30,-0.098349,0.011463,0.000006,0.000004,0.000000,0.003177,0
20260810_154114_079,1,Unspecified,767,2026-08-10T15:48:15.5571292+09:00,2026-08-10T15:48:16.0571292+09:00,421.478358,421.978358,30,30,-0.098377,0.003134,0.000111,0.000482,0.000001,0.024355,0
20260810_154114_079,1,Unspecified,768,2026-08-10T15:48:16.0571292+09:00,2026-08-10T15:48:16.5571292+09:00,421.978358,422.478358,31,31,-0.097709,0.004344,0.000486,0.000321,0.000073,0.028407,0
20260810_154114_079,1,Unspecified,769,2026-08-10T15:48:16.5571292+09:00,2026-08-10T15:48:17.0571292+09:00,422.478358,422.978358,30,30,-0.102822,0.012610,0.000183,0.000279,-0.000007,0.021492,0
20260810_154114_079,1,Unspecified,770,2026-08-10T15:48:17.0571292+09:00,2026-08-10T15:48:17.5571292+09:00,422.978358,423.478358,29,29,-0.101927,0.022356,0.000002,0.000002,-0.000001,0.001955,0
20260810_154114_079,1,Unspecified,771,2026-08-10T15:48:17.5571292+09:00,2026-08-10T15:48:18.0571292+09:00,423.478358,423.978358,30,30,-0.102307,0.009380,0.000190,0.000229,-0.000010,0.020479,0
20260810_154114_079,1,Unspecified,772,2026-08-10T15:48:18.0571292+09:00,2026-08-10T15:48:18.5571292+09:00,423.978358,424.478358,30,30,-0.089241,0.001595,0.000057,0.000416,-0.000107,0.021745,0
20260810_154114_079,1,Unspecified,773,2026-08-10T15:48:18.5571292+09:00,2026-08-10T15:48:19.0571292+09:00,424.478358,424.978358,30,30,-0.098057,0.000922,0.000115,0.000305,-0.000086,0.020506,0
20260810_154114_079,1,Unspecified,774,2026-08-10T15:48:19.0571292+09:00,2026-08-10T15:48:19.5571292+09:00,424.978358,425.478358,30,30,-0.099158,0.010479,0.000013,0.000036,-0.000020,0.007023,0
20260810_154114_079,1,Unspecified,775,2026-08-10T15:48:19.5571292+09:00,2026-08-10T15:48:20.0571292+09:00,425.478358,425.978358,30,30,-0.100611,0.011254,0.000063,0.000134,-0.000004,0.014026,0
20260810_154114_079,1,Unspecified,776,2026-08-10T15:48:20.0571292+09:00,2026-08-10T15:48:20.5571292+09:00,425.978358,426.478358,30,30,-0.094599,0.004492,0.000129,0.000460,-0.000065,0.024260,0
20260810_154114_079,1,Unspecified,777,2026-08-10T15:48:20.5571292+09:00,2026-08-10T15:48:21.0571292+09:00,426.478358,426.978358,30,30,-0.101676,0.015933,0.000003,0.000003,-0.000001,0.002395,0
20260810_154114_079,1,Unspecified,778,2026-08-10T15:48:21.0571292+09:00,2026-08-10T15:48:21.5571292+09:00,426.978358,427.478358,30,30,-0.103552,0.012342,0.000030,0.000029,-0.000008,0.007716,0
20260810_154114_079,1,Unspecified,779,2026-08-10T15:48:21.5571292+09:00,2026-08-10T15:48:22.0571292+09:00,427.478358,427.978358,30,30,-0.095374,0.003958,0.000043,0.000390,-0.000084,0.020818,0
20260810_154114_079,1,Unspecified,780,2026-08-10T15:48:22.0571292+09:00,2026-08-10T15:48:22.5571292+09:00,427.978358,428.478358,31,31,-0.098671,-0.002811,0.000319,0.000556,-0.000049,0.029585,0
20260810_154114_079,1,Unspecified,781,2026-08-10T15:48:22.5571292+09:00,2026-08-10T15:48:23.0571292+09:00,428.478358,428.978358,29,29,-0.102347,0.021420,0.000002,0.000006,0.000000,0.002785,0
20260810_154114_079,1,Unspecified,782,2026-08-10T15:48:23.0571292+09:00,2026-08-10T15:48:23.5571292+09:00,428.978358,429.478358,30,30,-0.102097,0.018748,0.000002,0.000004,-0.000001,0.002415,0
20260810_154114_079,1,Unspecified,783,2026-08-10T15:48:23.5571292+09:00,2026-08-10T15:48:24.0571292+09:00,429.478358,429.978358,30,30,-0.105659,0.014035,0.000016,0.000150,0.000046,0.012887,0
20260810_154114_079,1,Unspecified,784,2026-08-10T15:48:24.0571292+09:00,2026-08-10T15:48:24.5571292+09:00,429.978358,430.478358,30,30,-0.123975,0.019267,0.000016,0.000333,-0.000051,0.018686,0
20260810_154114_079,1,Unspecified,785,2026-08-10T15:48:24.5571292+09:00,2026-08-10T15:48:25.0571292+09:00,430.478358,430.978358,30,30,-0.099832,0.001412,0.000165,0.000363,-0.000058,0.022988,0
20260810_154114_079,1,Unspecified,786,2026-08-10T15:48:25.0571292+09:00,2026-08-10T15:48:25.5571292+09:00,430.978358,431.478358,30,30,-0.093575,0.010009,0.000054,0.000018,0.000012,0.008475,0
20260810_154114_079,1,Unspecified,787,2026-08-10T15:48:25.5571292+09:00,2026-08-10T15:48:26.0571292+09:00,431.478358,431.978358,30,30,-0.099501,-0.001943,0.000319,0.000621,-0.000221,0.030663,0
20260810_154114_079,1,Unspecified,788,2026-08-10T15:48:26.0571292+09:00,2026-08-10T15:48:26.5571292+09:00,431.978358,432.478358,30,30,-0.090674,-0.000132,0.000056,0.000565,-0.000073,0.024932,0
20260810_154114_079,1,Unspecified,789,2026-08-10T15:48:26.5571292+09:00,2026-08-10T15:48:27.0571292+09:00,432.478358,432.978358,30,30,-0.089190,0.011682,0.000002,0.000004,-0.000001,0.002459,0
20260810_154114_079,1,Unspecified,790,2026-08-10T15:48:27.0571292+09:00,2026-08-10T15:48:27.5571292+09:00,432.978358,433.478358,30,30,-0.090580,0.012893,0.000003,0.000003,0.000001,0.002396,0
20260810_154114_079,1,Unspecified,791,2026-08-10T15:48:27.5571292+09:00,2026-08-10T15:48:28.0571292+09:00,433.478358,433.978358,30,30,-0.096417,0.000713,0.000070,0.000583,0.000042,0.025561,0
20260810_154114_079,1,Unspecified,792,2026-08-10T15:48:28.0571292+09:00,2026-08-10T15:48:28.5571292+09:00,433.978358,434.478358,30,30,-0.105514,0.000941,0.000140,0.000343,-0.000091,0.021976,0
20260810_154114_079,1,Unspecified,793,2026-08-10T15:48:28.5571292+09:00,2026-08-10T15:48:29.0571292+09:00,434.478358,434.978358,30,30,-0.092883,0.009042,0.000031,0.000281,-0.000024,0.017671,0
20260810_154114_079,1,Unspecified,794,2026-08-10T15:48:29.0571292+09:00,2026-08-10T15:48:29.5571292+09:00,434.978358,435.478358,30,30,-0.094322,0.014230,0.000004,0.000003,0.000000,0.002589,0
20260810_154114_079,1,Unspecified,795,2026-08-10T15:48:29.5571292+09:00,2026-08-10T15:48:30.0571292+09:00,435.478358,435.978358,30,30,-0.097406,0.012922,0.000069,0.000187,-0.000021,0.016004,0
20260810_154114_079,1,Unspecified,796,2026-08-10T15:48:30.0571292+09:00,2026-08-10T15:48:30.5571292+09:00,435.978358,436.478358,30,30,-0.092681,0.017249,0.000001,0.000004,-0.000001,0.002285,0
20260810_154114_079,1,Unspecified,797,2026-08-10T15:48:30.5571292+09:00,2026-08-10T15:48:31.0571292+09:00,436.478358,436.978358,30,30,-0.089696,0.015890,0.000050,0.000010,-0.000020,0.007781,0
20260810_154114_079,1,Unspecified,798,2026-08-10T15:48:31.0571292+09:00,2026-08-10T15:48:31.5571292+09:00,436.978358,437.478358,30,30,-0.081731,0.006772,0.000072,0.000101,0.000066,0.013140,0
20260810_154114_079,1,Unspecified,799,2026-08-10T15:48:31.5571292+09:00,2026-08-10T15:48:32.0571292+09:00,437.478358,437.978358,30,30,-0.094911,0.008627,0.000020,0.000368,0.000017,0.019713,0
20260810_154114_079,1,Unspecified,800,2026-08-10T15:48:32.0571292+09:00,2026-08-10T15:48:32.5571292+09:00,437.978358,438.478358,30,30,-0.088865,0.008396,0.000052,0.000304,-0.000018,0.018868,0
20260810_154114_079,1,Unspecified,801,2026-08-10T15:48:32.5571292+09:00,2026-08-10T15:48:33.0571292+09:00,438.478358,438.978358,30,30,-0.090269,0.003414,0.000010,0.000299,-0.000036,0.017583,0
20260810_154114_079,1,Unspecified,802,2026-08-10T15:48:33.0571292+09:00,2026-08-10T15:48:33.5571292+09:00,438.978358,439.478358,30,30,-0.091624,0.012673,0.000003,0.000005,0.000000,0.002857,0
20260810_154114_079,1,Unspecified,803,2026-08-10T15:48:33.5571292+09:00,2026-08-10T15:48:34.0571292+09:00,439.478358,439.978358,30,30,-0.106178,0.013361,0.000066,0.000249,-0.000010,0.017756,0
20260810_154114_079,1,Unspecified,804,2026-08-10T15:48:34.0571292+09:00,2026-08-10T15:48:34.5571292+09:00,439.978358,440.478358,30,30,-0.086693,0.000136,0.000119,0.000641,-0.000086,0.027564,0
20260810_154114_079,1,Unspecified,805,2026-08-10T15:48:34.5571292+09:00,2026-08-10T15:48:35.0571292+09:00,440.478358,440.978358,31,31,-0.092384,0.009316,0.000060,0.000345,-0.000040,0.020144,0
20260810_154114_079,1,Unspecified,806,2026-08-10T15:48:35.0571292+09:00,2026-08-10T15:48:35.5571292+09:00,440.978358,441.478358,29,29,-0.094894,0.017292,0.000003,0.000004,0.000000,0.002705,0
20260810_154114_079,1,Unspecified,807,2026-08-10T15:48:35.5571292+09:00,2026-08-10T15:48:36.0571292+09:00,441.478358,441.978358,30,30,-0.119678,0.017783,0.000033,0.000380,-0.000067,0.020313,0
20260810_154114_079,1,Unspecified,808,2026-08-10T15:48:36.0571292+09:00,2026-08-10T15:48:36.5571292+09:00,441.978358,442.478358,30,30,-0.112447,0.023355,0.000384,0.000066,-0.000126,0.021216,0
20260810_154114_079,1,Unspecified,809,2026-08-10T15:48:36.5571292+09:00,2026-08-10T15:48:37.0571292+09:00,442.478358,442.978358,30,30,-0.090664,0.003778,0.000074,0.000228,-0.000049,0.017379,0
20260810_154114_079,1,Unspecified,810,2026-08-10T15:48:37.0571292+09:00,2026-08-10T15:48:37.5571292+09:00,442.978358,443.478358,30,30,-0.096370,0.009139,0.000002,0.000004,0.000000,0.002440,0
20260810_154114_079,1,Unspecified,811,2026-08-10T15:48:37.5571292+09:00,2026-08-10T15:48:38.0571292+09:00,443.478358,443.978358,30,30,-0.098203,0.008956,0.000034,0.000129,-0.000030,0.012785,0
20260810_154114_079,1,Unspecified,812,2026-08-10T15:48:38.0571292+09:00,2026-08-10T15:48:38.5571292+09:00,443.978358,444.478358,30,30,-0.096885,0.007995,0.000022,0.000244,-0.000053,0.016319,0
20260810_154114_079,1,Unspecified,813,2026-08-10T15:48:38.5571292+09:00,2026-08-10T15:48:39.0571292+09:00,444.478358,444.978358,30,30,-0.099246,0.014810,0.000002,0.000003,0.000000,0.002278,0
20260810_154114_079,1,Unspecified,814,2026-08-10T15:48:39.0571292+09:00,2026-08-10T15:48:39.5571292+09:00,444.978358,445.478358,30,30,-0.099651,0.018078,0.000029,0.000005,-0.000004,0.005902,0
20260810_154114_079,1,Unspecified,815,2026-08-10T15:48:39.5571292+09:00,2026-08-10T15:48:40.0571292+09:00,445.478358,445.978358,31,31,-0.099619,0.007026,0.000257,0.000467,-0.000122,0.026908,0
20260810_154114_079,1,Unspecified,816,2026-08-10T15:48:40.0571292+09:00,2026-08-10T15:48:40.5571292+09:00,445.978358,446.478358,30,30,-0.106852,0.008706,0.000110,0.000335,-0.000046,0.021084,0
20260810_154114_079,1,Unspecified,817,2026-08-10T15:48:40.5571292+09:00,2026-08-10T15:48:41.0571292+09:00,446.478358,446.978358,30,30,-0.108547,0.015380,0.000046,0.000364,0.000020,0.020251,0
20260810_154114_079,1,Unspecified,818,2026-08-10T15:48:41.0571292+09:00,2026-08-10T15:48:41.5571292+09:00,446.978358,447.478358,29,29,-0.106061,0.027903,0.000003,0.000003,-0.000002,0.002622,0
20260810_154114_079,1,Unspecified,819,2026-08-10T15:48:41.5571292+09:00,2026-08-10T15:48:42.0571292+09:00,447.478358,447.978358,30,30,-0.112453,0.020167,0.000062,0.000232,-0.000026,0.017148,0
20260810_154114_079,1,Unspecified,820,2026-08-10T15:48:42.0571292+09:00,2026-08-10T15:48:42.5571292+09:00,447.978358,448.478358,30,30,-0.105470,0.013270,0.000158,0.000551,-0.000219,0.026623,0
20260810_154114_079,1,Unspecified,821,2026-08-10T15:48:42.5571292+09:00,2026-08-10T15:48:43.0571292+09:00,448.478358,448.978358,30,30,-0.097448,0.005659,0.000100,0.000322,0.000014,0.020554,0
20260810_154114_079,1,Unspecified,822,2026-08-10T15:48:43.0571292+09:00,2026-08-10T15:48:43.5571292+09:00,448.978358,449.478358,30,30,-0.107523,0.018190,0.000004,0.000009,-0.000003,0.003613,0
20260810_154114_079,1,Unspecified,823,2026-08-10T15:48:43.5571292+09:00,2026-08-10T15:48:44.0571292+09:00,449.478358,449.978358,30,30,-0.092719,0.007952,0.000092,0.000174,-0.000045,0.016322,0
20260810_154114_079,1,Unspecified,824,2026-08-10T15:48:44.0571292+09:00,2026-08-10T15:48:44.5571292+09:00,449.978358,450.478358,30,30,-0.093412,0.004915,0.000026,0.000406,-0.000016,0.020791,0
20260810_154114_079,1,Unspecified,825,2026-08-10T15:48:44.5571292+09:00,2026-08-10T15:48:45.0571292+09:00,450.478358,450.978358,30,30,-0.094876,0.008391,0.000035,0.000393,-0.000078,0.020689,0
20260810_154114_079,1,Unspecified,826,2026-08-10T15:48:45.0571292+09:00,2026-08-10T15:48:45.5571292+09:00,450.978358,451.478358,30,30,-0.095225,0.017953,0.000001,0.000004,-0.000001,0.002288,0
20260810_154114_079,1,Unspecified,827,2026-08-10T15:48:45.5571292+09:00,2026-08-10T15:48:46.0571292+09:00,451.478358,451.978358,30,30,-0.099738,0.010680,0.000120,0.000149,-0.000053,0.016416,0
20260810_154114_079,1,Unspecified,828,2026-08-10T15:48:46.0571292+09:00,2026-08-10T15:48:46.5571292+09:00,451.978358,452.478358,30,30,-0.096108,0.005932,0.000071,0.000118,-0.000059,0.013743,0
20260810_154114_079,1,Unspecified,829,2026-08-10T15:48:46.5571292+09:00,2026-08-10T15:48:47.0571292+09:00,452.478358,452.978358,30,30,-0.090387,0.016007,0.000004,0.000138,-0.000008,0.011891,0
20260810_154114_079,1,Unspecified,830,2026-08-10T15:48:47.0571292+09:00,2026-08-10T15:48:47.5571292+09:00,452.978358,453.478358,30,30,-0.098987,0.023225,0.000002,0.000017,-0.000004,0.004427,0
20260810_154114_079,1,Unspecified,831,2026-08-10T15:48:47.5571292+09:00,2026-08-10T15:48:48.0571292+09:00,453.478358,453.978358,30,30,-0.094435,0.010087,0.000032,0.000163,-0.000032,0.013960,0
20260810_154114_079,1,Unspecified,832,2026-08-10T15:48:48.0571292+09:00,2026-08-10T15:48:48.5571292+09:00,453.978358,454.478358,30,30,-0.108087,0.006031,0.000130,0.000309,-0.000050,0.020952,0
20260810_154114_079,1,Unspecified,833,2026-08-10T15:48:48.5571292+09:00,2026-08-10T15:48:49.0571292+09:00,454.478358,454.978358,30,30,-0.099752,0.011437,0.000054,0.000139,-0.000021,0.013912,0
20260810_154114_079,1,Unspecified,834,2026-08-10T15:48:49.0571292+09:00,2026-08-10T15:48:49.5571292+09:00,454.978358,455.478358,30,30,-0.105004,0.020356,0.000001,0.000004,0.000000,0.002315,0
20260810_154114_079,1,Unspecified,835,2026-08-10T15:48:49.5571292+09:00,2026-08-10T15:48:50.0571292+09:00,455.478358,455.978358,30,30,-0.096944,0.006009,0.000091,0.000206,-0.000077,0.017229,0
20260810_154114_079,1,Unspecified,836,2026-08-10T15:48:50.0571292+09:00,2026-08-10T15:48:50.5571292+09:00,455.978358,456.478358,30,30,-0.096293,0.001463,0.000082,0.000240,-0.000047,0.017957,0
20260810_154114_079,1,Unspecified,837,2026-08-10T15:48:50.5571292+09:00,2026-08-10T15:48:51.0571292+09:00,456.478358,456.978358,30,30,-0.104256,0.008611,0.000008,0.000172,-0.000032,0.013407,0
20260810_154114_079,1,Unspecified,838,2026-08-10T15:48:51.0571292+09:00,2026-08-10T15:48:51.5571292+09:00,456.978358,457.478358,31,31,-0.102672,0.013805,0.000043,0.000034,0.000036,0.008819,0
20260810_154114_079,1,Unspecified,839,2026-08-10T15:48:51.5571292+09:00,2026-08-10T15:48:52.0571292+09:00,457.478358,457.978358,30,30,-0.094473,0.004976,0.000054,0.000413,-0.000106,0.021604,0
20260810_154114_079,1,Unspecified,840,2026-08-10T15:48:52.0571292+09:00,2026-08-10T15:48:52.5571292+09:00,457.978358,458.478358,29,29,-0.100682,0.010253,0.000055,0.000287,0.000041,0.018495,0
20260810_154114_079,1,Unspecified,841,2026-08-10T15:48:52.5571292+09:00,2026-08-10T15:48:53.0571292+09:00,458.478358,458.978358,30,30,-0.092569,0.010281,0.000192,0.000390,0.000138,0.024113,0
20260810_154114_079,1,Unspecified,842,2026-08-10T15:48:53.0571292+09:00,2026-08-10T15:48:53.5571292+09:00,458.978358,459.478358,30,30,-0.089596,0.013601,0.000003,0.000003,0.000000,0.002367,0
20260810_154114_079,1,Unspecified,843,2026-08-10T15:48:53.5571292+09:00,2026-08-10T15:48:54.0571292+09:00,459.478358,459.978358,30,30,-0.101164,0.013066,0.000201,0.000369,-0.000088,0.023874,0
20260810_154114_079,1,Unspecified,844,2026-08-10T15:48:54.0571292+09:00,2026-08-10T15:48:54.5571292+09:00,459.978358,460.478358,30,30,-0.098221,0.009250,0.000084,0.000220,-0.000027,0.017454,0
20260810_154114_079,1,Unspecified,845,2026-08-10T15:48:54.5571292+09:00,2026-08-10T15:48:55.0571292+09:00,460.478358,460.978358,30,30,-0.106790,0.022222,0.000001,0.000011,-0.000001,0.003435,0
20260810_154114_079,1,Unspecified,846,2026-08-10T15:48:55.0571292+09:00,2026-08-10T15:48:55.5571292+09:00,460.978358,461.478358,30,30,-0.105576,0.016893,0.000014,0.000266,-0.000055,0.016731,0
20260810_154114_079,1,Unspecified,847,2026-08-10T15:48:55.5571292+09:00,2026-08-10T15:48:56.0571292+09:00,461.478358,461.978358,30,30,-0.106446,0.011335,0.000122,0.000354,0.000032,0.021808,0
20260810_154114_079,1,Unspecified,848,2026-08-10T15:48:56.0571292+09:00,2026-08-10T15:48:56.5571292+09:00,461.978358,462.478358,30,30,-0.102666,0.013736,0.000101,0.000109,0.000021,0.014488,0
20260810_154114_079,1,Unspecified,849,2026-08-10T15:48:56.5571292+09:00,2026-08-10T15:48:57.0571292+09:00,462.478358,462.978358,30,30,-0.102101,0.011053,0.000029,0.000158,-0.000042,0.013690,0
20260810_154114_079,1,Unspecified,850,2026-08-10T15:48:57.0571292+09:00,2026-08-10T15:48:57.5571292+09:00,462.978358,463.478358,30,30,-0.101373,0.020051,0.000002,0.000010,-0.000001,0.003420,0
20260810_154114_079,1,Unspecified,851,2026-08-10T15:48:57.5571292+09:00,2026-08-10T15:48:58.0571292+09:00,463.478358,463.978358,30,30,-0.102717,0.017096,0.000029,0.000078,-0.000002,0.010319,0
20260810_154114_079,1,Unspecified,852,2026-08-10T15:48:58.0571292+09:00,2026-08-10T15:48:58.5571292+09:00,463.978358,464.478358,31,31,-0.105646,0.009629,0.000099,0.000171,-0.000043,0.016458,0
20260810_154114_079,1,Unspecified,853,2026-08-10T15:48:58.5571292+09:00,2026-08-10T15:48:59.0571292+09:00,464.478358,464.978358,29,29,-0.104395,0.006758,0.000033,0.000411,-0.000039,0.021055,0
20260810_154114_079,1,Unspecified,854,2026-08-10T15:48:59.0571292+09:00,2026-08-10T15:48:59.5571292+09:00,464.978358,465.478358,30,30,-0.102698,0.009260,0.000031,0.000181,-0.000016,0.014537,0
20260810_154114_079,1,Unspecified,855,2026-08-10T15:48:59.5571292+09:00,2026-08-10T15:49:00.0571292+09:00,465.478358,465.978358,30,30,-0.098763,0.010640,0.000066,0.000237,-0.000005,0.017428,0
20260810_154114_079,1,Unspecified,856,2026-08-10T15:49:00.0571292+09:00,2026-08-10T15:49:00.5571292+09:00,465.978358,466.478358,30,30,-0.094317,0.013373,0.000092,0.000019,0.000029,0.010507,0
20260810_154114_079,1,Unspecified,857,2026-08-10T15:49:00.5571292+09:00,2026-08-10T15:49:01.0571292+09:00,466.478358,466.978358,30,30,-0.104368,0.014990,0.000001,0.000133,-0.000009,0.011562,0
20260810_154114_079,1,Unspecified,858,2026-08-10T15:49:01.0571292+09:00,2026-08-10T15:49:01.5571292+09:00,466.978358,467.478358,30,30,-0.101801,0.008001,0.000050,0.000416,-0.000055,0.021602,0
20260810_154114_079,1,Unspecified,859,2026-08-10T15:49:01.5571292+09:00,2026-08-10T15:49:02.0571292+09:00,467.478358,467.978358,30,30,-0.097493,0.007952,0.000040,0.000248,-0.000017,0.016984,0
20260810_154114_079,1,Unspecified,860,2026-08-10T15:49:02.0571292+09:00,2026-08-10T15:49:02.5571292+09:00,467.978358,468.478358,30,30,-0.106889,-0.004848,0.000432,0.000551,-0.000143,0.031357,0
20260810_154114_079,1,Unspecified,861,2026-08-10T15:49:02.5571292+09:00,2026-08-10T15:49:03.0571292+09:00,468.478358,468.978358,31,31,-0.104497,0.010121,0.000001,0.000006,-0.000001,0.002757,0
20260810_154114_079,1,Unspecified,862,2026-08-10T15:49:03.0571292+09:00,2026-08-10T15:49:03.5571292+09:00,468.978358,469.478358,30,30,-0.103008,0.010277,0.000002,0.000006,0.000000,0.002885,0
20260810_154114_079,1,Unspecified,863,2026-08-10T15:49:03.5571292+09:00,2026-08-10T15:49:04.0571292+09:00,469.478358,469.978358,29,29,-0.107826,-0.003336,0.000321,0.000466,-0.000125,0.028051,0
20260810_154114_079,1,Unspecified,864,2026-08-10T15:49:04.0571292+09:00,2026-08-10T15:49:04.5571292+09:00,469.978358,470.478358,30,30,-0.099988,0.000785,0.000043,0.000293,-0.000022,0.018329,0
20260810_154114_079,1,Unspecified,865,2026-08-10T15:49:04.5571292+09:00,2026-08-10T15:49:05.0571292+09:00,470.478358,470.978358,30,30,-0.105092,0.001885,0.000052,0.000445,-0.000008,0.022309,0
20260810_154114_079,1,Unspecified,866,2026-08-10T15:49:05.0571292+09:00,2026-08-10T15:49:05.5571292+09:00,470.978358,471.478358,30,30,-0.102635,0.008154,0.000010,0.000331,0.000016,0.018482,0
20260810_154114_079,1,Unspecified,867,2026-08-10T15:49:05.5571292+09:00,2026-08-10T15:49:06.0571292+09:00,471.478358,471.978358,30,30,-0.103868,0.006888,0.000125,0.000208,-0.000052,0.018250,0
20260810_154114_079,1,Unspecified,868,2026-08-10T15:49:06.0571292+09:00,2026-08-10T15:49:06.5571292+09:00,471.978358,472.478358,30,30,-0.101044,0.015182,0.000003,0.000001,-0.000001,0.002058,0
20260810_154114_079,1,Unspecified,869,2026-08-10T15:49:06.5571292+09:00,2026-08-10T15:49:07.0571292+09:00,472.478358,472.978358,30,30,-0.077409,0.012767,0.000085,0.000003,-0.000002,0.009387,0
20260810_154114_079,1,Unspecified,870,2026-08-10T15:49:07.0571292+09:00,2026-08-10T15:49:07.5571292+09:00,472.978358,473.478358,30,30,-0.105039,0.012056,0.000061,0.000268,0.000013,0.018156,0
20260810_154114_079,1,Unspecified,871,2026-08-10T15:49:07.5571292+09:00,2026-08-10T15:49:08.0571292+09:00,473.478358,473.978358,30,30,-0.094629,-0.000908,0.000103,0.000559,-0.000146,0.025729,0
20260810_154114_079,1,Unspecified,872,2026-08-10T15:49:08.0571292+09:00,2026-08-10T15:49:08.5571292+09:00,473.978358,474.478358,30,30,-0.100726,-0.000722,0.000018,0.000236,-0.000010,0.015952,0
20260810_154114_079,1,Unspecified,873,2026-08-10T15:49:08.5571292+09:00,2026-08-10T15:49:09.0571292+09:00,474.478358,474.978358,30,30,-0.101173,-0.002250,0.000003,0.000247,-0.000010,0.015810,0
20260810_154114_079,1,Unspecified,874,2026-08-10T15:49:09.0571292+09:00,2026-08-10T15:49:09.5571292+09:00,474.978358,475.478358,30,30,-0.103754,0.003964,0.000001,0.000001,0.000000,0.001576,0
20260810_154114_079,1,Unspecified,875,2026-08-10T15:49:09.5571292+09:00,2026-08-10T15:49:10.0571292+09:00,475.478358,475.978358,30,30,-0.102347,-0.003632,0.000012,0.000209,-0.000011,0.014839,0
20260810_154114_079,1,Unspecified,876,2026-08-10T15:49:10.0571292+09:00,2026-08-10T15:49:10.5571292+09:00,475.978358,476.478358,30,30,-0.102752,-0.004144,0.000385,0.000116,-0.000028,0.022400,0
20260810_154114_079,1,Unspecified,877,2026-08-10T15:49:10.5571292+09:00,2026-08-10T15:49:11.0571292+09:00,476.478358,476.978358,30,30,-0.106222,0.001821,0.000126,0.000178,-0.000018,0.017412,0
20260810_154114_079,1,Unspecified,878,2026-08-10T15:49:11.0571292+09:00,2026-08-10T15:49:11.5571292+09:00,476.978358,477.478358,30,30,-0.103815,0.008547,0.000003,0.000003,-0.000001,0.002565,0
20260810_154114_079,1,Unspecified,879,2026-08-10T15:49:11.5571292+09:00,2026-08-10T15:49:12.0571292+09:00,477.478358,477.978358,30,30,-0.096050,0.006945,0.000046,0.000243,-0.000061,0.016985,0
20260810_154114_079,1,Unspecified,880,2026-08-10T15:49:12.0571292+09:00,2026-08-10T15:49:12.5571292+09:00,477.978358,478.478358,30,30,-0.103222,0.003390,0.000171,0.000401,-0.000101,0.023921,0
20260810_154114_079,1,Unspecified,881,2026-08-10T15:49:12.5571292+09:00,2026-08-10T15:49:13.0571292+09:00,478.478358,478.978358,30,30,-0.103723,0.015362,0.000001,0.000002,0.000000,0.001851,0
20260810_154114_079,1,Unspecified,882,2026-08-10T15:49:13.0571292+09:00,2026-08-10T15:49:13.5571292+09:00,478.978358,479.478358,30,30,-0.101531,0.013274,0.000002,0.000001,0.000000,0.001885,0
20260810_154114_079,1,Unspecified,883,2026-08-10T15:49:13.5571292+09:00,2026-08-10T15:49:14.0571292+09:00,479.478358,479.978358,30,30,-0.095449,0.000442,0.000153,0.000429,-0.000084,0.024120,0
20260810_154114_079,1,Unspecified,884,2026-08-10T15:49:14.0571292+09:00,2026-08-10T15:49:14.5571292+09:00,479.978358,480.478358,30,30,-0.091250,-0.006143,0.000026,0.000536,0.000018,0.023713,0
20260810_154114_079,1,Unspecified,885,2026-08-10T15:49:14.5571292+09:00,2026-08-10T15:49:15.0571292+09:00,480.478358,480.978358,30,30,-0.101949,0.010319,0.000004,0.000013,-0.000005,0.004081,0
20260810_154114_079,1,Unspecified,886,2026-08-10T15:49:15.0571292+09:00,2026-08-10T15:49:15.5571292+09:00,480.978358,481.478358,30,30,-0.104066,0.012748,0.000022,0.000011,0.000013,0.005749,0
20260810_154114_079,1,Unspecified,887,2026-08-10T15:49:15.5571292+09:00,2026-08-10T15:49:16.0571292+09:00,481.478358,481.978358,30,30,-0.095094,0.002425,0.000011,0.000224,-0.000007,0.015335,0
20260810_154114_079,1,Unspecified,888,2026-08-10T15:49:16.0571292+09:00,2026-08-10T15:49:16.5571292+09:00,481.978358,482.478358,30,30,-0.101126,-0.004838,0.000258,0.000260,-0.000066,0.022759,0
20260810_154114_079,1,Unspecified,889,2026-08-10T15:49:16.5571292+09:00,2026-08-10T15:49:17.0571292+09:00,482.478358,482.978358,30,30,-0.095103,0.006598,0.000001,0.000001,0.000000,0.001457,0
20260810_154114_079,1,Unspecified,890,2026-08-10T15:49:17.0571292+09:00,2026-08-10T15:49:17.5571292+09:00,482.978358,483.478358,30,30,-0.100592,0.006235,0.000018,0.000347,0.000060,0.019119,0
20260810_154114_079,1,Unspecified,891,2026-08-10T15:49:17.5571292+09:00,2026-08-10T15:49:18.0571292+09:00,483.478358,483.978358,30,30,-0.101608,0.004417,0.000020,0.000389,-0.000032,0.020205,0
20260810_154114_079,1,Unspecified,892,2026-08-10T15:49:18.0571292+09:00,2026-08-10T15:49:18.5571292+09:00,483.978358,484.478358,30,30,-0.113629,0.012667,0.000004,0.000044,0.000009,0.006923,0
20260810_154114_079,1,Unspecified,893,2026-08-10T15:49:18.5571292+09:00,2026-08-10T15:49:19.0571292+09:00,484.478358,484.978358,30,30,-0.095503,0.000520,0.000097,0.000385,-0.000093,0.021957,0
20260810_154114_079,1,Unspecified,894,2026-08-10T15:49:19.0571292+09:00,2026-08-10T15:49:19.5571292+09:00,484.978358,485.478358,30,30,-0.099205,0.010294,0.000017,0.000041,0.000023,0.007580,0
20260810_154114_079,1,Unspecified,895,2026-08-10T15:49:19.5571292+09:00,2026-08-10T15:49:20.0571292+09:00,485.478358,485.978358,30,30,-0.105440,0.004273,0.000091,0.000315,0.000057,0.020148,0
20260810_154114_079,1,Unspecified,896,2026-08-10T15:49:20.0571292+09:00,2026-08-10T15:49:20.5571292+09:00,485.978358,486.478358,30,30,-0.095251,0.001683,0.000174,0.000520,-0.000088,0.026354,0
20260810_154114_079,1,Unspecified,897,2026-08-10T15:49:20.5571292+09:00,2026-08-10T15:49:21.0571292+09:00,486.478358,486.978358,30,30,-0.106424,0.015372,0.000001,0.000007,-0.000001,0.002881,0
20260810_154114_079,1,Unspecified,898,2026-08-10T15:49:21.0571292+09:00,2026-08-10T15:49:21.5571292+09:00,486.978358,487.478358,30,30,-0.103747,0.011128,0.000009,0.000131,-0.000015,0.011859,0
20260810_154114_079,1,Unspecified,899,2026-08-10T15:49:21.5571292+09:00,2026-08-10T15:49:22.0571292+09:00,487.478358,487.978358,30,30,-0.093297,-0.001518,0.000055,0.000564,-0.000094,0.024884,0
20260810_154114_079,1,Unspecified,900,2026-08-10T15:49:22.0571292+09:00,2026-08-10T15:49:22.5571292+09:00,487.978358,488.478358,30,30,-0.103029,0.012631,0.000034,0.000255,-0.000080,0.016990,0
20260810_154114_079,1,Unspecified,901,2026-08-10T15:49:22.5571292+09:00,2026-08-10T15:49:23.0571292+09:00,488.478358,488.978358,30,30,-0.106603,0.011083,0.000051,0.000244,-0.000012,0.017171,0
20260810_154114_079,1,Unspecified,902,2026-08-10T15:49:23.0571292+09:00,2026-08-10T15:49:23.5571292+09:00,488.978358,489.478358,30,30,-0.105144,0.016841,0.000003,0.000003,-0.000002,0.002410,0
20260810_154114_079,1,Unspecified,903,2026-08-10T15:49:23.5571292+09:00,2026-08-10T15:49:24.0571292+09:00,489.478358,489.978358,30,30,-0.109584,0.007517,0.000018,0.000125,-0.000022,0.011939,0
20260810_154114_079,1,Unspecified,904,2026-08-10T15:49:24.0571292+09:00,2026-08-10T15:49:24.5571292+09:00,489.978358,490.478358,30,30,-0.122000,0.013249,0.000175,0.000030,-0.000066,0.014313,0
20260810_154114_079,1,Unspecified,905,2026-08-10T15:49:24.5571292+09:00,2026-08-10T15:49:25.0571292+09:00,490.478358,490.978358,30,30,-0.109269,0.008168,0.000061,0.000218,0.000015,0.016695,0
20260810_154114_079,1,Unspecified,906,2026-08-10T15:49:25.0571292+09:00,2026-08-10T15:49:25.5571292+09:00,490.978358,491.478358,30,30,-0.106362,0.012566,0.000037,0.000135,-0.000059,0.013125,0
20260810_154114_079,1,Unspecified,907,2026-08-10T15:49:25.5571292+09:00,2026-08-10T15:49:26.0571292+09:00,491.478358,491.978358,30,30,-0.110476,-0.003020,0.000323,0.000482,-0.000102,0.028384,0
20260810_154114_079,1,Unspecified,908,2026-08-10T15:49:26.0571292+09:00,2026-08-10T15:49:26.5571292+09:00,491.978358,492.478358,30,30,-0.100913,0.003957,0.000088,0.000342,-0.000057,0.020730,0
20260810_154114_079,1,Unspecified,909,2026-08-10T15:49:26.5571292+09:00,2026-08-10T15:49:27.0571292+09:00,492.478358,492.978358,31,31,-0.089250,0.009271,0.000002,0.000004,-0.000002,0.002435,0
20260810_154114_079,1,Unspecified,910,2026-08-10T15:49:27.0571292+09:00,2026-08-10T15:49:27.5571292+09:00,492.978358,493.478358,29,29,-0.093771,0.009392,0.000002,0.000002,0.000000,0.002085,0
20260810_154114_079,1,Unspecified,911,2026-08-10T15:49:27.5571292+09:00,2026-08-10T15:49:28.0571292+09:00,493.478358,493.978358,30,30,-0.097496,-0.002145,0.000177,0.000451,-0.000049,0.025069,0
20260810_154114_079,1,Unspecified,912,2026-08-10T15:49:28.0571292+09:00,2026-08-10T15:49:28.5571292+09:00,493.978358,494.478358,30,30,-0.103852,0.004347,0.000049,0.000306,-0.000037,0.018824,0
20260810_154114_079,1,Unspecified,913,2026-08-10T15:49:28.5571292+09:00,2026-08-10T15:49:29.0571292+09:00,494.478358,494.978358,30,30,-0.102740,-0.000172,0.000061,0.000349,-0.000007,0.020247,0
20260810_154114_079,1,Unspecified,914,2026-08-10T15:49:29.0571292+09:00,2026-08-10T15:49:29.5571292+09:00,494.978358,495.478358,30,30,-0.097782,0.005177,0.000061,0.000082,0.000053,0.011983,0
20260810_154114_079,1,Unspecified,915,2026-08-10T15:49:29.5571292+09:00,2026-08-10T15:49:30.0571292+09:00,495.478358,495.978358,30,30,-0.103332,0.001269,0.000090,0.000438,-0.000049,0.022977,0
20260810_154114_079,1,Unspecified,916,2026-08-10T15:49:30.0571292+09:00,2026-08-10T15:49:30.5571292+09:00,495.978358,496.478358,30,30,-0.103803,-0.000518,0.000040,0.000317,-0.000016,0.018909,0
20260810_154114_079,1,Unspecified,917,2026-08-10T15:49:30.5571292+09:00,2026-08-10T15:49:31.0571292+09:00,496.478358,496.978358,30,30,-0.085806,-0.007210,0.000171,0.000469,-0.000031,0.025292,0
20260810_154114_079,1,Unspecified,918,2026-08-10T15:49:31.0571292+09:00,2026-08-10T15:49:31.5571292+09:00,496.978358,497.478358,30,30,-0.101049,-0.002573,0.000033,0.000413,0.000008,0.021097,0
20260810_154114_079,1,Unspecified,919,2026-08-10T15:49:31.5571292+09:00,2026-08-10T15:49:32.0571292+09:00,497.478358,497.978358,30,30,-0.101610,0.002952,0.000013,0.000274,-0.000041,0.016933,0
20260810_154114_079,1,Unspecified,920,2026-08-10T15:49:32.0571292+09:00,2026-08-10T15:49:32.5571292+09:00,497.978358,498.478358,30,30,-0.102789,-0.004665,0.000059,0.000381,-0.000093,0.020987,0
20260810_154114_079,1,Unspecified,921,2026-08-10T15:49:32.5571292+09:00,2026-08-10T15:49:33.0571292+09:00,498.478358,498.978358,31,31,-0.105941,0.005854,0.000031,0.000217,-0.000054,0.015749,0
20260810_154114_079,1,Unspecified,922,2026-08-10T15:49:33.0571292+09:00,2026-08-10T15:49:33.5571292+09:00,498.978358,499.478358,29,29,-0.109414,0.012165,0.000119,0.000050,0.000050,0.012981,0
20260810_154114_079,1,Unspecified,923,2026-08-10T15:49:33.5571292+09:00,2026-08-10T15:49:34.0571292+09:00,499.478358,499.978358,30,30,-0.101939,0.007633,0.000068,0.000262,-0.000003,0.018182,0
20260810_154114_079,1,Unspecified,924,2026-08-10T15:49:34.0571292+09:00,2026-08-10T15:49:34.5571292+09:00,499.978358,500.478358,30,30,-0.118768,-0.002961,0.000618,0.000355,0.000060,0.031192,0
20260810_154114_079,1,Unspecified,925,2026-08-10T15:49:34.5571292+09:00,2026-08-10T15:49:35.0571292+09:00,500.478358,500.978358,30,30,-0.100394,0.011743,0.000001,0.000006,0.000001,0.002802,0
20260810_154114_079,1,Unspecified,926,2026-08-10T15:49:35.0571292+09:00,2026-08-10T15:49:35.5571292+09:00,500.978358,501.478358,30,30,-0.099350,0.012085,0.000001,0.000002,0.000000,0.001730,0
20260810_154114_079,1,Unspecified,927,2026-08-10T15:49:35.5571292+09:00,2026-08-10T15:49:36.0571292+09:00,501.478358,501.978358,30,30,-0.102303,0.005850,0.000145,0.000361,-0.000047,0.022497,0
20260810_154114_079,1,Unspecified,928,2026-08-10T15:49:36.0571292+09:00,2026-08-10T15:49:36.5571292+09:00,501.978358,502.478358,30,30,-0.104625,-0.004559,0.000189,0.000191,-0.000064,0.019491,0
20260810_154114_079,1,Unspecified,929,2026-08-10T15:49:36.5571292+09:00,2026-08-10T15:49:37.0571292+09:00,502.478358,502.978358,30,30,-0.099141,0.000558,0.000005,0.000011,-0.000005,0.004039,0
20260810_154114_079,1,Unspecified,930,2026-08-10T15:49:37.0571292+09:00,2026-08-10T15:49:37.5571292+09:00,502.978358,503.478358,30,30,-0.101435,0.007716,0.000002,0.000007,0.000000,0.002903,0
20260810_154114_079,1,Unspecified,931,2026-08-10T15:49:37.5571292+09:00,2026-08-10T15:49:38.0571292+09:00,503.478358,503.978358,30,30,-0.107588,0.004924,0.000015,0.000218,0.000013,0.015271,0
20260810_154114_079,1,Unspecified,932,2026-08-10T15:49:38.0571292+09:00,2026-08-10T15:49:38.5571292+09:00,503.978358,504.478358,31,31,-0.108186,0.003480,0.000078,0.000420,-0.000071,0.022327,0
20260810_154114_079,1,Unspecified,933,2026-08-10T15:49:38.5571292+09:00,2026-08-10T15:49:39.0571292+09:00,504.478358,504.978358,29,29,-0.096555,0.003414,0.000059,0.000302,0.000039,0.019002,0
20260810_154114_079,1,Unspecified,934,2026-08-10T15:49:39.0571292+09:00,2026-08-10T15:49:39.5571292+09:00,504.978358,505.478358,30,30,-0.092404,0.010047,0.000030,0.000062,0.000025,0.009582,0
20260810_154114_079,1,Unspecified,935,2026-08-10T15:49:39.5571292+09:00,2026-08-10T15:49:40.0571292+09:00,505.478358,505.978358,30,30,-0.095250,0.006269,0.000072,0.000672,-0.000087,0.027280,0
20260810_154114_079,1,Unspecified,936,2026-08-10T15:49:40.0571292+09:00,2026-08-10T15:49:40.5571292+09:00,505.978358,506.478358,30,30,-0.102201,-0.001994,0.000128,0.000539,-0.000049,0.025818,0
20260810_154114_079,1,Unspecified,937,2026-08-10T15:49:40.5571292+09:00,2026-08-10T15:49:41.0571292+09:00,506.478358,506.978358,30,30,-0.110613,0.004981,0.000007,0.000136,-0.000004,0.011946,0
20260810_154114_079,1,Unspecified,938,2026-08-10T15:49:41.0571292+09:00,2026-08-10T15:49:41.5571292+09:00,506.978358,507.478358,30,30,-0.111279,0.010470,0.000044,0.000297,-0.000019,0.018454,0
20260810_154114_079,1,Unspecified,939,2026-08-10T15:49:41.5571292+09:00,2026-08-10T15:49:42.0571292+09:00,507.478358,507.978358,30,30,-0.107953,-0.000597,0.000044,0.000495,-0.000010,0.023220,0
20260810_154114_079,1,Unspecified,940,2026-08-10T15:49:42.0571292+09:00,2026-08-10T15:49:42.5571292+09:00,507.978358,508.478358,30,30,-0.105296,0.009425,0.000006,0.000002,0.000000,0.002870,0
20260810_154114_079,1,Unspecified,941,2026-08-10T15:49:42.5571292+09:00,2026-08-10T15:49:43.0571292+09:00,508.478358,508.978358,30,30,-0.102255,-0.003238,0.000124,0.000455,-0.000119,0.024068,0
20260810_154114_079,1,Unspecified,942,2026-08-10T15:49:43.0571292+09:00,2026-08-10T15:49:43.5571292+09:00,508.978358,509.478358,30,30,-0.087501,0.014727,0.000004,0.000009,-0.000004,0.003677,0
20260810_154114_079,1,Unspecified,943,2026-08-10T15:49:43.5571292+09:00,2026-08-10T15:49:44.0571292+09:00,509.478358,509.978358,30,30,-0.097050,0.009108,0.000085,0.000199,-0.000002,0.016836,0
20260810_154114_079,1,Unspecified,944,2026-08-10T15:49:44.0571292+09:00,2026-08-10T15:49:44.5571292+09:00,509.978358,510.478358,31,31,-0.098935,0.003229,0.000123,0.000343,0.000026,0.021598,0
20260810_154114_079,1,Unspecified,945,2026-08-10T15:49:44.5571292+09:00,2026-08-10T15:49:45.0571292+09:00,510.478358,510.978358,29,29,-0.096795,0.001640,0.000001,0.000005,-0.000001,0.002631,0
20260810_154114_079,1,Unspecified,946,2026-08-10T15:49:45.0571292+09:00,2026-08-10T15:49:45.5571292+09:00,510.978358,511.478358,30,30,-0.099103,-0.009442,0.000031,0.000408,-0.000001,0.020936,0
20260810_154114_079,1,Unspecified,947,2026-08-10T15:49:45.5571292+09:00,2026-08-10T15:49:46.0571292+09:00,511.478358,511.978358,30,30,-0.109636,0.000772,0.000154,0.000403,0.000029,0.023608,0
20260810_154114_079,1,Unspecified,948,2026-08-10T15:49:46.0571292+09:00,2026-08-10T15:49:46.5571292+09:00,511.978358,512.478358,30,30,-0.095843,0.005677,0.000113,0.000131,-0.000059,0.015638,0
20260810_154114_079,1,Unspecified,949,2026-08-10T15:49:46.5571292+09:00,2026-08-10T15:49:47.0571292+09:00,512.478358,512.978358,30,30,-0.096139,0.004409,0.000078,0.000211,0.000020,0.016994,0
20260810_154114_079,1,Unspecified,950,2026-08-10T15:49:47.0571292+09:00,2026-08-10T15:49:47.5571292+09:00,512.978358,513.478358,30,30,-0.103257,0.013733,0.000021,0.000170,-0.000035,0.013791,0
20260810_154114_079,1,Unspecified,951,2026-08-10T15:49:47.5571292+09:00,2026-08-10T15:49:48.0571292+09:00,513.478358,513.978358,30,30,-0.098679,0.012705,0.000038,0.000406,-0.000006,0.021070,0
20260810_154114_079,1,Unspecified,952,2026-08-10T15:49:48.0571292+09:00,2026-08-10T15:49:48.5571292+09:00,513.978358,514.478358,30,30,-0.096120,0.007959,0.000060,0.000379,-0.000049,0.020955,0
20260810_154114_079,1,Unspecified,953,2026-08-10T15:49:48.5571292+09:00,2026-08-10T15:49:49.0571292+09:00,514.478358,514.978358,30,30,-0.094070,0.010191,0.000001,0.000004,-0.000001,0.002258,0
20260810_154114_079,1,Unspecified,954,2026-08-10T15:49:49.0571292+09:00,2026-08-10T15:49:49.5571292+09:00,514.978358,515.478358,30,30,-0.100529,0.007835,0.000087,0.000181,-0.000042,0.016378,0
20260810_154114_079,1,Unspecified,955,2026-08-10T15:49:49.5571292+09:00,2026-08-10T15:49:50.0571292+09:00,515.478358,515.978358,30,30,-0.100413,0.002622,0.000066,0.000479,-0.000102,0.023344,0
20260810_154114_079,1,Unspecified,956,2026-08-10T15:49:50.0571292+09:00,2026-08-10T15:49:50.5571292+09:00,515.978358,516.478358,30,30,-0.098660,0.011880,0.000001,0.000006,0.000000,0.002702,0
20260810_154114_079,1,Unspecified,957,2026-08-10T15:49:50.5571292+09:00,2026-08-10T15:49:51.0571292+09:00,516.478358,516.978358,30,30,-0.101460,0.003557,0.000111,0.000269,-0.000021,0.019497,0
20260810_154114_079,1,Unspecified,958,2026-08-10T15:49:51.0571292+09:00,2026-08-10T15:49:51.5571292+09:00,516.978358,517.478358,30,30,-0.100886,0.008888,0.000019,0.000059,0.000028,0.008861,0
20260810_154114_079,1,Unspecified,959,2026-08-10T15:49:51.5571292+09:00,2026-08-10T15:49:52.0571292+09:00,517.478358,517.978358,30,30,-0.109157,0.011062,0.000008,0.000244,-0.000031,0.015871,0
20260810_154114_079,1,Unspecified,960,2026-08-10T15:49:52.0571292+09:00,2026-08-10T15:49:52.5571292+09:00,517.978358,518.478358,30,30,-0.100292,-0.004022,0.000093,0.000426,-0.000124,0.022790,0
20260810_154114_079,1,Unspecified,961,2026-08-10T15:49:52.5571292+09:00,2026-08-10T15:49:53.0571292+09:00,518.478358,518.978358,30,30,-0.098045,0.006537,0.000003,0.000007,-0.000001,0.003234,0
20260810_154114_079,1,Unspecified,962,2026-08-10T15:49:53.0571292+09:00,2026-08-10T15:49:53.5571292+09:00,518.978358,519.478358,30,30,-0.096795,0.007598,0.000001,0.000005,-0.000001,0.002634,0
20260810_154114_079,1,Unspecified,963,2026-08-10T15:49:53.5571292+09:00,2026-08-10T15:49:54.0571292+09:00,519.478358,519.978358,30,30,-0.104696,0.009909,0.000028,0.000360,-0.000053,0.019717,0
20260810_154114_079,1,Unspecified,964,2026-08-10T15:49:54.0571292+09:00,2026-08-10T15:49:54.5571292+09:00,519.978358,520.478358,30,30,-0.117526,0.016117,0.000046,0.000007,-0.000003,0.007299,0
20260810_154114_079,1,Unspecified,965,2026-08-10T15:49:54.5571292+09:00,2026-08-10T15:49:55.0571292+09:00,520.478358,520.978358,30,30,-0.103646,-0.003746,0.000061,0.000437,-0.000019,0.022310,0
20260810_154114_079,1,Unspecified,966,2026-08-10T15:49:55.0571292+09:00,2026-08-10T15:49:55.5571292+09:00,520.978358,521.478358,30,30,-0.102511,0.009744,0.000003,0.000007,-0.000001,0.003188,0
20260810_154114_079,1,Unspecified,967,2026-08-10T15:49:55.5571292+09:00,2026-08-10T15:49:56.0571292+09:00,521.478358,521.978358,30,30,-0.103484,0.005331,0.000010,0.000294,-0.000010,0.017451,0
20260810_154114_079,1,Unspecified,968,2026-08-10T15:49:56.0571292+09:00,2026-08-10T15:49:56.5571292+09:00,521.978358,522.478358,31,31,-0.106391,0.001107,0.000177,0.000185,-0.000012,0.019035,0
20260810_154114_079,1,Unspecified,969,2026-08-10T15:49:56.5571292+09:00,2026-08-10T15:49:57.0571292+09:00,522.478358,522.978358,29,29,-0.099579,-0.002118,0.000030,0.000207,-0.000008,0.015416,0
20260810_154114_079,1,Unspecified,970,2026-08-10T15:49:57.0571292+09:00,2026-08-10T15:49:57.5571292+09:00,522.978358,523.478358,30,30,-0.098405,0.003635,0.000026,0.000039,0.000022,0.008034,0
20260810_154114_079,1,Unspecified,971,2026-08-10T15:49:57.5571292+09:00,2026-08-10T15:49:58.0571292+09:00,523.478358,523.978358,30,30,-0.105467,0.000659,0.000130,0.000404,-0.000173,0.023105,0
20260810_154114_079,1,Unspecified,972,2026-08-10T15:49:58.0571292+09:00,2026-08-10T15:49:58.5571292+09:00,523.978358,524.478358,30,30,-0.083905,-0.005664,0.000313,0.000428,0.000014,0.027213,0
20260810_154114_079,1,Unspecified,973,2026-08-10T15:49:58.5571292+09:00,2026-08-10T15:49:59.0571292+09:00,524.478358,524.978358,30,30,-0.115918,0.006561,0.000008,0.000399,-0.000042,0.020173,0
20260810_154114_079,1,Unspecified,974,2026-08-10T15:49:59.0571292+09:00,2026-08-10T15:49:59.5571292+09:00,524.978358,525.478358,30,30,-0.113722,0.012024,0.000002,0.000004,0.000000,0.002428,0
20260810_154114_079,1,Unspecified,975,2026-08-10T15:49:59.5571292+09:00,2026-08-10T15:50:00.0571292+09:00,525.478358,525.978358,30,30,-0.111174,0.010056,0.000153,0.000235,-0.000046,0.019700,0
20260810_154114_079,1,Unspecified,976,2026-08-10T15:50:00.0571292+09:00,2026-08-10T15:50:00.5571292+09:00,525.978358,526.478358,30,30,-0.116003,0.015763,0.000003,0.000001,-0.000001,0.002123,0
20260810_154114_079,1,Unspecified,977,2026-08-10T15:50:00.5571292+09:00,2026-08-10T15:50:01.0571292+09:00,526.478358,526.978358,30,30,-0.115326,0.011747,0.000002,0.000001,0.000000,0.001791,0
20260810_154114_079,1,Unspecified,978,2026-08-10T15:50:01.0571292+09:00,2026-08-10T15:50:01.5571292+09:00,526.978358,527.478358,30,30,-0.106605,0.001701,0.000049,0.000465,-0.000098,0.022669,0
20260810_154114_079,1,Unspecified,979,2026-08-10T15:50:01.5571292+09:00,2026-08-10T15:50:02.0571292+09:00,527.478358,527.978358,30,30,-0.107050,0.014627,0.000002,0.000009,0.000002,0.003370,0
20260810_154114_079,1,Unspecified,980,2026-08-10T15:50:02.0571292+09:00,2026-08-10T15:50:02.5571292+09:00,527.978358,528.478358,30,30,-0.106778,0.015143,0.000002,0.000011,-0.000001,0.003490,0
20260810_154114_079,1,Unspecified,981,2026-08-10T15:50:02.5571292+09:00,2026-08-10T15:50:03.0571292+09:00,528.478358,528.978358,30,30,-0.106433,0.012998,0.000001,0.000009,-0.000001,0.003166,0
20260810_154114_079,1,Unspecified,982,2026-08-10T15:50:03.0571292+09:00,2026-08-10T15:50:03.5571292+09:00,528.978358,529.478358,30,30,-0.106799,0.008540,0.000019,0.000286,-0.000028,0.017468,0
20260810_154114_079,1,Unspecified,983,2026-08-10T15:50:03.5571292+09:00,2026-08-10T15:50:04.0571292+09:00,529.478358,529.978358,30,30,-0.095775,-0.004336,0.000138,0.000739,-0.000135,0.029611,0
20260810_154114_079,1,Unspecified,984,2026-08-10T15:50:04.0571292+09:00,2026-08-10T15:50:04.5571292+09:00,529.978358,530.478358,30,30,-0.103095,0.005578,0.000044,0.000299,0.000021,0.018503,0
20260810_154114_079,1,Unspecified,985,2026-08-10T15:50:04.5571292+09:00,2026-08-10T15:50:05.0571292+09:00,530.478358,530.978358,30,30,-0.102662,0.001873,0.000040,0.000296,-0.000015,0.018321,0
20260810_154114_079,1,Unspecified,986,2026-08-10T15:50:05.0571292+09:00,2026-08-10T15:50:05.5571292+09:00,530.978358,531.478358,30,30,-0.108433,0.007646,0.000074,0.000165,-0.000027,0.015452,0
20260810_154114_079,1,Unspecified,987,2026-08-10T15:50:05.5571292+09:00,2026-08-10T15:50:06.0571292+09:00,531.478358,531.978358,30,30,-0.105758,0.018475,0.000006,0.000152,-0.000019,0.012581,0
20260810_154114_079,1,Unspecified,988,2026-08-10T15:50:06.0571292+09:00,2026-08-10T15:50:06.5571292+09:00,531.978358,532.478358,30,30,-0.109333,0.020828,0.000260,0.000029,-0.000085,0.017006,0
20260810_154114_079,1,Unspecified,989,2026-08-10T15:50:06.5571292+09:00,2026-08-10T15:50:07.0571292+09:00,532.478358,532.978358,30,30,-0.094236,0.003997,0.000086,0.000385,-0.000012,0.021702,0
20260810_154114_079,1,Unspecified,990,2026-08-10T15:50:07.0571292+09:00,2026-08-10T15:50:07.5571292+09:00,532.978358,533.478358,30,30,-0.098582,-0.000518,0.000015,0.000613,0.000002,0.025067,0
20260810_154114_079,1,Unspecified,991,2026-08-10T15:50:07.5571292+09:00,2026-08-10T15:50:08.0571292+09:00,533.478358,533.978358,30,30,-0.101238,0.003325,0.000067,0.000384,0.000057,0.021235,0
20260810_154114_079,1,Unspecified,992,2026-08-10T15:50:08.0571292+09:00,2026-08-10T15:50:08.5571292+09:00,533.978358,534.478358,30,30,-0.107532,-0.013849,0.000141,0.000472,-0.000036,0.024769,0
20260810_154114_079,1,Unspecified,993,2026-08-10T15:50:08.5571292+09:00,2026-08-10T15:50:09.0571292+09:00,534.478358,534.978358,30,30,-0.101546,0.010677,0.000006,0.000008,-0.000001,0.003733,0
20260810_154114_079,1,Unspecified,994,2026-08-10T15:50:09.0571292+09:00,2026-08-10T15:50:09.5571292+09:00,534.978358,535.478358,30,30,-0.104162,0.010639,0.000003,0.000009,-0.000003,0.003470,0
20260810_154114_079,1,Unspecified,995,2026-08-10T15:50:09.5571292+09:00,2026-08-10T15:50:10.0571292+09:00,535.478358,535.978358,30,30,-0.100997,0.006816,0.000059,0.000272,-0.000052,0.018209,0
20260810_154114_079,1,Unspecified,996,2026-08-10T15:50:10.0571292+09:00,2026-08-10T15:50:10.5571292+09:00,535.978358,536.478358,30,30,-0.104603,0.007036,0.000010,0.000297,-0.000011,0.017535,0
20260810_154114_079,1,Unspecified,997,2026-08-10T15:50:10.5571292+09:00,2026-08-10T15:50:11.0571292+09:00,536.478358,536.978358,30,30,-0.094586,0.001146,0.000183,0.000624,-0.000227,0.028400,0
20260810_154114_079,1,Unspecified,998,2026-08-10T15:50:11.0571292+09:00,2026-08-10T15:50:11.5571292+09:00,536.978358,537.478358,30,30,-0.092661,0.009012,0.000111,0.000035,0.000049,0.012081,0
20260810_154114_079,1,Unspecified,999,2026-08-10T15:50:11.5571292+09:00,2026-08-10T15:50:12.0571292+09:00,537.478358,537.978358,30,30,-0.109971,0.013065,0.000056,0.000439,-0.000138,0.022262,0
20260810_154114_079,1,Unspecified,1000,2026-08-10T15:50:12.0571292+09:00,2026-08-10T15:50:12.5571292+09:00,537.978358,538.478358,30,30,-0.099149,0.000057,0.000314,0.000324,0.000031,0.025256,0
20260810_154114_079,1,Unspecified,1001,2026-08-10T15:50:12.5571292+09:00,2026-08-10T15:50:13.0571292+09:00,538.478358,538.978358,31,31,-0.106440,-0.003319,0.000016,0.000370,0.000011,0.019647,0
20260810_154114_079,1,Unspecified,1002,2026-08-10T15:50:13.0571292+09:00,2026-08-10T15:50:13.5571292+09:00,538.978358,539.478358,30,30,-0.109217,0.008167,0.000003,0.000003,0.000000,0.002345,0
20260810_154114_079,1,Unspecified,1003,2026-08-10T15:50:13.5571292+09:00,2026-08-10T15:50:14.0571292+09:00,539.478358,539.978358,29,29,-0.101149,0.003871,0.000057,0.000204,-0.000026,0.016173,0
20260810_154114_079,1,Unspecified,1004,2026-08-10T15:50:14.0571292+09:00,2026-08-10T15:50:14.5571292+09:00,539.978358,540.478358,30,30,-0.102955,0.001531,0.000149,0.000173,0.000013,0.017936,0
20260810_154114_079,1,Unspecified,1005,2026-08-10T15:50:14.5571292+09:00,2026-08-10T15:50:15.0571292+09:00,540.478358,540.978358,30,30,-0.099970,0.003962,0.000016,0.000485,-0.000062,0.022370,0
20260810_154114_079,1,Unspecified,1006,2026-08-10T15:50:15.0571292+09:00,2026-08-10T15:50:15.5571292+09:00,540.978358,541.478358,30,30,-0.099419,0.011820,0.000002,0.000002,-0.000001,0.001943,0
20260810_154114_079,1,Unspecified,1007,2026-08-10T15:50:15.5571292+09:00,2026-08-10T15:50:16.0571292+09:00,541.478358,541.978358,30,30,-0.106362,0.005869,0.000149,0.000258,-0.000069,0.020192,0
20260810_154114_079,1,Unspecified,1008,2026-08-10T15:50:16.0571292+09:00,2026-08-10T15:50:16.5571292+09:00,541.978358,542.478358,30,30,-0.102367,0.010529,0.000046,0.000040,0.000037,0.009238,0
20260810_154114_079,1,Unspecified,1009,2026-08-10T15:50:16.5571292+09:00,2026-08-10T15:50:17.0571292+09:00,542.478358,542.978358,30,30,-0.108540,0.006372,0.000036,0.000282,-0.000051,0.017823,0
20260810_154114_079,1,Unspecified,1010,2026-08-10T15:50:17.0571292+09:00,2026-08-10T15:50:17.5571292+09:00,542.978358,543.478358,30,30,-0.112594,0.011566,0.000130,0.000037,0.000016,0.012936,0
20260810_154114_079,1,Unspecified,1011,2026-08-10T15:50:17.5571292+09:00,2026-08-10T15:50:18.0571292+09:00,543.478358,543.978358,30,30,-0.115174,0.010743,0.000002,0.000134,-0.000011,0.011666,0
20260810_154114_079,1,Unspecified,1012,2026-08-10T15:50:18.0571292+09:00,2026-08-10T15:50:18.5571292+09:00,543.978358,544.478358,30,30,-0.115163,0.011970,0.000002,0.000004,0.000000,0.002340,0
20260810_154114_079,1,Unspecified,1013,2026-08-10T15:50:18.5571292+09:00,2026-08-10T15:50:19.0571292+09:00,544.478358,544.978358,30,30,-0.110088,0.004656,0.000202,0.000160,0.000014,0.019014,0
20260810_154114_079,1,Unspecified,1014,2026-08-10T15:50:19.0571292+09:00,2026-08-10T15:50:19.5571292+09:00,544.978358,545.478358,30,30,-0.111317,0.010076,0.000009,0.000010,0.000004,0.004362,0
20260810_154114_079,1,Unspecified,1015,2026-08-10T15:50:19.5571292+09:00,2026-08-10T15:50:20.0571292+09:00,545.478358,545.978358,30,30,-0.105304,-0.001832,0.000073,0.000316,-0.000054,0.019725,0
20260810_154114_079,1,Unspecified,1016,2026-08-10T15:50:20.0571292+09:00,2026-08-10T15:50:20.5571292+09:00,545.978358,546.478358,30,30,-0.099163,0.000250,0.000017,0.000203,-0.000038,0.014847,0
20260810_154114_079,1,Unspecified,1017,2026-08-10T15:50:20.5571292+09:00,2026-08-10T15:50:21.0571292+09:00,546.478358,546.978358,30,30,-0.102057,0.003697,0.000003,0.000007,0.000001,0.003113,0
20260810_154114_079,1,Unspecified,1018,2026-08-10T15:50:21.0571292+09:00,2026-08-10T15:50:21.5571292+09:00,546.978358,547.478358,30,30,-0.103350,0.000239,0.000002,0.000006,0.000001,0.002811,0
20260810_154114_079,1,Unspecified,1019,2026-08-10T15:50:21.5571292+09:00,2026-08-10T15:50:22.0571292+09:00,547.478358,547.978358,30,30,-0.100220,-0.013297,0.000144,0.000327,-0.000077,0.021689,0
20260810_154114_079,1,Unspecified,1020,2026-08-10T15:50:22.0571292+09:00,2026-08-10T15:50:22.5571292+09:00,547.978358,548.478358,30,30,-0.103677,-0.010833,0.000237,0.000433,-0.000088,0.025894,0
20260810_154114_079,1,Unspecified,1021,2026-08-10T15:50:22.5571292+09:00,2026-08-10T15:50:23.0571292+09:00,548.478358,548.978358,30,30,-0.103329,0.004905,0.000034,0.000010,0.000012,0.006601,0
20260810_154114_079,1,Unspecified,1022,2026-08-10T15:50:23.0571292+09:00,2026-08-10T15:50:23.5571292+09:00,548.978358,549.478358,30,30,-0.105688,0.011012,0.000103,0.000028,-0.000051,0.011432,0
20260810_154114_079,1,Unspecified,1023,2026-08-10T15:50:23.5571292+09:00,2026-08-10T15:50:24.0571292+09:00,549.478358,549.978358,30,30,-0.129173,0.021673,0.000002,0.000006,0.000000,0.002771,0
20260810_154114_079,1,Unspecified,1024,2026-08-10T15:50:24.0571292+09:00,2026-08-10T15:50:24.5571292+09:00,549.978358,550.478358,31,31,-0.113876,0.001648,0.000031,0.000210,-0.000048,0.015505,0
20260810_154114_079,1,Unspecified,1025,2026-08-10T15:50:24.5571292+09:00,2026-08-10T15:50:25.0571292+09:00,550.478358,550.978358,30,30,-0.110330,-0.001758,0.000117,0.000379,-0.000118,0.022283,0
20260810_154114_079,1,Unspecified,1026,2026-08-10T15:50:25.0571292+09:00,2026-08-10T15:50:25.5571292+09:00,550.978358,551.478358,29,29,-0.104941,0.009007,0.000002,0.000004,0.000000,0.002533,0
20260810_154114_079,1,Unspecified,1027,2026-08-10T15:50:25.5571292+09:00,2026-08-10T15:50:26.0571292+09:00,551.478358,551.978358,30,30,-0.103434,0.000649,0.000122,0.000255,-0.000060,0.019407,0
20260810_154114_079,1,Unspecified,1028,2026-08-10T15:50:26.0571292+09:00,2026-08-10T15:50:26.5571292+09:00,551.978358,552.478358,30,30,-0.112957,-0.007509,0.000130,0.000231,-0.000029,0.018990,0
20260810_154114_079,1,Unspecified,1029,2026-08-10T15:50:26.5571292+09:00,2026-08-10T15:50:27.0571292+09:00,552.478358,552.978358,30,30,-0.095160,-0.003662,0.000214,0.000284,-0.000117,0.022322,0
20260810_154114_079,1,Unspecified,1030,2026-08-10T15:50:27.0571292+09:00,2026-08-10T15:50:27.5571292+09:00,552.978358,553.478358,30,30,-0.096903,0.005334,0.000067,0.000056,0.000002,0.011090,0
20260810_154114_079,1,Unspecified,1031,2026-08-10T15:50:27.5571292+09:00,2026-08-10T15:50:28.0571292+09:00,553.478358,553.978358,30,30,-0.116334,-0.006176,0.000161,0.000291,-0.000086,0.021270,0
20260810_154114_079,1,Unspecified,1032,2026-08-10T15:50:28.0571292+09:00,2026-08-10T15:50:28.5571292+09:00,553.978358,554.478358,30,30,-0.089535,-0.002797,0.000110,0.000503,0.000004,0.024765,0
20260810_154114_079,1,Unspecified,1033,2026-08-10T15:50:28.5571292+09:00,2026-08-10T15:50:29.0571292+09:00,554.478358,554.978358,30,30,-0.106183,-0.000390,0.000114,0.000318,-0.000124,0.020798,0
20260810_154114_079,1,Unspecified,1034,2026-08-10T15:50:29.0571292+09:00,2026-08-10T15:50:29.5571292+09:00,554.978358,555.478358,30,30,-0.101715,0.005867,0.000017,0.000019,-0.000003,0.005990,0
20260810_154114_079,1,Unspecified,1035,2026-08-10T15:50:29.5571292+09:00,2026-08-10T15:50:30.0571292+09:00,555.478358,555.978358,30,30,-0.109640,-0.003772,0.000121,0.000375,-0.000041,0.022276,0
20260810_154114_079,1,Unspecified,1036,2026-08-10T15:50:30.0571292+09:00,2026-08-10T15:50:30.5571292+09:00,555.978358,556.478358,30,30,-0.121335,0.005857,0.000008,0.000087,-0.000013,0.009761,0
20260810_154114_079,1,Unspecified,1037,2026-08-10T15:50:30.5571292+09:00,2026-08-10T15:50:31.0571292+09:00,556.478358,556.978358,30,30,-0.123613,0.007481,0.000002,0.000004,0.000000,0.002354,0
20260810_154114_079,1,Unspecified,1038,2026-08-10T15:50:31.0571292+09:00,2026-08-10T15:50:31.5571292+09:00,556.978358,557.478358,30,30,-0.120853,0.006650,0.000018,0.000007,-0.000002,0.005014,0
20260810_154114_079,1,Unspecified,1039,2026-08-10T15:50:31.5571292+09:00,2026-08-10T15:50:32.0571292+09:00,557.478358,557.978358,30,30,-0.110930,0.005113,0.000094,0.000230,0.000071,0.017992,0
20260810_154114_079,1,Unspecified,1040,2026-08-10T15:50:32.0571292+09:00,2026-08-10T15:50:32.5571292+09:00,557.978358,558.478358,30,30,-0.104487,-0.006675,0.000182,0.000582,0.000011,0.027641,0
20260810_154114_079,1,Unspecified,1041,2026-08-10T15:50:32.5571292+09:00,2026-08-10T15:50:33.0571292+09:00,558.478358,558.978358,30,30,-0.100468,0.011629,0.000003,0.000028,-0.000004,0.005513,0
20260810_154114_079,1,Unspecified,1042,2026-08-10T15:50:33.0571292+09:00,2026-08-10T15:50:33.5571292+09:00,558.978358,559.478358,30,30,-0.101377,0.005328,0.000075,0.000202,0.000050,0.016642,0
20260810_154114_079,1,Unspecified,1043,2026-08-10T15:50:33.5571292+09:00,2026-08-10T15:50:34.0571292+09:00,559.478358,559.978358,30,30,-0.105050,-0.007290,0.000360,0.000305,-0.000039,0.025795,0
20260810_154114_079,1,Unspecified,1044,2026-08-10T15:50:34.0571292+09:00,2026-08-10T15:50:34.5571292+09:00,559.978358,560.478358,30,30,-0.101324,-0.007876,0.000199,0.000353,0.000016,0.023481,0
20260810_154114_079,1,Unspecified,1045,2026-08-10T15:50:34.5571292+09:00,2026-08-10T15:50:35.0571292+09:00,560.478358,560.978358,30,30,-0.101979,0.004676,0.000028,0.000185,0.000009,0.014580,0
20260810_154114_079,1,Unspecified,1046,2026-08-10T15:50:35.0571292+09:00,2026-08-10T15:50:35.5571292+09:00,560.978358,561.478358,30,30,-0.096727,0.011655,0.000038,0.000027,0.000016,0.008066,0
20260810_154114_079,1,Unspecified,1047,2026-08-10T15:50:35.5571292+09:00,2026-08-10T15:50:36.0571292+09:00,561.478358,561.978358,30,30,-0.115910,0.007333,0.000105,0.000370,-0.000039,0.021796,0
20260810_154114_079,1,Unspecified,1048,2026-08-10T15:50:36.0571292+09:00,2026-08-10T15:50:36.5571292+09:00,561.978358,562.478358,31,31,-0.116530,0.001343,0.000052,0.000369,0.000000,0.020533,0
20260810_154114_079,1,Unspecified,1049,2026-08-10T15:50:36.5571292+09:00,2026-08-10T15:50:37.0571292+09:00,562.478358,562.978358,29,29,-0.107902,0.004911,0.000159,0.000140,-0.000080,0.017305,0
20260810_154114_079,1,Unspecified,1050,2026-08-10T15:50:37.0571292+09:00,2026-08-10T15:50:37.5571292+09:00,562.978358,563.478358,30,30,-0.104648,0.003980,0.000303,0.000212,0.000125,0.022698,0
20260810_154114_079,1,Unspecified,1051,2026-08-10T15:50:37.5571292+09:00,2026-08-10T15:50:38.0571292+09:00,563.478358,563.978358,30,30,-0.099305,0.007914,0.000022,0.000194,0.000004,0.014678,0
20260810_154114_079,1,Unspecified,1052,2026-08-10T15:50:38.0571292+09:00,2026-08-10T15:50:38.5571292+09:00,563.978358,564.478358,30,30,-0.104427,-0.000314,0.000109,0.000183,0.000022,0.017087,0
20260810_154114_079,1,Unspecified,1053,2026-08-10T15:50:38.5571292+09:00,2026-08-10T15:50:39.0571292+09:00,564.478358,564.978358,30,30,-0.103283,-0.000551,0.000176,0.000248,0.000004,0.020594,0
20260810_154114_079,1,Unspecified,1054,2026-08-10T15:50:39.0571292+09:00,2026-08-10T15:50:39.5571292+09:00,564.978358,565.478358,30,30,-0.107930,0.007956,0.000331,0.000086,0.000160,0.020425,0
20260810_154114_079,1,Unspecified,1055,2026-08-10T15:50:39.5571292+09:00,2026-08-10T15:50:40.0571292+09:00,565.478358,565.978358,30,30,-0.095615,-0.011747,0.000334,0.000480,-0.000201,0.028523,0
20260810_154114_079,1,Unspecified,1056,2026-08-10T15:50:40.0571292+09:00,2026-08-10T15:50:40.5571292+09:00,565.978358,566.478358,30,30,-0.090686,-0.001437,0.000118,0.000185,0.000032,0.017392,0
20260810_154114_079,1,Unspecified,1057,2026-08-10T15:50:40.5571292+09:00,2026-08-10T15:50:41.0571292+09:00,566.478358,566.978358,30,30,-0.098907,0.011703,0.000001,0.000006,0.000000,0.002720,0
20260810_154114_079,1,Unspecified,1058,2026-08-10T15:50:41.0571292+09:00,2026-08-10T15:50:41.5571292+09:00,566.978358,567.478358,30,30,-0.098947,0.012107,0.000003,0.000003,0.000000,0.002494,0
20260810_154114_079,1,Unspecified,1059,2026-08-10T15:50:41.5571292+09:00,2026-08-10T15:50:42.0571292+09:00,567.478358,567.978358,30,30,-0.109291,-0.008002,0.000278,0.000450,-0.000184,0.026977,0
20260810_154114_079,1,Unspecified,1060,2026-08-10T15:50:42.0571292+09:00,2026-08-10T15:50:42.5571292+09:00,567.978358,568.478358,30,30,-0.105353,-0.002204,0.000266,0.000247,0.000120,0.022656,0
20260810_154114_079,1,Unspecified,1061,2026-08-10T15:50:42.5571292+09:00,2026-08-10T15:50:43.0571292+09:00,568.478358,568.978358,31,31,-0.103403,-0.001122,0.000025,0.000012,0.000014,0.006135,0
20260810_154114_079,1,Unspecified,1062,2026-08-10T15:50:43.0571292+09:00,2026-08-10T15:50:43.5571292+09:00,568.978358,569.478358,29,29,-0.098590,0.001216,0.000001,0.000009,0.000000,0.003263,0
20260810_154114_079,1,Unspecified,1063,2026-08-10T15:50:43.5571292+09:00,2026-08-10T15:50:44.0571292+09:00,569.478358,569.978358,30,30,-0.100477,-0.008125,0.000113,0.000208,0.000026,0.017903,0
20260810_154114_079,1,Unspecified,1064,2026-08-10T15:50:44.0571292+09:00,2026-08-10T15:50:44.5571292+09:00,569.978358,570.478358,30,30,-0.100742,-0.002382,0.000059,0.000220,-0.000042,0.016704,0
20260810_154114_079,1,Unspecified,1065,2026-08-10T15:50:44.5571292+09:00,2026-08-10T15:50:45.0571292+09:00,570.478358,570.978358,30,30,-0.107865,-0.002265,0.000007,0.000025,-0.000005,0.005658,0
20260810_154114_079,1,Unspecified,1066,2026-08-10T15:50:45.0571292+09:00,2026-08-10T15:50:45.5571292+09:00,570.978358,571.478358,30,30,-0.095767,-0.005707,0.000030,0.000156,-0.000011,0.013617,0
20260810_154114_079,1,Unspecified,1067,2026-08-10T15:50:45.5571292+09:00,2026-08-10T15:50:46.0571292+09:00,571.478358,571.978358,30,30,-0.103492,-0.011488,0.000082,0.000526,-0.000160,0.024661,0
20260810_154114_079,1,Unspecified,1068,2026-08-10T15:50:46.0571292+09:00,2026-08-10T15:50:46.5571292+09:00,571.978358,572.478358,30,30,-0.092274,-0.004295,0.000073,0.000101,-0.000051,0.013192,0
20260810_154114_079,1,Unspecified,1069,2026-08-10T15:50:46.5571292+09:00,2026-08-10T15:50:47.0571292+09:00,572.478358,572.978358,30,30,-0.087076,-0.001083,0.000016,0.000005,-0.000003,0.004571,0
20260810_154114_079,1,Unspecified,1070,2026-08-10T15:50:47.0571292+09:00,2026-08-10T15:50:47.5571292+09:00,572.978358,573.478358,31,31,-0.101618,0.004482,0.000003,0.000003,0.000002,0.002321,0
20260810_154114_079,1,Unspecified,1071,2026-08-10T15:50:47.5571292+09:00,2026-08-10T15:50:48.0571292+09:00,573.478358,573.978358,30,30,-0.103478,0.003157,0.000013,0.000014,0.000007,0.005216,0
20260810_154114_079,1,Unspecified,1072,2026-08-10T15:50:48.0571292+09:00,2026-08-10T15:50:48.5571292+09:00,573.978358,574.478358,29,29,-0.105078,-0.013000,0.000100,0.000425,-0.000045,0.022904,0
20260810_154114_079,1,Unspecified,1073,2026-08-10T15:50:48.5571292+09:00,2026-08-10T15:50:49.0571292+09:00,574.478358,574.978358,30,30,-0.095954,-0.010743,0.000082,0.000174,-0.000074,0.015991,0
20260810_154114_079,1,Unspecified,1074,2026-08-10T15:50:49.0571292+09:00,2026-08-10T15:50:49.5571292+09:00,574.978358,575.478358,30,30,-0.092263,-0.008884,0.000004,0.000010,-0.000001,0.003772,0
20260810_154114_079,1,Unspecified,1075,2026-08-10T15:50:49.5571292+09:00,2026-08-10T15:50:50.0571292+09:00,575.478358,575.978358,30,30,-0.112709,-0.000809,0.000115,0.000277,-0.000121,0.019790,0
20260810_154114_079,1,Unspecified,1076,2026-08-10T15:50:50.0571292+09:00,2026-08-10T15:50:50.5571292+09:00,575.978358,576.478358,30,30,-0.106432,-0.007517,0.000287,0.000132,0.000046,0.020455,0
20260810_154114_079,1,Unspecified,1077,2026-08-10T15:50:50.5571292+09:00,2026-08-10T15:50:51.0571292+09:00,576.478358,576.978358,30,30,-0.097971,-0.013619,0.000003,0.000006,-0.000001,0.003006,0
20260810_154114_079,1,Unspecified,1078,2026-08-10T15:50:51.0571292+09:00,2026-08-10T15:50:51.5571292+09:00,576.978358,577.478358,30,30,-0.100382,-0.012046,0.000001,0.000006,-0.000001,0.002657,0
20260810_154114_079,1,Unspecified,1079,2026-08-10T15:50:51.5571292+09:00,2026-08-10T15:50:52.0571292+09:00,577.478358,577.978358,30,30,-0.108287,-0.014645,0.000187,0.000467,-0.000195,0.025567,0
20260810_154114_079,1,Unspecified,1080,2026-08-10T15:50:52.0571292+09:00,2026-08-10T15:50:52.5571292+09:00,577.978358,578.478358,30,30,-0.095194,-0.017204,0.000212,0.000272,-0.000092,0.021989,0
20260810_154114_079,1,Unspecified,1081,2026-08-10T15:50:52.5571292+09:00,2026-08-10T15:50:53.0571292+09:00,578.478358,578.978358,30,30,-0.090189,-0.011559,0.000002,0.000008,0.000002,0.003200,0
20260810_154114_079,1,Unspecified,1082,2026-08-10T15:50:53.0571292+09:00,2026-08-10T15:50:53.5571292+09:00,578.978358,579.478358,30,30,-0.089572,-0.008772,0.000002,0.000002,0.000001,0.002004,0
20260810_154114_079,1,Unspecified,1083,2026-08-10T15:50:53.5571292+09:00,2026-08-10T15:50:54.0571292+09:00,579.478358,579.978358,30,30,-0.104671,-0.017448,0.000062,0.000282,0.000036,0.018533,0
20260810_154114_079,1,Unspecified,1084,2026-08-10T15:50:54.0571292+09:00,2026-08-10T15:50:54.5571292+09:00,579.978358,580.478358,30,30,-0.126553,-0.004809,0.000010,0.000006,-0.000004,0.003977,0
20260810_154114_079,1,Unspecified,1085,2026-08-10T15:50:54.5571292+09:00,2026-08-10T15:50:55.0571292+09:00,580.478358,580.978358,30,30,-0.101401,-0.011462,0.000395,0.000041,-0.000117,0.020860,0
20260810_154114_079,1,Unspecified,1086,2026-08-10T15:50:55.0571292+09:00,2026-08-10T15:50:55.5571292+09:00,580.978358,581.478358,30,30,-0.086853,-0.015155,0.000006,0.000003,0.000002,0.003104,0
20260810_154114_079,1,Unspecified,1087,2026-08-10T15:50:55.5571292+09:00,2026-08-10T15:50:56.0571292+09:00,581.478358,581.978358,30,30,-0.090261,-0.015722,0.000172,0.000348,-0.000241,0.022809,0
20260810_154114_079,1,Unspecified,1088,2026-08-10T15:50:56.0571292+09:00,2026-08-10T15:50:56.5571292+09:00,581.978358,582.478358,30,30,-0.094307,-0.025492,0.000169,0.000573,-0.000219,0.027240,0
20260810_154114_079,1,Unspecified,1089,2026-08-10T15:50:56.5571292+09:00,2026-08-10T15:50:57.0571292+09:00,582.478358,582.978358,30,30,-0.097514,-0.017220,0.000020,0.000225,-0.000030,0.015653,0
20260810_154114_079,1,Unspecified,1090,2026-08-10T15:50:57.0571292+09:00,2026-08-10T15:50:57.5571292+09:00,582.978358,583.478358,30,30,-0.100797,-0.006214,0.000297,0.000013,0.000031,0.017611,0
20260810_154114_079,1,Unspecified,1091,2026-08-10T15:50:57.5571292+09:00,2026-08-10T15:50:58.0571292+09:00,583.478358,583.978358,30,30,-0.098533,-0.015410,0.000178,0.000405,-0.000088,0.024132,0
20260810_154114_079,1,Unspecified,1092,2026-08-10T15:50:58.0571292+09:00,2026-08-10T15:50:58.5571292+09:00,583.978358,584.478358,30,30,-0.090776,-0.019586,0.000099,0.000501,-0.000158,0.024495,0
20260810_154114_079,1,Unspecified,1093,2026-08-10T15:50:58.5571292+09:00,2026-08-10T15:50:59.0571292+09:00,584.478358,584.978358,30,30,-0.093163,-0.024845,0.000021,0.000346,-0.000014,0.019164,0
20260810_154114_079,1,Unspecified,1094,2026-08-10T15:50:59.0571292+09:00,2026-08-10T15:50:59.5571292+09:00,584.978358,585.478358,30,30,-0.093617,-0.006847,0.000003,0.000002,0.000001,0.002160,0
20260810_154114_079,1,Unspecified,1095,2026-08-10T15:50:59.5571292+09:00,2026-08-10T15:51:00.0571292+09:00,585.478358,585.978358,30,30,-0.100508,-0.008455,0.000200,0.000303,-0.000056,0.022428,0
20260810_154114_079,1,Unspecified,1096,2026-08-10T15:51:00.0571292+09:00,2026-08-10T15:51:00.5571292+09:00,585.978358,586.478358,30,30,-0.114423,-0.019404,0.000455,0.000362,-0.000208,0.028584,0
20260810_154114_079,1,Unspecified,1097,2026-08-10T15:51:00.5571292+09:00,2026-08-10T15:51:01.0571292+09:00,586.478358,586.978358,30,30,-0.103341,-0.016418,0.000001,0.000005,-0.000001,0.002594,0
20260810_154114_079,1,Unspecified,1098,2026-08-10T15:51:01.0571292+09:00,2026-08-10T15:51:01.5571292+09:00,586.978358,587.478358,30,30,-0.104786,-0.016857,0.000002,0.000008,0.000001,0.003118,0
20260810_154114_079,1,Unspecified,1099,2026-08-10T15:51:01.5571292+09:00,2026-08-10T15:51:02.0571292+09:00,587.478358,587.978358,30,30,-0.103200,-0.026440,0.000056,0.000236,-0.000100,0.017090,0
20260810_154114_079,1,Unspecified,1100,2026-08-10T15:51:02.0571292+09:00,2026-08-10T15:51:02.5571292+09:00,587.978358,588.478358,30,30,-0.099198,-0.012919,0.000161,0.000171,-0.000071,0.018198,0
20260810_154114_079,1,Unspecified,1101,2026-08-10T15:51:02.5571292+09:00,2026-08-10T15:51:03.0571292+09:00,588.478358,588.978358,30,30,-0.093237,-0.027955,0.000025,0.000439,-0.000039,0.021540,0
20260810_154114_079,1,Unspecified,1102,2026-08-10T15:51:03.0571292+09:00,2026-08-10T15:51:03.5571292+09:00,588.978358,589.478358,30,30,-0.093172,-0.021376,0.000002,0.000003,-0.000001,0.002257,0
20260810_154114_079,1,Unspecified,1103,2026-08-10T15:51:03.5571292+09:00,2026-08-10T15:51:04.0571292+09:00,589.478358,589.978358,30,30,-0.098190,-0.022702,0.000009,0.000215,-0.000007,0.014990,0
20260810_154114_079,1,Unspecified,1104,2026-08-10T15:51:04.0571292+09:00,2026-08-10T15:51:04.5571292+09:00,589.978358,590.478358,30,30,-0.103696,-0.021814,0.000065,0.000355,-0.000054,0.020490,0
20260810_154114_079,1,Unspecified,1105,2026-08-10T15:51:04.5571292+09:00,2026-08-10T15:51:05.0571292+09:00,590.478358,590.978358,30,30,-0.104539,-0.013912,0.000002,0.000002,0.000000,0.001928,0
20260810_154114_079,1,Unspecified,1106,2026-08-10T15:51:05.0571292+09:00,2026-08-10T15:51:05.5571292+09:00,590.978358,591.478358,30,30,-0.105423,-0.015249,0.000001,0.000017,-0.000001,0.004204,0
20260810_154114_079,1,Unspecified,1107,2026-08-10T15:51:05.5571292+09:00,2026-08-10T15:51:06.0571292+09:00,591.478358,591.978358,30,30,-0.107687,-0.016510,0.000011,0.000155,-0.000034,0.012883,0
20260810_154114_079,1,Unspecified,1108,2026-08-10T15:51:06.0571292+09:00,2026-08-10T15:51:06.5571292+09:00,591.978358,592.478358,30,30,-0.110628,-0.009720,0.000001,0.000001,0.000000,0.001403,0
20260810_154114_079,1,Unspecified,1109,2026-08-10T15:51:06.5571292+09:00,2026-08-10T15:51:07.0571292+09:00,592.478358,592.978358,30,30,-0.109586,-0.009529,0.000001,0.000002,0.000000,0.001634,0
20260810_154114_079,1,Unspecified,1110,2026-08-10T15:51:07.0571292+09:00,2026-08-10T15:51:07.5571292+09:00,592.978358,593.478358,30,30,-0.109804,-0.009329,0.000001,0.000003,0.000000,0.001944,0
20260810_154114_079,1,Unspecified,1111,2026-08-10T15:51:07.5571292+09:00,2026-08-10T15:51:08.0571292+09:00,593.478358,593.978358,30,30,-0.098450,-0.017689,0.000023,0.000308,-0.000048,0.018202,0
20260810_154114_079,1,Unspecified,1112,2026-08-10T15:51:08.0571292+09:00,2026-08-10T15:51:08.5571292+09:00,593.978358,594.478358,30,30,-0.099917,-0.025789,0.000163,0.000511,-0.000097,0.025962,0
20260810_154114_079,1,Unspecified,1113,2026-08-10T15:51:08.5571292+09:00,2026-08-10T15:51:09.0571292+09:00,594.478358,594.978358,30,30,-0.094208,-0.015544,0.000227,0.000327,0.000078,0.023541,0
20260810_154114_079,1,Unspecified,1114,2026-08-10T15:51:09.0571292+09:00,2026-08-10T15:51:09.5571292+09:00,594.978358,595.478358,30,30,-0.097861,-0.004289,0.000001,0.000002,0.000000,0.001706,0
20260810_154114_079,1,Unspecified,1115,2026-08-10T15:51:09.5571292+09:00,2026-08-10T15:51:10.0571292+09:00,595.478358,595.978358,30,30,-0.092148,-0.021654,0.000080,0.000918,-0.000215,0.031590,0
20260810_154114_079,1,Unspecified,1116,2026-08-10T15:51:10.0571292+09:00,2026-08-10T15:51:10.5571292+09:00,595.978358,596.478358,30,30,-0.100987,-0.019201,0.000273,0.000314,-0.000163,0.024229,0
20260810_154114_079,1,Unspecified,1117,2026-08-10T15:51:10.5571292+09:00,2026-08-10T15:51:11.0571292+09:00,596.478358,596.978358,30,30,-0.101137,-0.021443,0.000012,0.000398,-0.000025,0.020260,0
20260810_154114_079,1,Unspecified,1118,2026-08-10T15:51:11.0571292+09:00,2026-08-10T15:51:11.5571292+09:00,596.978358,597.478358,30,30,-0.102625,-0.010334,0.000002,0.000004,0.000000,0.002382,0
20260810_154114_079,1,Unspecified,1119,2026-08-10T15:51:11.5571292+09:00,2026-08-10T15:51:12.0571292+09:00,597.478358,597.978358,30,30,-0.106668,-0.016511,0.000140,0.000266,-0.000079,0.020165,0
20260810_154114_079,1,Unspecified,1120,2026-08-10T15:51:12.0571292+09:00,2026-08-10T15:51:12.5571292+09:00,597.978358,598.478358,30,30,-0.105548,-0.010861,0.000002,0.000005,-0.000002,0.002749,0
20260810_154114_079,1,Unspecified,1121,2026-08-10T15:51:12.5571292+09:00,2026-08-10T15:51:13.0571292+09:00,598.478358,598.978358,30,30,-0.096175,-0.025378,0.000171,0.000367,-0.000182,0.023191,0
20260810_154114_079,1,Unspecified,1122,2026-08-10T15:51:13.0571292+09:00,2026-08-10T15:51:13.5571292+09:00,598.978358,599.478358,30,30,-0.103916,-0.016282,0.000020,0.000448,-0.000052,0.021632,0
20260810_154114_079,1,Unspecified,1123,2026-08-10T15:51:13.5571292+09:00,2026-08-10T15:51:14.0571292+09:00,599.478358,599.978358,30,30,-0.106368,-0.012221,0.000002,0.000003,-0.000001,0.002249,0
20260810_154114_079,1,Unspecified,1124,2026-08-10T15:51:14.0571292+09:00,2026-08-10T15:51:14.5571292+09:00,599.978358,600.478358,30,30,-0.097330,-0.019471,0.000114,0.000157,-0.000063,0.016463,0
20260810_154114_079,1,Unspecified,1125,2026-08-10T15:51:14.5571292+09:00,2026-08-10T15:51:15.0571292+09:00,600.478358,600.978358,30,30,-0.101310,-0.017927,0.000149,0.000247,-0.000105,0.019897,0
20260810_154114_079,1,Unspecified,1126,2026-08-10T15:51:15.0571292+09:00,2026-08-10T15:51:15.5571292+09:00,600.978358,601.478358,30,30,-0.099883,-0.016536,0.000002,0.000005,-0.000001,0.002606,0
20260810_154114_079,1,Unspecified,1127,2026-08-10T15:51:15.5571292+09:00,2026-08-10T15:51:16.0571292+09:00,601.478358,601.978358,30,30,-0.107556,-0.020032,0.000289,0.000410,-0.000205,0.026441,0
20260810_154114_079,1,Unspecified,1128,2026-08-10T15:51:16.0571292+09:00,2026-08-10T15:51:16.5571292+09:00,601.978358,602.478358,30,30,-0.090519,-0.027065,0.000005,0.000151,-0.000023,0.012457,0
20260810_154114_079,1,Unspecified,1129,2026-08-10T15:51:16.5571292+09:00,2026-08-10T15:51:17.0571292+09:00,602.478358,602.978358,31,31,-0.091617,-0.023356,0.000002,0.000006,-0.000001,0.002995,0
20260810_154114_079,1,Unspecified,1130,2026-08-10T15:51:17.0571292+09:00,2026-08-10T15:51:17.5571292+09:00,602.978358,603.478358,29,29,-0.092269,-0.021517,0.000031,0.000011,-0.000017,0.006483,0
20260810_154114_079,1,Unspecified,1131,2026-08-10T15:51:17.5571292+09:00,2026-08-10T15:51:18.0571292+09:00,603.478358,603.978358,31,31,-0.106213,-0.024638,0.000063,0.000388,-0.000017,0.021220,0
20260810_154114_079,1,Unspecified,1132,2026-08-10T15:51:18.0571292+09:00,2026-08-10T15:51:18.5571292+09:00,603.978358,604.478358,29,29,-0.100918,-0.030285,0.000030,0.000658,-0.000038,0.026235,0
20260810_154114_079,1,Unspecified,1133,2026-08-10T15:51:18.5571292+09:00,2026-08-10T15:51:19.0571292+09:00,604.478358,604.978358,30,30,-0.109375,-0.014967,0.000003,0.000098,-0.000001,0.010059,0
20260810_154114_079,1,Unspecified,1134,2026-08-10T15:51:19.0571292+09:00,2026-08-10T15:51:19.5571292+09:00,604.978358,605.478358,30,30,-0.100972,-0.025989,0.000099,0.000465,-0.000165,0.023741,0
20260810_154114_079,1,Unspecified,1135,2026-08-10T15:51:19.5571292+09:00,2026-08-10T15:51:20.0571292+09:00,605.478358,605.978358,30,30,-0.094730,-0.020225,0.000001,0.000002,0.000000,0.001762,0
20260810_154114_079,1,Unspecified,1136,2026-08-10T15:51:20.0571292+09:00,2026-08-10T15:51:20.5571292+09:00,605.978358,606.478358,30,30,-0.090615,-0.022539,0.000005,0.000005,-0.000003,0.003152,0
20260810_154114_079,1,Unspecified,1137,2026-08-10T15:51:20.5571292+09:00,2026-08-10T15:51:21.0571292+09:00,606.478358,606.978358,30,30,-0.092638,-0.023760,0.000156,0.000012,-0.000037,0.012983,0
20260810_154114_079,1,Unspecified,1138,2026-08-10T15:51:21.0571292+09:00,2026-08-10T15:51:21.5571292+09:00,606.978358,607.478358,30,30,-0.095672,-0.028810,0.000153,0.000332,-0.000053,0.022012,0
20260810_154114_079,1,Unspecified,1139,2026-08-10T15:51:21.5571292+09:00,2026-08-10T15:51:22.0571292+09:00,607.478358,607.978358,30,30,-0.099344,-0.026492,0.000267,0.000500,-0.000077,0.027689,0
20260810_154114_079,1,Unspecified,1140,2026-08-10T15:51:22.0571292+09:00,2026-08-10T15:51:22.5571292+09:00,607.978358,608.478358,30,30,-0.096480,-0.028404,0.000206,0.000304,-0.000038,0.022593,0
20260810_154114_079,1,Unspecified,1141,2026-08-10T15:51:22.5571292+09:00,2026-08-10T15:51:23.0571292+09:00,608.478358,608.978358,31,31,-0.090079,-0.022861,0.000074,0.000423,-0.000080,0.022289,0
20260810_154114_079,1,Unspecified,1142,2026-08-10T15:51:23.0571292+09:00,2026-08-10T15:51:23.5571292+09:00,608.978358,609.478358,29,29,-0.098239,-0.023440,0.000036,0.000405,-0.000022,0.021001,0
20260810_154114_079,1,Unspecified,1143,2026-08-10T15:51:23.5571292+09:00,2026-08-10T15:51:24.0571292+09:00,609.478358,609.978358,30,30,-0.111513,-0.016903,0.000107,0.000499,-0.000167,0.024608,0
20260810_154114_079,1,Unspecified,1144,2026-08-10T15:51:24.0571292+09:00,2026-08-10T15:51:24.5571292+09:00,609.978358,610.478358,30,30,-0.098316,-0.025207,0.000058,0.000248,-0.000058,0.017499,0
20260810_154114_079,1,Unspecified,1145,2026-08-10T15:51:24.5571292+09:00,2026-08-10T15:51:25.0571292+09:00,610.478358,610.978358,30,30,-0.092261,-0.022305,0.000139,0.000399,-0.000113,0.023210,0
20260810_154114_079,1,Unspecified,1146,2026-08-10T15:51:25.0571292+09:00,2026-08-10T15:51:25.5571292+09:00,610.978358,611.478358,30,30,-0.095224,-0.019867,0.000007,0.000249,-0.000031,0.016000,0
20260810_154114_079,1,Unspecified,1147,2026-08-10T15:51:25.5571292+09:00,2026-08-10T15:51:26.0571292+09:00,611.478358,611.978358,30,30,-0.105871,-0.022969,0.000316,0.000247,-0.000115,0.023724,0
20260810_154114_079,1,Unspecified,1148,2026-08-10T15:51:26.0571292+09:00,2026-08-10T15:51:26.5571292+09:00,611.978358,612.478358,30,30,-0.100890,-0.030619,0.000057,0.001063,0.000030,0.033473,0
20260810_154114_079,1,Unspecified,1149,2026-08-10T15:51:26.5571292+09:00,2026-08-10T15:51:27.0571292+09:00,612.478358,612.978358,30,30,-0.099349,-0.020105,0.000003,0.000006,-0.000002,0.003075,0
20260810_154114_079,1,Unspecified,1150,2026-08-10T15:51:27.0571292+09:00,2026-08-10T15:51:27.5571292+09:00,612.978358,613.478358,30,30,-0.098113,-0.021143,0.000002,0.000003,0.000000,0.002147,0
20260810_154114_079,1,Unspecified,1151,2026-08-10T15:51:27.5571292+09:00,2026-08-10T15:51:28.0571292+09:00,613.478358,613.978358,30,30,-0.100896,-0.021936,0.000107,0.000288,-0.000119,0.019875,0
20260810_154114_079,1,Unspecified,1152,2026-08-10T15:51:28.0571292+09:00,2026-08-10T15:51:28.5571292+09:00,613.978358,614.478358,30,30,-0.097309,-0.030494,0.000240,0.000412,-0.000195,0.025541,0
20260810_154114_079,1,Unspecified,1153,2026-08-10T15:51:28.5571292+09:00,2026-08-10T15:51:29.0571292+09:00,614.478358,614.978358,30,30,-0.092591,-0.027832,0.000002,0.000002,0.000000,0.002055,0
20260810_154114_079,1,Unspecified,1154,2026-08-10T15:51:29.0571292+09:00,2026-08-10T15:51:29.5571292+09:00,614.978358,615.478358,30,30,-0.090773,-0.029279,0.000002,0.000002,0.000000,0.001894,0
20260810_154114_079,1,Unspecified,1155,2026-08-10T15:51:29.5571292+09:00,2026-08-10T15:51:30.0571292+09:00,615.478358,615.978358,30,30,-0.097194,-0.031492,0.000009,0.000229,-0.000007,0.015419,0
20260810_154114_079,1,Unspecified,1156,2026-08-10T15:51:30.0571292+09:00,2026-08-10T15:51:30.5571292+09:00,615.978358,616.478358,30,30,-0.117452,-0.025371,0.000012,0.000305,-0.000036,0.017788,0
20260810_154114_079,1,Unspecified,1157,2026-08-10T15:51:30.5571292+09:00,2026-08-10T15:51:31.0571292+09:00,616.478358,616.978358,30,30,-0.097228,-0.015973,0.000011,0.000003,0.000001,0.003836,0
20260810_154114_079,1,Unspecified,1158,2026-08-10T15:51:31.0571292+09:00,2026-08-10T15:51:31.5571292+09:00,616.978358,617.478358,30,30,-0.095234,-0.015793,0.000003,0.000004,-0.000001,0.002602,0
20260810_154114_079,1,Unspecified,1159,2026-08-10T15:51:31.5571292+09:00,2026-08-10T15:51:32.0571292+09:00,617.478358,617.978358,30,30,-0.095352,-0.032023,0.000160,0.000685,-0.000080,0.029066,0
20260810_154114_079,1,Unspecified,1160,2026-08-10T15:51:32.0571292+09:00,2026-08-10T15:51:32.5571292+09:00,617.978358,618.478358,30,30,-0.085504,-0.028203,0.000284,0.000324,-0.000105,0.024661,0
20260810_154114_079,1,Unspecified,1161,2026-08-10T15:51:32.5571292+09:00,2026-08-10T15:51:33.0571292+09:00,618.478358,618.978358,30,30,-0.095976,-0.021695,0.000212,0.000194,-0.000036,0.020127,0
20260810_154114_079,1,Unspecified,1162,2026-08-10T15:51:33.0571292+09:00,2026-08-10T15:51:33.5571292+09:00,618.978358,619.478358,30,30,-0.104350,-0.014892,0.000007,0.000027,-0.000009,0.005833,0
20260810_154114_079,1,Unspecified,1163,2026-08-10T15:51:33.5571292+09:00,2026-08-10T15:51:34.0571292+09:00,619.478358,619.978358,30,30,-0.088825,-0.018788,0.000383,0.000541,-0.000299,0.030402,0
20260810_154114_079,1,Unspecified,1164,2026-08-10T15:51:34.0571292+09:00,2026-08-10T15:51:34.5571292+09:00,619.978358,620.478358,30,30,-0.102368,-0.028264,0.000352,0.000587,-0.000206,0.030656,0
20260810_154114_079,1,Unspecified,1165,2026-08-10T15:51:34.5571292+09:00,2026-08-10T15:51:35.0571292+09:00,620.478358,620.978358,30,30,-0.099830,-0.026675,0.000074,0.000296,-0.000043,0.019244,0
20260810_154114_079,1,Unspecified,1166,2026-08-10T15:51:35.0571292+09:00,2026-08-10T15:51:35.5571292+09:00,620.978358,621.478358,30,30,-0.098634,-0.013338,0.000004,0.000003,0.000000,0.002599,0
20260810_154114_079,1,Unspecified,1167,2026-08-10T15:51:35.5571292+09:00,2026-08-10T15:51:36.0571292+09:00,621.478358,621.978358,30,30,-0.108479,-0.015003,0.000046,0.000258,-0.000067,0.017431,0
20260810_154114_079,1,Unspecified,1168,2026-08-10T15:51:36.0571292+09:00,2026-08-10T15:51:36.5571292+09:00,621.978358,622.478358,30,30,-0.093924,-0.023010,0.000098,0.000376,-0.000106,0.021767,0
20260810_154114_079,1,Unspecified,1169,2026-08-10T15:51:36.5571292+09:00,2026-08-10T15:51:37.0571292+09:00,622.478358,622.978358,30,30,-0.084957,-0.030000,0.000024,0.000598,-0.000066,0.024940,0
20260810_154114_079,1,Unspecified,1170,2026-08-10T15:51:37.0571292+09:00,2026-08-10T15:51:37.5571292+09:00,622.978358,623.478358,30,30,-0.084742,-0.014625,0.000001,0.000004,0.000000,0.002310,0
20260810_154114_079,1,Unspecified,1171,2026-08-10T15:51:37.5571292+09:00,2026-08-10T15:51:38.0571292+09:00,623.478358,623.978358,30,30,-0.089515,-0.024420,0.000099,0.000432,0.000040,0.023035,0
20260810_154114_079,1,Unspecified,1172,2026-08-10T15:51:38.0571292+09:00,2026-08-10T15:51:38.5571292+09:00,623.978358,624.478358,30,30,-0.101586,-0.026827,0.000322,0.000392,-0.000163,0.026721,0
20260810_154114_079,1,Unspecified,1173,2026-08-10T15:51:38.5571292+09:00,2026-08-10T15:51:39.0571292+09:00,624.478358,624.978358,30,30,-0.091970,-0.023355,0.000002,0.000037,-0.000004,0.006239,0
20260810_154114_079,1,Unspecified,1174,2026-08-10T15:51:39.0571292+09:00,2026-08-10T15:51:39.5571292+09:00,624.978358,625.478358,30,30,-0.094271,-0.024989,0.000126,0.000094,-0.000052,0.014830,0
20260810_154114_079,1,Unspecified,1175,2026-08-10T15:51:39.5571292+09:00,2026-08-10T15:51:40.0571292+09:00,625.478358,625.978358,30,30,-0.097190,-0.032194,0.000136,0.000469,-0.000120,0.024587,0
20260810_154114_079,1,Unspecified,1176,2026-08-10T15:51:40.0571292+09:00,2026-08-10T15:51:40.5571292+09:00,625.978358,626.478358,31,31,-0.085731,-0.021028,0.000123,0.000235,-0.000024,0.018913,0
20260810_154114_079,1,Unspecified,1177,2026-08-10T15:51:40.5571292+09:00,2026-08-10T15:51:41.0571292+09:00,626.478358,626.978358,29,29,-0.095759,-0.022114,0.000169,0.000438,-0.000100,0.024635,0
20260810_154114_079,1,Unspecified,1178,2026-08-10T15:51:41.0571292+09:00,2026-08-10T15:51:41.5571292+09:00,626.978358,627.478358,30,30,-0.090212,-0.023133,0.000005,0.000005,0.000001,0.003194,0
20260810_154114_079,1,Unspecified,1179,2026-08-10T15:51:41.5571292+09:00,2026-08-10T15:51:42.0571292+09:00,627.478358,627.978358,30,30,-0.098543,-0.024996,0.000097,0.000546,-0.000162,0.025361,0
20260810_154114_079,1,Unspecified,1180,2026-08-10T15:51:42.0571292+09:00,2026-08-10T15:51:42.5571292+09:00,627.978358,628.478358,30,30,-0.091024,-0.031577,0.000064,0.000476,-0.000098,0.023235,0
20260810_154114_079,1,Unspecified,1181,2026-08-10T15:51:42.5571292+09:00,2026-08-10T15:51:43.0571292+09:00,628.478358,628.978358,30,30,-0.097300,-0.021344,0.000366,0.000258,-0.000138,0.024981,0
20260810_154114_079,1,Unspecified,1182,2026-08-10T15:51:43.0571292+09:00,2026-08-10T15:51:43.5571292+09:00,628.978358,629.478358,30,30,-0.090894,-0.016896,0.000004,0.000003,-0.000001,0.002542,0
20260810_154114_079,1,Unspecified,1183,2026-08-10T15:51:43.5571292+09:00,2026-08-10T15:51:44.0571292+09:00,629.478358,629.978358,30,30,-0.090968,-0.032106,0.000078,0.000701,-0.000100,0.027910,0
20260810_154114_079,1,Unspecified,1184,2026-08-10T15:51:44.0571292+09:00,2026-08-10T15:51:44.5571292+09:00,629.978358,630.478358,30,30,-0.088298,-0.033022,0.000032,0.000614,-0.000062,0.025417,0
20260810_154114_079,1,Unspecified,1185,2026-08-10T15:51:44.5571292+09:00,2026-08-10T15:51:45.0571292+09:00,630.478358,630.978358,30,30,-0.093811,-0.016709,0.000002,0.000007,0.000000,0.003101,0
20260810_154114_079,1,Unspecified,1186,2026-08-10T15:51:45.0571292+09:00,2026-08-10T15:51:45.5571292+09:00,630.978358,631.478358,30,30,-0.092173,-0.018404,0.000002,0.000003,-0.000001,0.002411,0
20260810_154114_079,1,Unspecified,1187,2026-08-10T15:51:45.5571292+09:00,2026-08-10T15:51:46.0571292+09:00,631.478358,631.978358,30,30,-0.094756,-0.028567,0.000162,0.000550,-0.000202,0.026673,0
20260810_154114_079,1,Unspecified,1188,2026-08-10T15:51:46.0571292+09:00,2026-08-10T15:51:46.5571292+09:00,631.978358,632.478358,30,30,-0.091118,-0.024135,0.000125,0.000353,-0.000072,0.021842,0
20260810_154114_079,1,Unspecified,1189,2026-08-10T15:51:46.5571292+09:00,2026-08-10T15:51:47.0571292+09:00,632.478358,632.978358,30,30,-0.092683,-0.019101,0.000292,0.000249,-0.000066,0.023264,0
20260810_154114_079,1,Unspecified,1190,2026-08-10T15:51:47.0571292+09:00,2026-08-10T15:51:47.5571292+09:00,632.978358,633.478358,30,30,-0.086619,-0.012637,0.000002,0.000006,0.000000,0.002727,0
20260810_154114_079,1,Unspecified,1191,2026-08-10T15:51:47.5571292+09:00,2026-08-10T15:51:48.0571292+09:00,633.478358,633.978358,30,30,-0.094124,-0.031388,0.000196,0.000576,-0.000181,0.027786,0
20260810_154114_079,1,Unspecified,1192,2026-08-10T15:51:48.0571292+09:00,2026-08-10T15:51:48.5571292+09:00,633.978358,634.478358,30,30,-0.101002,-0.015425,0.000064,0.000005,-0.000013,0.008329,0
20260810_154114_079,1,Unspecified,1193,2026-08-10T15:51:48.5571292+09:00,2026-08-10T15:51:49.0571292+09:00,634.478358,634.978358,30,30,-0.091869,-0.019110,0.000401,0.000029,-0.000079,0.020745,0
20260810_154114_079,1,Unspecified,1194,2026-08-10T15:51:49.0571292+09:00,2026-08-10T15:51:49.5571292+09:00,634.978358,635.478358,30,30,-0.095836,-0.016761,0.000317,0.000027,-0.000076,0.018555,0
20260810_154114_079,1,Unspecified,1195,2026-08-10T15:51:49.5571292+09:00,2026-08-10T15:51:50.0571292+09:00,635.478358,635.978358,30,30,-0.093430,-0.031654,0.000093,0.000284,-0.000016,0.019420,0
20260810_154114_079,1,Unspecified,1196,2026-08-10T15:51:50.0571292+09:00,2026-08-10T15:51:50.5571292+09:00,635.978358,636.478358,30,30,-0.092336,-0.019300,0.000003,0.000001,0.000000,0.001902,0
20260810_154114_079,1,Unspecified,1197,2026-08-10T15:51:50.5571292+09:00,2026-08-10T15:51:51.0571292+09:00,636.478358,636.978358,30,30,-0.092384,-0.029233,0.000008,0.000391,0.000024,0.019984,0
20260810_154114_079,1,Unspecified,1198,2026-08-10T15:51:51.0571292+09:00,2026-08-10T15:51:51.5571292+09:00,636.978358,637.478358,30,30,-0.089996,-0.025157,0.000179,0.000011,0.000000,0.013796,0
20260810_154114_079,1,Unspecified,1199,2026-08-10T15:51:51.5571292+09:00,2026-08-10T15:51:52.0571292+09:00,637.478358,637.978358,31,31,-0.096235,-0.032452,0.000266,0.000486,-0.000197,0.027425,0
20260810_154114_079,1,Unspecified,1200,2026-08-10T15:51:52.0571292+09:00,2026-08-10T15:51:52.5571292+09:00,637.978358,638.478358,29,29,-0.090046,-0.030438,0.000023,0.000293,-0.000012,0.017768,0
20260810_154114_079,1,Unspecified,1201,2026-08-10T15:51:52.5571292+09:00,2026-08-10T15:51:53.0571292+09:00,638.478358,638.978358,30,30,-0.087447,-0.028378,0.000030,0.000336,0.000031,0.019138,0
20260810_154114_079,1,Unspecified,1202,2026-08-10T15:51:53.0571292+09:00,2026-08-10T15:51:53.5571292+09:00,638.978358,639.478358,30,30,-0.089916,-0.024839,0.000003,0.000006,-0.000002,0.003003,0
20260810_154114_079,1,Unspecified,1203,2026-08-10T15:51:53.5571292+09:00,2026-08-10T15:51:54.0571292+09:00,639.478358,639.978358,30,30,-0.099421,-0.022534,0.000218,0.000419,-0.000219,0.025226,0
20260810_154114_079,1,Unspecified,1204,2026-08-10T15:51:54.0571292+09:00,2026-08-10T15:51:54.5571292+09:00,639.978358,640.478358,30,30,-0.085166,-0.012602,0.000001,0.000014,-0.000001,0.003800,0
20260810_154114_079,1,Unspecified,1205,2026-08-10T15:51:54.5571292+09:00,2026-08-10T15:51:55.0571292+09:00,640.478358,640.978358,30,30,-0.085817,-0.030712,0.000078,0.000481,-0.000047,0.023642,0
20260810_154114_079,1,Unspecified,1206,2026-08-10T15:51:55.0571292+09:00,2026-08-10T15:51:55.5571292+09:00,640.978358,641.478358,30,30,-0.080361,-0.025318,0.000002,0.000003,0.000000,0.002229,0
20260810_154114_079,1,Unspecified,1207,2026-08-10T15:51:55.5571292+09:00,2026-08-10T15:51:56.0571292+09:00,641.478358,641.978358,30,30,-0.096419,-0.034849,0.000082,0.000660,-0.000024,0.027228,0
20260810_154114_079,1,Unspecified,1208,2026-08-10T15:51:56.0571292+09:00,2026-08-10T15:51:56.5571292+09:00,641.978358,642.478358,30,30,-0.087473,-0.030467,0.000078,0.000417,-0.000128,0.022234,0
20260810_154114_079,1,Unspecified,1209,2026-08-10T15:51:56.5571292+09:00,2026-08-10T15:51:57.0571292+09:00,642.478358,642.978358,30,30,-0.091842,-0.022173,0.000002,0.000003,0.000000,0.002147,0
20260810_154114_079,1,Unspecified,1210,2026-08-10T15:51:57.0571292+09:00,2026-08-10T15:51:57.5571292+09:00,642.978358,643.478358,31,31,-0.089467,-0.022306,0.000001,0.000004,0.000000,0.002320,0
20260810_154114_079,1,Unspecified,1211,2026-08-10T15:51:57.5571292+09:00,2026-08-10T15:51:58.0571292+09:00,643.478358,643.978358,29,29,-0.091044,-0.035772,0.000261,0.000788,-0.000337,0.032385,0
20260810_154114_079,1,Unspecified,1212,2026-08-10T15:51:58.0571292+09:00,2026-08-10T15:51:58.5571292+09:00,643.978358,644.478358,30,30,-0.073929,-0.016403,0.000013,0.000029,-0.000005,0.006500,0
20260810_154114_079,1,Unspecified,1213,2026-08-10T15:51:58.5571292+09:00,2026-08-10T15:51:59.0571292+09:00,644.478358,644.978358,30,30,-0.093291,-0.035369,0.000348,0.000637,-0.000278,0.031380,0
20260810_154114_079,1,Unspecified,1214,2026-08-10T15:51:59.0571292+09:00,2026-08-10T15:51:59.5571292+09:00,644.978358,645.478358,30,30,-0.086284,-0.028337,0.000002,0.000009,-0.000001,0.003266,0
20260810_154114_079,1,Unspecified,1215,2026-08-10T15:51:59.5571292+09:00,2026-08-10T15:52:00.0571292+09:00,645.478358,645.978358,30,30,-0.100080,-0.025639,0.000032,0.000303,-0.000043,0.018304,0
20260810_154114_079,1,Unspecified,1216,2026-08-10T15:52:00.0571292+09:00,2026-08-10T15:52:00.5571292+09:00,645.978358,646.478358,30,30,-0.081157,-0.028516,0.000240,0.000625,-0.000181,0.029409,0
20260810_154114_079,1,Unspecified,1217,2026-08-10T15:52:00.5571292+09:00,2026-08-10T15:52:01.0571292+09:00,646.478358,646.978358,30,30,-0.085927,-0.031091,0.000184,0.000485,0.000030,0.025866,0
20260810_154114_079,1,Unspecified,1218,2026-08-10T15:52:01.0571292+09:00,2026-08-10T15:52:01.5571292+09:00,646.978358,647.478358,30,30,-0.103552,-0.019375,0.000001,0.000003,0.000000,0.002000,0
20260810_154114_079,1,Unspecified,1219,2026-08-10T15:52:01.5571292+09:00,2026-08-10T15:52:02.0571292+09:00,647.478358,647.978358,30,30,-0.100981,-0.017938,0.000282,0.000172,-0.000158,0.021302,0
20260810_154114_079,1,Unspecified,1220,2026-08-10T15:52:02.0571292+09:00,2026-08-10T15:52:02.5571292+09:00,647.978358,648.478358,30,30,-0.095856,-0.030498,0.000288,0.000310,-0.000161,0.024457,0
20260810_154114_079,1,Unspecified,1221,2026-08-10T15:52:02.5571292+09:00,2026-08-10T15:52:03.0571292+09:00,648.478358,648.978358,30,30,-0.091415,-0.025838,0.000002,0.000005,-0.000001,0.002768,0
20260810_154114_079,1,Unspecified,1222,2026-08-10T15:52:03.0571292+09:00,2026-08-10T15:52:03.5571292+09:00,648.978358,649.478358,30,30,-0.092596,-0.027673,0.000109,0.000031,-0.000047,0.011815,0
20260810_154114_079,1,Unspecified,1223,2026-08-10T15:52:03.5571292+09:00,2026-08-10T15:52:04.0571292+09:00,649.478358,649.978358,30,30,-0.106922,-0.025547,0.000350,0.000984,-0.000430,0.036524,0
20260810_154114_079,1,Unspecified,1224,2026-08-10T15:52:04.0571292+09:00,2026-08-10T15:52:04.5571292+09:00,649.978358,650.478358,30,30,-0.098249,-0.035352,0.000205,0.000384,-0.000123,0.024266,0
20260810_154114_079,1,Unspecified,1225,2026-08-10T15:52:04.5571292+09:00,2026-08-10T15:52:05.0571292+09:00,650.478358,650.978358,30,30,-0.093908,-0.022559,0.000163,0.000376,-0.000131,0.023205,0
20260810_154114_079,1,Unspecified,1226,2026-08-10T15:52:05.0571292+09:00,2026-08-10T15:52:05.5571292+09:00,650.978358,651.478358,30,30,-0.084036,-0.022689,0.000003,0.000004,-0.000001,0.002747,0
20260810_154114_079,1,Unspecified,1227,2026-08-10T15:52:05.5571292+09:00,2026-08-10T15:52:06.0571292+09:00,651.478358,651.978358,30,30,-0.100961,-0.026950,0.000049,0.000262,0.000008,0.017658,0
20260810_154114_079,1,Unspecified,1228,2026-08-10T15:52:06.0571292+09:00,2026-08-10T15:52:06.5571292+09:00,651.978358,652.478358,30,30,-0.104172,-0.019801,0.000049,0.000016,-0.000023,0.008081,0
20260810_154114_079,1,Unspecified,1229,2026-08-10T15:52:06.5571292+09:00,2026-08-10T15:52:07.0571292+09:00,652.478358,652.978358,30,30,-0.100287,-0.034483,0.000414,0.000705,-0.000312,0.033454,0
20260810_154114_079,1,Unspecified,1230,2026-08-10T15:52:07.0571292+09:00,2026-08-10T15:52:07.5571292+09:00,652.978358,653.478358,30,30,-0.087823,-0.025081,0.000002,0.000003,-0.000001,0.002087,0
20260810_154114_079,1,Unspecified,1231,2026-08-10T15:52:07.5571292+09:00,2026-08-10T15:52:08.0571292+09:00,653.478358,653.978358,30,30,-0.094303,-0.031435,0.000072,0.000317,0.000013,0.019711,0
20260810_154114_079,1,Unspecified,1232,2026-08-10T15:52:08.0571292+09:00,2026-08-10T15:52:08.5571292+09:00,653.978358,654.478358,30,30,-0.092823,-0.047327,0.000057,0.000802,-0.000091,0.029307,0
20260810_154114_079,1,Unspecified,1233,2026-08-10T15:52:08.5571292+09:00,2026-08-10T15:52:09.0571292+09:00,654.478358,654.978358,30,30,-0.089316,-0.032067,0.000005,0.000048,0.000009,0.007273,0
20260810_154114_079,1,Unspecified,1234,2026-08-10T15:52:09.0571292+09:00,2026-08-10T15:52:09.5571292+09:00,654.978358,655.478358,30,30,-0.090280,-0.027026,0.000002,0.000010,-0.000002,0.003432,0
20260810_154114_079,1,Unspecified,1235,2026-08-10T15:52:09.5571292+09:00,2026-08-10T15:52:10.0571292+09:00,655.478358,655.978358,30,30,-0.091687,-0.026389,0.000001,0.000005,-0.000001,0.002498,0
20260810_154114_079,1,Unspecified,1236,2026-08-10T15:52:10.0571292+09:00,2026-08-10T15:52:10.5571292+09:00,655.978358,656.478358,30,30,-0.093407,-0.036105,0.000097,0.000376,-0.000093,0.021735,0
20260810_154114_079,1,Unspecified,1237,2026-08-10T15:52:10.5571292+09:00,2026-08-10T15:52:11.0571292+09:00,656.478358,656.978358,30,30,-0.090782,-0.033164,0.000001,0.000006,-0.000001,0.002713,0
20260810_154114_079,1,Unspecified,1238,2026-08-10T15:52:11.0571292+09:00,2026-08-10T15:52:11.5571292+09:00,656.978358,657.478358,30,30,-0.089412,-0.033746,0.000001,0.000009,-0.000002,0.003284,0
20260810_154114_079,1,Unspecified,1239,2026-08-10T15:52:11.5571292+09:00,2026-08-10T15:52:12.0571292+09:00,657.478358,657.978358,30,30,-0.091222,-0.041282,0.000045,0.000373,-0.000091,0.020445,0
20260810_154114_079,1,Unspecified,1240,2026-08-10T15:52:12.0571292+09:00,2026-08-10T15:52:12.5571292+09:00,657.978358,658.478358,30,30,-0.084289,-0.043096,0.000032,0.000327,-0.000021,0.018937,0
20260810_154114_079,1,Unspecified,1241,2026-08-10T15:52:12.5571292+09:00,2026-08-10T15:52:13.0571292+09:00,658.478358,658.978358,30,30,-0.094494,-0.041683,0.000052,0.000012,0.000022,0.007995,0
20260810_154114_079,1,Unspecified,1242,2026-08-10T15:52:13.0571292+09:00,2026-08-10T15:52:13.5571292+09:00,658.978358,659.478358,30,30,-0.102813,-0.046531,0.000002,0.000003,0.000001,0.002226,0
20260810_154114_079,1,Unspecified,1243,2026-08-10T15:52:13.5571292+09:00,2026-08-10T15:52:14.0571292+09:00,659.478358,659.978358,30,30,-0.091693,-0.042225,0.000051,0.000347,-0.000083,0.019948,0
20260810_154114_079,1,Unspecified,1244,2026-08-10T15:52:14.0571292+09:00,2026-08-10T15:52:14.5571292+09:00,659.978358,660.478358,30,30,-0.087877,-0.041616,0.000001,0.000003,0.000000,0.001993,0
20260810_154114_079,1,Unspecified,1245,2026-08-10T15:52:14.5571292+09:00,2026-08-10T15:52:15.0571292+09:00,660.478358,660.978358,30,30,-0.087343,-0.047001,0.000007,0.000174,-0.000003,0.013457,0
20260810_154114_079,1,Unspecified,1246,2026-08-10T15:52:15.0571292+09:00,2026-08-10T15:52:15.5571292+09:00,660.978358,661.478358,30,30,-0.089292,-0.041861,0.000002,0.000004,0.000001,0.002422,0
20260810_154114_079,1,Unspecified,1247,2026-08-10T15:52:15.5571292+09:00,2026-08-10T15:52:16.0571292+09:00,661.478358,661.978358,30,30,-0.093513,-0.052844,0.000306,0.000750,-0.000282,0.032497,0
20260810_154114_079,1,Unspecified,1248,2026-08-10T15:52:16.0571292+09:00,2026-08-10T15:52:16.5571292+09:00,661.978358,662.478358,30,30,-0.089875,-0.045199,0.000004,0.000004,-0.000001,0.002922,0
20260810_154114_079,1,Unspecified,1249,2026-08-10T15:52:16.5571292+09:00,2026-08-10T15:52:17.0571292+09:00,662.478358,662.978358,30,30,-0.086319,-0.046481,0.000001,0.000002,0.000000,0.001749,0
20260810_154114_079,1,Unspecified,1250,2026-08-10T15:52:17.0571292+09:00,2026-08-10T15:52:17.5571292+09:00,662.978358,663.478358,30,30,-0.090513,-0.040319,0.000149,0.000386,-0.000195,0.023136,0
20260810_154114_079,1,Unspecified,1251,2026-08-10T15:52:17.5571292+09:00,2026-08-10T15:52:18.0571292+09:00,663.478358,663.978358,30,30,-0.093663,-0.043758,0.000001,0.000223,-0.000007,0.014973,0
20260810_154114_079,1,Unspecified,1252,2026-08-10T15:52:18.0571292+09:00,2026-08-10T15:52:18.5571292+09:00,663.978358,664.478358,30,30,-0.093945,-0.041921,0.000001,0.000018,0.000000,0.004431,0
20260810_154114_079,1,Unspecified,1253,2026-08-10T15:52:18.5571292+09:00,2026-08-10T15:52:19.0571292+09:00,664.478358,664.978358,30,30,-0.091190,-0.040385,0.000212,0.000399,-0.000214,0.024711,0
20260810_154114_079,1,Unspecified,1254,2026-08-10T15:52:19.0571292+09:00,2026-08-10T15:52:19.5571292+09:00,664.978358,665.478358,30,30,-0.087067,-0.039648,0.000002,0.000006,0.000000,0.002856,0
20260810_154114_079,1,Unspecified,1255,2026-08-10T15:52:19.5571292+09:00,2026-08-10T15:52:20.0571292+09:00,665.478358,665.978358,30,30,-0.091001,-0.047747,0.000149,0.000430,-0.000172,0.024064,0
20260810_154114_079,1,Unspecified,1256,2026-08-10T15:52:20.0571292+09:00,2026-08-10T15:52:20.5571292+09:00,665.978358,666.478358,30,30,-0.088579,-0.042672,0.000002,0.000004,-0.000001,0.002463,0
20260810_154114_079,1,Unspecified,1257,2026-08-10T15:52:20.5571292+09:00,2026-08-10T15:52:21.0571292+09:00,666.478358,666.978358,30,30,-0.089682,-0.046674,0.000001,0.000002,0.000000,0.001786,0
20260810_154114_079,1,Unspecified,1258,2026-08-10T15:52:21.0571292+09:00,2026-08-10T15:52:21.5571292+09:00,666.978358,667.478358,30,30,-0.087297,-0.043758,0.000002,0.000004,0.000000,0.002497,0
20260810_154114_079,1,Unspecified,1259,2026-08-10T15:52:21.5571292+09:00,2026-08-10T15:52:22.0571292+09:00,667.478358,667.978358,31,31,-0.091067,-0.059385,0.000068,0.000791,-0.000006,0.029305,0
20260810_154114_079,1,Unspecified,1260,2026-08-10T15:52:22.0571292+09:00,2026-08-10T15:52:22.5571292+09:00,667.978358,668.478358,29,29,-0.092699,-0.051658,0.000018,0.000435,0.000051,0.021271,0
20260810_154114_079,1,Unspecified,1261,2026-08-10T15:52:22.5571292+09:00,2026-08-10T15:52:23.0571292+09:00,668.478358,668.978358,30,30,-0.095360,-0.043200,0.000002,0.000015,-0.000001,0.004174,0
20260810_154114_079,1,Unspecified,1262,2026-08-10T15:52:23.0571292+09:00,2026-08-10T15:52:23.5571292+09:00,668.978358,669.478358,30,30,-0.096507,-0.042510,0.000001,0.000017,0.000000,0.004251,0
20260810_154114_079,1,Unspecified,1263,2026-08-10T15:52:23.5571292+09:00,2026-08-10T15:52:24.0571292+09:00,669.478358,669.978358,30,30,-0.099305,-0.047181,0.000034,0.000704,-0.000025,0.027171,0
20260810_154114_079,1,Unspecified,1264,2026-08-10T15:52:24.0571292+09:00,2026-08-10T15:52:24.5571292+09:00,669.978358,670.478358,30,30,-0.102072,-0.041209,0.000136,0.000209,-0.000069,0.018586,0
20260810_154114_079,1,Unspecified,1265,2026-08-10T15:52:24.5571292+09:00,2026-08-10T15:52:25.0571292+09:00,670.478358,670.978358,30,30,-0.099486,-0.051751,0.000229,0.000550,-0.000214,0.027916,0
20260810_154114_079,1,Unspecified,1266,2026-08-10T15:52:25.0571292+09:00,2026-08-10T15:52:25.5571292+09:00,670.978358,671.478358,30,30,-0.077854,-0.050095,0.000006,0.000014,-0.000004,0.004497,0
20260810_154114_079,1,Unspecified,1267,2026-08-10T15:52:25.5571292+09:00,2026-08-10T15:52:26.0571292+09:00,671.478358,671.978358,30,30,-0.088553,-0.053473,0.000012,0.000501,-0.000009,0.022662,0
20260810_154114_079,1,Unspecified,1268,2026-08-10T15:52:26.0571292+09:00,2026-08-10T15:52:26.5571292+09:00,671.978358,672.478358,30,30,-0.094816,-0.046710,0.000034,0.000428,0.000029,0.021489,0
20260810_154114_079,1,Unspecified,1269,2026-08-10T15:52:26.5571292+09:00,2026-08-10T15:52:27.0571292+09:00,672.478358,672.978358,30,30,-0.094272,-0.036719,0.000056,0.000004,-0.000007,0.007684,0
20260810_154114_079,1,Unspecified,1270,2026-08-10T15:52:27.0571292+09:00,2026-08-10T15:52:27.5571292+09:00,672.978358,673.478358,30,30,-0.078703,-0.040102,0.000004,0.000007,0.000002,0.003220,0
20260810_154114_079,1,Unspecified,1271,2026-08-10T15:52:27.5571292+09:00,2026-08-10T15:52:28.0571292+09:00,673.478358,673.978358,31,31,-0.093787,-0.045273,0.000208,0.000392,-0.000149,0.024498,0
20260810_154114_079,1,Unspecified,1272,2026-08-10T15:52:28.0571292+09:00,2026-08-10T15:52:28.5571292+09:00,673.978358,674.478358,29,29,-0.089091,-0.042503,0.000004,0.000006,-0.000001,0.003086,0
20260810_154114_079,1,Unspecified,1273,2026-08-10T15:52:28.5571292+09:00,2026-08-10T15:52:29.0571292+09:00,674.478358,674.978358,30,30,-0.087126,-0.042144,0.000002,0.000002,0.000000,0.001969,0
20260810_154114_079,1,Unspecified,1274,2026-08-10T15:52:29.0571292+09:00,2026-08-10T15:52:29.5571292+09:00,674.978358,675.478358,30,30,-0.086984,-0.040847,0.000002,0.000002,0.000000,0.002155,0
20260810_154114_079,1,Unspecified,1275,2026-08-10T15:52:29.5571292+09:00,2026-08-10T15:52:30.0571292+09:00,675.478358,675.978358,30,30,-0.103072,-0.038891,0.000059,0.000328,0.000017,0.019677,0
20260810_154114_079,1,Unspecified,1276,2026-08-10T15:52:30.0571292+09:00,2026-08-10T15:52:30.5571292+09:00,675.978358,676.478358,30,30,-0.099326,-0.032692,0.000052,0.000093,-0.000067,0.012033,0
20260810_154114_079,1,Unspecified,1277,2026-08-10T15:52:30.5571292+09:00,2026-08-10T15:52:31.0571292+09:00,676.478358,676.978358,30,30,-0.092161,-0.043469,0.000003,0.000006,-0.000001,0.002970,0
20260810_154114_079,1,Unspecified,1278,2026-08-10T15:52:31.0571292+09:00,2026-08-10T15:52:31.5571292+09:00,676.978358,677.478358,30,30,-0.088561,-0.040383,0.000002,0.000008,0.000002,0.003227,0
20260810_154114_079,1,Unspecified,1279,2026-08-10T15:52:31.5571292+09:00,2026-08-10T15:52:32.0571292+09:00,677.478358,677.978358,30,30,-0.093000,-0.057920,0.000227,0.001051,-0.000285,0.035750,0
20260810_154114_079,1,Unspecified,1280,2026-08-10T15:52:32.0571292+09:00,2026-08-10T15:52:32.5571292+09:00,677.978358,678.478358,30,30,-0.094769,-0.050020,0.000043,0.000454,0.000000,0.022304,0
20260810_154114_079,1,Unspecified,1281,2026-08-10T15:52:32.5571292+09:00,2026-08-10T15:52:33.0571292+09:00,678.478358,678.978358,30,30,-0.090118,-0.043544,0.000003,0.000015,-0.000001,0.004271,0
20260810_154114_079,1,Unspecified,1282,2026-08-10T15:52:33.0571292+09:00,2026-08-10T15:52:33.5571292+09:00,678.978358,679.478358,30,30,-0.090797,-0.043619,0.000071,0.000140,-0.000036,0.014511,0
20260810_154114_079,1,Unspecified,1283,2026-08-10T15:52:33.5571292+09:00,2026-08-10T15:52:34.0571292+09:00,679.478358,679.978358,30,30,-0.109502,-0.044446,0.000535,0.000953,-0.000393,0.038582,0
20260810_154114_079,1,Unspecified,1284,2026-08-10T15:52:34.0571292+09:00,2026-08-10T15:52:34.5571292+09:00,679.978358,680.478358,30,30,-0.097321,-0.033365,0.000004,0.000007,0.000000,0.003201,0
20260810_154114_079,1,Unspecified,1285,2026-08-10T15:52:34.5571292+09:00,2026-08-10T15:52:35.0571292+09:00,680.478358,680.978358,30,30,-0.077995,-0.039132,0.000013,0.000006,-0.000004,0.004262,0
20260810_154114_079,1,Unspecified,1286,2026-08-10T15:52:35.0571292+09:00,2026-08-10T15:52:35.5571292+09:00,680.978358,681.478358,30,30,-0.077307,-0.038822,0.000001,0.000004,0.000000,0.002355,0
20260810_154114_079,1,Unspecified,1287,2026-08-10T15:52:35.5571292+09:00,2026-08-10T15:52:36.0571292+09:00,681.478358,681.978358,30,30,-0.087631,-0.040316,0.000009,0.000004,-0.000001,0.003645,0
20260810_154114_079,1,Unspecified,1288,2026-08-10T15:52:36.0571292+09:00,2026-08-10T15:52:36.5571292+09:00,681.978358,682.478358,30,30,-0.096640,-0.048194,0.000189,0.000870,-0.000002,0.032538,0
20260810_154114_079,1,Unspecified,1289,2026-08-10T15:52:36.5571292+09:00,2026-08-10T15:52:37.0571292+09:00,682.478358,682.978358,30,30,-0.102105,-0.035898,0.000010,0.000016,-0.000004,0.005074,0
20260810_154114_079,1,Unspecified,1290,2026-08-10T15:52:37.0571292+09:00,2026-08-10T15:52:37.5571292+09:00,682.978358,683.478358,30,30,-0.100855,-0.036865,0.000007,0.000003,-0.000001,0.003080,0
20260810_154114_079,1,Unspecified,1291,2026-08-10T15:52:37.5571292+09:00,2026-08-10T15:52:38.0571292+09:00,683.478358,683.978358,30,30,-0.087994,-0.041996,0.000232,0.000495,-0.000201,0.026975,0
20260810_154114_079,1,Unspecified,1292,2026-08-10T15:52:38.0571292+09:00,2026-08-10T15:52:38.5571292+09:00,683.978358,684.478358,30,30,-0.087313,-0.044988,0.000359,0.000522,-0.000100,0.029684,0
20260810_154114_079,1,Unspecified,1293,2026-08-10T15:52:38.5571292+09:00,2026-08-10T15:52:39.0571292+09:00,684.478358,684.978358,31,31,-0.080950,-0.043200,0.000005,0.000010,-0.000002,0.003875,0
20260810_154114_079,1,Unspecified,1294,2026-08-10T15:52:39.0571292+09:00,2026-08-10T15:52:39.5571292+09:00,684.978358,685.478358,29,29,-0.077483,-0.041692,0.000002,0.000010,0.000000,0.003454,0
20260810_154114_079,1,Unspecified,1295,2026-08-10T15:52:39.5571292+09:00,2026-08-10T15:52:40.0571292+09:00,685.478358,685.978358,30,30,-0.082172,-0.056221,0.000070,0.000558,0.000024,0.025054,0
20260810_154114_079,1,Unspecified,1296,2026-08-10T15:52:40.0571292+09:00,2026-08-10T15:52:40.5571292+09:00,685.978358,686.478358,30,30,-0.098678,-0.047245,0.000139,0.000706,-0.000207,0.029078,0
20260810_154114_079,1,Unspecified,1297,2026-08-10T15:52:40.5571292+09:00,2026-08-10T15:52:41.0571292+09:00,686.478358,686.978358,30,30,-0.079789,-0.045735,0.000225,0.000016,0.000037,0.015507,0
20260810_154114_079,1,Unspecified,1298,2026-08-10T15:52:41.0571292+09:00,2026-08-10T15:52:41.5571292+09:00,686.978358,687.478358,30,30,-0.068603,-0.045056,0.000002,0.000018,-0.000003,0.004497,0
20260810_154114_079,1,Unspecified,1299,2026-08-10T15:52:41.5571292+09:00,2026-08-10T15:52:42.0571292+09:00,687.478358,687.978358,30,30,-0.087921,-0.045771,0.000064,0.000494,-0.000054,0.023640,0
20260810_154114_079,1,Unspecified,1300,2026-08-10T15:52:42.0571292+09:00,2026-08-10T15:52:42.5571292+09:00,687.978358,688.478358,30,30,-0.099908,-0.048165,0.000242,0.000562,-0.000228,0.028348,0
20260810_154114_079,1,Unspecified,1301,2026-08-10T15:52:42.5571292+09:00,2026-08-10T15:52:43.0571292+09:00,688.478358,688.978358,30,30,-0.095068,-0.050621,0.000002,0.000005,0.000000,0.002772,0
20260810_154114_079,1,Unspecified,1302,2026-08-10T15:52:43.0571292+09:00,2026-08-10T15:52:43.5571292+09:00,688.978358,689.478358,30,30,-0.095984,-0.051261,0.000003,0.000002,0.000000,0.002190,0
20260810_154114_079,1,Unspecified,1303,2026-08-10T15:52:43.5571292+09:00,2026-08-10T15:52:44.0571292+09:00,689.478358,689.978358,30,30,-0.095160,-0.055537,0.000078,0.000336,0.000033,0.020359,0
20260810_154114_079,1,Unspecified,1304,2026-08-10T15:52:44.0571292+09:00,2026-08-10T15:52:44.5571292+09:00,689.978358,690.478358,30,30,-0.094219,-0.053015,0.000019,0.000247,0.000007,0.016313,0
20260810_154114_079,1,Unspecified,1305,2026-08-10T15:52:44.5571292+09:00,2026-08-10T15:52:45.0571292+09:00,690.478358,690.978358,30,30,-0.097610,-0.046431,0.000057,0.000103,-0.000068,0.012641,0
20260810_154114_079,1,Unspecified,1306,2026-08-10T15:52:45.0571292+09:00,2026-08-10T15:52:45.5571292+09:00,690.978358,691.478358,30,30,-0.087832,-0.055188,0.000033,0.000386,0.000097,0.020452,0
20260810_154114_079,1,Unspecified,1307,2026-08-10T15:52:45.5571292+09:00,2026-08-10T15:52:46.0571292+09:00,691.478358,691.978358,30,30,-0.091802,-0.052208,0.000165,0.000929,-0.000210,0.033079,0
20260810_154114_079,1,Unspecified,1308,2026-08-10T15:52:46.0571292+09:00,2026-08-10T15:52:46.5571292+09:00,691.978358,692.478358,30,30,-0.080677,-0.055619,0.000132,0.000446,0.000056,0.024030,0
20260810_154114_079,1,Unspecified,1309,2026-08-10T15:52:46.5571292+09:00,2026-08-10T15:52:47.0571292+09:00,692.478358,692.978358,30,30,-0.086176,-0.053957,0.000012,0.000206,0.000037,0.014772,0
20260810_154114_079,1,Unspecified,1310,2026-08-10T15:52:47.0571292+09:00,2026-08-10T15:52:47.5571292+09:00,692.978358,693.478358,30,30,-0.087844,-0.050050,0.000002,0.000007,0.000000,0.003051,0
20260810_154114_079,1,Unspecified,1311,2026-08-10T15:52:47.5571292+09:00,2026-08-10T15:52:48.0571292+09:00,693.478358,693.978358,30,30,-0.093707,-0.057573,0.000066,0.000440,-0.000029,0.022477,0
20260810_154114_079,1,Unspecified,1312,2026-08-10T15:52:48.0571292+09:00,2026-08-10T15:52:48.5571292+09:00,693.978358,694.478358,30,30,-0.091108,-0.049111,0.000073,0.000554,-0.000042,0.025038,0
20260810_154114_079,1,Unspecified,1313,2026-08-10T15:52:48.5571292+09:00,2026-08-10T15:52:49.0571292+09:00,694.478358,694.978358,30,30,-0.091907,-0.054439,0.000003,0.000003,0.000000,0.002337,0
20260810_154114_079,1,Unspecified,1314,2026-08-10T15:52:49.0571292+09:00,2026-08-10T15:52:49.5571292+09:00,694.978358,695.478358,30,30,-0.091909,-0.050416,0.000004,0.000006,-0.000002,0.003157,0
20260810_154114_079,1,Unspecified,1315,2026-08-10T15:52:49.5571292+09:00,2026-08-10T15:52:50.0571292+09:00,695.478358,695.978358,30,30,-0.091835,-0.047591,0.000076,0.000239,0.000012,0.017767,0
20260810_154114_079,1,Unspecified,1316,2026-08-10T15:52:50.0571292+09:00,2026-08-10T15:52:50.5571292+09:00,695.978358,696.478358,30,30,-0.092681,-0.040322,0.000307,0.000725,-0.000331,0.032134,0
20260810_154114_079,1,Unspecified,1317,2026-08-10T15:52:50.5571292+09:00,2026-08-10T15:52:51.0571292+09:00,696.478358,696.978358,30,30,-0.085370,-0.050561,0.000103,0.000385,-0.000028,0.022096,0
20260810_154114_079,1,Unspecified,1318,2026-08-10T15:52:51.0571292+09:00,2026-08-10T15:52:51.5571292+09:00,696.978358,697.478358,30,30,-0.083064,-0.046113,0.000003,0.000012,-0.000001,0.003810,0
20260810_154114_079,1,Unspecified,1319,2026-08-10T15:52:51.5571292+09:00,2026-08-10T15:52:52.0571292+09:00,697.478358,697.978358,30,30,-0.086187,-0.054872,0.000199,0.000745,-0.000182,0.030726,0
20260810_154114_079,1,Unspecified,1320,2026-08-10T15:52:52.0571292+09:00,2026-08-10T15:52:52.5571292+09:00,697.978358,698.478358,30,30,-0.078108,-0.062697,0.000028,0.000562,-0.000017,0.024282,0
20260810_154114_079,1,Unspecified,1321,2026-08-10T15:52:52.5571292+09:00,2026-08-10T15:52:53.0571292+09:00,698.478358,698.978358,30,30,-0.072048,-0.048982,0.000005,0.000034,-0.000003,0.006263,0
20260810_154114_079,1,Unspecified,1322,2026-08-10T15:52:53.0571292+09:00,2026-08-10T15:52:53.5571292+09:00,698.978358,699.478358,30,30,-0.071169,-0.046519,0.000007,0.000022,0.000010,0.005373,0
20260810_154114_079,1,Unspecified,1323,2026-08-10T15:52:53.5571292+09:00,2026-08-10T15:52:54.0571292+09:00,699.478358,699.978358,30,30,-0.091465,-0.064358,0.000295,0.000683,-0.000124,0.031264,0
20260810_154114_079,1,Unspecified,1324,2026-08-10T15:52:54.0571292+09:00,2026-08-10T15:52:54.5571292+09:00,699.978358,700.478358,30,30,-0.087521,-0.045577,0.000004,0.000007,0.000001,0.003216,0
20260810_154114_079,1,Unspecified,1325,2026-08-10T15:52:54.5571292+09:00,2026-08-10T15:52:55.0571292+09:00,700.478358,700.978358,30,30,-0.087312,-0.056875,0.000177,0.000428,-0.000022,0.024595,0
20260810_154114_079,1,Unspecified,1326,2026-08-10T15:52:55.0571292+09:00,2026-08-10T15:52:55.5571292+09:00,700.978358,701.478358,30,30,-0.080593,-0.051343,0.000002,0.000007,0.000000,0.003112,0
20260810_154114_079,1,Unspecified,1327,2026-08-10T15:52:55.5571292+09:00,2026-08-10T15:52:56.0571292+09:00,701.478358,701.978358,31,31,-0.081868,-0.052598,0.000064,0.000314,-0.000054,0.019424,0
20260810_154114_079,1,Unspecified,1328,2026-08-10T15:52:56.0571292+09:00,2026-08-10T15:52:56.5571292+09:00,701.978358,702.478358,29,29,-0.086873,-0.044893,0.000267,0.000557,-0.000318,0.028710,0
20260810_154114_079,1,Unspecified,1329,2026-08-10T15:52:56.5571292+09:00,2026-08-10T15:52:57.0571292+09:00,702.478358,702.978358,30,30,-0.085933,-0.052720,0.000096,0.000308,-0.000013,0.020118,0
20260810_154114_079,1,Unspecified,1330,2026-08-10T15:52:57.0571292+09:00,2026-08-10T15:52:57.5571292+09:00,702.978358,703.478358,30,30,-0.081559,-0.050968,0.000001,0.000015,0.000000,0.003996,0
20260810_154114_079,1,Unspecified,1331,2026-08-10T15:52:57.5571292+09:00,2026-08-10T15:52:58.0571292+09:00,703.478358,703.978358,30,30,-0.084765,-0.053156,0.000087,0.000380,-0.000017,0.021608,0
20260810_154114_079,1,Unspecified,1332,2026-08-10T15:52:58.0571292+09:00,2026-08-10T15:52:58.5571292+09:00,703.978358,704.478358,30,30,-0.088216,-0.046528,0.000175,0.000895,-0.000259,0.032706,0
20260810_154114_079,1,Unspecified,1333,2026-08-10T15:52:58.5571292+09:00,2026-08-10T15:52:59.0571292+09:00,704.478358,704.978358,30,30,-0.082051,-0.043772,0.000002,0.000010,0.000000,0.003493,0
20260810_154114_079,1,Unspecified,1334,2026-08-10T15:52:59.0571292+09:00,2026-08-10T15:52:59.5571292+09:00,704.978358,705.478358,30,30,-0.079173,-0.043830,0.000005,0.000013,-0.000004,0.004264,0
20260810_154114_079,1,Unspecified,1335,2026-08-10T15:52:59.5571292+09:00,2026-08-10T15:53:00.0571292+09:00,705.478358,705.978358,30,30,-0.088540,-0.062523,0.000206,0.000757,-0.000358,0.031028,0
20260810_154114_079,1,Unspecified,1336,2026-08-10T15:53:00.0571292+09:00,2026-08-10T15:53:00.5571292+09:00,705.978358,706.478358,30,30,-0.092985,-0.054922,0.000107,0.000704,-0.000136,0.028480,0
20260810_154114_079,1,Unspecified,1337,2026-08-10T15:53:00.5571292+09:00,2026-08-10T15:53:01.0571292+09:00,706.478358,706.978358,30,30,-0.092320,-0.049720,0.000003,0.000016,0.000000,0.004395,0
20260810_154114_079,1,Unspecified,1338,2026-08-10T15:53:01.0571292+09:00,2026-08-10T15:53:01.5571292+09:00,706.978358,707.478358,30,30,-0.091281,-0.048930,0.000001,0.000010,-0.000001,0.003383,0
20260810_154114_079,1,Unspecified,1339,2026-08-10T15:53:01.5571292+09:00,2026-08-10T15:53:02.0571292+09:00,707.478358,707.978358,30,30,-0.084456,-0.055250,0.000288,0.000599,-0.000321,0.029788,0
20260810_154114_079,1,Unspecified,1340,2026-08-10T15:53:02.0571292+09:00,2026-08-10T15:53:02.5571292+09:00,707.978358,708.478358,30,30,-0.077140,-0.054074,0.000132,0.000290,0.000012,0.020541,0
20260810_154114_079,1,Unspecified,1341,2026-08-10T15:53:02.5571292+09:00,2026-08-10T15:53:03.0571292+09:00,708.478358,708.978358,30,30,-0.088241,-0.051326,0.000002,0.000009,0.000001,0.003291,0
20260810_154114_079,1,Unspecified,1342,2026-08-10T15:53:03.0571292+09:00,2026-08-10T15:53:03.5571292+09:00,708.978358,709.478358,30,30,-0.088239,-0.050266,0.000001,0.000004,0.000000,0.002151,0
20260810_154114_079,1,Unspecified,1343,2026-08-10T15:53:03.5571292+09:00,2026-08-10T15:53:04.0571292+09:00,709.478358,709.978358,30,30,-0.102836,-0.042080,0.000711,0.000543,-0.000464,0.035414,0
20260810_154114_079,1,Unspecified,1344,2026-08-10T15:53:04.0571292+09:00,2026-08-10T15:53:04.5571292+09:00,709.978358,710.478358,30,30,-0.087918,-0.052733,0.000261,0.000596,-0.000237,0.029259,0
20260810_154114_079,1,Unspecified,1345,2026-08-10T15:53:04.5571292+09:00,2026-08-10T15:53:05.0571292+09:00,710.478358,710.978358,30,30,-0.084855,-0.047081,0.000045,0.000308,-0.000060,0.018782,0
20260810_154114_079,1,Unspecified,1346,2026-08-10T15:53:05.0571292+09:00,2026-08-10T15:53:05.5571292+09:00,710.978358,711.478358,30,30,-0.083705,-0.043047,0.000002,0.000010,-0.000002,0.003467,0
20260810_154114_079,1,Unspecified,1347,2026-08-10T15:53:05.5571292+09:00,2026-08-10T15:53:06.0571292+09:00,711.478358,711.978358,30,30,-0.094130,-0.048443,0.000079,0.000326,0.000083,0.020144,0
20260810_154114_079,1,Unspecified,1348,2026-08-10T15:53:06.0571292+09:00,2026-08-10T15:53:06.5571292+09:00,711.978358,712.478358,30,30,-0.095697,-0.031279,0.000003,0.000005,0.000000,0.002815,0
20260810_154114_079,1,Unspecified,1349,2026-08-10T15:53:06.5571292+09:00,2026-08-10T15:53:07.0571292+09:00,712.478358,712.978358,30,30,-0.091123,-0.040900,0.000300,0.000013,-0.000020,0.017686,0
20260810_154114_079,1,Unspecified,1350,2026-08-10T15:53:07.0571292+09:00,2026-08-10T15:53:07.5571292+09:00,712.978358,713.478358,30,30,-0.068308,-0.044606,0.000003,0.000011,-0.000002,0.003660,0
20260810_154114_079,1,Unspecified,1351,2026-08-10T15:53:07.5571292+09:00,2026-08-10T15:53:08.0571292+09:00,713.478358,713.978358,30,30,-0.087692,-0.061623,0.000126,0.000644,-0.000069,0.027746,0
20260810_154114_079,1,Unspecified,1352,2026-08-10T15:53:08.0571292+09:00,2026-08-10T15:53:08.5571292+09:00,713.978358,714.478358,30,30,-0.082903,-0.046300,0.000078,0.000295,-0.000095,0.019313,0
20260810_154114_079,1,Unspecified,1353,2026-08-10T15:53:08.5571292+09:00,2026-08-10T15:53:09.0571292+09:00,714.478358,714.978358,30,30,-0.077245,-0.047569,0.000003,0.000006,-0.000001,0.002963,0
20260810_154114_079,1,Unspecified,1354,2026-08-10T15:53:09.0571292+09:00,2026-08-10T15:53:09.5571292+09:00,714.978358,715.478358,30,30,-0.075421,-0.044293,0.000003,0.000006,0.000000,0.002968,0
20260810_154114_079,1,Unspecified,1355,2026-08-10T15:53:09.5571292+09:00,2026-08-10T15:53:10.0571292+09:00,715.478358,715.978358,30,30,-0.090435,-0.063569,0.000182,0.000632,0.000017,0.028533,0
20260810_154114_079,1,Unspecified,1356,2026-08-10T15:53:10.0571292+09:00,2026-08-10T15:53:10.5571292+09:00,715.978358,716.478358,30,30,-0.082016,-0.050891,0.000048,0.000420,0.000115,0.021634,0
20260810_154114_079,1,Unspecified,1357,2026-08-10T15:53:10.5571292+09:00,2026-08-10T15:53:11.0571292+09:00,716.478358,716.978358,30,30,-0.083106,-0.047269,0.000012,0.000174,0.000036,0.013654,0
20260810_154114_079,1,Unspecified,1358,2026-08-10T15:53:11.0571292+09:00,2026-08-10T15:53:11.5571292+09:00,716.978358,717.478358,30,30,-0.083593,-0.043779,0.000002,0.000015,0.000003,0.004216,0
20260810_154114_079,1,Unspecified,1359,2026-08-10T15:53:11.5571292+09:00,2026-08-10T15:53:12.0571292+09:00,717.478358,717.978358,30,30,-0.086615,-0.056083,0.000209,0.000632,-0.000157,0.028997,0
20260810_154114_079,1,Unspecified,1360,2026-08-10T15:53:12.0571292+09:00,2026-08-10T15:53:12.5571292+09:00,717.978358,718.478358,30,30,-0.088673,-0.044543,0.000370,0.000446,-0.000093,0.028572,0
20260810_154114_079,1,Unspecified,1361,2026-08-10T15:53:12.5571292+09:00,2026-08-10T15:53:13.0571292+09:00,718.478358,718.978358,30,30,-0.091311,-0.052510,0.000105,0.000436,-0.000063,0.023275,0
20260810_154114_079,1,Unspecified,1362,2026-08-10T15:53:13.0571292+09:00,2026-08-10T15:53:13.5571292+09:00,718.978358,719.478358,30,30,-0.085121,-0.047500,0.000002,0.000015,-0.000001,0.004187,0
20260810_154114_079,1,Unspecified,1363,2026-08-10T15:53:13.5571292+09:00,2026-08-10T15:53:14.0571292+09:00,719.478358,719.978358,30,30,-0.090394,-0.047144,0.000337,0.000519,-0.000293,0.029255,0
20260810_154114_079,1,Unspecified,1364,2026-08-10T15:53:14.0571292+09:00,2026-08-10T15:53:14.5571292+09:00,719.978358,720.478358,31,31,-0.088895,-0.043058,0.000236,0.000265,-0.000192,0.022394,0
20260810_154114_079,1,Unspecified,1365,2026-08-10T15:53:14.5571292+09:00,2026-08-10T15:53:15.0571292+09:00,720.478358,720.978358,29,29,-0.090872,-0.048565,0.000237,0.000279,-0.000062,0.022714,0
20260810_154114_079,1,Unspecified,1366,2026-08-10T15:53:15.0571292+09:00,2026-08-10T15:53:15.5571292+09:00,720.978358,721.478358,30,30,-0.086089,-0.044699,0.000001,0.000014,0.000000,0.003780,0
20260810_154114_079,1,Unspecified,1367,2026-08-10T15:53:15.5571292+09:00,2026-08-10T15:53:16.0571292+09:00,721.478358,721.978358,30,30,-0.090188,-0.050685,0.000339,0.001062,-0.000466,0.037422,0
20260810_154114_079,1,Unspecified,1368,2026-08-10T15:53:16.0571292+09:00,2026-08-10T15:53:16.5571292+09:00,721.978358,722.478358,30,30,-0.078535,-0.056883,0.000061,0.000605,-0.000071,0.025822,0
20260810_154114_079,1,Unspecified,1369,2026-08-10T15:53:16.5571292+09:00,2026-08-10T15:53:17.0571292+09:00,722.478358,722.978358,30,30,-0.082336,-0.053057,0.000053,0.000473,0.000046,0.022934,0
20260810_154114_079,1,Unspecified,1370,2026-08-10T15:53:17.0571292+09:00,2026-08-10T15:53:17.5571292+09:00,722.978358,723.478358,30,30,-0.076675,-0.045316,0.000013,0.000006,-0.000001,0.004383,0
20260810_154114_079,1,Unspecified,1371,2026-08-10T15:53:17.5571292+09:00,2026-08-10T15:53:18.0571292+09:00,723.478358,723.978358,30,30,-0.093118,-0.044305,0.000118,0.000011,0.000000,0.011343,0
20260810_154114_079,1,Unspecified,1372,2026-08-10T15:53:18.0571292+09:00,2026-08-10T15:53:18.5571292+09:00,723.978358,724.478358,30,30,-0.094424,-0.068527,0.000215,0.000928,-0.000185,0.033801,0
20260810_154114_079,1,Unspecified,1373,2026-08-10T15:53:18.5571292+09:00,2026-08-10T15:53:19.0571292+09:00,724.478358,724.978358,30,30,-0.089905,-0.046391,0.000005,0.000006,-0.000001,0.003250,0
20260810_154114_079,1,Unspecified,1374,2026-08-10T15:53:19.0571292+09:00,2026-08-10T15:53:19.5571292+09:00,724.978358,725.478358,30,30,-0.089293,-0.045987,0.000003,0.000007,-0.000001,0.003289,0
20260810_154114_079,1,Unspecified,1375,2026-08-10T15:53:19.5571292+09:00,2026-08-10T15:53:20.0571292+09:00,725.478358,725.978358,30,30,-0.081351,-0.063074,0.000111,0.000651,-0.000162,0.027595,0
20260810_154114_079,1,Unspecified,1376,2026-08-10T15:53:20.0571292+09:00,2026-08-10T15:53:20.5571292+09:00,725.978358,726.478358,30,30,-0.080747,-0.049320,0.000045,0.000280,-0.000053,0.018034,0
20260810_154114_079,1,Unspecified,1377,2026-08-10T15:53:20.5571292+09:00,2026-08-10T15:53:21.0571292+09:00,726.478358,726.978358,30,30,-0.075713,-0.058794,0.000044,0.000487,-0.000035,0.023035,0
20260810_154114_079,1,Unspecified,1378,2026-08-10T15:53:21.0571292+09:00,2026-08-10T15:53:21.5571292+09:00,726.978358,727.478358,30,30,-0.075661,-0.043678,0.000007,0.000023,0.000000,0.005409,0
20260810_154114_079,1,Unspecified,1379,2026-08-10T15:53:21.5571292+09:00,2026-08-10T15:53:22.0571292+09:00,727.478358,727.978358,30,30,-0.090826,-0.051774,0.000240,0.000877,-0.000276,0.033420,0
20260810_154114_079,1,Unspecified,1380,2026-08-10T15:53:22.0571292+09:00,2026-08-10T15:53:22.5571292+09:00,727.978358,728.478358,30,30,-0.078876,-0.063223,0.000098,0.000650,0.000151,0.027340,0
20260810_154114_079,1,Unspecified,1381,2026-08-10T15:53:22.5571292+09:00,2026-08-10T15:53:23.0571292+09:00,728.478358,728.978358,30,30,-0.081452,-0.057091,0.000045,0.000309,-0.000031,0.018809,0
20260810_154114_079,1,Unspecified,1382,2026-08-10T15:53:23.0571292+09:00,2026-08-10T15:53:23.5571292+09:00,728.978358,729.478358,30,30,-0.075932,-0.052119,0.000004,0.000006,0.000000,0.003200,0
20260810_154114_079,1,Unspecified,1383,2026-08-10T15:53:23.5571292+09:00,2026-08-10T15:53:24.0571292+09:00,729.478358,729.978358,30,30,-0.094436,-0.060119,0.000070,0.000273,0.000044,0.018512,0
20260810_154114_079,1,Unspecified,1384,2026-08-10T15:53:24.0571292+09:00,2026-08-10T15:53:24.5571292+09:00,729.978358,730.478358,30,30,-0.092580,-0.057201,0.000131,0.000908,-0.000192,0.032229,0
20260810_154114_079,1,Unspecified,1385,2026-08-10T15:53:24.5571292+09:00,2026-08-10T15:53:25.0571292+09:00,730.478358,730.978358,30,30,-0.090265,-0.046637,0.000001,0.000009,-0.000001,0.003120,0
20260810_154114_079,1,Unspecified,1386,2026-08-10T15:53:25.0571292+09:00,2026-08-10T15:53:25.5571292+09:00,730.978358,731.478358,30,30,-0.084676,-0.047533,0.000003,0.000010,-0.000002,0.003630,0
20260810_154114_079,1,Unspecified,1387,2026-08-10T15:53:25.5571292+09:00,2026-08-10T15:53:26.0571292+09:00,731.478358,731.978358,31,31,-0.098999,-0.041984,0.000353,0.000751,-0.000381,0.033227,0
20260810_154114_079,1,Unspecified,1388,2026-08-10T15:53:26.0571292+09:00,2026-08-10T15:53:26.5571292+09:00,731.978358,732.478358,29,29,-0.085437,-0.047513,0.000241,0.000447,-0.000210,0.026226,0
20260810_154114_079,1,Unspecified,1389,2026-08-10T15:53:26.5571292+09:00,2026-08-10T15:53:27.0571292+09:00,732.478358,732.978358,30,30,-0.080499,-0.041941,0.000001,0.000005,0.000000,0.002357,0
20260810_154114_079,1,Unspecified,1390,2026-08-10T15:53:27.0571292+09:00,2026-08-10T15:53:27.5571292+09:00,732.978358,733.478358,30,30,-0.081409,-0.040568,0.000020,0.000153,-0.000028,0.013182,0
20260810_154114_079,1,Unspecified,1391,2026-08-10T15:53:27.5571292+09:00,2026-08-10T15:53:28.0571292+09:00,733.478358,733.978358,30,30,-0.087787,-0.046292,0.000084,0.000323,-0.000013,0.020181,0
20260810_154114_079,1,Unspecified,1392,2026-08-10T15:53:28.0571292+09:00,2026-08-10T15:53:28.5571292+09:00,733.978358,734.478358,30,30,-0.092374,-0.044103,0.000353,0.000445,-0.000266,0.028257,0
20260810_154114_079,1,Unspecified,1393,2026-08-10T15:53:28.5571292+09:00,2026-08-10T15:53:29.0571292+09:00,734.478358,734.978358,30,30,-0.081925,-0.049994,0.000003,0.000009,-0.000001,0.003449,0
20260810_154114_079,1,Unspecified,1394,2026-08-10T15:53:29.0571292+09:00,2026-08-10T15:53:29.5571292+09:00,734.978358,735.478358,30,30,-0.081468,-0.044016,0.000002,0.000021,0.000000,0.004817,0
20260810_154114_079,1,Unspecified,1395,2026-08-10T15:53:29.5571292+09:00,2026-08-10T15:53:30.0571292+09:00,735.478358,735.978358,30,30,-0.084894,-0.040636,0.000036,0.000008,-0.000011,0.006684,0
20260810_154114_079,1,Unspecified,1396,2026-08-10T15:53:30.0571292+09:00,2026-08-10T15:53:30.5571292+09:00,735.978358,736.478358,30,30,-0.084740,-0.056538,0.000086,0.000361,-0.000089,0.021143,0
20260810_154114_079,1,Unspecified,1397,2026-08-10T15:53:30.5571292+09:00,2026-08-10T15:53:31.0571292+09:00,736.478358,736.978358,30,30,-0.072979,-0.048290,0.000003,0.000008,-0.000003,0.003407,0
20260810_154114_079,1,Unspecified,1398,2026-08-10T15:53:31.0571292+09:00,2026-08-10T15:53:31.5571292+09:00,736.978358,737.478358,30,30,-0.070398,-0.052043,0.000002,0.000003,0.000000,0.002212,0
20260810_154114_079,1,Unspecified,1399,2026-08-10T15:53:31.5571292+09:00,2026-08-10T15:53:32.0571292+09:00,737.478358,737.978358,31,31,-0.066890,-0.043653,0.000003,0.000009,0.000002,0.003488,0
20260810_154114_079,1,Unspecified,1400,2026-08-10T15:53:32.0571292+09:00,2026-08-10T15:53:32.5571292+09:00,737.978358,738.478358,29,29,-0.077152,-0.058172,0.000090,0.000745,-0.000136,0.028898,0
20260810_154114_079,1,Unspecified,1401,2026-08-10T15:53:32.5571292+09:00,2026-08-10T15:53:33.0571292+09:00,738.478358,738.978358,30,30,-0.078620,-0.044063,0.000090,0.000061,-0.000053,0.012307,0
20260810_154114_079,1,Unspecified,1402,2026-08-10T15:53:33.0571292+09:00,2026-08-10T15:53:33.5571292+09:00,738.978358,739.478358,30,30,-0.077501,-0.042691,0.000078,0.000151,-0.000034,0.015119,0
20260810_154114_079,1,Unspecified,1403,2026-08-10T15:53:33.5571292+09:00,2026-08-10T15:53:34.0571292+09:00,739.478358,739.978358,30,30,-0.087222,-0.041253,0.000382,0.000751,-0.000415,0.033658,0
20260810_154114_079,1,Unspecified,1404,2026-08-10T15:53:34.0571292+09:00,2026-08-10T15:53:34.5571292+09:00,739.978358,740.478358,30,30,-0.081904,-0.045251,0.000288,0.000572,-0.000248,0.029322,0
20260810_154114_079,1,Unspecified,1405,2026-08-10T15:53:34.5571292+09:00,2026-08-10T15:53:35.0571292+09:00,740.478358,740.978358,30,30,-0.067923,-0.066624,0.000028,0.000671,0.000037,0.026433,0
20260810_154114_079,1,Unspecified,1406,2026-08-10T15:53:35.0571292+09:00,2026-08-10T15:53:35.5571292+09:00,740.978358,741.478358,30,30,-0.074551,-0.040780,0.000007,0.000068,-0.000019,0.008646,0
20260810_154114_079,1,Unspecified,1407,2026-08-10T15:53:35.5571292+09:00,2026-08-10T15:53:36.0571292+09:00,741.478358,741.978358,30,30,-0.074902,-0.039179,0.000002,0.000059,0.000000,0.007858,0
20260810_154114_079,1,Unspecified,1408,2026-08-10T15:53:36.0571292+09:00,2026-08-10T15:53:36.5571292+09:00,741.978358,742.478358,30,30,-0.082131,-0.047042,0.000114,0.000452,-0.000060,0.023808,0
20260810_154114_079,1,Unspecified,1409,2026-08-10T15:53:36.5571292+09:00,2026-08-10T15:53:37.0571292+09:00,742.478358,742.978358,30,30,-0.078753,-0.047868,0.000161,0.000610,-0.000106,0.027771,0
20260810_154114_079,1,Unspecified,1410,2026-08-10T15:53:37.0571292+09:00,2026-08-10T15:53:37.5571292+09:00,742.978358,743.478358,31,31,-0.068065,-0.044418,0.000003,0.000016,-0.000002,0.004396,0
20260810_154114_079,1,Unspecified,1411,2026-08-10T15:53:37.5571292+09:00,2026-08-10T15:53:38.0571292+09:00,743.478358,743.978358,29,29,-0.069886,-0.055850,0.000012,0.000342,0.000030,0.018794,0
20260810_154114_079,1,Unspecified,1412,2026-08-10T15:53:38.0571292+09:00,2026-08-10T15:53:38.5571292+09:00,743.978358,744.478358,30,30,-0.077304,-0.052961,0.000025,0.000020,0.000017,0.006704,0
20260810_154114_079,1,Unspecified,1413,2026-08-10T15:53:38.5571292+09:00,2026-08-10T15:53:39.0571292+09:00,744.478358,744.978358,30,30,-0.087655,-0.058664,0.000034,0.000290,-0.000021,0.018001,0
20260810_154114_079,1,Unspecified,1414,2026-08-10T15:53:39.0571292+09:00,2026-08-10T15:53:39.5571292+09:00,744.978358,745.478358,30,30,-0.084051,-0.053615,0.000002,0.000004,0.000000,0.002389,0
20260810_154114_079,1,Unspecified,1415,2026-08-10T15:53:39.5571292+09:00,2026-08-10T15:53:40.0571292+09:00,745.478358,745.978358,30,30,-0.083491,-0.064326,0.000006,0.000480,0.000002,0.022049,0
20260810_154114_079,1,Unspecified,1416,2026-08-10T15:53:40.0571292+09:00,2026-08-10T15:53:40.5571292+09:00,745.978358,746.478358,30,30,-0.086079,-0.051993,0.000004,0.000007,0.000000,0.003237,0
20260810_154114_079,1,Unspecified,1417,2026-08-10T15:53:40.5571292+09:00,2026-08-10T15:53:41.0571292+09:00,746.478358,746.978358,30,30,-0.080212,-0.057256,0.000012,0.000434,-0.000023,0.021107,0
20260810_154114_079,1,Unspecified,1418,2026-08-10T15:53:41.0571292+09:00,2026-08-10T15:53:41.5571292+09:00,746.978358,747.478358,30,30,-0.083303,-0.038829,0.000003,0.000003,-0.000001,0.002510,0
20260810_154114_079,1,Unspecified,1419,2026-08-10T15:53:41.5571292+09:00,2026-08-10T15:53:42.0571292+09:00,747.478358,747.978358,30,30,-0.084236,-0.040056,0.000007,0.000004,0.000001,0.003289,0
20260810_154114_079,1,Unspecified,1420,2026-08-10T15:53:42.0571292+09:00,2026-08-10T15:53:42.5571292+09:00,747.978358,748.478358,30,30,-0.104006,-0.042983,0.000659,0.000853,-0.000604,0.038885,0
20260810_154114_079,1,Unspecified,1421,2026-08-10T15:53:42.5571292+09:00,2026-08-10T15:53:43.0571292+09:00,748.478358,748.978358,30,30,-0.087662,-0.051043,0.000002,0.000018,0.000002,0.004563,0
20260810_154114_079,1,Unspecified,1422,2026-08-10T15:53:43.0571292+09:00,2026-08-10T15:53:43.5571292+09:00,748.978358,749.478358,30,30,-0.089770,-0.055681,0.000002,0.000009,0.000000,0.003225,0
20260810_154114_079,1,Unspecified,1423,2026-08-10T15:53:43.5571292+09:00,2026-08-10T15:53:44.0571292+09:00,749.478358,749.978358,30,30,-0.091945,-0.053147,0.000003,0.000004,-0.000002,0.002621,0
20260810_154114_079,1,Unspecified,1424,2026-08-10T15:53:44.0571292+09:00,2026-08-10T15:53:44.5571292+09:00,749.978358,750.478358,30,30,-0.084077,-0.055247,0.000101,0.000372,-0.000096,0.021727,0
20260810_154114_079,1,Unspecified,1425,2026-08-10T15:53:44.5571292+09:00,2026-08-10T15:53:45.0571292+09:00,750.478358,750.978358,30,30,-0.079042,-0.050883,0.000003,0.000003,-0.000001,0.002397,0
20260810_154114_079,1,Unspecified,1426,2026-08-10T15:53:45.0571292+09:00,2026-08-10T15:53:45.5571292+09:00,750.978358,751.478358,30,30,-0.085411,-0.050870,0.000007,0.000084,0.000001,0.009586,0
20260810_154114_079,1,Unspecified,1427,2026-08-10T15:53:45.5571292+09:00,2026-08-10T15:53:46.0571292+09:00,751.478358,751.978358,30,30,-0.091560,-0.048555,0.000329,0.000751,-0.000248,0.032855,0
20260810_154114_079,1,Unspecified,1428,2026-08-10T15:53:46.0571292+09:00,2026-08-10T15:53:46.5571292+09:00,751.978358,752.478358,30,30,-0.086067,-0.049257,0.000229,0.000523,-0.000224,0.027423,0
20260810_154114_079,1,Unspecified,1429,2026-08-10T15:53:46.5571292+09:00,2026-08-10T15:53:47.0571292+09:00,752.478358,752.978358,30,30,-0.081995,-0.050364,0.000006,0.000159,-0.000020,0.012842,0
20260810_154114_079,1,Unspecified,1430,2026-08-10T15:53:47.0571292+09:00,2026-08-10T15:53:47.5571292+09:00,752.978358,753.478358,30,30,-0.083004,-0.046547,0.000004,0.000003,-0.000002,0.002671,0
20260810_154114_079,1,Unspecified,1431,2026-08-10T15:53:47.5571292+09:00,2026-08-10T15:53:48.0571292+09:00,753.478358,753.978358,30,30,-0.087916,-0.049018,0.000076,0.000416,-0.000067,0.022175,0
20260810_154114_079,1,Unspecified,1432,2026-08-10T15:53:48.0571292+09:00,2026-08-10T15:53:48.5571292+09:00,753.978358,754.478358,30,30,-0.092630,-0.036311,0.000218,0.000603,-0.000270,0.028654,0
20260810_154114_079,1,Unspecified,1433,2026-08-10T15:53:48.5571292+09:00,2026-08-10T15:53:49.0571292+09:00,754.478358,754.978358,30,30,-0.087497,-0.050367,0.000004,0.000009,0.000000,0.003557,0
20260810_154114_079,1,Unspecified,1434,2026-08-10T15:53:49.0571292+09:00,2026-08-10T15:53:49.5571292+09:00,754.978358,755.478358,30,30,-0.086847,-0.047651,0.000002,0.000003,-0.000001,0.002299,0
20260810_154114_079,1,Unspecified,1435,2026-08-10T15:53:49.5571292+09:00,2026-08-10T15:53:50.0571292+09:00,755.478358,755.978358,30,30,-0.086510,-0.054435,0.000063,0.000371,-0.000081,0.020834,0
20260810_154114_079,1,Unspecified,1436,2026-08-10T15:53:50.0571292+09:00,2026-08-10T15:53:50.5571292+09:00,755.978358,756.478358,30,30,-0.081988,-0.055039,0.000065,0.000412,-0.000137,0.021823,0
20260810_154114_079,1,Unspecified,1437,2026-08-10T15:53:50.5571292+09:00,2026-08-10T15:53:51.0571292+09:00,756.478358,756.978358,30,30,-0.079707,-0.051013,0.000002,0.000006,-0.000001,0.002681,0
20260810_154114_079,1,Unspecified,1438,2026-08-10T15:53:51.0571292+09:00,2026-08-10T15:53:51.5571292+09:00,756.978358,757.478358,30,30,-0.077312,-0.051709,0.000002,0.000009,-0.000001,0.003300,0
20260810_154114_079,1,Unspecified,1439,2026-08-10T15:53:51.5571292+09:00,2026-08-10T15:53:52.0571292+09:00,757.478358,757.978358,30,30,-0.088351,-0.068036,0.000186,0.000634,-0.000104,0.028646,0
20260810_154114_079,1,Unspecified,1440,2026-08-10T15:53:52.0571292+09:00,2026-08-10T15:53:52.5571292+09:00,757.978358,758.478358,30,30,-0.088905,-0.057086,0.000012,0.000096,0.000003,0.010367,0
20260810_154114_079,1,Unspecified,1441,2026-08-10T15:53:52.5571292+09:00,2026-08-10T15:53:53.0571292+09:00,758.478358,758.978358,30,30,-0.090860,-0.060366,0.000002,0.000003,-0.000001,0.002247,0
20260810_154114_079,1,Unspecified,1442,2026-08-10T15:53:53.0571292+09:00,2026-08-10T15:53:53.5571292+09:00,758.978358,759.478358,30,30,-0.088725,-0.058026,0.000002,0.000008,-0.000001,0.003165,0
20260810_154114_079,1,Unspecified,1443,2026-08-10T15:53:53.5571292+09:00,2026-08-10T15:53:54.0571292+09:00,759.478358,759.978358,30,30,-0.093600,-0.052331,0.000064,0.000339,-0.000029,0.020077,0
20260810_154114_079,1,Unspecified,1444,2026-08-10T15:53:54.0571292+09:00,2026-08-10T15:53:54.5571292+09:00,759.978358,760.478358,31,31,-0.089584,-0.048333,0.000004,0.000005,0.000002,0.002935,0
20260810_154114_079,1,Unspecified,1445,2026-08-10T15:53:54.5571292+09:00,2026-08-10T15:53:55.0571292+09:00,760.478358,760.978358,29,29,-0.072626,-0.047665,0.000069,0.000008,0.000012,0.008781,0
20260810_154114_079,1,Unspecified,1446,2026-08-10T15:53:55.0571292+09:00,2026-08-10T15:53:55.5571292+09:00,760.978358,761.478358,31,31,-0.092739,-0.050125,0.000152,0.000010,0.000017,0.012748,0
20260810_154114_079,1,Unspecified,1447,2026-08-10T15:53:55.5571292+09:00,2026-08-10T15:53:56.0571292+09:00,761.478358,761.978358,29,29,-0.081582,-0.063994,0.000072,0.000502,-0.000040,0.023942,0
20260810_154114_079,1,Unspecified,1448,2026-08-10T15:53:56.0571292+09:00,2026-08-10T15:53:56.5571292+09:00,761.978358,762.478358,30,30,-0.076928,-0.051737,0.000017,0.000489,0.000079,0.022506,0
20260810_154114_079,1,Unspecified,1449,2026-08-10T15:53:56.5571292+09:00,2026-08-10T15:53:57.0571292+09:00,762.478358,762.978358,30,30,-0.078342,-0.043384,0.000006,0.000076,-0.000014,0.009055,0
20260810_154114_079,1,Unspecified,1450,2026-08-10T15:53:57.0571292+09:00,2026-08-10T15:53:57.5571292+09:00,762.978358,763.478358,30,30,-0.078415,-0.042166,0.000001,0.000007,-0.000001,0.002756,0
20260810_154114_079,1,Unspecified,1451,2026-08-10T15:53:57.5571292+09:00,2026-08-10T15:53:58.0571292+09:00,763.478358,763.978358,30,30,-0.078523,-0.053268,0.000112,0.000295,-0.000065,0.020181,0
20260810_154114_079,1,Unspecified,1452,2026-08-10T15:53:58.0571292+09:00,2026-08-10T15:53:58.5571292+09:00,763.978358,764.478358,30,30,-0.077798,-0.049664,0.000115,0.000353,0.000060,0.021625,0
20260810_154114_079,1,Unspecified,1453,2026-08-10T15:53:58.5571292+09:00,2026-08-10T15:53:59.0571292+09:00,764.478358,764.978358,30,30,-0.081167,-0.052874,0.000006,0.000069,-0.000006,0.008688,0
20260810_154114_079,1,Unspecified,1454,2026-08-10T15:53:59.0571292+09:00,2026-08-10T15:53:59.5571292+09:00,764.978358,765.478358,30,30,-0.083734,-0.049862,0.000121,0.000144,-0.000017,0.016273,0
20260810_154114_079,1,Unspecified,1455,2026-08-10T15:53:59.5571292+09:00,2026-08-10T15:54:00.0571292+09:00,765.478358,765.978358,30,30,-0.088590,-0.062934,0.000106,0.000340,0.000088,0.021118,0
20260810_154114_079,1,Unspecified,1456,2026-08-10T15:54:00.0571292+09:00,2026-08-10T15:54:00.5571292+09:00,765.978358,766.478358,30,30,-0.089233,-0.051478,0.000003,0.000005,-0.000002,0.002819,0
20260810_154114_079,1,Unspecified,1457,2026-08-10T15:54:00.5571292+09:00,2026-08-10T15:54:01.0571292+09:00,766.478358,766.978358,30,30,-0.082629,-0.054022,0.000280,0.000738,-0.000217,0.031893,0
20260810_154114_079,1,Unspecified,1458,2026-08-10T15:54:01.0571292+09:00,2026-08-10T15:54:01.5571292+09:00,766.978358,767.478358,30,30,-0.085852,-0.051161,0.000002,0.000013,-0.000002,0.003888,0
20260810_154114_079,1,Unspecified,1459,2026-08-10T15:54:01.5571292+09:00,2026-08-10T15:54:02.0571292+09:00,767.478358,767.978358,30,30,-0.084824,-0.056333,0.000033,0.000302,-0.000011,0.018307,0
20260810_154114_079,1,Unspecified,1460,2026-08-10T15:54:02.0571292+09:00,2026-08-10T15:54:02.5571292+09:00,767.978358,768.478358,30,30,-0.092705,-0.049935,0.000234,0.000501,-0.000176,0.027103,0
20260810_154114_079,1,Unspecified,1461,2026-08-10T15:54:02.5571292+09:00,2026-08-10T15:54:03.0571292+09:00,768.478358,768.978358,30,30,-0.085460,-0.048159,0.000001,0.000005,0.000000,0.002621,0
20260810_154114_079,1,Unspecified,1462,2026-08-10T15:54:03.0571292+09:00,2026-08-10T15:54:03.5571292+09:00,768.978358,769.478358,30,30,-0.084334,-0.050527,0.000002,0.000010,-0.000001,0.003448,0
20260810_154114_079,1,Unspecified,1463,2026-08-10T15:54:03.5571292+09:00,2026-08-10T15:54:04.0571292+09:00,769.478358,769.978358,30,30,-0.079593,-0.059813,0.000046,0.000565,-0.000106,0.024716,0
20260810_154114_079,1,Unspecified,1464,2026-08-10T15:54:04.0571292+09:00,2026-08-10T15:54:04.5571292+09:00,769.978358,770.478358,30,30,-0.081980,-0.050547,0.000041,0.000448,-0.000066,0.022125,0
20260810_154114_079,1,Unspecified,1465,2026-08-10T15:54:04.5571292+09:00,2026-08-10T15:54:05.0571292+09:00,770.478358,770.978358,30,30,-0.086252,-0.049382,0.000001,0.000007,-0.000001,0.002941,0
20260810_154114_079,1,Unspecified,1466,2026-08-10T15:54:05.0571292+09:00,2026-08-10T15:54:05.5571292+09:00,770.978358,771.478358,30,30,-0.084397,-0.045822,0.000003,0.000014,0.000001,0.004133,0
20260810_154114_079,1,Unspecified,1467,2026-08-10T15:54:05.5571292+09:00,2026-08-10T15:54:06.0571292+09:00,771.478358,771.978358,30,30,-0.091876,-0.054754,0.000175,0.000461,-0.000156,0.025219,0
20260810_154114_079,1,Unspecified,1468,2026-08-10T15:54:06.0571292+09:00,2026-08-10T15:54:06.5571292+09:00,771.978358,772.478358,30,30,-0.090111,-0.052828,0.000323,0.000416,-0.000173,0.027193,0
20260810_154114_079,1,Unspecified,1469,2026-08-10T15:54:06.5571292+09:00,2026-08-10T15:54:07.0571292+09:00,772.478358,772.978358,30,30,-0.091256,-0.046826,0.000002,0.000007,0.000000,0.002884,0
20260810_154114_079,1,Unspecified,1470,2026-08-10T15:54:07.0571292+09:00,2026-08-10T15:54:07.5571292+09:00,772.978358,773.478358,30,30,-0.091027,-0.042313,0.000002,0.000004,0.000000,0.002418,0
20260810_154114_079,1,Unspecified,1471,2026-08-10T15:54:07.5571292+09:00,2026-08-10T15:54:08.0571292+09:00,773.478358,773.978358,30,30,-0.082635,-0.056360,0.000060,0.000451,-0.000010,0.022601,0
20260810_154114_079,1,Unspecified,1472,2026-08-10T15:54:08.0571292+09:00,2026-08-10T15:54:08.5571292+09:00,773.978358,774.478358,30,30,-0.085805,-0.048279,0.000209,0.000389,-0.000233,0.024457,0
20260810_154114_079,1,Unspecified,1473,2026-08-10T15:54:08.5571292+09:00,2026-08-10T15:54:09.0571292+09:00,774.478358,774.978358,30,30,-0.086227,-0.050358,0.000159,0.000326,-0.000062,0.022027,0
20260810_154114_079,1,Unspecified,1474,2026-08-10T15:54:09.0571292+09:00,2026-08-10T15:54:09.5571292+09:00,774.978358,775.478358,30,30,-0.086411,-0.042071,0.000003,0.000005,0.000000,0.002863,0
20260810_154114_079,1,Unspecified,1475,2026-08-10T15:54:09.5571292+09:00,2026-08-10T15:54:10.0571292+09:00,775.478358,775.978358,30,30,-0.095788,-0.042500,0.000225,0.000340,-0.000168,0.023789,0
20260810_154114_079,1,Unspecified,1476,2026-08-10T15:54:10.0571292+09:00,2026-08-10T15:54:10.5571292+09:00,775.978358,776.478358,30,30,-0.082129,-0.048329,0.000045,0.000381,-0.000036,0.020644,0
20260810_154114_079,1,Unspecified,1477,2026-08-10T15:54:10.5571292+09:00,2026-08-10T15:54:11.0571292+09:00,776.478358,776.978358,30,30,-0.083493,-0.054452,0.000004,0.000222,0.000019,0.015056,0
20260810_154114_079,1,Unspecified,1478,2026-08-10T15:54:11.0571292+09:00,2026-08-10T15:54:11.5571292+09:00,776.978358,777.478358,30,30,-0.091322,-0.041283,0.000158,0.000376,-0.000133,0.023121,0
20260810_154114_079,1,Unspecified,1479,2026-08-10T15:54:11.5571292+09:00,2026-08-10T15:54:12.0571292+09:00,777.478358,777.978358,30,30,-0.100183,-0.042049,0.000061,0.000310,0.000003,0.019258,0
20260810_154114_079,1,Unspecified,1480,2026-08-10T15:54:12.0571292+09:00,2026-08-10T15:54:12.5571292+09:00,777.978358,778.478358,30,30,-0.089646,-0.037846,0.000002,0.000017,-0.000001,0.004355,0
20260810_154114_079,1,Unspecified,1481,2026-08-10T15:54:12.5571292+09:00,2026-08-10T15:54:13.0571292+09:00,778.478358,778.978358,30,30,-0.097727,-0.037356,0.000459,0.000437,-0.000358,0.029939,0
20260810_154114_079,1,Unspecified,1482,2026-08-10T15:54:13.0571292+09:00,2026-08-10T15:54:13.5571292+09:00,778.978358,779.478358,30,30,-0.092789,-0.042478,0.000030,0.000099,-0.000038,0.011319,0
20260810_154114_079,1,Unspecified,1483,2026-08-10T15:54:13.5571292+09:00,2026-08-10T15:54:14.0571292+09:00,779.478358,779.978358,30,30,-0.085995,-0.058256,0.000092,0.000482,-0.000065,0.023967,0
20260810_154114_079,1,Unspecified,1484,2026-08-10T15:54:14.0571292+09:00,2026-08-10T15:54:14.5571292+09:00,779.978358,780.478358,30,30,-0.083081,-0.050920,0.000068,0.000438,-0.000096,0.022505,0
20260810_154114_079,1,Unspecified,1485,2026-08-10T15:54:14.5571292+09:00,2026-08-10T15:54:15.0571292+09:00,780.478358,780.978358,30,30,-0.082339,-0.042924,0.000002,0.000013,-0.000002,0.003830,0
20260810_154114_079,1,Unspecified,1486,2026-08-10T15:54:15.0571292+09:00,2026-08-10T15:54:15.5571292+09:00,780.978358,781.478358,30,30,-0.082442,-0.052821,0.000068,0.000361,0.000071,0.020722,0
20260810_154114_079,1,Unspecified,1487,2026-08-10T15:54:15.5571292+09:00,2026-08-10T15:54:16.0571292+09:00,781.478358,781.978358,30,30,-0.086554,-0.061313,0.000146,0.000532,-0.000001,0.026046,0
20260810_154114_079,1,Unspecified,1488,2026-08-10T15:54:16.0571292+09:00,2026-08-10T15:54:16.5571292+09:00,781.978358,782.478358,30,30,-0.084403,-0.047775,0.000151,0.000498,-0.000201,0.025484,0
20260810_154114_079,1,Unspecified,1489,2026-08-10T15:54:16.5571292+09:00,2026-08-10T15:54:17.0571292+09:00,782.478358,782.978358,30,30,-0.079915,-0.045757,0.000002,0.000007,-0.000003,0.003031,0
20260810_154114_079,1,Unspecified,1490,2026-08-10T15:54:17.0571292+09:00,2026-08-10T15:54:17.5571292+09:00,782.978358,783.478358,30,30,-0.078202,-0.047829,0.000003,0.000013,-0.000004,0.003877,0
20260810_154114_079,1,Unspecified,1491,2026-08-10T15:54:17.5571292+09:00,2026-08-10T15:54:18.0571292+09:00,783.478358,783.978358,30,30,-0.088315,-0.044242,0.000039,0.000261,-0.000041,0.017324,0
20260810_154114_079,1,Unspecified,1492,2026-08-10T15:54:18.0571292+09:00,2026-08-10T15:54:18.5571292+09:00,783.978358,784.478358,30,30,-0.080852,-0.042615,0.000239,0.000547,-0.000298,0.028043,0
20260810_154114_079,1,Unspecified,1493,2026-08-10T15:54:18.5571292+09:00,2026-08-10T15:54:19.0571292+09:00,784.478358,784.978358,30,30,-0.099906,-0.042928,0.000418,0.000581,-0.000341,0.031596,0
20260810_154114_079,1,Unspecified,1494,2026-08-10T15:54:19.0571292+09:00,2026-08-10T15:54:19.5571292+09:00,784.978358,785.478358,30,30,-0.088920,-0.043210,0.000002,0.000005,-0.000001,0.002603,0
20260810_154114_079,1,Unspecified,1495,2026-08-10T15:54:19.5571292+09:00,2026-08-10T15:54:20.0571292+09:00,785.478358,785.978358,30,30,-0.087432,-0.048689,0.000089,0.000277,-0.000113,0.019136,0
20260810_154114_079,1,Unspecified,1496,2026-08-10T15:54:20.0571292+09:00,2026-08-10T15:54:20.5571292+09:00,785.978358,786.478358,30,30,-0.088257,-0.044306,0.000123,0.000492,-0.000111,0.024792,0
20260810_154114_079,1,Unspecified,1497,2026-08-10T15:54:20.5571292+09:00,2026-08-10T15:54:21.0571292+09:00,786.478358,786.978358,30,30,-0.084274,-0.042863,0.000004,0.000010,-0.000002,0.003772,0
20260810_154114_079,1,Unspecified,1498,2026-08-10T15:54:21.0571292+09:00,2026-08-10T15:54:21.5571292+09:00,786.978358,787.478358,30,30,-0.083751,-0.041499,0.000002,0.000016,-0.000003,0.004230,0
20260810_154114_079,1,Unspecified,1499,2026-08-10T15:54:21.5571292+09:00,2026-08-10T15:54:22.0571292+09:00,787.478358,787.978358,30,30,-0.091177,-0.039944,0.000354,0.000369,-0.000233,0.026890,0
20260810_154114_079,1,Unspecified,1500,2026-08-10T15:54:22.0571292+09:00,2026-08-10T15:54:22.5571292+09:00,787.978358,788.478358,30,30,-0.084812,-0.042327,0.000086,0.000607,-0.000044,0.026330,0
20260810_154114_079,1,Unspecified,1501,2026-08-10T15:54:22.5571292+09:00,2026-08-10T15:54:23.0571292+09:00,788.478358,788.978358,30,30,-0.085050,-0.035008,0.000002,0.000007,-0.000001,0.002990,0
20260810_154114_079,1,Unspecified,1502,2026-08-10T15:54:23.0571292+09:00,2026-08-10T15:54:23.5571292+09:00,788.978358,789.478358,30,30,-0.085049,-0.035702,0.000002,0.000008,0.000001,0.003087,0
20260810_154114_079,1,Unspecified,1503,2026-08-10T15:54:23.5571292+09:00,2026-08-10T15:54:24.0571292+09:00,789.478358,789.978358,30,30,-0.090789,-0.039183,0.000055,0.000225,-0.000060,0.016746,0
20260810_154114_079,1,Unspecified,1504,2026-08-10T15:54:24.0571292+09:00,2026-08-10T15:54:24.5571292+09:00,789.978358,790.478358,30,30,-0.090665,-0.035099,0.000211,0.000015,-0.000028,0.015048,0
20260810_154114_079,1,Unspecified,1505,2026-08-10T15:54:24.5571292+09:00,2026-08-10T15:54:25.0571292+09:00,790.478358,790.978358,30,30,-0.070600,-0.036957,0.000111,0.000012,-0.000020,0.011110,0
20260810_154114_079,1,Unspecified,1506,2026-08-10T15:54:25.0571292+09:00,2026-08-10T15:54:25.5571292+09:00,790.978358,791.478358,30,30,-0.094782,-0.033867,0.000002,0.000019,-0.000002,0.004677,0
20260810_154114_079,1,Unspecified,1507,2026-08-10T15:54:25.5571292+09:00,2026-08-10T15:54:26.0571292+09:00,791.478358,791.978358,30,30,-0.083996,-0.051729,0.000040,0.000682,-0.000051,0.026871,0
20260810_154114_079,1,Unspecified,1508,2026-08-10T15:54:26.0571292+09:00,2026-08-10T15:54:26.5571292+09:00,791.978358,792.478358,30,30,-0.087955,-0.037759,0.000845,0.000795,-0.000597,0.040508,0
20260810_154114_079,1,Unspecified,1509,2026-08-10T15:54:26.5571292+09:00,2026-08-10T15:54:27.0571292+09:00,792.478358,792.978358,30,30,-0.074287,-0.039095,0.000181,0.000034,-0.000055,0.014642,0
20260810_154114_079,1,Unspecified,1510,2026-08-10T15:54:27.0571292+09:00,2026-08-10T15:54:27.5571292+09:00,792.978358,793.478358,30,30,-0.114146,-0.033211,0.000002,0.000011,0.000001,0.003586,0
20260810_154114_079,1,Unspecified,1511,2026-08-10T15:54:27.5571292+09:00,2026-08-10T15:54:28.0571292+09:00,793.478358,793.978358,30,30,-0.094578,-0.041158,0.000477,0.000676,-0.000466,0.033958,0
20260810_154114_079,1,Unspecified,1512,2026-08-10T15:54:28.0571292+09:00,2026-08-10T15:54:28.5571292+09:00,793.978358,794.478358,30,30,-0.087849,-0.041461,0.000218,0.000431,-0.000181,0.025483,0
20260810_154114_079,1,Unspecified,1513,2026-08-10T15:54:28.5571292+09:00,2026-08-10T15:54:29.0571292+09:00,794.478358,794.978358,30,30,-0.088648,-0.038951,0.000190,0.000445,-0.000196,0.025199,0
20260810_154114_079,1,Unspecified,1514,2026-08-10T15:54:29.0571292+09:00,2026-08-10T15:54:29.5571292+09:00,794.978358,795.478358,30,30,-0.086581,-0.033767,0.000001,0.000010,0.000000,0.003323,0
20260810_154114_079,1,Unspecified,1515,2026-08-10T15:54:29.5571292+09:00,2026-08-10T15:54:30.0571292+09:00,795.478358,795.978358,30,30,-0.094137,-0.039505,0.000221,0.000232,-0.000086,0.021275,0
20260810_154114_079,1,Unspecified,1516,2026-08-10T15:54:30.0571292+09:00,2026-08-10T15:54:30.5571292+09:00,795.978358,796.478358,30,30,-0.093259,-0.043698,0.000062,0.000390,0.000007,0.021260,0
20260810_154114_079,1,Unspecified,1517,2026-08-10T15:54:30.5571292+09:00,2026-08-10T15:54:31.0571292+09:00,796.478358,796.978358,30,30,-0.085958,-0.031387,0.000004,0.000014,-0.000004,0.004212,0
20260810_154114_079,1,Unspecified,1518,2026-08-10T15:54:31.0571292+09:00,2026-08-10T15:54:31.5571292+09:00,796.978358,797.478358,30,30,-0.085754,-0.042515,0.000003,0.000431,-0.000007,0.020848,0
20260810_154114_079,1,Unspecified,1519,2026-08-10T15:54:31.5571292+09:00,2026-08-10T15:54:32.0571292+09:00,797.478358,797.978358,30,30,-0.084181,-0.033689,0.000060,0.000397,-0.000083,0.021357,0
20260810_154114_079,1,Unspecified,1520,2026-08-10T15:54:32.0571292+09:00,2026-08-10T15:54:32.5571292+09:00,797.978358,798.478358,30,30,-0.083142,-0.026148,0.000009,0.000031,0.000010,0.006300,0
20260810_154114_079,1,Unspecified,1521,2026-08-10T15:54:32.5571292+09:00,2026-08-10T15:54:33.0571292+09:00,798.478358,798.978358,30,30,-0.083213,-0.032283,0.000001,0.000003,0.000000,0.002057,0
20260810_154114_079,1,Unspecified,1522,2026-08-10T15:54:33.0571292+09:00,2026-08-10T15:54:33.5571292+09:00,798.978358,799.478358,30,30,-0.083086,-0.034933,0.000002,0.000004,-0.000001,0.002376,0
20260810_154114_079,1,Unspecified,1523,2026-08-10T15:54:33.5571292+09:00,2026-08-10T15:54:34.0571292+09:00,799.478358,799.978358,30,30,-0.100513,-0.035684,0.000655,0.000656,-0.000441,0.036218,0
20260810_154114_079,1,Unspecified,1524,2026-08-10T15:54:34.0571292+09:00,2026-08-10T15:54:34.5571292+09:00,799.978358,800.478358,30,30,-0.087903,-0.037443,0.000002,0.000006,-0.000001,0.002907,0
20260810_154114_079,1,Unspecified,1525,2026-08-10T15:54:34.5571292+09:00,2026-08-10T15:54:35.0571292+09:00,800.478358,800.978358,30,30,-0.086738,-0.036294,0.000005,0.000005,-0.000001,0.003155,0
20260810_154114_079,1,Unspecified,1526,2026-08-10T15:54:35.0571292+09:00,2026-08-10T15:54:35.5571292+09:00,800.978358,801.478358,30,30,-0.082916,-0.038421,0.000004,0.000004,-0.000001,0.002964,0
20260810_154114_079,1,Unspecified,1527,2026-08-10T15:54:35.5571292+09:00,2026-08-10T15:54:36.0571292+09:00,801.478358,801.978358,31,31,-0.081923,-0.058181,0.000027,0.000357,-0.000022,0.019588,0
20260810_154114_079,1,Unspecified,1528,2026-08-10T15:54:36.0571292+09:00,2026-08-10T15:54:36.5571292+09:00,801.978358,802.478358,30,30,-0.085144,-0.031667,0.000010,0.000007,-0.000001,0.004112,0
20260810_154114_079,1,Unspecified,1529,2026-08-10T15:54:36.5571292+09:00,2026-08-10T15:54:37.0571292+09:00,802.478358,802.978358,29,29,-0.081021,-0.034038,0.000214,0.000520,-0.000208,0.027084,0
20260810_154114_079,1,Unspecified,1530,2026-08-10T15:54:37.0571292+09:00,2026-08-10T15:54:37.5571292+09:00,802.978358,803.478358,30,30,-0.079538,-0.035139,0.000005,0.000043,0.000006,0.006904,0
20260810_154114_079,1,Unspecified,1531,2026-08-10T15:54:37.5571292+09:00,2026-08-10T15:54:38.0571292+09:00,803.478358,803.978358,30,30,-0.081382,-0.055418,0.000079,0.000513,0.000130,0.024323,0
20260810_154114_079,1,Unspecified,1532,2026-08-10T15:54:38.0571292+09:00,2026-08-10T15:54:38.5571292+09:00,803.978358,804.478358,30,30,-0.086268,-0.054405,0.000080,0.000723,-0.000062,0.028323,0
20260810_154114_079,1,Unspecified,1533,2026-08-10T15:54:38.5571292+09:00,2026-08-10T15:54:39.0571292+09:00,804.478358,804.978358,30,30,-0.080290,-0.045733,0.000043,0.000375,-0.000038,0.020454,0
20260810_154114_079,1,Unspecified,1534,2026-08-10T15:54:39.0571292+09:00,2026-08-10T15:54:39.5571292+09:00,804.978358,805.478358,30,30,-0.082116,-0.045995,0.000009,0.000678,0.000028,0.026226,0
20260810_154114_079,1,Unspecified,1535,2026-08-10T15:54:39.5571292+09:00,2026-08-10T15:54:40.0571292+09:00,805.478358,805.978358,30,30,-0.088548,-0.048983,0.000080,0.000754,-0.000085,0.028881,0
20260810_154114_079,1,Unspecified,1536,2026-08-10T15:54:40.0571292+09:00,2026-08-10T15:54:40.5571292+09:00,805.978358,806.478358,30,30,-0.089799,-0.050233,0.000030,0.000581,-0.000026,0.024710,0
20260810_154114_079,1,Unspecified,1537,2026-08-10T15:54:40.5571292+09:00,2026-08-10T15:54:41.0571292+09:00,806.478358,806.978358,30,30,-0.084311,-0.045842,0.000080,0.000419,-0.000012,0.022342,0
20260810_154114_079,1,Unspecified,1538,2026-08-10T15:54:41.0571292+09:00,2026-08-10T15:54:41.5571292+09:00,806.978358,807.478358,30,30,-0.087268,-0.029834,0.000116,0.000010,-0.000014,0.011223,0
20260810_154114_079,1,Unspecified,1539,2026-08-10T15:54:41.5571292+09:00,2026-08-10T15:54:42.0571292+09:00,807.478358,807.978358,30,30,-0.087590,-0.049419,0.000086,0.000738,-0.000019,0.028718,0
20260810_154114_079,1,Unspecified,1540,2026-08-10T15:54:42.0571292+09:00,2026-08-10T15:54:42.5571292+09:00,807.978358,808.478358,30,30,-0.091601,-0.048778,0.000039,0.000582,0.000080,0.024909,0
20260810_154114_079,1,Unspecified,1541,2026-08-10T15:54:42.5571292+09:00,2026-08-10T15:54:43.0571292+09:00,808.478358,808.978358,30,30,-0.086893,-0.034062,0.000156,0.000044,-0.000069,0.014165,0
20260810_154114_079,1,Unspecified,1542,2026-08-10T15:54:43.0571292+09:00,2026-08-10T15:54:43.5571292+09:00,808.978358,809.478358,30,30,-0.090988,-0.043368,0.000108,0.000480,-0.000056,0.024244,0
20260810_154114_079,1,Unspecified,1543,2026-08-10T15:54:43.5571292+09:00,2026-08-10T15:54:44.0571292+09:00,809.478358,809.978358,30,30,-0.095140,-0.042802,0.000186,0.000551,-0.000124,0.027142,0
20260810_154114_079,1,Unspecified,1544,2026-08-10T15:54:44.0571292+09:00,2026-08-10T15:54:44.5571292+09:00,809.978358,810.478358,30,30,-0.100400,-0.044553,0.000137,0.000692,-0.000137,0.028797,0
20260810_154114_079,1,Unspecified,1545,2026-08-10T15:54:44.5571292+09:00,2026-08-10T15:54:45.0571292+09:00,810.478358,810.978358,30,30,-0.092500,-0.043454,0.000006,0.000060,-0.000016,0.008144,0
20260810_154114_079,1,Unspecified,1546,2026-08-10T15:54:45.0571292+09:00,2026-08-10T15:54:45.5571292+09:00,810.978358,811.478358,30,30,-0.091580,-0.039041,0.000002,0.000003,-0.000001,0.002247,0
20260810_154114_079,1,Unspecified,1547,2026-08-10T15:54:45.5571292+09:00,2026-08-10T15:54:46.0571292+09:00,811.478358,811.978358,30,30,-0.089787,-0.041249,0.000025,0.000259,-0.000046,0.016856,0
20260810_154114_079,1,Unspecified,1548,2026-08-10T15:54:46.0571292+09:00,2026-08-10T15:54:46.5571292+09:00,811.978358,812.478358,30,30,-0.086483,-0.047419,0.000116,0.000788,-0.000188,0.030064,0
20260810_154114_079,1,Unspecified,1549,2026-08-10T15:54:46.5571292+09:00,2026-08-10T15:54:47.0571292+09:00,812.478358,812.978358,30,30,-0.093217,-0.038397,0.000229,0.000511,-0.000219,0.027195,0
20260810_154114_079,1,Unspecified,1550,2026-08-10T15:54:47.0571292+09:00,2026-08-10T15:54:47.5571292+09:00,812.978358,813.478358,30,30,-0.089309,-0.038780,0.000042,0.000127,-0.000009,0.013002,0
20260810_154114_079,1,Unspecified,1551,2026-08-10T15:54:47.5571292+09:00,2026-08-10T15:54:48.0571292+09:00,813.478358,813.978358,30,30,-0.095374,-0.051095,0.000241,0.000639,-0.000142,0.029658,0
20260810_154114_079,1,Unspecified,1552,2026-08-10T15:54:48.0571292+09:00,2026-08-10T15:54:48.5571292+09:00,813.978358,814.478358,30,30,-0.086343,-0.044148,0.000005,0.000168,-0.000014,0.013180,0
20260810_154114_079,1,Unspecified,1553,2026-08-10T15:54:48.5571292+09:00,2026-08-10T15:54:49.0571292+09:00,814.478358,814.978358,30,30,-0.082249,-0.041795,0.000038,0.000021,-0.000025,0.007678,0
20260810_154114_079,1,Unspecified,1554,2026-08-10T15:54:49.0571292+09:00,2026-08-10T15:54:49.5571292+09:00,814.978358,815.478358,30,30,-0.092949,-0.047478,0.000370,0.000352,-0.000128,0.026870,0
20260810_154114_079,1,Unspecified,1555,2026-08-10T15:54:49.5571292+09:00,2026-08-10T15:54:50.0571292+09:00,815.478358,815.978358,30,30,-0.090683,-0.054242,0.000019,0.000562,0.000034,0.024106,0
20260810_154114_079,1,Unspecified,1556,2026-08-10T15:54:50.0571292+09:00,2026-08-10T15:54:50.5571292+09:00,815.978358,816.478358,30,30,-0.098849,-0.043759,0.000303,0.000506,-0.000153,0.028445,0
20260810_154114_079,1,Unspecified,1557,2026-08-10T15:54:50.5571292+09:00,2026-08-10T15:54:51.0571292+09:00,816.478358,816.978358,30,30,-0.084347,-0.043876,0.000022,0.000421,-0.000021,0.021052,0
20260810_154114_079,1,Unspecified,1558,2026-08-10T15:54:51.0571292+09:00,2026-08-10T15:54:51.5571292+09:00,816.978358,817.478358,30,30,-0.082460,-0.037318,0.000001,0.000012,-0.000001,0.003604,0
20260810_154114_079,1,Unspecified,1559,2026-08-10T15:54:51.5571292+09:00,2026-08-10T15:54:52.0571292+09:00,817.478358,817.978358,30,30,-0.088447,-0.037047,0.000107,0.000574,-0.000181,0.026094,0
20260810_154114_079,1,Unspecified,1560,2026-08-10T15:54:52.0571292+09:00,2026-08-10T15:54:52.5571292+09:00,817.978358,818.478358,30,30,-0.083560,-0.050999,0.000120,0.000447,-0.000122,0.023820,0
20260810_154114_079,1,Unspecified,1561,2026-08-10T15:54:52.5571292+09:00,2026-08-10T15:54:53.0571292+09:00,818.478358,818.978358,31,31,-0.077917,-0.047521,0.000174,0.000325,-0.000032,0.022329,0
20260810_154114_079,1,Unspecified,1562,2026-08-10T15:54:53.0571292+09:00,2026-08-10T15:54:53.5571292+09:00,818.978358,819.478358,29,29,-0.081652,-0.041013,0.000005,0.000011,0.000001,0.003959,0
20260810_154114_079,1,Unspecified,1563,2026-08-10T15:54:53.5571292+09:00,2026-08-10T15:54:54.0571292+09:00,819.478358,819.978358,30,30,-0.100875,-0.047695,0.000054,0.000346,0.000000,0.019994,0
20260810_154114_079,1,Unspecified,1564,2026-08-10T15:54:54.0571292+09:00,2026-08-10T15:54:54.5571292+09:00,819.978358,820.478358,30,30,-0.093139,-0.046801,0.000069,0.000345,-0.000023,0.020357,0
20260810_154114_079,1,Unspecified,1565,2026-08-10T15:54:54.5571292+09:00,2026-08-10T15:54:55.0571292+09:00,820.478358,820.978358,30,30,-0.090867,-0.040610,0.000041,0.000010,-0.000003,0.007135,0
20260810_154114_079,1,Unspecified,1566,2026-08-10T15:54:55.0571292+09:00,2026-08-10T15:54:55.5571292+09:00,820.978358,821.478358,30,30,-0.084409,-0.041596,0.000004,0.000005,-0.000001,0.002873,0
20260810_154114_079,1,Unspecified,1567,2026-08-10T15:54:55.5571292+09:00,2026-08-10T15:54:56.0571292+09:00,821.478358,821.978358,30,30,-0.085092,-0.066940,0.000231,0.000999,-0.000217,0.035069,0
20260810_154114_079,1,Unspecified,1568,2026-08-10T15:54:56.0571292+09:00,2026-08-10T15:54:56.5571292+09:00,821.978358,822.478358,30,30,-0.076993,-0.048974,0.000051,0.000414,0.000023,0.021562,0
20260810_154114_079,1,Unspecified,1569,2026-08-10T15:54:56.5571292+09:00,2026-08-10T15:54:57.0571292+09:00,822.478358,822.978358,30,30,-0.080102,-0.057564,0.000153,0.000357,-0.000086,0.022589,0
20260810_154114_079,1,Unspecified,1570,2026-08-10T15:54:57.0571292+09:00,2026-08-10T15:54:57.5571292+09:00,822.978358,823.478358,30,30,-0.079008,-0.057850,0.000092,0.000444,0.000045,0.023139,0
20260810_154114_079,1,Unspecified,1571,2026-08-10T15:54:57.5571292+09:00,2026-08-10T15:54:58.0571292+09:00,823.478358,823.978358,30,30,-0.080953,-0.073816,0.000070,0.000474,0.000013,0.023317,0
20260810_154114_079,1,Unspecified,1572,2026-08-10T15:54:58.0571292+09:00,2026-08-10T15:54:58.5571292+09:00,823.978358,824.478358,30,30,-0.082382,-0.051824,0.000085,0.000555,-0.000034,0.025292,0
20260810_154114_079,1,Unspecified,1573,2026-08-10T15:54:58.5571292+09:00,2026-08-10T15:54:59.0571292+09:00,824.478358,824.978358,30,30,-0.068647,-0.047670,0.000031,0.000420,0.000028,0.021253,0
20260810_154114_079,1,Unspecified,1574,2026-08-10T15:54:59.0571292+09:00,2026-08-10T15:54:59.5571292+09:00,824.978358,825.478358,31,31,-0.067528,-0.037394,0.000002,0.000008,0.000000,0.003136,0
20260810_154114_079,1,Unspecified,1575,2026-08-10T15:54:59.5571292+09:00,2026-08-10T15:55:00.0571292+09:00,825.478358,825.978358,29,29,-0.087129,-0.054542,0.000092,0.000638,-0.000048,0.027008,0
20260810_154114_079,1,Unspecified,1576,2026-08-10T15:55:00.0571292+09:00,2026-08-10T15:55:00.5571292+09:00,825.978358,826.478358,30,30,-0.093662,-0.053029,0.000345,0.000860,-0.000319,0.034725,0
20260810_154114_079,1,Unspecified,1577,2026-08-10T15:55:00.5571292+09:00,2026-08-10T15:55:01.0571292+09:00,826.478358,826.978358,30,30,-0.079429,-0.038462,0.000004,0.000009,0.000002,0.003660,0
20260810_154114_079,1,Unspecified,1578,2026-08-10T15:55:01.0571292+09:00,2026-08-10T15:55:01.5571292+09:00,826.978358,827.478358,30,30,-0.079120,-0.039884,0.000003,0.000004,-0.000001,0.002627,0
20260810_154114_079,1,Unspecified,1579,2026-08-10T15:55:01.5571292+09:00,2026-08-10T15:55:02.0571292+09:00,827.478358,827.978358,30,30,-0.081356,-0.042487,0.000036,0.000206,-0.000066,0.015545,0
20260810_154114_079,1,Unspecified,1580,2026-08-10T15:55:02.0571292+09:00,2026-08-10T15:55:02.5571292+09:00,827.978358,828.478358,30,30,-0.089859,-0.041662,0.000085,0.000454,-0.000099,0.023215,0
20260810_154114_079,1,Unspecified,1581,2026-08-10T15:55:02.5571292+09:00,2026-08-10T15:55:03.0571292+09:00,828.478358,828.978358,30,30,-0.085563,-0.033420,0.000004,0.000004,0.000001,0.002723,0
20260810_154114_079,1,Unspecified,1582,2026-08-10T15:55:03.0571292+09:00,2026-08-10T15:55:03.5571292+09:00,828.978358,829.478358,30,30,-0.084085,-0.034449,0.000002,0.000004,-0.000002,0.002371,0
20260810_154114_079,1,Unspecified,1583,2026-08-10T15:55:03.5571292+09:00,2026-08-10T15:55:04.0571292+09:00,829.478358,829.978358,30,30,-0.082881,-0.050894,0.000050,0.000668,-0.000089,0.026802,0
20260810_154114_079,1,Unspecified,1584,2026-08-10T15:55:04.0571292+09:00,2026-08-10T15:55:04.5571292+09:00,829.978358,830.478358,30,30,-0.088663,-0.051128,0.000357,0.000799,-0.000221,0.034006,0
20260810_154114_079,1,Unspecified,1585,2026-08-10T15:55:04.5571292+09:00,2026-08-10T15:55:05.0571292+09:00,830.478358,830.978358,30,30,-0.080287,-0.039557,0.000006,0.000011,-0.000003,0.004041,0
20260810_154114_079,1,Unspecified,1586,2026-08-10T15:55:05.0571292+09:00,2026-08-10T15:55:05.5571292+09:00,830.978358,831.478358,30,30,-0.076925,-0.037341,0.000003,0.000009,0.000000,0.003548,0
20260810_154114_079,1,Unspecified,1587,2026-08-10T15:55:05.5571292+09:00,2026-08-10T15:55:06.0571292+09:00,831.478358,831.978358,30,30,-0.088245,-0.057391,0.000072,0.000812,-0.000073,0.029731,0
20260810_154114_079,1,Unspecified,1588,2026-08-10T15:55:06.0571292+09:00,2026-08-10T15:55:06.5571292+09:00,831.978358,832.478358,30,30,-0.084504,-0.040358,0.000003,0.000005,-0.000001,0.002741,0
20260810_154114_079,1,Unspecified,1589,2026-08-10T15:55:06.5571292+09:00,2026-08-10T15:55:07.0571292+09:00,832.478358,832.978358,30,30,-0.085200,-0.041177,0.000002,0.000004,0.000000,0.002467,0
20260810_154114_079,1,Unspecified,1590,2026-08-10T15:55:07.0571292+09:00,2026-08-10T15:55:07.5571292+09:00,832.978358,833.478358,30,30,-0.079384,-0.043013,0.000045,0.000018,-0.000021,0.007937,0
20260810_154114_079,1,Unspecified,1591,2026-08-10T15:55:07.5571292+09:00,2026-08-10T15:55:08.0571292+09:00,833.478358,833.978358,30,30,-0.074685,-0.063210,0.000123,0.000322,-0.000007,0.021111,0
20260810_154114_079,1,Unspecified,1592,2026-08-10T15:55:08.0571292+09:00,2026-08-10T15:55:08.5571292+09:00,833.978358,834.478358,30,30,-0.077423,-0.076522,0.000048,0.000570,0.000056,0.024859,0
20260810_154114_079,1,Unspecified,1593,2026-08-10T15:55:08.5571292+09:00,2026-08-10T15:55:09.0571292+09:00,834.478358,834.978358,30,30,-0.070984,-0.058894,0.000005,0.000103,0.000002,0.010395,0
20260810_154114_079,1,Unspecified,1594,2026-08-10T15:55:09.0571292+09:00,2026-08-10T15:55:09.5571292+09:00,834.978358,835.478358,30,30,-0.070432,-0.054069,0.000005,0.000004,0.000000,0.003114,0
20260810_154114_079,1,Unspecified,1595,2026-08-10T15:55:09.5571292+09:00,2026-08-10T15:55:10.0571292+09:00,835.478358,835.978358,30,30,-0.072979,-0.068520,0.000130,0.000587,0.000005,0.026786,0
20260810_154114_079,1,Unspecified,1596,2026-08-10T15:55:10.0571292+09:00,2026-08-10T15:55:10.5571292+09:00,835.978358,836.478358,30,30,-0.075788,-0.054213,0.000114,0.000679,0.000216,0.028160,0
20260810_154114_079,1,Unspecified,1597,2026-08-10T15:55:10.5571292+09:00,2026-08-10T15:55:11.0571292+09:00,836.478358,836.978358,30,30,-0.083624,-0.037525,0.000004,0.000010,0.000003,0.003823,0
20260810_154114_079,1,Unspecified,1598,2026-08-10T15:55:11.0571292+09:00,2026-08-10T15:55:11.5571292+09:00,836.978358,837.478358,30,30,-0.076777,-0.041087,0.000004,0.000008,-0.000001,0.003463,0
20260810_154114_079,1,Unspecified,1599,2026-08-10T15:55:11.5571292+09:00,2026-08-10T15:55:12.0571292+09:00,837.478358,837.978358,30,30,-0.088931,-0.061023,0.000177,0.000393,-0.000075,0.023872,0
20260810_154114_079,1,Unspecified,1600,2026-08-10T15:55:12.0571292+09:00,2026-08-10T15:55:12.5571292+09:00,837.978358,838.478358,30,30,-0.089110,-0.049628,0.000174,0.000483,-0.000113,0.025639,0
20260810_154114_079,1,Unspecified,1601,2026-08-10T15:55:12.5571292+09:00,2026-08-10T15:55:13.0571292+09:00,838.478358,838.978358,30,30,-0.071871,-0.046294,0.000011,0.000213,0.000011,0.014969,0
20260810_154114_079,1,Unspecified,1602,2026-08-10T15:55:13.0571292+09:00,2026-08-10T15:55:13.5571292+09:00,838.978358,839.478358,30,30,-0.070011,-0.037137,0.000003,0.000010,0.000001,0.003567,0
20260810_154114_079,1,Unspecified,1603,2026-08-10T15:55:13.5571292+09:00,2026-08-10T15:55:14.0571292+09:00,839.478358,839.978358,30,30,-0.089839,-0.054707,0.000167,0.000868,-0.000198,0.032174,0
20260810_154114_079,1,Unspecified,1604,2026-08-10T15:55:14.0571292+09:00,2026-08-10T15:55:14.5571292+09:00,839.978358,840.478358,30,30,-0.085774,-0.047511,0.000036,0.000447,-0.000036,0.021992,0
20260810_154114_079,1,Unspecified,1605,2026-08-10T15:55:14.5571292+09:00,2026-08-10T15:55:15.0571292+09:00,840.478358,840.978358,30,30,-0.084111,-0.035698,0.000005,0.000008,0.000000,0.003512,0
20260810_154114_079,1,Unspecified,1606,2026-08-10T15:55:15.0571292+09:00,2026-08-10T15:55:15.5571292+09:00,840.978358,841.478358,30,30,-0.081359,-0.032122,0.000002,0.000013,-0.000001,0.003961,0
20260810_154114_079,1,Unspecified,1607,2026-08-10T15:55:15.5571292+09:00,2026-08-10T15:55:16.0571292+09:00,841.478358,841.978358,30,30,-0.105118,-0.047488,0.000748,0.000961,-0.000724,0.041333,0
20260810_154114_079,1,Unspecified,1608,2026-08-10T15:55:16.0571292+09:00,2026-08-10T15:55:16.5571292+09:00,841.978358,842.478358,30,30,-0.104177,-0.037341,0.000352,0.000438,-0.000285,0.028110,0
20260810_154114_079,1,Unspecified,1609,2026-08-10T15:55:16.5571292+09:00,2026-08-10T15:55:17.0571292+09:00,842.478358,842.978358,31,31,-0.083050,-0.036774,0.000079,0.000018,-0.000015,0.009812,0
20260810_154114_079,1,Unspecified,1610,2026-08-10T15:55:17.0571292+09:00,2026-08-10T15:55:17.5571292+09:00,842.978358,843.478358,29,29,-0.082582,-0.034718,0.000038,0.000018,-0.000017,0.007469,0
20260810_154114_079,1,Unspecified,1611,2026-08-10T15:55:17.5571292+09:00,2026-08-10T15:55:18.0571292+09:00,843.478358,843.978358,30,30,-0.090309,-0.058525,0.000138,0.000303,-0.000026,0.020994,0
20260810_154114_079,1,Unspecified,1612,2026-08-10T15:55:18.0571292+09:00,2026-08-10T15:55:18.5571292+09:00,843.978358,844.478358,30,30,-0.083790,-0.060732,0.000103,0.000355,0.000105,0.021407,0
20260810_154114_079,1,Unspecified,1613,2026-08-10T15:55:18.5571292+09:00,2026-08-10T15:55:19.0571292+09:00,844.478358,844.978358,30,30,-0.078559,-0.043275,0.000004,0.000011,-0.000003,0.003812,0
20260810_154114_079,1,Unspecified,1614,2026-08-10T15:55:19.0571292+09:00,2026-08-10T15:55:19.5571292+09:00,844.978358,845.478358,30,30,-0.078376,-0.048425,0.000004,0.000006,0.000002,0.003128,0
20260810_154114_079,1,Unspecified,1615,2026-08-10T15:55:19.5571292+09:00,2026-08-10T15:55:20.0571292+09:00,845.478358,845.978358,30,30,-0.086481,-0.036531,0.000210,0.000804,-0.000258,0.031838,0
20260810_154114_079,1,Unspecified,1616,2026-08-10T15:55:20.0571292+09:00,2026-08-10T15:55:20.5571292+09:00,845.978358,846.478358,30,30,-0.080693,-0.045707,0.000025,0.000554,-0.000037,0.024069,0
20260810_154114_079,1,Unspecified,1617,2026-08-10T15:55:20.5571292+09:00,2026-08-10T15:55:21.0571292+09:00,846.478358,846.978358,30,30,-0.092447,-0.053423,0.000047,0.000497,0.000015,0.023324,0
20260810_154114_079,1,Unspecified,1618,2026-08-10T15:55:21.0571292+09:00,2026-08-10T15:55:21.5571292+09:00,846.978358,847.478358,31,31,-0.076096,-0.037239,0.000005,0.000161,0.000015,0.012885,0
20260810_154114_079,1,Unspecified,1619,2026-08-10T15:55:21.5571292+09:00,2026-08-10T15:55:22.0571292+09:00,847.478358,847.978358,29,29,-0.095139,-0.043461,0.000503,0.000709,-0.000272,0.034822,0
20260810_154114_079,1,Unspecified,1620,2026-08-10T15:55:22.0571292+09:00,2026-08-10T15:55:22.5571292+09:00,847.978358,848.478358,30,30,-0.085996,-0.047201,0.000459,0.000879,-0.000268,0.036583,0
20260810_154114_079,1,Unspecified,1621,2026-08-10T15:55:22.5571292+09:00,2026-08-10T15:55:23.0571292+09:00,848.478358,848.978358,30,30,-0.087459,-0.034853,0.000004,0.000033,-0.000008,0.006059,0
20260810_154114_079,1,Unspecified,1622,2026-08-10T15:55:23.0571292+09:00,2026-08-10T15:55:23.5571292+09:00,848.978358,849.478358,30,30,-0.088440,-0.033646,0.000002,0.000004,0.000000,0.002617,0
20260810_154114_079,1,Unspecified,1623,2026-08-10T15:55:23.5571292+09:00,2026-08-10T15:55:24.0571292+09:00,849.478358,849.978358,30,30,-0.086871,-0.045714,0.000202,0.000416,-0.000210,0.024861,0
20260810_154114_079,1,Unspecified,1624,2026-08-10T15:55:24.0571292+09:00,2026-08-10T15:55:24.5571292+09:00,849.978358,850.478358,30,30,-0.104801,-0.040592,0.000370,0.000680,-0.000255,0.032415,0
20260810_154114_079,1,Unspecified,1625,2026-08-10T15:55:24.5571292+09:00,2026-08-10T15:55:25.0571292+09:00,850.478358,850.978358,30,30,-0.091421,-0.033657,0.000019,0.000006,0.000000,0.004994,0
20260810_154114_079,1,Unspecified,1626,2026-08-10T15:55:25.0571292+09:00,2026-08-10T15:55:25.5571292+09:00,850.978358,851.478358,30,30,-0.086068,-0.034039,0.000002,0.000008,-0.000002,0.003237,0
20260810_154114_079,1,Unspecified,1627,2026-08-10T15:55:25.5571292+09:00,2026-08-10T15:55:26.0571292+09:00,851.478358,851.978358,30,30,-0.097065,-0.044699,0.000353,0.000389,-0.000187,0.027239,0
20260810_154114_079,1,Unspecified,1628,2026-08-10T15:55:26.0571292+09:00,2026-08-10T15:55:26.5571292+09:00,851.978358,852.478358,30,30,-0.104889,-0.039302,0.000446,0.000631,-0.000320,0.032823,0
20260810_154114_079,1,Unspecified,1629,2026-08-10T15:55:26.5571292+09:00,2026-08-10T15:55:27.0571292+09:00,852.478358,852.978358,30,30,-0.102653,-0.038278,0.000102,0.000090,-0.000024,0.013860,0
20260810_154114_079,1,Unspecified,1630,2026-08-10T15:55:27.0571292+09:00,2026-08-10T15:55:27.5571292+09:00,852.978358,853.478358,30,30,-0.100286,-0.032445,0.000081,0.000025,-0.000032,0.010328,0
20260810_154114_079,1,Unspecified,1631,2026-08-10T15:55:27.5571292+09:00,2026-08-10T15:55:28.0571292+09:00,853.478358,853.978358,30,30,-0.102713,-0.035877,0.000294,0.000458,-0.000293,0.027421,0
20260810_154114_079,1,Unspecified,1632,2026-08-10T15:55:28.0571292+09:00,2026-08-10T15:55:28.5571292+09:00,853.978358,854.478358,30,30,-0.085985,-0.042578,0.000053,0.000399,-0.000117,0.021257,0
20260810_154114_079,1,Unspecified,1633,2026-08-10T15:55:28.5571292+09:00,2026-08-10T15:55:29.0571292+09:00,854.478358,854.978358,30,30,-0.105088,-0.034214,0.000252,0.000741,-0.000298,0.031512,0
20260810_154114_079,1,Unspecified,1634,2026-08-10T15:55:29.0571292+09:00,2026-08-10T15:55:29.5571292+09:00,854.978358,855.478358,30,30,-0.102421,-0.041097,0.000391,0.000376,-0.000232,0.027695,0
20260810_154114_079,1,Unspecified,1635,2026-08-10T15:55:29.5571292+09:00,2026-08-10T15:55:30.0571292+09:00,855.478358,855.978358,30,30,-0.093206,-0.041158,0.000010,0.000208,0.000025,0.014752,0
20260810_154114_079,1,Unspecified,1636,2026-08-10T15:55:30.0571292+09:00,2026-08-10T15:55:30.5571292+09:00,855.978358,856.478358,30,30,-0.095110,-0.055017,0.000010,0.000284,0.000037,0.017161,0
20260810_154114_079,1,Unspecified,1637,2026-08-10T15:55:30.5571292+09:00,2026-08-10T15:55:31.0571292+09:00,856.478358,856.978358,30,30,-0.093884,-0.045065,0.000001,0.000004,-0.000001,0.002289,0
20260810_154114_079,1,Unspecified,1638,2026-08-10T15:55:31.0571292+09:00,2026-08-10T15:55:31.5571292+09:00,856.978358,857.478358,30,30,-0.096254,-0.044802,0.000006,0.000003,-0.000001,0.002874,0
20260810_154114_079,1,Unspecified,1639,2026-08-10T15:55:31.5571292+09:00,2026-08-10T15:55:32.0571292+09:00,857.478358,857.978358,30,30,-0.095615,-0.063500,0.000197,0.000584,-0.000177,0.027939,0
20260810_154114_079,1,Unspecified,1640,2026-08-10T15:55:32.0571292+09:00,2026-08-10T15:55:32.5571292+09:00,857.978358,858.478358,30,30,-0.089368,-0.046018,0.000001,0.000016,-0.000002,0.004086,0
20260810_154114_079,1,Unspecified,1641,2026-08-10T15:55:32.5571292+09:00,2026-08-10T15:55:33.0571292+09:00,858.478358,858.978358,30,30,-0.085952,-0.049202,0.000002,0.000006,-0.000002,0.002852,0
20260810_154114_079,1,Unspecified,1642,2026-08-10T15:55:33.0571292+09:00,2026-08-10T15:55:33.5571292+09:00,858.978358,859.478358,30,30,-0.088941,-0.055267,0.000106,0.000454,0.000010,0.023658,0
20260810_154114_079,1,Unspecified,1643,2026-08-10T15:55:33.5571292+09:00,2026-08-10T15:55:34.0571292+09:00,859.478358,859.978358,30,30,-0.087676,-0.076275,0.000057,0.000352,0.000069,0.020207,0
20260810_154114_079,1,Unspecified,1644,2026-08-10T15:55:34.0571292+09:00,2026-08-10T15:55:34.5571292+09:00,859.978358,860.478358,30,30,-0.096513,-0.059007,0.000126,0.000294,-0.000031,0.020508,0
20260810_154114_079,1,Unspecified,1645,2026-08-10T15:55:34.5571292+09:00,2026-08-10T15:55:35.0571292+09:00,860.478358,860.978358,30,30,-0.088624,-0.051309,0.000273,0.000580,-0.000258,0.029198,0
20260810_154114_079,1,Unspecified,1646,2026-08-10T15:55:35.0571292+09:00,2026-08-10T15:55:35.5571292+09:00,860.978358,861.478358,30,30,-0.071737,-0.047915,0.000004,0.000016,0.000000,0.004473,0
20260810_154114_079,1,Unspecified,1647,2026-08-10T15:55:35.5571292+09:00,2026-08-10T15:55:36.0571292+09:00,861.478358,861.978358,30,30,-0.097243,-0.046734,0.000385,0.000448,-0.000172,0.028856,0
20260810_154114_079,1,Unspecified,1648,2026-08-10T15:55:36.0571292+09:00,2026-08-10T15:55:36.5571292+09:00,861.978358,862.478358,30,30,-0.095519,-0.052607,0.000185,0.000491,-0.000147,0.025995,0
20260810_154114_079,1,Unspecified,1649,2026-08-10T15:55:36.5571292+09:00,2026-08-10T15:55:37.0571292+09:00,862.478358,862.978358,30,30,-0.092301,-0.039867,0.000001,0.000011,0.000000,0.003483,0
20260810_154114_079,1,Unspecified,1650,2026-08-10T15:55:37.0571292+09:00,2026-08-10T15:55:37.5571292+09:00,862.978358,863.478358,30,30,-0.090628,-0.051182,0.000081,0.000428,-0.000063,0.022570,0
20260810_154114_079,1,Unspecified,1651,2026-08-10T15:55:37.5571292+09:00,2026-08-10T15:55:38.0571292+09:00,863.478358,863.978358,30,30,-0.083648,-0.063979,0.000057,0.000499,-0.000003,0.023570,0
20260810_154114_079,1,Unspecified,1652,2026-08-10T15:55:38.0571292+09:00,2026-08-10T15:55:38.5571292+09:00,863.978358,864.478358,30,30,-0.091222,-0.054858,0.000257,0.000592,-0.000213,0.029129,0
20260810_154114_079,1,Unspecified,1653,2026-08-10T15:55:38.5571292+09:00,2026-08-10T15:55:39.0571292+09:00,864.478358,864.978358,30,30,-0.089931,-0.042358,0.000001,0.000014,-0.000001,0.003838,0
20260810_154114_079,1,Unspecified,1654,2026-08-10T15:55:39.0571292+09:00,2026-08-10T15:55:39.5571292+09:00,864.978358,865.478358,30,30,-0.086318,-0.037430,0.000006,0.000008,0.000001,0.003628,0
20260810_154114_079,1,Unspecified,1655,2026-08-10T15:55:39.5571292+09:00,2026-08-10T15:55:40.0571292+09:00,865.478358,865.978358,30,30,-0.097030,-0.059375,0.000305,0.000452,-0.000174,0.027518,0
20260810_154114_079,1,Unspecified,1656,2026-08-10T15:55:40.0571292+09:00,2026-08-10T15:55:40.5571292+09:00,865.978358,866.478358,30,30,-0.089445,-0.061254,0.000395,0.000465,-0.000093,0.029326,0
20260810_154114_079,1,Unspecified,1657,2026-08-10T15:55:40.5571292+09:00,2026-08-10T15:55:41.0571292+09:00,866.478358,866.978358,30,30,-0.087935,-0.058944,0.000078,0.000287,0.000056,0.019117,0
20260810_154114_079,1,Unspecified,1658,2026-08-10T15:55:41.0571292+09:00,2026-08-10T15:55:41.5571292+09:00,866.978358,867.478358,30,30,-0.080025,-0.044960,0.000001,0.000003,0.000000,0.002126,0
20260810_154114_079,1,Unspecified,1659,2026-08-10T15:55:41.5571292+09:00,2026-08-10T15:55:42.0571292+09:00,867.478358,867.978358,30,30,-0.094636,-0.047358,0.000108,0.000488,-0.000082,0.024409,0
20260810_154114_079,1,Unspecified,1660,2026-08-10T15:55:42.0571292+09:00,2026-08-10T15:55:42.5571292+09:00,867.978358,868.478358,30,30,-0.107164,-0.036413,0.000404,0.001064,-0.000502,0.038320,0
20260810_154114_079,1,Unspecified,1661,2026-08-10T15:55:42.5571292+09:00,2026-08-10T15:55:43.0571292+09:00,868.478358,868.978358,30,30,-0.090728,-0.053996,0.000001,0.000008,0.000001,0.003024,0
20260810_154114_079,1,Unspecified,1662,2026-08-10T15:55:43.0571292+09:00,2026-08-10T15:55:43.5571292+09:00,868.978358,869.478358,30,30,-0.089925,-0.048496,0.000001,0.000007,-0.000002,0.002919,0
20260810_154114_079,1,Unspecified,1663,2026-08-10T15:55:43.5571292+09:00,2026-08-10T15:55:44.0571292+09:00,869.478358,869.978358,30,30,-0.097032,-0.051933,0.000242,0.000379,-0.000184,0.024924,0
20260810_154114_079,1,Unspecified,1664,2026-08-10T15:55:44.0571292+09:00,2026-08-10T15:55:44.5571292+09:00,869.978358,870.478358,30,30,-0.080928,-0.058405,0.000053,0.000469,-0.000100,0.022848,0
20260810_154114_079,1,Unspecified,1665,2026-08-10T15:55:44.5571292+09:00,2026-08-10T15:55:45.0571292+09:00,870.478358,870.978358,30,30,-0.079675,-0.052953,0.000022,0.000259,0.000057,0.016761,0
20260810_154114_079,1,Unspecified,1666,2026-08-10T15:55:45.0571292+09:00,2026-08-10T15:55:45.5571292+09:00,870.978358,871.478358,30,30,-0.078119,-0.042548,0.000003,0.000004,-0.000001,0.002614,0
20260810_154114_079,1,Unspecified,1667,2026-08-10T15:55:45.5571292+09:00,2026-08-10T15:55:46.0571292+09:00,871.478358,871.978358,31,31,-0.090671,-0.056330,0.000163,0.000699,-0.000129,0.029353,0
20260810_154114_079,1,Unspecified,1668,2026-08-10T15:55:46.0571292+09:00,2026-08-10T15:55:46.5571292+09:00,871.978358,872.478358,29,29,-0.090983,-0.054078,0.000065,0.000426,-0.000005,0.022159,0
20260810_154114_079,1,Unspecified,1669,2026-08-10T15:55:46.5571292+09:00,2026-08-10T15:55:47.0571292+09:00,872.478358,872.978358,30,30,-0.083729,-0.047676,0.000010,0.000171,0.000024,0.013466,0
20260810_154114_079,1,Unspecified,1670,2026-08-10T15:55:47.0571292+09:00,2026-08-10T15:55:47.5571292+09:00,872.978358,873.478358,30,30,-0.081117,-0.041920,0.000002,0.000008,-0.000001,0.003128,0
20260810_154114_079,1,Unspecified,1671,2026-08-10T15:55:47.5571292+09:00,2026-08-10T15:55:48.0571292+09:00,873.478358,873.978358,30,30,-0.094895,-0.036997,0.000041,0.000013,-0.000009,0.007347,0
20260810_154114_079,1,Unspecified,1672,2026-08-10T15:55:48.0571292+09:00,2026-08-10T15:55:48.5571292+09:00,873.978358,874.478358,30,30,-0.092741,-0.062047,0.000277,0.000489,-0.000207,0.027677,0
20260810_154114_079,1,Unspecified,1673,2026-08-10T15:55:48.5571292+09:00,2026-08-10T15:55:49.0571292+09:00,874.478358,874.978358,30,30,-0.087691,-0.051704,0.000189,0.000475,-0.000168,0.025772,0
20260810_154114_079,1,Unspecified,1674,2026-08-10T15:55:49.0571292+09:00,2026-08-10T15:55:49.5571292+09:00,874.978358,875.478358,30,30,-0.080156,-0.041100,0.000008,0.000007,0.000001,0.003806,0
20260810_154114_079,1,Unspecified,1675,2026-08-10T15:55:49.5571292+09:00,2026-08-10T15:55:50.0571292+09:00,875.478358,875.978358,30,30,-0.091096,-0.058594,0.000121,0.000634,-0.000075,0.027476,0
20260810_154114_079,1,Unspecified,1676,2026-08-10T15:55:50.0571292+09:00,2026-08-10T15:55:50.5571292+09:00,875.978358,876.478358,30,30,-0.094355,-0.055568,0.000078,0.000535,0.000024,0.024760,0
20260810_154114_079,1,Unspecified,1677,2026-08-10T15:55:50.5571292+09:00,2026-08-10T15:55:51.0571292+09:00,876.478358,876.978358,30,30,-0.097044,-0.047370,0.000006,0.000021,-0.000004,0.005198,0
20260810_154114_079,1,Unspecified,1678,2026-08-10T15:55:51.0571292+09:00,2026-08-10T15:55:51.5571292+09:00,876.978358,877.478358,30,30,-0.096571,-0.045249,0.000003,0.000006,-0.000002,0.002999,0
20260810_154114_079,1,Unspecified,1679,2026-08-10T15:55:51.5571292+09:00,2026-08-10T15:55:52.0571292+09:00,877.478358,877.978358,30,30,-0.091941,-0.057246,0.000043,0.000373,0.000019,0.020397,0
20260810_154114_079,1,Unspecified,1680,2026-08-10T15:55:52.0571292+09:00,2026-08-10T15:55:52.5571292+09:00,877.978358,878.478358,30,30,-0.093665,-0.067478,0.000069,0.000697,-0.000007,0.027682,0
20260810_154114_079,1,Unspecified,1681,2026-08-10T15:55:52.5571292+09:00,2026-08-10T15:55:53.0571292+09:00,878.478358,878.978358,30,30,-0.086029,-0.065551,0.000154,0.000236,0.000056,0.019738,0
20260810_154114_079,1,Unspecified,1682,2026-08-10T15:55:53.0571292+09:00,2026-08-10T15:55:53.5571292+09:00,878.978358,879.478358,30,30,-0.077226,-0.056143,0.000004,0.000005,0.000001,0.003045,0
20260810_154114_079,1,Unspecified,1683,2026-08-10T15:55:53.5571292+09:00,2026-08-10T15:55:54.0571292+09:00,879.478358,879.978358,30,30,-0.076584,-0.054930,0.000004,0.000024,0.000006,0.005308,0
20260810_154114_079,1,Unspecified,1684,2026-08-10T15:55:54.0571292+09:00,2026-08-10T15:55:54.5571292+09:00,879.978358,880.478358,30,30,-0.073871,-0.048830,0.000004,0.000007,-0.000001,0.003244,0
20260810_154114_079,1,Unspecified,1685,2026-08-10T15:55:54.5571292+09:00,2026-08-10T15:55:55.0571292+09:00,880.478358,880.978358,30,30,-0.076526,-0.048297,0.000003,0.000006,0.000000,0.003126,0
20260810_154114_079,1,Unspecified,1686,2026-08-10T15:55:55.0571292+09:00,2026-08-10T15:55:55.5571292+09:00,880.978358,881.478358,30,30,-0.074645,-0.047887,0.000003,0.000004,-0.000001,0.002536,0
20260810_154114_079,1,Unspecified,1687,2026-08-10T15:55:55.5571292+09:00,2026-08-10T15:55:56.0571292+09:00,881.478358,881.978358,30,30,-0.089342,-0.047314,0.000006,0.000004,0.000001,0.003163,0
20260810_154114_079,1,Unspecified,1688,2026-08-10T15:55:56.0571292+09:00,2026-08-10T15:55:56.5571292+09:00,881.978358,882.478358,30,30,-0.087503,-0.048997,0.000001,0.000009,0.000000,0.003226,0
20260810_154114_079,1,Unspecified,1689,2026-08-10T15:55:56.5571292+09:00,2026-08-10T15:55:57.0571292+09:00,882.478358,882.978358,30,30,-0.088223,-0.052883,0.000001,0.000002,0.000000,0.001766,0
20260810_154114_079,1,Unspecified,1690,2026-08-10T15:55:57.0571292+09:00,2026-08-10T15:55:57.5571292+09:00,882.978358,883.478358,31,31,-0.087416,-0.052590,0.000002,0.000005,-0.000002,0.002688,0
20260810_154114_079,1,Unspecified,1691,2026-08-10T15:55:57.5571292+09:00,2026-08-10T15:55:58.0571292+09:00,883.478358,883.978358,29,29,-0.090285,-0.068327,0.000071,0.000712,-0.000052,0.027987,0
20260810_154114_079,1,Unspecified,1692,2026-08-10T15:55:58.0571292+09:00,2026-08-10T15:55:58.5571292+09:00,883.978358,884.478358,30,30,-0.092389,-0.070365,0.000560,0.001554,-0.000797,0.045981,0
20260810_154114_079,1,Unspecified,1693,2026-08-10T15:55:58.5571292+09:00,2026-08-10T15:55:59.0571292+09:00,884.478358,884.978358,30,30,-0.082180,-0.069760,0.000053,0.000536,0.000120,0.024269,0
20260810_154114_079,1,Unspecified,1694,2026-08-10T15:55:59.0571292+09:00,2026-08-10T15:55:59.5571292+09:00,884.978358,885.478358,30,30,-0.078752,-0.055255,0.000009,0.000004,-0.000002,0.003736,0
20260810_154114_079,1,Unspecified,1695,2026-08-10T15:55:59.5571292+09:00,2026-08-10T15:56:00.0571292+09:00,885.478358,885.978358,30,30,-0.100156,-0.063155,0.000108,0.000553,-0.000109,0.025709,0
20260810_154114_079,1,Unspecified,1696,2026-08-10T15:56:00.0571292+09:00,2026-08-10T15:56:00.5571292+09:00,885.978358,886.478358,30,30,-0.104419,-0.074073,0.000246,0.000884,-0.000212,0.033615,0
20260810_154114_079,1,Unspecified,1697,2026-08-10T15:56:00.5571292+09:00,2026-08-10T15:56:01.0571292+09:00,886.478358,886.978358,30,30,-0.093986,-0.049471,0.000003,0.000043,0.000003,0.006811,0
20260810_154114_079,1,Unspecified,1698,2026-08-10T15:56:01.0571292+09:00,2026-08-10T15:56:01.5571292+09:00,886.978358,887.478358,30,30,-0.091764,-0.045338,0.000003,0.000004,-0.000001,0.002586,0
20260810_154114_079,1,Unspecified,1699,2026-08-10T15:56:01.5571292+09:00,2026-08-10T15:56:02.0571292+09:00,887.478358,887.978358,30,30,-0.090432,-0.072616,0.000070,0.000552,0.000032,0.024950,0
20260810_154114_079,1,Unspecified,1700,2026-08-10T15:56:02.0571292+09:00,2026-08-10T15:56:02.5571292+09:00,887.978358,888.478358,30,30,-0.094995,-0.055780,0.000148,0.000765,-0.000128,0.030222,0
20260810_154114_079,1,Unspecified,1701,2026-08-10T15:56:02.5571292+09:00,2026-08-10T15:56:03.0571292+09:00,888.478358,888.978358,31,31,-0.094361,-0.051449,0.000317,0.000394,-0.000263,0.026671,0
20260810_154114_079,1,Unspecified,1702,2026-08-10T15:56:03.0571292+09:00,2026-08-10T15:56:03.5571292+09:00,888.978358,889.478358,29,29,-0.096320,-0.048221,0.000261,0.000450,-0.000132,0.026660,0
20260810_154114_079,1,Unspecified,1703,2026-08-10T15:56:03.5571292+09:00,2026-08-10T15:56:04.0571292+09:00,889.478358,889.978358,30,30,-0.099421,-0.062390,0.000304,0.001130,-0.000386,0.037861,0
20260810_154114_079,1,Unspecified,1704,2026-08-10T15:56:04.0571292+09:00,2026-08-10T15:56:04.5571292+09:00,889.978358,890.478358,30,30,-0.098287,-0.054561,0.000553,0.000756,-0.000269,0.036169,0
20260810_154114_079,1,Unspecified,1705,2026-08-10T15:56:04.5571292+09:00,2026-08-10T15:56:05.0571292+09:00,890.478358,890.978358,30,30,-0.092519,-0.069878,0.000118,0.000828,-0.000065,0.030768,0
20260810_154114_079,1,Unspecified,1706,2026-08-10T15:56:05.0571292+09:00,2026-08-10T15:56:05.5571292+09:00,890.978358,891.478358,30,30,-0.078503,-0.072378,0.000003,0.000005,0.000000,0.002776,0
20260810_154114_079,1,Unspecified,1707,2026-08-10T15:56:05.5571292+09:00,2026-08-10T15:56:06.0571292+09:00,891.478358,891.978358,30,30,-0.097077,-0.067213,0.000131,0.000379,0.000024,0.022584,0
20260810_154114_079,1,Unspecified,1708,2026-08-10T15:56:06.0571292+09:00,2026-08-10T15:56:06.5571292+09:00,891.978358,892.478358,30,30,-0.097223,-0.056885,0.000115,0.000296,-0.000055,0.020254,0
20260810_154114_079,1,Unspecified,1709,2026-08-10T15:56:06.5571292+09:00,2026-08-10T15:56:07.0571292+09:00,892.478358,892.978358,30,30,-0.089266,-0.061366,0.000089,0.000431,-0.000108,0.022805,0
20260810_154114_079,1,Unspecified,1710,2026-08-10T15:56:07.0571292+09:00,2026-08-10T15:56:07.5571292+09:00,892.978358,893.478358,30,30,-0.077659,-0.058915,0.000063,0.000017,-0.000006,0.008932,0
20260810_154114_079,1,Unspecified,1711,2026-08-10T15:56:07.5571292+09:00,2026-08-10T15:56:08.0571292+09:00,893.478358,893.978358,30,30,-0.101021,-0.056365,0.000613,0.000729,-0.000505,0.036626,0
20260810_154114_079,1,Unspecified,1712,2026-08-10T15:56:08.0571292+09:00,2026-08-10T15:56:08.5571292+09:00,893.978358,894.478358,30,30,-0.096862,-0.065926,0.000029,0.000029,0.000022,0.007579,0
20260810_154114_079,1,Unspecified,1713,2026-08-10T15:56:08.5571292+09:00,2026-08-10T15:56:09.0571292+09:00,894.478358,894.978358,30,30,-0.089756,-0.058473,0.000146,0.000057,0.000085,0.014256,0
20260810_154114_079,1,Unspecified,1714,2026-08-10T15:56:09.0571292+09:00,2026-08-10T15:56:09.5571292+09:00,894.978358,895.478358,30,30,-0.073932,-0.052586,0.000001,0.000007,-0.000001,0.002804,0
20260810_154114_079,1,Unspecified,1715,2026-08-10T15:56:09.5571292+09:00,2026-08-10T15:56:10.0571292+09:00,895.478358,895.978358,30,30,-0.087961,-0.057791,0.000380,0.000906,-0.000409,0.035865,0
20260810_154114_079,1,Unspecified,1716,2026-08-10T15:56:10.0571292+09:00,2026-08-10T15:56:10.5571292+09:00,895.978358,896.478358,30,30,-0.076042,-0.064087,0.000222,0.000524,-0.000153,0.027312,0
20260810_154114_079,1,Unspecified,1717,2026-08-10T15:56:10.5571292+09:00,2026-08-10T15:56:11.0571292+09:00,896.478358,896.978358,30,30,-0.073183,-0.049929,0.000072,0.000008,-0.000016,0.008912,0
20260810_154114_079,1,Unspecified,1718,2026-08-10T15:56:11.0571292+09:00,2026-08-10T15:56:11.5571292+09:00,896.978358,897.478358,30,30,-0.084597,-0.046208,0.000003,0.000002,0.000000,0.002282,0
20260810_154114_079,1,Unspecified,1719,2026-08-10T15:56:11.5571292+09:00,2026-08-10T15:56:12.0571292+09:00,897.478358,897.978358,30,30,-0.091474,-0.054941,0.000087,0.000556,-0.000007,0.025353,0
20260810_154114_079,1,Unspecified,1720,2026-08-10T15:56:12.0571292+09:00,2026-08-10T15:56:12.5571292+09:00,897.978358,898.478358,30,30,-0.083230,-0.058519,0.000133,0.000431,0.000003,0.023745,0
20260810_154114_079,1,Unspecified,1721,2026-08-10T15:56:12.5571292+09:00,2026-08-10T15:56:13.0571292+09:00,898.478358,898.978358,30,30,-0.084791,-0.053491,0.000069,0.000545,-0.000035,0.024780,0
20260810_154114_079,1,Unspecified,1722,2026-08-10T15:56:13.0571292+09:00,2026-08-10T15:56:13.5571292+09:00,898.978358,899.478358,30,30,-0.080258,-0.047078,0.000003,0.000003,0.000001,0.002491,0
20260810_154114_079,1,Unspecified,1723,2026-08-10T15:56:13.5571292+09:00,2026-08-10T15:56:14.0571292+09:00,899.478358,899.978358,30,30,-0.091863,-0.066681,0.000129,0.000567,-0.000060,0.026383,0
20260810_154114_079,1,Unspecified,1724,2026-08-10T15:56:14.0571292+09:00,2026-08-10T15:56:14.5571292+09:00,899.978358,900.478358,30,30,-0.095688,-0.056114,0.000653,0.000505,-0.000276,0.034035,0
20260810_154114_079,1,Unspecified,1725,2026-08-10T15:56:14.5571292+09:00,2026-08-10T15:56:15.0571292+09:00,900.478358,900.978358,30,30,-0.083591,-0.051242,0.000003,0.000005,-0.000001,0.002966,0
20260810_154114_079,1,Unspecified,1726,2026-08-10T15:56:15.0571292+09:00,2026-08-10T15:56:15.5571292+09:00,900.978358,901.478358,30,30,-0.082112,-0.053995,0.000011,0.000065,0.000023,0.008714,0
20260810_154114_079,1,Unspecified,1727,2026-08-10T15:56:15.5571292+09:00,2026-08-10T15:56:16.0571292+09:00,901.478358,901.978358,30,30,-0.092491,-0.061598,0.000250,0.000867,-0.000304,0.033408,0
20260810_154114_079,1,Unspecified,1728,2026-08-10T15:56:16.0571292+09:00,2026-08-10T15:56:16.5571292+09:00,901.978358,902.478358,30,30,-0.086827,-0.063749,0.000082,0.000363,0.000127,0.021092,0
20260810_154114_079,1,Unspecified,1729,2026-08-10T15:56:16.5571292+09:00,2026-08-10T15:56:17.0571292+09:00,902.478358,902.978358,30,30,-0.083000,-0.050316,0.000008,0.000006,-0.000002,0.003701,0
20260810_154114_079,1,Unspecified,1730,2026-08-10T15:56:17.0571292+09:00,2026-08-10T15:56:17.5571292+09:00,902.978358,903.478358,30,30,-0.080574,-0.047545,0.000004,0.000010,-0.000004,0.003735,0
20260810_154114_079,1,Unspecified,1731,2026-08-10T15:56:17.5571292+09:00,2026-08-10T15:56:18.0571292+09:00,903.478358,903.978358,30,30,-0.102502,-0.060827,0.000093,0.000382,0.000130,0.021789,0
20260810_154114_079,1,Unspecified,1732,2026-08-10T15:56:18.0571292+09:00,2026-08-10T15:56:18.5571292+09:00,903.978358,904.478358,30,30,-0.093643,-0.051227,0.000181,0.000592,-0.000095,0.027796,0
20260810_154114_079,1,Unspecified,1733,2026-08-10T15:56:18.5571292+09:00,2026-08-10T15:56:19.0571292+09:00,904.478358,904.978358,30,30,-0.092989,-0.048778,0.000415,0.000549,-0.000219,0.031043,0
20260810_154114_079,1,Unspecified,1734,2026-08-10T15:56:19.0571292+09:00,2026-08-10T15:56:19.5571292+09:00,904.978358,905.478358,30,30,-0.094792,-0.044577,0.000001,0.000007,0.000000,0.002902,0
20260810_154114_079,1,Unspecified,1735,2026-08-10T15:56:19.5571292+09:00,2026-08-10T15:56:20.0571292+09:00,905.478358,905.978358,31,31,-0.094883,-0.056036,0.000237,0.000305,-0.000105,0.023289,0
20260810_154114_079,1,Unspecified,1736,2026-08-10T15:56:20.0571292+09:00,2026-08-10T15:56:20.5571292+09:00,905.978358,906.478358,29,29,-0.096528,-0.057196,0.000428,0.000792,-0.000368,0.034927,0
20260810_154114_079,1,Unspecified,1737,2026-08-10T15:56:20.5571292+09:00,2026-08-10T15:56:21.0571292+09:00,906.478358,906.978358,30,30,-0.082958,-0.058831,0.000313,0.000690,-0.000008,0.031663,0
20260810_154114_079,1,Unspecified,1738,2026-08-10T15:56:21.0571292+09:00,2026-08-10T15:56:21.5571292+09:00,906.978358,907.478358,30,30,-0.087095,-0.057050,0.000011,0.000056,-0.000020,0.008167,0
20260810_154114_079,1,Unspecified,1739,2026-08-10T15:56:21.5571292+09:00,2026-08-10T15:56:22.0571292+09:00,907.478358,907.978358,30,30,-0.094443,-0.057473,0.000127,0.000247,0.000073,0.019329,0
20260810_154114_079,1,Unspecified,1740,2026-08-10T15:56:22.0571292+09:00,2026-08-10T15:56:22.5571292+09:00,907.978358,908.478358,30,30,-0.101464,-0.058231,0.000474,0.000832,-0.000395,0.036135,0
20260810_154114_079,1,Unspecified,1741,2026-08-10T15:56:22.5571292+09:00,2026-08-10T15:56:23.0571292+09:00,908.478358,908.978358,30,30,-0.091920,-0.049879,0.000075,0.000745,-0.000104,0.028639,0
20260810_154114_079,1,Unspecified,1742,2026-08-10T15:56:23.0571292+09:00,2026-08-10T15:56:23.5571292+09:00,908.978358,909.478358,30,30,-0.089981,-0.053532,0.000003,0.000018,0.000003,0.004645,0
20260810_154114_079,1,Unspecified,1743,2026-08-10T15:56:23.5571292+09:00,2026-08-10T15:56:24.0571292+09:00,909.478358,909.978358,30,30,-0.091410,-0.054290,0.000298,0.000410,-0.000090,0.026622,0
20260810_154114_079,1,Unspecified,1744,2026-08-10T15:56:24.0571292+09:00,2026-08-10T15:56:24.5571292+09:00,909.978358,910.478358,30,30,-0.104192,-0.053179,0.000471,0.000892,-0.000301,0.036921,0
20260810_154114_079,1,Unspecified,1745,2026-08-10T15:56:24.5571292+09:00,2026-08-10T15:56:25.0571292+09:00,910.478358,910.978358,30,30,-0.091584,-0.063904,0.000042,0.000161,0.000065,0.014267,0
20260810_154114_079,1,Unspecified,1746,2026-08-10T15:56:25.0571292+09:00,2026-08-10T15:56:25.5571292+09:00,910.978358,911.478358,30,30,-0.099611,-0.060922,0.000160,0.000575,-0.000052,0.027105,0
20260810_154114_079,1,Unspecified,1747,2026-08-10T15:56:25.5571292+09:00,2026-08-10T15:56:26.0571292+09:00,911.478358,911.978358,30,30,-0.094932,-0.058134,0.000007,0.000247,0.000029,0.015940,0
20260810_154114_079,1,Unspecified,1748,2026-08-10T15:56:26.0571292+09:00,2026-08-10T15:56:26.5571292+09:00,911.978358,912.478358,30,30,-0.094499,-0.057105,0.000097,0.001104,-0.000102,0.034650,0
20260810_154114_079,1,Unspecified,1749,2026-08-10T15:56:26.5571292+09:00,2026-08-10T15:56:27.0571292+09:00,912.478358,912.978358,30,30,-0.099774,-0.048449,0.000223,0.000464,-0.000262,0.026217,0
20260810_154114_079,1,Unspecified,1750,2026-08-10T15:56:27.0571292+09:00,2026-08-10T15:56:27.5571292+09:00,912.978358,913.478358,30,30,-0.091996,-0.048537,0.000006,0.000007,-0.000002,0.003531,0
20260810_154114_079,1,Unspecified,1751,2026-08-10T15:56:27.5571292+09:00,2026-08-10T15:56:28.0571292+09:00,913.478358,913.978358,30,30,-0.092662,-0.057316,0.000061,0.000700,-0.000104,0.027578,0
20260810_154114_079,1,Unspecified,1752,2026-08-10T15:56:28.0571292+09:00,2026-08-10T15:56:28.5571292+09:00,913.978358,914.478358,30,30,-0.091816,-0.064633,0.000143,0.000980,-0.000100,0.033501,0
20260810_154114_079,1,Unspecified,1753,2026-08-10T15:56:28.5571292+09:00,2026-08-10T15:56:29.0571292+09:00,914.478358,914.978358,30,30,-0.084039,-0.067884,0.000002,0.000007,0.000000,0.003095,0
20260810_154114_079,1,Unspecified,1754,2026-08-10T15:56:29.0571292+09:00,2026-08-10T15:56:29.5571292+09:00,914.978358,915.478358,30,30,-0.090666,-0.061525,0.000386,0.000418,-0.000350,0.028355,0
20260810_154114_079,1,Unspecified,1755,2026-08-10T15:56:29.5571292+09:00,2026-08-10T15:56:30.0571292+09:00,915.478358,915.978358,30,30,-0.099484,-0.067218,0.000134,0.000425,-0.000037,0.023644,0
20260810_154114_079,1,Unspecified,1756,2026-08-10T15:56:30.0571292+09:00,2026-08-10T15:56:30.5571292+09:00,915.978358,916.478358,30,30,-0.102383,-0.047393,0.000012,0.000026,0.000009,0.006155,0
20260810_154114_079,1,Unspecified,1757,2026-08-10T15:56:30.5571292+09:00,2026-08-10T15:56:31.0571292+09:00,916.478358,916.978358,30,30,-0.099989,-0.071502,0.000335,0.000674,-0.000127,0.031766,0
20260810_154114_079,1,Unspecified,1758,2026-08-10T15:56:31.0571292+09:00,2026-08-10T15:56:31.5571292+09:00,916.978358,917.478358,30,30,-0.095890,-0.069983,0.000052,0.000588,0.000023,0.025293,0
20260810_154114_079,1,Unspecified,1759,2026-08-10T15:56:31.5571292+09:00,2026-08-10T15:56:32.0571292+09:00,917.478358,917.978358,30,30,-0.107844,-0.033924,0.000562,0.001779,-0.000118,0.048383,0
20260810_154114_079,1,Unspecified,1760,2026-08-10T15:56:32.0571292+09:00,2026-08-10T15:56:32.5571292+09:00,917.978358,918.478358,30,30,-0.094375,-0.051793,0.000170,0.000473,-0.000194,0.025373,0
20260810_154114_079,1,Unspecified,1761,2026-08-10T15:56:32.5571292+09:00,2026-08-10T15:56:33.0571292+09:00,918.478358,918.978358,30,30,-0.073292,-0.050210,0.000004,0.000013,0.000003,0.004192,0
20260810_154114_079,1,Unspecified,1762,2026-08-10T15:56:33.0571292+09:00,2026-08-10T15:56:33.5571292+09:00,918.978358,919.478358,30,30,-0.084711,-0.062496,0.000247,0.000454,-0.000052,0.026473,0
20260810_154114_079,1,Unspecified,1763,2026-08-10T15:56:33.5571292+09:00,2026-08-10T15:56:34.0571292+09:00,919.478358,919.978358,30,30,-0.087862,-0.062835,0.000310,0.000395,-0.000067,0.026565,0
20260810_154114_079,1,Unspecified,1764,2026-08-10T15:56:34.0571292+09:00,2026-08-10T15:56:34.5571292+09:00,919.978358,920.478358,30,30,-0.090735,-0.066718,0.000594,0.000992,-0.000382,0.039822,0
20260810_154114_079,1,Unspecified,1765,2026-08-10T15:56:34.5571292+09:00,2026-08-10T15:56:35.0571292+09:00,920.478358,920.978358,30,30,-0.095408,-0.065354,0.000407,0.000827,-0.000401,0.035128,0
20260810_154114_079,1,Unspecified,1766,2026-08-10T15:56:35.0571292+09:00,2026-08-10T15:56:35.5571292+09:00,920.978358,921.478358,30,30,-0.081413,-0.063971,0.000168,0.000248,-0.000076,0.020392,0
20260810_154114_079,1,Unspecified,1767,2026-08-10T15:56:35.5571292+09:00,2026-08-10T15:56:36.0571292+09:00,921.478358,921.978358,30,30,-0.093473,-0.071797,0.000435,0.000714,-0.000321,0.033898,0
20260810_154114_079,1,Unspecified,1768,2026-08-10T15:56:36.0571292+09:00,2026-08-10T15:56:36.5571292+09:00,921.978358,922.478358,30,30,-0.094466,-0.058669,0.000695,0.000569,-0.000342,0.035552,0
20260810_154114_079,1,Unspecified,1769,2026-08-10T15:56:36.5571292+09:00,2026-08-10T15:56:37.0571292+09:00,922.478358,922.978358,30,30,-0.103251,-0.053375,0.000373,0.001159,-0.000410,0.039135,0
20260810_154114_079,1,Unspecified,1770,2026-08-10T15:56:37.0571292+09:00,2026-08-10T15:56:37.5571292+09:00,922.978358,923.478358,30,30,-0.089744,-0.055610,0.000052,0.000160,0.000020,0.014579,0
20260810_154114_079,1,Unspecified,1771,2026-08-10T15:56:37.5571292+09:00,2026-08-10T15:56:38.0571292+09:00,923.478358,923.978358,30,30,-0.098291,-0.048796,0.000410,0.000460,-0.000306,0.029497,0
20260810_154114_079,1,Unspecified,1772,2026-08-10T15:56:38.0571292+09:00,2026-08-10T15:56:38.5571292+09:00,923.978358,924.478358,30,30,-0.116269,-0.045422,0.000692,0.000805,-0.000602,0.038688,0
20260810_154114_079,1,Unspecified,1773,2026-08-10T15:56:38.5571292+09:00,2026-08-10T15:56:39.0571292+09:00,924.478358,924.978358,30,30,-0.082110,-0.049557,0.000013,0.000279,0.000028,0.017083,0
20260810_154114_079,1,Unspecified,1774,2026-08-10T15:56:39.0571292+09:00,2026-08-10T15:56:39.5571292+09:00,924.978358,925.478358,30,30,-0.094264,-0.043694,0.000004,0.000008,0.000001,0.003375,0
20260810_154114_079,1,Unspecified,1775,2026-08-10T15:56:39.5571292+09:00,2026-08-10T15:56:40.0571292+09:00,925.478358,925.978358,30,30,-0.109094,-0.044744,0.000531,0.001072,-0.000673,0.040038,0
20260810_154114_079,1,Unspecified,1776,2026-08-10T15:56:40.0571292+09:00,2026-08-10T15:56:40.5571292+09:00,925.978358,926.478358,30,30,-0.095226,-0.050908,0.000664,0.000664,-0.000447,0.036441,0
20260810_154114_079,1,Unspecified,1777,2026-08-10T15:56:40.5571292+09:00,2026-08-10T15:56:41.0571292+09:00,926.478358,926.978358,30,30,-0.079657,-0.049606,0.000003,0.000010,0.000001,0.003561,0
20260810_154114_079,1,Unspecified,1778,2026-08-10T15:56:41.0571292+09:00,2026-08-10T15:56:41.5571292+09:00,926.978358,927.478358,30,30,-0.077656,-0.051471,0.000001,0.000003,-0.000001,0.002074,0
20260810_154114_079,1,Unspecified,1779,2026-08-10T15:56:41.5571292+09:00,2026-08-10T15:56:42.0571292+09:00,927.478358,927.978358,30,30,-0.091085,-0.058875,0.000113,0.000269,0.000044,0.019536,0
20260810_154114_079,1,Unspecified,1780,2026-08-10T15:56:42.0571292+09:00,2026-08-10T15:56:42.5571292+09:00,927.978358,928.478358,30,30,-0.089486,-0.073481,0.000167,0.000349,-0.000002,0.022711,0
20260810_154114_079,1,Unspecified,1781,2026-08-10T15:56:42.5571292+09:00,2026-08-10T15:56:43.0571292+09:00,928.478358,928.978358,30,30,-0.088973,-0.061119,0.000019,0.000146,0.000038,0.012825,0
20260810_154114_079,1,Unspecified,1782,2026-08-10T15:56:43.0571292+09:00,2026-08-10T15:56:43.5571292+09:00,928.978358,929.478358,30,30,-0.095351,-0.059096,0.000303,0.000668,-0.000310,0.031154,0
20260810_154114_079,1,Unspecified,1783,2026-08-10T15:56:43.5571292+09:00,2026-08-10T15:56:44.0571292+09:00,929.478358,929.978358,30,30,-0.098596,-0.068018,0.000273,0.001462,-0.000380,0.041663,0
20260810_154114_079,1,Unspecified,1784,2026-08-10T15:56:44.0571292+09:00,2026-08-10T15:56:44.5571292+09:00,929.978358,930.478358,30,30,-0.098591,-0.065122,0.000399,0.001008,-0.000299,0.037510,0
20260810_154114_079,1,Unspecified,1785,2026-08-10T15:56:44.5571292+09:00,2026-08-10T15:56:45.0571292+09:00,930.478358,930.978358,30,30,-0.087507,-0.065884,0.000087,0.000485,-0.000052,0.023924,0
20260810_154114_079,1,Unspecified,1786,2026-08-10T15:56:45.0571292+09:00,2026-08-10T15:56:45.5571292+09:00,930.978358,931.478358,30,30,-0.081538,-0.051194,0.000002,0.000016,0.000002,0.004257,0
20260810_154114_079,1,Unspecified,1787,2026-08-10T15:56:45.5571292+09:00,2026-08-10T15:56:46.0571292+09:00,931.478358,931.978358,30,30,-0.095058,-0.071241,0.000144,0.000366,0.000114,0.022593,0
20260810_154114_079,1,Unspecified,1788,2026-08-10T15:56:46.0571292+09:00,2026-08-10T15:56:46.5571292+09:00,931.978358,932.478358,30,30,-0.092014,-0.051274,0.000213,0.000347,-0.000067,0.023663,0
20260810_154114_079,1,Unspecified,1789,2026-08-10T15:56:46.5571292+09:00,2026-08-10T15:56:47.0571292+09:00,932.478358,932.978358,30,30,-0.094143,-0.061652,0.000327,0.000856,-0.000368,0.034389,0
20260810_154114_079,1,Unspecified,1790,2026-08-10T15:56:47.0571292+09:00,2026-08-10T15:56:47.5571292+09:00,932.978358,933.478358,30,30,-0.084125,-0.063929,0.000005,0.000004,-0.000001,0.002895,0
20260810_154114_079,1,Unspecified,1791,2026-08-10T15:56:47.5571292+09:00,2026-08-10T15:56:48.0571292+09:00,933.478358,933.978358,30,30,-0.095714,-0.057942,0.000143,0.000145,0.000048,0.016977,0
20260810_154114_079,1,Unspecified,1792,2026-08-10T15:56:48.0571292+09:00,2026-08-10T15:56:48.5571292+09:00,933.978358,934.478358,30,30,-0.092116,-0.042124,0.000006,0.000006,0.000004,0.003365,0
20260810_154114_079,1,Unspecified,1793,2026-08-10T15:56:48.5571292+09:00,2026-08-10T15:56:49.0571292+09:00,934.478358,934.978358,30,30,-0.070648,-0.060552,0.000195,0.000067,-0.000108,0.016171,0
20260810_154114_079,1,Unspecified,1794,2026-08-10T15:56:49.0571292+09:00,2026-08-10T15:56:49.5571292+09:00,934.978358,935.478358,30,30,-0.060699,-0.065034,0.000004,0.000006,-0.000001,0.003119,0
20260810_154114_079,1,Unspecified,1795,2026-08-10T15:56:49.5571292+09:00,2026-08-10T15:56:50.0571292+09:00,935.478358,935.978358,31,31,-0.080267,-0.084528,0.000228,0.000333,0.000075,0.023696,0
20260810_154114_079,1,Unspecified,1796,2026-08-10T15:56:50.0571292+09:00,2026-08-10T15:56:50.5571292+09:00,935.978358,936.478358,29,29,-0.078177,-0.096178,0.000074,0.000480,0.000157,0.023536,0
20260810_154114_079,1,Unspecified,1797,2026-08-10T15:56:50.5571292+09:00,2026-08-10T15:56:51.0571292+09:00,936.478358,936.978358,30,30,-0.079368,-0.080792,0.000058,0.000305,0.000093,0.019048,0
20260810_154114_079,1,Unspecified,1798,2026-08-10T15:56:51.0571292+09:00,2026-08-10T15:56:51.5571292+09:00,936.978358,937.478358,30,30,-0.076540,-0.063144,0.000003,0.000007,0.000000,0.003140,0
20260810_154114_079,1,Unspecified,1799,2026-08-10T15:56:51.5571292+09:00,2026-08-10T15:56:52.0571292+09:00,937.478358,937.978358,30,30,-0.084385,-0.061166,0.000331,0.000506,-0.000185,0.028935,0
20260810_154114_079,1,Unspecified,1800,2026-08-10T15:56:52.0571292+09:00,2026-08-10T15:56:52.5571292+09:00,937.978358,938.478358,30,30,-0.091208,-0.086548,0.000223,0.000817,0.000022,0.032248,0
20260810_154114_079,1,Unspecified,1801,2026-08-10T15:56:52.5571292+09:00,2026-08-10T15:56:53.0571292+09:00,938.478358,938.978358,30,30,-0.077285,-0.062519,0.000005,0.000007,-0.000002,0.003399,0
20260810_154114_079,1,Unspecified,1802,2026-08-10T15:56:53.0571292+09:00,2026-08-10T15:56:53.5571292+09:00,938.978358,939.478358,30,30,-0.075834,-0.066889,0.000003,0.000002,0.000000,0.002060,0
20260810_154114_079,1,Unspecified,1803,2026-08-10T15:56:53.5571292+09:00,2026-08-10T15:56:54.0571292+09:00,939.478358,939.978358,30,30,-0.086241,-0.077511,0.000295,0.000316,0.000177,0.024705,0
20260810_154114_079,1,Unspecified,1804,2026-08-10T15:56:54.0571292+09:00,2026-08-10T15:56:54.5571292+09:00,939.978358,940.478358,30,30,-0.073609,-0.066123,0.000003,0.000014,0.000000,0.004124,0
20260810_154114_079,1,Unspecified,1805,2026-08-10T15:56:54.5571292+09:00,2026-08-10T15:56:55.0571292+09:00,940.478358,940.978358,30,30,-0.087819,-0.064928,0.000441,0.001061,-0.000514,0.038763,0
20260810_154114_079,1,Unspecified,1806,2026-08-10T15:56:55.0571292+09:00,2026-08-10T15:56:55.5571292+09:00,940.978358,941.478358,30,30,-0.092004,-0.061979,0.000247,0.000860,-0.000277,0.033272,0
20260810_154114_079,1,Unspecified,1807,2026-08-10T15:56:55.5571292+09:00,2026-08-10T15:56:56.0571292+09:00,941.478358,941.978358,31,31,-0.085095,-0.078280,0.000087,0.000393,0.000070,0.021911,0
20260810_154114_079,1,Unspecified,1808,2026-08-10T15:56:56.0571292+09:00,2026-08-10T15:56:56.5571292+09:00,941.978358,942.478358,29,29,-0.094422,-0.060660,0.000633,0.000962,-0.000491,0.039932,0
20260810_154114_079,1,Unspecified,1809,2026-08-10T15:56:56.5571292+09:00,2026-08-10T15:56:57.0571292+09:00,942.478358,942.978358,30,30,-0.069382,-0.058867,0.000002,0.000011,-0.000004,0.003657,0
20260810_154114_079,1,Unspecified,1810,2026-08-10T15:56:57.0571292+09:00,2026-08-10T15:56:57.5571292+09:00,942.978358,943.478358,30,30,-0.069699,-0.057419,0.000002,0.000009,0.000000,0.003307,0
20260810_154114_079,1,Unspecified,1811,2026-08-10T15:56:57.5571292+09:00,2026-08-10T15:56:58.0571292+09:00,943.478358,943.978358,30,30,-0.082509,-0.061080,0.000270,0.000461,-0.000171,0.027047,0
20260810_154114_079,1,Unspecified,1812,2026-08-10T15:56:58.0571292+09:00,2026-08-10T15:56:58.5571292+09:00,943.978358,944.478358,30,30,-0.085298,-0.061209,0.000234,0.000476,-0.000098,0.026636,0
20260810_154114_079,1,Unspecified,1813,2026-08-10T15:56:58.5571292+09:00,2026-08-10T15:56:59.0571292+09:00,944.478358,944.978358,30,30,-0.077719,-0.055504,0.000001,0.000007,-0.000001,0.002870,0
20260810_154114_079,1,Unspecified,1814,2026-08-10T15:56:59.0571292+09:00,2026-08-10T15:56:59.5571292+09:00,944.978358,945.478358,30,30,-0.076343,-0.055794,0.000003,0.000006,-0.000001,0.002856,0
20260810_154114_079,1,Unspecified,1815,2026-08-10T15:56:59.5571292+09:00,2026-08-10T15:57:00.0571292+09:00,945.478358,945.978358,30,30,-0.088431,-0.075283,0.000056,0.000402,0.000058,0.021396,0
20260810_154114_079,1,Unspecified,1816,2026-08-10T15:57:00.0571292+09:00,2026-08-10T15:57:00.5571292+09:00,945.978358,946.478358,30,30,-0.074960,-0.090496,0.000094,0.000291,0.000108,0.019602,0
20260810_154114_079,1,Unspecified,1817,2026-08-10T15:57:00.5571292+09:00,2026-08-10T15:57:01.0571292+09:00,946.478358,946.978358,30,30,-0.095128,-0.067642,0.000014,0.000245,0.000024,0.016096,0
20260810_154114_079,1,Unspecified,1818,2026-08-10T15:57:01.0571292+09:00,2026-08-10T15:57:01.5571292+09:00,946.978358,947.478358,31,31,-0.099220,-0.060200,0.000004,0.000005,0.000000,0.002989,0
20260810_154114_079,1,Unspecified,1819,2026-08-10T15:57:01.5571292+09:00,2026-08-10T15:57:02.0571292+09:00,947.478358,947.978358,29,29,-0.089489,-0.056121,0.000025,0.000005,0.000001,0.005480,0
20260810_154114_079,1,Unspecified,1820,2026-08-10T15:57:02.0571292+09:00,2026-08-10T15:57:02.5571292+09:00,947.978358,948.478358,30,30,-0.086526,-0.073310,0.000079,0.000311,0.000070,0.019759,0
20260810_154114_079,1,Unspecified,1821,2026-08-10T15:57:02.5571292+09:00,2026-08-10T15:57:03.0571292+09:00,948.478358,948.978358,30,30,-0.085716,-0.065586,0.000214,0.000613,-0.000091,0.028752,0
20260810_154114_079,1,Unspecified,1822,2026-08-10T15:57:03.0571292+09:00,2026-08-10T15:57:03.5571292+09:00,948.978358,949.478358,30,30,-0.079191,-0.054475,0.000003,0.000004,0.000000,0.002602,0
20260810_154114_079,1,Unspecified,1823,2026-08-10T15:57:03.5571292+09:00,2026-08-10T15:57:04.0571292+09:00,949.478358,949.978358,30,30,-0.100558,-0.072248,0.000755,0.000991,-0.000497,0.041780,0
20260810_154114_079,1,Unspecified,1824,2026-08-10T15:57:04.0571292+09:00,2026-08-10T15:57:04.5571292+09:00,949.978358,950.478358,30,30,-0.071973,-0.069218,0.000004,0.000073,-0.000002,0.008809,0
20260810_154114_079,1,Unspecified,1825,2026-08-10T15:57:04.5571292+09:00,2026-08-10T15:57:05.0571292+09:00,950.478358,950.978358,30,30,-0.075622,-0.092394,0.000114,0.000322,0.000169,0.020880,0
20260810_154114_079,1,Unspecified,1826,2026-08-10T15:57:05.0571292+09:00,2026-08-10T15:57:05.5571292+09:00,950.978358,951.478358,30,30,-0.070981,-0.079002,0.000003,0.000013,0.000002,0.003913,0
20260810_154114_079,1,Unspecified,1827,2026-08-10T15:57:05.5571292+09:00,2026-08-10T15:57:06.0571292+09:00,951.478358,951.978358,30,30,-0.092980,-0.091266,0.000390,0.000637,-0.000034,0.032053,0
20260810_154114_079,1,Unspecified,1828,2026-08-10T15:57:06.0571292+09:00,2026-08-10T15:57:06.5571292+09:00,951.978358,952.478358,30,30,-0.093648,-0.077596,0.000049,0.000066,-0.000008,0.010750,0
20260810_154114_079,1,Unspecified,1829,2026-08-10T15:57:06.5571292+09:00,2026-08-10T15:57:07.0571292+09:00,952.478358,952.978358,30,30,-0.094418,-0.070734,0.000006,0.000007,0.000000,0.003591,0
20260810_154114_079,1,Unspecified,1830,2026-08-10T15:57:07.0571292+09:00,2026-08-10T15:57:07.5571292+09:00,952.978358,953.478358,30,30,-0.092633,-0.072061,0.000002,0.000009,-0.000001,0.003336,0
20260810_154114_079,1,Unspecified,1831,2026-08-10T15:57:07.5571292+09:00,2026-08-10T15:57:08.0571292+09:00,953.478358,953.978358,30,30,-0.094012,-0.082046,0.000020,0.000103,-0.000003,0.011091,0
20260810_154114_079,1,Unspecified,1832,2026-08-10T15:57:08.0571292+09:00,2026-08-10T15:57:08.5571292+09:00,953.978358,954.478358,30,30,-0.086994,-0.084232,0.000115,0.000551,-0.000003,0.025804,0
20260810_154114_079,1,Unspecified,1833,2026-08-10T15:57:08.5571292+09:00,2026-08-10T15:57:09.0571292+09:00,954.478358,954.978358,30,30,-0.082880,-0.093966,0.000040,0.000125,0.000050,0.012856,0
20260810_154114_079,1,Unspecified,1834,2026-08-10T15:57:09.0571292+09:00,2026-08-10T15:57:09.5571292+09:00,954.978358,955.478358,30,30,-0.081538,-0.085779,0.000004,0.000007,0.000002,0.003342,0
20260810_154114_079,1,Unspecified,1835,2026-08-10T15:57:09.5571292+09:00,2026-08-10T15:57:10.0571292+09:00,955.478358,955.978358,30,30,-0.083464,-0.092665,0.000072,0.000313,0.000116,0.019622,0
20260810_154114_079,1,Unspecified,1836,2026-08-10T15:57:10.0571292+09:00,2026-08-10T15:57:10.5571292+09:00,955.978358,956.478358,30,30,-0.088703,-0.092932,0.000060,0.000433,0.000103,0.022199,0
20260810_154114_079,1,Unspecified,1837,2026-08-10T15:57:10.5571292+09:00,2026-08-10T15:57:11.0571292+09:00,956.478358,956.978358,30,30,-0.089883,-0.079575,0.000002,0.000009,-0.000002,0.003233,0
20260810_154114_079,1,Unspecified,1838,2026-08-10T15:57:11.0571292+09:00,2026-08-10T15:57:11.5571292+09:00,956.978358,957.478358,30,30,-0.087399,-0.086358,0.000002,0.000005,0.000001,0.002608,0
20260810_154114_079,1,Unspecified,1839,2026-08-10T15:57:11.5571292+09:00,2026-08-10T15:57:12.0571292+09:00,957.478358,957.978358,30,30,-0.102482,-0.085370,0.000053,0.000108,-0.000064,0.012692,0
20260810_154114_079,1,Unspecified,1840,2026-08-10T15:57:12.0571292+09:00,2026-08-10T15:57:12.5571292+09:00,957.978358,958.478358,30,30,-0.077587,-0.099288,0.000087,0.000219,0.000126,0.017498,0
20260810_154114_079,1,Unspecified,1841,2026-08-10T15:57:12.5571292+09:00,2026-08-10T15:57:13.0571292+09:00,958.478358,958.978358,30,30,-0.074109,-0.092707,0.000016,0.000026,0.000015,0.006506,0
20260810_154114_079,1,Unspecified,1842,2026-08-10T15:57:13.0571292+09:00,2026-08-10T15:57:13.5571292+09:00,958.978358,959.478358,30,30,-0.089402,-0.098322,0.000251,0.001010,-0.000110,0.035509,0
20260810_154114_079,1,Unspecified,1843,2026-08-10T15:57:13.5571292+09:00,2026-08-10T15:57:14.0571292+09:00,959.478358,959.978358,30,30,-0.092399,-0.089825,0.000004,0.000004,0.000000,0.002840,0
20260810_154114_079,1,Unspecified,1844,2026-08-10T15:57:14.0571292+09:00,2026-08-10T15:57:14.5571292+09:00,959.978358,960.478358,30,30,-0.100264,-0.105441,0.000278,0.001289,-0.000182,0.039584,0
20260810_154114_079,1,Unspecified,1845,2026-08-10T15:57:14.5571292+09:00,2026-08-10T15:57:15.0571292+09:00,960.478358,960.978358,30,30,-0.084404,-0.093901,0.000006,0.000008,0.000002,0.003659,0
20260810_154114_079,1,Unspecified,1846,2026-08-10T15:57:15.0571292+09:00,2026-08-10T15:57:15.5571292+09:00,960.978358,961.478358,30,30,-0.080040,-0.090073,0.000003,0.000007,0.000002,0.003131,0
20260810_154114_079,1,Unspecified,1847,2026-08-10T15:57:15.5571292+09:00,2026-08-10T15:57:16.0571292+09:00,961.478358,961.978358,30,30,-0.089117,-0.097737,0.000210,0.000824,-0.000167,0.032164,0
20260810_154114_079,1,Unspecified,1848,2026-08-10T15:57:16.0571292+09:00,2026-08-10T15:57:16.5571292+09:00,961.978358,962.478358,30,30,-0.091606,-0.087981,0.000214,0.000649,-0.000241,0.029370,0
20260810_154114_079,1,Unspecified,1849,2026-08-10T15:57:16.5571292+09:00,2026-08-10T15:57:17.0571292+09:00,962.478358,962.978358,30,30,-0.083737,-0.075200,0.000004,0.000013,0.000003,0.004066,0
20260810_154114_079,1,Unspecified,1850,2026-08-10T15:57:17.0571292+09:00,2026-08-10T15:57:17.5571292+09:00,962.978358,963.478358,30,30,-0.082417,-0.075606,0.000003,0.000003,-0.000001,0.002542,0
20260810_154114_079,1,Unspecified,1851,2026-08-10T15:57:17.5571292+09:00,2026-08-10T15:57:18.0571292+09:00,963.478358,963.978358,30,30,-0.098060,-0.089106,0.000145,0.000460,0.000045,0.024611,0
20260810_154114_079,1,Unspecified,1852,2026-08-10T15:57:18.0571292+09:00,2026-08-10T15:57:18.5571292+09:00,963.978358,964.478358,31,31,-0.095618,-0.076822,0.000232,0.000753,-0.000209,0.031387,0
20260810_154114_079,1,Unspecified,1853,2026-08-10T15:57:18.5571292+09:00,2026-08-10T15:57:19.0571292+09:00,964.478358,964.978358,29,29,-0.086237,-0.071349,0.000003,0.000002,0.000000,0.002263,0
20260810_154114_079,1,Unspecified,1854,2026-08-10T15:57:19.0571292+09:00,2026-08-10T15:57:19.5571292+09:00,964.978358,965.478358,30,30,-0.087809,-0.066795,0.000001,0.000007,0.000001,0.002922,0
20260810_154114_079,1,Unspecified,1855,2026-08-10T15:57:19.5571292+09:00,2026-08-10T15:57:20.0571292+09:00,965.478358,965.978358,30,30,-0.089666,-0.071546,0.000131,0.001002,-0.000094,0.033654,0
20260810_154114_079,1,Unspecified,1856,2026-08-10T15:57:20.0571292+09:00,2026-08-10T15:57:20.5571292+09:00,965.978358,966.478358,30,30,-0.077517,-0.070076,0.000080,0.000520,0.000051,0.024512,0
20260810_154114_079,1,Unspecified,1857,2026-08-10T15:57:20.5571292+09:00,2026-08-10T15:57:21.0571292+09:00,966.478358,966.978358,30,30,-0.074631,-0.058348,0.000002,0.000004,0.000000,0.002552,0
20260810_154114_079,1,Unspecified,1858,2026-08-10T15:57:21.0571292+09:00,2026-08-10T15:57:21.5571292+09:00,966.978358,967.478358,30,30,-0.073898,-0.058620,0.000002,0.000007,-0.000001,0.002866,0
20260810_154114_079,1,Unspecified,1859,2026-08-10T15:57:21.5571292+09:00,2026-08-10T15:57:22.0571292+09:00,967.478358,967.978358,30,30,-0.093643,-0.105024,0.000202,0.000655,0.000014,0.029276,0
20260810_154114_079,1,Unspecified,1860,2026-08-10T15:57:22.0571292+09:00,2026-08-10T15:57:22.5571292+09:00,967.978358,968.478358,30,30,-0.099724,-0.078198,0.000103,0.000485,-0.000064,0.024249,0
20260810_154114_079,1,Unspecified,1861,2026-08-10T15:57:22.5571292+09:00,2026-08-10T15:57:23.0571292+09:00,968.478358,968.978358,30,30,-0.085752,-0.088395,0.000092,0.000317,0.000040,0.020239,0
20260810_154114_079,1,Unspecified,1862,2026-08-10T15:57:23.0571292+09:00,2026-08-10T15:57:23.5571292+09:00,968.978358,969.478358,30,30,-0.081868,-0.070826,0.000003,0.000028,-0.000005,0.005589,0
20260810_154114_079,1,Unspecified,1863,2026-08-10T15:57:23.5571292+09:00,2026-08-10T15:57:24.0571292+09:00,969.478358,969.978358,30,30,-0.097233,-0.088430,0.000189,0.000330,-0.000009,0.022788,0
20260810_154114_079,1,Unspecified,1864,2026-08-10T15:57:24.0571292+09:00,2026-08-10T15:57:24.5571292+09:00,969.978358,970.478358,30,30,-0.083522,-0.087294,0.000011,0.000006,0.000005,0.004117,0
20260810_154114_079,1,Unspecified,1865,2026-08-10T15:57:24.5571292+09:00,2026-08-10T15:57:25.0571292+09:00,970.478358,970.978358,30,30,-0.079743,-0.086516,0.000013,0.000013,-0.000004,0.005163,0
20260810_154114_079,1,Unspecified,1866,2026-08-10T15:57:25.0571292+09:00,2026-08-10T15:57:25.5571292+09:00,970.978358,971.478358,30,30,-0.071450,-0.092154,0.000006,0.000009,-0.000002,0.003801,0
20260810_154114_079,1,Unspecified,1867,2026-08-10T15:57:25.5571292+09:00,2026-08-10T15:57:26.0571292+09:00,971.478358,971.978358,30,30,-0.074135,-0.094036,0.000003,0.000002,0.000000,0.002219,0
20260810_154114_079,1,Unspecified,1868,2026-08-10T15:57:26.0571292+09:00,2026-08-10T15:57:26.5571292+09:00,971.978358,972.478358,30,30,-0.094893,-0.085273,0.000225,0.002620,-0.000311,0.053338,0
20260810_154114_079,1,Unspecified,1869,2026-08-10T15:57:26.5571292+09:00,2026-08-10T15:57:27.0571292+09:00,972.478358,972.978358,30,30,-0.083945,-0.082662,0.000114,0.000714,-0.000109,0.028778,0
20260810_154114_079,1,Unspecified,1870,2026-08-10T15:57:27.0571292+09:00,2026-08-10T15:57:27.5571292+09:00,972.978358,973.478358,30,30,-0.081999,-0.095132,0.000115,0.000562,0.000213,0.026017,0
20260810_154114_079,1,Unspecified,1871,2026-08-10T15:57:27.5571292+09:00,2026-08-10T15:57:28.0571292+09:00,973.478358,973.978358,30,30,-0.088568,-0.091010,0.000142,0.001318,0.000018,0.038207,0
20260810_154114_079,1,Unspecified,1872,2026-08-10T15:57:28.0571292+09:00,2026-08-10T15:57:28.5571292+09:00,973.978358,974.478358,30,30,-0.081841,-0.073866,0.000005,0.000020,-0.000004,0.005062,0
20260810_154114_079,1,Unspecified,1873,2026-08-10T15:57:28.5571292+09:00,2026-08-10T15:57:29.0571292+09:00,974.478358,974.978358,30,30,-0.091233,-0.071728,0.000151,0.000884,-0.000166,0.032173,0
20260810_154114_079,1,Unspecified,1874,2026-08-10T15:57:29.0571292+09:00,2026-08-10T15:57:29.5571292+09:00,974.978358,975.478358,30,30,-0.087029,-0.067451,0.000003,0.000051,0.000006,0.007335,0
20260810_154114_079,1,Unspecified,1875,2026-08-10T15:57:29.5571292+09:00,2026-08-10T15:57:30.0571292+09:00,975.478358,975.978358,30,30,-0.092012,-0.065644,0.000052,0.000499,-0.000029,0.023469,0
20260810_154114_079,1,Unspecified,1876,2026-08-10T15:57:30.0571292+09:00,2026-08-10T15:57:30.5571292+09:00,975.978358,976.478358,30,30,-0.094960,-0.079661,0.000024,0.000451,0.000048,0.021785,0
20260810_154114_079,1,Unspecified,1877,2026-08-10T15:57:30.5571292+09:00,2026-08-10T15:57:31.0571292+09:00,976.478358,976.978358,31,31,-0.088832,-0.077500,0.000105,0.000667,-0.000075,0.027775,0
20260810_154114_079,1,Unspecified,1878,2026-08-10T15:57:31.0571292+09:00,2026-08-10T15:57:31.5571292+09:00,976.978358,977.478358,29,29,-0.086961,-0.072344,0.000003,0.000007,0.000000,0.003042,0
20260810_154114_079,1,Unspecified,1879,2026-08-10T15:57:31.5571292+09:00,2026-08-10T15:57:32.0571292+09:00,977.478358,977.978358,30,30,-0.092958,-0.071176,0.000150,0.000600,-0.000017,0.027400,0
20260810_154114_079,1,Unspecified,1880,2026-08-10T15:57:32.0571292+09:00,2026-08-10T15:57:32.5571292+09:00,977.978358,978.478358,30,30,-0.094919,-0.065291,0.000104,0.000618,-0.000038,0.026868,0
20260810_154114_079,1,Unspecified,1881,2026-08-10T15:57:32.5571292+09:00,2026-08-10T15:57:33.0571292+09:00,978.478358,978.978358,30,30,-0.090898,-0.063673,0.000184,0.000427,-0.000145,0.024730,0
20260810_154114_079,1,Unspecified,1882,2026-08-10T15:57:33.0571292+09:00,2026-08-10T15:57:33.5571292+09:00,978.978358,979.478358,30,30,-0.086661,-0.057485,0.000021,0.000039,0.000024,0.007755,0
20260810_154114_079,1,Unspecified,1883,2026-08-10T15:57:33.5571292+09:00,2026-08-10T15:57:34.0571292+09:00,979.478358,979.978358,30,30,-0.092927,-0.070441,0.000201,0.000561,-0.000153,0.027600,0
20260810_154114_079,1,Unspecified,1884,2026-08-10T15:57:34.0571292+09:00,2026-08-10T15:57:34.5571292+09:00,979.978358,980.478358,30,30,-0.083782,-0.076159,0.000097,0.000887,-0.000095,0.031368,0
20260810_154114_079,1,Unspecified,1885,2026-08-10T15:57:34.5571292+09:00,2026-08-10T15:57:35.0571292+09:00,980.478358,980.978358,30,30,-0.086357,-0.073397,0.000032,0.000452,0.000077,0.022002,0
20260810_154114_079,1,Unspecified,1886,2026-08-10T15:57:35.0571292+09:00,2026-08-10T15:57:35.5571292+09:00,980.978358,981.478358,30,30,-0.082410,-0.055457,0.000008,0.000005,-0.000002,0.003529,0
20260810_154114_079,1,Unspecified,1887,2026-08-10T15:57:35.5571292+09:00,2026-08-10T15:57:36.0571292+09:00,981.478358,981.978358,30,30,-0.087345,-0.078373,0.000107,0.000390,0.000155,0.022310,0
20260810_154114_079,1,Unspecified,1888,2026-08-10T15:57:36.0571292+09:00,2026-08-10T15:57:36.5571292+09:00,981.978358,982.478358,30,30,-0.087216,-0.079122,0.000079,0.000385,0.000139,0.021534,0
20260810_154114_079,1,Unspecified,1889,2026-08-10T15:57:36.5571292+09:00,2026-08-10T15:57:37.0571292+09:00,982.478358,982.978358,30,30,-0.081426,-0.059435,0.000006,0.000007,0.000000,0.003503,0
20260810_154114_079,1,Unspecified,1890,2026-08-10T15:57:37.0571292+09:00,2026-08-10T15:57:37.5571292+09:00,982.978358,983.478358,30,30,-0.090247,-0.074463,0.000081,0.000325,0.000120,0.020139,0
20260810_154114_079,1,Unspecified,1891,2026-08-10T15:57:37.5571292+09:00,2026-08-10T15:57:38.0571292+09:00,983.478358,983.978358,30,30,-0.094294,-0.068374,0.000325,0.001067,-0.000278,0.037311,0
20260810_154114_079,1,Unspecified,1892,2026-08-10T15:57:38.0571292+09:00,2026-08-10T15:57:38.5571292+09:00,983.978358,984.478358,30,30,-0.085321,-0.064181,0.000003,0.000010,0.000001,0.003499,0
20260810_154114_079,1,Unspecified,1893,2026-08-10T15:57:38.5571292+09:00,2026-08-10T15:57:39.0571292+09:00,984.478358,984.978358,30,30,-0.085106,-0.059300,0.000002,0.000002,0.000001,0.002135,0
20260810_154114_079,1,Unspecified,1894,2026-08-10T15:57:39.0571292+09:00,2026-08-10T15:57:39.5571292+09:00,984.978358,985.478358,30,30,-0.086446,-0.066051,0.000006,0.000039,0.000010,0.006705,0
20260810_154114_079,1,Unspecified,1895,2026-08-10T15:57:39.5571292+09:00,2026-08-10T15:57:40.0571292+09:00,985.478358,985.978358,30,30,-0.087364,-0.073841,0.000113,0.000395,0.000048,0.022529,0
20260810_154114_079,1,Unspecified,1896,2026-08-10T15:57:40.0571292+09:00,2026-08-10T15:57:40.5571292+09:00,985.978358,986.478358,30,30,-0.091833,-0.065455,0.000106,0.000709,-0.000128,0.028555,0
20260810_154114_079,1,Unspecified,1897,2026-08-10T15:57:40.5571292+09:00,2026-08-10T15:57:41.0571292+09:00,986.478358,986.978358,30,30,-0.087655,-0.063722,0.000123,0.000502,-0.000029,0.024991,0
20260810_154114_079,1,Unspecified,1898,2026-08-10T15:57:41.0571292+09:00,2026-08-10T15:57:41.5571292+09:00,986.978358,987.478358,30,30,-0.083053,-0.064625,0.000004,0.000003,0.000001,0.002660,0
20260810_154114_079,1,Unspecified,1899,2026-08-10T15:57:41.5571292+09:00,2026-08-10T15:57:42.0571292+09:00,987.478358,987.978358,30,30,-0.090313,-0.069652,0.000089,0.000208,0.000119,0.017229,0
20260810_154114_079,1,Unspecified,1900,2026-08-10T15:57:42.0571292+09:00,2026-08-10T15:57:42.5571292+09:00,987.978358,988.478358,30,30,-0.094331,-0.059572,0.000070,0.000414,-0.000082,0.022005,0
20260810_154114_079,1,Unspecified,1901,2026-08-10T15:57:42.5571292+09:00,2026-08-10T15:57:43.0571292+09:00,988.478358,988.978358,30,30,-0.084834,-0.070060,0.000032,0.000164,0.000055,0.013990,0
20260810_154114_079,1,Unspecified,1902,2026-08-10T15:57:43.0571292+09:00,2026-08-10T15:57:43.5571292+09:00,988.978358,989.478358,30,30,-0.085278,-0.055757,0.000002,0.000004,0.000000,0.002359,0
20260810_154114_079,1,Unspecified,1903,2026-08-10T15:57:43.5571292+09:00,2026-08-10T15:57:44.0571292+09:00,989.478358,989.978358,30,30,-0.086986,-0.071490,0.000120,0.000335,0.000116,0.021330,0
20260810_154114_079,1,Unspecified,1904,2026-08-10T15:57:44.0571292+09:00,2026-08-10T15:57:44.5571292+09:00,989.978358,990.478358,30,30,-0.095566,-0.072193,0.000347,0.000611,-0.000028,0.030965,0
20260810_154114_079,1,Unspecified,1905,2026-08-10T15:57:44.5571292+09:00,2026-08-10T15:57:45.0571292+09:00,990.478358,990.978358,30,30,-0.094238,-0.055679,0.000239,0.000838,-0.000338,0.032820,0
20260810_154114_079,1,Unspecified,1906,2026-08-10T15:57:45.0571292+09:00,2026-08-10T15:57:45.5571292+09:00,990.978358,991.478358,30,30,-0.084010,-0.075475,0.000035,0.000279,0.000082,0.017704,0
20260810_154114_079,1,Unspecified,1907,2026-08-10T15:57:45.5571292+09:00,2026-08-10T15:57:46.0571292+09:00,991.478358,991.978358,30,30,-0.097789,-0.064869,0.000375,0.000932,-0.000362,0.036153,0
20260810_154114_079,1,Unspecified,1908,2026-08-10T15:57:46.0571292+09:00,2026-08-10T15:57:46.5571292+09:00,991.978358,992.478358,30,30,-0.087187,-0.059861,0.000013,0.000107,0.000029,0.010995,0
20260810_154114_079,1,Unspecified,1909,2026-08-10T15:57:46.5571292+09:00,2026-08-10T15:57:47.0571292+09:00,992.478358,992.978358,30,30,-0.092872,-0.073349,0.000308,0.000525,-0.000132,0.028862,0
20260810_154114_079,1,Unspecified,1910,2026-08-10T15:57:47.0571292+09:00,2026-08-10T15:57:47.5571292+09:00,992.978358,993.478358,30,30,-0.085418,-0.070351,0.000003,0.000005,0.000000,0.002783,0
20260810_154114_079,1,Unspecified,1911,2026-08-10T15:57:47.5571292+09:00,2026-08-10T15:57:48.0571292+09:00,993.478358,993.978358,30,30,-0.106248,-0.076557,0.000139,0.000768,-0.000127,0.030122,0
20260810_154114_079,1,Unspecified,1912,2026-08-10T15:57:48.0571292+09:00,2026-08-10T15:57:48.5571292+09:00,993.978358,994.478358,30,30,-0.088522,-0.064785,0.000003,0.000003,0.000000,0.002352,0
20260810_154114_079,1,Unspecified,1913,2026-08-10T15:57:48.5571292+09:00,2026-08-10T15:57:49.0571292+09:00,994.478358,994.978358,30,30,-0.094431,-0.068044,0.000229,0.000945,-0.000128,0.034265,0
20260810_154114_079,1,Unspecified,1914,2026-08-10T15:57:49.0571292+09:00,2026-08-10T15:57:49.5571292+09:00,994.978358,995.478358,30,30,-0.092049,-0.070401,0.000009,0.000042,0.000015,0.007116,0
20260810_154114_079,1,Unspecified,1915,2026-08-10T15:57:49.5571292+09:00,2026-08-10T15:57:50.0571292+09:00,995.478358,995.978358,30,30,-0.099949,-0.077483,0.000401,0.001102,-0.000423,0.038774,0
20260810_154114_079,1,Unspecified,1916,2026-08-10T15:57:50.0571292+09:00,2026-08-10T15:57:50.5571292+09:00,995.978358,996.478358,30,30,-0.084170,-0.070517,0.000210,0.000653,0.000035,0.029370,0
20260810_154114_079,1,Unspecified,1917,2026-08-10T15:57:50.5571292+09:00,2026-08-10T15:57:51.0571292+09:00,996.478358,996.978358,30,30,-0.076209,-0.073333,0.000010,0.000189,0.000024,0.014112,0
20260810_154114_079,1,Unspecified,1918,2026-08-10T15:57:51.0571292+09:00,2026-08-10T15:57:51.5571292+09:00,996.978358,997.478358,30,30,-0.076375,-0.059849,0.000003,0.000003,0.000000,0.002344,0
20260810_154114_079,1,Unspecified,1919,2026-08-10T15:57:51.5571292+09:00,2026-08-10T15:57:52.0571292+09:00,997.478358,997.978358,30,30,-0.084541,-0.064439,0.000133,0.000595,-0.000119,0.026997,0
20260810_154114_079,1,Unspecified,1920,2026-08-10T15:57:52.0571292+09:00,2026-08-10T15:57:52.5571292+09:00,997.978358,998.478358,30,30,-0.092983,-0.065443,0.000129,0.000391,-0.000118,0.022806,0
20260810_154114_079,1,Unspecified,1921,2026-08-10T15:57:52.5571292+09:00,2026-08-10T15:57:53.0571292+09:00,998.478358,998.978358,30,30,-0.084573,-0.070541,0.000005,0.000005,0.000001,0.003235,0
20260810_154114_079,1,Unspecified,1922,2026-08-10T15:57:53.0571292+09:00,2026-08-10T15:57:53.5571292+09:00,998.978358,999.478358,30,30,-0.074498,-0.059875,0.000003,0.000006,0.000001,0.002990,0
20260810_154114_079,1,Unspecified,1923,2026-08-10T15:57:53.5571292+09:00,2026-08-10T15:57:54.0571292+09:00,999.478358,999.978358,30,30,-0.092804,-0.078738,0.000151,0.000197,0.000005,0.018641,0
20260810_154114_079,1,Unspecified,1924,2026-08-10T15:57:54.0571292+09:00,2026-08-10T15:57:54.5571292+09:00,999.978358,1000.478358,30,30,-0.101038,-0.073500,0.000158,0.000714,-0.000187,0.029530,0
20260810_154114_079,1,Unspecified,1925,2026-08-10T15:57:54.5571292+09:00,2026-08-10T15:57:55.0571292+09:00,1000.478358,1000.978358,30,30,-0.097507,-0.064598,0.000003,0.000040,-0.000002,0.006535,0
20260810_154114_079,1,Unspecified,1926,2026-08-10T15:57:55.0571292+09:00,2026-08-10T15:57:55.5571292+09:00,1000.978358,1001.478358,30,30,-0.098084,-0.058917,0.000001,0.000007,0.000000,0.002852,0
20260810_154114_079,1,Unspecified,1927,2026-08-10T15:57:55.5571292+09:00,2026-08-10T15:57:56.0571292+09:00,1001.478358,1001.978358,30,30,-0.097263,-0.072990,0.000159,0.000979,-0.000176,0.033726,0
20260810_154114_079,1,Unspecified,1928,2026-08-10T15:57:56.0571292+09:00,2026-08-10T15:57:56.5571292+09:00,1001.978358,1002.478358,30,30,-0.084163,-0.080298,0.000079,0.000237,0.000070,0.017782,0
20260810_154114_079,1,Unspecified,1929,2026-08-10T15:57:56.5571292+09:00,2026-08-10T15:57:57.0571292+09:00,1002.478358,1002.978358,30,30,-0.085586,-0.080058,0.000056,0.000209,0.000079,0.016285,0
20260810_154114_079,1,Unspecified,1930,2026-08-10T15:57:57.0571292+09:00,2026-08-10T15:57:57.5571292+09:00,1002.978358,1003.478358,30,30,-0.084047,-0.073510,0.000063,0.000066,0.000048,0.011377,0
20260810_154114_079,1,Unspecified,1931,2026-08-10T15:57:57.5571292+09:00,2026-08-10T15:57:58.0571292+09:00,1003.478358,1003.978358,30,30,-0.092868,-0.079327,0.000174,0.000737,0.000120,0.030184,0
20260810_154114_079,1,Unspecified,1932,2026-08-10T15:57:58.0571292+09:00,2026-08-10T15:57:58.5571292+09:00,1003.978358,1004.478358,30,30,-0.091907,-0.081314,0.000068,0.000514,0.000087,0.024127,0
20260810_154114_079,1,Unspecified,1933,2026-08-10T15:57:58.5571292+09:00,2026-08-10T15:57:59.0571292+09:00,1004.478358,1004.978358,30,30,-0.084614,-0.087248,0.000094,0.000255,0.000059,0.018674,0
20260810_154114_079,1,Unspecified,1934,2026-08-10T15:57:59.0571292+09:00,2026-08-10T15:57:59.5571292+09:00,1004.978358,1005.478358,30,30,-0.076912,-0.083968,0.000005,0.000003,0.000001,0.002944,0
20260810_154114_079,1,Unspecified,1935,2026-08-10T15:57:59.5571292+09:00,2026-08-10T15:58:00.0571292+09:00,1005.478358,1005.978358,31,31,-0.097084,-0.088091,0.000104,0.000129,0.000066,0.015289,0
20260810_154114_079,1,Unspecified,1936,2026-08-10T15:58:00.0571292+09:00,2026-08-10T15:58:00.5571292+09:00,1005.978358,1006.478358,29,29,-0.103324,-0.080960,0.000099,0.000628,-0.000055,0.026959,0
20260810_154114_079,1,Unspecified,1937,2026-08-10T15:58:00.5571292+09:00,2026-08-10T15:58:01.0571292+09:00,1006.478358,1006.978358,30,30,-0.094099,-0.079166,0.000002,0.000002,0.000000,0.001974,0
20260810_154114_079,1,Unspecified,1938,2026-08-10T15:58:01.0571292+09:00,2026-08-10T15:58:01.5571292+09:00,1006.978358,1007.478358,30,30,-0.092743,-0.078028,0.000003,0.000003,0.000002,0.002379,0
20260810_154114_079,1,Unspecified,1939,2026-08-10T15:58:01.5571292+09:00,2026-08-10T15:58:02.0571292+09:00,1007.478358,1007.978358,30,30,-0.092915,-0.083260,0.000142,0.000877,-0.000253,0.031925,0
20260810_154114_079,1,Unspecified,1940,2026-08-10T15:58:02.0571292+09:00,2026-08-10T15:58:02.5571292+09:00,1007.978358,1008.478358,30,30,-0.085745,-0.086800,0.000006,0.000018,-0.000004,0.004838,0
20260810_154114_079,1,Unspecified,1941,2026-08-10T15:58:02.5571292+09:00,2026-08-10T15:58:03.0571292+09:00,1008.478358,1008.978358,30,30,-0.082670,-0.110948,0.000093,0.000265,0.000132,0.018918,0
20260810_154114_079,1,Unspecified,1942,2026-08-10T15:58:03.0571292+09:00,2026-08-10T15:58:03.5571292+09:00,1008.978358,1009.478358,30,30,-0.080987,-0.097436,0.000003,0.000002,0.000000,0.002414,0
20260810_154114_079,1,Unspecified,1943,2026-08-10T15:58:03.5571292+09:00,2026-08-10T15:58:04.0571292+09:00,1009.478358,1009.978358,30,30,-0.090281,-0.096888,0.000128,0.000468,0.000147,0.024414,0
20260810_154114_079,1,Unspecified,1944,2026-08-10T15:58:04.0571292+09:00,2026-08-10T15:58:04.5571292+09:00,1009.978358,1010.478358,30,30,-0.094002,-0.086283,0.000076,0.000422,0.000043,0.022315,0
20260810_154114_079,1,Unspecified,1945,2026-08-10T15:58:04.5571292+09:00,2026-08-10T15:58:05.0571292+09:00,1010.478358,1010.978358,30,30,-0.086233,-0.077059,0.000006,0.000010,0.000000,0.004074,0
20260810_154114_079,1,Unspecified,1946,2026-08-10T15:58:05.0571292+09:00,2026-08-10T15:58:05.5571292+09:00,1010.978358,1011.478358,30,30,-0.089559,-0.074789,0.000004,0.000004,0.000000,0.002787,0
20260810_154114_079,1,Unspecified,1947,2026-08-10T15:58:05.5571292+09:00,2026-08-10T15:58:06.0571292+09:00,1011.478358,1011.978358,30,30,-0.101183,-0.075854,0.000360,0.001753,-0.000538,0.045969,0
20260810_154114_079,1,Unspecified,1948,2026-08-10T15:58:06.0571292+09:00,2026-08-10T15:58:06.5571292+09:00,1011.978358,1012.478358,30,30,-0.094435,-0.067257,0.000176,0.001300,-0.000327,0.038419,0
20260810_154114_079,1,Unspecified,1949,2026-08-10T15:58:06.5571292+09:00,2026-08-10T15:58:07.0571292+09:00,1012.478358,1012.978358,30,30,-0.089919,-0.082135,0.000089,0.000986,-0.000126,0.032785,0
20260810_154114_079,1,Unspecified,1950,2026-08-10T15:58:07.0571292+09:00,2026-08-10T15:58:07.5571292+09:00,1012.978358,1013.478358,30,30,-0.089510,-0.090052,0.000003,0.000005,0.000001,0.002889,0
20260810_154114_079,1,Unspecified,1951,2026-08-10T15:58:07.5571292+09:00,2026-08-10T15:58:08.0571292+09:00,1013.478358,1013.978358,30,30,-0.098888,-0.077038,0.000227,0.001438,-0.000439,0.040808,0
20260810_154114_079,1,Unspecified,1952,2026-08-10T15:58:08.0571292+09:00,2026-08-10T15:58:08.5571292+09:00,1013.978358,1014.478358,30,30,-0.093829,-0.077672,0.000062,0.000417,-0.000035,0.021885,0
20260810_154114_079,1,Unspecified,1953,2026-08-10T15:58:08.5571292+09:00,2026-08-10T15:58:09.0571292+09:00,1014.478358,1014.978358,30,30,-0.093466,-0.066583,0.000002,0.000006,-0.000001,0.002780,0
20260810_154114_079,1,Unspecified,1954,2026-08-10T15:58:09.0571292+09:00,2026-08-10T15:58:09.5571292+09:00,1014.978358,1015.478358,30,30,-0.094609,-0.067200,0.000004,0.000008,-0.000001,0.003446,0
20260810_154114_079,1,Unspecified,1955,2026-08-10T15:58:09.5571292+09:00,2026-08-10T15:58:10.0571292+09:00,1015.478358,1015.978358,30,30,-0.108373,-0.067976,0.000525,0.002070,-0.000660,0.050942,0
20260810_154114_079,1,Unspecified,1956,2026-08-10T15:58:10.0571292+09:00,2026-08-10T15:58:10.5571292+09:00,1015.978358,1016.478358,30,30,-0.101755,-0.086142,0.000092,0.000665,-0.000014,0.027520,0
20260810_154114_079,1,Unspecified,1957,2026-08-10T15:58:10.5571292+09:00,2026-08-10T15:58:11.0571292+09:00,1016.478358,1016.978358,30,30,-0.095973,-0.075804,0.000004,0.000004,-0.000001,0.002863,0
20260810_154114_079,1,Unspecified,1958,2026-08-10T15:58:11.0571292+09:00,2026-08-10T15:58:11.5571292+09:00,1016.978358,1017.478358,31,31,-0.097326,-0.079279,0.000007,0.000012,-0.000006,0.004425,0
20260810_154114_079,1,Unspecified,1959,2026-08-10T15:58:11.5571292+09:00,2026-08-10T15:58:12.0571292+09:00,1017.478358,1017.978358,29,29,-0.091051,-0.093866,0.000094,0.000298,0.000124,0.019796,0
20260810_154114_079,1,Unspecified,1960,2026-08-10T15:58:12.0571292+09:00,2026-08-10T15:58:12.5571292+09:00,1017.978358,1018.478358,30,30,-0.094311,-0.100669,0.000120,0.000636,0.000026,0.027492,0
20260810_154114_079,1,Unspecified,1961,2026-08-10T15:58:12.5571292+09:00,2026-08-10T15:58:13.0571292+09:00,1018.478358,1018.978358,30,30,-0.097500,-0.082432,0.000076,0.000886,-0.000108,0.031013,0
20260810_154114_079,1,Unspecified,1962,2026-08-10T15:58:13.0571292+09:00,2026-08-10T15:58:13.5571292+09:00,1018.978358,1019.478358,30,30,-0.094938,-0.073717,0.000002,0.000005,0.000000,0.002762,0
20260810_154114_079,1,Unspecified,1963,2026-08-10T15:58:13.5571292+09:00,2026-08-10T15:58:14.0571292+09:00,1019.478358,1019.978358,30,30,-0.101582,-0.068460,0.000218,0.001090,-0.000366,0.036162,0
20260810_154114_079,1,Unspecified,1964,2026-08-10T15:58:14.0571292+09:00,2026-08-10T15:58:14.5571292+09:00,1019.978358,1020.478358,30,30,-0.093687,-0.078965,0.000192,0.000568,-0.000013,0.027567,0
20260810_154114_079,1,Unspecified,1965,2026-08-10T15:58:14.5571292+09:00,2026-08-10T15:58:15.0571292+09:00,1020.478358,1020.978358,30,30,-0.093568,-0.070003,0.000002,0.000012,0.000002,0.003716,0
20260810_154114_079,1,Unspecified,1966,2026-08-10T15:58:15.0571292+09:00,2026-08-10T15:58:15.5571292+09:00,1020.978358,1021.478358,30,30,-0.094630,-0.074728,0.000030,0.000008,0.000001,0.006143,0
20260810_154114_079,1,Unspecified,1967,2026-08-10T15:58:15.5571292+09:00,2026-08-10T15:58:16.0571292+09:00,1021.478358,1021.978358,30,30,-0.098576,-0.079108,0.000234,0.001067,-0.000235,0.036070,0
20260810_154114_079,1,Unspecified,1968,2026-08-10T15:58:16.0571292+09:00,2026-08-10T15:58:16.5571292+09:00,1021.978358,1022.478358,30,30,-0.081928,-0.096809,0.000146,0.000287,0.000096,0.020808,0
20260810_154114_079,1,Unspecified,1969,2026-08-10T15:58:16.5571292+09:00,2026-08-10T15:58:17.0571292+09:00,1022.478358,1022.978358,30,30,-0.076108,-0.091748,0.000016,0.000009,0.000004,0.004993,0
20260810_154114_079,1,Unspecified,1970,2026-08-10T15:58:17.0571292+09:00,2026-08-10T15:58:17.5571292+09:00,1022.978358,1023.478358,30,30,-0.091738,-0.080887,0.000146,0.001492,-0.000279,0.040478,0
20260810_154114_079,1,Unspecified,1971,2026-08-10T15:58:17.5571292+09:00,2026-08-10T15:58:18.0571292+09:00,1023.478358,1023.978358,30,30,-0.093706,-0.090357,0.000085,0.000319,0.000048,0.020101,0
20260810_154114_079,1,Unspecified,1972,2026-08-10T15:58:18.0571292+09:00,2026-08-10T15:58:18.5571292+09:00,1023.978358,1024.478358,30,30,-0.089673,-0.075680,0.000043,0.000395,0.000087,0.020934,0
20260810_154114_079,1,Unspecified,1973,2026-08-10T15:58:18.5571292+09:00,2026-08-10T15:58:19.0571292+09:00,1024.478358,1024.978358,30,30,-0.101161,-0.083247,0.000056,0.000442,0.000028,0.022334,0
20260810_154114_079,1,Unspecified,1974,2026-08-10T15:58:19.0571292+09:00,2026-08-10T15:58:19.5571292+09:00,1024.978358,1025.478358,30,30,-0.099863,-0.070270,0.000008,0.000013,-0.000008,0.004646,0
20260810_154114_079,1,Unspecified,1975,2026-08-10T15:58:19.5571292+09:00,2026-08-10T15:58:20.0571292+09:00,1025.478358,1025.978358,30,30,-0.089832,-0.086023,0.000048,0.000268,0.000023,0.017763,0
20260810_154114_079,1,Unspecified,1976,2026-08-10T15:58:20.0571292+09:00,2026-08-10T15:58:20.5571292+09:00,1025.978358,1026.478358,30,30,-0.084023,-0.073394,0.000002,0.000003,-0.000001,0.002413,0
20260810_154114_079,1,Unspecified,1977,2026-08-10T15:58:20.5571292+09:00,2026-08-10T15:58:21.0571292+09:00,1026.478358,1026.978358,30,30,-0.080577,-0.090395,0.000007,0.000015,-0.000004,0.004700,0
20260810_154114_079,1,Unspecified,1978,2026-08-10T15:58:21.0571292+09:00,2026-08-10T15:58:21.5571292+09:00,1026.978358,1027.478358,30,30,-0.082011,-0.092048,0.000006,0.000003,0.000000,0.003041,0
20260810_154114_079,1,Unspecified,1979,2026-08-10T15:58:21.5571292+09:00,2026-08-10T15:58:22.0571292+09:00,1027.478358,1027.978358,30,30,-0.096311,-0.093772,0.000079,0.000334,0.000050,0.020339,0
20260810_154114_079,1,Unspecified,1980,2026-08-10T15:58:22.0571292+09:00,2026-08-10T15:58:22.5571292+09:00,1027.978358,1028.478358,30,30,-0.096592,-0.068568,0.000267,0.000600,-0.000258,0.029442,0
20260810_154114_079,1,Unspecified,1981,2026-08-10T15:58:22.5571292+09:00,2026-08-10T15:58:23.0571292+09:00,1028.478358,1028.978358,30,30,-0.093190,-0.087483,0.000013,0.000098,0.000011,0.010575,0
20260810_154114_079,1,Unspecified,1982,2026-08-10T15:58:23.0571292+09:00,2026-08-10T15:58:23.5571292+09:00,1028.978358,1029.478358,31,31,-0.095492,-0.084243,0.000002,0.000003,-0.000001,0.002283,0
20260810_154114_079,1,Unspecified,1983,2026-08-10T15:58:23.5571292+09:00,2026-08-10T15:58:24.0571292+09:00,1029.478358,1029.978358,29,29,-0.105902,-0.076360,0.000157,0.000764,-0.000322,0.030350,0
20260810_154114_079,1,Unspecified,1984,2026-08-10T15:58:24.0571292+09:00,2026-08-10T15:58:24.5571292+09:00,1029.978358,1030.478358,30,30,-0.089362,-0.095880,0.000055,0.000219,0.000011,0.016567,0
20260810_154114_079,1,Unspecified,1985,2026-08-10T15:58:24.5571292+09:00,2026-08-10T15:58:25.0571292+09:00,1030.478358,1030.978358,30,30,-0.095655,-0.090905,0.000139,0.000527,-0.000053,0.025793,0
20260810_154114_079,1,Unspecified,1986,2026-08-10T15:58:25.0571292+09:00,2026-08-10T15:58:25.5571292+09:00,1030.978358,1031.478358,30,30,-0.089667,-0.091230,0.000001,0.000011,0.000000,0.003462,0
20260810_154114_079,1,Unspecified,1987,2026-08-10T15:58:25.5571292+09:00,2026-08-10T15:58:26.0571292+09:00,1031.478358,1031.978358,30,30,-0.095273,-0.088754,0.000120,0.000448,-0.000090,0.023825,0
20260810_154114_079,1,Unspecified,1988,2026-08-10T15:58:26.0571292+09:00,2026-08-10T15:58:26.5571292+09:00,1031.978358,1032.478358,30,30,-0.099365,-0.088020,0.000089,0.001101,-0.000027,0.034505,0
20260810_154114_079,1,Unspecified,1989,2026-08-10T15:58:26.5571292+09:00,2026-08-10T15:58:27.0571292+09:00,1032.478358,1032.978358,30,30,-0.084160,-0.091321,0.000014,0.000004,0.000002,0.004242,0
20260810_154114_079,1,Unspecified,1990,2026-08-10T15:58:27.0571292+09:00,2026-08-10T15:58:27.5571292+09:00,1032.978358,1033.478358,30,30,-0.083819,-0.087293,0.000213,0.000541,-0.000174,0.027458,0
20260810_154114_079,1,Unspecified,1991,2026-08-10T15:58:27.5571292+09:00,2026-08-10T15:58:28.0571292+09:00,1033.478358,1033.978358,30,30,-0.093144,-0.091995,0.000171,0.000859,-0.000010,0.032081,0
20260810_154114_079,1,Unspecified,1992,2026-08-10T15:58:28.0571292+09:00,2026-08-10T15:58:28.5571292+09:00,1033.978358,1034.478358,31,31,-0.102524,-0.080823,0.000389,0.002301,-0.000660,0.051864,0
20260810_154114_079,1,Unspecified,1993,2026-08-10T15:58:28.5571292+09:00,2026-08-10T15:58:29.0571292+09:00,1034.478358,1034.978358,29,29,-0.081197,-0.082757,0.000103,0.000013,0.000031,0.010792,0
20260810_154114_079,1,Unspecified,1994,2026-08-10T15:58:29.0571292+09:00,2026-08-10T15:58:29.5571292+09:00,1034.978358,1035.478358,30,30,-0.091492,-0.079931,0.000003,0.000004,0.000000,0.002691,0
20260810_154114_079,1,Unspecified,1995,2026-08-10T15:58:29.5571292+09:00,2026-08-10T15:58:30.0571292+09:00,1035.478358,1035.978358,30,30,-0.099419,-0.092287,0.000075,0.000181,0.000093,0.015978,0
20260810_154114_079,1,Unspecified,1996,2026-08-10T15:58:30.0571292+09:00,2026-08-10T15:58:30.5571292+09:00,1035.978358,1036.478358,30,30,-0.091473,-0.082139,0.000056,0.000636,-0.000078,0.026301,0
20260810_154114_079,1,Unspecified,1997,2026-08-10T15:58:30.5571292+09:00,2026-08-10T15:58:31.0571292+09:00,1036.478358,1036.978358,30,30,-0.088578,-0.092760,0.000024,0.000198,0.000022,0.014905,0
20260810_154114_079,1,Unspecified,1998,2026-08-10T15:58:31.0571292+09:00,2026-08-10T15:58:31.5571292+09:00,1036.978358,1037.478358,30,30,-0.086537,-0.094566,0.000007,0.000012,-0.000004,0.004354,0
20260810_154114_079,1,Unspecified,1999,2026-08-10T15:58:31.5571292+09:00,2026-08-10T15:58:32.0571292+09:00,1037.478358,1037.978358,30,30,-0.093402,-0.096367,0.000252,0.000242,0.000120,0.022226,0
20260810_154114_079,1,Unspecified,2000,2026-08-10T15:58:32.0571292+09:00,2026-08-10T15:58:32.5571292+09:00,1037.978358,1038.478358,30,30,-0.095735,-0.079543,0.000143,0.001118,-0.000250,0.035508,0
20260810_154114_079,1,Unspecified,2001,2026-08-10T15:58:32.5571292+09:00,2026-08-10T15:58:33.0571292+09:00,1038.478358,1038.978358,30,30,-0.089659,-0.074291,0.000004,0.000004,0.000003,0.002897,0
20260810_154114_079,1,Unspecified,2002,2026-08-10T15:58:33.0571292+09:00,2026-08-10T15:58:33.5571292+09:00,1038.978358,1039.478358,30,30,-0.089028,-0.078319,0.000003,0.000008,0.000002,0.003183,0
20260810_154114_079,1,Unspecified,2003,2026-08-10T15:58:33.5571292+09:00,2026-08-10T15:58:34.0571292+09:00,1039.478358,1039.978358,30,30,-0.094172,-0.083682,0.000269,0.000812,-0.000303,0.032887,0
20260810_154114_079,1,Unspecified,2004,2026-08-10T15:58:34.0571292+09:00,2026-08-10T15:58:34.5571292+09:00,1039.978358,1040.478358,30,30,-0.092597,-0.099689,0.000062,0.000193,0.000085,0.015966,0
20260810_154114_079,1,Unspecified,2005,2026-08-10T15:58:34.5571292+09:00,2026-08-10T15:58:35.0571292+09:00,1040.478358,1040.978358,30,30,-0.092633,-0.083783,0.000383,0.000564,-0.000243,0.030771,0
20260810_154114_079,1,Unspecified,2006,2026-08-10T15:58:35.0571292+09:00,2026-08-10T15:58:35.5571292+09:00,1040.978358,1041.478358,30,30,-0.094344,-0.085413,0.000006,0.000003,0.000001,0.003013,0
20260810_154114_079,1,Unspecified,2007,2026-08-10T15:58:35.5571292+09:00,2026-08-10T15:58:36.0571292+09:00,1041.478358,1041.978358,30,30,-0.089091,-0.087035,0.000175,0.000863,-0.000106,0.032220,0
20260810_154114_079,1,Unspecified,2008,2026-08-10T15:58:36.0571292+09:00,2026-08-10T15:58:36.5571292+09:00,1041.978358,1042.478358,30,30,-0.106941,-0.102493,0.000126,0.000382,0.000186,0.022539,0
20260810_154114_079,1,Unspecified,2009,2026-08-10T15:58:36.5571292+09:00,2026-08-10T15:58:37.0571292+09:00,1042.478358,1042.978358,30,30,-0.102118,-0.055139,0.000024,0.003334,-0.000079,0.057949,0
20260810_154114_079,1,Unspecified,2010,2026-08-10T15:58:37.0571292+09:00,2026-08-10T15:58:37.5571292+09:00,1042.978358,1043.478358,30,30,-0.099162,0.101672,0.000288,0.004490,0.000244,0.069121,0
20260810_154114_079,1,Unspecified,2011,2026-08-10T15:58:37.5571292+09:00,2026-08-10T15:58:38.0571292+09:00,1043.478358,1043.978358,30,30,-0.094173,-0.158030,0.000016,0.000067,0.000002,0.009153,0
20260810_154114_079,1,Unspecified,2012,2026-08-10T15:58:38.0571292+09:00,2026-08-10T15:58:38.5571292+09:00,1043.978358,1044.478358,30,30,-0.111316,-0.118508,0.000062,0.003318,-0.000138,0.058139,0
20260810_154114_079,1,Unspecified,2013,2026-08-10T15:58:38.5571292+09:00,2026-08-10T15:58:39.0571292+09:00,1044.478358,1044.978358,30,30,-0.106111,-0.129846,0.000009,0.000008,0.000005,0.004070,0
20260810_154114_079,1,Unspecified,2014,2026-08-10T15:58:39.0571292+09:00,2026-08-10T15:58:39.5571292+09:00,1044.978358,1045.478358,30,30,-0.115602,-0.128634,0.000004,0.000006,0.000000,0.003152,0
20260810_154114_079,1,Unspecified,2015,2026-08-10T15:58:39.5571292+09:00,2026-08-10T15:58:40.0571292+09:00,1045.478358,1045.978358,30,30,-0.118096,-0.125941,0.000040,0.001416,0.000003,0.038154,0
20260810_154114_079,1,Unspecified,2016,2026-08-10T15:58:40.0571292+09:00,2026-08-10T15:58:40.5571292+09:00,1045.978358,1046.478358,30,30,-0.117284,-0.116338,0.000071,0.003289,-0.000065,0.057966,0
20260810_154114_079,1,Unspecified,2017,2026-08-10T15:58:40.5571292+09:00,2026-08-10T15:58:41.0571292+09:00,1046.478358,1046.978358,30,30,-0.118226,-0.138810,0.000009,0.000007,-0.000002,0.003963,0
20260810_154114_079,1,Unspecified,2018,2026-08-10T15:58:41.0571292+09:00,2026-08-10T15:58:41.5571292+09:00,1046.978358,1047.478358,30,30,-0.117987,-0.136686,0.000007,0.000016,-0.000003,0.004840,0
20260810_154114_079,1,Unspecified,2019,2026-08-10T15:58:41.5571292+09:00,2026-08-10T15:58:42.0571292+09:00,1047.478358,1047.978358,30,30,-0.124435,-0.128451,0.000107,0.001951,0.000119,0.045368,0
20260810_154114_079,1,Unspecified,2020,2026-08-10T15:58:42.0571292+09:00,2026-08-10T15:58:42.5571292+09:00,1047.978358,1048.478358,30,30,-0.122060,-0.129802,0.000171,0.001680,0.000159,0.043017,0
20260810_154114_079,1,Unspecified,2021,2026-08-10T15:58:42.5571292+09:00,2026-08-10T15:58:43.0571292+09:00,1048.478358,1048.978358,30,30,-0.097816,-0.114827,0.000006,0.000025,0.000007,0.005596,0
20260810_154114_079,1,Unspecified,2022,2026-08-10T15:58:43.0571292+09:00,2026-08-10T15:58:43.5571292+09:00,1048.978358,1049.478358,30,30,-0.097761,-0.115898,0.000002,0.000003,0.000001,0.002331,0
20260810_154114_079,1,Unspecified,2023,2026-08-10T15:58:43.5571292+09:00,2026-08-10T15:58:44.0571292+09:00,1049.478358,1049.978358,30,30,-0.105782,-0.096039,0.000093,0.002137,-0.000302,0.047229,0
20260810_154114_079,1,Unspecified,2024,2026-08-10T15:58:44.0571292+09:00,2026-08-10T15:58:44.5571292+09:00,1049.978358,1050.478358,30,30,-0.098933,-0.111136,0.000005,0.000017,-0.000003,0.004610,0
20260810_154114_079,1,Unspecified,2025,2026-08-10T15:58:44.5571292+09:00,2026-08-10T15:58:45.0571292+09:00,1050.478358,1050.978358,30,30,-0.111447,-0.090129,0.000217,0.003451,-0.000389,0.060569,0
20260810_154114_079,1,Unspecified,2026,2026-08-10T15:58:45.0571292+09:00,2026-08-10T15:58:45.5571292+09:00,1050.978358,1051.478358,31,31,-0.093314,-0.119847,0.000003,0.000008,0.000001,0.003304,0
20260810_154114_079,1,Unspecified,2027,2026-08-10T15:58:45.5571292+09:00,2026-08-10T15:58:46.0571292+09:00,1051.478358,1051.978358,29,29,-0.110031,-0.097503,0.000098,0.001229,-0.000046,0.036429,0
20260810_154114_079,1,Unspecified,2028,2026-08-10T15:58:46.0571292+09:00,2026-08-10T15:58:46.5571292+09:00,1051.978358,1052.478358,30,30,-0.104237,-0.100014,0.000002,0.000003,0.000000,0.002288,0
20260810_154114_079,1,Unspecified,2029,2026-08-10T15:58:46.5571292+09:00,2026-08-10T15:58:47.0571292+09:00,1052.478358,1052.978358,30,30,-0.106212,-0.103652,0.000002,0.000006,-0.000001,0.002953,0
20260810_154114_079,1,Unspecified,2030,2026-08-10T15:58:47.0571292+09:00,2026-08-10T15:58:47.5571292+09:00,1052.978358,1053.478358,30,30,-0.106627,-0.113567,0.000002,0.000003,0.000000,0.002084,0
20260810_154114_079,1,Unspecified,2031,2026-08-10T15:58:47.5571292+09:00,2026-08-10T15:58:48.0571292+09:00,1053.478358,1053.978358,30,30,-0.114895,-0.108200,0.000142,0.000492,-0.000050,0.025174,0
20260810_154114_079,1,Unspecified,2032,2026-08-10T15:58:48.0571292+09:00,2026-08-10T15:58:48.5571292+09:00,1053.978358,1054.478358,30,30,-0.116267,-0.108837,0.000002,0.000003,0.000001,0.002276,0
20260810_154114_079,1,Unspecified,2033,2026-08-10T15:58:48.5571292+09:00,2026-08-10T15:58:49.0571292+09:00,1054.478358,1054.978358,30,30,-0.115621,-0.111533,0.000003,0.000002,0.000000,0.002288,0
20260810_154114_079,1,Unspecified,2034,2026-08-10T15:58:49.0571292+09:00,2026-08-10T15:58:49.5571292+09:00,1054.978358,1055.478358,30,30,-0.114342,-0.115469,0.000001,0.000005,0.000002,0.002592,0
20260810_154114_079,1,Unspecified,2035,2026-08-10T15:58:49.5571292+09:00,2026-08-10T15:58:50.0571292+09:00,1055.478358,1055.978358,30,30,-0.110751,-0.118405,0.000079,0.001661,0.000152,0.041708,0
20260810_154114_079,1,Unspecified,2036,2026-08-10T15:58:50.0571292+09:00,2026-08-10T15:58:50.5571292+09:00,1055.978358,1056.478358,30,30,-0.103594,-0.127008,0.000042,0.000746,0.000052,0.028075,0
20260810_154114_079,1,Unspecified,2037,2026-08-10T15:58:50.5571292+09:00,2026-08-10T15:58:51.0571292+09:00,1056.478358,1056.978358,30,30,-0.104879,-0.124987,0.000049,0.000774,0.000091,0.028680,0
20260810_154114_079,1,Unspecified,2038,2026-08-10T15:58:51.0571292+09:00,2026-08-10T15:58:51.5571292+09:00,1056.978358,1057.478358,30,30,-0.104536,-0.122262,0.000005,0.000005,0.000000,0.003199,0
20260810_154114_079,1,Unspecified,2039,2026-08-10T15:58:51.5571292+09:00,2026-08-10T15:58:52.0571292+09:00,1057.478358,1057.978358,30,30,-0.120952,-0.122318,0.000200,0.002279,0.000329,0.049790,0
20260810_154114_079,1,Unspecified,2040,2026-08-10T15:58:52.0571292+09:00,2026-08-10T15:58:52.5571292+09:00,1057.978358,1058.478358,30,30,-0.112651,-0.123657,0.000090,0.001833,0.000122,0.043853,0
20260810_154114_079,1,Unspecified,2041,2026-08-10T15:58:52.5571292+09:00,2026-08-10T15:58:53.0571292+09:00,1058.478358,1058.978358,30,30,-0.109920,-0.138243,0.000019,0.000031,0.000018,0.007089,0
20260810_154114_079,1,Unspecified,2042,2026-08-10T15:58:53.0571292+09:00,2026-08-10T15:58:53.5571292+09:00,1058.978358,1059.478358,30,30,-0.113018,-0.138897,0.000005,0.000008,0.000002,0.003592,0
20260810_154114_079,1,Unspecified,2043,2026-08-10T15:58:53.5571292+09:00,2026-08-10T15:58:54.0571292+09:00,1059.478358,1059.978358,30,30,-0.117538,-0.120949,0.000090,0.001992,-0.000024,0.045628,0
20260810_154114_079,1,Unspecified,2044,2026-08-10T15:58:54.0571292+09:00,2026-08-10T15:58:54.5571292+09:00,1059.978358,1060.478358,30,30,-0.103898,-0.114197,0.000032,0.000045,0.000029,0.008758,0
20260810_154114_079,1,Unspecified,2045,2026-08-10T15:58:54.5571292+09:00,2026-08-10T15:58:55.0571292+09:00,1060.478358,1060.978358,30,30,-0.099863,-0.108022,0.000010,0.000036,-0.000005,0.006738,0
20260810_154114_079,1,Unspecified,2046,2026-08-10T15:58:55.0571292+09:00,2026-08-10T15:58:55.5571292+09:00,1060.978358,1061.478358,30,30,-0.100368,-0.083269,0.000118,0.001041,-0.000330,0.034048,0
20260810_154114_079,1,Unspecified,2047,2026-08-10T15:58:55.5571292+09:00,2026-08-10T15:58:56.0571292+09:00,1061.478358,1061.978358,30,30,-0.096601,-0.087136,0.000084,0.000382,-0.000008,0.021589,0
20260810_154114_079,1,Unspecified,2048,2026-08-10T15:58:56.0571292+09:00,2026-08-10T15:58:56.5571292+09:00,1061.978358,1062.478358,30,30,-0.102768,-0.078803,0.000308,0.001031,-0.000461,0.036592,0
20260810_154114_079,1,Unspecified,2049,2026-08-10T15:58:56.5571292+09:00,2026-08-10T15:58:57.0571292+09:00,1062.478358,1062.978358,30,30,-0.083210,-0.080725,0.000005,0.000004,-0.000003,0.002865,0
20260810_154114_079,1,Unspecified,2050,2026-08-10T15:58:57.0571292+09:00,2026-08-10T15:58:57.5571292+09:00,1062.978358,1063.478358,30,30,-0.090258,-0.096914,0.000069,0.000311,0.000097,0.019504,0
20260810_154114_079,1,Unspecified,2051,2026-08-10T15:58:57.5571292+09:00,2026-08-10T15:58:58.0571292+09:00,1063.478358,1063.978358,30,30,-0.104658,-0.090621,0.000227,0.001506,-0.000184,0.041632,0
20260810_154114_079,1,Unspecified,2052,2026-08-10T15:58:58.0571292+09:00,2026-08-10T15:58:58.5571292+09:00,1063.978358,1064.478358,30,30,-0.104884,-0.080665,0.000234,0.001046,-0.000244,0.035773,0
20260810_154114_079,1,Unspecified,2053,2026-08-10T15:58:58.5571292+09:00,2026-08-10T15:58:59.0571292+09:00,1064.478358,1064.978358,30,30,-0.095666,-0.080385,0.000145,0.001229,-0.000226,0.037072,0
20260810_154114_079,1,Unspecified,2054,2026-08-10T15:58:59.0571292+09:00,2026-08-10T15:58:59.5571292+09:00,1064.978358,1065.478358,30,30,-0.089613,-0.086214,0.000004,0.000008,0.000004,0.003372,0
20260810_154114_079,1,Unspecified,2055,2026-08-10T15:58:59.5571292+09:00,2026-08-10T15:59:00.0571292+09:00,1065.478358,1065.978358,30,30,-0.109585,-0.094539,0.000110,0.001118,0.000020,0.035038,0
20260810_154114_079,1,Unspecified,2056,2026-08-10T15:59:00.0571292+09:00,2026-08-10T15:59:00.5571292+09:00,1065.978358,1066.478358,30,30,-0.108855,-0.084415,0.000285,0.000912,-0.000242,0.034605,0
20260810_154114_079,1,Unspecified,2057,2026-08-10T15:59:00.5571292+09:00,2026-08-10T15:59:01.0571292+09:00,1066.478358,1066.978358,30,30,-0.108313,-0.093643,0.000003,0.000007,0.000000,0.003270,0
20260810_154114_079,1,Unspecified,2058,2026-08-10T15:59:01.0571292+09:00,2026-08-10T15:59:01.5571292+09:00,1066.978358,1067.478358,30,30,-0.107682,-0.096300,0.000007,0.000033,0.000012,0.006339,0
20260810_154114_079,1,Unspecified,2059,2026-08-10T15:59:01.5571292+09:00,2026-08-10T15:59:02.0571292+09:00,1067.478358,1067.978358,30,30,-0.111517,-0.109806,0.000179,0.001805,-0.000229,0.044535,0
20260810_154114_079,1,Unspecified,2060,2026-08-10T15:59:02.0571292+09:00,2026-08-10T15:59:02.5571292+09:00,1067.978358,1068.478358,30,30,-0.095086,-0.083270,0.000239,0.000919,-0.000405,0.034025,0
20260810_154114_079,1,Unspecified,2061,2026-08-10T15:59:02.5571292+09:00,2026-08-10T15:59:03.0571292+09:00,1068.478358,1068.978358,30,30,-0.104130,-0.096908,0.000108,0.000236,0.000154,0.018537,0
20260810_154114_079,1,Unspecified,2062,2026-08-10T15:59:03.0571292+09:00,2026-08-10T15:59:03.5571292+09:00,1068.978358,1069.478358,30,30,-0.097652,-0.086405,0.000002,0.000002,0.000000,0.001953,0
20260810_154114_079,1,Unspecified,2063,2026-08-10T15:59:03.5571292+09:00,2026-08-10T15:59:04.0571292+09:00,1069.478358,1069.978358,30,30,-0.116075,-0.087460,0.000187,0.001689,-0.000243,0.043306,0
20260810_154114_079,1,Unspecified,2064,2026-08-10T15:59:04.0571292+09:00,2026-08-10T15:59:04.5571292+09:00,1069.978358,1070.478358,30,30,-0.110885,-0.095190,0.000134,0.001180,-0.000025,0.036257,0
20260810_154114_079,1,Unspecified,2065,2026-08-10T15:59:04.5571292+09:00,2026-08-10T15:59:05.0571292+09:00,1070.478358,1070.978358,30,30,-0.092088,-0.082654,0.000005,0.000008,0.000002,0.003536,0
20260810_154114_079,1,Unspecified,2066,2026-08-10T15:59:05.0571292+09:00,2026-08-10T15:59:05.5571292+09:00,1070.978358,1071.478358,30,30,-0.095776,-0.090428,0.000004,0.000009,0.000005,0.003553,0
20260810_154114_079,1,Unspecified,2067,2026-08-10T15:59:05.5571292+09:00,2026-08-10T15:59:06.0571292+09:00,1071.478358,1071.978358,30,30,-0.110817,-0.105863,0.000095,0.000191,0.000095,0.016916,0
20260810_154114_079,1,Unspecified,2068,2026-08-10T15:59:06.0571292+09:00,2026-08-10T15:59:06.5571292+09:00,1071.978358,1072.478358,30,30,-0.110280,-0.092791,0.000200,0.001034,-0.000180,0.035122,0
20260810_154114_079,1,Unspecified,2069,2026-08-10T15:59:06.5571292+09:00,2026-08-10T15:59:07.0571292+09:00,1072.478358,1072.978358,30,30,-0.105977,-0.087527,0.000006,0.000032,-0.000009,0.006160,0
20260810_154114_079,1,Unspecified,2070,2026-08-10T15:59:07.0571292+09:00,2026-08-10T15:59:07.5571292+09:00,1072.978358,1073.478358,30,30,-0.097567,-0.079141,0.000038,0.000007,0.000003,0.006694,0
20260810_154114_079,1,Unspecified,2071,2026-08-10T15:59:07.5571292+09:00,2026-08-10T15:59:08.0571292+09:00,1073.478358,1073.978358,30,30,-0.109224,-0.074898,0.000229,0.001319,-0.000275,0.039340,0
20260810_154114_079,1,Unspecified,2072,2026-08-10T15:59:08.0571292+09:00,2026-08-10T15:59:08.5571292+09:00,1073.978358,1074.478358,30,30,-0.110635,-0.084442,0.000106,0.000750,-0.000027,0.029254,0
20260810_154114_079,1,Unspecified,2073,2026-08-10T15:59:08.5571292+09:00,2026-08-10T15:59:09.0571292+09:00,1074.478358,1074.978358,30,30,-0.101267,-0.084104,0.000067,0.000845,-0.000088,0.030210,0
20260810_154114_079,1,Unspecified,2074,2026-08-10T15:59:09.0571292+09:00,2026-08-10T15:59:09.5571292+09:00,1074.978358,1075.478358,30,30,-0.097676,-0.094031,0.000022,0.000048,0.000030,0.008371,0
20260810_154114_079,1,Unspecified,2075,2026-08-10T15:59:09.5571292+09:00,2026-08-10T15:59:10.0571292+09:00,1075.478358,1075.978358,30,30,-0.131542,-0.052573,0.000164,0.001665,-0.000239,0.042762,0
20260810_154114_079,1,Unspecified,2076,2026-08-10T15:59:10.0571292+09:00,2026-08-10T15:59:10.5571292+09:00,1075.978358,1076.478358,30,30,-0.108901,-0.093735,0.000072,0.001458,0.000004,0.039115,0
20260810_154114_079,1,Unspecified,2077,2026-08-10T15:59:10.5571292+09:00,2026-08-10T15:59:11.0571292+09:00,1076.478358,1076.978358,30,30,-0.093455,-0.100879,0.000025,0.000089,0.000041,0.010679,0
20260810_154114_079,1,Unspecified,2078,2026-08-10T15:59:11.0571292+09:00,2026-08-10T15:59:11.5571292+09:00,1076.978358,1077.478358,30,30,-0.095635,-0.097292,0.000004,0.000002,-0.000001,0.002508,0
20260810_154114_079,1,Unspecified,2079,2026-08-10T15:59:11.5571292+09:00,2026-08-10T15:59:12.0571292+09:00,1077.478358,1077.978358,30,30,-0.124815,-0.111408,0.000110,0.000209,0.000108,0.017876,0
20260810_154114_079,1,Unspecified,2080,2026-08-10T15:59:12.0571292+09:00,2026-08-10T15:59:12.5571292+09:00,1077.978358,1078.478358,30,30,-0.114112,-0.095428,0.000225,0.001178,0.000034,0.037462,0
20260810_154114_079,1,Unspecified,2081,2026-08-10T15:59:12.5571292+09:00,2026-08-10T15:59:13.0571292+09:00,1078.478358,1078.978358,30,30,-0.116002,-0.085457,0.000059,0.000484,0.000025,0.023295,0
20260810_154114_079,1,Unspecified,2082,2026-08-10T15:59:13.0571292+09:00,2026-08-10T15:59:13.5571292+09:00,1078.978358,1079.478358,30,30,-0.110829,-0.083387,0.000008,0.000002,-0.000001,0.003168,0
20260810_154114_079,1,Unspecified,2083,2026-08-10T15:59:13.5571292+09:00,2026-08-10T15:59:14.0571292+09:00,1079.478358,1079.978358,30,30,-0.110191,-0.074768,0.000024,0.000678,-0.000028,0.026492,0
20260810_154114_079,1,Unspecified,2084,2026-08-10T15:59:14.0571292+09:00,2026-08-10T15:59:14.5571292+09:00,1079.978358,1080.478358,30,30,-0.110330,-0.075627,0.000078,0.000511,-0.000113,0.024261,0
20260810_154114_079,1,Unspecified,2085,2026-08-10T15:59:14.5571292+09:00,2026-08-10T15:59:15.0571292+09:00,1080.478358,1080.978358,30,30,-0.107825,-0.087750,0.000063,0.000210,0.000061,0.016525,0
20260810_154114_079,1,Unspecified,2086,2026-08-10T15:59:15.0571292+09:00,2026-08-10T15:59:15.5571292+09:00,1080.978358,1081.478358,30,30,-0.107552,-0.085947,0.000002,0.000006,0.000000,0.002729,0
20260810_154114_079,1,Unspecified,2087,2026-08-10T15:59:15.5571292+09:00,2026-08-10T15:59:16.0571292+09:00,1081.478358,1081.978358,30,30,-0.114770,-0.079565,0.000171,0.001456,-0.000130,0.040339,0
20260810_154114_079,1,Unspecified,2088,2026-08-10T15:59:16.0571292+09:00,2026-08-10T15:59:16.5571292+09:00,1081.978358,1082.478358,30,30,-0.113631,-0.087378,0.000150,0.000873,-0.000022,0.031989,0
20260810_154114_079,1,Unspecified,2089,2026-08-10T15:59:16.5571292+09:00,2026-08-10T15:59:17.0571292+09:00,1082.478358,1082.978358,30,30,-0.101559,-0.096459,0.000053,0.000180,0.000001,0.015288,0
20260810_154114_079,1,Unspecified,2090,2026-08-10T15:59:17.0571292+09:00,2026-08-10T15:59:17.5571292+09:00,1082.978358,1083.478358,30,30,-0.102871,-0.102178,0.000053,0.000045,0.000044,0.009905,0
20260810_154114_079,1,Unspecified,2091,2026-08-10T15:59:17.5571292+09:00,2026-08-10T15:59:18.0571292+09:00,1083.478358,1083.978358,30,30,-0.130623,-0.097080,0.000102,0.000629,-0.000006,0.027028,0
20260810_154114_079,1,Unspecified,2092,2026-08-10T15:59:18.0571292+09:00,2026-08-10T15:59:18.5571292+09:00,1083.978358,1084.478358,30,30,-0.122957,-0.104835,0.000015,0.000403,0.000032,0.020428,0
20260810_154114_079,1,Unspecified,2093,2026-08-10T15:59:18.5571292+09:00,2026-08-10T15:59:19.0571292+09:00,1084.478358,1084.978358,30,30,-0.110783,-0.093106,0.000010,0.000021,0.000005,0.005553,0
20260810_154114_079,1,Unspecified,2094,2026-08-10T15:59:19.0571292+09:00,2026-08-10T15:59:19.5571292+09:00,1084.978358,1085.478358,30,30,-0.110181,-0.093384,0.000015,0.000004,0.000001,0.004347,0
20260810_154114_079,1,Unspecified,2095,2026-08-10T15:59:19.5571292+09:00,2026-08-10T15:59:20.0571292+09:00,1085.478358,1085.978358,30,30,-0.104267,-0.092542,0.000119,0.001420,0.000054,0.039220,0
20260810_154114_079,1,Unspecified,2096,2026-08-10T15:59:20.0571292+09:00,2026-08-10T15:59:20.5571292+09:00,1085.978358,1086.478358,30,30,-0.102137,-0.084412,0.000072,0.001095,-0.000154,0.034168,0
20260810_154114_079,1,Unspecified,2097,2026-08-10T15:59:20.5571292+09:00,2026-08-10T15:59:21.0571292+09:00,1086.478358,1086.978358,30,30,-0.110948,-0.090655,0.000074,0.000226,0.000099,0.017322,0
20260810_154114_079,1,Unspecified,2098,2026-08-10T15:59:21.0571292+09:00,2026-08-10T15:59:21.5571292+09:00,1086.978358,1087.478358,30,30,-0.109737,-0.082187,0.000006,0.000003,-0.000002,0.003006,0
20260810_154114_079,1,Unspecified,2099,2026-08-10T15:59:21.5571292+09:00,2026-08-10T15:59:22.0571292+09:00,1087.478358,1087.978358,30,30,-0.106432,-0.082942,0.000351,0.001315,-0.000464,0.040822,0
20260810_154114_079,1,Unspecified,2100,2026-08-10T15:59:22.0571292+09:00,2026-08-10T15:59:22.5571292+09:00,1087.978358,1088.478358,30,30,-0.111953,-0.092847,0.000274,0.001354,-0.000190,0.040349,0
20260810_154114_079,1,Unspecified,2101,2026-08-10T15:59:22.5571292+09:00,2026-08-10T15:59:23.0571292+09:00,1088.478358,1088.978358,30,30,-0.105395,-0.095812,0.000243,0.000778,-0.000175,0.031961,0
20260810_154114_079,1,Unspecified,2102,2026-08-10T15:59:23.0571292+09:00,2026-08-10T15:59:23.5571292+09:00,1088.978358,1089.478358,30,30,-0.101210,-0.093358,0.000004,0.000007,0.000001,0.003287,0
20260810_154114_079,1,Unspecified,2103,2026-08-10T15:59:23.5571292+09:00,2026-08-10T15:59:24.0571292+09:00,1089.478358,1089.978358,30,30,-0.115122,-0.093256,0.000123,0.000108,0.000062,0.015175,0
20260810_154114_079,1,Unspecified,2104,2026-08-10T15:59:24.0571292+09:00,2026-08-10T15:59:24.5571292+09:00,1089.978358,1090.478358,30,30,-0.104880,-0.084769,0.000002,0.000002,0.000001,0.002011,0
20260810_154114_079,1,Unspecified,2105,2026-08-10T15:59:24.5571292+09:00,2026-08-10T15:59:25.0571292+09:00,1090.478358,1090.978358,30,30,-0.107118,-0.101478,0.000035,0.000600,0.000100,0.025205,0
20260810_154114_079,1,Unspecified,2106,2026-08-10T15:59:25.0571292+09:00,2026-08-10T15:59:25.5571292+09:00,1090.978358,1091.478358,30,30,-0.104953,-0.100849,0.000003,0.000006,-0.000001,0.003083,0
20260810_154114_079,1,Unspecified,2107,2026-08-10T15:59:25.5571292+09:00,2026-08-10T15:59:26.0571292+09:00,1091.478358,1091.978358,30,30,-0.105943,-0.101690,0.000084,0.000640,-0.000043,0.026905,0
20260810_154114_079,1,Unspecified,2108,2026-08-10T15:59:26.0571292+09:00,2026-08-10T15:59:26.5571292+09:00,1091.978358,1092.478358,30,30,-0.100118,-0.099927,0.000011,0.000005,0.000001,0.004002,0
20260810_154114_079,1,Unspecified,2109,2026-08-10T15:59:26.5571292+09:00,2026-08-10T15:59:27.0571292+09:00,1092.478358,1092.978358,30,30,-0.108624,-0.103682,0.000040,0.000087,0.000050,0.011253,0
20260810_154114_079,1,Unspecified,2110,2026-08-10T15:59:27.0571292+09:00,2026-08-10T15:59:27.5571292+09:00,1092.978358,1093.478358,30,30,-0.102816,-0.096985,0.000002,0.000004,0.000001,0.002479,0
20260810_154114_079,1,Unspecified,2111,2026-08-10T15:59:27.5571292+09:00,2026-08-10T15:59:28.0571292+09:00,1093.478358,1093.978358,30,30,-0.112457,-0.089306,0.000155,0.001223,-0.000093,0.037124,0
20260810_154114_079,1,Unspecified,2112,2026-08-10T15:59:28.0571292+09:00,2026-08-10T15:59:28.5571292+09:00,1093.978358,1094.478358,30,30,-0.104204,-0.096278,0.000204,0.001123,-0.000084,0.036436,0
20260810_154114_079,1,Unspecified,2113,2026-08-10T15:59:28.5571292+09:00,2026-08-10T15:59:29.0571292+09:00,1094.478358,1094.978358,30,30,-0.102984,-0.097572,0.000180,0.000718,-0.000182,0.029977,0
20260810_154114_079,1,Unspecified,2114,2026-08-10T15:59:29.0571292+09:00,2026-08-10T15:59:29.5571292+09:00,1094.978358,1095.478358,30,30,-0.093972,-0.096633,0.000002,0.000006,0.000001,0.002687,0
20260810_154114_079,1,Unspecified,2115,2026-08-10T15:59:29.5571292+09:00,2026-08-10T15:59:30.0571292+09:00,1095.478358,1095.978358,30,30,-0.116581,-0.091933,0.000137,0.001221,0.000101,0.036847,0
20260810_154114_079,1,Unspecified,2116,2026-08-10T15:59:30.0571292+09:00,2026-08-10T15:59:30.5571292+09:00,1095.978358,1096.478358,30,30,-0.112661,-0.059279,0.000125,0.002919,0.000231,0.055179,0
20260810_154114_079,1,Unspecified,2117,2026-08-10T15:59:30.5571292+09:00,2026-08-10T15:59:31.0571292+09:00,1096.478358,1096.978358,30,30,-0.103124,-0.104996,0.000120,0.000390,-0.000022,0.022577,0
20260810_154114_079,1,Unspecified,2118,2026-08-10T15:59:31.0571292+09:00,2026-08-10T15:59:31.5571292+09:00,1096.978358,1097.478358,30,30,-0.102286,-0.093934,0.000007,0.000008,-0.000004,0.003893,0
20260810_154114_079,1,Unspecified,2119,2026-08-10T15:59:31.5571292+09:00,2026-08-10T15:59:32.0571292+09:00,1097.478358,1097.978358,30,30,-0.113674,-0.072255,0.000183,0.001510,-0.000313,0.041136,0
20260810_154114_079,1,Unspecified,2120,2026-08-10T15:59:32.0571292+09:00,2026-08-10T15:59:32.5571292+09:00,1097.978358,1098.478358,30,30,-0.112827,-0.085054,0.000031,0.000107,0.000032,0.011730,0
20260810_154114_079,1,Unspecified,2121,2026-08-10T15:59:32.5571292+09:00,2026-08-10T15:59:33.0571292+09:00,1098.478358,1098.978358,30,30,-0.118392,-0.075600,0.000028,0.000607,0.000015,0.025196,0
20260810_154114_079,1,Unspecified,2122,2026-08-10T15:59:33.0571292+09:00,2026-08-10T15:59:33.5571292+09:00,1098.978358,1099.478358,30,30,-0.121235,-0.079879,0.000006,0.000020,-0.000006,0.005082,0
20260810_154114_079,1,Unspecified,2123,2026-08-10T15:59:33.5571292+09:00,2026-08-10T15:59:34.0571292+09:00,1099.478358,1099.978358,30,30,-0.118595,-0.075786,0.000186,0.001184,-0.000310,0.037021,0
20260810_154114_079,1,Unspecified,2124,2026-08-10T15:59:34.0571292+09:00,2026-08-10T15:59:34.5571292+09:00,1099.978358,1100.478358,30,30,-0.108682,-0.088085,0.000062,0.000484,0.000031,0.023380,0
20260810_154114_079,1,Unspecified,2125,2026-08-10T15:59:34.5571292+09:00,2026-08-10T15:59:35.0571292+09:00,1100.478358,1100.978358,30,30,-0.099155,-0.086315,0.000007,0.000025,-0.000005,0.005673,0
20260810_154114_079,1,Unspecified,2126,2026-08-10T15:59:35.0571292+09:00,2026-08-10T15:59:35.5571292+09:00,1100.978358,1101.478358,30,30,-0.112275,-0.093519,0.000085,0.000377,-0.000003,0.021496,0
20260810_154114_079,1,Unspecified,2127,2026-08-10T15:59:35.5571292+09:00,2026-08-10T15:59:36.0571292+09:00,1101.478358,1101.978358,30,30,-0.112203,-0.099371,0.000050,0.000411,0.000072,0.021473,0
20260810_154114_079,1,Unspecified,2128,2026-08-10T15:59:36.0571292+09:00,2026-08-10T15:59:36.5571292+09:00,1101.978358,1102.478358,30,30,-0.124757,-0.093758,0.000132,0.000013,0.000037,0.012021,0
20260810_154114_079,1,Unspecified,2129,2026-08-10T15:59:36.5571292+09:00,2026-08-10T15:59:37.0571292+09:00,1102.478358,1102.978358,30,30,-0.130127,-0.096117,0.000007,0.000004,0.000000,0.003277,0
20260810_154114_079,1,Unspecified,2130,2026-08-10T15:59:37.0571292+09:00,2026-08-10T15:59:37.5571292+09:00,1102.978358,1103.478358,30,30,-0.104513,-0.095543,0.000262,0.000010,0.000044,0.016482,0
20260810_154114_079,1,Unspecified,2131,2026-08-10T15:59:37.5571292+09:00,2026-08-10T15:59:38.0571292+09:00,1103.478358,1103.978358,30,30,-0.094176,-0.098375,0.000030,0.000127,0.000028,0.012555,0
20260810_154114_079,1,Unspecified,2132,2026-08-10T15:59:38.0571292+09:00,2026-08-10T15:59:38.5571292+09:00,1103.978358,1104.478358,30,30,-0.109554,-0.111060,0.000083,0.001356,0.000042,0.037935,0
20260810_154114_079,1,Unspecified,2133,2026-08-10T15:59:38.5571292+09:00,2026-08-10T15:59:39.0571292+09:00,1104.478358,1104.978358,30,30,-0.101290,-0.103561,0.000007,0.000013,0.000005,0.004510,0
20260810_154114_079,1,Unspecified,2134,2026-08-10T15:59:39.0571292+09:00,2026-08-10T15:59:39.5571292+09:00,1104.978358,1105.478358,30,30,-0.100204,-0.101212,0.000003,0.000008,0.000001,0.003231,0
20260810_154114_079,1,Unspecified,2135,2026-08-10T15:59:39.5571292+09:00,2026-08-10T15:59:40.0571292+09:00,1105.478358,1105.978358,30,30,-0.106532,-0.108035,0.000012,0.000007,0.000007,0.004371,0
20260810_154114_079,1,Unspecified,2136,2026-08-10T15:59:40.0571292+09:00,2026-08-10T15:59:40.5571292+09:00,1105.978358,1106.478358,30,30,-0.107944,-0.107892,0.000080,0.000733,0.000078,0.028515,0
20260810_154114_079,1,Unspecified,2137,2026-08-10T15:59:40.5571292+09:00,2026-08-10T15:59:41.0571292+09:00,1106.478358,1106.978358,30,30,-0.106831,-0.104411,0.000182,0.000524,-0.000001,0.026563,0
20260810_154114_079,1,Unspecified,2138,2026-08-10T15:59:41.0571292+09:00,2026-08-10T15:59:41.5571292+09:00,1106.978358,1107.478358,30,30,-0.101762,-0.096179,0.000002,0.000005,0.000000,0.002585,0
20260810_154114_079,1,Unspecified,2139,2026-08-10T15:59:41.5571292+09:00,2026-08-10T15:59:42.0571292+09:00,1107.478358,1107.978358,30,30,-0.110756,-0.099447,0.000137,0.000713,-0.000044,0.029154,0
20260810_154114_079,1,Unspecified,2140,2026-08-10T15:59:42.0571292+09:00,2026-08-10T15:59:42.5571292+09:00,1107.978358,1108.478358,30,30,-0.120038,-0.098405,0.000125,0.001347,0.000234,0.038365,0
20260810_154114_079,1,Unspecified,2141,2026-08-10T15:59:42.5571292+09:00,2026-08-10T15:59:43.0571292+09:00,1108.478358,1108.978358,30,30,-0.104350,-0.104241,0.000058,0.000949,0.000080,0.031744,0
20260810_154114_079,1,Unspecified,2142,2026-08-10T15:59:43.0571292+09:00,2026-08-10T15:59:43.5571292+09:00,1108.978358,1109.478358,30,30,-0.109728,-0.089702,0.000011,0.000007,0.000002,0.004189,0
20260810_154114_079,1,Unspecified,2143,2026-08-10T15:59:43.5571292+09:00,2026-08-10T15:59:44.0571292+09:00,1109.478358,1109.978358,31,31,-0.112980,-0.092220,0.000077,0.000898,-0.000124,0.031225,0
20260810_154114_079,1,Unspecified,2144,2026-08-10T15:59:44.0571292+09:00,2026-08-10T15:59:44.5571292+09:00,1109.978358,1110.478358,29,29,-0.112176,-0.092161,0.000093,0.000757,0.000044,0.029155,0
20260810_154114_079,1,Unspecified,2145,2026-08-10T15:59:44.5571292+09:00,2026-08-10T15:59:45.0571292+09:00,1110.478358,1110.978358,30,30,-0.102218,-0.103148,0.000005,0.000004,0.000003,0.003077,0
20260810_154114_079,1,Unspecified,2146,2026-08-10T15:59:45.0571292+09:00,2026-08-10T15:59:45.5571292+09:00,1110.978358,1111.478358,30,30,-0.103138,-0.103407,0.000003,0.000002,-0.000001,0.002309,0
20260810_154114_079,1,Unspecified,2147,2026-08-10T15:59:45.5571292+09:00,2026-08-10T15:59:46.0571292+09:00,1111.478358,1111.978358,30,30,-0.118589,-0.105706,0.000100,0.001768,0.000013,0.043221,0
20260810_154114_079,1,Unspecified,2148,2026-08-10T15:59:46.0571292+09:00,2026-08-10T15:59:46.5571292+09:00,1111.978358,1112.478358,30,30,-0.109084,-0.083436,0.000194,0.001118,-0.000231,0.036220,0
20260810_154114_079,1,Unspecified,2149,2026-08-10T15:59:46.5571292+09:00,2026-08-10T15:59:47.0571292+09:00,1112.478358,1112.978358,30,30,-0.105752,-0.091338,0.000019,0.000037,0.000020,0.007489,0
20260810_154114_079,1,Unspecified,2150,2026-08-10T15:59:47.0571292+09:00,2026-08-10T15:59:47.5571292+09:00,1112.978358,1113.478358,30,30,-0.104344,-0.088189,0.000002,0.000002,0.000000,0.001956,0
20260810_154114_079,1,Unspecified,2151,2026-08-10T15:59:47.5571292+09:00,2026-08-10T15:59:48.0571292+09:00,1113.478358,1113.978358,30,30,-0.112512,-0.096298,0.000044,0.000020,0.000026,0.007987,0
20260810_154114_079,1,Unspecified,2152,2026-08-10T15:59:48.0571292+09:00,2026-08-10T15:59:48.5571292+09:00,1113.978358,1114.478358,30,30,-0.111736,-0.081114,0.000346,0.001844,-0.000408,0.046798,0
20260810_154114_079,1,Unspecified,2153,2026-08-10T15:59:48.5571292+09:00,2026-08-10T15:59:49.0571292+09:00,1114.478358,1114.978358,30,30,-0.100474,-0.085018,0.000061,0.000228,-0.000090,0.016993,0
20260810_154114_079,1,Unspecified,2154,2026-08-10T15:59:49.0571292+09:00,2026-08-10T15:59:49.5571292+09:00,1114.978358,1115.478358,30,30,-0.113583,-0.078335,0.000104,0.000442,-0.000096,0.023367,0
20260810_154114_079,1,Unspecified,2155,2026-08-10T15:59:49.5571292+09:00,2026-08-10T15:59:50.0571292+09:00,1115.478358,1115.978358,30,30,-0.109250,-0.091887,0.000039,0.000827,0.000027,0.029430,0
20260810_154114_079,1,Unspecified,2156,2026-08-10T15:59:50.0571292+09:00,2026-08-10T15:59:50.5571292+09:00,1115.978358,1116.478358,30,30,-0.104322,-0.081631,0.000006,0.000068,-0.000009,0.008600,0
20260810_154114_079,1,Unspecified,2157,2026-08-10T15:59:50.5571292+09:00,2026-08-10T15:59:51.0571292+09:00,1116.478358,1116.978358,30,30,-0.106101,-0.090339,0.000027,0.000110,0.000040,0.011735,0
20260810_154114_079,1,Unspecified,2158,2026-08-10T15:59:51.0571292+09:00,2026-08-10T15:59:51.5571292+09:00,1116.978358,1117.478358,30,30,-0.105596,-0.080946,0.000005,0.000015,0.000006,0.004541,0
20260810_154114_079,1,Unspecified,2159,2026-08-10T15:59:51.5571292+09:00,2026-08-10T15:59:52.0571292+09:00,1117.478358,1117.978358,30,30,-0.113107,-0.081989,0.000152,0.001062,-0.000020,0.034835,0
20260810_154114_079,1,Unspecified,2160,2026-08-10T15:59:52.0571292+09:00,2026-08-10T15:59:52.5571292+09:00,1117.978358,1118.478358,30,30,-0.112360,-0.091873,0.000057,0.000015,-0.000024,0.008523,0
20260810_154114_079,1,Unspecified,2161,2026-08-10T15:59:52.5571292+09:00,2026-08-10T15:59:53.0571292+09:00,1118.478358,1118.978358,30,30,-0.101839,-0.097793,0.000110,0.000647,-0.000128,0.027515,0
20260810_154114_079,1,Unspecified,2162,2026-08-10T15:59:53.0571292+09:00,2026-08-10T15:59:53.5571292+09:00,1118.978358,1119.478358,30,30,-0.101582,-0.099965,0.000009,0.000006,0.000005,0.003940,0
20260810_154114_079,1,Unspecified,2163,2026-08-10T15:59:53.5571292+09:00,2026-08-10T15:59:54.0571292+09:00,1119.478358,1119.978358,30,30,-0.123637,-0.105971,0.000104,0.000088,0.000063,0.013861,0
20260810_154114_079,1,Unspecified,2164,2026-08-10T15:59:54.0571292+09:00,2026-08-10T15:59:54.5571292+09:00,1119.978358,1120.478358,30,30,-0.109623,-0.095189,0.000187,0.000631,-0.000087,0.028586,0
20260810_154114_079,1,Unspecified,2165,2026-08-10T15:59:54.5571292+09:00,2026-08-10T15:59:55.0571292+09:00,1120.478358,1120.978358,30,30,-0.109650,-0.105469,0.000153,0.000358,0.000229,0.022602,0
20260810_154114_079,1,Unspecified,2166,2026-08-10T15:59:55.0571292+09:00,2026-08-10T15:59:55.5571292+09:00,1120.978358,1121.478358,31,31,-0.111161,-0.098278,0.000006,0.000017,0.000005,0.004843,0
20260810_154114_079,1,Unspecified,2167,2026-08-10T15:59:55.5571292+09:00,2026-08-10T15:59:56.0571292+09:00,1121.478358,1121.978358,29,29,-0.109575,-0.095715,0.000033,0.000117,0.000039,0.012251,0
20260810_154114_079,1,Unspecified,2168,2026-08-10T15:59:56.0571292+09:00,2026-08-10T15:59:56.5571292+09:00,1121.978358,1122.478358,30,30,-0.117028,-0.079273,0.000106,0.000314,-0.000133,0.020494,0
20260810_154114_079,1,Unspecified,2169,2026-08-10T15:59:56.5571292+09:00,2026-08-10T15:59:57.0571292+09:00,1122.478358,1122.978358,30,30,-0.119807,-0.077093,0.000022,0.000228,-0.000011,0.015808,0
20260810_154114_079,1,Unspecified,2170,2026-08-10T15:59:57.0571292+09:00,2026-08-10T15:59:57.5571292+09:00,1122.978358,1123.478358,30,30,-0.118177,-0.073000,0.000003,0.000012,0.000001,0.003869,0
20260810_154114_079,1,Unspecified,2171,2026-08-10T15:59:57.5571292+09:00,2026-08-10T15:59:58.0571292+09:00,1123.478358,1123.978358,30,30,-0.118875,-0.077273,0.000051,0.000419,0.000006,0.021679,0
20260810_154114_079,1,Unspecified,2172,2026-08-10T15:59:58.0571292+09:00,2026-08-10T15:59:58.5571292+09:00,1123.978358,1124.478358,30,30,-0.124704,-0.069212,0.000090,0.001033,-0.000035,0.033513,0
20260810_154114_079,1,Unspecified,2173,2026-08-10T15:59:58.5571292+09:00,2026-08-10T15:59:59.0571292+09:00,1124.478358,1124.978358,30,30,-0.111841,-0.091297,0.000039,0.000104,-0.000015,0.011956,0
20260810_154114_079,1,Unspecified,2174,2026-08-10T15:59:59.0571292+09:00,2026-08-10T15:59:59.5571292+09:00,1124.978358,1125.478358,30,30,-0.113526,-0.085756,0.000003,0.000002,0.000000,0.002154,0
20260810_154114_079,1,Unspecified,2175,2026-08-10T15:59:59.5571292+09:00,2026-08-10T16:00:00.0571292+09:00,1125.478358,1125.978358,30,30,-0.124121,-0.089994,0.000070,0.000749,-0.000068,0.028615,0
20260810_154114_079,1,Unspecified,2176,2026-08-10T16:00:00.0571292+09:00,2026-08-10T16:00:00.5571292+09:00,1125.978358,1126.478358,30,30,-0.111143,-0.099699,0.000036,0.000092,0.000049,0.011322,0
20260810_154114_079,1,Unspecified,2177,2026-08-10T16:00:00.5571292+09:00,2026-08-10T16:00:01.0571292+09:00,1126.478358,1126.978358,30,30,-0.109611,-0.095512,0.000002,0.000002,0.000000,0.001880,0
20260810_154114_079,1,Unspecified,2178,2026-08-10T16:00:01.0571292+09:00,2026-08-10T16:00:01.5571292+09:00,1126.978358,1127.478358,30,30,-0.110129,-0.093232,0.000004,0.000004,0.000001,0.002672,0
20260810_154114_079,1,Unspecified,2179,2026-08-10T16:00:01.5571292+09:00,2026-08-10T16:00:02.0571292+09:00,1127.478358,1127.978358,30,30,-0.112676,-0.104680,0.000057,0.000888,0.000096,0.030747,0
20260810_154114_079,1,Unspecified,2180,2026-08-10T16:00:02.0571292+09:00,2026-08-10T16:00:02.5571292+09:00,1127.978358,1128.478358,30,30,-0.111287,-0.090704,0.000005,0.000011,-0.000001,0.004030,0
20260810_154114_079,1,Unspecified,2181,2026-08-10T16:00:02.5571292+09:00,2026-08-10T16:00:03.0571292+09:00,1128.478358,1128.978358,30,30,-0.103998,-0.095791,0.000040,0.000060,-0.000048,0.010023,0
20260810_154114_079,1,Unspecified,2182,2026-08-10T16:00:03.0571292+09:00,2026-08-10T16:00:03.5571292+09:00,1128.978358,1129.478358,30,30,-0.068156,-0.120665,0.000449,0.000037,-0.000103,0.022050,0
20260810_154114_079,1,Unspecified,2183,2026-08-10T16:00:03.5571292+09:00,2026-08-10T16:00:04.0571292+09:00,1129.478358,1129.978358,30,30,-0.110564,-0.113603,0.000004,0.000002,0.000001,0.002534,0
20260810_154114_079,1,Unspecified,2184,2026-08-10T16:00:04.0571292+09:00,2026-08-10T16:00:04.5571292+09:00,1129.978358,1130.478358,30,30,-0.110265,-0.116072,0.000009,0.000009,0.000006,0.004189,0
20260810_154114_079,1,Unspecified,2185,2026-08-10T16:00:04.5571292+09:00,2026-08-10T16:00:05.0571292+09:00,1130.478358,1130.978358,30,30,-0.112203,-0.120518,0.000002,0.000004,-0.000001,0.002427,0
20260810_154114_079,1,Unspecified,2186,2026-08-10T16:00:05.0571292+09:00,2026-08-10T16:00:05.5571292+09:00,1130.978358,1131.478358,30,30,-0.110459,-0.126476,0.000002,0.000007,0.000002,0.002964,0
20260810_154114_079,1,Unspecified,2187,2026-08-10T16:00:05.5571292+09:00,2026-08-10T16:00:06.0571292+09:00,1131.478358,1131.978358,30,30,-0.121261,-0.117946,0.000226,0.000399,0.000214,0.024996,0
20260810_154114_079,1,Unspecified,2188,2026-08-10T16:00:06.0571292+09:00,2026-08-10T16:00:06.5571292+09:00,1131.978358,1132.478358,30,30,-0.125406,-0.108785,0.000044,0.000015,-0.000018,0.007663,0
20260810_154114_079,1,Unspecified,2189,2026-08-10T16:00:06.5571292+09:00,2026-08-10T16:00:07.0571292+09:00,1132.478358,1132.978358,30,30,-0.109256,-0.115614,0.000003,0.000002,0.000001,0.002366,0
20260810_154114_079,1,Unspecified,2190,2026-08-10T16:00:07.0571292+09:00,2026-08-10T16:00:07.5571292+09:00,1132.978358,1133.478358,30,30,-0.114356,-0.119751,0.000030,0.000031,0.000026,0.007764,0
20260810_154114_079,1,Unspecified,2191,2026-08-10T16:00:07.5571292+09:00,2026-08-10T16:00:08.0571292+09:00,1133.478358,1133.978358,30,30,-0.119963,-0.116054,0.000079,0.001335,0.000009,0.037599,0
20260810_154114_079,1,Unspecified,2192,2026-08-10T16:00:08.0571292+09:00,2026-08-10T16:00:08.5571292+09:00,1133.978358,1134.478358,30,30,-0.103285,-0.105491,0.000002,0.000007,0.000001,0.002951,0
20260810_154114_079,1,Unspecified,2193,2026-08-10T16:00:08.5571292+09:00,2026-08-10T16:00:09.0571292+09:00,1134.478358,1134.978358,30,30,-0.099746,-0.102235,0.000002,0.000003,0.000001,0.002135,0
20260810_154114_079,1,Unspecified,2194,2026-08-10T16:00:09.0571292+09:00,2026-08-10T16:00:09.5571292+09:00,1134.978358,1135.478358,30,30,-0.108044,-0.113344,0.000075,0.000165,0.000103,0.015482,0
20260810_154114_079,1,Unspecified,2195,2026-08-10T16:00:09.5571292+09:00,2026-08-10T16:00:10.0571292+09:00,1135.478358,1135.978358,30,30,-0.117698,-0.098930,0.000242,0.000883,-0.000109,0.033542,0
20260810_154114_079,1,Unspecified,2196,2026-08-10T16:00:10.0571292+09:00,2026-08-10T16:00:10.5571292+09:00,1135.978358,1136.478358,30,30,-0.111877,-0.090114,0.000032,0.000411,-0.000008,0.021047,0
20260810_154114_079,1,Unspecified,2197,2026-08-10T16:00:10.5571292+09:00,2026-08-10T16:00:11.0571292+09:00,1136.478358,1136.978358,30,30,-0.107947,-0.100256,0.000015,0.000034,0.000015,0.007019,0
20260810_154114_079,1,Unspecified,2198,2026-08-10T16:00:11.0571292+09:00,2026-08-10T16:00:11.5571292+09:00,1136.978358,1137.478358,30,30,-0.106396,-0.098211,0.000003,0.000002,0.000000,0.002149,0
20260810_154114_079,1,Unspecified,2199,2026-08-10T16:00:11.5571292+09:00,2026-08-10T16:00:12.0571292+09:00,1137.478358,1137.978358,30,30,-0.125432,-0.098124,0.000168,0.001111,-0.000166,0.035758,0
20260810_154114_079,1,Unspecified,2200,2026-08-10T16:00:12.0571292+09:00,2026-08-10T16:00:12.5571292+09:00,1137.978358,1138.478358,30,30,-0.107791,-0.097726,0.000113,0.000252,0.000149,0.019102,0
20260810_154114_079,1,Unspecified,2201,2026-08-10T16:00:12.5571292+09:00,2026-08-10T16:00:13.0571292+09:00,1138.478358,1138.978358,30,30,-0.107496,-0.093410,0.000039,0.000014,0.000008,0.007249,0
20260810_154114_079,1,Unspecified,2202,2026-08-10T16:00:13.0571292+09:00,2026-08-10T16:00:13.5571292+09:00,1138.978358,1139.478358,30,30,-0.101280,-0.090059,0.000103,0.000688,-0.000143,0.028122,0
20260810_154114_079,1,Unspecified,2203,2026-08-10T16:00:13.5571292+09:00,2026-08-10T16:00:14.0571292+09:00,1139.478358,1139.978358,30,30,-0.119375,-0.091910,0.000091,0.000660,-0.000115,0.027408,0
20260810_154114_079,1,Unspecified,2204,2026-08-10T16:00:14.0571292+09:00,2026-08-10T16:00:14.5571292+09:00,1139.978358,1140.478358,30,30,-0.116624,-0.087892,0.000004,0.000008,-0.000003,0.003379,0
20260810_154114_079,1,Unspecified,2205,2026-08-10T16:00:14.5571292+09:00,2026-08-10T16:00:15.0571292+09:00,1140.478358,1140.978358,30,30,-0.122420,-0.088499,0.000109,0.000988,-0.000202,0.033120,0
20260810_154114_079,1,Unspecified,2206,2026-08-10T16:00:15.0571292+09:00,2026-08-10T16:00:15.5571292+09:00,1140.978358,1141.478358,30,30,-0.113653,-0.092580,0.000003,0.000002,0.000001,0.002262,0
20260810_154114_079,1,Unspecified,2207,2026-08-10T16:00:15.5571292+09:00,2026-08-10T16:00:16.0571292+09:00,1141.478358,1141.978358,30,30,-0.121246,-0.089587,0.000133,0.001019,-0.000210,0.033943,0
20260810_154114_079,1,Unspecified,2208,2026-08-10T16:00:16.0571292+09:00,2026-08-10T16:00:16.5571292+09:00,1141.978358,1142.478358,30,30,-0.115609,-0.099303,0.000003,0.000002,0.000000,0.002132,0
20260810_154114_079,1,Unspecified,2209,2026-08-10T16:00:16.5571292+09:00,2026-08-10T16:00:17.0571292+09:00,1142.478358,1142.978358,30,30,-0.115602,-0.102092,0.000003,0.000007,0.000003,0.003145,0
20260810_154114_079,1,Unspecified,2210,2026-08-10T16:00:17.0571292+09:00,2026-08-10T16:00:17.5571292+09:00,1142.978358,1143.478358,30,30,-0.116566,-0.106275,0.000001,0.000003,0.000000,0.002002,0
20260810_154114_079,1,Unspecified,2211,2026-08-10T16:00:17.5571292+09:00,2026-08-10T16:00:18.0571292+09:00,1143.478358,1143.978358,30,30,-0.114856,-0.109828,0.000054,0.000676,0.000123,0.027015,0
20260810_154114_079,1,Unspecified,2212,2026-08-10T16:00:18.0571292+09:00,2026-08-10T16:00:18.5571292+09:00,1143.978358,1144.478358,30,30,-0.105911,-0.106770,0.000002,0.000003,0.000001,0.002345,0
20260810_154114_079,1,Unspecified,2213,2026-08-10T16:00:18.5571292+09:00,2026-08-10T16:00:19.0571292+09:00,1144.478358,1144.978358,30,30,-0.104241,-0.105762,0.000005,0.000002,0.000000,0.002600,0
20260810_154114_079,1,Unspecified,2214,2026-08-10T16:00:19.0571292+09:00,2026-08-10T16:00:19.5571292+09:00,1144.978358,1145.478358,30,30,-0.104723,-0.109080,0.000001,0.000003,0.000000,0.002074,0
20260810_154114_079,1,Unspecified,2215,2026-08-10T16:00:19.5571292+09:00,2026-08-10T16:00:20.0571292+09:00,1145.478358,1145.978358,30,30,-0.106960,-0.111426,0.000012,0.000010,0.000010,0.004735,0
20260810_154114_079,1,Unspecified,2216,2026-08-10T16:00:20.0571292+09:00,2026-08-10T16:00:20.5571292+09:00,1145.978358,1146.478358,30,30,-0.114111,-0.109344,0.000203,0.000765,-0.000227,0.031113,0
20260810_154114_079,1,Unspecified,2217,2026-08-10T16:00:20.5571292+09:00,2026-08-10T16:00:21.0571292+09:00,1146.478358,1146.978358,30,30,-0.103051,-0.106085,0.000002,0.000003,0.000000,0.002205,0
20260810_154114_079,1,Unspecified,2218,2026-08-10T16:00:21.0571292+09:00,2026-08-10T16:00:21.5571292+09:00,1146.978358,1147.478358,30,30,-0.103477,-0.105033,0.000003,0.000003,0.000000,0.002460,0
20260810_154114_079,1,Unspecified,2219,2026-08-10T16:00:21.5571292+09:00,2026-08-10T16:00:22.0571292+09:00,1147.478358,1147.978358,30,30,-0.112686,-0.090525,0.000150,0.001549,-0.000146,0.041226,0
20260810_154114_079,1,Unspecified,2220,2026-08-10T16:00:22.0571292+09:00,2026-08-10T16:00:22.5571292+09:00,1147.978358,1148.478358,30,30,-0.113235,-0.110854,0.000012,0.000045,0.000013,0.007514,0
20260810_154114_079,1,Unspecified,2221,2026-08-10T16:00:22.5571292+09:00,2026-08-10T16:00:23.0571292+09:00,1148.478358,1148.978358,30,30,-0.113848,-0.108053,0.000004,0.000006,0.000001,0.003100,0
20260810_154114_079,1,Unspecified,2222,2026-08-10T16:00:23.0571292+09:00,2026-08-10T16:00:23.5571292+09:00,1148.978358,1149.478358,30,30,-0.113952,-0.111337,0.000002,0.000004,0.000001,0.002517,0
20260810_154114_079,1,Unspecified,2223,2026-08-10T16:00:23.5571292+09:00,2026-08-10T16:00:24.0571292+09:00,1149.478358,1149.978358,30,30,-0.115937,-0.122919,0.000013,0.000133,-0.000014,0.012105,0
20260810_154114_079,1,Unspecified,2224,2026-08-10T16:00:24.0571292+09:00,2026-08-10T16:00:24.5571292+09:00,1149.978358,1150.478358,30,30,-0.125823,-0.092595,0.000301,0.002049,-0.000350,0.048472,0
20260810_154114_079,1,Unspecified,2225,2026-08-10T16:00:24.5571292+09:00,2026-08-10T16:00:25.0571292+09:00,1150.478358,1150.978358,30,30,-0.095860,-0.089983,0.000076,0.000044,-0.000051,0.010988,0
20260810_154114_079,1,Unspecified,2226,2026-08-10T16:00:25.0571292+09:00,2026-08-10T16:00:25.5571292+09:00,1150.978358,1151.478358,30,30,-0.089033,-0.092958,0.000002,0.000001,0.000000,0.001728,0
20260810_154114_079,1,Unspecified,2227,2026-08-10T16:00:25.5571292+09:00,2026-08-10T16:00:26.0571292+09:00,1151.478358,1151.978358,30,30,-0.092724,-0.087899,0.000050,0.000425,-0.000009,0.021810,0
20260810_154114_079,1,Unspecified,2228,2026-08-10T16:00:26.0571292+09:00,2026-08-10T16:00:26.5571292+09:00,1151.978358,1152.478358,30,30,-0.096008,-0.077706,0.000099,0.001002,-0.000206,0.033187,0
20260810_154114_079,1,Unspecified,2229,2026-08-10T16:00:26.5571292+09:00,2026-08-10T16:00:27.0571292+09:00,1152.478358,1152.978358,30,30,-0.092292,-0.079935,0.000004,0.000004,-0.000002,0.002804,0
20260810_154114_079,1,Unspecified,2230,2026-08-10T16:00:27.0571292+09:00,2026-08-10T16:00:27.5571292+09:00,1152.978358,1153.478358,30,30,-0.094498,-0.081612,0.000008,0.000055,0.000011,0.007920,0
20260810_154114_079,1,Unspecified,2231,2026-08-10T16:00:27.5571292+09:00,2026-08-10T16:00:28.0571292+09:00,1153.478358,1153.978358,30,30,-0.101006,-0.095189,0.000076,0.000698,-0.000029,0.027821,0
20260810_154114_079,1,Unspecified,2232,2026-08-10T16:00:28.0571292+09:00,2026-08-10T16:00:28.5571292+09:00,1153.978358,1154.478358,30,30,-0.103242,-0.090181,0.000157,0.001254,-0.000196,0.037559,0
20260810_154114_079,1,Unspecified,2233,2026-08-10T16:00:28.5571292+09:00,2026-08-10T16:00:29.0571292+09:00,1154.478358,1154.978358,30,30,-0.091073,-0.085366,0.000006,0.000004,0.000002,0.003075,0
20260810_154114_079,1,Unspecified,2234,2026-08-10T16:00:29.0571292+09:00,2026-08-10T16:00:29.5571292+09:00,1154.978358,1155.478358,30,30,-0.093214,-0.086270,0.000005,0.000003,0.000000,0.002750,0
20260810_154114_079,1,Unspecified,2235,2026-08-10T16:00:29.5571292+09:00,2026-08-10T16:00:30.0571292+09:00,1155.478358,1155.978358,30,30,-0.117895,-0.080188,0.000107,0.000659,-0.000050,0.027680,0
20260810_154114_079,1,Unspecified,2236,2026-08-10T16:00:30.0571292+09:00,2026-08-10T16:00:30.5571292+09:00,1155.978358,1156.478358,30,30,-0.110003,-0.085644,0.000142,0.000791,-0.000168,0.030550,0
20260810_154114_079,1,Unspecified,2237,2026-08-10T16:00:30.5571292+09:00,2026-08-10T16:00:31.0571292+09:00,1156.478358,1156.978358,30,30,-0.101481,-0.079581,0.000003,0.000003,-0.000002,0.002457,0
20260810_154114_079,1,Unspecified,2238,2026-08-10T16:00:31.0571292+09:00,2026-08-10T16:00:31.5571292+09:00,1156.978358,1157.478358,31,31,-0.101478,-0.079230,0.000003,0.000009,-0.000003,0.003491,0
20260810_154114_079,1,Unspecified,2239,2026-08-10T16:00:31.5571292+09:00,2026-08-10T16:00:32.0571292+09:00,1157.478358,1157.978358,29,29,-0.106242,-0.091220,0.000061,0.000448,0.000033,0.022557,0
20260810_154114_079,1,Unspecified,2240,2026-08-10T16:00:32.0571292+09:00,2026-08-10T16:00:32.5571292+09:00,1157.978358,1158.478358,30,30,-0.105575,-0.065639,0.000194,0.000560,-0.000253,0.027474,0
20260810_154114_079,1,Unspecified,2241,2026-08-10T16:00:32.5571292+09:00,2026-08-10T16:00:33.0571292+09:00,1158.478358,1158.978358,30,30,-0.112379,-0.080437,0.000086,0.000712,-0.000049,0.028259,0
20260810_154114_079,1,Unspecified,2242,2026-08-10T16:00:33.0571292+09:00,2026-08-10T16:00:33.5571292+09:00,1158.978358,1159.478358,30,30,-0.108631,-0.076968,0.000004,0.000002,-0.000001,0.002537,0
20260810_154114_079,1,Unspecified,2243,2026-08-10T16:00:33.5571292+09:00,2026-08-10T16:00:34.0571292+09:00,1159.478358,1159.978358,30,30,-0.103696,-0.087174,0.000049,0.000346,-0.000065,0.019882,0
20260810_154114_079,1,Unspecified,2244,2026-08-10T16:00:34.0571292+09:00,2026-08-10T16:00:34.5571292+09:00,1159.978358,1160.478358,30,30,-0.108633,-0.081533,0.000268,0.000857,-0.000283,0.033545,0
20260810_154114_079,1,Unspecified,2245,2026-08-10T16:00:34.5571292+09:00,2026-08-10T16:00:35.0571292+09:00,1160.478358,1160.978358,30,30,-0.104187,-0.098984,0.000068,0.000177,0.000034,0.015650,0
20260810_154114_079,1,Unspecified,2246,2026-08-10T16:00:35.0571292+09:00,2026-08-10T16:00:35.5571292+09:00,1160.978358,1161.478358,30,30,-0.096211,-0.097893,0.000004,0.000003,0.000001,0.002613,0
20260810_154114_079,1,Unspecified,2247,2026-08-10T16:00:35.5571292+09:00,2026-08-10T16:00:36.0571292+09:00,1161.478358,1161.978358,30,30,-0.100832,-0.102076,0.000104,0.000598,-0.000064,0.026493,0
20260810_154114_079,1,Unspecified,2248,2026-08-10T16:00:36.0571292+09:00,2026-08-10T16:00:36.5571292+09:00,1161.978358,1162.478358,30,30,-0.103088,-0.104467,0.000185,0.000028,0.000067,0.014584,0
20260810_154114_079,1,Unspecified,2249,2026-08-10T16:00:36.5571292+09:00,2026-08-10T16:00:37.0571292+09:00,1162.478358,1162.978358,31,31,-0.113803,-0.101618,0.000072,0.000695,-0.000004,0.027702,0
20260810_154114_079,1,Unspecified,2250,2026-08-10T16:00:37.0571292+09:00,2026-08-10T16:00:37.5571292+09:00,1162.978358,1163.478358,29,29,-0.109634,-0.080594,0.000004,0.000012,-0.000005,0.003931,0
20260810_154114_079,1,Unspecified,2251,2026-08-10T16:00:37.5571292+09:00,2026-08-10T16:00:38.0571292+09:00,1163.478358,1163.978358,30,30,-0.104898,-0.080434,0.000171,0.000895,-0.000263,0.032645,0
20260810_154114_079,1,Unspecified,2252,2026-08-10T16:00:38.0571292+09:00,2026-08-10T16:00:38.5571292+09:00,1163.978358,1164.478358,30,30,-0.100797,-0.079924,0.000093,0.000445,-0.000200,0.023181,0
20260810_154114_079,1,Unspecified,2253,2026-08-10T16:00:38.5571292+09:00,2026-08-10T16:00:39.0571292+09:00,1164.478358,1164.978358,30,30,-0.109198,-0.078160,0.000050,0.000558,-0.000116,0.024670,0
20260810_154114_079,1,Unspecified,2254,2026-08-10T16:00:39.0571292+09:00,2026-08-10T16:00:39.5571292+09:00,1164.978358,1165.478358,30,30,-0.109004,-0.086704,0.000012,0.000077,0.000001,0.009434,0
20260810_154114_079,1,Unspecified,2255,2026-08-10T16:00:39.5571292+09:00,2026-08-10T16:00:40.0571292+09:00,1165.478358,1165.978358,30,30,-0.118764,-0.087756,0.000230,0.001246,-0.000314,0.038427,0
20260810_154114_079,1,Unspecified,2256,2026-08-10T16:00:40.0571292+09:00,2026-08-10T16:00:40.5571292+09:00,1165.978358,1166.478358,30,30,-0.106123,-0.089163,0.000163,0.000487,-0.000158,0.025499,0
20260810_154114_079,1,Unspecified,2257,2026-08-10T16:00:40.5571292+09:00,2026-08-10T16:00:41.0571292+09:00,1166.478358,1166.978358,30,30,-0.106325,-0.080581,0.000059,0.001403,-0.000126,0.038235,0
20260810_154114_079,1,Unspecified,2258,2026-08-10T16:00:41.0571292+09:00,2026-08-10T16:00:41.5571292+09:00,1166.978358,1167.478358,30,30,-0.104196,-0.089693,0.000004,0.000008,-0.000001,0.003509,0
20260810_154114_079,1,Unspecified,2259,2026-08-10T16:00:41.5571292+09:00,2026-08-10T16:00:42.0571292+09:00,1167.478358,1167.978358,30,30,-0.119771,-0.086964,0.000167,0.000360,-0.000111,0.022969,0
20260810_154114_079,1,Unspecified,2260,2026-08-10T16:00:42.0571292+09:00,2026-08-10T16:00:42.5571292+09:00,1167.978358,1168.478358,30,30,-0.109103,-0.082819,0.000049,0.000303,-0.000111,0.018757,0
20260810_154114_079,1,Unspecified,2261,2026-08-10T16:00:42.5571292+09:00,2026-08-10T16:00:43.0571292+09:00,1168.478358,1168.978358,30,30,-0.117451,-0.089174,0.000069,0.000296,-0.000023,0.019103,0
20260810_154114_079,1,Unspecified,2262,2026-08-10T16:00:43.0571292+09:00,2026-08-10T16:00:43.5571292+09:00,1168.978358,1169.478358,30,30,-0.108719,-0.089209,0.000014,0.000016,-0.000013,0.005540,0
20260810_154114_079,1,Unspecified,2263,2026-08-10T16:00:43.5571292+09:00,2026-08-10T16:00:44.0571292+09:00,1169.478358,1169.978358,30,30,-0.108874,-0.086346,0.000209,0.000595,-0.000254,0.028355,0
20260810_154114_079,1,Unspecified,2264,2026-08-10T16:00:44.0571292+09:00,2026-08-10T16:00:44.5571292+09:00,1169.978358,1170.478358,30,30,-0.108663,-0.086632,0.000163,0.000886,-0.000276,0.032393,0
20260810_154114_079,1,Unspecified,2265,2026-08-10T16:00:44.5571292+09:00,2026-08-10T16:00:45.0571292+09:00,1170.478358,1170.978358,30,30,-0.101867,-0.088040,0.000003,0.000005,-0.000001,0.002891,0
20260810_154114_079,1,Unspecified,2266,2026-08-10T16:00:45.0571292+09:00,2026-08-10T16:00:45.5571292+09:00,1170.978358,1171.478358,30,30,-0.099398,-0.087442,0.000006,0.000005,-0.000002,0.003412,0
20260810_154114_079,1,Unspecified,2267,2026-08-10T16:00:45.5571292+09:00,2026-08-10T16:00:46.0571292+09:00,1171.478358,1171.978358,30,30,-0.119971,-0.083682,0.000252,0.001743,-0.000420,0.044657,0
20260810_154114_079,1,Unspecified,2268,2026-08-10T16:00:46.0571292+09:00,2026-08-10T16:00:46.5571292+09:00,1171.978358,1172.478358,30,30,-0.122284,-0.084911,0.000056,0.001003,-0.000140,0.032550,0
20260810_154114_079,1,Unspecified,2269,2026-08-10T16:00:46.5571292+09:00,2026-08-10T16:00:47.0571292+09:00,1172.478358,1172.978358,30,30,-0.104679,-0.096315,0.000074,0.000074,-0.000070,0.012148,0
20260810_154114_079,1,Unspecified,2270,2026-08-10T16:00:47.0571292+09:00,2026-08-10T16:00:47.5571292+09:00,1172.978358,1173.478358,30,30,-0.104241,-0.092748,0.000122,0.000562,-0.000199,0.026146,0
20260810_154114_079,1,Unspecified,2271,2026-08-10T16:00:47.5571292+09:00,2026-08-10T16:00:48.0571292+09:00,1173.478358,1173.978358,30,30,-0.120948,-0.099385,0.000112,0.000140,-0.000033,0.015886,0
20260810_154114_079,1,Unspecified,2272,2026-08-10T16:00:48.0571292+09:00,2026-08-10T16:00:48.5571292+09:00,1173.978358,1174.478358,30,30,-0.109114,-0.101208,0.000085,0.000019,-0.000037,0.010190,0
20260810_154114_079,1,Unspecified,2273,2026-08-10T16:00:48.5571292+09:00,2026-08-10T16:00:49.0571292+09:00,1174.478358,1174.978358,30,30,-0.097686,-0.104709,0.000453,0.000945,-0.000619,0.037383,0
20260810_154114_079,1,Unspecified,2274,2026-08-10T16:00:49.0571292+09:00,2026-08-10T16:00:49.5571292+09:00,1174.978358,1175.478358,30,30,-0.096343,-0.106080,0.000041,0.000228,0.000071,0.016409,0
20260810_154114_079,1,Unspecified,2275,2026-08-10T16:00:49.5571292+09:00,2026-08-10T16:00:50.0571292+09:00,1175.478358,1175.978358,30,30,-0.108433,-0.080066,0.000339,0.000821,-0.000458,0.034063,0
20260810_154114_079,1,Unspecified,2276,2026-08-10T16:00:50.0571292+09:00,2026-08-10T16:00:50.5571292+09:00,1175.978358,1176.478358,30,30,-0.103728,-0.081129,0.000003,0.000012,-0.000001,0.003794,0
20260810_154114_079,1,Unspecified,2277,2026-08-10T16:00:50.5571292+09:00,2026-08-10T16:00:51.0571292+09:00,1176.478358,1176.978358,30,30,-0.100035,-0.084148,0.000002,0.000006,0.000001,0.002864,0
20260810_154114_079,1,Unspecified,2278,2026-08-10T16:00:51.0571292+09:00,2026-08-10T16:00:51.5571292+09:00,1176.978358,1177.478358,30,30,-0.099566,-0.085160,0.000003,0.000049,0.000001,0.007238,0
20260810_154114_079,1,Unspecified,2279,2026-08-10T16:00:51.5571292+09:00,2026-08-10T16:00:52.0571292+09:00,1177.478358,1177.978358,30,30,-0.111941,-0.085882,0.000036,0.000490,0.000005,0.022932,0
20260810_154114_079,1,Unspecified,2280,2026-08-10T16:00:52.0571292+09:00,2026-08-10T16:00:52.5571292+09:00,1177.978358,1178.478358,30,30,-0.109301,-0.065911,0.000334,0.001032,-0.000416,0.036957,0
20260810_154114_079,1,Unspecified,2281,2026-08-10T16:00:52.5571292+09:00,2026-08-10T16:00:53.0571292+09:00,1178.478358,1178.978358,30,30,-0.116652,-0.096865,0.000066,0.000617,0.000121,0.026133,0
20260810_154114_079,1,Unspecified,2282,2026-08-10T16:00:53.0571292+09:00,2026-08-10T16:00:53.5571292+09:00,1178.978358,1179.478358,30,30,-0.115540,-0.089494,0.000007,0.000005,-0.000003,0.003549,0
20260810_154114_079,1,Unspecified,2283,2026-08-10T16:00:53.5571292+09:00,2026-08-10T16:00:54.0571292+09:00,1179.478358,1179.978358,31,31,-0.109955,-0.093907,0.000015,0.000001,0.000001,0.003927,0
20260810_154114_079,1,Unspecified,2284,2026-08-10T16:00:54.0571292+09:00,2026-08-10T16:00:54.5571292+09:00,1179.978358,1180.478358,29,29,-0.120586,-0.097865,0.000082,0.000224,0.000036,0.017483,0
20260810_154114_079,1,Unspecified,2285,2026-08-10T16:00:54.5571292+09:00,2026-08-10T16:00:55.0571292+09:00,1180.478358,1180.978358,30,30,-0.118677,-0.090595,0.000021,0.000008,-0.000006,0.005440,0
20260810_154114_079,1,Unspecified,2286,2026-08-10T16:00:55.0571292+09:00,2026-08-10T16:00:55.5571292+09:00,1180.978358,1181.478358,30,30,-0.102106,-0.095225,0.000006,0.000004,-0.000002,0.003174,0
20260810_154114_079,1,Unspecified,2287,2026-08-10T16:00:55.5571292+09:00,2026-08-10T16:00:56.0571292+09:00,1181.478358,1181.978358,30,30,-0.097470,-0.103178,0.000047,0.000230,0.000009,0.016655,0
20260810_154114_079,1,Unspecified,2288,2026-08-10T16:00:56.0571292+09:00,2026-08-10T16:00:56.5571292+09:00,1181.978358,1182.478358,30,30,-0.103593,-0.087930,0.000030,0.000623,-0.000001,0.025541,0
20260810_154114_079,1,Unspecified,2289,2026-08-10T16:00:56.5571292+09:00,2026-08-10T16:00:57.0571292+09:00,1182.478358,1182.978358,30,30,-0.101949,-0.085153,0.000029,0.000578,0.000028,0.024640,0
20260810_154114_079,1,Unspecified,2290,2026-08-10T16:00:57.0571292+09:00,2026-08-10T16:00:57.5571292+09:00,1182.978358,1183.478358,30,30,-0.099300,-0.089214,0.000013,0.000029,0.000016,0.006532,0
20260810_154114_079,1,Unspecified,2291,2026-08-10T16:00:57.5571292+09:00,2026-08-10T16:00:58.0571292+09:00,1183.478358,1183.978358,30,30,-0.114578,-0.093093,0.000131,0.001163,-0.000163,0.035972,0
20260810_154114_079,1,Unspecified,2292,2026-08-10T16:00:58.0571292+09:00,2026-08-10T16:00:58.5571292+09:00,1183.978358,1184.478358,30,30,-0.105420,-0.090998,0.000042,0.000402,0.000059,0.021063,0
20260810_154114_079,1,Unspecified,2293,2026-08-10T16:00:58.5571292+09:00,2026-08-10T16:00:59.0571292+09:00,1184.478358,1184.978358,30,30,-0.084880,-0.094346,0.000230,0.000013,-0.000017,0.015572,0
20260810_154114_079,1,Unspecified,2294,2026-08-10T16:00:59.0571292+09:00,2026-08-10T16:00:59.5571292+09:00,1184.978358,1185.478358,30,30,-0.112232,-0.098406,0.000012,0.000125,0.000033,0.011706,0
20260810_154114_079,1,Unspecified,2295,2026-08-10T16:00:59.5571292+09:00,2026-08-10T16:01:00.0571292+09:00,1185.478358,1185.978358,30,30,-0.111919,-0.093125,0.000153,0.001391,-0.000282,0.039292,0
20260810_154114_079,1,Unspecified,2296,2026-08-10T16:01:00.0571292+09:00,2026-08-10T16:01:00.5571292+09:00,1185.978358,1186.478358,30,30,-0.107652,-0.082612,0.000004,0.000666,-0.000001,0.025884,0
20260810_154114_079,1,Unspecified,2297,2026-08-10T16:01:00.5571292+09:00,2026-08-10T16:01:01.0571292+09:00,1186.478358,1186.978358,30,30,-0.102876,-0.108868,0.000005,0.000022,0.000009,0.005203,0
20260810_154114_079,1,Unspecified,2298,2026-08-10T16:01:01.0571292+09:00,2026-08-10T16:01:01.5571292+09:00,1186.978358,1187.478358,30,30,-0.104726,-0.090040,0.000003,0.000017,0.000002,0.004426,0
20260810_154114_079,1,Unspecified,2299,2026-08-10T16:01:01.5571292+09:00,2026-08-10T16:01:02.0571292+09:00,1187.478358,1187.978358,30,30,-0.110463,-0.085691,0.000171,0.000687,-0.000244,0.029293,0
20260810_154114_079,1,Unspecified,2300,2026-08-10T16:01:02.0571292+09:00,2026-08-10T16:01:02.5571292+09:00,1187.978358,1188.478358,30,30,-0.093585,-0.087097,0.000080,0.000617,-0.000105,0.026398,0
20260810_154114_079,1,Unspecified,2301,2026-08-10T16:01:02.5571292+09:00,2026-08-10T16:01:03.0571292+09:00,1188.478358,1188.978358,30,30,-0.107788,-0.087344,0.000030,0.000449,0.000008,0.021887,0
20260810_154114_079,1,Unspecified,2302,2026-08-10T16:01:03.0571292+09:00,2026-08-10T16:01:03.5571292+09:00,1188.978358,1189.478358,30,30,-0.107719,-0.087523,0.000005,0.000011,-0.000001,0.004010,0
20260810_154114_079,1,Unspecified,2303,2026-08-10T16:01:03.5571292+09:00,2026-08-10T16:01:04.0571292+09:00,1189.478358,1189.978358,30,30,-0.115897,-0.080468,0.000243,0.001383,-0.000412,0.040321,0
20260810_154114_079,1,Unspecified,2304,2026-08-10T16:01:04.0571292+09:00,2026-08-10T16:01:04.5571292+09:00,1189.978358,1190.478358,30,30,-0.106101,-0.085373,0.000116,0.001209,-0.000096,0.036401,0
20260810_154114_079,1,Unspecified,2305,2026-08-10T16:01:04.5571292+09:00,2026-08-10T16:01:05.0571292+09:00,1190.478358,1190.978358,30,30,-0.106524,-0.086066,0.000191,0.000249,-0.000184,0.020989,0
20260810_154114_079,1,Unspecified,2306,2026-08-10T16:01:05.0571292+09:00,2026-08-10T16:01:05.5571292+09:00,1190.978358,1191.478358,30,30,-0.107074,-0.093259,0.000033,0.000026,0.000025,0.007686,0
20260810_154114_079,1,Unspecified,2307,2026-08-10T16:01:05.5571292+09:00,2026-08-10T16:01:06.0571292+09:00,1191.478358,1191.978358,30,30,-0.113391,-0.084402,0.000114,0.000709,-0.000148,0.028692,0
20260810_154114_079,1,Unspecified,2308,2026-08-10T16:01:06.0571292+09:00,2026-08-10T16:01:06.5571292+09:00,1191.978358,1192.478358,30,30,-0.105654,-0.084814,0.000058,0.000577,-0.000091,0.025194,0
20260810_154114_079,1,Unspecified,2309,2026-08-10T16:01:06.5571292+09:00,2026-08-10T16:01:07.0571292+09:00,1192.478358,1192.978358,30,30,-0.109934,-0.093653,0.000060,0.000118,0.000063,0.013346,0
20260810_154114_079,1,Unspecified,2310,2026-08-10T16:01:07.0571292+09:00,2026-08-10T16:01:07.5571292+09:00,1192.978358,1193.478358,30,30,-0.108722,-0.077505,0.000003,0.000006,-0.000001,0.002949,0
20260810_154114_079,1,Unspecified,2311,2026-08-10T16:01:07.5571292+09:00,2026-08-10T16:01:08.0571292+09:00,1193.478358,1193.978358,30,30,-0.126542,-0.058132,0.000136,0.002130,-0.000193,0.047603,0
20260810_154114_079,1,Unspecified,2312,2026-08-10T16:01:08.0571292+09:00,2026-08-10T16:01:08.5571292+09:00,1193.978358,1194.478358,30,30,-0.111388,-0.089586,0.000098,0.000623,-0.000081,0.026853,0
20260810_154114_079,1,Unspecified,2313,2026-08-10T16:01:08.5571292+09:00,2026-08-10T16:01:09.0571292+09:00,1194.478358,1194.978358,30,30,-0.107384,-0.089965,0.000005,0.000003,0.000001,0.002814,0
20260810_154114_079,1,Unspecified,2314,2026-08-10T16:01:09.0571292+09:00,2026-08-10T16:01:09.5571292+09:00,1194.978358,1195.478358,30,30,-0.105663,-0.090585,0.000003,0.000003,0.000000,0.002484,0
20260810_154114_079,1,Unspecified,2315,2026-08-10T16:01:09.5571292+09:00,2026-08-10T16:01:10.0571292+09:00,1195.478358,1195.978358,30,30,-0.117371,-0.075562,0.000045,0.000416,-0.000065,0.021465,0
20260810_154114_079,1,Unspecified,2316,2026-08-10T16:01:10.0571292+09:00,2026-08-10T16:01:10.5571292+09:00,1195.978358,1196.478358,30,30,-0.108727,-0.074800,0.000262,0.001608,-0.000348,0.043241,0
20260810_154114_079,1,Unspecified,2317,2026-08-10T16:01:10.5571292+09:00,2026-08-10T16:01:11.0571292+09:00,1196.478358,1196.978358,31,31,-0.103187,-0.093534,0.000006,0.000043,0.000010,0.007018,0
20260810_154114_079,1,Unspecified,2318,2026-08-10T16:01:11.0571292+09:00,2026-08-10T16:01:11.5571292+09:00,1196.978358,1197.478358,29,29,-0.102405,-0.093204,0.000008,0.000004,0.000004,0.003465,0
20260810_154114_079,1,Unspecified,2319,2026-08-10T16:01:11.5571292+09:00,2026-08-10T16:01:12.0571292+09:00,1197.478358,1197.978358,30,30,-0.114784,-0.082729,0.000062,0.000530,-0.000053,0.024344,0
20260810_154114_079,1,Unspecified,2320,2026-08-10T16:01:12.0571292+09:00,2026-08-10T16:01:12.5571292+09:00,1197.978358,1198.478358,30,30,-0.112402,-0.083138,0.000138,0.001013,-0.000188,0.033923,0
20260810_154114_079,1,Unspecified,2321,2026-08-10T16:01:12.5571292+09:00,2026-08-10T16:01:13.0571292+09:00,1198.478358,1198.978358,30,30,-0.100175,-0.092451,0.000004,0.000007,0.000002,0.003369,0
20260810_154114_079,1,Unspecified,2322,2026-08-10T16:01:13.0571292+09:00,2026-08-10T16:01:13.5571292+09:00,1198.978358,1199.478358,30,30,-0.102239,-0.083474,0.000046,0.000333,-0.000087,0.019476,0
20260810_154114_079,1,Unspecified,2323,2026-08-10T16:01:13.5571292+09:00,2026-08-10T16:01:14.0571292+09:00,1199.478358,1199.978358,30,30,-0.112891,-0.098391,0.000155,0.001154,0.000090,0.036181,0
20260810_154114_079,1,Unspecified,2324,2026-08-10T16:01:14.0571292+09:00,2026-08-10T16:01:14.5571292+09:00,1199.978358,1200.478358,30,30,-0.108911,-0.091292,0.000124,0.000434,-0.000086,0.023633,0
20260810_154114_079,1,Unspecified,2325,2026-08-10T16:01:14.5571292+09:00,2026-08-10T16:01:15.0571292+09:00,1200.478358,1200.978358,30,30,-0.109605,-0.091890,0.000113,0.000870,-0.000116,0.031357,0
20260810_154114_079,1,Unspecified,2326,2026-08-10T16:01:15.0571292+09:00,2026-08-10T16:01:15.5571292+09:00,1200.978358,1201.478358,30,30,-0.106421,-0.092975,0.000013,0.000287,-0.000029,0.017332,0
20260810_154114_079,1,Unspecified,2327,2026-08-10T16:01:15.5571292+09:00,2026-08-10T16:01:16.0571292+09:00,1201.478358,1201.978358,30,30,-0.107544,-0.059604,0.000128,0.002658,0.000048,0.052784,0
20260810_154114_079,1,Unspecified,2328,2026-08-10T16:01:16.0571292+09:00,2026-08-10T16:01:16.5571292+09:00,1201.978358,1202.478358,30,30,-0.107666,-0.090667,0.000097,0.001186,-0.000189,0.035823,0
20260810_154114_079,1,Unspecified,2329,2026-08-10T16:01:16.5571292+09:00,2026-08-10T16:01:17.0571292+09:00,1202.478358,1202.978358,30,30,-0.100731,-0.092415,0.000002,0.000002,0.000000,0.002079,0
20260810_154114_079,1,Unspecified,2330,2026-08-10T16:01:17.0571292+09:00,2026-08-10T16:01:17.5571292+09:00,1202.978358,1203.478358,30,30,-0.102419,-0.091528,0.000003,0.000002,0.000002,0.002359,0
20260810_154114_079,1,Unspecified,2331,2026-08-10T16:01:17.5571292+09:00,2026-08-10T16:01:18.0571292+09:00,1203.478358,1203.978358,31,31,-0.107960,-0.092807,0.000063,0.000695,-0.000085,0.027529,0
20260810_154114_079,1,Unspecified,2332,2026-08-10T16:01:18.0571292+09:00,2026-08-10T16:01:18.5571292+09:00,1203.978358,1204.478358,29,29,-0.105702,-0.098185,0.000046,0.000514,0.000006,0.023672,0
20260810_154114_079,1,Unspecified,2333,2026-08-10T16:01:18.5571292+09:00,2026-08-10T16:01:19.0571292+09:00,1204.478358,1204.978358,30,30,-0.101871,-0.101418,0.000104,0.000140,0.000035,0.015612,0
20260810_154114_079,1,Unspecified,2334,2026-08-10T16:01:19.0571292+09:00,2026-08-10T16:01:19.5571292+09:00,1204.978358,1205.478358,30,30,-0.093777,-0.093998,0.000004,0.000006,0.000000,0.003013,0
20260810_154114_079,1,Unspecified,2335,2026-08-10T16:01:19.5571292+09:00,2026-08-10T16:01:20.0571292+09:00,1205.478358,1205.978358,30,30,-0.102022,-0.101057,0.000123,0.000848,-0.000080,0.031152,0
20260810_154114_079,1,Unspecified,2336,2026-08-10T16:01:20.0571292+09:00,2026-08-10T16:01:20.5571292+09:00,1205.978358,1206.478358,30,30,-0.106833,-0.095190,0.000158,0.000338,0.000030,0.022289,0
20260810_154114_079,1,Unspecified,2337,2026-08-10T16:01:20.5571292+09:00,2026-08-10T16:01:21.0571292+09:00,1206.478358,1206.978358,30,30,-0.108892,-0.091870,0.000281,0.001119,-0.000423,0.037407,0
20260810_154114_079,1,Unspecified,2338,2026-08-10T16:01:21.0571292+09:00,2026-08-10T16:01:21.5571292+09:00,1206.978358,1207.478358,30,30,-0.094061,-0.099601,0.000021,0.000104,0.000026,0.011186,0
20260810_154114_079,1,Unspecified,2339,2026-08-10T16:01:21.5571292+09:00,2026-08-10T16:01:22.0571292+09:00,1207.478358,1207.978358,30,30,-0.109980,-0.096889,0.000303,0.001489,-0.000266,0.042333,0
20260810_154114_079,1,Unspecified,2340,2026-08-10T16:01:22.0571292+09:00,2026-08-10T16:01:22.5571292+09:00,1207.978358,1208.478358,30,30,-0.100505,-0.090264,0.000222,0.001190,-0.000170,0.037578,0
20260810_154114_079,1,Unspecified,2341,2026-08-10T16:01:22.5571292+09:00,2026-08-10T16:01:23.0571292+09:00,1208.478358,1208.978358,30,30,-0.097540,-0.095908,0.000002,0.000007,0.000001,0.003117,0
20260810_154114_079,1,Unspecified,2342,2026-08-10T16:01:23.0571292+09:00,2026-08-10T16:01:23.5571292+09:00,1208.978358,1209.478358,30,30,-0.093898,-0.099093,0.000003,0.000003,0.000001,0.002459,0
20260810_154114_079,1,Unspecified,2343,2026-08-10T16:01:23.5571292+09:00,2026-08-10T16:01:24.0571292+09:00,1209.478358,1209.978358,30,30,-0.103787,-0.108560,0.000176,0.000239,0.000141,0.020362,0
20260810_154114_079,1,Unspecified,2344,2026-08-10T16:01:24.0571292+09:00,2026-08-10T16:01:24.5571292+09:00,1209.978358,1210.478358,30,30,-0.111509,-0.086180,0.000085,0.000900,-0.000184,0.031389,0
20260810_154114_079,1,Unspecified,2345,2026-08-10T16:01:24.5571292+09:00,2026-08-10T16:01:25.0571292+09:00,1210.478358,1210.978358,30,30,-0.110626,-0.078441,0.000002,0.000016,-0.000003,0.004340,0
20260810_154114_079,1,Unspecified,2346,2026-08-10T16:01:25.0571292+09:00,2026-08-10T16:01:25.5571292+09:00,1210.978358,1211.478358,30,30,-0.111873,-0.074416,0.000048,0.000096,-0.000054,0.011995,0
20260810_154114_079,1,Unspecified,2347,2026-08-10T16:01:25.5571292+09:00,2026-08-10T16:01:26.0571292+09:00,1211.478358,1211.978358,30,30,-0.117110,-0.070934,0.000260,0.001296,-0.000310,0.039443,0
20260810_154114_079,1,Unspecified,2348,2026-08-10T16:01:26.0571292+09:00,2026-08-10T16:01:26.5571292+09:00,1211.978358,1212.478358,30,30,-0.110742,-0.084465,0.000133,0.000770,-0.000186,0.030053,0
20260810_154114_079,1,Unspecified,2349,2026-08-10T16:01:26.5571292+09:00,2026-08-10T16:01:27.0571292+09:00,1212.478358,1212.978358,30,30,-0.103412,-0.089666,0.000004,0.000030,-0.000005,0.005784,0
20260810_154114_079,1,Unspecified,2350,2026-08-10T16:01:27.0571292+09:00,2026-08-10T16:01:27.5571292+09:00,1212.978358,1213.478358,30,30,-0.105429,-0.088311,0.000001,0.000017,0.000002,0.004236,0
20260810_154114_079,1,Unspecified,2351,2026-08-10T16:01:27.5571292+09:00,2026-08-10T16:01:28.0571292+09:00,1213.478358,1213.978358,30,30,-0.113148,-0.083640,0.000110,0.000720,-0.000159,0.028808,0
20260810_154114_079,1,Unspecified,2352,2026-08-10T16:01:28.0571292+09:00,2026-08-10T16:01:28.5571292+09:00,1213.978358,1214.478358,30,30,-0.109993,-0.091016,0.000000,0.000000,0.000000,0.000335,0
20260810_154114_079,1,Unspecified,2353,2026-08-10T16:01:28.5571292+09:00,2026-08-10T16:01:29.0571292+09:00,1214.478358,1214.978358,30,30,-0.110117,-0.091101,0.000000,0.000000,0.000000,0.000254,0
20260810_154114_079,1,Unspecified,2354,2026-08-10T16:01:29.0571292+09:00,2026-08-10T16:01:29.5571292+09:00,1214.978358,1215.478358,30,30,-0.110057,-0.091070,0.000000,0.000000,0.000000,0.000202,0
20260810_154114_079,1,Unspecified,2355,2026-08-10T16:01:29.5571292+09:00,2026-08-10T16:01:30.0571292+09:00,1215.478358,1215.978358,30,30,-0.109814,-0.090765,0.000000,0.000000,0.000000,0.000164,0
20260810_154114_079,1,Unspecified,2356,2026-08-10T16:01:30.0571292+09:00,2026-08-10T16:01:30.5571292+09:00,1215.978358,1216.478358,30,30,-0.109814,-0.090764,0.000000,0.000000,0.000000,0.000314,0
20260810_154114_079,1,Unspecified,2357,2026-08-10T16:01:30.5571292+09:00,2026-08-10T16:01:31.0571292+09:00,1216.478358,1216.978358,30,30,-0.110233,-0.091292,0.000000,0.000000,0.000000,0.000293,0
20260810_154114_079,1,Unspecified,2358,2026-08-10T16:01:31.0571292+09:00,2026-08-10T16:01:31.5571292+09:00,1216.978358,1217.478358,30,30,-0.110240,-0.091489,0.000000,0.000000,0.000000,0.000298,0
20260810_154114_079,1,Unspecified,2359,2026-08-10T16:01:31.5571292+09:00,2026-08-10T16:01:32.0571292+09:00,1217.478358,1217.978358,30,30,-0.110160,-0.091614,0.000000,0.000000,0.000000,0.000248,0
20260810_154114_079,1,Unspecified,2360,2026-08-10T16:01:32.0571292+09:00,2026-08-10T16:01:32.5571292+09:00,1217.978358,1218.478358,30,30,-0.110869,-0.092319,0.000000,0.000000,0.000000,0.000414,0
20260810_154114_079,1,Unspecified,2361,2026-08-10T16:01:32.5571292+09:00,2026-08-10T16:01:33.0571292+09:00,1218.478358,1218.978358,30,30,-0.111993,-0.093664,0.000000,0.000000,0.000000,0.000468,0
20260810_154114_079,1,Unspecified,2362,2026-08-10T16:01:33.0571292+09:00,2026-08-10T16:01:33.5571292+09:00,1218.978358,1219.478358,30,30,-0.112204,-0.093544,0.000000,0.000000,0.000000,0.000191,0
20260810_154114_079,1,Unspecified,2363,2026-08-10T16:01:33.5571292+09:00,2026-08-10T16:01:34.0571292+09:00,1219.478358,1219.978358,30,30,-0.111953,-0.093382,0.000000,0.000000,0.000000,0.000293,0
20260810_154114_079,1,Unspecified,2364,2026-08-10T16:01:34.0571292+09:00,2026-08-10T16:01:34.5571292+09:00,1219.978358,1220.478358,30,30,-0.111894,-0.093291,0.000000,0.000000,0.000000,0.000254,0
20260810_154114_079,1,Unspecified,2365,2026-08-10T16:01:34.5571292+09:00,2026-08-10T16:01:35.0571292+09:00,1220.478358,1220.978358,30,30,-0.111942,-0.093265,0.000000,0.000000,0.000000,0.000230,0
20260810_154114_079,1,Unspecified,2366,2026-08-10T16:01:35.0571292+09:00,2026-08-10T16:01:35.5571292+09:00,1220.978358,1221.478358,31,31,-0.111808,-0.093208,0.000000,0.000000,0.000000,0.000274,0
20260810_154114_079,1,Unspecified,2367,2026-08-10T16:01:35.5571292+09:00,2026-08-10T16:01:36.0571292+09:00,1221.478358,1221.978358,29,29,-0.111655,-0.093257,0.000000,0.000000,0.000000,0.000241,0
20260810_154114_079,1,Unspecified,2368,2026-08-10T16:01:36.0571292+09:00,2026-08-10T16:01:36.5571292+09:00,1221.978358,1222.478358,30,30,-0.111537,-0.092937,0.000000,0.000000,0.000000,0.000323,0
20260810_154114_079,1,Unspecified,2369,2026-08-10T16:01:36.5571292+09:00,2026-08-10T16:01:37.0571292+09:00,1222.478358,1222.978358,30,30,-0.111673,-0.093069,0.000000,0.000000,0.000000,0.000262,0
20260810_154114_079,1,Unspecified,2370,2026-08-10T16:01:37.0571292+09:00,2026-08-10T16:01:37.5571292+09:00,1222.978358,1223.478358,30,30,-0.111568,-0.092985,0.000000,0.000000,0.000000,0.000241,0
20260810_154114_079,1,Unspecified,2371,2026-08-10T16:01:37.5571292+09:00,2026-08-10T16:01:38.0571292+09:00,1223.478358,1223.978358,30,30,-0.111699,-0.093155,0.000000,0.000000,0.000000,0.000192,0
20260810_154114_079,1,Unspecified,2372,2026-08-10T16:01:38.0571292+09:00,2026-08-10T16:01:38.5571292+09:00,1223.978358,1224.478358,30,30,-0.112195,-0.093655,0.000000,0.000000,0.000000,0.000251,0
20260810_154114_079,1,Unspecified,2373,2026-08-10T16:01:38.5571292+09:00,2026-08-10T16:01:39.0571292+09:00,1224.478358,1224.978358,30,30,-0.112337,-0.093831,0.000000,0.000000,0.000000,0.000247,0
20260810_154114_079,1,Unspecified,2374,2026-08-10T16:01:39.0571292+09:00,2026-08-10T16:01:39.5571292+09:00,1224.978358,1225.478358,30,30,-0.112149,-0.093643,0.000000,0.000000,0.000000,0.000258,0
20260810_154114_079,1,Unspecified,2375,2026-08-10T16:01:39.5571292+09:00,2026-08-10T16:01:40.0571292+09:00,1225.478358,1225.978358,30,30,-0.112102,-0.093583,0.000000,0.000000,0.000000,0.000277,0
20260810_154114_079,1,Unspecified,2376,2026-08-10T16:01:40.0571292+09:00,2026-08-10T16:01:40.5571292+09:00,1225.978358,1226.478358,30,30,-0.112249,-0.093673,0.000000,0.000000,0.000000,0.000488,0
20260810_154114_079,1,Unspecified,2377,2026-08-10T16:01:40.5571292+09:00,2026-08-10T16:01:41.0571292+09:00,1226.478358,1226.978358,30,30,-0.113332,-0.094936,0.000000,0.000000,0.000000,0.000643,0
20260810_154114_079,1,Unspecified,2378,2026-08-10T16:01:41.0571292+09:00,2026-08-10T16:01:41.5571292+09:00,1226.978358,1227.478358,30,30,-0.113219,-0.094730,0.000000,0.000000,0.000000,0.000273,0
20260810_154114_079,1,Unspecified,2379,2026-08-10T16:01:41.5571292+09:00,2026-08-10T16:01:42.0571292+09:00,1227.478358,1227.978358,30,30,-0.113090,-0.094742,0.000000,0.000000,0.000000,0.000204,0
20260810_154114_079,1,Unspecified,2380,2026-08-10T16:01:42.0571292+09:00,2026-08-10T16:01:42.5571292+09:00,1227.978358,1228.478358,30,30,-0.112927,-0.094538,0.000000,0.000000,0.000000,0.000227,0
20260810_154114_079,1,Unspecified,2381,2026-08-10T16:01:42.5571292+09:00,2026-08-10T16:01:43.0571292+09:00,1228.478358,1228.978358,30,30,-0.112557,-0.094063,0.000000,0.000000,0.000000,0.000298,0
20260810_154114_079,1,Unspecified,2382,2026-08-10T16:01:43.0571292+09:00,2026-08-10T16:01:43.5571292+09:00,1228.978358,1229.478358,30,30,-0.112518,-0.094047,0.000000,0.000000,0.000000,0.000219,0
20260810_154114_079,1,Unspecified,2383,2026-08-10T16:01:43.5571292+09:00,2026-08-10T16:01:44.0571292+09:00,1229.478358,1229.978358,30,30,-0.112699,-0.094263,0.000000,0.000000,0.000000,0.000187,0
20260810_154114_079,1,Unspecified,2384,2026-08-10T16:01:44.0571292+09:00,2026-08-10T16:01:44.5571292+09:00,1229.978358,1230.478358,30,30,-0.112848,-0.094421,0.000000,0.000000,0.000000,0.000211,0
20260810_154114_079,1,Unspecified,2385,2026-08-10T16:01:44.5571292+09:00,2026-08-10T16:01:45.0571292+09:00,1230.478358,1230.978358,30,30,-0.112643,-0.094286,0.000000,0.000000,0.000000,0.000305,0
20260810_154114_079,1,Unspecified,2386,2026-08-10T16:01:45.0571292+09:00,2026-08-10T16:01:45.5571292+09:00,1230.978358,1231.478358,30,30,-0.112564,-0.094250,0.000000,0.000000,0.000000,0.000255,0
20260810_154114_079,1,Unspecified,2387,2026-08-10T16:01:45.5571292+09:00,2026-08-10T16:01:46.0571292+09:00,1231.478358,1231.978358,30,30,-0.112598,-0.094422,0.000000,0.000000,0.000000,0.000254,0
20260810_154114_079,1,Unspecified,2388,2026-08-10T16:01:46.0571292+09:00,2026-08-10T16:01:46.5571292+09:00,1231.978358,1232.478358,30,30,-0.112640,-0.094497,0.000000,0.000000,0.000000,0.000256,0
20260810_154114_079,1,Unspecified,2389,2026-08-10T16:01:46.5571292+09:00,2026-08-10T16:01:47.0571292+09:00,1232.478358,1232.978358,30,30,-0.112158,-0.094057,0.000000,0.000000,0.000000,0.000186,0
20260810_154114_079,1,Unspecified,2390,2026-08-10T16:01:47.0571292+09:00,2026-08-10T16:01:47.5571292+09:00,1232.978358,1233.478358,30,30,-0.112021,-0.093695,0.000000,0.000000,0.000000,0.000191,0
20260810_154114_079,1,Unspecified,2391,2026-08-10T16:01:47.5571292+09:00,2026-08-10T16:01:48.0571292+09:00,1233.478358,1233.978358,30,30,-0.111848,-0.093366,0.000000,0.000000,0.000000,0.000269,0
20260810_154114_079,1,Unspecified,2392,2026-08-10T16:01:48.0571292+09:00,2026-08-10T16:01:48.5571292+09:00,1233.978358,1234.478358,30,30,-0.111955,-0.093417,0.000000,0.000000,0.000000,0.000245,0
20260810_154114_079,1,Unspecified,2393,2026-08-10T16:01:48.5571292+09:00,2026-08-10T16:01:49.0571292+09:00,1234.478358,1234.978358,30,30,-0.111903,-0.093188,0.000000,0.000000,0.000000,0.000331,0
20260810_154114_079,1,Unspecified,2394,2026-08-10T16:01:49.0571292+09:00,2026-08-10T16:01:49.5571292+09:00,1234.978358,1235.478358,30,30,-0.111698,-0.092939,0.000000,0.000000,0.000000,0.000224,0
20260810_154114_079,1,Unspecified,2395,2026-08-10T16:01:49.5571292+09:00,2026-08-10T16:01:50.0571292+09:00,1235.478358,1235.978358,30,30,-0.111604,-0.092792,0.000000,0.000000,0.000000,0.000293,0
20260810_154114_079,1,Unspecified,2396,2026-08-10T16:01:50.0571292+09:00,2026-08-10T16:01:50.5571292+09:00,1235.978358,1236.478358,30,30,-0.111501,-0.092632,0.000000,0.000000,0.000000,0.000204,0
20260810_154114_079,1,Unspecified,2397,2026-08-10T16:01:50.5571292+09:00,2026-08-10T16:01:51.0571292+09:00,1236.478358,1236.978358,30,30,-0.111855,-0.092979,0.000000,0.000000,0.000000,0.000305,0
20260810_154114_079,1,Unspecified,2398,2026-08-10T16:01:51.0571292+09:00,2026-08-10T16:01:51.5571292+09:00,1236.978358,1237.478358,30,30,-0.111931,-0.093071,0.000000,0.000000,0.000000,0.000209,0
20260810_154114_079,1,Unspecified,2399,2026-08-10T16:01:51.5571292+09:00,2026-08-10T16:01:52.0571292+09:00,1237.478358,1237.978358,30,30,-0.111817,-0.093006,0.000000,0.000000,0.000000,0.000192,0
20260810_154114_079,1,Unspecified,2400,2026-08-10T16:01:52.0571292+09:00,2026-08-10T16:01:52.5571292+09:00,1237.978358,1238.478358,31,31,-0.111842,-0.092869,0.000000,0.000000,0.000000,0.000248,0
20260810_154114_079,1,Unspecified,2401,2026-08-10T16:01:52.5571292+09:00,2026-08-10T16:01:53.0571292+09:00,1238.478358,1238.978358,29,29,-0.111993,-0.093124,0.000000,0.000000,0.000000,0.000327,0
20260810_154114_079,1,Unspecified,2402,2026-08-10T16:01:53.0571292+09:00,2026-08-10T16:01:53.5571292+09:00,1238.978358,1239.478358,30,30,-0.111747,-0.092983,0.000000,0.000000,0.000000,0.000461,0
20260810_154114_079,1,Unspecified,2403,2026-08-10T16:01:53.5571292+09:00,2026-08-10T16:01:54.0571292+09:00,1239.478358,1239.978358,30,30,-0.111343,-0.092767,0.000000,0.000000,0.000000,0.000237,0
20260810_154114_079,1,Unspecified,2404,2026-08-10T16:01:54.0571292+09:00,2026-08-10T16:01:54.5571292+09:00,1239.978358,1240.478358,30,30,-0.110929,-0.092111,0.000000,0.000000,0.000000,0.000221,0
20260810_154114_079,1,Unspecified,2405,2026-08-10T16:01:54.5571292+09:00,2026-08-10T16:01:55.0571292+09:00,1240.478358,1240.978358,30,30,-0.110617,-0.091737,0.000000,0.000000,0.000000,0.000367,0
20260810_154114_079,1,Unspecified,2406,2026-08-10T16:01:55.0571292+09:00,2026-08-10T16:01:55.5571292+09:00,1240.978358,1241.478358,30,30,-0.110268,-0.091479,0.000000,0.000000,0.000000,0.000582,0
20260810_154114_079,1,Unspecified,2407,2026-08-10T16:01:55.5571292+09:00,2026-08-10T16:01:56.0571292+09:00,1241.478358,1241.978358,30,30,-0.109412,-0.090586,0.000000,0.000000,0.000000,0.000294,0
20260810_154114_079,1,Unspecified,2408,2026-08-10T16:01:56.0571292+09:00,2026-08-10T16:01:56.5571292+09:00,1241.978358,1242.478358,30,30,-0.109080,-0.090982,0.000000,0.000000,0.000000,0.000719,0
20260810_154114_079,1,Unspecified,2409,2026-08-10T16:01:56.5571292+09:00,2026-08-10T16:01:57.0571292+09:00,1242.478358,1242.978358,30,30,-0.108100,-0.097453,0.000000,0.000012,0.000000,0.003487,0
20260810_154114_079,1,Unspecified,2410,2026-08-10T16:01:57.0571292+09:00,2026-08-10T16:01:57.5571292+09:00,1242.978358,1243.478358,30,30,-0.105301,-0.105976,0.000005,0.000001,-0.000002,0.002548,0
20260810_154114_079,1,Unspecified,2411,2026-08-10T16:01:57.5571292+09:00,2026-08-10T16:01:58.0571292+09:00,1243.478358,1243.978358,30,30,-0.094701,-0.103973,0.000008,0.000001,0.000003,0.003033,0
20260810_154114_079,1,Unspecified,2412,2026-08-10T16:01:58.0571292+09:00,2026-08-10T16:01:58.5571292+09:00,1243.978358,1244.478358,30,30,-0.089559,-0.103327,0.000001,0.000000,0.000000,0.001078,0
20260810_154114_079,1,Unspecified,2413,2026-08-10T16:01:58.5571292+09:00,2026-08-10T16:01:59.0571292+09:00,1244.478358,1244.978358,20,20,-0.085694,-0.102974,0.000003,0.000000,0.000001,0.001911,0
20260810_154114_079,1,Unspecified,2414,2026-08-10T16:01:59.0571292+09:00,2026-08-10T16:01:59.5571292+09:00,1244.978358,1245.478358,0,0,,,,,,,0
20260810_154114_079,1,Unspecified,2415,2026-08-10T16:01:59.5571292+09:00,2026-08-10T16:01:59.5851292+09:00,1245.478358,1245.505802,1,0,,,,,,,1
