SessionId,RecordingId,Condition,WindowIndex,WindowStartAbsTime,WindowEndAbsTime,WindowStartElapsedSec,WindowEndElapsedSec,SampleCount,ValidSampleCount,MeanGazeX,MeanGazeY,VarianceGazeX,VarianceGazeY,CovarianceXY,Dispersion,TrackingFailureCount
20260804_173014_890,1,Unspecified,0,2026-08-04T17:30:22.9898666+09:00,2026-08-04T17:30:23.4898666+09:00,8.098890,8.598890,30,30,0.003631,-0.051608,0.000001,0.000004,0.000000,0.002368,0
20260804_173014_890,1,Unspecified,1,2026-08-04T17:30:23.4898666+09:00,2026-08-04T17:30:23.9898666+09:00,8.598890,9.098890,30,30,0.015860,0.024517,0.000124,0.001317,0.000015,0.037968,0
20260804_173014_890,1,Unspecified,2,2026-08-04T17:30:23.9898666+09:00,2026-08-04T17:30:24.4898666+09:00,9.098890,9.598890,30,30,0.017922,-0.008492,0.000175,0.002569,-0.000189,0.052381,0
20260804_173014_890,1,Unspecified,3,2026-08-04T17:30:24.4898666+09:00,2026-08-04T17:30:24.9898666+09:00,9.598890,10.098890,30,30,0.001183,-0.040598,0.000000,0.000006,0.000000,0.002474,0
20260804_173014_890,1,Unspecified,4,2026-08-04T17:30:24.9898666+09:00,2026-08-04T17:30:25.4898666+09:00,10.098890,10.598890,30,30,0.002537,-0.044846,0.000004,0.000030,-0.000010,0.005837,0
20260804_173014_890,1,Unspecified,5,2026-08-04T17:30:25.4898666+09:00,2026-08-04T17:30:25.9898666+09:00,10.598890,11.098890,30,30,0.007497,-0.054401,0.000009,0.000016,-0.000005,0.004949,0
20260804_173014_890,1,Unspecified,6,2026-08-04T17:30:25.9898666+09:00,2026-08-04T17:30:26.4898666+09:00,11.098890,11.598890,30,30,0.006065,-0.053096,0.000017,0.000030,-0.000020,0.006868,0
20260804_173014_890,1,Unspecified,7,2026-08-04T17:30:26.4898666+09:00,2026-08-04T17:30:26.9898666+09:00,11.598890,12.098890,30,30,-0.016436,-0.018640,0.000001,0.000015,-0.000003,0.003955,0
20260804_173014_890,1,Unspecified,8,2026-08-04T17:30:26.9898666+09:00,2026-08-04T17:30:27.4898666+09:00,12.098890,12.598890,30,30,-0.014377,-0.026422,0.000001,0.000001,0.000000,0.001375,0
20260804_173014_890,1,Unspecified,9,2026-08-04T17:30:27.4898666+09:00,2026-08-04T17:30:27.9898666+09:00,12.598890,13.098890,30,30,-0.015254,-0.027816,0.000000,0.000002,0.000000,0.001560,0
20260804_173014_890,1,Unspecified,10,2026-08-04T17:30:27.9898666+09:00,2026-08-04T17:30:28.4898666+09:00,13.098890,13.598890,30,30,-0.015833,-0.030769,0.000002,0.000002,0.000000,0.001802,0
20260804_173014_890,1,Unspecified,11,2026-08-04T17:30:28.4898666+09:00,2026-08-04T17:30:28.9898666+09:00,13.598890,14.098890,30,30,-0.014761,-0.029808,0.000001,0.000001,0.000000,0.001455,0
20260804_173014_890,1,Unspecified,12,2026-08-04T17:30:28.9898666+09:00,2026-08-04T17:30:29.4898666+09:00,14.098890,14.598890,30,30,-0.014650,-0.030409,0.000001,0.000002,0.000000,0.001534,0
20260804_173014_890,1,Unspecified,13,2026-08-04T17:30:29.4898666+09:00,2026-08-04T17:30:29.9898666+09:00,14.598890,15.098890,30,30,-0.009450,-0.031849,0.000067,0.000020,0.000022,0.009345,0
20260804_173014_890,1,Unspecified,14,2026-08-04T17:30:29.9898666+09:00,2026-08-04T17:30:30.4898666+09:00,15.098890,15.598890,30,30,-0.016163,-0.033295,0.000002,0.000001,0.000000,0.001776,0
20260804_173014_890,1,Unspecified,15,2026-08-04T17:30:30.4898666+09:00,2026-08-04T17:30:30.9898666+09:00,15.598890,16.098890,30,30,-0.018291,-0.034267,0.000001,0.000001,0.000000,0.001568,0
20260804_173014_890,1,Unspecified,16,2026-08-04T17:30:30.9898666+09:00,2026-08-04T17:30:31.4898666+09:00,16.098890,16.598890,30,30,-0.018290,-0.035467,0.000002,0.000004,-0.000002,0.002478,0
20260804_173014_890,1,Unspecified,17,2026-08-04T17:30:31.4898666+09:00,2026-08-04T17:30:31.9898666+09:00,16.598890,17.098890,30,30,-0.015327,-0.034744,0.000174,0.000068,-0.000102,0.015569,0
20260804_173014_890,1,Unspecified,18,2026-08-04T17:30:31.9898666+09:00,2026-08-04T17:30:32.4898666+09:00,17.098890,17.598890,30,30,-0.003585,-0.042030,0.000431,0.000158,-0.000257,0.024274,0
20260804_173014_890,1,Unspecified,19,2026-08-04T17:30:32.4898666+09:00,2026-08-04T17:30:32.9898666+09:00,17.598890,18.098890,30,30,-0.019264,-0.030319,0.000020,0.000002,-0.000002,0.004628,0
20260804_173014_890,1,Unspecified,20,2026-08-04T17:30:32.9898666+09:00,2026-08-04T17:30:33.4898666+09:00,18.098890,18.598890,30,30,-0.012222,-0.030899,0.000001,0.000001,0.000000,0.001447,0
20260804_173014_890,1,Unspecified,21,2026-08-04T17:30:33.4898666+09:00,2026-08-04T17:30:33.9898666+09:00,18.598890,19.098890,30,30,-0.013537,-0.032824,0.000007,0.000008,-0.000004,0.003881,0
20260804_173014_890,1,Unspecified,22,2026-08-04T17:30:33.9898666+09:00,2026-08-04T17:30:34.4898666+09:00,19.098890,19.598890,30,30,-0.013143,-0.032019,0.000016,0.000043,0.000010,0.007713,0
20260804_173014_890,1,Unspecified,23,2026-08-04T17:30:34.4898666+09:00,2026-08-04T17:30:34.9898666+09:00,19.598890,20.098890,30,30,-0.014292,-0.034433,0.000001,0.000001,0.000000,0.001357,0
20260804_173014_890,1,Unspecified,24,2026-08-04T17:30:34.9898666+09:00,2026-08-04T17:30:35.4898666+09:00,20.098890,20.598890,30,30,-0.015127,-0.034020,0.000001,0.000001,0.000000,0.001210,0
20260804_173014_890,1,Unspecified,25,2026-08-04T17:30:35.4898666+09:00,2026-08-04T17:30:35.9898666+09:00,20.598890,21.098890,30,30,-0.009715,-0.034040,0.000055,0.000009,0.000006,0.008003,0
20260804_173014_890,1,Unspecified,26,2026-08-04T17:30:35.9898666+09:00,2026-08-04T17:30:36.4898666+09:00,21.098890,21.598890,30,30,-0.019171,-0.040938,0.000123,0.000043,0.000070,0.012899,0
20260804_173014_890,1,Unspecified,27,2026-08-04T17:30:36.4898666+09:00,2026-08-04T17:30:36.9898666+09:00,21.598890,22.098890,30,30,-0.019561,-0.040961,0.000079,0.000020,0.000036,0.009956,0
20260804_173014_890,1,Unspecified,28,2026-08-04T17:30:36.9898666+09:00,2026-08-04T17:30:37.4898666+09:00,22.098890,22.598890,30,30,-0.015772,-0.037146,0.000001,0.000000,0.000000,0.000998,0
20260804_173014_890,1,Unspecified,29,2026-08-04T17:30:37.4898666+09:00,2026-08-04T17:30:37.9898666+09:00,22.598890,23.098890,30,30,-0.011849,-0.033468,0.000066,0.000196,0.000075,0.016207,0
20260804_173014_890,1,Unspecified,30,2026-08-04T17:30:37.9898666+09:00,2026-08-04T17:30:38.4898666+09:00,23.098890,23.598890,30,30,-0.005117,-0.039345,0.000248,0.000003,0.000010,0.015871,0
20260804_173014_890,1,Unspecified,31,2026-08-04T17:30:38.4898666+09:00,2026-08-04T17:30:38.9898666+09:00,23.598890,24.098890,30,30,-0.016635,-0.032785,0.000132,0.000032,0.000058,0.012819,0
20260804_173014_890,1,Unspecified,32,2026-08-04T17:30:38.9898666+09:00,2026-08-04T17:30:39.4898666+09:00,24.098890,24.598890,30,30,-0.018193,-0.030873,0.000002,0.000001,0.000001,0.001691,0
20260804_173014_890,1,Unspecified,33,2026-08-04T17:30:39.4898666+09:00,2026-08-04T17:30:39.9898666+09:00,24.598890,25.098890,30,30,-0.010231,-0.029826,0.000230,0.000079,0.000100,0.017561,0
20260804_173014_890,1,Unspecified,34,2026-08-04T17:30:39.9898666+09:00,2026-08-04T17:30:40.4898666+09:00,25.098890,25.598890,30,30,-0.021668,-0.037431,0.000003,0.000002,0.000000,0.002228,0
20260804_173014_890,1,Unspecified,35,2026-08-04T17:30:40.4898666+09:00,2026-08-04T17:30:40.9898666+09:00,25.598890,26.098890,30,30,-0.020648,-0.037857,0.000002,0.000001,0.000000,0.001615,0
20260804_173014_890,1,Unspecified,36,2026-08-04T17:30:40.9898666+09:00,2026-08-04T17:30:41.4898666+09:00,26.098890,26.598890,30,30,-0.019695,-0.039528,0.000009,0.000002,-0.000002,0.003311,0
20260804_173014_890,1,Unspecified,37,2026-08-04T17:30:41.4898666+09:00,2026-08-04T17:30:41.9898666+09:00,26.598890,27.098890,30,30,-0.006485,-0.038281,0.000259,0.000074,0.000015,0.018234,0
20260804_173014_890,1,Unspecified,38,2026-08-04T17:30:41.9898666+09:00,2026-08-04T17:30:42.4898666+09:00,27.098890,27.598890,30,30,-0.003036,-0.041290,0.000307,0.000121,-0.000188,0.020665,0
20260804_173014_890,1,Unspecified,39,2026-08-04T17:30:42.4898666+09:00,2026-08-04T17:30:42.9898666+09:00,27.598890,28.098890,30,30,-0.024060,-0.030058,0.000002,0.000003,0.000001,0.002121,0
20260804_173014_890,1,Unspecified,40,2026-08-04T17:30:42.9898666+09:00,2026-08-04T17:30:43.4898666+09:00,28.098890,28.598890,30,30,-0.013111,-0.031080,0.000032,0.000051,0.000034,0.009098,0
20260804_173014_890,1,Unspecified,41,2026-08-04T17:30:43.4898666+09:00,2026-08-04T17:30:43.9898666+09:00,28.598890,29.098890,30,30,-0.009896,-0.030285,0.000069,0.000102,0.000074,0.013098,0
20260804_173014_890,1,Unspecified,42,2026-08-04T17:30:43.9898666+09:00,2026-08-04T17:30:44.4898666+09:00,29.098890,29.598890,30,30,-0.011224,-0.035074,0.000015,0.000009,-0.000010,0.004814,0
20260804_173014_890,1,Unspecified,43,2026-08-04T17:30:44.4898666+09:00,2026-08-04T17:30:44.9898666+09:00,29.598890,30.098890,30,30,-0.005232,-0.039845,0.000002,0.000001,0.000000,0.001704,0
20260804_173014_890,1,Unspecified,44,2026-08-04T17:30:44.9898666+09:00,2026-08-04T17:30:45.4898666+09:00,30.098890,30.598890,30,30,-0.006232,-0.039556,0.000015,0.000007,-0.000008,0.004622,0
20260804_173014_890,1,Unspecified,45,2026-08-04T17:30:45.4898666+09:00,2026-08-04T17:30:45.9898666+09:00,30.598890,31.098890,30,30,-0.009060,-0.039759,0.000028,0.000015,-0.000002,0.006602,0
20260804_173014_890,1,Unspecified,46,2026-08-04T17:30:45.9898666+09:00,2026-08-04T17:30:46.4898666+09:00,31.098890,31.598890,30,30,-0.008420,-0.047987,0.000055,0.000049,-0.000050,0.010212,0
20260804_173014_890,1,Unspecified,47,2026-08-04T17:30:46.4898666+09:00,2026-08-04T17:30:46.9898666+09:00,31.598890,32.098890,30,30,-0.017275,-0.034269,0.000035,0.000002,-0.000004,0.006121,0
20260804_173014_890,1,Unspecified,48,2026-08-04T17:30:46.9898666+09:00,2026-08-04T17:30:47.4898666+09:00,32.098890,32.598890,30,30,-0.009162,-0.037611,0.000005,0.000002,-0.000002,0.002713,0
20260804_173014_890,1,Unspecified,49,2026-08-04T17:30:47.4898666+09:00,2026-08-04T17:30:47.9898666+09:00,32.598890,33.098890,30,30,-0.007295,-0.024255,0.000125,0.001080,0.000320,0.034716,0
20260804_173014_890,1,Unspecified,50,2026-08-04T17:30:47.9898666+09:00,2026-08-04T17:30:48.4898666+09:00,33.098890,33.598890,30,30,-0.006236,-0.037699,0.000012,0.000172,0.000040,0.013590,0
20260804_173014_890,1,Unspecified,51,2026-08-04T17:30:48.4898666+09:00,2026-08-04T17:30:48.9898666+09:00,33.598890,34.098890,30,30,-0.008879,-0.039134,0.000001,0.000002,0.000001,0.001502,0
20260804_173014_890,1,Unspecified,52,2026-08-04T17:30:48.9898666+09:00,2026-08-04T17:30:49.4898666+09:00,34.098890,34.598890,30,30,-0.008032,-0.040687,0.000001,0.000001,0.000000,0.001537,0
20260804_173014_890,1,Unspecified,53,2026-08-04T17:30:49.4898666+09:00,2026-08-04T17:30:49.9898666+09:00,34.598890,35.098890,30,30,-0.006479,-0.036831,0.000104,0.000160,-0.000031,0.016235,0
20260804_173014_890,1,Unspecified,54,2026-08-04T17:30:49.9898666+09:00,2026-08-04T17:30:50.4898666+09:00,35.098890,35.598890,30,30,-0.001704,-0.076953,0.000015,0.000363,0.000008,0.019442,0
20260804_173014_890,1,Unspecified,55,2026-08-04T17:30:50.4898666+09:00,2026-08-04T17:30:50.9898666+09:00,35.598890,36.098890,30,30,-0.020590,-0.042809,0.000001,0.000001,0.000000,0.001563,0
20260804_173014_890,1,Unspecified,56,2026-08-04T17:30:50.9898666+09:00,2026-08-04T17:30:51.4898666+09:00,36.098890,36.598890,30,30,-0.020594,-0.042561,0.000001,0.000002,0.000000,0.001623,0
20260804_173014_890,1,Unspecified,57,2026-08-04T17:30:51.4898666+09:00,2026-08-04T17:30:51.9898666+09:00,36.598890,37.098890,30,30,-0.008503,-0.056064,0.000086,0.000601,-0.000021,0.026213,0
20260804_173014_890,1,Unspecified,58,2026-08-04T17:30:51.9898666+09:00,2026-08-04T17:30:52.4898666+09:00,37.098890,37.598890,30,30,0.029905,-0.115079,0.000295,0.000160,-0.000216,0.021326,0
20260804_173014_890,1,Unspecified,59,2026-08-04T17:30:52.4898666+09:00,2026-08-04T17:30:52.9898666+09:00,37.598890,38.098890,30,30,-0.005148,-0.071390,0.000594,0.000723,-0.000651,0.036288,0
20260804_173014_890,1,Unspecified,60,2026-08-04T17:30:52.9898666+09:00,2026-08-04T17:30:53.4898666+09:00,38.098890,38.598890,30,30,-0.006741,-0.047640,0.000008,0.000006,0.000006,0.003837,0
20260804_173014_890,1,Unspecified,61,2026-08-04T17:30:53.4898666+09:00,2026-08-04T17:30:53.9898666+09:00,38.598890,39.098890,30,30,-0.008242,-0.044823,0.000080,0.000089,0.000023,0.012987,0
20260804_173014_890,1,Unspecified,62,2026-08-04T17:30:53.9898666+09:00,2026-08-04T17:30:54.4898666+09:00,39.098890,39.598890,30,30,-0.008247,-0.045802,0.000003,0.000005,0.000001,0.002846,0
20260804_173014_890,1,Unspecified,63,2026-08-04T17:30:54.4898666+09:00,2026-08-04T17:30:54.9898666+09:00,39.598890,40.098890,30,30,-0.008251,-0.045877,0.000002,0.000001,-0.000001,0.001849,0
20260804_173014_890,1,Unspecified,64,2026-08-04T17:30:54.9898666+09:00,2026-08-04T17:30:55.4898666+09:00,40.098890,40.598890,30,30,-0.006614,-0.044779,0.000001,0.000002,0.000000,0.001893,0
20260804_173014_890,1,Unspecified,65,2026-08-04T17:30:55.4898666+09:00,2026-08-04T17:30:55.9898666+09:00,40.598890,41.098890,30,30,-0.003811,-0.045182,0.000055,0.000011,-0.000004,0.008091,0
20260804_173014_890,1,Unspecified,66,2026-08-04T17:30:55.9898666+09:00,2026-08-04T17:30:56.4898666+09:00,41.098890,41.598890,30,30,-0.012509,-0.058841,0.000049,0.000058,0.000052,0.010337,0
20260804_173014_890,1,Unspecified,67,2026-08-04T17:30:56.4898666+09:00,2026-08-04T17:30:56.9898666+09:00,41.598890,42.098890,30,30,-0.015893,-0.045264,0.000002,0.000033,0.000002,0.005880,0
20260804_173014_890,1,Unspecified,68,2026-08-04T17:30:56.9898666+09:00,2026-08-04T17:30:57.4898666+09:00,42.098890,42.598890,30,30,-0.015182,-0.044949,0.000001,0.000001,0.000000,0.001267,0
20260804_173014_890,1,Unspecified,69,2026-08-04T17:30:57.4898666+09:00,2026-08-04T17:30:57.9898666+09:00,42.598890,43.098890,30,30,-0.009676,-0.040420,0.000092,0.000362,0.000148,0.021312,0
20260804_173014_890,1,Unspecified,70,2026-08-04T17:30:57.9898666+09:00,2026-08-04T17:30:58.4898666+09:00,43.098890,43.598890,30,30,-0.008913,-0.037409,0.000026,0.000047,0.000032,0.008571,0
20260804_173014_890,1,Unspecified,71,2026-08-04T17:30:58.4898666+09:00,2026-08-04T17:30:58.9898666+09:00,43.598890,44.098890,30,30,-0.011502,-0.035901,0.000002,0.000001,-0.000001,0.001655,0
20260804_173014_890,1,Unspecified,72,2026-08-04T17:30:58.9898666+09:00,2026-08-04T17:30:59.4898666+09:00,44.098890,44.598890,30,30,-0.010696,-0.035937,0.000002,0.000003,-0.000001,0.002015,0
20260804_173014_890,1,Unspecified,73,2026-08-04T17:30:59.4898666+09:00,2026-08-04T17:30:59.9898666+09:00,44.598890,45.098890,30,30,-0.015281,-0.040896,0.000060,0.000006,0.000015,0.008095,0
20260804_173014_890,1,Unspecified,74,2026-08-04T17:30:59.9898666+09:00,2026-08-04T17:31:00.4898666+09:00,45.098890,45.598890,30,30,-0.029796,-0.046253,0.000001,0.000005,0.000000,0.002287,0
20260804_173014_890,1,Unspecified,75,2026-08-04T17:31:00.4898666+09:00,2026-08-04T17:31:00.9898666+09:00,45.598890,46.098890,30,30,-0.011117,-0.039121,0.000040,0.000019,0.000025,0.007630,0
20260804_173014_890,1,Unspecified,76,2026-08-04T17:31:00.9898666+09:00,2026-08-04T17:31:01.4898666+09:00,46.098890,46.598890,30,30,-0.008535,-0.040935,0.000001,0.000001,0.000000,0.001539,0
20260804_173014_890,1,Unspecified,77,2026-08-04T17:31:01.4898666+09:00,2026-08-04T17:31:01.9898666+09:00,46.598890,47.098890,30,30,0.000039,-0.042934,0.000213,0.000177,-0.000029,0.019738,0
20260804_173014_890,1,Unspecified,78,2026-08-04T17:31:01.9898666+09:00,2026-08-04T17:31:02.4898666+09:00,47.098890,47.598890,30,30,0.024596,-0.076907,0.000931,0.000466,-0.000631,0.037376,0
20260804_173014_890,1,Unspecified,79,2026-08-04T17:31:02.4898666+09:00,2026-08-04T17:31:02.9898666+09:00,47.598890,48.098890,30,30,-0.017393,-0.049014,0.000011,0.000007,0.000008,0.004277,0
20260804_173014_890,1,Unspecified,80,2026-08-04T17:31:02.9898666+09:00,2026-08-04T17:31:03.4898666+09:00,48.098890,48.598890,30,30,-0.009540,-0.043372,0.000001,0.000004,-0.000001,0.002106,0
20260804_173014_890,1,Unspecified,81,2026-08-04T17:31:03.4898666+09:00,2026-08-04T17:31:03.9898666+09:00,48.598890,49.098890,30,30,-0.014995,-0.045857,0.000140,0.000010,-0.000010,0.012240,0
20260804_173014_890,1,Unspecified,82,2026-08-04T17:31:03.9898666+09:00,2026-08-04T17:31:04.4898666+09:00,49.098890,49.598890,30,30,-0.018345,-0.047468,0.000048,0.000028,-0.000014,0.008697,0
20260804_173014_890,1,Unspecified,83,2026-08-04T17:31:04.4898666+09:00,2026-08-04T17:31:04.9898666+09:00,49.598890,50.098890,30,30,-0.016544,-0.048276,0.000002,0.000000,0.000000,0.001577,0
20260804_173014_890,1,Unspecified,84,2026-08-04T17:31:04.9898666+09:00,2026-08-04T17:31:05.4898666+09:00,50.098890,50.598890,30,30,-0.016828,-0.048222,0.000002,0.000003,-0.000001,0.002089,0
20260804_173014_890,1,Unspecified,85,2026-08-04T17:31:05.4898666+09:00,2026-08-04T17:31:05.9898666+09:00,50.598890,51.098890,30,30,-0.017494,-0.047693,0.000001,0.000002,0.000001,0.001736,0
20260804_173014_890,1,Unspecified,86,2026-08-04T17:31:05.9898666+09:00,2026-08-04T17:31:06.4898666+09:00,51.098890,51.598890,30,30,-0.013076,-0.041749,0.000102,0.000328,0.000171,0.020720,0
20260804_173014_890,1,Unspecified,87,2026-08-04T17:31:06.4898666+09:00,2026-08-04T17:31:06.9898666+09:00,51.598890,52.098890,30,30,-0.017189,-0.047555,0.000002,0.000007,0.000000,0.003032,0
20260804_173014_890,1,Unspecified,88,2026-08-04T17:31:06.9898666+09:00,2026-08-04T17:31:07.4898666+09:00,52.098890,52.598890,30,30,-0.013418,-0.043549,0.000117,0.000164,0.000133,0.016764,0
20260804_173014_890,1,Unspecified,89,2026-08-04T17:31:07.4898666+09:00,2026-08-04T17:31:07.9898666+09:00,52.598890,53.098890,30,30,-0.006804,-0.029927,0.000172,0.000483,0.000284,0.025588,0
20260804_173014_890,1,Unspecified,90,2026-08-04T17:31:07.9898666+09:00,2026-08-04T17:31:08.4898666+09:00,53.098890,53.598890,30,30,0.003159,-0.047429,0.000375,0.000040,-0.000116,0.020369,0
20260804_173014_890,1,Unspecified,91,2026-08-04T17:31:08.4898666+09:00,2026-08-04T17:31:08.9898666+09:00,53.598890,54.098890,30,30,-0.012046,-0.044534,0.000446,0.000032,-0.000118,0.021873,0
20260804_173014_890,1,Unspecified,92,2026-08-04T17:31:08.9898666+09:00,2026-08-04T17:31:09.4898666+09:00,54.098890,54.598890,30,30,-0.013954,-0.043860,0.000031,0.000004,-0.000010,0.005937,0
20260804_173014_890,1,Unspecified,93,2026-08-04T17:31:09.4898666+09:00,2026-08-04T17:31:09.9898666+09:00,54.598890,55.098890,30,30,-0.017651,-0.040733,0.000017,0.000083,-0.000016,0.009999,0
20260804_173014_890,1,Unspecified,94,2026-08-04T17:31:09.9898666+09:00,2026-08-04T17:31:10.4898666+09:00,55.098890,55.598890,30,30,-0.010018,-0.037710,0.000002,0.000006,0.000001,0.002899,0
20260804_173014_890,1,Unspecified,95,2026-08-04T17:31:10.4898666+09:00,2026-08-04T17:31:10.9898666+09:00,55.598890,56.098890,30,30,-0.011551,-0.041321,0.000001,0.000001,0.000000,0.001432,0
20260804_173014_890,1,Unspecified,96,2026-08-04T17:31:10.9898666+09:00,2026-08-04T17:31:11.4898666+09:00,56.098890,56.598890,30,30,-0.012190,-0.041647,0.000001,0.000002,0.000001,0.001789,0
20260804_173014_890,1,Unspecified,97,2026-08-04T17:31:11.4898666+09:00,2026-08-04T17:31:11.9898666+09:00,56.598890,57.098890,30,30,-0.013049,-0.042649,0.000001,0.000001,0.000000,0.001346,0
20260804_173014_890,1,Unspecified,98,2026-08-04T17:31:11.9898666+09:00,2026-08-04T17:31:12.4898666+09:00,57.098890,57.598890,30,30,-0.012103,-0.043508,0.000001,0.000002,0.000000,0.001641,0
20260804_173014_890,1,Unspecified,99,2026-08-04T17:31:12.4898666+09:00,2026-08-04T17:31:12.9898666+09:00,57.598890,58.098890,30,30,-0.018145,-0.037255,0.000026,0.000020,-0.000021,0.006784,0
20260804_173014_890,1,Unspecified,100,2026-08-04T17:31:12.9898666+09:00,2026-08-04T17:31:13.4898666+09:00,58.098890,58.598890,30,30,-0.021213,-0.036015,0.000011,0.000002,-0.000001,0.003645,0
20260804_173014_890,1,Unspecified,101,2026-08-04T17:31:13.4898666+09:00,2026-08-04T17:31:13.9898666+09:00,58.598890,59.098890,30,30,-0.007870,-0.036818,0.000332,0.000813,0.000443,0.033834,0
20260804_173014_890,1,Unspecified,102,2026-08-04T17:31:13.9898666+09:00,2026-08-04T17:31:14.4898666+09:00,59.098890,59.598890,30,30,-0.020207,-0.062824,0.000064,0.000163,0.000099,0.015041,0
20260804_173014_890,1,Unspecified,103,2026-08-04T17:31:14.4898666+09:00,2026-08-04T17:31:14.9898666+09:00,59.598890,60.098890,30,30,-0.017577,-0.044691,0.000035,0.000019,-0.000025,0.007308,0
20260804_173014_890,1,Unspecified,104,2026-08-04T17:31:14.9898666+09:00,2026-08-04T17:31:15.4898666+09:00,60.098890,60.598890,30,30,-0.022122,-0.041061,0.000001,0.000003,-0.000001,0.002031,0
20260804_173014_890,1,Unspecified,105,2026-08-04T17:31:15.4898666+09:00,2026-08-04T17:31:15.9898666+09:00,60.598890,61.098890,30,30,-0.021621,-0.043446,0.000004,0.000004,0.000002,0.002934,0
20260804_173014_890,1,Unspecified,106,2026-08-04T17:31:15.9898666+09:00,2026-08-04T17:31:16.4898666+09:00,61.098890,61.598890,30,30,-0.027344,-0.040596,0.000022,0.000011,0.000000,0.005766,0
20260804_173014_890,1,Unspecified,107,2026-08-04T17:31:16.4898666+09:00,2026-08-04T17:31:16.9898666+09:00,61.598890,62.098890,30,30,-0.021963,-0.040969,0.000098,0.000002,0.000003,0.009982,0
20260804_173014_890,1,Unspecified,108,2026-08-04T17:31:16.9898666+09:00,2026-08-04T17:31:17.4898666+09:00,62.098890,62.598890,30,30,-0.022738,-0.045520,0.000067,0.000008,0.000020,0.008676,0
20260804_173014_890,1,Unspecified,109,2026-08-04T17:31:17.4898666+09:00,2026-08-04T17:31:17.9898666+09:00,62.598890,63.098890,30,30,-0.017824,-0.042669,0.000223,0.000039,0.000072,0.016164,0
20260804_173014_890,1,Unspecified,110,2026-08-04T17:31:17.9898666+09:00,2026-08-04T17:31:18.4898666+09:00,63.098890,63.598890,30,30,-0.019300,-0.045072,0.000013,0.000012,-0.000012,0.005037,0
20260804_173014_890,1,Unspecified,111,2026-08-04T17:31:18.4898666+09:00,2026-08-04T17:31:18.9898666+09:00,63.598890,64.098890,30,30,-0.012732,-0.052511,0.000052,0.000052,-0.000051,0.010185,0
20260804_173014_890,1,Unspecified,112,2026-08-04T17:31:18.9898666+09:00,2026-08-04T17:31:19.4898666+09:00,64.098890,64.598890,30,30,-0.023650,-0.040062,0.000001,0.000002,0.000000,0.001640,0
20260804_173014_890,1,Unspecified,113,2026-08-04T17:31:19.4898666+09:00,2026-08-04T17:31:19.9898666+09:00,64.598890,65.098890,30,30,-0.014834,-0.032597,0.000267,0.000445,0.000327,0.026686,0
20260804_173014_890,1,Unspecified,114,2026-08-04T17:31:19.9898666+09:00,2026-08-04T17:31:20.4898666+09:00,65.098890,65.598890,30,30,0.001462,-0.052158,0.000436,0.000026,-0.000104,0.021506,0
20260804_173014_890,1,Unspecified,115,2026-08-04T17:31:20.4898666+09:00,2026-08-04T17:31:20.9898666+09:00,65.598890,66.098890,30,30,-0.026228,-0.039675,0.000323,0.000001,-0.000008,0.017994,0
20260804_173014_890,1,Unspecified,116,2026-08-04T17:31:20.9898666+09:00,2026-08-04T17:31:21.4898666+09:00,66.098890,66.598890,30,30,-0.010756,-0.040514,0.000028,0.000002,0.000003,0.005449,0
20260804_173014_890,1,Unspecified,117,2026-08-04T17:31:21.4898666+09:00,2026-08-04T17:31:21.9898666+09:00,66.598890,67.098890,30,30,-0.012045,-0.026494,0.000256,0.000701,0.000324,0.030935,0
20260804_173014_890,1,Unspecified,118,2026-08-04T17:31:21.9898666+09:00,2026-08-04T17:31:22.4898666+09:00,67.098890,67.598890,30,30,-0.006979,-0.052144,0.000004,0.000008,0.000001,0.003437,0
20260804_173014_890,1,Unspecified,119,2026-08-04T17:31:22.4898666+09:00,2026-08-04T17:31:22.9898666+09:00,67.598890,68.098890,30,30,-0.023721,-0.037119,0.000025,0.000020,-0.000020,0.006719,0
20260804_173014_890,1,Unspecified,120,2026-08-04T17:31:22.9898666+09:00,2026-08-04T17:31:23.4898666+09:00,68.098890,68.598890,30,30,-0.023485,-0.034148,0.000001,0.000001,0.000000,0.001333,0
20260804_173014_890,1,Unspecified,121,2026-08-04T17:31:23.4898666+09:00,2026-08-04T17:31:23.9898666+09:00,68.598890,69.098890,30,30,-0.023451,-0.035736,0.000001,0.000001,0.000000,0.001402,0
20260804_173014_890,1,Unspecified,122,2026-08-04T17:31:23.9898666+09:00,2026-08-04T17:31:24.4898666+09:00,69.098890,69.598890,30,30,-0.023968,-0.036660,0.000001,0.000001,0.000000,0.001388,0
20260804_173014_890,1,Unspecified,123,2026-08-04T17:31:24.4898666+09:00,2026-08-04T17:31:24.9898666+09:00,69.598890,70.098890,30,30,-0.025092,-0.037851,0.000001,0.000001,0.000000,0.001373,0
20260804_173014_890,1,Unspecified,124,2026-08-04T17:31:24.9898666+09:00,2026-08-04T17:31:25.4898666+09:00,70.098890,70.598890,30,30,-0.024509,-0.039744,0.000002,0.000005,-0.000002,0.002544,0
20260804_173014_890,1,Unspecified,125,2026-08-04T17:31:25.4898666+09:00,2026-08-04T17:31:25.9898666+09:00,70.598890,71.098890,30,30,-0.015911,-0.032620,0.000155,0.000506,0.000264,0.025698,0
20260804_173014_890,1,Unspecified,126,2026-08-04T17:31:25.9898666+09:00,2026-08-04T17:31:26.4898666+09:00,71.098890,71.598890,30,30,-0.022656,-0.043328,0.000001,0.000002,-0.000001,0.001756,0
20260804_173014_890,1,Unspecified,127,2026-08-04T17:31:26.4898666+09:00,2026-08-04T17:31:26.9898666+09:00,71.598890,72.098890,30,30,-0.023890,-0.042241,0.000002,0.000002,0.000000,0.001990,0
20260804_173014_890,1,Unspecified,128,2026-08-04T17:31:26.9898666+09:00,2026-08-04T17:31:27.4898666+09:00,72.098890,72.598890,30,30,-0.024085,-0.043675,0.000001,0.000002,0.000000,0.001633,0
20260804_173014_890,1,Unspecified,129,2026-08-04T17:31:27.4898666+09:00,2026-08-04T17:31:27.9898666+09:00,72.598890,73.098890,30,30,-0.022894,-0.046512,0.000002,0.000008,-0.000003,0.003144,0
20260804_173014_890,1,Unspecified,130,2026-08-04T17:31:27.9898666+09:00,2026-08-04T17:31:28.4898666+09:00,73.098890,73.598890,30,30,-0.015924,-0.044116,0.000043,0.000015,0.000013,0.007581,0
20260804_173014_890,1,Unspecified,131,2026-08-04T17:31:28.4898666+09:00,2026-08-04T17:31:28.9898666+09:00,73.598890,74.098890,30,30,-0.018750,-0.044760,0.000001,0.000001,0.000000,0.001426,0
20260804_173014_890,1,Unspecified,132,2026-08-04T17:31:28.9898666+09:00,2026-08-04T17:31:29.4898666+09:00,74.098890,74.598890,30,30,-0.017751,-0.045012,0.000002,0.000002,-0.000001,0.002054,0
20260804_173014_890,1,Unspecified,133,2026-08-04T17:31:29.4898666+09:00,2026-08-04T17:31:29.9898666+09:00,74.598890,75.098890,30,30,-0.020238,-0.043483,0.000033,0.000120,0.000034,0.012367,0
20260804_173014_890,1,Unspecified,134,2026-08-04T17:31:29.9898666+09:00,2026-08-04T17:31:30.4898666+09:00,75.098890,75.598890,30,30,-0.019918,-0.047490,0.000001,0.000002,0.000001,0.001828,0
20260804_173014_890,1,Unspecified,135,2026-08-04T17:31:30.4898666+09:00,2026-08-04T17:31:30.9898666+09:00,75.598890,76.098890,30,30,-0.019480,-0.045331,0.000001,0.000001,0.000000,0.001310,0
20260804_173014_890,1,Unspecified,136,2026-08-04T17:31:30.9898666+09:00,2026-08-04T17:31:31.4898666+09:00,76.098890,76.598890,30,30,-0.018478,-0.044830,0.000001,0.000001,0.000000,0.001205,0
20260804_173014_890,1,Unspecified,137,2026-08-04T17:31:31.4898666+09:00,2026-08-04T17:31:31.9898666+09:00,76.598890,77.098890,30,30,-0.019749,-0.055992,0.000008,0.000396,0.000036,0.020081,0
20260804_173014_890,1,Unspecified,138,2026-08-04T17:31:31.9898666+09:00,2026-08-04T17:31:32.4898666+09:00,77.098890,77.598890,30,30,-0.020905,-0.086716,0.000003,0.000547,0.000028,0.023445,0
20260804_173014_890,1,Unspecified,139,2026-08-04T17:31:32.4898666+09:00,2026-08-04T17:31:32.9898666+09:00,77.598890,78.098890,30,30,-0.018894,-0.045940,0.000001,0.000021,-0.000001,0.004684,0
20260804_173014_890,1,Unspecified,140,2026-08-04T17:31:32.9898666+09:00,2026-08-04T17:31:33.4898666+09:00,78.098890,78.598890,30,30,-0.019805,-0.044765,0.000001,0.000001,0.000000,0.001424,0
20260804_173014_890,1,Unspecified,141,2026-08-04T17:31:33.4898666+09:00,2026-08-04T17:31:33.9898666+09:00,78.598890,79.098890,30,30,-0.018377,-0.042095,0.000002,0.000092,-0.000008,0.009672,0
20260804_173014_890,1,Unspecified,142,2026-08-04T17:31:33.9898666+09:00,2026-08-04T17:31:34.4898666+09:00,79.098890,79.598890,30,30,-0.009154,-0.033332,0.000289,0.000548,0.000344,0.028924,0
20260804_173014_890,1,Unspecified,143,2026-08-04T17:31:34.4898666+09:00,2026-08-04T17:31:34.9898666+09:00,79.598890,80.098890,30,30,-0.017319,-0.045590,0.000001,0.000002,0.000000,0.001631,0
20260804_173014_890,1,Unspecified,144,2026-08-04T17:31:34.9898666+09:00,2026-08-04T17:31:35.4898666+09:00,80.098890,80.598890,30,30,-0.017574,-0.043385,0.000001,0.000001,0.000000,0.001477,0
20260804_173014_890,1,Unspecified,145,2026-08-04T17:31:35.4898666+09:00,2026-08-04T17:31:35.9898666+09:00,80.598890,81.098890,30,30,-0.017520,-0.047865,0.000000,0.000030,0.000000,0.005509,0
20260804_173014_890,1,Unspecified,146,2026-08-04T17:31:35.9898666+09:00,2026-08-04T17:31:36.4898666+09:00,81.098890,81.598890,30,30,-0.024659,-0.050923,0.000059,0.000095,-0.000074,0.012420,0
20260804_173014_890,1,Unspecified,147,2026-08-04T17:31:36.4898666+09:00,2026-08-04T17:31:36.9898666+09:00,81.598890,82.098890,30,30,-0.017514,-0.041474,0.000213,0.000006,0.000009,0.014767,0
20260804_173014_890,1,Unspecified,148,2026-08-04T17:31:36.9898666+09:00,2026-08-04T17:31:37.4898666+09:00,82.098890,82.598890,30,30,-0.027602,-0.045136,0.000001,0.000003,0.000000,0.002001,0
20260804_173014_890,1,Unspecified,149,2026-08-04T17:31:37.4898666+09:00,2026-08-04T17:31:37.9898666+09:00,82.598890,83.098890,30,30,-0.023909,-0.045575,0.000064,0.000011,0.000001,0.008635,0
20260804_173014_890,1,Unspecified,150,2026-08-04T17:31:37.9898666+09:00,2026-08-04T17:31:38.4898666+09:00,83.098890,83.598890,30,30,-0.006183,-0.056509,0.000198,0.000078,-0.000074,0.016605,0
20260804_173014_890,1,Unspecified,151,2026-08-04T17:31:38.4898666+09:00,2026-08-04T17:31:38.9898666+09:00,83.598890,84.098890,30,30,-0.010325,-0.066529,0.000079,0.000328,-0.000158,0.020167,0
20260804_173014_890,1,Unspecified,152,2026-08-04T17:31:38.9898666+09:00,2026-08-04T17:31:39.4898666+09:00,84.098890,84.598890,30,30,-0.022967,-0.037151,0.000002,0.000002,-0.000001,0.001905,0
20260804_173014_890,1,Unspecified,153,2026-08-04T17:31:39.4898666+09:00,2026-08-04T17:31:39.9898666+09:00,84.598890,85.098890,30,30,-0.020072,-0.038902,0.000037,0.000039,0.000021,0.008706,0
20260804_173014_890,1,Unspecified,154,2026-08-04T17:31:39.9898666+09:00,2026-08-04T17:31:40.4898666+09:00,85.098890,85.598890,30,30,-0.022783,-0.039923,0.000001,0.000002,0.000000,0.001759,0
20260804_173014_890,1,Unspecified,155,2026-08-04T17:31:40.4898666+09:00,2026-08-04T17:31:40.9898666+09:00,85.598890,86.098890,30,30,-0.022242,-0.039829,0.000001,0.000001,0.000000,0.001435,0
20260804_173014_890,1,Unspecified,156,2026-08-04T17:31:40.9898666+09:00,2026-08-04T17:31:41.4898666+09:00,86.098890,86.598890,30,30,-0.022352,-0.039131,0.000002,0.000001,0.000000,0.001669,0
20260804_173014_890,1,Unspecified,157,2026-08-04T17:31:41.4898666+09:00,2026-08-04T17:31:41.9898666+09:00,86.598890,87.098890,30,30,-0.009398,-0.026077,0.000161,0.000269,0.000175,0.020735,0
20260804_173014_890,1,Unspecified,158,2026-08-04T17:31:41.9898666+09:00,2026-08-04T17:31:42.4898666+09:00,87.098890,87.598890,30,30,-0.019934,-0.036997,0.000012,0.000002,0.000003,0.003716,0
20260804_173014_890,1,Unspecified,159,2026-08-04T17:31:42.4898666+09:00,2026-08-04T17:31:42.9898666+09:00,87.598890,88.098890,30,30,-0.025785,-0.038135,0.000001,0.000002,0.000000,0.001483,0
20260804_173014_890,1,Unspecified,160,2026-08-04T17:31:42.9898666+09:00,2026-08-04T17:31:43.4898666+09:00,88.098890,88.598890,30,30,-0.025665,-0.040060,0.000001,0.000002,0.000000,0.001634,0
20260804_173014_890,1,Unspecified,161,2026-08-04T17:31:43.4898666+09:00,2026-08-04T17:31:43.9898666+09:00,88.598890,89.098890,30,30,-0.020524,-0.042190,0.000099,0.000034,0.000045,0.011527,0
20260804_173014_890,1,Unspecified,162,2026-08-04T17:31:43.9898666+09:00,2026-08-04T17:31:44.4898666+09:00,89.098890,89.598890,30,30,-0.025899,-0.044803,0.000001,0.000002,0.000000,0.001749,0
20260804_173014_890,1,Unspecified,163,2026-08-04T17:31:44.4898666+09:00,2026-08-04T17:31:44.9898666+09:00,89.598890,90.098890,30,30,-0.027976,-0.042479,0.000001,0.000005,0.000000,0.002525,0
20260804_173014_890,1,Unspecified,164,2026-08-04T17:31:44.9898666+09:00,2026-08-04T17:31:45.4898666+09:00,90.098890,90.598890,30,30,-0.026623,-0.041527,0.000002,0.000001,0.000000,0.001729,0
20260804_173014_890,1,Unspecified,165,2026-08-04T17:31:45.4898666+09:00,2026-08-04T17:31:45.9898666+09:00,90.598890,91.098890,30,30,-0.023421,-0.046668,0.000012,0.000021,-0.000015,0.005758,0
20260804_173014_890,1,Unspecified,166,2026-08-04T17:31:45.9898666+09:00,2026-08-04T17:31:46.4898666+09:00,91.098890,91.598890,30,30,-0.015270,-0.056946,0.000001,0.000001,0.000000,0.001181,0
20260804_173014_890,1,Unspecified,167,2026-08-04T17:31:46.4898666+09:00,2026-08-04T17:31:46.9898666+09:00,91.598890,92.098890,30,30,-0.021080,-0.047057,0.000027,0.000056,-0.000038,0.009119,0
20260804_173014_890,1,Unspecified,168,2026-08-04T17:31:46.9898666+09:00,2026-08-04T17:31:47.4898666+09:00,92.098890,92.598890,30,30,-0.026191,-0.042195,0.000001,0.000002,0.000000,0.001812,0
20260804_173014_890,1,Unspecified,169,2026-08-04T17:31:47.4898666+09:00,2026-08-04T17:31:47.9898666+09:00,92.598890,93.098890,30,30,-0.017131,-0.042050,0.000202,0.000027,0.000060,0.015156,0
20260804_173014_890,1,Unspecified,170,2026-08-04T17:31:47.9898666+09:00,2026-08-04T17:31:48.4898666+09:00,93.098890,93.598890,30,30,-0.016354,-0.054453,0.000012,0.000074,-0.000014,0.009289,0
20260804_173014_890,1,Unspecified,171,2026-08-04T17:31:48.4898666+09:00,2026-08-04T17:31:48.9898666+09:00,93.598890,94.098890,30,30,-0.025885,-0.048596,0.000040,0.000027,-0.000028,0.008206,0
20260804_173014_890,1,Unspecified,172,2026-08-04T17:31:48.9898666+09:00,2026-08-04T17:31:49.4898666+09:00,94.098890,94.598890,30,30,-0.027522,-0.043841,0.000000,0.000001,0.000000,0.001364,0
20260804_173014_890,1,Unspecified,173,2026-08-04T17:31:49.4898666+09:00,2026-08-04T17:31:49.9898666+09:00,94.598890,95.098890,30,30,-0.014718,-0.045714,0.000217,0.000007,-0.000021,0.014957,0
20260804_173014_890,1,Unspecified,174,2026-08-04T17:31:49.9898666+09:00,2026-08-04T17:31:50.4898666+09:00,95.098890,95.598890,30,30,-0.019009,-0.051276,0.000105,0.000036,0.000042,0.011871,0
20260804_173014_890,1,Unspecified,175,2026-08-04T17:31:50.4898666+09:00,2026-08-04T17:31:50.9898666+09:00,95.598890,96.098890,30,30,-0.026587,-0.049252,0.000002,0.000022,-0.000003,0.004973,0
20260804_173014_890,1,Unspecified,176,2026-08-04T17:31:50.9898666+09:00,2026-08-04T17:31:51.4898666+09:00,96.098890,96.598890,30,30,-0.027703,-0.037618,0.000001,0.000002,0.000001,0.001683,0
20260804_173014_890,1,Unspecified,177,2026-08-04T17:31:51.4898666+09:00,2026-08-04T17:31:51.9898666+09:00,96.598890,97.098890,30,30,-0.025626,-0.038947,0.000029,0.000015,0.000011,0.006574,0
20260804_173014_890,1,Unspecified,178,2026-08-04T17:31:51.9898666+09:00,2026-08-04T17:31:52.4898666+09:00,97.098890,97.598890,30,30,-0.007815,-0.033359,0.000367,0.000130,0.000175,0.022290,0
20260804_173014_890,1,Unspecified,179,2026-08-04T17:31:52.4898666+09:00,2026-08-04T17:31:52.9898666+09:00,97.598890,98.098890,30,30,-0.016754,-0.038806,0.000001,0.000002,0.000000,0.001729,0
20260804_173014_890,1,Unspecified,180,2026-08-04T17:31:52.9898666+09:00,2026-08-04T17:31:53.4898666+09:00,98.098890,98.598890,30,30,-0.016555,-0.041515,0.000001,0.000002,0.000000,0.001545,0
20260804_173014_890,1,Unspecified,181,2026-08-04T17:31:53.4898666+09:00,2026-08-04T17:31:53.9898666+09:00,98.598890,99.098890,30,30,-0.017704,-0.042083,0.000001,0.000001,0.000000,0.001373,0
20260804_173014_890,1,Unspecified,182,2026-08-04T17:31:53.9898666+09:00,2026-08-04T17:31:54.4898666+09:00,99.098890,99.598890,30,30,-0.018204,-0.043748,0.000002,0.000001,0.000000,0.001553,0
20260804_173014_890,1,Unspecified,183,2026-08-04T17:31:54.4898666+09:00,2026-08-04T17:31:54.9898666+09:00,99.598890,100.098890,30,30,-0.024108,-0.039853,0.000041,0.000014,-0.000022,0.007420,0
20260804_173014_890,1,Unspecified,184,2026-08-04T17:31:54.9898666+09:00,2026-08-04T17:31:55.4898666+09:00,100.098890,100.598890,30,30,-0.026443,-0.037851,0.000038,0.000005,0.000008,0.006552,0
20260804_173014_890,1,Unspecified,185,2026-08-04T17:31:55.4898666+09:00,2026-08-04T17:31:55.9898666+09:00,100.598890,101.098890,30,30,-0.018677,-0.037880,0.000056,0.000007,-0.000002,0.007981,0
20260804_173014_890,1,Unspecified,186,2026-08-04T17:31:55.9898666+09:00,2026-08-04T17:31:56.4898666+09:00,101.098890,101.598890,30,30,-0.021879,-0.038627,0.000001,0.000001,0.000000,0.001553,0
20260804_173014_890,1,Unspecified,187,2026-08-04T17:31:56.4898666+09:00,2026-08-04T17:31:56.9898666+09:00,101.598890,102.098890,30,30,-0.022552,-0.038946,0.000001,0.000001,0.000000,0.001346,0
20260804_173014_890,1,Unspecified,188,2026-08-04T17:31:56.9898666+09:00,2026-08-04T17:31:57.4898666+09:00,102.098890,102.598890,30,30,-0.021743,-0.041553,0.000001,0.000001,0.000000,0.001305,0
20260804_173014_890,1,Unspecified,189,2026-08-04T17:31:57.4898666+09:00,2026-08-04T17:31:57.9898666+09:00,102.598890,103.098890,30,30,-0.013291,-0.031931,0.000332,0.000731,0.000481,0.032591,0
20260804_173014_890,1,Unspecified,190,2026-08-04T17:31:57.9898666+09:00,2026-08-04T17:31:58.4898666+09:00,103.098890,103.598890,30,30,-0.005623,-0.024714,0.000147,0.001033,0.000338,0.034357,0
20260804_173014_890,1,Unspecified,191,2026-08-04T17:31:58.4898666+09:00,2026-08-04T17:31:58.9898666+09:00,103.598890,104.098890,30,30,-0.019563,-0.043290,0.000035,0.000005,-0.000013,0.006366,0
20260804_173014_890,1,Unspecified,192,2026-08-04T17:31:58.9898666+09:00,2026-08-04T17:31:59.4898666+09:00,104.098890,104.598890,30,30,-0.025496,-0.040988,0.000000,0.000002,0.000000,0.001606,0
20260804_173014_890,1,Unspecified,193,2026-08-04T17:31:59.4898666+09:00,2026-08-04T17:31:59.9898666+09:00,104.598890,105.098890,30,30,-0.024137,-0.043445,0.000001,0.000003,0.000000,0.001947,0
20260804_173014_890,1,Unspecified,194,2026-08-04T17:31:59.9898666+09:00,2026-08-04T17:32:00.4898666+09:00,105.098890,105.598890,30,30,-0.019434,-0.066144,0.000025,0.000051,-0.000027,0.008704,0
20260804_173014_890,1,Unspecified,195,2026-08-04T17:32:00.4898666+09:00,2026-08-04T17:32:00.9898666+09:00,105.598890,106.098890,30,30,-0.027389,-0.042900,0.000017,0.000016,0.000002,0.005748,0
20260804_173014_890,1,Unspecified,196,2026-08-04T17:32:00.9898666+09:00,2026-08-04T17:32:01.4898666+09:00,106.098890,106.598890,30,30,-0.025387,-0.040871,0.000001,0.000002,0.000000,0.001671,0
20260804_173014_890,1,Unspecified,197,2026-08-04T17:32:01.4898666+09:00,2026-08-04T17:32:01.9898666+09:00,106.598890,107.098890,30,30,-0.025112,-0.043334,0.000034,0.000021,-0.000023,0.007379,0
20260804_173014_890,1,Unspecified,198,2026-08-04T17:32:01.9898666+09:00,2026-08-04T17:32:02.4898666+09:00,107.098890,107.598890,30,30,-0.014787,-0.047400,0.000279,0.000125,-0.000135,0.020115,0
20260804_173014_890,1,Unspecified,199,2026-08-04T17:32:02.4898666+09:00,2026-08-04T17:32:02.9898666+09:00,107.598890,108.098890,30,30,-0.027620,-0.037553,0.000000,0.000004,0.000000,0.002165,0
20260804_173014_890,1,Unspecified,200,2026-08-04T17:32:02.9898666+09:00,2026-08-04T17:32:03.4898666+09:00,108.098890,108.598890,30,30,-0.027487,-0.036902,0.000001,0.000000,0.000000,0.001007,0
20260804_173014_890,1,Unspecified,201,2026-08-04T17:32:03.4898666+09:00,2026-08-04T17:32:03.9898666+09:00,108.598890,109.098890,30,30,-0.026356,-0.037697,0.000001,0.000002,-0.000001,0.001741,0
20260804_173014_890,1,Unspecified,202,2026-08-04T17:32:03.9898666+09:00,2026-08-04T17:32:04.4898666+09:00,109.098890,109.598890,30,30,-0.015490,-0.033661,0.000198,0.000296,0.000221,0.022228,0
20260804_173014_890,1,Unspecified,203,2026-08-04T17:32:04.4898666+09:00,2026-08-04T17:32:04.9898666+09:00,109.598890,110.098890,30,30,-0.016683,-0.042759,0.000001,0.000001,-0.000001,0.001552,0
20260804_173014_890,1,Unspecified,204,2026-08-04T17:32:04.9898666+09:00,2026-08-04T17:32:05.4898666+09:00,110.098890,110.598890,30,30,-0.016932,-0.042830,0.000001,0.000001,0.000000,0.001393,0
20260804_173014_890,1,Unspecified,205,2026-08-04T17:32:05.4898666+09:00,2026-08-04T17:32:05.9898666+09:00,110.598890,111.098890,30,30,-0.017317,-0.042755,0.000001,0.000001,0.000000,0.001149,0
20260804_173014_890,1,Unspecified,206,2026-08-04T17:32:05.9898666+09:00,2026-08-04T17:32:06.4898666+09:00,111.098890,111.598890,30,30,-0.017438,-0.042392,0.000008,0.000002,-0.000002,0.003139,0
20260804_173014_890,1,Unspecified,207,2026-08-04T17:32:06.4898666+09:00,2026-08-04T17:32:06.9898666+09:00,111.598890,112.098890,30,30,-0.022100,-0.039949,0.000102,0.000002,0.000000,0.010181,0
20260804_173014_890,1,Unspecified,208,2026-08-04T17:32:06.9898666+09:00,2026-08-04T17:32:07.4898666+09:00,112.098890,112.598890,30,30,-0.012253,-0.041150,0.000001,0.000002,0.000001,0.001608,0
20260804_173014_890,1,Unspecified,209,2026-08-04T17:32:07.4898666+09:00,2026-08-04T17:32:07.9898666+09:00,112.598890,113.098890,30,30,-0.010775,-0.041014,0.000019,0.000040,-0.000012,0.007709,0
20260804_173014_890,1,Unspecified,210,2026-08-04T17:32:07.9898666+09:00,2026-08-04T17:32:08.4898666+09:00,113.098890,113.598890,30,30,-0.008469,-0.041459,0.000001,0.000002,0.000000,0.001770,0
20260804_173014_890,1,Unspecified,211,2026-08-04T17:32:08.4898666+09:00,2026-08-04T17:32:08.9898666+09:00,113.598890,114.098890,30,30,-0.010122,-0.041164,0.000001,0.000002,0.000000,0.001616,0
20260804_173014_890,1,Unspecified,212,2026-08-04T17:32:08.9898666+09:00,2026-08-04T17:32:09.4898666+09:00,114.098890,114.598890,30,30,-0.009676,-0.043047,0.000001,0.000001,0.000000,0.001569,0
20260804_173014_890,1,Unspecified,213,2026-08-04T17:32:09.4898666+09:00,2026-08-04T17:32:09.9898666+09:00,114.598890,115.098890,30,30,-0.011583,-0.044545,0.000066,0.000013,-0.000020,0.008919,0
20260804_173014_890,1,Unspecified,214,2026-08-04T17:32:09.9898666+09:00,2026-08-04T17:32:10.4898666+09:00,115.098890,115.598890,30,30,-0.028938,-0.041637,0.000019,0.000005,0.000002,0.004928,0
20260804_173014_890,1,Unspecified,215,2026-08-04T17:32:10.4898666+09:00,2026-08-04T17:32:10.9898666+09:00,115.598890,116.098890,30,30,-0.025785,-0.040540,0.000000,0.000002,0.000000,0.001613,0
20260804_173014_890,1,Unspecified,216,2026-08-04T17:32:10.9898666+09:00,2026-08-04T17:32:11.4898666+09:00,116.098890,116.598890,30,30,-0.025190,-0.039023,0.000001,0.000002,0.000000,0.001488,0
20260804_173014_890,1,Unspecified,217,2026-08-04T17:32:11.4898666+09:00,2026-08-04T17:32:11.9898666+09:00,116.598890,117.098890,30,30,-0.022255,-0.037354,0.000061,0.000096,0.000063,0.012521,0
20260804_173014_890,1,Unspecified,218,2026-08-04T17:32:11.9898666+09:00,2026-08-04T17:32:12.4898666+09:00,117.098890,117.598890,30,30,-0.019539,-0.031289,0.000240,0.001019,0.000440,0.035490,0
20260804_173014_890,1,Unspecified,219,2026-08-04T17:32:12.4898666+09:00,2026-08-04T17:32:12.9898666+09:00,117.598890,118.098890,30,30,-0.026923,-0.041618,0.000003,0.000016,0.000004,0.004363,0
20260804_173014_890,1,Unspecified,220,2026-08-04T17:32:12.9898666+09:00,2026-08-04T17:32:13.4898666+09:00,118.098890,118.598890,30,30,-0.024998,-0.037800,0.000000,0.000001,0.000000,0.001198,0
20260804_173014_890,1,Unspecified,221,2026-08-04T17:32:13.4898666+09:00,2026-08-04T17:32:13.9898666+09:00,118.598890,119.098890,30,30,-0.022768,-0.038263,0.000005,0.000034,0.000007,0.006194,0
20260804_173014_890,1,Unspecified,222,2026-08-04T17:32:13.9898666+09:00,2026-08-04T17:32:14.4898666+09:00,119.098890,119.598890,30,30,-0.015198,-0.027803,0.000120,0.000354,0.000178,0.021783,0
20260804_173014_890,1,Unspecified,223,2026-08-04T17:32:14.4898666+09:00,2026-08-04T17:32:14.9898666+09:00,119.598890,120.098890,30,30,-0.020621,-0.037402,0.000001,0.000001,0.000000,0.001343,0
20260804_173014_890,1,Unspecified,224,2026-08-04T17:32:14.9898666+09:00,2026-08-04T17:32:15.4898666+09:00,120.098890,120.598890,30,30,-0.021905,-0.036799,0.000001,0.000001,0.000000,0.001262,0
20260804_173014_890,1,Unspecified,225,2026-08-04T17:32:15.4898666+09:00,2026-08-04T17:32:15.9898666+09:00,120.598890,121.098890,30,30,-0.021539,-0.038412,0.000001,0.000001,0.000000,0.001119,0
20260804_173014_890,1,Unspecified,226,2026-08-04T17:32:15.9898666+09:00,2026-08-04T17:32:16.4898666+09:00,121.098890,121.598890,30,30,-0.020409,-0.053620,0.000001,0.000003,0.000000,0.001995,0
20260804_173014_890,1,Unspecified,227,2026-08-04T17:32:16.4898666+09:00,2026-08-04T17:32:16.9898666+09:00,121.598890,122.098890,30,30,-0.022534,-0.042301,0.000003,0.000097,-0.000008,0.009963,0
20260804_173014_890,1,Unspecified,228,2026-08-04T17:32:16.9898666+09:00,2026-08-04T17:32:17.4898666+09:00,122.098890,122.598890,30,30,-0.022988,-0.035403,0.000001,0.000000,0.000000,0.001122,0
20260804_173014_890,1,Unspecified,229,2026-08-04T17:32:17.4898666+09:00,2026-08-04T17:32:17.9898666+09:00,122.598890,123.098890,30,30,-0.026558,-0.034320,0.000040,0.000017,-0.000005,0.007571,0
20260804_173014_890,1,Unspecified,230,2026-08-04T17:32:17.9898666+09:00,2026-08-04T17:32:18.4898666+09:00,123.098890,123.598890,30,30,-0.014286,-0.032837,0.000046,0.000008,-0.000001,0.007348,0
20260804_173014_890,1,Unspecified,231,2026-08-04T17:32:18.4898666+09:00,2026-08-04T17:32:18.9898666+09:00,123.598890,124.098890,30,30,-0.019803,-0.036709,0.000021,0.000005,0.000009,0.005066,0
20260804_173014_890,1,Unspecified,232,2026-08-04T17:32:18.9898666+09:00,2026-08-04T17:32:19.4898666+09:00,124.098890,124.598890,30,30,-0.022380,-0.036075,0.000007,0.000002,0.000001,0.003000,0
20260804_173014_890,1,Unspecified,233,2026-08-04T17:32:19.4898666+09:00,2026-08-04T17:32:19.9898666+09:00,124.598890,125.098890,30,30,-0.011097,-0.019697,0.000221,0.000680,0.000354,0.030013,0
20260804_173014_890,1,Unspecified,234,2026-08-04T17:32:19.9898666+09:00,2026-08-04T17:32:20.4898666+09:00,125.098890,125.598890,30,30,-0.020503,-0.039018,0.000001,0.000001,0.000000,0.001334,0
20260804_173014_890,1,Unspecified,235,2026-08-04T17:32:20.4898666+09:00,2026-08-04T17:32:20.9898666+09:00,125.598890,126.098890,30,30,-0.028132,-0.033389,0.000042,0.000020,-0.000028,0.007843,0
20260804_173014_890,1,Unspecified,236,2026-08-04T17:32:20.9898666+09:00,2026-08-04T17:32:21.4898666+09:00,126.098890,126.598890,30,30,-0.033726,-0.032546,0.000001,0.000002,0.000000,0.001494,0
20260804_173014_890,1,Unspecified,237,2026-08-04T17:32:21.4898666+09:00,2026-08-04T17:32:21.9898666+09:00,126.598890,127.098890,30,30,-0.024639,-0.029066,0.000217,0.000293,0.000223,0.022590,0
20260804_173014_890,1,Unspecified,238,2026-08-04T17:32:21.9898666+09:00,2026-08-04T17:32:22.4898666+09:00,127.098890,127.598890,30,30,-0.013839,-0.020884,0.000043,0.000772,0.000169,0.028558,0
20260804_173014_890,1,Unspecified,239,2026-08-04T17:32:22.4898666+09:00,2026-08-04T17:32:22.9898666+09:00,127.598890,128.098890,30,30,-0.018230,-0.038660,0.000001,0.000001,0.000000,0.001563,0
20260804_173014_890,1,Unspecified,240,2026-08-04T17:32:22.9898666+09:00,2026-08-04T17:32:23.4898666+09:00,128.098890,128.598890,30,30,-0.028989,-0.030930,0.000001,0.000002,0.000000,0.001684,0
20260804_173014_890,1,Unspecified,241,2026-08-04T17:32:23.4898666+09:00,2026-08-04T17:32:23.9898666+09:00,128.598890,129.098890,30,30,-0.028890,-0.032344,0.000001,0.000001,0.000000,0.001364,0
20260804_173014_890,1,Unspecified,242,2026-08-04T17:32:23.9898666+09:00,2026-08-04T17:32:24.4898666+09:00,129.098890,129.598890,30,30,-0.023396,-0.031195,0.000054,0.000139,0.000076,0.013897,0
20260804_173014_890,1,Unspecified,243,2026-08-04T17:32:24.4898666+09:00,2026-08-04T17:32:24.9898666+09:00,129.598890,130.098890,30,30,-0.022594,-0.037591,0.000001,0.000009,0.000002,0.003184,0
20260804_173014_890,1,Unspecified,244,2026-08-04T17:32:24.9898666+09:00,2026-08-04T17:32:25.4898666+09:00,130.098890,130.598890,30,30,-0.021452,-0.031572,0.000001,0.000001,0.000000,0.001196,0
20260804_173014_890,1,Unspecified,245,2026-08-04T17:32:25.4898666+09:00,2026-08-04T17:32:25.9898666+09:00,130.598890,131.098890,30,30,-0.020955,-0.032646,0.000000,0.000001,0.000000,0.001378,0
20260804_173014_890,1,Unspecified,246,2026-08-04T17:32:25.9898666+09:00,2026-08-04T17:32:26.4898666+09:00,131.098890,131.598890,30,30,-0.020923,-0.033070,0.000001,0.000001,0.000000,0.001141,0
20260804_173014_890,1,Unspecified,247,2026-08-04T17:32:26.4898666+09:00,2026-08-04T17:32:26.9898666+09:00,131.598890,132.098890,30,30,-0.021654,-0.033802,0.000001,0.000001,0.000000,0.001353,0
20260804_173014_890,1,Unspecified,248,2026-08-04T17:32:26.9898666+09:00,2026-08-04T17:32:27.4898666+09:00,132.098890,132.598890,30,30,-0.021079,-0.035325,0.000001,0.000001,0.000000,0.001261,0
20260804_173014_890,1,Unspecified,249,2026-08-04T17:32:27.4898666+09:00,2026-08-04T17:32:27.9898666+09:00,132.598890,133.098890,30,30,-0.021396,-0.036461,0.000004,0.000018,-0.000006,0.004687,0
20260804_173014_890,1,Unspecified,250,2026-08-04T17:32:27.9898666+09:00,2026-08-04T17:32:28.4898666+09:00,133.098890,133.598890,30,30,-0.023899,-0.033031,0.000049,0.000200,0.000073,0.015758,0
20260804_173014_890,1,Unspecified,251,2026-08-04T17:32:28.4898666+09:00,2026-08-04T17:32:28.9898666+09:00,133.598890,134.098890,30,30,-0.024363,-0.038528,0.000001,0.000001,0.000000,0.001353,0
20260804_173014_890,1,Unspecified,252,2026-08-04T17:32:28.9898666+09:00,2026-08-04T17:32:29.4898666+09:00,134.098890,134.598890,30,30,-0.023450,-0.038319,0.000001,0.000002,0.000000,0.001703,0
20260804_173014_890,1,Unspecified,253,2026-08-04T17:32:29.4898666+09:00,2026-08-04T17:32:29.9898666+09:00,134.598890,135.098890,30,30,-0.023085,-0.039363,0.000001,0.000004,0.000001,0.002337,0
20260804_173014_890,1,Unspecified,254,2026-08-04T17:32:29.9898666+09:00,2026-08-04T17:32:30.4898666+09:00,135.098890,135.598890,30,30,-0.010974,-0.026960,0.000068,0.000311,0.000122,0.019457,0
20260804_173014_890,1,Unspecified,255,2026-08-04T17:32:30.4898666+09:00,2026-08-04T17:32:30.9898666+09:00,135.598890,136.098890,30,30,-0.022558,-0.037046,0.000032,0.000001,0.000005,0.005741,0
20260804_173014_890,1,Unspecified,256,2026-08-04T17:32:30.9898666+09:00,2026-08-04T17:32:31.4898666+09:00,136.098890,136.598890,30,30,-0.027259,-0.037727,0.000001,0.000000,0.000000,0.000995,0
20260804_173014_890,1,Unspecified,257,2026-08-04T17:32:31.4898666+09:00,2026-08-04T17:32:31.9898666+09:00,136.598890,137.098890,30,30,-0.022902,-0.035368,0.000108,0.000282,0.000169,0.019755,0
20260804_173014_890,1,Unspecified,258,2026-08-04T17:32:31.9898666+09:00,2026-08-04T17:32:32.4898666+09:00,137.098890,137.598890,30,30,-0.022435,-0.037113,0.000041,0.000101,0.000041,0.011879,0
20260804_173014_890,1,Unspecified,259,2026-08-04T17:32:32.4898666+09:00,2026-08-04T17:32:32.9898666+09:00,137.598890,138.098890,30,30,-0.022813,-0.037893,0.000001,0.000002,0.000000,0.001827,0
20260804_173014_890,1,Unspecified,260,2026-08-04T17:32:32.9898666+09:00,2026-08-04T17:32:33.4898666+09:00,138.098890,138.598890,30,30,-0.022296,-0.036671,0.000001,0.000001,0.000000,0.001183,0
20260804_173014_890,1,Unspecified,261,2026-08-04T17:32:33.4898666+09:00,2026-08-04T17:32:33.9898666+09:00,138.598890,139.098890,30,30,-0.019327,-0.038018,0.000025,0.000026,0.000006,0.007195,0
20260804_173014_890,1,Unspecified,262,2026-08-04T17:32:33.9898666+09:00,2026-08-04T17:32:34.4898666+09:00,139.098890,139.598890,30,30,-0.008479,-0.044357,0.000058,0.000017,-0.000029,0.008660,0
20260804_173014_890,1,Unspecified,263,2026-08-04T17:32:34.4898666+09:00,2026-08-04T17:32:34.9898666+09:00,139.598890,140.098890,30,30,-0.018508,-0.040337,0.000124,0.000033,-0.000061,0.012495,0
20260804_173014_890,1,Unspecified,264,2026-08-04T17:32:34.9898666+09:00,2026-08-04T17:32:35.4898666+09:00,140.098890,140.598890,30,30,-0.017277,-0.035793,0.000020,0.000002,0.000002,0.004630,0
20260804_173014_890,1,Unspecified,265,2026-08-04T17:32:35.4898666+09:00,2026-08-04T17:32:35.9898666+09:00,140.598890,141.098890,30,30,-0.021240,-0.038616,0.000042,0.000022,0.000009,0.008028,0
20260804_173014_890,1,Unspecified,266,2026-08-04T17:32:35.9898666+09:00,2026-08-04T17:32:36.4898666+09:00,141.098890,141.598890,30,30,-0.024745,-0.030288,0.000001,0.000002,0.000000,0.001720,0
20260804_173014_890,1,Unspecified,267,2026-08-04T17:32:36.4898666+09:00,2026-08-04T17:32:36.9898666+09:00,141.598890,142.098890,30,30,-0.022375,-0.032820,0.000002,0.000001,-0.000001,0.001822,0
20260804_173014_890,1,Unspecified,268,2026-08-04T17:32:36.9898666+09:00,2026-08-04T17:32:37.4898666+09:00,142.098890,142.598890,30,30,-0.021630,-0.033934,0.000001,0.000002,-0.000001,0.001755,0
20260804_173014_890,1,Unspecified,269,2026-08-04T17:32:37.4898666+09:00,2026-08-04T17:32:37.9898666+09:00,142.598890,143.098890,30,30,-0.019596,-0.030349,0.000032,0.000225,0.000046,0.016020,0
20260804_173014_890,1,Unspecified,270,2026-08-04T17:32:37.9898666+09:00,2026-08-04T17:32:38.4898666+09:00,143.098890,143.598890,30,30,-0.020484,-0.037621,0.000000,0.000001,0.000000,0.001204,0
20260804_173014_890,1,Unspecified,271,2026-08-04T17:32:38.4898666+09:00,2026-08-04T17:32:38.9898666+09:00,143.598890,144.098890,30,30,-0.021186,-0.036357,0.000001,0.000001,0.000000,0.001178,0
20260804_173014_890,1,Unspecified,272,2026-08-04T17:32:38.9898666+09:00,2026-08-04T17:32:39.4898666+09:00,144.098890,144.598890,30,30,-0.021352,-0.037707,0.000001,0.000002,0.000000,0.001724,0
20260804_173014_890,1,Unspecified,273,2026-08-04T17:32:39.4898666+09:00,2026-08-04T17:32:39.9898666+09:00,144.598890,145.098890,30,30,-0.022743,-0.029211,0.000172,0.000325,0.000183,0.022292,0
20260804_173014_890,1,Unspecified,274,2026-08-04T17:32:39.9898666+09:00,2026-08-04T17:32:40.4898666+09:00,145.098890,145.598890,30,30,-0.023525,-0.031936,0.000097,0.000340,0.000172,0.020901,0
20260804_173014_890,1,Unspecified,275,2026-08-04T17:32:40.4898666+09:00,2026-08-04T17:32:40.9898666+09:00,145.598890,146.098890,30,30,-0.012126,-0.031443,0.000138,0.000665,0.000296,0.028335,0
20260804_173014_890,1,Unspecified,276,2026-08-04T17:32:40.9898666+09:00,2026-08-04T17:32:41.4898666+09:00,146.098890,146.598890,30,30,-0.017568,-0.044573,0.000001,0.000001,0.000000,0.001375,0
20260804_173014_890,1,Unspecified,277,2026-08-04T17:32:41.4898666+09:00,2026-08-04T17:32:41.9898666+09:00,146.598890,147.098890,30,30,-0.017503,-0.040102,0.000025,0.000351,0.000082,0.019369,0
20260804_173014_890,1,Unspecified,278,2026-08-04T17:32:41.9898666+09:00,2026-08-04T17:32:42.4898666+09:00,147.098890,147.598890,30,30,-0.015745,-0.025827,0.000132,0.000365,0.000173,0.022313,0
20260804_173014_890,1,Unspecified,279,2026-08-04T17:32:42.4898666+09:00,2026-08-04T17:32:42.9898666+09:00,147.598890,148.098890,30,30,-0.018383,-0.043805,0.000045,0.000010,-0.000016,0.007444,0
20260804_173014_890,1,Unspecified,280,2026-08-04T17:32:42.9898666+09:00,2026-08-04T17:32:43.4898666+09:00,148.098890,148.598890,30,30,-0.025556,-0.039341,0.000001,0.000002,0.000000,0.001589,0
20260804_173014_890,1,Unspecified,281,2026-08-04T17:32:43.4898666+09:00,2026-08-04T17:32:43.9898666+09:00,148.598890,149.098890,30,30,-0.025421,-0.040653,0.000001,0.000001,0.000000,0.001434,0
20260804_173014_890,1,Unspecified,282,2026-08-04T17:32:43.9898666+09:00,2026-08-04T17:32:44.4898666+09:00,149.098890,149.598890,30,30,-0.025235,-0.041172,0.000001,0.000001,0.000000,0.001229,0
20260804_173014_890,1,Unspecified,283,2026-08-04T17:32:44.4898666+09:00,2026-08-04T17:32:44.9898666+09:00,149.598890,150.098890,30,30,-0.027200,-0.037374,0.000001,0.000013,0.000002,0.003819,0
20260804_173014_890,1,Unspecified,284,2026-08-04T17:32:44.9898666+09:00,2026-08-04T17:32:45.4898666+09:00,150.098890,150.598890,30,30,-0.026277,-0.037834,0.000006,0.000014,-0.000007,0.004431,0
20260804_173014_890,1,Unspecified,285,2026-08-04T17:32:45.4898666+09:00,2026-08-04T17:32:45.9898666+09:00,150.598890,151.098890,30,30,-0.016552,-0.041109,0.000227,0.000041,-0.000082,0.016382,0
20260804_173014_890,1,Unspecified,286,2026-08-04T17:32:45.9898666+09:00,2026-08-04T17:32:46.4898666+09:00,151.098890,151.598890,30,30,-0.010458,-0.040516,0.000527,0.000062,-0.000177,0.024268,0
20260804_173014_890,1,Unspecified,287,2026-08-04T17:32:46.4898666+09:00,2026-08-04T17:32:46.9898666+09:00,151.598890,152.098890,30,30,-0.023262,-0.035308,0.000001,0.000001,0.000000,0.001561,0
20260804_173014_890,1,Unspecified,288,2026-08-04T17:32:46.9898666+09:00,2026-08-04T17:32:47.4898666+09:00,152.098890,152.598890,30,30,-0.024031,-0.036065,0.000002,0.000002,-0.000001,0.002075,0
20260804_173014_890,1,Unspecified,289,2026-08-04T17:32:47.4898666+09:00,2026-08-04T17:32:47.9898666+09:00,152.598890,153.098890,30,30,-0.017053,-0.035888,0.000068,0.000243,0.000095,0.017640,0
20260804_173014_890,1,Unspecified,290,2026-08-04T17:32:47.9898666+09:00,2026-08-04T17:32:48.4898666+09:00,153.098890,153.598890,30,30,-0.029544,-0.043032,0.000114,0.000012,0.000035,0.011216,0
20260804_173014_890,1,Unspecified,291,2026-08-04T17:32:48.4898666+09:00,2026-08-04T17:32:48.9898666+09:00,153.598890,154.098890,30,30,-0.022148,-0.035011,0.000158,0.000031,0.000065,0.013759,0
20260804_173014_890,1,Unspecified,292,2026-08-04T17:32:48.9898666+09:00,2026-08-04T17:32:49.4898666+09:00,154.098890,154.598890,30,30,-0.025642,-0.035876,0.000007,0.000005,-0.000005,0.003473,0
20260804_173014_890,1,Unspecified,293,2026-08-04T17:32:49.4898666+09:00,2026-08-04T17:32:49.9898666+09:00,154.598890,155.098890,30,30,-0.006695,-0.022778,0.000110,0.000563,0.000107,0.025940,0
20260804_173014_890,1,Unspecified,294,2026-08-04T17:32:49.9898666+09:00,2026-08-04T17:32:50.4898666+09:00,155.098890,155.598890,30,30,-0.004906,-0.049814,0.000462,0.000078,-0.000187,0.023253,0
20260804_173014_890,1,Unspecified,295,2026-08-04T17:32:50.4898666+09:00,2026-08-04T17:32:50.9898666+09:00,155.598890,156.098890,30,30,-0.022159,-0.034270,0.000029,0.000012,0.000017,0.006392,0
20260804_173014_890,1,Unspecified,296,2026-08-04T17:32:50.9898666+09:00,2026-08-04T17:32:51.4898666+09:00,156.098890,156.598890,30,30,-0.019083,-0.032473,0.000001,0.000002,0.000000,0.001600,0
20260804_173014_890,1,Unspecified,297,2026-08-04T17:32:51.4898666+09:00,2026-08-04T17:32:51.9898666+09:00,156.598890,157.098890,30,30,-0.023022,-0.033969,0.000026,0.000005,-0.000007,0.005625,0
20260804_173014_890,1,Unspecified,298,2026-08-04T17:32:51.9898666+09:00,2026-08-04T17:32:52.4898666+09:00,157.098890,157.598890,30,30,-0.024837,-0.035690,0.000009,0.000008,0.000004,0.004132,0
20260804_173014_890,1,Unspecified,299,2026-08-04T17:32:52.4898666+09:00,2026-08-04T17:32:52.9898666+09:00,157.598890,158.098890,30,30,-0.031026,-0.040497,0.000139,0.000025,0.000057,0.012793,0
20260804_173014_890,1,Unspecified,300,2026-08-04T17:32:52.9898666+09:00,2026-08-04T17:32:53.4898666+09:00,158.098890,158.598890,30,30,-0.028641,-0.036644,0.000023,0.000001,0.000003,0.004936,0
20260804_173014_890,1,Unspecified,301,2026-08-04T17:32:53.4898666+09:00,2026-08-04T17:32:53.9898666+09:00,158.598890,159.098890,30,30,-0.007816,-0.041854,0.000096,0.000008,-0.000007,0.010216,0
20260804_173014_890,1,Unspecified,302,2026-08-04T17:32:53.9898666+09:00,2026-08-04T17:32:54.4898666+09:00,159.098890,159.598890,30,30,-0.029722,-0.037636,0.000097,0.000002,-0.000008,0.009954,0
20260804_173014_890,1,Unspecified,303,2026-08-04T17:32:54.4898666+09:00,2026-08-04T17:32:54.9898666+09:00,159.598890,160.098890,30,30,-0.018750,-0.028983,0.000041,0.000006,0.000013,0.006844,0
20260804_173014_890,1,Unspecified,304,2026-08-04T17:32:54.9898666+09:00,2026-08-04T17:32:55.4898666+09:00,160.098890,160.598890,30,30,-0.026773,-0.031556,0.000002,0.000002,0.000000,0.001828,0
20260804_173014_890,1,Unspecified,305,2026-08-04T17:32:55.4898666+09:00,2026-08-04T17:32:55.9898666+09:00,160.598890,161.098890,30,30,-0.019268,-0.032599,0.000134,0.000031,0.000026,0.012843,0
20260804_173014_890,1,Unspecified,306,2026-08-04T17:32:55.9898666+09:00,2026-08-04T17:32:56.4898666+09:00,161.098890,161.598890,30,30,-0.012462,-0.035830,0.000120,0.000089,0.000097,0.014441,0
20260804_173014_890,1,Unspecified,307,2026-08-04T17:32:56.4898666+09:00,2026-08-04T17:32:56.9898666+09:00,161.598890,162.098890,30,30,-0.027058,-0.031188,0.000042,0.000008,-0.000017,0.007054,0
20260804_173014_890,1,Unspecified,308,2026-08-04T17:32:56.9898666+09:00,2026-08-04T17:32:57.4898666+09:00,162.098890,162.598890,30,30,-0.032219,-0.029617,0.000001,0.000001,0.000000,0.001393,0
20260804_173014_890,1,Unspecified,309,2026-08-04T17:32:57.4898666+09:00,2026-08-04T17:32:57.9898666+09:00,162.598890,163.098890,30,30,-0.022796,-0.032754,0.000167,0.000014,0.000036,0.013452,0
20260804_173014_890,1,Unspecified,310,2026-08-04T17:32:57.9898666+09:00,2026-08-04T17:32:58.4898666+09:00,163.098890,163.598890,30,30,-0.001767,-0.036970,0.000456,0.000004,-0.000032,0.021470,0
20260804_173014_890,1,Unspecified,311,2026-08-04T17:32:58.4898666+09:00,2026-08-04T17:32:58.9898666+09:00,163.598890,164.098890,30,30,-0.028256,-0.032838,0.000128,0.000000,0.000000,0.011327,0
20260804_173014_890,1,Unspecified,312,2026-08-04T17:32:58.9898666+09:00,2026-08-04T17:32:59.4898666+09:00,164.098890,164.598890,30,30,-0.018683,-0.032393,0.000026,0.000059,0.000036,0.009217,0
20260804_173014_890,1,Unspecified,313,2026-08-04T17:32:59.4898666+09:00,2026-08-04T17:32:59.9898666+09:00,164.598890,165.098890,30,30,-0.017602,-0.025000,0.000073,0.000228,0.000110,0.017342,0
20260804_173014_890,1,Unspecified,314,2026-08-04T17:32:59.9898666+09:00,2026-08-04T17:33:00.4898666+09:00,165.098890,165.598890,30,30,-0.022639,-0.031116,0.000001,0.000002,0.000000,0.001607,0
20260804_173014_890,1,Unspecified,315,2026-08-04T17:33:00.4898666+09:00,2026-08-04T17:33:00.9898666+09:00,165.598890,166.098890,30,30,-0.023642,-0.030528,0.000000,0.000003,0.000000,0.001761,0
20260804_173014_890,1,Unspecified,316,2026-08-04T17:33:00.9898666+09:00,2026-08-04T17:33:01.4898666+09:00,166.098890,166.598890,30,30,-0.023366,-0.032945,0.000001,0.000002,-0.000001,0.001671,0
20260804_173014_890,1,Unspecified,317,2026-08-04T17:33:01.4898666+09:00,2026-08-04T17:33:01.9898666+09:00,166.598890,167.098890,30,30,-0.017302,-0.022722,0.000049,0.000640,0.000140,0.026238,0
20260804_173014_890,1,Unspecified,318,2026-08-04T17:33:01.9898666+09:00,2026-08-04T17:33:02.4898666+09:00,167.098890,167.598890,30,30,-0.017288,-0.037491,0.000001,0.000002,0.000000,0.001612,0
20260804_173014_890,1,Unspecified,319,2026-08-04T17:33:02.4898666+09:00,2026-08-04T17:33:02.9898666+09:00,167.598890,168.098890,30,30,-0.022061,-0.028953,0.000060,0.000006,0.000005,0.008102,0
20260804_173014_890,1,Unspecified,320,2026-08-04T17:33:02.9898666+09:00,2026-08-04T17:33:03.4898666+09:00,168.098890,168.598890,30,30,-0.018375,-0.030775,0.000001,0.000001,0.000001,0.001481,0
20260804_173014_890,1,Unspecified,321,2026-08-04T17:33:03.4898666+09:00,2026-08-04T17:33:03.9898666+09:00,168.598890,169.098890,30,30,-0.018538,-0.033126,0.000001,0.000002,0.000000,0.001749,0
20260804_173014_890,1,Unspecified,322,2026-08-04T17:33:03.9898666+09:00,2026-08-04T17:33:04.4898666+09:00,169.098890,169.598890,30,30,-0.010686,-0.028851,0.000316,0.000151,0.000203,0.021598,0
20260804_173014_890,1,Unspecified,323,2026-08-04T17:33:04.4898666+09:00,2026-08-04T17:33:04.9898666+09:00,169.598890,170.098890,30,30,-0.014062,-0.033309,0.000095,0.000030,0.000045,0.011173,0
20260804_173014_890,1,Unspecified,324,2026-08-04T17:33:04.9898666+09:00,2026-08-04T17:33:05.4898666+09:00,170.098890,170.598890,30,30,-0.021871,-0.031561,0.000001,0.000001,0.000000,0.001450,0
20260804_173014_890,1,Unspecified,325,2026-08-04T17:33:05.4898666+09:00,2026-08-04T17:33:05.9898666+09:00,170.598890,171.098890,30,30,-0.022119,-0.034377,0.000002,0.000017,0.000000,0.004255,0
20260804_173014_890,1,Unspecified,326,2026-08-04T17:33:05.9898666+09:00,2026-08-04T17:33:06.4898666+09:00,171.098890,171.598890,30,30,-0.027201,-0.031991,0.000140,0.000228,0.000016,0.019201,0
20260804_173014_890,1,Unspecified,327,2026-08-04T17:33:06.4898666+09:00,2026-08-04T17:33:06.9898666+09:00,171.598890,172.098890,30,30,-0.025974,-0.038056,0.000001,0.000001,0.000000,0.001289,0
20260804_173014_890,1,Unspecified,328,2026-08-04T17:33:06.9898666+09:00,2026-08-04T17:33:07.4898666+09:00,172.098890,172.598890,30,30,-0.025611,-0.037849,0.000001,0.000001,0.000000,0.001225,0
20260804_173014_890,1,Unspecified,329,2026-08-04T17:33:07.4898666+09:00,2026-08-04T17:33:07.9898666+09:00,172.598890,173.098890,30,30,-0.022098,-0.033056,0.000048,0.000448,0.000114,0.022256,0
20260804_173014_890,1,Unspecified,330,2026-08-04T17:33:07.9898666+09:00,2026-08-04T17:33:08.4898666+09:00,173.098890,173.598890,30,30,-0.010229,-0.022750,0.000186,0.000867,0.000293,0.032459,0
20260804_173014_890,1,Unspecified,331,2026-08-04T17:33:08.4898666+09:00,2026-08-04T17:33:08.9898666+09:00,173.598890,174.098890,30,30,-0.022965,-0.041861,0.000023,0.000013,-0.000017,0.006030,0
20260804_173014_890,1,Unspecified,332,2026-08-04T17:33:08.9898666+09:00,2026-08-04T17:33:09.4898666+09:00,174.098890,174.598890,30,30,-0.028304,-0.035759,0.000001,0.000001,0.000000,0.001566,0
20260804_173014_890,1,Unspecified,333,2026-08-04T17:33:09.4898666+09:00,2026-08-04T17:33:09.9898666+09:00,174.598890,175.098890,30,30,-0.026432,-0.036468,0.000005,0.000008,0.000004,0.003650,0
20260804_173014_890,1,Unspecified,334,2026-08-04T17:33:09.9898666+09:00,2026-08-04T17:33:10.4898666+09:00,175.098890,175.598890,30,30,-0.021610,-0.027006,0.000031,0.000208,0.000063,0.015453,0
20260804_173014_890,1,Unspecified,335,2026-08-04T17:33:10.4898666+09:00,2026-08-04T17:33:10.9898666+09:00,175.598890,176.098890,30,30,-0.023727,-0.036105,0.000002,0.000001,0.000000,0.001819,0
20260804_173014_890,1,Unspecified,336,2026-08-04T17:33:10.9898666+09:00,2026-08-04T17:33:11.4898666+09:00,176.098890,176.598890,30,30,-0.022522,-0.035654,0.000001,0.000001,0.000000,0.001447,0
20260804_173014_890,1,Unspecified,337,2026-08-04T17:33:11.4898666+09:00,2026-08-04T17:33:11.9898666+09:00,176.598890,177.098890,30,30,-0.023326,-0.037155,0.000002,0.000001,0.000000,0.001918,0
20260804_173014_890,1,Unspecified,338,2026-08-04T17:33:11.9898666+09:00,2026-08-04T17:33:12.4898666+09:00,177.098890,177.598890,30,30,-0.029239,-0.033915,0.000003,0.000003,0.000000,0.002456,0
20260804_173014_890,1,Unspecified,339,2026-08-04T17:33:12.4898666+09:00,2026-08-04T17:33:12.9898666+09:00,177.598890,178.098890,30,30,-0.024407,-0.033717,0.000017,0.000007,0.000011,0.004945,0
20260804_173014_890,1,Unspecified,340,2026-08-04T17:33:12.9898666+09:00,2026-08-04T17:33:13.4898666+09:00,178.098890,178.598890,30,30,-0.019885,-0.031926,0.000001,0.000004,0.000000,0.002097,0
20260804_173014_890,1,Unspecified,341,2026-08-04T17:33:13.4898666+09:00,2026-08-04T17:33:13.9898666+09:00,178.598890,179.098890,30,30,-0.007964,-0.009537,0.000128,0.000885,0.000174,0.031826,0
20260804_173014_890,1,Unspecified,342,2026-08-04T17:33:13.9898666+09:00,2026-08-04T17:33:14.4898666+09:00,179.098890,179.598890,30,30,-0.012677,-0.045208,0.000001,0.000001,0.000000,0.001254,0
20260804_173014_890,1,Unspecified,343,2026-08-04T17:33:14.4898666+09:00,2026-08-04T17:33:14.9898666+09:00,179.598890,180.098890,30,30,-0.024652,-0.026498,0.000005,0.000018,-0.000009,0.004878,0
20260804_173014_890,1,Unspecified,344,2026-08-04T17:33:14.9898666+09:00,2026-08-04T17:33:15.4898666+09:00,180.098890,180.598890,30,30,-0.024756,-0.028454,0.000001,0.000001,0.000000,0.001568,0
20260804_173014_890,1,Unspecified,345,2026-08-04T17:33:15.4898666+09:00,2026-08-04T17:33:15.9898666+09:00,180.598890,181.098890,30,30,-0.023585,-0.032112,0.000008,0.000006,-0.000005,0.003703,0
20260804_173014_890,1,Unspecified,346,2026-08-04T17:33:15.9898666+09:00,2026-08-04T17:33:16.4898666+09:00,181.098890,181.598890,30,30,-0.011812,-0.045558,0.000000,0.000026,0.000001,0.005107,0
20260804_173014_890,1,Unspecified,347,2026-08-04T17:33:16.4898666+09:00,2026-08-04T17:33:16.9898666+09:00,181.598890,182.098890,30,30,-0.015374,-0.045438,0.000018,0.000127,-0.000046,0.012056,0
20260804_173014_890,1,Unspecified,348,2026-08-04T17:33:16.9898666+09:00,2026-08-04T17:33:17.4898666+09:00,182.098890,182.598890,30,30,-0.020521,-0.032619,0.000002,0.000001,0.000000,0.001578,0
20260804_173014_890,1,Unspecified,349,2026-08-04T17:33:17.4898666+09:00,2026-08-04T17:33:17.9898666+09:00,182.598890,183.098890,30,30,-0.024044,-0.026270,0.000091,0.000239,0.000016,0.018162,0
20260804_173014_890,1,Unspecified,350,2026-08-04T17:33:17.9898666+09:00,2026-08-04T17:33:18.4898666+09:00,183.098890,183.598890,30,30,0.008007,-0.048661,0.000001,0.000002,-0.000001,0.001713,0
20260804_173014_890,1,Unspecified,351,2026-08-04T17:33:18.4898666+09:00,2026-08-04T17:33:18.9898666+09:00,183.598890,184.098890,30,30,-0.019739,-0.033667,0.000036,0.000028,-0.000029,0.007988,0
20260804_173014_890,1,Unspecified,352,2026-08-04T17:33:18.9898666+09:00,2026-08-04T17:33:19.4898666+09:00,184.098890,184.598890,30,30,-0.025441,-0.028820,0.000001,0.000001,0.000000,0.001571,0
20260804_173014_890,1,Unspecified,353,2026-08-04T17:33:19.4898666+09:00,2026-08-04T17:33:19.9898666+09:00,184.598890,185.098890,30,30,-0.022101,-0.025340,0.000021,0.000185,0.000049,0.014382,0
20260804_173014_890,1,Unspecified,354,2026-08-04T17:33:19.9898666+09:00,2026-08-04T17:33:20.4898666+09:00,185.098890,185.598890,30,30,-0.018210,-0.013618,0.000218,0.000836,0.000356,0.032467,0
20260804_173014_890,1,Unspecified,355,2026-08-04T17:33:20.4898666+09:00,2026-08-04T17:33:20.9898666+09:00,185.598890,186.098890,30,30,-0.024953,-0.033370,0.000005,0.000014,0.000008,0.004452,0
20260804_173014_890,1,Unspecified,356,2026-08-04T17:33:20.9898666+09:00,2026-08-04T17:33:21.4898666+09:00,186.098890,186.598890,30,30,-0.022091,-0.027934,0.000000,0.000003,0.000000,0.001867,0
20260804_173014_890,1,Unspecified,357,2026-08-04T17:33:21.4898666+09:00,2026-08-04T17:33:21.9898666+09:00,186.598890,187.098890,30,30,-0.004578,-0.044311,0.000115,0.000065,-0.000082,0.013451,0
20260804_173014_890,1,Unspecified,358,2026-08-04T17:33:21.9898666+09:00,2026-08-04T17:33:22.4898666+09:00,187.098890,187.598890,30,30,-0.026557,-0.037362,0.000013,0.000010,-0.000011,0.004859,0
20260804_173014_890,1,Unspecified,359,2026-08-04T17:33:22.4898666+09:00,2026-08-04T17:33:22.9898666+09:00,187.598890,188.098890,30,30,-0.020583,-0.032954,0.000013,0.000012,0.000012,0.005006,0
20260804_173014_890,1,Unspecified,360,2026-08-04T17:33:22.9898666+09:00,2026-08-04T17:33:23.4898666+09:00,188.098890,188.598890,30,30,-0.018123,-0.030848,0.000000,0.000001,0.000000,0.001014,0
20260804_173014_890,1,Unspecified,361,2026-08-04T17:33:23.4898666+09:00,2026-08-04T17:33:23.9898666+09:00,188.598890,189.098890,30,30,-0.028737,-0.033308,0.000102,0.000062,0.000011,0.012820,0
20260804_173014_890,1,Unspecified,362,2026-08-04T17:33:23.9898666+09:00,2026-08-04T17:33:24.4898666+09:00,189.098890,189.598890,30,30,-0.027171,-0.037195,0.000033,0.000024,0.000027,0.007580,0
20260804_173014_890,1,Unspecified,363,2026-08-04T17:33:24.4898666+09:00,2026-08-04T17:33:24.9898666+09:00,189.598890,190.098890,30,30,-0.020400,-0.029220,0.000044,0.000027,0.000033,0.008427,0
20260804_173014_890,1,Unspecified,364,2026-08-04T17:33:24.9898666+09:00,2026-08-04T17:33:25.4898666+09:00,190.098890,190.598890,30,30,-0.025147,-0.034281,0.000013,0.000001,0.000000,0.003825,0
20260804_173014_890,1,Unspecified,365,2026-08-04T17:33:25.4898666+09:00,2026-08-04T17:33:25.9898666+09:00,190.598890,191.098890,30,30,-0.008695,-0.031168,0.000218,0.000167,-0.000067,0.019617,0
20260804_173014_890,1,Unspecified,366,2026-08-04T17:33:25.9898666+09:00,2026-08-04T17:33:26.4898666+09:00,191.098890,191.598890,30,30,0.011630,-0.054961,0.000540,0.000115,-0.000247,0.025586,0
20260804_173014_890,1,Unspecified,367,2026-08-04T17:33:26.4898666+09:00,2026-08-04T17:33:26.9898666+09:00,191.598890,192.098890,30,30,-0.024932,-0.028119,0.000368,0.000001,-0.000009,0.019221,0
20260804_173014_890,1,Unspecified,368,2026-08-04T17:33:26.9898666+09:00,2026-08-04T17:33:27.4898666+09:00,192.098890,192.598890,30,30,-0.012427,-0.029670,0.000083,0.000001,0.000000,0.009143,0
20260804_173014_890,1,Unspecified,369,2026-08-04T17:33:27.4898666+09:00,2026-08-04T17:33:27.9898666+09:00,192.598890,193.098890,30,30,-0.020344,-0.016934,0.000024,0.000457,0.000024,0.021938,0
20260804_173014_890,1,Unspecified,370,2026-08-04T17:33:27.9898666+09:00,2026-08-04T17:33:28.4898666+09:00,193.098890,193.598890,30,30,-0.016004,-0.033453,0.000026,0.000174,-0.000037,0.014138,0
20260804_173014_890,1,Unspecified,371,2026-08-04T17:33:28.4898666+09:00,2026-08-04T17:33:28.9898666+09:00,193.598890,194.098890,30,30,-0.015774,-0.034936,0.000029,0.000007,-0.000013,0.005954,0
20260804_173014_890,1,Unspecified,372,2026-08-04T17:33:28.9898666+09:00,2026-08-04T17:33:29.4898666+09:00,194.098890,194.598890,30,30,-0.024377,-0.028683,0.000001,0.000000,0.000000,0.000999,0
20260804_173014_890,1,Unspecified,373,2026-08-04T17:33:29.4898666+09:00,2026-08-04T17:33:29.9898666+09:00,194.598890,195.098890,30,30,-0.022126,-0.032003,0.000001,0.000002,0.000000,0.001899,0
20260804_173014_890,1,Unspecified,374,2026-08-04T17:33:29.9898666+09:00,2026-08-04T17:33:30.4898666+09:00,195.098890,195.598890,30,30,-0.021044,-0.033364,0.000002,0.000001,0.000000,0.001714,0
20260804_173014_890,1,Unspecified,375,2026-08-04T17:33:30.4898666+09:00,2026-08-04T17:33:30.9898666+09:00,195.598890,196.098890,30,30,-0.022309,-0.034642,0.000001,0.000001,0.000000,0.001136,0
20260804_173014_890,1,Unspecified,376,2026-08-04T17:33:30.9898666+09:00,2026-08-04T17:33:31.4898666+09:00,196.098890,196.598890,30,30,-0.022191,-0.035000,0.000001,0.000001,0.000000,0.001332,0
20260804_173014_890,1,Unspecified,377,2026-08-04T17:33:31.4898666+09:00,2026-08-04T17:33:31.9898666+09:00,196.598890,197.098890,30,30,-0.015634,-0.035214,0.000145,0.000012,0.000014,0.012539,0
20260804_173014_890,1,Unspecified,378,2026-08-04T17:33:31.9898666+09:00,2026-08-04T17:33:32.4898666+09:00,197.098890,197.598890,30,30,-0.003347,-0.032525,0.000016,0.000016,-0.000011,0.005665,0
20260804_173014_890,1,Unspecified,379,2026-08-04T17:33:32.4898666+09:00,2026-08-04T17:33:32.9898666+09:00,197.598890,198.098890,30,30,-0.029350,-0.027921,0.000077,0.000003,-0.000004,0.008954,0
20260804_173014_890,1,Unspecified,380,2026-08-04T17:33:32.9898666+09:00,2026-08-04T17:33:33.4898666+09:00,198.098890,198.598890,30,30,-0.017848,-0.027540,0.000056,0.000008,0.000017,0.007958,0
20260804_173014_890,1,Unspecified,381,2026-08-04T17:33:33.4898666+09:00,2026-08-04T17:33:33.9898666+09:00,198.598890,199.098890,30,30,-0.004992,-0.004539,0.000206,0.000617,0.000304,0.028696,0
20260804_173014_890,1,Unspecified,382,2026-08-04T17:33:33.9898666+09:00,2026-08-04T17:33:34.4898666+09:00,199.098890,199.598890,30,30,-0.015447,-0.035214,0.000003,0.000002,0.000000,0.002287,0
20260804_173014_890,1,Unspecified,383,2026-08-04T17:33:34.4898666+09:00,2026-08-04T17:33:34.9898666+09:00,199.598890,200.098890,30,30,-0.015855,-0.042292,0.000002,0.000004,-0.000002,0.002389,0
20260804_173014_890,1,Unspecified,384,2026-08-04T17:33:34.9898666+09:00,2026-08-04T17:33:35.4898666+09:00,200.098890,200.598890,30,30,-0.014745,-0.040465,0.000001,0.000002,0.000000,0.001618,0
20260804_173014_890,1,Unspecified,385,2026-08-04T17:33:35.4898666+09:00,2026-08-04T17:33:35.9898666+09:00,200.598890,201.098890,30,30,-0.014688,-0.041354,0.000001,0.000001,0.000000,0.001583,0
20260804_173014_890,1,Unspecified,386,2026-08-04T17:33:35.9898666+09:00,2026-08-04T17:33:36.4898666+09:00,201.098890,201.598890,30,30,-0.013828,-0.043717,0.000002,0.000001,-0.000001,0.001515,0
20260804_173014_890,1,Unspecified,387,2026-08-04T17:33:36.4898666+09:00,2026-08-04T17:33:36.9898666+09:00,201.598890,202.098890,30,30,-0.017618,-0.040995,0.000010,0.000005,-0.000004,0.003854,0
20260804_173014_890,1,Unspecified,388,2026-08-04T17:33:36.9898666+09:00,2026-08-04T17:33:37.4898666+09:00,202.098890,202.598890,30,30,-0.009710,-0.038660,0.000057,0.000088,0.000052,0.012056,0
20260804_173014_890,1,Unspecified,389,2026-08-04T17:33:37.4898666+09:00,2026-08-04T17:33:37.9898666+09:00,202.598890,203.098890,30,30,0.001101,0.020543,0.000173,0.000384,0.000120,0.023614,0
20260804_173014_890,1,Unspecified,390,2026-08-04T17:33:37.9898666+09:00,2026-08-04T17:33:38.4898666+09:00,203.098890,203.598890,30,30,-0.019233,-0.037940,0.000003,0.000003,0.000000,0.002577,0
20260804_173014_890,1,Unspecified,391,2026-08-04T17:33:38.4898666+09:00,2026-08-04T17:33:38.9898666+09:00,203.598890,204.098890,30,30,-0.019767,-0.035600,0.000002,0.000004,0.000001,0.002333,0
20260804_173014_890,1,Unspecified,392,2026-08-04T17:33:38.9898666+09:00,2026-08-04T17:33:39.4898666+09:00,204.098890,204.598890,30,30,-0.019530,-0.035322,0.000001,0.000001,0.000000,0.001296,0
20260804_173014_890,1,Unspecified,393,2026-08-04T17:33:39.4898666+09:00,2026-08-04T17:33:39.9898666+09:00,204.598890,205.098890,30,30,-0.019502,-0.038005,0.000001,0.000003,-0.000001,0.002057,0
20260804_173014_890,1,Unspecified,394,2026-08-04T17:33:39.9898666+09:00,2026-08-04T17:33:40.4898666+09:00,205.098890,205.598890,30,30,-0.018906,-0.040507,0.000001,0.000001,0.000000,0.001638,0
20260804_173014_890,1,Unspecified,395,2026-08-04T17:33:40.4898666+09:00,2026-08-04T17:33:40.9898666+09:00,205.598890,206.098890,30,30,-0.018905,-0.040043,0.000001,0.000002,-0.000001,0.001818,0
20260804_173014_890,1,Unspecified,396,2026-08-04T17:33:40.9898666+09:00,2026-08-04T17:33:41.4898666+09:00,206.098890,206.598890,30,30,-0.019645,-0.041553,0.000001,0.000001,0.000000,0.001373,0
20260804_173014_890,1,Unspecified,397,2026-08-04T17:33:41.4898666+09:00,2026-08-04T17:33:41.9898666+09:00,206.598890,207.098890,30,30,-0.018478,-0.041523,0.000002,0.000001,0.000000,0.001819,0
20260804_173014_890,1,Unspecified,398,2026-08-04T17:33:41.9898666+09:00,2026-08-04T17:33:42.4898666+09:00,207.098890,207.598890,30,30,-0.009184,-0.032581,0.000247,0.000469,0.000264,0.026761,0
20260804_173014_890,1,Unspecified,399,2026-08-04T17:33:42.4898666+09:00,2026-08-04T17:33:42.9898666+09:00,207.598890,208.098890,30,30,-0.014989,-0.042396,0.000052,0.000018,-0.000029,0.008375,0
20260804_173014_890,1,Unspecified,400,2026-08-04T17:33:42.9898666+09:00,2026-08-04T17:33:43.4898666+09:00,208.098890,208.598890,30,30,-0.028669,-0.032310,0.000001,0.000003,0.000001,0.001820,0
20260804_173014_890,1,Unspecified,401,2026-08-04T17:33:43.4898666+09:00,2026-08-04T17:33:43.9898666+09:00,208.598890,209.098890,30,30,-0.027530,-0.032126,0.000001,0.000001,0.000000,0.001616,0
20260804_173014_890,1,Unspecified,402,2026-08-04T17:33:43.9898666+09:00,2026-08-04T17:33:44.4898666+09:00,209.098890,209.598890,30,30,-0.029008,-0.039444,0.000003,0.000019,0.000005,0.004635,0
20260804_173014_890,1,Unspecified,403,2026-08-04T17:33:44.4898666+09:00,2026-08-04T17:33:44.9898666+09:00,209.598890,210.098890,30,30,-0.025298,-0.040987,0.000063,0.000027,0.000027,0.009518,0
20260804_173014_890,1,Unspecified,404,2026-08-04T17:33:44.9898666+09:00,2026-08-04T17:33:45.4898666+09:00,210.098890,210.598890,30,30,-0.018893,-0.032410,0.000002,0.000002,0.000000,0.002208,0
20260804_173014_890,1,Unspecified,405,2026-08-04T17:33:45.4898666+09:00,2026-08-04T17:33:45.9898666+09:00,210.598890,211.098890,30,30,-0.019926,-0.033251,0.000001,0.000000,0.000000,0.001017,0
20260804_173014_890,1,Unspecified,406,2026-08-04T17:33:45.9898666+09:00,2026-08-04T17:33:46.4898666+09:00,211.098890,211.598890,30,30,-0.013840,-0.017603,0.000214,0.000825,0.000401,0.032230,0
20260804_173014_890,1,Unspecified,407,2026-08-04T17:33:46.4898666+09:00,2026-08-04T17:33:46.9898666+09:00,211.598890,212.098890,30,30,-0.022417,-0.034723,0.000002,0.000003,-0.000001,0.002033,0
20260804_173014_890,1,Unspecified,408,2026-08-04T17:33:46.9898666+09:00,2026-08-04T17:33:47.4898666+09:00,212.098890,212.598890,30,30,-0.023087,-0.034778,0.000001,0.000002,0.000000,0.001591,0
20260804_173014_890,1,Unspecified,409,2026-08-04T17:33:47.4898666+09:00,2026-08-04T17:33:47.9898666+09:00,212.598890,213.098890,30,30,-0.021246,-0.036166,0.000004,0.000006,0.000001,0.003155,0
20260804_173014_890,1,Unspecified,410,2026-08-04T17:33:47.9898666+09:00,2026-08-04T17:33:48.4898666+09:00,213.098890,213.598890,30,30,-0.010784,-0.013256,0.000084,0.000732,0.000173,0.028578,0
20260804_173014_890,1,Unspecified,411,2026-08-04T17:33:48.4898666+09:00,2026-08-04T17:33:48.9898666+09:00,213.598890,214.098890,30,30,-0.016014,-0.034813,0.000003,0.000003,-0.000001,0.002335,0
20260804_173014_890,1,Unspecified,412,2026-08-04T17:33:48.9898666+09:00,2026-08-04T17:33:49.4898666+09:00,214.098890,214.598890,30,30,-0.018373,-0.036853,0.000001,0.000003,0.000000,0.001916,0
20260804_173014_890,1,Unspecified,413,2026-08-04T17:33:49.4898666+09:00,2026-08-04T17:33:49.9898666+09:00,214.598890,215.098890,30,30,-0.017476,-0.037499,0.000001,0.000009,-0.000001,0.003213,0
20260804_173014_890,1,Unspecified,414,2026-08-04T17:33:49.9898666+09:00,2026-08-04T17:33:50.4898666+09:00,215.098890,215.598890,30,30,-0.006177,-0.028784,0.000075,0.000324,0.000135,0.019956,0
20260804_173014_890,1,Unspecified,415,2026-08-04T17:33:50.4898666+09:00,2026-08-04T17:33:50.9898666+09:00,215.598890,216.098890,30,30,-0.007899,-0.035887,0.000002,0.000003,-0.000001,0.002265,0
20260804_173014_890,1,Unspecified,416,2026-08-04T17:33:50.9898666+09:00,2026-08-04T17:33:51.4898666+09:00,216.098890,216.598890,30,30,-0.008701,-0.033683,0.000001,0.000002,0.000000,0.001688,0
20260804_173014_890,1,Unspecified,417,2026-08-04T17:33:51.4898666+09:00,2026-08-04T17:33:51.9898666+09:00,216.598890,217.098890,30,30,-0.002933,-0.038043,0.000109,0.000048,-0.000041,0.012502,0
20260804_173014_890,1,Unspecified,418,2026-08-04T17:33:51.9898666+09:00,2026-08-04T17:33:52.4898666+09:00,217.098890,217.598890,30,30,0.060678,-0.073275,0.000942,0.000344,-0.000526,0.035862,0
20260804_173014_890,1,Unspecified,419,2026-08-04T17:33:52.4898666+09:00,2026-08-04T17:33:52.9898666+09:00,217.598890,218.098890,30,30,-0.017150,-0.040002,0.000003,0.000088,0.000015,0.009570,0
20260804_173014_890,1,Unspecified,420,2026-08-04T17:33:52.9898666+09:00,2026-08-04T17:33:53.4898666+09:00,218.098890,218.598890,30,30,-0.014352,-0.028441,0.000000,0.000001,0.000000,0.001228,0
20260804_173014_890,1,Unspecified,421,2026-08-04T17:33:53.4898666+09:00,2026-08-04T17:33:53.9898666+09:00,218.598890,219.098890,30,30,-0.024360,-0.033954,0.000094,0.000014,0.000009,0.010381,0
20260804_173014_890,1,Unspecified,422,2026-08-04T17:33:53.9898666+09:00,2026-08-04T17:33:54.4898666+09:00,219.098890,219.598890,30,30,-0.029095,-0.037092,0.000001,0.000001,0.000000,0.001401,0
20260804_173014_890,1,Unspecified,423,2026-08-04T17:33:54.4898666+09:00,2026-08-04T17:33:54.9898666+09:00,219.598890,220.098890,30,30,-0.011828,-0.029730,0.000083,0.000015,0.000022,0.009897,0
20260804_173014_890,1,Unspecified,424,2026-08-04T17:33:54.9898666+09:00,2026-08-04T17:33:55.4898666+09:00,220.098890,220.598890,30,30,-0.017040,-0.024645,0.000006,0.000007,-0.000003,0.003644,0
20260804_173014_890,1,Unspecified,425,2026-08-04T17:33:55.4898666+09:00,2026-08-04T17:33:55.9898666+09:00,220.598890,221.098890,30,30,0.006717,0.020708,0.000194,0.000121,0.000003,0.017766,0
20260804_173014_890,1,Unspecified,426,2026-08-04T17:33:55.9898666+09:00,2026-08-04T17:33:56.4898666+09:00,221.098890,221.598890,30,30,-0.008195,-0.036926,0.000067,0.000313,0.000140,0.019474,0
20260804_173014_890,1,Unspecified,427,2026-08-04T17:33:56.4898666+09:00,2026-08-04T17:33:56.9898666+09:00,221.598890,222.098890,30,30,-0.018366,-0.034862,0.000018,0.000022,-0.000018,0.006260,0
20260804_173014_890,1,Unspecified,428,2026-08-04T17:33:56.9898666+09:00,2026-08-04T17:33:57.4898666+09:00,222.098890,222.598890,30,30,-0.021264,-0.031007,0.000001,0.000002,0.000000,0.001691,0
20260804_173014_890,1,Unspecified,429,2026-08-04T17:33:57.4898666+09:00,2026-08-04T17:33:57.9898666+09:00,222.598890,223.098890,30,30,-0.021841,-0.034908,0.000003,0.000008,0.000003,0.003289,0
20260804_173014_890,1,Unspecified,430,2026-08-04T17:33:57.9898666+09:00,2026-08-04T17:33:58.4898666+09:00,223.098890,223.598890,30,30,-0.023453,-0.043387,0.000001,0.000003,0.000000,0.001987,0
20260804_173014_890,1,Unspecified,431,2026-08-04T17:33:58.4898666+09:00,2026-08-04T17:33:58.9898666+09:00,223.598890,224.098890,30,30,-0.022139,-0.034475,0.000001,0.000024,0.000001,0.004991,0
20260804_173014_890,1,Unspecified,432,2026-08-04T17:33:58.9898666+09:00,2026-08-04T17:33:59.4898666+09:00,224.098890,224.598890,30,30,-0.021625,-0.033347,0.000001,0.000001,0.000000,0.001335,0
20260804_173014_890,1,Unspecified,433,2026-08-04T17:33:59.4898666+09:00,2026-08-04T17:33:59.9898666+09:00,224.598890,225.098890,30,30,-0.015549,-0.030689,0.000157,0.000112,0.000124,0.016416,0
20260804_173014_890,1,Unspecified,434,2026-08-04T17:33:59.9898666+09:00,2026-08-04T17:34:00.4898666+09:00,225.098890,225.598890,30,30,-0.009539,-0.005525,0.000246,0.001051,0.000363,0.036008,0
20260804_173014_890,1,Unspecified,435,2026-08-04T17:34:00.4898666+09:00,2026-08-04T17:34:00.9898666+09:00,225.598890,226.098890,30,30,-0.021515,-0.039308,0.000002,0.000003,0.000000,0.002275,0
20260804_173014_890,1,Unspecified,436,2026-08-04T17:34:00.9898666+09:00,2026-08-04T17:34:01.4898666+09:00,226.098890,226.598890,30,30,-0.022667,-0.037595,0.000001,0.000001,-0.000001,0.001647,0
20260804_173014_890,1,Unspecified,437,2026-08-04T17:34:01.4898666+09:00,2026-08-04T17:34:01.9898666+09:00,226.598890,227.098890,30,30,-0.019359,-0.039353,0.000011,0.000015,0.000009,0.005102,0
20260804_173014_890,1,Unspecified,438,2026-08-04T17:34:01.9898666+09:00,2026-08-04T17:34:02.4898666+09:00,227.098890,227.598890,30,30,-0.013214,-0.058733,0.000011,0.000112,-0.000014,0.011092,0
20260804_173014_890,1,Unspecified,439,2026-08-04T17:34:02.4898666+09:00,2026-08-04T17:34:02.9898666+09:00,227.598890,228.098890,30,30,-0.018949,-0.045548,0.000008,0.000077,-0.000024,0.009247,0
20260804_173014_890,1,Unspecified,440,2026-08-04T17:34:02.9898666+09:00,2026-08-04T17:34:03.4898666+09:00,228.098890,228.598890,30,30,-0.023257,-0.031054,0.000001,0.000016,-0.000003,0.004152,0
20260804_173014_890,1,Unspecified,441,2026-08-04T17:34:03.4898666+09:00,2026-08-04T17:34:03.9898666+09:00,228.598890,229.098890,30,30,-0.029739,-0.030919,0.000119,0.000010,0.000030,0.011388,0
20260804_173014_890,1,Unspecified,442,2026-08-04T17:34:03.9898666+09:00,2026-08-04T17:34:04.4898666+09:00,229.098890,229.598890,30,30,-0.012493,-0.035223,0.000321,0.000130,-0.000179,0.021241,0
20260804_173014_890,1,Unspecified,443,2026-08-04T17:34:04.4898666+09:00,2026-08-04T17:34:04.9898666+09:00,229.598890,230.098890,30,30,-0.005975,-0.052056,0.000399,0.000024,-0.000096,0.020564,0
20260804_173014_890,1,Unspecified,444,2026-08-04T17:34:04.9898666+09:00,2026-08-04T17:34:05.4898666+09:00,230.098890,230.598890,30,30,-0.024036,-0.025089,0.000003,0.000028,-0.000007,0.005541,0
20260804_173014_890,1,Unspecified,445,2026-08-04T17:34:05.4898666+09:00,2026-08-04T17:34:05.9898666+09:00,230.598890,231.098890,30,30,-0.017137,-0.033244,0.000290,0.000031,-0.000075,0.017901,0
20260804_173014_890,1,Unspecified,446,2026-08-04T17:34:05.9898666+09:00,2026-08-04T17:34:06.4898666+09:00,231.098890,231.598890,30,30,-0.008893,-0.039494,0.000891,0.000038,-0.000180,0.030476,0
20260804_173014_890,1,Unspecified,447,2026-08-04T17:34:06.4898666+09:00,2026-08-04T17:34:06.9898666+09:00,231.598890,232.098890,30,30,-0.021875,-0.025582,0.000092,0.000024,0.000028,0.010791,0
20260804_173014_890,1,Unspecified,448,2026-08-04T17:34:06.9898666+09:00,2026-08-04T17:34:07.4898666+09:00,232.098890,232.598890,30,30,-0.020591,-0.024652,0.000038,0.000002,-0.000005,0.006383,0
20260804_173014_890,1,Unspecified,449,2026-08-04T17:34:07.4898666+09:00,2026-08-04T17:34:07.9898666+09:00,232.598890,233.098890,30,30,-0.013858,-0.034030,0.000184,0.000071,-0.000095,0.015967,0
20260804_173014_890,1,Unspecified,450,2026-08-04T17:34:07.9898666+09:00,2026-08-04T17:34:08.4898666+09:00,233.098890,233.598890,30,30,0.015643,-0.049600,0.000379,0.000167,-0.000250,0.023386,0
20260804_173014_890,1,Unspecified,451,2026-08-04T17:34:08.4898666+09:00,2026-08-04T17:34:08.9898666+09:00,233.598890,234.098890,30,30,-0.027146,-0.022183,0.000001,0.000001,0.000000,0.001456,0
20260804_173014_890,1,Unspecified,452,2026-08-04T17:34:08.9898666+09:00,2026-08-04T17:34:09.4898666+09:00,234.098890,234.598890,30,30,-0.026603,-0.024200,0.000001,0.000002,-0.000001,0.001841,0
20260804_173014_890,1,Unspecified,453,2026-08-04T17:34:09.4898666+09:00,2026-08-04T17:34:09.9898666+09:00,234.598890,235.098890,30,30,-0.039115,-0.023698,0.000383,0.000051,-0.000111,0.020852,0
20260804_173014_890,1,Unspecified,454,2026-08-04T17:34:09.9898666+09:00,2026-08-04T17:34:10.4898666+09:00,235.098890,235.598890,30,30,-0.051952,-0.030707,0.000196,0.000011,0.000036,0.014359,0
20260804_173014_890,1,Unspecified,455,2026-08-04T17:34:10.4898666+09:00,2026-08-04T17:34:10.9898666+09:00,235.598890,236.098890,30,30,-0.022958,-0.023236,0.000076,0.000002,0.000011,0.008804,0
20260804_173014_890,1,Unspecified,456,2026-08-04T17:34:10.9898666+09:00,2026-08-04T17:34:11.4898666+09:00,236.098890,236.598890,30,30,-0.028336,-0.024826,0.000019,0.000002,0.000004,0.004590,0
20260804_173014_890,1,Unspecified,457,2026-08-04T17:34:11.4898666+09:00,2026-08-04T17:34:11.9898666+09:00,236.598890,237.098890,30,30,-0.020791,-0.019518,0.000119,0.000268,0.000076,0.019671,0
20260804_173014_890,1,Unspecified,458,2026-08-04T17:34:11.9898666+09:00,2026-08-04T17:34:12.4898666+09:00,237.098890,237.598890,30,30,-0.015036,-0.002903,0.000100,0.000952,0.000051,0.032427,0
20260804_173014_890,1,Unspecified,459,2026-08-04T17:34:12.4898666+09:00,2026-08-04T17:34:12.9898666+09:00,237.598890,238.098890,30,30,-0.025679,-0.029822,0.000039,0.000007,-0.000006,0.006793,0
20260804_173014_890,1,Unspecified,460,2026-08-04T17:34:12.9898666+09:00,2026-08-04T17:34:13.4898666+09:00,238.098890,238.598890,30,30,-0.023601,-0.024248,0.000001,0.000002,0.000000,0.001494,0
20260804_173014_890,1,Unspecified,461,2026-08-04T17:34:13.4898666+09:00,2026-08-04T17:34:13.9898666+09:00,238.598890,239.098890,30,30,-0.022645,-0.027064,0.000001,0.000003,-0.000001,0.002090,0
20260804_173014_890,1,Unspecified,462,2026-08-04T17:34:13.9898666+09:00,2026-08-04T17:34:14.4898666+09:00,239.098890,239.598890,30,30,-0.018531,-0.036738,0.000003,0.000014,-0.000006,0.004212,0
20260804_173014_890,1,Unspecified,463,2026-08-04T17:34:14.4898666+09:00,2026-08-04T17:34:14.9898666+09:00,239.598890,240.098890,30,30,-0.027862,-0.020555,0.000001,0.000003,0.000000,0.001817,0
20260804_173014_890,1,Unspecified,464,2026-08-04T17:34:14.9898666+09:00,2026-08-04T17:34:15.4898666+09:00,240.098890,240.598890,30,30,-0.028271,-0.023459,0.000001,0.000002,0.000000,0.001635,0
20260804_173014_890,1,Unspecified,465,2026-08-04T17:34:15.4898666+09:00,2026-08-04T17:34:15.9898666+09:00,240.598890,241.098890,30,30,-0.011693,-0.021895,0.000387,0.000047,0.000097,0.020834,0
20260804_173014_890,1,Unspecified,466,2026-08-04T17:34:15.9898666+09:00,2026-08-04T17:34:16.4898666+09:00,241.098890,241.598890,30,30,-0.013074,-0.028612,0.000000,0.000001,0.000000,0.001198,0
20260804_173014_890,1,Unspecified,467,2026-08-04T17:34:16.4898666+09:00,2026-08-04T17:34:16.9898666+09:00,241.598890,242.098890,30,30,-0.031484,-0.024535,0.000008,0.000002,-0.000003,0.003126,0
20260804_173014_890,1,Unspecified,468,2026-08-04T17:34:16.9898666+09:00,2026-08-04T17:34:17.4898666+09:00,242.098890,242.598890,30,30,-0.030874,-0.024460,0.000001,0.000001,0.000000,0.001632,0
20260804_173014_890,1,Unspecified,469,2026-08-04T17:34:17.4898666+09:00,2026-08-04T17:34:17.9898666+09:00,242.598890,243.098890,30,30,-0.024832,-0.017565,0.000295,0.000480,0.000321,0.027826,0
20260804_173014_890,1,Unspecified,470,2026-08-04T17:34:17.9898666+09:00,2026-08-04T17:34:18.4898666+09:00,243.098890,243.598890,30,30,-0.052087,-0.032447,0.000225,0.000003,0.000019,0.015118,0
20260804_173014_890,1,Unspecified,471,2026-08-04T17:34:18.4898666+09:00,2026-08-04T17:34:18.9898666+09:00,243.598890,244.098890,30,30,-0.025328,-0.027723,0.000172,0.000004,0.000020,0.013294,0
20260804_173014_890,1,Unspecified,472,2026-08-04T17:34:18.9898666+09:00,2026-08-04T17:34:19.4898666+09:00,244.098890,244.598890,30,30,-0.033436,-0.022699,0.000002,0.000003,-0.000001,0.002283,0
20260804_173014_890,1,Unspecified,473,2026-08-04T17:34:19.4898666+09:00,2026-08-04T17:34:19.9898666+09:00,244.598890,245.098890,30,30,-0.001434,-0.033181,0.000409,0.000143,-0.000188,0.023491,0
20260804_173014_890,1,Unspecified,474,2026-08-04T17:34:19.9898666+09:00,2026-08-04T17:34:20.4898666+09:00,245.098890,245.598890,30,30,0.003349,-0.040013,0.000584,0.000183,-0.000325,0.027693,0
20260804_173014_890,1,Unspecified,475,2026-08-04T17:34:20.4898666+09:00,2026-08-04T17:34:20.9898666+09:00,245.598890,246.098890,30,30,-0.026602,-0.023399,0.000001,0.000001,0.000000,0.001416,0
20260804_173014_890,1,Unspecified,476,2026-08-04T17:34:20.9898666+09:00,2026-08-04T17:34:21.4898666+09:00,246.098890,246.598890,30,30,-0.026191,-0.024846,0.000001,0.000001,0.000000,0.001410,0
20260804_173014_890,1,Unspecified,477,2026-08-04T17:34:21.4898666+09:00,2026-08-04T17:34:21.9898666+09:00,246.598890,247.098890,30,30,-0.016791,-0.020251,0.000119,0.000380,0.000178,0.022341,0
20260804_173014_890,1,Unspecified,478,2026-08-04T17:34:21.9898666+09:00,2026-08-04T17:34:22.4898666+09:00,247.098890,247.598890,30,30,-0.016164,-0.038535,0.000596,0.000081,-0.000216,0.026032,0
20260804_173014_890,1,Unspecified,479,2026-08-04T17:34:22.4898666+09:00,2026-08-04T17:34:22.9898666+09:00,247.598890,248.098890,30,30,-0.023804,-0.022784,0.000065,0.000003,0.000011,0.008217,0
20260804_173014_890,1,Unspecified,480,2026-08-04T17:34:22.9898666+09:00,2026-08-04T17:34:23.4898666+09:00,248.098890,248.598890,30,30,-0.027710,-0.023657,0.000001,0.000001,0.000000,0.001321,0
20260804_173014_890,1,Unspecified,481,2026-08-04T17:34:23.4898666+09:00,2026-08-04T17:34:23.9898666+09:00,248.598890,249.098890,30,30,-0.026031,-0.024647,0.000019,0.000046,0.000021,0.008048,0
20260804_173014_890,1,Unspecified,482,2026-08-04T17:34:23.9898666+09:00,2026-08-04T17:34:24.4898666+09:00,249.098890,249.598890,30,30,-0.010269,-0.018023,0.000163,0.001038,0.000349,0.034655,0
20260804_173014_890,1,Unspecified,483,2026-08-04T17:34:24.4898666+09:00,2026-08-04T17:34:24.9898666+09:00,249.598890,250.098890,30,30,-0.019396,-0.037103,0.000010,0.000038,-0.000018,0.006889,0
20260804_173014_890,1,Unspecified,484,2026-08-04T17:34:24.9898666+09:00,2026-08-04T17:34:25.4898666+09:00,250.098890,250.598890,30,30,-0.024201,-0.027362,0.000000,0.000001,0.000000,0.001259,0
20260804_173014_890,1,Unspecified,485,2026-08-04T17:34:25.4898666+09:00,2026-08-04T17:34:25.9898666+09:00,250.598890,251.098890,30,30,-0.023895,-0.028394,0.000001,0.000001,0.000000,0.001448,0
20260804_173014_890,1,Unspecified,486,2026-08-04T17:34:25.9898666+09:00,2026-08-04T17:34:26.4898666+09:00,251.098890,251.598890,30,30,-0.024276,-0.028582,0.000001,0.000001,0.000000,0.001476,0
20260804_173014_890,1,Unspecified,487,2026-08-04T17:34:26.4898666+09:00,2026-08-04T17:34:26.9898666+09:00,251.598890,252.098890,30,30,-0.024245,-0.028969,0.000001,0.000002,0.000000,0.001682,0
20260804_173014_890,1,Unspecified,488,2026-08-04T17:34:26.9898666+09:00,2026-08-04T17:34:27.4898666+09:00,252.098890,252.598890,30,30,-0.023860,-0.030824,0.000001,0.000001,0.000000,0.001407,0
20260804_173014_890,1,Unspecified,489,2026-08-04T17:34:27.4898666+09:00,2026-08-04T17:34:27.9898666+09:00,252.598890,253.098890,30,30,-0.020888,-0.026728,0.000034,0.000264,0.000087,0.017256,0
20260804_173014_890,1,Unspecified,490,2026-08-04T17:34:27.9898666+09:00,2026-08-04T17:34:28.4898666+09:00,253.098890,253.598890,30,30,-0.023084,-0.030216,0.000020,0.000807,0.000062,0.028762,0
20260804_173014_890,1,Unspecified,491,2026-08-04T17:34:28.4898666+09:00,2026-08-04T17:34:28.9898666+09:00,253.598890,254.098890,30,30,-0.025164,-0.040637,0.000002,0.000084,-0.000010,0.009257,0
20260804_173014_890,1,Unspecified,492,2026-08-04T17:34:28.9898666+09:00,2026-08-04T17:34:29.4898666+09:00,254.098890,254.598890,30,30,-0.026238,-0.023956,0.000001,0.000001,0.000000,0.001380,0
20260804_173014_890,1,Unspecified,493,2026-08-04T17:34:29.4898666+09:00,2026-08-04T17:34:29.9898666+09:00,254.598890,255.098890,30,30,-0.026145,-0.024818,0.000001,0.000001,0.000000,0.001169,0
20260804_173014_890,1,Unspecified,494,2026-08-04T17:34:29.9898666+09:00,2026-08-04T17:34:30.4898666+09:00,255.098890,255.598890,30,30,-0.024391,-0.025723,0.000030,0.000030,0.000014,0.007777,0
20260804_173014_890,1,Unspecified,495,2026-08-04T17:34:30.4898666+09:00,2026-08-04T17:34:30.9898666+09:00,255.598890,256.098890,30,30,-0.022782,-0.030683,0.000001,0.000001,0.000000,0.001523,0
20260804_173014_890,1,Unspecified,496,2026-08-04T17:34:30.9898666+09:00,2026-08-04T17:34:31.4898666+09:00,256.098890,256.598890,30,30,-0.024020,-0.029020,0.000002,0.000001,0.000000,0.001744,0
20260804_173014_890,1,Unspecified,497,2026-08-04T17:34:31.4898666+09:00,2026-08-04T17:34:31.9898666+09:00,256.598890,257.098890,30,30,-0.024766,-0.029626,0.000000,0.000001,0.000000,0.001262,0
20260804_173014_890,1,Unspecified,498,2026-08-04T17:34:31.9898666+09:00,2026-08-04T17:34:32.4898666+09:00,257.098890,257.598890,30,30,-0.024095,-0.031509,0.000001,0.000002,0.000000,0.001606,0
20260804_173014_890,1,Unspecified,499,2026-08-04T17:34:32.4898666+09:00,2026-08-04T17:34:32.9898666+09:00,257.598890,258.098890,30,30,-0.023992,-0.032520,0.000001,0.000001,0.000000,0.001409,0
20260804_173014_890,1,Unspecified,500,2026-08-04T17:34:32.9898666+09:00,2026-08-04T17:34:33.4898666+09:00,258.098890,258.598890,30,30,-0.023107,-0.032225,0.000001,0.000002,0.000000,0.001814,0
20260804_173014_890,1,Unspecified,501,2026-08-04T17:34:33.4898666+09:00,2026-08-04T17:34:33.9898666+09:00,258.598890,259.098890,30,30,-0.022240,-0.031963,0.000034,0.000027,0.000007,0.007786,0
20260804_173014_890,1,Unspecified,502,2026-08-04T17:34:33.9898666+09:00,2026-08-04T17:34:34.4898666+09:00,259.098890,259.598890,30,30,-0.022990,-0.032004,0.000001,0.000002,0.000000,0.001683,0
20260804_173014_890,1,Unspecified,503,2026-08-04T17:34:34.4898666+09:00,2026-08-04T17:34:34.9898666+09:00,259.598890,260.098890,30,30,-0.026629,-0.029764,0.000006,0.000006,-0.000005,0.003425,0
20260804_173014_890,1,Unspecified,504,2026-08-04T17:34:34.9898666+09:00,2026-08-04T17:34:35.4898666+09:00,260.098890,260.598890,30,30,-0.028127,-0.030225,0.000002,0.000003,-0.000001,0.002094,0
20260804_173014_890,1,Unspecified,505,2026-08-04T17:34:35.4898666+09:00,2026-08-04T17:34:35.9898666+09:00,260.598890,261.098890,30,30,-0.019130,-0.019717,0.000184,0.000248,0.000139,0.020764,0
20260804_173014_890,1,Unspecified,506,2026-08-04T17:34:35.9898666+09:00,2026-08-04T17:34:36.4898666+09:00,261.098890,261.598890,30,30,-0.004099,-0.047012,0.000377,0.000139,-0.000227,0.022704,0
20260804_173014_890,1,Unspecified,507,2026-08-04T17:34:36.4898666+09:00,2026-08-04T17:34:36.9898666+09:00,261.598890,262.098890,30,30,-0.027524,-0.030512,0.000001,0.000001,0.000000,0.001472,0
20260804_173014_890,1,Unspecified,508,2026-08-04T17:34:36.9898666+09:00,2026-08-04T17:34:37.4898666+09:00,262.098890,262.598890,30,30,-0.027603,-0.030108,0.000002,0.000002,0.000000,0.001860,0
20260804_173014_890,1,Unspecified,509,2026-08-04T17:34:37.4898666+09:00,2026-08-04T17:34:37.9898666+09:00,262.598890,263.098890,30,30,-0.016609,-0.016396,0.000205,0.000692,0.000260,0.029937,0
20260804_173014_890,1,Unspecified,510,2026-08-04T17:34:37.9898666+09:00,2026-08-04T17:34:38.4898666+09:00,263.098890,263.598890,30,30,-0.009769,-0.036443,0.000012,0.000180,-0.000026,0.013859,0
20260804_173014_890,1,Unspecified,511,2026-08-04T17:34:38.4898666+09:00,2026-08-04T17:34:38.9898666+09:00,263.598890,264.098890,30,30,-0.031613,-0.038209,0.000085,0.000056,0.000067,0.011867,0
20260804_173014_890,1,Unspecified,512,2026-08-04T17:34:38.9898666+09:00,2026-08-04T17:34:39.4898666+09:00,264.098890,264.598890,30,30,-0.022301,-0.030912,0.000001,0.000001,0.000000,0.001042,0
20260804_173014_890,1,Unspecified,513,2026-08-04T17:34:39.4898666+09:00,2026-08-04T17:34:39.9898666+09:00,264.598890,265.098890,30,30,-0.073574,-0.032911,0.000735,0.000019,0.000011,0.027455,0
20260804_173014_890,1,Unspecified,514,2026-08-04T17:34:39.9898666+09:00,2026-08-04T17:34:40.4898666+09:00,265.098890,265.598890,30,30,-0.062863,-0.021883,0.000979,0.000031,-0.000107,0.031776,0
20260804_173014_890,1,Unspecified,515,2026-08-04T17:34:40.4898666+09:00,2026-08-04T17:34:40.9898666+09:00,265.598890,266.098890,30,30,-0.022917,-0.025717,0.000112,0.000010,-0.000030,0.011037,0
20260804_173014_890,1,Unspecified,516,2026-08-04T17:34:40.9898666+09:00,2026-08-04T17:34:41.4898666+09:00,266.098890,266.598890,30,30,-0.033909,-0.022244,0.000011,0.000003,-0.000004,0.003730,0
20260804_173014_890,1,Unspecified,517,2026-08-04T17:34:41.4898666+09:00,2026-08-04T17:34:41.9898666+09:00,266.598890,267.098890,30,30,-0.022356,-0.026087,0.000012,0.000030,-0.000015,0.006447,0
20260804_173014_890,1,Unspecified,518,2026-08-04T17:34:41.9898666+09:00,2026-08-04T17:34:42.4898666+09:00,267.098890,267.598890,30,30,-0.023827,-0.025822,0.000001,0.000001,0.000000,0.001443,0
20260804_173014_890,1,Unspecified,519,2026-08-04T17:34:42.4898666+09:00,2026-08-04T17:34:42.9898666+09:00,267.598890,268.098890,30,30,-0.023929,-0.025902,0.000001,0.000001,0.000000,0.001301,0
20260804_173014_890,1,Unspecified,520,2026-08-04T17:34:42.9898666+09:00,2026-08-04T17:34:43.4898666+09:00,268.098890,268.598890,30,30,-0.025242,-0.025031,0.000005,0.000004,-0.000002,0.002865,0
20260804_173014_890,1,Unspecified,521,2026-08-04T17:34:43.4898666+09:00,2026-08-04T17:34:43.9898666+09:00,268.598890,269.098890,30,30,-0.017111,-0.032788,0.000027,0.000033,0.000001,0.007791,0
20260804_173014_890,1,Unspecified,522,2026-08-04T17:34:43.9898666+09:00,2026-08-04T17:34:44.4898666+09:00,269.098890,269.598890,30,30,-0.017373,-0.033291,0.000002,0.000001,0.000000,0.001826,0
20260804_173014_890,1,Unspecified,523,2026-08-04T17:34:44.4898666+09:00,2026-08-04T17:34:44.9898666+09:00,269.598890,270.098890,30,30,-0.026422,-0.025708,0.000032,0.000020,-0.000024,0.007202,0
20260804_173014_890,1,Unspecified,524,2026-08-04T17:34:44.9898666+09:00,2026-08-04T17:34:45.4898666+09:00,270.098890,270.598890,30,30,-0.027177,-0.023890,0.000054,0.000004,0.000000,0.007631,0
20260804_173014_890,1,Unspecified,525,2026-08-04T17:34:45.4898666+09:00,2026-08-04T17:34:45.9898666+09:00,270.598890,271.098890,30,30,-0.017697,-0.020982,0.000130,0.000096,0.000076,0.015027,0
20260804_173014_890,1,Unspecified,526,2026-08-04T17:34:45.9898666+09:00,2026-08-04T17:34:46.4898666+09:00,271.098890,271.598890,30,30,-0.017130,-0.033399,0.000001,0.000002,0.000000,0.001576,0
20260804_173014_890,1,Unspecified,527,2026-08-04T17:34:46.4898666+09:00,2026-08-04T17:34:46.9898666+09:00,271.598890,272.098890,30,30,-0.027984,-0.024014,0.000023,0.000025,-0.000023,0.006870,0
20260804_173014_890,1,Unspecified,528,2026-08-04T17:34:46.9898666+09:00,2026-08-04T17:34:47.4898666+09:00,272.098890,272.598890,30,30,-0.029690,-0.021824,0.000001,0.000001,-0.000001,0.001527,0
20260804_173014_890,1,Unspecified,529,2026-08-04T17:34:47.4898666+09:00,2026-08-04T17:34:47.9898666+09:00,272.598890,273.098890,30,30,-0.016979,-0.014363,0.000341,0.000291,0.000301,0.025126,0
20260804_173014_890,1,Unspecified,530,2026-08-04T17:34:47.9898666+09:00,2026-08-04T17:34:48.4898666+09:00,273.098890,273.598890,30,30,-0.020951,-0.027045,0.000040,0.000214,0.000080,0.015956,0
20260804_173014_890,1,Unspecified,531,2026-08-04T17:34:48.4898666+09:00,2026-08-04T17:34:48.9898666+09:00,273.598890,274.098890,30,30,-0.027235,-0.024247,0.000016,0.000014,-0.000014,0.005461,0
20260804_173014_890,1,Unspecified,532,2026-08-04T17:34:48.9898666+09:00,2026-08-04T17:34:49.4898666+09:00,274.098890,274.598890,30,30,-0.029783,-0.022385,0.000001,0.000002,0.000000,0.001746,0
20260804_173014_890,1,Unspecified,533,2026-08-04T17:34:49.4898666+09:00,2026-08-04T17:34:49.9898666+09:00,274.598890,275.098890,30,30,-0.029881,-0.024047,0.000001,0.000001,0.000000,0.001179,0
20260804_173014_890,1,Unspecified,534,2026-08-04T17:34:49.9898666+09:00,2026-08-04T17:34:50.4898666+09:00,275.098890,275.598890,30,30,-0.030059,-0.025463,0.000001,0.000001,0.000000,0.001428,0
20260804_173014_890,1,Unspecified,535,2026-08-04T17:34:50.4898666+09:00,2026-08-04T17:34:50.9898666+09:00,275.598890,276.098890,30,30,-0.028881,-0.027226,0.000002,0.000003,-0.000001,0.002038,0
20260804_173014_890,1,Unspecified,536,2026-08-04T17:34:50.9898666+09:00,2026-08-04T17:34:51.4898666+09:00,276.098890,276.598890,30,30,-0.028489,-0.027905,0.000005,0.000004,-0.000003,0.003040,0
20260804_173014_890,1,Unspecified,537,2026-08-04T17:34:51.4898666+09:00,2026-08-04T17:34:51.9898666+09:00,276.598890,277.098890,30,30,-0.024073,-0.029829,0.000058,0.000021,0.000026,0.008925,0
20260804_173014_890,1,Unspecified,538,2026-08-04T17:34:51.9898666+09:00,2026-08-04T17:34:52.4898666+09:00,277.098890,277.598890,30,30,-0.021816,-0.022167,0.000148,0.000771,0.000287,0.030308,0
20260804_173014_890,1,Unspecified,539,2026-08-04T17:34:52.4898666+09:00,2026-08-04T17:34:52.9898666+09:00,277.598890,278.098890,30,30,-0.025014,-0.027553,0.000001,0.000034,0.000004,0.005933,0
20260804_173014_890,1,Unspecified,540,2026-08-04T17:34:52.9898666+09:00,2026-08-04T17:34:53.4898666+09:00,278.098890,278.598890,30,30,-0.025299,-0.022713,0.000000,0.000000,0.000000,0.000859,0
20260804_173014_890,1,Unspecified,541,2026-08-04T17:34:53.4898666+09:00,2026-08-04T17:34:53.9898666+09:00,278.598890,279.098890,30,30,-0.024729,-0.023483,0.000001,0.000002,0.000000,0.001460,0
20260804_173014_890,1,Unspecified,542,2026-08-04T17:34:53.9898666+09:00,2026-08-04T17:34:54.4898666+09:00,279.098890,279.598890,30,30,-0.024179,-0.023561,0.000000,0.000001,0.000000,0.001025,0
20260804_173014_890,1,Unspecified,543,2026-08-04T17:34:54.4898666+09:00,2026-08-04T17:34:54.9898666+09:00,279.598890,280.098890,30,30,-0.024135,-0.024522,0.000001,0.000002,0.000000,0.001563,0
20260804_173014_890,1,Unspecified,544,2026-08-04T17:34:54.9898666+09:00,2026-08-04T17:34:55.4898666+09:00,280.098890,280.598890,30,30,-0.023697,-0.025819,0.000002,0.000003,-0.000001,0.002066,0
20260804_173014_890,1,Unspecified,545,2026-08-04T17:34:55.4898666+09:00,2026-08-04T17:34:55.9898666+09:00,280.598890,281.098890,30,30,-0.022492,-0.027896,0.000001,0.000001,0.000000,0.001328,0
20260804_173014_890,1,Unspecified,546,2026-08-04T17:34:55.9898666+09:00,2026-08-04T17:34:56.4898666+09:00,281.098890,281.598890,30,30,-0.014842,-0.024934,0.000153,0.000139,0.000133,0.017093,0
20260804_173014_890,1,Unspecified,547,2026-08-04T17:34:56.4898666+09:00,2026-08-04T17:34:56.9898666+09:00,281.598890,282.098890,30,30,-0.021686,-0.030679,0.000001,0.000001,0.000000,0.001234,0
20260804_173014_890,1,Unspecified,548,2026-08-04T17:34:56.9898666+09:00,2026-08-04T17:34:57.4898666+09:00,282.098890,282.598890,30,30,-0.022734,-0.030032,0.000001,0.000001,0.000000,0.001134,0
20260804_173014_890,1,Unspecified,549,2026-08-04T17:34:57.4898666+09:00,2026-08-04T17:34:57.9898666+09:00,282.598890,283.098890,30,30,-0.014091,-0.006202,0.000074,0.000799,0.000226,0.029536,0
20260804_173014_890,1,Unspecified,550,2026-08-04T17:34:57.9898666+09:00,2026-08-04T17:34:58.4898666+09:00,283.098890,283.598890,30,30,-0.015451,-0.032829,0.000003,0.000053,-0.000001,0.007504,0
20260804_173014_890,1,Unspecified,551,2026-08-04T17:34:58.4898666+09:00,2026-08-04T17:34:58.9898666+09:00,283.598890,284.098890,30,30,-0.020182,-0.030664,0.000024,0.000013,-0.000017,0.006050,0
20260804_173014_890,1,Unspecified,552,2026-08-04T17:34:58.9898666+09:00,2026-08-04T17:34:59.4898666+09:00,284.098890,284.598890,30,30,-0.026525,-0.025805,0.000001,0.000002,0.000000,0.001506,0
20260804_173014_890,1,Unspecified,553,2026-08-04T17:34:59.4898666+09:00,2026-08-04T17:34:59.9898666+09:00,284.598890,285.098890,30,30,-0.022098,-0.024857,0.000108,0.000056,0.000068,0.012810,0
20260804_173014_890,1,Unspecified,554,2026-08-04T17:34:59.9898666+09:00,2026-08-04T17:35:00.4898666+09:00,285.098890,285.598890,30,30,-0.015349,-0.032747,0.000296,0.000361,0.000318,0.025641,0
20260804_173014_890,1,Unspecified,555,2026-08-04T17:35:00.4898666+09:00,2026-08-04T17:35:00.9898666+09:00,285.598890,286.098890,30,30,-0.023311,-0.034438,0.000002,0.000037,-0.000004,0.006274,0
20260804_173014_890,1,Unspecified,556,2026-08-04T17:35:00.9898666+09:00,2026-08-04T17:35:01.4898666+09:00,286.098890,286.598890,30,30,-0.022965,-0.027745,0.000001,0.000002,0.000000,0.001687,0
20260804_173014_890,1,Unspecified,557,2026-08-04T17:35:01.4898666+09:00,2026-08-04T17:35:01.9898666+09:00,286.598890,287.098890,30,30,-0.018510,-0.031247,0.000027,0.000025,-0.000022,0.007228,0
20260804_173014_890,1,Unspecified,558,2026-08-04T17:35:01.9898666+09:00,2026-08-04T17:35:02.4898666+09:00,287.098890,287.598890,30,30,-0.008519,-0.033405,0.000267,0.000279,0.000167,0.023378,0
20260804_173014_890,1,Unspecified,559,2026-08-04T17:35:02.4898666+09:00,2026-08-04T17:35:02.9898666+09:00,287.598890,288.098890,30,30,-0.023722,-0.035414,0.000008,0.000029,0.000014,0.006073,0
20260804_173014_890,1,Unspecified,560,2026-08-04T17:35:02.9898666+09:00,2026-08-04T17:35:03.4898666+09:00,288.098890,288.598890,30,30,-0.021864,-0.026796,0.000001,0.000001,0.000000,0.001150,0
20260804_173014_890,1,Unspecified,561,2026-08-04T17:35:03.4898666+09:00,2026-08-04T17:35:03.9898666+09:00,288.598890,289.098890,30,30,-0.022051,-0.029646,0.000004,0.000002,0.000001,0.002548,0
20260804_173014_890,1,Unspecified,562,2026-08-04T17:35:03.9898666+09:00,2026-08-04T17:35:04.4898666+09:00,289.098890,289.598890,30,30,-0.044123,-0.023943,0.000077,0.000027,0.000010,0.010199,0
20260804_173014_890,1,Unspecified,563,2026-08-04T17:35:04.4898666+09:00,2026-08-04T17:35:04.9898666+09:00,289.598890,290.098890,30,30,-0.024233,-0.025181,0.000335,0.000001,-0.000012,0.018325,0
20260804_173014_890,1,Unspecified,564,2026-08-04T17:35:04.9898666+09:00,2026-08-04T17:35:05.4898666+09:00,290.098890,290.598890,30,30,-0.018959,-0.020902,0.000047,0.000002,0.000007,0.006998,0
20260804_173014_890,1,Unspecified,565,2026-08-04T17:35:05.4898666+09:00,2026-08-04T17:35:05.9898666+09:00,290.598890,291.098890,30,30,-0.013387,-0.016099,0.000153,0.000286,0.000162,0.020936,0
20260804_173014_890,1,Unspecified,566,2026-08-04T17:35:05.9898666+09:00,2026-08-04T17:35:06.4898666+09:00,291.098890,291.598890,30,30,0.006314,-0.028496,0.000378,0.000002,0.000017,0.019507,0
20260804_173014_890,1,Unspecified,567,2026-08-04T17:35:06.4898666+09:00,2026-08-04T17:35:06.9898666+09:00,291.598890,292.098890,30,30,-0.021786,-0.030719,0.000001,0.000001,0.000000,0.001108,0
20260804_173014_890,1,Unspecified,568,2026-08-04T17:35:06.9898666+09:00,2026-08-04T17:35:07.4898666+09:00,292.098890,292.598890,30,30,-0.021100,-0.031919,0.000001,0.000001,0.000000,0.001414,0
20260804_173014_890,1,Unspecified,569,2026-08-04T17:35:07.4898666+09:00,2026-08-04T17:35:07.9898666+09:00,292.598890,293.098890,30,30,-0.006334,-0.028599,0.000395,0.000075,-0.000141,0.021668,0
20260804_173014_890,1,Unspecified,570,2026-08-04T17:35:07.9898666+09:00,2026-08-04T17:35:08.4898666+09:00,293.098890,293.598890,30,30,-0.013432,-0.042326,0.001012,0.000013,-0.000105,0.032003,0
20260804_173014_890,1,Unspecified,571,2026-08-04T17:35:08.4898666+09:00,2026-08-04T17:35:08.9898666+09:00,293.598890,294.098890,30,30,-0.027334,-0.033974,0.000051,0.000055,0.000052,0.010301,0
20260804_173014_890,1,Unspecified,572,2026-08-04T17:35:08.9898666+09:00,2026-08-04T17:35:09.4898666+09:00,294.098890,294.598890,30,30,-0.019152,-0.026787,0.000001,0.000002,0.000001,0.001684,0
20260804_173014_890,1,Unspecified,573,2026-08-04T17:35:09.4898666+09:00,2026-08-04T17:35:09.9898666+09:00,294.598890,295.098890,30,30,-0.038424,-0.032102,0.000125,0.000325,0.000122,0.021221,0
20260804_173014_890,1,Unspecified,574,2026-08-04T17:35:09.9898666+09:00,2026-08-04T17:35:10.4898666+09:00,295.098890,295.598890,30,30,-0.040660,-0.084863,0.000074,0.000357,0.000159,0.020763,0
20260804_173014_890,1,Unspecified,575,2026-08-04T17:35:10.4898666+09:00,2026-08-04T17:35:10.9898666+09:00,295.598890,296.098890,30,30,-0.023327,-0.041488,0.000002,0.000007,0.000002,0.002909,0
20260804_173014_890,1,Unspecified,576,2026-08-04T17:35:10.9898666+09:00,2026-08-04T17:35:11.4898666+09:00,296.098890,296.598890,30,30,-0.020949,-0.026205,0.000002,0.000007,0.000002,0.002993,0
20260804_173014_890,1,Unspecified,577,2026-08-04T17:35:11.4898666+09:00,2026-08-04T17:35:11.9898666+09:00,296.598890,297.098890,30,30,-0.017108,-0.025961,0.000438,0.000273,-0.000196,0.026665,0
20260804_173014_890,1,Unspecified,578,2026-08-04T17:35:11.9898666+09:00,2026-08-04T17:35:12.4898666+09:00,297.098890,297.598890,30,30,0.002631,-0.029210,0.000731,0.001067,-0.000599,0.042396,0
20260804_173014_890,1,Unspecified,579,2026-08-04T17:35:12.4898666+09:00,2026-08-04T17:35:12.9898666+09:00,297.598890,298.098890,30,30,-0.024010,-0.021869,0.000001,0.000003,0.000000,0.001928,0
20260804_173014_890,1,Unspecified,580,2026-08-04T17:35:12.9898666+09:00,2026-08-04T17:35:13.4898666+09:00,298.098890,298.598890,30,30,-0.023475,-0.022532,0.000001,0.000002,0.000000,0.001764,0
20260804_173014_890,1,Unspecified,581,2026-08-04T17:35:13.4898666+09:00,2026-08-04T17:35:13.9898666+09:00,298.598890,299.098890,30,30,-0.022722,-0.026128,0.000002,0.000026,-0.000005,0.005258,0
20260804_173014_890,1,Unspecified,582,2026-08-04T17:35:13.9898666+09:00,2026-08-04T17:35:14.4898666+09:00,299.098890,299.598890,30,30,-0.005617,-0.007202,0.000265,0.000955,0.000453,0.034917,0
20260804_173014_890,1,Unspecified,583,2026-08-04T17:35:14.4898666+09:00,2026-08-04T17:35:14.9898666+09:00,299.598890,300.098890,30,30,-0.007798,-0.016132,0.000088,0.000494,0.000197,0.024110,0
20260804_173014_890,1,Unspecified,584,2026-08-04T17:35:14.9898666+09:00,2026-08-04T17:35:15.4898666+09:00,300.098890,300.598890,30,30,-0.026458,-0.023482,0.000001,0.000002,0.000000,0.001533,0
20260804_173014_890,1,Unspecified,585,2026-08-04T17:35:15.4898666+09:00,2026-08-04T17:35:15.9898666+09:00,300.598890,301.098890,30,30,-0.025547,-0.023196,0.000001,0.000001,0.000000,0.001562,0
20260804_173014_890,1,Unspecified,586,2026-08-04T17:35:15.9898666+09:00,2026-08-04T17:35:16.4898666+09:00,301.098890,301.598890,30,30,-0.023412,-0.024971,0.000001,0.000001,0.000000,0.001473,0
20260804_173014_890,1,Unspecified,587,2026-08-04T17:35:16.4898666+09:00,2026-08-04T17:35:16.9898666+09:00,301.598890,302.098890,30,30,-0.023591,-0.027000,0.000001,0.000001,0.000000,0.001268,0
20260804_173014_890,1,Unspecified,588,2026-08-04T17:35:16.9898666+09:00,2026-08-04T17:35:17.4898666+09:00,302.098890,302.598890,30,30,-0.024688,-0.026953,0.000001,0.000001,0.000000,0.001040,0
20260804_173014_890,1,Unspecified,589,2026-08-04T17:35:17.4898666+09:00,2026-08-04T17:35:17.9898666+09:00,302.598890,303.098890,30,30,-0.024237,-0.029323,0.000001,0.000002,0.000000,0.001728,0
20260804_173014_890,1,Unspecified,590,2026-08-04T17:35:17.9898666+09:00,2026-08-04T17:35:18.4898666+09:00,303.098890,303.598890,30,30,-0.010191,-0.024165,0.000247,0.000276,0.000233,0.022881,0
20260804_173014_890,1,Unspecified,591,2026-08-04T17:35:18.4898666+09:00,2026-08-04T17:35:18.9898666+09:00,303.598890,304.098890,30,30,-0.020362,-0.030368,0.000017,0.000030,-0.000022,0.006843,0
20260804_173014_890,1,Unspecified,592,2026-08-04T17:35:18.9898666+09:00,2026-08-04T17:35:19.4898666+09:00,304.098890,304.598890,30,30,-0.026287,-0.021457,0.000001,0.000002,0.000000,0.001730,0
20260804_173014_890,1,Unspecified,593,2026-08-04T17:35:19.4898666+09:00,2026-08-04T17:35:19.9898666+09:00,304.598890,305.098890,30,30,-0.021587,-0.026257,0.000033,0.000053,-0.000040,0.009263,0
20260804_173014_890,1,Unspecified,594,2026-08-04T17:35:19.9898666+09:00,2026-08-04T17:35:20.4898666+09:00,305.098890,305.598890,30,30,-0.013782,-0.040257,0.000000,0.000002,0.000000,0.001493,0
20260804_173014_890,1,Unspecified,595,2026-08-04T17:35:20.4898666+09:00,2026-08-04T17:35:20.9898666+09:00,305.598890,306.098890,30,30,-0.028473,-0.015620,0.000020,0.000053,-0.000031,0.008539,0
20260804_173014_890,1,Unspecified,596,2026-08-04T17:35:20.9898666+09:00,2026-08-04T17:35:21.4898666+09:00,306.098890,306.598890,30,30,-0.029288,-0.013904,0.000001,0.000002,0.000000,0.001729,0
20260804_173014_890,1,Unspecified,597,2026-08-04T17:35:21.4898666+09:00,2026-08-04T17:35:21.9898666+09:00,306.598890,307.098890,30,30,-0.012190,-0.014689,0.000287,0.000276,0.000232,0.023721,0
20260804_173014_890,1,Unspecified,598,2026-08-04T17:35:21.9898666+09:00,2026-08-04T17:35:22.4898666+09:00,307.098890,307.598890,30,30,-0.021261,-0.020714,0.000001,0.000003,0.000001,0.001876,0
20260804_173014_890,1,Unspecified,599,2026-08-04T17:35:22.4898666+09:00,2026-08-04T17:35:22.9898666+09:00,307.598890,308.098890,30,30,-0.021997,-0.020199,0.000001,0.000001,0.000000,0.001413,0
20260804_173014_890,1,Unspecified,600,2026-08-04T17:35:22.9898666+09:00,2026-08-04T17:35:23.4898666+09:00,308.098890,308.598890,30,30,-0.023281,-0.023172,0.000002,0.000002,0.000000,0.001963,0
20260804_173014_890,1,Unspecified,601,2026-08-04T17:35:23.4898666+09:00,2026-08-04T17:35:23.9898666+09:00,308.598890,309.098890,30,30,-0.016211,-0.021538,0.000149,0.000172,0.000154,0.017919,0
20260804_173014_890,1,Unspecified,602,2026-08-04T17:35:23.9898666+09:00,2026-08-04T17:35:24.4898666+09:00,309.098890,309.598890,30,30,-0.001846,0.005061,0.000475,0.001043,0.000669,0.038958,0
20260804_173014_890,1,Unspecified,603,2026-08-04T17:35:24.4898666+09:00,2026-08-04T17:35:24.9898666+09:00,309.598890,310.098890,30,30,-0.021355,-0.021174,0.000002,0.000002,0.000000,0.001991,0
20260804_173014_890,1,Unspecified,604,2026-08-04T17:35:24.9898666+09:00,2026-08-04T17:35:25.4898666+09:00,310.098890,310.598890,30,30,-0.021817,-0.021119,0.000001,0.000002,0.000000,0.001753,0
20260804_173014_890,1,Unspecified,605,2026-08-04T17:35:25.4898666+09:00,2026-08-04T17:35:25.9898666+09:00,310.598890,311.098890,30,30,-0.038747,-0.034078,0.001144,0.000450,0.000715,0.039931,0
20260804_173014_890,1,Unspecified,606,2026-08-04T17:35:25.9898666+09:00,2026-08-04T17:35:26.4898666+09:00,311.098890,311.598890,30,30,-0.062825,-0.047608,0.001917,0.000771,0.001213,0.051847,0
20260804_173014_890,1,Unspecified,607,2026-08-04T17:35:26.4898666+09:00,2026-08-04T17:35:26.9898666+09:00,311.598890,312.098890,30,30,-0.017794,-0.019230,0.000001,0.000001,0.000001,0.001483,0
20260804_173014_890,1,Unspecified,608,2026-08-04T17:35:26.9898666+09:00,2026-08-04T17:35:27.4898666+09:00,312.098890,312.598890,30,30,-0.016836,-0.021146,0.000001,0.000001,0.000000,0.001362,0
20260804_173014_890,1,Unspecified,609,2026-08-04T17:35:27.4898666+09:00,2026-08-04T17:35:27.9898666+09:00,312.598890,313.098890,30,30,-0.024334,-0.025813,0.000224,0.000031,0.000079,0.015943,0
20260804_173014_890,1,Unspecified,610,2026-08-04T17:35:27.9898666+09:00,2026-08-04T17:35:28.4898666+09:00,313.098890,313.598890,30,30,-0.025475,-0.038723,0.000132,0.000039,0.000066,0.013078,0
20260804_173014_890,1,Unspecified,611,2026-08-04T17:35:28.4898666+09:00,2026-08-04T17:35:28.9898666+09:00,313.598890,314.098890,30,30,-0.011446,-0.022563,0.000095,0.000016,0.000026,0.010555,0
20260804_173014_890,1,Unspecified,612,2026-08-04T17:35:28.9898666+09:00,2026-08-04T17:35:29.4898666+09:00,314.098890,314.598890,30,30,-0.015863,-0.022226,0.000001,0.000001,0.000000,0.001410,0
20260804_173014_890,1,Unspecified,613,2026-08-04T17:35:29.4898666+09:00,2026-08-04T17:35:29.9898666+09:00,314.598890,315.098890,30,30,-0.019832,-0.024858,0.000037,0.000167,0.000015,0.014261,0
20260804_173014_890,1,Unspecified,614,2026-08-04T17:35:29.9898666+09:00,2026-08-04T17:35:30.4898666+09:00,315.098890,315.598890,30,30,-0.004506,-0.037168,0.000001,0.000002,-0.000001,0.001919,0
20260804_173014_890,1,Unspecified,615,2026-08-04T17:35:30.4898666+09:00,2026-08-04T17:35:30.9898666+09:00,315.598890,316.098890,30,30,-0.021683,-0.025400,0.000101,0.000056,-0.000073,0.012535,0
20260804_173014_890,1,Unspecified,616,2026-08-04T17:35:30.9898666+09:00,2026-08-04T17:35:31.4898666+09:00,316.098890,316.598890,30,30,-0.025711,-0.019675,0.000018,0.000001,0.000000,0.004378,0
20260804_173014_890,1,Unspecified,617,2026-08-04T17:35:31.4898666+09:00,2026-08-04T17:35:31.9898666+09:00,316.598890,317.098890,30,30,-0.005786,-0.019640,0.000224,0.000011,0.000009,0.015331,0
20260804_173014_890,1,Unspecified,618,2026-08-04T17:35:31.9898666+09:00,2026-08-04T17:35:32.4898666+09:00,317.098890,317.598890,30,30,-0.003613,-0.022697,0.000634,0.000004,-0.000047,0.025263,0
20260804_173014_890,1,Unspecified,619,2026-08-04T17:35:32.4898666+09:00,2026-08-04T17:35:32.9898666+09:00,317.598890,318.098890,30,30,-0.025898,-0.020539,0.000001,0.000002,-0.000001,0.001667,0
20260804_173014_890,1,Unspecified,620,2026-08-04T17:35:32.9898666+09:00,2026-08-04T17:35:33.4898666+09:00,318.098890,318.598890,30,30,-0.024763,-0.020985,0.000001,0.000000,0.000000,0.001101,0
20260804_173014_890,1,Unspecified,621,2026-08-04T17:35:33.4898666+09:00,2026-08-04T17:35:33.9898666+09:00,318.598890,319.098890,30,30,-0.021498,-0.020670,0.000106,0.000020,0.000015,0.011196,0
20260804_173014_890,1,Unspecified,622,2026-08-04T17:35:33.9898666+09:00,2026-08-04T17:35:34.4898666+09:00,319.098890,319.598890,30,30,-0.038799,-0.036190,0.000006,0.000008,0.000006,0.003846,0
20260804_173014_890,1,Unspecified,623,2026-08-04T17:35:34.4898666+09:00,2026-08-04T17:35:34.9898666+09:00,319.598890,320.098890,30,30,-0.024146,-0.024387,0.000118,0.000056,0.000054,0.013213,0
20260804_173014_890,1,Unspecified,624,2026-08-04T17:35:34.9898666+09:00,2026-08-04T17:35:35.4898666+09:00,320.098890,320.598890,30,30,-0.032210,-0.022071,0.000000,0.000002,0.000000,0.001466,0
20260804_173014_890,1,Unspecified,625,2026-08-04T17:35:35.4898666+09:00,2026-08-04T17:35:35.9898666+09:00,320.598890,321.098890,30,30,-0.031518,-0.021340,0.000031,0.000101,0.000035,0.011492,0
20260804_173014_890,1,Unspecified,626,2026-08-04T17:35:35.9898666+09:00,2026-08-04T17:35:36.4898666+09:00,321.098890,321.598890,30,30,-0.021914,-0.030512,0.000005,0.000004,0.000000,0.002997,0
20260804_173014_890,1,Unspecified,627,2026-08-04T17:35:36.4898666+09:00,2026-08-04T17:35:36.9898666+09:00,321.598890,322.098890,30,30,-0.024702,-0.025344,0.000019,0.000027,-0.000022,0.006818,0
20260804_173014_890,1,Unspecified,628,2026-08-04T17:35:36.9898666+09:00,2026-08-04T17:35:37.4898666+09:00,322.098890,322.598890,30,30,-0.029427,-0.018928,0.000009,0.000002,-0.000002,0.003321,0
20260804_173014_890,1,Unspecified,629,2026-08-04T17:35:37.4898666+09:00,2026-08-04T17:35:37.9898666+09:00,322.598890,323.098890,30,30,-0.020634,-0.022767,0.000016,0.000009,-0.000006,0.005016,0
20260804_173014_890,1,Unspecified,630,2026-08-04T17:35:37.9898666+09:00,2026-08-04T17:35:38.4898666+09:00,323.098890,323.598890,30,30,-0.016694,-0.018799,0.000037,0.000282,0.000082,0.017854,0
20260804_173014_890,1,Unspecified,631,2026-08-04T17:35:38.4898666+09:00,2026-08-04T17:35:38.9898666+09:00,323.598890,324.098890,30,30,-0.022602,-0.024660,0.000011,0.000047,-0.000021,0.007583,0
20260804_173014_890,1,Unspecified,632,2026-08-04T17:35:38.9898666+09:00,2026-08-04T17:35:39.4898666+09:00,324.098890,324.598890,30,30,-0.025165,-0.017710,0.000001,0.000002,0.000000,0.001465,0
20260804_173014_890,1,Unspecified,633,2026-08-04T17:35:39.4898666+09:00,2026-08-04T17:35:39.9898666+09:00,324.598890,325.098890,30,30,-0.015384,-0.017453,0.000163,0.000156,0.000115,0.017850,0
20260804_173014_890,1,Unspecified,634,2026-08-04T17:35:39.9898666+09:00,2026-08-04T17:35:40.4898666+09:00,325.098890,325.598890,30,30,-0.031801,-0.049910,0.000107,0.000174,0.000136,0.016758,0
20260804_173014_890,1,Unspecified,635,2026-08-04T17:35:40.4898666+09:00,2026-08-04T17:35:40.9898666+09:00,325.598890,326.098890,30,30,-0.021856,-0.031974,0.000085,0.000221,0.000135,0.017485,0
20260804_173014_890,1,Unspecified,636,2026-08-04T17:35:40.9898666+09:00,2026-08-04T17:35:41.4898666+09:00,326.098890,326.598890,30,30,-0.028487,-0.018646,0.000018,0.000004,-0.000006,0.004627,0
20260804_173014_890,1,Unspecified,637,2026-08-04T17:35:41.4898666+09:00,2026-08-04T17:35:41.9898666+09:00,326.598890,327.098890,30,30,-0.023336,-0.018507,0.000083,0.000012,0.000016,0.009749,0
20260804_173014_890,1,Unspecified,638,2026-08-04T17:35:41.9898666+09:00,2026-08-04T17:35:42.4898666+09:00,327.098890,327.598890,30,30,-0.013408,-0.026487,0.000125,0.000085,-0.000092,0.014482,0
20260804_173014_890,1,Unspecified,639,2026-08-04T17:35:42.4898666+09:00,2026-08-04T17:35:42.9898666+09:00,327.598890,328.098890,30,30,-0.026370,-0.018712,0.000216,0.000072,-0.000113,0.016994,0
20260804_173014_890,1,Unspecified,640,2026-08-04T17:35:42.9898666+09:00,2026-08-04T17:35:43.4898666+09:00,328.098890,328.598890,30,30,-0.026714,-0.018655,0.000023,0.000001,-0.000001,0.004898,0
20260804_173014_890,1,Unspecified,641,2026-08-04T17:35:43.4898666+09:00,2026-08-04T17:35:43.9898666+09:00,328.598890,329.098890,30,30,-0.017522,-0.014090,0.000178,0.000051,0.000086,0.015164,0
20260804_173014_890,1,Unspecified,642,2026-08-04T17:35:43.9898666+09:00,2026-08-04T17:35:44.4898666+09:00,329.098890,329.598890,30,30,-0.015588,-0.013741,0.000231,0.000274,0.000198,0.022486,0
20260804_173014_890,1,Unspecified,643,2026-08-04T17:35:44.4898666+09:00,2026-08-04T17:35:44.9898666+09:00,329.598890,330.098890,30,30,-0.021961,-0.021618,0.000001,0.000000,0.000000,0.001124,0
20260804_173014_890,1,Unspecified,644,2026-08-04T17:35:44.9898666+09:00,2026-08-04T17:35:45.4898666+09:00,330.098890,330.598890,30,30,-0.021101,-0.019924,0.000001,0.000002,0.000000,0.001773,0
20260804_173014_890,1,Unspecified,645,2026-08-04T17:35:45.4898666+09:00,2026-08-04T17:35:45.9898666+09:00,330.598890,331.098890,30,30,-0.019720,-0.021998,0.000001,0.000003,0.000000,0.002091,0
20260804_173014_890,1,Unspecified,646,2026-08-04T17:35:45.9898666+09:00,2026-08-04T17:35:46.4898666+09:00,331.098890,331.598890,30,30,-0.019183,-0.009747,0.000360,0.000095,0.000108,0.021343,0
20260804_173014_890,1,Unspecified,647,2026-08-04T17:35:46.4898666+09:00,2026-08-04T17:35:46.9898666+09:00,331.598890,332.098890,30,30,-0.026263,-0.018815,0.000009,0.000011,0.000008,0.004493,0
20260804_173014_890,1,Unspecified,648,2026-08-04T17:35:46.9898666+09:00,2026-08-04T17:35:47.4898666+09:00,332.098890,332.598890,30,30,-0.027335,-0.019747,0.000000,0.000002,0.000000,0.001418,0
20260804_173014_890,1,Unspecified,649,2026-08-04T17:35:47.4898666+09:00,2026-08-04T17:35:47.9898666+09:00,332.598890,333.098890,30,30,-0.020555,-0.023067,0.000061,0.000007,-0.000006,0.008237,0
20260804_173014_890,1,Unspecified,650,2026-08-04T17:35:47.9898666+09:00,2026-08-04T17:35:48.4898666+09:00,333.098890,333.598890,30,30,-0.022378,-0.026189,0.000002,0.000002,0.000000,0.002045,0
20260804_173014_890,1,Unspecified,651,2026-08-04T17:35:48.4898666+09:00,2026-08-04T17:35:48.9898666+09:00,333.598890,334.098890,30,30,-0.024102,-0.023259,0.000001,0.000018,-0.000003,0.004330,0
20260804_173014_890,1,Unspecified,652,2026-08-04T17:35:48.9898666+09:00,2026-08-04T17:35:49.4898666+09:00,334.098890,334.598890,30,30,-0.022177,-0.016602,0.000043,0.000006,0.000008,0.006948,0
20260804_173014_890,1,Unspecified,653,2026-08-04T17:35:49.4898666+09:00,2026-08-04T17:35:49.9898666+09:00,334.598890,335.098890,30,30,-0.017135,-0.020458,0.000131,0.000131,0.000119,0.016190,0
20260804_173014_890,1,Unspecified,654,2026-08-04T17:35:49.9898666+09:00,2026-08-04T17:35:50.4898666+09:00,335.098890,335.598890,30,30,-0.021118,-0.023723,0.000001,0.000001,0.000000,0.001491,0
20260804_173014_890,1,Unspecified,655,2026-08-04T17:35:50.4898666+09:00,2026-08-04T17:35:50.9898666+09:00,335.598890,336.098890,30,30,-0.026361,-0.020248,0.000023,0.000007,-0.000010,0.005500,0
20260804_173014_890,1,Unspecified,656,2026-08-04T17:35:50.9898666+09:00,2026-08-04T17:35:51.4898666+09:00,336.098890,336.598890,30,30,-0.021441,-0.023340,0.000003,0.000001,0.000000,0.001887,0
20260804_173014_890,1,Unspecified,657,2026-08-04T17:35:51.4898666+09:00,2026-08-04T17:35:51.9898666+09:00,336.598890,337.098890,30,30,-0.010382,-0.019911,0.000191,0.000027,0.000028,0.014783,0
20260804_173014_890,1,Unspecified,658,2026-08-04T17:35:51.9898666+09:00,2026-08-04T17:35:52.4898666+09:00,337.098890,337.598890,30,30,-0.014809,-0.028744,0.000104,0.000028,0.000053,0.011494,0
20260804_173014_890,1,Unspecified,659,2026-08-04T17:35:52.4898666+09:00,2026-08-04T17:35:52.9898666+09:00,337.598890,338.098890,30,30,-0.021222,-0.022275,0.000001,0.000022,-0.000001,0.004730,0
20260804_173014_890,1,Unspecified,660,2026-08-04T17:35:52.9898666+09:00,2026-08-04T17:35:53.4898666+09:00,338.098890,338.598890,30,30,-0.020763,-0.019624,0.000001,0.000010,-0.000002,0.003318,0
20260804_173014_890,1,Unspecified,661,2026-08-04T17:35:53.4898666+09:00,2026-08-04T17:35:53.9898666+09:00,338.598890,339.098890,30,30,-0.023539,-0.020201,0.000044,0.000031,0.000026,0.008660,0
20260804_173014_890,1,Unspecified,662,2026-08-04T17:35:53.9898666+09:00,2026-08-04T17:35:54.4898666+09:00,339.098890,339.598890,30,30,-0.010682,-0.008833,0.000112,0.000547,0.000229,0.025675,0
20260804_173014_890,1,Unspecified,663,2026-08-04T17:35:54.4898666+09:00,2026-08-04T17:35:54.9898666+09:00,339.598890,340.098890,30,30,-0.026526,-0.021784,0.000042,0.000007,-0.000016,0.007010,0
20260804_173014_890,1,Unspecified,664,2026-08-04T17:35:54.9898666+09:00,2026-08-04T17:35:55.4898666+09:00,340.098890,340.598890,30,30,-0.020645,-0.016827,0.000011,0.000003,0.000003,0.003756,0
20260804_173014_890,1,Unspecified,665,2026-08-04T17:35:55.4898666+09:00,2026-08-04T17:35:55.9898666+09:00,340.598890,341.098890,30,30,-0.011910,-0.000669,0.000092,0.000746,0.000238,0.028933,0
20260804_173014_890,1,Unspecified,666,2026-08-04T17:35:55.9898666+09:00,2026-08-04T17:35:56.4898666+09:00,341.098890,341.598890,30,30,-0.021248,-0.014696,0.000001,0.000060,0.000004,0.007847,0
20260804_173014_890,1,Unspecified,667,2026-08-04T17:35:56.4898666+09:00,2026-08-04T17:35:56.9898666+09:00,341.598890,342.098890,30,30,-0.020604,-0.017511,0.000001,0.000001,0.000000,0.001584,0
20260804_173014_890,1,Unspecified,668,2026-08-04T17:35:56.9898666+09:00,2026-08-04T17:35:57.4898666+09:00,342.098890,342.598890,30,30,-0.019499,-0.018156,0.000001,0.000002,-0.000001,0.001606,0
20260804_173014_890,1,Unspecified,669,2026-08-04T17:35:57.4898666+09:00,2026-08-04T17:35:57.9898666+09:00,342.598890,343.098890,30,30,-0.015319,-0.016766,0.000049,0.000056,0.000036,0.010274,0
20260804_173014_890,1,Unspecified,670,2026-08-04T17:35:57.9898666+09:00,2026-08-04T17:35:58.4898666+09:00,343.098890,343.598890,30,30,-0.013665,-0.020118,0.000035,0.000006,0.000007,0.006405,0
20260804_173014_890,1,Unspecified,671,2026-08-04T17:35:58.4898666+09:00,2026-08-04T17:35:58.9898666+09:00,343.598890,344.098890,30,30,-0.022944,-0.019977,0.000031,0.000008,0.000014,0.006221,0
20260804_173014_890,1,Unspecified,672,2026-08-04T17:35:58.9898666+09:00,2026-08-04T17:35:59.4898666+09:00,344.098890,344.598890,30,30,-0.013521,-0.015753,0.000001,0.000001,0.000000,0.001407,0
20260804_173014_890,1,Unspecified,673,2026-08-04T17:35:59.4898666+09:00,2026-08-04T17:35:59.9898666+09:00,344.598890,345.098890,30,30,-0.021796,-0.019100,0.000111,0.000013,0.000013,0.011147,0
20260804_173014_890,1,Unspecified,674,2026-08-04T17:35:59.9898666+09:00,2026-08-04T17:36:00.4898666+09:00,345.098890,345.598890,30,30,-0.029669,-0.015035,0.000930,0.000116,0.000189,0.032349,0
20260804_173014_890,1,Unspecified,675,2026-08-04T17:36:00.4898666+09:00,2026-08-04T17:36:00.9898666+09:00,345.598890,346.098890,30,30,-0.018099,-0.017212,0.000003,0.000004,0.000002,0.002501,0
20260804_173014_890,1,Unspecified,676,2026-08-04T17:36:00.9898666+09:00,2026-08-04T17:36:01.4898666+09:00,346.098890,346.598890,30,30,-0.028018,-0.023266,0.000001,0.000002,0.000000,0.001515,0
20260804_173014_890,1,Unspecified,677,2026-08-04T17:36:01.4898666+09:00,2026-08-04T17:36:01.9898666+09:00,346.598890,347.098890,30,30,-0.016804,-0.019235,0.000294,0.000066,0.000123,0.018983,0
20260804_173014_890,1,Unspecified,678,2026-08-04T17:36:01.9898666+09:00,2026-08-04T17:36:02.4898666+09:00,347.098890,347.598890,30,30,-0.014879,-0.021119,0.000001,0.000005,0.000000,0.002528,0
20260804_173014_890,1,Unspecified,679,2026-08-04T17:36:02.4898666+09:00,2026-08-04T17:36:02.9898666+09:00,347.598890,348.098890,30,30,-0.025631,-0.017140,0.000073,0.000004,-0.000013,0.008804,0
20260804_173014_890,1,Unspecified,680,2026-08-04T17:36:02.9898666+09:00,2026-08-04T17:36:03.4898666+09:00,348.098890,348.598890,30,30,-0.016224,-0.018221,0.000001,0.000001,0.000000,0.001134,0
20260804_173014_890,1,Unspecified,681,2026-08-04T17:36:03.4898666+09:00,2026-08-04T17:36:03.9898666+09:00,348.598890,349.098890,30,30,-0.015317,-0.019344,0.000001,0.000002,0.000000,0.001763,0
20260804_173014_890,1,Unspecified,682,2026-08-04T17:36:03.9898666+09:00,2026-08-04T17:36:04.4898666+09:00,349.098890,349.598890,30,30,-0.011282,-0.015558,0.000059,0.000304,0.000125,0.019051,0
20260804_173014_890,1,Unspecified,683,2026-08-04T17:36:04.4898666+09:00,2026-08-04T17:36:04.9898666+09:00,349.598890,350.098890,30,30,-0.016259,-0.021549,0.000001,0.000001,0.000000,0.001499,0
20260804_173014_890,1,Unspecified,684,2026-08-04T17:36:04.9898666+09:00,2026-08-04T17:36:05.4898666+09:00,350.098890,350.598890,30,30,-0.016499,-0.022955,0.000001,0.000001,0.000000,0.001480,0
20260804_173014_890,1,Unspecified,685,2026-08-04T17:36:05.4898666+09:00,2026-08-04T17:36:05.9898666+09:00,350.598890,351.098890,30,30,-0.016286,-0.023482,0.000001,0.000003,-0.000001,0.002015,0
20260804_173014_890,1,Unspecified,686,2026-08-04T17:36:05.9898666+09:00,2026-08-04T17:36:06.4898666+09:00,351.098890,351.598890,30,30,-0.014431,-0.018789,0.000238,0.000199,0.000175,0.020894,0
20260804_173014_890,1,Unspecified,687,2026-08-04T17:36:06.4898666+09:00,2026-08-04T17:36:06.9898666+09:00,351.598890,352.098890,30,30,-0.018417,-0.025201,0.000001,0.000003,-0.000001,0.001968,0
20260804_173014_890,1,Unspecified,688,2026-08-04T17:36:06.9898666+09:00,2026-08-04T17:36:07.4898666+09:00,352.098890,352.598890,30,30,-0.018967,-0.024912,0.000001,0.000002,0.000000,0.001869,0
20260804_173014_890,1,Unspecified,689,2026-08-04T17:36:07.4898666+09:00,2026-08-04T17:36:07.9898666+09:00,352.598890,353.098890,30,30,-0.014012,-0.019153,0.000108,0.000337,0.000188,0.021107,0
20260804_173014_890,1,Unspecified,690,2026-08-04T17:36:07.9898666+09:00,2026-08-04T17:36:08.4898666+09:00,353.098890,353.598890,30,30,-0.018504,-0.012858,0.000184,0.000403,0.000258,0.024223,0
20260804_173014_890,1,Unspecified,691,2026-08-04T17:36:08.4898666+09:00,2026-08-04T17:36:08.9898666+09:00,353.598890,354.098890,30,30,-0.021206,-0.022851,0.000001,0.000001,0.000000,0.001464,0
20260804_173014_890,1,Unspecified,692,2026-08-04T17:36:08.9898666+09:00,2026-08-04T17:36:09.4898666+09:00,354.098890,354.598890,30,30,-0.021219,-0.023732,0.000001,0.000002,0.000000,0.001715,0
20260804_173014_890,1,Unspecified,693,2026-08-04T17:36:09.4898666+09:00,2026-08-04T17:36:09.9898666+09:00,354.598890,355.098890,30,30,-0.019329,-0.026793,0.000002,0.000004,-0.000002,0.002407,0
20260804_173014_890,1,Unspecified,694,2026-08-04T17:36:09.9898666+09:00,2026-08-04T17:36:10.4898666+09:00,355.098890,355.598890,30,30,-0.017801,-0.021408,0.000044,0.000101,0.000058,0.012040,0
20260804_173014_890,1,Unspecified,695,2026-08-04T17:36:10.4898666+09:00,2026-08-04T17:36:10.9898666+09:00,355.598890,356.098890,30,30,-0.022027,-0.021464,0.000001,0.000001,0.000000,0.001562,0
20260804_173014_890,1,Unspecified,696,2026-08-04T17:36:10.9898666+09:00,2026-08-04T17:36:11.4898666+09:00,356.098890,356.598890,30,30,-0.021415,-0.024118,0.000001,0.000001,0.000000,0.001346,0
20260804_173014_890,1,Unspecified,697,2026-08-04T17:36:11.4898666+09:00,2026-08-04T17:36:11.9898666+09:00,356.598890,357.098890,30,30,-0.039703,-0.025618,0.000382,0.000039,0.000011,0.020525,0
20260804_173014_890,1,Unspecified,698,2026-08-04T17:36:11.9898666+09:00,2026-08-04T17:36:12.4898666+09:00,357.098890,357.598890,30,30,-0.013555,-0.022863,0.000154,0.000203,0.000044,0.018893,0
20260804_173014_890,1,Unspecified,699,2026-08-04T17:36:12.4898666+09:00,2026-08-04T17:36:12.9898666+09:00,357.598890,358.098890,30,30,-0.017364,-0.028494,0.000219,0.000186,-0.000135,0.020110,0
20260804_173014_890,1,Unspecified,700,2026-08-04T17:36:12.9898666+09:00,2026-08-04T17:36:13.4898666+09:00,358.098890,358.598890,30,30,-0.023407,-0.018035,0.000000,0.000001,0.000000,0.000879,0
20260804_173014_890,1,Unspecified,701,2026-08-04T17:36:13.4898666+09:00,2026-08-04T17:36:13.9898666+09:00,358.598890,359.098890,30,30,-0.015257,-0.004748,0.000112,0.000407,0.000183,0.022780,0
20260804_173014_890,1,Unspecified,702,2026-08-04T17:36:13.9898666+09:00,2026-08-04T17:36:14.4898666+09:00,359.098890,359.598890,30,30,-0.020643,-0.018912,0.000028,0.000097,0.000045,0.011201,0
20260804_173014_890,1,Unspecified,703,2026-08-04T17:36:14.4898666+09:00,2026-08-04T17:36:14.9898666+09:00,359.598890,360.098890,30,30,-0.018636,-0.021230,0.000001,0.000002,0.000000,0.001497,0
20260804_173014_890,1,Unspecified,704,2026-08-04T17:36:14.9898666+09:00,2026-08-04T17:36:15.4898666+09:00,360.098890,360.598890,30,30,-0.030825,-0.018570,0.000024,0.000003,-0.000002,0.005197,0
20260804_173014_890,1,Unspecified,705,2026-08-04T17:36:15.4898666+09:00,2026-08-04T17:36:15.9898666+09:00,360.598890,361.098890,30,30,-0.013647,-0.024046,0.000190,0.000075,0.000097,0.016276,0
20260804_173014_890,1,Unspecified,706,2026-08-04T17:36:15.9898666+09:00,2026-08-04T17:36:16.4898666+09:00,361.098890,361.598890,30,30,-0.028081,-0.026107,0.000072,0.000011,-0.000025,0.009058,0
20260804_173014_890,1,Unspecified,707,2026-08-04T17:36:16.4898666+09:00,2026-08-04T17:36:16.9898666+09:00,361.598890,362.098890,30,30,-0.025822,-0.020544,0.000118,0.000003,0.000012,0.011010,0
20260804_173014_890,1,Unspecified,708,2026-08-04T17:36:16.9898666+09:00,2026-08-04T17:36:17.4898666+09:00,362.098890,362.598890,30,30,-0.028439,-0.020547,0.000008,0.000006,-0.000006,0.003794,0
20260804_173014_890,1,Unspecified,709,2026-08-04T17:36:17.4898666+09:00,2026-08-04T17:36:17.9898666+09:00,362.598890,363.098890,30,30,-0.014901,-0.007508,0.000110,0.000647,0.000223,0.027512,0
20260804_173014_890,1,Unspecified,710,2026-08-04T17:36:17.9898666+09:00,2026-08-04T17:36:18.4898666+09:00,363.098890,363.598890,30,30,-0.007605,-0.006011,0.000041,0.000865,0.000120,0.030097,0
20260804_173014_890,1,Unspecified,711,2026-08-04T17:36:18.4898666+09:00,2026-08-04T17:36:18.9898666+09:00,363.598890,364.098890,30,30,-0.022652,-0.028137,0.000142,0.000004,-0.000015,0.012089,0
20260804_173014_890,1,Unspecified,712,2026-08-04T17:36:18.9898666+09:00,2026-08-04T17:36:19.4898666+09:00,364.098890,364.598890,30,30,-0.023747,-0.027710,0.000034,0.000001,-0.000002,0.005953,0
20260804_173014_890,1,Unspecified,713,2026-08-04T17:36:19.4898666+09:00,2026-08-04T17:36:19.9898666+09:00,364.598890,365.098890,30,30,-0.019836,-0.027810,0.000002,0.000000,0.000000,0.001460,0
20260804_173014_890,1,Unspecified,714,2026-08-04T17:36:19.9898666+09:00,2026-08-04T17:36:20.4898666+09:00,365.098890,365.598890,30,30,-0.018740,-0.029740,0.000001,0.000001,-0.000001,0.001503,0
20260804_173014_890,1,Unspecified,715,2026-08-04T17:36:20.4898666+09:00,2026-08-04T17:36:20.9898666+09:00,365.598890,366.098890,30,30,-0.026212,-0.029909,0.000005,0.000001,0.000001,0.002410,0
20260804_173014_890,1,Unspecified,716,2026-08-04T17:36:20.9898666+09:00,2026-08-04T17:36:21.4898666+09:00,366.098890,366.598890,30,30,-0.024797,-0.030570,0.000019,0.000003,0.000004,0.004625,0
20260804_173014_890,1,Unspecified,717,2026-08-04T17:36:21.4898666+09:00,2026-08-04T17:36:21.9898666+09:00,366.598890,367.098890,30,30,-0.019642,-0.030581,0.000039,0.000021,0.000003,0.007761,0
20260804_173014_890,1,Unspecified,718,2026-08-04T17:36:21.9898666+09:00,2026-08-04T17:36:22.4898666+09:00,367.098890,367.598890,30,30,-0.002571,-0.037876,0.000260,0.000011,-0.000051,0.016453,0
20260804_173014_890,1,Unspecified,719,2026-08-04T17:36:22.4898666+09:00,2026-08-04T17:36:22.9898666+09:00,367.598890,368.098890,30,30,-0.024368,-0.030861,0.000154,0.000001,0.000009,0.012463,0
20260804_173014_890,1,Unspecified,720,2026-08-04T17:36:22.9898666+09:00,2026-08-04T17:36:23.4898666+09:00,368.098890,368.598890,30,30,-0.022716,-0.030026,0.000001,0.000002,0.000000,0.001588,0
20260804_173014_890,1,Unspecified,721,2026-08-04T17:36:23.4898666+09:00,2026-08-04T17:36:23.9898666+09:00,368.598890,369.098890,30,30,-0.009406,-0.027586,0.000181,0.000022,0.000049,0.014275,0
20260804_173014_890,1,Unspecified,722,2026-08-04T17:36:23.9898666+09:00,2026-08-04T17:36:24.4898666+09:00,369.098890,369.598890,30,30,-0.017964,-0.008977,0.000128,0.000675,0.000221,0.028337,0
20260804_173014_890,1,Unspecified,723,2026-08-04T17:36:24.4898666+09:00,2026-08-04T17:36:24.9898666+09:00,369.598890,370.098890,30,30,-0.021888,-0.028670,0.000000,0.000002,-0.000001,0.001418,0
20260804_173014_890,1,Unspecified,724,2026-08-04T17:36:24.9898666+09:00,2026-08-04T17:36:25.4898666+09:00,370.098890,370.598890,30,30,-0.023454,-0.027647,0.000001,0.000001,0.000000,0.001292,0
20260804_173014_890,1,Unspecified,725,2026-08-04T17:36:25.4898666+09:00,2026-08-04T17:36:25.9898666+09:00,370.598890,371.098890,30,30,-0.044292,-0.042808,0.002201,0.000766,0.001293,0.054464,0
20260804_173014_890,1,Unspecified,726,2026-08-04T17:36:25.9898666+09:00,2026-08-04T17:36:26.4898666+09:00,371.098890,371.598890,30,30,-0.130860,-0.094977,0.002631,0.000834,0.001479,0.058870,0
20260804_173014_890,1,Unspecified,727,2026-08-04T17:36:26.4898666+09:00,2026-08-04T17:36:26.9898666+09:00,371.598890,372.098890,30,30,-0.026877,-0.034430,0.000001,0.000001,0.000000,0.001602,0
20260804_173014_890,1,Unspecified,728,2026-08-04T17:36:26.9898666+09:00,2026-08-04T17:36:27.4898666+09:00,372.098890,372.598890,30,30,-0.024138,-0.035718,0.000009,0.000002,0.000003,0.003334,0
20260804_173014_890,1,Unspecified,729,2026-08-04T17:36:27.4898666+09:00,2026-08-04T17:36:27.9898666+09:00,372.598890,373.098890,30,30,-0.019559,-0.023720,0.000009,0.000017,0.000011,0.005121,0
20260804_173014_890,1,Unspecified,730,2026-08-04T17:36:27.9898666+09:00,2026-08-04T17:36:28.4898666+09:00,373.098890,373.598890,30,30,-0.020283,-0.024426,0.000001,0.000002,0.000000,0.001718,0
20260804_173014_890,1,Unspecified,731,2026-08-04T17:36:28.4898666+09:00,2026-08-04T17:36:28.9898666+09:00,373.598890,374.098890,30,30,-0.021406,-0.025742,0.000000,0.000002,0.000000,0.001586,0
20260804_173014_890,1,Unspecified,732,2026-08-04T17:36:28.9898666+09:00,2026-08-04T17:36:29.4898666+09:00,374.098890,374.598890,30,30,-0.021705,-0.028053,0.000001,0.000001,0.000000,0.001086,0
20260804_173014_890,1,Unspecified,733,2026-08-04T17:36:29.4898666+09:00,2026-08-04T17:36:29.9898666+09:00,374.598890,375.098890,30,30,-0.018087,-0.020305,0.000072,0.000490,0.000152,0.023700,0
20260804_173014_890,1,Unspecified,734,2026-08-04T17:36:29.9898666+09:00,2026-08-04T17:36:30.4898666+09:00,375.098890,375.598890,30,30,-0.010796,-0.017439,0.000058,0.000705,0.000166,0.027627,0
20260804_173014_890,1,Unspecified,735,2026-08-04T17:36:30.4898666+09:00,2026-08-04T17:36:30.9898666+09:00,375.598890,376.098890,30,30,-0.014730,-0.040687,0.000001,0.000004,0.000001,0.002109,0
20260804_173014_890,1,Unspecified,736,2026-08-04T17:36:30.9898666+09:00,2026-08-04T17:36:31.4898666+09:00,376.098890,376.598890,30,30,-0.008251,-0.033859,0.000151,0.000011,-0.000003,0.012705,0
20260804_173014_890,1,Unspecified,737,2026-08-04T17:36:31.4898666+09:00,2026-08-04T17:36:31.9898666+09:00,376.598890,377.098890,30,30,-0.024731,-0.031952,0.000000,0.000001,0.000000,0.000997,0
20260804_173014_890,1,Unspecified,738,2026-08-04T17:36:31.9898666+09:00,2026-08-04T17:36:32.4898666+09:00,377.098890,377.598890,30,30,-0.024868,-0.032273,0.000000,0.000000,0.000000,0.000106,0
20260804_173014_890,1,Unspecified,739,2026-08-04T17:36:32.4898666+09:00,2026-08-04T17:36:32.9898666+09:00,377.598890,378.098890,30,30,-0.024735,-0.032316,0.000000,0.000000,0.000000,0.000069,0
20260804_173014_890,1,Unspecified,740,2026-08-04T17:36:32.9898666+09:00,2026-08-04T17:36:33.4898666+09:00,378.098890,378.598890,30,30,-0.024562,-0.032368,0.000000,0.000000,0.000000,0.000071,0
20260804_173014_890,1,Unspecified,741,2026-08-04T17:36:33.4898666+09:00,2026-08-04T17:36:33.9898666+09:00,378.598890,379.098890,30,30,-0.024589,-0.032355,0.000000,0.000000,0.000000,0.000055,0
20260804_173014_890,1,Unspecified,742,2026-08-04T17:36:33.9898666+09:00,2026-08-04T17:36:34.4898666+09:00,379.098890,379.598890,30,30,-0.024629,-0.032347,0.000000,0.000000,0.000000,0.000071,0
20260804_173014_890,1,Unspecified,743,2026-08-04T17:36:34.4898666+09:00,2026-08-04T17:36:34.9898666+09:00,379.598890,380.098890,30,30,-0.024862,-0.032277,0.000000,0.000000,0.000000,0.000071,0
20260804_173014_890,1,Unspecified,744,2026-08-04T17:36:34.9898666+09:00,2026-08-04T17:36:35.4898666+09:00,380.098890,380.598890,30,30,-0.024998,-0.032239,0.000000,0.000000,0.000000,0.000046,0
20260804_173014_890,1,Unspecified,745,2026-08-04T17:36:35.4898666+09:00,2026-08-04T17:36:35.9898666+09:00,380.598890,381.098890,30,30,-0.024875,-0.032274,0.000000,0.000000,0.000000,0.000054,0
20260804_173014_890,1,Unspecified,746,2026-08-04T17:36:35.9898666+09:00,2026-08-04T17:36:36.4898666+09:00,381.098890,381.598890,30,30,-0.024623,-0.032345,0.000000,0.000000,0.000000,0.000057,0
20260804_173014_890,1,Unspecified,747,2026-08-04T17:36:36.4898666+09:00,2026-08-04T17:36:36.9898666+09:00,381.598890,382.098890,30,30,-0.024585,-0.032356,0.000000,0.000000,0.000000,0.000035,0
20260804_173014_890,1,Unspecified,748,2026-08-04T17:36:36.9898666+09:00,2026-08-04T17:36:37.4898666+09:00,382.098890,382.598890,30,30,-0.024606,-0.032349,0.000000,0.000000,0.000000,0.000070,0
20260804_173014_890,1,Unspecified,749,2026-08-04T17:36:37.4898666+09:00,2026-08-04T17:36:37.9898666+09:00,382.598890,383.098890,30,30,-0.024802,-0.032294,0.000000,0.000000,0.000000,0.000054,0
20260804_173014_890,1,Unspecified,750,2026-08-04T17:36:37.9898666+09:00,2026-08-04T17:36:38.4898666+09:00,383.098890,383.598890,30,30,-0.024817,-0.032288,0.000000,0.000000,0.000000,0.000042,0
20260804_173014_890,1,Unspecified,751,2026-08-04T17:36:38.4898666+09:00,2026-08-04T17:36:38.9898666+09:00,383.598890,384.098890,30,30,-0.024693,-0.032330,0.000000,0.000000,0.000000,0.000093,0
20260804_173014_890,1,Unspecified,752,2026-08-04T17:36:38.9898666+09:00,2026-08-04T17:36:39.4898666+09:00,384.098890,384.598890,30,30,-0.024588,-0.032356,0.000000,0.000000,0.000000,0.000041,0
20260804_173014_890,1,Unspecified,753,2026-08-04T17:36:39.4898666+09:00,2026-08-04T17:36:39.9898666+09:00,384.598890,385.098890,30,30,-0.024543,-0.032370,0.000000,0.000000,0.000000,0.000043,0
20260804_173014_890,1,Unspecified,754,2026-08-04T17:36:39.9898666+09:00,2026-08-04T17:36:40.4898666+09:00,385.098890,385.598890,30,30,-0.024571,-0.032363,0.000000,0.000000,0.000000,0.000040,0
20260804_173014_890,1,Unspecified,755,2026-08-04T17:36:40.4898666+09:00,2026-08-04T17:36:40.9898666+09:00,385.598890,386.098890,30,30,-0.024785,-0.032304,0.000000,0.000000,0.000000,0.000059,0
20260804_173014_890,1,Unspecified,756,2026-08-04T17:36:40.9898666+09:00,2026-08-04T17:36:41.4898666+09:00,386.098890,386.598890,30,30,-0.024792,-0.032345,0.000000,0.000000,0.000000,0.000262,0
20260804_173014_890,1,Unspecified,757,2026-08-04T17:36:41.4898666+09:00,2026-08-04T17:36:41.9898666+09:00,386.598890,387.098890,30,30,-0.024917,-0.032261,0.000000,0.000000,0.000000,0.000056,0
20260804_173014_890,1,Unspecified,758,2026-08-04T17:36:41.9898666+09:00,2026-08-04T17:36:42.4898666+09:00,387.098890,387.598890,30,30,-0.024502,-0.032379,0.000000,0.000000,0.000000,0.000157,0
20260804_173014_890,1,Unspecified,759,2026-08-04T17:36:42.4898666+09:00,2026-08-04T17:36:42.9898666+09:00,387.598890,388.098890,30,30,-0.024472,-0.032390,0.000000,0.000000,0.000000,0.000047,0
20260804_173014_890,1,Unspecified,760,2026-08-04T17:36:42.9898666+09:00,2026-08-04T17:36:43.4898666+09:00,388.098890,388.598890,30,30,-0.024493,-0.032382,0.000000,0.000000,0.000000,0.000116,0
20260804_173014_890,1,Unspecified,761,2026-08-04T17:36:43.4898666+09:00,2026-08-04T17:36:43.9898666+09:00,388.598890,389.098890,30,30,-0.024791,-0.032296,0.000000,0.000000,0.000000,0.000038,0
20260804_173014_890,1,Unspecified,762,2026-08-04T17:36:43.9898666+09:00,2026-08-04T17:36:44.4898666+09:00,389.098890,389.598890,30,30,-0.024879,-0.032274,0.000000,0.000000,0.000000,0.000057,0
20260804_173014_890,1,Unspecified,763,2026-08-04T17:36:44.4898666+09:00,2026-08-04T17:36:44.9898666+09:00,389.598890,390.098890,30,30,-0.024665,-0.032335,0.000000,0.000000,0.000000,0.000134,0
20260804_173014_890,1,Unspecified,764,2026-08-04T17:36:44.9898666+09:00,2026-08-04T17:36:45.4898666+09:00,390.098890,390.598890,30,30,-0.024529,-0.032367,0.000000,0.000000,0.000000,0.000042,0
20260804_173014_890,1,Unspecified,765,2026-08-04T17:36:45.4898666+09:00,2026-08-04T17:36:45.9898666+09:00,390.598890,391.098890,30,30,-0.024497,-0.032381,0.000000,0.000000,0.000000,0.000062,0
20260804_173014_890,1,Unspecified,766,2026-08-04T17:36:45.9898666+09:00,2026-08-04T17:36:46.4898666+09:00,391.098890,391.598890,30,30,-0.024494,-0.032380,0.000000,0.000000,0.000000,0.000039,0
20260804_173014_890,1,Unspecified,767,2026-08-04T17:36:46.4898666+09:00,2026-08-04T17:36:46.9898666+09:00,391.598890,392.098890,30,30,-0.024732,-0.032316,0.000000,0.000000,0.000000,0.000124,0
20260804_173014_890,1,Unspecified,768,2026-08-04T17:36:46.9898666+09:00,2026-08-04T17:36:47.4898666+09:00,392.098890,392.598890,30,30,-0.024882,-0.032269,0.000000,0.000000,0.000000,0.000056,0
20260804_173014_890,1,Unspecified,769,2026-08-04T17:36:47.4898666+09:00,2026-08-04T17:36:47.9898666+09:00,392.598890,393.098890,30,30,-0.024738,-0.032311,0.000000,0.000000,0.000000,0.000132,0
20260804_173014_890,1,Unspecified,770,2026-08-04T17:36:47.9898666+09:00,2026-08-04T17:36:48.4898666+09:00,393.098890,393.598890,30,30,-0.024567,-0.032364,0.000000,0.000000,0.000000,0.000055,0
20260804_173014_890,1,Unspecified,771,2026-08-04T17:36:48.4898666+09:00,2026-08-04T17:36:48.9898666+09:00,393.598890,394.098890,30,30,-0.024513,-0.032374,0.000000,0.000000,0.000000,0.000052,0
20260804_173014_890,1,Unspecified,772,2026-08-04T17:36:48.9898666+09:00,2026-08-04T17:36:49.4898666+09:00,394.098890,394.598890,30,30,-0.024519,-0.032375,0.000000,0.000000,0.000000,0.000036,0
20260804_173014_890,1,Unspecified,773,2026-08-04T17:36:49.4898666+09:00,2026-08-04T17:36:49.9898666+09:00,394.598890,395.098890,30,30,-0.024668,-0.032330,0.000000,0.000000,0.000000,0.000131,0
20260804_173014_890,1,Unspecified,774,2026-08-04T17:36:49.9898666+09:00,2026-08-04T17:36:50.4898666+09:00,395.098890,395.598890,30,30,-0.024957,-0.032252,0.000000,0.000000,0.000000,0.000033,0
20260804_173014_890,1,Unspecified,775,2026-08-04T17:36:50.4898666+09:00,2026-08-04T17:36:50.9898666+09:00,395.598890,396.098890,30,30,-0.024965,-0.032244,0.000000,0.000000,0.000000,0.000039,0
20260804_173014_890,1,Unspecified,776,2026-08-04T17:36:50.9898666+09:00,2026-08-04T17:36:51.4898666+09:00,396.098890,396.598890,30,30,-0.024727,-0.032311,0.000000,0.000000,0.000000,0.000083,0
20260804_173014_890,1,Unspecified,777,2026-08-04T17:36:51.4898666+09:00,2026-08-04T17:36:51.9898666+09:00,396.598890,397.098890,30,30,-0.024719,-0.032309,0.000000,0.000000,0.000000,0.000044,0
20260804_173014_890,1,Unspecified,778,2026-08-04T17:36:51.9898666+09:00,2026-08-04T17:36:52.4898666+09:00,397.098890,397.598890,30,30,-0.024687,-0.032320,0.000000,0.000000,0.000000,0.000051,0
20260804_173014_890,1,Unspecified,779,2026-08-04T17:36:52.4898666+09:00,2026-08-04T17:36:52.9898666+09:00,397.598890,398.098890,30,30,-0.024836,-0.032284,0.000000,0.000000,0.000000,0.000060,0
20260804_173014_890,1,Unspecified,780,2026-08-04T17:36:52.9898666+09:00,2026-08-04T17:36:53.4898666+09:00,398.098890,398.598890,30,30,-0.024733,-0.032311,0.000000,0.000000,0.000000,0.000070,0
20260804_173014_890,1,Unspecified,781,2026-08-04T17:36:53.4898666+09:00,2026-08-04T17:36:53.9898666+09:00,398.598890,399.098890,30,30,-0.024670,-0.032328,0.000000,0.000000,0.000000,0.000080,0
20260804_173014_890,1,Unspecified,782,2026-08-04T17:36:53.9898666+09:00,2026-08-04T17:36:54.4898666+09:00,399.098890,399.598890,30,30,-0.024561,-0.032362,0.000000,0.000000,0.000000,0.000077,0
20260804_173014_890,1,Unspecified,783,2026-08-04T17:36:54.4898666+09:00,2026-08-04T17:36:54.9898666+09:00,399.598890,400.098890,30,30,-0.024534,-0.032368,0.000000,0.000000,0.000000,0.000060,0
20260804_173014_890,1,Unspecified,784,2026-08-04T17:36:54.9898666+09:00,2026-08-04T17:36:55.4898666+09:00,400.098890,400.598890,30,30,-0.024519,-0.032370,0.000000,0.000000,0.000000,0.000046,0
20260804_173014_890,1,Unspecified,785,2026-08-04T17:36:55.4898666+09:00,2026-08-04T17:36:55.9898666+09:00,400.598890,401.098890,30,30,-0.024848,-0.032277,0.000000,0.000000,0.000000,0.000119,0
20260804_173014_890,1,Unspecified,786,2026-08-04T17:36:55.9898666+09:00,2026-08-04T17:36:56.4898666+09:00,401.098890,401.598890,30,30,-0.024937,-0.032251,0.000000,0.000000,0.000000,0.000093,0
20260804_173014_890,1,Unspecified,787,2026-08-04T17:36:56.4898666+09:00,2026-08-04T17:36:56.9898666+09:00,401.598890,402.098890,30,30,-0.024957,-0.032247,0.000000,0.000000,0.000000,0.000122,0
20260804_173014_890,1,Unspecified,788,2026-08-04T17:36:56.9898666+09:00,2026-08-04T17:36:57.4898666+09:00,402.098890,402.598890,30,30,-0.024713,-0.032313,0.000000,0.000000,0.000000,0.000071,0
20260804_173014_890,1,Unspecified,789,2026-08-04T17:36:57.4898666+09:00,2026-08-04T17:36:57.9898666+09:00,402.598890,403.098890,30,30,-0.024751,-0.032296,0.000000,0.000000,0.000000,0.000042,0
20260804_173014_890,1,Unspecified,790,2026-08-04T17:36:57.9898666+09:00,2026-08-04T17:36:58.4898666+09:00,403.098890,403.598890,30,30,-0.024803,-0.032290,0.000000,0.000000,0.000000,0.000062,0
20260804_173014_890,1,Unspecified,791,2026-08-04T17:36:58.4898666+09:00,2026-08-04T17:36:58.9898666+09:00,403.598890,404.098890,30,30,-0.024963,-0.032245,0.000000,0.000000,0.000000,0.000050,0
20260804_173014_890,1,Unspecified,792,2026-08-04T17:36:58.9898666+09:00,2026-08-04T17:36:59.4898666+09:00,404.098890,404.598890,30,30,-0.025093,-0.032208,0.000000,0.000000,0.000000,0.000036,0
20260804_173014_890,1,Unspecified,793,2026-08-04T17:36:59.4898666+09:00,2026-08-04T17:36:59.9898666+09:00,404.598890,405.098890,30,30,-0.024827,-0.032284,0.000000,0.000000,0.000000,0.000189,0
20260804_173014_890,1,Unspecified,794,2026-08-04T17:36:59.9898666+09:00,2026-08-04T17:37:00.4898666+09:00,405.098890,405.598890,30,30,-0.024645,-0.032335,0.000000,0.000000,0.000000,0.000036,0
20260804_173014_890,1,Unspecified,795,2026-08-04T17:37:00.4898666+09:00,2026-08-04T17:37:00.9898666+09:00,405.598890,406.098890,30,30,-0.024620,-0.032342,0.000000,0.000000,0.000000,0.000048,0
20260804_173014_890,1,Unspecified,796,2026-08-04T17:37:00.9898666+09:00,2026-08-04T17:37:01.4898666+09:00,406.098890,406.598890,30,30,-0.024762,-0.032306,0.000000,0.000000,0.000000,0.000147,0
20260804_173014_890,1,Unspecified,797,2026-08-04T17:37:01.4898666+09:00,2026-08-04T17:37:01.9898666+09:00,406.598890,407.098890,30,30,-0.024959,-0.032244,0.000000,0.000000,0.000000,0.000041,0
20260804_173014_890,1,Unspecified,798,2026-08-04T17:37:01.9898666+09:00,2026-08-04T17:37:02.4898666+09:00,407.098890,407.598890,30,30,-0.024924,-0.032256,0.000000,0.000000,0.000000,0.000055,0
20260804_173014_890,1,Unspecified,799,2026-08-04T17:37:02.4898666+09:00,2026-08-04T17:37:02.9898666+09:00,407.598890,408.098890,30,30,-0.024580,-0.032353,0.000000,0.000000,0.000000,0.000120,0
20260804_173014_890,1,Unspecified,800,2026-08-04T17:37:02.9898666+09:00,2026-08-04T17:37:03.4898666+09:00,408.098890,408.598890,30,30,-0.024575,-0.032351,0.000000,0.000000,0.000000,0.000060,0
20260804_173014_890,1,Unspecified,801,2026-08-04T17:37:03.4898666+09:00,2026-08-04T17:37:03.9898666+09:00,408.598890,409.098890,30,30,-0.024580,-0.032356,0.000000,0.000000,0.000000,0.000061,0
20260804_173014_890,1,Unspecified,802,2026-08-04T17:37:03.9898666+09:00,2026-08-04T17:37:04.4898666+09:00,409.098890,409.598890,30,30,-0.024647,-0.032335,0.000000,0.000000,0.000000,0.000122,0
20260804_173014_890,1,Unspecified,803,2026-08-04T17:37:04.4898666+09:00,2026-08-04T17:37:04.9898666+09:00,409.598890,410.098890,30,30,-0.024962,-0.032247,0.000000,0.000000,0.000000,0.000048,0
20260804_173014_890,1,Unspecified,804,2026-08-04T17:37:04.9898666+09:00,2026-08-04T17:37:05.4898666+09:00,410.098890,410.598890,30,30,-0.025059,-0.032220,0.000000,0.000000,0.000000,0.000058,0
20260804_173014_890,1,Unspecified,805,2026-08-04T17:37:05.4898666+09:00,2026-08-04T17:37:05.9898666+09:00,410.598890,411.098890,30,30,-0.024854,-0.032274,0.000000,0.000000,0.000000,0.000233,0
20260804_173014_890,1,Unspecified,806,2026-08-04T17:37:05.9898666+09:00,2026-08-04T17:37:06.4898666+09:00,411.098890,411.598890,30,30,-0.024721,-0.032316,0.000000,0.000000,0.000000,0.000084,0
20260804_173014_890,1,Unspecified,807,2026-08-04T17:37:06.4898666+09:00,2026-08-04T17:37:06.9898666+09:00,411.598890,412.098890,30,30,-0.024632,-0.032345,0.000000,0.000000,0.000000,0.000047,0
20260804_173014_890,1,Unspecified,808,2026-08-04T17:37:06.9898666+09:00,2026-08-04T17:37:07.4898666+09:00,412.098890,412.598890,30,30,-0.024739,-0.032312,0.000000,0.000000,0.000000,0.000045,0
20260804_173014_890,1,Unspecified,809,2026-08-04T17:37:07.4898666+09:00,2026-08-04T17:37:07.9898666+09:00,412.598890,413.098890,30,30,-0.024833,-0.032284,0.000000,0.000000,0.000000,0.000096,0
20260804_173014_890,1,Unspecified,810,2026-08-04T17:37:07.9898666+09:00,2026-08-04T17:37:08.4898666+09:00,413.098890,413.598890,30,30,-0.024884,-0.032263,0.000000,0.000000,0.000000,0.000053,0
20260804_173014_890,1,Unspecified,811,2026-08-04T17:37:08.4898666+09:00,2026-08-04T17:37:08.9898666+09:00,413.598890,414.098890,30,30,-0.024693,-0.032324,0.000000,0.000000,0.000000,0.000126,0
20260804_173014_890,1,Unspecified,812,2026-08-04T17:37:08.9898666+09:00,2026-08-04T17:37:09.4898666+09:00,414.098890,414.598890,30,30,-0.024578,-0.032352,0.000000,0.000000,0.000000,0.000045,0
20260804_173014_890,1,Unspecified,813,2026-08-04T17:37:09.4898666+09:00,2026-08-04T17:37:09.9898666+09:00,414.598890,415.098890,30,30,-0.024535,-0.032368,0.000000,0.000000,0.000000,0.000044,0
20260804_173014_890,1,Unspecified,814,2026-08-04T17:37:09.9898666+09:00,2026-08-04T17:37:10.4898666+09:00,415.098890,415.598890,30,30,-0.024560,-0.032358,0.000000,0.000000,0.000000,0.000068,0
20260804_173014_890,1,Unspecified,815,2026-08-04T17:37:10.4898666+09:00,2026-08-04T17:37:10.9898666+09:00,415.598890,416.098890,30,30,-0.024707,-0.032314,0.000000,0.000000,0.000000,0.000075,0
20260804_173014_890,1,Unspecified,816,2026-08-04T17:37:10.9898666+09:00,2026-08-04T17:37:11.4898666+09:00,416.098890,416.598890,30,30,-0.024849,-0.032275,0.000000,0.000000,0.000000,0.000056,0
20260804_173014_890,1,Unspecified,817,2026-08-04T17:37:11.4898666+09:00,2026-08-04T17:37:11.9898666+09:00,416.598890,417.098890,30,30,-0.024727,-0.032310,0.000000,0.000000,0.000000,0.000074,0
20260804_173014_890,1,Unspecified,818,2026-08-04T17:37:11.9898666+09:00,2026-08-04T17:37:12.4898666+09:00,417.098890,417.598890,30,30,-0.024519,-0.032367,0.000000,0.000000,0.000000,0.000053,0
20260804_173014_890,1,Unspecified,819,2026-08-04T17:37:12.4898666+09:00,2026-08-04T17:37:12.9898666+09:00,417.598890,418.098890,30,30,-0.024576,-0.032348,0.000000,0.000000,0.000000,0.000042,0
20260804_173014_890,1,Unspecified,820,2026-08-04T17:37:12.9898666+09:00,2026-08-04T17:37:13.4898666+09:00,418.098890,418.598890,30,30,-0.024573,-0.032353,0.000000,0.000000,0.000000,0.000049,0
20260804_173014_890,1,Unspecified,821,2026-08-04T17:37:13.4898666+09:00,2026-08-04T17:37:13.9898666+09:00,418.598890,419.098890,30,30,-0.024827,-0.032280,0.000000,0.000000,0.000000,0.000080,0
20260804_173014_890,1,Unspecified,822,2026-08-04T17:37:13.9898666+09:00,2026-08-04T17:37:14.4898666+09:00,419.098890,419.598890,30,30,-0.025039,-0.032220,0.000000,0.000000,0.000000,0.000047,0
20260804_173014_890,1,Unspecified,823,2026-08-04T17:37:14.4898666+09:00,2026-08-04T17:37:14.9898666+09:00,419.598890,420.098890,30,30,-0.024993,-0.032230,0.000000,0.000000,0.000000,0.000063,0
20260804_173014_890,1,Unspecified,824,2026-08-04T17:37:14.9898666+09:00,2026-08-04T17:37:15.4898666+09:00,420.098890,420.598890,30,30,-0.024674,-0.032321,0.000000,0.000000,0.000000,0.000076,0
20260804_173014_890,1,Unspecified,825,2026-08-04T17:37:15.4898666+09:00,2026-08-04T17:37:15.9898666+09:00,420.598890,421.098890,30,30,-0.024479,-0.032376,0.000000,0.000000,0.000000,0.000098,0
20260804_173014_890,1,Unspecified,826,2026-08-04T17:37:15.9898666+09:00,2026-08-04T17:37:16.4898666+09:00,421.098890,421.598890,30,30,-0.024476,-0.032378,0.000000,0.000000,0.000000,0.000079,0
20260804_173014_890,1,Unspecified,827,2026-08-04T17:37:16.4898666+09:00,2026-08-04T17:37:16.9898666+09:00,421.598890,422.098890,30,30,-0.024716,-0.032309,0.000000,0.000000,0.000000,0.000070,0
20260804_173014_890,1,Unspecified,828,2026-08-04T17:37:16.9898666+09:00,2026-08-04T17:37:17.4898666+09:00,422.098890,422.598890,30,30,-0.024818,-0.032280,0.000000,0.000000,0.000000,0.000082,0
20260804_173014_890,1,Unspecified,829,2026-08-04T17:37:17.4898666+09:00,2026-08-04T17:37:17.9898666+09:00,422.598890,423.098890,30,30,-0.024776,-0.032291,0.000000,0.000000,0.000000,0.000088,0
20260804_173014_890,1,Unspecified,830,2026-08-04T17:37:17.9898666+09:00,2026-08-04T17:37:18.4898666+09:00,423.098890,423.598890,30,30,-0.024632,-0.032332,0.000000,0.000000,0.000000,0.000050,0
20260804_173014_890,1,Unspecified,831,2026-08-04T17:37:18.4898666+09:00,2026-08-04T17:37:18.9898666+09:00,423.598890,424.098890,30,30,-0.024513,-0.032365,0.000000,0.000000,0.000000,0.000066,0
20260804_173014_890,1,Unspecified,832,2026-08-04T17:37:18.9898666+09:00,2026-08-04T17:37:19.4898666+09:00,424.098890,424.598890,30,30,-0.024460,-0.032384,0.000000,0.000000,0.000000,0.000045,0
20260804_173014_890,1,Unspecified,833,2026-08-04T17:37:19.4898666+09:00,2026-08-04T17:37:19.9898666+09:00,424.598890,425.098890,30,30,-0.024521,-0.032365,0.000000,0.000000,0.000000,0.000078,0
20260804_173014_890,1,Unspecified,834,2026-08-04T17:37:19.9898666+09:00,2026-08-04T17:37:20.4898666+09:00,425.098890,425.598890,30,30,-0.024399,-0.032401,0.000000,0.000000,0.000000,0.000059,0
20260804_173014_890,1,Unspecified,835,2026-08-04T17:37:20.4898666+09:00,2026-08-04T17:37:20.9898666+09:00,425.598890,426.098890,30,30,-0.024400,-0.032407,0.000000,0.000000,0.000000,0.000138,0
20260804_173014_890,1,Unspecified,836,2026-08-04T17:37:20.9898666+09:00,2026-08-04T17:37:21.4898666+09:00,426.098890,426.598890,30,30,-0.024620,-0.032336,0.000000,0.000000,0.000000,0.000061,0
20260804_173014_890,1,Unspecified,837,2026-08-04T17:37:21.4898666+09:00,2026-08-04T17:37:21.9898666+09:00,426.598890,427.098890,30,30,-0.024713,-0.032313,0.000000,0.000000,0.000000,0.000090,0
20260804_173014_890,1,Unspecified,838,2026-08-04T17:37:21.9898666+09:00,2026-08-04T17:37:22.4898666+09:00,427.098890,427.598890,30,30,-0.024514,-0.032367,0.000000,0.000000,0.000000,0.000073,0
20260804_173014_890,1,Unspecified,839,2026-08-04T17:37:22.4898666+09:00,2026-08-04T17:37:22.9898666+09:00,427.598890,428.098890,30,30,-0.024452,-0.032385,0.000000,0.000000,0.000000,0.000071,0
20260804_173014_890,1,Unspecified,840,2026-08-04T17:37:22.9898666+09:00,2026-08-04T17:37:23.4898666+09:00,428.098890,428.598890,30,30,-0.024770,-0.032296,0.000000,0.000000,0.000000,0.000075,0
20260804_173014_890,1,Unspecified,841,2026-08-04T17:37:23.4898666+09:00,2026-08-04T17:37:23.9898666+09:00,428.598890,429.098890,30,30,-0.024875,-0.032267,0.000000,0.000000,0.000000,0.000089,0
20260804_173014_890,1,Unspecified,842,2026-08-04T17:37:23.9898666+09:00,2026-08-04T17:37:24.4898666+09:00,429.098890,429.598890,30,30,-0.024609,-0.032350,0.000000,0.000000,0.000000,0.000687,0
20260804_173014_890,1,Unspecified,843,2026-08-04T17:37:24.4898666+09:00,2026-08-04T17:37:24.9898666+09:00,429.598890,430.098890,30,30,-0.023467,-0.033865,0.000026,0.000002,-0.000006,0.005206,0
20260804_173014_890,1,Unspecified,844,2026-08-04T17:37:24.9898666+09:00,2026-08-04T17:37:25.4898666+09:00,430.098890,430.598890,30,30,-0.029994,-0.031888,0.000005,0.000000,0.000000,0.002252,0
20260804_173014_890,1,Unspecified,845,2026-08-04T17:37:25.4898666+09:00,2026-08-04T17:37:25.9898666+09:00,430.598890,431.098890,30,30,-0.025720,-0.032444,0.000000,0.000000,0.000000,0.000308,0
20260804_173014_890,1,Unspecified,846,2026-08-04T17:37:25.9898666+09:00,2026-08-04T17:37:26.4898666+09:00,431.098890,431.598890,30,30,-0.025213,-0.032480,0.000000,0.000000,0.000000,0.000089,0
20260804_173014_890,1,Unspecified,847,2026-08-04T17:37:26.4898666+09:00,2026-08-04T17:37:26.9898666+09:00,431.598890,432.098890,30,30,-0.025089,-0.032460,0.000000,0.000000,0.000000,0.000049,0
20260804_173014_890,1,Unspecified,848,2026-08-04T17:37:26.9898666+09:00,2026-08-04T17:37:27.4898666+09:00,432.098890,432.598890,30,30,-0.024877,-0.032506,0.000000,0.000000,0.000000,0.000113,0
20260804_173014_890,1,Unspecified,849,2026-08-04T17:37:27.4898666+09:00,2026-08-04T17:37:27.9898666+09:00,432.598890,433.098890,30,30,-0.024699,-0.032528,0.000000,0.000000,0.000000,0.000063,0
20260804_173014_890,1,Unspecified,850,2026-08-04T17:37:27.9898666+09:00,2026-08-04T17:37:28.4898666+09:00,433.098890,433.598890,30,30,-0.024518,-0.032584,0.000000,0.000000,0.000000,0.000051,0
20260804_173014_890,1,Unspecified,851,2026-08-04T17:37:28.4898666+09:00,2026-08-04T17:37:28.9898666+09:00,433.598890,434.098890,30,30,-0.024702,-0.032519,0.000000,0.000000,0.000000,0.000053,0
20260804_173014_890,1,Unspecified,852,2026-08-04T17:37:28.9898666+09:00,2026-08-04T17:37:29.4898666+09:00,434.098890,434.598890,30,30,-0.024828,-0.032475,0.000000,0.000000,0.000000,0.000049,0
20260804_173014_890,1,Unspecified,853,2026-08-04T17:37:29.4898666+09:00,2026-08-04T17:37:29.9898666+09:00,434.598890,435.098890,30,30,-0.024761,-0.032499,0.000000,0.000000,0.000000,0.000079,0
20260804_173014_890,1,Unspecified,854,2026-08-04T17:37:29.9898666+09:00,2026-08-04T17:37:30.4898666+09:00,435.098890,435.598890,30,30,-0.024560,-0.032561,0.000000,0.000000,0.000000,0.000045,0
20260804_173014_890,1,Unspecified,855,2026-08-04T17:37:30.4898666+09:00,2026-08-04T17:37:30.9898666+09:00,435.598890,436.098890,30,30,-0.024544,-0.032566,0.000000,0.000000,0.000000,0.000055,0
20260804_173014_890,1,Unspecified,856,2026-08-04T17:37:30.9898666+09:00,2026-08-04T17:37:31.4898666+09:00,436.098890,436.598890,30,30,-0.024508,-0.032580,0.000000,0.000000,0.000000,0.000048,0
20260804_173014_890,1,Unspecified,857,2026-08-04T17:37:31.4898666+09:00,2026-08-04T17:37:31.9898666+09:00,436.598890,437.098890,30,30,-0.024690,-0.032515,0.000000,0.000000,0.000000,0.000112,0
20260804_173014_890,1,Unspecified,858,2026-08-04T17:37:31.9898666+09:00,2026-08-04T17:37:32.4898666+09:00,437.098890,437.598890,30,30,-0.024832,-0.032467,0.000000,0.000000,0.000000,0.000041,0
20260804_173014_890,1,Unspecified,859,2026-08-04T17:37:32.4898666+09:00,2026-08-04T17:37:32.9898666+09:00,437.598890,438.098890,30,30,-0.024883,-0.032455,0.000000,0.000000,0.000000,0.000046,0
20260804_173014_890,1,Unspecified,860,2026-08-04T17:37:32.9898666+09:00,2026-08-04T17:37:33.4898666+09:00,438.098890,438.598890,30,30,-0.024736,-0.032500,0.000000,0.000000,0.000000,0.000057,0
20260804_173014_890,1,Unspecified,861,2026-08-04T17:37:33.4898666+09:00,2026-08-04T17:37:33.9898666+09:00,438.598890,439.098890,30,30,-0.024692,-0.032512,0.000000,0.000000,0.000000,0.000058,0
20260804_173014_890,1,Unspecified,862,2026-08-04T17:37:33.9898666+09:00,2026-08-04T17:37:34.4898666+09:00,439.098890,439.598890,30,30,-0.024670,-0.032523,0.000000,0.000000,0.000000,0.000038,0
20260804_173014_890,1,Unspecified,863,2026-08-04T17:37:34.4898666+09:00,2026-08-04T17:37:34.9898666+09:00,439.598890,440.098890,30,30,-0.024762,-0.032495,0.000000,0.000000,0.000000,0.000110,0
20260804_173014_890,1,Unspecified,864,2026-08-04T17:37:34.9898666+09:00,2026-08-04T17:37:35.4898666+09:00,440.098890,440.598890,30,30,-0.024981,-0.032424,0.000000,0.000000,0.000000,0.000044,0
20260804_173014_890,1,Unspecified,865,2026-08-04T17:37:35.4898666+09:00,2026-08-04T17:37:35.9898666+09:00,440.598890,441.098890,30,30,-0.025001,-0.032415,0.000000,0.000000,0.000000,0.000043,0
20260804_173014_890,1,Unspecified,866,2026-08-04T17:37:35.9898666+09:00,2026-08-04T17:37:36.4898666+09:00,441.098890,441.598890,30,30,-0.024806,-0.032469,0.000000,0.000000,0.000000,0.000105,0
20260804_173014_890,1,Unspecified,867,2026-08-04T17:37:36.4898666+09:00,2026-08-04T17:37:36.9898666+09:00,441.598890,442.098890,30,30,-0.024735,-0.032493,0.000000,0.000000,0.000000,0.000040,0
20260804_173014_890,1,Unspecified,868,2026-08-04T17:37:36.9898666+09:00,2026-08-04T17:37:37.4898666+09:00,442.098890,442.598890,30,30,-0.024632,-0.032516,0.000000,0.000000,0.000000,0.000052,0
20260804_173014_890,1,Unspecified,869,2026-08-04T17:37:37.4898666+09:00,2026-08-04T17:37:37.9898666+09:00,442.598890,443.098890,30,30,-0.024680,-0.032505,0.000000,0.000000,0.000000,0.000053,0
20260804_173014_890,1,Unspecified,870,2026-08-04T17:37:37.9898666+09:00,2026-08-04T17:37:38.4898666+09:00,443.098890,443.598890,30,30,-0.024589,-0.032520,0.000000,0.000000,0.000000,0.000176,0
20260804_173014_890,1,Unspecified,871,2026-08-04T17:37:38.4898666+09:00,2026-08-04T17:37:38.9898666+09:00,443.598890,444.098890,30,30,-0.024222,-0.032628,0.000000,0.000000,0.000000,0.000038,0
20260804_173014_890,1,Unspecified,872,2026-08-04T17:37:38.9898666+09:00,2026-08-04T17:37:39.4898666+09:00,444.098890,444.598890,30,30,-0.024402,-0.032577,0.000000,0.000000,0.000000,0.000075,0
20260804_173014_890,1,Unspecified,873,2026-08-04T17:37:39.4898666+09:00,2026-08-04T17:37:39.9898666+09:00,444.598890,445.098890,30,30,-0.024098,-0.032680,0.000000,0.000000,0.000000,0.000189,0
20260804_173014_890,1,Unspecified,874,2026-08-04T17:37:39.9898666+09:00,2026-08-04T17:37:40.4898666+09:00,445.098890,445.598890,30,30,-0.024045,-0.032694,0.000000,0.000000,0.000000,0.000067,0
20260804_173014_890,1,Unspecified,875,2026-08-04T17:37:40.4898666+09:00,2026-08-04T17:37:40.9898666+09:00,445.598890,446.098890,30,30,-0.024082,-0.032666,0.000000,0.000000,0.000000,0.000058,0
20260804_173014_890,1,Unspecified,876,2026-08-04T17:37:40.9898666+09:00,2026-08-04T17:37:41.4898666+09:00,446.098890,446.598890,30,30,-0.024037,-0.032681,0.000000,0.000000,0.000000,0.000049,0
20260804_173014_890,1,Unspecified,877,2026-08-04T17:37:41.4898666+09:00,2026-08-04T17:37:41.9898666+09:00,446.598890,447.098890,30,30,-0.024034,-0.032686,0.000000,0.000000,0.000000,0.000043,0
20260804_173014_890,1,Unspecified,878,2026-08-04T17:37:41.9898666+09:00,2026-08-04T17:37:42.4898666+09:00,447.098890,447.598890,30,30,-0.024000,-0.032695,0.000000,0.000000,0.000000,0.000047,0
20260804_173014_890,1,Unspecified,879,2026-08-04T17:37:42.4898666+09:00,2026-08-04T17:37:42.9898666+09:00,447.598890,448.098890,30,30,-0.024219,-0.032635,0.000000,0.000000,0.000000,0.000092,0
20260804_173014_890,1,Unspecified,880,2026-08-04T17:37:42.9898666+09:00,2026-08-04T17:37:43.4898666+09:00,448.098890,448.598890,30,30,-0.024329,-0.032610,0.000000,0.000000,0.000000,0.000056,0
20260804_173014_890,1,Unspecified,881,2026-08-04T17:37:43.4898666+09:00,2026-08-04T17:37:43.9898666+09:00,448.598890,449.098890,30,30,-0.024368,-0.032595,0.000000,0.000000,0.000000,0.000083,0
20260804_173014_890,1,Unspecified,882,2026-08-04T17:37:43.9898666+09:00,2026-08-04T17:37:44.4898666+09:00,449.098890,449.598890,30,30,-0.024235,-0.032624,0.000000,0.000000,0.000000,0.000049,0
20260804_173014_890,1,Unspecified,883,2026-08-04T17:37:44.4898666+09:00,2026-08-04T17:37:44.9898666+09:00,449.598890,450.098890,30,30,-0.024262,-0.032612,0.000000,0.000000,0.000000,0.000041,0
20260804_173014_890,1,Unspecified,884,2026-08-04T17:37:44.9898666+09:00,2026-08-04T17:37:45.4898666+09:00,450.098890,450.598890,30,30,-0.024276,-0.032600,0.000000,0.000000,0.000000,0.000049,0
20260804_173014_890,1,Unspecified,885,2026-08-04T17:37:45.4898666+09:00,2026-08-04T17:37:45.9898666+09:00,450.598890,451.098890,30,30,-0.024306,-0.032594,0.000000,0.000000,0.000000,0.000040,0
20260804_173014_890,1,Unspecified,886,2026-08-04T17:37:45.9898666+09:00,2026-08-04T17:37:46.4898666+09:00,451.098890,451.598890,30,30,-0.024441,-0.032550,0.000000,0.000000,0.000000,0.000073,0
20260804_173014_890,1,Unspecified,887,2026-08-04T17:37:46.4898666+09:00,2026-08-04T17:37:46.9898666+09:00,451.598890,452.098890,30,30,-0.024518,-0.032521,0.000000,0.000000,0.000000,0.000028,0
20260804_173014_890,1,Unspecified,888,2026-08-04T17:37:46.9898666+09:00,2026-08-04T17:37:47.4898666+09:00,452.098890,452.598890,30,30,-0.024536,-0.032511,0.000000,0.000000,0.000000,0.000054,0
20260804_173014_890,1,Unspecified,889,2026-08-04T17:37:47.4898666+09:00,2026-08-04T17:37:47.9898666+09:00,452.598890,453.098890,30,30,-0.024529,-0.032526,0.000000,0.000000,0.000000,0.000043,0
20260804_173014_890,1,Unspecified,890,2026-08-04T17:37:47.9898666+09:00,2026-08-04T17:37:48.4898666+09:00,453.098890,453.598890,30,30,-0.024361,-0.032576,0.000000,0.000000,0.000000,0.000129,0
20260804_173014_890,1,Unspecified,891,2026-08-04T17:37:48.4898666+09:00,2026-08-04T17:37:48.9898666+09:00,453.598890,454.098890,30,30,-0.024204,-0.032619,0.000000,0.000000,0.000000,0.000055,0
20260804_173014_890,1,Unspecified,892,2026-08-04T17:37:48.9898666+09:00,2026-08-04T17:37:49.4898666+09:00,454.098890,454.598890,30,30,-0.024175,-0.032630,0.000000,0.000000,0.000000,0.000044,0
20260804_173014_890,1,Unspecified,893,2026-08-04T17:37:49.4898666+09:00,2026-08-04T17:37:49.9898666+09:00,454.598890,455.098890,30,30,-0.024175,-0.032629,0.000000,0.000000,0.000000,0.000041,0
20260804_173014_890,1,Unspecified,894,2026-08-04T17:37:49.9898666+09:00,2026-08-04T17:37:50.4898666+09:00,455.098890,455.598890,30,30,-0.024339,-0.032569,0.000000,0.000000,0.000000,0.000070,0
20260804_173014_890,1,Unspecified,895,2026-08-04T17:37:50.4898666+09:00,2026-08-04T17:37:50.9898666+09:00,455.598890,456.098890,30,30,-0.024401,-0.032554,0.000000,0.000000,0.000000,0.000034,0
20260804_173014_890,1,Unspecified,896,2026-08-04T17:37:50.9898666+09:00,2026-08-04T17:37:51.4898666+09:00,456.098890,456.598890,30,30,-0.024440,-0.032540,0.000000,0.000000,0.000000,0.000047,0
20260804_173014_890,1,Unspecified,897,2026-08-04T17:37:51.4898666+09:00,2026-08-04T17:37:51.9898666+09:00,456.598890,457.098890,30,30,-0.024442,-0.032544,0.000000,0.000000,0.000000,0.000048,0
20260804_173014_890,1,Unspecified,898,2026-08-04T17:37:51.9898666+09:00,2026-08-04T17:37:52.4898666+09:00,457.098890,457.598890,30,30,-0.024418,-0.032545,0.000000,0.000000,0.000000,0.000038,0
20260804_173014_890,1,Unspecified,899,2026-08-04T17:37:52.4898666+09:00,2026-08-04T17:37:52.9898666+09:00,457.598890,458.098890,30,30,-0.024338,-0.032570,0.000000,0.000000,0.000000,0.000045,0
20260804_173014_890,1,Unspecified,900,2026-08-04T17:37:52.9898666+09:00,2026-08-04T17:37:53.4898666+09:00,458.098890,458.598890,30,30,-0.024356,-0.032566,0.000000,0.000000,0.000000,0.000039,0
20260804_173014_890,1,Unspecified,901,2026-08-04T17:37:53.4898666+09:00,2026-08-04T17:37:53.9898666+09:00,458.598890,459.098890,30,30,-0.024340,-0.032569,0.000000,0.000000,0.000000,0.000064,0
20260804_173014_890,1,Unspecified,902,2026-08-04T17:37:53.9898666+09:00,2026-08-04T17:37:54.4898666+09:00,459.098890,459.598890,30,30,-0.024392,-0.032550,0.000000,0.000000,0.000000,0.000082,0
20260804_173014_890,1,Unspecified,903,2026-08-04T17:37:54.4898666+09:00,2026-08-04T17:37:54.9898666+09:00,459.598890,460.098890,30,30,-0.024081,-0.032627,0.000000,0.000000,0.000000,0.000039,0
20260804_173014_890,1,Unspecified,904,2026-08-04T17:37:54.9898666+09:00,2026-08-04T17:37:55.4898666+09:00,460.098890,460.598890,30,30,-0.024115,-0.032604,0.000000,0.000000,0.000000,0.000086,0
20260804_173014_890,1,Unspecified,905,2026-08-04T17:37:55.4898666+09:00,2026-08-04T17:37:55.9898666+09:00,460.598890,461.098890,30,30,-0.024446,-0.032510,0.000000,0.000000,0.000000,0.000073,0
20260804_173014_890,1,Unspecified,906,2026-08-04T17:37:55.9898666+09:00,2026-08-04T17:37:56.4898666+09:00,461.098890,461.598890,30,30,-0.024659,-0.032450,0.000000,0.000000,0.000000,0.000109,0
20260804_173014_890,1,Unspecified,907,2026-08-04T17:37:56.4898666+09:00,2026-08-04T17:37:56.9898666+09:00,461.598890,462.098890,30,30,-0.024526,-0.032503,0.000000,0.000000,0.000000,0.000058,0
20260804_173014_890,1,Unspecified,908,2026-08-04T17:37:56.9898666+09:00,2026-08-04T17:37:57.4898666+09:00,462.098890,462.598890,30,30,-0.024587,-0.032514,0.000000,0.000000,0.000000,0.000053,0
20260804_173014_890,1,Unspecified,909,2026-08-04T17:37:57.4898666+09:00,2026-08-04T17:37:57.9898666+09:00,462.598890,463.098890,30,30,-0.024565,-0.032532,0.000000,0.000000,0.000000,0.000054,0
20260804_173014_890,1,Unspecified,910,2026-08-04T17:37:57.9898666+09:00,2026-08-04T17:37:58.4898666+09:00,463.098890,463.598890,30,30,-0.024423,-0.032557,0.000000,0.000000,0.000000,0.000117,0
20260804_173014_890,1,Unspecified,911,2026-08-04T17:37:58.4898666+09:00,2026-08-04T17:37:58.9898666+09:00,463.598890,464.098890,30,30,-0.024185,-0.032610,0.000000,0.000000,0.000000,0.000033,0
20260804_173014_890,1,Unspecified,912,2026-08-04T17:37:58.9898666+09:00,2026-08-04T17:37:59.4898666+09:00,464.098890,464.598890,30,30,-0.024270,-0.032594,0.000000,0.000000,0.000000,0.000071,0
20260804_173014_890,1,Unspecified,913,2026-08-04T17:37:59.4898666+09:00,2026-08-04T17:37:59.9898666+09:00,464.598890,465.098890,30,30,-0.024424,-0.032543,0.000000,0.000000,0.000000,0.000059,0
20260804_173014_890,1,Unspecified,914,2026-08-04T17:37:59.9898666+09:00,2026-08-04T17:38:00.4898666+09:00,465.098890,465.598890,30,30,-0.024465,-0.032533,0.000000,0.000000,0.000000,0.000078,0
20260804_173014_890,1,Unspecified,915,2026-08-04T17:38:00.4898666+09:00,2026-08-04T17:38:00.9898666+09:00,465.598890,466.098890,30,30,-0.024300,-0.032583,0.000000,0.000000,0.000000,0.000043,0
20260804_173014_890,1,Unspecified,916,2026-08-04T17:38:00.9898666+09:00,2026-08-04T17:38:01.4898666+09:00,466.098890,466.598890,30,30,-0.024324,-0.032576,0.000000,0.000000,0.000000,0.000028,0
20260804_173014_890,1,Unspecified,917,2026-08-04T17:38:01.4898666+09:00,2026-08-04T17:38:01.9898666+09:00,466.598890,467.098890,30,30,-0.024357,-0.032569,0.000000,0.000000,0.000000,0.000052,0
20260804_173014_890,1,Unspecified,918,2026-08-04T17:38:01.9898666+09:00,2026-08-04T17:38:02.4898666+09:00,467.098890,467.598890,30,30,-0.024497,-0.032525,0.000000,0.000000,0.000000,0.000080,0
20260804_173014_890,1,Unspecified,919,2026-08-04T17:38:02.4898666+09:00,2026-08-04T17:38:02.9898666+09:00,467.598890,468.098890,30,30,-0.024550,-0.032503,0.000000,0.000000,0.000000,0.000082,0
20260804_173014_890,1,Unspecified,920,2026-08-04T17:38:02.9898666+09:00,2026-08-04T17:38:03.4898666+09:00,468.098890,468.598890,30,30,-0.024389,-0.032548,0.000000,0.000000,0.000000,0.000064,0
20260804_173014_890,1,Unspecified,921,2026-08-04T17:38:03.4898666+09:00,2026-08-04T17:38:03.9898666+09:00,468.598890,469.098890,30,30,-0.024475,-0.032523,0.000000,0.000000,0.000000,0.000047,0
20260804_173014_890,1,Unspecified,922,2026-08-04T17:38:03.9898666+09:00,2026-08-04T17:38:04.4898666+09:00,469.098890,469.598890,30,30,-0.024531,-0.032497,0.000000,0.000000,0.000000,0.000054,0
20260804_173014_890,1,Unspecified,923,2026-08-04T17:38:04.4898666+09:00,2026-08-04T17:38:04.9898666+09:00,469.598890,470.098890,30,30,-0.024572,-0.032487,0.000000,0.000000,0.000000,0.000058,0
20260804_173014_890,1,Unspecified,924,2026-08-04T17:38:04.9898666+09:00,2026-08-04T17:38:05.4898666+09:00,470.098890,470.598890,30,30,-0.024785,-0.032418,0.000000,0.000000,0.000000,0.000133,0
20260804_173014_890,1,Unspecified,925,2026-08-04T17:38:05.4898666+09:00,2026-08-04T17:38:05.9898666+09:00,470.598890,471.098890,30,30,-0.024864,-0.032392,0.000000,0.000000,0.000000,0.000093,0
20260804_173014_890,1,Unspecified,926,2026-08-04T17:38:05.9898666+09:00,2026-08-04T17:38:06.4898666+09:00,471.098890,471.598890,30,30,-0.024812,-0.032400,0.000000,0.000000,0.000000,0.000062,0
20260804_173014_890,1,Unspecified,927,2026-08-04T17:38:06.4898666+09:00,2026-08-04T17:38:06.9898666+09:00,471.598890,472.098890,30,30,-0.024915,-0.032363,0.000000,0.000000,0.000000,0.000082,0
20260804_173014_890,1,Unspecified,928,2026-08-04T17:38:06.9898666+09:00,2026-08-04T17:38:07.4898666+09:00,472.098890,472.598890,30,30,-0.024994,-0.032333,0.000000,0.000000,0.000000,0.000050,0
20260804_173014_890,1,Unspecified,929,2026-08-04T17:38:07.4898666+09:00,2026-08-04T17:38:07.9898666+09:00,472.598890,473.098890,30,30,-0.025061,-0.032313,0.000000,0.000000,0.000000,0.000063,0
20260804_173014_890,1,Unspecified,930,2026-08-04T17:38:07.9898666+09:00,2026-08-04T17:38:08.4898666+09:00,473.098890,473.598890,30,30,-0.025179,-0.032287,0.000000,0.000000,0.000000,0.000132,0
20260804_173014_890,1,Unspecified,931,2026-08-04T17:38:08.4898666+09:00,2026-08-04T17:38:08.9898666+09:00,473.598890,474.098890,30,30,-0.025344,-0.032231,0.000000,0.000000,0.000000,0.000035,0
20260804_173014_890,1,Unspecified,932,2026-08-04T17:38:08.9898666+09:00,2026-08-04T17:38:09.4898666+09:00,474.098890,474.598890,30,30,-0.025365,-0.032223,0.000000,0.000000,0.000000,0.000048,0
20260804_173014_890,1,Unspecified,933,2026-08-04T17:38:09.4898666+09:00,2026-08-04T17:38:09.9898666+09:00,474.598890,475.098890,30,30,-0.025264,-0.032245,0.000000,0.000000,0.000000,0.000104,0
20260804_173014_890,1,Unspecified,934,2026-08-04T17:38:09.9898666+09:00,2026-08-04T17:38:10.4898666+09:00,475.098890,475.598890,30,30,-0.025277,-0.032238,0.000000,0.000000,0.000000,0.000072,0
20260804_173014_890,1,Unspecified,935,2026-08-04T17:38:10.4898666+09:00,2026-08-04T17:38:10.9898666+09:00,475.598890,476.098890,30,30,-0.025313,-0.032222,0.000000,0.000000,0.000000,0.000082,0
20260804_173014_890,1,Unspecified,936,2026-08-04T17:38:10.9898666+09:00,2026-08-04T17:38:11.4898666+09:00,476.098890,476.598890,30,30,-0.025372,-0.032203,0.000000,0.000000,0.000000,0.000064,0
20260804_173014_890,1,Unspecified,937,2026-08-04T17:38:11.4898666+09:00,2026-08-04T17:38:11.9898666+09:00,476.598890,477.098890,30,30,-0.025477,-0.032174,0.000000,0.000000,0.000000,0.000077,0
20260804_173014_890,1,Unspecified,938,2026-08-04T17:38:11.9898666+09:00,2026-08-04T17:38:12.4898666+09:00,477.098890,477.598890,30,30,-0.025464,-0.032178,0.000000,0.000000,0.000000,0.000065,0
20260804_173014_890,1,Unspecified,939,2026-08-04T17:38:12.4898666+09:00,2026-08-04T17:38:12.9898666+09:00,477.598890,478.098890,30,30,-0.025453,-0.032178,0.000000,0.000000,0.000000,0.000028,0
20260804_173014_890,1,Unspecified,940,2026-08-04T17:38:12.9898666+09:00,2026-08-04T17:38:13.4898666+09:00,478.098890,478.598890,30,30,-0.025485,-0.032167,0.000000,0.000000,0.000000,0.000047,0
20260804_173014_890,1,Unspecified,941,2026-08-04T17:38:13.4898666+09:00,2026-08-04T17:38:13.9898666+09:00,478.598890,479.098890,30,30,-0.025492,-0.032162,0.000000,0.000000,0.000000,0.000041,0
20260804_173014_890,1,Unspecified,942,2026-08-04T17:38:13.9898666+09:00,2026-08-04T17:38:14.4898666+09:00,479.098890,479.598890,30,30,-0.025533,-0.032150,0.000000,0.000000,0.000000,0.000050,0
20260804_173014_890,1,Unspecified,943,2026-08-04T17:38:14.4898666+09:00,2026-08-04T17:38:14.9898666+09:00,479.598890,480.098890,30,30,-0.025595,-0.032135,0.000000,0.000000,0.000000,0.000107,0
20260804_173014_890,1,Unspecified,944,2026-08-04T17:38:14.9898666+09:00,2026-08-04T17:38:15.4898666+09:00,480.098890,480.598890,30,30,-0.025854,-0.032061,0.000000,0.000000,0.000000,0.000024,0
20260804_173014_890,1,Unspecified,945,2026-08-04T17:38:15.4898666+09:00,2026-08-04T17:38:15.9898666+09:00,480.598890,481.098890,30,30,-0.025804,-0.032073,0.000000,0.000000,0.000000,0.000085,0
20260804_173014_890,1,Unspecified,946,2026-08-04T17:38:15.9898666+09:00,2026-08-04T17:38:16.4898666+09:00,481.098890,481.598890,30,30,-0.025736,-0.032084,0.000000,0.000000,0.000000,0.000051,0
20260804_173014_890,1,Unspecified,947,2026-08-04T17:38:16.4898666+09:00,2026-08-04T17:38:16.9898666+09:00,481.598890,482.098890,30,30,-0.025631,-0.032120,0.000000,0.000000,0.000000,0.000044,0
20260804_173014_890,1,Unspecified,948,2026-08-04T17:38:16.9898666+09:00,2026-08-04T17:38:17.4898666+09:00,482.098890,482.598890,30,30,-0.025657,-0.032111,0.000000,0.000000,0.000000,0.000044,0
20260804_173014_890,1,Unspecified,949,2026-08-04T17:38:17.4898666+09:00,2026-08-04T17:38:17.9898666+09:00,482.598890,483.098890,30,30,-0.025697,-0.032097,0.000000,0.000000,0.000000,0.000049,0
20260804_173014_890,1,Unspecified,950,2026-08-04T17:38:17.9898666+09:00,2026-08-04T17:38:18.4898666+09:00,483.098890,483.598890,30,30,-0.025784,-0.032077,0.000000,0.000000,0.000000,0.000102,0
20260804_173014_890,1,Unspecified,951,2026-08-04T17:38:18.4898666+09:00,2026-08-04T17:38:18.9898666+09:00,483.598890,484.098890,30,30,-0.025998,-0.032020,0.000000,0.000000,0.000000,0.000042,0
20260804_173014_890,1,Unspecified,952,2026-08-04T17:38:18.9898666+09:00,2026-08-04T17:38:19.4898666+09:00,484.098890,484.598890,30,30,-0.026144,-0.031978,0.000000,0.000000,0.000000,0.000061,0
20260804_173014_890,1,Unspecified,953,2026-08-04T17:38:19.4898666+09:00,2026-08-04T17:38:19.9898666+09:00,484.598890,485.098890,30,30,-0.025869,-0.032053,0.000000,0.000000,0.000000,0.000104,0
20260804_173014_890,1,Unspecified,954,2026-08-04T17:38:19.9898666+09:00,2026-08-04T17:38:20.4898666+09:00,485.098890,485.598890,30,30,-0.025807,-0.032068,0.000000,0.000000,0.000000,0.000050,0
20260804_173014_890,1,Unspecified,955,2026-08-04T17:38:20.4898666+09:00,2026-08-04T17:38:20.9898666+09:00,485.598890,486.098890,30,30,-0.025777,-0.032070,0.000000,0.000000,0.000000,0.000050,0
20260804_173014_890,1,Unspecified,956,2026-08-04T17:38:20.9898666+09:00,2026-08-04T17:38:21.4898666+09:00,486.098890,486.598890,30,30,-0.025720,-0.032086,0.000000,0.000000,0.000000,0.000038,0
20260804_173014_890,1,Unspecified,957,2026-08-04T17:38:21.4898666+09:00,2026-08-04T17:38:21.9898666+09:00,486.598890,487.098890,30,30,-0.025667,-0.032102,0.000000,0.000000,0.000000,0.000087,0
20260804_173014_890,1,Unspecified,958,2026-08-04T17:38:21.9898666+09:00,2026-08-04T17:38:22.4898666+09:00,487.098890,487.598890,30,30,-0.025760,-0.032081,0.000000,0.000000,0.000000,0.000077,0
20260804_173014_890,1,Unspecified,959,2026-08-04T17:38:22.4898666+09:00,2026-08-04T17:38:22.9898666+09:00,487.598890,488.098890,30,30,-0.025998,-0.032014,0.000000,0.000000,0.000000,0.000045,0
20260804_173014_890,1,Unspecified,960,2026-08-04T17:38:22.9898666+09:00,2026-08-04T17:38:23.4898666+09:00,488.098890,488.598890,30,30,-0.026055,-0.031995,0.000000,0.000000,0.000000,0.000066,0
20260804_173014_890,1,Unspecified,961,2026-08-04T17:38:23.4898666+09:00,2026-08-04T17:38:23.9898666+09:00,488.598890,489.098890,30,30,-0.025832,-0.032054,0.000000,0.000000,0.000000,0.000161,0
20260804_173014_890,1,Unspecified,962,2026-08-04T17:38:23.9898666+09:00,2026-08-04T17:38:24.4898666+09:00,489.098890,489.598890,30,30,-0.025742,-0.032078,0.000000,0.000000,0.000000,0.000068,0
20260804_173014_890,1,Unspecified,963,2026-08-04T17:38:24.4898666+09:00,2026-08-04T17:38:24.9898666+09:00,489.598890,490.098890,30,30,-0.025690,-0.032088,0.000000,0.000000,0.000000,0.000066,0
20260804_173014_890,1,Unspecified,964,2026-08-04T17:38:24.9898666+09:00,2026-08-04T17:38:25.4898666+09:00,490.098890,490.598890,30,30,-0.025842,-0.032050,0.000000,0.000000,0.000000,0.000053,0
20260804_173014_890,1,Unspecified,965,2026-08-04T17:38:25.4898666+09:00,2026-08-04T17:38:25.9898666+09:00,490.598890,491.098890,30,30,-0.026100,-0.031980,0.000000,0.000000,0.000000,0.000095,0
20260804_173014_890,1,Unspecified,966,2026-08-04T17:38:25.9898666+09:00,2026-08-04T17:38:26.4898666+09:00,491.098890,491.598890,30,30,-0.026080,-0.031986,0.000000,0.000000,0.000000,0.000047,0
20260804_173014_890,1,Unspecified,967,2026-08-04T17:38:26.4898666+09:00,2026-08-04T17:38:26.9898666+09:00,491.598890,492.098890,30,30,-0.026017,-0.032004,0.000000,0.000000,0.000000,0.000143,0
20260804_173014_890,1,Unspecified,968,2026-08-04T17:38:26.9898666+09:00,2026-08-04T17:38:27.4898666+09:00,492.098890,492.598890,30,30,-0.025743,-0.032075,0.000000,0.000000,0.000000,0.000059,0
20260804_173014_890,1,Unspecified,969,2026-08-04T17:38:27.4898666+09:00,2026-08-04T17:38:27.9898666+09:00,492.598890,493.098890,30,30,-0.025602,-0.032114,0.000000,0.000000,0.000000,0.000106,0
20260804_173014_890,1,Unspecified,970,2026-08-04T17:38:27.9898666+09:00,2026-08-04T17:38:28.4898666+09:00,493.098890,493.598890,30,30,-0.025746,-0.032075,0.000000,0.000000,0.000000,0.000074,0
20260804_173014_890,1,Unspecified,971,2026-08-04T17:38:28.4898666+09:00,2026-08-04T17:38:28.9898666+09:00,493.598890,494.098890,30,30,-0.025884,-0.032034,0.000000,0.000000,0.000000,0.000095,0
20260804_173014_890,1,Unspecified,972,2026-08-04T17:38:28.9898666+09:00,2026-08-04T17:38:29.4898666+09:00,494.098890,494.598890,30,30,-0.026044,-0.031993,0.000000,0.000000,0.000000,0.000055,0
20260804_173014_890,1,Unspecified,973,2026-08-04T17:38:29.4898666+09:00,2026-08-04T17:38:29.9898666+09:00,494.598890,495.098890,30,30,-0.026206,-0.031949,0.000000,0.000000,0.000000,0.000046,0
20260804_173014_890,1,Unspecified,974,2026-08-04T17:38:29.9898666+09:00,2026-08-04T17:38:30.4898666+09:00,495.098890,495.598890,30,30,-0.025942,-0.032022,0.000000,0.000000,0.000000,0.000132,0
20260804_173014_890,1,Unspecified,975,2026-08-04T17:38:30.4898666+09:00,2026-08-04T17:38:30.9898666+09:00,495.598890,496.098890,30,30,-0.025862,-0.032043,0.000000,0.000000,0.000000,0.000054,0
20260804_173014_890,1,Unspecified,976,2026-08-04T17:38:30.9898666+09:00,2026-08-04T17:38:31.4898666+09:00,496.098890,496.598890,30,30,-0.025864,-0.032044,0.000000,0.000000,0.000000,0.000036,0
20260804_173014_890,1,Unspecified,977,2026-08-04T17:38:31.4898666+09:00,2026-08-04T17:38:31.9898666+09:00,496.598890,497.098890,30,30,-0.026028,-0.032001,0.000000,0.000000,0.000000,0.000166,0
20260804_173014_890,1,Unspecified,978,2026-08-04T17:38:31.9898666+09:00,2026-08-04T17:38:32.4898666+09:00,497.098890,497.598890,30,30,-0.026145,-0.031965,0.000000,0.000000,0.000000,0.000053,0
20260804_173014_890,1,Unspecified,979,2026-08-04T17:38:32.4898666+09:00,2026-08-04T17:38:32.9898666+09:00,497.598890,498.098890,30,30,-0.026186,-0.031961,0.000000,0.000000,0.000000,0.000074,0
20260804_173014_890,1,Unspecified,980,2026-08-04T17:38:32.9898666+09:00,2026-08-04T17:38:33.4898666+09:00,498.098890,498.598890,30,30,-0.026052,-0.031990,0.000000,0.000000,0.000000,0.000049,0
20260804_173014_890,1,Unspecified,981,2026-08-04T17:38:33.4898666+09:00,2026-08-04T17:38:33.9898666+09:00,498.598890,499.098890,30,30,-0.025940,-0.032021,0.000000,0.000000,0.000000,0.000039,0
20260804_173014_890,1,Unspecified,982,2026-08-04T17:38:33.9898666+09:00,2026-08-04T17:38:34.4898666+09:00,499.098890,499.598890,30,30,-0.026001,-0.032005,0.000000,0.000000,0.000000,0.000053,0
20260804_173014_890,1,Unspecified,983,2026-08-04T17:38:34.4898666+09:00,2026-08-04T17:38:34.9898666+09:00,499.598890,500.098890,30,30,-0.026264,-0.031939,0.000000,0.000000,0.000000,0.000053,0
20260804_173014_890,1,Unspecified,984,2026-08-04T17:38:34.9898666+09:00,2026-08-04T17:38:35.4898666+09:00,500.098890,500.598890,30,30,-0.026320,-0.031921,0.000000,0.000000,0.000000,0.000025,0
20260804_173014_890,1,Unspecified,985,2026-08-04T17:38:35.4898666+09:00,2026-08-04T17:38:35.9898666+09:00,500.598890,501.098890,30,30,-0.026241,-0.031947,0.000000,0.000000,0.000000,0.000115,0
20260804_173014_890,1,Unspecified,986,2026-08-04T17:38:35.9898666+09:00,2026-08-04T17:38:36.4898666+09:00,501.098890,501.598890,30,30,-0.026045,-0.031992,0.000000,0.000000,0.000000,0.000055,0
20260804_173014_890,1,Unspecified,987,2026-08-04T17:38:36.4898666+09:00,2026-08-04T17:38:36.9898666+09:00,501.598890,502.098890,30,30,-0.025962,-0.032013,0.000000,0.000000,0.000000,0.000035,0
20260804_173014_890,1,Unspecified,988,2026-08-04T17:38:36.9898666+09:00,2026-08-04T17:38:37.4898666+09:00,502.098890,502.598890,30,30,-0.026136,-0.031968,0.000000,0.000000,0.000000,0.000104,0
20260804_173014_890,1,Unspecified,989,2026-08-04T17:38:37.4898666+09:00,2026-08-04T17:38:37.9898666+09:00,502.598890,503.098890,30,30,-0.026368,-0.031902,0.000000,0.000000,0.000000,0.000105,0
20260804_173014_890,1,Unspecified,990,2026-08-04T17:38:37.9898666+09:00,2026-08-04T17:38:38.4898666+09:00,503.098890,503.598890,30,30,-0.026445,-0.031884,0.000000,0.000000,0.000000,0.000049,0
20260804_173014_890,1,Unspecified,991,2026-08-04T17:38:38.4898666+09:00,2026-08-04T17:38:38.9898666+09:00,503.598890,504.098890,30,30,-0.026365,-0.031909,0.000000,0.000000,0.000000,0.000118,0
20260804_173014_890,1,Unspecified,992,2026-08-04T17:38:38.9898666+09:00,2026-08-04T17:38:39.4898666+09:00,504.098890,504.598890,30,30,-0.026058,-0.031986,0.000000,0.000000,0.000000,0.000107,0
20260804_173014_890,1,Unspecified,993,2026-08-04T17:38:39.4898666+09:00,2026-08-04T17:38:39.9898666+09:00,504.598890,505.098890,30,30,-0.025874,-0.032041,0.000000,0.000000,0.000000,0.000086,0
20260804_173014_890,1,Unspecified,994,2026-08-04T17:38:39.9898666+09:00,2026-08-04T17:38:40.4898666+09:00,505.098890,505.598890,30,30,-0.026064,-0.031988,0.000000,0.000000,0.000000,0.000074,0
20260804_173014_890,1,Unspecified,995,2026-08-04T17:38:40.4898666+09:00,2026-08-04T17:38:40.9898666+09:00,505.598890,506.098890,30,30,-0.026258,-0.031937,0.000000,0.000000,0.000000,0.000182,0
20260804_173014_890,1,Unspecified,996,2026-08-04T17:38:40.9898666+09:00,2026-08-04T17:38:41.4898666+09:00,506.098890,506.598890,30,30,-0.026510,-0.031867,0.000000,0.000000,0.000000,0.000046,0
20260804_173014_890,1,Unspecified,997,2026-08-04T17:38:41.4898666+09:00,2026-08-04T17:38:41.9898666+09:00,506.598890,507.098890,30,30,-0.026495,-0.031873,0.000000,0.000000,0.000000,0.000167,0
20260804_173014_890,1,Unspecified,998,2026-08-04T17:38:41.9898666+09:00,2026-08-04T17:38:42.4898666+09:00,507.098890,507.598890,30,30,-0.026173,-0.031956,0.000000,0.000000,0.000000,0.000091,0
20260804_173014_890,1,Unspecified,999,2026-08-04T17:38:42.4898666+09:00,2026-08-04T17:38:42.9898666+09:00,507.598890,508.098890,30,30,-0.026107,-0.031968,0.000000,0.000000,0.000000,0.000084,0
20260804_173014_890,1,Unspecified,1000,2026-08-04T17:38:42.9898666+09:00,2026-08-04T17:38:43.4898666+09:00,508.098890,508.598890,30,30,-0.026236,-0.031939,0.000000,0.000000,0.000000,0.000063,0
20260804_173014_890,1,Unspecified,1001,2026-08-04T17:38:43.4898666+09:00,2026-08-04T17:38:43.9898666+09:00,508.598890,509.098890,30,30,-0.026367,-0.031904,0.000000,0.000000,0.000000,0.000119,0
20260804_173014_890,1,Unspecified,1002,2026-08-04T17:38:43.9898666+09:00,2026-08-04T17:38:44.4898666+09:00,509.098890,509.598890,30,30,-0.026248,-0.031937,0.000000,0.000000,0.000000,0.000097,0
20260804_173014_890,1,Unspecified,1003,2026-08-04T17:38:44.4898666+09:00,2026-08-04T17:38:44.9898666+09:00,509.598890,510.098890,30,30,-0.026157,-0.031966,0.000000,0.000000,0.000000,0.000105,0
20260804_173014_890,1,Unspecified,1004,2026-08-04T17:38:44.9898666+09:00,2026-08-04T17:38:45.4898666+09:00,510.098890,510.598890,30,30,-0.026027,-0.031996,0.000000,0.000000,0.000000,0.000068,0
20260804_173014_890,1,Unspecified,1005,2026-08-04T17:38:45.4898666+09:00,2026-08-04T17:38:45.9898666+09:00,510.598890,511.098890,30,30,-0.025981,-0.032004,0.000000,0.000000,0.000000,0.000039,0
20260804_173014_890,1,Unspecified,1006,2026-08-04T17:38:45.9898666+09:00,2026-08-04T17:38:46.4898666+09:00,511.098890,511.598890,30,30,-0.026118,-0.031974,0.000000,0.000000,0.000000,0.000099,0
20260804_173014_890,1,Unspecified,1007,2026-08-04T17:38:46.4898666+09:00,2026-08-04T17:38:46.9898666+09:00,511.598890,512.098890,30,30,-0.026285,-0.031927,0.000000,0.000000,0.000000,0.000062,0
20260804_173014_890,1,Unspecified,1008,2026-08-04T17:38:46.9898666+09:00,2026-08-04T17:38:47.4898666+09:00,512.098890,512.598890,30,30,-0.026407,-0.031894,0.000000,0.000000,0.000000,0.000052,0
20260804_173014_890,1,Unspecified,1009,2026-08-04T17:38:47.4898666+09:00,2026-08-04T17:38:47.9898666+09:00,512.598890,513.098890,30,30,-0.026250,-0.031932,0.000000,0.000000,0.000000,0.000136,0
20260804_173014_890,1,Unspecified,1010,2026-08-04T17:38:47.9898666+09:00,2026-08-04T17:38:48.4898666+09:00,513.098890,513.598890,30,30,-0.025979,-0.032008,0.000000,0.000000,0.000000,0.000074,0
20260804_173014_890,1,Unspecified,1011,2026-08-04T17:38:48.4898666+09:00,2026-08-04T17:38:48.9898666+09:00,513.598890,514.098890,30,30,-0.025965,-0.032010,0.000000,0.000000,0.000000,0.000088,0
20260804_173014_890,1,Unspecified,1012,2026-08-04T17:38:48.9898666+09:00,2026-08-04T17:38:49.4898666+09:00,514.098890,514.598890,30,30,-0.026171,-0.031956,0.000000,0.000000,0.000000,0.000189,0
20260804_173014_890,1,Unspecified,1013,2026-08-04T17:38:49.4898666+09:00,2026-08-04T17:38:49.9898666+09:00,514.598890,515.098890,30,30,-0.026474,-0.031876,0.000000,0.000000,0.000000,0.000083,0
20260804_173014_890,1,Unspecified,1014,2026-08-04T17:38:49.9898666+09:00,2026-08-04T17:38:50.4898666+09:00,515.098890,515.598890,30,30,-0.026633,-0.031833,0.000000,0.000000,0.000000,0.000045,0
20260804_173014_890,1,Unspecified,1015,2026-08-04T17:38:50.4898666+09:00,2026-08-04T17:38:50.9898666+09:00,515.598890,516.098890,30,30,-0.026614,-0.031843,0.000000,0.000000,0.000000,0.000130,0
20260804_173014_890,1,Unspecified,1016,2026-08-04T17:38:50.9898666+09:00,2026-08-04T17:38:51.4898666+09:00,516.098890,516.598890,30,30,-0.026266,-0.031923,0.000000,0.000000,0.000000,0.000068,0
20260804_173014_890,1,Unspecified,1017,2026-08-04T17:38:51.4898666+09:00,2026-08-04T17:38:51.9898666+09:00,516.598890,517.098890,30,30,-0.026254,-0.031924,0.000000,0.000000,0.000000,0.000070,0
20260804_173014_890,1,Unspecified,1018,2026-08-04T17:38:51.9898666+09:00,2026-08-04T17:38:52.4898666+09:00,517.098890,517.598890,30,30,-0.026168,-0.031956,0.000000,0.000000,0.000000,0.000046,0
20260804_173014_890,1,Unspecified,1019,2026-08-04T17:38:52.4898666+09:00,2026-08-04T17:38:52.9898666+09:00,517.598890,518.098890,30,30,-0.026257,-0.031931,0.000000,0.000000,0.000000,0.000100,0
20260804_173014_890,1,Unspecified,1020,2026-08-04T17:38:52.9898666+09:00,2026-08-04T17:38:53.4898666+09:00,518.098890,518.598890,30,30,-0.026561,-0.031849,0.000000,0.000000,0.000000,0.000027,0
20260804_173014_890,1,Unspecified,1021,2026-08-04T17:38:53.4898666+09:00,2026-08-04T17:38:53.9898666+09:00,518.598890,519.098890,30,30,-0.026709,-0.031810,0.000000,0.000000,0.000000,0.000045,0
20260804_173014_890,1,Unspecified,1022,2026-08-04T17:38:53.9898666+09:00,2026-08-04T17:38:54.4898666+09:00,519.098890,519.598890,30,30,-0.026443,-0.031876,0.000000,0.000000,0.000000,0.000128,0
20260804_173014_890,1,Unspecified,1023,2026-08-04T17:38:54.4898666+09:00,2026-08-04T17:38:54.9898666+09:00,519.598890,520.098890,30,30,-0.026395,-0.031894,0.000000,0.000000,0.000000,0.000064,0
20260804_173014_890,1,Unspecified,1024,2026-08-04T17:38:54.9898666+09:00,2026-08-04T17:38:55.4898666+09:00,520.098890,520.598890,30,30,-0.026248,-0.031929,0.000000,0.000000,0.000000,0.000040,0
20260804_173014_890,1,Unspecified,1025,2026-08-04T17:38:55.4898666+09:00,2026-08-04T17:38:55.9898666+09:00,520.598890,521.098890,30,30,-0.026338,-0.031906,0.000000,0.000000,0.000000,0.000070,0
20260804_173014_890,1,Unspecified,1026,2026-08-04T17:38:55.9898666+09:00,2026-08-04T17:38:56.4898666+09:00,521.098890,521.598890,30,30,-0.026499,-0.031866,0.000000,0.000000,0.000000,0.000065,0
20260804_173014_890,1,Unspecified,1027,2026-08-04T17:38:56.4898666+09:00,2026-08-04T17:38:56.9898666+09:00,521.598890,522.098890,30,30,-0.026612,-0.031831,0.000000,0.000000,0.000000,0.000040,0
20260804_173014_890,1,Unspecified,1028,2026-08-04T17:38:56.9898666+09:00,2026-08-04T17:38:57.4898666+09:00,522.098890,522.598890,30,30,-0.026687,-0.031814,0.000000,0.000000,0.000000,0.000067,0
20260804_173014_890,1,Unspecified,1029,2026-08-04T17:38:57.4898666+09:00,2026-08-04T17:38:57.9898666+09:00,522.598890,523.098890,30,30,-0.026410,-0.031888,0.000000,0.000000,0.000000,0.000088,0
20260804_173014_890,1,Unspecified,1030,2026-08-04T17:38:57.9898666+09:00,2026-08-04T17:38:58.4898666+09:00,523.098890,523.598890,30,30,-0.026321,-0.031907,0.000000,0.000000,0.000000,0.000067,0
20260804_173014_890,1,Unspecified,1031,2026-08-04T17:38:58.4898666+09:00,2026-08-04T17:38:58.9898666+09:00,523.598890,524.098890,30,30,-0.026438,-0.031880,0.000000,0.000000,0.000000,0.000107,0
20260804_173014_890,1,Unspecified,1032,2026-08-04T17:38:58.9898666+09:00,2026-08-04T17:38:59.4898666+09:00,524.098890,524.598890,30,30,-0.026548,-0.031850,0.000000,0.000000,0.000000,0.000077,0
20260804_173014_890,1,Unspecified,1033,2026-08-04T17:38:59.4898666+09:00,2026-08-04T17:38:59.9898666+09:00,524.598890,525.098890,30,30,-0.026595,-0.031839,0.000000,0.000000,0.000000,0.000119,0
20260804_173014_890,1,Unspecified,1034,2026-08-04T17:38:59.9898666+09:00,2026-08-04T17:39:00.4898666+09:00,525.098890,525.598890,30,30,-0.026375,-0.031893,0.000000,0.000000,0.000000,0.000046,0
20260804_173014_890,1,Unspecified,1035,2026-08-04T17:39:00.4898666+09:00,2026-08-04T17:39:00.9898666+09:00,525.598890,526.098890,30,30,-0.026301,-0.031915,0.000000,0.000000,0.000000,0.000059,0
20260804_173014_890,1,Unspecified,1036,2026-08-04T17:39:00.9898666+09:00,2026-08-04T17:39:01.4898666+09:00,526.098890,526.598890,30,30,-0.026306,-0.031915,0.000000,0.000000,0.000000,0.000046,0
20260804_173014_890,1,Unspecified,1037,2026-08-04T17:39:01.4898666+09:00,2026-08-04T17:39:01.9898666+09:00,526.598890,527.098890,30,30,-0.026464,-0.031871,0.000000,0.000000,0.000000,0.000092,0
20260804_173014_890,1,Unspecified,1038,2026-08-04T17:39:01.9898666+09:00,2026-08-04T17:39:02.4898666+09:00,527.098890,527.598890,30,30,-0.026510,-0.031862,0.000000,0.000000,0.000000,0.000037,0
20260804_173014_890,1,Unspecified,1039,2026-08-04T17:39:02.4898666+09:00,2026-08-04T17:39:02.9898666+09:00,527.598890,528.098890,30,30,-0.026423,-0.031887,0.000000,0.000000,0.000000,0.000086,0
20260804_173014_890,1,Unspecified,1040,2026-08-04T17:39:02.9898666+09:00,2026-08-04T17:39:03.4898666+09:00,528.098890,528.598890,30,30,-0.026232,-0.031940,0.000000,0.000000,0.000000,0.000055,0
20260804_173014_890,1,Unspecified,1041,2026-08-04T17:39:03.4898666+09:00,2026-08-04T17:39:03.9898666+09:00,528.598890,529.098890,30,30,-0.026109,-0.031968,0.000000,0.000000,0.000000,0.000144,0
20260804_173014_890,1,Unspecified,1042,2026-08-04T17:39:03.9898666+09:00,2026-08-04T17:39:04.4898666+09:00,529.098890,529.598890,30,30,-0.026191,-0.031946,0.000000,0.000000,0.000000,0.000077,0
20260804_173014_890,1,Unspecified,1043,2026-08-04T17:39:04.4898666+09:00,2026-08-04T17:39:04.9898666+09:00,529.598890,530.098890,30,30,-0.026326,-0.031910,0.000000,0.000000,0.000000,0.000102,0
20260804_173014_890,1,Unspecified,1044,2026-08-04T17:39:04.9898666+09:00,2026-08-04T17:39:05.4898666+09:00,530.098890,530.598890,30,30,-0.026424,-0.031881,0.000000,0.000000,0.000000,0.000036,0
20260804_173014_890,1,Unspecified,1045,2026-08-04T17:39:05.4898666+09:00,2026-08-04T17:39:05.9898666+09:00,530.598890,531.098890,30,30,-0.026491,-0.031866,0.000000,0.000000,0.000000,0.000043,0
20260804_173014_890,1,Unspecified,1046,2026-08-04T17:39:05.9898666+09:00,2026-08-04T17:39:06.4898666+09:00,531.098890,531.598890,30,30,-0.026328,-0.031907,0.000000,0.000000,0.000000,0.000064,0
20260804_173014_890,1,Unspecified,1047,2026-08-04T17:39:06.4898666+09:00,2026-08-04T17:39:06.9898666+09:00,531.598890,532.098890,30,30,-0.026257,-0.031922,0.000000,0.000000,0.000000,0.000073,0
20260804_173014_890,1,Unspecified,1048,2026-08-04T17:39:06.9898666+09:00,2026-08-04T17:39:07.4898666+09:00,532.098890,532.598890,30,30,-0.026247,-0.031928,0.000000,0.000000,0.000000,0.000033,0
20260804_173014_890,1,Unspecified,1049,2026-08-04T17:39:07.4898666+09:00,2026-08-04T17:39:07.9898666+09:00,532.598890,533.098890,30,30,-0.026464,-0.031874,0.000000,0.000000,0.000000,0.000092,0
20260804_173014_890,1,Unspecified,1050,2026-08-04T17:39:07.9898666+09:00,2026-08-04T17:39:08.4898666+09:00,533.098890,533.598890,30,30,-0.026504,-0.031862,0.000000,0.000000,0.000000,0.000034,0
20260804_173014_890,1,Unspecified,1051,2026-08-04T17:39:08.4898666+09:00,2026-08-04T17:39:08.9898666+09:00,533.598890,534.098890,30,30,-0.026387,-0.031894,0.000000,0.000000,0.000000,0.000049,0
20260804_173014_890,1,Unspecified,1052,2026-08-04T17:39:08.9898666+09:00,2026-08-04T17:39:09.4898666+09:00,534.098890,534.598890,30,30,-0.026319,-0.031907,0.000000,0.000000,0.000000,0.000039,0
20260804_173014_890,1,Unspecified,1053,2026-08-04T17:39:09.4898666+09:00,2026-08-04T17:39:09.9898666+09:00,534.598890,535.098890,30,30,-0.026307,-0.031908,0.000000,0.000000,0.000000,0.000040,0
20260804_173014_890,1,Unspecified,1054,2026-08-04T17:39:09.9898666+09:00,2026-08-04T17:39:10.4898666+09:00,535.098890,535.598890,30,30,-0.026327,-0.031905,0.000000,0.000000,0.000000,0.000057,0
20260804_173014_890,1,Unspecified,1055,2026-08-04T17:39:10.4898666+09:00,2026-08-04T17:39:10.9898666+09:00,535.598890,536.098890,30,30,-0.026528,-0.031853,0.000000,0.000000,0.000000,0.000051,0
20260804_173014_890,1,Unspecified,1056,2026-08-04T17:39:10.9898666+09:00,2026-08-04T17:39:11.4898666+09:00,536.098890,536.598890,30,30,-0.026689,-0.031808,0.000000,0.000000,0.000000,0.000050,0
20260804_173014_890,1,Unspecified,1057,2026-08-04T17:39:11.4898666+09:00,2026-08-04T17:39:11.9898666+09:00,536.598890,537.098890,30,30,-0.026497,-0.031860,0.000000,0.000000,0.000000,0.000065,0
20260804_173014_890,1,Unspecified,1058,2026-08-04T17:39:11.9898666+09:00,2026-08-04T17:39:12.4898666+09:00,537.098890,537.598890,30,30,-0.026463,-0.031868,0.000000,0.000000,0.000000,0.000044,0
20260804_173014_890,1,Unspecified,1059,2026-08-04T17:39:12.4898666+09:00,2026-08-04T17:39:12.9898666+09:00,537.598890,538.098890,30,30,-0.026429,-0.031876,0.000000,0.000000,0.000000,0.000047,0
20260804_173014_890,1,Unspecified,1060,2026-08-04T17:39:12.9898666+09:00,2026-08-04T17:39:13.4898666+09:00,538.098890,538.598890,30,30,-0.026518,-0.031856,0.000000,0.000000,0.000000,0.000074,0
20260804_173014_890,1,Unspecified,1061,2026-08-04T17:39:13.4898666+09:00,2026-08-04T17:39:13.9898666+09:00,538.598890,539.098890,30,30,-0.026657,-0.031818,0.000000,0.000000,0.000000,0.000057,0
20260804_173014_890,1,Unspecified,1062,2026-08-04T17:39:13.9898666+09:00,2026-08-04T17:39:14.4898666+09:00,539.098890,539.598890,30,30,-0.026594,-0.031836,0.000000,0.000000,0.000000,0.000044,0
20260804_173014_890,1,Unspecified,1063,2026-08-04T17:39:14.4898666+09:00,2026-08-04T17:39:14.9898666+09:00,539.598890,540.098890,30,30,-0.026391,-0.031888,0.000000,0.000000,0.000000,0.000063,0
20260804_173014_890,1,Unspecified,1064,2026-08-04T17:39:14.9898666+09:00,2026-08-04T17:39:15.4898666+09:00,540.098890,540.598890,30,30,-0.026400,-0.031884,0.000000,0.000000,0.000000,0.000047,0
20260804_173014_890,1,Unspecified,1065,2026-08-04T17:39:15.4898666+09:00,2026-08-04T17:39:15.9898666+09:00,540.598890,541.098890,30,30,-0.026336,-0.031902,0.000000,0.000000,0.000000,0.000041,0
20260804_173014_890,1,Unspecified,1066,2026-08-04T17:39:15.9898666+09:00,2026-08-04T17:39:16.4898666+09:00,541.098890,541.598890,30,30,-0.026317,-0.031907,0.000000,0.000000,0.000000,0.000047,0
20260804_173014_890,1,Unspecified,1067,2026-08-04T17:39:16.4898666+09:00,2026-08-04T17:39:16.9898666+09:00,541.598890,542.098890,30,30,-0.026398,-0.031888,0.000000,0.000000,0.000000,0.000072,0
20260804_173014_890,1,Unspecified,1068,2026-08-04T17:39:16.9898666+09:00,2026-08-04T17:39:17.4898666+09:00,542.098890,542.598890,30,30,-0.026477,-0.031864,0.000000,0.000000,0.000000,0.000030,0
20260804_173014_890,1,Unspecified,1069,2026-08-04T17:39:17.4898666+09:00,2026-08-04T17:39:17.9898666+09:00,542.598890,543.098890,30,30,-0.025097,-0.033227,0.000007,0.000010,-0.000008,0.004103,0
20260804_173014_890,1,Unspecified,1070,2026-08-04T17:39:17.9898666+09:00,2026-08-04T17:39:18.4898666+09:00,543.098890,543.598890,30,30,-0.020307,-0.049055,0.000004,0.000028,-0.000009,0.005649,0
20260804_173014_890,1,Unspecified,1071,2026-08-04T17:39:18.4898666+09:00,2026-08-04T17:39:18.9898666+09:00,543.598890,544.098890,30,30,-0.024545,-0.034720,0.000000,0.000001,0.000000,0.001163,0
20260804_173014_890,1,Unspecified,1072,2026-08-04T17:39:18.9898666+09:00,2026-08-04T17:39:19.4898666+09:00,544.098890,544.598890,30,30,-0.025285,-0.033441,0.000000,0.000000,0.000000,0.000406,0
20260804_173014_890,1,Unspecified,1073,2026-08-04T17:39:19.4898666+09:00,2026-08-04T17:39:19.9898666+09:00,544.598890,545.098890,30,30,-0.025439,-0.033147,0.000000,0.000000,0.000000,0.000043,0
20260804_173014_890,1,Unspecified,1074,2026-08-04T17:39:19.9898666+09:00,2026-08-04T17:39:20.4898666+09:00,545.098890,545.598890,30,30,-0.025641,-0.033135,0.000000,0.000000,0.000000,0.000121,0
20260804_173014_890,1,Unspecified,1075,2026-08-04T17:39:20.4898666+09:00,2026-08-04T17:39:20.9898666+09:00,545.598890,546.098890,30,30,-0.025855,-0.033093,0.000000,0.000000,0.000000,0.000055,0
20260804_173014_890,1,Unspecified,1076,2026-08-04T17:39:20.9898666+09:00,2026-08-04T17:39:21.4898666+09:00,546.098890,546.598890,30,30,-0.025546,-0.033258,0.000000,0.000000,0.000000,0.000176,0
20260804_173014_890,1,Unspecified,1077,2026-08-04T17:39:21.4898666+09:00,2026-08-04T17:39:21.9898666+09:00,546.598890,547.098890,30,30,-0.025003,-0.034079,0.000000,0.000000,0.000000,0.000553,0
20260804_173014_890,1,Unspecified,1078,2026-08-04T17:39:21.9898666+09:00,2026-08-04T17:39:22.4898666+09:00,547.098890,547.598890,30,30,-0.022706,-0.036249,0.000000,0.000000,0.000000,0.000776,0
20260804_173014_890,1,Unspecified,1079,2026-08-04T17:39:22.4898666+09:00,2026-08-04T17:39:22.9898666+09:00,547.598890,548.098890,30,30,-0.018046,-0.042681,0.000005,0.000008,-0.000006,0.003655,0
20260804_173014_890,1,Unspecified,1080,2026-08-04T17:39:22.9898666+09:00,2026-08-04T17:39:23.4898666+09:00,548.098890,548.598890,30,30,-0.012177,-0.055167,0.000000,0.000009,-0.000002,0.003118,0
20260804_173014_890,1,Unspecified,1081,2026-08-04T17:39:23.4898666+09:00,2026-08-04T17:39:23.9898666+09:00,548.598890,549.098890,30,30,-0.015199,-0.040996,0.000002,0.000019,-0.000005,0.004540,0
20260804_173014_890,1,Unspecified,1082,2026-08-04T17:39:23.9898666+09:00,2026-08-04T17:39:24.4898666+09:00,549.098890,549.598890,30,30,-0.013511,-0.050091,0.000005,0.000073,-0.000019,0.008833,0
20260804_173014_890,1,Unspecified,1083,2026-08-04T17:39:24.4898666+09:00,2026-08-04T17:39:24.9898666+09:00,549.598890,550.098890,30,30,-0.009170,-0.068948,0.000003,0.000002,-0.000002,0.002184,0
20260804_173014_890,1,Unspecified,1084,2026-08-04T17:39:24.9898666+09:00,2026-08-04T17:39:25.4898666+09:00,550.098890,550.598890,30,30,-0.003172,-0.075591,0.000005,0.000001,0.000001,0.002561,0
20260804_173014_890,1,Unspecified,1085,2026-08-04T17:39:25.4898666+09:00,2026-08-04T17:39:25.9898666+09:00,550.598890,551.098890,30,30,-0.001726,-0.077672,0.000001,0.000004,0.000002,0.002102,0
20260804_173014_890,1,Unspecified,1086,2026-08-04T17:39:25.9898666+09:00,2026-08-04T17:39:26.4898666+09:00,551.098890,551.598890,30,30,-0.005507,-0.096872,0.000001,0.000124,0.000011,0.011192,0
20260804_173014_890,1,Unspecified,1087,2026-08-04T17:39:26.4898666+09:00,2026-08-04T17:39:26.9898666+09:00,551.598890,552.098890,30,30,-0.005425,-0.125432,0.000002,0.000030,-0.000007,0.005660,0
20260804_173014_890,1,Unspecified,1088,2026-08-04T17:39:26.9898666+09:00,2026-08-04T17:39:27.4898666+09:00,552.098890,552.598890,30,30,-0.001164,-0.132594,0.000000,0.000000,0.000000,0.000592,0
20260804_173014_890,1,Unspecified,1089,2026-08-04T17:39:27.4898666+09:00,2026-08-04T17:39:27.9898666+09:00,552.598890,553.098890,30,30,-0.002540,-0.133095,0.000001,0.000000,0.000001,0.001117,0
20260804_173014_890,1,Unspecified,1090,2026-08-04T17:39:27.9898666+09:00,2026-08-04T17:39:28.4898666+09:00,553.098890,553.598890,30,30,-0.004989,-0.133736,0.000000,0.000000,0.000000,0.000550,0
20260804_173014_890,1,Unspecified,1091,2026-08-04T17:39:28.4898666+09:00,2026-08-04T17:39:28.9898666+09:00,553.598890,554.098890,30,30,-0.004964,-0.131618,0.000000,0.000000,0.000000,0.000719,0
20260804_173014_890,1,Unspecified,1092,2026-08-04T17:39:28.9898666+09:00,2026-08-04T17:39:29.4898666+09:00,554.098890,554.598890,30,30,-0.007755,-0.130868,0.000001,0.000001,-0.000001,0.001411,0
20260804_173014_890,1,Unspecified,1093,2026-08-04T17:39:29.4898666+09:00,2026-08-04T17:39:29.9898666+09:00,554.598890,555.098890,30,30,-0.018213,-0.070155,0.000030,0.000968,-0.000169,0.031596,0
20260804_173014_890,1,Unspecified,1094,2026-08-04T17:39:29.9898666+09:00,2026-08-04T17:39:30.4898666+09:00,555.098890,555.598890,30,30,-0.015140,-0.065844,0.000012,0.000683,-0.000053,0.026354,0
20260804_173014_890,1,Unspecified,1095,2026-08-04T17:39:30.4898666+09:00,2026-08-04T17:39:30.9898666+09:00,555.598890,556.098890,30,30,-0.017692,-0.127280,0.000001,0.000026,0.000000,0.005226,0
20260804_173014_890,1,Unspecified,1096,2026-08-04T17:39:30.9898666+09:00,2026-08-04T17:39:31.4898666+09:00,556.098890,556.598890,30,30,-0.006677,-0.131805,0.000029,0.000003,0.000009,0.005649,0
20260804_173014_890,1,Unspecified,1097,2026-08-04T17:39:31.4898666+09:00,2026-08-04T17:39:31.9898666+09:00,556.598890,557.098890,30,30,0.005108,-0.125095,0.000001,0.000002,0.000001,0.001977,0
20260804_173014_890,1,Unspecified,1098,2026-08-04T17:39:31.9898666+09:00,2026-08-04T17:39:32.4898666+09:00,557.098890,557.598890,30,30,0.008709,-0.122889,0.000000,0.000000,0.000000,0.000889,0
20260804_173014_890,1,Unspecified,1099,2026-08-04T17:39:32.4898666+09:00,2026-08-04T17:39:32.9898666+09:00,557.598890,558.098890,30,30,0.009885,-0.120840,0.000000,0.000001,0.000000,0.001207,0
20260804_173014_890,1,Unspecified,1100,2026-08-04T17:39:32.9898666+09:00,2026-08-04T17:39:33.4898666+09:00,558.098890,558.598890,30,30,0.010214,-0.118048,0.000000,0.000000,0.000000,0.000423,0
20260804_173014_890,1,Unspecified,1101,2026-08-04T17:39:33.4898666+09:00,2026-08-04T17:39:33.9898666+09:00,558.598890,559.098890,30,30,0.009452,-0.118086,0.000000,0.000000,0.000000,0.000801,0
20260804_173014_890,1,Unspecified,1102,2026-08-04T17:39:33.9898666+09:00,2026-08-04T17:39:34.4898666+09:00,559.098890,559.598890,30,30,0.009126,-0.118891,0.000000,0.000001,0.000000,0.001087,0
20260804_173014_890,1,Unspecified,1103,2026-08-04T17:39:34.4898666+09:00,2026-08-04T17:39:34.9898666+09:00,559.598890,560.098890,30,30,0.009832,-0.117323,0.000000,0.000001,0.000000,0.000963,0
20260804_173014_890,1,Unspecified,1104,2026-08-04T17:39:34.9898666+09:00,2026-08-04T17:39:35.4898666+09:00,560.098890,560.598890,30,30,0.001921,-0.104830,0.000086,0.000410,-0.000186,0.022262,0
20260804_173014_890,1,Unspecified,1105,2026-08-04T17:39:35.4898666+09:00,2026-08-04T17:39:35.9898666+09:00,560.598890,561.098890,30,30,-0.024911,-0.037922,0.000003,0.000018,-0.000006,0.004520,0
20260804_173014_890,1,Unspecified,1106,2026-08-04T17:39:35.9898666+09:00,2026-08-04T17:39:36.4898666+09:00,561.098890,561.598890,30,30,-0.018560,-0.045158,0.000006,0.000018,-0.000010,0.004862,0
20260804_173014_890,1,Unspecified,1107,2026-08-04T17:39:36.4898666+09:00,2026-08-04T17:39:36.9898666+09:00,561.598890,562.098890,30,30,-0.010816,-0.094692,0.000011,0.000730,-0.000088,0.027220,0
20260804_173014_890,1,Unspecified,1108,2026-08-04T17:39:36.9898666+09:00,2026-08-04T17:39:37.4898666+09:00,562.098890,562.598890,30,30,-0.003084,-0.124047,0.000002,0.000002,0.000001,0.001921,0
20260804_173014_890,1,Unspecified,1109,2026-08-04T17:39:37.4898666+09:00,2026-08-04T17:39:37.9898666+09:00,562.598890,563.098890,30,30,-0.001769,-0.118214,0.000000,0.000003,-0.000001,0.001729,0
20260804_173014_890,1,Unspecified,1110,2026-08-04T17:39:37.9898666+09:00,2026-08-04T17:39:38.4898666+09:00,563.098890,563.598890,30,30,-0.015765,-0.067558,0.000055,0.000730,-0.000201,0.028027,0
20260804_173014_890,1,Unspecified,1111,2026-08-04T17:39:38.4898666+09:00,2026-08-04T17:39:38.9898666+09:00,563.598890,564.098890,30,30,-0.024586,-0.035251,0.000000,0.000000,0.000000,0.000630,0
20260804_173014_890,1,Unspecified,1112,2026-08-04T17:39:38.9898666+09:00,2026-08-04T17:39:39.4898666+09:00,564.098890,564.598890,30,30,-0.026926,-0.034233,0.000000,0.000000,0.000000,0.000380,0
20260804_173014_890,1,Unspecified,1113,2026-08-04T17:39:39.4898666+09:00,2026-08-04T17:39:39.9898666+09:00,564.598890,565.098890,30,30,-0.026265,-0.033409,0.000000,0.000000,0.000000,0.000488,0
20260804_173014_890,1,Unspecified,1114,2026-08-04T17:39:39.9898666+09:00,2026-08-04T17:39:40.4898666+09:00,565.098890,565.598890,30,30,-0.025210,-0.034310,0.000000,0.000000,0.000000,0.000294,0
20260804_173014_890,1,Unspecified,1115,2026-08-04T17:39:40.4898666+09:00,2026-08-04T17:39:40.9898666+09:00,565.598890,566.098890,30,30,-0.024550,-0.034254,0.000000,0.000000,0.000000,0.000131,0
20260804_173014_890,1,Unspecified,1116,2026-08-04T17:39:40.9898666+09:00,2026-08-04T17:39:41.4898666+09:00,566.098890,566.598890,30,30,-0.024555,-0.032961,0.000000,0.000001,0.000000,0.000856,0
20260804_173014_890,1,Unspecified,1117,2026-08-04T17:39:41.4898666+09:00,2026-08-04T17:39:41.9898666+09:00,566.598890,567.098890,30,30,-0.024110,-0.032494,0.000000,0.000000,0.000000,0.000211,0
20260804_173014_890,1,Unspecified,1118,2026-08-04T17:39:41.9898666+09:00,2026-08-04T17:39:42.4898666+09:00,567.098890,567.598890,30,30,-0.023933,-0.032524,0.000000,0.000000,0.000000,0.000208,0
20260804_173014_890,1,Unspecified,1119,2026-08-04T17:39:42.4898666+09:00,2026-08-04T17:39:42.9898666+09:00,567.598890,568.098890,30,30,-0.024050,-0.032496,0.000000,0.000000,0.000000,0.000242,0
20260804_173014_890,1,Unspecified,1120,2026-08-04T17:39:42.9898666+09:00,2026-08-04T17:39:43.4898666+09:00,568.098890,568.598890,30,30,-0.023777,-0.032578,0.000000,0.000000,0.000000,0.000088,0
20260804_173014_890,1,Unspecified,1121,2026-08-04T17:39:43.4898666+09:00,2026-08-04T17:39:43.9898666+09:00,568.598890,569.098890,30,30,-0.023919,-0.032531,0.000000,0.000000,0.000000,0.000082,0
20260804_173014_890,1,Unspecified,1122,2026-08-04T17:39:43.9898666+09:00,2026-08-04T17:39:44.4898666+09:00,569.098890,569.598890,30,30,-0.024529,-0.032361,0.000000,0.000000,0.000000,0.000154,0
20260804_173014_890,1,Unspecified,1123,2026-08-04T17:39:44.4898666+09:00,2026-08-04T17:39:44.9898666+09:00,569.598890,570.098890,30,30,-0.024633,-0.032329,0.000000,0.000000,0.000000,0.000072,0
20260804_173014_890,1,Unspecified,1124,2026-08-04T17:39:44.9898666+09:00,2026-08-04T17:39:45.4898666+09:00,570.098890,570.598890,30,30,-0.024637,-0.032327,0.000000,0.000000,0.000000,0.000082,0
20260804_173014_890,1,Unspecified,1125,2026-08-04T17:39:45.4898666+09:00,2026-08-04T17:39:45.9898666+09:00,570.598890,571.098890,30,30,-0.024688,-0.032308,0.000000,0.000000,0.000000,0.000063,0
20260804_173014_890,1,Unspecified,1126,2026-08-04T17:39:45.9898666+09:00,2026-08-04T17:39:46.4898666+09:00,571.098890,571.598890,30,30,-0.024720,-0.032294,0.000000,0.000000,0.000000,0.000073,0
20260804_173014_890,1,Unspecified,1127,2026-08-04T17:39:46.4898666+09:00,2026-08-04T17:39:46.9898666+09:00,571.598890,572.098890,30,30,-0.024868,-0.032247,0.000000,0.000000,0.000000,0.000050,0
20260804_173014_890,1,Unspecified,1128,2026-08-04T17:39:46.9898666+09:00,2026-08-04T17:39:47.4898666+09:00,572.098890,572.598890,30,30,-0.024916,-0.032234,0.000000,0.000000,0.000000,0.000045,0
20260804_173014_890,1,Unspecified,1129,2026-08-04T17:39:47.4898666+09:00,2026-08-04T17:39:47.9898666+09:00,572.598890,573.098890,30,30,-0.024790,-0.032266,0.000000,0.000000,0.000000,0.000052,0
20260804_173014_890,1,Unspecified,1130,2026-08-04T17:39:47.9898666+09:00,2026-08-04T17:39:48.4898666+09:00,573.098890,573.598890,30,30,-0.024802,-0.032267,0.000000,0.000000,0.000000,0.000063,0
20260804_173014_890,1,Unspecified,1131,2026-08-04T17:39:48.4898666+09:00,2026-08-04T17:39:48.9898666+09:00,573.598890,574.098890,30,30,-0.024844,-0.032254,0.000000,0.000000,0.000000,0.000050,0
20260804_173014_890,1,Unspecified,1132,2026-08-04T17:39:48.9898666+09:00,2026-08-04T17:39:49.4898666+09:00,574.098890,574.598890,30,30,-0.024903,-0.032234,0.000000,0.000000,0.000000,0.000071,0
20260804_173014_890,1,Unspecified,1133,2026-08-04T17:39:49.4898666+09:00,2026-08-04T17:39:49.9898666+09:00,574.598890,575.098890,30,30,-0.024910,-0.032236,0.000000,0.000000,0.000000,0.000071,0
20260804_173014_890,1,Unspecified,1134,2026-08-04T17:39:49.9898666+09:00,2026-08-04T17:39:50.4898666+09:00,575.098890,575.598890,30,30,-0.025115,-0.032178,0.000000,0.000000,0.000000,0.000081,0
20260804_173014_890,1,Unspecified,1135,2026-08-04T17:39:50.4898666+09:00,2026-08-04T17:39:50.9898666+09:00,575.598890,576.098890,30,30,-0.025224,-0.032147,0.000000,0.000000,0.000000,0.000041,0
20260804_173014_890,1,Unspecified,1136,2026-08-04T17:39:50.9898666+09:00,2026-08-04T17:39:51.4898666+09:00,576.098890,576.598890,30,30,-0.025074,-0.032187,0.000000,0.000000,0.000000,0.000084,0
20260804_173014_890,1,Unspecified,1137,2026-08-04T17:39:51.4898666+09:00,2026-08-04T17:39:51.9898666+09:00,576.598890,577.098890,30,30,-0.025015,-0.032202,0.000000,0.000000,0.000000,0.000050,0
20260804_173014_890,1,Unspecified,1138,2026-08-04T17:39:51.9898666+09:00,2026-08-04T17:39:52.4898666+09:00,577.098890,577.598890,30,30,-0.025004,-0.032208,0.000000,0.000000,0.000000,0.000039,0
20260804_173014_890,1,Unspecified,1139,2026-08-04T17:39:52.4898666+09:00,2026-08-04T17:39:52.9898666+09:00,577.598890,578.098890,30,30,-0.024910,-0.032233,0.000000,0.000000,0.000000,0.000056,0
20260804_173014_890,1,Unspecified,1140,2026-08-04T17:39:52.9898666+09:00,2026-08-04T17:39:53.4898666+09:00,578.098890,578.598890,30,30,-0.024994,-0.032209,0.000000,0.000000,0.000000,0.000039,0
20260804_173014_890,1,Unspecified,1141,2026-08-04T17:39:53.4898666+09:00,2026-08-04T17:39:53.9898666+09:00,578.598890,579.098890,30,30,-0.024949,-0.032221,0.000000,0.000000,0.000000,0.000045,0
20260804_173014_890,1,Unspecified,1142,2026-08-04T17:39:53.9898666+09:00,2026-08-04T17:39:54.4898666+09:00,579.098890,579.598890,30,30,-0.024846,-0.032251,0.000000,0.000000,0.000000,0.000126,0
20260804_173014_890,1,Unspecified,1143,2026-08-04T17:39:54.4898666+09:00,2026-08-04T17:39:54.9898666+09:00,579.598890,580.098890,30,30,-0.024797,-0.032267,0.000000,0.000000,0.000000,0.000066,0
20260804_173014_890,1,Unspecified,1144,2026-08-04T17:39:54.9898666+09:00,2026-08-04T17:39:55.4898666+09:00,580.098890,580.598890,30,30,-0.024795,-0.032269,0.000000,0.000000,0.000000,0.000039,0
20260804_173014_890,1,Unspecified,1145,2026-08-04T17:39:55.4898666+09:00,2026-08-04T17:39:55.9898666+09:00,580.598890,581.098890,30,30,-0.024836,-0.032256,0.000000,0.000000,0.000000,0.000049,0
20260804_173014_890,1,Unspecified,1146,2026-08-04T17:39:55.9898666+09:00,2026-08-04T17:39:56.4898666+09:00,581.098890,581.598890,30,30,-0.024826,-0.032259,0.000000,0.000000,0.000000,0.000099,0
20260804_173014_890,1,Unspecified,1147,2026-08-04T17:39:56.4898666+09:00,2026-08-04T17:39:56.9898666+09:00,581.598890,582.098890,30,30,-0.025020,-0.032201,0.000000,0.000000,0.000000,0.000076,0
20260804_173014_890,1,Unspecified,1148,2026-08-04T17:39:56.9898666+09:00,2026-08-04T17:39:57.4898666+09:00,582.098890,582.598890,30,30,-0.024750,-0.032282,0.000000,0.000000,0.000000,0.000061,0
20260804_173014_890,1,Unspecified,1149,2026-08-04T17:39:57.4898666+09:00,2026-08-04T17:39:57.9898666+09:00,582.598890,583.098890,30,30,-0.024813,-0.032266,0.000000,0.000000,0.000000,0.000045,0
20260804_173014_890,1,Unspecified,1150,2026-08-04T17:39:57.9898666+09:00,2026-08-04T17:39:58.4898666+09:00,583.098890,583.598890,30,30,-0.024655,-0.032314,0.000000,0.000000,0.000000,0.000061,0
20260804_173014_890,1,Unspecified,1151,2026-08-04T17:39:58.4898666+09:00,2026-08-04T17:39:58.9898666+09:00,583.598890,584.098890,30,30,-0.024820,-0.032262,0.000000,0.000000,0.000000,0.000051,0
20260804_173014_890,1,Unspecified,1152,2026-08-04T17:39:58.9898666+09:00,2026-08-04T17:39:59.4898666+09:00,584.098890,584.598890,30,30,-0.024774,-0.032279,0.000000,0.000000,0.000000,0.000041,0
20260804_173014_890,1,Unspecified,1153,2026-08-04T17:39:59.4898666+09:00,2026-08-04T17:39:59.9898666+09:00,584.598890,585.098890,30,30,-0.024758,-0.032282,0.000000,0.000000,0.000000,0.000039,0
20260804_173014_890,1,Unspecified,1154,2026-08-04T17:39:59.9898666+09:00,2026-08-04T17:40:00.4898666+09:00,585.098890,585.598890,30,30,-0.024886,-0.032244,0.000000,0.000000,0.000000,0.000058,0
20260804_173014_890,1,Unspecified,1155,2026-08-04T17:40:00.4898666+09:00,2026-08-04T17:40:00.9898666+09:00,585.598890,586.098890,30,30,-0.024829,-0.032256,0.000000,0.000000,0.000000,0.000100,0
20260804_173014_890,1,Unspecified,1156,2026-08-04T17:40:00.9898666+09:00,2026-08-04T17:40:01.4898666+09:00,586.098890,586.598890,30,30,-0.024750,-0.032279,0.000000,0.000000,0.000000,0.000083,0
20260804_173014_890,1,Unspecified,1157,2026-08-04T17:40:01.4898666+09:00,2026-08-04T17:40:01.9898666+09:00,586.598890,587.098890,30,30,-0.024807,-0.032263,0.000000,0.000000,0.000000,0.000044,0
20260804_173014_890,1,Unspecified,1158,2026-08-04T17:40:01.9898666+09:00,2026-08-04T17:40:02.4898666+09:00,587.098890,587.598890,30,30,-0.024777,-0.032273,0.000000,0.000000,0.000000,0.000040,0
20260804_173014_890,1,Unspecified,1159,2026-08-04T17:40:02.4898666+09:00,2026-08-04T17:40:02.9898666+09:00,587.598890,588.098890,30,30,-0.024734,-0.032284,0.000000,0.000000,0.000000,0.000042,0
20260804_173014_890,1,Unspecified,1160,2026-08-04T17:40:02.9898666+09:00,2026-08-04T17:40:03.4898666+09:00,588.098890,588.598890,30,30,-0.024767,-0.032275,0.000000,0.000000,0.000000,0.000032,0
20260804_173014_890,1,Unspecified,1161,2026-08-04T17:40:03.4898666+09:00,2026-08-04T17:40:03.9898666+09:00,588.598890,589.098890,30,30,-0.024944,-0.032228,0.000000,0.000000,0.000000,0.000078,0
20260804_173014_890,1,Unspecified,1162,2026-08-04T17:40:03.9898666+09:00,2026-08-04T17:40:04.4898666+09:00,589.098890,589.598890,30,30,-0.025071,-0.032187,0.000000,0.000000,0.000000,0.000039,0
20260804_173014_890,1,Unspecified,1163,2026-08-04T17:40:04.4898666+09:00,2026-08-04T17:40:04.9898666+09:00,589.598890,590.098890,30,30,-0.024927,-0.032233,0.000000,0.000000,0.000000,0.000062,0
20260804_173014_890,1,Unspecified,1164,2026-08-04T17:40:04.9898666+09:00,2026-08-04T17:40:05.4898666+09:00,590.098890,590.598890,30,30,-0.024994,-0.032214,0.000000,0.000000,0.000000,0.000041,0
20260804_173014_890,1,Unspecified,1165,2026-08-04T17:40:05.4898666+09:00,2026-08-04T17:40:05.9898666+09:00,590.598890,591.098890,30,30,-0.025020,-0.032203,0.000000,0.000000,0.000000,0.000037,0
20260804_173014_890,1,Unspecified,1166,2026-08-04T17:40:05.9898666+09:00,2026-08-04T17:40:06.4898666+09:00,591.098890,591.598890,30,30,-0.025238,-0.032143,0.000000,0.000000,0.000000,0.000188,0
20260804_173014_890,1,Unspecified,1167,2026-08-04T17:40:06.4898666+09:00,2026-08-04T17:40:06.9898666+09:00,591.598890,592.098890,30,30,-0.025262,-0.032138,0.000000,0.000000,0.000000,0.000121,0
20260804_173014_890,1,Unspecified,1168,2026-08-04T17:40:06.9898666+09:00,2026-08-04T17:40:07.4898666+09:00,592.098890,592.598890,30,30,-0.025215,-0.032150,0.000000,0.000000,0.000000,0.000080,0
20260804_173014_890,1,Unspecified,1169,2026-08-04T17:40:07.4898666+09:00,2026-08-04T17:40:07.9898666+09:00,592.598890,593.098890,30,30,-0.025391,-0.032104,0.000000,0.000000,0.000000,0.000036,0
20260804_173014_890,1,Unspecified,1170,2026-08-04T17:40:07.9898666+09:00,2026-08-04T17:40:08.4898666+09:00,593.098890,593.598890,30,30,-0.025154,-0.032166,0.000000,0.000000,0.000000,0.000084,0
20260804_173014_890,1,Unspecified,1171,2026-08-04T17:40:08.4898666+09:00,2026-08-04T17:40:08.9898666+09:00,593.598890,594.098890,30,30,-0.025062,-0.032193,0.000000,0.000000,0.000000,0.000044,0
20260804_173014_890,1,Unspecified,1172,2026-08-04T17:40:08.9898666+09:00,2026-08-04T17:40:09.4898666+09:00,594.098890,594.598890,30,30,-0.025024,-0.032204,0.000000,0.000000,0.000000,0.000036,0
20260804_173014_890,1,Unspecified,1173,2026-08-04T17:40:09.4898666+09:00,2026-08-04T17:40:09.9898666+09:00,594.598890,595.098890,30,30,-0.025057,-0.032196,0.000000,0.000000,0.000000,0.000071,0
20260804_173014_890,1,Unspecified,1174,2026-08-04T17:40:09.9898666+09:00,2026-08-04T17:40:10.4898666+09:00,595.098890,595.598890,30,30,-0.025245,-0.032142,0.000000,0.000000,0.000000,0.000033,0
20260804_173014_890,1,Unspecified,1175,2026-08-04T17:40:10.4898666+09:00,2026-08-04T17:40:10.9898666+09:00,595.598890,596.098890,30,30,-0.025305,-0.032128,0.000000,0.000000,0.000000,0.000037,0
20260804_173014_890,1,Unspecified,1176,2026-08-04T17:40:10.9898666+09:00,2026-08-04T17:40:11.4898666+09:00,596.098890,596.598890,30,30,-0.025203,-0.032153,0.000000,0.000000,0.000000,0.000048,0
20260804_173014_890,1,Unspecified,1177,2026-08-04T17:40:11.4898666+09:00,2026-08-04T17:40:11.9898666+09:00,596.598890,597.098890,30,30,-0.025063,-0.032197,0.000000,0.000000,0.000000,0.000116,0
20260804_173014_890,1,Unspecified,1178,2026-08-04T17:40:11.9898666+09:00,2026-08-04T17:40:12.4898666+09:00,597.098890,597.598890,30,30,-0.024975,-0.032216,0.000000,0.000000,0.000000,0.000087,0
20260804_173014_890,1,Unspecified,1179,2026-08-04T17:40:12.4898666+09:00,2026-08-04T17:40:12.9898666+09:00,597.598890,598.098890,30,30,-0.024976,-0.032217,0.000000,0.000000,0.000000,0.000043,0
20260804_173014_890,1,Unspecified,1180,2026-08-04T17:40:12.9898666+09:00,2026-08-04T17:40:13.4898666+09:00,598.098890,598.598890,30,30,-0.025186,-0.032156,0.000000,0.000000,0.000000,0.000087,0
20260804_173014_890,1,Unspecified,1181,2026-08-04T17:40:13.4898666+09:00,2026-08-04T17:40:13.9898666+09:00,598.598890,599.098890,30,30,-0.025320,-0.032124,0.000000,0.000000,0.000000,0.000060,0
20260804_173014_890,1,Unspecified,1182,2026-08-04T17:40:13.9898666+09:00,2026-08-04T17:40:14.4898666+09:00,599.098890,599.598890,30,30,-0.025105,-0.032179,0.000000,0.000000,0.000000,0.000109,0
20260804_173014_890,1,Unspecified,1183,2026-08-04T17:40:14.4898666+09:00,2026-08-04T17:40:14.9898666+09:00,599.598890,600.098890,30,30,-0.025028,-0.032201,0.000000,0.000000,0.000000,0.000051,0
20260804_173014_890,1,Unspecified,1184,2026-08-04T17:40:14.9898666+09:00,2026-08-04T17:40:15.4898666+09:00,600.098890,600.598890,30,30,-0.025041,-0.032199,0.000000,0.000000,0.000000,0.000056,0
20260804_173014_890,1,Unspecified,1185,2026-08-04T17:40:15.4898666+09:00,2026-08-04T17:40:15.9898666+09:00,600.598890,601.098890,30,30,-0.025107,-0.032178,0.000000,0.000000,0.000000,0.000105,0
20260804_173014_890,1,Unspecified,1186,2026-08-04T17:40:15.9898666+09:00,2026-08-04T17:40:16.4898666+09:00,601.098890,601.598890,30,30,-0.025375,-0.032106,0.000000,0.000000,0.000000,0.000062,0
20260804_173014_890,1,Unspecified,1187,2026-08-04T17:40:16.4898666+09:00,2026-08-04T17:40:16.9898666+09:00,601.598890,602.098890,30,30,-0.025467,-0.032082,0.000000,0.000000,0.000000,0.000050,0
20260804_173014_890,1,Unspecified,1188,2026-08-04T17:40:16.9898666+09:00,2026-08-04T17:40:17.4898666+09:00,602.098890,602.598890,30,30,-0.025432,-0.032089,0.000000,0.000000,0.000000,0.000045,0
20260804_173014_890,1,Unspecified,1189,2026-08-04T17:40:17.4898666+09:00,2026-08-04T17:40:17.9898666+09:00,602.598890,603.098890,30,30,-0.025396,-0.032101,0.000000,0.000000,0.000000,0.000107,0
20260804_173014_890,1,Unspecified,1190,2026-08-04T17:40:17.9898666+09:00,2026-08-04T17:40:18.4898666+09:00,603.098890,603.598890,30,30,-0.025165,-0.032165,0.000000,0.000000,0.000000,0.000049,0
20260804_173014_890,1,Unspecified,1191,2026-08-04T17:40:18.4898666+09:00,2026-08-04T17:40:18.9898666+09:00,603.598890,604.098890,30,30,-0.025091,-0.032182,0.000000,0.000000,0.000000,0.000032,0
20260804_173014_890,1,Unspecified,1192,2026-08-04T17:40:18.9898666+09:00,2026-08-04T17:40:19.4898666+09:00,604.098890,604.598890,30,30,-0.025066,-0.032188,0.000000,0.000000,0.000000,0.000044,0
20260804_173014_890,1,Unspecified,1193,2026-08-04T17:40:19.4898666+09:00,2026-08-04T17:40:19.9898666+09:00,604.598890,605.098890,30,30,-0.025098,-0.032183,0.000000,0.000000,0.000000,0.000022,0
20260804_173014_890,1,Unspecified,1194,2026-08-04T17:40:19.9898666+09:00,2026-08-04T17:40:20.4898666+09:00,605.098890,605.598890,30,30,-0.025107,-0.032180,0.000000,0.000000,0.000000,0.000053,0
20260804_173014_890,1,Unspecified,1195,2026-08-04T17:40:20.4898666+09:00,2026-08-04T17:40:20.9898666+09:00,605.598890,606.098890,30,30,-0.025300,-0.032127,0.000000,0.000000,0.000000,0.000038,0
20260804_173014_890,1,Unspecified,1196,2026-08-04T17:40:20.9898666+09:00,2026-08-04T17:40:21.4898666+09:00,606.098890,606.598890,30,30,-0.025387,-0.032105,0.000000,0.000000,0.000000,0.000034,0
20260804_173014_890,1,Unspecified,1197,2026-08-04T17:40:21.4898666+09:00,2026-08-04T17:40:21.9898666+09:00,606.598890,607.098890,30,30,-0.025320,-0.032123,0.000000,0.000000,0.000000,0.000047,0
20260804_173014_890,1,Unspecified,1198,2026-08-04T17:40:21.9898666+09:00,2026-08-04T17:40:22.4898666+09:00,607.098890,607.598890,30,30,-0.025261,-0.032137,0.000000,0.000000,0.000000,0.000043,0
20260804_173014_890,1,Unspecified,1199,2026-08-04T17:40:22.4898666+09:00,2026-08-04T17:40:22.9898666+09:00,607.598890,608.098890,30,30,-0.025214,-0.032153,0.000000,0.000000,0.000000,0.000052,0
20260804_173014_890,1,Unspecified,1200,2026-08-04T17:40:22.9898666+09:00,2026-08-04T17:40:23.4898666+09:00,608.098890,608.598890,30,30,-0.025255,-0.032140,0.000000,0.000000,0.000000,0.000039,0
20260804_173014_890,1,Unspecified,1201,2026-08-04T17:40:23.4898666+09:00,2026-08-04T17:40:23.9898666+09:00,608.598890,609.098890,30,30,-0.025451,-0.032091,0.000000,0.000000,0.000000,0.000061,0
20260804_173014_890,1,Unspecified,1202,2026-08-04T17:40:23.9898666+09:00,2026-08-04T17:40:24.4898666+09:00,609.098890,609.598890,30,30,-0.025437,-0.032093,0.000000,0.000000,0.000000,0.000100,0
20260804_173014_890,1,Unspecified,1203,2026-08-04T17:40:24.4898666+09:00,2026-08-04T17:40:24.9898666+09:00,609.598890,610.098890,30,30,-0.025325,-0.032119,0.000000,0.000000,0.000000,0.000052,0
20260804_173014_890,1,Unspecified,1204,2026-08-04T17:40:24.9898666+09:00,2026-08-04T17:40:25.4898666+09:00,610.098890,610.598890,30,30,-0.025272,-0.032132,0.000000,0.000000,0.000000,0.000044,0
20260804_173014_890,1,Unspecified,1205,2026-08-04T17:40:25.4898666+09:00,2026-08-04T17:40:25.9898666+09:00,610.598890,611.098890,30,30,-0.025236,-0.032142,0.000000,0.000000,0.000000,0.000053,0
20260804_173014_890,1,Unspecified,1206,2026-08-04T17:40:25.9898666+09:00,2026-08-04T17:40:26.4898666+09:00,611.098890,611.598890,30,30,-0.025220,-0.032148,0.000000,0.000000,0.000000,0.000044,0
20260804_173014_890,1,Unspecified,1207,2026-08-04T17:40:26.4898666+09:00,2026-08-04T17:40:26.9898666+09:00,611.598890,612.098890,30,30,-0.025430,-0.032096,0.000000,0.000000,0.000000,0.000070,0
20260804_173014_890,1,Unspecified,1208,2026-08-04T17:40:26.9898666+09:00,2026-08-04T17:40:27.4898666+09:00,612.098890,612.598890,30,30,-0.025561,-0.032056,0.000000,0.000000,0.000000,0.000051,0
20260804_173014_890,1,Unspecified,1209,2026-08-04T17:40:27.4898666+09:00,2026-08-04T17:40:27.9898666+09:00,612.598890,613.098890,30,30,-0.025472,-0.032082,0.000000,0.000000,0.000000,0.000082,0
20260804_173014_890,1,Unspecified,1210,2026-08-04T17:40:27.9898666+09:00,2026-08-04T17:40:28.4898666+09:00,613.098890,613.598890,30,30,-0.025379,-0.032107,0.000000,0.000000,0.000000,0.000036,0
20260804_173014_890,1,Unspecified,1211,2026-08-04T17:40:28.4898666+09:00,2026-08-04T17:40:28.9898666+09:00,613.598890,614.098890,30,30,-0.025337,-0.032116,0.000000,0.000000,0.000000,0.000039,0
20260804_173014_890,1,Unspecified,1212,2026-08-04T17:40:28.9898666+09:00,2026-08-04T17:40:29.4898666+09:00,614.098890,614.598890,30,30,-0.025300,-0.032126,0.000000,0.000000,0.000000,0.000040,0
20260804_173014_890,1,Unspecified,1213,2026-08-04T17:40:29.4898666+09:00,2026-08-04T17:40:29.9898666+09:00,614.598890,615.098890,30,30,-0.025278,-0.032134,0.000000,0.000000,0.000000,0.000033,0
20260804_173014_890,1,Unspecified,1214,2026-08-04T17:40:29.9898666+09:00,2026-08-04T17:40:30.4898666+09:00,615.098890,615.598890,30,30,-0.025511,-0.032071,0.000000,0.000000,0.000000,0.000095,0
20260804_173014_890,1,Unspecified,1215,2026-08-04T17:40:30.4898666+09:00,2026-08-04T17:40:30.9898666+09:00,615.598890,616.098890,30,30,-0.025665,-0.032032,0.000000,0.000000,0.000000,0.000064,0
20260804_173014_890,1,Unspecified,1216,2026-08-04T17:40:30.9898666+09:00,2026-08-04T17:40:31.4898666+09:00,616.098890,616.598890,30,30,-0.025607,-0.032047,0.000000,0.000000,0.000000,0.000028,0
20260804_173014_890,1,Unspecified,1217,2026-08-04T17:40:31.4898666+09:00,2026-08-04T17:40:31.9898666+09:00,616.598890,617.098890,30,30,-0.025592,-0.032051,0.000000,0.000000,0.000000,0.000052,0
20260804_173014_890,1,Unspecified,1218,2026-08-04T17:40:31.9898666+09:00,2026-08-04T17:40:32.4898666+09:00,617.098890,617.598890,30,30,-0.025432,-0.032093,0.000000,0.000000,0.000000,0.000074,0
20260804_173014_890,1,Unspecified,1219,2026-08-04T17:40:32.4898666+09:00,2026-08-04T17:40:32.9898666+09:00,617.598890,618.098890,30,30,-0.025397,-0.032102,0.000000,0.000000,0.000000,0.000041,0
20260804_173014_890,1,Unspecified,1220,2026-08-04T17:40:32.9898666+09:00,2026-08-04T17:40:33.4898666+09:00,618.098890,618.598890,30,30,-0.025447,-0.032089,0.000000,0.000000,0.000000,0.000089,0
20260804_173014_890,1,Unspecified,1221,2026-08-04T17:40:33.4898666+09:00,2026-08-04T17:40:33.9898666+09:00,618.598890,619.098890,30,30,-0.025641,-0.032041,0.000000,0.000000,0.000000,0.000059,0
20260804_173014_890,1,Unspecified,1222,2026-08-04T17:40:33.9898666+09:00,2026-08-04T17:40:34.4898666+09:00,619.098890,619.598890,30,30,-0.025560,-0.032063,0.000000,0.000000,0.000000,0.000080,0
20260804_173014_890,1,Unspecified,1223,2026-08-04T17:40:34.4898666+09:00,2026-08-04T17:40:34.9898666+09:00,619.598890,620.098890,30,30,-0.025420,-0.032098,0.000000,0.000000,0.000000,0.000043,0
20260804_173014_890,1,Unspecified,1224,2026-08-04T17:40:34.9898666+09:00,2026-08-04T17:40:35.4898666+09:00,620.098890,620.598890,30,30,-0.025371,-0.032108,0.000000,0.000000,0.000000,0.000040,0
20260804_173014_890,1,Unspecified,1225,2026-08-04T17:40:35.4898666+09:00,2026-08-04T17:40:35.9898666+09:00,620.598890,621.098890,30,30,-0.025308,-0.032126,0.000000,0.000000,0.000000,0.000056,0
20260804_173014_890,1,Unspecified,1226,2026-08-04T17:40:35.9898666+09:00,2026-08-04T17:40:36.4898666+09:00,621.098890,621.598890,30,30,-0.025385,-0.032107,0.000000,0.000000,0.000000,0.000123,0
20260804_173014_890,1,Unspecified,1227,2026-08-04T17:40:36.4898666+09:00,2026-08-04T17:40:36.9898666+09:00,621.598890,622.098890,30,30,-0.025589,-0.032055,0.000000,0.000000,0.000000,0.000043,0
20260804_173014_890,1,Unspecified,1228,2026-08-04T17:40:36.9898666+09:00,2026-08-04T17:40:37.4898666+09:00,622.098890,622.598890,30,30,-0.025635,-0.032039,0.000000,0.000000,0.000000,0.000054,0
20260804_173014_890,1,Unspecified,1229,2026-08-04T17:40:37.4898666+09:00,2026-08-04T17:40:37.9898666+09:00,622.598890,623.098890,30,30,-0.025585,-0.032053,0.000000,0.000000,0.000000,0.000038,0
20260804_173014_890,1,Unspecified,1230,2026-08-04T17:40:37.9898666+09:00,2026-08-04T17:40:38.4898666+09:00,623.098890,623.598890,30,30,-0.025429,-0.032095,0.000000,0.000000,0.000000,0.000060,0
20260804_173014_890,1,Unspecified,1231,2026-08-04T17:40:38.4898666+09:00,2026-08-04T17:40:38.9898666+09:00,623.598890,624.098890,30,30,-0.025363,-0.032109,0.000000,0.000000,0.000000,0.000036,0
20260804_173014_890,1,Unspecified,1232,2026-08-04T17:40:38.9898666+09:00,2026-08-04T17:40:39.4898666+09:00,624.098890,624.598890,30,30,-0.025333,-0.032118,0.000000,0.000000,0.000000,0.000045,0
20260804_173014_890,1,Unspecified,1233,2026-08-04T17:40:39.4898666+09:00,2026-08-04T17:40:39.9898666+09:00,624.598890,625.098890,30,30,-0.025331,-0.032121,0.000000,0.000000,0.000000,0.000038,0
20260804_173014_890,1,Unspecified,1234,2026-08-04T17:40:39.9898666+09:00,2026-08-04T17:40:40.4898666+09:00,625.098890,625.598890,30,30,-0.025519,-0.032069,0.000000,0.000000,0.000000,0.000068,0
20260804_173014_890,1,Unspecified,1235,2026-08-04T17:40:40.4898666+09:00,2026-08-04T17:40:40.9898666+09:00,625.598890,626.098890,30,30,-0.025681,-0.032029,0.000000,0.000000,0.000000,0.000041,0
20260804_173014_890,1,Unspecified,1236,2026-08-04T17:40:40.9898666+09:00,2026-08-04T17:40:41.4898666+09:00,626.098890,626.598890,30,30,-0.025486,-0.032079,0.000000,0.000000,0.000000,0.000080,0
20260804_173014_890,1,Unspecified,1237,2026-08-04T17:40:41.4898666+09:00,2026-08-04T17:40:41.9898666+09:00,626.598890,627.098890,30,30,-0.025506,-0.032073,0.000000,0.000000,0.000000,0.000050,0
20260804_173014_890,1,Unspecified,1238,2026-08-04T17:40:41.9898666+09:00,2026-08-04T17:40:42.4898666+09:00,627.098890,627.598890,30,30,-0.025498,-0.032076,0.000000,0.000000,0.000000,0.000051,0
20260804_173014_890,1,Unspecified,1239,2026-08-04T17:40:42.4898666+09:00,2026-08-04T17:40:42.9898666+09:00,627.598890,628.098890,30,30,-0.025492,-0.032077,0.000000,0.000000,0.000000,0.000034,0
20260804_173014_890,1,Unspecified,1240,2026-08-04T17:40:42.9898666+09:00,2026-08-04T17:40:43.4898666+09:00,628.098890,628.598890,30,30,-0.025761,-0.032005,0.000000,0.000000,0.000000,0.000115,0
20260804_173014_890,1,Unspecified,1241,2026-08-04T17:40:43.4898666+09:00,2026-08-04T17:40:43.9898666+09:00,628.598890,629.098890,30,30,-0.025899,-0.031970,0.000000,0.000000,0.000000,0.000047,0
20260804_173014_890,1,Unspecified,1242,2026-08-04T17:40:43.9898666+09:00,2026-08-04T17:40:44.4898666+09:00,629.098890,629.598890,30,30,-0.025909,-0.031970,0.000000,0.000000,0.000000,0.000098,0
20260804_173014_890,1,Unspecified,1243,2026-08-04T17:40:44.4898666+09:00,2026-08-04T17:40:44.9898666+09:00,629.598890,630.098890,30,30,-0.025656,-0.032036,0.000000,0.000000,0.000000,0.000059,0
20260804_173014_890,1,Unspecified,1244,2026-08-04T17:40:44.9898666+09:00,2026-08-04T17:40:45.4898666+09:00,630.098890,630.598890,30,30,-0.025635,-0.032039,0.000000,0.000000,0.000000,0.000060,0
20260804_173014_890,1,Unspecified,1245,2026-08-04T17:40:45.4898666+09:00,2026-08-04T17:40:45.9898666+09:00,630.598890,631.098890,30,30,-0.025634,-0.032040,0.000000,0.000000,0.000000,0.000032,0
20260804_173014_890,1,Unspecified,1246,2026-08-04T17:40:45.9898666+09:00,2026-08-04T17:40:46.4898666+09:00,631.098890,631.598890,30,30,-0.025735,-0.032014,0.000000,0.000000,0.000000,0.000120,0
20260804_173014_890,1,Unspecified,1247,2026-08-04T17:40:46.4898666+09:00,2026-08-04T17:40:46.9898666+09:00,631.598890,632.098890,30,30,-0.025888,-0.031976,0.000000,0.000000,0.000000,0.000049,0
20260804_173014_890,1,Unspecified,1248,2026-08-04T17:40:46.9898666+09:00,2026-08-04T17:40:47.4898666+09:00,632.098890,632.598890,30,30,-0.025861,-0.031982,0.000000,0.000000,0.000000,0.000047,0
20260804_173014_890,1,Unspecified,1249,2026-08-04T17:40:47.4898666+09:00,2026-08-04T17:40:47.9898666+09:00,632.598890,633.098890,30,30,-0.025802,-0.031995,0.000000,0.000000,0.000000,0.000116,0
20260804_173014_890,1,Unspecified,1250,2026-08-04T17:40:47.9898666+09:00,2026-08-04T17:40:48.4898666+09:00,633.098890,633.598890,30,30,-0.025681,-0.032027,0.000000,0.000000,0.000000,0.000046,0
20260804_173014_890,1,Unspecified,1251,2026-08-04T17:40:48.4898666+09:00,2026-08-04T17:40:48.9898666+09:00,633.598890,634.098890,30,30,-0.025539,-0.032064,0.000000,0.000000,0.000000,0.000054,0
20260804_173014_890,1,Unspecified,1252,2026-08-04T17:40:48.9898666+09:00,2026-08-04T17:40:49.4898666+09:00,634.098890,634.598890,30,30,-0.025573,-0.032052,0.000000,0.000000,0.000000,0.000099,0
20260804_173014_890,1,Unspecified,1253,2026-08-04T17:40:49.4898666+09:00,2026-08-04T17:40:49.9898666+09:00,634.598890,635.098890,30,30,-0.025793,-0.031997,0.000000,0.000000,0.000000,0.000055,0
20260804_173014_890,1,Unspecified,1254,2026-08-04T17:40:49.9898666+09:00,2026-08-04T17:40:50.4898666+09:00,635.098890,635.598890,30,30,-0.025871,-0.031977,0.000000,0.000000,0.000000,0.000058,0
20260804_173014_890,1,Unspecified,1255,2026-08-04T17:40:50.4898666+09:00,2026-08-04T17:40:50.9898666+09:00,635.598890,636.098890,30,30,-0.025905,-0.031969,0.000000,0.000000,0.000000,0.000043,0
20260804_173014_890,1,Unspecified,1256,2026-08-04T17:40:50.9898666+09:00,2026-08-04T17:40:51.4898666+09:00,636.098890,636.598890,30,30,-0.025579,-0.032056,0.000000,0.000000,0.000000,0.000148,0
20260804_173014_890,1,Unspecified,1257,2026-08-04T17:40:51.4898666+09:00,2026-08-04T17:40:51.9898666+09:00,636.598890,637.098890,30,30,-0.025531,-0.032068,0.000000,0.000000,0.000000,0.000073,0
20260804_173014_890,1,Unspecified,1258,2026-08-04T17:40:51.9898666+09:00,2026-08-04T17:40:52.4898666+09:00,637.098890,637.598890,30,30,-0.025371,-0.032109,0.000000,0.000000,0.000000,0.000053,0
20260804_173014_890,1,Unspecified,1259,2026-08-04T17:40:52.4898666+09:00,2026-08-04T17:40:52.9898666+09:00,637.598890,638.098890,30,30,-0.025538,-0.032066,0.000000,0.000000,0.000000,0.000056,0
20260804_173014_890,1,Unspecified,1260,2026-08-04T17:40:52.9898666+09:00,2026-08-04T17:40:53.4898666+09:00,638.098890,638.598890,30,30,-0.025657,-0.032032,0.000000,0.000000,0.000000,0.000066,0
20260804_173014_890,1,Unspecified,1261,2026-08-04T17:40:53.4898666+09:00,2026-08-04T17:40:53.9898666+09:00,638.598890,639.098890,30,30,-0.025498,-0.032074,0.000000,0.000000,0.000000,0.000126,0
20260804_173014_890,1,Unspecified,1262,2026-08-04T17:40:53.9898666+09:00,2026-08-04T17:40:54.4898666+09:00,639.098890,639.598890,30,30,-0.025419,-0.032099,0.000000,0.000000,0.000000,0.000059,0
20260804_173014_890,1,Unspecified,1263,2026-08-04T17:40:54.4898666+09:00,2026-08-04T17:40:54.9898666+09:00,639.598890,640.098890,30,30,-0.025324,-0.032121,0.000000,0.000000,0.000000,0.000053,0
20260804_173014_890,1,Unspecified,1264,2026-08-04T17:40:54.9898666+09:00,2026-08-04T17:40:55.4898666+09:00,640.098890,640.598890,30,30,-0.025320,-0.032123,0.000000,0.000000,0.000000,0.000026,0
20260804_173014_890,1,Unspecified,1265,2026-08-04T17:40:55.4898666+09:00,2026-08-04T17:40:55.9898666+09:00,640.598890,641.098890,30,30,-0.025433,-0.032094,0.000000,0.000000,0.000000,0.000110,0
20260804_173014_890,1,Unspecified,1266,2026-08-04T17:40:55.9898666+09:00,2026-08-04T17:40:56.4898666+09:00,641.098890,641.598890,30,30,-0.025564,-0.032057,0.000000,0.000000,0.000000,0.000088,0
20260804_173014_890,1,Unspecified,1267,2026-08-04T17:40:56.4898666+09:00,2026-08-04T17:40:56.9898666+09:00,641.598890,642.098890,30,30,-0.025584,-0.032054,0.000000,0.000000,0.000000,0.000078,0
20260804_173014_890,1,Unspecified,1268,2026-08-04T17:40:56.9898666+09:00,2026-08-04T17:40:57.4898666+09:00,642.098890,642.598890,30,30,-0.025434,-0.032092,0.000000,0.000000,0.000000,0.000045,0
20260804_173014_890,1,Unspecified,1269,2026-08-04T17:40:57.4898666+09:00,2026-08-04T17:40:57.9898666+09:00,642.598890,643.098890,30,30,-0.025407,-0.032100,0.000000,0.000000,0.000000,0.000046,0
20260804_173014_890,1,Unspecified,1270,2026-08-04T17:40:57.9898666+09:00,2026-08-04T17:40:58.4898666+09:00,643.098890,643.598890,30,30,-0.025474,-0.032079,0.000000,0.000000,0.000000,0.000102,0
20260804_173014_890,1,Unspecified,1271,2026-08-04T17:40:58.4898666+09:00,2026-08-04T17:40:58.9898666+09:00,643.598890,644.098890,30,30,-0.025649,-0.032035,0.000000,0.000000,0.000000,0.000034,0
20260804_173014_890,1,Unspecified,1272,2026-08-04T17:40:58.9898666+09:00,2026-08-04T17:40:59.4898666+09:00,644.098890,644.598890,30,30,-0.025646,-0.032037,0.000000,0.000000,0.000000,0.000052,0
20260804_173014_890,1,Unspecified,1273,2026-08-04T17:40:59.4898666+09:00,2026-08-04T17:40:59.9898666+09:00,644.598890,645.098890,30,30,-0.025640,-0.032037,0.000000,0.000000,0.000000,0.000079,0
20260804_173014_890,1,Unspecified,1274,2026-08-04T17:40:59.9898666+09:00,2026-08-04T17:41:00.4898666+09:00,645.098890,645.598890,30,30,-0.025491,-0.032076,0.000000,0.000000,0.000000,0.000028,0
20260804_173014_890,1,Unspecified,1275,2026-08-04T17:41:00.4898666+09:00,2026-08-04T17:41:00.9898666+09:00,645.598890,646.098890,30,30,-0.025421,-0.032094,0.000000,0.000000,0.000000,0.000052,0
20260804_173014_890,1,Unspecified,1276,2026-08-04T17:41:00.9898666+09:00,2026-08-04T17:41:01.4898666+09:00,646.098890,646.598890,30,30,-0.025447,-0.032088,0.000000,0.000000,0.000000,0.000079,0
20260804_173014_890,1,Unspecified,1277,2026-08-04T17:41:01.4898666+09:00,2026-08-04T17:41:01.9898666+09:00,646.598890,647.098890,30,30,-0.025821,-0.031988,0.000000,0.000000,0.000000,0.000163,0
20260804_173014_890,1,Unspecified,1278,2026-08-04T17:41:01.9898666+09:00,2026-08-04T17:41:02.4898666+09:00,647.098890,647.598890,30,30,-0.025663,-0.032031,0.000000,0.000000,0.000000,0.000220,0
20260804_173014_890,1,Unspecified,1279,2026-08-04T17:41:02.4898666+09:00,2026-08-04T17:41:02.9898666+09:00,647.598890,648.098890,30,30,-0.025336,-0.032119,0.000000,0.000000,0.000000,0.000028,0
20260804_173014_890,1,Unspecified,1280,2026-08-04T17:41:02.9898666+09:00,2026-08-04T17:41:03.4898666+09:00,648.098890,648.598890,30,30,-0.025257,-0.032138,0.000000,0.000000,0.000000,0.000053,0
20260804_173014_890,1,Unspecified,1281,2026-08-04T17:41:03.4898666+09:00,2026-08-04T17:41:03.9898666+09:00,648.598890,649.098890,30,30,-0.025171,-0.032162,0.000000,0.000000,0.000000,0.000064,0
20260804_173014_890,1,Unspecified,1282,2026-08-04T17:41:03.9898666+09:00,2026-08-04T17:41:04.4898666+09:00,649.098890,649.598890,30,30,-0.025286,-0.032131,0.000000,0.000000,0.000000,0.000105,0
20260804_173014_890,1,Unspecified,1283,2026-08-04T17:41:04.4898666+09:00,2026-08-04T17:41:04.9898666+09:00,649.598890,650.098890,30,30,-0.025250,-0.032142,0.000000,0.000000,0.000000,0.000056,0
20260804_173014_890,1,Unspecified,1284,2026-08-04T17:41:04.9898666+09:00,2026-08-04T17:41:05.4898666+09:00,650.098890,650.598890,30,30,-0.025424,-0.032096,0.000000,0.000000,0.000000,0.000072,0
20260804_173014_890,1,Unspecified,1285,2026-08-04T17:41:05.4898666+09:00,2026-08-04T17:41:05.9898666+09:00,650.598890,651.098890,30,30,-0.025349,-0.032112,0.000000,0.000000,0.000000,0.000037,0
20260804_173014_890,1,Unspecified,1286,2026-08-04T17:41:05.9898666+09:00,2026-08-04T17:41:06.4898666+09:00,651.098890,651.598890,30,30,-0.025347,-0.032117,0.000000,0.000000,0.000000,0.000043,0
20260804_173014_890,1,Unspecified,1287,2026-08-04T17:41:06.4898666+09:00,2026-08-04T17:41:06.9898666+09:00,651.598890,652.098890,30,30,-0.025306,-0.032126,0.000000,0.000000,0.000000,0.000037,0
20260804_173014_890,1,Unspecified,1288,2026-08-04T17:41:06.9898666+09:00,2026-08-04T17:41:07.4898666+09:00,652.098890,652.598890,30,30,-0.025360,-0.032111,0.000000,0.000000,0.000000,0.000038,0
20260804_173014_890,1,Unspecified,1289,2026-08-04T17:41:07.4898666+09:00,2026-08-04T17:41:07.9898666+09:00,652.598890,653.098890,30,30,-0.025399,-0.032100,0.000000,0.000000,0.000000,0.000030,0
20260804_173014_890,1,Unspecified,1290,2026-08-04T17:41:07.9898666+09:00,2026-08-04T17:41:08.4898666+09:00,653.098890,653.598890,30,30,-0.025635,-0.032040,0.000000,0.000000,0.000000,0.000078,0
20260804_173014_890,1,Unspecified,1291,2026-08-04T17:41:08.4898666+09:00,2026-08-04T17:41:08.9898666+09:00,653.598890,654.098890,30,30,-0.025762,-0.032006,0.000000,0.000000,0.000000,0.000031,0
20260804_173014_890,1,Unspecified,1292,2026-08-04T17:41:08.9898666+09:00,2026-08-04T17:41:09.4898666+09:00,654.098890,654.598890,30,30,-0.025684,-0.032027,0.000000,0.000000,0.000000,0.000049,0
20260804_173014_890,1,Unspecified,1293,2026-08-04T17:41:09.4898666+09:00,2026-08-04T17:41:09.9898666+09:00,654.598890,655.098890,30,30,-0.025455,-0.032086,0.000000,0.000000,0.000000,0.000061,0
20260804_173014_890,1,Unspecified,1294,2026-08-04T17:41:09.9898666+09:00,2026-08-04T17:41:10.4898666+09:00,655.098890,655.598890,30,30,-0.025485,-0.032075,0.000000,0.000000,0.000000,0.000056,0
20260804_173014_890,1,Unspecified,1295,2026-08-04T17:41:10.4898666+09:00,2026-08-04T17:41:10.9898666+09:00,655.598890,656.098890,30,30,-0.025596,-0.032047,0.000000,0.000000,0.000000,0.000080,0
20260804_173014_890,1,Unspecified,1296,2026-08-04T17:41:10.9898666+09:00,2026-08-04T17:41:11.4898666+09:00,656.098890,656.598890,30,30,-0.025643,-0.032037,0.000000,0.000000,0.000000,0.000058,0
20260804_173014_890,1,Unspecified,1297,2026-08-04T17:41:11.4898666+09:00,2026-08-04T17:41:11.9898666+09:00,656.598890,657.098890,30,30,-0.025754,-0.032009,0.000000,0.000000,0.000000,0.000051,0
20260804_173014_890,1,Unspecified,1298,2026-08-04T17:41:11.9898666+09:00,2026-08-04T17:41:12.4898666+09:00,657.098890,657.598890,30,30,-0.025713,-0.032017,0.000000,0.000000,0.000000,0.000083,0
20260804_173014_890,1,Unspecified,1299,2026-08-04T17:41:12.4898666+09:00,2026-08-04T17:41:12.9898666+09:00,657.598890,658.098890,30,30,-0.025502,-0.032073,0.000000,0.000000,0.000000,0.000077,0
20260804_173014_890,1,Unspecified,1300,2026-08-04T17:41:12.9898666+09:00,2026-08-04T17:41:13.4898666+09:00,658.098890,658.598890,30,30,-0.025416,-0.032095,0.000000,0.000000,0.000000,0.000053,0
20260804_173014_890,1,Unspecified,1301,2026-08-04T17:41:13.4898666+09:00,2026-08-04T17:41:13.9898666+09:00,658.598890,659.098890,30,30,-0.025411,-0.032100,0.000000,0.000000,0.000000,0.000033,0
20260804_173014_890,1,Unspecified,1302,2026-08-04T17:41:13.9898666+09:00,2026-08-04T17:41:14.4898666+09:00,659.098890,659.598890,30,30,-0.025568,-0.032054,0.000000,0.000000,0.000000,0.000128,0
20260804_173014_890,1,Unspecified,1303,2026-08-04T17:41:14.4898666+09:00,2026-08-04T17:41:14.9898666+09:00,659.598890,660.098890,30,30,-0.025788,-0.031999,0.000000,0.000000,0.000000,0.000060,0
20260804_173014_890,1,Unspecified,1304,2026-08-04T17:41:14.9898666+09:00,2026-08-04T17:41:15.4898666+09:00,660.098890,660.598890,30,30,-0.025762,-0.032008,0.000000,0.000000,0.000000,0.000154,0
20260804_173014_890,1,Unspecified,1305,2026-08-04T17:41:15.4898666+09:00,2026-08-04T17:41:15.9898666+09:00,660.598890,661.098890,30,30,-0.025550,-0.032062,0.000000,0.000000,0.000000,0.000068,0
20260804_173014_890,1,Unspecified,1306,2026-08-04T17:41:15.9898666+09:00,2026-08-04T17:41:16.4898666+09:00,661.098890,661.598890,30,30,-0.025555,-0.032059,0.000000,0.000000,0.000000,0.000021,0
20260804_173014_890,1,Unspecified,1307,2026-08-04T17:41:16.4898666+09:00,2026-08-04T17:41:16.9898666+09:00,661.598890,662.098890,30,30,-0.025603,-0.032046,0.000000,0.000000,0.000000,0.000063,0
20260804_173014_890,1,Unspecified,1308,2026-08-04T17:41:16.9898666+09:00,2026-08-04T17:41:17.4898666+09:00,662.098890,662.598890,30,30,-0.025905,-0.031970,0.000000,0.000000,0.000000,0.000136,0
20260804_173014_890,1,Unspecified,1309,2026-08-04T17:41:17.4898666+09:00,2026-08-04T17:41:17.9898666+09:00,662.598890,663.098890,30,30,-0.026043,-0.031934,0.000000,0.000000,0.000000,0.000061,0
20260804_173014_890,1,Unspecified,1310,2026-08-04T17:41:17.9898666+09:00,2026-08-04T17:41:18.4898666+09:00,663.098890,663.598890,30,30,-0.025883,-0.031976,0.000000,0.000000,0.000000,0.000140,0
20260804_173014_890,1,Unspecified,1311,2026-08-04T17:41:18.4898666+09:00,2026-08-04T17:41:18.9898666+09:00,663.598890,664.098890,30,30,-0.025809,-0.031994,0.000000,0.000000,0.000000,0.000065,0
20260804_173014_890,1,Unspecified,1312,2026-08-04T17:41:18.9898666+09:00,2026-08-04T17:41:19.4898666+09:00,664.098890,664.598890,30,30,-0.025800,-0.031995,0.000000,0.000000,0.000000,0.000043,0
20260804_173014_890,1,Unspecified,1313,2026-08-04T17:41:19.4898666+09:00,2026-08-04T17:41:19.9898666+09:00,664.598890,665.098890,30,30,-0.025815,-0.031991,0.000000,0.000000,0.000000,0.000038,0
20260804_173014_890,1,Unspecified,1314,2026-08-04T17:41:19.9898666+09:00,2026-08-04T17:41:20.4898666+09:00,665.098890,665.598890,30,30,-0.025966,-0.031953,0.000000,0.000000,0.000000,0.000065,0
20260804_173014_890,1,Unspecified,1315,2026-08-04T17:41:20.4898666+09:00,2026-08-04T17:41:20.9898666+09:00,665.598890,666.098890,30,30,-0.025962,-0.031955,0.000000,0.000000,0.000000,0.000038,0
20260804_173014_890,1,Unspecified,1316,2026-08-04T17:41:20.9898666+09:00,2026-08-04T17:41:21.4898666+09:00,666.098890,666.598890,30,30,-0.025957,-0.031957,0.000000,0.000000,0.000000,0.000043,0
20260804_173014_890,1,Unspecified,1317,2026-08-04T17:41:21.4898666+09:00,2026-08-04T17:41:21.9898666+09:00,666.598890,667.098890,30,30,-0.025759,-0.032005,0.000000,0.000000,0.000000,0.000046,0
20260804_173014_890,1,Unspecified,1318,2026-08-04T17:41:21.9898666+09:00,2026-08-04T17:41:22.4898666+09:00,667.098890,667.598890,30,30,-0.025818,-0.031993,0.000000,0.000000,0.000000,0.000044,0
20260804_173014_890,1,Unspecified,1319,2026-08-04T17:41:22.4898666+09:00,2026-08-04T17:41:22.9898666+09:00,667.598890,668.098890,30,30,-0.025822,-0.031989,0.000000,0.000000,0.000000,0.000058,0
20260804_173014_890,1,Unspecified,1320,2026-08-04T17:41:22.9898666+09:00,2026-08-04T17:41:23.4898666+09:00,668.098890,668.598890,30,30,-0.026073,-0.031925,0.000000,0.000000,0.000000,0.000049,0
20260804_173014_890,1,Unspecified,1321,2026-08-04T17:41:23.4898666+09:00,2026-08-04T17:41:23.9898666+09:00,668.598890,669.098890,30,30,-0.025935,-0.031963,0.000000,0.000000,0.000000,0.000092,0
20260804_173014_890,1,Unspecified,1322,2026-08-04T17:41:23.9898666+09:00,2026-08-04T17:41:24.4898666+09:00,669.098890,669.598890,30,30,-0.025991,-0.031946,0.000000,0.000000,0.000000,0.000110,0
20260804_173014_890,1,Unspecified,1323,2026-08-04T17:41:24.4898666+09:00,2026-08-04T17:41:24.9898666+09:00,669.598890,670.098890,30,30,-0.025805,-0.031995,0.000000,0.000000,0.000000,0.000054,0
20260804_173014_890,1,Unspecified,1324,2026-08-04T17:41:24.9898666+09:00,2026-08-04T17:41:25.4898666+09:00,670.098890,670.598890,30,30,-0.025718,-0.032019,0.000000,0.000000,0.000000,0.000048,0
20260804_173014_890,1,Unspecified,1325,2026-08-04T17:41:25.4898666+09:00,2026-08-04T17:41:25.9898666+09:00,670.598890,671.098890,30,30,-0.025746,-0.032012,0.000000,0.000000,0.000000,0.000055,0
20260804_173014_890,1,Unspecified,1326,2026-08-04T17:41:25.9898666+09:00,2026-08-04T17:41:26.4898666+09:00,671.098890,671.598890,30,30,-0.025904,-0.031967,0.000000,0.000000,0.000000,0.000128,0
20260804_173014_890,1,Unspecified,1327,2026-08-04T17:41:26.4898666+09:00,2026-08-04T17:41:26.9898666+09:00,671.598890,672.098890,30,30,-0.025941,-0.031960,0.000000,0.000000,0.000000,0.000089,0
20260804_173014_890,1,Unspecified,1328,2026-08-04T17:41:26.9898666+09:00,2026-08-04T17:41:27.4898666+09:00,672.098890,672.598890,30,30,-0.025782,-0.032000,0.000000,0.000000,0.000000,0.000059,0
20260804_173014_890,1,Unspecified,1329,2026-08-04T17:41:27.4898666+09:00,2026-08-04T17:41:27.9898666+09:00,672.598890,673.098890,30,30,-0.025812,-0.031992,0.000000,0.000000,0.000000,0.000082,0
20260804_173014_890,1,Unspecified,1330,2026-08-04T17:41:27.9898666+09:00,2026-08-04T17:41:28.4898666+09:00,673.098890,673.598890,30,30,-0.025748,-0.032009,0.000000,0.000000,0.000000,0.000121,0
20260804_173014_890,1,Unspecified,1331,2026-08-04T17:41:28.4898666+09:00,2026-08-04T17:41:28.9898666+09:00,673.598890,674.098890,30,30,-0.025703,-0.032021,0.000000,0.000000,0.000000,0.000053,0
20260804_173014_890,1,Unspecified,1332,2026-08-04T17:41:28.9898666+09:00,2026-08-04T17:41:29.4898666+09:00,674.098890,674.598890,30,30,-0.025739,-0.032013,0.000000,0.000000,0.000000,0.000093,0
20260804_173014_890,1,Unspecified,1333,2026-08-04T17:41:29.4898666+09:00,2026-08-04T17:41:29.9898666+09:00,674.598890,675.098890,30,30,-0.026038,-0.031936,0.000000,0.000000,0.000000,0.000037,0
20260804_173014_890,1,Unspecified,1334,2026-08-04T17:41:29.9898666+09:00,2026-08-04T17:41:30.4898666+09:00,675.098890,675.598890,30,30,-0.026095,-0.031921,0.000000,0.000000,0.000000,0.000031,0
20260804_173014_890,1,Unspecified,1335,2026-08-04T17:41:30.4898666+09:00,2026-08-04T17:41:30.9898666+09:00,675.598890,676.098890,30,30,-0.026136,-0.031909,0.000000,0.000000,0.000000,0.000059,0
20260804_173014_890,1,Unspecified,1336,2026-08-04T17:41:30.9898666+09:00,2026-08-04T17:41:31.4898666+09:00,676.098890,676.598890,30,30,-0.026026,-0.031940,0.000000,0.000000,0.000000,0.000125,0
20260804_173014_890,1,Unspecified,1337,2026-08-04T17:41:31.4898666+09:00,2026-08-04T17:41:31.9898666+09:00,676.598890,677.098890,30,30,-0.025960,-0.031953,0.000000,0.000000,0.000000,0.000045,0
20260804_173014_890,1,Unspecified,1338,2026-08-04T17:41:31.9898666+09:00,2026-08-04T17:41:32.4898666+09:00,677.098890,677.598890,30,30,-0.025960,-0.031951,0.000000,0.000000,0.000000,0.000069,0
20260804_173014_890,1,Unspecified,1339,2026-08-04T17:41:32.4898666+09:00,2026-08-04T17:41:32.9898666+09:00,677.598890,678.098890,30,30,-0.026160,-0.031902,0.000000,0.000000,0.000000,0.000067,0
20260804_173014_890,1,Unspecified,1340,2026-08-04T17:41:32.9898666+09:00,2026-08-04T17:41:33.4898666+09:00,678.098890,678.598890,30,30,-0.026246,-0.031881,0.000000,0.000000,0.000000,0.000039,0
20260804_173014_890,1,Unspecified,1341,2026-08-04T17:41:33.4898666+09:00,2026-08-04T17:41:33.9898666+09:00,678.598890,679.098890,30,30,-0.026314,-0.031866,0.000000,0.000000,0.000000,0.000045,0
20260804_173014_890,1,Unspecified,1342,2026-08-04T17:41:33.9898666+09:00,2026-08-04T17:41:34.4898666+09:00,679.098890,679.598890,30,30,-0.026148,-0.031906,0.000000,0.000000,0.000000,0.000049,0
20260804_173014_890,1,Unspecified,1343,2026-08-04T17:41:34.4898666+09:00,2026-08-04T17:41:34.9898666+09:00,679.598890,680.098890,30,30,-0.026094,-0.031921,0.000000,0.000000,0.000000,0.000048,0
20260804_173014_890,1,Unspecified,1344,2026-08-04T17:41:34.9898666+09:00,2026-08-04T17:41:35.4898666+09:00,680.098890,680.598890,30,30,-0.026089,-0.031918,0.000000,0.000000,0.000000,0.000046,0
20260804_173014_890,1,Unspecified,1345,2026-08-04T17:41:35.4898666+09:00,2026-08-04T17:41:35.9898666+09:00,680.598890,681.098890,30,30,-0.026220,-0.031889,0.000000,0.000000,0.000000,0.000140,0
20260804_173014_890,1,Unspecified,1346,2026-08-04T17:41:35.9898666+09:00,2026-08-04T17:41:36.4898666+09:00,681.098890,681.598890,30,30,-0.026551,-0.031809,0.000000,0.000000,0.000000,0.000051,0
20260804_173014_890,1,Unspecified,1347,2026-08-04T17:41:36.4898666+09:00,2026-08-04T17:41:36.9898666+09:00,681.598890,682.098890,30,30,-0.026505,-0.031819,0.000000,0.000000,0.000000,0.000059,0
20260804_173014_890,1,Unspecified,1348,2026-08-04T17:41:36.9898666+09:00,2026-08-04T17:41:37.4898666+09:00,682.098890,682.598890,30,30,-0.026609,-0.031792,0.000000,0.000000,0.000000,0.000048,0
20260804_173014_890,1,Unspecified,1349,2026-08-04T17:41:37.4898666+09:00,2026-08-04T17:41:37.9898666+09:00,682.598890,683.098890,30,30,-0.026462,-0.031830,0.000000,0.000000,0.000000,0.000098,0
20260804_173014_890,1,Unspecified,1350,2026-08-04T17:41:37.9898666+09:00,2026-08-04T17:41:38.4898666+09:00,683.098890,683.598890,30,30,-0.026338,-0.031861,0.000000,0.000000,0.000000,0.000039,0
20260804_173014_890,1,Unspecified,1351,2026-08-04T17:41:38.4898666+09:00,2026-08-04T17:41:38.9898666+09:00,683.598890,684.098890,30,30,-0.026269,-0.031875,0.000000,0.000000,0.000000,0.000036,0
20260804_173014_890,1,Unspecified,1352,2026-08-04T17:41:38.9898666+09:00,2026-08-04T17:41:39.4898666+09:00,684.098890,684.598890,30,30,-0.026418,-0.031839,0.000000,0.000000,0.000000,0.000062,0
20260804_173014_890,1,Unspecified,1353,2026-08-04T17:41:39.4898666+09:00,2026-08-04T17:41:39.9898666+09:00,684.598890,685.098890,30,30,-0.026550,-0.031807,0.000000,0.000000,0.000000,0.000064,0
20260804_173014_890,1,Unspecified,1354,2026-08-04T17:41:39.9898666+09:00,2026-08-04T17:41:40.4898666+09:00,685.098890,685.598890,30,30,-0.026442,-0.031833,0.000000,0.000000,0.000000,0.000106,0
20260804_173014_890,1,Unspecified,1355,2026-08-04T17:41:40.4898666+09:00,2026-08-04T17:41:40.9898666+09:00,685.598890,686.098890,30,30,-0.026248,-0.031884,0.000000,0.000000,0.000000,0.000037,0
20260804_173014_890,1,Unspecified,1356,2026-08-04T17:41:40.9898666+09:00,2026-08-04T17:41:41.4898666+09:00,686.098890,686.598890,30,30,-0.026218,-0.031890,0.000000,0.000000,0.000000,0.000042,0
20260804_173014_890,1,Unspecified,1357,2026-08-04T17:41:41.4898666+09:00,2026-08-04T17:41:41.9898666+09:00,686.598890,687.098890,30,30,-0.026208,-0.031891,0.000000,0.000000,0.000000,0.000039,0
20260804_173014_890,1,Unspecified,1358,2026-08-04T17:41:41.9898666+09:00,2026-08-04T17:41:42.4898666+09:00,687.098890,687.598890,30,30,-0.026419,-0.031840,0.000000,0.000000,0.000000,0.000136,0
20260804_173014_890,1,Unspecified,1359,2026-08-04T17:41:42.4898666+09:00,2026-08-04T17:41:42.9898666+09:00,687.598890,688.098890,30,30,-0.026618,-0.031795,0.000000,0.000000,0.000000,0.000054,0
20260804_173014_890,1,Unspecified,1360,2026-08-04T17:41:42.9898666+09:00,2026-08-04T17:41:43.4898666+09:00,688.098890,688.598890,30,30,-0.026711,-0.031775,0.000000,0.000000,0.000000,0.000035,0
20260804_173014_890,1,Unspecified,1361,2026-08-04T17:41:43.4898666+09:00,2026-08-04T17:41:43.9898666+09:00,688.598890,689.098890,30,30,-0.026592,-0.031799,0.000000,0.000000,0.000000,0.000144,0
20260804_173014_890,1,Unspecified,1362,2026-08-04T17:41:43.9898666+09:00,2026-08-04T17:41:44.4898666+09:00,689.098890,689.598890,30,30,-0.026392,-0.031847,0.000000,0.000000,0.000000,0.000054,0
20260804_173014_890,1,Unspecified,1363,2026-08-04T17:41:44.4898666+09:00,2026-08-04T17:41:44.9898666+09:00,689.598890,690.098890,30,30,-0.026379,-0.031852,0.000000,0.000000,0.000000,0.000030,0
20260804_173014_890,1,Unspecified,1364,2026-08-04T17:41:44.9898666+09:00,2026-08-04T17:41:45.4898666+09:00,690.098890,690.598890,30,30,-0.026433,-0.031838,0.000000,0.000000,0.000000,0.000124,0
20260804_173014_890,1,Unspecified,1365,2026-08-04T17:41:45.4898666+09:00,2026-08-04T17:41:45.9898666+09:00,690.598890,691.098890,30,30,-0.026800,-0.031747,0.000000,0.000000,0.000000,0.000034,0
20260804_173014_890,1,Unspecified,1366,2026-08-04T17:41:45.9898666+09:00,2026-08-04T17:41:46.4898666+09:00,691.098890,691.598890,30,30,-0.026807,-0.031744,0.000000,0.000000,0.000000,0.000073,0
20260804_173014_890,1,Unspecified,1367,2026-08-04T17:41:46.4898666+09:00,2026-08-04T17:41:46.9898666+09:00,691.598890,692.098890,30,30,-0.026370,-0.031855,0.000000,0.000000,0.000000,0.000096,0
20260804_173014_890,1,Unspecified,1368,2026-08-04T17:41:46.9898666+09:00,2026-08-04T17:41:47.4898666+09:00,692.098890,692.598890,30,30,-0.026384,-0.031849,0.000000,0.000000,0.000000,0.000044,0
20260804_173014_890,1,Unspecified,1369,2026-08-04T17:41:47.4898666+09:00,2026-08-04T17:41:47.9898666+09:00,692.598890,693.098890,30,30,-0.026374,-0.031850,0.000000,0.000000,0.000000,0.000047,0
20260804_173014_890,1,Unspecified,1370,2026-08-04T17:41:47.9898666+09:00,2026-08-04T17:41:48.4898666+09:00,693.098890,693.598890,30,30,-0.026428,-0.031838,0.000000,0.000000,0.000000,0.000068,0
20260804_173014_890,1,Unspecified,1371,2026-08-04T17:41:48.4898666+09:00,2026-08-04T17:41:48.9898666+09:00,693.598890,694.098890,30,30,-0.026729,-0.031763,0.000000,0.000000,0.000000,0.000074,0
20260804_173014_890,1,Unspecified,1372,2026-08-04T17:41:48.9898666+09:00,2026-08-04T17:41:49.4898666+09:00,694.098890,694.598890,30,30,-0.026875,-0.031732,0.000000,0.000000,0.000000,0.000022,0
20260804_173014_890,1,Unspecified,1373,2026-08-04T17:41:49.4898666+09:00,2026-08-04T17:41:49.9898666+09:00,694.598890,695.098890,30,30,-0.026631,-0.031790,0.000000,0.000000,0.000000,0.000135,0
20260804_173014_890,1,Unspecified,1374,2026-08-04T17:41:49.9898666+09:00,2026-08-04T17:41:50.4898666+09:00,695.098890,695.598890,30,30,-0.026466,-0.031829,0.000000,0.000000,0.000000,0.000050,0
20260804_173014_890,1,Unspecified,1375,2026-08-04T17:41:50.4898666+09:00,2026-08-04T17:41:50.9898666+09:00,695.598890,696.098890,30,30,-0.026400,-0.031845,0.000000,0.000000,0.000000,0.000031,0
20260804_173014_890,1,Unspecified,1376,2026-08-04T17:41:50.9898666+09:00,2026-08-04T17:41:51.4898666+09:00,696.098890,696.598890,30,30,-0.026461,-0.031831,0.000000,0.000000,0.000000,0.000080,0
20260804_173014_890,1,Unspecified,1377,2026-08-04T17:41:51.4898666+09:00,2026-08-04T17:41:51.9898666+09:00,696.598890,697.098890,30,30,-0.026583,-0.031798,0.000000,0.000000,0.000000,0.000037,0
20260804_173014_890,1,Unspecified,1378,2026-08-04T17:41:51.9898666+09:00,2026-08-04T17:41:52.4898666+09:00,697.098890,697.598890,30,30,-0.026592,-0.031796,0.000000,0.000000,0.000000,0.000041,0
20260804_173014_890,1,Unspecified,1379,2026-08-04T17:41:52.4898666+09:00,2026-08-04T17:41:52.9898666+09:00,697.598890,698.098890,30,30,-0.026309,-0.031867,0.000000,0.000000,0.000000,0.000122,0
20260804_173014_890,1,Unspecified,1380,2026-08-04T17:41:52.9898666+09:00,2026-08-04T17:41:53.4898666+09:00,698.098890,698.598890,30,30,-0.026244,-0.031881,0.000000,0.000000,0.000000,0.000057,0
20260804_173014_890,1,Unspecified,1381,2026-08-04T17:41:53.4898666+09:00,2026-08-04T17:41:53.9898666+09:00,698.598890,699.098890,30,30,-0.026174,-0.031901,0.000000,0.000000,0.000000,0.000042,0
20260804_173014_890,1,Unspecified,1382,2026-08-04T17:41:53.9898666+09:00,2026-08-04T17:41:54.4898666+09:00,699.098890,699.598890,30,30,-0.026125,-0.031912,0.000000,0.000000,0.000000,0.000031,0
20260804_173014_890,1,Unspecified,1383,2026-08-04T17:41:54.4898666+09:00,2026-08-04T17:41:54.9898666+09:00,699.598890,700.098890,30,30,-0.026229,-0.031886,0.000000,0.000000,0.000000,0.000114,0
20260804_173014_890,1,Unspecified,1384,2026-08-04T17:41:54.9898666+09:00,2026-08-04T17:41:55.4898666+09:00,700.098890,700.598890,30,30,-0.026426,-0.031838,0.000000,0.000000,0.000000,0.000037,0
20260804_173014_890,1,Unspecified,1385,2026-08-04T17:41:55.4898666+09:00,2026-08-04T17:41:55.9898666+09:00,700.598890,701.098890,30,30,-0.026409,-0.031844,0.000000,0.000000,0.000000,0.000067,0
20260804_173014_890,1,Unspecified,1386,2026-08-04T17:41:55.9898666+09:00,2026-08-04T17:41:56.4898666+09:00,701.098890,701.598890,30,30,-0.026159,-0.031905,0.000000,0.000000,0.000000,0.000041,0
20260804_173014_890,1,Unspecified,1387,2026-08-04T17:41:56.4898666+09:00,2026-08-04T17:41:56.9898666+09:00,701.598890,702.098890,30,30,-0.026102,-0.031921,0.000000,0.000000,0.000000,0.000033,0
20260804_173014_890,1,Unspecified,1388,2026-08-04T17:41:56.9898666+09:00,2026-08-04T17:41:57.4898666+09:00,702.098890,702.598890,30,30,-0.026046,-0.031933,0.000000,0.000000,0.000000,0.000046,0
20260804_173014_890,1,Unspecified,1389,2026-08-04T17:41:57.4898666+09:00,2026-08-04T17:41:57.9898666+09:00,702.598890,703.098890,30,30,-0.026062,-0.031930,0.000000,0.000000,0.000000,0.000060,0
20260804_173014_890,1,Unspecified,1390,2026-08-04T17:41:57.9898666+09:00,2026-08-04T17:41:58.4898666+09:00,703.098890,703.598890,30,30,-0.026352,-0.031854,0.000000,0.000000,0.000000,0.000062,0
20260804_173014_890,1,Unspecified,1391,2026-08-04T17:41:58.4898666+09:00,2026-08-04T17:41:58.9898666+09:00,703.598890,704.098890,30,30,-0.026796,-0.031748,0.000000,0.000000,0.000000,0.000208,0
20260804_173014_890,1,Unspecified,1392,2026-08-04T17:41:58.9898666+09:00,2026-08-04T17:41:59.4898666+09:00,704.098890,704.598890,30,30,-0.026608,-0.031794,0.000000,0.000000,0.000000,0.000138,0
20260804_173014_890,1,Unspecified,1393,2026-08-04T17:41:59.4898666+09:00,2026-08-04T17:41:59.9898666+09:00,704.598890,705.098890,30,30,-0.026293,-0.031870,0.000000,0.000000,0.000000,0.000177,0
20260804_173014_890,1,Unspecified,1394,2026-08-04T17:41:59.9898666+09:00,2026-08-04T17:42:00.4898666+09:00,705.098890,705.598890,30,30,-0.026243,-0.031884,0.000000,0.000000,0.000000,0.000076,0
20260804_173014_890,1,Unspecified,1395,2026-08-04T17:42:00.4898666+09:00,2026-08-04T17:42:00.9898666+09:00,705.598890,706.098890,30,30,-0.026115,-0.031912,0.000000,0.000000,0.000000,0.000127,0
20260804_173014_890,1,Unspecified,1396,2026-08-04T17:42:00.9898666+09:00,2026-08-04T17:42:01.4898666+09:00,706.098890,706.598890,30,30,-0.026470,-0.031826,0.000000,0.000000,0.000000,0.000051,0
20260804_173014_890,1,Unspecified,1397,2026-08-04T17:42:01.4898666+09:00,2026-08-04T17:42:01.9898666+09:00,706.598890,707.098890,30,30,-0.026602,-0.031798,0.000000,0.000000,0.000000,0.000071,0
20260804_173014_890,1,Unspecified,1398,2026-08-04T17:42:01.9898666+09:00,2026-08-04T17:42:02.4898666+09:00,707.098890,707.598890,30,30,-0.026575,-0.031799,0.000000,0.000000,0.000000,0.000051,0
20260804_173014_890,1,Unspecified,1399,2026-08-04T17:42:02.4898666+09:00,2026-08-04T17:42:02.9898666+09:00,707.598890,708.098890,30,30,-0.026263,-0.031880,0.000000,0.000000,0.000000,0.000129,0
20260804_173014_890,1,Unspecified,1400,2026-08-04T17:42:02.9898666+09:00,2026-08-04T17:42:03.4898666+09:00,708.098890,708.598890,30,30,-0.026215,-0.031890,0.000000,0.000000,0.000000,0.000039,0
20260804_173014_890,1,Unspecified,1401,2026-08-04T17:42:03.4898666+09:00,2026-08-04T17:42:03.9898666+09:00,708.598890,709.098890,30,30,-0.026186,-0.031898,0.000000,0.000000,0.000000,0.000047,0
20260804_173014_890,1,Unspecified,1402,2026-08-04T17:42:03.9898666+09:00,2026-08-04T17:42:04.4898666+09:00,709.098890,709.598890,30,30,-0.026171,-0.031901,0.000000,0.000000,0.000000,0.000055,0
20260804_173014_890,1,Unspecified,1403,2026-08-04T17:42:04.4898666+09:00,2026-08-04T17:42:04.9898666+09:00,709.598890,710.098890,30,30,-0.026432,-0.031837,0.000000,0.000000,0.000000,0.000053,0
20260804_173014_890,1,Unspecified,1404,2026-08-04T17:42:04.9898666+09:00,2026-08-04T17:42:05.4898666+09:00,710.098890,710.598890,30,30,-0.026614,-0.031791,0.000000,0.000000,0.000000,0.000050,0
20260804_173014_890,1,Unspecified,1405,2026-08-04T17:42:05.4898666+09:00,2026-08-04T17:42:05.9898666+09:00,710.598890,711.098890,30,30,-0.026663,-0.031779,0.000000,0.000000,0.000000,0.000066,0
20260804_173014_890,1,Unspecified,1406,2026-08-04T17:42:05.9898666+09:00,2026-08-04T17:42:06.4898666+09:00,711.098890,711.598890,30,30,-0.026286,-0.031872,0.000000,0.000000,0.000000,0.000081,0
20260804_173014_890,1,Unspecified,1407,2026-08-04T17:42:06.4898666+09:00,2026-08-04T17:42:06.9898666+09:00,711.598890,712.098890,30,30,-0.026300,-0.031872,0.000000,0.000000,0.000000,0.000074,0
20260804_173014_890,1,Unspecified,1408,2026-08-04T17:42:06.9898666+09:00,2026-08-04T17:42:07.4898666+09:00,712.098890,712.598890,30,30,-0.026491,-0.031823,0.000000,0.000000,0.000000,0.000048,0
20260804_173014_890,1,Unspecified,1409,2026-08-04T17:42:07.4898666+09:00,2026-08-04T17:42:07.9898666+09:00,712.598890,713.098890,30,30,-0.026623,-0.031791,0.000000,0.000000,0.000000,0.000074,0
20260804_173014_890,1,Unspecified,1410,2026-08-04T17:42:07.9898666+09:00,2026-08-04T17:42:08.4898666+09:00,713.098890,713.598890,30,30,-0.026346,-0.031857,0.000000,0.000000,0.000000,0.000118,0
20260804_173014_890,1,Unspecified,1411,2026-08-04T17:42:08.4898666+09:00,2026-08-04T17:42:08.9898666+09:00,713.598890,714.098890,30,30,-0.026265,-0.031878,0.000000,0.000000,0.000000,0.000062,0
20260804_173014_890,1,Unspecified,1412,2026-08-04T17:42:08.9898666+09:00,2026-08-04T17:42:09.4898666+09:00,714.098890,714.598890,30,30,-0.026443,-0.031834,0.000000,0.000000,0.000000,0.000167,0
20260804_173014_890,1,Unspecified,1413,2026-08-04T17:42:09.4898666+09:00,2026-08-04T17:42:09.9898666+09:00,714.598890,715.098890,30,30,-0.026583,-0.031801,0.000000,0.000000,0.000000,0.000114,0
20260804_173014_890,1,Unspecified,1414,2026-08-04T17:42:09.9898666+09:00,2026-08-04T17:42:10.4898666+09:00,715.098890,715.598890,30,30,-0.026579,-0.031802,0.000000,0.000000,0.000000,0.000138,0
20260804_173014_890,1,Unspecified,1415,2026-08-04T17:42:10.4898666+09:00,2026-08-04T17:42:10.9898666+09:00,715.598890,716.098890,30,30,-0.026248,-0.031884,0.000000,0.000000,0.000000,0.000118,0
20260804_173014_890,1,Unspecified,1416,2026-08-04T17:42:10.9898666+09:00,2026-08-04T17:42:11.4898666+09:00,716.098890,716.598890,30,30,-0.026146,-0.031907,0.000000,0.000000,0.000000,0.000053,0
20260804_173014_890,1,Unspecified,1417,2026-08-04T17:42:11.4898666+09:00,2026-08-04T17:42:11.9898666+09:00,716.598890,717.098890,30,30,-0.025976,-0.031952,0.000000,0.000000,0.000000,0.000086,0
20260804_173014_890,1,Unspecified,1418,2026-08-04T17:42:11.9898666+09:00,2026-08-04T17:42:12.4898666+09:00,717.098890,717.598890,30,30,-0.025932,-0.031964,0.000000,0.000000,0.000000,0.000103,0
20260804_173014_890,1,Unspecified,1419,2026-08-04T17:42:12.4898666+09:00,2026-08-04T17:42:12.9898666+09:00,717.598890,718.098890,30,30,-0.026039,-0.031935,0.000000,0.000000,0.000000,0.000067,0
20260804_173014_890,1,Unspecified,1420,2026-08-04T17:42:12.9898666+09:00,2026-08-04T17:42:13.4898666+09:00,718.098890,718.598890,30,30,-0.026019,-0.031940,0.000000,0.000000,0.000000,0.000027,0
20260804_173014_890,1,Unspecified,1421,2026-08-04T17:42:13.4898666+09:00,2026-08-04T17:42:13.9898666+09:00,718.598890,719.098890,30,30,-0.026081,-0.031923,0.000000,0.000000,0.000000,0.000052,0
20260804_173014_890,1,Unspecified,1422,2026-08-04T17:42:13.9898666+09:00,2026-08-04T17:42:14.4898666+09:00,719.098890,719.598890,30,30,-0.025955,-0.031956,0.000000,0.000000,0.000000,0.000073,0
20260804_173014_890,1,Unspecified,1423,2026-08-04T17:42:14.4898666+09:00,2026-08-04T17:42:14.9898666+09:00,719.598890,720.098890,30,30,-0.025952,-0.031958,0.000000,0.000000,0.000000,0.000057,0
20260804_173014_890,1,Unspecified,1424,2026-08-04T17:42:14.9898666+09:00,2026-08-04T17:42:15.4898666+09:00,720.098890,720.598890,30,30,-0.026240,-0.031883,0.000000,0.000000,0.000000,0.000072,0
20260804_173014_890,1,Unspecified,1425,2026-08-04T17:42:15.4898666+09:00,2026-08-04T17:42:15.9898666+09:00,720.598890,721.098890,30,30,-0.026280,-0.031872,0.000000,0.000000,0.000000,0.000097,0
20260804_173014_890,1,Unspecified,1426,2026-08-04T17:42:15.9898666+09:00,2026-08-04T17:42:16.4898666+09:00,721.098890,721.598890,30,30,-0.026333,-0.031859,0.000000,0.000000,0.000000,0.000043,0
20260804_173014_890,1,Unspecified,1427,2026-08-04T17:42:16.4898666+09:00,2026-08-04T17:42:16.9898666+09:00,721.598890,722.098890,30,30,-0.026289,-0.031871,0.000000,0.000000,0.000000,0.000096,0
20260804_173014_890,1,Unspecified,1428,2026-08-04T17:42:16.9898666+09:00,2026-08-04T17:42:17.4898666+09:00,722.098890,722.598890,30,30,-0.026229,-0.031887,0.000000,0.000000,0.000000,0.000039,0
20260804_173014_890,1,Unspecified,1429,2026-08-04T17:42:17.4898666+09:00,2026-08-04T17:42:17.9898666+09:00,722.598890,723.098890,30,30,-0.026117,-0.031913,0.000000,0.000000,0.000000,0.000040,0
20260804_173014_890,1,Unspecified,1430,2026-08-04T17:42:17.9898666+09:00,2026-08-04T17:42:18.4898666+09:00,723.098890,723.598890,30,30,-0.026231,-0.031887,0.000000,0.000000,0.000000,0.000060,0
20260804_173014_890,1,Unspecified,1431,2026-08-04T17:42:18.4898666+09:00,2026-08-04T17:42:18.9898666+09:00,723.598890,724.098890,30,30,-0.026241,-0.031881,0.000000,0.000000,0.000000,0.000051,0
20260804_173014_890,1,Unspecified,1432,2026-08-04T17:42:18.9898666+09:00,2026-08-04T17:42:19.4898666+09:00,724.098890,724.598890,30,30,-0.026253,-0.031882,0.000000,0.000000,0.000000,0.000045,0
20260804_173014_890,1,Unspecified,1433,2026-08-04T17:42:19.4898666+09:00,2026-08-04T17:42:19.9898666+09:00,724.598890,725.098890,30,30,-0.026144,-0.031908,0.000000,0.000000,0.000000,0.000066,0
20260804_173014_890,1,Unspecified,1434,2026-08-04T17:42:19.9898666+09:00,2026-08-04T17:42:20.4898666+09:00,725.098890,725.598890,30,30,-0.026047,-0.031934,0.000000,0.000000,0.000000,0.000041,0
20260804_173014_890,1,Unspecified,1435,2026-08-04T17:42:20.4898666+09:00,2026-08-04T17:42:20.9898666+09:00,725.598890,726.098890,30,30,-0.026066,-0.031928,0.000000,0.000000,0.000000,0.000034,0
20260804_173014_890,1,Unspecified,1436,2026-08-04T17:42:20.9898666+09:00,2026-08-04T17:42:21.4898666+09:00,726.098890,726.598890,30,30,-0.026245,-0.031883,0.000000,0.000000,0.000000,0.000069,0
20260804_173014_890,1,Unspecified,1437,2026-08-04T17:42:21.4898666+09:00,2026-08-04T17:42:21.9898666+09:00,726.598890,727.098890,30,30,-0.026326,-0.031864,0.000000,0.000000,0.000000,0.000040,0
20260804_173014_890,1,Unspecified,1438,2026-08-04T17:42:21.9898666+09:00,2026-08-04T17:42:22.4898666+09:00,727.098890,727.598890,30,30,-0.026357,-0.031853,0.000000,0.000000,0.000000,0.000112,0
20260804_173014_890,1,Unspecified,1439,2026-08-04T17:42:22.4898666+09:00,2026-08-04T17:42:22.9898666+09:00,727.598890,728.098890,30,30,-0.026058,-0.031931,0.000000,0.000000,0.000000,0.000074,0
20260804_173014_890,1,Unspecified,1440,2026-08-04T17:42:22.9898666+09:00,2026-08-04T17:42:23.4898666+09:00,728.098890,728.598890,30,30,-0.026107,-0.031918,0.000000,0.000000,0.000000,0.000088,0
20260804_173014_890,1,Unspecified,1441,2026-08-04T17:42:23.4898666+09:00,2026-08-04T17:42:23.9898666+09:00,728.598890,729.098890,30,30,-0.025898,-0.031969,0.000000,0.000000,0.000000,0.000089,0
20260804_173014_890,1,Unspecified,1442,2026-08-04T17:42:23.9898666+09:00,2026-08-04T17:42:24.4898666+09:00,729.098890,729.598890,30,30,-0.025841,-0.031986,0.000000,0.000000,0.000000,0.000121,0
20260804_173014_890,1,Unspecified,1443,2026-08-04T17:42:24.4898666+09:00,2026-08-04T17:42:24.9898666+09:00,729.598890,730.098890,30,30,-0.025745,-0.032011,0.000000,0.000000,0.000000,0.000036,0
20260804_173014_890,1,Unspecified,1444,2026-08-04T17:42:24.9898666+09:00,2026-08-04T17:42:25.4898666+09:00,730.098890,730.598890,30,30,-0.025830,-0.031987,0.000000,0.000000,0.000000,0.000109,0
20260804_173014_890,1,Unspecified,1445,2026-08-04T17:42:25.4898666+09:00,2026-08-04T17:42:25.9898666+09:00,730.598890,731.098890,30,30,-0.025919,-0.031964,0.000000,0.000000,0.000000,0.000079,0
20260804_173014_890,1,Unspecified,1446,2026-08-04T17:42:25.9898666+09:00,2026-08-04T17:42:26.4898666+09:00,731.098890,731.598890,30,30,-0.026043,-0.031934,0.000000,0.000000,0.000000,0.000059,0
20260804_173014_890,1,Unspecified,1447,2026-08-04T17:42:26.4898666+09:00,2026-08-04T17:42:26.9898666+09:00,731.598890,732.098890,30,30,-0.025955,-0.031956,0.000000,0.000000,0.000000,0.000031,0
20260804_173014_890,1,Unspecified,1448,2026-08-04T17:42:26.9898666+09:00,2026-08-04T17:42:27.4898666+09:00,732.098890,732.598890,30,30,-0.025963,-0.031954,0.000000,0.000000,0.000000,0.000044,0
20260804_173014_890,1,Unspecified,1449,2026-08-04T17:42:27.4898666+09:00,2026-08-04T17:42:27.9898666+09:00,732.598890,733.098890,30,30,-0.025878,-0.031975,0.000000,0.000000,0.000000,0.000054,0
20260804_173014_890,1,Unspecified,1450,2026-08-04T17:42:27.9898666+09:00,2026-08-04T17:42:28.4898666+09:00,733.098890,733.598890,30,30,-0.025931,-0.031962,0.000000,0.000000,0.000000,0.000067,0
20260804_173014_890,1,Unspecified,1451,2026-08-04T17:42:28.4898666+09:00,2026-08-04T17:42:28.9898666+09:00,733.598890,734.098890,30,30,-0.026155,-0.031904,0.000000,0.000000,0.000000,0.000064,0
20260804_173014_890,1,Unspecified,1452,2026-08-04T17:42:28.9898666+09:00,2026-08-04T17:42:29.4898666+09:00,734.098890,734.598890,30,30,-0.026254,-0.031880,0.000000,0.000000,0.000000,0.000042,0
20260804_173014_890,1,Unspecified,1453,2026-08-04T17:42:29.4898666+09:00,2026-08-04T17:42:29.9898666+09:00,734.598890,735.098890,30,30,-0.026267,-0.031878,0.000000,0.000000,0.000000,0.000074,0
20260804_173014_890,1,Unspecified,1454,2026-08-04T17:42:29.9898666+09:00,2026-08-04T17:42:30.4898666+09:00,735.098890,735.598890,30,30,-0.026076,-0.031924,0.000000,0.000000,0.000000,0.000116,0
20260804_173014_890,1,Unspecified,1455,2026-08-04T17:42:30.4898666+09:00,2026-08-04T17:42:30.9898666+09:00,735.598890,736.098890,30,30,-0.026032,-0.031936,0.000000,0.000000,0.000000,0.000049,0
20260804_173014_890,1,Unspecified,1456,2026-08-04T17:42:30.9898666+09:00,2026-08-04T17:42:31.4898666+09:00,736.098890,736.598890,30,30,-0.026001,-0.031943,0.000000,0.000000,0.000000,0.000043,0
20260804_173014_890,1,Unspecified,1457,2026-08-04T17:42:31.4898666+09:00,2026-08-04T17:42:31.9898666+09:00,736.598890,737.098890,30,30,-0.026153,-0.031905,0.000000,0.000000,0.000000,0.000090,0
20260804_173014_890,1,Unspecified,1458,2026-08-04T17:42:31.9898666+09:00,2026-08-04T17:42:32.4898666+09:00,737.098890,737.598890,30,30,-0.026373,-0.031851,0.000000,0.000000,0.000000,0.000090,0
20260804_173014_890,1,Unspecified,1459,2026-08-04T17:42:32.4898666+09:00,2026-08-04T17:42:32.9898666+09:00,737.598890,738.098890,30,30,-0.026415,-0.031842,0.000000,0.000000,0.000000,0.000064,0
20260804_173014_890,1,Unspecified,1460,2026-08-04T17:42:32.9898666+09:00,2026-08-04T17:42:33.4898666+09:00,738.098890,738.598890,30,30,-0.026280,-0.031874,0.000000,0.000000,0.000000,0.000171,0
20260804_173014_890,1,Unspecified,1461,2026-08-04T17:42:33.4898666+09:00,2026-08-04T17:42:33.9898666+09:00,738.598890,739.098890,30,30,-0.026141,-0.031910,0.000000,0.000000,0.000000,0.000063,0
20260804_173014_890,1,Unspecified,1462,2026-08-04T17:42:33.9898666+09:00,2026-08-04T17:42:34.4898666+09:00,739.098890,739.598890,30,30,-0.026119,-0.031913,0.000000,0.000000,0.000000,0.000046,0
20260804_173014_890,1,Unspecified,1463,2026-08-04T17:42:34.4898666+09:00,2026-08-04T17:42:34.9898666+09:00,739.598890,740.098890,30,30,-0.026213,-0.031890,0.000000,0.000000,0.000000,0.000051,0
20260804_173014_890,1,Unspecified,1464,2026-08-04T17:42:34.9898666+09:00,2026-08-04T17:42:35.4898666+09:00,740.098890,740.598890,30,30,-0.026256,-0.031881,0.000000,0.000000,0.000000,0.000077,0
20260804_173014_890,1,Unspecified,1465,2026-08-04T17:42:35.4898666+09:00,2026-08-04T17:42:35.9898666+09:00,740.598890,741.098890,30,30,-0.026321,-0.031864,0.000000,0.000000,0.000000,0.000033,0
20260804_173014_890,1,Unspecified,1466,2026-08-04T17:42:35.9898666+09:00,2026-08-04T17:42:36.4898666+09:00,741.098890,741.598890,30,30,-0.026442,-0.031832,0.000000,0.000000,0.000000,0.000091,0
20260804_173014_890,1,Unspecified,1467,2026-08-04T17:42:36.4898666+09:00,2026-08-04T17:42:36.9898666+09:00,741.598890,742.098890,30,30,-0.026261,-0.031878,0.000000,0.000000,0.000000,0.000049,0
20260804_173014_890,1,Unspecified,1468,2026-08-04T17:42:36.9898666+09:00,2026-08-04T17:42:37.4898666+09:00,742.098890,742.598890,30,30,-0.026238,-0.031887,0.000000,0.000000,0.000000,0.000047,0
20260804_173014_890,1,Unspecified,1469,2026-08-04T17:42:37.4898666+09:00,2026-08-04T17:42:37.9898666+09:00,742.598890,743.098890,30,30,-0.026194,-0.031895,0.000000,0.000000,0.000000,0.000029,0
20260804_173014_890,1,Unspecified,1470,2026-08-04T17:42:37.9898666+09:00,2026-08-04T17:42:38.4898666+09:00,743.098890,743.598890,30,30,-0.026242,-0.031884,0.000000,0.000000,0.000000,0.000073,0
20260804_173014_890,1,Unspecified,1471,2026-08-04T17:42:38.4898666+09:00,2026-08-04T17:42:38.9898666+09:00,743.598890,744.098890,30,30,-0.026544,-0.031809,0.000000,0.000000,0.000000,0.000060,0
20260804_173014_890,1,Unspecified,1472,2026-08-04T17:42:38.9898666+09:00,2026-08-04T17:42:39.4898666+09:00,744.098890,744.598890,30,30,-0.026606,-0.031797,0.000000,0.000000,0.000000,0.000043,0
20260804_173014_890,1,Unspecified,1473,2026-08-04T17:42:39.4898666+09:00,2026-08-04T17:42:39.9898666+09:00,744.598890,745.098890,30,30,-0.026705,-0.031770,0.000000,0.000000,0.000000,0.000031,0
20260804_173014_890,1,Unspecified,1474,2026-08-04T17:42:39.9898666+09:00,2026-08-04T17:42:40.4898666+09:00,745.098890,745.598890,30,30,-0.026431,-0.031837,0.000000,0.000000,0.000000,0.000129,0
20260804_173014_890,1,Unspecified,1475,2026-08-04T17:42:40.4898666+09:00,2026-08-04T17:42:40.9898666+09:00,745.598890,746.098890,30,30,-0.026378,-0.031846,0.000000,0.000000,0.000000,0.000065,0
20260804_173014_890,1,Unspecified,1476,2026-08-04T17:42:40.9898666+09:00,2026-08-04T17:42:41.4898666+09:00,746.098890,746.598890,30,30,-0.026539,-0.031809,0.000000,0.000000,0.000000,0.000119,0
20260804_173014_890,1,Unspecified,1477,2026-08-04T17:42:41.4898666+09:00,2026-08-04T17:42:41.9898666+09:00,746.598890,747.098890,30,30,-0.026613,-0.031792,0.000000,0.000000,0.000000,0.000086,0
20260804_173014_890,1,Unspecified,1478,2026-08-04T17:42:41.9898666+09:00,2026-08-04T17:42:42.4898666+09:00,747.098890,747.598890,30,30,-0.026760,-0.031759,0.000000,0.000000,0.000000,0.000034,0
20260804_173014_890,1,Unspecified,1479,2026-08-04T17:42:42.4898666+09:00,2026-08-04T17:42:42.9898666+09:00,747.598890,748.098890,30,30,-0.026585,-0.031805,0.000000,0.000000,0.000000,0.000106,0
20260804_173014_890,1,Unspecified,1480,2026-08-04T17:42:42.9898666+09:00,2026-08-04T17:42:43.4898666+09:00,748.098890,748.598890,30,30,-0.026501,-0.031820,0.000000,0.000000,0.000000,0.000051,0
20260804_173014_890,1,Unspecified,1481,2026-08-04T17:42:43.4898666+09:00,2026-08-04T17:42:43.9898666+09:00,748.598890,749.098890,30,30,-0.026447,-0.031834,0.000000,0.000000,0.000000,0.000044,0
20260804_173014_890,1,Unspecified,1482,2026-08-04T17:42:43.9898666+09:00,2026-08-04T17:42:44.4898666+09:00,749.098890,749.598890,30,30,-0.026486,-0.031828,0.000000,0.000000,0.000000,0.000090,0
20260804_173014_890,1,Unspecified,1483,2026-08-04T17:42:44.4898666+09:00,2026-08-04T17:42:44.9898666+09:00,749.598890,750.098890,30,30,-0.026926,-0.031723,0.000000,0.000000,0.000000,0.000126,0
20260804_173014_890,1,Unspecified,1484,2026-08-04T17:42:44.9898666+09:00,2026-08-04T17:42:45.4898666+09:00,750.098890,750.598890,30,30,-0.026947,-0.031716,0.000000,0.000000,0.000000,0.000046,0
20260804_173014_890,1,Unspecified,1485,2026-08-04T17:42:45.4898666+09:00,2026-08-04T17:42:45.9898666+09:00,750.598890,751.098890,30,30,-0.026829,-0.031742,0.000000,0.000000,0.000000,0.000120,0
20260804_173014_890,1,Unspecified,1486,2026-08-04T17:42:45.9898666+09:00,2026-08-04T17:42:46.4898666+09:00,751.098890,751.598890,30,30,-0.026699,-0.031775,0.000000,0.000000,0.000000,0.000066,0
20260804_173014_890,1,Unspecified,1487,2026-08-04T17:42:46.4898666+09:00,2026-08-04T17:42:46.9898666+09:00,751.598890,752.098890,30,30,-0.026716,-0.031767,0.000000,0.000000,0.000000,0.000050,0
20260804_173014_890,1,Unspecified,1488,2026-08-04T17:42:46.9898666+09:00,2026-08-04T17:42:47.4898666+09:00,752.098890,752.598890,30,30,-0.026763,-0.031761,0.000000,0.000000,0.000000,0.000043,0
20260804_173014_890,1,Unspecified,1489,2026-08-04T17:42:47.4898666+09:00,2026-08-04T17:42:47.9898666+09:00,752.598890,753.098890,30,30,-0.026724,-0.031765,0.000000,0.000000,0.000000,0.000047,0
20260804_173014_890,1,Unspecified,1490,2026-08-04T17:42:47.9898666+09:00,2026-08-04T17:42:48.4898666+09:00,753.098890,753.598890,30,30,-0.026975,-0.031707,0.000000,0.000000,0.000000,0.000059,0
20260804_173014_890,1,Unspecified,1491,2026-08-04T17:42:48.4898666+09:00,2026-08-04T17:42:48.9898666+09:00,753.598890,754.098890,30,30,-0.027034,-0.031693,0.000000,0.000000,0.000000,0.000055,0
20260804_173014_890,1,Unspecified,1492,2026-08-04T17:42:48.9898666+09:00,2026-08-04T17:42:49.4898666+09:00,754.098890,754.598890,30,30,-0.027120,-0.031675,0.000000,0.000000,0.000000,0.000121,0
20260804_173014_890,1,Unspecified,1493,2026-08-04T17:42:49.4898666+09:00,2026-08-04T17:42:49.9898666+09:00,754.598890,755.098890,30,30,-0.026820,-0.031746,0.000000,0.000000,0.000000,0.000120,0
20260804_173014_890,1,Unspecified,1494,2026-08-04T17:42:49.9898666+09:00,2026-08-04T17:42:50.4898666+09:00,755.098890,755.598890,30,30,-0.026804,-0.031749,0.000000,0.000000,0.000000,0.000067,0
20260804_173014_890,1,Unspecified,1495,2026-08-04T17:42:50.4898666+09:00,2026-08-04T17:42:50.9898666+09:00,755.598890,756.098890,30,30,-0.026860,-0.031734,0.000000,0.000000,0.000000,0.000038,0
20260804_173014_890,1,Unspecified,1496,2026-08-04T17:42:50.9898666+09:00,2026-08-04T17:42:51.4898666+09:00,756.098890,756.598890,30,30,-0.027122,-0.031672,0.000000,0.000000,0.000000,0.000100,0
20260804_173014_890,1,Unspecified,1497,2026-08-04T17:42:51.4898666+09:00,2026-08-04T17:42:51.9898666+09:00,756.598890,757.098890,30,30,-0.027357,-0.031620,0.000000,0.000000,0.000000,0.000088,0
20260804_173014_890,1,Unspecified,1498,2026-08-04T17:42:51.9898666+09:00,2026-08-04T17:42:52.4898666+09:00,757.098890,757.598890,30,30,-0.027308,-0.031631,0.000000,0.000000,0.000000,0.000110,0
20260804_173014_890,1,Unspecified,1499,2026-08-04T17:42:52.4898666+09:00,2026-08-04T17:42:52.9898666+09:00,757.598890,758.098890,30,30,-0.027090,-0.031684,0.000000,0.000000,0.000000,0.000053,0
20260804_173014_890,1,Unspecified,1500,2026-08-04T17:42:52.9898666+09:00,2026-08-04T17:42:53.4898666+09:00,758.098890,758.598890,30,30,-0.027020,-0.031694,0.000000,0.000000,0.000000,0.000024,0
20260804_173014_890,1,Unspecified,1501,2026-08-04T17:42:53.4898666+09:00,2026-08-04T17:42:53.9898666+09:00,758.598890,759.098890,30,30,-0.026973,-0.031708,0.000000,0.000000,0.000000,0.000070,0
20260804_173014_890,1,Unspecified,1502,2026-08-04T17:42:53.9898666+09:00,2026-08-04T17:42:54.4898666+09:00,759.098890,759.598890,30,30,-0.027241,-0.031648,0.000000,0.000000,0.000000,0.000042,0
20260804_173014_890,1,Unspecified,1503,2026-08-04T17:42:54.4898666+09:00,2026-08-04T17:42:54.9898666+09:00,759.598890,760.098890,30,30,-0.027305,-0.031632,0.000000,0.000000,0.000000,0.000088,0
20260804_173014_890,1,Unspecified,1504,2026-08-04T17:42:54.9898666+09:00,2026-08-04T17:42:55.4898666+09:00,760.098890,760.598890,30,30,-0.027313,-0.031629,0.000000,0.000000,0.000000,0.000051,0
20260804_173014_890,1,Unspecified,1505,2026-08-04T17:42:55.4898666+09:00,2026-08-04T17:42:55.9898666+09:00,760.598890,761.098890,30,30,-0.027113,-0.031678,0.000000,0.000000,0.000000,0.000055,0
20260804_173014_890,1,Unspecified,1506,2026-08-04T17:42:55.9898666+09:00,2026-08-04T17:42:56.4898666+09:00,761.098890,761.598890,30,30,-0.027033,-0.031695,0.000000,0.000000,0.000000,0.000093,0
20260804_173014_890,1,Unspecified,1507,2026-08-04T17:42:56.4898666+09:00,2026-08-04T17:42:56.9898666+09:00,761.598890,762.098890,30,30,-0.026882,-0.031730,0.000000,0.000000,0.000000,0.000079,0
20260804_173014_890,1,Unspecified,1508,2026-08-04T17:42:56.9898666+09:00,2026-08-04T17:42:57.4898666+09:00,762.098890,762.598890,30,30,-0.026963,-0.031712,0.000000,0.000000,0.000000,0.000073,0
20260804_173014_890,1,Unspecified,1509,2026-08-04T17:42:57.4898666+09:00,2026-08-04T17:42:57.9898666+09:00,762.598890,763.098890,30,30,-0.026623,-0.031791,0.000000,0.000000,0.000000,0.000521,0
20260804_173014_890,1,Unspecified,1510,2026-08-04T17:42:57.9898666+09:00,2026-08-04T17:42:58.4898666+09:00,763.098890,763.598890,30,30,-0.019906,-0.034147,0.000011,0.000002,-0.000005,0.003605,0
20260804_173014_890,1,Unspecified,1511,2026-08-04T17:42:58.4898666+09:00,2026-08-04T17:42:58.9898666+09:00,763.598890,764.098890,30,30,-0.015211,-0.036003,0.000002,0.000000,-0.000001,0.001458,0
20260804_173014_890,1,Unspecified,1512,2026-08-04T17:42:58.9898666+09:00,2026-08-04T17:42:59.4898666+09:00,764.098890,764.598890,30,30,-0.019331,-0.034127,0.000000,0.000000,0.000000,0.000530,0
20260804_173014_890,1,Unspecified,1513,2026-08-04T17:42:59.4898666+09:00,2026-08-04T17:42:59.9898666+09:00,764.598890,765.098890,30,30,-0.020673,-0.033651,0.000000,0.000000,0.000000,0.000613,0
20260804_173014_890,1,Unspecified,1514,2026-08-04T17:42:59.9898666+09:00,2026-08-04T17:43:00.4898666+09:00,765.098890,765.598890,30,30,-0.021760,-0.033312,0.000000,0.000000,0.000000,0.000537,0
20260804_173014_890,1,Unspecified,1515,2026-08-04T17:43:00.4898666+09:00,2026-08-04T17:43:00.9898666+09:00,765.598890,766.098890,30,30,-0.022203,-0.033243,0.000000,0.000000,0.000000,0.000087,0
20260804_173014_890,1,Unspecified,1516,2026-08-04T17:43:00.9898666+09:00,2026-08-04T17:43:01.4898666+09:00,766.098890,766.598890,30,30,-0.022568,-0.033110,0.000000,0.000000,0.000000,0.000250,0
20260804_173014_890,1,Unspecified,1517,2026-08-04T17:43:01.4898666+09:00,2026-08-04T17:43:01.9898666+09:00,766.598890,767.098890,30,30,-0.024284,-0.032510,0.000001,0.000000,0.000000,0.000995,0
20260804_173014_890,1,Unspecified,1518,2026-08-04T17:43:01.9898666+09:00,2026-08-04T17:43:02.4898666+09:00,767.098890,767.598890,30,30,-0.025387,-0.032117,0.000001,0.000000,0.000000,0.000921,0
20260804_173014_890,1,Unspecified,1519,2026-08-04T17:43:02.4898666+09:00,2026-08-04T17:43:02.9898666+09:00,767.598890,768.098890,30,30,-0.024386,-0.032391,0.000000,0.000000,0.000000,0.000629,0
20260804_173014_890,1,Unspecified,1520,2026-08-04T17:43:02.9898666+09:00,2026-08-04T17:43:03.4898666+09:00,768.098890,768.598890,30,30,-0.024965,-0.032218,0.000000,0.000000,0.000000,0.000228,0
20260804_173014_890,1,Unspecified,1521,2026-08-04T17:43:03.4898666+09:00,2026-08-04T17:43:03.9898666+09:00,768.598890,769.098890,30,30,-0.025464,-0.032084,0.000000,0.000000,0.000000,0.000251,0
20260804_173014_890,1,Unspecified,1522,2026-08-04T17:43:03.9898666+09:00,2026-08-04T17:43:04.4898666+09:00,769.098890,769.598890,30,30,-0.026010,-0.031943,0.000000,0.000000,0.000000,0.000230,0
20260804_173014_890,1,Unspecified,1523,2026-08-04T17:43:04.4898666+09:00,2026-08-04T17:43:04.9898666+09:00,769.598890,770.098890,30,30,-0.026559,-0.031828,0.000000,0.000000,0.000000,0.000079,0
20260804_173014_890,1,Unspecified,1524,2026-08-04T17:43:04.9898666+09:00,2026-08-04T17:43:05.4898666+09:00,770.098890,770.598890,30,30,-0.026251,-0.031909,0.000000,0.000000,0.000000,0.000136,0
20260804_173014_890,1,Unspecified,1525,2026-08-04T17:43:05.4898666+09:00,2026-08-04T17:43:05.9898666+09:00,770.598890,771.098890,30,30,-0.026441,-0.031866,0.000000,0.000000,0.000000,0.000154,0
20260804_173014_890,1,Unspecified,1526,2026-08-04T17:43:05.9898666+09:00,2026-08-04T17:43:06.4898666+09:00,771.098890,771.598890,30,30,-0.026698,-0.031812,0.000000,0.000000,0.000000,0.000061,0
20260804_173014_890,1,Unspecified,1527,2026-08-04T17:43:06.4898666+09:00,2026-08-04T17:43:06.9898666+09:00,771.598890,772.098890,30,30,-0.026676,-0.031812,0.000000,0.000000,0.000000,0.000077,0
20260804_173014_890,1,Unspecified,1528,2026-08-04T17:43:06.9898666+09:00,2026-08-04T17:43:07.4898666+09:00,772.098890,772.598890,30,30,-0.026782,-0.031786,0.000000,0.000000,0.000000,0.000071,0
20260804_173014_890,1,Unspecified,1529,2026-08-04T17:43:07.4898666+09:00,2026-08-04T17:43:07.9898666+09:00,772.598890,773.098890,30,30,-0.026948,-0.031750,0.000000,0.000000,0.000000,0.000076,0
20260804_173014_890,1,Unspecified,1530,2026-08-04T17:43:07.9898666+09:00,2026-08-04T17:43:08.4898666+09:00,773.098890,773.598890,30,30,-0.027147,-0.031711,0.000000,0.000000,0.000000,0.000049,0
20260804_173014_890,1,Unspecified,1531,2026-08-04T17:43:08.4898666+09:00,2026-08-04T17:43:08.9898666+09:00,773.598890,774.098890,30,30,-0.027105,-0.031716,0.000000,0.000000,0.000000,0.000064,0
20260804_173014_890,1,Unspecified,1532,2026-08-04T17:43:08.9898666+09:00,2026-08-04T17:43:09.4898666+09:00,774.098890,774.598890,30,30,-0.027220,-0.031698,0.000000,0.000000,0.000000,0.000058,0
20260804_173014_890,1,Unspecified,1533,2026-08-04T17:43:09.4898666+09:00,2026-08-04T17:43:09.9898666+09:00,774.598890,775.098890,30,30,-0.027309,-0.031688,0.000000,0.000000,0.000000,0.000104,0
20260804_173014_890,1,Unspecified,1534,2026-08-04T17:43:09.9898666+09:00,2026-08-04T17:43:10.4898666+09:00,775.098890,775.598890,30,30,-0.027473,-0.031651,0.000000,0.000000,0.000000,0.000076,0
20260804_173014_890,1,Unspecified,1535,2026-08-04T17:43:10.4898666+09:00,2026-08-04T17:43:10.9898666+09:00,775.598890,776.098890,30,30,-0.027794,-0.031593,0.000000,0.000000,0.000000,0.000058,0
20260804_173014_890,1,Unspecified,1536,2026-08-04T17:43:10.9898666+09:00,2026-08-04T17:43:11.4898666+09:00,776.098890,776.598890,30,30,-0.028054,-0.031541,0.000000,0.000000,0.000000,0.000176,0
20260804_173014_890,1,Unspecified,1537,2026-08-04T17:43:11.4898666+09:00,2026-08-04T17:43:11.9898666+09:00,776.598890,777.098890,30,30,-0.028436,-0.031464,0.000000,0.000000,0.000000,0.000038,0
20260804_173014_890,1,Unspecified,1538,2026-08-04T17:43:11.9898666+09:00,2026-08-04T17:43:12.4898666+09:00,777.098890,777.598890,30,30,-0.028477,-0.031459,0.000000,0.000000,0.000000,0.000050,0
20260804_173014_890,1,Unspecified,1539,2026-08-04T17:43:12.4898666+09:00,2026-08-04T17:43:12.9898666+09:00,777.598890,778.098890,30,30,-0.028458,-0.031467,0.000000,0.000000,0.000000,0.000049,0
20260804_173014_890,1,Unspecified,1540,2026-08-04T17:43:12.9898666+09:00,2026-08-04T17:43:13.4898666+09:00,778.098890,778.598890,30,30,-0.028503,-0.031463,0.000000,0.000000,0.000000,0.000046,0
20260804_173014_890,1,Unspecified,1541,2026-08-04T17:43:13.4898666+09:00,2026-08-04T17:43:13.9898666+09:00,778.598890,779.098890,30,30,-0.028547,-0.031459,0.000000,0.000000,0.000000,0.000047,0
20260804_173014_890,1,Unspecified,1542,2026-08-04T17:43:13.9898666+09:00,2026-08-04T17:43:14.4898666+09:00,779.098890,779.598890,30,30,-0.028541,-0.031466,0.000000,0.000000,0.000000,0.000048,0
20260804_173014_890,1,Unspecified,1543,2026-08-04T17:43:14.4898666+09:00,2026-08-04T17:43:14.9898666+09:00,779.598890,780.098890,30,30,-0.028632,-0.031444,0.000000,0.000000,0.000000,0.000061,0
20260804_173014_890,1,Unspecified,1544,2026-08-04T17:43:14.9898666+09:00,2026-08-04T17:43:15.4898666+09:00,780.098890,780.598890,30,30,-0.028929,-0.031381,0.000000,0.000000,0.000000,0.000085,0
20260804_173014_890,1,Unspecified,1545,2026-08-04T17:43:15.4898666+09:00,2026-08-04T17:43:15.9898666+09:00,780.598890,781.098890,30,30,-0.028922,-0.031384,0.000000,0.000000,0.000000,0.000043,0
20260804_173014_890,1,Unspecified,1546,2026-08-04T17:43:15.9898666+09:00,2026-08-04T17:43:16.4898666+09:00,781.098890,781.598890,30,30,-0.028838,-0.031408,0.000000,0.000000,0.000000,0.000094,0
20260804_173014_890,1,Unspecified,1547,2026-08-04T17:43:16.4898666+09:00,2026-08-04T17:43:16.9898666+09:00,781.598890,782.098890,30,30,-0.028776,-0.031420,0.000000,0.000000,0.000000,0.000085,0
20260804_173014_890,1,Unspecified,1548,2026-08-04T17:43:16.9898666+09:00,2026-08-04T17:43:17.4898666+09:00,782.098890,782.598890,30,30,-0.028772,-0.031419,0.000000,0.000000,0.000000,0.000036,0
20260804_173014_890,1,Unspecified,1549,2026-08-04T17:43:17.4898666+09:00,2026-08-04T17:43:17.9898666+09:00,782.598890,783.098890,30,30,-0.028858,-0.031407,0.000000,0.000000,0.000000,0.000048,0
20260804_173014_890,1,Unspecified,1550,2026-08-04T17:43:17.9898666+09:00,2026-08-04T17:43:18.4898666+09:00,783.098890,783.598890,30,30,-0.028891,-0.031402,0.000000,0.000000,0.000000,0.000049,0
20260804_173014_890,1,Unspecified,1551,2026-08-04T17:43:18.4898666+09:00,2026-08-04T17:43:18.9898666+09:00,783.598890,784.098890,30,30,-0.028988,-0.031380,0.000000,0.000000,0.000000,0.000062,0
20260804_173014_890,1,Unspecified,1552,2026-08-04T17:43:18.9898666+09:00,2026-08-04T17:43:19.4898666+09:00,784.098890,784.598890,30,30,-0.029202,-0.031338,0.000000,0.000000,0.000000,0.000057,0
20260804_173014_890,1,Unspecified,1553,2026-08-04T17:43:19.4898666+09:00,2026-08-04T17:43:19.9898666+09:00,784.598890,785.098890,30,30,-0.029171,-0.031348,0.000000,0.000000,0.000000,0.000053,0
20260804_173014_890,1,Unspecified,1554,2026-08-04T17:43:19.9898666+09:00,2026-08-04T17:43:20.4898666+09:00,785.098890,785.598890,30,30,-0.029124,-0.031359,0.000000,0.000000,0.000000,0.000053,0
20260804_173014_890,1,Unspecified,1555,2026-08-04T17:43:20.4898666+09:00,2026-08-04T17:43:20.9898666+09:00,785.598890,786.098890,30,30,-0.029139,-0.031361,0.000000,0.000000,0.000000,0.000039,0
20260804_173014_890,1,Unspecified,1556,2026-08-04T17:43:20.9898666+09:00,2026-08-04T17:43:21.4898666+09:00,786.098890,786.598890,30,30,-0.029168,-0.031356,0.000000,0.000000,0.000000,0.000037,0
20260804_173014_890,1,Unspecified,1557,2026-08-04T17:43:21.4898666+09:00,2026-08-04T17:43:21.9898666+09:00,786.598890,787.098890,30,30,-0.029176,-0.031359,0.000000,0.000000,0.000000,0.000045,0
20260804_173014_890,1,Unspecified,1558,2026-08-04T17:43:21.9898666+09:00,2026-08-04T17:43:22.4898666+09:00,787.098890,787.598890,30,30,-0.029258,-0.031340,0.000000,0.000000,0.000000,0.000023,0
20260804_173014_890,1,Unspecified,1559,2026-08-04T17:43:22.4898666+09:00,2026-08-04T17:43:22.9898666+09:00,787.598890,788.098890,30,30,-0.029403,-0.031304,0.000000,0.000000,0.000000,0.000085,0
20260804_173014_890,1,Unspecified,1560,2026-08-04T17:43:22.9898666+09:00,2026-08-04T17:43:23.4898666+09:00,788.098890,788.598890,30,30,-0.029681,-0.031255,0.000000,0.000000,0.000000,0.000034,0
20260804_173014_890,1,Unspecified,1561,2026-08-04T17:43:23.4898666+09:00,2026-08-04T17:43:23.9898666+09:00,788.598890,789.098890,30,30,-0.029744,-0.031242,0.000000,0.000000,0.000000,0.000068,0
20260804_173014_890,1,Unspecified,1562,2026-08-04T17:43:23.9898666+09:00,2026-08-04T17:43:24.4898666+09:00,789.098890,789.598890,30,30,-0.029642,-0.031269,0.000000,0.000000,0.000000,0.000042,0
20260804_173014_890,1,Unspecified,1563,2026-08-04T17:43:24.4898666+09:00,2026-08-04T17:43:24.9898666+09:00,789.598890,790.098890,30,30,-0.029488,-0.031292,0.000000,0.000000,0.000000,0.000037,0
20260804_173014_890,1,Unspecified,1564,2026-08-04T17:43:24.9898666+09:00,2026-08-04T17:43:25.4898666+09:00,790.098890,790.598890,30,30,-0.029511,-0.031285,0.000000,0.000000,0.000000,0.000068,0
20260804_173014_890,1,Unspecified,1565,2026-08-04T17:43:25.4898666+09:00,2026-08-04T17:43:25.9898666+09:00,790.598890,791.098890,30,30,-0.029794,-0.031231,0.000000,0.000000,0.000000,0.000043,0
20260804_173014_890,1,Unspecified,1566,2026-08-04T17:43:25.9898666+09:00,2026-08-04T17:43:26.4898666+09:00,791.098890,791.598890,30,30,-0.029873,-0.031216,0.000000,0.000000,0.000000,0.000123,0
20260804_173014_890,1,Unspecified,1567,2026-08-04T17:43:26.4898666+09:00,2026-08-04T17:43:26.9898666+09:00,791.598890,792.098890,30,30,-0.029576,-0.031278,0.000000,0.000000,0.000000,0.000198,0
20260804_173014_890,1,Unspecified,1568,2026-08-04T17:43:26.9898666+09:00,2026-08-04T17:43:27.4898666+09:00,792.098890,792.598890,30,30,-0.029513,-0.031290,0.000000,0.000000,0.000000,0.000056,0
20260804_173014_890,1,Unspecified,1569,2026-08-04T17:43:27.4898666+09:00,2026-08-04T17:43:27.9898666+09:00,792.598890,793.098890,30,30,-0.029493,-0.031294,0.000000,0.000000,0.000000,0.000063,0
20260804_173014_890,1,Unspecified,1570,2026-08-04T17:43:27.9898666+09:00,2026-08-04T17:43:28.4898666+09:00,793.098890,793.598890,30,30,-0.029565,-0.031276,0.000000,0.000000,0.000000,0.000112,0
20260804_173014_890,1,Unspecified,1571,2026-08-04T17:43:28.4898666+09:00,2026-08-04T17:43:28.9898666+09:00,793.598890,794.098890,30,30,-0.029782,-0.031237,0.000000,0.000000,0.000000,0.000067,0
20260804_173014_890,1,Unspecified,1572,2026-08-04T17:43:28.9898666+09:00,2026-08-04T17:43:29.4898666+09:00,794.098890,794.598890,30,30,-0.029724,-0.031246,0.000000,0.000000,0.000000,0.000044,0
20260804_173014_890,1,Unspecified,1573,2026-08-04T17:43:29.4898666+09:00,2026-08-04T17:43:29.9898666+09:00,794.598890,795.098890,30,30,-0.029732,-0.031246,0.000000,0.000000,0.000000,0.000062,0
20260804_173014_890,1,Unspecified,1574,2026-08-04T17:43:29.9898666+09:00,2026-08-04T17:43:30.4898666+09:00,795.098890,795.598890,30,30,-0.029630,-0.031268,0.000000,0.000000,0.000000,0.000038,0
20260804_173014_890,1,Unspecified,1575,2026-08-04T17:43:30.4898666+09:00,2026-08-04T17:43:30.9898666+09:00,795.598890,796.098890,30,30,-0.029551,-0.031283,0.000000,0.000000,0.000000,0.000041,0
20260804_173014_890,1,Unspecified,1576,2026-08-04T17:43:30.9898666+09:00,2026-08-04T17:43:31.4898666+09:00,796.098890,796.598890,30,30,-0.029597,-0.031275,0.000000,0.000000,0.000000,0.000058,0
20260804_173014_890,1,Unspecified,1577,2026-08-04T17:43:31.4898666+09:00,2026-08-04T17:43:31.9898666+09:00,796.598890,797.098890,30,30,-0.029945,-0.031213,0.000000,0.000000,0.000000,0.000084,0
20260804_173014_890,1,Unspecified,1578,2026-08-04T17:43:31.9898666+09:00,2026-08-04T17:43:32.4898666+09:00,797.098890,797.598890,30,30,-0.029976,-0.031206,0.000000,0.000000,0.000000,0.000034,0
20260804_173014_890,1,Unspecified,1579,2026-08-04T17:43:32.4898666+09:00,2026-08-04T17:43:32.9898666+09:00,797.598890,798.098890,30,30,-0.029814,-0.031242,0.000000,0.000000,0.000000,0.000100,0
20260804_173014_890,1,Unspecified,1580,2026-08-04T17:43:32.9898666+09:00,2026-08-04T17:43:33.4898666+09:00,798.098890,798.598890,30,30,-0.029647,-0.031272,0.000000,0.000000,0.000000,0.000042,0
20260804_173014_890,1,Unspecified,1581,2026-08-04T17:43:33.4898666+09:00,2026-08-04T17:43:33.9898666+09:00,798.598890,799.098890,30,30,-0.029638,-0.031274,0.000000,0.000000,0.000000,0.000058,0
20260804_173014_890,1,Unspecified,1582,2026-08-04T17:43:33.9898666+09:00,2026-08-04T17:43:34.4898666+09:00,799.098890,799.598890,30,30,-0.029733,-0.031255,0.000000,0.000000,0.000000,0.000102,0
20260804_173014_890,1,Unspecified,1583,2026-08-04T17:43:34.4898666+09:00,2026-08-04T17:43:34.9898666+09:00,799.598890,800.098890,30,30,-0.029888,-0.031227,0.000000,0.000000,0.000000,0.000035,0
20260804_173014_890,1,Unspecified,1584,2026-08-04T17:43:34.9898666+09:00,2026-08-04T17:43:35.4898666+09:00,800.098890,800.598890,30,30,-0.029975,-0.031207,0.000000,0.000000,0.000000,0.000060,0
20260804_173014_890,1,Unspecified,1585,2026-08-04T17:43:35.4898666+09:00,2026-08-04T17:43:35.9898666+09:00,800.598890,801.098890,30,30,-0.029908,-0.031221,0.000000,0.000000,0.000000,0.000041,0
20260804_173014_890,1,Unspecified,1586,2026-08-04T17:43:35.9898666+09:00,2026-08-04T17:43:36.4898666+09:00,801.098890,801.598890,30,30,-0.029763,-0.031248,0.000000,0.000000,0.000000,0.000125,0
20260804_173014_890,1,Unspecified,1587,2026-08-04T17:43:36.4898666+09:00,2026-08-04T17:43:36.9898666+09:00,801.598890,802.098890,30,30,-0.029644,-0.031268,0.000000,0.000000,0.000000,0.000044,0
20260804_173014_890,1,Unspecified,1588,2026-08-04T17:43:36.9898666+09:00,2026-08-04T17:43:37.4898666+09:00,802.098890,802.598890,30,30,-0.029752,-0.031246,0.000000,0.000000,0.000000,0.000123,0
20260804_173014_890,1,Unspecified,1589,2026-08-04T17:43:37.4898666+09:00,2026-08-04T17:43:37.9898666+09:00,802.598890,803.098890,30,30,-0.029956,-0.031209,0.000000,0.000000,0.000000,0.000022,0
20260804_173014_890,1,Unspecified,1590,2026-08-04T17:43:37.9898666+09:00,2026-08-04T17:43:38.4898666+09:00,803.098890,803.598890,30,30,-0.030024,-0.031197,0.000000,0.000000,0.000000,0.000043,0
20260804_173014_890,1,Unspecified,1591,2026-08-04T17:43:38.4898666+09:00,2026-08-04T17:43:38.9898666+09:00,803.598890,804.098890,30,30,-0.029878,-0.031226,0.000000,0.000000,0.000000,0.000056,0
20260804_173014_890,1,Unspecified,1592,2026-08-04T17:43:38.9898666+09:00,2026-08-04T17:43:39.4898666+09:00,804.098890,804.598890,30,30,-0.029744,-0.031252,0.000000,0.000000,0.000000,0.000038,0
20260804_173014_890,1,Unspecified,1593,2026-08-04T17:43:39.4898666+09:00,2026-08-04T17:43:39.9898666+09:00,804.598890,805.098890,30,30,-0.029732,-0.031257,0.000000,0.000000,0.000000,0.000046,0
20260804_173014_890,1,Unspecified,1594,2026-08-04T17:43:39.9898666+09:00,2026-08-04T17:43:40.4898666+09:00,805.098890,805.598890,30,30,-0.029810,-0.031246,0.000000,0.000000,0.000000,0.000057,0
20260804_173014_890,1,Unspecified,1595,2026-08-04T17:43:40.4898666+09:00,2026-08-04T17:43:40.9898666+09:00,805.598890,806.098890,30,30,-0.030070,-0.031194,0.000000,0.000000,0.000000,0.000099,0
20260804_173014_890,1,Unspecified,1596,2026-08-04T17:43:40.9898666+09:00,2026-08-04T17:43:41.4898666+09:00,806.098890,806.598890,30,30,-0.030169,-0.031174,0.000000,0.000000,0.000000,0.000044,0
20260804_173014_890,1,Unspecified,1597,2026-08-04T17:43:41.4898666+09:00,2026-08-04T17:43:41.9898666+09:00,806.598890,807.098890,30,30,-0.030195,-0.031176,0.000000,0.000000,0.000000,0.000044,0
20260804_173014_890,1,Unspecified,1598,2026-08-04T17:43:41.9898666+09:00,2026-08-04T17:43:42.4898666+09:00,807.098890,807.598890,30,30,-0.029890,-0.031230,0.000000,0.000000,0.000000,0.000087,0
20260804_173014_890,1,Unspecified,1599,2026-08-04T17:43:42.4898666+09:00,2026-08-04T17:43:42.9898666+09:00,807.598890,808.098890,30,30,-0.029846,-0.031242,0.000000,0.000000,0.000000,0.000056,0
20260804_173014_890,1,Unspecified,1600,2026-08-04T17:43:42.9898666+09:00,2026-08-04T17:43:43.4898666+09:00,808.098890,808.598890,30,30,-0.029929,-0.031223,0.000000,0.000000,0.000000,0.000093,0
20260804_173014_890,1,Unspecified,1601,2026-08-04T17:43:43.4898666+09:00,2026-08-04T17:43:43.9898666+09:00,808.598890,809.098890,30,30,-0.030188,-0.031177,0.000000,0.000000,0.000000,0.000082,0
20260804_173014_890,1,Unspecified,1602,2026-08-04T17:43:43.9898666+09:00,2026-08-04T17:43:44.4898666+09:00,809.098890,809.598890,30,30,-0.030241,-0.031168,0.000000,0.000000,0.000000,0.000042,0
20260804_173014_890,1,Unspecified,1603,2026-08-04T17:43:44.4898666+09:00,2026-08-04T17:43:44.9898666+09:00,809.598890,810.098890,30,30,-0.030091,-0.031195,0.000000,0.000000,0.000000,0.000137,0
20260804_173014_890,1,Unspecified,1604,2026-08-04T17:43:44.9898666+09:00,2026-08-04T17:43:45.4898666+09:00,810.098890,810.598890,30,30,-0.029978,-0.031212,0.000000,0.000000,0.000000,0.000048,0
20260804_173014_890,1,Unspecified,1605,2026-08-04T17:43:45.4898666+09:00,2026-08-04T17:43:45.9898666+09:00,810.598890,811.098890,30,30,-0.029952,-0.031217,0.000000,0.000000,0.000000,0.000040,0
20260804_173014_890,1,Unspecified,1606,2026-08-04T17:43:45.9898666+09:00,2026-08-04T17:43:46.4898666+09:00,811.098890,811.598890,30,30,-0.030043,-0.031204,0.000000,0.000000,0.000000,0.000104,0
20260804_173014_890,1,Unspecified,1607,2026-08-04T17:43:46.4898666+09:00,2026-08-04T17:43:46.9898666+09:00,811.598890,812.098890,30,30,-0.030160,-0.031178,0.000000,0.000000,0.000000,0.000052,0
20260804_173014_890,1,Unspecified,1608,2026-08-04T17:43:46.9898666+09:00,2026-08-04T17:43:47.4898666+09:00,812.098890,812.598890,30,30,-0.030258,-0.031159,0.000000,0.000000,0.000000,0.000043,0
20260804_173014_890,1,Unspecified,1609,2026-08-04T17:43:47.4898666+09:00,2026-08-04T17:43:47.9898666+09:00,812.598890,813.098890,30,30,-0.030271,-0.031161,0.000000,0.000000,0.000000,0.000076,0
20260804_173014_890,1,Unspecified,1610,2026-08-04T17:43:47.9898666+09:00,2026-08-04T17:43:48.4898666+09:00,813.098890,813.598890,30,30,-0.030069,-0.031196,0.000000,0.000000,0.000000,0.000065,0
20260804_173014_890,1,Unspecified,1611,2026-08-04T17:43:48.4898666+09:00,2026-08-04T17:43:48.9898666+09:00,813.598890,814.098890,30,30,-0.030188,-0.031175,0.000000,0.000000,0.000000,0.000055,0
20260804_173014_890,1,Unspecified,1612,2026-08-04T17:43:48.9898666+09:00,2026-08-04T17:43:49.4898666+09:00,814.098890,814.598890,30,30,-0.030531,-0.031118,0.000000,0.000000,0.000000,0.000073,0
20260804_173014_890,1,Unspecified,1613,2026-08-04T17:43:49.4898666+09:00,2026-08-04T17:43:49.9898666+09:00,814.598890,815.098890,30,30,-0.030566,-0.031110,0.000000,0.000000,0.000000,0.000046,0
20260804_173014_890,1,Unspecified,1614,2026-08-04T17:43:49.9898666+09:00,2026-08-04T17:43:50.4898666+09:00,815.098890,815.598890,30,30,-0.030249,-0.031161,0.000000,0.000000,0.000000,0.000133,0
20260804_173014_890,1,Unspecified,1615,2026-08-04T17:43:50.4898666+09:00,2026-08-04T17:43:50.9898666+09:00,815.598890,816.098890,30,30,-0.030214,-0.031170,0.000000,0.000000,0.000000,0.000043,0
20260804_173014_890,1,Unspecified,1616,2026-08-04T17:43:50.9898666+09:00,2026-08-04T17:43:51.4898666+09:00,816.098890,816.598890,30,30,-0.030163,-0.031183,0.000000,0.000000,0.000000,0.000041,0
20260804_173014_890,1,Unspecified,1617,2026-08-04T17:43:51.4898666+09:00,2026-08-04T17:43:51.9898666+09:00,816.598890,817.098890,30,30,-0.030449,-0.031133,0.000000,0.000000,0.000000,0.000168,0
20260804_173014_890,1,Unspecified,1618,2026-08-04T17:43:51.9898666+09:00,2026-08-04T17:43:52.4898666+09:00,817.098890,817.598890,30,30,-0.030599,-0.031110,0.000000,0.000000,0.000000,0.000070,0
20260804_173014_890,1,Unspecified,1619,2026-08-04T17:43:52.4898666+09:00,2026-08-04T17:43:52.9898666+09:00,817.598890,818.098890,30,30,-0.030862,-0.031070,0.000000,0.000000,0.000000,0.000098,0
20260804_173014_890,1,Unspecified,1620,2026-08-04T17:43:52.9898666+09:00,2026-08-04T17:43:53.4898666+09:00,818.098890,818.598890,30,30,-0.030536,-0.031129,0.000000,0.000000,0.000000,0.000108,0
20260804_173014_890,1,Unspecified,1621,2026-08-04T17:43:53.4898666+09:00,2026-08-04T17:43:53.9898666+09:00,818.598890,819.098890,30,30,-0.030585,-0.031127,0.000000,0.000000,0.000000,0.000062,0
20260804_173014_890,1,Unspecified,1622,2026-08-04T17:43:53.9898666+09:00,2026-08-04T17:43:54.4898666+09:00,819.098890,819.598890,30,30,-0.030618,-0.031120,0.000000,0.000000,0.000000,0.000055,0
20260804_173014_890,1,Unspecified,1623,2026-08-04T17:43:54.4898666+09:00,2026-08-04T17:43:54.9898666+09:00,819.598890,820.098890,30,30,-0.030761,-0.031085,0.000000,0.000000,0.000000,0.000072,0
20260804_173014_890,1,Unspecified,1624,2026-08-04T17:43:54.9898666+09:00,2026-08-04T17:43:55.4898666+09:00,820.098890,820.598890,30,30,-0.030918,-0.031061,0.000000,0.000000,0.000000,0.000047,0
20260804_173014_890,1,Unspecified,1625,2026-08-04T17:43:55.4898666+09:00,2026-08-04T17:43:55.9898666+09:00,820.598890,821.098890,30,30,-0.030889,-0.031068,0.000000,0.000000,0.000000,0.000126,0
20260804_173014_890,1,Unspecified,1626,2026-08-04T17:43:55.9898666+09:00,2026-08-04T17:43:56.4898666+09:00,821.098890,821.598890,30,30,-0.030607,-0.031114,0.000000,0.000000,0.000000,0.000096,0
20260804_173014_890,1,Unspecified,1627,2026-08-04T17:43:56.4898666+09:00,2026-08-04T17:43:56.9898666+09:00,821.598890,822.098890,30,30,-0.030632,-0.031110,0.000000,0.000000,0.000000,0.000087,0
20260804_173014_890,1,Unspecified,1628,2026-08-04T17:43:56.9898666+09:00,2026-08-04T17:43:57.4898666+09:00,822.098890,822.598890,30,30,-0.031068,-0.031040,0.000000,0.000000,0.000000,0.000093,0
20260804_173014_890,1,Unspecified,1629,2026-08-04T17:43:57.4898666+09:00,2026-08-04T17:43:57.9898666+09:00,822.598890,823.098890,30,30,-0.031175,-0.031017,0.000000,0.000000,0.000000,0.000076,0
20260804_173014_890,1,Unspecified,1630,2026-08-04T17:43:57.9898666+09:00,2026-08-04T17:43:58.4898666+09:00,823.098890,823.598890,30,30,-0.030960,-0.031061,0.000000,0.000000,0.000000,0.000255,0
20260804_173014_890,1,Unspecified,1631,2026-08-04T17:43:58.4898666+09:00,2026-08-04T17:43:58.9898666+09:00,823.598890,824.098890,30,30,-0.030801,-0.031087,0.000000,0.000000,0.000000,0.000100,0
20260804_173014_890,1,Unspecified,1632,2026-08-04T17:43:58.9898666+09:00,2026-08-04T17:43:59.4898666+09:00,824.098890,824.598890,30,30,-0.030681,-0.031101,0.000000,0.000000,0.000000,0.000062,0
20260804_173014_890,1,Unspecified,1633,2026-08-04T17:43:59.4898666+09:00,2026-08-04T17:43:59.9898666+09:00,824.598890,825.098890,30,30,-0.030841,-0.031075,0.000000,0.000000,0.000000,0.000051,0
20260804_173014_890,1,Unspecified,1634,2026-08-04T17:43:59.9898666+09:00,2026-08-04T17:44:00.4898666+09:00,825.098890,825.598890,30,30,-0.030928,-0.031058,0.000000,0.000000,0.000000,0.000102,0
20260804_173014_890,1,Unspecified,1635,2026-08-04T17:44:00.4898666+09:00,2026-08-04T17:44:00.9898666+09:00,825.598890,826.098890,30,30,-0.030841,-0.031067,0.000000,0.000000,0.000000,0.000078,0
20260804_173014_890,1,Unspecified,1636,2026-08-04T17:44:00.9898666+09:00,2026-08-04T17:44:01.4898666+09:00,826.098890,826.598890,30,30,-0.030683,-0.031095,0.000000,0.000000,0.000000,0.000079,0
20260804_173014_890,1,Unspecified,1637,2026-08-04T17:44:01.4898666+09:00,2026-08-04T17:44:01.9898666+09:00,826.598890,827.098890,30,30,-0.030613,-0.031115,0.000000,0.000000,0.000000,0.000052,0
20260804_173014_890,1,Unspecified,1638,2026-08-04T17:44:01.9898666+09:00,2026-08-04T17:44:02.4898666+09:00,827.098890,827.598890,30,30,-0.030626,-0.031110,0.000000,0.000000,0.000000,0.000069,0
20260804_173014_890,1,Unspecified,1639,2026-08-04T17:44:02.4898666+09:00,2026-08-04T17:44:02.9898666+09:00,827.598890,828.098890,30,30,-0.030816,-0.031076,0.000000,0.000000,0.000000,0.000064,0
20260804_173014_890,1,Unspecified,1640,2026-08-04T17:44:02.9898666+09:00,2026-08-04T17:44:03.4898666+09:00,828.098890,828.598890,30,30,-0.030835,-0.031072,0.000000,0.000000,0.000000,0.000049,0
20260804_173014_890,1,Unspecified,1641,2026-08-04T17:44:03.4898666+09:00,2026-08-04T17:44:03.9898666+09:00,828.598890,829.098890,30,30,-0.030813,-0.031077,0.000000,0.000000,0.000000,0.000095,0
20260804_173014_890,1,Unspecified,1642,2026-08-04T17:44:03.9898666+09:00,2026-08-04T17:44:04.4898666+09:00,829.098890,829.598890,30,30,-0.030544,-0.031121,0.000000,0.000000,0.000000,0.000083,0
20260804_173014_890,1,Unspecified,1643,2026-08-04T17:44:04.4898666+09:00,2026-08-04T17:44:04.9898666+09:00,829.598890,830.098890,30,30,-0.030464,-0.031135,0.000000,0.000000,0.000000,0.000067,0
20260804_173014_890,1,Unspecified,1644,2026-08-04T17:44:04.9898666+09:00,2026-08-04T17:44:05.4898666+09:00,830.098890,830.598890,30,30,-0.030497,-0.031123,0.000000,0.000000,0.000000,0.000061,0
20260804_173014_890,1,Unspecified,1645,2026-08-04T17:44:05.4898666+09:00,2026-08-04T17:44:05.9898666+09:00,830.598890,831.098890,30,30,-0.030481,-0.031117,0.000000,0.000000,0.000000,0.000055,0
20260804_173014_890,1,Unspecified,1646,2026-08-04T17:44:05.9898666+09:00,2026-08-04T17:44:06.4898666+09:00,831.098890,831.598890,30,30,-0.030340,-0.031142,0.000000,0.000000,0.000000,0.000095,0
20260804_173014_890,1,Unspecified,1647,2026-08-04T17:44:06.4898666+09:00,2026-08-04T17:44:06.9898666+09:00,831.598890,832.098890,30,30,-0.030179,-0.031170,0.000000,0.000000,0.000000,0.000030,0
20260804_173014_890,1,Unspecified,1648,2026-08-04T17:44:06.9898666+09:00,2026-08-04T17:44:07.4898666+09:00,832.098890,832.598890,30,30,-0.030172,-0.031169,0.000000,0.000000,0.000000,0.000057,0
20260804_173014_890,1,Unspecified,1649,2026-08-04T17:44:07.4898666+09:00,2026-08-04T17:44:07.9898666+09:00,832.598890,833.098890,30,30,-0.030164,-0.031173,0.000000,0.000000,0.000000,0.000046,0
20260804_173014_890,1,Unspecified,1650,2026-08-04T17:44:07.9898666+09:00,2026-08-04T17:44:08.4898666+09:00,833.098890,833.598890,30,30,-0.030426,-0.031130,0.000000,0.000000,0.000000,0.000089,0
20260804_173014_890,1,Unspecified,1651,2026-08-04T17:44:08.4898666+09:00,2026-08-04T17:44:08.9898666+09:00,833.598890,834.098890,30,30,-0.030395,-0.031132,0.000000,0.000000,0.000000,0.000107,0
20260804_173014_890,1,Unspecified,1652,2026-08-04T17:44:08.9898666+09:00,2026-08-04T17:44:09.4898666+09:00,834.098890,834.598890,30,30,-0.030392,-0.031136,0.000000,0.000000,0.000000,0.000072,0
20260804_173014_890,1,Unspecified,1653,2026-08-04T17:44:09.4898666+09:00,2026-08-04T17:44:09.9898666+09:00,834.598890,835.098890,30,30,-0.030317,-0.031152,0.000000,0.000000,0.000000,0.000060,0
20260804_173014_890,1,Unspecified,1654,2026-08-04T17:44:09.9898666+09:00,2026-08-04T17:44:10.4898666+09:00,835.098890,835.598890,30,30,-0.030256,-0.031160,0.000000,0.000000,0.000000,0.000073,0
20260804_173014_890,1,Unspecified,1655,2026-08-04T17:44:10.4898666+09:00,2026-08-04T17:44:10.9898666+09:00,835.598890,836.098890,30,30,-0.030263,-0.031162,0.000000,0.000000,0.000000,0.000049,0
20260804_173014_890,1,Unspecified,1656,2026-08-04T17:44:10.9898666+09:00,2026-08-04T17:44:11.4898666+09:00,836.098890,836.598890,30,30,-0.030429,-0.031130,0.000000,0.000000,0.000000,0.000145,0
20260804_173014_890,1,Unspecified,1657,2026-08-04T17:44:11.4898666+09:00,2026-08-04T17:44:11.9898666+09:00,836.598890,837.098890,30,30,-0.030635,-0.031099,0.000000,0.000000,0.000000,0.000054,0
20260804_173014_890,1,Unspecified,1658,2026-08-04T17:44:11.9898666+09:00,2026-08-04T17:44:12.4898666+09:00,837.098890,837.598890,30,30,-0.030774,-0.031076,0.000000,0.000000,0.000000,0.000039,0
20260804_173014_890,1,Unspecified,1659,2026-08-04T17:44:12.4898666+09:00,2026-08-04T17:44:12.9898666+09:00,837.598890,838.098890,30,30,-0.030353,-0.031145,0.000000,0.000000,0.000000,0.000104,0
20260804_173014_890,1,Unspecified,1660,2026-08-04T17:44:12.9898666+09:00,2026-08-04T17:44:13.4898666+09:00,838.098890,838.598890,30,30,-0.030176,-0.031172,0.000000,0.000000,0.000000,0.000086,0
20260804_173014_890,1,Unspecified,1661,2026-08-04T17:44:13.4898666+09:00,2026-08-04T17:44:13.9898666+09:00,838.598890,839.098890,30,30,-0.030187,-0.031170,0.000000,0.000000,0.000000,0.000054,0
20260804_173014_890,1,Unspecified,1662,2026-08-04T17:44:13.9898666+09:00,2026-08-04T17:44:14.4898666+09:00,839.098890,839.598890,30,30,-0.030377,-0.031138,0.000000,0.000000,0.000000,0.000074,0
20260804_173014_890,1,Unspecified,1663,2026-08-04T17:44:14.4898666+09:00,2026-08-04T17:44:14.9898666+09:00,839.598890,840.098890,30,30,-0.030426,-0.031123,0.000000,0.000000,0.000000,0.000046,0
20260804_173014_890,1,Unspecified,1664,2026-08-04T17:44:14.9898666+09:00,2026-08-04T17:44:15.4898666+09:00,840.098890,840.598890,30,30,-0.030442,-0.031126,0.000000,0.000000,0.000000,0.000034,0
20260804_173014_890,1,Unspecified,1665,2026-08-04T17:44:15.4898666+09:00,2026-08-04T17:44:15.9898666+09:00,840.598890,841.098890,30,30,-0.030329,-0.031144,0.000000,0.000000,0.000000,0.000105,0
20260804_173014_890,1,Unspecified,1666,2026-08-04T17:44:15.9898666+09:00,2026-08-04T17:44:16.4898666+09:00,841.098890,841.598890,30,30,-0.030192,-0.031173,0.000000,0.000000,0.000000,0.000083,0
20260804_173014_890,1,Unspecified,1667,2026-08-04T17:44:16.4898666+09:00,2026-08-04T17:44:16.9898666+09:00,841.598890,842.098890,30,30,-0.030156,-0.031180,0.000000,0.000000,0.000000,0.000107,0
20260804_173014_890,1,Unspecified,1668,2026-08-04T17:44:16.9898666+09:00,2026-08-04T17:44:17.4898666+09:00,842.098890,842.598890,30,30,-0.030212,-0.031163,0.000000,0.000000,0.000000,0.000125,0
20260804_173014_890,1,Unspecified,1669,2026-08-04T17:44:17.4898666+09:00,2026-08-04T17:44:17.9898666+09:00,842.598890,843.098890,30,30,-0.030337,-0.031138,0.000000,0.000000,0.000000,0.000031,0
20260804_173014_890,1,Unspecified,1670,2026-08-04T17:44:17.9898666+09:00,2026-08-04T17:44:18.4898666+09:00,843.098890,843.598890,30,30,-0.030332,-0.031137,0.000000,0.000000,0.000000,0.000081,0
20260804_173014_890,1,Unspecified,1671,2026-08-04T17:44:18.4898666+09:00,2026-08-04T17:44:18.9898666+09:00,843.598890,844.098890,30,30,-0.030089,-0.031179,0.000000,0.000000,0.000000,0.000056,0
20260804_173014_890,1,Unspecified,1672,2026-08-04T17:44:18.9898666+09:00,2026-08-04T17:44:19.4898666+09:00,844.098890,844.598890,30,30,-0.030128,-0.031175,0.000000,0.000000,0.000000,0.000043,0
20260804_173014_890,1,Unspecified,1673,2026-08-04T17:44:19.4898666+09:00,2026-08-04T17:44:19.9898666+09:00,844.598890,845.098890,30,30,-0.030174,-0.031163,0.000000,0.000000,0.000000,0.000062,0
20260804_173014_890,1,Unspecified,1674,2026-08-04T17:44:19.9898666+09:00,2026-08-04T17:44:20.4898666+09:00,845.098890,845.598890,30,30,-0.030227,-0.031143,0.000000,0.000000,0.000000,0.000078,0
20260804_173014_890,1,Unspecified,1675,2026-08-04T17:44:20.4898666+09:00,2026-08-04T17:44:20.9898666+09:00,845.598890,846.098890,30,30,-0.029998,-0.031164,0.000000,0.000000,0.000000,0.000212,0
20260804_173014_890,1,Unspecified,1676,2026-08-04T17:44:20.9898666+09:00,2026-08-04T17:44:21.4898666+09:00,846.098890,846.598890,30,30,-0.030057,-0.031150,0.000000,0.000000,0.000000,0.000108,0
20260804_173014_890,1,Unspecified,1677,2026-08-04T17:44:21.4898666+09:00,2026-08-04T17:44:21.9898666+09:00,846.598890,847.098890,30,30,-0.030141,-0.031128,0.000000,0.000000,0.000000,0.000075,0
20260804_173014_890,1,Unspecified,1678,2026-08-04T17:44:21.9898666+09:00,2026-08-04T17:44:22.4898666+09:00,847.098890,847.598890,30,30,-0.029923,-0.031172,0.000000,0.000000,0.000000,0.000076,0
20260804_173014_890,1,Unspecified,1679,2026-08-04T17:44:22.4898666+09:00,2026-08-04T17:44:22.9898666+09:00,847.598890,848.098890,30,30,-0.029830,-0.031185,0.000000,0.000000,0.000000,0.000039,0
20260804_173014_890,1,Unspecified,1680,2026-08-04T17:44:22.9898666+09:00,2026-08-04T17:44:23.4898666+09:00,848.098890,848.598890,30,30,-0.029754,-0.031194,0.000000,0.000000,0.000000,0.000099,0
20260804_173014_890,1,Unspecified,1681,2026-08-04T17:44:23.4898666+09:00,2026-08-04T17:44:23.9898666+09:00,848.598890,849.098890,30,30,-0.029964,-0.031152,0.000000,0.000000,0.000000,0.000052,0
20260804_173014_890,1,Unspecified,1682,2026-08-04T17:44:23.9898666+09:00,2026-08-04T17:44:24.4898666+09:00,849.098890,849.598890,30,30,-0.030090,-0.031135,0.000000,0.000000,0.000000,0.000054,0
20260804_173014_890,1,Unspecified,1683,2026-08-04T17:44:24.4898666+09:00,2026-08-04T17:44:24.9898666+09:00,849.598890,850.098890,30,30,-0.030037,-0.031146,0.000000,0.000000,0.000000,0.000074,0
20260804_173014_890,1,Unspecified,1684,2026-08-04T17:44:24.9898666+09:00,2026-08-04T17:44:25.4898666+09:00,850.098890,850.598890,30,30,-0.030130,-0.031132,0.000000,0.000000,0.000000,0.000044,0
20260804_173014_890,1,Unspecified,1685,2026-08-04T17:44:25.4898666+09:00,2026-08-04T17:44:25.9898666+09:00,850.598890,851.098890,30,30,-0.030055,-0.031150,0.000000,0.000000,0.000000,0.000073,0
20260804_173014_890,1,Unspecified,1686,2026-08-04T17:44:25.9898666+09:00,2026-08-04T17:44:26.4898666+09:00,851.098890,851.598890,30,30,-0.030094,-0.031139,0.000000,0.000000,0.000000,0.000064,0
20260804_173014_890,1,Unspecified,1687,2026-08-04T17:44:26.4898666+09:00,2026-08-04T17:44:26.9898666+09:00,851.598890,852.098890,30,30,-0.030295,-0.031106,0.000000,0.000000,0.000000,0.000082,0
20260804_173014_890,1,Unspecified,1688,2026-08-04T17:44:26.9898666+09:00,2026-08-04T17:44:27.4898666+09:00,852.098890,852.598890,30,30,-0.030422,-0.031082,0.000000,0.000000,0.000000,0.000038,0
20260804_173014_890,1,Unspecified,1689,2026-08-04T17:44:27.4898666+09:00,2026-08-04T17:44:27.9898666+09:00,852.598890,853.098890,30,30,-0.030537,-0.031063,0.000000,0.000000,0.000000,0.000123,0
20260804_173014_890,1,Unspecified,1690,2026-08-04T17:44:27.9898666+09:00,2026-08-04T17:44:28.4898666+09:00,853.098890,853.598890,30,30,-0.030195,-0.031124,0.000000,0.000000,0.000000,0.000152,0
20260804_173014_890,1,Unspecified,1691,2026-08-04T17:44:28.4898666+09:00,2026-08-04T17:44:28.9898666+09:00,853.598890,854.098890,30,30,-0.030256,-0.031118,0.000000,0.000000,0.000000,0.000065,0
20260804_173014_890,1,Unspecified,1692,2026-08-04T17:44:28.9898666+09:00,2026-08-04T17:44:29.4898666+09:00,854.098890,854.598890,30,30,-0.030207,-0.031122,0.000000,0.000000,0.000000,0.000053,0
20260804_173014_890,1,Unspecified,1693,2026-08-04T17:44:29.4898666+09:00,2026-08-04T17:44:29.9898666+09:00,854.598890,855.098890,30,30,-0.030370,-0.031093,0.000000,0.000000,0.000000,0.000110,0
20260804_173014_890,1,Unspecified,1694,2026-08-04T17:44:29.9898666+09:00,2026-08-04T17:44:30.4898666+09:00,855.098890,855.598890,30,30,-0.030451,-0.031076,0.000000,0.000000,0.000000,0.000043,0
20260804_173014_890,1,Unspecified,1695,2026-08-04T17:44:30.4898666+09:00,2026-08-04T17:44:30.9898666+09:00,855.598890,856.098890,30,30,-0.030440,-0.031083,0.000000,0.000000,0.000000,0.000112,0
20260804_173014_890,1,Unspecified,1696,2026-08-04T17:44:30.9898666+09:00,2026-08-04T17:44:31.4898666+09:00,856.098890,856.598890,30,30,-0.030220,-0.031124,0.000000,0.000000,0.000000,0.000051,0
20260804_173014_890,1,Unspecified,1697,2026-08-04T17:44:31.4898666+09:00,2026-08-04T17:44:31.9898666+09:00,856.598890,857.098890,30,30,-0.030233,-0.031120,0.000000,0.000000,0.000000,0.000038,0
20260804_173014_890,1,Unspecified,1698,2026-08-04T17:44:31.9898666+09:00,2026-08-04T17:44:32.4898666+09:00,857.098890,857.598890,30,30,-0.030293,-0.031110,0.000000,0.000000,0.000000,0.000063,0
20260804_173014_890,1,Unspecified,1699,2026-08-04T17:44:32.4898666+09:00,2026-08-04T17:44:32.9898666+09:00,857.598890,858.098890,30,30,-0.030498,-0.031077,0.000000,0.000000,0.000000,0.000080,0
20260804_173014_890,1,Unspecified,1700,2026-08-04T17:44:32.9898666+09:00,2026-08-04T17:44:33.4898666+09:00,858.098890,858.598890,30,30,-0.030635,-0.031053,0.000000,0.000000,0.000000,0.000039,0
20260804_173014_890,1,Unspecified,1701,2026-08-04T17:44:33.4898666+09:00,2026-08-04T17:44:33.9898666+09:00,858.598890,859.098890,30,30,-0.030677,-0.031051,0.000000,0.000000,0.000000,0.000098,0
20260804_173014_890,1,Unspecified,1702,2026-08-04T17:44:33.9898666+09:00,2026-08-04T17:44:34.4898666+09:00,859.098890,859.598890,30,30,-0.030433,-0.031100,0.000000,0.000000,0.000000,0.000069,0
20260804_173014_890,1,Unspecified,1703,2026-08-04T17:44:34.4898666+09:00,2026-08-04T17:44:34.9898666+09:00,859.598890,860.098890,30,30,-0.030370,-0.031101,0.000000,0.000000,0.000000,0.000103,0
20260804_173014_890,1,Unspecified,1704,2026-08-04T17:44:34.9898666+09:00,2026-08-04T17:44:35.4898666+09:00,860.098890,860.598890,30,30,-0.030323,-0.031099,0.000000,0.000000,0.000000,0.000070,0
20260804_173014_890,1,Unspecified,1705,2026-08-04T17:44:35.4898666+09:00,2026-08-04T17:44:35.9898666+09:00,860.598890,861.098890,30,30,-0.030419,-0.031081,0.000000,0.000000,0.000000,0.000036,0
20260804_173014_890,1,Unspecified,1706,2026-08-04T17:44:35.9898666+09:00,2026-08-04T17:44:36.4898666+09:00,861.098890,861.598890,30,30,-0.030491,-0.031061,0.000000,0.000000,0.000000,0.000054,0
20260804_173014_890,1,Unspecified,1707,2026-08-04T17:44:36.4898666+09:00,2026-08-04T17:44:36.9898666+09:00,861.598890,862.098890,30,30,-0.030398,-0.031077,0.000000,0.000000,0.000000,0.000057,0
20260804_173014_890,1,Unspecified,1708,2026-08-04T17:44:36.9898666+09:00,2026-08-04T17:44:37.4898666+09:00,862.098890,862.598890,30,30,-0.030221,-0.031114,0.000000,0.000000,0.000000,0.000042,0
20260804_173014_890,1,Unspecified,1709,2026-08-04T17:44:37.4898666+09:00,2026-08-04T17:44:37.9898666+09:00,862.598890,863.098890,30,30,-0.030229,-0.031112,0.000000,0.000000,0.000000,0.000031,0
20260804_173014_890,1,Unspecified,1710,2026-08-04T17:44:37.9898666+09:00,2026-08-04T17:44:38.4898666+09:00,863.098890,863.598890,30,30,-0.030271,-0.031107,0.000000,0.000000,0.000000,0.000083,0
20260804_173014_890,1,Unspecified,1711,2026-08-04T17:44:38.4898666+09:00,2026-08-04T17:44:38.9898666+09:00,863.598890,864.098890,30,30,-0.030415,-0.031079,0.000000,0.000000,0.000000,0.000058,0
20260804_173014_890,1,Unspecified,1712,2026-08-04T17:44:38.9898666+09:00,2026-08-04T17:44:39.4898666+09:00,864.098890,864.598890,30,30,-0.030485,-0.031067,0.000000,0.000000,0.000000,0.000053,0
20260804_173014_890,1,Unspecified,1713,2026-08-04T17:44:39.4898666+09:00,2026-08-04T17:44:39.9898666+09:00,864.598890,865.098890,30,30,-0.030350,-0.031092,0.000000,0.000000,0.000000,0.000085,0
20260804_173014_890,1,Unspecified,1714,2026-08-04T17:44:39.9898666+09:00,2026-08-04T17:44:40.4898666+09:00,865.098890,865.598890,30,30,-0.030323,-0.031100,0.000000,0.000000,0.000000,0.000048,0
20260804_173014_890,1,Unspecified,1715,2026-08-04T17:44:40.4898666+09:00,2026-08-04T17:44:40.9898666+09:00,865.598890,866.098890,30,30,-0.030232,-0.031111,0.000000,0.000000,0.000000,0.000048,0
20260804_173014_890,1,Unspecified,1716,2026-08-04T17:44:40.9898666+09:00,2026-08-04T17:44:41.4898666+09:00,866.098890,866.598890,30,30,-0.030292,-0.031103,0.000000,0.000000,0.000000,0.000055,0
20260804_173014_890,1,Unspecified,1717,2026-08-04T17:44:41.4898666+09:00,2026-08-04T17:44:41.9898666+09:00,866.598890,867.098890,30,30,-0.030410,-0.031078,0.000000,0.000000,0.000000,0.000081,0
20260804_173014_890,1,Unspecified,1718,2026-08-04T17:44:41.9898666+09:00,2026-08-04T17:44:42.4898666+09:00,867.098890,867.598890,30,30,-0.030491,-0.031064,0.000000,0.000000,0.000000,0.000051,0
20260804_173014_890,1,Unspecified,1719,2026-08-04T17:44:42.4898666+09:00,2026-08-04T17:44:42.9898666+09:00,867.598890,868.098890,30,30,-0.030441,-0.031075,0.000000,0.000000,0.000000,0.000112,0
20260804_173014_890,1,Unspecified,1720,2026-08-04T17:44:42.9898666+09:00,2026-08-04T17:44:43.4898666+09:00,868.098890,868.598890,30,30,-0.030171,-0.031123,0.000000,0.000000,0.000000,0.000054,0
20260804_173014_890,1,Unspecified,1721,2026-08-04T17:44:43.4898666+09:00,2026-08-04T17:44:43.9898666+09:00,868.598890,869.098890,30,30,-0.030061,-0.031141,0.000000,0.000000,0.000000,0.000052,0
20260804_173014_890,1,Unspecified,1722,2026-08-04T17:44:43.9898666+09:00,2026-08-04T17:44:44.4898666+09:00,869.098890,869.598890,30,30,-0.030093,-0.031136,0.000000,0.000000,0.000000,0.000046,0
20260804_173014_890,1,Unspecified,1723,2026-08-04T17:44:44.4898666+09:00,2026-08-04T17:44:44.9898666+09:00,869.598890,870.098890,30,30,-0.030332,-0.031091,0.000000,0.000000,0.000000,0.000059,0
20260804_173014_890,1,Unspecified,1724,2026-08-04T17:44:44.9898666+09:00,2026-08-04T17:44:45.4898666+09:00,870.098890,870.598890,30,30,-0.030326,-0.031094,0.000000,0.000000,0.000000,0.000030,0
20260804_173014_890,1,Unspecified,1725,2026-08-04T17:44:45.4898666+09:00,2026-08-04T17:44:45.9898666+09:00,870.598890,871.098890,30,30,-0.030388,-0.031085,0.000000,0.000000,0.000000,0.000034,0
20260804_173014_890,1,Unspecified,1726,2026-08-04T17:44:45.9898666+09:00,2026-08-04T17:44:46.4898666+09:00,871.098890,871.598890,30,30,-0.030248,-0.031108,0.000000,0.000000,0.000000,0.000046,0
20260804_173014_890,1,Unspecified,1727,2026-08-04T17:44:46.4898666+09:00,2026-08-04T17:44:46.9898666+09:00,871.598890,872.098890,30,30,-0.030051,-0.031140,0.000000,0.000000,0.000000,0.000051,0
20260804_173014_890,1,Unspecified,1728,2026-08-04T17:44:46.9898666+09:00,2026-08-04T17:44:47.4898666+09:00,872.098890,872.598890,30,30,-0.030029,-0.031147,0.000000,0.000000,0.000000,0.000042,0
20260804_173014_890,1,Unspecified,1729,2026-08-04T17:44:47.4898666+09:00,2026-08-04T17:44:47.9898666+09:00,872.598890,873.098890,30,30,-0.030015,-0.031152,0.000000,0.000000,0.000000,0.000063,0
20260804_173014_890,1,Unspecified,1730,2026-08-04T17:44:47.9898666+09:00,2026-08-04T17:44:48.4898666+09:00,873.098890,873.598890,30,30,-0.030189,-0.031119,0.000000,0.000000,0.000000,0.000057,0
20260804_173014_890,1,Unspecified,1731,2026-08-04T17:44:48.4898666+09:00,2026-08-04T17:44:48.9898666+09:00,873.598890,874.098890,30,30,-0.030148,-0.031125,0.000000,0.000000,0.000000,0.000045,0
20260804_173014_890,1,Unspecified,1732,2026-08-04T17:44:48.9898666+09:00,2026-08-04T17:44:49.4898666+09:00,874.098890,874.598890,30,30,-0.030179,-0.031114,0.000000,0.000000,0.000000,0.000022,0
20260804_173014_890,1,Unspecified,1733,2026-08-04T17:44:49.4898666+09:00,2026-08-04T17:44:49.9898666+09:00,874.598890,875.098890,30,30,-0.029977,-0.031152,0.000000,0.000000,0.000000,0.000120,0
20260804_173014_890,1,Unspecified,1734,2026-08-04T17:44:49.9898666+09:00,2026-08-04T17:44:50.4898666+09:00,875.098890,875.598890,30,30,-0.029832,-0.031181,0.000000,0.000000,0.000000,0.000035,0
20260804_173014_890,1,Unspecified,1735,2026-08-04T17:44:50.4898666+09:00,2026-08-04T17:44:50.9898666+09:00,875.598890,876.098890,30,30,-0.029775,-0.031187,0.000000,0.000000,0.000000,0.000047,0
20260804_173014_890,1,Unspecified,1736,2026-08-04T17:44:50.9898666+09:00,2026-08-04T17:44:51.4898666+09:00,876.098890,876.598890,30,30,-0.029943,-0.031157,0.000000,0.000000,0.000000,0.000100,0
20260804_173014_890,1,Unspecified,1737,2026-08-04T17:44:51.4898666+09:00,2026-08-04T17:44:51.9898666+09:00,876.598890,877.098890,30,30,-0.029959,-0.031151,0.000000,0.000000,0.000000,0.000057,0
20260804_173014_890,1,Unspecified,1738,2026-08-04T17:44:51.9898666+09:00,2026-08-04T17:44:52.4898666+09:00,877.098890,877.598890,30,30,-0.029987,-0.031149,0.000000,0.000000,0.000000,0.000045,0
20260804_173014_890,1,Unspecified,1739,2026-08-04T17:44:52.4898666+09:00,2026-08-04T17:44:52.9898666+09:00,877.598890,878.098890,30,30,-0.029801,-0.031188,0.000000,0.000000,0.000000,0.000086,0
20260804_173014_890,1,Unspecified,1740,2026-08-04T17:44:52.9898666+09:00,2026-08-04T17:44:53.4898666+09:00,878.098890,878.598890,30,30,-0.029697,-0.031201,0.000000,0.000000,0.000000,0.000047,0
20260804_173014_890,1,Unspecified,1741,2026-08-04T17:44:53.4898666+09:00,2026-08-04T17:44:53.9898666+09:00,878.598890,879.098890,30,30,-0.029586,-0.031222,0.000000,0.000000,0.000000,0.000055,0
20260804_173014_890,1,Unspecified,1742,2026-08-04T17:44:53.9898666+09:00,2026-08-04T17:44:54.4898666+09:00,879.098890,879.598890,30,30,-0.029663,-0.031207,0.000000,0.000000,0.000000,0.000162,0
20260804_173014_890,1,Unspecified,1743,2026-08-04T17:44:54.4898666+09:00,2026-08-04T17:44:54.9898666+09:00,879.598890,880.098890,30,30,-0.029751,-0.031191,0.000000,0.000000,0.000000,0.000060,0
20260804_173014_890,1,Unspecified,1744,2026-08-04T17:44:54.9898666+09:00,2026-08-04T17:44:55.4898666+09:00,880.098890,880.598890,30,30,-0.029825,-0.031175,0.000000,0.000000,0.000000,0.000061,0
20260804_173014_890,1,Unspecified,1745,2026-08-04T17:44:55.4898666+09:00,2026-08-04T17:44:55.9898666+09:00,880.598890,881.098890,30,30,-0.029733,-0.031198,0.000000,0.000000,0.000000,0.000056,0
20260804_173014_890,1,Unspecified,1746,2026-08-04T17:44:55.9898666+09:00,2026-08-04T17:44:56.4898666+09:00,881.098890,881.598890,30,30,-0.029614,-0.031217,0.000000,0.000000,0.000000,0.000043,0
20260804_173014_890,1,Unspecified,1747,2026-08-04T17:44:56.4898666+09:00,2026-08-04T17:44:56.9898666+09:00,881.598890,882.098890,30,30,-0.029568,-0.031223,0.000000,0.000000,0.000000,0.000033,0
20260804_173014_890,1,Unspecified,1748,2026-08-04T17:44:56.9898666+09:00,2026-08-04T17:44:57.4898666+09:00,882.098890,882.598890,30,30,-0.029716,-0.031195,0.000000,0.000000,0.000000,0.000059,0
20260804_173014_890,1,Unspecified,1749,2026-08-04T17:44:57.4898666+09:00,2026-08-04T17:44:57.9898666+09:00,882.598890,883.098890,30,30,-0.029852,-0.031172,0.000000,0.000000,0.000000,0.000054,0
20260804_173014_890,1,Unspecified,1750,2026-08-04T17:44:57.9898666+09:00,2026-08-04T17:44:58.4898666+09:00,883.098890,883.598890,30,30,-0.029722,-0.031192,0.000000,0.000000,0.000000,0.000074,0
20260804_173014_890,1,Unspecified,1751,2026-08-04T17:44:58.4898666+09:00,2026-08-04T17:44:58.9898666+09:00,883.598890,884.098890,30,30,-0.029470,-0.031241,0.000000,0.000000,0.000000,0.000054,0
20260804_173014_890,1,Unspecified,1752,2026-08-04T17:44:58.9898666+09:00,2026-08-04T17:44:59.4898666+09:00,884.098890,884.598890,30,30,-0.029505,-0.031237,0.000000,0.000000,0.000000,0.000054,0
20260804_173014_890,1,Unspecified,1753,2026-08-04T17:44:59.4898666+09:00,2026-08-04T17:44:59.9898666+09:00,884.598890,885.098890,30,30,-0.029471,-0.031239,0.000000,0.000000,0.000000,0.000047,0
20260804_173014_890,1,Unspecified,1754,2026-08-04T17:44:59.9898666+09:00,2026-08-04T17:45:00.4898666+09:00,885.098890,885.598890,30,30,-0.029589,-0.031218,0.000000,0.000000,0.000000,0.000048,0
20260804_173014_890,1,Unspecified,1755,2026-08-04T17:45:00.4898666+09:00,2026-08-04T17:45:00.9898666+09:00,885.598890,886.098890,30,30,-0.029725,-0.031193,0.000000,0.000000,0.000000,0.000050,0
20260804_173014_890,1,Unspecified,1756,2026-08-04T17:45:00.9898666+09:00,2026-08-04T17:45:01.4898666+09:00,886.098890,886.598890,30,30,-0.029696,-0.031197,0.000000,0.000000,0.000000,0.000079,0
20260804_173014_890,1,Unspecified,1757,2026-08-04T17:45:01.4898666+09:00,2026-08-04T17:45:01.9898666+09:00,886.598890,887.098890,30,30,-0.029504,-0.031235,0.000000,0.000000,0.000000,0.000147,0
20260804_173014_890,1,Unspecified,1758,2026-08-04T17:45:01.9898666+09:00,2026-08-04T17:45:02.4898666+09:00,887.098890,887.598890,30,30,-0.029473,-0.031246,0.000000,0.000000,0.000000,0.000090,0
20260804_173014_890,1,Unspecified,1759,2026-08-04T17:45:02.4898666+09:00,2026-08-04T17:45:02.9898666+09:00,887.598890,888.098890,30,30,-0.029404,-0.031258,0.000000,0.000000,0.000000,0.000102,0
20260804_173014_890,1,Unspecified,1760,2026-08-04T17:45:02.9898666+09:00,2026-08-04T17:45:03.4898666+09:00,888.098890,888.598890,30,30,-0.029469,-0.031242,0.000000,0.000000,0.000000,0.000043,0
20260804_173014_890,1,Unspecified,1761,2026-08-04T17:45:03.4898666+09:00,2026-08-04T17:45:03.9898666+09:00,888.598890,889.098890,30,30,-0.029589,-0.031220,0.000000,0.000000,0.000000,0.000072,0
20260804_173014_890,1,Unspecified,1762,2026-08-04T17:45:03.9898666+09:00,2026-08-04T17:45:04.4898666+09:00,889.098890,889.598890,30,30,-0.029403,-0.031255,0.000000,0.000000,0.000000,0.000054,0
20260804_173014_890,1,Unspecified,1763,2026-08-04T17:45:04.4898666+09:00,2026-08-04T17:45:04.9898666+09:00,889.598890,890.098890,30,30,-0.029408,-0.031252,0.000000,0.000000,0.000000,0.000050,0
20260804_173014_890,1,Unspecified,1764,2026-08-04T17:45:04.9898666+09:00,2026-08-04T17:45:05.4898666+09:00,890.098890,890.598890,30,30,-0.029453,-0.031240,0.000000,0.000000,0.000000,0.000091,0
20260804_173014_890,1,Unspecified,1765,2026-08-04T17:45:05.4898666+09:00,2026-08-04T17:45:05.9898666+09:00,890.598890,891.098890,30,30,-0.029634,-0.031208,0.000000,0.000000,0.000000,0.000045,0
20260804_173014_890,1,Unspecified,1766,2026-08-04T17:45:05.9898666+09:00,2026-08-04T17:45:06.4898666+09:00,891.098890,891.598890,30,30,-0.029701,-0.031194,0.000000,0.000000,0.000000,0.000043,0
20260804_173014_890,1,Unspecified,1767,2026-08-04T17:45:06.4898666+09:00,2026-08-04T17:45:06.9898666+09:00,891.598890,892.098890,30,30,-0.029395,-0.031253,0.000000,0.000000,0.000000,0.000111,0
20260804_173014_890,1,Unspecified,1768,2026-08-04T17:45:06.9898666+09:00,2026-08-04T17:45:07.4898666+09:00,892.098890,892.598890,30,30,-0.029315,-0.031268,0.000000,0.000000,0.000000,0.000042,0
20260804_173014_890,1,Unspecified,1769,2026-08-04T17:45:07.4898666+09:00,2026-08-04T17:45:07.9898666+09:00,892.598890,893.098890,30,30,-0.029332,-0.031268,0.000000,0.000000,0.000000,0.000039,0
20260804_173014_890,1,Unspecified,1770,2026-08-04T17:45:07.9898666+09:00,2026-08-04T17:45:08.4898666+09:00,893.098890,893.598890,30,30,-0.029427,-0.031251,0.000000,0.000000,0.000000,0.000059,0
20260804_173014_890,1,Unspecified,1771,2026-08-04T17:45:08.4898666+09:00,2026-08-04T17:45:08.9898666+09:00,893.598890,894.098890,30,30,-0.029465,-0.031245,0.000000,0.000000,0.000000,0.000043,0
20260804_173014_890,1,Unspecified,1772,2026-08-04T17:45:08.9898666+09:00,2026-08-04T17:45:09.4898666+09:00,894.098890,894.598890,30,30,-0.029542,-0.031228,0.000000,0.000000,0.000000,0.000053,0
20260804_173014_890,1,Unspecified,1773,2026-08-04T17:45:09.4898666+09:00,2026-08-04T17:45:09.9898666+09:00,894.598890,895.098890,30,30,-0.029404,-0.031254,0.000000,0.000000,0.000000,0.000056,0
20260804_173014_890,1,Unspecified,1774,2026-08-04T17:45:09.9898666+09:00,2026-08-04T17:45:10.4898666+09:00,895.098890,895.598890,30,30,-0.029295,-0.031277,0.000000,0.000000,0.000000,0.000035,0
20260804_173014_890,1,Unspecified,1775,2026-08-04T17:45:10.4898666+09:00,2026-08-04T17:45:10.9898666+09:00,895.598890,896.098890,30,30,-0.029312,-0.031272,0.000000,0.000000,0.000000,0.000045,0
20260804_173014_890,1,Unspecified,1776,2026-08-04T17:45:10.9898666+09:00,2026-08-04T17:45:11.4898666+09:00,896.098890,896.598890,30,30,-0.029517,-0.031231,0.000000,0.000000,0.000000,0.000108,0
20260804_173014_890,1,Unspecified,1777,2026-08-04T17:45:11.4898666+09:00,2026-08-04T17:45:11.9898666+09:00,896.598890,897.098890,30,30,-0.029639,-0.031212,0.000000,0.000000,0.000000,0.000028,0
20260804_173014_890,1,Unspecified,1778,2026-08-04T17:45:11.9898666+09:00,2026-08-04T17:45:12.4898666+09:00,897.098890,897.598890,30,30,-0.029596,-0.031217,0.000000,0.000000,0.000000,0.000086,0
20260804_173014_890,1,Unspecified,1779,2026-08-04T17:45:12.4898666+09:00,2026-08-04T17:45:12.9898666+09:00,897.598890,898.098890,30,30,-0.029448,-0.031243,0.000000,0.000000,0.000000,0.000033,0
20260804_173014_890,1,Unspecified,1780,2026-08-04T17:45:12.9898666+09:00,2026-08-04T17:45:13.4898666+09:00,898.098890,898.598890,30,30,-0.029376,-0.031257,0.000000,0.000000,0.000000,0.000048,0
20260804_173014_890,1,Unspecified,1781,2026-08-04T17:45:13.4898666+09:00,2026-08-04T17:45:13.9898666+09:00,898.598890,899.098890,30,30,-0.029357,-0.031264,0.000000,0.000000,0.000000,0.000041,0
20260804_173014_890,1,Unspecified,1782,2026-08-04T17:45:13.9898666+09:00,2026-08-04T17:45:14.4898666+09:00,899.098890,899.598890,30,30,-0.029350,-0.031264,0.000000,0.000000,0.000000,0.000073,0
20260804_173014_890,1,Unspecified,1783,2026-08-04T17:45:14.4898666+09:00,2026-08-04T17:45:14.9898666+09:00,899.598890,900.098890,30,30,-0.029583,-0.031215,0.000000,0.000000,0.000000,0.000040,0
20260804_173014_890,1,Unspecified,1784,2026-08-04T17:45:14.9898666+09:00,2026-08-04T17:45:15.4898666+09:00,900.098890,900.598890,30,30,-0.029627,-0.031206,0.000000,0.000000,0.000000,0.000086,0
20260804_173014_890,1,Unspecified,1785,2026-08-04T17:45:15.4898666+09:00,2026-08-04T17:45:15.9898666+09:00,900.598890,901.098890,30,30,-0.029605,-0.031209,0.000000,0.000000,0.000000,0.000072,0
20260804_173014_890,1,Unspecified,1786,2026-08-04T17:45:15.9898666+09:00,2026-08-04T17:45:16.4898666+09:00,901.098890,901.598890,30,30,-0.029492,-0.031234,0.000000,0.000000,0.000000,0.000040,0
20260804_173014_890,1,Unspecified,1787,2026-08-04T17:45:16.4898666+09:00,2026-08-04T17:45:16.9898666+09:00,901.598890,902.098890,30,30,-0.029449,-0.031243,0.000000,0.000000,0.000000,0.000037,0
20260804_173014_890,1,Unspecified,1788,2026-08-04T17:45:16.9898666+09:00,2026-08-04T17:45:17.4898666+09:00,902.098890,902.598890,30,30,-0.029592,-0.031215,0.000000,0.000000,0.000000,0.000110,0
20260804_173014_890,1,Unspecified,1789,2026-08-04T17:45:17.4898666+09:00,2026-08-04T17:45:17.9898666+09:00,902.598890,903.098890,30,30,-0.029727,-0.031191,0.000000,0.000000,0.000000,0.000025,0
20260804_173014_890,1,Unspecified,1790,2026-08-04T17:45:17.9898666+09:00,2026-08-04T17:45:18.4898666+09:00,903.098890,903.598890,30,30,-0.029821,-0.031176,0.000000,0.000000,0.000000,0.000040,0
20260804_173014_890,1,Unspecified,1791,2026-08-04T17:45:18.4898666+09:00,2026-08-04T17:45:18.9898666+09:00,903.598890,904.098890,30,30,-0.029687,-0.031201,0.000000,0.000000,0.000000,0.000120,0
20260804_173014_890,1,Unspecified,1792,2026-08-04T17:45:18.9898666+09:00,2026-08-04T17:45:19.4898666+09:00,904.098890,904.598890,30,30,-0.029663,-0.031208,0.000000,0.000000,0.000000,0.000081,0
20260804_173014_890,1,Unspecified,1793,2026-08-04T17:45:19.4898666+09:00,2026-08-04T17:45:19.9898666+09:00,904.598890,905.098890,30,30,-0.029645,-0.031213,0.000000,0.000000,0.000000,0.000056,0
20260804_173014_890,1,Unspecified,1794,2026-08-04T17:45:19.9898666+09:00,2026-08-04T17:45:20.4898666+09:00,905.098890,905.598890,30,30,-0.029708,-0.031197,0.000000,0.000000,0.000000,0.000094,0
20260804_173014_890,1,Unspecified,1795,2026-08-04T17:45:20.4898666+09:00,2026-08-04T17:45:20.9898666+09:00,905.598890,906.098890,30,30,-0.029964,-0.031145,0.000000,0.000000,0.000000,0.000058,0
20260804_173014_890,1,Unspecified,1796,2026-08-04T17:45:20.9898666+09:00,2026-08-04T17:45:21.4898666+09:00,906.098890,906.598890,30,30,-0.029971,-0.031142,0.000000,0.000000,0.000000,0.000049,0
20260804_173014_890,1,Unspecified,1797,2026-08-04T17:45:21.4898666+09:00,2026-08-04T17:45:21.9898666+09:00,906.598890,907.098890,30,30,-0.030035,-0.031134,0.000000,0.000000,0.000000,0.000158,0
20260804_173014_890,1,Unspecified,1798,2026-08-04T17:45:21.9898666+09:00,2026-08-04T17:45:22.4898666+09:00,907.098890,907.598890,30,30,-0.029710,-0.031192,0.000000,0.000000,0.000000,0.000078,0
20260804_173014_890,1,Unspecified,1799,2026-08-04T17:45:22.4898666+09:00,2026-08-04T17:45:22.9898666+09:00,907.598890,908.098890,30,30,-0.029579,-0.031212,0.000000,0.000000,0.000000,0.000100,0
20260804_173014_890,1,Unspecified,1800,2026-08-04T17:45:22.9898666+09:00,2026-08-04T17:45:23.4898666+09:00,908.098890,908.598890,30,30,-0.029879,-0.031159,0.000000,0.000000,0.000000,0.000051,0
20260804_173014_890,1,Unspecified,1801,2026-08-04T17:45:23.4898666+09:00,2026-08-04T17:45:23.9898666+09:00,908.598890,909.098890,30,30,-0.029980,-0.031139,0.000000,0.000000,0.000000,0.000103,0
20260804_173014_890,1,Unspecified,1802,2026-08-04T17:45:23.9898666+09:00,2026-08-04T17:45:24.4898666+09:00,909.098890,909.598890,30,30,-0.029766,-0.031184,0.000000,0.000000,0.000000,0.000138,0
20260804_173014_890,1,Unspecified,1803,2026-08-04T17:45:24.4898666+09:00,2026-08-04T17:45:24.9898666+09:00,909.598890,910.098890,30,30,-0.029573,-0.031216,0.000000,0.000000,0.000000,0.000079,0
20260804_173014_890,1,Unspecified,1804,2026-08-04T17:45:24.9898666+09:00,2026-08-04T17:45:25.4898666+09:00,910.098890,910.598890,30,30,-0.029508,-0.031231,0.000000,0.000000,0.000000,0.000048,0
20260804_173014_890,1,Unspecified,1805,2026-08-04T17:45:25.4898666+09:00,2026-08-04T17:45:25.9898666+09:00,910.598890,911.098890,30,30,-0.029441,-0.031242,0.000000,0.000000,0.000000,0.000046,0
20260804_173014_890,1,Unspecified,1806,2026-08-04T17:45:25.9898666+09:00,2026-08-04T17:45:26.4898666+09:00,911.098890,911.598890,30,30,-0.029582,-0.031215,0.000000,0.000000,0.000000,0.000142,0
20260804_173014_890,1,Unspecified,1807,2026-08-04T17:45:26.4898666+09:00,2026-08-04T17:45:26.9898666+09:00,911.598890,912.098890,30,30,-0.029650,-0.031202,0.000000,0.000000,0.000000,0.000076,0
20260804_173014_890,1,Unspecified,1808,2026-08-04T17:45:26.9898666+09:00,2026-08-04T17:45:27.4898666+09:00,912.098890,912.598890,30,30,-0.029657,-0.031200,0.000000,0.000000,0.000000,0.000031,0
20260804_173014_890,1,Unspecified,1809,2026-08-04T17:45:27.4898666+09:00,2026-08-04T17:45:27.9898666+09:00,912.598890,913.098890,30,30,-0.029591,-0.031211,0.000000,0.000000,0.000000,0.000048,0
20260804_173014_890,1,Unspecified,1810,2026-08-04T17:45:27.9898666+09:00,2026-08-04T17:45:28.4898666+09:00,913.098890,913.598890,30,30,-0.029444,-0.031240,0.000000,0.000000,0.000000,0.000043,0
20260804_173014_890,1,Unspecified,1811,2026-08-04T17:45:28.4898666+09:00,2026-08-04T17:45:28.9898666+09:00,913.598890,914.098890,30,30,-0.029417,-0.031245,0.000000,0.000000,0.000000,0.000037,0
20260804_173014_890,1,Unspecified,1812,2026-08-04T17:45:28.9898666+09:00,2026-08-04T17:45:29.4898666+09:00,914.098890,914.598890,30,30,-0.029320,-0.031263,0.000000,0.000000,0.000000,0.000041,0
20260804_173014_890,1,Unspecified,1813,2026-08-04T17:45:29.4898666+09:00,2026-08-04T17:45:29.9898666+09:00,914.598890,915.098890,30,30,-0.029511,-0.031228,0.000000,0.000000,0.000000,0.000092,0
20260804_173014_890,1,Unspecified,1814,2026-08-04T17:45:29.9898666+09:00,2026-08-04T17:45:30.4898666+09:00,915.098890,915.598890,30,30,-0.029684,-0.031197,0.000000,0.000000,0.000000,0.000059,0
20260804_173014_890,1,Unspecified,1815,2026-08-04T17:45:30.4898666+09:00,2026-08-04T17:45:30.9898666+09:00,915.598890,916.098890,30,30,-0.029684,-0.031196,0.000000,0.000000,0.000000,0.000061,0
20260804_173014_890,1,Unspecified,1816,2026-08-04T17:45:30.9898666+09:00,2026-08-04T17:45:31.4898666+09:00,916.098890,916.598890,30,30,-0.029621,-0.031209,0.000000,0.000000,0.000000,0.000054,0
20260804_173014_890,1,Unspecified,1817,2026-08-04T17:45:31.4898666+09:00,2026-08-04T17:45:31.9898666+09:00,916.598890,917.098890,30,30,-0.029491,-0.031234,0.000000,0.000000,0.000000,0.000042,0
20260804_173014_890,1,Unspecified,1818,2026-08-04T17:45:31.9898666+09:00,2026-08-04T17:45:32.4898666+09:00,917.098890,917.598890,30,30,-0.029382,-0.031251,0.000000,0.000000,0.000000,0.000055,0
20260804_173014_890,1,Unspecified,1819,2026-08-04T17:45:32.4898666+09:00,2026-08-04T17:45:32.9898666+09:00,917.598890,918.098890,30,30,-0.029310,-0.031268,0.000000,0.000000,0.000000,0.000126,0
20260804_173014_890,1,Unspecified,1820,2026-08-04T17:45:32.9898666+09:00,2026-08-04T17:45:33.4898666+09:00,918.098890,918.598890,30,30,-0.029502,-0.031227,0.000000,0.000000,0.000000,0.000127,0
20260804_173014_890,1,Unspecified,1821,2026-08-04T17:45:33.4898666+09:00,2026-08-04T17:45:33.9898666+09:00,918.598890,919.098890,30,30,-0.029522,-0.031224,0.000000,0.000000,0.000000,0.000039,0
20260804_173014_890,1,Unspecified,1822,2026-08-04T17:45:33.9898666+09:00,2026-08-04T17:45:34.4898666+09:00,919.098890,919.598890,30,30,-0.029473,-0.031236,0.000000,0.000000,0.000000,0.000073,0
20260804_173014_890,1,Unspecified,1823,2026-08-04T17:45:34.4898666+09:00,2026-08-04T17:45:34.9898666+09:00,919.598890,920.098890,30,30,-0.029417,-0.031249,0.000000,0.000000,0.000000,0.000039,0
20260804_173014_890,1,Unspecified,1824,2026-08-04T17:45:34.9898666+09:00,2026-08-04T17:45:35.4898666+09:00,920.098890,920.598890,30,30,-0.029435,-0.031243,0.000000,0.000000,0.000000,0.000091,0
20260804_173014_890,1,Unspecified,1825,2026-08-04T17:45:35.4898666+09:00,2026-08-04T17:45:35.9898666+09:00,920.598890,921.098890,30,30,-0.029678,-0.031197,0.000000,0.000000,0.000000,0.000047,0
20260804_173014_890,1,Unspecified,1826,2026-08-04T17:45:35.9898666+09:00,2026-08-04T17:45:36.4898666+09:00,921.098890,921.598890,30,30,-0.029715,-0.031190,0.000000,0.000000,0.000000,0.000057,0
20260804_173014_890,1,Unspecified,1827,2026-08-04T17:45:36.4898666+09:00,2026-08-04T17:45:36.9898666+09:00,921.598890,922.098890,30,30,-0.029665,-0.031193,0.000000,0.000000,0.000000,0.000079,0
20260804_173014_890,1,Unspecified,1828,2026-08-04T17:45:36.9898666+09:00,2026-08-04T17:45:37.4898666+09:00,922.098890,922.598890,30,30,-0.029510,-0.031225,0.000000,0.000000,0.000000,0.000062,0
20260804_173014_890,1,Unspecified,1829,2026-08-04T17:45:37.4898666+09:00,2026-08-04T17:45:37.9898666+09:00,922.598890,923.098890,30,30,-0.029499,-0.031231,0.000000,0.000000,0.000000,0.000036,0
20260804_173014_890,1,Unspecified,1830,2026-08-04T17:45:37.9898666+09:00,2026-08-04T17:45:38.4898666+09:00,923.098890,923.598890,30,30,-0.029491,-0.031232,0.000000,0.000000,0.000000,0.000036,0
20260804_173014_890,1,Unspecified,1831,2026-08-04T17:45:38.4898666+09:00,2026-08-04T17:45:38.9898666+09:00,923.598890,924.098890,30,30,-0.029585,-0.031214,0.000000,0.000000,0.000000,0.000051,0
20260804_173014_890,1,Unspecified,1832,2026-08-04T17:45:38.9898666+09:00,2026-08-04T17:45:39.4898666+09:00,924.098890,924.598890,30,30,-0.029599,-0.031208,0.000000,0.000000,0.000000,0.000046,0
20260804_173014_890,1,Unspecified,1833,2026-08-04T17:45:39.4898666+09:00,2026-08-04T17:45:39.9898666+09:00,924.598890,925.098890,30,30,-0.029390,-0.031248,0.000000,0.000000,0.000000,0.000068,0
20260804_173014_890,1,Unspecified,1834,2026-08-04T17:45:39.9898666+09:00,2026-08-04T17:45:40.4898666+09:00,925.098890,925.598890,30,30,-0.029346,-0.031257,0.000000,0.000000,0.000000,0.000072,0
20260804_173014_890,1,Unspecified,1835,2026-08-04T17:45:40.4898666+09:00,2026-08-04T17:45:40.9898666+09:00,925.598890,926.098890,30,30,-0.029321,-0.031260,0.000000,0.000000,0.000000,0.000032,0
20260804_173014_890,1,Unspecified,1836,2026-08-04T17:45:40.9898666+09:00,2026-08-04T17:45:41.4898666+09:00,926.098890,926.598890,30,30,-0.029486,-0.031229,0.000000,0.000000,0.000000,0.000094,0
20260804_173014_890,1,Unspecified,1837,2026-08-04T17:45:41.4898666+09:00,2026-08-04T17:45:41.9898666+09:00,926.598890,927.098890,30,30,-0.029481,-0.031226,0.000000,0.000000,0.000000,0.000065,0
20260804_173014_890,1,Unspecified,1838,2026-08-04T17:45:41.9898666+09:00,2026-08-04T17:45:42.4898666+09:00,927.098890,927.598890,30,30,-0.029366,-0.031251,0.000000,0.000000,0.000000,0.000113,0
20260804_173014_890,1,Unspecified,1839,2026-08-04T17:45:42.4898666+09:00,2026-08-04T17:45:42.9898666+09:00,927.598890,928.098890,30,30,-0.029392,-0.031245,0.000000,0.000000,0.000000,0.000036,0
20260804_173014_890,1,Unspecified,1840,2026-08-04T17:45:42.9898666+09:00,2026-08-04T17:45:43.4898666+09:00,928.098890,928.598890,30,30,-0.029364,-0.031249,0.000000,0.000000,0.000000,0.000034,0
20260804_173014_890,1,Unspecified,1841,2026-08-04T17:45:43.4898666+09:00,2026-08-04T17:45:43.9898666+09:00,928.598890,929.098890,30,30,-0.029374,-0.031253,0.000000,0.000000,0.000000,0.000043,0
20260804_173014_890,1,Unspecified,1842,2026-08-04T17:45:43.9898666+09:00,2026-08-04T17:45:44.4898666+09:00,929.098890,929.598890,30,30,-0.029640,-0.031200,0.000000,0.000000,0.000000,0.000077,0
20260804_173014_890,1,Unspecified,1843,2026-08-04T17:45:44.4898666+09:00,2026-08-04T17:45:44.9898666+09:00,929.598890,930.098890,30,30,-0.029670,-0.031193,0.000000,0.000000,0.000000,0.000033,0
20260804_173014_890,1,Unspecified,1844,2026-08-04T17:45:44.9898666+09:00,2026-08-04T17:45:45.4898666+09:00,930.098890,930.598890,30,30,-0.029647,-0.031197,0.000000,0.000000,0.000000,0.000046,0
20260804_173014_890,1,Unspecified,1845,2026-08-04T17:45:45.4898666+09:00,2026-08-04T17:45:45.9898666+09:00,930.598890,931.098890,30,30,-0.029451,-0.031234,0.000000,0.000000,0.000000,0.000112,0
20260804_173014_890,1,Unspecified,1846,2026-08-04T17:45:45.9898666+09:00,2026-08-04T17:45:46.4898666+09:00,931.098890,931.598890,30,30,-0.029360,-0.031253,0.000000,0.000000,0.000000,0.000045,0
20260804_173014_890,1,Unspecified,1847,2026-08-04T17:45:46.4898666+09:00,2026-08-04T17:45:46.9898666+09:00,931.598890,932.098890,30,30,-0.029293,-0.031265,0.000000,0.000000,0.000000,0.000042,0
20260804_173014_890,1,Unspecified,1848,2026-08-04T17:45:46.9898666+09:00,2026-08-04T17:45:47.4898666+09:00,932.098890,932.598890,30,30,-0.029403,-0.031239,0.000000,0.000000,0.000000,0.000055,0
20260804_173014_890,1,Unspecified,1849,2026-08-04T17:45:47.4898666+09:00,2026-08-04T17:45:47.9898666+09:00,932.598890,933.098890,30,30,-0.029553,-0.031213,0.000000,0.000000,0.000000,0.000035,0
20260804_173014_890,1,Unspecified,1850,2026-08-04T17:45:47.9898666+09:00,2026-08-04T17:45:48.4898666+09:00,933.098890,933.598890,30,30,-0.029401,-0.031241,0.000000,0.000000,0.000000,0.000089,0
20260804_173014_890,1,Unspecified,1851,2026-08-04T17:45:48.4898666+09:00,2026-08-04T17:45:48.9898666+09:00,933.598890,934.098890,30,30,-0.029156,-0.031288,0.000000,0.000000,0.000000,0.000056,0
20260804_173014_890,1,Unspecified,1852,2026-08-04T17:45:48.9898666+09:00,2026-08-04T17:45:49.4898666+09:00,934.098890,934.598890,30,30,-0.029157,-0.031290,0.000000,0.000000,0.000000,0.000057,0
20260804_173014_890,1,Unspecified,1853,2026-08-04T17:45:49.4898666+09:00,2026-08-04T17:45:49.9898666+09:00,934.598890,935.098890,30,30,-0.029120,-0.031294,0.000000,0.000000,0.000000,0.000036,0
20260804_173014_890,1,Unspecified,1854,2026-08-04T17:45:49.9898666+09:00,2026-08-04T17:45:50.4898666+09:00,935.098890,935.598890,30,30,-0.029328,-0.031255,0.000000,0.000000,0.000000,0.000131,0
20260804_173014_890,1,Unspecified,1855,2026-08-04T17:45:50.4898666+09:00,2026-08-04T17:45:50.9898666+09:00,935.598890,936.098890,30,30,-0.029477,-0.031224,0.000000,0.000000,0.000000,0.000058,0
20260804_173014_890,1,Unspecified,1856,2026-08-04T17:45:50.9898666+09:00,2026-08-04T17:45:51.4898666+09:00,936.098890,936.598890,30,30,-0.029560,-0.031209,0.000000,0.000000,0.000000,0.000066,0
20260804_173014_890,1,Unspecified,1857,2026-08-04T17:45:51.4898666+09:00,2026-08-04T17:45:51.9898666+09:00,936.598890,937.098890,30,30,-0.029388,-0.031246,0.000000,0.000000,0.000000,0.000239,0
20260804_173014_890,1,Unspecified,1858,2026-08-04T17:45:51.9898666+09:00,2026-08-04T17:45:52.4898666+09:00,937.098890,937.598890,30,30,-0.029174,-0.031285,0.000000,0.000000,0.000000,0.000096,0
20260804_173014_890,1,Unspecified,1859,2026-08-04T17:45:52.4898666+09:00,2026-08-04T17:45:52.9898666+09:00,937.598890,938.098890,30,30,-0.029164,-0.031284,0.000000,0.000000,0.000000,0.000120,0
20260804_173014_890,1,Unspecified,1860,2026-08-04T17:45:52.9898666+09:00,2026-08-04T17:45:53.4898666+09:00,938.098890,938.598890,30,30,-0.029452,-0.031229,0.000000,0.000000,0.000000,0.000063,0
20260804_173014_890,1,Unspecified,1861,2026-08-04T17:45:53.4898666+09:00,2026-08-04T17:45:53.9898666+09:00,938.598890,939.098890,30,30,-0.029496,-0.031221,0.000000,0.000000,0.000000,0.000104,0
20260804_173014_890,1,Unspecified,1862,2026-08-04T17:45:53.9898666+09:00,2026-08-04T17:45:54.4898666+09:00,939.098890,939.598890,30,30,-0.029218,-0.031276,0.000000,0.000000,0.000000,0.000092,0
20260804_173014_890,1,Unspecified,1863,2026-08-04T17:45:54.4898666+09:00,2026-08-04T17:45:54.9898666+09:00,939.598890,940.098890,30,30,-0.029275,-0.031265,0.000000,0.000000,0.000000,0.000070,0
20260804_173014_890,1,Unspecified,1864,2026-08-04T17:45:54.9898666+09:00,2026-08-04T17:45:55.4898666+09:00,940.098890,940.598890,30,30,-0.029236,-0.031276,0.000000,0.000000,0.000000,0.000044,0
20260804_173014_890,1,Unspecified,1865,2026-08-04T17:45:55.4898666+09:00,2026-08-04T17:45:55.9898666+09:00,940.598890,941.098890,30,30,-0.029201,-0.031279,0.000000,0.000000,0.000000,0.000045,0
20260804_173014_890,1,Unspecified,1866,2026-08-04T17:45:55.9898666+09:00,2026-08-04T17:45:56.4898666+09:00,941.098890,941.598890,30,30,-0.029529,-0.031217,0.000000,0.000000,0.000000,0.000082,0
20260804_173014_890,1,Unspecified,1867,2026-08-04T17:45:56.4898666+09:00,2026-08-04T17:45:56.9898666+09:00,941.598890,942.098890,30,30,-0.029608,-0.031200,0.000000,0.000000,0.000000,0.000069,0
20260804_173014_890,1,Unspecified,1868,2026-08-04T17:45:56.9898666+09:00,2026-08-04T17:45:57.4898666+09:00,942.098890,942.598890,30,30,-0.029599,-0.031201,0.000000,0.000000,0.000000,0.000036,0
20260804_173014_890,1,Unspecified,1869,2026-08-04T17:45:57.4898666+09:00,2026-08-04T17:45:57.9898666+09:00,942.598890,943.098890,30,30,-0.029605,-0.031202,0.000000,0.000000,0.000000,0.000134,0
20260804_173014_890,1,Unspecified,1870,2026-08-04T17:45:57.9898666+09:00,2026-08-04T17:45:58.4898666+09:00,943.098890,943.598890,30,30,-0.029315,-0.031259,0.000000,0.000000,0.000000,0.000085,0
20260804_173014_890,1,Unspecified,1871,2026-08-04T17:45:58.4898666+09:00,2026-08-04T17:45:58.9898666+09:00,943.598890,944.098890,30,30,-0.029291,-0.031266,0.000000,0.000000,0.000000,0.000066,0
20260804_173014_890,1,Unspecified,1872,2026-08-04T17:45:58.9898666+09:00,2026-08-04T17:45:59.4898666+09:00,944.098890,944.598890,30,30,-0.029498,-0.031228,0.000000,0.000000,0.000000,0.000061,0
20260804_173014_890,1,Unspecified,1873,2026-08-04T17:45:59.4898666+09:00,2026-08-04T17:45:59.9898666+09:00,944.598890,945.098890,30,30,-0.029475,-0.031230,0.000000,0.000000,0.000000,0.000072,0
20260804_173014_890,1,Unspecified,1874,2026-08-04T17:45:59.9898666+09:00,2026-08-04T17:46:00.4898666+09:00,945.098890,945.598890,30,30,-0.029372,-0.031250,0.000000,0.000000,0.000000,0.000127,0
20260804_173014_890,1,Unspecified,1875,2026-08-04T17:46:00.4898666+09:00,2026-08-04T17:46:00.9898666+09:00,945.598890,946.098890,30,30,-0.029211,-0.031283,0.000000,0.000000,0.000000,0.000052,0
20260804_173014_890,1,Unspecified,1876,2026-08-04T17:46:00.9898666+09:00,2026-08-04T17:46:01.4898666+09:00,946.098890,946.598890,30,30,-0.029152,-0.031293,0.000000,0.000000,0.000000,0.000055,0
20260804_173014_890,1,Unspecified,1877,2026-08-04T17:46:01.4898666+09:00,2026-08-04T17:46:01.9898666+09:00,946.598890,947.098890,30,30,-0.029082,-0.031309,0.000000,0.000000,0.000000,0.000045,0
20260804_173014_890,1,Unspecified,1878,2026-08-04T17:46:01.9898666+09:00,2026-08-04T17:46:02.4898666+09:00,947.098890,947.598890,30,30,-0.029266,-0.031276,0.000000,0.000000,0.000000,0.000088,0
20260804_173014_890,1,Unspecified,1879,2026-08-04T17:46:02.4898666+09:00,2026-08-04T17:46:02.9898666+09:00,947.598890,948.098890,30,30,-0.029313,-0.031264,0.000000,0.000000,0.000000,0.000064,0
20260804_173014_890,1,Unspecified,1880,2026-08-04T17:46:02.9898666+09:00,2026-08-04T17:46:03.4898666+09:00,948.098890,948.598890,30,30,-0.029325,-0.031264,0.000000,0.000000,0.000000,0.000045,0
20260804_173014_890,1,Unspecified,1881,2026-08-04T17:46:03.4898666+09:00,2026-08-04T17:46:03.9898666+09:00,948.598890,949.098890,30,30,-0.029259,-0.031285,0.000000,0.000000,0.000000,0.000074,0
20260804_173014_890,1,Unspecified,1882,2026-08-04T17:46:03.9898666+09:00,2026-08-04T17:46:04.4898666+09:00,949.098890,949.598890,30,30,-0.029316,-0.031267,0.000000,0.000000,0.000000,0.000052,0
20260804_173014_890,1,Unspecified,1883,2026-08-04T17:46:04.4898666+09:00,2026-08-04T17:46:04.9898666+09:00,949.598890,950.098890,30,30,-0.029250,-0.031282,0.000000,0.000000,0.000000,0.000058,0
20260804_173014_890,1,Unspecified,1884,2026-08-04T17:46:04.9898666+09:00,2026-08-04T17:46:05.4898666+09:00,950.098890,950.598890,30,30,-0.029372,-0.031258,0.000000,0.000000,0.000000,0.000048,0
20260804_173014_890,1,Unspecified,1885,2026-08-04T17:46:05.4898666+09:00,2026-08-04T17:46:05.9898666+09:00,950.598890,951.098890,30,30,-0.029388,-0.031251,0.000000,0.000000,0.000000,0.000056,0
20260804_173014_890,1,Unspecified,1886,2026-08-04T17:46:05.9898666+09:00,2026-08-04T17:46:06.4898666+09:00,951.098890,951.598890,30,30,-0.029292,-0.031271,0.000000,0.000000,0.000000,0.000102,0
20260804_173014_890,1,Unspecified,1887,2026-08-04T17:46:06.4898666+09:00,2026-08-04T17:46:06.9898666+09:00,951.598890,952.098890,30,30,-0.029216,-0.031282,0.000000,0.000000,0.000000,0.000056,0
20260804_173014_890,1,Unspecified,1888,2026-08-04T17:46:06.9898666+09:00,2026-08-04T17:46:07.4898666+09:00,952.098890,952.598890,30,30,-0.029117,-0.031302,0.000000,0.000000,0.000000,0.000051,0
20260804_173014_890,1,Unspecified,1889,2026-08-04T17:46:07.4898666+09:00,2026-08-04T17:46:07.9898666+09:00,952.598890,953.098890,30,30,-0.029057,-0.031316,0.000000,0.000000,0.000000,0.000050,0
20260804_173014_890,1,Unspecified,1890,2026-08-04T17:46:07.9898666+09:00,2026-08-04T17:46:08.4898666+09:00,953.098890,953.598890,30,30,-0.029256,-0.031278,0.000000,0.000000,0.000000,0.000107,0
20260804_173014_890,1,Unspecified,1891,2026-08-04T17:46:08.4898666+09:00,2026-08-04T17:46:08.9898666+09:00,953.598890,954.098890,30,30,-0.029376,-0.031250,0.000000,0.000000,0.000000,0.000087,0
20260804_173014_890,1,Unspecified,1892,2026-08-04T17:46:08.9898666+09:00,2026-08-04T17:46:09.4898666+09:00,954.098890,954.598890,30,30,-0.029493,-0.031227,0.000000,0.000000,0.000000,0.000050,0
20260804_173014_890,1,Unspecified,1893,2026-08-04T17:46:09.4898666+09:00,2026-08-04T17:46:09.9898666+09:00,954.598890,955.098890,30,30,-0.029228,-0.031280,0.000000,0.000000,0.000000,0.000059,0
20260804_173014_890,1,Unspecified,1894,2026-08-04T17:46:09.9898666+09:00,2026-08-04T17:46:10.4898666+09:00,955.098890,955.598890,30,30,-0.029149,-0.031294,0.000000,0.000000,0.000000,0.000060,0
20260804_173014_890,1,Unspecified,1895,2026-08-04T17:46:10.4898666+09:00,2026-08-04T17:46:10.9898666+09:00,955.598890,956.098890,30,30,-0.029182,-0.031286,0.000000,0.000000,0.000000,0.000032,0
20260804_173014_890,1,Unspecified,1896,2026-08-04T17:46:10.9898666+09:00,2026-08-04T17:46:11.4898666+09:00,956.098890,956.598890,30,30,-0.029333,-0.031258,0.000000,0.000000,0.000000,0.000144,0
20260804_173014_890,1,Unspecified,1897,2026-08-04T17:46:11.4898666+09:00,2026-08-04T17:46:11.9898666+09:00,956.598890,957.098890,30,30,-0.029446,-0.031240,0.000000,0.000000,0.000000,0.000082,0
20260804_173014_890,1,Unspecified,1898,2026-08-04T17:46:11.9898666+09:00,2026-08-04T17:46:12.4898666+09:00,957.098890,957.598890,30,30,-0.029258,-0.031272,0.000000,0.000000,0.000000,0.000034,0
20260804_173014_890,1,Unspecified,1899,2026-08-04T17:46:12.4898666+09:00,2026-08-04T17:46:12.9898666+09:00,957.598890,958.098890,30,30,-0.029289,-0.031271,0.000000,0.000000,0.000000,0.000108,0
20260804_173014_890,1,Unspecified,1900,2026-08-04T17:46:12.9898666+09:00,2026-08-04T17:46:13.4898666+09:00,958.098890,958.598890,30,30,-0.029467,-0.031239,0.000000,0.000000,0.000000,0.000056,0
20260804_173014_890,1,Unspecified,1901,2026-08-04T17:46:13.4898666+09:00,2026-08-04T17:46:13.9898666+09:00,958.598890,959.098890,30,30,-0.029560,-0.031223,0.000000,0.000000,0.000000,0.000086,0
20260804_173014_890,1,Unspecified,1902,2026-08-04T17:46:13.9898666+09:00,2026-08-04T17:46:14.4898666+09:00,959.098890,959.598890,30,30,-0.029309,-0.031270,0.000000,0.000000,0.000000,0.000086,0
20260804_173014_890,1,Unspecified,1903,2026-08-04T17:46:14.4898666+09:00,2026-08-04T17:46:14.9898666+09:00,959.598890,960.098890,30,30,-0.029352,-0.031269,0.000000,0.000000,0.000000,0.000056,0
20260804_173014_890,1,Unspecified,1904,2026-08-04T17:46:14.9898666+09:00,2026-08-04T17:46:15.4898666+09:00,960.098890,960.598890,30,30,-0.029493,-0.031236,0.000000,0.000000,0.000000,0.000118,0
20260804_173014_890,1,Unspecified,1905,2026-08-04T17:46:15.4898666+09:00,2026-08-04T17:46:15.9898666+09:00,960.598890,961.098890,30,30,-0.029666,-0.031199,0.000000,0.000000,0.000000,0.000052,0
20260804_173014_890,1,Unspecified,1906,2026-08-04T17:46:15.9898666+09:00,2026-08-04T17:46:16.4898666+09:00,961.098890,961.598890,30,30,-0.029654,-0.031205,0.000000,0.000000,0.000000,0.000075,0
20260804_173014_890,1,Unspecified,1907,2026-08-04T17:46:16.4898666+09:00,2026-08-04T17:46:16.9898666+09:00,961.598890,962.098890,30,30,-0.029483,-0.031238,0.000000,0.000000,0.000000,0.000071,0
20260804_173014_890,1,Unspecified,1908,2026-08-04T17:46:16.9898666+09:00,2026-08-04T17:46:17.4898666+09:00,962.098890,962.598890,30,30,-0.029340,-0.031264,0.000000,0.000000,0.000000,0.000040,0
20260804_173014_890,1,Unspecified,1909,2026-08-04T17:46:17.4898666+09:00,2026-08-04T17:46:17.9898666+09:00,962.598890,963.098890,30,30,-0.029302,-0.031270,0.000000,0.000000,0.000000,0.000068,0
20260804_173014_890,1,Unspecified,1910,2026-08-04T17:46:17.9898666+09:00,2026-08-04T17:46:18.4898666+09:00,963.098890,963.598890,30,30,-0.029471,-0.031238,0.000000,0.000000,0.000000,0.000128,0
20260804_173014_890,1,Unspecified,1911,2026-08-04T17:46:18.4898666+09:00,2026-08-04T17:46:18.9898666+09:00,963.598890,964.098890,30,30,-0.028982,-0.031312,0.000000,0.000000,0.000000,0.000168,0
20260804_173014_890,1,Unspecified,1912,2026-08-04T17:46:18.9898666+09:00,2026-08-04T17:46:19.4898666+09:00,964.098890,964.598890,30,30,-0.028827,-0.031344,0.000000,0.000000,0.000000,0.000056,0
20260804_173014_890,1,Unspecified,1913,2026-08-04T17:46:19.4898666+09:00,2026-08-04T17:46:19.9898666+09:00,964.598890,965.098890,30,30,-0.028860,-0.031337,0.000000,0.000000,0.000000,0.000066,0
20260804_173014_890,1,Unspecified,1914,2026-08-04T17:46:19.9898666+09:00,2026-08-04T17:46:20.4898666+09:00,965.098890,965.598890,30,30,-0.028587,-0.031390,0.000000,0.000000,0.000000,0.000078,0
20260804_173014_890,1,Unspecified,1915,2026-08-04T17:46:20.4898666+09:00,2026-08-04T17:46:20.9898666+09:00,965.598890,966.098890,30,30,-0.028485,-0.031411,0.000000,0.000000,0.000000,0.000131,0
20260804_173014_890,1,Unspecified,1916,2026-08-04T17:46:20.9898666+09:00,2026-08-04T17:46:21.4898666+09:00,966.098890,966.598890,30,30,-0.028675,-0.031373,0.000000,0.000000,0.000000,0.000111,0
20260804_173014_890,1,Unspecified,1917,2026-08-04T17:46:21.4898666+09:00,2026-08-04T17:46:21.9898666+09:00,966.598890,967.098890,30,30,-0.028617,-0.031383,0.000000,0.000000,0.000000,0.000080,0
20260804_173014_890,1,Unspecified,1918,2026-08-04T17:46:21.9898666+09:00,2026-08-04T17:46:22.4898666+09:00,967.098890,967.598890,30,30,-0.028590,-0.031390,0.000000,0.000000,0.000000,0.000060,0
20260804_173014_890,1,Unspecified,1919,2026-08-04T17:46:22.4898666+09:00,2026-08-04T17:46:22.9898666+09:00,967.598890,968.098890,30,30,-0.028411,-0.031428,0.000000,0.000000,0.000000,0.000081,0
20260804_173014_890,1,Unspecified,1920,2026-08-04T17:46:22.9898666+09:00,2026-08-04T17:46:23.4898666+09:00,968.098890,968.598890,30,30,-0.028349,-0.031437,0.000000,0.000000,0.000000,0.000063,0
20260804_173014_890,1,Unspecified,1921,2026-08-04T17:46:23.4898666+09:00,2026-08-04T17:46:23.9898666+09:00,968.598890,969.098890,30,30,-0.028290,-0.031450,0.000000,0.000000,0.000000,0.000042,0
20260804_173014_890,1,Unspecified,1922,2026-08-04T17:46:23.9898666+09:00,2026-08-04T17:46:24.4898666+09:00,969.098890,969.598890,30,30,-0.028373,-0.031427,0.000000,0.000000,0.000000,0.000067,0
20260804_173014_890,1,Unspecified,1923,2026-08-04T17:46:24.4898666+09:00,2026-08-04T17:46:24.9898666+09:00,969.598890,970.098890,30,30,-0.028479,-0.031406,0.000000,0.000000,0.000000,0.000048,0
20260804_173014_890,1,Unspecified,1924,2026-08-04T17:46:24.9898666+09:00,2026-08-04T17:46:25.4898666+09:00,970.098890,970.598890,30,30,-0.028494,-0.031402,0.000000,0.000000,0.000000,0.000132,0
20260804_173014_890,1,Unspecified,1925,2026-08-04T17:46:25.4898666+09:00,2026-08-04T17:46:25.9898666+09:00,970.598890,971.098890,30,30,-0.028406,-0.031416,0.000000,0.000000,0.000000,0.000134,0
20260804_173014_890,1,Unspecified,1926,2026-08-04T17:46:25.9898666+09:00,2026-08-04T17:46:26.4898666+09:00,971.098890,971.598890,30,30,-0.028313,-0.031437,0.000000,0.000000,0.000000,0.000038,0
20260804_173014_890,1,Unspecified,1927,2026-08-04T17:46:26.4898666+09:00,2026-08-04T17:46:26.9898666+09:00,971.598890,972.098890,30,30,-0.028323,-0.031436,0.000000,0.000000,0.000000,0.000043,0
20260804_173014_890,1,Unspecified,1928,2026-08-04T17:46:26.9898666+09:00,2026-08-04T17:46:27.4898666+09:00,972.098890,972.598890,30,30,-0.028483,-0.031402,0.000000,0.000000,0.000000,0.000104,0
20260804_173014_890,1,Unspecified,1929,2026-08-04T17:46:27.4898666+09:00,2026-08-04T17:46:27.9898666+09:00,972.598890,973.098890,30,30,-0.028655,-0.031369,0.000000,0.000000,0.000000,0.000056,0
20260804_173014_890,1,Unspecified,1930,2026-08-04T17:46:27.9898666+09:00,2026-08-04T17:46:28.4898666+09:00,973.098890,973.598890,30,30,-0.028438,-0.031416,0.000000,0.000000,0.000000,0.000139,0
20260804_173014_890,1,Unspecified,1931,2026-08-04T17:46:28.4898666+09:00,2026-08-04T17:46:28.9898666+09:00,973.598890,974.098890,30,30,-0.028426,-0.031421,0.000000,0.000000,0.000000,0.000051,0
20260804_173014_890,1,Unspecified,1932,2026-08-04T17:46:28.9898666+09:00,2026-08-04T17:46:29.4898666+09:00,974.098890,974.598890,30,30,-0.028333,-0.031432,0.000000,0.000000,0.000000,0.000057,0
20260804_173014_890,1,Unspecified,1933,2026-08-04T17:46:29.4898666+09:00,2026-08-04T17:46:29.9898666+09:00,974.598890,975.098890,30,30,-0.028296,-0.031445,0.000000,0.000000,0.000000,0.000053,0
20260804_173014_890,1,Unspecified,1934,2026-08-04T17:46:29.9898666+09:00,2026-08-04T17:46:30.4898666+09:00,975.098890,975.598890,30,30,-0.028579,-0.031383,0.000000,0.000000,0.000000,0.000074,0
20260804_173014_890,1,Unspecified,1935,2026-08-04T17:46:30.4898666+09:00,2026-08-04T17:46:30.9898666+09:00,975.598890,976.098890,30,30,-0.028595,-0.031380,0.000000,0.000000,0.000000,0.000067,0
20260804_173014_890,1,Unspecified,1936,2026-08-04T17:46:30.9898666+09:00,2026-08-04T17:46:31.4898666+09:00,976.098890,976.598890,30,30,-0.028555,-0.031387,0.000000,0.000000,0.000000,0.000088,0
20260804_173014_890,1,Unspecified,1937,2026-08-04T17:46:31.4898666+09:00,2026-08-04T17:46:31.9898666+09:00,976.598890,977.098890,30,30,-0.028531,-0.031394,0.000000,0.000000,0.000000,0.000094,0
20260804_173014_890,1,Unspecified,1938,2026-08-04T17:46:31.9898666+09:00,2026-08-04T17:46:32.4898666+09:00,977.098890,977.598890,30,30,-0.028323,-0.031435,0.000000,0.000000,0.000000,0.000040,0
20260804_173014_890,1,Unspecified,1939,2026-08-04T17:46:32.4898666+09:00,2026-08-04T17:46:32.9898666+09:00,977.598890,978.098890,30,30,-0.028279,-0.031445,0.000000,0.000000,0.000000,0.000066,0
20260804_173014_890,1,Unspecified,1940,2026-08-04T17:46:32.9898666+09:00,2026-08-04T17:46:33.4898666+09:00,978.098890,978.598890,30,30,-0.028426,-0.031414,0.000000,0.000000,0.000000,0.000108,0
20260804_173014_890,1,Unspecified,1941,2026-08-04T17:46:33.4898666+09:00,2026-08-04T17:46:33.9898666+09:00,978.598890,979.098890,30,30,-0.028425,-0.031416,0.000000,0.000000,0.000000,0.000032,0
20260804_173014_890,1,Unspecified,1942,2026-08-04T17:46:33.9898666+09:00,2026-08-04T17:46:34.4898666+09:00,979.098890,979.598890,30,30,-0.028417,-0.031420,0.000000,0.000000,0.000000,0.000122,0
20260804_173014_890,1,Unspecified,1943,2026-08-04T17:46:34.4898666+09:00,2026-08-04T17:46:34.9898666+09:00,979.598890,980.098890,30,30,-0.028265,-0.031454,0.000000,0.000000,0.000000,0.000074,0
20260804_173014_890,1,Unspecified,1944,2026-08-04T17:46:34.9898666+09:00,2026-08-04T17:46:35.4898666+09:00,980.098890,980.598890,30,30,-0.027902,-0.031521,0.000000,0.000000,0.000000,0.000221,0
20260804_173014_890,1,Unspecified,1945,2026-08-04T17:46:35.4898666+09:00,2026-08-04T17:46:35.9898666+09:00,980.598890,981.098890,30,30,-0.027312,-0.031632,0.000000,0.000000,0.000000,0.000101,0
20260804_173014_890,1,Unspecified,1946,2026-08-04T17:46:35.9898666+09:00,2026-08-04T17:46:36.4898666+09:00,981.098890,981.598890,30,30,-0.027118,-0.031674,0.000000,0.000000,0.000000,0.000084,0
20260804_173014_890,1,Unspecified,1947,2026-08-04T17:46:36.4898666+09:00,2026-08-04T17:46:36.9898666+09:00,981.598890,982.098890,30,30,-0.026836,-0.031740,0.000000,0.000000,0.000000,0.000118,0
20260804_173014_890,1,Unspecified,1948,2026-08-04T17:46:36.9898666+09:00,2026-08-04T17:46:37.4898666+09:00,982.098890,982.598890,30,30,-0.026617,-0.031789,0.000000,0.000000,0.000000,0.000041,0
20260804_173014_890,1,Unspecified,1949,2026-08-04T17:46:37.4898666+09:00,2026-08-04T17:46:37.9898666+09:00,982.598890,983.098890,30,30,-0.026602,-0.031798,0.000000,0.000000,0.000000,0.000072,0
20260804_173014_890,1,Unspecified,1950,2026-08-04T17:46:37.9898666+09:00,2026-08-04T17:46:38.4898666+09:00,983.098890,983.598890,30,30,-0.026723,-0.031770,0.000000,0.000000,0.000000,0.000111,0
20260804_173014_890,1,Unspecified,1951,2026-08-04T17:46:38.4898666+09:00,2026-08-04T17:46:38.9898666+09:00,983.598890,984.098890,30,30,-0.026756,-0.031764,0.000000,0.000000,0.000000,0.000118,0
20260804_173014_890,1,Unspecified,1952,2026-08-04T17:46:38.9898666+09:00,2026-08-04T17:46:39.4898666+09:00,984.098890,984.598890,30,30,-0.026694,-0.031779,0.000000,0.000000,0.000000,0.000092,0
20260804_173014_890,1,Unspecified,1953,2026-08-04T17:46:39.4898666+09:00,2026-08-04T17:46:39.9898666+09:00,984.598890,985.098890,30,30,-0.027052,-0.031706,0.000000,0.000000,0.000000,0.000057,0
20260804_173014_890,1,Unspecified,1954,2026-08-04T17:46:39.9898666+09:00,2026-08-04T17:46:40.4898666+09:00,985.098890,985.598890,30,30,-0.027005,-0.031713,0.000000,0.000000,0.000000,0.000048,0
20260804_173014_890,1,Unspecified,1955,2026-08-04T17:46:40.4898666+09:00,2026-08-04T17:46:40.9898666+09:00,985.598890,986.098890,30,30,-0.026937,-0.031732,0.000000,0.000000,0.000000,0.000056,0
20260804_173014_890,1,Unspecified,1956,2026-08-04T17:46:40.9898666+09:00,2026-08-04T17:46:41.4898666+09:00,986.098890,986.598890,30,30,-0.027154,-0.031678,0.000000,0.000000,0.000000,0.000151,0
20260804_173014_890,1,Unspecified,1957,2026-08-04T17:46:41.4898666+09:00,2026-08-04T17:46:41.9898666+09:00,986.598890,987.098890,30,30,-0.027139,-0.031682,0.000000,0.000000,0.000000,0.000057,0
20260804_173014_890,1,Unspecified,1958,2026-08-04T17:46:41.9898666+09:00,2026-08-04T17:46:42.4898666+09:00,987.098890,987.598890,30,30,-0.026999,-0.031718,0.000000,0.000000,0.000000,0.000184,0
20260804_173014_890,1,Unspecified,1959,2026-08-04T17:46:42.4898666+09:00,2026-08-04T17:46:42.9898666+09:00,987.598890,988.098890,30,30,-0.026940,-0.031736,0.000000,0.000000,0.000000,0.000072,0
20260804_173014_890,1,Unspecified,1960,2026-08-04T17:46:42.9898666+09:00,2026-08-04T17:46:43.4898666+09:00,988.098890,988.598890,30,30,-0.026820,-0.031764,0.000000,0.000000,0.000000,0.000055,0
20260804_173014_890,1,Unspecified,1961,2026-08-04T17:46:43.4898666+09:00,2026-08-04T17:46:43.9898666+09:00,988.598890,989.098890,30,30,-0.026783,-0.031773,0.000000,0.000000,0.000000,0.000047,0
20260804_173014_890,1,Unspecified,1962,2026-08-04T17:46:43.9898666+09:00,2026-08-04T17:46:44.4898666+09:00,989.098890,989.598890,30,30,-0.026623,-0.031809,0.000000,0.000000,0.000000,0.000076,0
20260804_173014_890,1,Unspecified,1963,2026-08-04T17:46:44.4898666+09:00,2026-08-04T17:46:44.9898666+09:00,989.598890,990.098890,30,30,-0.026618,-0.031809,0.000000,0.000000,0.000000,0.000068,0
20260804_173014_890,1,Unspecified,1964,2026-08-04T17:46:44.9898666+09:00,2026-08-04T17:46:45.4898666+09:00,990.098890,990.598890,30,30,-0.026637,-0.031804,0.000000,0.000000,0.000000,0.000074,0
20260804_173014_890,1,Unspecified,1965,2026-08-04T17:46:45.4898666+09:00,2026-08-04T17:46:45.9898666+09:00,990.598890,991.098890,30,30,-0.026636,-0.031803,0.000000,0.000000,0.000000,0.000070,0
20260804_173014_890,1,Unspecified,1966,2026-08-04T17:46:45.9898666+09:00,2026-08-04T17:46:46.4898666+09:00,991.098890,991.598890,30,30,-0.026609,-0.031811,0.000000,0.000000,0.000000,0.000142,0
20260804_173014_890,1,Unspecified,1967,2026-08-04T17:46:46.4898666+09:00,2026-08-04T17:46:46.9898666+09:00,991.598890,992.098890,30,30,-0.026548,-0.031825,0.000000,0.000000,0.000000,0.000095,0
20260804_173014_890,1,Unspecified,1968,2026-08-04T17:46:46.9898666+09:00,2026-08-04T17:46:47.4898666+09:00,992.098890,992.598890,30,30,-0.026502,-0.031840,0.000000,0.000000,0.000000,0.000046,0
20260804_173014_890,1,Unspecified,1969,2026-08-04T17:46:47.4898666+09:00,2026-08-04T17:46:47.9898666+09:00,992.598890,993.098890,30,30,-0.026459,-0.031852,0.000000,0.000000,0.000000,0.000084,0
20260804_173014_890,1,Unspecified,1970,2026-08-04T17:46:47.9898666+09:00,2026-08-04T17:46:48.4898666+09:00,993.098890,993.598890,30,30,-0.026608,-0.031814,0.000000,0.000000,0.000000,0.000157,0
20260804_173014_890,1,Unspecified,1971,2026-08-04T17:46:48.4898666+09:00,2026-08-04T17:46:48.9898666+09:00,993.598890,994.098890,30,30,-0.026648,-0.031804,0.000000,0.000000,0.000000,0.000056,0
20260804_173014_890,1,Unspecified,1972,2026-08-04T17:46:48.9898666+09:00,2026-08-04T17:46:49.4898666+09:00,994.098890,994.598890,30,30,-0.026540,-0.031829,0.000000,0.000000,0.000000,0.000038,0
20260804_173014_890,1,Unspecified,1973,2026-08-04T17:46:49.4898666+09:00,2026-08-04T17:46:49.9898666+09:00,994.598890,995.098890,30,30,-0.026456,-0.031855,0.000000,0.000000,0.000000,0.000049,0
20260804_173014_890,1,Unspecified,1974,2026-08-04T17:46:49.9898666+09:00,2026-08-04T17:46:50.4898666+09:00,995.098890,995.598890,30,30,-0.026317,-0.031885,0.000000,0.000000,0.000000,0.000056,0
20260804_173014_890,1,Unspecified,1975,2026-08-04T17:46:50.4898666+09:00,2026-08-04T17:46:50.9898666+09:00,995.598890,996.098890,30,30,-0.026351,-0.031878,0.000000,0.000000,0.000000,0.000046,0
20260804_173014_890,1,Unspecified,1976,2026-08-04T17:46:50.9898666+09:00,2026-08-04T17:46:51.4898666+09:00,996.098890,996.598890,30,30,-0.026323,-0.031885,0.000000,0.000000,0.000000,0.000039,0
20260804_173014_890,1,Unspecified,1977,2026-08-04T17:46:51.4898666+09:00,2026-08-04T17:46:51.9898666+09:00,996.598890,997.098890,30,30,-0.026355,-0.031879,0.000000,0.000000,0.000000,0.000028,0
20260804_173014_890,1,Unspecified,1978,2026-08-04T17:46:51.9898666+09:00,2026-08-04T17:46:52.4898666+09:00,997.098890,997.598890,30,30,-0.026540,-0.031834,0.000000,0.000000,0.000000,0.000066,0
20260804_173014_890,1,Unspecified,1979,2026-08-04T17:46:52.4898666+09:00,2026-08-04T17:46:52.9898666+09:00,997.598890,998.098890,30,30,-0.026571,-0.031829,0.000000,0.000000,0.000000,0.000029,0
20260804_173014_890,1,Unspecified,1980,2026-08-04T17:46:52.9898666+09:00,2026-08-04T17:46:53.4898666+09:00,998.098890,998.598890,30,30,-0.026546,-0.031833,0.000000,0.000000,0.000000,0.000043,0
20260804_173014_890,1,Unspecified,1981,2026-08-04T17:46:53.4898666+09:00,2026-08-04T17:46:53.9898666+09:00,998.598890,999.098890,30,30,-0.026377,-0.031875,0.000000,0.000000,0.000000,0.000062,0
20260804_173014_890,1,Unspecified,1982,2026-08-04T17:46:53.9898666+09:00,2026-08-04T17:46:54.4898666+09:00,999.098890,999.598890,30,30,-0.026356,-0.031878,0.000000,0.000000,0.000000,0.000028,0
20260804_173014_890,1,Unspecified,1983,2026-08-04T17:46:54.4898666+09:00,2026-08-04T17:46:54.9898666+09:00,999.598890,1000.098890,30,30,-0.026323,-0.031887,0.000000,0.000000,0.000000,0.000041,0
20260804_173014_890,1,Unspecified,1984,2026-08-04T17:46:54.9898666+09:00,2026-08-04T17:46:55.4898666+09:00,1000.098890,1000.598890,30,30,-0.026318,-0.031888,0.000000,0.000000,0.000000,0.000040,0
20260804_173014_890,1,Unspecified,1985,2026-08-04T17:46:55.4898666+09:00,2026-08-04T17:46:55.9898666+09:00,1000.598890,1001.098890,30,30,-0.026339,-0.031885,0.000000,0.000000,0.000000,0.000095,0
20260804_173014_890,1,Unspecified,1986,2026-08-04T17:46:55.9898666+09:00,2026-08-04T17:46:56.4898666+09:00,1001.098890,1001.598890,30,30,-0.026597,-0.031820,0.000000,0.000000,0.000000,0.000054,0
20260804_173014_890,1,Unspecified,1987,2026-08-04T17:46:56.4898666+09:00,2026-08-04T17:46:56.9898666+09:00,1001.598890,1002.098890,30,30,-0.026592,-0.031822,0.000000,0.000000,0.000000,0.000053,0
20260804_173014_890,1,Unspecified,1988,2026-08-04T17:46:56.9898666+09:00,2026-08-04T17:46:57.4898666+09:00,1002.098890,1002.598890,30,30,-0.026528,-0.031835,0.000000,0.000000,0.000000,0.000042,0
20260804_173014_890,1,Unspecified,1989,2026-08-04T17:46:57.4898666+09:00,2026-08-04T17:46:57.9898666+09:00,1002.598890,1003.098890,30,30,-0.026398,-0.031869,0.000000,0.000000,0.000000,0.000041,0
20260804_173014_890,1,Unspecified,1990,2026-08-04T17:46:57.9898666+09:00,2026-08-04T17:46:58.4898666+09:00,1003.098890,1003.598890,30,30,-0.026443,-0.031860,0.000000,0.000000,0.000000,0.000047,0
20260804_173014_890,1,Unspecified,1991,2026-08-04T17:46:58.4898666+09:00,2026-08-04T17:46:58.9898666+09:00,1003.598890,1004.098890,30,30,-0.026420,-0.031863,0.000000,0.000000,0.000000,0.000034,0
20260804_173014_890,1,Unspecified,1992,2026-08-04T17:46:58.9898666+09:00,2026-08-04T17:46:59.4898666+09:00,1004.098890,1004.598890,30,30,-0.026467,-0.031852,0.000000,0.000000,0.000000,0.000057,0
20260804_173014_890,1,Unspecified,1993,2026-08-04T17:46:59.4898666+09:00,2026-08-04T17:46:59.9898666+09:00,1004.598890,1005.098890,30,30,-0.026523,-0.031838,0.000000,0.000000,0.000000,0.000056,0
20260804_173014_890,1,Unspecified,1994,2026-08-04T17:46:59.9898666+09:00,2026-08-04T17:47:00.4898666+09:00,1005.098890,1005.598890,30,30,-0.026652,-0.031808,0.000000,0.000000,0.000000,0.000056,0
20260804_173014_890,1,Unspecified,1995,2026-08-04T17:47:00.4898666+09:00,2026-08-04T17:47:00.9898666+09:00,1005.598890,1006.098890,30,30,-0.026554,-0.031832,0.000000,0.000000,0.000000,0.000043,0
20260804_173014_890,1,Unspecified,1996,2026-08-04T17:47:00.9898666+09:00,2026-08-04T17:47:01.4898666+09:00,1006.098890,1006.598890,30,30,-0.026463,-0.031854,0.000000,0.000000,0.000000,0.000040,0
20260804_173014_890,1,Unspecified,1997,2026-08-04T17:47:01.4898666+09:00,2026-08-04T17:47:01.9898666+09:00,1006.598890,1007.098890,30,30,-0.026445,-0.031860,0.000000,0.000000,0.000000,0.000043,0
20260804_173014_890,1,Unspecified,1998,2026-08-04T17:47:01.9898666+09:00,2026-08-04T17:47:02.4898666+09:00,1007.098890,1007.598890,30,30,-0.026419,-0.031864,0.000000,0.000000,0.000000,0.000040,0
20260804_173014_890,1,Unspecified,1999,2026-08-04T17:47:02.4898666+09:00,2026-08-04T17:47:02.9898666+09:00,1007.598890,1008.098890,30,30,-0.026421,-0.031860,0.000000,0.000000,0.000000,0.000056,0
20260804_173014_890,1,Unspecified,2000,2026-08-04T17:47:02.9898666+09:00,2026-08-04T17:47:03.4898666+09:00,1008.098890,1008.598890,30,30,-0.026585,-0.031822,0.000000,0.000000,0.000000,0.000128,0
20260804_173014_890,1,Unspecified,2001,2026-08-04T17:47:03.4898666+09:00,2026-08-04T17:47:03.9898666+09:00,1008.598890,1009.098890,30,30,-0.026705,-0.031795,0.000000,0.000000,0.000000,0.000031,0
20260804_173014_890,1,Unspecified,2002,2026-08-04T17:47:03.9898666+09:00,2026-08-04T17:47:04.4898666+09:00,1009.098890,1009.598890,30,30,-0.026587,-0.031826,0.000000,0.000000,0.000000,0.000096,0
20260804_173014_890,1,Unspecified,2003,2026-08-04T17:47:04.4898666+09:00,2026-08-04T17:47:04.9898666+09:00,1009.598890,1010.098890,30,30,-0.026503,-0.031842,0.000000,0.000000,0.000000,0.000080,0
20260804_173014_890,1,Unspecified,2004,2026-08-04T17:47:04.9898666+09:00,2026-08-04T17:47:05.4898666+09:00,1010.098890,1010.598890,30,30,-0.026416,-0.031864,0.000000,0.000000,0.000000,0.000039,0
20260804_173014_890,1,Unspecified,2005,2026-08-04T17:47:05.4898666+09:00,2026-08-04T17:47:05.9898666+09:00,1010.598890,1011.098890,30,30,-0.026392,-0.031869,0.000000,0.000000,0.000000,0.000036,0
20260804_173014_890,1,Unspecified,2006,2026-08-04T17:47:05.9898666+09:00,2026-08-04T17:47:06.4898666+09:00,1011.098890,1011.598890,30,30,-0.026406,-0.031866,0.000000,0.000000,0.000000,0.000056,0
20260804_173014_890,1,Unspecified,2007,2026-08-04T17:47:06.4898666+09:00,2026-08-04T17:47:06.9898666+09:00,1011.598890,1012.098890,30,30,-0.026557,-0.031828,0.000000,0.000000,0.000000,0.000039,0
20260804_173014_890,1,Unspecified,2008,2026-08-04T17:47:06.9898666+09:00,2026-08-04T17:47:07.4898666+09:00,1012.098890,1012.598890,30,30,-0.026578,-0.031822,0.000000,0.000000,0.000000,0.000083,0
20260804_173014_890,1,Unspecified,2009,2026-08-04T17:47:07.4898666+09:00,2026-08-04T17:47:07.9898666+09:00,1012.598890,1013.098890,30,30,-0.026587,-0.031827,0.000000,0.000000,0.000000,0.000047,0
20260804_173014_890,1,Unspecified,2010,2026-08-04T17:47:07.9898666+09:00,2026-08-04T17:47:08.4898666+09:00,1013.098890,1013.598890,30,30,-0.026534,-0.031843,0.000000,0.000000,0.000000,0.000061,0
20260804_173014_890,1,Unspecified,2011,2026-08-04T17:47:08.4898666+09:00,2026-08-04T17:47:08.9898666+09:00,1013.598890,1014.098890,30,30,-0.026437,-0.031865,0.000000,0.000000,0.000000,0.000043,0
20260804_173014_890,1,Unspecified,2012,2026-08-04T17:47:08.9898666+09:00,2026-08-04T17:47:09.4898666+09:00,1014.098890,1014.598890,30,30,-0.026357,-0.031882,0.000000,0.000000,0.000000,0.000038,0
20260804_173014_890,1,Unspecified,2013,2026-08-04T17:47:09.4898666+09:00,2026-08-04T17:47:09.9898666+09:00,1014.598890,1015.098890,30,30,-0.026340,-0.031890,0.000000,0.000000,0.000000,0.000055,0
20260804_173014_890,1,Unspecified,2014,2026-08-04T17:47:09.9898666+09:00,2026-08-04T17:47:10.4898666+09:00,1015.098890,1015.598890,30,30,-0.026499,-0.031846,0.000000,0.000000,0.000000,0.000055,0
20260804_173014_890,1,Unspecified,2015,2026-08-04T17:47:10.4898666+09:00,2026-08-04T17:47:10.9898666+09:00,1015.598890,1016.098890,30,30,-0.026640,-0.031813,0.000000,0.000000,0.000000,0.000051,0
20260804_173014_890,1,Unspecified,2016,2026-08-04T17:47:10.9898666+09:00,2026-08-04T17:47:11.4898666+09:00,1016.098890,1016.598890,30,30,-0.026555,-0.031834,0.000000,0.000000,0.000000,0.000045,0
20260804_173014_890,1,Unspecified,2017,2026-08-04T17:47:11.4898666+09:00,2026-08-04T17:47:11.9898666+09:00,1016.598890,1017.098890,30,30,-0.026370,-0.031878,0.000000,0.000000,0.000000,0.000052,0
20260804_173014_890,1,Unspecified,2018,2026-08-04T17:47:11.9898666+09:00,2026-08-04T17:47:12.4898666+09:00,1017.098890,1017.598890,30,30,-0.026382,-0.031879,0.000000,0.000000,0.000000,0.000060,0
20260804_173014_890,1,Unspecified,2019,2026-08-04T17:47:12.4898666+09:00,2026-08-04T17:47:12.9898666+09:00,1017.598890,1018.098890,30,30,-0.026344,-0.031885,0.000000,0.000000,0.000000,0.000068,0
20260804_173014_890,1,Unspecified,2020,2026-08-04T17:47:12.9898666+09:00,2026-08-04T17:47:13.4898666+09:00,1018.098890,1018.598890,30,30,-0.026359,-0.031881,0.000000,0.000000,0.000000,0.000047,0
20260804_173014_890,1,Unspecified,2021,2026-08-04T17:47:13.4898666+09:00,2026-08-04T17:47:13.9898666+09:00,1018.598890,1019.098890,30,30,-0.026458,-0.031855,0.000000,0.000000,0.000000,0.000055,0
20260804_173014_890,1,Unspecified,2022,2026-08-04T17:47:13.9898666+09:00,2026-08-04T17:47:14.4898666+09:00,1019.098890,1019.598890,30,30,-0.026272,-0.031899,0.000000,0.000000,0.000000,0.000046,0
20260804_173014_890,1,Unspecified,2023,2026-08-04T17:47:14.4898666+09:00,2026-08-04T17:47:14.9898666+09:00,1019.598890,1020.098890,30,30,-0.026260,-0.031905,0.000000,0.000000,0.000000,0.000051,0
20260804_173014_890,1,Unspecified,2024,2026-08-04T17:47:14.9898666+09:00,2026-08-04T17:47:15.4898666+09:00,1020.098890,1020.598890,30,30,-0.026305,-0.031891,0.000000,0.000000,0.000000,0.000101,0
20260804_173014_890,1,Unspecified,2025,2026-08-04T17:47:15.4898666+09:00,2026-08-04T17:47:15.9898666+09:00,1020.598890,1021.098890,30,30,-0.026404,-0.031867,0.000000,0.000000,0.000000,0.000041,0
20260804_173014_890,1,Unspecified,2026,2026-08-04T17:47:15.9898666+09:00,2026-08-04T17:47:16.4898666+09:00,1021.098890,1021.598890,30,30,-0.026452,-0.031855,0.000000,0.000000,0.000000,0.000049,0
20260804_173014_890,1,Unspecified,2027,2026-08-04T17:47:16.4898666+09:00,2026-08-04T17:47:16.9898666+09:00,1021.598890,1022.098890,30,30,-0.026307,-0.031890,0.000000,0.000000,0.000000,0.000061,0
20260804_173014_890,1,Unspecified,2028,2026-08-04T17:47:16.9898666+09:00,2026-08-04T17:47:17.4898666+09:00,1022.098890,1022.598890,30,30,-0.026230,-0.031909,0.000000,0.000000,0.000000,0.000052,0
20260804_173014_890,1,Unspecified,2029,2026-08-04T17:47:17.4898666+09:00,2026-08-04T17:47:17.9898666+09:00,1022.598890,1023.098890,30,30,-0.026225,-0.031910,0.000000,0.000000,0.000000,0.000059,0
20260804_173014_890,1,Unspecified,2030,2026-08-04T17:47:17.9898666+09:00,2026-08-04T17:47:18.4898666+09:00,1023.098890,1023.598890,30,30,-0.026266,-0.031899,0.000000,0.000000,0.000000,0.000068,0
20260804_173014_890,1,Unspecified,2031,2026-08-04T17:47:18.4898666+09:00,2026-08-04T17:47:18.9898666+09:00,1023.598890,1024.098890,30,30,-0.026376,-0.031873,0.000000,0.000000,0.000000,0.000028,0
20260804_173014_890,1,Unspecified,2032,2026-08-04T17:47:18.9898666+09:00,2026-08-04T17:47:19.4898666+09:00,1024.098890,1024.598890,30,30,-0.026377,-0.031871,0.000000,0.000000,0.000000,0.000050,0
20260804_173014_890,1,Unspecified,2033,2026-08-04T17:47:19.4898666+09:00,2026-08-04T17:47:19.9898666+09:00,1024.598890,1025.098890,30,30,-0.026288,-0.031888,0.000000,0.000000,0.000000,0.000033,0
20260804_173014_890,1,Unspecified,2034,2026-08-04T17:47:19.9898666+09:00,2026-08-04T17:47:20.4898666+09:00,1025.098890,1025.598890,30,30,-0.026240,-0.031906,0.000000,0.000000,0.000000,0.000058,0
20260804_173014_890,1,Unspecified,2035,2026-08-04T17:47:20.4898666+09:00,2026-08-04T17:47:20.9898666+09:00,1025.598890,1026.098890,30,30,-0.026156,-0.031930,0.000000,0.000000,0.000000,0.000054,0
20260804_173014_890,1,Unspecified,2036,2026-08-04T17:47:20.9898666+09:00,2026-08-04T17:47:21.4898666+09:00,1026.098890,1026.598890,30,30,-0.026125,-0.031935,0.000000,0.000000,0.000000,0.000040,0
20260804_173014_890,1,Unspecified,2037,2026-08-04T17:47:21.4898666+09:00,2026-08-04T17:47:21.9898666+09:00,1026.598890,1027.098890,30,30,-0.026397,-0.031866,0.000000,0.000000,0.000000,0.000091,0
20260804_173014_890,1,Unspecified,2038,2026-08-04T17:47:21.9898666+09:00,2026-08-04T17:47:22.4898666+09:00,1027.098890,1027.598890,30,30,-0.026405,-0.031864,0.000000,0.000000,0.000000,0.000069,0
20260804_173014_890,1,Unspecified,2039,2026-08-04T17:47:22.4898666+09:00,2026-08-04T17:47:22.9898666+09:00,1027.598890,1028.098890,30,30,-0.026413,-0.031863,0.000000,0.000000,0.000000,0.000075,0
20260804_173014_890,1,Unspecified,2040,2026-08-04T17:47:22.9898666+09:00,2026-08-04T17:47:23.4898666+09:00,1028.098890,1028.598890,30,30,-0.026338,-0.031886,0.000000,0.000000,0.000000,0.000049,0
20260804_173014_890,1,Unspecified,2041,2026-08-04T17:47:23.4898666+09:00,2026-08-04T17:47:23.9898666+09:00,1028.598890,1029.098890,30,30,-0.026288,-0.031897,0.000000,0.000000,0.000000,0.000040,0
20260804_173014_890,1,Unspecified,2042,2026-08-04T17:47:23.9898666+09:00,2026-08-04T17:47:24.4898666+09:00,1029.098890,1029.598890,30,30,-0.026290,-0.031896,0.000000,0.000000,0.000000,0.000062,0
20260804_173014_890,1,Unspecified,2043,2026-08-04T17:47:24.4898666+09:00,2026-08-04T17:47:24.9898666+09:00,1029.598890,1030.098890,30,30,-0.026475,-0.031855,0.000000,0.000000,0.000000,0.000089,0
20260804_173014_890,1,Unspecified,2044,2026-08-04T17:47:24.9898666+09:00,2026-08-04T17:47:25.4898666+09:00,1030.098890,1030.598890,30,30,-0.026459,-0.031852,0.000000,0.000000,0.000000,0.000051,0
20260804_173014_890,1,Unspecified,2045,2026-08-04T17:47:25.4898666+09:00,2026-08-04T17:47:25.9898666+09:00,1030.598890,1031.098890,30,30,-0.026463,-0.031851,0.000000,0.000000,0.000000,0.000054,0
20260804_173014_890,1,Unspecified,2046,2026-08-04T17:47:25.9898666+09:00,2026-08-04T17:47:26.4898666+09:00,1031.098890,1031.598890,30,30,-0.026290,-0.031894,0.000000,0.000000,0.000000,0.000033,0
20260804_173014_890,1,Unspecified,2047,2026-08-04T17:47:26.4898666+09:00,2026-08-04T17:47:26.9898666+09:00,1031.598890,1032.098890,30,30,-0.026322,-0.031884,0.000000,0.000000,0.000000,0.000049,0
20260804_173014_890,1,Unspecified,2048,2026-08-04T17:47:26.9898666+09:00,2026-08-04T17:47:27.4898666+09:00,1032.098890,1032.598890,30,30,-0.026309,-0.031888,0.000000,0.000000,0.000000,0.000044,0
20260804_173014_890,1,Unspecified,2049,2026-08-04T17:47:27.4898666+09:00,2026-08-04T17:47:27.9898666+09:00,1032.598890,1033.098890,30,30,-0.026318,-0.031883,0.000000,0.000000,0.000000,0.000077,0
20260804_173014_890,1,Unspecified,2050,2026-08-04T17:47:27.9898666+09:00,2026-08-04T17:47:28.4898666+09:00,1033.098890,1033.598890,30,30,-0.026470,-0.031848,0.000000,0.000000,0.000000,0.000044,0
20260804_173014_890,1,Unspecified,2051,2026-08-04T17:47:28.4898666+09:00,2026-08-04T17:47:28.9898666+09:00,1033.598890,1034.098890,30,30,-0.026563,-0.031824,0.000000,0.000000,0.000000,0.000053,0
20260804_173014_890,1,Unspecified,2052,2026-08-04T17:47:28.9898666+09:00,2026-08-04T17:47:29.4898666+09:00,1034.098890,1034.598890,30,30,-0.026529,-0.031835,0.000000,0.000000,0.000000,0.000089,0
20260804_173014_890,1,Unspecified,2053,2026-08-04T17:47:29.4898666+09:00,2026-08-04T17:47:29.9898666+09:00,1034.598890,1035.098890,30,30,-0.026387,-0.031869,0.000000,0.000000,0.000000,0.000024,0
20260804_173014_890,1,Unspecified,2054,2026-08-04T17:47:29.9898666+09:00,2026-08-04T17:47:30.4898666+09:00,1035.098890,1035.598890,30,30,-0.026495,-0.031853,0.000000,0.000000,0.000000,0.000242,0
20260804_173014_890,1,Unspecified,2055,2026-08-04T17:47:30.4898666+09:00,2026-08-04T17:47:30.9898666+09:00,1035.598890,1036.098890,30,30,-0.026679,-0.031801,0.000000,0.000000,0.000000,0.000088,0
20260804_173014_890,1,Unspecified,2056,2026-08-04T17:47:30.9898666+09:00,2026-08-04T17:47:31.4898666+09:00,1036.098890,1036.598890,30,30,-0.026841,-0.031762,0.000000,0.000000,0.000000,0.000058,0
20260804_173014_890,1,Unspecified,2057,2026-08-04T17:47:31.4898666+09:00,2026-08-04T17:47:31.9898666+09:00,1036.598890,1037.098890,30,30,-0.026796,-0.031769,0.000000,0.000000,0.000000,0.000092,0
20260804_173014_890,1,Unspecified,2058,2026-08-04T17:47:31.9898666+09:00,2026-08-04T17:47:32.4898666+09:00,1037.098890,1037.598890,30,30,-0.026479,-0.031849,0.000000,0.000000,0.000000,0.000112,0
20260804_173014_890,1,Unspecified,2059,2026-08-04T17:47:32.4898666+09:00,2026-08-04T17:47:32.9898666+09:00,1037.598890,1038.098890,30,30,-0.026381,-0.031872,0.000000,0.000000,0.000000,0.000042,0
20260804_173014_890,1,Unspecified,2060,2026-08-04T17:47:32.9898666+09:00,2026-08-04T17:47:33.4898666+09:00,1038.098890,1038.598890,30,30,-0.026318,-0.031887,0.000000,0.000000,0.000000,0.000039,0
20260804_173014_890,1,Unspecified,2061,2026-08-04T17:47:33.4898666+09:00,2026-08-04T17:47:33.9898666+09:00,1038.598890,1039.098890,30,30,-0.026329,-0.031885,0.000000,0.000000,0.000000,0.000023,0
20260804_173014_890,1,Unspecified,2062,2026-08-04T17:47:33.9898666+09:00,2026-08-04T17:47:34.4898666+09:00,1039.098890,1039.598890,30,30,-0.026546,-0.031832,0.000000,0.000000,0.000000,0.000090,0
20260804_173014_890,1,Unspecified,2063,2026-08-04T17:47:34.4898666+09:00,2026-08-04T17:47:34.9898666+09:00,1039.598890,1040.098890,30,30,-0.026683,-0.031798,0.000000,0.000000,0.000000,0.000062,0
20260804_173014_890,1,Unspecified,2064,2026-08-04T17:47:34.9898666+09:00,2026-08-04T17:47:35.4898666+09:00,1040.098890,1040.598890,30,30,-0.026835,-0.031764,0.000000,0.000000,0.000000,0.000122,0
20260804_173014_890,1,Unspecified,2065,2026-08-04T17:47:35.4898666+09:00,2026-08-04T17:47:35.9898666+09:00,1040.598890,1041.098890,30,30,-0.026662,-0.031806,0.000000,0.000000,0.000000,0.000144,0
20260804_173014_890,1,Unspecified,2066,2026-08-04T17:47:35.9898666+09:00,2026-08-04T17:47:36.4898666+09:00,1041.098890,1041.598890,30,30,-0.026685,-0.031805,0.000000,0.000000,0.000000,0.000086,0
20260804_173014_890,1,Unspecified,2067,2026-08-04T17:47:36.4898666+09:00,2026-08-04T17:47:36.9898666+09:00,1041.598890,1042.098890,30,30,-0.026695,-0.031797,0.000000,0.000000,0.000000,0.000103,0
20260804_173014_890,1,Unspecified,2068,2026-08-04T17:47:36.9898666+09:00,2026-08-04T17:47:37.4898666+09:00,1042.098890,1042.598890,30,30,-0.026588,-0.031818,0.000000,0.000000,0.000000,0.000051,0
20260804_173014_890,1,Unspecified,2069,2026-08-04T17:47:37.4898666+09:00,2026-08-04T17:47:37.9898666+09:00,1042.598890,1043.098890,30,30,-0.026641,-0.031802,0.000000,0.000000,0.000000,0.000059,0
20260804_173014_890,1,Unspecified,2070,2026-08-04T17:47:37.9898666+09:00,2026-08-04T17:47:38.4898666+09:00,1043.098890,1043.598890,30,30,-0.026115,-0.031898,0.000000,0.000000,0.000000,0.000411,0
20260804_173014_890,1,Unspecified,2071,2026-08-04T17:47:38.4898666+09:00,2026-08-04T17:47:38.9898666+09:00,1043.598890,1044.098890,30,30,-0.025309,-0.032209,0.000000,0.000000,0.000000,0.000156,0
20260804_173014_890,1,Unspecified,2072,2026-08-04T17:47:38.9898666+09:00,2026-08-04T17:47:39.4898666+09:00,1044.098890,1044.598890,30,30,-0.025563,-0.032114,0.000000,0.000000,0.000000,0.000287,0
20260804_173014_890,1,Unspecified,2073,2026-08-04T17:47:39.4898666+09:00,2026-08-04T17:47:39.9898666+09:00,1044.598890,1045.098890,30,30,-0.026432,-0.031923,0.000000,0.000000,0.000000,0.000346,0
20260804_173014_890,1,Unspecified,2074,2026-08-04T17:47:39.9898666+09:00,2026-08-04T17:47:40.4898666+09:00,1045.098890,1045.598890,30,30,-0.024979,-0.032454,0.000000,0.000000,0.000000,0.000700,0
20260804_173014_890,1,Unspecified,2075,2026-08-04T17:47:40.4898666+09:00,2026-08-04T17:47:40.9898666+09:00,1045.598890,1046.098890,30,30,-0.024805,-0.032338,0.000001,0.000000,0.000000,0.001088,0
20260804_173014_890,1,Unspecified,2076,2026-08-04T17:47:40.9898666+09:00,2026-08-04T17:47:41.4898666+09:00,1046.098890,1046.598890,30,30,-0.027210,-0.031676,0.000000,0.000000,0.000000,0.000305,0
20260804_173014_890,1,Unspecified,2077,2026-08-04T17:47:41.4898666+09:00,2026-08-04T17:47:41.9898666+09:00,1046.598890,1047.098890,30,30,-0.026970,-0.031772,0.000000,0.000000,0.000000,0.000454,0
20260804_173014_890,1,Unspecified,2078,2026-08-04T17:47:41.9898666+09:00,2026-08-04T17:47:42.4898666+09:00,1047.098890,1047.598890,30,30,-0.025571,-0.032100,0.000000,0.000000,0.000000,0.000495,0
20260804_173014_890,1,Unspecified,2079,2026-08-04T17:47:42.4898666+09:00,2026-08-04T17:47:42.9898666+09:00,1047.598890,1048.098890,30,30,-0.025772,-0.032087,0.000000,0.000000,0.000000,0.000606,0
20260804_173014_890,1,Unspecified,2080,2026-08-04T17:47:42.9898666+09:00,2026-08-04T17:47:43.4898666+09:00,1048.098890,1048.598890,30,30,-0.027120,-0.031770,0.000001,0.000000,0.000000,0.000746,0
20260804_173014_890,1,Unspecified,2081,2026-08-04T17:47:43.4898666+09:00,2026-08-04T17:47:43.9898666+09:00,1048.598890,1049.098890,30,30,-0.026145,-0.032044,0.000000,0.000000,0.000000,0.000559,0
20260804_173014_890,1,Unspecified,2082,2026-08-04T17:47:43.9898666+09:00,2026-08-04T17:47:44.4898666+09:00,1049.098890,1049.598890,30,30,-0.026090,-0.032061,0.000000,0.000000,0.000000,0.000483,0
20260804_173014_890,1,Unspecified,2083,2026-08-04T17:47:44.4898666+09:00,2026-08-04T17:47:44.9898666+09:00,1049.598890,1050.098890,30,30,-0.026499,-0.031905,0.000000,0.000000,0.000000,0.000442,0
20260804_173014_890,1,Unspecified,2084,2026-08-04T17:47:44.9898666+09:00,2026-08-04T17:47:45.4898666+09:00,1050.098890,1050.598890,30,30,-0.027024,-0.031728,0.000000,0.000000,0.000000,0.000360,0
20260804_173014_890,1,Unspecified,2085,2026-08-04T17:47:45.4898666+09:00,2026-08-04T17:47:45.9898666+09:00,1050.598890,1051.098890,30,30,-0.026123,-0.031961,0.000000,0.000000,0.000000,0.000130,0
20260804_173014_890,1,Unspecified,2086,2026-08-04T17:47:45.9898666+09:00,2026-08-04T17:47:46.4898666+09:00,1051.098890,1051.598890,30,30,-0.026147,-0.031947,0.000000,0.000000,0.000000,0.000092,0
20260804_173014_890,1,Unspecified,2087,2026-08-04T17:47:46.4898666+09:00,2026-08-04T17:47:46.9898666+09:00,1051.598890,1052.098890,30,30,-0.026322,-0.031883,0.000000,0.000000,0.000000,0.000156,0
20260804_173014_890,1,Unspecified,2088,2026-08-04T17:47:46.9898666+09:00,2026-08-04T17:47:47.4898666+09:00,1052.098890,1052.598890,30,30,-0.024379,-0.032466,0.000000,0.000000,0.000000,0.000730,0
20260804_173014_890,1,Unspecified,2089,2026-08-04T17:47:47.4898666+09:00,2026-08-04T17:47:47.9898666+09:00,1052.598890,1053.098890,30,30,-0.024788,-0.032311,0.000000,0.000000,0.000000,0.000597,0
20260804_173014_890,1,Unspecified,2090,2026-08-04T17:47:47.9898666+09:00,2026-08-04T17:47:48.4898666+09:00,1053.098890,1053.598890,30,30,-0.025603,-0.032063,0.000000,0.000000,0.000000,0.000369,0
20260804_173014_890,1,Unspecified,2091,2026-08-04T17:47:48.4898666+09:00,2026-08-04T17:47:48.9898666+09:00,1053.598890,1054.098890,30,30,-0.024460,-0.032387,0.000000,0.000000,0.000000,0.000140,0
20260804_173014_890,1,Unspecified,2092,2026-08-04T17:47:48.9898666+09:00,2026-08-04T17:47:49.4898666+09:00,1054.098890,1054.598890,30,30,-0.024885,-0.032258,0.000000,0.000000,0.000000,0.000055,0
20260804_173014_890,1,Unspecified,2093,2026-08-04T17:47:49.4898666+09:00,2026-08-04T17:47:49.9898666+09:00,1054.598890,1055.098890,30,30,-0.025275,-0.032148,0.000000,0.000000,0.000000,0.000212,0
20260804_173014_890,1,Unspecified,2094,2026-08-04T17:47:49.9898666+09:00,2026-08-04T17:47:50.4898666+09:00,1055.098890,1055.598890,30,30,-0.025607,-0.032055,0.000000,0.000000,0.000000,0.000060,0
20260804_173014_890,1,Unspecified,2095,2026-08-04T17:47:50.4898666+09:00,2026-08-04T17:47:50.9898666+09:00,1055.598890,1056.098890,30,30,-0.025778,-0.032006,0.000000,0.000000,0.000000,0.000059,0
20260804_173014_890,1,Unspecified,2096,2026-08-04T17:47:50.9898666+09:00,2026-08-04T17:47:51.4898666+09:00,1056.098890,1056.598890,30,30,-0.025960,-0.031958,0.000000,0.000000,0.000000,0.000093,0
20260804_173014_890,1,Unspecified,2097,2026-08-04T17:47:51.4898666+09:00,2026-08-04T17:47:51.9898666+09:00,1056.598890,1057.098890,30,30,-0.026106,-0.031918,0.000000,0.000000,0.000000,0.000071,0
20260804_173014_890,1,Unspecified,2098,2026-08-04T17:47:51.9898666+09:00,2026-08-04T17:47:52.4898666+09:00,1057.098890,1057.598890,30,30,-0.026074,-0.031927,0.000000,0.000000,0.000000,0.000075,0
20260804_173014_890,1,Unspecified,2099,2026-08-04T17:47:52.4898666+09:00,2026-08-04T17:47:52.9898666+09:00,1057.598890,1058.098890,30,30,-0.026089,-0.031924,0.000000,0.000000,0.000000,0.000051,0
20260804_173014_890,1,Unspecified,2100,2026-08-04T17:47:52.9898666+09:00,2026-08-04T17:47:53.4898666+09:00,1058.098890,1058.598890,30,30,-0.026213,-0.031886,0.000000,0.000000,0.000000,0.000107,0
20260804_173014_890,1,Unspecified,2101,2026-08-04T17:47:53.4898666+09:00,2026-08-04T17:47:53.9898666+09:00,1058.598890,1059.098890,30,30,-0.026381,-0.031849,0.000000,0.000000,0.000000,0.000053,0
20260804_173014_890,1,Unspecified,2102,2026-08-04T17:47:53.9898666+09:00,2026-08-04T17:47:54.4898666+09:00,1059.098890,1059.598890,30,30,-0.026289,-0.031872,0.000000,0.000000,0.000000,0.000057,0
20260804_173014_890,1,Unspecified,2103,2026-08-04T17:47:54.4898666+09:00,2026-08-04T17:47:54.9898666+09:00,1059.598890,1060.098890,30,30,-0.026260,-0.031886,0.000000,0.000000,0.000000,0.000070,0
20260804_173014_890,1,Unspecified,2104,2026-08-04T17:47:54.9898666+09:00,2026-08-04T17:47:55.4898666+09:00,1060.098890,1060.598890,30,30,-0.026338,-0.031859,0.000000,0.000000,0.000000,0.000056,0
20260804_173014_890,1,Unspecified,2105,2026-08-04T17:47:55.4898666+09:00,2026-08-04T17:47:55.9898666+09:00,1060.598890,1061.098890,30,30,-0.026386,-0.031845,0.000000,0.000000,0.000000,0.000079,0
20260804_173014_890,1,Unspecified,2106,2026-08-04T17:47:55.9898666+09:00,2026-08-04T17:47:56.4898666+09:00,1061.098890,1061.598890,30,30,-0.026325,-0.031865,0.000000,0.000000,0.000000,0.000076,0
20260804_173014_890,1,Unspecified,2107,2026-08-04T17:47:56.4898666+09:00,2026-08-04T17:47:56.9898666+09:00,1061.598890,1062.098890,30,30,-0.026300,-0.031871,0.000000,0.000000,0.000000,0.000053,0
20260804_173014_890,1,Unspecified,2108,2026-08-04T17:47:56.9898666+09:00,2026-08-04T17:47:57.4898666+09:00,1062.098890,1062.598890,30,30,-0.026421,-0.031838,0.000000,0.000000,0.000000,0.000049,0
20260804_173014_890,1,Unspecified,2109,2026-08-04T17:47:57.4898666+09:00,2026-08-04T17:47:57.9898666+09:00,1062.598890,1063.098890,30,30,-0.026450,-0.031830,0.000000,0.000000,0.000000,0.000084,0
20260804_173014_890,1,Unspecified,2110,2026-08-04T17:47:57.9898666+09:00,2026-08-04T17:47:58.4898666+09:00,1063.098890,1063.598890,30,30,-0.026111,-0.031920,0.000000,0.000000,0.000000,0.000156,0
20260804_173014_890,1,Unspecified,2111,2026-08-04T17:47:58.4898666+09:00,2026-08-04T17:47:58.9898666+09:00,1063.598890,1064.098890,30,30,-0.026135,-0.031915,0.000000,0.000000,0.000000,0.000034,0
20260804_173014_890,1,Unspecified,2112,2026-08-04T17:47:58.9898666+09:00,2026-08-04T17:47:59.4898666+09:00,1064.098890,1064.598890,30,30,-0.026328,-0.031864,0.000000,0.000000,0.000000,0.000131,0
20260804_173014_890,1,Unspecified,2113,2026-08-04T17:47:59.4898666+09:00,2026-08-04T17:47:59.9898666+09:00,1064.598890,1065.098890,30,30,-0.026498,-0.031822,0.000000,0.000000,0.000000,0.000087,0
20260804_173014_890,1,Unspecified,2114,2026-08-04T17:47:59.9898666+09:00,2026-08-04T17:48:00.4898666+09:00,1065.098890,1065.598890,30,30,-0.026597,-0.031799,0.000000,0.000000,0.000000,0.000065,0
20260804_173014_890,1,Unspecified,2115,2026-08-04T17:48:00.4898666+09:00,2026-08-04T17:48:00.9898666+09:00,1065.598890,1066.098890,30,30,-0.026620,-0.031793,0.000000,0.000000,0.000000,0.000101,0
20260804_173014_890,1,Unspecified,2116,2026-08-04T17:48:00.9898666+09:00,2026-08-04T17:48:01.4898666+09:00,1066.098890,1066.598890,30,30,-0.026631,-0.031795,0.000000,0.000000,0.000000,0.000075,0
20260804_173014_890,1,Unspecified,2117,2026-08-04T17:48:01.4898666+09:00,2026-08-04T17:48:01.9898666+09:00,1066.598890,1067.098890,30,30,-0.026768,-0.031764,0.000000,0.000000,0.000000,0.000041,0
20260804_173014_890,1,Unspecified,2118,2026-08-04T17:48:01.9898666+09:00,2026-08-04T17:48:02.4898666+09:00,1067.098890,1067.598890,30,30,-0.027025,-0.031705,0.000000,0.000000,0.000000,0.000181,0
20260804_173014_890,1,Unspecified,2119,2026-08-04T17:48:02.4898666+09:00,2026-08-04T17:48:02.9898666+09:00,1067.598890,1068.098890,30,30,-0.027264,-0.031651,0.000000,0.000000,0.000000,0.000029,0
20260804_173014_890,1,Unspecified,2120,2026-08-04T17:48:02.9898666+09:00,2026-08-04T17:48:03.4898666+09:00,1068.098890,1068.598890,30,30,-0.027499,-0.031597,0.000000,0.000000,0.000000,0.000117,0
20260804_173014_890,1,Unspecified,2121,2026-08-04T17:48:03.4898666+09:00,2026-08-04T17:48:03.9898666+09:00,1068.598890,1069.098890,30,30,-0.027542,-0.031589,0.000000,0.000000,0.000000,0.000058,0
20260804_173014_890,1,Unspecified,2122,2026-08-04T17:48:03.9898666+09:00,2026-08-04T17:48:04.4898666+09:00,1069.098890,1069.598890,30,30,-0.027453,-0.031611,0.000000,0.000000,0.000000,0.000100,0
20260804_173014_890,1,Unspecified,2123,2026-08-04T17:48:04.4898666+09:00,2026-08-04T17:48:04.9898666+09:00,1069.598890,1070.098890,30,30,-0.027559,-0.031588,0.000000,0.000000,0.000000,0.000133,0
20260804_173014_890,1,Unspecified,2124,2026-08-04T17:48:04.9898666+09:00,2026-08-04T17:48:05.4898666+09:00,1070.098890,1070.598890,30,30,-0.027669,-0.031568,0.000000,0.000000,0.000000,0.000046,0
20260804_173014_890,1,Unspecified,2125,2026-08-04T17:48:05.4898666+09:00,2026-08-04T17:48:05.9898666+09:00,1070.598890,1071.098890,30,30,-0.027858,-0.031533,0.000000,0.000000,0.000000,0.000079,0
20260804_173014_890,1,Unspecified,2126,2026-08-04T17:48:05.9898666+09:00,2026-08-04T17:48:06.4898666+09:00,1071.098890,1071.598890,30,30,-0.027958,-0.031506,0.000000,0.000000,0.000000,0.000059,0
20260804_173014_890,1,Unspecified,2127,2026-08-04T17:48:06.4898666+09:00,2026-08-04T17:48:06.9898666+09:00,1071.598890,1072.098890,30,30,-0.028120,-0.031479,0.000000,0.000000,0.000000,0.000068,0
20260804_173014_890,1,Unspecified,2128,2026-08-04T17:48:06.9898666+09:00,2026-08-04T17:48:07.4898666+09:00,1072.098890,1072.598890,30,30,-0.028276,-0.031455,0.000000,0.000000,0.000000,0.000051,0
20260804_173014_890,1,Unspecified,2129,2026-08-04T17:48:07.4898666+09:00,2026-08-04T17:48:07.9898666+09:00,1072.598890,1073.098890,30,30,-0.028095,-0.031494,0.000000,0.000000,0.000000,0.000073,0
20260804_173014_890,1,Unspecified,2130,2026-08-04T17:48:07.9898666+09:00,2026-08-04T17:48:08.4898666+09:00,1073.098890,1073.598890,30,30,-0.028027,-0.031509,0.000000,0.000000,0.000000,0.000048,0
20260804_173014_890,1,Unspecified,2131,2026-08-04T17:48:08.4898666+09:00,2026-08-04T17:48:08.9898666+09:00,1073.598890,1074.098890,30,30,-0.028106,-0.031494,0.000000,0.000000,0.000000,0.000127,0
20260804_173014_890,1,Unspecified,2132,2026-08-04T17:48:08.9898666+09:00,2026-08-04T17:48:09.4898666+09:00,1074.098890,1074.598890,30,30,-0.028330,-0.031454,0.000000,0.000000,0.000000,0.000043,0
20260804_173014_890,1,Unspecified,2133,2026-08-04T17:48:09.4898666+09:00,2026-08-04T17:48:09.9898666+09:00,1074.598890,1075.098890,30,30,-0.028341,-0.031454,0.000000,0.000000,0.000000,0.000058,0
20260804_173014_890,1,Unspecified,2134,2026-08-04T17:48:09.9898666+09:00,2026-08-04T17:48:10.4898666+09:00,1075.098890,1075.598890,30,30,-0.028157,-0.031486,0.000000,0.000000,0.000000,0.000078,0
20260804_173014_890,1,Unspecified,2135,2026-08-04T17:48:10.4898666+09:00,2026-08-04T17:48:10.9898666+09:00,1075.598890,1076.098890,30,30,-0.028224,-0.031465,0.000000,0.000000,0.000000,0.000067,0
20260804_173014_890,1,Unspecified,2136,2026-08-04T17:48:10.9898666+09:00,2026-08-04T17:48:11.4898666+09:00,1076.098890,1076.598890,30,30,-0.028231,-0.031470,0.000000,0.000000,0.000000,0.000046,0
20260804_173014_890,1,Unspecified,2137,2026-08-04T17:48:11.4898666+09:00,2026-08-04T17:48:11.9898666+09:00,1076.598890,1077.098890,30,30,-0.028487,-0.031421,0.000000,0.000000,0.000000,0.000045,0
20260804_173014_890,1,Unspecified,2138,2026-08-04T17:48:11.9898666+09:00,2026-08-04T17:48:12.4898666+09:00,1077.098890,1077.598890,30,30,-0.028435,-0.031430,0.000000,0.000000,0.000000,0.000058,0
20260804_173014_890,1,Unspecified,2139,2026-08-04T17:48:12.4898666+09:00,2026-08-04T17:48:12.9898666+09:00,1077.598890,1078.098890,30,30,-0.028456,-0.031424,0.000000,0.000000,0.000000,0.000133,0
20260804_173014_890,1,Unspecified,2140,2026-08-04T17:48:12.9898666+09:00,2026-08-04T17:48:13.4898666+09:00,1078.098890,1078.598890,30,30,-0.028094,-0.031497,0.000000,0.000000,0.000000,0.000066,0
20260804_173014_890,1,Unspecified,2141,2026-08-04T17:48:13.4898666+09:00,2026-08-04T17:48:13.9898666+09:00,1078.598890,1079.098890,30,30,-0.028115,-0.031499,0.000000,0.000000,0.000000,0.000073,0
20260804_173014_890,1,Unspecified,2142,2026-08-04T17:48:13.9898666+09:00,2026-08-04T17:48:14.4898666+09:00,1079.098890,1079.598890,30,30,-0.028134,-0.031500,0.000000,0.000000,0.000000,0.000066,0
20260804_173014_890,1,Unspecified,2143,2026-08-04T17:48:14.4898666+09:00,2026-08-04T17:48:14.9898666+09:00,1079.598890,1080.098890,30,30,-0.028205,-0.031481,0.000000,0.000000,0.000000,0.000125,0
20260804_173014_890,1,Unspecified,2144,2026-08-04T17:48:14.9898666+09:00,2026-08-04T17:48:15.4898666+09:00,1080.098890,1080.598890,30,30,-0.028289,-0.031468,0.000000,0.000000,0.000000,0.000052,0
20260804_173014_890,1,Unspecified,2145,2026-08-04T17:48:15.4898666+09:00,2026-08-04T17:48:15.9898666+09:00,1080.598890,1081.098890,30,30,-0.028457,-0.031438,0.000000,0.000000,0.000000,0.000083,0
20260804_173014_890,1,Unspecified,2146,2026-08-04T17:48:15.9898666+09:00,2026-08-04T17:48:16.4898666+09:00,1081.098890,1081.598890,30,30,-0.028052,-0.031523,0.000000,0.000000,0.000000,0.000131,0
20260804_173014_890,1,Unspecified,2147,2026-08-04T17:48:16.4898666+09:00,2026-08-04T17:48:16.9898666+09:00,1081.598890,1082.098890,30,30,-0.028069,-0.031518,0.000000,0.000000,0.000000,0.000088,0
20260804_173014_890,1,Unspecified,2148,2026-08-04T17:48:16.9898666+09:00,2026-08-04T17:48:17.4898666+09:00,1082.098890,1082.598890,30,30,-0.027996,-0.031538,0.000000,0.000000,0.000000,0.000053,0
20260804_173014_890,1,Unspecified,2149,2026-08-04T17:48:17.4898666+09:00,2026-08-04T17:48:17.9898666+09:00,1082.598890,1083.098890,30,30,-0.028018,-0.031533,0.000000,0.000000,0.000000,0.000054,0
20260804_173014_890,1,Unspecified,2150,2026-08-04T17:48:17.9898666+09:00,2026-08-04T17:48:18.4898666+09:00,1083.098890,1083.598890,30,30,-0.028091,-0.031520,0.000000,0.000000,0.000000,0.000055,0
20260804_173014_890,1,Unspecified,2151,2026-08-04T17:48:18.4898666+09:00,2026-08-04T17:48:18.9898666+09:00,1083.598890,1084.098890,30,30,-0.028245,-0.031485,0.000000,0.000000,0.000000,0.000061,0
20260804_173014_890,1,Unspecified,2152,2026-08-04T17:48:18.9898666+09:00,2026-08-04T17:48:19.4898666+09:00,1084.098890,1084.598890,30,30,-0.028274,-0.031488,0.000000,0.000000,0.000000,0.000114,0
20260804_173014_890,1,Unspecified,2153,2026-08-04T17:48:19.4898666+09:00,2026-08-04T17:48:19.9898666+09:00,1084.598890,1085.098890,30,30,-0.028030,-0.031527,0.000000,0.000000,0.000000,0.000134,0
20260804_173014_890,1,Unspecified,2154,2026-08-04T17:48:19.9898666+09:00,2026-08-04T17:48:20.4898666+09:00,1085.098890,1085.598890,30,30,-0.028158,-0.031512,0.000000,0.000000,0.000000,0.000063,0
20260804_173014_890,1,Unspecified,2155,2026-08-04T17:48:20.4898666+09:00,2026-08-04T17:48:20.9898666+09:00,1085.598890,1086.098890,30,30,-0.028212,-0.031500,0.000000,0.000000,0.000000,0.000052,0
20260804_173014_890,1,Unspecified,2156,2026-08-04T17:48:20.9898666+09:00,2026-08-04T17:48:21.4898666+09:00,1086.098890,1086.598890,30,30,-0.028208,-0.031507,0.000000,0.000000,0.000000,0.000084,0
20260804_173014_890,1,Unspecified,2157,2026-08-04T17:48:21.4898666+09:00,2026-08-04T17:48:21.9898666+09:00,1086.598890,1087.098890,30,30,-0.028284,-0.031489,0.000000,0.000000,0.000000,0.000075,0
20260804_173014_890,1,Unspecified,2158,2026-08-04T17:48:21.9898666+09:00,2026-08-04T17:48:22.4898666+09:00,1087.098890,1087.598890,30,30,-0.028557,-0.031430,0.000000,0.000000,0.000000,0.000129,0
20260804_173014_890,1,Unspecified,2159,2026-08-04T17:48:22.4898666+09:00,2026-08-04T17:48:22.9898666+09:00,1087.598890,1088.098890,30,30,-0.028631,-0.031417,0.000000,0.000000,0.000000,0.000045,0
20260804_173014_890,1,Unspecified,2160,2026-08-04T17:48:22.9898666+09:00,2026-08-04T17:48:23.4898666+09:00,1088.098890,1088.598890,30,30,-0.028592,-0.031421,0.000000,0.000000,0.000000,0.000039,0
20260804_173014_890,1,Unspecified,2161,2026-08-04T17:48:23.4898666+09:00,2026-08-04T17:48:23.9898666+09:00,1088.598890,1089.098890,30,30,-0.028541,-0.031434,0.000000,0.000000,0.000000,0.000060,0
20260804_173014_890,1,Unspecified,2162,2026-08-04T17:48:23.9898666+09:00,2026-08-04T17:48:24.4898666+09:00,1089.098890,1089.598890,30,30,-0.028602,-0.031424,0.000000,0.000000,0.000000,0.000045,0
20260804_173014_890,1,Unspecified,2163,2026-08-04T17:48:24.4898666+09:00,2026-08-04T17:48:24.9898666+09:00,1089.598890,1090.098890,30,30,-0.028597,-0.031425,0.000000,0.000000,0.000000,0.000070,0
20260804_173014_890,1,Unspecified,2164,2026-08-04T17:48:24.9898666+09:00,2026-08-04T17:48:25.4898666+09:00,1090.098890,1090.598890,30,30,-0.028782,-0.031392,0.000000,0.000000,0.000000,0.000064,0
20260804_173014_890,1,Unspecified,2165,2026-08-04T17:48:25.4898666+09:00,2026-08-04T17:48:25.9898666+09:00,1090.598890,1091.098890,30,30,-0.028786,-0.031390,0.000000,0.000000,0.000000,0.000055,0
20260804_173014_890,1,Unspecified,2166,2026-08-04T17:48:25.9898666+09:00,2026-08-04T17:48:26.4898666+09:00,1091.098890,1091.598890,30,30,-0.028602,-0.031417,0.000000,0.000000,0.000000,0.000183,0
20260804_173014_890,1,Unspecified,2167,2026-08-04T17:48:26.4898666+09:00,2026-08-04T17:48:26.9898666+09:00,1091.598890,1092.098890,30,30,-0.028248,-0.031481,0.000000,0.000000,0.000000,0.000097,0
20260804_173014_890,1,Unspecified,2168,2026-08-04T17:48:26.9898666+09:00,2026-08-04T17:48:27.4898666+09:00,1092.098890,1092.598890,30,30,-0.028330,-0.031474,0.000000,0.000000,0.000000,0.000052,0
20260804_173014_890,1,Unspecified,2169,2026-08-04T17:48:27.4898666+09:00,2026-08-04T17:48:27.9898666+09:00,1092.598890,1093.098890,30,30,-0.028270,-0.031482,0.000000,0.000000,0.000000,0.000058,0
20260804_173014_890,1,Unspecified,2170,2026-08-04T17:48:27.9898666+09:00,2026-08-04T17:48:28.4898666+09:00,1093.098890,1093.598890,30,30,-0.028343,-0.031470,0.000000,0.000000,0.000000,0.000069,0
20260804_173014_890,1,Unspecified,2171,2026-08-04T17:48:28.4898666+09:00,2026-08-04T17:48:28.9898666+09:00,1093.598890,1094.098890,30,30,-0.028401,-0.031456,0.000000,0.000000,0.000000,0.000060,0
20260804_173014_890,1,Unspecified,2172,2026-08-04T17:48:28.9898666+09:00,2026-08-04T17:48:29.4898666+09:00,1094.098890,1094.598890,30,30,-0.028494,-0.031443,0.000000,0.000000,0.000000,0.000051,0
20260804_173014_890,1,Unspecified,2173,2026-08-04T17:48:29.4898666+09:00,2026-08-04T17:48:29.9898666+09:00,1094.598890,1095.098890,30,30,-0.028444,-0.031455,0.000000,0.000000,0.000000,0.000113,0
20260804_173014_890,1,Unspecified,2174,2026-08-04T17:48:29.9898666+09:00,2026-08-04T17:48:30.4898666+09:00,1095.098890,1095.598890,30,30,-0.028403,-0.031464,0.000000,0.000000,0.000000,0.000067,0
20260804_173014_890,1,Unspecified,2175,2026-08-04T17:48:30.4898666+09:00,2026-08-04T17:48:30.9898666+09:00,1095.598890,1096.098890,30,30,-0.028478,-0.031453,0.000000,0.000000,0.000000,0.000037,0
20260804_173014_890,1,Unspecified,2176,2026-08-04T17:48:30.9898666+09:00,2026-08-04T17:48:31.4898666+09:00,1096.098890,1096.598890,30,30,-0.028543,-0.031434,0.000000,0.000000,0.000000,0.000105,0
20260804_173014_890,1,Unspecified,2177,2026-08-04T17:48:31.4898666+09:00,2026-08-04T17:48:31.9898666+09:00,1096.598890,1097.098890,30,30,-0.028710,-0.031404,0.000000,0.000000,0.000000,0.000036,0
20260804_173014_890,1,Unspecified,2178,2026-08-04T17:48:31.9898666+09:00,2026-08-04T17:48:32.4898666+09:00,1097.098890,1097.598890,30,30,-0.028698,-0.031405,0.000000,0.000000,0.000000,0.000042,0
20260804_173014_890,1,Unspecified,2179,2026-08-04T17:48:32.4898666+09:00,2026-08-04T17:48:32.9898666+09:00,1097.598890,1098.098890,30,30,-0.028490,-0.031447,0.000000,0.000000,0.000000,0.000060,0
20260804_173014_890,1,Unspecified,2180,2026-08-04T17:48:32.9898666+09:00,2026-08-04T17:48:33.4898666+09:00,1098.098890,1098.598890,30,30,-0.028494,-0.031448,0.000000,0.000000,0.000000,0.000047,0
20260804_173014_890,1,Unspecified,2181,2026-08-04T17:48:33.4898666+09:00,2026-08-04T17:48:33.9898666+09:00,1098.598890,1099.098890,30,30,-0.028437,-0.031462,0.000000,0.000000,0.000000,0.000039,0
20260804_173014_890,1,Unspecified,2182,2026-08-04T17:48:33.9898666+09:00,2026-08-04T17:48:34.4898666+09:00,1099.098890,1099.598890,30,30,-0.028481,-0.031451,0.000000,0.000000,0.000000,0.000077,0
20260804_173014_890,1,Unspecified,2183,2026-08-04T17:48:34.4898666+09:00,2026-08-04T17:48:34.9898666+09:00,1099.598890,1100.098890,30,30,-0.028668,-0.031415,0.000000,0.000000,0.000000,0.000035,0
20260804_173014_890,1,Unspecified,2184,2026-08-04T17:48:34.9898666+09:00,2026-08-04T17:48:35.4898666+09:00,1100.098890,1100.598890,30,30,-0.028606,-0.031424,0.000000,0.000000,0.000000,0.000041,0
20260804_173014_890,1,Unspecified,2185,2026-08-04T17:48:35.4898666+09:00,2026-08-04T17:48:35.9898666+09:00,1100.598890,1101.098890,30,30,-0.028723,-0.031403,0.000000,0.000000,0.000000,0.000087,0
20260804_173014_890,1,Unspecified,2186,2026-08-04T17:48:35.9898666+09:00,2026-08-04T17:48:36.4898666+09:00,1101.098890,1101.598890,30,30,-0.028630,-0.031422,0.000000,0.000000,0.000000,0.000057,0
20260804_173014_890,1,Unspecified,2187,2026-08-04T17:48:36.4898666+09:00,2026-08-04T17:48:36.9898666+09:00,1101.598890,1102.098890,30,30,-0.028428,-0.031461,0.000000,0.000000,0.000000,0.000130,0
20260804_173014_890,1,Unspecified,2188,2026-08-04T17:48:36.9898666+09:00,2026-08-04T17:48:37.4898666+09:00,1102.098890,1102.598890,30,30,-0.028406,-0.031475,0.000000,0.000000,0.000000,0.000054,0
20260804_173014_890,1,Unspecified,2189,2026-08-04T17:48:37.4898666+09:00,2026-08-04T17:48:37.9898666+09:00,1102.598890,1103.098890,30,30,-0.028324,-0.031495,0.000000,0.000000,0.000000,0.000033,0
20260804_173014_890,1,Unspecified,2190,2026-08-04T17:48:37.9898666+09:00,2026-08-04T17:48:38.4898666+09:00,1103.098890,1103.598890,30,30,-0.028367,-0.031494,0.000000,0.000000,0.000000,0.000046,0
20260804_173014_890,1,Unspecified,2191,2026-08-04T17:48:38.4898666+09:00,2026-08-04T17:48:38.9898666+09:00,1103.598890,1104.098890,30,30,-0.028363,-0.031494,0.000000,0.000000,0.000000,0.000037,0
20260804_173014_890,1,Unspecified,2192,2026-08-04T17:48:38.9898666+09:00,2026-08-04T17:48:39.4898666+09:00,1104.098890,1104.598890,30,30,-0.028269,-0.031518,0.000000,0.000000,0.000000,0.000058,0
20260804_173014_890,1,Unspecified,2193,2026-08-04T17:48:39.4898666+09:00,2026-08-04T17:48:39.9898666+09:00,1104.598890,1105.098890,30,30,-0.028195,-0.031535,0.000000,0.000000,0.000000,0.000038,0
20260804_173014_890,1,Unspecified,2194,2026-08-04T17:48:39.9898666+09:00,2026-08-04T17:48:40.4898666+09:00,1105.098890,1105.598890,30,30,-0.028091,-0.031555,0.000000,0.000000,0.000000,0.000037,0
20260804_173014_890,1,Unspecified,2195,2026-08-04T17:48:40.4898666+09:00,2026-08-04T17:48:40.9898666+09:00,1105.598890,1106.098890,30,30,-0.028160,-0.031542,0.000000,0.000000,0.000000,0.000062,0
20260804_173014_890,1,Unspecified,2196,2026-08-04T17:48:40.9898666+09:00,2026-08-04T17:48:41.4898666+09:00,1106.098890,1106.598890,30,30,-0.028231,-0.031526,0.000000,0.000000,0.000000,0.000045,0
20260804_173014_890,1,Unspecified,2197,2026-08-04T17:48:41.4898666+09:00,2026-08-04T17:48:41.9898666+09:00,1106.598890,1107.098890,30,30,-0.028270,-0.031522,0.000000,0.000000,0.000000,0.000023,0
20260804_173014_890,1,Unspecified,2198,2026-08-04T17:48:41.9898666+09:00,2026-08-04T17:48:42.4898666+09:00,1107.098890,1107.598890,30,30,-0.028073,-0.031563,0.000000,0.000000,0.000000,0.000084,0
20260804_173014_890,1,Unspecified,2199,2026-08-04T17:48:42.4898666+09:00,2026-08-04T17:48:42.9898666+09:00,1107.598890,1108.098890,30,30,-0.028050,-0.031570,0.000000,0.000000,0.000000,0.000071,0
20260804_173014_890,1,Unspecified,2200,2026-08-04T17:48:42.9898666+09:00,2026-08-04T17:48:43.4898666+09:00,1108.098890,1108.598890,30,30,-0.028034,-0.031569,0.000000,0.000000,0.000000,0.000060,0
20260804_173014_890,1,Unspecified,2201,2026-08-04T17:48:43.4898666+09:00,2026-08-04T17:48:43.9898666+09:00,1108.598890,1109.098890,30,30,-0.028091,-0.031557,0.000000,0.000000,0.000000,0.000053,0
20260804_173014_890,1,Unspecified,2202,2026-08-04T17:48:43.9898666+09:00,2026-08-04T17:48:44.4898666+09:00,1109.098890,1109.598890,30,30,-0.028290,-0.031519,0.000000,0.000000,0.000000,0.000053,0
20260804_173014_890,1,Unspecified,2203,2026-08-04T17:48:44.4898666+09:00,2026-08-04T17:48:44.9898666+09:00,1109.598890,1110.098890,30,30,-0.028167,-0.031546,0.000000,0.000000,0.000000,0.000069,0
20260804_173014_890,1,Unspecified,2204,2026-08-04T17:48:44.9898666+09:00,2026-08-04T17:48:45.4898666+09:00,1110.098890,1110.598890,30,30,-0.027980,-0.031587,0.000000,0.000000,0.000000,0.000039,0
20260804_173014_890,1,Unspecified,2205,2026-08-04T17:48:45.4898666+09:00,2026-08-04T17:48:45.9898666+09:00,1110.598890,1111.098890,30,30,-0.028029,-0.031579,0.000000,0.000000,0.000000,0.000022,0
20260804_173014_890,1,Unspecified,2206,2026-08-04T17:48:45.9898666+09:00,2026-08-04T17:48:46.4898666+09:00,1111.098890,1111.598890,30,30,-0.028009,-0.031584,0.000000,0.000000,0.000000,0.000047,0
20260804_173014_890,1,Unspecified,2207,2026-08-04T17:48:46.4898666+09:00,2026-08-04T17:48:46.9898666+09:00,1111.598890,1112.098890,30,30,-0.028120,-0.031561,0.000000,0.000000,0.000000,0.000027,0
20260804_173014_890,1,Unspecified,2208,2026-08-04T17:48:46.9898666+09:00,2026-08-04T17:48:47.4898666+09:00,1112.098890,1112.598890,30,30,-0.028080,-0.031571,0.000000,0.000000,0.000000,0.000045,0
20260804_173014_890,1,Unspecified,2209,2026-08-04T17:48:47.4898666+09:00,2026-08-04T17:48:47.9898666+09:00,1112.598890,1113.098890,30,30,-0.028189,-0.031544,0.000000,0.000000,0.000000,0.000054,0
20260804_173014_890,1,Unspecified,2210,2026-08-04T17:48:47.9898666+09:00,2026-08-04T17:48:48.4898666+09:00,1113.098890,1113.598890,30,30,-0.027968,-0.031592,0.000000,0.000000,0.000000,0.000102,0
20260804_173014_890,1,Unspecified,2211,2026-08-04T17:48:48.4898666+09:00,2026-08-04T17:48:48.9898666+09:00,1113.598890,1114.098890,31,31,-0.027886,-0.031608,0.000000,0.000000,0.000000,0.000036,0
20260804_173014_890,1,Unspecified,2212,2026-08-04T17:48:48.9898666+09:00,2026-08-04T17:48:49.4898666+09:00,1114.098890,1114.598890,29,29,-0.027930,-0.031598,0.000000,0.000000,0.000000,0.000070,0
20260804_173014_890,1,Unspecified,2213,2026-08-04T17:48:49.4898666+09:00,2026-08-04T17:48:49.9898666+09:00,1114.598890,1115.098890,30,30,-0.028115,-0.031561,0.000000,0.000000,0.000000,0.000028,0
20260804_173014_890,1,Unspecified,2214,2026-08-04T17:48:49.9898666+09:00,2026-08-04T17:48:50.4898666+09:00,1115.098890,1115.598890,30,30,-0.028121,-0.031562,0.000000,0.000000,0.000000,0.000052,0
20260804_173014_890,1,Unspecified,2215,2026-08-04T17:48:50.4898666+09:00,2026-08-04T17:48:50.9898666+09:00,1115.598890,1116.098890,30,30,-0.027924,-0.031606,0.000000,0.000000,0.000000,0.000147,0
20260804_173014_890,1,Unspecified,2216,2026-08-04T17:48:50.9898666+09:00,2026-08-04T17:48:51.4898666+09:00,1116.098890,1116.598890,30,30,-0.027843,-0.031620,0.000000,0.000000,0.000000,0.000079,0
20260804_173014_890,1,Unspecified,2217,2026-08-04T17:48:51.4898666+09:00,2026-08-04T17:48:51.9898666+09:00,1116.598890,1117.098890,30,30,-0.027786,-0.031631,0.000000,0.000000,0.000000,0.000056,0
20260804_173014_890,1,Unspecified,2218,2026-08-04T17:48:51.9898666+09:00,2026-08-04T17:48:52.4898666+09:00,1117.098890,1117.598890,30,30,-0.027807,-0.031627,0.000000,0.000000,0.000000,0.000084,0
20260804_173014_890,1,Unspecified,2219,2026-08-04T17:48:52.4898666+09:00,2026-08-04T17:48:52.9898666+09:00,1117.598890,1118.098890,30,30,-0.028052,-0.031578,0.000000,0.000000,0.000000,0.000055,0
20260804_173014_890,1,Unspecified,2220,2026-08-04T17:48:52.9898666+09:00,2026-08-04T17:48:53.4898666+09:00,1118.098890,1118.598890,30,30,-0.028091,-0.031574,0.000000,0.000000,0.000000,0.000038,0
20260804_173014_890,1,Unspecified,2221,2026-08-04T17:48:53.4898666+09:00,2026-08-04T17:48:53.9898666+09:00,1118.598890,1119.098890,30,30,-0.028021,-0.031592,0.000000,0.000000,0.000000,0.000049,0
20260804_173014_890,1,Unspecified,2222,2026-08-04T17:48:53.9898666+09:00,2026-08-04T17:48:54.4898666+09:00,1119.098890,1119.598890,30,30,-0.027849,-0.031625,0.000000,0.000000,0.000000,0.000040,0
20260804_173014_890,1,Unspecified,2223,2026-08-04T17:48:54.4898666+09:00,2026-08-04T17:48:54.9898666+09:00,1119.598890,1120.098890,30,30,-0.027866,-0.031623,0.000000,0.000000,0.000000,0.000040,0
20260804_173014_890,1,Unspecified,2224,2026-08-04T17:48:54.9898666+09:00,2026-08-04T17:48:55.4898666+09:00,1120.098890,1120.598890,30,30,-0.027876,-0.031621,0.000000,0.000000,0.000000,0.000108,0
20260804_173014_890,1,Unspecified,2225,2026-08-04T17:48:55.4898666+09:00,2026-08-04T17:48:55.9898666+09:00,1120.598890,1121.098890,30,30,-0.028084,-0.031579,0.000000,0.000000,0.000000,0.000026,0
20260804_173014_890,1,Unspecified,2226,2026-08-04T17:48:55.9898666+09:00,2026-08-04T17:48:56.4898666+09:00,1121.098890,1121.598890,30,30,-0.028128,-0.031574,0.000000,0.000000,0.000000,0.000057,0
20260804_173014_890,1,Unspecified,2227,2026-08-04T17:48:56.4898666+09:00,2026-08-04T17:48:56.9898666+09:00,1121.598890,1122.098890,30,30,-0.027807,-0.031643,0.000000,0.000000,0.000000,0.000085,0
20260804_173014_890,1,Unspecified,2228,2026-08-04T17:48:56.9898666+09:00,2026-08-04T17:48:57.4898666+09:00,1122.098890,1122.598890,30,30,-0.027719,-0.031662,0.000000,0.000000,0.000000,0.000082,0
20260804_173014_890,1,Unspecified,2229,2026-08-04T17:48:57.4898666+09:00,2026-08-04T17:48:57.9898666+09:00,1122.598890,1123.098890,30,30,-0.027632,-0.031683,0.000000,0.000000,0.000000,0.000059,0
20260804_173014_890,1,Unspecified,2230,2026-08-04T17:48:57.9898666+09:00,2026-08-04T17:48:58.4898666+09:00,1123.098890,1123.598890,30,30,-0.027690,-0.031669,0.000000,0.000000,0.000000,0.000072,0
20260804_173014_890,1,Unspecified,2231,2026-08-04T17:48:58.4898666+09:00,2026-08-04T17:48:58.9898666+09:00,1123.598890,1124.098890,30,30,-0.027869,-0.031627,0.000000,0.000000,0.000000,0.000059,0
20260804_173014_890,1,Unspecified,2232,2026-08-04T17:48:58.9898666+09:00,2026-08-04T17:48:59.4898666+09:00,1124.098890,1124.598890,30,30,-0.027831,-0.031640,0.000000,0.000000,0.000000,0.000037,0
20260804_173014_890,1,Unspecified,2233,2026-08-04T17:48:59.4898666+09:00,2026-08-04T17:48:59.9898666+09:00,1124.598890,1125.098890,30,30,-0.027572,-0.031699,0.000000,0.000000,0.000000,0.000130,0
20260804_173014_890,1,Unspecified,2234,2026-08-04T17:48:59.9898666+09:00,2026-08-04T17:49:00.4898666+09:00,1125.098890,1125.598890,30,30,-0.027536,-0.031707,0.000000,0.000000,0.000000,0.000051,0
20260804_173014_890,1,Unspecified,2235,2026-08-04T17:49:00.4898666+09:00,2026-08-04T17:49:00.9898666+09:00,1125.598890,1126.098890,30,30,-0.027482,-0.031719,0.000000,0.000000,0.000000,0.000049,0
20260804_173014_890,1,Unspecified,2236,2026-08-04T17:49:00.9898666+09:00,2026-08-04T17:49:01.4898666+09:00,1126.098890,1126.598890,30,30,-0.027697,-0.031673,0.000000,0.000000,0.000000,0.000036,0
20260804_173014_890,1,Unspecified,2237,2026-08-04T17:49:01.4898666+09:00,2026-08-04T17:49:01.9898666+09:00,1126.598890,1127.098890,30,30,-0.027735,-0.031665,0.000000,0.000000,0.000000,0.000057,0
20260804_173014_890,1,Unspecified,2238,2026-08-04T17:49:01.9898666+09:00,2026-08-04T17:49:02.4898666+09:00,1127.098890,1127.598890,30,30,-0.027614,-0.031691,0.000000,0.000000,0.000000,0.000174,0
20260804_173014_890,1,Unspecified,2239,2026-08-04T17:49:02.4898666+09:00,2026-08-04T17:49:02.9898666+09:00,1127.598890,1128.098890,30,30,-0.027449,-0.031726,0.000000,0.000000,0.000000,0.000076,0
20260804_173014_890,1,Unspecified,2240,2026-08-04T17:49:02.9898666+09:00,2026-08-04T17:49:03.4898666+09:00,1128.098890,1128.598890,30,30,-0.027398,-0.031739,0.000000,0.000000,0.000000,0.000052,0
20260804_173014_890,1,Unspecified,2241,2026-08-04T17:49:03.4898666+09:00,2026-08-04T17:49:03.9898666+09:00,1128.598890,1129.098890,30,30,-0.027362,-0.031747,0.000000,0.000000,0.000000,0.000052,0
20260804_173014_890,1,Unspecified,2242,2026-08-04T17:49:03.9898666+09:00,2026-08-04T17:49:04.4898666+09:00,1129.098890,1129.598890,30,30,-0.027555,-0.031700,0.000000,0.000000,0.000000,0.000095,0
20260804_173014_890,1,Unspecified,2243,2026-08-04T17:49:04.4898666+09:00,2026-08-04T17:49:04.9898666+09:00,1129.598890,1130.098890,30,30,-0.027606,-0.031686,0.000000,0.000000,0.000000,0.000038,0
20260804_173014_890,1,Unspecified,2244,2026-08-04T17:49:04.9898666+09:00,2026-08-04T17:49:05.4898666+09:00,1130.098890,1130.598890,30,30,-0.027568,-0.031698,0.000000,0.000000,0.000000,0.000069,0
20260804_173014_890,1,Unspecified,2245,2026-08-04T17:49:05.4898666+09:00,2026-08-04T17:49:05.9898666+09:00,1130.598890,1131.098890,30,30,-0.027373,-0.031743,0.000000,0.000000,0.000000,0.000069,0
20260804_173014_890,1,Unspecified,2246,2026-08-04T17:49:05.9898666+09:00,2026-08-04T17:49:06.4898666+09:00,1131.098890,1131.598890,30,30,-0.027327,-0.031755,0.000000,0.000000,0.000000,0.000037,0
20260804_173014_890,1,Unspecified,2247,2026-08-04T17:49:06.4898666+09:00,2026-08-04T17:49:06.9898666+09:00,1131.598890,1132.098890,30,30,-0.027300,-0.031755,0.000000,0.000000,0.000000,0.000034,0
20260804_173014_890,1,Unspecified,2248,2026-08-04T17:49:06.9898666+09:00,2026-08-04T17:49:07.4898666+09:00,1132.098890,1132.598890,30,30,-0.027469,-0.031720,0.000000,0.000000,0.000000,0.000074,0
20260804_173014_890,1,Unspecified,2249,2026-08-04T17:49:07.4898666+09:00,2026-08-04T17:49:07.9898666+09:00,1132.598890,1133.098890,30,30,-0.027582,-0.031694,0.000000,0.000000,0.000000,0.000045,0
20260804_173014_890,1,Unspecified,2250,2026-08-04T17:49:07.9898666+09:00,2026-08-04T17:49:08.4898666+09:00,1133.098890,1133.598890,30,30,-0.027347,-0.031746,0.000000,0.000000,0.000000,0.000115,0
20260804_173014_890,1,Unspecified,2251,2026-08-04T17:49:08.4898666+09:00,2026-08-04T17:49:08.9898666+09:00,1133.598890,1134.098890,30,30,-0.027256,-0.031767,0.000000,0.000000,0.000000,0.000043,0
20260804_173014_890,1,Unspecified,2252,2026-08-04T17:49:08.9898666+09:00,2026-08-04T17:49:09.4898666+09:00,1134.098890,1134.598890,30,30,-0.027179,-0.031784,0.000000,0.000000,0.000000,0.000037,0
20260804_173014_890,1,Unspecified,2253,2026-08-04T17:49:09.4898666+09:00,2026-08-04T17:49:09.9898666+09:00,1134.598890,1135.098890,30,30,-0.027229,-0.031776,0.000000,0.000000,0.000000,0.000090,0
20260804_173014_890,1,Unspecified,2254,2026-08-04T17:49:09.9898666+09:00,2026-08-04T17:49:10.4898666+09:00,1135.098890,1135.598890,30,30,-0.027465,-0.031727,0.000000,0.000000,0.000000,0.000042,0
20260804_173014_890,1,Unspecified,2255,2026-08-04T17:49:10.4898666+09:00,2026-08-04T17:49:10.9898666+09:00,1135.598890,1136.098890,30,30,-0.027396,-0.031747,0.000000,0.000000,0.000000,0.000070,0
20260804_173014_890,1,Unspecified,2256,2026-08-04T17:49:10.9898666+09:00,2026-08-04T17:49:11.4898666+09:00,1136.098890,1136.598890,30,30,-0.027165,-0.031793,0.000000,0.000000,0.000000,0.000044,0
20260804_173014_890,1,Unspecified,2257,2026-08-04T17:49:11.4898666+09:00,2026-08-04T17:49:11.9898666+09:00,1136.598890,1137.098890,30,30,-0.027160,-0.031798,0.000000,0.000000,0.000000,0.000039,0
20260804_173014_890,1,Unspecified,2258,2026-08-04T17:49:11.9898666+09:00,2026-08-04T17:49:12.4898666+09:00,1137.098890,1137.598890,30,30,-0.027146,-0.031799,0.000000,0.000000,0.000000,0.000040,0
20260804_173014_890,1,Unspecified,2259,2026-08-04T17:49:12.4898666+09:00,2026-08-04T17:49:12.9898666+09:00,1137.598890,1138.098890,30,30,-0.027277,-0.031768,0.000000,0.000000,0.000000,0.000085,0
20260804_173014_890,1,Unspecified,2260,2026-08-04T17:49:12.9898666+09:00,2026-08-04T17:49:13.4898666+09:00,1138.098890,1138.598890,30,30,-0.027475,-0.031722,0.000000,0.000000,0.000000,0.000052,0
20260804_173014_890,1,Unspecified,2261,2026-08-04T17:49:13.4898666+09:00,2026-08-04T17:49:13.9898666+09:00,1138.598890,1139.098890,30,30,-0.027445,-0.031730,0.000000,0.000000,0.000000,0.000041,0
20260804_173014_890,1,Unspecified,2262,2026-08-04T17:49:13.9898666+09:00,2026-08-04T17:49:14.4898666+09:00,1139.098890,1139.598890,30,30,-0.027288,-0.031764,0.000000,0.000000,0.000000,0.000085,0
20260804_173014_890,1,Unspecified,2263,2026-08-04T17:49:14.4898666+09:00,2026-08-04T17:49:14.9898666+09:00,1139.598890,1140.098890,30,30,-0.027225,-0.031780,0.000000,0.000000,0.000000,0.000050,0
20260804_173014_890,1,Unspecified,2264,2026-08-04T17:49:14.9898666+09:00,2026-08-04T17:49:15.4898666+09:00,1140.098890,1140.598890,30,30,-0.027295,-0.031766,0.000000,0.000000,0.000000,0.000131,0
20260804_173014_890,1,Unspecified,2265,2026-08-04T17:49:15.4898666+09:00,2026-08-04T17:49:15.9898666+09:00,1140.598890,1141.098890,30,30,-0.027574,-0.031703,0.000000,0.000000,0.000000,0.000049,0
20260804_173014_890,1,Unspecified,2266,2026-08-04T17:49:15.9898666+09:00,2026-08-04T17:49:16.4898666+09:00,1141.098890,1141.598890,30,30,-0.027580,-0.031699,0.000000,0.000000,0.000000,0.000045,0
20260804_173014_890,1,Unspecified,2267,2026-08-04T17:49:16.4898666+09:00,2026-08-04T17:49:16.9898666+09:00,1141.598890,1142.098890,30,30,-0.027422,-0.031736,0.000000,0.000000,0.000000,0.000128,0
20260804_173014_890,1,Unspecified,2268,2026-08-04T17:49:16.9898666+09:00,2026-08-04T17:49:17.4898666+09:00,1142.098890,1142.598890,30,30,-0.027299,-0.031766,0.000000,0.000000,0.000000,0.000040,0
20260804_173014_890,1,Unspecified,2269,2026-08-04T17:49:17.4898666+09:00,2026-08-04T17:49:17.9898666+09:00,1142.598890,1143.098890,30,30,-0.027244,-0.031778,0.000000,0.000000,0.000000,0.000071,0
20260804_173014_890,1,Unspecified,2270,2026-08-04T17:49:17.9898666+09:00,2026-08-04T17:49:18.4898666+09:00,1143.098890,1143.598890,30,30,-0.027340,-0.031756,0.000000,0.000000,0.000000,0.000126,0
20260804_173014_890,1,Unspecified,2271,2026-08-04T17:49:18.4898666+09:00,2026-08-04T17:49:18.9898666+09:00,1143.598890,1144.098890,30,30,-0.027558,-0.031705,0.000000,0.000000,0.000000,0.000041,0
20260804_173014_890,1,Unspecified,2272,2026-08-04T17:49:18.9898666+09:00,2026-08-04T17:49:19.4898666+09:00,1144.098890,1144.598890,30,30,-0.027600,-0.031699,0.000000,0.000000,0.000000,0.000049,0
20260804_173014_890,1,Unspecified,2273,2026-08-04T17:49:19.4898666+09:00,2026-08-04T17:49:19.9898666+09:00,1144.598890,1145.098890,30,30,-0.027546,-0.031714,0.000000,0.000000,0.000000,0.000154,0
20260804_173014_890,1,Unspecified,2274,2026-08-04T17:49:19.9898666+09:00,2026-08-04T17:49:20.4898666+09:00,1145.098890,1145.598890,30,30,-0.027292,-0.031773,0.000000,0.000000,0.000000,0.000087,0
20260804_173014_890,1,Unspecified,2275,2026-08-04T17:49:20.4898666+09:00,2026-08-04T17:49:20.9898666+09:00,1145.598890,1146.098890,30,30,-0.027250,-0.031782,0.000000,0.000000,0.000000,0.000053,0
20260804_173014_890,1,Unspecified,2276,2026-08-04T17:49:20.9898666+09:00,2026-08-04T17:49:21.4898666+09:00,1146.098890,1146.598890,30,30,-0.027244,-0.031786,0.000000,0.000000,0.000000,0.000041,0
20260804_173014_890,1,Unspecified,2277,2026-08-04T17:49:21.4898666+09:00,2026-08-04T17:49:21.9898666+09:00,1146.598890,1147.098890,30,30,-0.027227,-0.031787,0.000000,0.000000,0.000000,0.000069,0
20260804_173014_890,1,Unspecified,2278,2026-08-04T17:49:21.9898666+09:00,2026-08-04T17:49:22.4898666+09:00,1147.098890,1147.598890,30,30,-0.027675,-0.031689,0.000000,0.000000,0.000000,0.000091,0
20260804_173014_890,1,Unspecified,2279,2026-08-04T17:49:22.4898666+09:00,2026-08-04T17:49:22.9898666+09:00,1147.598890,1148.098890,30,30,-0.027780,-0.031663,0.000000,0.000000,0.000000,0.000087,0
20260804_173014_890,1,Unspecified,2280,2026-08-04T17:49:22.9898666+09:00,2026-08-04T17:49:23.4898666+09:00,1148.098890,1148.598890,30,30,-0.027785,-0.031662,0.000000,0.000000,0.000000,0.000047,0
20260804_173014_890,1,Unspecified,2281,2026-08-04T17:49:23.4898666+09:00,2026-08-04T17:49:23.9898666+09:00,1148.598890,1149.098890,30,30,-0.027403,-0.031748,0.000000,0.000000,0.000000,0.000113,0
20260804_173014_890,1,Unspecified,2282,2026-08-04T17:49:23.9898666+09:00,2026-08-04T17:49:24.4898666+09:00,1149.098890,1149.598890,30,30,-0.027363,-0.031764,0.000000,0.000000,0.000000,0.000057,0
20260804_173014_890,1,Unspecified,2283,2026-08-04T17:49:24.4898666+09:00,2026-08-04T17:49:24.9898666+09:00,1149.598890,1150.098890,30,30,-0.027392,-0.031756,0.000000,0.000000,0.000000,0.000058,0
20260804_173014_890,1,Unspecified,2284,2026-08-04T17:49:24.9898666+09:00,2026-08-04T17:49:25.4898666+09:00,1150.098890,1150.598890,30,30,-0.027652,-0.031700,0.000000,0.000000,0.000000,0.000104,0
20260804_173014_890,1,Unspecified,2285,2026-08-04T17:49:25.4898666+09:00,2026-08-04T17:49:25.9898666+09:00,1150.598890,1151.098890,30,30,-0.027659,-0.031698,0.000000,0.000000,0.000000,0.000073,0
20260804_173014_890,1,Unspecified,2286,2026-08-04T17:49:25.9898666+09:00,2026-08-04T17:49:26.4898666+09:00,1151.098890,1151.598890,30,30,-0.027534,-0.031729,0.000000,0.000000,0.000000,0.000048,0
20260804_173014_890,1,Unspecified,2287,2026-08-04T17:49:26.4898666+09:00,2026-08-04T17:49:26.9898666+09:00,1151.598890,1152.098890,30,30,-0.027485,-0.031740,0.000000,0.000000,0.000000,0.000064,0
20260804_173014_890,1,Unspecified,2288,2026-08-04T17:49:26.9898666+09:00,2026-08-04T17:49:27.4898666+09:00,1152.098890,1152.598890,30,30,-0.027624,-0.031711,0.000000,0.000000,0.000000,0.000137,0
20260804_173014_890,1,Unspecified,2289,2026-08-04T17:49:27.4898666+09:00,2026-08-04T17:49:27.9898666+09:00,1152.598890,1153.098890,30,30,-0.027803,-0.031670,0.000000,0.000000,0.000000,0.000097,0
20260804_173014_890,1,Unspecified,2290,2026-08-04T17:49:27.9898666+09:00,2026-08-04T17:49:28.4898666+09:00,1153.098890,1153.598890,30,30,-0.027870,-0.031662,0.000000,0.000000,0.000000,0.000062,0
20260804_173014_890,1,Unspecified,2291,2026-08-04T17:49:28.4898666+09:00,2026-08-04T17:49:28.9898666+09:00,1153.598890,1154.098890,30,30,-0.027679,-0.031702,0.000000,0.000000,0.000000,0.000200,0
20260804_173014_890,1,Unspecified,2292,2026-08-04T17:49:28.9898666+09:00,2026-08-04T17:49:29.4898666+09:00,1154.098890,1154.598890,30,30,-0.027482,-0.031745,0.000000,0.000000,0.000000,0.000065,0
20260804_173014_890,1,Unspecified,2293,2026-08-04T17:49:29.4898666+09:00,2026-08-04T17:49:29.9898666+09:00,1154.598890,1155.098890,30,30,-0.027407,-0.031758,0.000000,0.000000,0.000000,0.000033,0
20260804_173014_890,1,Unspecified,2294,2026-08-04T17:49:29.9898666+09:00,2026-08-04T17:49:30.4898666+09:00,1155.098890,1155.598890,30,30,-0.027423,-0.031750,0.000000,0.000000,0.000000,0.000069,0
20260804_173014_890,1,Unspecified,2295,2026-08-04T17:49:30.4898666+09:00,2026-08-04T17:49:30.9898666+09:00,1155.598890,1156.098890,30,30,-0.027661,-0.031702,0.000000,0.000000,0.000000,0.000055,0
20260804_173014_890,1,Unspecified,2296,2026-08-04T17:49:30.9898666+09:00,2026-08-04T17:49:31.4898666+09:00,1156.098890,1156.598890,30,30,-0.027806,-0.031675,0.000000,0.000000,0.000000,0.000074,0
20260804_173014_890,1,Unspecified,2297,2026-08-04T17:49:31.4898666+09:00,2026-08-04T17:49:31.9898666+09:00,1156.598890,1157.098890,30,30,-0.027796,-0.031679,0.000000,0.000000,0.000000,0.000051,0
20260804_173014_890,1,Unspecified,2298,2026-08-04T17:49:31.9898666+09:00,2026-08-04T17:49:32.4898666+09:00,1157.098890,1157.598890,30,30,-0.027518,-0.031739,0.000000,0.000000,0.000000,0.000081,0
20260804_173014_890,1,Unspecified,2299,2026-08-04T17:49:32.4898666+09:00,2026-08-04T17:49:32.9898666+09:00,1157.598890,1158.098890,30,30,-0.027484,-0.031751,0.000000,0.000000,0.000000,0.000045,0
20260804_173014_890,1,Unspecified,2300,2026-08-04T17:49:32.9898666+09:00,2026-08-04T17:49:33.4898666+09:00,1158.098890,1158.598890,30,30,-0.027597,-0.031723,0.000000,0.000000,0.000000,0.000122,0
20260804_173014_890,1,Unspecified,2301,2026-08-04T17:49:33.4898666+09:00,2026-08-04T17:49:33.9898666+09:00,1158.598890,1159.098890,30,30,-0.027838,-0.031672,0.000000,0.000000,0.000000,0.000049,0
20260804_173014_890,1,Unspecified,2302,2026-08-04T17:49:33.9898666+09:00,2026-08-04T17:49:34.4898666+09:00,1159.098890,1159.598890,30,30,-0.027894,-0.031667,0.000000,0.000000,0.000000,0.000051,0
20260804_173014_890,1,Unspecified,2303,2026-08-04T17:49:34.4898666+09:00,2026-08-04T17:49:34.9898666+09:00,1159.598890,1160.098890,30,30,-0.027823,-0.031695,0.000000,0.000000,0.000000,0.000146,0
20260804_173014_890,1,Unspecified,2304,2026-08-04T17:49:34.9898666+09:00,2026-08-04T17:49:35.4898666+09:00,1160.098890,1160.598890,30,30,-0.027646,-0.031731,0.000000,0.000000,0.000000,0.000052,0
20260804_173014_890,1,Unspecified,2305,2026-08-04T17:49:35.4898666+09:00,2026-08-04T17:49:35.9898666+09:00,1160.598890,1161.098890,30,30,-0.027579,-0.031744,0.000000,0.000000,0.000000,0.000039,0
20260804_173014_890,1,Unspecified,2306,2026-08-04T17:49:35.9898666+09:00,2026-08-04T17:49:36.4898666+09:00,1161.098890,1161.598890,30,30,-0.027816,-0.031698,0.000000,0.000000,0.000000,0.000124,0
20260804_173014_890,1,Unspecified,2307,2026-08-04T17:49:36.4898666+09:00,2026-08-04T17:49:36.9898666+09:00,1161.598890,1162.098890,30,30,-0.027968,-0.031665,0.000000,0.000000,0.000000,0.000083,0
20260804_173014_890,1,Unspecified,2308,2026-08-04T17:49:36.9898666+09:00,2026-08-04T17:49:37.4898666+09:00,1162.098890,1162.598890,30,30,-0.027926,-0.031678,0.000000,0.000000,0.000000,0.000159,0
20260804_173014_890,1,Unspecified,2309,2026-08-04T17:49:37.4898666+09:00,2026-08-04T17:49:37.9898666+09:00,1162.598890,1163.098890,30,30,-0.027646,-0.031732,0.000000,0.000000,0.000000,0.000037,0
20260804_173014_890,1,Unspecified,2310,2026-08-04T17:49:37.9898666+09:00,2026-08-04T17:49:38.4898666+09:00,1163.098890,1163.598890,30,30,-0.027592,-0.031744,0.000000,0.000000,0.000000,0.000041,0
20260804_173014_890,1,Unspecified,2311,2026-08-04T17:49:38.4898666+09:00,2026-08-04T17:49:38.9898666+09:00,1163.598890,1164.098890,30,30,-0.027554,-0.031753,0.000000,0.000000,0.000000,0.000059,0
20260804_173014_890,1,Unspecified,2312,2026-08-04T17:49:38.9898666+09:00,2026-08-04T17:49:39.4898666+09:00,1164.098890,1164.598890,30,30,-0.027738,-0.031718,0.000000,0.000000,0.000000,0.000091,0
20260804_173014_890,1,Unspecified,2313,2026-08-04T17:49:39.4898666+09:00,2026-08-04T17:49:39.9898666+09:00,1164.598890,1165.098890,30,30,-0.027809,-0.031705,0.000000,0.000000,0.000000,0.000049,0
20260804_173014_890,1,Unspecified,2314,2026-08-04T17:49:39.9898666+09:00,2026-08-04T17:49:40.4898666+09:00,1165.098890,1165.598890,30,30,-0.027940,-0.031678,0.000000,0.000000,0.000000,0.000109,0
20260804_173014_890,1,Unspecified,2315,2026-08-04T17:49:40.4898666+09:00,2026-08-04T17:49:40.9898666+09:00,1165.598890,1166.098890,30,30,-0.027648,-0.031741,0.000000,0.000000,0.000000,0.000056,0
20260804_173014_890,1,Unspecified,2316,2026-08-04T17:49:40.9898666+09:00,2026-08-04T17:49:41.4898666+09:00,1166.098890,1166.598890,30,30,-0.027523,-0.031768,0.000000,0.000000,0.000000,0.000057,0
20260804_173014_890,1,Unspecified,2317,2026-08-04T17:49:41.4898666+09:00,2026-08-04T17:49:41.9898666+09:00,1166.598890,1167.098890,30,30,-0.027516,-0.031765,0.000000,0.000000,0.000000,0.000042,0
20260804_173014_890,1,Unspecified,2318,2026-08-04T17:49:41.9898666+09:00,2026-08-04T17:49:42.4898666+09:00,1167.098890,1167.598890,30,30,-0.027497,-0.031774,0.000000,0.000000,0.000000,0.000056,0
20260804_173014_890,1,Unspecified,2319,2026-08-04T17:49:42.4898666+09:00,2026-08-04T17:49:42.9898666+09:00,1167.598890,1168.098890,30,30,-0.027528,-0.031770,0.000000,0.000000,0.000000,0.000041,0
20260804_173014_890,1,Unspecified,2320,2026-08-04T17:49:42.9898666+09:00,2026-08-04T17:49:43.4898666+09:00,1168.098890,1168.598890,30,30,-0.027489,-0.031775,0.000000,0.000000,0.000000,0.000056,0
20260804_173014_890,1,Unspecified,2321,2026-08-04T17:49:43.4898666+09:00,2026-08-04T17:49:43.9898666+09:00,1168.598890,1169.098890,30,30,-0.027316,-0.031806,0.000000,0.000000,0.000000,0.000057,0
20260804_173014_890,1,Unspecified,2322,2026-08-04T17:49:43.9898666+09:00,2026-08-04T17:49:44.4898666+09:00,1169.098890,1169.598890,30,30,-0.027244,-0.031820,0.000000,0.000000,0.000000,0.000064,0
20260804_173014_890,1,Unspecified,2323,2026-08-04T17:49:44.4898666+09:00,2026-08-04T17:49:44.9898666+09:00,1169.598890,1170.098890,30,30,-0.027187,-0.031833,0.000000,0.000000,0.000000,0.000037,0
20260804_173014_890,1,Unspecified,2324,2026-08-04T17:49:44.9898666+09:00,2026-08-04T17:49:45.4898666+09:00,1170.098890,1170.598890,30,30,-0.027387,-0.031800,0.000000,0.000000,0.000000,0.000095,0
20260804_173014_890,1,Unspecified,2325,2026-08-04T17:49:45.4898666+09:00,2026-08-04T17:49:45.9898666+09:00,1170.598890,1171.098890,30,30,-0.027464,-0.031784,0.000000,0.000000,0.000000,0.000052,0
20260804_173014_890,1,Unspecified,2326,2026-08-04T17:49:45.9898666+09:00,2026-08-04T17:49:46.4898666+09:00,1171.098890,1171.598890,30,30,-0.027339,-0.031798,0.000000,0.000000,0.000000,0.000074,0
20260804_173014_890,1,Unspecified,2327,2026-08-04T17:49:46.4898666+09:00,2026-08-04T17:49:46.9898666+09:00,1171.598890,1172.098890,30,30,-0.027190,-0.031833,0.000000,0.000000,0.000000,0.000045,0
20260804_173014_890,1,Unspecified,2328,2026-08-04T17:49:46.9898666+09:00,2026-08-04T17:49:47.4898666+09:00,1172.098890,1172.598890,30,30,-0.027183,-0.031836,0.000000,0.000000,0.000000,0.000036,0
20260804_173014_890,1,Unspecified,2329,2026-08-04T17:49:47.4898666+09:00,2026-08-04T17:49:47.9898666+09:00,1172.598890,1173.098890,30,30,-0.027180,-0.031838,0.000000,0.000000,0.000000,0.000035,0
20260804_173014_890,1,Unspecified,2330,2026-08-04T17:49:47.9898666+09:00,2026-08-04T17:49:48.4898666+09:00,1173.098890,1173.598890,30,30,-0.027202,-0.031833,0.000000,0.000000,0.000000,0.000034,0
20260804_173014_890,1,Unspecified,2331,2026-08-04T17:49:48.4898666+09:00,2026-08-04T17:49:48.9898666+09:00,1173.598890,1174.098890,30,30,-0.027375,-0.031792,0.000000,0.000000,0.000000,0.000094,0
20260804_173014_890,1,Unspecified,2332,2026-08-04T17:49:48.9898666+09:00,2026-08-04T17:49:49.4898666+09:00,1174.098890,1174.598890,30,30,-0.027578,-0.031751,0.000000,0.000000,0.000000,0.000086,0
20260804_173014_890,1,Unspecified,2333,2026-08-04T17:49:49.4898666+09:00,2026-08-04T17:49:49.9898666+09:00,1174.598890,1175.098890,30,30,-0.027661,-0.031734,0.000000,0.000000,0.000000,0.000055,0
20260804_173014_890,1,Unspecified,2334,2026-08-04T17:49:49.9898666+09:00,2026-08-04T17:49:50.4898666+09:00,1175.098890,1175.598890,30,30,-0.027406,-0.031793,0.000000,0.000000,0.000000,0.000167,0
20260804_173014_890,1,Unspecified,2335,2026-08-04T17:49:50.4898666+09:00,2026-08-04T17:49:50.9898666+09:00,1175.598890,1176.098890,30,30,-0.027324,-0.031811,0.000000,0.000000,0.000000,0.000045,0
20260804_173014_890,1,Unspecified,2336,2026-08-04T17:49:50.9898666+09:00,2026-08-04T17:49:51.4898666+09:00,1176.098890,1176.598890,30,30,-0.027245,-0.031835,0.000000,0.000000,0.000000,0.000040,0
20260804_173014_890,1,Unspecified,2337,2026-08-04T17:49:51.4898666+09:00,2026-08-04T17:49:51.9898666+09:00,1176.598890,1177.098890,30,30,-0.027232,-0.031833,0.000000,0.000000,0.000000,0.000048,0
20260804_173014_890,1,Unspecified,2338,2026-08-04T17:49:51.9898666+09:00,2026-08-04T17:49:52.4898666+09:00,1177.098890,1177.598890,30,30,-0.027471,-0.031785,0.000000,0.000000,0.000000,0.000102,0
20260804_173014_890,1,Unspecified,2339,2026-08-04T17:49:52.4898666+09:00,2026-08-04T17:49:52.9898666+09:00,1177.598890,1178.098890,30,30,-0.027582,-0.031762,0.000000,0.000000,0.000000,0.000034,0
20260804_173014_890,1,Unspecified,2340,2026-08-04T17:49:52.9898666+09:00,2026-08-04T17:49:53.4898666+09:00,1178.098890,1178.598890,30,30,-0.027468,-0.031787,0.000000,0.000000,0.000000,0.000041,0
20260804_173014_890,1,Unspecified,2341,2026-08-04T17:49:53.4898666+09:00,2026-08-04T17:49:53.9898666+09:00,1178.598890,1179.098890,30,30,-0.027260,-0.031829,0.000000,0.000000,0.000000,0.000074,0
20260804_173014_890,1,Unspecified,2342,2026-08-04T17:49:53.9898666+09:00,2026-08-04T17:49:54.4898666+09:00,1179.098890,1179.598890,30,30,-0.027202,-0.031845,0.000000,0.000000,0.000000,0.000039,0
20260804_173014_890,1,Unspecified,2343,2026-08-04T17:49:54.4898666+09:00,2026-08-04T17:49:54.9898666+09:00,1179.598890,1180.098890,30,30,-0.027248,-0.031832,0.000000,0.000000,0.000000,0.000102,0
20260804_173014_890,1,Unspecified,2344,2026-08-04T17:49:54.9898666+09:00,2026-08-04T17:49:55.4898666+09:00,1180.098890,1180.598890,30,30,-0.027498,-0.031780,0.000000,0.000000,0.000000,0.000030,0
20260804_173014_890,1,Unspecified,2345,2026-08-04T17:49:55.4898666+09:00,2026-08-04T17:49:55.9898666+09:00,1180.598890,1181.098890,30,30,-0.027621,-0.031755,0.000000,0.000000,0.000000,0.000077,0
20260804_173014_890,1,Unspecified,2346,2026-08-04T17:49:55.9898666+09:00,2026-08-04T17:49:56.4898666+09:00,1181.098890,1181.598890,30,30,-0.027515,-0.031779,0.000000,0.000000,0.000000,0.000081,0
20260804_173014_890,1,Unspecified,2347,2026-08-04T17:49:56.4898666+09:00,2026-08-04T17:49:56.9898666+09:00,1181.598890,1182.098890,30,30,-0.027256,-0.031837,0.000000,0.000000,0.000000,0.000039,0
20260804_173014_890,1,Unspecified,2348,2026-08-04T17:49:56.9898666+09:00,2026-08-04T17:49:57.4898666+09:00,1182.098890,1182.598890,30,30,-0.027150,-0.031859,0.000000,0.000000,0.000000,0.000069,0
20260804_173014_890,1,Unspecified,2349,2026-08-04T17:49:57.4898666+09:00,2026-08-04T17:49:57.9898666+09:00,1182.598890,1183.098890,30,30,-0.027128,-0.031863,0.000000,0.000000,0.000000,0.000059,0
20260804_173014_890,1,Unspecified,2350,2026-08-04T17:49:57.9898666+09:00,2026-08-04T17:49:58.4898666+09:00,1183.098890,1183.598890,30,30,-0.027411,-0.031803,0.000000,0.000000,0.000000,0.000075,0
20260804_173014_890,1,Unspecified,2351,2026-08-04T17:49:58.4898666+09:00,2026-08-04T17:49:58.9898666+09:00,1183.598890,1184.098890,30,30,-0.027392,-0.031810,0.000000,0.000000,0.000000,0.000044,0
20260804_173014_890,1,Unspecified,2352,2026-08-04T17:49:58.9898666+09:00,2026-08-04T17:49:59.4898666+09:00,1184.098890,1184.598890,30,30,-0.027406,-0.031802,0.000000,0.000000,0.000000,0.000053,0
20260804_173014_890,1,Unspecified,2353,2026-08-04T17:49:59.4898666+09:00,2026-08-04T17:49:59.9898666+09:00,1184.598890,1185.098890,30,30,-0.027190,-0.031845,0.000000,0.000000,0.000000,0.000089,0
20260804_173014_890,1,Unspecified,2354,2026-08-04T17:49:59.9898666+09:00,2026-08-04T17:50:00.4898666+09:00,1185.098890,1185.598890,30,30,-0.027092,-0.031871,0.000000,0.000000,0.000000,0.000051,0
20260804_173014_890,1,Unspecified,2355,2026-08-04T17:50:00.4898666+09:00,2026-08-04T17:50:00.9898666+09:00,1185.598890,1186.098890,30,30,-0.027212,-0.031839,0.000000,0.000000,0.000000,0.000137,0
20260804_173014_890,1,Unspecified,2356,2026-08-04T17:50:00.9898666+09:00,2026-08-04T17:50:01.4898666+09:00,1186.098890,1186.598890,30,30,-0.027475,-0.031781,0.000000,0.000000,0.000000,0.000066,0
20260804_173014_890,1,Unspecified,2357,2026-08-04T17:50:01.4898666+09:00,2026-08-04T17:50:01.9898666+09:00,1186.598890,1187.098890,30,30,-0.027579,-0.031764,0.000000,0.000000,0.000000,0.000040,0
20260804_173014_890,1,Unspecified,2358,2026-08-04T17:50:01.9898666+09:00,2026-08-04T17:50:02.4898666+09:00,1187.098890,1187.598890,30,30,-0.027365,-0.031814,0.000000,0.000000,0.000000,0.000168,0
20260804_173014_890,1,Unspecified,2359,2026-08-04T17:50:02.4898666+09:00,2026-08-04T17:50:02.9898666+09:00,1187.598890,1188.098890,30,30,-0.027214,-0.031844,0.000000,0.000000,0.000000,0.000056,0
20260804_173014_890,1,Unspecified,2360,2026-08-04T17:50:02.9898666+09:00,2026-08-04T17:50:03.4898666+09:00,1188.098890,1188.598890,30,30,-0.027387,-0.031805,0.000000,0.000000,0.000000,0.000146,0
20260804_173014_890,1,Unspecified,2361,2026-08-04T17:50:03.4898666+09:00,2026-08-04T17:50:03.9898666+09:00,1188.598890,1189.098890,30,30,-0.027560,-0.031764,0.000000,0.000000,0.000000,0.000088,0
20260804_173014_890,1,Unspecified,2362,2026-08-04T17:50:03.9898666+09:00,2026-08-04T17:50:04.4898666+09:00,1189.098890,1189.598890,30,30,-0.027623,-0.031755,0.000000,0.000000,0.000000,0.000054,0
20260804_173014_890,1,Unspecified,2363,2026-08-04T17:50:04.4898666+09:00,2026-08-04T17:50:04.9898666+09:00,1189.598890,1190.098890,30,30,-0.027478,-0.031788,0.000000,0.000000,0.000000,0.000198,0
20260804_173014_890,1,Unspecified,2364,2026-08-04T17:50:04.9898666+09:00,2026-08-04T17:50:05.4898666+09:00,1190.098890,1190.598890,30,30,-0.027162,-0.031860,0.000000,0.000000,0.000000,0.000080,0
20260804_173014_890,1,Unspecified,2365,2026-08-04T17:50:05.4898666+09:00,2026-08-04T17:50:05.9898666+09:00,1190.598890,1191.098890,30,30,-0.027124,-0.031868,0.000000,0.000000,0.000000,0.000058,0
20260804_173014_890,1,Unspecified,2366,2026-08-04T17:50:05.9898666+09:00,2026-08-04T17:50:06.4898666+09:00,1191.098890,1191.598890,30,30,-0.027138,-0.031866,0.000000,0.000000,0.000000,0.000103,0
20260804_173014_890,1,Unspecified,2367,2026-08-04T17:50:06.4898666+09:00,2026-08-04T17:50:06.9898666+09:00,1191.598890,1192.098890,30,30,-0.027429,-0.031804,0.000000,0.000000,0.000000,0.000038,0
20260804_173014_890,1,Unspecified,2368,2026-08-04T17:50:06.9898666+09:00,2026-08-04T17:50:07.4898666+09:00,1192.098890,1192.598890,30,30,-0.027541,-0.031781,0.000000,0.000000,0.000000,0.000089,0
20260804_173014_890,1,Unspecified,2369,2026-08-04T17:50:07.4898666+09:00,2026-08-04T17:50:07.9898666+09:00,1192.598890,1193.098890,30,30,-0.027523,-0.031786,0.000000,0.000000,0.000000,0.000057,0
20260804_173014_890,1,Unspecified,2370,2026-08-04T17:50:07.9898666+09:00,2026-08-04T17:50:08.4898666+09:00,1193.098890,1193.598890,30,30,-0.027296,-0.031836,0.000000,0.000000,0.000000,0.000169,0
20260804_173014_890,1,Unspecified,2371,2026-08-04T17:50:08.4898666+09:00,2026-08-04T17:50:08.9898666+09:00,1193.598890,1194.098890,30,30,-0.027289,-0.031838,0.000000,0.000000,0.000000,0.000055,0
20260804_173014_890,1,Unspecified,2372,2026-08-04T17:50:08.9898666+09:00,2026-08-04T17:50:09.4898666+09:00,1194.098890,1194.598890,30,30,-0.027462,-0.031800,0.000000,0.000000,0.000000,0.000123,0
20260804_173014_890,1,Unspecified,2373,2026-08-04T17:50:09.4898666+09:00,2026-08-04T17:50:09.9898666+09:00,1194.598890,1195.098890,30,30,-0.027578,-0.031770,0.000000,0.000000,0.000000,0.000066,0
20260804_173014_890,1,Unspecified,2374,2026-08-04T17:50:09.9898666+09:00,2026-08-04T17:50:10.4898666+09:00,1195.098890,1195.598890,30,30,-0.027551,-0.031782,0.000000,0.000000,0.000000,0.000071,0
20260804_173014_890,1,Unspecified,2375,2026-08-04T17:50:10.4898666+09:00,2026-08-04T17:50:10.9898666+09:00,1195.598890,1196.098890,30,30,-0.027199,-0.031854,0.000000,0.000000,0.000000,0.000108,0
20260804_173014_890,1,Unspecified,2376,2026-08-04T17:50:10.9898666+09:00,2026-08-04T17:50:11.4898666+09:00,1196.098890,1196.598890,30,30,-0.027156,-0.031863,0.000000,0.000000,0.000000,0.000034,0
20260804_173014_890,1,Unspecified,2377,2026-08-04T17:50:11.4898666+09:00,2026-08-04T17:50:11.9898666+09:00,1196.598890,1197.098890,30,30,-0.027038,-0.031888,0.000000,0.000000,0.000000,0.000031,0
20260804_173014_890,1,Unspecified,2378,2026-08-04T17:50:11.9898666+09:00,2026-08-04T17:50:12.4898666+09:00,1197.098890,1197.598890,30,30,-0.027243,-0.031839,0.000000,0.000000,0.000000,0.000117,0
20260804_173014_890,1,Unspecified,2379,2026-08-04T17:50:12.4898666+09:00,2026-08-04T17:50:12.9898666+09:00,1197.598890,1198.098890,30,30,-0.027442,-0.031792,0.000000,0.000000,0.000000,0.000054,0
20260804_173014_890,1,Unspecified,2380,2026-08-04T17:50:12.9898666+09:00,2026-08-04T17:50:13.4898666+09:00,1198.098890,1198.598890,30,30,-0.027518,-0.031776,0.000000,0.000000,0.000000,0.000028,0
20260804_173014_890,1,Unspecified,2381,2026-08-04T17:50:13.4898666+09:00,2026-08-04T17:50:13.9898666+09:00,1198.598890,1199.098890,30,30,-0.027369,-0.031811,0.000000,0.000000,0.000000,0.000178,0
20260804_173014_890,1,Unspecified,2382,2026-08-04T17:50:13.9898666+09:00,2026-08-04T17:50:14.4898666+09:00,1199.098890,1199.598890,30,30,-0.027056,-0.031882,0.000000,0.000000,0.000000,0.000034,0
20260804_173014_890,1,Unspecified,2383,2026-08-04T17:50:14.4898666+09:00,2026-08-04T17:50:14.9898666+09:00,1199.598890,1200.098890,30,30,-0.027020,-0.031887,0.000000,0.000000,0.000000,0.000058,0
20260804_173014_890,1,Unspecified,2384,2026-08-04T17:50:14.9898666+09:00,2026-08-04T17:50:15.4898666+09:00,1200.098890,1200.598890,30,30,-0.027414,-0.031800,0.000000,0.000000,0.000000,0.000137,0
20260804_173014_890,1,Unspecified,2385,2026-08-04T17:50:15.4898666+09:00,2026-08-04T17:50:15.9898666+09:00,1200.598890,1201.098890,30,30,-0.027426,-0.031802,0.000000,0.000000,0.000000,0.000031,0
20260804_173014_890,1,Unspecified,2386,2026-08-04T17:50:15.9898666+09:00,2026-08-04T17:50:16.4898666+09:00,1201.098890,1201.598890,30,30,-0.027372,-0.031815,0.000000,0.000000,0.000000,0.000114,0
20260804_173014_890,1,Unspecified,2387,2026-08-04T17:50:16.4898666+09:00,2026-08-04T17:50:16.9898666+09:00,1201.598890,1202.098890,30,30,-0.026909,-0.031913,0.000000,0.000000,0.000000,0.000073,0
20260804_173014_890,1,Unspecified,2388,2026-08-04T17:50:16.9898666+09:00,2026-08-04T17:50:17.4898666+09:00,1202.098890,1202.598890,30,30,-0.026933,-0.031908,0.000000,0.000000,0.000000,0.000060,0
20260804_173014_890,1,Unspecified,2389,2026-08-04T17:50:17.4898666+09:00,2026-08-04T17:50:17.9898666+09:00,1202.598890,1203.098890,30,30,-0.026950,-0.031902,0.000000,0.000000,0.000000,0.000034,0
20260804_173014_890,1,Unspecified,2390,2026-08-04T17:50:17.9898666+09:00,2026-08-04T17:50:18.4898666+09:00,1203.098890,1203.598890,30,30,-0.027199,-0.031848,0.000000,0.000000,0.000000,0.000148,0
20260804_173014_890,1,Unspecified,2391,2026-08-04T17:50:18.4898666+09:00,2026-08-04T17:50:18.9898666+09:00,1203.598890,1204.098890,30,30,-0.027320,-0.031817,0.000000,0.000000,0.000000,0.000046,0
20260804_173014_890,1,Unspecified,2392,2026-08-04T17:50:18.9898666+09:00,2026-08-04T17:50:19.4898666+09:00,1204.098890,1204.598890,30,30,-0.027319,-0.031816,0.000000,0.000000,0.000000,0.000035,0
20260804_173014_890,1,Unspecified,2393,2026-08-04T17:50:19.4898666+09:00,2026-08-04T17:50:19.9898666+09:00,1204.598890,1205.098890,30,30,-0.027101,-0.031868,0.000000,0.000000,0.000000,0.000135,0
20260804_173014_890,1,Unspecified,2394,2026-08-04T17:50:19.9898666+09:00,2026-08-04T17:50:20.4898666+09:00,1205.098890,1205.598890,30,30,-0.027054,-0.031878,0.000000,0.000000,0.000000,0.000043,0
20260804_173014_890,1,Unspecified,2395,2026-08-04T17:50:20.4898666+09:00,2026-08-04T17:50:20.9898666+09:00,1205.598890,1206.098890,30,30,-0.026991,-0.031895,0.000000,0.000000,0.000000,0.000064,0
20260804_173014_890,1,Unspecified,2396,2026-08-04T17:50:20.9898666+09:00,2026-08-04T17:50:21.4898666+09:00,1206.098890,1206.598890,30,30,-0.027318,-0.031820,0.000000,0.000000,0.000000,0.000065,0
20260804_173014_890,1,Unspecified,2397,2026-08-04T17:50:21.4898666+09:00,2026-08-04T17:50:21.9898666+09:00,1206.598890,1207.098890,30,30,-0.027362,-0.031811,0.000000,0.000000,0.000000,0.000073,0
20260804_173014_890,1,Unspecified,2398,2026-08-04T17:50:21.9898666+09:00,2026-08-04T17:50:22.4898666+09:00,1207.098890,1207.598890,30,30,-0.027025,-0.031885,0.000000,0.000000,0.000000,0.000119,0
20260804_173014_890,1,Unspecified,2399,2026-08-04T17:50:22.4898666+09:00,2026-08-04T17:50:22.9898666+09:00,1207.598890,1208.098890,30,30,-0.026979,-0.031890,0.000000,0.000000,0.000000,0.000111,0
20260804_173014_890,1,Unspecified,2400,2026-08-04T17:50:22.9898666+09:00,2026-08-04T17:50:23.4898666+09:00,1208.098890,1208.598890,30,30,-0.027148,-0.031850,0.000000,0.000000,0.000000,0.000128,0
20260804_173014_890,1,Unspecified,2401,2026-08-04T17:50:23.4898666+09:00,2026-08-04T17:50:23.9898666+09:00,1208.598890,1209.098890,30,30,-0.027281,-0.031825,0.000000,0.000000,0.000000,0.000027,0
20260804_173014_890,1,Unspecified,2402,2026-08-04T17:50:23.9898666+09:00,2026-08-04T17:50:24.4898666+09:00,1209.098890,1209.598890,30,30,-0.027313,-0.031812,0.000000,0.000000,0.000000,0.000052,0
20260804_173014_890,1,Unspecified,2403,2026-08-04T17:50:24.4898666+09:00,2026-08-04T17:50:24.9898666+09:00,1209.598890,1210.098890,30,30,-0.027113,-0.031863,0.000000,0.000000,0.000000,0.000172,0
20260804_173014_890,1,Unspecified,2404,2026-08-04T17:50:24.9898666+09:00,2026-08-04T17:50:25.4898666+09:00,1210.098890,1210.598890,30,30,-0.027007,-0.031888,0.000000,0.000000,0.000000,0.000046,0
20260804_173014_890,1,Unspecified,2405,2026-08-04T17:50:25.4898666+09:00,2026-08-04T17:50:25.9898666+09:00,1210.598890,1211.098890,30,30,-0.027011,-0.031885,0.000000,0.000000,0.000000,0.000060,0
20260804_173014_890,1,Unspecified,2406,2026-08-04T17:50:25.9898666+09:00,2026-08-04T17:50:26.4898666+09:00,1211.098890,1211.598890,30,30,-0.027112,-0.031859,0.000000,0.000000,0.000000,0.000093,0
20260804_173014_890,1,Unspecified,2407,2026-08-04T17:50:26.4898666+09:00,2026-08-04T17:50:26.9898666+09:00,1211.598890,1212.098890,30,30,-0.027300,-0.031816,0.000000,0.000000,0.000000,0.000033,0
20260804_173014_890,1,Unspecified,2408,2026-08-04T17:50:26.9898666+09:00,2026-08-04T17:50:27.4898666+09:00,1212.098890,1212.598890,30,30,-0.027299,-0.031819,0.000000,0.000000,0.000000,0.000043,0
20260804_173014_890,1,Unspecified,2409,2026-08-04T17:50:27.4898666+09:00,2026-08-04T17:50:27.9898666+09:00,1212.598890,1213.098890,30,30,-0.027203,-0.031839,0.000000,0.000000,0.000000,0.000069,0
20260804_173014_890,1,Unspecified,2410,2026-08-04T17:50:27.9898666+09:00,2026-08-04T17:50:28.4898666+09:00,1213.098890,1213.598890,30,30,-0.026989,-0.031887,0.000000,0.000000,0.000000,0.000046,0
20260804_173014_890,1,Unspecified,2411,2026-08-04T17:50:28.4898666+09:00,2026-08-04T17:50:28.9898666+09:00,1213.598890,1214.098890,30,30,-0.027569,-0.031803,0.000000,0.000000,0.000000,0.000420,0
20260804_173014_890,1,Unspecified,2412,2026-08-04T17:50:28.9898666+09:00,2026-08-04T17:50:29.4898666+09:00,1214.098890,1214.598890,30,30,-0.034817,-0.031641,0.000017,0.000000,0.000000,0.004132,0
20260804_173014_890,1,Unspecified,2413,2026-08-04T17:50:29.4898666+09:00,2026-08-04T17:50:29.9898666+09:00,1214.598890,1215.098890,30,30,-0.045095,-0.030851,0.000004,0.000000,0.000000,0.002078,0
20260804_173014_890,1,Unspecified,2414,2026-08-04T17:50:29.9898666+09:00,2026-08-04T17:50:30.4898666+09:00,1215.098890,1215.598890,30,30,-0.052804,-0.031583,0.000005,0.000000,0.000001,0.002199,0
20260804_173014_890,1,Unspecified,2415,2026-08-04T17:50:30.4898666+09:00,2026-08-04T17:50:30.9898666+09:00,1215.598890,1216.098890,30,30,-0.053393,-0.031452,0.000006,0.000000,0.000002,0.002621,0
20260804_173014_890,1,Unspecified,2416,2026-08-04T17:50:30.9898666+09:00,2026-08-04T17:50:31.4898666+09:00,1216.098890,1216.598890,30,30,-0.044082,-0.030273,0.000007,0.000000,0.000001,0.002586,0
20260804_173014_890,1,Unspecified,2417,2026-08-04T17:50:31.4898666+09:00,2026-08-04T17:50:31.9898666+09:00,1216.598890,1217.098890,22,22,-0.032410,-0.032243,0.000013,0.000001,-0.000004,0.003702,0
20260804_173014_890,1,Unspecified,2418,2026-08-04T17:50:31.9898666+09:00,2026-08-04T17:50:32.4898666+09:00,1217.098890,1217.598890,0,0,,,,,,,0
20260804_173014_890,1,Unspecified,2419,2026-08-04T17:50:32.4898666+09:00,2026-08-04T17:50:32.5718666+09:00,1217.598890,1217.680780,1,0,,,,,,,1
