SessionId,RecordingId,Condition,WindowIndex,WindowStartAbsTime,WindowEndAbsTime,WindowStartElapsedSec,WindowEndElapsedSec,SampleCount,ValidSampleCount,MeanGazeX,MeanGazeY,VarianceGazeX,VarianceGazeY,CovarianceXY,Dispersion,TrackingFailureCount
20260804_163742_531,1,Unspecified,0,2026-08-04T16:38:15.2333774+09:00,2026-08-04T16:38:15.7333774+09:00,32.701775,33.201775,30,30,-0.026329,-0.219387,0.000044,0.001446,-0.000238,0.038597,0
20260804_163742_531,1,Unspecified,1,2026-08-04T16:38:15.7333774+09:00,2026-08-04T16:38:16.2333774+09:00,33.201775,33.701775,30,30,-0.014550,-0.260029,0.000074,0.000063,-0.000017,0.011732,0
20260804_163742_531,1,Unspecified,2,2026-08-04T16:38:16.2333774+09:00,2026-08-04T16:38:16.7333774+09:00,33.701775,34.201775,30,30,-0.041972,-0.251171,0.000149,0.000217,0.000128,0.019119,0
20260804_163742_531,1,Unspecified,3,2026-08-04T16:38:16.7333774+09:00,2026-08-04T16:38:17.2333774+09:00,34.201775,34.701775,30,30,-0.081978,-0.306758,0.000044,0.000079,0.000040,0.011091,0
20260804_163742_531,1,Unspecified,4,2026-08-04T16:38:17.2333774+09:00,2026-08-04T16:38:17.7333774+09:00,34.701775,35.201775,30,30,-0.091120,-0.310092,0.000014,0.000025,-0.000010,0.006286,0
20260804_163742_531,1,Unspecified,5,2026-08-04T16:38:17.7333774+09:00,2026-08-04T16:38:18.2333774+09:00,35.201775,35.701775,30,30,-0.072408,-0.148219,0.000623,0.023336,0.003444,0.154786,0
20260804_163742_531,1,Unspecified,6,2026-08-04T16:38:18.2333774+09:00,2026-08-04T16:38:18.7333774+09:00,35.701775,36.201775,30,30,-0.053061,0.013592,0.000008,0.000685,0.000051,0.026331,0
20260804_163742_531,1,Unspecified,7,2026-08-04T16:38:18.7333774+09:00,2026-08-04T16:38:19.2333774+09:00,36.201775,36.701775,30,30,-0.053017,-0.004192,0.000018,0.000060,-0.000002,0.008812,0
20260804_163742_531,1,Unspecified,8,2026-08-04T16:38:19.2333774+09:00,2026-08-04T16:38:19.7333774+09:00,36.701775,37.201775,30,30,-0.056553,-0.020776,0.000003,0.000009,0.000000,0.003394,0
20260804_163742_531,1,Unspecified,9,2026-08-04T16:38:19.7333774+09:00,2026-08-04T16:38:20.2333774+09:00,37.201775,37.701775,30,30,-0.054809,-0.029671,0.000003,0.000003,-0.000002,0.002429,0
20260804_163742_531,1,Unspecified,10,2026-08-04T16:38:20.2333774+09:00,2026-08-04T16:38:20.7333774+09:00,37.701775,38.201775,30,30,-0.055395,-0.032738,0.000056,0.000019,0.000019,0.008676,0
20260804_163742_531,1,Unspecified,11,2026-08-04T16:38:20.7333774+09:00,2026-08-04T16:38:21.2333774+09:00,38.201775,38.701775,30,30,-0.049944,0.027918,0.000300,0.002378,-0.000038,0.051749,0
20260804_163742_531,1,Unspecified,12,2026-08-04T16:38:21.2333774+09:00,2026-08-04T16:38:21.7333774+09:00,38.701775,39.201775,30,30,-0.054039,-0.029335,0.000021,0.000017,-0.000017,0.006177,0
20260804_163742_531,1,Unspecified,13,2026-08-04T16:38:21.7333774+09:00,2026-08-04T16:38:22.2333774+09:00,39.201775,39.701775,30,30,-0.059265,-0.038024,0.000028,0.000006,0.000008,0.005858,0
20260804_163742_531,1,Unspecified,14,2026-08-04T16:38:22.2333774+09:00,2026-08-04T16:38:22.7333774+09:00,39.701775,40.201775,30,30,-0.052674,-0.015127,0.000390,0.001232,0.000591,0.040275,0
20260804_163742_531,1,Unspecified,15,2026-08-04T16:38:22.7333774+09:00,2026-08-04T16:38:23.2333774+09:00,40.201775,40.701775,30,30,-0.061537,-0.015650,0.000123,0.000685,0.000154,0.028419,0
20260804_163742_531,1,Unspecified,16,2026-08-04T16:38:23.2333774+09:00,2026-08-04T16:38:23.7333774+09:00,40.701775,41.201775,30,30,-0.052800,-0.028865,0.000008,0.000002,0.000003,0.003121,0
20260804_163742_531,1,Unspecified,17,2026-08-04T16:38:23.7333774+09:00,2026-08-04T16:38:24.2333774+09:00,41.201775,41.701775,30,30,-0.059283,-0.030094,0.000004,0.000001,0.000001,0.002144,0
20260804_163742_531,1,Unspecified,18,2026-08-04T16:38:24.2333774+09:00,2026-08-04T16:38:24.7333774+09:00,41.701775,42.201775,30,30,-0.065174,-0.032609,0.000005,0.000002,0.000001,0.002636,0
20260804_163742_531,1,Unspecified,19,2026-08-04T16:38:24.7333774+09:00,2026-08-04T16:38:25.2333774+09:00,42.201775,42.701775,30,30,-0.056125,-0.000778,0.000399,0.001113,0.000307,0.038890,0
20260804_163742_531,1,Unspecified,20,2026-08-04T16:38:25.2333774+09:00,2026-08-04T16:38:25.7333774+09:00,42.701775,43.201775,30,30,-0.051577,-0.024880,0.000070,0.000007,-0.000005,0.008779,0
20260804_163742_531,1,Unspecified,21,2026-08-04T16:38:25.7333774+09:00,2026-08-04T16:38:26.2333774+09:00,43.201775,43.701775,30,30,-0.065223,-0.030747,0.000031,0.000004,0.000009,0.005914,0
20260804_163742_531,1,Unspecified,22,2026-08-04T16:38:26.2333774+09:00,2026-08-04T16:38:26.7333774+09:00,43.701775,44.201775,30,30,-0.056711,-0.019981,0.000157,0.000773,0.000258,0.030498,0
20260804_163742_531,1,Unspecified,23,2026-08-04T16:38:26.7333774+09:00,2026-08-04T16:38:27.2333774+09:00,44.201775,44.701775,30,30,-0.028503,0.007376,0.000148,0.001574,0.000356,0.041497,0
20260804_163742_531,1,Unspecified,24,2026-08-04T16:38:27.2333774+09:00,2026-08-04T16:38:27.7333774+09:00,44.701775,45.201775,30,30,-0.053304,-0.025370,0.000063,0.000020,0.000030,0.009080,0
20260804_163742_531,1,Unspecified,25,2026-08-04T16:38:27.7333774+09:00,2026-08-04T16:38:28.2333774+09:00,45.201775,45.701775,30,30,-0.055738,-0.027330,0.000002,0.000002,-0.000001,0.002130,0
20260804_163742_531,1,Unspecified,26,2026-08-04T16:38:28.2333774+09:00,2026-08-04T16:38:28.7333774+09:00,45.701775,46.201775,30,30,-0.057409,-0.029303,0.000007,0.000007,0.000004,0.003690,0
20260804_163742_531,1,Unspecified,27,2026-08-04T16:38:28.7333774+09:00,2026-08-04T16:38:29.2333774+09:00,46.201775,46.701775,30,30,-0.048685,-0.035907,0.000083,0.000013,0.000022,0.009778,0
20260804_163742_531,1,Unspecified,28,2026-08-04T16:38:29.2333774+09:00,2026-08-04T16:38:29.7333774+09:00,46.701775,47.201775,30,30,-0.028543,0.001937,0.000496,0.001645,0.000664,0.046269,0
20260804_163742_531,1,Unspecified,29,2026-08-04T16:38:29.7333774+09:00,2026-08-04T16:38:30.2333774+09:00,47.201775,47.701775,30,30,-0.047950,-0.030010,0.000098,0.000009,0.000026,0.010352,0
20260804_163742_531,1,Unspecified,30,2026-08-04T16:38:30.2333774+09:00,2026-08-04T16:38:30.7333774+09:00,47.701775,48.201775,30,30,-0.057268,-0.036382,0.000009,0.000010,0.000008,0.004391,0
20260804_163742_531,1,Unspecified,31,2026-08-04T16:38:30.7333774+09:00,2026-08-04T16:38:31.2333774+09:00,48.201775,48.701775,30,30,-0.025950,-0.029098,0.001377,0.000132,0.000422,0.038847,0
20260804_163742_531,1,Unspecified,32,2026-08-04T16:38:31.2333774+09:00,2026-08-04T16:38:31.7333774+09:00,48.701775,49.201775,30,30,-0.028674,-0.020580,0.000216,0.000042,0.000044,0.016065,0
20260804_163742_531,1,Unspecified,33,2026-08-04T16:38:31.7333774+09:00,2026-08-04T16:38:32.2333774+09:00,49.201775,49.701775,30,30,-0.047255,-0.037791,0.000003,0.000002,-0.000001,0.002240,0
20260804_163742_531,1,Unspecified,34,2026-08-04T16:38:32.2333774+09:00,2026-08-04T16:38:32.7333774+09:00,49.701775,50.201775,30,30,-0.045848,-0.034238,0.000054,0.000007,0.000008,0.007760,0
20260804_163742_531,1,Unspecified,35,2026-08-04T16:38:32.7333774+09:00,2026-08-04T16:38:33.2333774+09:00,50.201775,50.701775,30,30,-0.035980,-0.018231,0.000351,0.000613,0.000452,0.031049,0
20260804_163742_531,1,Unspecified,36,2026-08-04T16:38:33.2333774+09:00,2026-08-04T16:38:33.7333774+09:00,50.701775,51.201775,30,30,-0.036992,-0.033153,0.000087,0.000018,0.000036,0.010227,0
20260804_163742_531,1,Unspecified,37,2026-08-04T16:38:33.7333774+09:00,2026-08-04T16:38:34.2333774+09:00,51.201775,51.701775,30,30,-0.042352,-0.029516,0.000011,0.000002,0.000000,0.003627,0
20260804_163742_531,1,Unspecified,38,2026-08-04T16:38:34.2333774+09:00,2026-08-04T16:38:34.7333774+09:00,51.701775,52.201775,30,30,-0.040564,-0.019149,0.000220,0.000810,0.000374,0.032094,0
20260804_163742_531,1,Unspecified,39,2026-08-04T16:38:34.7333774+09:00,2026-08-04T16:38:35.2333774+09:00,52.201775,52.701775,30,30,-0.048256,-0.014867,0.000463,0.000994,0.000512,0.038172,0
20260804_163742_531,1,Unspecified,40,2026-08-04T16:38:35.2333774+09:00,2026-08-04T16:38:35.7333774+09:00,52.701775,53.201775,30,30,-0.035870,-0.027162,0.000052,0.000001,-0.000003,0.007304,0
20260804_163742_531,1,Unspecified,41,2026-08-04T16:38:35.7333774+09:00,2026-08-04T16:38:36.2333774+09:00,53.201775,53.701775,30,30,-0.044326,-0.031818,0.000010,0.000002,0.000002,0.003519,0
20260804_163742_531,1,Unspecified,42,2026-08-04T16:38:36.2333774+09:00,2026-08-04T16:38:36.7333774+09:00,53.701775,54.201775,30,30,-0.048360,-0.034348,0.000012,0.000006,0.000004,0.004211,0
20260804_163742_531,1,Unspecified,43,2026-08-04T16:38:36.7333774+09:00,2026-08-04T16:38:37.2333774+09:00,54.201775,54.701775,30,30,-0.022651,0.003344,0.000550,0.001111,0.000458,0.040759,0
20260804_163742_531,1,Unspecified,44,2026-08-04T16:38:37.2333774+09:00,2026-08-04T16:38:37.7333774+09:00,54.701775,55.201775,30,30,-0.057333,-0.022746,0.000083,0.000004,-0.000007,0.009295,0
20260804_163742_531,1,Unspecified,45,2026-08-04T16:38:37.7333774+09:00,2026-08-04T16:38:38.2333774+09:00,55.201775,55.701775,30,30,-0.047838,-0.025017,0.000011,0.000006,0.000007,0.004137,0
20260804_163742_531,1,Unspecified,46,2026-08-04T16:38:38.2333774+09:00,2026-08-04T16:38:38.7333774+09:00,55.701775,56.201775,30,30,-0.052484,-0.027361,0.000014,0.000001,0.000001,0.003909,0
20260804_163742_531,1,Unspecified,47,2026-08-04T16:38:38.7333774+09:00,2026-08-04T16:38:39.2333774+09:00,56.201775,56.701775,30,30,-0.043413,0.003041,0.000523,0.001130,0.000628,0.040664,0
20260804_163742_531,1,Unspecified,48,2026-08-04T16:38:39.2333774+09:00,2026-08-04T16:38:39.7333774+09:00,56.701775,57.201775,30,30,-0.049305,-0.027860,0.000041,0.000053,-0.000038,0.009705,0
20260804_163742_531,1,Unspecified,49,2026-08-04T16:38:39.7333774+09:00,2026-08-04T16:38:40.2333774+09:00,57.201775,57.701775,30,30,-0.050981,-0.026590,0.000009,0.000006,0.000005,0.003925,0
20260804_163742_531,1,Unspecified,50,2026-08-04T16:38:40.2333774+09:00,2026-08-04T16:38:40.7333774+09:00,57.701775,58.201775,30,30,-0.048989,-0.024087,0.000027,0.000003,0.000007,0.005476,0
20260804_163742_531,1,Unspecified,51,2026-08-04T16:38:40.7333774+09:00,2026-08-04T16:38:41.2333774+09:00,58.201775,58.701775,30,30,-0.041953,-0.015684,0.000211,0.000972,0.000388,0.034388,0
20260804_163742_531,1,Unspecified,52,2026-08-04T16:38:41.2333774+09:00,2026-08-04T16:38:41.7333774+09:00,58.701775,59.201775,30,30,-0.042149,-0.009551,0.000214,0.000671,0.000361,0.029758,0
20260804_163742_531,1,Unspecified,53,2026-08-04T16:38:41.7333774+09:00,2026-08-04T16:38:42.2333774+09:00,59.201775,59.701775,30,30,-0.049855,-0.029034,0.000007,0.000005,0.000002,0.003447,0
20260804_163742_531,1,Unspecified,54,2026-08-04T16:38:42.2333774+09:00,2026-08-04T16:38:42.7333774+09:00,59.701775,60.201775,30,30,-0.048771,-0.027508,0.000016,0.000004,0.000006,0.004426,0
20260804_163742_531,1,Unspecified,55,2026-08-04T16:38:42.7333774+09:00,2026-08-04T16:38:43.2333774+09:00,60.201775,60.701775,30,30,-0.051170,-0.017611,0.000379,0.000636,0.000427,0.031855,0
20260804_163742_531,1,Unspecified,56,2026-08-04T16:38:43.2333774+09:00,2026-08-04T16:38:43.7333774+09:00,60.701775,61.201775,30,30,-0.045849,-0.011185,0.000205,0.000685,0.000332,0.029831,0
20260804_163742_531,1,Unspecified,57,2026-08-04T16:38:43.7333774+09:00,2026-08-04T16:38:44.2333774+09:00,61.201775,61.701775,30,30,-0.051362,-0.019795,0.000003,0.000002,0.000001,0.002379,0
20260804_163742_531,1,Unspecified,58,2026-08-04T16:38:44.2333774+09:00,2026-08-04T16:38:44.7333774+09:00,61.701775,62.201775,30,30,-0.056130,-0.013933,0.000018,0.000010,0.000009,0.005353,0
20260804_163742_531,1,Unspecified,59,2026-08-04T16:38:44.7333774+09:00,2026-08-04T16:38:45.2333774+09:00,62.201775,62.701775,30,30,-0.055411,-0.007636,0.000132,0.000645,0.000241,0.027873,0
20260804_163742_531,1,Unspecified,60,2026-08-04T16:38:45.2333774+09:00,2026-08-04T16:38:45.7333774+09:00,62.701775,63.201775,30,30,-0.065316,-0.013536,0.000010,0.000016,-0.000012,0.005080,0
20260804_163742_531,1,Unspecified,61,2026-08-04T16:38:45.7333774+09:00,2026-08-04T16:38:46.2333774+09:00,63.201775,63.701775,30,30,-0.058921,-0.023176,0.000001,0.000001,0.000000,0.001530,0
20260804_163742_531,1,Unspecified,62,2026-08-04T16:38:46.2333774+09:00,2026-08-04T16:38:46.7333774+09:00,63.701775,64.201775,30,30,-0.055768,-0.018697,0.000189,0.000219,0.000202,0.020183,0
20260804_163742_531,1,Unspecified,63,2026-08-04T16:38:46.7333774+09:00,2026-08-04T16:38:47.2333774+09:00,64.201775,64.701775,30,30,0.013355,0.070627,0.001699,0.002152,0.001907,0.062064,0
20260804_163742_531,1,Unspecified,64,2026-08-04T16:38:47.2333774+09:00,2026-08-04T16:38:47.7333774+09:00,64.701775,65.201775,30,30,-0.064203,-0.022252,0.000007,0.000003,0.000001,0.003254,0
20260804_163742_531,1,Unspecified,65,2026-08-04T16:38:47.7333774+09:00,2026-08-04T16:38:48.2333774+09:00,65.201775,65.701775,30,30,-0.057817,-0.022773,0.000012,0.000002,0.000002,0.003777,0
20260804_163742_531,1,Unspecified,66,2026-08-04T16:38:48.2333774+09:00,2026-08-04T16:38:48.7333774+09:00,65.701775,66.201775,30,30,-0.053155,-0.015792,0.000286,0.000330,0.000285,0.024829,0
20260804_163742_531,1,Unspecified,67,2026-08-04T16:38:48.7333774+09:00,2026-08-04T16:38:49.2333774+09:00,66.201775,66.701775,30,30,-0.055399,-0.012104,0.000031,0.000522,0.000096,0.023521,0
20260804_163742_531,1,Unspecified,68,2026-08-04T16:38:49.2333774+09:00,2026-08-04T16:38:49.7333774+09:00,66.701775,67.201775,30,30,-0.062164,-0.019609,0.000015,0.000005,-0.000006,0.004492,0
20260804_163742_531,1,Unspecified,69,2026-08-04T16:38:49.7333774+09:00,2026-08-04T16:38:50.2333774+09:00,67.201775,67.701775,30,30,-0.058682,-0.020309,0.000011,0.000004,-0.000006,0.003878,0
20260804_163742_531,1,Unspecified,70,2026-08-04T16:38:50.2333774+09:00,2026-08-04T16:38:50.7333774+09:00,67.701775,68.201775,30,30,-0.059705,-0.021547,0.000003,0.000010,-0.000004,0.003567,0
20260804_163742_531,1,Unspecified,71,2026-08-04T16:38:50.7333774+09:00,2026-08-04T16:38:51.2333774+09:00,68.201775,68.701775,30,30,-0.060712,-0.024397,0.000002,0.000001,0.000000,0.001944,0
20260804_163742_531,1,Unspecified,72,2026-08-04T16:38:51.2333774+09:00,2026-08-04T16:38:51.7333774+09:00,68.701775,69.201775,30,30,-0.049219,-0.056089,0.000278,0.002260,0.000721,0.050384,0
20260804_163742_531,1,Unspecified,73,2026-08-04T16:38:51.7333774+09:00,2026-08-04T16:38:52.2333774+09:00,69.201775,69.701775,30,30,-0.065589,-0.023424,0.000002,0.000018,0.000002,0.004384,0
20260804_163742_531,1,Unspecified,74,2026-08-04T16:38:52.2333774+09:00,2026-08-04T16:38:52.7333774+09:00,69.701775,70.201775,30,30,-0.065504,-0.020761,0.000001,0.000003,0.000001,0.001933,0
20260804_163742_531,1,Unspecified,75,2026-08-04T16:38:52.7333774+09:00,2026-08-04T16:38:53.2333774+09:00,70.201775,70.701775,30,30,-0.056862,-0.018782,0.000064,0.000380,0.000116,0.021068,0
20260804_163742_531,1,Unspecified,76,2026-08-04T16:38:53.2333774+09:00,2026-08-04T16:38:53.7333774+09:00,70.701775,71.201775,30,30,-0.062024,-0.018740,0.000003,0.000003,0.000001,0.002426,0
20260804_163742_531,1,Unspecified,77,2026-08-04T16:38:53.7333774+09:00,2026-08-04T16:38:54.2333774+09:00,71.201775,71.701775,30,30,-0.062930,-0.021676,0.000003,0.000001,0.000001,0.002009,0
20260804_163742_531,1,Unspecified,78,2026-08-04T16:38:54.2333774+09:00,2026-08-04T16:38:54.7333774+09:00,71.701775,72.201775,30,30,-0.056274,-0.013761,0.000077,0.000450,0.000164,0.022963,0
20260804_163742_531,1,Unspecified,79,2026-08-04T16:38:54.7333774+09:00,2026-08-04T16:38:55.2333774+09:00,72.201775,72.701775,30,30,-0.045818,-0.007827,0.000119,0.000787,0.000276,0.030100,0
20260804_163742_531,1,Unspecified,80,2026-08-04T16:38:55.2333774+09:00,2026-08-04T16:38:55.7333774+09:00,72.701775,73.201775,30,30,-0.056417,-0.022181,0.000001,0.000006,0.000000,0.002671,0
20260804_163742_531,1,Unspecified,81,2026-08-04T16:38:55.7333774+09:00,2026-08-04T16:38:56.2333774+09:00,73.201775,73.701775,30,30,-0.060797,-0.024110,0.000004,0.000001,-0.000002,0.002292,0
20260804_163742_531,1,Unspecified,82,2026-08-04T16:38:56.2333774+09:00,2026-08-04T16:38:56.7333774+09:00,73.701775,74.201775,30,30,-0.051500,-0.013075,0.000229,0.000582,0.000276,0.028490,0
20260804_163742_531,1,Unspecified,83,2026-08-04T16:38:56.7333774+09:00,2026-08-04T16:38:57.2333774+09:00,74.201775,74.701775,30,30,-0.049691,-0.010880,0.000278,0.000466,0.000292,0.027281,0
20260804_163742_531,1,Unspecified,84,2026-08-04T16:38:57.2333774+09:00,2026-08-04T16:38:57.7333774+09:00,74.701775,75.201775,30,30,-0.061758,-0.021250,0.000009,0.000003,0.000002,0.003449,0
20260804_163742_531,1,Unspecified,85,2026-08-04T16:38:57.7333774+09:00,2026-08-04T16:38:58.2333774+09:00,75.201775,75.701775,30,30,-0.060280,-0.020811,0.000002,0.000001,0.000000,0.001653,0
20260804_163742_531,1,Unspecified,86,2026-08-04T16:38:58.2333774+09:00,2026-08-04T16:38:58.7333774+09:00,75.701775,76.201775,30,30,-0.061402,-0.023565,0.000001,0.000004,0.000000,0.002196,0
20260804_163742_531,1,Unspecified,87,2026-08-04T16:38:58.7333774+09:00,2026-08-04T16:38:59.2333774+09:00,76.201775,76.701775,30,30,-0.057297,-0.022060,0.000054,0.000032,0.000037,0.009275,0
20260804_163742_531,1,Unspecified,88,2026-08-04T16:38:59.2333774+09:00,2026-08-04T16:38:59.7333774+09:00,76.701775,77.201775,30,30,-0.073644,-0.030196,0.000035,0.000027,0.000030,0.007900,0
20260804_163742_531,1,Unspecified,89,2026-08-04T16:38:59.7333774+09:00,2026-08-04T16:39:00.2333774+09:00,77.201775,77.701775,30,30,-0.066210,-0.025685,0.000002,0.000001,0.000000,0.001819,0
20260804_163742_531,1,Unspecified,90,2026-08-04T16:39:00.2333774+09:00,2026-08-04T16:39:00.7333774+09:00,77.701775,78.201775,30,30,-0.056317,-0.007488,0.000118,0.000918,0.000303,0.032196,0
20260804_163742_531,1,Unspecified,91,2026-08-04T16:39:00.7333774+09:00,2026-08-04T16:39:01.2333774+09:00,78.201775,78.701775,30,30,-0.064053,-0.025164,0.000028,0.000089,-0.000048,0.010805,0
20260804_163742_531,1,Unspecified,92,2026-08-04T16:39:01.2333774+09:00,2026-08-04T16:39:01.7333774+09:00,78.701775,79.201775,30,30,-0.036688,0.054356,0.003039,0.000189,0.000741,0.056815,0
20260804_163742_531,1,Unspecified,93,2026-08-04T16:39:01.7333774+09:00,2026-08-04T16:39:02.2333774+09:00,79.201775,79.701775,30,30,-0.041132,-0.008509,0.000978,0.001998,0.001225,0.054546,0
20260804_163742_531,1,Unspecified,94,2026-08-04T16:39:02.2333774+09:00,2026-08-04T16:39:02.7333774+09:00,79.701775,80.201775,30,30,-0.055017,-0.026056,0.000013,0.000002,0.000003,0.003872,0
20260804_163742_531,1,Unspecified,95,2026-08-04T16:39:02.7333774+09:00,2026-08-04T16:39:03.2333774+09:00,80.201775,80.701775,30,30,-0.060596,-0.020208,0.000013,0.000106,-0.000006,0.010891,0
20260804_163742_531,1,Unspecified,96,2026-08-04T16:39:03.2333774+09:00,2026-08-04T16:39:03.7333774+09:00,80.701775,81.201775,30,30,-0.062418,-0.024136,0.000001,0.000018,-0.000003,0.004387,0
20260804_163742_531,1,Unspecified,97,2026-08-04T16:39:03.7333774+09:00,2026-08-04T16:39:04.2333774+09:00,81.201775,81.701775,30,30,-0.056490,-0.016212,0.000112,0.000530,0.000214,0.025339,0
20260804_163742_531,1,Unspecified,98,2026-08-04T16:39:04.2333774+09:00,2026-08-04T16:39:04.7333774+09:00,81.701775,82.201775,30,30,-0.053858,-0.009674,0.000166,0.000842,0.000323,0.031746,0
20260804_163742_531,1,Unspecified,99,2026-08-04T16:39:04.7333774+09:00,2026-08-04T16:39:05.2333774+09:00,82.201775,82.701775,30,30,-0.065305,-0.023847,0.000001,0.000002,0.000000,0.001731,0
20260804_163742_531,1,Unspecified,100,2026-08-04T16:39:05.2333774+09:00,2026-08-04T16:39:05.7333774+09:00,82.701775,83.201775,30,30,-0.013505,-0.024367,0.001165,0.000004,0.000041,0.034188,0
20260804_163742_531,1,Unspecified,101,2026-08-04T16:39:05.7333774+09:00,2026-08-04T16:39:06.2333774+09:00,83.201775,83.701775,30,30,-0.039860,-0.017183,0.000525,0.000021,-0.000100,0.023370,0
20260804_163742_531,1,Unspecified,102,2026-08-04T16:39:06.2333774+09:00,2026-08-04T16:39:06.7333774+09:00,83.701775,84.201775,30,30,-0.059400,-0.028705,0.000014,0.000021,0.000010,0.005921,0
20260804_163742_531,1,Unspecified,103,2026-08-04T16:39:06.7333774+09:00,2026-08-04T16:39:07.2333774+09:00,84.201775,84.701775,30,30,-0.047058,-0.028660,0.000247,0.000877,0.000441,0.033518,0
20260804_163742_531,1,Unspecified,104,2026-08-04T16:39:07.2333774+09:00,2026-08-04T16:39:07.7333774+09:00,84.701775,85.201775,30,30,-0.041666,-0.005543,0.000219,0.000759,0.000334,0.031276,0
20260804_163742_531,1,Unspecified,105,2026-08-04T16:39:07.7333774+09:00,2026-08-04T16:39:08.2333774+09:00,85.201775,85.701775,30,30,-0.041928,-0.006825,0.000211,0.001220,0.000481,0.037828,0
20260804_163742_531,1,Unspecified,106,2026-08-04T16:39:08.2333774+09:00,2026-08-04T16:39:08.7333774+09:00,85.701775,86.201775,30,30,-0.046015,-0.010487,0.000135,0.000023,0.000048,0.012585,0
20260804_163742_531,1,Unspecified,107,2026-08-04T16:39:08.7333774+09:00,2026-08-04T16:39:09.2333774+09:00,86.201775,86.701775,30,30,-0.067199,-0.022048,0.000157,0.002629,0.000038,0.052776,0
20260804_163742_531,1,Unspecified,108,2026-08-04T16:39:09.2333774+09:00,2026-08-04T16:39:09.7333774+09:00,86.701775,87.201775,30,30,-0.061662,-0.004559,0.000117,0.004637,0.000731,0.068947,0
20260804_163742_531,1,Unspecified,109,2026-08-04T16:39:09.7333774+09:00,2026-08-04T16:39:10.2333774+09:00,87.201775,87.701775,30,30,-0.058400,0.010131,0.000023,0.001188,0.000163,0.034800,0
20260804_163742_531,1,Unspecified,110,2026-08-04T16:39:10.2333774+09:00,2026-08-04T16:39:10.7333774+09:00,87.701775,88.201775,30,30,-0.052529,-0.012431,0.000069,0.000212,0.000083,0.016753,0
20260804_163742_531,1,Unspecified,111,2026-08-04T16:39:10.7333774+09:00,2026-08-04T16:39:11.2333774+09:00,88.201775,88.701775,30,30,-0.063363,-0.020194,0.000003,0.000001,0.000000,0.001790,0
20260804_163742_531,1,Unspecified,112,2026-08-04T16:39:11.2333774+09:00,2026-08-04T16:39:11.7333774+09:00,88.701775,89.201775,30,30,-0.066899,-0.024976,0.000002,0.000002,0.000000,0.001845,0
20260804_163742_531,1,Unspecified,113,2026-08-04T16:39:11.7333774+09:00,2026-08-04T16:39:12.2333774+09:00,89.201775,89.701775,30,30,-0.066549,-0.022571,0.000001,0.000002,0.000001,0.001844,0
20260804_163742_531,1,Unspecified,114,2026-08-04T16:39:12.2333774+09:00,2026-08-04T16:39:12.7333774+09:00,89.701775,90.201775,30,30,-0.065139,-0.026694,0.000001,0.000008,-0.000002,0.002910,0
20260804_163742_531,1,Unspecified,115,2026-08-04T16:39:12.7333774+09:00,2026-08-04T16:39:13.2333774+09:00,90.201775,90.701775,30,30,-0.047916,-0.017264,0.000208,0.000113,0.000108,0.017928,0
20260804_163742_531,1,Unspecified,116,2026-08-04T16:39:13.2333774+09:00,2026-08-04T16:39:13.7333774+09:00,90.701775,91.201775,30,30,-0.042926,-0.003668,0.000164,0.000046,0.000080,0.014477,0
20260804_163742_531,1,Unspecified,117,2026-08-04T16:39:13.7333774+09:00,2026-08-04T16:39:14.2333774+09:00,91.201775,91.701775,30,30,-0.069104,-0.026471,0.000053,0.000011,-0.000014,0.007990,0
20260804_163742_531,1,Unspecified,118,2026-08-04T16:39:14.2333774+09:00,2026-08-04T16:39:14.7333774+09:00,91.701775,92.201775,30,30,-0.077472,-0.031239,0.000072,0.000022,0.000032,0.009690,0
20260804_163742_531,1,Unspecified,119,2026-08-04T16:39:14.7333774+09:00,2026-08-04T16:39:15.2333774+09:00,92.201775,92.701775,30,30,-0.081533,-0.038579,0.000013,0.000008,-0.000001,0.004493,0
20260804_163742_531,1,Unspecified,120,2026-08-04T16:39:15.2333774+09:00,2026-08-04T16:39:15.7333774+09:00,92.701775,93.201775,30,30,-0.058370,-0.032684,0.001483,0.000202,0.000536,0.041052,0
20260804_163742_531,1,Unspecified,121,2026-08-04T16:39:15.7333774+09:00,2026-08-04T16:39:16.2333774+09:00,93.201775,93.701775,30,30,-0.031107,-0.015601,0.001294,0.000918,0.000851,0.047032,0
20260804_163742_531,1,Unspecified,122,2026-08-04T16:39:16.2333774+09:00,2026-08-04T16:39:16.7333774+09:00,93.701775,94.201775,30,30,-0.054672,-0.018180,0.000386,0.000101,0.000178,0.022061,0
20260804_163742_531,1,Unspecified,123,2026-08-04T16:39:16.7333774+09:00,2026-08-04T16:39:17.2333774+09:00,94.201775,94.701775,30,30,-0.073647,-0.030637,0.000001,0.000002,-0.000001,0.001675,0
20260804_163742_531,1,Unspecified,124,2026-08-04T16:39:17.2333774+09:00,2026-08-04T16:39:17.7333774+09:00,94.701775,95.201775,30,30,-0.072705,-0.033479,0.000001,0.000004,0.000001,0.002373,0
20260804_163742_531,1,Unspecified,125,2026-08-04T16:39:17.7333774+09:00,2026-08-04T16:39:18.2333774+09:00,95.201775,95.701775,30,30,-0.055864,-0.026856,0.000424,0.000542,0.000227,0.031085,0
20260804_163742_531,1,Unspecified,126,2026-08-04T16:39:18.2333774+09:00,2026-08-04T16:39:18.7333774+09:00,95.701775,96.201775,30,30,-0.067682,-0.028102,0.000009,0.000003,-0.000002,0.003461,0
20260804_163742_531,1,Unspecified,127,2026-08-04T16:39:18.7333774+09:00,2026-08-04T16:39:19.2333774+09:00,96.201775,96.701775,30,30,-0.070693,-0.029677,0.000001,0.000005,0.000001,0.002439,0
20260804_163742_531,1,Unspecified,128,2026-08-04T16:39:19.2333774+09:00,2026-08-04T16:39:19.7333774+09:00,96.701775,97.201775,30,30,-0.077078,-0.032436,0.000005,0.000006,0.000003,0.003229,0
20260804_163742_531,1,Unspecified,129,2026-08-04T16:39:19.7333774+09:00,2026-08-04T16:39:20.2333774+09:00,97.201775,97.701775,30,30,-0.076814,-0.037178,0.000005,0.000005,0.000000,0.003097,0
20260804_163742_531,1,Unspecified,130,2026-08-04T16:39:20.2333774+09:00,2026-08-04T16:39:20.7333774+09:00,97.701775,98.201775,30,30,-0.066360,-0.035305,0.000013,0.000011,0.000001,0.004903,0
20260804_163742_531,1,Unspecified,131,2026-08-04T16:39:20.7333774+09:00,2026-08-04T16:39:21.2333774+09:00,98.201775,98.701775,30,30,-0.064979,-0.024467,0.000080,0.000492,0.000086,0.023932,0
20260804_163742_531,1,Unspecified,132,2026-08-04T16:39:21.2333774+09:00,2026-08-04T16:39:21.7333774+09:00,98.701775,99.201775,30,30,-0.076502,-0.029376,0.000017,0.000002,0.000004,0.004328,0
20260804_163742_531,1,Unspecified,133,2026-08-04T16:39:21.7333774+09:00,2026-08-04T16:39:22.2333774+09:00,99.201775,99.701775,30,30,-0.077947,-0.031471,0.000002,0.000001,0.000000,0.001799,0
20260804_163742_531,1,Unspecified,134,2026-08-04T16:39:22.2333774+09:00,2026-08-04T16:39:22.7333774+09:00,99.701775,100.201775,30,30,-0.063285,-0.019001,0.000343,0.000603,0.000391,0.030746,0
20260804_163742_531,1,Unspecified,135,2026-08-04T16:39:22.7333774+09:00,2026-08-04T16:39:23.2333774+09:00,100.201775,100.701775,30,30,-0.056739,-0.007197,0.000565,0.001355,0.000814,0.043815,0
20260804_163742_531,1,Unspecified,136,2026-08-04T16:39:23.2333774+09:00,2026-08-04T16:39:23.7333774+09:00,100.701775,101.201775,30,30,-0.077404,-0.032517,0.000009,0.000004,0.000000,0.003564,0
20260804_163742_531,1,Unspecified,137,2026-08-04T16:39:23.7333774+09:00,2026-08-04T16:39:24.2333774+09:00,101.201775,101.701775,30,30,-0.067614,-0.036091,0.000002,0.000002,0.000001,0.002080,0
20260804_163742_531,1,Unspecified,138,2026-08-04T16:39:24.2333774+09:00,2026-08-04T16:39:24.7333774+09:00,101.701775,102.201775,30,30,-0.071537,-0.029732,0.000115,0.000428,0.000219,0.023301,0
20260804_163742_531,1,Unspecified,139,2026-08-04T16:39:24.7333774+09:00,2026-08-04T16:39:25.2333774+09:00,102.201775,102.701775,30,30,-0.068534,-0.016866,0.000549,0.000931,0.000606,0.038481,0
20260804_163742_531,1,Unspecified,140,2026-08-04T16:39:25.2333774+09:00,2026-08-04T16:39:25.7333774+09:00,102.701775,103.201775,30,30,-0.073258,-0.033593,0.000012,0.000006,-0.000003,0.004219,0
20260804_163742_531,1,Unspecified,141,2026-08-04T16:39:25.7333774+09:00,2026-08-04T16:39:26.2333774+09:00,103.201775,103.701775,30,30,-0.073881,-0.033746,0.000002,0.000002,0.000000,0.001798,0
20260804_163742_531,1,Unspecified,142,2026-08-04T16:39:26.2333774+09:00,2026-08-04T16:39:26.7333774+09:00,103.701775,104.201775,30,30,-0.062777,-0.024813,0.000475,0.000711,0.000560,0.034433,0
20260804_163742_531,1,Unspecified,143,2026-08-04T16:39:26.7333774+09:00,2026-08-04T16:39:27.2333774+09:00,104.201775,104.701775,30,30,-0.064927,-0.020988,0.000210,0.000554,0.000296,0.027645,0
20260804_163742_531,1,Unspecified,144,2026-08-04T16:39:27.2333774+09:00,2026-08-04T16:39:27.7333774+09:00,104.701775,105.201775,30,30,-0.076498,-0.031930,0.000034,0.000002,-0.000003,0.005987,0
20260804_163742_531,1,Unspecified,145,2026-08-04T16:39:27.7333774+09:00,2026-08-04T16:39:28.2333774+09:00,105.201775,105.701775,30,30,-0.071209,-0.032071,0.000004,0.000002,-0.000001,0.002486,0
20260804_163742_531,1,Unspecified,146,2026-08-04T16:39:28.2333774+09:00,2026-08-04T16:39:28.7333774+09:00,105.701775,106.201775,30,30,-0.069774,-0.030277,0.000025,0.000054,0.000034,0.008925,0
20260804_163742_531,1,Unspecified,147,2026-08-04T16:39:28.7333774+09:00,2026-08-04T16:39:29.2333774+09:00,106.201775,106.701775,30,30,-0.058437,-0.000936,0.000415,0.000990,0.000513,0.037482,0
20260804_163742_531,1,Unspecified,148,2026-08-04T16:39:29.2333774+09:00,2026-08-04T16:39:29.7333774+09:00,106.701775,107.201775,30,30,-0.074487,-0.027063,0.000001,0.000002,0.000001,0.001679,0
20260804_163742_531,1,Unspecified,149,2026-08-04T16:39:29.7333774+09:00,2026-08-04T16:39:30.2333774+09:00,107.201775,107.701775,30,30,-0.072018,-0.029995,0.000002,0.000005,-0.000001,0.002486,0
20260804_163742_531,1,Unspecified,150,2026-08-04T16:39:30.2333774+09:00,2026-08-04T16:39:30.7333774+09:00,107.701775,108.201775,30,30,-0.070996,-0.027358,0.000054,0.000215,0.000100,0.016399,0
20260804_163742_531,1,Unspecified,151,2026-08-04T16:39:30.7333774+09:00,2026-08-04T16:39:31.2333774+09:00,108.201775,108.701775,30,30,-0.065859,-0.014869,0.000125,0.000624,0.000113,0.027360,0
20260804_163742_531,1,Unspecified,152,2026-08-04T16:39:31.2333774+09:00,2026-08-04T16:39:31.7333774+09:00,108.701775,109.201775,30,30,-0.066177,-0.029977,0.000046,0.000008,-0.000001,0.007333,0
20260804_163742_531,1,Unspecified,153,2026-08-04T16:39:31.7333774+09:00,2026-08-04T16:39:32.2333774+09:00,109.201775,109.701775,30,30,-0.084030,-0.039685,0.000065,0.000099,0.000041,0.012829,0
20260804_163742_531,1,Unspecified,154,2026-08-04T16:39:32.2333774+09:00,2026-08-04T16:39:32.7333774+09:00,109.701775,110.201775,30,30,-0.061851,-0.055348,0.000419,0.000787,0.000329,0.034735,0
20260804_163742_531,1,Unspecified,155,2026-08-04T16:39:32.7333774+09:00,2026-08-04T16:39:33.2333774+09:00,110.201775,110.701775,30,30,-0.054245,-0.028378,0.000236,0.001593,-0.000192,0.042761,0
20260804_163742_531,1,Unspecified,156,2026-08-04T16:39:33.2333774+09:00,2026-08-04T16:39:33.7333774+09:00,110.701775,111.201775,30,30,-0.054254,-0.024026,0.000103,0.000060,-0.000073,0.012781,0
20260804_163742_531,1,Unspecified,157,2026-08-04T16:39:33.7333774+09:00,2026-08-04T16:39:34.2333774+09:00,111.201775,111.701775,30,30,-0.054184,0.002562,0.000047,0.000030,0.000030,0.008783,0
20260804_163742_531,1,Unspecified,158,2026-08-04T16:39:34.2333774+09:00,2026-08-04T16:39:34.7333774+09:00,111.701775,112.201775,30,30,-0.052382,-0.002503,0.000023,0.000045,-0.000008,0.008209,0
20260804_163742_531,1,Unspecified,159,2026-08-04T16:39:34.7333774+09:00,2026-08-04T16:39:35.2333774+09:00,112.201775,112.701775,30,30,-0.059953,0.002666,0.000029,0.000515,-0.000073,0.023317,0
20260804_163742_531,1,Unspecified,160,2026-08-04T16:39:35.2333774+09:00,2026-08-04T16:39:35.7333774+09:00,112.701775,113.201775,30,30,-0.057471,-0.003671,0.000052,0.000444,0.000016,0.022284,0
20260804_163742_531,1,Unspecified,161,2026-08-04T16:39:35.7333774+09:00,2026-08-04T16:39:36.2333774+09:00,113.201775,113.701775,30,30,-0.060318,-0.024086,0.000058,0.000012,0.000006,0.008357,0
20260804_163742_531,1,Unspecified,162,2026-08-04T16:39:36.2333774+09:00,2026-08-04T16:39:36.7333774+09:00,113.701775,114.201775,30,30,-0.085432,-0.036232,0.000095,0.000125,0.000067,0.014838,0
20260804_163742_531,1,Unspecified,163,2026-08-04T16:39:36.7333774+09:00,2026-08-04T16:39:37.2333774+09:00,114.201775,114.701775,30,30,-0.074848,-0.045351,0.000311,0.001269,0.000305,0.039748,0
20260804_163742_531,1,Unspecified,164,2026-08-04T16:39:37.2333774+09:00,2026-08-04T16:39:37.7333774+09:00,114.701775,115.201775,30,30,-0.090419,-0.044361,0.000524,0.000597,0.000488,0.033483,0
20260804_163742_531,1,Unspecified,165,2026-08-04T16:39:37.7333774+09:00,2026-08-04T16:39:38.2333774+09:00,115.201775,115.701775,30,30,-0.093207,-0.060754,0.000116,0.000046,-0.000005,0.012719,0
20260804_163742_531,1,Unspecified,166,2026-08-04T16:39:38.2333774+09:00,2026-08-04T16:39:38.7333774+09:00,115.701775,116.201775,30,30,-0.097771,-0.081439,0.000021,0.000103,-0.000022,0.011126,0
20260804_163742_531,1,Unspecified,167,2026-08-04T16:39:38.7333774+09:00,2026-08-04T16:39:39.2333774+09:00,116.201775,116.701775,30,30,-0.086998,-0.074491,0.000623,0.002090,0.000974,0.052091,0
20260804_163742_531,1,Unspecified,168,2026-08-04T16:39:39.2333774+09:00,2026-08-04T16:39:39.7333774+09:00,116.701775,117.201775,30,30,-0.078042,-0.070501,0.000253,0.001320,0.000522,0.039671,0
20260804_163742_531,1,Unspecified,169,2026-08-04T16:39:39.7333774+09:00,2026-08-04T16:39:40.2333774+09:00,117.201775,117.701775,30,30,-0.090663,-0.093341,0.000006,0.000014,0.000005,0.004512,0
20260804_163742_531,1,Unspecified,170,2026-08-04T16:39:40.2333774+09:00,2026-08-04T16:39:40.7333774+09:00,117.701775,118.201775,30,30,-0.094051,-0.084323,0.000008,0.000011,-0.000007,0.004364,0
20260804_163742_531,1,Unspecified,171,2026-08-04T16:39:40.7333774+09:00,2026-08-04T16:39:41.2333774+09:00,118.201775,118.701775,30,30,-0.092468,-0.083082,0.000022,0.000005,-0.000008,0.005163,0
20260804_163742_531,1,Unspecified,172,2026-08-04T16:39:41.2333774+09:00,2026-08-04T16:39:41.7333774+09:00,118.701775,119.201775,30,30,-0.070627,-0.055382,0.000592,0.001870,0.000913,0.049612,0
20260804_163742_531,1,Unspecified,173,2026-08-04T16:39:41.7333774+09:00,2026-08-04T16:39:42.2333774+09:00,119.201775,119.701775,30,30,-0.058427,-0.059514,0.000024,0.000304,0.000071,0.018110,0
20260804_163742_531,1,Unspecified,174,2026-08-04T16:39:42.2333774+09:00,2026-08-04T16:39:42.7333774+09:00,119.701775,120.201775,30,30,-0.052745,-0.062834,0.000014,0.000034,0.000004,0.006954,0
20260804_163742_531,1,Unspecified,175,2026-08-04T16:39:42.7333774+09:00,2026-08-04T16:39:43.2333774+09:00,120.201775,120.701775,30,30,-0.023078,-0.036973,0.000172,0.001320,0.000311,0.038616,0
20260804_163742_531,1,Unspecified,176,2026-08-04T16:39:43.2333774+09:00,2026-08-04T16:39:43.7333774+09:00,120.701775,121.201775,30,30,-0.040681,-0.043039,0.000496,0.000884,0.000435,0.037151,0
20260804_163742_531,1,Unspecified,177,2026-08-04T16:39:43.7333774+09:00,2026-08-04T16:39:44.2333774+09:00,121.201775,121.701775,30,30,-0.067893,-0.052111,0.000004,0.000004,0.000003,0.002937,0
20260804_163742_531,1,Unspecified,178,2026-08-04T16:39:44.2333774+09:00,2026-08-04T16:39:44.7333774+09:00,121.701775,122.201775,30,30,-0.074041,-0.052070,0.000002,0.000004,0.000001,0.002501,0
20260804_163742_531,1,Unspecified,179,2026-08-04T16:39:44.7333774+09:00,2026-08-04T16:39:45.2333774+09:00,122.201775,122.701775,30,30,-0.050997,-0.032661,0.000293,0.001288,0.000436,0.039761,0
20260804_163742_531,1,Unspecified,180,2026-08-04T16:39:45.2333774+09:00,2026-08-04T16:39:45.7333774+09:00,122.701775,123.201775,30,30,-0.069286,-0.013823,0.000211,0.001489,0.000118,0.041221,0
20260804_163742_531,1,Unspecified,181,2026-08-04T16:39:45.7333774+09:00,2026-08-04T16:39:46.2333774+09:00,123.201775,123.701775,30,30,-0.068093,-0.041941,0.000013,0.000006,0.000007,0.004315,0
20260804_163742_531,1,Unspecified,182,2026-08-04T16:39:46.2333774+09:00,2026-08-04T16:39:46.7333774+09:00,123.701775,124.201775,30,30,-0.076986,-0.047453,0.000008,0.000002,0.000001,0.003162,0
20260804_163742_531,1,Unspecified,183,2026-08-04T16:39:46.7333774+09:00,2026-08-04T16:39:47.2333774+09:00,124.201775,124.701775,30,30,-0.060428,-0.030345,0.000549,0.001099,0.000707,0.040598,0
20260804_163742_531,1,Unspecified,184,2026-08-04T16:39:47.2333774+09:00,2026-08-04T16:39:47.7333774+09:00,124.701775,125.201775,30,30,-0.061009,-0.025830,0.000310,0.000709,0.000404,0.031915,0
20260804_163742_531,1,Unspecified,185,2026-08-04T16:39:47.7333774+09:00,2026-08-04T16:39:48.2333774+09:00,125.201775,125.701775,30,30,-0.075087,-0.040564,0.000018,0.000006,0.000008,0.004881,0
20260804_163742_531,1,Unspecified,186,2026-08-04T16:39:48.2333774+09:00,2026-08-04T16:39:48.7333774+09:00,125.701775,126.201775,30,30,-0.076320,-0.043274,0.000015,0.000003,0.000003,0.004269,0
20260804_163742_531,1,Unspecified,187,2026-08-04T16:39:48.7333774+09:00,2026-08-04T16:39:49.2333774+09:00,126.201775,126.701775,30,30,-0.056581,-0.020044,0.000441,0.001088,0.000438,0.039103,0
20260804_163742_531,1,Unspecified,188,2026-08-04T16:39:49.2333774+09:00,2026-08-04T16:39:49.7333774+09:00,126.701775,127.201775,30,30,-0.059475,-0.022581,0.000085,0.000871,0.000201,0.030919,0
20260804_163742_531,1,Unspecified,189,2026-08-04T16:39:49.7333774+09:00,2026-08-04T16:39:50.2333774+09:00,127.201775,127.701775,30,30,-0.065612,-0.038011,0.000010,0.000004,0.000000,0.003733,0
20260804_163742_531,1,Unspecified,190,2026-08-04T16:39:50.2333774+09:00,2026-08-04T16:39:50.7333774+09:00,127.701775,128.201775,30,30,-0.066709,-0.038775,0.000007,0.000002,-0.000002,0.002954,0
20260804_163742_531,1,Unspecified,191,2026-08-04T16:39:50.7333774+09:00,2026-08-04T16:39:51.2333774+09:00,128.201775,128.701775,30,30,-0.072116,-0.036265,0.000004,0.000002,-0.000001,0.002518,0
20260804_163742_531,1,Unspecified,192,2026-08-04T16:39:51.2333774+09:00,2026-08-04T16:39:51.7333774+09:00,128.701775,129.201775,30,30,-0.070199,-0.032679,0.000002,0.000003,0.000002,0.002267,0
20260804_163742_531,1,Unspecified,193,2026-08-04T16:39:51.7333774+09:00,2026-08-04T16:39:52.2333774+09:00,129.201775,129.701775,30,30,-0.069302,-0.032885,0.000002,0.000003,0.000000,0.002297,0
20260804_163742_531,1,Unspecified,194,2026-08-04T16:39:52.2333774+09:00,2026-08-04T16:39:52.7333774+09:00,129.701775,130.201775,30,30,-0.065007,-0.035854,0.000004,0.000006,-0.000003,0.003177,0
20260804_163742_531,1,Unspecified,195,2026-08-04T16:39:52.7333774+09:00,2026-08-04T16:39:53.2333774+09:00,130.201775,130.701775,30,30,-0.061539,-0.038312,0.000104,0.000003,-0.000008,0.010311,0
20260804_163742_531,1,Unspecified,196,2026-08-04T16:39:53.2333774+09:00,2026-08-04T16:39:53.7333774+09:00,130.701775,131.201775,30,30,-0.048412,0.012137,0.000216,0.001671,0.000078,0.043443,0
20260804_163742_531,1,Unspecified,197,2026-08-04T16:39:53.7333774+09:00,2026-08-04T16:39:54.2333774+09:00,131.201775,131.701775,30,30,-0.065671,-0.007308,0.000023,0.000004,-0.000007,0.005197,0
20260804_163742_531,1,Unspecified,198,2026-08-04T16:39:54.2333774+09:00,2026-08-04T16:39:54.7333774+09:00,131.701775,132.201775,30,30,-0.063542,-0.002982,0.000008,0.000002,-0.000001,0.003120,0
20260804_163742_531,1,Unspecified,199,2026-08-04T16:39:54.7333774+09:00,2026-08-04T16:39:55.2333774+09:00,132.201775,132.701775,30,30,-0.062276,-0.003244,0.000603,0.000717,0.000542,0.036328,0
20260804_163742_531,1,Unspecified,200,2026-08-04T16:39:55.2333774+09:00,2026-08-04T16:39:55.7333774+09:00,132.701775,133.201775,30,30,-0.060158,-0.019572,0.000197,0.000007,-0.000006,0.014280,0
20260804_163742_531,1,Unspecified,201,2026-08-04T16:39:55.7333774+09:00,2026-08-04T16:39:56.2333774+09:00,133.201775,133.701775,30,30,-0.064849,-0.027698,0.000002,0.000004,0.000001,0.002379,0
20260804_163742_531,1,Unspecified,202,2026-08-04T16:39:56.2333774+09:00,2026-08-04T16:39:56.7333774+09:00,133.701775,134.201775,30,30,-0.067946,-0.026538,0.000003,0.000001,-0.000001,0.002004,0
20260804_163742_531,1,Unspecified,203,2026-08-04T16:39:56.7333774+09:00,2026-08-04T16:39:57.2333774+09:00,134.201775,134.701775,30,30,-0.058858,0.008535,0.000500,0.001656,0.000522,0.046428,0
20260804_163742_531,1,Unspecified,204,2026-08-04T16:39:57.2333774+09:00,2026-08-04T16:39:57.7333774+09:00,134.701775,135.201775,30,30,-0.070362,-0.020910,0.000067,0.000041,-0.000051,0.010398,0
20260804_163742_531,1,Unspecified,205,2026-08-04T16:39:57.7333774+09:00,2026-08-04T16:39:58.2333774+09:00,135.201775,135.701775,30,30,-0.063965,-0.025654,0.000002,0.000001,0.000001,0.001879,0
20260804_163742_531,1,Unspecified,206,2026-08-04T16:39:58.2333774+09:00,2026-08-04T16:39:58.7333774+09:00,135.701775,136.201775,30,30,-0.067038,-0.023285,0.000007,0.000001,-0.000001,0.002804,0
20260804_163742_531,1,Unspecified,207,2026-08-04T16:39:58.7333774+09:00,2026-08-04T16:39:59.2333774+09:00,136.201775,136.701775,30,30,-0.059471,-0.006008,0.000160,0.001070,0.000166,0.035081,0
20260804_163742_531,1,Unspecified,208,2026-08-04T16:39:59.2333774+09:00,2026-08-04T16:39:59.7333774+09:00,136.701775,137.201775,30,30,-0.053571,0.005395,0.000144,0.000905,0.000268,0.032398,0
20260804_163742_531,1,Unspecified,209,2026-08-04T16:39:59.7333774+09:00,2026-08-04T16:40:00.2333774+09:00,137.201775,137.701775,30,30,-0.054864,-0.019772,0.000051,0.000012,0.000000,0.007950,0
20260804_163742_531,1,Unspecified,210,2026-08-04T16:40:00.2333774+09:00,2026-08-04T16:40:00.7333774+09:00,137.701775,138.201775,30,30,-0.062111,-0.026937,0.000002,0.000002,0.000000,0.002089,0
20260804_163742_531,1,Unspecified,211,2026-08-04T16:40:00.7333774+09:00,2026-08-04T16:40:01.2333774+09:00,138.201775,138.701775,30,30,-0.044050,0.040452,0.000565,0.002485,0.000249,0.055230,0
20260804_163742_531,1,Unspecified,212,2026-08-04T16:40:01.2333774+09:00,2026-08-04T16:40:01.7333774+09:00,138.701775,139.201775,30,30,-0.048843,-0.007804,0.000053,0.000520,0.000081,0.023933,0
20260804_163742_531,1,Unspecified,213,2026-08-04T16:40:01.7333774+09:00,2026-08-04T16:40:02.2333774+09:00,139.201775,139.701775,30,30,-0.062066,-0.020118,0.000015,0.000019,0.000013,0.005783,0
20260804_163742_531,1,Unspecified,214,2026-08-04T16:40:02.2333774+09:00,2026-08-04T16:40:02.7333774+09:00,139.701775,140.201775,30,30,-0.064509,-0.023779,0.000002,0.000001,0.000000,0.001734,0
20260804_163742_531,1,Unspecified,215,2026-08-04T16:40:02.7333774+09:00,2026-08-04T16:40:03.2333774+09:00,140.201775,140.701775,30,30,-0.059556,-0.026079,0.000003,0.000003,-0.000001,0.002438,0
20260804_163742_531,1,Unspecified,216,2026-08-04T16:40:03.2333774+09:00,2026-08-04T16:40:03.7333774+09:00,140.701775,141.201775,30,30,-0.054791,-0.013523,0.000159,0.000447,0.000223,0.024617,0
20260804_163742_531,1,Unspecified,217,2026-08-04T16:40:03.7333774+09:00,2026-08-04T16:40:04.2333774+09:00,141.201775,141.701775,30,30,-0.059539,-0.010298,0.000002,0.000008,0.000000,0.003273,0
20260804_163742_531,1,Unspecified,218,2026-08-04T16:40:04.2333774+09:00,2026-08-04T16:40:04.7333774+09:00,141.701775,142.201775,30,30,-0.062892,-0.020073,0.000010,0.000019,0.000013,0.005431,0
20260804_163742_531,1,Unspecified,219,2026-08-04T16:40:04.7333774+09:00,2026-08-04T16:40:05.2333774+09:00,142.201775,142.701775,30,30,-0.061034,-0.022697,0.000092,0.000023,0.000039,0.010720,0
20260804_163742_531,1,Unspecified,220,2026-08-04T16:40:05.2333774+09:00,2026-08-04T16:40:05.7333774+09:00,142.701775,143.201775,30,30,-0.051040,-0.007149,0.000081,0.000600,0.000129,0.026104,0
20260804_163742_531,1,Unspecified,221,2026-08-04T16:40:05.7333774+09:00,2026-08-04T16:40:06.2333774+09:00,143.201775,143.701775,30,30,-0.061949,-0.020841,0.000002,0.000002,-0.000001,0.001848,0
20260804_163742_531,1,Unspecified,222,2026-08-04T16:40:06.2333774+09:00,2026-08-04T16:40:06.7333774+09:00,143.701775,144.201775,30,30,-0.059737,-0.021431,0.000002,0.000005,-0.000001,0.002719,0
20260804_163742_531,1,Unspecified,223,2026-08-04T16:40:06.7333774+09:00,2026-08-04T16:40:07.2333774+09:00,144.201775,144.701775,30,30,-0.046080,0.000327,0.000249,0.001094,0.000417,0.036635,0
20260804_163742_531,1,Unspecified,224,2026-08-04T16:40:07.2333774+09:00,2026-08-04T16:40:07.7333774+09:00,144.701775,145.201775,30,30,-0.051114,0.022331,0.000220,0.001515,-0.000014,0.041652,0
20260804_163742_531,1,Unspecified,225,2026-08-04T16:40:07.7333774+09:00,2026-08-04T16:40:08.2333774+09:00,145.201775,145.701775,30,30,-0.056528,-0.009871,0.000002,0.000009,-0.000002,0.003239,0
20260804_163742_531,1,Unspecified,226,2026-08-04T16:40:08.2333774+09:00,2026-08-04T16:40:08.7333774+09:00,145.701775,146.201775,30,30,-0.054659,-0.009430,0.000058,0.000372,0.000140,0.020754,0
20260804_163742_531,1,Unspecified,227,2026-08-04T16:40:08.7333774+09:00,2026-08-04T16:40:09.2333774+09:00,146.201775,146.701775,30,30,-0.052715,-0.005226,0.000427,0.000764,0.000475,0.034514,0
20260804_163742_531,1,Unspecified,228,2026-08-04T16:40:09.2333774+09:00,2026-08-04T16:40:09.7333774+09:00,146.701775,147.201775,30,30,-0.054163,-0.017485,0.000013,0.000004,0.000001,0.004114,0
20260804_163742_531,1,Unspecified,229,2026-08-04T16:40:09.7333774+09:00,2026-08-04T16:40:10.2333774+09:00,147.201775,147.701775,30,30,-0.061651,-0.021549,0.000005,0.000006,0.000004,0.003255,0
20260804_163742_531,1,Unspecified,230,2026-08-04T16:40:10.2333774+09:00,2026-08-04T16:40:10.7333774+09:00,147.701775,148.201775,30,30,-0.062591,-0.022592,0.000003,0.000001,0.000000,0.002022,0
20260804_163742_531,1,Unspecified,231,2026-08-04T16:40:10.7333774+09:00,2026-08-04T16:40:11.2333774+09:00,148.201775,148.701775,30,30,-0.057904,-0.010221,0.000068,0.000777,0.000195,0.029067,0
20260804_163742_531,1,Unspecified,232,2026-08-04T16:40:11.2333774+09:00,2026-08-04T16:40:11.7333774+09:00,148.701775,149.201775,30,30,-0.048384,0.002812,0.000229,0.000790,0.000136,0.031923,0
20260804_163742_531,1,Unspecified,233,2026-08-04T16:40:11.7333774+09:00,2026-08-04T16:40:12.2333774+09:00,149.201775,149.701775,30,30,-0.063338,-0.024321,0.000002,0.000003,0.000000,0.002144,0
20260804_163742_531,1,Unspecified,234,2026-08-04T16:40:12.2333774+09:00,2026-08-04T16:40:12.7333774+09:00,149.701775,150.201775,30,30,-0.062889,-0.028055,0.000001,0.000001,0.000000,0.001501,0
20260804_163742_531,1,Unspecified,235,2026-08-04T16:40:12.7333774+09:00,2026-08-04T16:40:13.2333774+09:00,150.201775,150.701775,30,30,-0.047647,-0.015784,0.000311,0.000778,0.000330,0.033014,0
20260804_163742_531,1,Unspecified,236,2026-08-04T16:40:13.2333774+09:00,2026-08-04T16:40:13.7333774+09:00,150.701775,151.201775,30,30,-0.053162,-0.010591,0.000467,0.000688,0.000544,0.033988,0
20260804_163742_531,1,Unspecified,237,2026-08-04T16:40:13.7333774+09:00,2026-08-04T16:40:14.2333774+09:00,151.201775,151.701775,30,30,-0.058354,-0.020838,0.000018,0.000006,0.000009,0.004945,0
20260804_163742_531,1,Unspecified,238,2026-08-04T16:40:14.2333774+09:00,2026-08-04T16:40:14.7333774+09:00,151.701775,152.201775,30,30,-0.062860,-0.022923,0.000001,0.000002,0.000000,0.001903,0
20260804_163742_531,1,Unspecified,239,2026-08-04T16:40:14.7333774+09:00,2026-08-04T16:40:15.2333774+09:00,152.201775,152.701775,30,30,-0.066661,-0.024218,0.000065,0.000002,0.000007,0.008231,0
20260804_163742_531,1,Unspecified,240,2026-08-04T16:40:15.2333774+09:00,2026-08-04T16:40:15.7333774+09:00,152.701775,153.201775,30,30,-0.033775,0.001176,0.000634,0.001127,0.000728,0.041968,0
20260804_163742_531,1,Unspecified,241,2026-08-04T16:40:15.7333774+09:00,2026-08-04T16:40:16.2333774+09:00,153.201775,153.701775,30,30,-0.059780,-0.025278,0.000014,0.000005,0.000005,0.004355,0
20260804_163742_531,1,Unspecified,242,2026-08-04T16:40:16.2333774+09:00,2026-08-04T16:40:16.7333774+09:00,153.701775,154.201775,30,30,-0.054907,-0.027041,0.000009,0.000002,0.000003,0.003419,0
20260804_163742_531,1,Unspecified,243,2026-08-04T16:40:16.7333774+09:00,2026-08-04T16:40:17.2333774+09:00,154.201775,154.701775,30,30,-0.053419,-0.002269,0.000237,0.001184,0.000188,0.037697,0
20260804_163742_531,1,Unspecified,244,2026-08-04T16:40:17.2333774+09:00,2026-08-04T16:40:17.7333774+09:00,154.701775,155.201775,30,30,-0.058668,0.006143,0.000061,0.001609,0.000116,0.040876,0
20260804_163742_531,1,Unspecified,245,2026-08-04T16:40:17.7333774+09:00,2026-08-04T16:40:18.2333774+09:00,155.201775,155.701775,30,30,-0.049798,-0.023429,0.000007,0.000013,0.000006,0.004549,0
20260804_163742_531,1,Unspecified,246,2026-08-04T16:40:18.2333774+09:00,2026-08-04T16:40:18.7333774+09:00,155.701775,156.201775,30,30,-0.056223,-0.024031,0.000030,0.000005,-0.000007,0.005944,0
20260804_163742_531,1,Unspecified,247,2026-08-04T16:40:18.7333774+09:00,2026-08-04T16:40:19.2333774+09:00,156.201775,156.701775,30,30,-0.050739,-0.008065,0.000198,0.001185,0.000396,0.037179,0
20260804_163742_531,1,Unspecified,248,2026-08-04T16:40:19.2333774+09:00,2026-08-04T16:40:19.7333774+09:00,156.701775,157.201775,30,30,-0.046474,-0.022196,0.000031,0.000003,0.000006,0.005863,0
20260804_163742_531,1,Unspecified,249,2026-08-04T16:40:19.7333774+09:00,2026-08-04T16:40:20.2333774+09:00,157.201775,157.701775,30,30,-0.054954,-0.021590,0.000002,0.000002,-0.000001,0.002048,0
20260804_163742_531,1,Unspecified,250,2026-08-04T16:40:20.2333774+09:00,2026-08-04T16:40:20.7333774+09:00,157.701775,158.201775,30,30,-0.055256,-0.014367,0.000090,0.000790,0.000190,0.029659,0
20260804_163742_531,1,Unspecified,251,2026-08-04T16:40:20.7333774+09:00,2026-08-04T16:40:21.2333774+09:00,158.201775,158.701775,30,30,-0.050436,-0.011842,0.000170,0.000785,0.000320,0.030896,0
20260804_163742_531,1,Unspecified,252,2026-08-04T16:40:21.2333774+09:00,2026-08-04T16:40:21.7333774+09:00,158.701775,159.201775,30,30,-0.053363,-0.022452,0.000022,0.000002,-0.000006,0.004948,0
20260804_163742_531,1,Unspecified,253,2026-08-04T16:40:21.7333774+09:00,2026-08-04T16:40:22.2333774+09:00,159.201775,159.701775,30,30,-0.058022,-0.029265,0.000023,0.000005,0.000009,0.005271,0
20260804_163742_531,1,Unspecified,254,2026-08-04T16:40:22.2333774+09:00,2026-08-04T16:40:22.7333774+09:00,159.701775,160.201775,30,30,-0.058617,-0.029492,0.000002,0.000001,0.000000,0.001770,0
20260804_163742_531,1,Unspecified,255,2026-08-04T16:40:22.7333774+09:00,2026-08-04T16:40:23.2333774+09:00,160.201775,160.701775,30,30,-0.057196,-0.029680,0.000017,0.000003,0.000002,0.004467,0
20260804_163742_531,1,Unspecified,256,2026-08-04T16:40:23.2333774+09:00,2026-08-04T16:40:23.7333774+09:00,160.701775,161.201775,30,30,-0.051272,-0.010848,0.000188,0.001039,0.000379,0.035024,0
20260804_163742_531,1,Unspecified,257,2026-08-04T16:40:23.7333774+09:00,2026-08-04T16:40:24.2333774+09:00,161.201775,161.701775,30,30,-0.051440,-0.019109,0.000026,0.000003,-0.000001,0.005386,0
20260804_163742_531,1,Unspecified,258,2026-08-04T16:40:24.2333774+09:00,2026-08-04T16:40:24.7333774+09:00,161.701775,162.201775,30,30,-0.056398,-0.022479,0.000006,0.000002,0.000001,0.002683,0
20260804_163742_531,1,Unspecified,259,2026-08-04T16:40:24.7333774+09:00,2026-08-04T16:40:25.2333774+09:00,162.201775,162.701775,30,30,-0.055255,-0.026444,0.000004,0.000003,-0.000001,0.002676,0
20260804_163742_531,1,Unspecified,260,2026-08-04T16:40:25.2333774+09:00,2026-08-04T16:40:25.7333774+09:00,162.701775,163.201775,30,30,-0.046182,0.012660,0.000265,0.001548,-0.000007,0.042583,0
20260804_163742_531,1,Unspecified,261,2026-08-04T16:40:25.7333774+09:00,2026-08-04T16:40:26.2333774+09:00,163.201775,163.701775,30,30,-0.055640,-0.029281,0.000003,0.000028,0.000003,0.005609,0
20260804_163742_531,1,Unspecified,262,2026-08-04T16:40:26.2333774+09:00,2026-08-04T16:40:26.7333774+09:00,163.701775,164.201775,30,30,-0.064038,-0.046752,0.000007,0.000021,0.000009,0.005237,0
20260804_163742_531,1,Unspecified,263,2026-08-04T16:40:26.7333774+09:00,2026-08-04T16:40:27.2333774+09:00,164.201775,164.701775,30,30,-0.061701,-0.053239,0.000011,0.000043,0.000018,0.007319,0
20260804_163742_531,1,Unspecified,264,2026-08-04T16:40:27.2333774+09:00,2026-08-04T16:40:27.7333774+09:00,164.701775,165.201775,30,30,-0.050431,-0.028273,0.000170,0.001357,0.000210,0.039073,0
20260804_163742_531,1,Unspecified,265,2026-08-04T16:40:27.7333774+09:00,2026-08-04T16:40:28.2333774+09:00,165.201775,165.701775,30,30,-0.054703,-0.048617,0.000006,0.000031,-0.000008,0.006099,0
20260804_163742_531,1,Unspecified,266,2026-08-04T16:40:28.2333774+09:00,2026-08-04T16:40:28.7333774+09:00,165.701775,166.201775,30,30,-0.050090,-0.052507,0.000135,0.000381,0.000202,0.022730,0
20260804_163742_531,1,Unspecified,267,2026-08-04T16:40:28.7333774+09:00,2026-08-04T16:40:29.2333774+09:00,166.201775,166.701775,30,30,-0.042259,0.023403,0.000468,0.004017,0.000224,0.066972,0
20260804_163742_531,1,Unspecified,268,2026-08-04T16:40:29.2333774+09:00,2026-08-04T16:40:29.7333774+09:00,166.701775,167.201775,30,30,-0.046580,-0.036379,0.000051,0.000884,0.000151,0.030573,0
20260804_163742_531,1,Unspecified,269,2026-08-04T16:40:29.7333774+09:00,2026-08-04T16:40:30.2333774+09:00,167.201775,167.701775,30,30,-0.056202,-0.043807,0.000023,0.000016,0.000001,0.006269,0
20260804_163742_531,1,Unspecified,270,2026-08-04T16:40:30.2333774+09:00,2026-08-04T16:40:30.7333774+09:00,167.701775,168.201775,30,30,-0.055735,-0.024268,0.000062,0.001692,0.000219,0.041878,0
20260804_163742_531,1,Unspecified,271,2026-08-04T16:40:30.7333774+09:00,2026-08-04T16:40:31.2333774+09:00,168.201775,168.701775,30,30,-0.047824,-0.020635,0.000367,0.000804,0.000296,0.034212,0
20260804_163742_531,1,Unspecified,272,2026-08-04T16:40:31.2333774+09:00,2026-08-04T16:40:31.7333774+09:00,168.701775,169.201775,30,30,-0.060227,-0.044100,0.000044,0.000005,-0.000012,0.006994,0
20260804_163742_531,1,Unspecified,273,2026-08-04T16:40:31.7333774+09:00,2026-08-04T16:40:32.2333774+09:00,169.201775,169.701775,30,30,-0.076136,-0.037215,0.000020,0.000002,-0.000005,0.004696,0
20260804_163742_531,1,Unspecified,274,2026-08-04T16:40:32.2333774+09:00,2026-08-04T16:40:32.7333774+09:00,169.701775,170.201775,30,30,-0.079223,-0.038018,0.000003,0.000006,0.000002,0.002942,0
20260804_163742_531,1,Unspecified,275,2026-08-04T16:40:32.7333774+09:00,2026-08-04T16:40:33.2333774+09:00,170.201775,170.701775,30,30,-0.068433,-0.027087,0.000611,0.000897,0.000687,0.038837,0
20260804_163742_531,1,Unspecified,276,2026-08-04T16:40:33.2333774+09:00,2026-08-04T16:40:33.7333774+09:00,170.701775,171.201775,30,30,-0.060122,-0.022028,0.000216,0.000858,0.000389,0.032770,0
20260804_163742_531,1,Unspecified,277,2026-08-04T16:40:33.7333774+09:00,2026-08-04T16:40:34.2333774+09:00,171.201775,171.701775,30,30,-0.064782,-0.034236,0.000163,0.000007,0.000030,0.013046,0
20260804_163742_531,1,Unspecified,278,2026-08-04T16:40:34.2333774+09:00,2026-08-04T16:40:34.7333774+09:00,171.701775,172.201775,30,30,-0.075549,-0.037765,0.000001,0.000001,0.000000,0.001395,0
20260804_163742_531,1,Unspecified,279,2026-08-04T16:40:34.7333774+09:00,2026-08-04T16:40:35.2333774+09:00,172.201775,172.701775,30,30,-0.061843,0.003709,0.000931,0.001775,0.000842,0.052020,0
20260804_163742_531,1,Unspecified,280,2026-08-04T16:40:35.2333774+09:00,2026-08-04T16:40:35.7333774+09:00,172.701775,173.201775,30,30,-0.101144,-0.026466,0.001354,0.000032,-0.000190,0.037232,0
20260804_163742_531,1,Unspecified,281,2026-08-04T16:40:35.7333774+09:00,2026-08-04T16:40:36.2333774+09:00,173.201775,173.701775,30,30,-0.072184,-0.030507,0.000016,0.000004,0.000007,0.004443,0
20260804_163742_531,1,Unspecified,282,2026-08-04T16:40:36.2333774+09:00,2026-08-04T16:40:36.7333774+09:00,173.701775,174.201775,30,30,-0.076023,-0.030314,0.000001,0.000004,0.000000,0.002182,0
20260804_163742_531,1,Unspecified,283,2026-08-04T16:40:36.7333774+09:00,2026-08-04T16:40:37.2333774+09:00,174.201775,174.701775,30,30,-0.042833,0.035506,0.001078,0.001473,0.000681,0.050507,0
20260804_163742_531,1,Unspecified,284,2026-08-04T16:40:37.2333774+09:00,2026-08-04T16:40:37.7333774+09:00,174.701775,175.201775,30,30,-0.061700,-0.019990,0.000062,0.000039,-0.000045,0.010045,0
20260804_163742_531,1,Unspecified,285,2026-08-04T16:40:37.7333774+09:00,2026-08-04T16:40:38.2333774+09:00,175.201775,175.701775,30,30,-0.057730,-0.028449,0.000049,0.000008,0.000017,0.007572,0
20260804_163742_531,1,Unspecified,286,2026-08-04T16:40:38.2333774+09:00,2026-08-04T16:40:38.7333774+09:00,175.701775,176.201775,30,30,-0.055625,-0.026475,0.000088,0.000004,0.000014,0.009587,0
20260804_163742_531,1,Unspecified,287,2026-08-04T16:40:38.7333774+09:00,2026-08-04T16:40:39.2333774+09:00,176.201775,176.701775,30,30,-0.066170,-0.029680,0.000002,0.000003,0.000000,0.002132,0
20260804_163742_531,1,Unspecified,288,2026-08-04T16:40:39.2333774+09:00,2026-08-04T16:40:39.7333774+09:00,176.701775,177.201775,30,30,-0.056098,-0.000419,0.000494,0.001568,0.000665,0.045412,0
20260804_163742_531,1,Unspecified,289,2026-08-04T16:40:39.7333774+09:00,2026-08-04T16:40:40.2333774+09:00,177.201775,177.701775,30,30,-0.057945,-0.022787,0.000069,0.000009,-0.000023,0.008829,0
20260804_163742_531,1,Unspecified,290,2026-08-04T16:40:40.2333774+09:00,2026-08-04T16:40:40.7333774+09:00,177.701775,178.201775,30,30,-0.064840,-0.032783,0.000027,0.000006,0.000011,0.005691,0
20260804_163742_531,1,Unspecified,291,2026-08-04T16:40:40.7333774+09:00,2026-08-04T16:40:41.2333774+09:00,178.201775,178.701775,30,30,-0.068791,-0.033679,0.000007,0.000001,0.000001,0.002961,0
20260804_163742_531,1,Unspecified,292,2026-08-04T16:40:41.2333774+09:00,2026-08-04T16:40:41.7333774+09:00,178.701775,179.201775,30,30,-0.057324,0.017859,0.000320,0.001746,0.000499,0.045460,0
20260804_163742_531,1,Unspecified,293,2026-08-04T16:40:41.7333774+09:00,2026-08-04T16:40:42.2333774+09:00,179.201775,179.701775,30,30,-0.051051,-0.017110,0.000062,0.000003,0.000010,0.008078,0
20260804_163742_531,1,Unspecified,294,2026-08-04T16:40:42.2333774+09:00,2026-08-04T16:40:42.7333774+09:00,179.701775,180.201775,30,30,-0.058883,-0.022480,0.000074,0.000016,0.000034,0.009523,0
20260804_163742_531,1,Unspecified,295,2026-08-04T16:40:42.7333774+09:00,2026-08-04T16:40:43.2333774+09:00,180.201775,180.701775,30,30,-0.068597,-0.028031,0.000008,0.000002,0.000001,0.003083,0
20260804_163742_531,1,Unspecified,296,2026-08-04T16:40:43.2333774+09:00,2026-08-04T16:40:43.7333774+09:00,180.701775,181.201775,30,30,-0.055224,0.005840,0.000354,0.001405,0.000528,0.041934,0
20260804_163742_531,1,Unspecified,297,2026-08-04T16:40:43.7333774+09:00,2026-08-04T16:40:44.2333774+09:00,181.201775,181.701775,30,30,-0.070558,-0.025592,0.000037,0.000009,-0.000016,0.006786,0
20260804_163742_531,1,Unspecified,298,2026-08-04T16:40:44.2333774+09:00,2026-08-04T16:40:44.7333774+09:00,181.701775,182.201775,30,30,-0.067837,-0.029064,0.000016,0.000003,-0.000001,0.004363,0
20260804_163742_531,1,Unspecified,299,2026-08-04T16:40:44.7333774+09:00,2026-08-04T16:40:45.2333774+09:00,182.201775,182.701775,30,30,-0.052256,0.001206,0.000520,0.001117,0.000621,0.040450,0
20260804_163742_531,1,Unspecified,300,2026-08-04T16:40:45.2333774+09:00,2026-08-04T16:40:45.7333774+09:00,182.701775,183.201775,30,30,-0.048789,0.000163,0.000217,0.000660,0.000266,0.029617,0
20260804_163742_531,1,Unspecified,301,2026-08-04T16:40:45.7333774+09:00,2026-08-04T16:40:46.2333774+09:00,183.201775,183.701775,30,30,-0.064314,-0.023406,0.000091,0.000054,0.000069,0.012060,0
20260804_163742_531,1,Unspecified,302,2026-08-04T16:40:46.2333774+09:00,2026-08-04T16:40:46.7333774+09:00,183.701775,184.201775,30,30,-0.071539,-0.030767,0.000005,0.000004,0.000003,0.002946,0
20260804_163742_531,1,Unspecified,303,2026-08-04T16:40:46.7333774+09:00,2026-08-04T16:40:47.2333774+09:00,184.201775,184.701775,30,30,-0.069073,-0.027999,0.000002,0.000001,0.000000,0.001531,0
20260804_163742_531,1,Unspecified,304,2026-08-04T16:40:47.2333774+09:00,2026-08-04T16:40:47.7333774+09:00,184.701775,185.201775,30,30,-0.041890,0.012470,0.000422,0.001481,0.000560,0.043624,0
20260804_163742_531,1,Unspecified,305,2026-08-04T16:40:47.7333774+09:00,2026-08-04T16:40:48.2333774+09:00,185.201775,185.701775,30,30,-0.059302,-0.018363,0.000033,0.000002,0.000005,0.005958,0
20260804_163742_531,1,Unspecified,306,2026-08-04T16:40:48.2333774+09:00,2026-08-04T16:40:48.7333774+09:00,185.701775,186.201775,30,30,-0.071140,-0.023744,0.000004,0.000005,-0.000002,0.003036,0
20260804_163742_531,1,Unspecified,307,2026-08-04T16:40:48.7333774+09:00,2026-08-04T16:40:49.2333774+09:00,186.201775,186.701775,30,30,-0.050321,-0.007316,0.000539,0.001198,0.000673,0.041678,0
20260804_163742_531,1,Unspecified,308,2026-08-04T16:40:49.2333774+09:00,2026-08-04T16:40:49.7333774+09:00,186.701775,187.201775,30,30,-0.054348,-0.002805,0.000577,0.000944,0.000704,0.038993,0
20260804_163742_531,1,Unspecified,309,2026-08-04T16:40:49.7333774+09:00,2026-08-04T16:40:50.2333774+09:00,187.201775,187.701775,30,30,-0.068341,-0.025882,0.000022,0.000002,0.000002,0.004977,0
20260804_163742_531,1,Unspecified,310,2026-08-04T16:40:50.2333774+09:00,2026-08-04T16:40:50.7333774+09:00,187.701775,188.201775,30,30,-0.076041,-0.027494,0.000027,0.000018,0.000004,0.006759,0
20260804_163742_531,1,Unspecified,311,2026-08-04T16:40:50.7333774+09:00,2026-08-04T16:40:51.2333774+09:00,188.201775,188.701775,30,30,-0.058526,-0.007250,0.000021,0.000030,0.000014,0.007131,0
20260804_163742_531,1,Unspecified,312,2026-08-04T16:40:51.2333774+09:00,2026-08-04T16:40:51.7333774+09:00,188.701775,189.201775,30,30,-0.061872,0.007445,0.000037,0.000426,0.000038,0.021519,0
20260804_163742_531,1,Unspecified,313,2026-08-04T16:40:51.7333774+09:00,2026-08-04T16:40:52.2333774+09:00,189.201775,189.701775,30,30,-0.070518,-0.008430,0.000062,0.000004,0.000006,0.008122,0
20260804_163742_531,1,Unspecified,314,2026-08-04T16:40:52.2333774+09:00,2026-08-04T16:40:52.7333774+09:00,189.701775,190.201775,30,30,-0.075514,-0.018614,0.000016,0.000015,0.000013,0.005573,0
20260804_163742_531,1,Unspecified,315,2026-08-04T16:40:52.7333774+09:00,2026-08-04T16:40:53.2333774+09:00,190.201775,190.701775,30,30,-0.086858,-0.030793,0.000039,0.000021,0.000026,0.007775,0
20260804_163742_531,1,Unspecified,316,2026-08-04T16:40:53.2333774+09:00,2026-08-04T16:40:53.7333774+09:00,190.701775,191.201775,30,30,-0.080596,-0.018159,0.000176,0.000641,0.000294,0.028581,0
20260804_163742_531,1,Unspecified,317,2026-08-04T16:40:53.7333774+09:00,2026-08-04T16:40:54.2333774+09:00,191.201775,191.701775,30,30,-0.078648,-0.022319,0.000030,0.000070,-0.000023,0.009997,0
20260804_163742_531,1,Unspecified,318,2026-08-04T16:40:54.2333774+09:00,2026-08-04T16:40:54.7333774+09:00,191.701775,192.201775,30,30,-0.083127,-0.039887,0.000166,0.000111,0.000132,0.016659,0
20260804_163742_531,1,Unspecified,319,2026-08-04T16:40:54.7333774+09:00,2026-08-04T16:40:55.2333774+09:00,192.201775,192.701775,30,30,-0.088991,-0.049673,0.000074,0.000010,0.000020,0.009115,0
20260804_163742_531,1,Unspecified,320,2026-08-04T16:40:55.2333774+09:00,2026-08-04T16:40:55.7333774+09:00,192.701775,193.201775,30,30,-0.088553,-0.047139,0.000023,0.000020,0.000006,0.006573,0
20260804_163742_531,1,Unspecified,321,2026-08-04T16:40:55.7333774+09:00,2026-08-04T16:40:56.2333774+09:00,193.201775,193.701775,30,30,-0.077534,-0.067634,0.000018,0.000017,-0.000003,0.005913,0
20260804_163742_531,1,Unspecified,322,2026-08-04T16:40:56.2333774+09:00,2026-08-04T16:40:56.7333774+09:00,193.701775,194.201775,30,30,-0.081394,-0.054939,0.000154,0.000930,0.000280,0.032913,0
20260804_163742_531,1,Unspecified,323,2026-08-04T16:40:56.7333774+09:00,2026-08-04T16:40:57.2333774+09:00,194.201775,194.701775,30,30,-0.082617,-0.030008,0.000374,0.002223,0.000616,0.050964,0
20260804_163742_531,1,Unspecified,324,2026-08-04T16:40:57.2333774+09:00,2026-08-04T16:40:57.7333774+09:00,194.701775,195.201775,30,30,-0.097479,-0.061983,0.000034,0.000014,0.000019,0.006923,0
20260804_163742_531,1,Unspecified,325,2026-08-04T16:40:57.7333774+09:00,2026-08-04T16:40:58.2333774+09:00,195.201775,195.701775,30,30,-0.081713,-0.056775,0.000034,0.000007,0.000010,0.006364,0
20260804_163742_531,1,Unspecified,326,2026-08-04T16:40:58.2333774+09:00,2026-08-04T16:40:58.7333774+09:00,195.701775,196.201775,30,30,-0.089079,-0.056137,0.000066,0.000009,0.000021,0.008685,0
20260804_163742_531,1,Unspecified,327,2026-08-04T16:40:58.7333774+09:00,2026-08-04T16:40:59.2333774+09:00,196.201775,196.701775,30,30,-0.081768,-0.041384,0.000479,0.001798,0.000247,0.047718,0
20260804_163742_531,1,Unspecified,328,2026-08-04T16:40:59.2333774+09:00,2026-08-04T16:40:59.7333774+09:00,196.701775,197.201775,30,30,-0.073299,-0.048917,0.000014,0.000003,0.000001,0.004112,0
20260804_163742_531,1,Unspecified,329,2026-08-04T16:40:59.7333774+09:00,2026-08-04T16:41:00.2333774+09:00,197.201775,197.701775,30,30,-0.092067,-0.053806,0.000001,0.000002,0.000000,0.001568,0
20260804_163742_531,1,Unspecified,330,2026-08-04T16:41:00.2333774+09:00,2026-08-04T16:41:00.7333774+09:00,197.701775,198.201775,30,30,-0.093055,-0.055927,0.000014,0.000002,0.000001,0.003967,0
20260804_163742_531,1,Unspecified,331,2026-08-04T16:41:00.7333774+09:00,2026-08-04T16:41:01.2333774+09:00,198.201775,198.701775,30,30,-0.075665,-0.018775,0.000604,0.002138,0.001019,0.052370,0
20260804_163742_531,1,Unspecified,332,2026-08-04T16:41:01.2333774+09:00,2026-08-04T16:41:01.7333774+09:00,198.701775,199.201775,30,30,-0.096609,-0.051852,0.000003,0.000005,0.000000,0.002694,0
20260804_163742_531,1,Unspecified,333,2026-08-04T16:41:01.7333774+09:00,2026-08-04T16:41:02.2333774+09:00,199.201775,199.701775,30,30,-0.097129,-0.051163,0.000009,0.000002,-0.000002,0.003411,0
20260804_163742_531,1,Unspecified,334,2026-08-04T16:41:02.2333774+09:00,2026-08-04T16:41:02.7333774+09:00,199.701775,200.201775,30,30,-0.096639,-0.051862,0.000020,0.000002,-0.000001,0.004685,0
20260804_163742_531,1,Unspecified,335,2026-08-04T16:41:02.7333774+09:00,2026-08-04T16:41:03.2333774+09:00,200.201775,200.701775,30,30,-0.101228,-0.055079,0.000010,0.000003,0.000004,0.003499,0
20260804_163742_531,1,Unspecified,336,2026-08-04T16:41:03.2333774+09:00,2026-08-04T16:41:03.7333774+09:00,200.701775,201.201775,30,30,-0.097587,-0.055405,0.000011,0.000002,0.000000,0.003621,0
20260804_163742_531,1,Unspecified,337,2026-08-04T16:41:03.7333774+09:00,2026-08-04T16:41:04.2333774+09:00,201.201775,201.701775,30,30,-0.099543,-0.050740,0.000001,0.000004,-0.000001,0.002357,0
20260804_163742_531,1,Unspecified,338,2026-08-04T16:41:04.2333774+09:00,2026-08-04T16:41:04.7333774+09:00,201.701775,202.201775,30,30,-0.101443,-0.051920,0.000002,0.000005,0.000002,0.002710,0
20260804_163742_531,1,Unspecified,339,2026-08-04T16:41:04.7333774+09:00,2026-08-04T16:41:05.2333774+09:00,202.201775,202.701775,30,30,-0.083571,-0.022359,0.000683,0.002088,0.000322,0.052648,0
20260804_163742_531,1,Unspecified,340,2026-08-04T16:41:05.2333774+09:00,2026-08-04T16:41:05.7333774+09:00,202.701775,203.201775,30,30,-0.089050,-0.044569,0.000063,0.000349,0.000115,0.020306,0
20260804_163742_531,1,Unspecified,341,2026-08-04T16:41:05.7333774+09:00,2026-08-04T16:41:06.2333774+09:00,203.201775,203.701775,30,30,-0.088583,-0.052095,0.000014,0.000019,0.000014,0.005736,0
20260804_163742_531,1,Unspecified,342,2026-08-04T16:41:06.2333774+09:00,2026-08-04T16:41:06.7333774+09:00,203.701775,204.201775,30,30,-0.089724,-0.052855,0.000011,0.000003,-0.000002,0.003686,0
20260804_163742_531,1,Unspecified,343,2026-08-04T16:41:06.7333774+09:00,2026-08-04T16:41:07.2333774+09:00,204.201775,204.701775,30,30,-0.081443,-0.020700,0.000284,0.002439,0.000362,0.052177,0
20260804_163742_531,1,Unspecified,344,2026-08-04T16:41:07.2333774+09:00,2026-08-04T16:41:07.7333774+09:00,204.701775,205.201775,30,30,-0.084080,-0.041167,0.000157,0.000601,0.000294,0.027534,0
20260804_163742_531,1,Unspecified,345,2026-08-04T16:41:07.7333774+09:00,2026-08-04T16:41:08.2333774+09:00,205.201775,205.701775,30,30,-0.088256,-0.048516,0.000001,0.000002,-0.000001,0.001773,0
20260804_163742_531,1,Unspecified,346,2026-08-04T16:41:08.2333774+09:00,2026-08-04T16:41:08.7333774+09:00,205.701775,206.201775,30,30,-0.085893,-0.045823,0.000002,0.000002,0.000000,0.001970,0
20260804_163742_531,1,Unspecified,347,2026-08-04T16:41:08.7333774+09:00,2026-08-04T16:41:09.2333774+09:00,206.201775,206.701775,30,30,-0.070010,-0.000173,0.000416,0.002857,0.000486,0.057206,0
20260804_163742_531,1,Unspecified,348,2026-08-04T16:41:09.2333774+09:00,2026-08-04T16:41:09.7333774+09:00,206.701775,207.201775,30,30,-0.069670,-0.018464,0.000319,0.002671,0.000861,0.054678,0
20260804_163742_531,1,Unspecified,349,2026-08-04T16:41:09.7333774+09:00,2026-08-04T16:41:10.2333774+09:00,207.201775,207.701775,30,30,-0.080169,-0.041983,0.000002,0.000001,0.000001,0.001843,0
20260804_163742_531,1,Unspecified,350,2026-08-04T16:41:10.2333774+09:00,2026-08-04T16:41:10.7333774+09:00,207.701775,208.201775,30,30,-0.080956,-0.043192,0.000002,0.000002,0.000000,0.001826,0
20260804_163742_531,1,Unspecified,351,2026-08-04T16:41:10.7333774+09:00,2026-08-04T16:41:11.2333774+09:00,208.201775,208.701775,30,30,-0.057845,0.003071,0.000334,0.001555,0.000330,0.043457,0
20260804_163742_531,1,Unspecified,352,2026-08-04T16:41:11.2333774+09:00,2026-08-04T16:41:11.7333774+09:00,208.701775,209.201775,30,30,-0.074986,-0.019908,0.000480,0.001082,0.000604,0.039512,0
20260804_163742_531,1,Unspecified,353,2026-08-04T16:41:11.7333774+09:00,2026-08-04T16:41:12.2333774+09:00,209.201775,209.701775,30,30,-0.086200,-0.039339,0.000002,0.000009,0.000001,0.003301,0
20260804_163742_531,1,Unspecified,354,2026-08-04T16:41:12.2333774+09:00,2026-08-04T16:41:12.7333774+09:00,209.701775,210.201775,30,30,-0.086113,-0.046318,0.000009,0.000003,0.000004,0.003462,0
20260804_163742_531,1,Unspecified,355,2026-08-04T16:41:12.7333774+09:00,2026-08-04T16:41:13.2333774+09:00,210.201775,210.701775,30,30,-0.077315,-0.043712,0.000036,0.000003,-0.000006,0.006193,0
20260804_163742_531,1,Unspecified,356,2026-08-04T16:41:13.2333774+09:00,2026-08-04T16:41:13.7333774+09:00,210.701775,211.201775,30,30,-0.116758,0.046086,0.001037,0.001337,-0.000438,0.048723,0
20260804_163742_531,1,Unspecified,357,2026-08-04T16:41:13.7333774+09:00,2026-08-04T16:41:14.2333774+09:00,211.201775,211.701775,30,30,-0.072621,-0.005451,0.000550,0.004277,0.000953,0.069475,0
20260804_163742_531,1,Unspecified,358,2026-08-04T16:41:14.2333774+09:00,2026-08-04T16:41:14.7333774+09:00,211.701775,212.201775,30,30,-0.081237,-0.042585,0.000001,0.000004,-0.000001,0.002245,0
20260804_163742_531,1,Unspecified,359,2026-08-04T16:41:14.7333774+09:00,2026-08-04T16:41:15.2333774+09:00,212.201775,212.701775,30,30,-0.071613,-0.031354,0.000235,0.000772,0.000376,0.031731,0
20260804_163742_531,1,Unspecified,360,2026-08-04T16:41:15.2333774+09:00,2026-08-04T16:41:15.7333774+09:00,212.701775,213.201775,30,30,-0.047328,-0.015016,0.000201,0.001231,0.000368,0.037844,0
20260804_163742_531,1,Unspecified,361,2026-08-04T16:41:15.7333774+09:00,2026-08-04T16:41:16.2333774+09:00,213.201775,213.701775,30,30,-0.083307,-0.037868,0.000026,0.000007,0.000006,0.005704,0
20260804_163742_531,1,Unspecified,362,2026-08-04T16:41:16.2333774+09:00,2026-08-04T16:41:16.7333774+09:00,213.701775,214.201775,30,30,-0.084570,-0.045124,0.000001,0.000000,0.000000,0.001185,0
20260804_163742_531,1,Unspecified,363,2026-08-04T16:41:16.7333774+09:00,2026-08-04T16:41:17.2333774+09:00,214.201775,214.701775,30,30,-0.065194,-0.011770,0.000414,0.001750,0.000756,0.046513,0
20260804_163742_531,1,Unspecified,364,2026-08-04T16:41:17.2333774+09:00,2026-08-04T16:41:17.7333774+09:00,214.701775,215.201775,30,30,-0.048835,-0.034800,0.000386,0.000011,-0.000036,0.019917,0
20260804_163742_531,1,Unspecified,365,2026-08-04T16:41:17.7333774+09:00,2026-08-04T16:41:18.2333774+09:00,215.201775,215.701775,30,30,-0.080195,-0.041140,0.000059,0.000001,-0.000002,0.007734,0
20260804_163742_531,1,Unspecified,366,2026-08-04T16:41:18.2333774+09:00,2026-08-04T16:41:18.7333774+09:00,215.701775,216.201775,30,30,-0.085476,-0.044439,0.000015,0.000005,-0.000001,0.004469,0
20260804_163742_531,1,Unspecified,367,2026-08-04T16:41:18.7333774+09:00,2026-08-04T16:41:19.2333774+09:00,216.201775,216.701775,30,30,-0.079635,-0.038717,0.000336,0.000627,0.000429,0.031039,0
20260804_163742_531,1,Unspecified,368,2026-08-04T16:41:19.2333774+09:00,2026-08-04T16:41:19.7333774+09:00,216.701775,217.201775,30,30,-0.052691,-0.022734,0.000284,0.000999,0.000362,0.035815,0
20260804_163742_531,1,Unspecified,369,2026-08-04T16:41:19.7333774+09:00,2026-08-04T16:41:20.2333774+09:00,217.201775,217.701775,30,30,-0.051078,-0.039836,0.000157,0.000004,0.000003,0.012698,0
20260804_163742_531,1,Unspecified,370,2026-08-04T16:41:20.2333774+09:00,2026-08-04T16:41:20.7333774+09:00,217.701775,218.201775,30,30,-0.081254,-0.044152,0.000114,0.000005,0.000018,0.010945,0
20260804_163742_531,1,Unspecified,371,2026-08-04T16:41:20.7333774+09:00,2026-08-04T16:41:21.2333774+09:00,218.201775,218.701775,30,30,-0.077659,-0.018539,0.000587,0.001708,0.000635,0.047902,0
20260804_163742_531,1,Unspecified,372,2026-08-04T16:41:21.2333774+09:00,2026-08-04T16:41:21.7333774+09:00,218.701775,219.201775,30,30,-0.062683,0.006379,0.000709,0.003108,0.001157,0.061780,0
20260804_163742_531,1,Unspecified,373,2026-08-04T16:41:21.7333774+09:00,2026-08-04T16:41:22.2333774+09:00,219.201775,219.701775,30,30,-0.077221,-0.040785,0.000000,0.000003,0.000000,0.001991,0
20260804_163742_531,1,Unspecified,374,2026-08-04T16:41:22.2333774+09:00,2026-08-04T16:41:22.7333774+09:00,219.701775,220.201775,30,30,-0.082154,-0.042242,0.000034,0.000003,0.000001,0.006036,0
20260804_163742_531,1,Unspecified,375,2026-08-04T16:41:22.7333774+09:00,2026-08-04T16:41:23.2333774+09:00,220.201775,220.701775,30,30,-0.071355,-0.015574,0.000333,0.001479,0.000628,0.042574,0
20260804_163742_531,1,Unspecified,376,2026-08-04T16:41:23.2333774+09:00,2026-08-04T16:41:23.7333774+09:00,220.701775,221.201775,30,30,-0.078401,-0.037146,0.000016,0.000003,0.000004,0.004346,0
20260804_163742_531,1,Unspecified,377,2026-08-04T16:41:23.7333774+09:00,2026-08-04T16:41:24.2333774+09:00,221.201775,221.701775,30,30,-0.086901,-0.037545,0.000003,0.000003,-0.000002,0.002634,0
20260804_163742_531,1,Unspecified,378,2026-08-04T16:41:24.2333774+09:00,2026-08-04T16:41:24.7333774+09:00,221.701775,222.201775,30,30,-0.084923,-0.038559,0.000007,0.000005,-0.000001,0.003351,0
20260804_163742_531,1,Unspecified,379,2026-08-04T16:41:24.7333774+09:00,2026-08-04T16:41:25.2333774+09:00,222.201775,222.701775,30,30,-0.065220,0.024952,0.000592,0.002098,0.000635,0.051864,0
20260804_163742_531,1,Unspecified,380,2026-08-04T16:41:25.2333774+09:00,2026-08-04T16:41:25.7333774+09:00,222.701775,223.201775,30,30,-0.047331,0.038513,0.001299,0.004074,0.002027,0.073303,0
20260804_163742_531,1,Unspecified,381,2026-08-04T16:41:25.7333774+09:00,2026-08-04T16:41:26.2333774+09:00,223.201775,223.701775,30,30,-0.086710,-0.042637,0.000008,0.000006,0.000006,0.003823,0
20260804_163742_531,1,Unspecified,382,2026-08-04T16:41:26.2333774+09:00,2026-08-04T16:41:26.7333774+09:00,223.701775,224.201775,30,30,-0.082772,-0.039511,0.000024,0.000270,0.000065,0.017144,0
20260804_163742_531,1,Unspecified,383,2026-08-04T16:41:26.7333774+09:00,2026-08-04T16:41:27.2333774+09:00,224.201775,224.701775,30,30,-0.081272,-0.011778,0.000078,0.000903,0.000224,0.031325,0
20260804_163742_531,1,Unspecified,384,2026-08-04T16:41:27.2333774+09:00,2026-08-04T16:41:27.7333774+09:00,224.701775,225.201775,30,30,-0.065637,-0.015924,0.000368,0.000683,0.000222,0.032408,0
20260804_163742_531,1,Unspecified,385,2026-08-04T16:41:27.7333774+09:00,2026-08-04T16:41:28.2333774+09:00,225.201775,225.701775,30,30,-0.080384,-0.032743,0.000023,0.000014,0.000013,0.006150,0
20260804_163742_531,1,Unspecified,386,2026-08-04T16:41:28.2333774+09:00,2026-08-04T16:41:28.7333774+09:00,225.701775,226.201775,30,30,-0.089277,-0.040613,0.000008,0.000003,-0.000002,0.003367,0
20260804_163742_531,1,Unspecified,387,2026-08-04T16:41:28.7333774+09:00,2026-08-04T16:41:29.2333774+09:00,226.201775,226.701775,30,30,-0.086099,-0.037980,0.000330,0.000073,0.000032,0.020074,0
20260804_163742_531,1,Unspecified,388,2026-08-04T16:41:29.2333774+09:00,2026-08-04T16:41:29.7333774+09:00,226.701775,227.201775,30,30,-0.037973,-0.019173,0.000501,0.001193,0.000607,0.041160,0
20260804_163742_531,1,Unspecified,389,2026-08-04T16:41:29.7333774+09:00,2026-08-04T16:41:30.2333774+09:00,227.201775,227.701775,30,30,-0.089629,-0.031449,0.000048,0.000005,-0.000011,0.007295,0
20260804_163742_531,1,Unspecified,390,2026-08-04T16:41:30.2333774+09:00,2026-08-04T16:41:30.7333774+09:00,227.701775,228.201775,30,30,-0.076386,-0.028899,0.000071,0.000671,0.000203,0.027246,0
20260804_163742_531,1,Unspecified,391,2026-08-04T16:41:30.7333774+09:00,2026-08-04T16:41:31.2333774+09:00,228.201775,228.701775,30,30,-0.074418,-0.009651,0.000233,0.001023,0.000409,0.035450,0
20260804_163742_531,1,Unspecified,392,2026-08-04T16:41:31.2333774+09:00,2026-08-04T16:41:31.7333774+09:00,228.701775,229.201775,30,30,-0.069619,-0.007395,0.000226,0.000036,0.000076,0.016210,0
20260804_163742_531,1,Unspecified,393,2026-08-04T16:41:31.7333774+09:00,2026-08-04T16:41:32.2333774+09:00,229.201775,229.701775,30,30,-0.048046,-0.007565,0.000010,0.000018,0.000011,0.005246,0
20260804_163742_531,1,Unspecified,394,2026-08-04T16:41:32.2333774+09:00,2026-08-04T16:41:32.7333774+09:00,229.701775,230.201775,30,30,-0.053801,-0.011871,0.000003,0.000006,-0.000003,0.002923,0
20260804_163742_531,1,Unspecified,395,2026-08-04T16:41:32.7333774+09:00,2026-08-04T16:41:33.2333774+09:00,230.201775,230.701775,30,30,-0.053564,-0.006525,0.000143,0.000559,0.000217,0.026488,0
20260804_163742_531,1,Unspecified,396,2026-08-04T16:41:33.2333774+09:00,2026-08-04T16:41:33.7333774+09:00,230.701775,231.201775,30,30,-0.061600,-0.020162,0.000009,0.000006,0.000001,0.003898,0
20260804_163742_531,1,Unspecified,397,2026-08-04T16:41:33.7333774+09:00,2026-08-04T16:41:34.2333774+09:00,231.201775,231.701775,30,30,-0.066980,-0.024079,0.000002,0.000005,0.000000,0.002723,0
20260804_163742_531,1,Unspecified,398,2026-08-04T16:41:34.2333774+09:00,2026-08-04T16:41:34.7333774+09:00,231.701775,232.201775,30,30,-0.065255,-0.015882,0.000002,0.000006,0.000001,0.002687,0
20260804_163742_531,1,Unspecified,399,2026-08-04T16:41:34.7333774+09:00,2026-08-04T16:41:35.2333774+09:00,232.201775,232.701775,30,30,-0.049088,0.008802,0.000276,0.001305,0.000440,0.039767,0
20260804_163742_531,1,Unspecified,400,2026-08-04T16:41:35.2333774+09:00,2026-08-04T16:41:35.7333774+09:00,232.701775,233.201775,30,30,-0.049025,-0.012369,0.000181,0.000078,0.000114,0.016106,0
20260804_163742_531,1,Unspecified,401,2026-08-04T16:41:35.7333774+09:00,2026-08-04T16:41:36.2333774+09:00,233.201775,233.701775,30,30,-0.064492,-0.018409,0.000002,0.000002,0.000001,0.001869,0
20260804_163742_531,1,Unspecified,402,2026-08-04T16:41:36.2333774+09:00,2026-08-04T16:41:36.7333774+09:00,233.701775,234.201775,30,30,-0.063522,-0.016214,0.000002,0.000002,0.000000,0.001822,0
20260804_163742_531,1,Unspecified,403,2026-08-04T16:41:36.7333774+09:00,2026-08-04T16:41:37.2333774+09:00,234.201775,234.701775,30,30,-0.049127,0.008477,0.000228,0.001123,0.000364,0.036747,0
20260804_163742_531,1,Unspecified,404,2026-08-04T16:41:37.2333774+09:00,2026-08-04T16:41:37.7333774+09:00,234.701775,235.201775,30,30,-0.057488,-0.017675,0.000058,0.000044,0.000048,0.010105,0
20260804_163742_531,1,Unspecified,405,2026-08-04T16:41:37.7333774+09:00,2026-08-04T16:41:38.2333774+09:00,235.201775,235.701775,30,30,-0.078986,-0.028016,0.000089,0.000004,-0.000007,0.009633,0
20260804_163742_531,1,Unspecified,406,2026-08-04T16:41:38.2333774+09:00,2026-08-04T16:41:38.7333774+09:00,235.701775,236.201775,30,30,-0.068965,-0.017796,0.000432,0.000703,0.000442,0.033695,0
20260804_163742_531,1,Unspecified,407,2026-08-04T16:41:38.7333774+09:00,2026-08-04T16:41:39.2333774+09:00,236.201775,236.701775,30,30,-0.067630,-0.010524,0.000116,0.001566,0.000238,0.041014,0
20260804_163742_531,1,Unspecified,408,2026-08-04T16:41:39.2333774+09:00,2026-08-04T16:41:39.7333774+09:00,236.701775,237.201775,30,30,-0.084792,-0.035729,0.000006,0.000003,0.000003,0.003005,0
20260804_163742_531,1,Unspecified,409,2026-08-04T16:41:39.7333774+09:00,2026-08-04T16:41:40.2333774+09:00,237.201775,237.701775,30,30,-0.089321,-0.040561,0.000002,0.000005,0.000001,0.002647,0
20260804_163742_531,1,Unspecified,410,2026-08-04T16:41:40.2333774+09:00,2026-08-04T16:41:40.7333774+09:00,237.701775,238.201775,30,30,-0.083471,-0.046758,0.000036,0.000010,-0.000015,0.006730,0
20260804_163742_531,1,Unspecified,411,2026-08-04T16:41:40.7333774+09:00,2026-08-04T16:41:41.2333774+09:00,238.201775,238.701775,30,30,-0.049471,0.018702,0.000709,0.003586,0.001208,0.065534,0
20260804_163742_531,1,Unspecified,412,2026-08-04T16:41:41.2333774+09:00,2026-08-04T16:41:41.7333774+09:00,238.701775,239.201775,30,30,-0.060085,-0.039148,0.000382,0.000735,0.000415,0.033417,0
20260804_163742_531,1,Unspecified,413,2026-08-04T16:41:41.7333774+09:00,2026-08-04T16:41:42.2333774+09:00,239.201775,239.701775,30,30,-0.074895,-0.046712,0.000018,0.000007,-0.000004,0.004917,0
20260804_163742_531,1,Unspecified,414,2026-08-04T16:41:42.2333774+09:00,2026-08-04T16:41:42.7333774+09:00,239.701775,240.201775,30,30,-0.076595,-0.049121,0.000004,0.000008,0.000000,0.003476,0
20260804_163742_531,1,Unspecified,415,2026-08-04T16:41:42.7333774+09:00,2026-08-04T16:41:43.2333774+09:00,240.201775,240.701775,30,30,-0.075215,-0.041510,0.000042,0.000120,0.000065,0.012731,0
20260804_163742_531,1,Unspecified,416,2026-08-04T16:41:43.2333774+09:00,2026-08-04T16:41:43.7333774+09:00,240.701775,241.201775,30,30,-0.073718,-0.029612,0.000020,0.000019,0.000016,0.006198,0
20260804_163742_531,1,Unspecified,417,2026-08-04T16:41:43.7333774+09:00,2026-08-04T16:41:44.2333774+09:00,241.201775,241.701775,30,30,-0.070642,-0.017020,0.000156,0.000832,0.000319,0.031434,0
20260804_163742_531,1,Unspecified,418,2026-08-04T16:41:44.2333774+09:00,2026-08-04T16:41:44.7333774+09:00,241.701775,242.201775,30,30,-0.077207,-0.034804,0.000002,0.000007,-0.000001,0.002990,0
20260804_163742_531,1,Unspecified,419,2026-08-04T16:41:44.7333774+09:00,2026-08-04T16:41:45.2333774+09:00,242.201775,242.701775,30,30,-0.067499,-0.031812,0.000291,0.000376,0.000272,0.025834,0
20260804_163742_531,1,Unspecified,420,2026-08-04T16:41:45.2333774+09:00,2026-08-04T16:41:45.7333774+09:00,242.701775,243.201775,30,30,-0.066484,-0.009563,0.000298,0.000588,0.000404,0.029761,0
20260804_163742_531,1,Unspecified,421,2026-08-04T16:41:45.7333774+09:00,2026-08-04T16:41:46.2333774+09:00,243.201775,243.701775,30,30,-0.073260,-0.029046,0.000022,0.000003,0.000007,0.004978,0
20260804_163742_531,1,Unspecified,422,2026-08-04T16:41:46.2333774+09:00,2026-08-04T16:41:46.7333774+09:00,243.701775,244.201775,30,30,-0.069782,-0.027870,0.000076,0.000171,0.000100,0.015727,0
20260804_163742_531,1,Unspecified,423,2026-08-04T16:41:46.7333774+09:00,2026-08-04T16:41:47.2333774+09:00,244.201775,244.701775,30,30,-0.059205,-0.013327,0.000249,0.001073,0.000476,0.036357,0
20260804_163742_531,1,Unspecified,424,2026-08-04T16:41:47.2333774+09:00,2026-08-04T16:41:47.7333774+09:00,244.701775,245.201775,30,30,-0.068397,-0.029398,0.000009,0.000001,-0.000001,0.003124,0
20260804_163742_531,1,Unspecified,425,2026-08-04T16:41:47.7333774+09:00,2026-08-04T16:41:48.2333774+09:00,245.201775,245.701775,30,30,-0.068723,-0.030320,0.000006,0.000003,0.000000,0.002908,0
20260804_163742_531,1,Unspecified,426,2026-08-04T16:41:48.2333774+09:00,2026-08-04T16:41:48.7333774+09:00,245.701775,246.201775,30,30,-0.060826,-0.023575,0.000072,0.000644,0.000199,0.026759,0
20260804_163742_531,1,Unspecified,427,2026-08-04T16:41:48.7333774+09:00,2026-08-04T16:41:49.2333774+09:00,246.201775,246.701775,30,30,-0.062385,-0.002462,0.000172,0.001443,0.000302,0.040192,0
20260804_163742_531,1,Unspecified,428,2026-08-04T16:41:49.2333774+09:00,2026-08-04T16:41:49.7333774+09:00,246.701775,247.201775,30,30,-0.057829,-0.008342,0.000343,0.001134,0.000554,0.038431,0
20260804_163742_531,1,Unspecified,429,2026-08-04T16:41:49.7333774+09:00,2026-08-04T16:41:50.2333774+09:00,247.201775,247.701775,30,30,-0.068831,-0.024296,0.000010,0.000007,-0.000002,0.004228,0
20260804_163742_531,1,Unspecified,430,2026-08-04T16:41:50.2333774+09:00,2026-08-04T16:41:50.7333774+09:00,247.701775,248.201775,30,30,-0.069416,-0.035451,0.000009,0.000017,0.000003,0.005037,0
20260804_163742_531,1,Unspecified,431,2026-08-04T16:41:50.7333774+09:00,2026-08-04T16:41:51.2333774+09:00,248.201775,248.701775,30,30,-0.067496,-0.037337,0.000006,0.000002,0.000000,0.002708,0
20260804_163742_531,1,Unspecified,432,2026-08-04T16:41:51.2333774+09:00,2026-08-04T16:41:51.7333774+09:00,248.701775,249.201775,30,30,-0.068412,-0.035812,0.000007,0.000001,0.000000,0.002695,0
20260804_163742_531,1,Unspecified,433,2026-08-04T16:41:51.7333774+09:00,2026-08-04T16:41:52.2333774+09:00,249.201775,249.701775,30,30,-0.062167,-0.034867,0.000003,0.000001,0.000000,0.002081,0
20260804_163742_531,1,Unspecified,434,2026-08-04T16:41:52.2333774+09:00,2026-08-04T16:41:52.7333774+09:00,249.701775,250.201775,30,30,-0.057952,-0.022276,0.000077,0.001023,0.000210,0.033163,0
20260804_163742_531,1,Unspecified,435,2026-08-04T16:41:52.7333774+09:00,2026-08-04T16:41:53.2333774+09:00,250.201775,250.701775,30,30,-0.063489,-0.036825,0.000021,0.000003,0.000004,0.004934,0
20260804_163742_531,1,Unspecified,436,2026-08-04T16:41:53.2333774+09:00,2026-08-04T16:41:53.7333774+09:00,250.701775,251.201775,30,30,-0.052296,0.017201,0.000377,0.002093,0.000274,0.049696,0
20260804_163742_531,1,Unspecified,437,2026-08-04T16:41:53.7333774+09:00,2026-08-04T16:41:54.2333774+09:00,251.201775,251.701775,30,30,-0.054450,-0.024696,0.000011,0.000004,-0.000002,0.003892,0
20260804_163742_531,1,Unspecified,438,2026-08-04T16:41:54.2333774+09:00,2026-08-04T16:41:54.7333774+09:00,251.701775,252.201775,30,30,-0.058346,-0.029016,0.000011,0.000008,0.000009,0.004402,0
20260804_163742_531,1,Unspecified,439,2026-08-04T16:41:54.7333774+09:00,2026-08-04T16:41:55.2333774+09:00,252.201775,252.701775,30,30,-0.062169,-0.031689,0.000001,0.000001,0.000000,0.001307,0
20260804_163742_531,1,Unspecified,440,2026-08-04T16:41:55.2333774+09:00,2026-08-04T16:41:55.7333774+09:00,252.701775,253.201775,30,30,-0.056336,-0.020259,0.000297,0.000860,0.000366,0.034012,0
20260804_163742_531,1,Unspecified,441,2026-08-04T16:41:55.7333774+09:00,2026-08-04T16:41:56.2333774+09:00,253.201775,253.701775,30,30,-0.064906,-0.032579,0.000010,0.000008,0.000005,0.004243,0
20260804_163742_531,1,Unspecified,442,2026-08-04T16:41:56.2333774+09:00,2026-08-04T16:41:56.7333774+09:00,253.701775,254.201775,30,30,-0.060420,-0.033852,0.000003,0.000003,0.000002,0.002438,0
20260804_163742_531,1,Unspecified,443,2026-08-04T16:41:56.7333774+09:00,2026-08-04T16:41:57.2333774+09:00,254.201775,254.701775,30,30,-0.061187,-0.027327,0.000075,0.000626,0.000182,0.026488,0
20260804_163742_531,1,Unspecified,444,2026-08-04T16:41:57.2333774+09:00,2026-08-04T16:41:57.7333774+09:00,254.701775,255.201775,30,30,-0.066089,-0.025817,0.000053,0.000607,0.000130,0.025676,0
20260804_163742_531,1,Unspecified,445,2026-08-04T16:41:57.7333774+09:00,2026-08-04T16:41:58.2333774+09:00,255.201775,255.701775,30,30,-0.065432,-0.030595,0.000002,0.000006,0.000001,0.002815,0
20260804_163742_531,1,Unspecified,446,2026-08-04T16:41:58.2333774+09:00,2026-08-04T16:41:58.7333774+09:00,255.701775,256.201775,30,30,-0.062281,-0.032324,0.000007,0.000002,-0.000003,0.002991,0
20260804_163742_531,1,Unspecified,447,2026-08-04T16:41:58.7333774+09:00,2026-08-04T16:41:59.2333774+09:00,256.201775,256.701775,30,30,-0.052871,-0.010872,0.000321,0.001125,0.000537,0.038027,0
20260804_163742_531,1,Unspecified,448,2026-08-04T16:41:59.2333774+09:00,2026-08-04T16:41:59.7333774+09:00,256.701775,257.201775,30,30,-0.060822,-0.032180,0.000002,0.000003,0.000000,0.002279,0
20260804_163742_531,1,Unspecified,449,2026-08-04T16:41:59.7333774+09:00,2026-08-04T16:42:00.2333774+09:00,257.201775,257.701775,30,30,-0.062706,-0.032139,0.000002,0.000002,0.000000,0.001821,0
20260804_163742_531,1,Unspecified,450,2026-08-04T16:42:00.2333774+09:00,2026-08-04T16:42:00.7333774+09:00,257.701775,258.201775,30,30,-0.051167,-0.010783,0.000254,0.001707,0.000597,0.044278,0
20260804_163742_531,1,Unspecified,451,2026-08-04T16:42:00.7333774+09:00,2026-08-04T16:42:01.2333774+09:00,258.201775,258.701775,30,30,-0.047639,-0.005972,0.000251,0.000913,0.000237,0.034117,0
20260804_163742_531,1,Unspecified,452,2026-08-04T16:42:01.2333774+09:00,2026-08-04T16:42:01.7333774+09:00,258.701775,259.201775,30,30,-0.062161,-0.028314,0.000009,0.000022,-0.000012,0.005557,0
20260804_163742_531,1,Unspecified,453,2026-08-04T16:42:01.7333774+09:00,2026-08-04T16:42:02.2333774+09:00,259.201775,259.701775,30,30,-0.062455,-0.027140,0.000005,0.000018,-0.000007,0.004749,0
20260804_163742_531,1,Unspecified,454,2026-08-04T16:42:02.2333774+09:00,2026-08-04T16:42:02.7333774+09:00,259.701775,260.201775,30,30,-0.062982,-0.027829,0.000002,0.000004,-0.000002,0.002359,0
20260804_163742_531,1,Unspecified,455,2026-08-04T16:42:02.7333774+09:00,2026-08-04T16:42:03.2333774+09:00,260.201775,260.701775,30,30,-0.055098,-0.020714,0.000147,0.000515,0.000203,0.025728,0
20260804_163742_531,1,Unspecified,456,2026-08-04T16:42:03.2333774+09:00,2026-08-04T16:42:03.7333774+09:00,260.701775,261.201775,30,30,-0.063728,-0.025268,0.000005,0.000056,-0.000013,0.007786,0
20260804_163742_531,1,Unspecified,457,2026-08-04T16:42:03.7333774+09:00,2026-08-04T16:42:04.2333774+09:00,261.201775,261.701775,30,30,-0.062279,-0.032674,0.000009,0.000024,-0.000013,0.005745,0
20260804_163742_531,1,Unspecified,458,2026-08-04T16:42:04.2333774+09:00,2026-08-04T16:42:04.7333774+09:00,261.701775,262.201775,30,30,-0.063535,-0.028116,0.000003,0.000005,-0.000003,0.002772,0
20260804_163742_531,1,Unspecified,459,2026-08-04T16:42:04.7333774+09:00,2026-08-04T16:42:05.2333774+09:00,262.201775,262.701775,30,30,-0.057780,-0.014873,0.000056,0.000835,0.000141,0.029842,0
20260804_163742_531,1,Unspecified,460,2026-08-04T16:42:05.2333774+09:00,2026-08-04T16:42:05.7333774+09:00,262.701775,263.201775,30,30,-0.051603,-0.010622,0.000160,0.000834,0.000168,0.031527,0
20260804_163742_531,1,Unspecified,461,2026-08-04T16:42:05.7333774+09:00,2026-08-04T16:42:06.2333774+09:00,263.201775,263.701775,30,30,-0.059197,-0.022862,0.000009,0.000001,0.000001,0.003041,0
20260804_163742_531,1,Unspecified,462,2026-08-04T16:42:06.2333774+09:00,2026-08-04T16:42:06.7333774+09:00,263.701775,264.201775,30,30,-0.062829,0.014651,0.000157,0.002793,-0.000025,0.054313,0
20260804_163742_531,1,Unspecified,463,2026-08-04T16:42:06.7333774+09:00,2026-08-04T16:42:07.2333774+09:00,264.201775,264.701775,30,30,-0.037969,0.078167,0.000921,0.000889,-0.000228,0.042537,0
20260804_163742_531,1,Unspecified,464,2026-08-04T16:42:07.2333774+09:00,2026-08-04T16:42:07.7333774+09:00,264.701775,265.201775,30,30,-0.048740,-0.021881,0.000025,0.000007,0.000007,0.005621,0
20260804_163742_531,1,Unspecified,465,2026-08-04T16:42:07.7333774+09:00,2026-08-04T16:42:08.2333774+09:00,265.201775,265.701775,30,30,-0.059486,-0.026989,0.000003,0.000004,0.000000,0.002518,0
20260804_163742_531,1,Unspecified,466,2026-08-04T16:42:08.2333774+09:00,2026-08-04T16:42:08.7333774+09:00,265.701775,266.201775,30,30,-0.060404,-0.024845,0.000010,0.000002,0.000000,0.003474,0
20260804_163742_531,1,Unspecified,467,2026-08-04T16:42:08.7333774+09:00,2026-08-04T16:42:09.2333774+09:00,266.201775,266.701775,30,30,-0.057095,-0.023868,0.000002,0.000002,0.000000,0.002126,0
20260804_163742_531,1,Unspecified,468,2026-08-04T16:42:09.2333774+09:00,2026-08-04T16:42:09.7333774+09:00,266.701775,267.201775,30,30,-0.055799,-0.024246,0.000002,0.000002,0.000000,0.001827,0
20260804_163742_531,1,Unspecified,469,2026-08-04T16:42:09.7333774+09:00,2026-08-04T16:42:10.2333774+09:00,267.201775,267.701775,30,30,-0.055817,-0.022529,0.000002,0.000004,-0.000001,0.002495,0
20260804_163742_531,1,Unspecified,470,2026-08-04T16:42:10.2333774+09:00,2026-08-04T16:42:10.7333774+09:00,267.701775,268.201775,30,30,-0.055628,-0.021905,0.000034,0.000116,-0.000043,0.012251,0
20260804_163742_531,1,Unspecified,471,2026-08-04T16:42:10.7333774+09:00,2026-08-04T16:42:11.2333774+09:00,268.201775,268.701775,30,30,-0.052707,-0.013769,0.000113,0.001066,0.000314,0.034341,0
20260804_163742_531,1,Unspecified,472,2026-08-04T16:42:11.2333774+09:00,2026-08-04T16:42:11.7333774+09:00,268.701775,269.201775,30,30,-0.057446,-0.028899,0.000001,0.000003,-0.000001,0.002053,0
20260804_163742_531,1,Unspecified,473,2026-08-04T16:42:11.7333774+09:00,2026-08-04T16:42:12.2333774+09:00,269.201775,269.701775,30,30,-0.055924,-0.028208,0.000003,0.000005,0.000000,0.002695,0
20260804_163742_531,1,Unspecified,474,2026-08-04T16:42:12.2333774+09:00,2026-08-04T16:42:12.7333774+09:00,269.701775,270.201775,30,30,-0.056362,-0.026464,0.000001,0.000005,0.000000,0.002510,0
20260804_163742_531,1,Unspecified,475,2026-08-04T16:42:12.7333774+09:00,2026-08-04T16:42:13.2333774+09:00,270.201775,270.701775,30,30,-0.052293,-0.012159,0.000167,0.000786,0.000327,0.030875,0
20260804_163742_531,1,Unspecified,476,2026-08-04T16:42:13.2333774+09:00,2026-08-04T16:42:13.7333774+09:00,270.701775,271.201775,30,30,-0.055835,-0.018524,0.000002,0.000003,0.000000,0.002343,0
20260804_163742_531,1,Unspecified,477,2026-08-04T16:42:13.7333774+09:00,2026-08-04T16:42:14.2333774+09:00,271.201775,271.701775,30,30,-0.056641,-0.021933,0.000002,0.000002,0.000000,0.001954,0
20260804_163742_531,1,Unspecified,478,2026-08-04T16:42:14.2333774+09:00,2026-08-04T16:42:14.7333774+09:00,271.701775,272.201775,30,30,-0.055914,-0.027113,0.000001,0.000002,0.000000,0.001558,0
20260804_163742_531,1,Unspecified,479,2026-08-04T16:42:14.7333774+09:00,2026-08-04T16:42:15.2333774+09:00,272.201775,272.701775,30,30,-0.050750,-0.020154,0.000194,0.000626,0.000293,0.028636,0
20260804_163742_531,1,Unspecified,480,2026-08-04T16:42:15.2333774+09:00,2026-08-04T16:42:15.7333774+09:00,272.701775,273.201775,30,30,-0.057335,-0.019138,0.000026,0.000413,0.000071,0.020940,0
20260804_163742_531,1,Unspecified,481,2026-08-04T16:42:15.7333774+09:00,2026-08-04T16:42:16.2333774+09:00,273.201775,273.701775,30,30,-0.058440,-0.020210,0.000001,0.000002,0.000000,0.001863,0
20260804_163742_531,1,Unspecified,482,2026-08-04T16:42:16.2333774+09:00,2026-08-04T16:42:16.7333774+09:00,273.701775,274.201775,30,30,-0.055185,-0.020296,0.000082,0.000267,0.000065,0.018670,0
20260804_163742_531,1,Unspecified,483,2026-08-04T16:42:16.7333774+09:00,2026-08-04T16:42:17.2333774+09:00,274.201775,274.701775,30,30,-0.049297,0.015427,0.000217,0.001312,0.000349,0.039104,0
20260804_163742_531,1,Unspecified,484,2026-08-04T16:42:17.2333774+09:00,2026-08-04T16:42:17.7333774+09:00,274.701775,275.201775,30,30,-0.050952,-0.009817,0.000214,0.000840,0.000384,0.032457,0
20260804_163742_531,1,Unspecified,485,2026-08-04T16:42:17.7333774+09:00,2026-08-04T16:42:18.2333774+09:00,275.201775,275.701775,30,30,-0.055875,-0.021553,0.000002,0.000002,-0.000001,0.002105,0
20260804_163742_531,1,Unspecified,486,2026-08-04T16:42:18.2333774+09:00,2026-08-04T16:42:18.7333774+09:00,275.701775,276.201775,30,30,-0.057122,-0.020895,0.000002,0.000002,-0.000001,0.002004,0
20260804_163742_531,1,Unspecified,487,2026-08-04T16:42:18.7333774+09:00,2026-08-04T16:42:19.2333774+09:00,276.201775,276.701775,30,30,-0.055463,-0.014240,0.000135,0.000575,0.000231,0.026660,0
20260804_163742_531,1,Unspecified,488,2026-08-04T16:42:19.2333774+09:00,2026-08-04T16:42:19.7333774+09:00,276.701775,277.201775,30,30,-0.057460,-0.016014,0.000027,0.000100,-0.000004,0.011294,0
20260804_163742_531,1,Unspecified,489,2026-08-04T16:42:19.7333774+09:00,2026-08-04T16:42:20.2333774+09:00,277.201775,277.701775,30,30,-0.053216,-0.021346,0.000002,0.000002,0.000000,0.001971,0
20260804_163742_531,1,Unspecified,490,2026-08-04T16:42:20.2333774+09:00,2026-08-04T16:42:20.7333774+09:00,277.701775,278.201775,30,30,-0.054608,-0.022201,0.000002,0.000002,-0.000001,0.001910,0
20260804_163742_531,1,Unspecified,491,2026-08-04T16:42:20.7333774+09:00,2026-08-04T16:42:21.2333774+09:00,278.201775,278.701775,30,30,-0.054202,-0.025209,0.000001,0.000002,0.000000,0.001668,0
20260804_163742_531,1,Unspecified,492,2026-08-04T16:42:21.2333774+09:00,2026-08-04T16:42:21.7333774+09:00,278.701775,279.201775,30,30,-0.053883,-0.024858,0.000001,0.000006,-0.000001,0.002588,0
20260804_163742_531,1,Unspecified,493,2026-08-04T16:42:21.7333774+09:00,2026-08-04T16:42:22.2333774+09:00,279.201775,279.701775,30,30,-0.053509,-0.023061,0.000001,0.000002,0.000000,0.001807,0
20260804_163742_531,1,Unspecified,494,2026-08-04T16:42:22.2333774+09:00,2026-08-04T16:42:22.7333774+09:00,279.701775,280.201775,30,30,-0.051365,-0.022777,0.000001,0.000001,0.000000,0.001314,0
20260804_163742_531,1,Unspecified,495,2026-08-04T16:42:22.7333774+09:00,2026-08-04T16:42:23.2333774+09:00,280.201775,280.701775,30,30,0.147593,-0.014269,0.003690,0.000009,0.000132,0.060816,0
20260804_163742_531,1,Unspecified,496,2026-08-04T16:42:23.2333774+09:00,2026-08-04T16:42:23.7333774+09:00,280.701775,281.201775,30,30,0.035597,0.000033,0.011976,0.001008,-0.000473,0.113949,0
20260804_163742_531,1,Unspecified,497,2026-08-04T16:42:23.7333774+09:00,2026-08-04T16:42:24.2333774+09:00,281.201775,281.701775,30,30,-0.054792,-0.023623,0.000021,0.000018,-0.000015,0.006243,0
20260804_163742_531,1,Unspecified,498,2026-08-04T16:42:24.2333774+09:00,2026-08-04T16:42:24.7333774+09:00,281.701775,282.201775,30,30,-0.004933,-0.023455,0.008640,0.000079,0.000786,0.093375,0
20260804_163742_531,1,Unspecified,499,2026-08-04T16:42:24.7333774+09:00,2026-08-04T16:42:25.2333774+09:00,282.201775,282.701775,30,30,0.191142,0.005754,0.000120,0.000042,0.000054,0.012719,0
20260804_163742_531,1,Unspecified,500,2026-08-04T16:42:25.2333774+09:00,2026-08-04T16:42:25.7333774+09:00,282.701775,283.201775,30,30,0.158342,0.006704,0.000426,0.000007,-0.000033,0.020798,0
20260804_163742_531,1,Unspecified,501,2026-08-04T16:42:25.7333774+09:00,2026-08-04T16:42:26.2333774+09:00,283.201775,283.701775,30,30,0.103014,0.017053,0.000155,0.000016,-0.000037,0.013059,0
20260804_163742_531,1,Unspecified,502,2026-08-04T16:42:26.2333774+09:00,2026-08-04T16:42:26.7333774+09:00,283.701775,284.201775,30,30,-0.012909,-0.007523,0.003348,0.001009,0.001182,0.066009,0
20260804_163742_531,1,Unspecified,503,2026-08-04T16:42:26.7333774+09:00,2026-08-04T16:42:27.2333774+09:00,284.201775,284.701775,30,30,-0.051237,-0.011057,0.000127,0.001044,0.000287,0.034216,0
20260804_163742_531,1,Unspecified,504,2026-08-04T16:42:27.2333774+09:00,2026-08-04T16:42:27.7333774+09:00,284.701775,285.201775,30,30,-0.017682,0.029046,0.000076,0.000176,0.000089,0.015888,0
20260804_163742_531,1,Unspecified,505,2026-08-04T16:42:27.7333774+09:00,2026-08-04T16:42:28.2333774+09:00,285.201775,285.701775,30,30,-0.054886,0.030672,0.000100,0.000886,0.000278,0.031395,0
20260804_163742_531,1,Unspecified,506,2026-08-04T16:42:28.2333774+09:00,2026-08-04T16:42:28.7333774+09:00,285.701775,286.201775,30,30,-0.073834,-0.029216,0.000096,0.000431,0.000189,0.022965,0
20260804_163742_531,1,Unspecified,507,2026-08-04T16:42:28.7333774+09:00,2026-08-04T16:42:29.2333774+09:00,286.201775,286.701775,30,30,-0.110294,-0.144024,0.000025,0.000044,-0.000024,0.008345,0
20260804_163742_531,1,Unspecified,508,2026-08-04T16:42:29.2333774+09:00,2026-08-04T16:42:29.7333774+09:00,286.701775,287.201775,30,30,-0.154291,0.019432,0.002322,0.000770,0.000342,0.055600,0
20260804_163742_531,1,Unspecified,509,2026-08-04T16:42:29.7333774+09:00,2026-08-04T16:42:30.2333774+09:00,287.201775,287.701775,30,30,-0.067647,-0.000838,0.000112,0.000471,0.000047,0.024147,0
20260804_163742_531,1,Unspecified,510,2026-08-04T16:42:30.2333774+09:00,2026-08-04T16:42:30.7333774+09:00,287.701775,288.201775,30,30,-0.056145,-0.003628,0.000184,0.000778,0.000348,0.031010,0
20260804_163742_531,1,Unspecified,511,2026-08-04T16:42:30.7333774+09:00,2026-08-04T16:42:31.2333774+09:00,288.201775,288.701775,30,30,-0.064186,-0.026230,0.000001,0.000005,0.000000,0.002618,0
20260804_163742_531,1,Unspecified,512,2026-08-04T16:42:31.2333774+09:00,2026-08-04T16:42:31.7333774+09:00,288.701775,289.201775,30,30,-0.038000,-0.013791,0.000793,0.000274,0.000464,0.032673,0
20260804_163742_531,1,Unspecified,513,2026-08-04T16:42:31.7333774+09:00,2026-08-04T16:42:32.2333774+09:00,289.201775,289.701775,30,30,-0.059231,-0.020159,0.000010,0.000016,0.000009,0.005095,0
20260804_163742_531,1,Unspecified,514,2026-08-04T16:42:32.2333774+09:00,2026-08-04T16:42:32.7333774+09:00,289.701775,290.201775,30,30,-0.056996,-0.017165,0.000002,0.000009,0.000002,0.003329,0
20260804_163742_531,1,Unspecified,515,2026-08-04T16:42:32.7333774+09:00,2026-08-04T16:42:33.2333774+09:00,290.201775,290.701775,30,30,-0.043410,0.000365,0.000650,0.000884,0.000500,0.039164,0
20260804_163742_531,1,Unspecified,516,2026-08-04T16:42:33.2333774+09:00,2026-08-04T16:42:33.7333774+09:00,290.701775,291.201775,30,30,-0.057958,-0.015515,0.000074,0.000086,0.000072,0.012671,0
20260804_163742_531,1,Unspecified,517,2026-08-04T16:42:33.7333774+09:00,2026-08-04T16:42:34.2333774+09:00,291.201775,291.701775,30,30,-0.053073,-0.019847,0.000002,0.000002,0.000000,0.002065,0
20260804_163742_531,1,Unspecified,518,2026-08-04T16:42:34.2333774+09:00,2026-08-04T16:42:34.7333774+09:00,291.701775,292.201775,30,30,-0.086767,-0.064991,0.000578,0.000460,0.000491,0.032219,0
20260804_163742_531,1,Unspecified,519,2026-08-04T16:42:34.7333774+09:00,2026-08-04T16:42:35.2333774+09:00,292.201775,292.701775,30,30,-0.057734,-0.019190,0.000055,0.000431,0.000128,0.022033,0
20260804_163742_531,1,Unspecified,520,2026-08-04T16:42:35.2333774+09:00,2026-08-04T16:42:35.7333774+09:00,292.701775,293.201775,30,30,-0.060782,-0.009221,0.000043,0.000352,0.000050,0.019871,0
20260804_163742_531,1,Unspecified,521,2026-08-04T16:42:35.7333774+09:00,2026-08-04T16:42:36.2333774+09:00,293.201775,293.701775,30,30,-0.055458,-0.015365,0.000015,0.000004,0.000003,0.004348,0
20260804_163742_531,1,Unspecified,522,2026-08-04T16:42:36.2333774+09:00,2026-08-04T16:42:36.7333774+09:00,293.701775,294.201775,30,30,-0.059818,-0.020106,0.000002,0.000007,0.000002,0.003063,0
20260804_163742_531,1,Unspecified,523,2026-08-04T16:42:36.7333774+09:00,2026-08-04T16:42:37.2333774+09:00,294.201775,294.701775,30,30,-0.052113,-0.015973,0.000154,0.000540,0.000164,0.026337,0
20260804_163742_531,1,Unspecified,524,2026-08-04T16:42:37.2333774+09:00,2026-08-04T16:42:37.7333774+09:00,294.701775,295.201775,30,30,-0.058999,0.014964,0.000056,0.001842,0.000127,0.043562,0
20260804_163742_531,1,Unspecified,525,2026-08-04T16:42:37.7333774+09:00,2026-08-04T16:42:38.2333774+09:00,295.201775,295.701775,30,30,-0.048572,-0.009737,0.000010,0.000011,0.000008,0.004532,0
20260804_163742_531,1,Unspecified,526,2026-08-04T16:42:38.2333774+09:00,2026-08-04T16:42:38.7333774+09:00,295.701775,296.201775,30,30,-0.049437,-0.009901,0.000013,0.000015,0.000013,0.005250,0
20260804_163742_531,1,Unspecified,527,2026-08-04T16:42:38.7333774+09:00,2026-08-04T16:42:39.2333774+09:00,296.201775,296.701775,30,30,-0.044736,0.007823,0.000124,0.001182,0.000321,0.036134,0
20260804_163742_531,1,Unspecified,528,2026-08-04T16:42:39.2333774+09:00,2026-08-04T16:42:39.7333774+09:00,296.701775,297.201775,30,30,-0.035626,0.042462,0.000073,0.000918,0.000175,0.031479,0
20260804_163742_531,1,Unspecified,529,2026-08-04T16:42:39.7333774+09:00,2026-08-04T16:42:40.2333774+09:00,297.201775,297.701775,30,30,-0.029821,0.056668,0.000000,0.000000,0.000000,0.000092,0
20260804_163742_531,1,Unspecified,530,2026-08-04T16:42:40.2333774+09:00,2026-08-04T16:42:40.7333774+09:00,297.701775,298.201775,30,30,-0.030007,0.056387,0.000000,0.000000,0.000000,0.000149,0
20260804_163742_531,1,Unspecified,531,2026-08-04T16:42:40.7333774+09:00,2026-08-04T16:42:41.2333774+09:00,298.201775,298.701775,30,30,-0.029747,0.056747,0.000000,0.000000,0.000000,0.000173,0
20260804_163742_531,1,Unspecified,532,2026-08-04T16:42:41.2333774+09:00,2026-08-04T16:42:41.7333774+09:00,298.701775,299.201775,30,30,-0.029717,0.057097,0.000000,0.000000,0.000000,0.000189,0
20260804_163742_531,1,Unspecified,533,2026-08-04T16:42:41.7333774+09:00,2026-08-04T16:42:42.2333774+09:00,299.201775,299.701775,30,30,-0.029767,0.057199,0.000000,0.000000,0.000000,0.000156,0
20260804_163742_531,1,Unspecified,534,2026-08-04T16:42:42.2333774+09:00,2026-08-04T16:42:42.7333774+09:00,299.701775,300.201775,30,30,-0.029945,0.056982,0.000000,0.000000,0.000000,0.000264,0
20260804_163742_531,1,Unspecified,535,2026-08-04T16:42:42.7333774+09:00,2026-08-04T16:42:43.2333774+09:00,300.201775,300.701775,30,30,-0.029965,0.056698,0.000000,0.000000,0.000000,0.000146,0
20260804_163742_531,1,Unspecified,536,2026-08-04T16:42:43.2333774+09:00,2026-08-04T16:42:43.7333774+09:00,300.701775,301.201775,30,30,-0.030100,0.056329,0.000000,0.000000,0.000000,0.000208,0
20260804_163742_531,1,Unspecified,537,2026-08-04T16:42:43.7333774+09:00,2026-08-04T16:42:44.2333774+09:00,301.201775,301.701775,30,30,-0.030019,0.056456,0.000000,0.000000,0.000000,0.000196,0
20260804_163742_531,1,Unspecified,538,2026-08-04T16:42:44.2333774+09:00,2026-08-04T16:42:44.7333774+09:00,301.701775,302.201775,30,30,-0.029933,0.056744,0.000000,0.000000,0.000000,0.000179,0
20260804_163742_531,1,Unspecified,539,2026-08-04T16:42:44.7333774+09:00,2026-08-04T16:42:45.2333774+09:00,302.201775,302.701775,30,30,-0.029883,0.057031,0.000000,0.000000,0.000000,0.000249,0
20260804_163742_531,1,Unspecified,540,2026-08-04T16:42:45.2333774+09:00,2026-08-04T16:42:45.7333774+09:00,302.701775,303.201775,30,30,-0.029866,0.057148,0.000000,0.000000,0.000000,0.000234,0
20260804_163742_531,1,Unspecified,541,2026-08-04T16:42:45.7333774+09:00,2026-08-04T16:42:46.2333774+09:00,303.201775,303.701775,30,30,-0.029738,0.056816,0.000000,0.000000,0.000000,0.000206,0
20260804_163742_531,1,Unspecified,542,2026-08-04T16:42:46.2333774+09:00,2026-08-04T16:42:46.7333774+09:00,303.701775,304.201775,30,30,-0.030177,0.056355,0.000000,0.000000,0.000000,0.000175,0
20260804_163742_531,1,Unspecified,543,2026-08-04T16:42:46.7333774+09:00,2026-08-04T16:42:47.2333774+09:00,304.201775,304.701775,30,30,-0.029626,0.058708,0.000000,0.000001,0.000000,0.001224,0
20260804_163742_531,1,Unspecified,544,2026-08-04T16:42:47.2333774+09:00,2026-08-04T16:42:47.7333774+09:00,304.701775,305.201775,30,30,-0.018822,0.060841,0.000055,0.000000,0.000001,0.007429,0
20260804_163742_531,1,Unspecified,545,2026-08-04T16:42:47.7333774+09:00,2026-08-04T16:42:48.2333774+09:00,305.201775,305.701775,30,30,-0.013847,0.060429,0.000040,0.000000,0.000003,0.006367,0
20260804_163742_531,1,Unspecified,546,2026-08-04T16:42:48.2333774+09:00,2026-08-04T16:42:48.7333774+09:00,305.701775,306.201775,30,30,-0.026013,0.056498,0.000012,0.000002,-0.000004,0.003781,0
20260804_163742_531,1,Unspecified,547,2026-08-04T16:42:48.7333774+09:00,2026-08-04T16:42:49.2333774+09:00,306.201775,306.701775,30,30,-0.023254,0.055229,0.000001,0.000000,0.000000,0.001045,0
20260804_163742_531,1,Unspecified,548,2026-08-04T16:42:49.2333774+09:00,2026-08-04T16:42:49.7333774+09:00,306.701775,307.201775,30,30,-0.025987,0.054601,0.000000,0.000000,0.000000,0.000625,0
20260804_163742_531,1,Unspecified,549,2026-08-04T16:42:49.7333774+09:00,2026-08-04T16:42:50.2333774+09:00,307.201775,307.701775,30,30,-0.024504,0.056507,0.000000,0.000000,0.000000,0.000439,0
20260804_163742_531,1,Unspecified,550,2026-08-04T16:42:50.2333774+09:00,2026-08-04T16:42:50.7333774+09:00,307.701775,308.201775,30,30,-0.024692,0.057477,0.000000,0.000000,0.000000,0.000235,0
20260804_163742_531,1,Unspecified,551,2026-08-04T16:42:50.7333774+09:00,2026-08-04T16:42:51.2333774+09:00,308.201775,308.701775,30,30,-0.024769,0.057492,0.000000,0.000000,0.000000,0.000506,0
20260804_163742_531,1,Unspecified,552,2026-08-04T16:42:51.2333774+09:00,2026-08-04T16:42:51.7333774+09:00,308.701775,309.201775,30,30,-0.024370,0.058141,0.000000,0.000000,0.000000,0.000364,0
20260804_163742_531,1,Unspecified,553,2026-08-04T16:42:51.7333774+09:00,2026-08-04T16:42:52.2333774+09:00,309.201775,309.701775,30,30,-0.024801,0.057156,0.000000,0.000000,0.000000,0.000412,0
20260804_163742_531,1,Unspecified,554,2026-08-04T16:42:52.2333774+09:00,2026-08-04T16:42:52.7333774+09:00,309.701775,310.201775,30,30,-0.025173,0.056553,0.000000,0.000000,0.000000,0.000389,0
20260804_163742_531,1,Unspecified,555,2026-08-04T16:42:52.7333774+09:00,2026-08-04T16:42:53.2333774+09:00,310.201775,310.701775,30,30,-0.025050,0.056726,0.000000,0.000000,0.000000,0.000312,0
20260804_163742_531,1,Unspecified,556,2026-08-04T16:42:53.2333774+09:00,2026-08-04T16:42:53.7333774+09:00,310.701775,311.201775,30,30,-0.025519,0.056564,0.000000,0.000000,0.000000,0.000321,0
20260804_163742_531,1,Unspecified,557,2026-08-04T16:42:53.7333774+09:00,2026-08-04T16:42:54.2333774+09:00,311.201775,311.701775,30,30,-0.025280,0.057182,0.000000,0.000000,0.000000,0.000434,0
20260804_163742_531,1,Unspecified,558,2026-08-04T16:42:54.2333774+09:00,2026-08-04T16:42:54.7333774+09:00,311.701775,312.201775,30,30,-0.024657,0.057567,0.000000,0.000000,0.000000,0.000198,0
20260804_163742_531,1,Unspecified,559,2026-08-04T16:42:54.7333774+09:00,2026-08-04T16:42:55.2333774+09:00,312.201775,312.701775,30,30,-0.024864,0.057420,0.000000,0.000000,0.000000,0.000235,0
20260804_163742_531,1,Unspecified,560,2026-08-04T16:42:55.2333774+09:00,2026-08-04T16:42:55.7333774+09:00,312.701775,313.201775,30,30,-0.025161,0.057121,0.000000,0.000000,0.000000,0.000143,0
20260804_163742_531,1,Unspecified,561,2026-08-04T16:42:55.7333774+09:00,2026-08-04T16:42:56.2333774+09:00,313.201775,313.701775,30,30,-0.025333,0.056854,0.000000,0.000000,0.000000,0.000193,0
20260804_163742_531,1,Unspecified,562,2026-08-04T16:42:56.2333774+09:00,2026-08-04T16:42:56.7333774+09:00,313.701775,314.201775,30,30,-0.024953,0.057247,0.000000,0.000000,0.000000,0.000177,0
20260804_163742_531,1,Unspecified,563,2026-08-04T16:42:56.7333774+09:00,2026-08-04T16:42:57.2333774+09:00,314.201775,314.701775,30,30,-0.024944,0.057549,0.000000,0.000000,0.000000,0.000201,0
20260804_163742_531,1,Unspecified,564,2026-08-04T16:42:57.2333774+09:00,2026-08-04T16:42:57.7333774+09:00,314.701775,315.201775,30,30,-0.024753,0.057663,0.000000,0.000000,0.000000,0.000136,0
20260804_163742_531,1,Unspecified,565,2026-08-04T16:42:57.7333774+09:00,2026-08-04T16:42:58.2333774+09:00,315.201775,315.701775,30,30,-0.024543,0.057947,0.000000,0.000000,0.000000,0.000153,0
20260804_163742_531,1,Unspecified,566,2026-08-04T16:42:58.2333774+09:00,2026-08-04T16:42:58.7333774+09:00,315.701775,316.201775,30,30,-0.024599,0.057913,0.000000,0.000000,0.000000,0.000105,0
20260804_163742_531,1,Unspecified,567,2026-08-04T16:42:58.7333774+09:00,2026-08-04T16:42:59.2333774+09:00,316.201775,316.701775,30,30,-0.024529,0.058077,0.000000,0.000000,0.000000,0.000124,0
20260804_163742_531,1,Unspecified,568,2026-08-04T16:42:59.2333774+09:00,2026-08-04T16:42:59.7333774+09:00,316.701775,317.201775,30,30,-0.024663,0.058073,0.000000,0.000000,0.000000,0.000126,0
20260804_163742_531,1,Unspecified,569,2026-08-04T16:42:59.7333774+09:00,2026-08-04T16:43:00.2333774+09:00,317.201775,317.701775,30,30,-0.024827,0.058030,0.000000,0.000000,0.000000,0.000142,0
20260804_163742_531,1,Unspecified,570,2026-08-04T16:43:00.2333774+09:00,2026-08-04T16:43:00.7333774+09:00,317.701775,318.201775,30,30,-0.024768,0.058309,0.000000,0.000000,0.000000,0.000112,0
20260804_163742_531,1,Unspecified,571,2026-08-04T16:43:00.7333774+09:00,2026-08-04T16:43:01.2333774+09:00,318.201775,318.701775,30,30,-0.024609,0.058364,0.000000,0.000000,0.000000,0.000124,0
20260804_163742_531,1,Unspecified,572,2026-08-04T16:43:01.2333774+09:00,2026-08-04T16:43:01.7333774+09:00,318.701775,319.201775,30,30,-0.024627,0.058199,0.000000,0.000000,0.000000,0.000242,0
20260804_163742_531,1,Unspecified,573,2026-08-04T16:43:01.7333774+09:00,2026-08-04T16:43:02.2333774+09:00,319.201775,319.701775,30,30,-0.024560,0.058039,0.000000,0.000000,0.000000,0.000175,0
20260804_163742_531,1,Unspecified,574,2026-08-04T16:43:02.2333774+09:00,2026-08-04T16:43:02.7333774+09:00,319.701775,320.201775,30,30,-0.024566,0.058182,0.000000,0.000000,0.000000,0.000120,0
20260804_163742_531,1,Unspecified,575,2026-08-04T16:43:02.7333774+09:00,2026-08-04T16:43:03.2333774+09:00,320.201775,320.701775,30,30,-0.024649,0.058349,0.000000,0.000000,0.000000,0.000133,0
20260804_163742_531,1,Unspecified,576,2026-08-04T16:43:03.2333774+09:00,2026-08-04T16:43:03.7333774+09:00,320.701775,321.201775,30,30,-0.024724,0.058483,0.000000,0.000000,0.000000,0.000152,0
20260804_163742_531,1,Unspecified,577,2026-08-04T16:43:03.7333774+09:00,2026-08-04T16:43:04.2333774+09:00,321.201775,321.701775,30,30,-0.024713,0.058521,0.000000,0.000000,0.000000,0.000142,0
20260804_163742_531,1,Unspecified,578,2026-08-04T16:43:04.2333774+09:00,2026-08-04T16:43:04.7333774+09:00,321.701775,322.201775,30,30,-0.024639,0.058784,0.000000,0.000000,0.000000,0.000117,0
20260804_163742_531,1,Unspecified,579,2026-08-04T16:43:04.7333774+09:00,2026-08-04T16:43:05.2333774+09:00,322.201775,322.701775,30,30,-0.024714,0.058537,0.000000,0.000000,0.000000,0.000106,0
20260804_163742_531,1,Unspecified,580,2026-08-04T16:43:05.2333774+09:00,2026-08-04T16:43:05.7333774+09:00,322.701775,323.201775,30,30,-0.024648,0.058505,0.000000,0.000000,0.000000,0.000173,0
20260804_163742_531,1,Unspecified,581,2026-08-04T16:43:05.7333774+09:00,2026-08-04T16:43:06.2333774+09:00,323.201775,323.701775,30,30,-0.024677,0.058369,0.000000,0.000000,0.000000,0.000112,0
20260804_163742_531,1,Unspecified,582,2026-08-04T16:43:06.2333774+09:00,2026-08-04T16:43:06.7333774+09:00,323.701775,324.201775,30,30,-0.024896,0.058349,0.000000,0.000000,0.000000,0.000113,0
20260804_163742_531,1,Unspecified,583,2026-08-04T16:43:06.7333774+09:00,2026-08-04T16:43:07.2333774+09:00,324.201775,324.701775,30,30,-0.024997,0.058532,0.000000,0.000000,0.000000,0.000135,0
20260804_163742_531,1,Unspecified,584,2026-08-04T16:43:07.2333774+09:00,2026-08-04T16:43:07.7333774+09:00,324.701775,325.201775,30,30,-0.024888,0.058647,0.000000,0.000000,0.000000,0.000284,0
20260804_163742_531,1,Unspecified,585,2026-08-04T16:43:07.7333774+09:00,2026-08-04T16:43:08.2333774+09:00,325.201775,325.701775,30,30,-0.024892,0.058427,0.000000,0.000000,0.000000,0.000151,0
20260804_163742_531,1,Unspecified,586,2026-08-04T16:43:08.2333774+09:00,2026-08-04T16:43:08.7333774+09:00,325.701775,326.201775,30,30,-0.024945,0.058258,0.000000,0.000000,0.000000,0.000189,0
20260804_163742_531,1,Unspecified,587,2026-08-04T16:43:08.7333774+09:00,2026-08-04T16:43:09.2333774+09:00,326.201775,326.701775,30,30,-0.025320,0.058092,0.000000,0.000000,0.000000,0.000276,0
20260804_163742_531,1,Unspecified,588,2026-08-04T16:43:09.2333774+09:00,2026-08-04T16:43:09.7333774+09:00,326.701775,327.201775,30,30,-0.024976,0.058327,0.000000,0.000000,0.000000,0.000258,0
20260804_163742_531,1,Unspecified,589,2026-08-04T16:43:09.7333774+09:00,2026-08-04T16:43:10.2333774+09:00,327.201775,327.701775,30,30,-0.024976,0.058342,0.000000,0.000000,0.000000,0.000200,0
20260804_163742_531,1,Unspecified,590,2026-08-04T16:43:10.2333774+09:00,2026-08-04T16:43:10.7333774+09:00,327.701775,328.201775,30,30,-0.024819,0.058550,0.000000,0.000000,0.000000,0.000143,0
20260804_163742_531,1,Unspecified,591,2026-08-04T16:43:10.7333774+09:00,2026-08-04T16:43:11.2333774+09:00,328.201775,328.701775,30,30,-0.024677,0.058413,0.000000,0.000000,0.000000,0.000206,0
20260804_163742_531,1,Unspecified,592,2026-08-04T16:43:11.2333774+09:00,2026-08-04T16:43:11.7333774+09:00,328.701775,329.201775,30,30,-0.024641,0.058394,0.000000,0.000000,0.000000,0.000141,0
20260804_163742_531,1,Unspecified,593,2026-08-04T16:43:11.7333774+09:00,2026-08-04T16:43:12.2333774+09:00,329.201775,329.701775,30,30,-0.024802,0.058284,0.000000,0.000000,0.000000,0.000201,0
20260804_163742_531,1,Unspecified,594,2026-08-04T16:43:12.2333774+09:00,2026-08-04T16:43:12.7333774+09:00,329.701775,330.201775,30,30,-0.024993,0.058366,0.000000,0.000000,0.000000,0.000120,0
20260804_163742_531,1,Unspecified,595,2026-08-04T16:43:12.7333774+09:00,2026-08-04T16:43:13.2333774+09:00,330.201775,330.701775,30,30,-0.025169,0.058398,0.000000,0.000000,0.000000,0.000187,0
20260804_163742_531,1,Unspecified,596,2026-08-04T16:43:13.2333774+09:00,2026-08-04T16:43:13.7333774+09:00,330.701775,331.201775,30,30,-0.025190,0.058543,0.000000,0.000000,0.000000,0.000195,0
20260804_163742_531,1,Unspecified,597,2026-08-04T16:43:13.7333774+09:00,2026-08-04T16:43:14.2333774+09:00,331.201775,331.701775,30,30,-0.025040,0.058618,0.000000,0.000000,0.000000,0.000183,0
20260804_163742_531,1,Unspecified,598,2026-08-04T16:43:14.2333774+09:00,2026-08-04T16:43:14.7333774+09:00,331.701775,332.201775,30,30,-0.025047,0.058382,0.000000,0.000000,0.000000,0.000182,0
20260804_163742_531,1,Unspecified,599,2026-08-04T16:43:14.7333774+09:00,2026-08-04T16:43:15.2333774+09:00,332.201775,332.701775,30,30,-0.025025,0.058314,0.000000,0.000000,0.000000,0.000151,0
20260804_163742_531,1,Unspecified,600,2026-08-04T16:43:15.2333774+09:00,2026-08-04T16:43:15.7333774+09:00,332.701775,333.201775,30,30,-0.025172,0.058300,0.000000,0.000000,0.000000,0.000183,0
20260804_163742_531,1,Unspecified,601,2026-08-04T16:43:15.7333774+09:00,2026-08-04T16:43:16.2333774+09:00,333.201775,333.701775,30,30,-0.024849,0.058429,0.000000,0.000000,0.000000,0.000147,0
20260804_163742_531,1,Unspecified,602,2026-08-04T16:43:16.2333774+09:00,2026-08-04T16:43:16.7333774+09:00,333.701775,334.201775,30,30,-0.025184,0.058057,0.000000,0.000000,0.000000,0.000231,0
20260804_163742_531,1,Unspecified,603,2026-08-04T16:43:16.7333774+09:00,2026-08-04T16:43:17.2333774+09:00,334.201775,334.701775,30,30,-0.024666,0.058756,0.000000,0.000000,0.000000,0.000462,0
20260804_163742_531,1,Unspecified,604,2026-08-04T16:43:17.2333774+09:00,2026-08-04T16:43:17.7333774+09:00,334.701775,335.201775,30,30,-0.024161,0.059159,0.000000,0.000000,0.000000,0.000112,0
20260804_163742_531,1,Unspecified,605,2026-08-04T16:43:17.7333774+09:00,2026-08-04T16:43:18.2333774+09:00,335.201775,335.701775,30,30,-0.023912,0.059393,0.000000,0.000000,0.000000,0.000129,0
20260804_163742_531,1,Unspecified,606,2026-08-04T16:43:18.2333774+09:00,2026-08-04T16:43:18.7333774+09:00,335.701775,336.201775,30,30,-0.023818,0.059355,0.000000,0.000000,0.000000,0.000149,0
20260804_163742_531,1,Unspecified,607,2026-08-04T16:43:18.7333774+09:00,2026-08-04T16:43:19.2333774+09:00,336.201775,336.701775,30,30,-0.023929,0.059430,0.000000,0.000000,0.000000,0.000183,0
20260804_163742_531,1,Unspecified,608,2026-08-04T16:43:19.2333774+09:00,2026-08-04T16:43:19.7333774+09:00,336.701775,337.201775,30,30,-0.024018,0.059205,0.000000,0.000000,0.000000,0.000312,0
20260804_163742_531,1,Unspecified,609,2026-08-04T16:43:19.7333774+09:00,2026-08-04T16:43:20.2333774+09:00,337.201775,337.701775,30,30,-0.023742,0.059667,0.000000,0.000000,0.000000,0.000231,0
20260804_163742_531,1,Unspecified,610,2026-08-04T16:43:20.2333774+09:00,2026-08-04T16:43:20.7333774+09:00,337.701775,338.201775,30,30,-0.023749,0.059617,0.000000,0.000000,0.000000,0.000213,0
20260804_163742_531,1,Unspecified,611,2026-08-04T16:43:20.7333774+09:00,2026-08-04T16:43:21.2333774+09:00,338.201775,338.701775,30,30,-0.023852,0.059438,0.000000,0.000000,0.000000,0.000234,0
20260804_163742_531,1,Unspecified,612,2026-08-04T16:43:21.2333774+09:00,2026-08-04T16:43:21.7333774+09:00,338.701775,339.201775,30,30,-0.023758,0.059473,0.000000,0.000000,0.000000,0.000141,0
20260804_163742_531,1,Unspecified,613,2026-08-04T16:43:21.7333774+09:00,2026-08-04T16:43:22.2333774+09:00,339.201775,339.701775,30,30,-0.023935,0.059471,0.000000,0.000000,0.000000,0.000155,0
20260804_163742_531,1,Unspecified,614,2026-08-04T16:43:22.2333774+09:00,2026-08-04T16:43:22.7333774+09:00,339.701775,340.201775,30,30,-0.023909,0.059569,0.000000,0.000000,0.000000,0.000146,0
20260804_163742_531,1,Unspecified,615,2026-08-04T16:43:22.7333774+09:00,2026-08-04T16:43:23.2333774+09:00,340.201775,340.701775,30,30,-0.023772,0.059547,0.000000,0.000000,0.000000,0.000233,0
20260804_163742_531,1,Unspecified,616,2026-08-04T16:43:23.2333774+09:00,2026-08-04T16:43:23.7333774+09:00,340.701775,341.201775,30,30,-0.024177,0.059625,0.000000,0.000000,0.000000,0.000189,0
20260804_163742_531,1,Unspecified,617,2026-08-04T16:43:23.7333774+09:00,2026-08-04T16:43:24.2333774+09:00,341.201775,341.701775,30,30,-0.024210,0.059597,0.000000,0.000000,0.000000,0.000146,0
20260804_163742_531,1,Unspecified,618,2026-08-04T16:43:24.2333774+09:00,2026-08-04T16:43:24.7333774+09:00,341.701775,342.201775,30,30,-0.024107,0.059485,0.000000,0.000000,0.000000,0.000210,0
20260804_163742_531,1,Unspecified,619,2026-08-04T16:43:24.7333774+09:00,2026-08-04T16:43:25.2333774+09:00,342.201775,342.701775,30,30,-0.024154,0.059345,0.000000,0.000000,0.000000,0.000209,0
20260804_163742_531,1,Unspecified,620,2026-08-04T16:43:25.2333774+09:00,2026-08-04T16:43:25.7333774+09:00,342.701775,343.201775,30,30,-0.024393,0.059303,0.000000,0.000000,0.000000,0.000156,0
20260804_163742_531,1,Unspecified,621,2026-08-04T16:43:25.7333774+09:00,2026-08-04T16:43:26.2333774+09:00,343.201775,343.701775,30,30,-0.024428,0.059378,0.000000,0.000000,0.000000,0.000155,0
20260804_163742_531,1,Unspecified,622,2026-08-04T16:43:26.2333774+09:00,2026-08-04T16:43:26.7333774+09:00,343.701775,344.201775,30,30,-0.024391,0.059452,0.000000,0.000000,0.000000,0.000147,0
20260804_163742_531,1,Unspecified,623,2026-08-04T16:43:26.7333774+09:00,2026-08-04T16:43:27.2333774+09:00,344.201775,344.701775,30,30,-0.024501,0.059429,0.000000,0.000000,0.000000,0.000155,0
20260804_163742_531,1,Unspecified,624,2026-08-04T16:43:27.2333774+09:00,2026-08-04T16:43:27.7333774+09:00,344.701775,345.201775,30,30,-0.024799,0.059002,0.000000,0.000000,0.000000,0.000147,0
20260804_163742_531,1,Unspecified,625,2026-08-04T16:43:27.7333774+09:00,2026-08-04T16:43:28.2333774+09:00,345.201775,345.701775,30,30,-0.024837,0.058859,0.000000,0.000000,0.000000,0.000201,0
20260804_163742_531,1,Unspecified,626,2026-08-04T16:43:28.2333774+09:00,2026-08-04T16:43:28.7333774+09:00,345.701775,346.201775,30,30,-0.025070,0.058717,0.000000,0.000000,0.000000,0.000195,0
20260804_163742_531,1,Unspecified,627,2026-08-04T16:43:28.7333774+09:00,2026-08-04T16:43:29.2333774+09:00,346.201775,346.701775,30,30,-0.024920,0.058894,0.000000,0.000000,0.000000,0.000299,0
20260804_163742_531,1,Unspecified,628,2026-08-04T16:43:29.2333774+09:00,2026-08-04T16:43:29.7333774+09:00,346.701775,347.201775,30,30,-0.024949,0.059039,0.000000,0.000000,0.000000,0.000162,0
20260804_163742_531,1,Unspecified,629,2026-08-04T16:43:29.7333774+09:00,2026-08-04T16:43:30.2333774+09:00,347.201775,347.701775,30,30,-0.024796,0.059245,0.000000,0.000000,0.000000,0.000141,0
20260804_163742_531,1,Unspecified,630,2026-08-04T16:43:30.2333774+09:00,2026-08-04T16:43:30.7333774+09:00,347.701775,348.201775,30,30,-0.024416,0.059248,0.000000,0.000000,0.000000,0.000131,0
20260804_163742_531,1,Unspecified,631,2026-08-04T16:43:30.7333774+09:00,2026-08-04T16:43:31.2333774+09:00,348.201775,348.701775,30,30,-0.024292,0.059280,0.000000,0.000000,0.000000,0.000107,0
20260804_163742_531,1,Unspecified,632,2026-08-04T16:43:31.2333774+09:00,2026-08-04T16:43:31.7333774+09:00,348.701775,349.201775,30,30,-0.024360,0.059194,0.000000,0.000000,0.000000,0.000133,0
20260804_163742_531,1,Unspecified,633,2026-08-04T16:43:31.7333774+09:00,2026-08-04T16:43:32.2333774+09:00,349.201775,349.701775,30,30,-0.024694,0.059103,0.000000,0.000000,0.000000,0.000188,0
20260804_163742_531,1,Unspecified,634,2026-08-04T16:43:32.2333774+09:00,2026-08-04T16:43:32.7333774+09:00,349.701775,350.201775,30,30,-0.024729,0.059240,0.000000,0.000000,0.000000,0.000101,0
20260804_163742_531,1,Unspecified,635,2026-08-04T16:43:32.7333774+09:00,2026-08-04T16:43:33.2333774+09:00,350.201775,350.701775,30,30,-0.024554,0.059392,0.000000,0.000000,0.000000,0.000162,0
20260804_163742_531,1,Unspecified,636,2026-08-04T16:43:33.2333774+09:00,2026-08-04T16:43:33.7333774+09:00,350.701775,351.201775,30,30,-0.024480,0.059463,0.000000,0.000000,0.000000,0.000192,0
20260804_163742_531,1,Unspecified,637,2026-08-04T16:43:33.7333774+09:00,2026-08-04T16:43:34.2333774+09:00,351.201775,351.701775,30,30,-0.024426,0.059363,0.000000,0.000000,0.000000,0.000179,0
20260804_163742_531,1,Unspecified,638,2026-08-04T16:43:34.2333774+09:00,2026-08-04T16:43:34.7333774+09:00,351.701775,352.201775,30,30,-0.024548,0.059126,0.000000,0.000000,0.000000,0.000128,0
20260804_163742_531,1,Unspecified,639,2026-08-04T16:43:34.7333774+09:00,2026-08-04T16:43:35.2333774+09:00,352.201775,352.701775,30,30,-0.024610,0.059118,0.000000,0.000000,0.000000,0.000145,0
20260804_163742_531,1,Unspecified,640,2026-08-04T16:43:35.2333774+09:00,2026-08-04T16:43:35.7333774+09:00,352.701775,353.201775,30,30,-0.024543,0.059201,0.000000,0.000000,0.000000,0.000171,0
20260804_163742_531,1,Unspecified,641,2026-08-04T16:43:35.7333774+09:00,2026-08-04T16:43:36.2333774+09:00,353.201775,353.701775,30,30,-0.023336,0.059694,0.000000,0.000000,0.000000,0.000536,0
20260804_163742_531,1,Unspecified,642,2026-08-04T16:43:36.2333774+09:00,2026-08-04T16:43:36.7333774+09:00,353.701775,354.201775,30,30,-0.020647,0.060218,0.000000,0.000000,0.000000,0.000456,0
20260804_163742_531,1,Unspecified,643,2026-08-04T16:43:36.7333774+09:00,2026-08-04T16:43:37.2333774+09:00,354.201775,354.701775,30,30,-0.021340,0.059975,0.000002,0.000000,0.000000,0.001336,0
20260804_163742_531,1,Unspecified,644,2026-08-04T16:43:37.2333774+09:00,2026-08-04T16:43:37.7333774+09:00,354.701775,355.201775,30,30,-0.022983,0.059442,0.000000,0.000000,0.000000,0.000402,0
20260804_163742_531,1,Unspecified,645,2026-08-04T16:43:37.7333774+09:00,2026-08-04T16:43:38.2333774+09:00,355.201775,355.701775,30,30,-0.022606,0.059278,0.000000,0.000000,0.000000,0.000521,0
20260804_163742_531,1,Unspecified,646,2026-08-04T16:43:38.2333774+09:00,2026-08-04T16:43:38.7333774+09:00,355.701775,356.201775,30,30,-0.022080,0.059500,0.000000,0.000000,0.000000,0.000457,0
20260804_163742_531,1,Unspecified,647,2026-08-04T16:43:38.7333774+09:00,2026-08-04T16:43:39.2333774+09:00,356.201775,356.701775,30,30,-0.022229,0.059801,0.000000,0.000000,0.000000,0.000330,0
20260804_163742_531,1,Unspecified,648,2026-08-04T16:43:39.2333774+09:00,2026-08-04T16:43:39.7333774+09:00,356.701775,357.201775,30,30,-0.022558,0.059512,0.000000,0.000000,0.000000,0.000283,0
20260804_163742_531,1,Unspecified,649,2026-08-04T16:43:39.7333774+09:00,2026-08-04T16:43:40.2333774+09:00,357.201775,357.701775,30,30,-0.022650,0.059456,0.000000,0.000000,0.000000,0.000383,0
20260804_163742_531,1,Unspecified,650,2026-08-04T16:43:40.2333774+09:00,2026-08-04T16:43:40.7333774+09:00,357.701775,358.201775,30,30,-0.023234,0.058540,0.000000,0.000000,0.000000,0.000198,0
20260804_163742_531,1,Unspecified,651,2026-08-04T16:43:40.7333774+09:00,2026-08-04T16:43:41.2333774+09:00,358.201775,358.701775,30,30,-0.023536,0.058386,0.000000,0.000000,0.000000,0.000357,0
20260804_163742_531,1,Unspecified,652,2026-08-04T16:43:41.2333774+09:00,2026-08-04T16:43:41.7333774+09:00,358.701775,359.201775,30,30,-0.023162,0.058357,0.000000,0.000000,0.000000,0.000225,0
20260804_163742_531,1,Unspecified,653,2026-08-04T16:43:41.7333774+09:00,2026-08-04T16:43:42.2333774+09:00,359.201775,359.701775,30,30,-0.023416,0.058414,0.000000,0.000000,0.000000,0.000133,0
20260804_163742_531,1,Unspecified,654,2026-08-04T16:43:42.2333774+09:00,2026-08-04T16:43:42.7333774+09:00,359.701775,360.201775,30,30,-0.023356,0.058508,0.000000,0.000000,0.000000,0.000199,0
20260804_163742_531,1,Unspecified,655,2026-08-04T16:43:42.7333774+09:00,2026-08-04T16:43:43.2333774+09:00,360.201775,360.701775,30,30,-0.023171,0.058864,0.000000,0.000000,0.000000,0.000214,0
20260804_163742_531,1,Unspecified,656,2026-08-04T16:43:43.2333774+09:00,2026-08-04T16:43:43.7333774+09:00,360.701775,361.201775,30,30,-0.023674,0.058456,0.000000,0.000000,0.000000,0.000293,0
20260804_163742_531,1,Unspecified,657,2026-08-04T16:43:43.7333774+09:00,2026-08-04T16:43:44.2333774+09:00,361.201775,361.701775,30,30,-0.023525,0.058347,0.000000,0.000000,0.000000,0.000196,0
20260804_163742_531,1,Unspecified,658,2026-08-04T16:43:44.2333774+09:00,2026-08-04T16:43:44.7333774+09:00,361.701775,362.201775,30,30,-0.023786,0.058069,0.000000,0.000000,0.000000,0.000254,0
20260804_163742_531,1,Unspecified,659,2026-08-04T16:43:44.7333774+09:00,2026-08-04T16:43:45.2333774+09:00,362.201775,362.701775,30,30,-0.023808,0.058045,0.000000,0.000000,0.000000,0.000177,0
20260804_163742_531,1,Unspecified,660,2026-08-04T16:43:45.2333774+09:00,2026-08-04T16:43:45.7333774+09:00,362.701775,363.201775,30,30,-0.024059,0.058180,0.000000,0.000000,0.000000,0.000194,0
20260804_163742_531,1,Unspecified,661,2026-08-04T16:43:45.7333774+09:00,2026-08-04T16:43:46.2333774+09:00,363.201775,363.701775,30,30,-0.023952,0.058259,0.000000,0.000000,0.000000,0.000100,0
20260804_163742_531,1,Unspecified,662,2026-08-04T16:43:46.2333774+09:00,2026-08-04T16:43:46.7333774+09:00,363.701775,364.201775,30,30,-0.023903,0.058300,0.000000,0.000000,0.000000,0.000136,0
20260804_163742_531,1,Unspecified,663,2026-08-04T16:43:46.7333774+09:00,2026-08-04T16:43:47.2333774+09:00,364.201775,364.701775,30,30,-0.024128,0.057721,0.000000,0.000000,0.000000,0.000207,0
20260804_163742_531,1,Unspecified,664,2026-08-04T16:43:47.2333774+09:00,2026-08-04T16:43:47.7333774+09:00,364.701775,365.201775,30,30,-0.024167,0.057478,0.000000,0.000000,0.000000,0.000223,0
20260804_163742_531,1,Unspecified,665,2026-08-04T16:43:47.7333774+09:00,2026-08-04T16:43:48.2333774+09:00,365.201775,365.701775,30,30,-0.024236,0.057348,0.000000,0.000000,0.000000,0.000198,0
20260804_163742_531,1,Unspecified,666,2026-08-04T16:43:48.2333774+09:00,2026-08-04T16:43:48.7333774+09:00,365.701775,366.201775,30,30,-0.024130,0.057622,0.000000,0.000000,0.000000,0.000342,0
20260804_163742_531,1,Unspecified,667,2026-08-04T16:43:48.7333774+09:00,2026-08-04T16:43:49.2333774+09:00,366.201775,366.701775,30,30,-0.024330,0.057845,0.000000,0.000000,0.000000,0.000201,0
20260804_163742_531,1,Unspecified,668,2026-08-04T16:43:49.2333774+09:00,2026-08-04T16:43:49.7333774+09:00,366.701775,367.201775,30,30,-0.024230,0.058217,0.000000,0.000000,0.000000,0.000165,0
20260804_163742_531,1,Unspecified,669,2026-08-04T16:43:49.7333774+09:00,2026-08-04T16:43:50.2333774+09:00,367.201775,367.701775,30,30,-0.024257,0.058185,0.000000,0.000000,0.000000,0.000293,0
20260804_163742_531,1,Unspecified,670,2026-08-04T16:43:50.2333774+09:00,2026-08-04T16:43:50.7333774+09:00,367.701775,368.201775,30,30,-0.024147,0.057958,0.000000,0.000000,0.000000,0.000117,0
20260804_163742_531,1,Unspecified,671,2026-08-04T16:43:50.7333774+09:00,2026-08-04T16:43:51.2333774+09:00,368.201775,368.701775,30,30,-0.024246,0.057605,0.000000,0.000000,0.000000,0.000160,0
20260804_163742_531,1,Unspecified,672,2026-08-04T16:43:51.2333774+09:00,2026-08-04T16:43:51.7333774+09:00,368.701775,369.201775,30,30,-0.024187,0.057757,0.000000,0.000000,0.000000,0.000275,0
20260804_163742_531,1,Unspecified,673,2026-08-04T16:43:51.7333774+09:00,2026-08-04T16:43:52.2333774+09:00,369.201775,369.701775,30,30,-0.024090,0.057937,0.000000,0.000000,0.000000,0.000161,0
20260804_163742_531,1,Unspecified,674,2026-08-04T16:43:52.2333774+09:00,2026-08-04T16:43:52.7333774+09:00,369.701775,370.201775,30,30,-0.024163,0.058035,0.000000,0.000000,0.000000,0.000188,0
20260804_163742_531,1,Unspecified,675,2026-08-04T16:43:52.7333774+09:00,2026-08-04T16:43:53.2333774+09:00,370.201775,370.701775,30,30,-0.024004,0.057988,0.000000,0.000000,0.000000,0.000255,0
20260804_163742_531,1,Unspecified,676,2026-08-04T16:43:53.2333774+09:00,2026-08-04T16:43:53.7333774+09:00,370.701775,371.201775,30,30,-0.024014,0.057990,0.000000,0.000000,0.000000,0.000287,0
20260804_163742_531,1,Unspecified,677,2026-08-04T16:43:53.7333774+09:00,2026-08-04T16:43:54.2333774+09:00,371.201775,371.701775,30,30,-0.023933,0.057987,0.000000,0.000000,0.000000,0.000269,0
20260804_163742_531,1,Unspecified,678,2026-08-04T16:43:54.2333774+09:00,2026-08-04T16:43:54.7333774+09:00,371.701775,372.201775,30,30,-0.024291,0.057823,0.000000,0.000000,0.000000,0.000270,0
20260804_163742_531,1,Unspecified,679,2026-08-04T16:43:54.7333774+09:00,2026-08-04T16:43:55.2333774+09:00,372.201775,372.701775,30,30,-0.024444,0.057953,0.000000,0.000000,0.000000,0.000337,0
20260804_163742_531,1,Unspecified,680,2026-08-04T16:43:55.2333774+09:00,2026-08-04T16:43:55.7333774+09:00,372.701775,373.201775,30,30,-0.024212,0.058352,0.000000,0.000000,0.000000,0.000127,0
20260804_163742_531,1,Unspecified,681,2026-08-04T16:43:55.7333774+09:00,2026-08-04T16:43:56.2333774+09:00,373.201775,373.701775,30,30,-0.024066,0.058573,0.000000,0.000000,0.000000,0.000129,0
20260804_163742_531,1,Unspecified,682,2026-08-04T16:43:56.2333774+09:00,2026-08-04T16:43:56.7333774+09:00,373.701775,374.201775,30,30,-0.024071,0.058510,0.000000,0.000000,0.000000,0.000178,0
20260804_163742_531,1,Unspecified,683,2026-08-04T16:43:56.7333774+09:00,2026-08-04T16:43:57.2333774+09:00,374.201775,374.701775,30,30,-0.023912,0.058192,0.000000,0.000000,0.000000,0.000217,0
20260804_163742_531,1,Unspecified,684,2026-08-04T16:43:57.2333774+09:00,2026-08-04T16:43:57.7333774+09:00,374.701775,375.201775,30,30,-0.023105,0.058227,0.000001,0.000000,0.000000,0.001173,0
20260804_163742_531,1,Unspecified,685,2026-08-04T16:43:57.7333774+09:00,2026-08-04T16:43:58.2333774+09:00,375.201775,375.701775,30,30,-0.023938,0.058183,0.000000,0.000000,0.000000,0.000164,0
20260804_163742_531,1,Unspecified,686,2026-08-04T16:43:58.2333774+09:00,2026-08-04T16:43:58.7333774+09:00,375.701775,376.201775,30,30,-0.023766,0.058404,0.000000,0.000000,0.000000,0.000128,0
20260804_163742_531,1,Unspecified,687,2026-08-04T16:43:58.7333774+09:00,2026-08-04T16:43:59.2333774+09:00,376.201775,376.701775,30,30,-0.023788,0.058466,0.000000,0.000000,0.000000,0.000112,0
20260804_163742_531,1,Unspecified,688,2026-08-04T16:43:59.2333774+09:00,2026-08-04T16:43:59.7333774+09:00,376.701775,377.201775,30,30,-0.023667,0.058689,0.000000,0.000000,0.000000,0.000154,0
20260804_163742_531,1,Unspecified,689,2026-08-04T16:43:59.7333774+09:00,2026-08-04T16:44:00.2333774+09:00,377.201775,377.701775,30,30,-0.023924,0.058409,0.000000,0.000000,0.000000,0.000239,0
20260804_163742_531,1,Unspecified,690,2026-08-04T16:44:00.2333774+09:00,2026-08-04T16:44:00.7333774+09:00,377.701775,378.201775,30,30,-0.023609,0.058406,0.000000,0.000000,0.000000,0.000110,0
20260804_163742_531,1,Unspecified,691,2026-08-04T16:44:00.7333774+09:00,2026-08-04T16:44:01.2333774+09:00,378.201775,378.701775,30,30,-0.023543,0.058382,0.000000,0.000000,0.000000,0.000152,0
20260804_163742_531,1,Unspecified,692,2026-08-04T16:44:01.2333774+09:00,2026-08-04T16:44:01.7333774+09:00,378.701775,379.201775,30,30,-0.023664,0.058445,0.000000,0.000000,0.000000,0.000190,0
20260804_163742_531,1,Unspecified,693,2026-08-04T16:44:01.7333774+09:00,2026-08-04T16:44:02.2333774+09:00,379.201775,379.701775,30,30,-0.023503,0.058769,0.000000,0.000000,0.000000,0.000195,0
20260804_163742_531,1,Unspecified,694,2026-08-04T16:44:02.2333774+09:00,2026-08-04T16:44:02.7333774+09:00,379.701775,380.201775,30,30,-0.023542,0.058846,0.000000,0.000000,0.000000,0.000137,0
20260804_163742_531,1,Unspecified,695,2026-08-04T16:44:02.7333774+09:00,2026-08-04T16:44:03.2333774+09:00,380.201775,380.701775,30,30,-0.023546,0.058846,0.000000,0.000000,0.000000,0.000110,0
20260804_163742_531,1,Unspecified,696,2026-08-04T16:44:03.2333774+09:00,2026-08-04T16:44:03.7333774+09:00,380.701775,381.201775,30,30,-0.023743,0.058754,0.000000,0.000000,0.000000,0.000177,0
20260804_163742_531,1,Unspecified,697,2026-08-04T16:44:03.7333774+09:00,2026-08-04T16:44:04.2333774+09:00,381.201775,381.701775,30,30,-0.023572,0.058680,0.000000,0.000000,0.000000,0.000116,0
20260804_163742_531,1,Unspecified,698,2026-08-04T16:44:04.2333774+09:00,2026-08-04T16:44:04.7333774+09:00,381.701775,382.201775,30,30,-0.023477,0.058591,0.000000,0.000000,0.000000,0.000180,0
20260804_163742_531,1,Unspecified,699,2026-08-04T16:44:04.7333774+09:00,2026-08-04T16:44:05.2333774+09:00,382.201775,382.701775,30,30,-0.023853,0.058646,0.000000,0.000000,0.000000,0.000129,0
20260804_163742_531,1,Unspecified,700,2026-08-04T16:44:05.2333774+09:00,2026-08-04T16:44:05.7333774+09:00,382.701775,383.201775,30,30,-0.023654,0.058905,0.000000,0.000000,0.000000,0.000135,0
20260804_163742_531,1,Unspecified,701,2026-08-04T16:44:05.7333774+09:00,2026-08-04T16:44:06.2333774+09:00,383.201775,383.701775,30,30,-0.023567,0.058976,0.000000,0.000000,0.000000,0.000117,0
20260804_163742_531,1,Unspecified,702,2026-08-04T16:44:06.2333774+09:00,2026-08-04T16:44:06.7333774+09:00,383.701775,384.201775,30,30,-0.023578,0.059173,0.000000,0.000000,0.000000,0.000206,0
20260804_163742_531,1,Unspecified,703,2026-08-04T16:44:06.7333774+09:00,2026-08-04T16:44:07.2333774+09:00,384.201775,384.701775,30,30,-0.023296,0.059591,0.000000,0.000000,0.000000,0.000238,0
20260804_163742_531,1,Unspecified,704,2026-08-04T16:44:07.2333774+09:00,2026-08-04T16:44:07.7333774+09:00,384.701775,385.201775,30,30,-0.022922,0.059608,0.000000,0.000000,0.000000,0.000294,0
20260804_163742_531,1,Unspecified,705,2026-08-04T16:44:07.7333774+09:00,2026-08-04T16:44:08.2333774+09:00,385.201775,385.701775,30,30,-0.022987,0.059410,0.000000,0.000000,0.000000,0.000124,0
20260804_163742_531,1,Unspecified,706,2026-08-04T16:44:08.2333774+09:00,2026-08-04T16:44:08.7333774+09:00,385.701775,386.201775,30,30,-0.023247,0.059378,0.000000,0.000000,0.000000,0.000179,0
20260804_163742_531,1,Unspecified,707,2026-08-04T16:44:08.7333774+09:00,2026-08-04T16:44:09.2333774+09:00,386.201775,386.701775,30,30,-0.023025,0.059655,0.000000,0.000000,0.000000,0.000177,0
20260804_163742_531,1,Unspecified,708,2026-08-04T16:44:09.2333774+09:00,2026-08-04T16:44:09.7333774+09:00,386.701775,387.201775,30,30,-0.023002,0.059740,0.000000,0.000000,0.000000,0.000162,0
20260804_163742_531,1,Unspecified,709,2026-08-04T16:44:09.7333774+09:00,2026-08-04T16:44:10.2333774+09:00,387.201775,387.701775,30,30,-0.023067,0.059685,0.000000,0.000000,0.000000,0.000140,0
20260804_163742_531,1,Unspecified,710,2026-08-04T16:44:10.2333774+09:00,2026-08-04T16:44:10.7333774+09:00,387.701775,388.201775,30,30,-0.023233,0.059643,0.000000,0.000000,0.000000,0.000233,0
20260804_163742_531,1,Unspecified,711,2026-08-04T16:44:10.7333774+09:00,2026-08-04T16:44:11.2333774+09:00,388.201775,388.701775,30,30,-0.023463,0.059140,0.000000,0.000000,0.000000,0.000135,0
20260804_163742_531,1,Unspecified,712,2026-08-04T16:44:11.2333774+09:00,2026-08-04T16:44:11.7333774+09:00,388.701775,389.201775,30,30,-0.023514,0.058740,0.000000,0.000000,0.000000,0.000141,0
20260804_163742_531,1,Unspecified,713,2026-08-04T16:44:11.7333774+09:00,2026-08-04T16:44:12.2333774+09:00,389.201775,389.701775,30,30,-0.023742,0.058817,0.000000,0.000000,0.000000,0.000101,0
20260804_163742_531,1,Unspecified,714,2026-08-04T16:44:12.2333774+09:00,2026-08-04T16:44:12.7333774+09:00,389.701775,390.201775,30,30,-0.023255,0.059387,0.000000,0.000000,0.000000,0.000270,0
20260804_163742_531,1,Unspecified,715,2026-08-04T16:44:12.7333774+09:00,2026-08-04T16:44:13.2333774+09:00,390.201775,390.701775,30,30,-0.022997,0.059750,0.000000,0.000000,0.000000,0.000119,0
20260804_163742_531,1,Unspecified,716,2026-08-04T16:44:13.2333774+09:00,2026-08-04T16:44:13.7333774+09:00,390.701775,391.201775,30,30,-0.023065,0.059852,0.000000,0.000000,0.000000,0.000108,0
20260804_163742_531,1,Unspecified,717,2026-08-04T16:44:13.7333774+09:00,2026-08-04T16:44:14.2333774+09:00,391.201775,391.701775,30,30,-0.023077,0.059886,0.000000,0.000000,0.000000,0.000106,0
20260804_163742_531,1,Unspecified,718,2026-08-04T16:44:14.2333774+09:00,2026-08-04T16:44:14.7333774+09:00,391.701775,392.201775,30,30,-0.023309,0.059725,0.000000,0.000000,0.000000,0.000286,0
20260804_163742_531,1,Unspecified,719,2026-08-04T16:44:14.7333774+09:00,2026-08-04T16:44:15.2333774+09:00,392.201775,392.701775,30,30,-0.023324,0.059345,0.000000,0.000000,0.000000,0.000127,0
20260804_163742_531,1,Unspecified,720,2026-08-04T16:44:15.2333774+09:00,2026-08-04T16:44:15.7333774+09:00,392.701775,393.201775,30,30,-0.023300,0.059248,0.000000,0.000000,0.000000,0.000155,0
20260804_163742_531,1,Unspecified,721,2026-08-04T16:44:15.7333774+09:00,2026-08-04T16:44:16.2333774+09:00,393.201775,393.701775,30,30,-0.023557,0.059291,0.000000,0.000000,0.000000,0.000163,0
20260804_163742_531,1,Unspecified,722,2026-08-04T16:44:16.2333774+09:00,2026-08-04T16:44:16.7333774+09:00,393.701775,394.201775,30,30,-0.023316,0.059598,0.000000,0.000000,0.000000,0.000189,0
20260804_163742_531,1,Unspecified,723,2026-08-04T16:44:16.7333774+09:00,2026-08-04T16:44:17.2333774+09:00,394.201775,394.701775,30,30,-0.023237,0.059714,0.000000,0.000000,0.000000,0.000135,0
20260804_163742_531,1,Unspecified,724,2026-08-04T16:44:17.2333774+09:00,2026-08-04T16:44:17.7333774+09:00,394.701775,395.201775,30,30,-0.023293,0.059807,0.000000,0.000000,0.000000,0.000087,0
20260804_163742_531,1,Unspecified,725,2026-08-04T16:44:17.7333774+09:00,2026-08-04T16:44:18.2333774+09:00,395.201775,395.701775,30,30,-0.023442,0.059507,0.000000,0.000000,0.000000,0.000145,0
20260804_163742_531,1,Unspecified,726,2026-08-04T16:44:18.2333774+09:00,2026-08-04T16:44:18.7333774+09:00,395.701775,396.201775,30,30,-0.023595,0.059191,0.000000,0.000000,0.000000,0.000117,0
20260804_163742_531,1,Unspecified,727,2026-08-04T16:44:18.7333774+09:00,2026-08-04T16:44:19.2333774+09:00,396.201775,396.701775,30,30,-0.023683,0.059230,0.000000,0.000000,0.000000,0.000171,0
20260804_163742_531,1,Unspecified,728,2026-08-04T16:44:19.2333774+09:00,2026-08-04T16:44:19.7333774+09:00,396.701775,397.201775,30,30,-0.023528,0.059467,0.000000,0.000000,0.000000,0.000154,0
20260804_163742_531,1,Unspecified,729,2026-08-04T16:44:19.7333774+09:00,2026-08-04T16:44:20.2333774+09:00,397.201775,397.701775,30,30,-0.021602,0.059388,0.000003,0.000000,0.000000,0.001608,0
20260804_163742_531,1,Unspecified,730,2026-08-04T16:44:20.2333774+09:00,2026-08-04T16:44:20.7333774+09:00,397.701775,398.201775,30,30,-0.021971,0.059378,0.000005,0.000000,0.000000,0.002344,0
20260804_163742_531,1,Unspecified,731,2026-08-04T16:44:20.7333774+09:00,2026-08-04T16:44:21.2333774+09:00,398.201775,398.701775,30,30,-0.026561,0.058643,0.000003,0.000001,0.000001,0.001960,0
20260804_163742_531,1,Unspecified,732,2026-08-04T16:44:21.2333774+09:00,2026-08-04T16:44:21.7333774+09:00,398.701775,399.201775,30,30,-0.052653,0.047765,0.000068,0.000050,0.000057,0.010884,0
20260804_163742_531,1,Unspecified,733,2026-08-04T16:44:21.7333774+09:00,2026-08-04T16:44:22.2333774+09:00,399.201775,399.701775,30,30,-0.064208,0.034887,0.000001,0.000002,0.000001,0.001534,0
20260804_163742_531,1,Unspecified,734,2026-08-04T16:44:22.2333774+09:00,2026-08-04T16:44:22.7333774+09:00,399.701775,400.201775,30,30,-0.060739,0.035731,0.000003,0.000001,0.000002,0.002019,0
20260804_163742_531,1,Unspecified,735,2026-08-04T16:44:22.7333774+09:00,2026-08-04T16:44:23.2333774+09:00,400.201775,400.701775,30,30,-0.058080,0.036970,0.000000,0.000001,0.000000,0.000856,0
20260804_163742_531,1,Unspecified,736,2026-08-04T16:44:23.2333774+09:00,2026-08-04T16:44:23.7333774+09:00,400.701775,401.201775,30,30,-0.054600,0.037217,0.000001,0.000001,0.000001,0.001284,0
20260804_163742_531,1,Unspecified,737,2026-08-04T16:44:23.7333774+09:00,2026-08-04T16:44:24.2333774+09:00,401.201775,401.701775,30,30,-0.053509,0.036279,0.000000,0.000001,0.000000,0.001055,0
20260804_163742_531,1,Unspecified,738,2026-08-04T16:44:24.2333774+09:00,2026-08-04T16:44:24.7333774+09:00,401.701775,402.201775,30,30,-0.050558,0.038575,0.000002,0.000001,0.000001,0.001752,0
20260804_163742_531,1,Unspecified,739,2026-08-04T16:44:24.7333774+09:00,2026-08-04T16:44:25.2333774+09:00,402.201775,402.701775,30,30,-0.048614,0.039091,0.000000,0.000000,0.000000,0.000832,0
20260804_163742_531,1,Unspecified,740,2026-08-04T16:44:25.2333774+09:00,2026-08-04T16:44:25.7333774+09:00,402.701775,403.201775,30,30,-0.046147,0.041007,0.000003,0.000002,0.000002,0.002238,0
20260804_163742_531,1,Unspecified,741,2026-08-04T16:44:25.7333774+09:00,2026-08-04T16:44:26.2333774+09:00,403.201775,403.701775,30,30,-0.040187,0.044181,0.000001,0.000000,0.000000,0.000988,0
20260804_163742_531,1,Unspecified,742,2026-08-04T16:44:26.2333774+09:00,2026-08-04T16:44:26.7333774+09:00,403.701775,404.201775,30,30,-0.039157,0.044858,0.000000,0.000000,0.000000,0.000679,0
20260804_163742_531,1,Unspecified,743,2026-08-04T16:44:26.7333774+09:00,2026-08-04T16:44:27.2333774+09:00,404.201775,404.701775,30,30,-0.038347,0.045965,0.000001,0.000000,0.000000,0.000806,0
20260804_163742_531,1,Unspecified,744,2026-08-04T16:44:27.2333774+09:00,2026-08-04T16:44:27.7333774+09:00,404.701775,405.201775,30,30,-0.037856,0.046590,0.000000,0.000000,0.000000,0.000518,0
20260804_163742_531,1,Unspecified,745,2026-08-04T16:44:27.7333774+09:00,2026-08-04T16:44:28.2333774+09:00,405.201775,405.701775,30,30,-0.038558,0.047257,0.000000,0.000000,0.000000,0.000270,0
20260804_163742_531,1,Unspecified,746,2026-08-04T16:44:28.2333774+09:00,2026-08-04T16:44:28.7333774+09:00,405.701775,406.201775,30,30,-0.038585,0.047131,0.000000,0.000000,0.000000,0.000195,0
20260804_163742_531,1,Unspecified,747,2026-08-04T16:44:28.7333774+09:00,2026-08-04T16:44:29.2333774+09:00,406.201775,406.701775,30,30,-0.038877,0.047351,0.000000,0.000000,0.000000,0.000274,0
20260804_163742_531,1,Unspecified,748,2026-08-04T16:44:29.2333774+09:00,2026-08-04T16:44:29.7333774+09:00,406.701775,407.201775,30,30,-0.038809,0.047474,0.000000,0.000000,0.000000,0.000188,0
20260804_163742_531,1,Unspecified,749,2026-08-04T16:44:29.7333774+09:00,2026-08-04T16:44:30.2333774+09:00,407.201775,407.701775,30,30,-0.039256,0.046669,0.000000,0.000000,0.000000,0.000409,0
20260804_163742_531,1,Unspecified,750,2026-08-04T16:44:30.2333774+09:00,2026-08-04T16:44:30.7333774+09:00,407.701775,408.201775,30,30,-0.039720,0.046140,0.000000,0.000000,0.000000,0.000554,0
20260804_163742_531,1,Unspecified,751,2026-08-04T16:44:30.7333774+09:00,2026-08-04T16:44:31.2333774+09:00,408.201775,408.701775,30,30,-0.041336,0.045015,0.000000,0.000000,0.000000,0.000455,0
20260804_163742_531,1,Unspecified,752,2026-08-04T16:44:31.2333774+09:00,2026-08-04T16:44:31.7333774+09:00,408.701775,409.201775,30,30,-0.043448,0.044287,0.000000,0.000000,0.000000,0.000502,0
20260804_163742_531,1,Unspecified,753,2026-08-04T16:44:31.7333774+09:00,2026-08-04T16:44:32.2333774+09:00,409.201775,409.701775,30,30,-0.047203,0.040291,0.000004,0.000007,0.000006,0.003381,0
20260804_163742_531,1,Unspecified,754,2026-08-04T16:44:32.2333774+09:00,2026-08-04T16:44:32.7333774+09:00,409.701775,410.201775,30,30,-0.051508,0.034468,0.000000,0.000000,0.000000,0.000768,0
20260804_163742_531,1,Unspecified,755,2026-08-04T16:44:32.7333774+09:00,2026-08-04T16:44:33.2333774+09:00,410.201775,410.701775,30,30,-0.051212,0.036203,0.000000,0.000000,0.000000,0.000682,0
20260804_163742_531,1,Unspecified,756,2026-08-04T16:44:33.2333774+09:00,2026-08-04T16:44:33.7333774+09:00,410.701775,411.201775,30,30,-0.049672,0.038530,0.000000,0.000000,0.000000,0.000712,0
20260804_163742_531,1,Unspecified,757,2026-08-04T16:44:33.7333774+09:00,2026-08-04T16:44:34.2333774+09:00,411.201775,411.701775,30,30,-0.048940,0.038897,0.000000,0.000000,0.000000,0.000618,0
20260804_163742_531,1,Unspecified,758,2026-08-04T16:44:34.2333774+09:00,2026-08-04T16:44:34.7333774+09:00,411.701775,412.201775,30,30,-0.048226,0.039583,0.000000,0.000000,0.000000,0.000263,0
20260804_163742_531,1,Unspecified,759,2026-08-04T16:44:34.7333774+09:00,2026-08-04T16:44:35.2333774+09:00,412.201775,412.701775,30,30,-0.047810,0.040011,0.000000,0.000000,0.000000,0.000577,0
20260804_163742_531,1,Unspecified,760,2026-08-04T16:44:35.2333774+09:00,2026-08-04T16:44:35.7333774+09:00,412.701775,413.201775,30,30,-0.047788,0.040248,0.000000,0.000000,0.000000,0.000523,0
20260804_163742_531,1,Unspecified,761,2026-08-04T16:44:35.7333774+09:00,2026-08-04T16:44:36.2333774+09:00,413.201775,413.701775,30,30,-0.047568,0.040659,0.000000,0.000000,0.000000,0.000320,0
20260804_163742_531,1,Unspecified,762,2026-08-04T16:44:36.2333774+09:00,2026-08-04T16:44:36.7333774+09:00,413.701775,414.201775,30,30,-0.047140,0.040827,0.000000,0.000000,0.000000,0.000203,0
20260804_163742_531,1,Unspecified,763,2026-08-04T16:44:36.7333774+09:00,2026-08-04T16:44:37.2333774+09:00,414.201775,414.701775,30,30,-0.047420,0.040692,0.000000,0.000000,0.000000,0.000103,0
20260804_163742_531,1,Unspecified,764,2026-08-04T16:44:37.2333774+09:00,2026-08-04T16:44:37.7333774+09:00,414.701775,415.201775,30,30,-0.047421,0.040787,0.000000,0.000000,0.000000,0.000246,0
20260804_163742_531,1,Unspecified,765,2026-08-04T16:44:37.7333774+09:00,2026-08-04T16:44:38.2333774+09:00,415.201775,415.701775,30,30,-0.047297,0.040388,0.000000,0.000000,0.000000,0.000326,0
20260804_163742_531,1,Unspecified,766,2026-08-04T16:44:38.2333774+09:00,2026-08-04T16:44:38.7333774+09:00,415.701775,416.201775,30,30,-0.047056,0.039113,0.000000,0.000000,0.000000,0.000361,0
20260804_163742_531,1,Unspecified,767,2026-08-04T16:44:38.7333774+09:00,2026-08-04T16:44:39.2333774+09:00,416.201775,416.701775,30,30,-0.046914,0.038845,0.000000,0.000000,0.000000,0.000179,0
20260804_163742_531,1,Unspecified,768,2026-08-04T16:44:39.2333774+09:00,2026-08-04T16:44:39.7333774+09:00,416.701775,417.201775,30,30,-0.047666,0.038852,0.000000,0.000000,0.000000,0.000507,0
20260804_163742_531,1,Unspecified,769,2026-08-04T16:44:39.7333774+09:00,2026-08-04T16:44:40.2333774+09:00,417.201775,417.701775,30,30,-0.048205,0.038513,0.000000,0.000000,0.000000,0.000176,0
20260804_163742_531,1,Unspecified,770,2026-08-04T16:44:40.2333774+09:00,2026-08-04T16:44:40.7333774+09:00,417.701775,418.201775,30,30,-0.048426,0.038232,0.000000,0.000000,0.000000,0.000189,0
20260804_163742_531,1,Unspecified,771,2026-08-04T16:44:40.7333774+09:00,2026-08-04T16:44:41.2333774+09:00,418.201775,418.701775,30,30,-0.048439,0.038182,0.000000,0.000000,0.000000,0.000154,0
20260804_163742_531,1,Unspecified,772,2026-08-04T16:44:41.2333774+09:00,2026-08-04T16:44:41.7333774+09:00,418.701775,419.201775,30,30,-0.048217,0.038170,0.000000,0.000000,0.000000,0.000144,0
20260804_163742_531,1,Unspecified,773,2026-08-04T16:44:41.7333774+09:00,2026-08-04T16:44:42.2333774+09:00,419.201775,419.701775,30,30,-0.048213,0.037861,0.000000,0.000000,0.000000,0.000298,0
20260804_163742_531,1,Unspecified,774,2026-08-04T16:44:42.2333774+09:00,2026-08-04T16:44:42.7333774+09:00,419.701775,420.201775,30,30,-0.048314,0.037331,0.000000,0.000000,0.000000,0.000173,0
20260804_163742_531,1,Unspecified,775,2026-08-04T16:44:42.7333774+09:00,2026-08-04T16:44:43.2333774+09:00,420.201775,420.701775,30,30,-0.048624,0.037402,0.000000,0.000000,0.000000,0.000253,0
20260804_163742_531,1,Unspecified,776,2026-08-04T16:44:43.2333774+09:00,2026-08-04T16:44:43.7333774+09:00,420.701775,421.201775,30,30,-0.049705,0.036630,0.000000,0.000000,0.000000,0.000646,0
20260804_163742_531,1,Unspecified,777,2026-08-04T16:44:43.7333774+09:00,2026-08-04T16:44:44.2333774+09:00,421.201775,421.701775,30,30,-0.050504,0.035423,0.000000,0.000000,0.000000,0.000267,0
20260804_163742_531,1,Unspecified,778,2026-08-04T16:44:44.2333774+09:00,2026-08-04T16:44:44.7333774+09:00,421.701775,422.201775,30,30,-0.050440,0.035479,0.000000,0.000000,0.000000,0.000309,0
20260804_163742_531,1,Unspecified,779,2026-08-04T16:44:44.7333774+09:00,2026-08-04T16:44:45.2333774+09:00,422.201775,422.701775,30,30,-0.049739,0.036520,0.000000,0.000000,0.000000,0.000345,0
20260804_163742_531,1,Unspecified,780,2026-08-04T16:44:45.2333774+09:00,2026-08-04T16:44:45.7333774+09:00,422.701775,423.201775,30,30,-0.049420,0.036737,0.000000,0.000000,0.000000,0.000368,0
20260804_163742_531,1,Unspecified,781,2026-08-04T16:44:45.7333774+09:00,2026-08-04T16:44:46.2333774+09:00,423.201775,423.701775,30,30,-0.049285,0.036295,0.000000,0.000000,0.000000,0.000282,0
20260804_163742_531,1,Unspecified,782,2026-08-04T16:44:46.2333774+09:00,2026-08-04T16:44:46.7333774+09:00,423.701775,424.201775,30,30,-0.049000,0.036525,0.000000,0.000000,0.000000,0.000393,0
20260804_163742_531,1,Unspecified,783,2026-08-04T16:44:46.7333774+09:00,2026-08-04T16:44:47.2333774+09:00,424.201775,424.701775,30,30,-0.049064,0.037147,0.000000,0.000000,0.000000,0.000199,0
20260804_163742_531,1,Unspecified,784,2026-08-04T16:44:47.2333774+09:00,2026-08-04T16:44:47.7333774+09:00,424.701775,425.201775,30,30,-0.049746,0.036693,0.000000,0.000000,0.000000,0.000237,0
20260804_163742_531,1,Unspecified,785,2026-08-04T16:44:47.7333774+09:00,2026-08-04T16:44:48.2333774+09:00,425.201775,425.701775,30,30,-0.049595,0.036922,0.000000,0.000000,0.000000,0.000182,0
20260804_163742_531,1,Unspecified,786,2026-08-04T16:44:48.2333774+09:00,2026-08-04T16:44:48.7333774+09:00,425.701775,426.201775,30,30,-0.049400,0.037104,0.000000,0.000000,0.000000,0.000201,0
20260804_163742_531,1,Unspecified,787,2026-08-04T16:44:48.7333774+09:00,2026-08-04T16:44:49.2333774+09:00,426.201775,426.701775,30,30,-0.049217,0.036578,0.000000,0.000000,0.000000,0.000352,0
20260804_163742_531,1,Unspecified,788,2026-08-04T16:44:49.2333774+09:00,2026-08-04T16:44:49.7333774+09:00,426.701775,427.201775,30,30,-0.048603,0.036395,0.000000,0.000000,0.000000,0.000260,0
20260804_163742_531,1,Unspecified,789,2026-08-04T16:44:49.7333774+09:00,2026-08-04T16:44:50.2333774+09:00,427.201775,427.701775,30,30,-0.048396,0.036947,0.000000,0.000000,0.000000,0.000347,0
20260804_163742_531,1,Unspecified,790,2026-08-04T16:44:50.2333774+09:00,2026-08-04T16:44:50.7333774+09:00,427.701775,428.201775,30,30,-0.048785,0.037411,0.000000,0.000000,0.000000,0.000161,0
20260804_163742_531,1,Unspecified,791,2026-08-04T16:44:50.7333774+09:00,2026-08-04T16:44:51.2333774+09:00,428.201775,428.701775,30,30,-0.048782,0.037464,0.000000,0.000000,0.000000,0.000133,0
20260804_163742_531,1,Unspecified,792,2026-08-04T16:44:51.2333774+09:00,2026-08-04T16:44:51.7333774+09:00,428.701775,429.201775,30,30,-0.048818,0.037346,0.000000,0.000000,0.000000,0.000125,0
20260804_163742_531,1,Unspecified,793,2026-08-04T16:44:51.7333774+09:00,2026-08-04T16:44:52.2333774+09:00,429.201775,429.701775,30,30,-0.048806,0.037531,0.000000,0.000000,0.000000,0.000298,0
20260804_163742_531,1,Unspecified,794,2026-08-04T16:44:52.2333774+09:00,2026-08-04T16:44:52.7333774+09:00,429.701775,430.201775,30,30,-0.048643,0.037245,0.000000,0.000000,0.000000,0.000340,0
20260804_163742_531,1,Unspecified,795,2026-08-04T16:44:52.7333774+09:00,2026-08-04T16:44:53.2333774+09:00,430.201775,430.701775,30,30,-0.048405,0.036958,0.000000,0.000000,0.000000,0.000164,0
20260804_163742_531,1,Unspecified,796,2026-08-04T16:44:53.2333774+09:00,2026-08-04T16:44:53.7333774+09:00,430.701775,431.201775,30,30,-0.048539,0.037262,0.000000,0.000000,0.000000,0.000282,0
20260804_163742_531,1,Unspecified,797,2026-08-04T16:44:53.7333774+09:00,2026-08-04T16:44:54.2333774+09:00,431.201775,431.701775,30,30,-0.048762,0.037940,0.000000,0.000000,0.000000,0.000305,0
20260804_163742_531,1,Unspecified,798,2026-08-04T16:44:54.2333774+09:00,2026-08-04T16:44:54.7333774+09:00,431.701775,432.201775,30,30,-0.049031,0.038163,0.000000,0.000000,0.000000,0.000270,0
20260804_163742_531,1,Unspecified,799,2026-08-04T16:44:54.7333774+09:00,2026-08-04T16:44:55.2333774+09:00,432.201775,432.701775,30,30,-0.048752,0.038036,0.000000,0.000000,0.000000,0.000181,0
20260804_163742_531,1,Unspecified,800,2026-08-04T16:44:55.2333774+09:00,2026-08-04T16:44:55.7333774+09:00,432.701775,433.201775,30,30,-0.048714,0.038142,0.000000,0.000000,0.000000,0.000130,0
20260804_163742_531,1,Unspecified,801,2026-08-04T16:44:55.7333774+09:00,2026-08-04T16:44:56.2333774+09:00,433.201775,433.701775,30,30,-0.048467,0.037708,0.000000,0.000000,0.000000,0.000177,0
20260804_163742_531,1,Unspecified,802,2026-08-04T16:44:56.2333774+09:00,2026-08-04T16:44:56.7333774+09:00,433.701775,434.201775,30,30,-0.048209,0.037872,0.000000,0.000000,0.000000,0.000197,0
20260804_163742_531,1,Unspecified,803,2026-08-04T16:44:56.7333774+09:00,2026-08-04T16:44:57.2333774+09:00,434.201775,434.701775,30,30,-0.048109,0.038422,0.000000,0.000000,0.000000,0.000325,0
20260804_163742_531,1,Unspecified,804,2026-08-04T16:44:57.2333774+09:00,2026-08-04T16:44:57.7333774+09:00,434.701775,435.201775,30,30,-0.048579,0.038271,0.000000,0.000000,0.000000,0.000260,0
20260804_163742_531,1,Unspecified,805,2026-08-04T16:44:57.7333774+09:00,2026-08-04T16:44:58.2333774+09:00,435.201775,435.701775,30,30,-0.048234,0.038578,0.000000,0.000000,0.000000,0.000558,0
20260804_163742_531,1,Unspecified,806,2026-08-04T16:44:58.2333774+09:00,2026-08-04T16:44:58.7333774+09:00,435.701775,436.201775,30,30,-0.048009,0.038998,0.000000,0.000000,0.000000,0.000251,0
20260804_163742_531,1,Unspecified,807,2026-08-04T16:44:58.7333774+09:00,2026-08-04T16:44:59.2333774+09:00,436.201775,436.701775,30,30,-0.047785,0.038820,0.000000,0.000000,0.000000,0.000266,0
20260804_163742_531,1,Unspecified,808,2026-08-04T16:44:59.2333774+09:00,2026-08-04T16:44:59.7333774+09:00,436.701775,437.201775,30,30,-0.047315,0.039080,0.000000,0.000000,0.000000,0.000299,0
20260804_163742_531,1,Unspecified,809,2026-08-04T16:44:59.7333774+09:00,2026-08-04T16:45:00.2333774+09:00,437.201775,437.701775,30,30,-0.046888,0.039517,0.000000,0.000000,0.000000,0.000498,0
20260804_163742_531,1,Unspecified,810,2026-08-04T16:45:00.2333774+09:00,2026-08-04T16:45:00.7333774+09:00,437.701775,438.201775,30,30,-0.046170,0.040951,0.000000,0.000000,0.000000,0.000294,0
20260804_163742_531,1,Unspecified,811,2026-08-04T16:45:00.7333774+09:00,2026-08-04T16:45:01.2333774+09:00,438.201775,438.701775,30,30,-0.043874,0.041923,0.000002,0.000001,0.000001,0.001780,0
20260804_163742_531,1,Unspecified,812,2026-08-04T16:45:01.2333774+09:00,2026-08-04T16:45:01.7333774+09:00,438.701775,439.201775,30,30,-0.042026,0.044219,0.000000,0.000000,0.000000,0.000662,0
20260804_163742_531,1,Unspecified,813,2026-08-04T16:45:01.7333774+09:00,2026-08-04T16:45:02.2333774+09:00,439.201775,439.701775,30,30,-0.043111,0.047263,0.000002,0.000003,0.000003,0.002322,0
20260804_163742_531,1,Unspecified,814,2026-08-04T16:45:02.2333774+09:00,2026-08-04T16:45:02.7333774+09:00,439.701775,440.201775,30,30,-0.038835,0.052099,0.000001,0.000002,0.000001,0.001751,0
20260804_163742_531,1,Unspecified,815,2026-08-04T16:45:02.7333774+09:00,2026-08-04T16:45:03.2333774+09:00,440.201775,440.701775,30,30,-0.016868,0.065283,0.000129,0.000026,0.000058,0.012478,0
20260804_163742_531,1,Unspecified,816,2026-08-04T16:45:03.2333774+09:00,2026-08-04T16:45:03.7333774+09:00,440.701775,441.201775,30,30,0.004719,0.073025,0.000008,0.000000,-0.000001,0.002952,0
20260804_163742_531,1,Unspecified,817,2026-08-04T16:45:03.7333774+09:00,2026-08-04T16:45:04.2333774+09:00,441.201775,441.701775,30,30,0.009878,0.073008,0.000000,0.000000,0.000000,0.000562,0
20260804_163742_531,1,Unspecified,818,2026-08-04T16:45:04.2333774+09:00,2026-08-04T16:45:04.7333774+09:00,441.701775,442.201775,30,30,0.010030,0.073418,0.000000,0.000000,0.000000,0.000414,0
20260804_163742_531,1,Unspecified,819,2026-08-04T16:45:04.7333774+09:00,2026-08-04T16:45:05.2333774+09:00,442.201775,442.701775,30,30,0.010282,0.074032,0.000000,0.000000,0.000000,0.000287,0
20260804_163742_531,1,Unspecified,820,2026-08-04T16:45:05.2333774+09:00,2026-08-04T16:45:05.7333774+09:00,442.701775,443.201775,30,30,0.010149,0.073949,0.000000,0.000000,0.000000,0.000221,0
20260804_163742_531,1,Unspecified,821,2026-08-04T16:45:05.7333774+09:00,2026-08-04T16:45:06.2333774+09:00,443.201775,443.701775,30,30,0.010205,0.073880,0.000000,0.000000,0.000000,0.000253,0
20260804_163742_531,1,Unspecified,822,2026-08-04T16:45:06.2333774+09:00,2026-08-04T16:45:06.7333774+09:00,443.701775,444.201775,30,30,0.010179,0.074269,0.000000,0.000000,0.000000,0.000158,0
20260804_163742_531,1,Unspecified,823,2026-08-04T16:45:06.7333774+09:00,2026-08-04T16:45:07.2333774+09:00,444.201775,444.701775,30,30,0.010261,0.074533,0.000000,0.000000,0.000000,0.000121,0
20260804_163742_531,1,Unspecified,824,2026-08-04T16:45:07.2333774+09:00,2026-08-04T16:45:07.7333774+09:00,444.701775,445.201775,30,30,0.010115,0.074634,0.000000,0.000000,0.000000,0.000095,0
20260804_163742_531,1,Unspecified,825,2026-08-04T16:45:07.7333774+09:00,2026-08-04T16:45:08.2333774+09:00,445.201775,445.701775,30,30,0.010149,0.074745,0.000000,0.000000,0.000000,0.000156,0
20260804_163742_531,1,Unspecified,826,2026-08-04T16:45:08.2333774+09:00,2026-08-04T16:45:08.7333774+09:00,445.701775,446.201775,30,30,0.009756,0.074462,0.000000,0.000000,0.000000,0.000135,0
20260804_163742_531,1,Unspecified,827,2026-08-04T16:45:08.7333774+09:00,2026-08-04T16:45:09.2333774+09:00,446.201775,446.701775,30,30,0.009945,0.074340,0.000000,0.000000,0.000000,0.000243,0
20260804_163742_531,1,Unspecified,828,2026-08-04T16:45:09.2333774+09:00,2026-08-04T16:45:09.7333774+09:00,446.701775,447.201775,30,30,0.009763,0.074421,0.000000,0.000000,0.000000,0.000217,0
20260804_163742_531,1,Unspecified,829,2026-08-04T16:45:09.7333774+09:00,2026-08-04T16:45:10.2333774+09:00,447.201775,447.701775,30,30,0.009724,0.074413,0.000000,0.000000,0.000000,0.000272,0
20260804_163742_531,1,Unspecified,830,2026-08-04T16:45:10.2333774+09:00,2026-08-04T16:45:10.7333774+09:00,447.701775,448.201775,30,30,0.009186,0.074334,0.000000,0.000000,0.000000,0.000192,0
20260804_163742_531,1,Unspecified,831,2026-08-04T16:45:10.7333774+09:00,2026-08-04T16:45:11.2333774+09:00,448.201775,448.701775,30,30,0.008942,0.074045,0.000000,0.000000,0.000000,0.000500,0
20260804_163742_531,1,Unspecified,832,2026-08-04T16:45:11.2333774+09:00,2026-08-04T16:45:11.7333774+09:00,448.701775,449.201775,30,30,0.007897,0.072704,0.000001,0.000000,0.000000,0.001072,0
20260804_163742_531,1,Unspecified,833,2026-08-04T16:45:11.7333774+09:00,2026-08-04T16:45:12.2333774+09:00,449.201775,449.701775,30,30,0.006834,0.071241,0.000001,0.000000,0.000000,0.001020,0
20260804_163742_531,1,Unspecified,834,2026-08-04T16:45:12.2333774+09:00,2026-08-04T16:45:12.7333774+09:00,449.701775,450.201775,30,30,0.005745,0.070412,0.000000,0.000000,0.000000,0.000380,0
20260804_163742_531,1,Unspecified,835,2026-08-04T16:45:12.7333774+09:00,2026-08-04T16:45:13.2333774+09:00,450.201775,450.701775,30,30,0.006664,0.070571,0.000000,0.000000,0.000000,0.000295,0
20260804_163742_531,1,Unspecified,836,2026-08-04T16:45:13.2333774+09:00,2026-08-04T16:45:13.7333774+09:00,450.701775,451.201775,30,30,0.006344,0.071031,0.000000,0.000000,0.000000,0.000314,0
20260804_163742_531,1,Unspecified,837,2026-08-04T16:45:13.7333774+09:00,2026-08-04T16:45:14.2333774+09:00,451.201775,451.701775,30,30,0.007062,0.071164,0.000000,0.000000,0.000000,0.000140,0
20260804_163742_531,1,Unspecified,838,2026-08-04T16:45:14.2333774+09:00,2026-08-04T16:45:14.7333774+09:00,451.701775,452.201775,30,30,0.006913,0.071013,0.000000,0.000000,0.000000,0.000176,0
20260804_163742_531,1,Unspecified,839,2026-08-04T16:45:14.7333774+09:00,2026-08-04T16:45:15.2333774+09:00,452.201775,452.701775,30,30,0.006982,0.070820,0.000000,0.000000,0.000000,0.000182,0
20260804_163742_531,1,Unspecified,840,2026-08-04T16:45:15.2333774+09:00,2026-08-04T16:45:15.7333774+09:00,452.701775,453.201775,30,30,0.006581,0.070728,0.000000,0.000000,0.000000,0.000189,0
20260804_163742_531,1,Unspecified,841,2026-08-04T16:45:15.7333774+09:00,2026-08-04T16:45:16.2333774+09:00,453.201775,453.701775,30,30,0.006077,0.070763,0.000000,0.000000,0.000000,0.000167,0
20260804_163742_531,1,Unspecified,842,2026-08-04T16:45:16.2333774+09:00,2026-08-04T16:45:16.7333774+09:00,453.701775,454.201775,30,30,0.006352,0.071049,0.000000,0.000000,0.000000,0.000189,0
20260804_163742_531,1,Unspecified,843,2026-08-04T16:45:16.7333774+09:00,2026-08-04T16:45:17.2333774+09:00,454.201775,454.701775,30,30,0.007168,0.071355,0.000000,0.000000,0.000000,0.000735,0
20260804_163742_531,1,Unspecified,844,2026-08-04T16:45:17.2333774+09:00,2026-08-04T16:45:17.7333774+09:00,454.701775,455.201775,30,30,0.007580,0.071561,0.000000,0.000000,0.000000,0.000511,0
20260804_163742_531,1,Unspecified,845,2026-08-04T16:45:17.7333774+09:00,2026-08-04T16:45:18.2333774+09:00,455.201775,455.701775,30,30,0.006805,0.070969,0.000000,0.000000,0.000000,0.000141,0
20260804_163742_531,1,Unspecified,846,2026-08-04T16:45:18.2333774+09:00,2026-08-04T16:45:18.7333774+09:00,455.701775,456.201775,30,30,0.006774,0.070855,0.000000,0.000000,0.000000,0.000203,0
20260804_163742_531,1,Unspecified,847,2026-08-04T16:45:18.7333774+09:00,2026-08-04T16:45:19.2333774+09:00,456.201775,456.701775,30,30,0.005834,0.070646,0.000000,0.000000,0.000000,0.000274,0
20260804_163742_531,1,Unspecified,848,2026-08-04T16:45:19.2333774+09:00,2026-08-04T16:45:19.7333774+09:00,456.701775,457.201775,30,30,0.005649,0.070722,0.000000,0.000000,0.000000,0.000149,0
20260804_163742_531,1,Unspecified,849,2026-08-04T16:45:19.7333774+09:00,2026-08-04T16:45:20.2333774+09:00,457.201775,457.701775,30,30,0.005704,0.070827,0.000000,0.000000,0.000000,0.000243,0
20260804_163742_531,1,Unspecified,850,2026-08-04T16:45:20.2333774+09:00,2026-08-04T16:45:20.7333774+09:00,457.701775,458.201775,30,30,0.005832,0.070849,0.000000,0.000000,0.000000,0.000217,0
20260804_163742_531,1,Unspecified,851,2026-08-04T16:45:20.7333774+09:00,2026-08-04T16:45:21.2333774+09:00,458.201775,458.701775,30,30,0.005345,0.070458,0.000000,0.000000,0.000000,0.000144,0
20260804_163742_531,1,Unspecified,852,2026-08-04T16:45:21.2333774+09:00,2026-08-04T16:45:21.7333774+09:00,458.701775,459.201775,30,30,0.005428,0.070244,0.000000,0.000000,0.000000,0.000168,0
20260804_163742_531,1,Unspecified,853,2026-08-04T16:45:21.7333774+09:00,2026-08-04T16:45:22.2333774+09:00,459.201775,459.701775,30,30,0.004929,0.070091,0.000000,0.000000,0.000000,0.000285,0
20260804_163742_531,1,Unspecified,854,2026-08-04T16:45:22.2333774+09:00,2026-08-04T16:45:22.7333774+09:00,459.701775,460.201775,30,30,0.004620,0.070018,0.000000,0.000000,0.000000,0.000228,0
20260804_163742_531,1,Unspecified,855,2026-08-04T16:45:22.7333774+09:00,2026-08-04T16:45:23.2333774+09:00,460.201775,460.701775,30,30,0.004272,0.070037,0.000000,0.000000,0.000000,0.000114,0
20260804_163742_531,1,Unspecified,856,2026-08-04T16:45:23.2333774+09:00,2026-08-04T16:45:23.7333774+09:00,460.701775,461.201775,30,30,0.004124,0.070045,0.000000,0.000000,0.000000,0.000092,0
20260804_163742_531,1,Unspecified,857,2026-08-04T16:45:23.7333774+09:00,2026-08-04T16:45:24.2333774+09:00,461.201775,461.701775,30,30,0.003705,0.069491,0.000000,0.000000,0.000000,0.000246,0
20260804_163742_531,1,Unspecified,858,2026-08-04T16:45:24.2333774+09:00,2026-08-04T16:45:24.7333774+09:00,461.701775,462.201775,30,30,0.003675,0.069098,0.000000,0.000000,0.000000,0.000152,0
20260804_163742_531,1,Unspecified,859,2026-08-04T16:45:24.7333774+09:00,2026-08-04T16:45:25.2333774+09:00,462.201775,462.701775,30,30,0.002600,0.068647,0.000000,0.000000,0.000000,0.000548,0
20260804_163742_531,1,Unspecified,860,2026-08-04T16:45:25.2333774+09:00,2026-08-04T16:45:25.7333774+09:00,462.701775,463.201775,30,30,0.002222,0.068404,0.000000,0.000000,0.000000,0.000499,0
20260804_163742_531,1,Unspecified,861,2026-08-04T16:45:25.7333774+09:00,2026-08-04T16:45:26.2333774+09:00,463.201775,463.701775,30,30,0.002434,0.068449,0.000000,0.000000,0.000000,0.000187,0
20260804_163742_531,1,Unspecified,862,2026-08-04T16:45:26.2333774+09:00,2026-08-04T16:45:26.7333774+09:00,463.701775,464.201775,30,30,0.002500,0.068573,0.000000,0.000000,0.000000,0.000158,0
20260804_163742_531,1,Unspecified,863,2026-08-04T16:45:26.7333774+09:00,2026-08-04T16:45:27.2333774+09:00,464.201775,464.701775,30,30,-0.002428,0.070110,0.000016,0.000001,-0.000004,0.004169,0
20260804_163742_531,1,Unspecified,864,2026-08-04T16:45:27.2333774+09:00,2026-08-04T16:45:27.7333774+09:00,464.701775,465.201775,30,30,-0.018120,0.067418,0.000017,0.000005,0.000009,0.004676,0
20260804_163742_531,1,Unspecified,865,2026-08-04T16:45:27.7333774+09:00,2026-08-04T16:45:28.2333774+09:00,465.201775,465.701775,30,30,-0.022986,0.062595,0.000000,0.000000,0.000000,0.000553,0
20260804_163742_531,1,Unspecified,866,2026-08-04T16:45:28.2333774+09:00,2026-08-04T16:45:28.7333774+09:00,465.701775,466.201775,30,30,-0.023407,0.060506,0.000000,0.000001,0.000000,0.000924,0
20260804_163742_531,1,Unspecified,867,2026-08-04T16:45:28.7333774+09:00,2026-08-04T16:45:29.2333774+09:00,466.201775,466.701775,30,30,-0.023027,0.059957,0.000000,0.000000,0.000000,0.000130,0
20260804_163742_531,1,Unspecified,868,2026-08-04T16:45:29.2333774+09:00,2026-08-04T16:45:29.7333774+09:00,466.701775,467.201775,30,30,-0.022941,0.059891,0.000000,0.000000,0.000000,0.000156,0
20260804_163742_531,1,Unspecified,869,2026-08-04T16:45:29.7333774+09:00,2026-08-04T16:45:30.2333774+09:00,467.201775,467.701775,30,30,-0.022782,0.059885,0.000000,0.000000,0.000000,0.000174,0
20260804_163742_531,1,Unspecified,870,2026-08-04T16:45:30.2333774+09:00,2026-08-04T16:45:30.7333774+09:00,467.701775,468.201775,30,30,-0.023089,0.059702,0.000000,0.000000,0.000000,0.000144,0
20260804_163742_531,1,Unspecified,871,2026-08-04T16:45:30.7333774+09:00,2026-08-04T16:45:31.2333774+09:00,468.201775,468.701775,30,30,-0.023227,0.059387,0.000000,0.000000,0.000000,0.000220,0
20260804_163742_531,1,Unspecified,872,2026-08-04T16:45:31.2333774+09:00,2026-08-04T16:45:31.7333774+09:00,468.701775,469.201775,30,30,-0.023349,0.059055,0.000000,0.000000,0.000000,0.000188,0
20260804_163742_531,1,Unspecified,873,2026-08-04T16:45:31.7333774+09:00,2026-08-04T16:45:32.2333774+09:00,469.201775,469.701775,30,30,-0.023650,0.058998,0.000000,0.000000,0.000000,0.000203,0
20260804_163742_531,1,Unspecified,874,2026-08-04T16:45:32.2333774+09:00,2026-08-04T16:45:32.7333774+09:00,469.701775,470.201775,30,30,-0.023479,0.059195,0.000000,0.000000,0.000000,0.000228,0
20260804_163742_531,1,Unspecified,875,2026-08-04T16:45:32.7333774+09:00,2026-08-04T16:45:33.2333774+09:00,470.201775,470.701775,30,30,-0.023264,0.059288,0.000000,0.000000,0.000000,0.000311,0
20260804_163742_531,1,Unspecified,876,2026-08-04T16:45:33.2333774+09:00,2026-08-04T16:45:33.7333774+09:00,470.701775,471.201775,30,30,-0.022655,0.059517,0.000000,0.000000,0.000000,0.000151,0
20260804_163742_531,1,Unspecified,877,2026-08-04T16:45:33.7333774+09:00,2026-08-04T16:45:34.2333774+09:00,471.201775,471.701775,30,30,-0.022713,0.059688,0.000000,0.000000,0.000000,0.000146,0
20260804_163742_531,1,Unspecified,878,2026-08-04T16:45:34.2333774+09:00,2026-08-04T16:45:34.7333774+09:00,471.701775,472.201775,30,30,-0.023038,0.059276,0.000000,0.000000,0.000000,0.000168,0
20260804_163742_531,1,Unspecified,879,2026-08-04T16:45:34.7333774+09:00,2026-08-04T16:45:35.2333774+09:00,472.201775,472.701775,30,30,-0.023170,0.059274,0.000000,0.000000,0.000000,0.000209,0
20260804_163742_531,1,Unspecified,880,2026-08-04T16:45:35.2333774+09:00,2026-08-04T16:45:35.7333774+09:00,472.701775,473.201775,30,30,-0.023178,0.059279,0.000000,0.000000,0.000000,0.000469,0
20260804_163742_531,1,Unspecified,881,2026-08-04T16:45:35.7333774+09:00,2026-08-04T16:45:36.2333774+09:00,473.201775,473.701775,30,30,-0.023555,0.059448,0.000000,0.000000,0.000000,0.000268,0
20260804_163742_531,1,Unspecified,882,2026-08-04T16:45:36.2333774+09:00,2026-08-04T16:45:36.7333774+09:00,473.701775,474.201775,30,30,-0.022899,0.060406,0.000000,0.000000,0.000000,0.000585,0
20260804_163742_531,1,Unspecified,883,2026-08-04T16:45:36.7333774+09:00,2026-08-04T16:45:37.2333774+09:00,474.201775,474.701775,30,30,-0.022651,0.060886,0.000000,0.000000,0.000000,0.000189,0
20260804_163742_531,1,Unspecified,884,2026-08-04T16:45:37.2333774+09:00,2026-08-04T16:45:37.7333774+09:00,474.701775,475.201775,30,30,-0.022761,0.060564,0.000000,0.000000,0.000000,0.000164,0
20260804_163742_531,1,Unspecified,885,2026-08-04T16:45:37.7333774+09:00,2026-08-04T16:45:38.2333774+09:00,475.201775,475.701775,30,30,-0.022786,0.060323,0.000000,0.000000,0.000000,0.000160,0
20260804_163742_531,1,Unspecified,886,2026-08-04T16:45:38.2333774+09:00,2026-08-04T16:45:38.7333774+09:00,475.701775,476.201775,30,30,-0.022845,0.060627,0.000000,0.000000,0.000000,0.000168,0
20260804_163742_531,1,Unspecified,887,2026-08-04T16:45:38.7333774+09:00,2026-08-04T16:45:39.2333774+09:00,476.201775,476.701775,30,30,-0.023071,0.060731,0.000000,0.000000,0.000000,0.000141,0
20260804_163742_531,1,Unspecified,888,2026-08-04T16:45:39.2333774+09:00,2026-08-04T16:45:39.7333774+09:00,476.701775,477.201775,30,30,-0.022968,0.061230,0.000000,0.000000,0.000000,0.000126,0
20260804_163742_531,1,Unspecified,889,2026-08-04T16:45:39.7333774+09:00,2026-08-04T16:45:40.2333774+09:00,477.201775,477.701775,30,30,-0.023293,0.061186,0.000000,0.000000,0.000000,0.000228,0
20260804_163742_531,1,Unspecified,890,2026-08-04T16:45:40.2333774+09:00,2026-08-04T16:45:40.7333774+09:00,477.701775,478.201775,30,30,-0.023107,0.061289,0.000000,0.000000,0.000000,0.000232,0
20260804_163742_531,1,Unspecified,891,2026-08-04T16:45:40.7333774+09:00,2026-08-04T16:45:41.2333774+09:00,478.201775,478.701775,30,30,-0.023452,0.060786,0.000000,0.000000,0.000000,0.000344,0
20260804_163742_531,1,Unspecified,892,2026-08-04T16:45:41.2333774+09:00,2026-08-04T16:45:41.7333774+09:00,478.701775,479.201775,30,30,-0.022432,0.060770,0.000000,0.000000,0.000000,0.000115,0
20260804_163742_531,1,Unspecified,893,2026-08-04T16:45:41.7333774+09:00,2026-08-04T16:45:42.2333774+09:00,479.201775,479.701775,30,30,-0.022533,0.060923,0.000000,0.000000,0.000000,0.000264,0
20260804_163742_531,1,Unspecified,894,2026-08-04T16:45:42.2333774+09:00,2026-08-04T16:45:42.7333774+09:00,479.701775,480.201775,30,30,-0.022924,0.060674,0.000000,0.000000,0.000000,0.000219,0
20260804_163742_531,1,Unspecified,895,2026-08-04T16:45:42.7333774+09:00,2026-08-04T16:45:43.2333774+09:00,480.201775,480.701775,30,30,-0.023021,0.061097,0.000000,0.000000,0.000000,0.000190,0
20260804_163742_531,1,Unspecified,896,2026-08-04T16:45:43.2333774+09:00,2026-08-04T16:45:43.7333774+09:00,480.701775,481.201775,30,30,-0.022862,0.061078,0.000000,0.000000,0.000000,0.000164,0
20260804_163742_531,1,Unspecified,897,2026-08-04T16:45:43.7333774+09:00,2026-08-04T16:45:44.2333774+09:00,481.201775,481.701775,30,30,-0.022915,0.061174,0.000000,0.000000,0.000000,0.000150,0
20260804_163742_531,1,Unspecified,898,2026-08-04T16:45:44.2333774+09:00,2026-08-04T16:45:44.7333774+09:00,481.701775,482.201775,30,30,-0.023003,0.061067,0.000000,0.000000,0.000000,0.000253,0
20260804_163742_531,1,Unspecified,899,2026-08-04T16:45:44.7333774+09:00,2026-08-04T16:45:45.2333774+09:00,482.201775,482.701775,30,30,-0.022630,0.060956,0.000000,0.000000,0.000000,0.000154,0
20260804_163742_531,1,Unspecified,900,2026-08-04T16:45:45.2333774+09:00,2026-08-04T16:45:45.7333774+09:00,482.701775,483.201775,30,30,-0.022319,0.060883,0.000000,0.000000,0.000000,0.000320,0
20260804_163742_531,1,Unspecified,901,2026-08-04T16:45:45.7333774+09:00,2026-08-04T16:45:46.2333774+09:00,483.201775,483.701775,30,30,-0.022256,0.061133,0.000000,0.000000,0.000000,0.000154,0
20260804_163742_531,1,Unspecified,902,2026-08-04T16:45:46.2333774+09:00,2026-08-04T16:45:46.7333774+09:00,483.701775,484.201775,30,30,-0.022298,0.061405,0.000000,0.000000,0.000000,0.000163,0
20260804_163742_531,1,Unspecified,903,2026-08-04T16:45:46.7333774+09:00,2026-08-04T16:45:47.2333774+09:00,484.201775,484.701775,30,30,-0.021726,0.061458,0.000000,0.000000,0.000000,0.000346,0
20260804_163742_531,1,Unspecified,904,2026-08-04T16:45:47.2333774+09:00,2026-08-04T16:45:47.7333774+09:00,484.701775,485.201775,30,30,-0.018981,0.061764,0.000000,0.000000,0.000000,0.000698,0
20260804_163742_531,1,Unspecified,905,2026-08-04T16:45:47.7333774+09:00,2026-08-04T16:45:48.2333774+09:00,485.201775,485.701775,30,30,-0.019170,0.060879,0.000000,0.000000,0.000000,0.000540,0
20260804_163742_531,1,Unspecified,906,2026-08-04T16:45:48.2333774+09:00,2026-08-04T16:45:48.7333774+09:00,485.701775,486.201775,30,30,-0.021451,0.059537,0.000005,0.000000,0.000000,0.002210,0
20260804_163742_531,1,Unspecified,907,2026-08-04T16:45:48.7333774+09:00,2026-08-04T16:45:49.2333774+09:00,486.201775,486.701775,30,30,-0.030712,0.058966,0.000005,0.000002,0.000003,0.002727,0
20260804_163742_531,1,Unspecified,908,2026-08-04T16:45:49.2333774+09:00,2026-08-04T16:45:49.7333774+09:00,486.701775,487.201775,30,30,-0.041368,0.045715,0.000020,0.000026,0.000022,0.006792,0
20260804_163742_531,1,Unspecified,909,2026-08-04T16:45:49.7333774+09:00,2026-08-04T16:45:50.2333774+09:00,487.201775,487.701775,30,30,-0.039306,0.054983,0.000008,0.000016,0.000011,0.004888,0
20260804_163742_531,1,Unspecified,910,2026-08-04T16:45:50.2333774+09:00,2026-08-04T16:45:50.7333774+09:00,487.701775,488.201775,30,30,-0.032192,0.057730,0.000006,0.000002,0.000003,0.002898,0
20260804_163742_531,1,Unspecified,911,2026-08-04T16:45:50.7333774+09:00,2026-08-04T16:45:51.2333774+09:00,488.201775,488.701775,30,30,-0.032643,0.059480,0.000003,0.000001,0.000001,0.001862,0
20260804_163742_531,1,Unspecified,912,2026-08-04T16:45:51.2333774+09:00,2026-08-04T16:45:51.7333774+09:00,488.701775,489.201775,30,30,-0.037677,0.054002,0.000000,0.000004,0.000000,0.002021,0
20260804_163742_531,1,Unspecified,913,2026-08-04T16:45:51.7333774+09:00,2026-08-04T16:45:52.2333774+09:00,489.201775,489.701775,30,30,-0.036875,0.051304,0.000001,0.000000,0.000000,0.001149,0
20260804_163742_531,1,Unspecified,914,2026-08-04T16:45:52.2333774+09:00,2026-08-04T16:45:52.7333774+09:00,489.701775,490.201775,30,30,-0.031668,0.054506,0.000003,0.000000,0.000001,0.001832,0
20260804_163742_531,1,Unspecified,915,2026-08-04T16:45:52.7333774+09:00,2026-08-04T16:45:53.2333774+09:00,490.201775,490.701775,30,30,-0.033912,0.051248,0.000001,0.000002,0.000001,0.001893,0
20260804_163742_531,1,Unspecified,916,2026-08-04T16:45:53.2333774+09:00,2026-08-04T16:45:53.7333774+09:00,490.701775,491.201775,30,30,-0.031243,0.052007,0.000000,0.000000,0.000000,0.000758,0
20260804_163742_531,1,Unspecified,917,2026-08-04T16:45:53.7333774+09:00,2026-08-04T16:45:54.2333774+09:00,491.201775,491.701775,30,30,-0.035605,0.049954,0.000005,0.000001,0.000003,0.002560,0
20260804_163742_531,1,Unspecified,918,2026-08-04T16:45:54.2333774+09:00,2026-08-04T16:45:54.7333774+09:00,491.701775,492.201775,30,30,-0.039008,0.048577,0.000000,0.000000,0.000000,0.000546,0
20260804_163742_531,1,Unspecified,919,2026-08-04T16:45:54.7333774+09:00,2026-08-04T16:45:55.2333774+09:00,492.201775,492.701775,30,30,-0.040106,0.048977,0.000001,0.000000,0.000000,0.001037,0
20260804_163742_531,1,Unspecified,920,2026-08-04T16:45:55.2333774+09:00,2026-08-04T16:45:55.7333774+09:00,492.701775,493.201775,30,30,-0.040479,0.047485,0.000000,0.000000,0.000000,0.000386,0
20260804_163742_531,1,Unspecified,921,2026-08-04T16:45:55.7333774+09:00,2026-08-04T16:45:56.2333774+09:00,493.201775,493.701775,30,30,-0.041594,0.047276,0.000000,0.000000,0.000000,0.000616,0
20260804_163742_531,1,Unspecified,922,2026-08-04T16:45:56.2333774+09:00,2026-08-04T16:45:56.7333774+09:00,493.701775,494.201775,30,30,-0.042393,0.047461,0.000000,0.000000,0.000000,0.000262,0
20260804_163742_531,1,Unspecified,923,2026-08-04T16:45:56.7333774+09:00,2026-08-04T16:45:57.2333774+09:00,494.201775,494.701775,30,30,-0.042874,0.047115,0.000000,0.000000,0.000000,0.000138,0
20260804_163742_531,1,Unspecified,924,2026-08-04T16:45:57.2333774+09:00,2026-08-04T16:45:57.7333774+09:00,494.701775,495.201775,30,30,-0.042902,0.047153,0.000000,0.000000,0.000000,0.000124,0
20260804_163742_531,1,Unspecified,925,2026-08-04T16:45:57.7333774+09:00,2026-08-04T16:45:58.2333774+09:00,495.201775,495.701775,30,30,-0.042974,0.046892,0.000000,0.000000,0.000000,0.000173,0
20260804_163742_531,1,Unspecified,926,2026-08-04T16:45:58.2333774+09:00,2026-08-04T16:45:58.7333774+09:00,495.701775,496.201775,30,30,-0.042983,0.046726,0.000000,0.000000,0.000000,0.000143,0
20260804_163742_531,1,Unspecified,927,2026-08-04T16:45:58.7333774+09:00,2026-08-04T16:45:59.2333774+09:00,496.201775,496.701775,30,30,-0.043089,0.046883,0.000000,0.000000,0.000000,0.000139,0
20260804_163742_531,1,Unspecified,928,2026-08-04T16:45:59.2333774+09:00,2026-08-04T16:45:59.7333774+09:00,496.701775,497.201775,30,30,-0.043037,0.046736,0.000000,0.000000,0.000000,0.000210,0
20260804_163742_531,1,Unspecified,929,2026-08-04T16:45:59.7333774+09:00,2026-08-04T16:46:00.2333774+09:00,497.201775,497.701775,30,30,-0.042921,0.046586,0.000000,0.000000,0.000000,0.000215,0
20260804_163742_531,1,Unspecified,930,2026-08-04T16:46:00.2333774+09:00,2026-08-04T16:46:00.7333774+09:00,497.701775,498.201775,30,30,-0.043001,0.046629,0.000000,0.000000,0.000000,0.000408,0
20260804_163742_531,1,Unspecified,931,2026-08-04T16:46:00.7333774+09:00,2026-08-04T16:46:01.2333774+09:00,498.201775,498.701775,30,30,-0.043807,0.045276,0.000000,0.000000,0.000000,0.000396,0
20260804_163742_531,1,Unspecified,932,2026-08-04T16:46:01.2333774+09:00,2026-08-04T16:46:01.7333774+09:00,498.701775,499.201775,30,30,-0.044118,0.043996,0.000000,0.000000,0.000000,0.000515,0
20260804_163742_531,1,Unspecified,933,2026-08-04T16:46:01.7333774+09:00,2026-08-04T16:46:02.2333774+09:00,499.201775,499.701775,30,30,-0.044377,0.043185,0.000000,0.000000,0.000000,0.000698,0
20260804_163742_531,1,Unspecified,934,2026-08-04T16:46:02.2333774+09:00,2026-08-04T16:46:02.7333774+09:00,499.701775,500.201775,30,30,-0.045286,0.042395,0.000000,0.000000,0.000000,0.000175,0
20260804_163742_531,1,Unspecified,935,2026-08-04T16:46:02.7333774+09:00,2026-08-04T16:46:03.2333774+09:00,500.201775,500.701775,30,30,-0.045514,0.042333,0.000000,0.000000,0.000000,0.000245,0
20260804_163742_531,1,Unspecified,936,2026-08-04T16:46:03.2333774+09:00,2026-08-04T16:46:03.7333774+09:00,500.701775,501.201775,30,30,-0.046159,0.041656,0.000000,0.000000,0.000000,0.000324,0
20260804_163742_531,1,Unspecified,937,2026-08-04T16:46:03.7333774+09:00,2026-08-04T16:46:04.2333774+09:00,501.201775,501.701775,30,30,-0.046880,0.041039,0.000000,0.000000,0.000000,0.000249,0
20260804_163742_531,1,Unspecified,938,2026-08-04T16:46:04.2333774+09:00,2026-08-04T16:46:04.7333774+09:00,501.701775,502.201775,30,30,-0.047426,0.040688,0.000000,0.000000,0.000000,0.000162,0
20260804_163742_531,1,Unspecified,939,2026-08-04T16:46:04.7333774+09:00,2026-08-04T16:46:05.2333774+09:00,502.201775,502.701775,30,30,-0.047796,0.040449,0.000000,0.000000,0.000000,0.000225,0
20260804_163742_531,1,Unspecified,940,2026-08-04T16:46:05.2333774+09:00,2026-08-04T16:46:05.7333774+09:00,502.701775,503.201775,30,30,-0.047751,0.040476,0.000000,0.000000,0.000000,0.000144,0
20260804_163742_531,1,Unspecified,941,2026-08-04T16:46:05.7333774+09:00,2026-08-04T16:46:06.2333774+09:00,503.201775,503.701775,30,30,-0.047763,0.040398,0.000000,0.000000,0.000000,0.000201,0
20260804_163742_531,1,Unspecified,942,2026-08-04T16:46:06.2333774+09:00,2026-08-04T16:46:06.7333774+09:00,503.701775,504.201775,30,30,-0.047790,0.040608,0.000000,0.000000,0.000000,0.000111,0
20260804_163742_531,1,Unspecified,943,2026-08-04T16:46:06.7333774+09:00,2026-08-04T16:46:07.2333774+09:00,504.201775,504.701775,30,30,-0.048028,0.040371,0.000000,0.000000,0.000000,0.000160,0
20260804_163742_531,1,Unspecified,944,2026-08-04T16:46:07.2333774+09:00,2026-08-04T16:46:07.7333774+09:00,504.701775,505.201775,30,30,-0.048066,0.040054,0.000000,0.000000,0.000000,0.000228,0
20260804_163742_531,1,Unspecified,945,2026-08-04T16:46:07.7333774+09:00,2026-08-04T16:46:08.2333774+09:00,505.201775,505.701775,30,30,-0.048176,0.039700,0.000000,0.000000,0.000000,0.000146,0
20260804_163742_531,1,Unspecified,946,2026-08-04T16:46:08.2333774+09:00,2026-08-04T16:46:08.7333774+09:00,505.701775,506.201775,30,30,-0.048165,0.040089,0.000000,0.000000,0.000000,0.000171,0
20260804_163742_531,1,Unspecified,947,2026-08-04T16:46:08.7333774+09:00,2026-08-04T16:46:09.2333774+09:00,506.201775,506.701775,30,30,-0.048314,0.040069,0.000000,0.000000,0.000000,0.000152,0
20260804_163742_531,1,Unspecified,948,2026-08-04T16:46:09.2333774+09:00,2026-08-04T16:46:09.7333774+09:00,506.701775,507.201775,30,30,-0.048460,0.039901,0.000000,0.000000,0.000000,0.000173,0
20260804_163742_531,1,Unspecified,949,2026-08-04T16:46:09.7333774+09:00,2026-08-04T16:46:10.2333774+09:00,507.201775,507.701775,30,30,-0.048348,0.039952,0.000000,0.000000,0.000000,0.000130,0
20260804_163742_531,1,Unspecified,950,2026-08-04T16:46:10.2333774+09:00,2026-08-04T16:46:10.7333774+09:00,507.701775,508.201775,30,30,-0.048241,0.039950,0.000000,0.000000,0.000000,0.000142,0
20260804_163742_531,1,Unspecified,951,2026-08-04T16:46:10.7333774+09:00,2026-08-04T16:46:11.2333774+09:00,508.201775,508.701775,30,30,-0.048282,0.039533,0.000000,0.000000,0.000000,0.000177,0
20260804_163742_531,1,Unspecified,952,2026-08-04T16:46:11.2333774+09:00,2026-08-04T16:46:11.7333774+09:00,508.701775,509.201775,30,30,-0.048415,0.039187,0.000000,0.000000,0.000000,0.000207,0
20260804_163742_531,1,Unspecified,953,2026-08-04T16:46:11.7333774+09:00,2026-08-04T16:46:12.2333774+09:00,509.201775,509.701775,30,30,-0.048497,0.039395,0.000000,0.000000,0.000000,0.000256,0
20260804_163742_531,1,Unspecified,954,2026-08-04T16:46:12.2333774+09:00,2026-08-04T16:46:12.7333774+09:00,509.701775,510.201775,30,30,-0.048605,0.039569,0.000000,0.000000,0.000000,0.000153,0
20260804_163742_531,1,Unspecified,955,2026-08-04T16:46:12.7333774+09:00,2026-08-04T16:46:13.2333774+09:00,510.201775,510.701775,30,30,-0.048707,0.039668,0.000000,0.000000,0.000000,0.000136,0
20260804_163742_531,1,Unspecified,956,2026-08-04T16:46:13.2333774+09:00,2026-08-04T16:46:13.7333774+09:00,510.701775,511.201775,30,30,-0.048807,0.039708,0.000000,0.000000,0.000000,0.000166,0
20260804_163742_531,1,Unspecified,957,2026-08-04T16:46:13.7333774+09:00,2026-08-04T16:46:14.2333774+09:00,511.201775,511.701775,30,30,-0.048821,0.039508,0.000000,0.000000,0.000000,0.000206,0
20260804_163742_531,1,Unspecified,958,2026-08-04T16:46:14.2333774+09:00,2026-08-04T16:46:14.7333774+09:00,511.701775,512.201775,30,30,-0.048931,0.038860,0.000000,0.000000,0.000000,0.000266,0
20260804_163742_531,1,Unspecified,959,2026-08-04T16:46:14.7333774+09:00,2026-08-04T16:46:15.2333774+09:00,512.201775,512.701775,30,30,-0.048971,0.038590,0.000000,0.000000,0.000000,0.000202,0
20260804_163742_531,1,Unspecified,960,2026-08-04T16:46:15.2333774+09:00,2026-08-04T16:46:15.7333774+09:00,512.701775,513.201775,30,30,-0.048851,0.038811,0.000000,0.000000,0.000000,0.000222,0
20260804_163742_531,1,Unspecified,961,2026-08-04T16:46:15.7333774+09:00,2026-08-04T16:46:16.2333774+09:00,513.201775,513.701775,30,30,-0.048801,0.038928,0.000000,0.000000,0.000000,0.000193,0
20260804_163742_531,1,Unspecified,962,2026-08-04T16:46:16.2333774+09:00,2026-08-04T16:46:16.7333774+09:00,513.701775,514.201775,30,30,-0.045687,0.039357,0.000001,0.000000,0.000000,0.000871,0
20260804_163742_531,1,Unspecified,963,2026-08-04T16:46:16.7333774+09:00,2026-08-04T16:46:17.2333774+09:00,514.201775,514.701775,30,30,-0.045471,0.039577,0.000001,0.000000,0.000000,0.000735,0
20260804_163742_531,1,Unspecified,964,2026-08-04T16:46:17.2333774+09:00,2026-08-04T16:46:17.7333774+09:00,514.701775,515.201775,30,30,-0.047627,0.039200,0.000001,0.000000,0.000000,0.000965,0
20260804_163742_531,1,Unspecified,965,2026-08-04T16:46:17.7333774+09:00,2026-08-04T16:46:18.2333774+09:00,515.201775,515.701775,30,30,-0.046477,0.039077,0.000000,0.000000,0.000000,0.000284,0
20260804_163742_531,1,Unspecified,966,2026-08-04T16:46:18.2333774+09:00,2026-08-04T16:46:18.7333774+09:00,515.701775,516.201775,30,30,-0.046901,0.038934,0.000000,0.000000,0.000000,0.000140,0
20260804_163742_531,1,Unspecified,967,2026-08-04T16:46:18.7333774+09:00,2026-08-04T16:46:19.2333774+09:00,516.201775,516.701775,30,30,-0.047009,0.039498,0.000000,0.000000,0.000000,0.000255,0
20260804_163742_531,1,Unspecified,968,2026-08-04T16:46:19.2333774+09:00,2026-08-04T16:46:19.7333774+09:00,516.701775,517.201775,30,30,-0.047202,0.039589,0.000000,0.000000,0.000000,0.000241,0
20260804_163742_531,1,Unspecified,969,2026-08-04T16:46:19.7333774+09:00,2026-08-04T16:46:20.2333774+09:00,517.201775,517.701775,30,30,-0.047012,0.039724,0.000000,0.000000,0.000000,0.000169,0
20260804_163742_531,1,Unspecified,970,2026-08-04T16:46:20.2333774+09:00,2026-08-04T16:46:20.7333774+09:00,517.701775,518.201775,30,30,-0.047035,0.039591,0.000000,0.000000,0.000000,0.000136,0
20260804_163742_531,1,Unspecified,971,2026-08-04T16:46:20.7333774+09:00,2026-08-04T16:46:21.2333774+09:00,518.201775,518.701775,30,30,-0.047265,0.039322,0.000000,0.000000,0.000000,0.000133,0
20260804_163742_531,1,Unspecified,972,2026-08-04T16:46:21.2333774+09:00,2026-08-04T16:46:21.7333774+09:00,518.701775,519.201775,30,30,-0.047328,0.039044,0.000000,0.000000,0.000000,0.000180,0
20260804_163742_531,1,Unspecified,973,2026-08-04T16:46:21.7333774+09:00,2026-08-04T16:46:22.2333774+09:00,519.201775,519.701775,30,30,-0.047453,0.038974,0.000000,0.000000,0.000000,0.000176,0
20260804_163742_531,1,Unspecified,974,2026-08-04T16:46:22.2333774+09:00,2026-08-04T16:46:22.7333774+09:00,519.701775,520.201775,30,30,-0.047463,0.039288,0.000000,0.000000,0.000000,0.000125,0
20260804_163742_531,1,Unspecified,975,2026-08-04T16:46:22.7333774+09:00,2026-08-04T16:46:23.2333774+09:00,520.201775,520.701775,30,30,-0.047561,0.039519,0.000000,0.000000,0.000000,0.000125,0
20260804_163742_531,1,Unspecified,976,2026-08-04T16:46:23.2333774+09:00,2026-08-04T16:46:23.7333774+09:00,520.701775,521.201775,30,30,-0.047438,0.039652,0.000000,0.000000,0.000000,0.000152,0
20260804_163742_531,1,Unspecified,977,2026-08-04T16:46:23.7333774+09:00,2026-08-04T16:46:24.2333774+09:00,521.201775,521.701775,30,30,-0.047712,0.039417,0.000000,0.000000,0.000000,0.000188,0
20260804_163742_531,1,Unspecified,978,2026-08-04T16:46:24.2333774+09:00,2026-08-04T16:46:24.7333774+09:00,521.701775,522.201775,30,30,-0.047755,0.039078,0.000000,0.000000,0.000000,0.000133,0
20260804_163742_531,1,Unspecified,979,2026-08-04T16:46:24.7333774+09:00,2026-08-04T16:46:25.2333774+09:00,522.201775,522.701775,30,30,-0.047732,0.039019,0.000000,0.000000,0.000000,0.000239,0
20260804_163742_531,1,Unspecified,980,2026-08-04T16:46:25.2333774+09:00,2026-08-04T16:46:25.7333774+09:00,522.701775,523.201775,30,30,-0.047605,0.039138,0.000000,0.000000,0.000000,0.000326,0
20260804_163742_531,1,Unspecified,981,2026-08-04T16:46:25.7333774+09:00,2026-08-04T16:46:26.2333774+09:00,523.201775,523.701775,30,30,-0.047722,0.039562,0.000000,0.000000,0.000000,0.000170,0
20260804_163742_531,1,Unspecified,982,2026-08-04T16:46:26.2333774+09:00,2026-08-04T16:46:26.7333774+09:00,523.701775,524.201775,30,30,-0.047923,0.039810,0.000000,0.000000,0.000000,0.000080,0
20260804_163742_531,1,Unspecified,983,2026-08-04T16:46:26.7333774+09:00,2026-08-04T16:46:27.2333774+09:00,524.201775,524.701775,30,30,-0.048425,0.039706,0.000000,0.000000,0.000000,0.000319,0
20260804_163742_531,1,Unspecified,984,2026-08-04T16:46:27.2333774+09:00,2026-08-04T16:46:27.7333774+09:00,524.701775,525.201775,30,30,-0.048661,0.039165,0.000000,0.000000,0.000000,0.000182,0
20260804_163742_531,1,Unspecified,985,2026-08-04T16:46:27.7333774+09:00,2026-08-04T16:46:28.2333774+09:00,525.201775,525.701775,30,30,-0.048947,0.038787,0.000000,0.000000,0.000000,0.000175,0
20260804_163742_531,1,Unspecified,986,2026-08-04T16:46:28.2333774+09:00,2026-08-04T16:46:28.7333774+09:00,525.701775,526.201775,30,30,-0.049197,0.038840,0.000000,0.000000,0.000000,0.000157,0
20260804_163742_531,1,Unspecified,987,2026-08-04T16:46:28.7333774+09:00,2026-08-04T16:46:29.2333774+09:00,526.201775,526.701775,30,30,-0.049477,0.039043,0.000000,0.000000,0.000000,0.000188,0
20260804_163742_531,1,Unspecified,988,2026-08-04T16:46:29.2333774+09:00,2026-08-04T16:46:29.7333774+09:00,526.701775,527.201775,30,30,-0.049714,0.039135,0.000000,0.000000,0.000000,0.000175,0
20260804_163742_531,1,Unspecified,989,2026-08-04T16:46:29.7333774+09:00,2026-08-04T16:46:30.2333774+09:00,527.201775,527.701775,30,30,-0.050106,0.038989,0.000000,0.000000,0.000000,0.000196,0
20260804_163742_531,1,Unspecified,990,2026-08-04T16:46:30.2333774+09:00,2026-08-04T16:46:30.7333774+09:00,527.701775,528.201775,30,30,-0.050496,0.038862,0.000000,0.000000,0.000000,0.000156,0
20260804_163742_531,1,Unspecified,991,2026-08-04T16:46:30.7333774+09:00,2026-08-04T16:46:31.2333774+09:00,528.201775,528.701775,30,30,-0.050517,0.038631,0.000000,0.000000,0.000000,0.000180,0
20260804_163742_531,1,Unspecified,992,2026-08-04T16:46:31.2333774+09:00,2026-08-04T16:46:31.7333774+09:00,528.701775,529.201775,30,30,-0.050548,0.038633,0.000000,0.000000,0.000000,0.000218,0
20260804_163742_531,1,Unspecified,993,2026-08-04T16:46:31.7333774+09:00,2026-08-04T16:46:32.2333774+09:00,529.201775,529.701775,30,30,-0.049643,0.038874,0.000000,0.000000,0.000000,0.000170,0
20260804_163742_531,1,Unspecified,994,2026-08-04T16:46:32.2333774+09:00,2026-08-04T16:46:32.7333774+09:00,529.701775,530.201775,30,30,-0.049533,0.039082,0.000000,0.000000,0.000000,0.000322,0
20260804_163742_531,1,Unspecified,995,2026-08-04T16:46:32.7333774+09:00,2026-08-04T16:46:33.2333774+09:00,530.201775,530.701775,30,30,-0.049404,0.039195,0.000000,0.000000,0.000000,0.000223,0
20260804_163742_531,1,Unspecified,996,2026-08-04T16:46:33.2333774+09:00,2026-08-04T16:46:33.7333774+09:00,530.701775,531.201775,30,30,-0.049512,0.038934,0.000000,0.000000,0.000000,0.000230,0
20260804_163742_531,1,Unspecified,997,2026-08-04T16:46:33.7333774+09:00,2026-08-04T16:46:34.2333774+09:00,531.201775,531.701775,30,30,-0.049898,0.038439,0.000000,0.000000,0.000000,0.000148,0
20260804_163742_531,1,Unspecified,998,2026-08-04T16:46:34.2333774+09:00,2026-08-04T16:46:34.7333774+09:00,531.701775,532.201775,30,30,-0.049968,0.038223,0.000000,0.000000,0.000000,0.000129,0
20260804_163742_531,1,Unspecified,999,2026-08-04T16:46:34.7333774+09:00,2026-08-04T16:46:35.2333774+09:00,532.201775,532.701775,30,30,-0.050143,0.038066,0.000000,0.000000,0.000000,0.000160,0
20260804_163742_531,1,Unspecified,1000,2026-08-04T16:46:35.2333774+09:00,2026-08-04T16:46:35.7333774+09:00,532.701775,533.201775,30,30,-0.050354,0.038018,0.000000,0.000000,0.000000,0.000110,0
20260804_163742_531,1,Unspecified,1001,2026-08-04T16:46:35.7333774+09:00,2026-08-04T16:46:36.2333774+09:00,533.201775,533.701775,30,30,-0.050212,0.038145,0.000000,0.000000,0.000000,0.000104,0
20260804_163742_531,1,Unspecified,1002,2026-08-04T16:46:36.2333774+09:00,2026-08-04T16:46:36.7333774+09:00,533.701775,534.201775,30,30,-0.050079,0.038053,0.000000,0.000000,0.000000,0.000107,0
20260804_163742_531,1,Unspecified,1003,2026-08-04T16:46:36.7333774+09:00,2026-08-04T16:46:37.2333774+09:00,534.201775,534.701775,30,30,-0.050150,0.038094,0.000000,0.000000,0.000000,0.000146,0
20260804_163742_531,1,Unspecified,1004,2026-08-04T16:46:37.2333774+09:00,2026-08-04T16:46:37.7333774+09:00,534.701775,535.201775,30,30,-0.050301,0.037757,0.000000,0.000000,0.000000,0.000143,0
20260804_163742_531,1,Unspecified,1005,2026-08-04T16:46:37.7333774+09:00,2026-08-04T16:46:38.2333774+09:00,535.201775,535.701775,30,30,-0.050097,0.037675,0.000000,0.000000,0.000000,0.000179,0
20260804_163742_531,1,Unspecified,1006,2026-08-04T16:46:38.2333774+09:00,2026-08-04T16:46:38.7333774+09:00,535.701775,536.201775,30,30,-0.050222,0.037647,0.000000,0.000000,0.000000,0.000164,0
20260804_163742_531,1,Unspecified,1007,2026-08-04T16:46:38.7333774+09:00,2026-08-04T16:46:39.2333774+09:00,536.201775,536.701775,30,30,-0.050349,0.037741,0.000000,0.000000,0.000000,0.000196,0
20260804_163742_531,1,Unspecified,1008,2026-08-04T16:46:39.2333774+09:00,2026-08-04T16:46:39.7333774+09:00,536.701775,537.201775,30,30,-0.050242,0.038018,0.000000,0.000000,0.000000,0.000146,0
20260804_163742_531,1,Unspecified,1009,2026-08-04T16:46:39.7333774+09:00,2026-08-04T16:46:40.2333774+09:00,537.201775,537.701775,30,30,-0.049962,0.038224,0.000000,0.000000,0.000000,0.000172,0
20260804_163742_531,1,Unspecified,1010,2026-08-04T16:46:40.2333774+09:00,2026-08-04T16:46:40.7333774+09:00,537.701775,538.201775,30,30,-0.049863,0.038648,0.000000,0.000000,0.000000,0.000248,0
20260804_163742_531,1,Unspecified,1011,2026-08-04T16:46:40.7333774+09:00,2026-08-04T16:46:41.2333774+09:00,538.201775,538.701775,30,30,-0.049923,0.038553,0.000000,0.000000,0.000000,0.000136,0
20260804_163742_531,1,Unspecified,1012,2026-08-04T16:46:41.2333774+09:00,2026-08-04T16:46:41.7333774+09:00,538.701775,539.201775,30,30,-0.050001,0.038199,0.000000,0.000000,0.000000,0.000264,0
20260804_163742_531,1,Unspecified,1013,2026-08-04T16:46:41.7333774+09:00,2026-08-04T16:46:42.2333774+09:00,539.201775,539.701775,30,30,-0.049768,0.038286,0.000000,0.000000,0.000000,0.000353,0
20260804_163742_531,1,Unspecified,1014,2026-08-04T16:46:42.2333774+09:00,2026-08-04T16:46:42.7333774+09:00,539.701775,540.201775,30,30,-0.050070,0.038279,0.000000,0.000000,0.000000,0.000201,0
20260804_163742_531,1,Unspecified,1015,2026-08-04T16:46:42.7333774+09:00,2026-08-04T16:46:43.2333774+09:00,540.201775,540.701775,30,30,-0.049885,0.038760,0.000000,0.000000,0.000000,0.000248,0
20260804_163742_531,1,Unspecified,1016,2026-08-04T16:46:43.2333774+09:00,2026-08-04T16:46:43.7333774+09:00,540.701775,541.201775,30,30,-0.049786,0.038556,0.000000,0.000000,0.000000,0.000251,0
20260804_163742_531,1,Unspecified,1017,2026-08-04T16:46:43.7333774+09:00,2026-08-04T16:46:44.2333774+09:00,541.201775,541.701775,30,30,-0.050086,0.038467,0.000000,0.000000,0.000000,0.000299,0
20260804_163742_531,1,Unspecified,1018,2026-08-04T16:46:44.2333774+09:00,2026-08-04T16:46:44.7333774+09:00,541.701775,542.201775,30,30,-0.050313,0.037729,0.000000,0.000000,0.000000,0.000277,0
20260804_163742_531,1,Unspecified,1019,2026-08-04T16:46:44.7333774+09:00,2026-08-04T16:46:45.2333774+09:00,542.201775,542.701775,30,30,-0.050492,0.037593,0.000000,0.000000,0.000000,0.000168,0
20260804_163742_531,1,Unspecified,1020,2026-08-04T16:46:45.2333774+09:00,2026-08-04T16:46:45.7333774+09:00,542.701775,543.201775,30,30,-0.050477,0.037433,0.000000,0.000000,0.000000,0.000245,0
20260804_163742_531,1,Unspecified,1021,2026-08-04T16:46:45.7333774+09:00,2026-08-04T16:46:46.2333774+09:00,543.201775,543.701775,30,30,-0.050563,0.037575,0.000000,0.000000,0.000000,0.000153,0
20260804_163742_531,1,Unspecified,1022,2026-08-04T16:46:46.2333774+09:00,2026-08-04T16:46:46.7333774+09:00,543.701775,544.201775,30,30,-0.050368,0.037828,0.000000,0.000000,0.000000,0.000275,0
20260804_163742_531,1,Unspecified,1023,2026-08-04T16:46:46.7333774+09:00,2026-08-04T16:46:47.2333774+09:00,544.201775,544.701775,30,30,-0.050349,0.038097,0.000000,0.000000,0.000000,0.000161,0
20260804_163742_531,1,Unspecified,1024,2026-08-04T16:46:47.2333774+09:00,2026-08-04T16:46:47.7333774+09:00,544.701775,545.201775,30,30,-0.050505,0.037894,0.000000,0.000000,0.000000,0.000295,0
20260804_163742_531,1,Unspecified,1025,2026-08-04T16:46:47.7333774+09:00,2026-08-04T16:46:48.2333774+09:00,545.201775,545.701775,30,30,-0.050548,0.037532,0.000000,0.000000,0.000000,0.000145,0
20260804_163742_531,1,Unspecified,1026,2026-08-04T16:46:48.2333774+09:00,2026-08-04T16:46:48.7333774+09:00,545.701775,546.201775,30,30,-0.050675,0.037267,0.000000,0.000000,0.000000,0.000136,0
20260804_163742_531,1,Unspecified,1027,2026-08-04T16:46:48.7333774+09:00,2026-08-04T16:46:49.2333774+09:00,546.201775,546.701775,30,30,-0.050800,0.037302,0.000000,0.000000,0.000000,0.000160,0
20260804_163742_531,1,Unspecified,1028,2026-08-04T16:46:49.2333774+09:00,2026-08-04T16:46:49.7333774+09:00,546.701775,547.201775,30,30,-0.050803,0.037200,0.000000,0.000000,0.000000,0.000257,0
20260804_163742_531,1,Unspecified,1029,2026-08-04T16:46:49.7333774+09:00,2026-08-04T16:46:50.2333774+09:00,547.201775,547.701775,30,30,-0.049297,0.037552,0.000002,0.000000,0.000000,0.001355,0
20260804_163742_531,1,Unspecified,1030,2026-08-04T16:46:50.2333774+09:00,2026-08-04T16:46:50.7333774+09:00,547.701775,548.201775,30,30,-0.049042,0.037784,0.000002,0.000000,0.000000,0.001585,0
20260804_163742_531,1,Unspecified,1031,2026-08-04T16:46:50.7333774+09:00,2026-08-04T16:46:51.2333774+09:00,548.201775,548.701775,30,30,-0.050381,0.037117,0.000000,0.000000,0.000000,0.000207,0
20260804_163742_531,1,Unspecified,1032,2026-08-04T16:46:51.2333774+09:00,2026-08-04T16:46:51.7333774+09:00,548.701775,549.201775,30,30,-0.050527,0.036753,0.000000,0.000000,0.000000,0.000210,0
20260804_163742_531,1,Unspecified,1033,2026-08-04T16:46:51.7333774+09:00,2026-08-04T16:46:52.2333774+09:00,549.201775,549.701775,30,30,-0.050433,0.036716,0.000000,0.000000,0.000000,0.000139,0
20260804_163742_531,1,Unspecified,1034,2026-08-04T16:46:52.2333774+09:00,2026-08-04T16:46:52.7333774+09:00,549.701775,550.201775,30,30,-0.049728,0.037853,0.000000,0.000001,0.000000,0.000848,0
20260804_163742_531,1,Unspecified,1035,2026-08-04T16:46:52.7333774+09:00,2026-08-04T16:46:53.2333774+09:00,550.201775,550.701775,30,30,-0.048651,0.039450,0.000000,0.000000,0.000000,0.000272,0
20260804_163742_531,1,Unspecified,1036,2026-08-04T16:46:53.2333774+09:00,2026-08-04T16:46:53.7333774+09:00,550.701775,551.201775,30,30,-0.048577,0.039575,0.000000,0.000000,0.000000,0.000216,0
20260804_163742_531,1,Unspecified,1037,2026-08-04T16:46:53.7333774+09:00,2026-08-04T16:46:54.2333774+09:00,551.201775,551.701775,30,30,-0.048828,0.039457,0.000000,0.000000,0.000000,0.000224,0
20260804_163742_531,1,Unspecified,1038,2026-08-04T16:46:54.2333774+09:00,2026-08-04T16:46:54.7333774+09:00,551.701775,552.201775,30,30,-0.048440,0.039696,0.000000,0.000000,0.000000,0.000198,0
20260804_163742_531,1,Unspecified,1039,2026-08-04T16:46:54.7333774+09:00,2026-08-04T16:46:55.2333774+09:00,552.201775,552.701775,30,30,-0.048254,0.039685,0.000000,0.000000,0.000000,0.000116,0
20260804_163742_531,1,Unspecified,1040,2026-08-04T16:46:55.2333774+09:00,2026-08-04T16:46:55.7333774+09:00,552.701775,553.201775,30,30,-0.047891,0.040104,0.000000,0.000000,0.000000,0.000369,0
20260804_163742_531,1,Unspecified,1041,2026-08-04T16:46:55.7333774+09:00,2026-08-04T16:46:56.2333774+09:00,553.201775,553.701775,30,30,-0.047054,0.041237,0.000001,0.000001,0.000001,0.001013,0
20260804_163742_531,1,Unspecified,1042,2026-08-04T16:46:56.2333774+09:00,2026-08-04T16:46:56.7333774+09:00,553.701775,554.201775,30,30,-0.042095,0.047426,0.000002,0.000005,0.000003,0.002677,0
20260804_163742_531,1,Unspecified,1043,2026-08-04T16:46:56.7333774+09:00,2026-08-04T16:46:57.2333774+09:00,554.201775,554.701775,30,30,-0.041803,0.049718,0.000000,0.000000,0.000000,0.000811,0
20260804_163742_531,1,Unspecified,1044,2026-08-04T16:46:57.2333774+09:00,2026-08-04T16:46:57.7333774+09:00,554.701775,555.201775,30,30,-0.041752,0.049407,0.000000,0.000000,0.000000,0.000315,0
20260804_163742_531,1,Unspecified,1045,2026-08-04T16:46:57.7333774+09:00,2026-08-04T16:46:58.2333774+09:00,555.201775,555.701775,30,30,-0.041209,0.049761,0.000000,0.000000,0.000000,0.000149,0
20260804_163742_531,1,Unspecified,1046,2026-08-04T16:46:58.2333774+09:00,2026-08-04T16:46:58.7333774+09:00,555.701775,556.201775,30,30,-0.040989,0.049791,0.000000,0.000000,0.000000,0.000223,0
20260804_163742_531,1,Unspecified,1047,2026-08-04T16:46:58.7333774+09:00,2026-08-04T16:46:59.2333774+09:00,556.201775,556.701775,30,30,-0.038335,0.052537,0.000004,0.000003,0.000004,0.002682,0
20260804_163742_531,1,Unspecified,1048,2026-08-04T16:46:59.2333774+09:00,2026-08-04T16:46:59.7333774+09:00,556.701775,557.201775,30,30,-0.026783,0.056743,0.000010,0.000000,0.000002,0.003175,0
20260804_163742_531,1,Unspecified,1049,2026-08-04T16:46:59.7333774+09:00,2026-08-04T16:47:00.2333774+09:00,557.201775,557.701775,30,30,-0.026911,0.056356,0.000006,0.000001,0.000002,0.002660,0
20260804_163742_531,1,Unspecified,1050,2026-08-04T16:47:00.2333774+09:00,2026-08-04T16:47:00.7333774+09:00,557.701775,558.201775,30,30,-0.028924,0.054343,0.000000,0.000000,0.000000,0.000294,0
20260804_163742_531,1,Unspecified,1051,2026-08-04T16:47:00.7333774+09:00,2026-08-04T16:47:01.2333774+09:00,558.201775,558.701775,30,30,-0.029224,0.053443,0.000000,0.000000,0.000000,0.000572,0
20260804_163742_531,1,Unspecified,1052,2026-08-04T16:47:01.2333774+09:00,2026-08-04T16:47:01.7333774+09:00,558.701775,559.201775,30,30,-0.029972,0.051728,0.000000,0.000000,0.000000,0.000381,0
20260804_163742_531,1,Unspecified,1053,2026-08-04T16:47:01.7333774+09:00,2026-08-04T16:47:02.2333774+09:00,559.201775,559.701775,30,30,-0.030991,0.051619,0.000001,0.000000,0.000000,0.000777,0
20260804_163742_531,1,Unspecified,1054,2026-08-04T16:47:02.2333774+09:00,2026-08-04T16:47:02.7333774+09:00,559.701775,560.201775,30,30,-0.031162,0.051833,0.000000,0.000000,0.000000,0.000442,0
20260804_163742_531,1,Unspecified,1055,2026-08-04T16:47:02.7333774+09:00,2026-08-04T16:47:03.2333774+09:00,560.201775,560.701775,30,30,-0.030006,0.053624,0.000001,0.000000,0.000001,0.001392,0
20260804_163742_531,1,Unspecified,1056,2026-08-04T16:47:03.2333774+09:00,2026-08-04T16:47:03.7333774+09:00,560.701775,561.201775,30,30,-0.029419,0.054873,0.000000,0.000000,0.000000,0.000429,0
20260804_163742_531,1,Unspecified,1057,2026-08-04T16:47:03.7333774+09:00,2026-08-04T16:47:04.2333774+09:00,561.201775,561.701775,30,30,-0.029383,0.055119,0.000000,0.000000,0.000000,0.000258,0
20260804_163742_531,1,Unspecified,1058,2026-08-04T16:47:04.2333774+09:00,2026-08-04T16:47:04.7333774+09:00,561.701775,562.201775,30,30,-0.029938,0.055332,0.000000,0.000000,0.000000,0.000194,0
20260804_163742_531,1,Unspecified,1059,2026-08-04T16:47:04.7333774+09:00,2026-08-04T16:47:05.2333774+09:00,562.201775,562.701775,30,30,-0.030167,0.055446,0.000000,0.000000,0.000000,0.000246,0
20260804_163742_531,1,Unspecified,1060,2026-08-04T16:47:05.2333774+09:00,2026-08-04T16:47:05.7333774+09:00,562.701775,563.201775,30,30,-0.030657,0.055359,0.000000,0.000000,0.000000,0.000457,0
20260804_163742_531,1,Unspecified,1061,2026-08-04T16:47:05.7333774+09:00,2026-08-04T16:47:06.2333774+09:00,563.201775,563.701775,30,30,-0.030369,0.055761,0.000000,0.000000,0.000000,0.000259,0
20260804_163742_531,1,Unspecified,1062,2026-08-04T16:47:06.2333774+09:00,2026-08-04T16:47:06.7333774+09:00,563.701775,564.201775,30,30,-0.030982,0.055668,0.000000,0.000000,0.000000,0.000181,0
20260804_163742_531,1,Unspecified,1063,2026-08-04T16:47:06.7333774+09:00,2026-08-04T16:47:07.2333774+09:00,564.201775,564.701775,30,30,-0.031171,0.055514,0.000000,0.000000,0.000000,0.000242,0
20260804_163742_531,1,Unspecified,1064,2026-08-04T16:47:07.2333774+09:00,2026-08-04T16:47:07.7333774+09:00,564.701775,565.201775,30,30,-0.031425,0.055313,0.000000,0.000000,0.000000,0.000345,0
20260804_163742_531,1,Unspecified,1065,2026-08-04T16:47:07.7333774+09:00,2026-08-04T16:47:08.2333774+09:00,565.201775,565.701775,30,30,-0.031974,0.054995,0.000000,0.000000,0.000000,0.000180,0
20260804_163742_531,1,Unspecified,1066,2026-08-04T16:47:08.2333774+09:00,2026-08-04T16:47:08.7333774+09:00,565.701775,566.201775,30,30,-0.032191,0.054535,0.000000,0.000000,0.000000,0.000201,0
20260804_163742_531,1,Unspecified,1067,2026-08-04T16:47:08.7333774+09:00,2026-08-04T16:47:09.2333774+09:00,566.201775,566.701775,30,30,-0.032225,0.054589,0.000000,0.000000,0.000000,0.000127,0
20260804_163742_531,1,Unspecified,1068,2026-08-04T16:47:09.2333774+09:00,2026-08-04T16:47:09.7333774+09:00,566.701775,567.201775,30,30,-0.032353,0.054597,0.000000,0.000000,0.000000,0.000362,0
20260804_163742_531,1,Unspecified,1069,2026-08-04T16:47:09.7333774+09:00,2026-08-04T16:47:10.2333774+09:00,567.201775,567.701775,30,30,-0.032095,0.054969,0.000000,0.000000,0.000000,0.000130,0
20260804_163742_531,1,Unspecified,1070,2026-08-04T16:47:10.2333774+09:00,2026-08-04T16:47:10.7333774+09:00,567.701775,568.201775,30,30,-0.031896,0.055085,0.000000,0.000000,0.000000,0.000148,0
20260804_163742_531,1,Unspecified,1071,2026-08-04T16:47:10.7333774+09:00,2026-08-04T16:47:11.2333774+09:00,568.201775,568.701775,30,30,-0.031949,0.055140,0.000000,0.000000,0.000000,0.000148,0
20260804_163742_531,1,Unspecified,1072,2026-08-04T16:47:11.2333774+09:00,2026-08-04T16:47:11.7333774+09:00,568.701775,569.201775,30,30,-0.032408,0.054505,0.000000,0.000000,0.000000,0.000226,0
20260804_163742_531,1,Unspecified,1073,2026-08-04T16:47:11.7333774+09:00,2026-08-04T16:47:12.2333774+09:00,569.201775,569.701775,30,30,-0.032630,0.054148,0.000000,0.000000,0.000000,0.000153,0
20260804_163742_531,1,Unspecified,1074,2026-08-04T16:47:12.2333774+09:00,2026-08-04T16:47:12.7333774+09:00,569.701775,570.201775,30,30,-0.032549,0.054107,0.000000,0.000000,0.000000,0.000224,0
20260804_163742_531,1,Unspecified,1075,2026-08-04T16:47:12.7333774+09:00,2026-08-04T16:47:13.2333774+09:00,570.201775,570.701775,30,30,-0.031974,0.054615,0.000000,0.000000,0.000000,0.000392,0
20260804_163742_531,1,Unspecified,1076,2026-08-04T16:47:13.2333774+09:00,2026-08-04T16:47:13.7333774+09:00,570.701775,571.201775,30,30,-0.031962,0.054847,0.000000,0.000000,0.000000,0.000203,0
20260804_163742_531,1,Unspecified,1077,2026-08-04T16:47:13.7333774+09:00,2026-08-04T16:47:14.2333774+09:00,571.201775,571.701775,30,30,-0.031918,0.054869,0.000000,0.000000,0.000000,0.000133,0
20260804_163742_531,1,Unspecified,1078,2026-08-04T16:47:14.2333774+09:00,2026-08-04T16:47:14.7333774+09:00,571.701775,572.201775,30,30,-0.032072,0.054758,0.000000,0.000000,0.000000,0.000155,0
20260804_163742_531,1,Unspecified,1079,2026-08-04T16:47:14.7333774+09:00,2026-08-04T16:47:15.2333774+09:00,572.201775,572.701775,30,30,-0.032184,0.054506,0.000000,0.000000,0.000000,0.000110,0
20260804_163742_531,1,Unspecified,1080,2026-08-04T16:47:15.2333774+09:00,2026-08-04T16:47:15.7333774+09:00,572.701775,573.201775,30,30,-0.032335,0.054380,0.000000,0.000000,0.000000,0.000203,0
20260804_163742_531,1,Unspecified,1081,2026-08-04T16:47:15.7333774+09:00,2026-08-04T16:47:16.2333774+09:00,573.201775,573.701775,30,30,-0.032390,0.054380,0.000000,0.000000,0.000000,0.000322,0
20260804_163742_531,1,Unspecified,1082,2026-08-04T16:47:16.2333774+09:00,2026-08-04T16:47:16.7333774+09:00,573.701775,574.201775,30,30,-0.032344,0.054673,0.000000,0.000000,0.000000,0.000151,0
20260804_163742_531,1,Unspecified,1083,2026-08-04T16:47:16.7333774+09:00,2026-08-04T16:47:17.2333774+09:00,574.201775,574.701775,30,30,-0.032268,0.054728,0.000000,0.000000,0.000000,0.000130,0
20260804_163742_531,1,Unspecified,1084,2026-08-04T16:47:17.2333774+09:00,2026-08-04T16:47:17.7333774+09:00,574.701775,575.201775,30,30,-0.032619,0.054349,0.000000,0.000000,0.000000,0.000378,0
20260804_163742_531,1,Unspecified,1085,2026-08-04T16:47:17.7333774+09:00,2026-08-04T16:47:18.2333774+09:00,575.201775,575.701775,30,30,-0.033023,0.053480,0.000000,0.000000,0.000000,0.000324,0
20260804_163742_531,1,Unspecified,1086,2026-08-04T16:47:18.2333774+09:00,2026-08-04T16:47:18.7333774+09:00,575.701775,576.201775,30,30,-0.032378,0.053207,0.000002,0.000000,0.000000,0.001406,0
20260804_163742_531,1,Unspecified,1087,2026-08-04T16:47:18.7333774+09:00,2026-08-04T16:47:19.2333774+09:00,576.201775,576.701775,30,30,-0.028967,0.053840,0.000000,0.000000,0.000000,0.000575,0
20260804_163742_531,1,Unspecified,1088,2026-08-04T16:47:19.2333774+09:00,2026-08-04T16:47:19.7333774+09:00,576.701775,577.201775,30,30,-0.028422,0.054635,0.000000,0.000000,0.000000,0.000239,0
20260804_163742_531,1,Unspecified,1089,2026-08-04T16:47:19.7333774+09:00,2026-08-04T16:47:20.2333774+09:00,577.201775,577.701775,30,30,-0.028796,0.054818,0.000001,0.000000,0.000000,0.000997,0
20260804_163742_531,1,Unspecified,1090,2026-08-04T16:47:20.2333774+09:00,2026-08-04T16:47:20.7333774+09:00,577.701775,578.201775,30,30,-0.029645,0.054645,0.000000,0.000000,0.000000,0.000342,0
20260804_163742_531,1,Unspecified,1091,2026-08-04T16:47:20.7333774+09:00,2026-08-04T16:47:21.2333774+09:00,578.201775,578.701775,30,30,-0.029680,0.053933,0.000000,0.000000,0.000000,0.000360,0
20260804_163742_531,1,Unspecified,1092,2026-08-04T16:47:21.2333774+09:00,2026-08-04T16:47:21.7333774+09:00,578.701775,579.201775,30,30,-0.030992,0.052316,0.000000,0.000000,0.000000,0.000430,0
20260804_163742_531,1,Unspecified,1093,2026-08-04T16:47:21.7333774+09:00,2026-08-04T16:47:22.2333774+09:00,579.201775,579.701775,30,30,-0.031873,0.048547,0.000000,0.000007,0.000002,0.002748,0
20260804_163742_531,1,Unspecified,1094,2026-08-04T16:47:22.2333774+09:00,2026-08-04T16:47:22.7333774+09:00,579.701775,580.201775,30,30,-0.032545,0.043601,0.000000,0.000001,0.000000,0.000995,0
20260804_163742_531,1,Unspecified,1095,2026-08-04T16:47:22.7333774+09:00,2026-08-04T16:47:23.2333774+09:00,580.201775,580.701775,30,30,-0.033211,0.046388,0.000000,0.000002,0.000000,0.001446,0
20260804_163742_531,1,Unspecified,1096,2026-08-04T16:47:23.2333774+09:00,2026-08-04T16:47:23.7333774+09:00,580.701775,581.201775,30,30,-0.032138,0.049351,0.000001,0.000000,0.000000,0.000781,0
20260804_163742_531,1,Unspecified,1097,2026-08-04T16:47:23.7333774+09:00,2026-08-04T16:47:24.2333774+09:00,581.201775,581.701775,30,30,-0.031188,0.049036,0.000000,0.000000,0.000000,0.000180,0
20260804_163742_531,1,Unspecified,1098,2026-08-04T16:47:24.2333774+09:00,2026-08-04T16:47:24.7333774+09:00,581.701775,582.201775,30,30,-0.031860,0.048610,0.000000,0.000000,0.000000,0.000232,0
20260804_163742_531,1,Unspecified,1099,2026-08-04T16:47:24.7333774+09:00,2026-08-04T16:47:25.2333774+09:00,582.201775,582.701775,30,30,-0.033447,0.049397,0.000004,0.000000,0.000000,0.001926,0
20260804_163742_531,1,Unspecified,1100,2026-08-04T16:47:25.2333774+09:00,2026-08-04T16:47:25.7333774+09:00,582.701775,583.201775,30,30,-0.036720,0.049858,0.000000,0.000000,0.000000,0.000208,0
20260804_163742_531,1,Unspecified,1101,2026-08-04T16:47:25.7333774+09:00,2026-08-04T16:47:26.2333774+09:00,583.201775,583.701775,30,30,-0.036424,0.049980,0.000000,0.000000,0.000000,0.000168,0
20260804_163742_531,1,Unspecified,1102,2026-08-04T16:47:26.2333774+09:00,2026-08-04T16:47:26.7333774+09:00,583.701775,584.201775,30,30,-0.036248,0.050072,0.000000,0.000000,0.000000,0.000129,0
20260804_163742_531,1,Unspecified,1103,2026-08-04T16:47:26.7333774+09:00,2026-08-04T16:47:27.2333774+09:00,584.201775,584.701775,30,30,-0.035986,0.050330,0.000000,0.000000,0.000000,0.000178,0
20260804_163742_531,1,Unspecified,1104,2026-08-04T16:47:27.2333774+09:00,2026-08-04T16:47:27.7333774+09:00,584.701775,585.201775,30,30,-0.036385,0.050040,0.000000,0.000000,0.000000,0.000196,0
20260804_163742_531,1,Unspecified,1105,2026-08-04T16:47:27.7333774+09:00,2026-08-04T16:47:28.2333774+09:00,585.201775,585.701775,30,30,-0.036359,0.050267,0.000000,0.000000,0.000000,0.000280,0
20260804_163742_531,1,Unspecified,1106,2026-08-04T16:47:28.2333774+09:00,2026-08-04T16:47:28.7333774+09:00,585.701775,586.201775,30,30,-0.036188,0.050880,0.000000,0.000000,0.000000,0.000213,0
20260804_163742_531,1,Unspecified,1107,2026-08-04T16:47:28.7333774+09:00,2026-08-04T16:47:29.2333774+09:00,586.201775,586.701775,30,30,-0.035593,0.051439,0.000000,0.000000,0.000000,0.000230,0
20260804_163742_531,1,Unspecified,1108,2026-08-04T16:47:29.2333774+09:00,2026-08-04T16:47:29.7333774+09:00,586.701775,587.201775,30,30,-0.035309,0.051470,0.000000,0.000000,0.000000,0.000202,0
20260804_163742_531,1,Unspecified,1109,2026-08-04T16:47:29.7333774+09:00,2026-08-04T16:47:30.2333774+09:00,587.201775,587.701775,30,30,-0.034916,0.051643,0.000000,0.000000,0.000000,0.000246,0
20260804_163742_531,1,Unspecified,1110,2026-08-04T16:47:30.2333774+09:00,2026-08-04T16:47:30.7333774+09:00,587.701775,588.201775,30,30,-0.035775,0.050910,0.000000,0.000000,0.000000,0.000568,0
20260804_163742_531,1,Unspecified,1111,2026-08-04T16:47:30.7333774+09:00,2026-08-04T16:47:31.2333774+09:00,588.201775,588.701775,30,30,-0.035071,0.051290,0.000000,0.000000,0.000000,0.000288,0
20260804_163742_531,1,Unspecified,1112,2026-08-04T16:47:31.2333774+09:00,2026-08-04T16:47:31.7333774+09:00,588.701775,589.201775,30,30,-0.031874,0.051312,0.000001,0.000000,0.000000,0.000931,0
20260804_163742_531,1,Unspecified,1113,2026-08-04T16:47:31.7333774+09:00,2026-08-04T16:47:32.2333774+09:00,589.201775,589.701775,30,30,-0.031011,0.051035,0.000000,0.000000,0.000000,0.000545,0
20260804_163742_531,1,Unspecified,1114,2026-08-04T16:47:32.2333774+09:00,2026-08-04T16:47:32.7333774+09:00,589.701775,590.201775,30,30,-0.032333,0.050488,0.000000,0.000000,0.000000,0.000750,0
20260804_163742_531,1,Unspecified,1115,2026-08-04T16:47:32.7333774+09:00,2026-08-04T16:47:33.2333774+09:00,590.201775,590.701775,30,30,-0.032325,0.049941,0.000000,0.000000,0.000000,0.000411,0
20260804_163742_531,1,Unspecified,1116,2026-08-04T16:47:33.2333774+09:00,2026-08-04T16:47:33.7333774+09:00,590.701775,591.201775,30,30,-0.032257,0.049301,0.000000,0.000000,0.000000,0.000717,0
20260804_163742_531,1,Unspecified,1117,2026-08-04T16:47:33.7333774+09:00,2026-08-04T16:47:34.2333774+09:00,591.201775,591.701775,30,30,-0.033014,0.049721,0.000000,0.000000,0.000000,0.000401,0
20260804_163742_531,1,Unspecified,1118,2026-08-04T16:47:34.2333774+09:00,2026-08-04T16:47:34.7333774+09:00,591.701775,592.201775,30,30,-0.031005,0.049911,0.000000,0.000000,0.000000,0.000396,0
20260804_163742_531,1,Unspecified,1119,2026-08-04T16:47:34.7333774+09:00,2026-08-04T16:47:35.2333774+09:00,592.201775,592.701775,30,30,-0.032177,0.049958,0.000000,0.000000,0.000000,0.000410,0
20260804_163742_531,1,Unspecified,1120,2026-08-04T16:47:35.2333774+09:00,2026-08-04T16:47:35.7333774+09:00,592.701775,593.201775,30,30,-0.031910,0.050670,0.000000,0.000000,0.000000,0.000160,0
20260804_163742_531,1,Unspecified,1121,2026-08-04T16:47:35.7333774+09:00,2026-08-04T16:47:36.2333774+09:00,593.201775,593.701775,30,30,-0.031914,0.050891,0.000000,0.000000,0.000000,0.000125,0
20260804_163742_531,1,Unspecified,1122,2026-08-04T16:47:36.2333774+09:00,2026-08-04T16:47:36.7333774+09:00,593.701775,594.201775,30,30,-0.031801,0.050930,0.000000,0.000000,0.000000,0.000127,0
20260804_163742_531,1,Unspecified,1123,2026-08-04T16:47:36.7333774+09:00,2026-08-04T16:47:37.2333774+09:00,594.201775,594.701775,30,30,-0.032086,0.050895,0.000000,0.000000,0.000000,0.000237,0
20260804_163742_531,1,Unspecified,1124,2026-08-04T16:47:37.2333774+09:00,2026-08-04T16:47:37.7333774+09:00,594.701775,595.201775,30,30,-0.032333,0.050646,0.000000,0.000000,0.000000,0.000178,0
20260804_163742_531,1,Unspecified,1125,2026-08-04T16:47:37.7333774+09:00,2026-08-04T16:47:38.2333774+09:00,595.201775,595.701775,30,30,-0.032497,0.050554,0.000000,0.000000,0.000000,0.000140,0
20260804_163742_531,1,Unspecified,1126,2026-08-04T16:47:38.2333774+09:00,2026-08-04T16:47:38.7333774+09:00,595.701775,596.201775,30,30,-0.032496,0.050452,0.000000,0.000000,0.000000,0.000296,0
20260804_163742_531,1,Unspecified,1127,2026-08-04T16:47:38.7333774+09:00,2026-08-04T16:47:39.2333774+09:00,596.201775,596.701775,30,30,-0.032486,0.050940,0.000000,0.000000,0.000000,0.000126,0
20260804_163742_531,1,Unspecified,1128,2026-08-04T16:47:39.2333774+09:00,2026-08-04T16:47:39.7333774+09:00,596.701775,597.201775,30,30,-0.032505,0.050952,0.000000,0.000000,0.000000,0.000159,0
20260804_163742_531,1,Unspecified,1129,2026-08-04T16:47:39.7333774+09:00,2026-08-04T16:47:40.2333774+09:00,597.201775,597.701775,30,30,-0.032225,0.050910,0.000000,0.000000,0.000000,0.000169,0
20260804_163742_531,1,Unspecified,1130,2026-08-04T16:47:40.2333774+09:00,2026-08-04T16:47:40.7333774+09:00,597.701775,598.201775,30,30,-0.032432,0.050960,0.000000,0.000000,0.000000,0.000197,0
20260804_163742_531,1,Unspecified,1131,2026-08-04T16:47:40.7333774+09:00,2026-08-04T16:47:41.2333774+09:00,598.201775,598.701775,30,30,-0.032631,0.050816,0.000000,0.000000,0.000000,0.000179,0
20260804_163742_531,1,Unspecified,1132,2026-08-04T16:47:41.2333774+09:00,2026-08-04T16:47:41.7333774+09:00,598.701775,599.201775,30,30,-0.032932,0.050772,0.000000,0.000000,0.000000,0.000293,0
20260804_163742_531,1,Unspecified,1133,2026-08-04T16:47:41.7333774+09:00,2026-08-04T16:47:42.2333774+09:00,599.201775,599.701775,30,30,-0.033798,0.050595,0.000000,0.000000,0.000000,0.000242,0
20260804_163742_531,1,Unspecified,1134,2026-08-04T16:47:42.2333774+09:00,2026-08-04T16:47:42.7333774+09:00,599.701775,600.201775,30,30,-0.033637,0.050623,0.000000,0.000000,0.000000,0.000176,0
20260804_163742_531,1,Unspecified,1135,2026-08-04T16:47:42.7333774+09:00,2026-08-04T16:47:43.2333774+09:00,600.201775,600.701775,30,30,-0.033393,0.050771,0.000000,0.000000,0.000000,0.000112,0
20260804_163742_531,1,Unspecified,1136,2026-08-04T16:47:43.2333774+09:00,2026-08-04T16:47:43.7333774+09:00,600.701775,601.201775,30,30,-0.033191,0.050863,0.000000,0.000000,0.000000,0.000144,0
20260804_163742_531,1,Unspecified,1137,2026-08-04T16:47:43.7333774+09:00,2026-08-04T16:47:44.2333774+09:00,601.201775,601.701775,30,30,-0.033319,0.050763,0.000000,0.000000,0.000000,0.000194,0
20260804_163742_531,1,Unspecified,1138,2026-08-04T16:47:44.2333774+09:00,2026-08-04T16:47:44.7333774+09:00,601.701775,602.201775,30,30,-0.033321,0.050749,0.000000,0.000000,0.000000,0.000195,0
20260804_163742_531,1,Unspecified,1139,2026-08-04T16:47:44.7333774+09:00,2026-08-04T16:47:45.2333774+09:00,602.201775,602.701775,30,30,-0.033396,0.050686,0.000000,0.000000,0.000000,0.000240,0
20260804_163742_531,1,Unspecified,1140,2026-08-04T16:47:45.2333774+09:00,2026-08-04T16:47:45.7333774+09:00,602.701775,603.201775,30,30,-0.033322,0.050774,0.000000,0.000000,0.000000,0.000419,0
20260804_163742_531,1,Unspecified,1141,2026-08-04T16:47:45.7333774+09:00,2026-08-04T16:47:46.2333774+09:00,603.201775,603.701775,30,30,-0.033141,0.051152,0.000000,0.000000,0.000000,0.000140,0
20260804_163742_531,1,Unspecified,1142,2026-08-04T16:47:46.2333774+09:00,2026-08-04T16:47:46.7333774+09:00,603.701775,604.201775,30,30,-0.033051,0.051300,0.000000,0.000000,0.000000,0.000138,0
20260804_163742_531,1,Unspecified,1143,2026-08-04T16:47:46.7333774+09:00,2026-08-04T16:47:47.2333774+09:00,604.201775,604.701775,30,30,-0.032971,0.051362,0.000000,0.000000,0.000000,0.000270,0
20260804_163742_531,1,Unspecified,1144,2026-08-04T16:47:47.2333774+09:00,2026-08-04T16:47:47.7333774+09:00,604.701775,605.201775,30,30,-0.033300,0.051049,0.000000,0.000000,0.000000,0.000125,0
20260804_163742_531,1,Unspecified,1145,2026-08-04T16:47:47.7333774+09:00,2026-08-04T16:47:48.2333774+09:00,605.201775,605.701775,30,30,-0.033334,0.050974,0.000000,0.000000,0.000000,0.000198,0
20260804_163742_531,1,Unspecified,1146,2026-08-04T16:47:48.2333774+09:00,2026-08-04T16:47:48.7333774+09:00,605.701775,606.201775,30,30,-0.033365,0.050849,0.000000,0.000000,0.000000,0.000207,0
20260804_163742_531,1,Unspecified,1147,2026-08-04T16:47:48.7333774+09:00,2026-08-04T16:47:49.2333774+09:00,606.201775,606.701775,30,30,-0.033045,0.051127,0.000000,0.000000,0.000000,0.000264,0
20260804_163742_531,1,Unspecified,1148,2026-08-04T16:47:49.2333774+09:00,2026-08-04T16:47:49.7333774+09:00,606.701775,607.201775,30,30,-0.032723,0.051233,0.000000,0.000000,0.000000,0.000342,0
20260804_163742_531,1,Unspecified,1149,2026-08-04T16:47:49.7333774+09:00,2026-08-04T16:47:50.2333774+09:00,607.201775,607.701775,30,30,-0.033153,0.050983,0.000000,0.000000,0.000000,0.000214,0
20260804_163742_531,1,Unspecified,1150,2026-08-04T16:47:50.2333774+09:00,2026-08-04T16:47:50.7333774+09:00,607.701775,608.201775,30,30,-0.033166,0.051067,0.000000,0.000000,0.000000,0.000191,0
20260804_163742_531,1,Unspecified,1151,2026-08-04T16:47:50.7333774+09:00,2026-08-04T16:47:51.2333774+09:00,608.201775,608.701775,30,30,-0.033189,0.050946,0.000000,0.000000,0.000000,0.000158,0
20260804_163742_531,1,Unspecified,1152,2026-08-04T16:47:51.2333774+09:00,2026-08-04T16:47:51.7333774+09:00,608.701775,609.201775,30,30,-0.032947,0.051044,0.000000,0.000000,0.000000,0.000189,0
20260804_163742_531,1,Unspecified,1153,2026-08-04T16:47:51.7333774+09:00,2026-08-04T16:47:52.2333774+09:00,609.201775,609.701775,30,30,-0.033040,0.051170,0.000000,0.000000,0.000000,0.000220,0
20260804_163742_531,1,Unspecified,1154,2026-08-04T16:47:52.2333774+09:00,2026-08-04T16:47:52.7333774+09:00,609.701775,610.201775,30,30,-0.033155,0.051073,0.000000,0.000000,0.000000,0.000203,0
20260804_163742_531,1,Unspecified,1155,2026-08-04T16:47:52.7333774+09:00,2026-08-04T16:47:53.2333774+09:00,610.201775,610.701775,30,30,-0.033121,0.050992,0.000000,0.000000,0.000000,0.000199,0
20260804_163742_531,1,Unspecified,1156,2026-08-04T16:47:53.2333774+09:00,2026-08-04T16:47:53.7333774+09:00,610.701775,611.201775,30,30,-0.033184,0.051084,0.000000,0.000000,0.000000,0.000150,0
20260804_163742_531,1,Unspecified,1157,2026-08-04T16:47:53.7333774+09:00,2026-08-04T16:47:54.2333774+09:00,611.201775,611.701775,30,30,-0.032982,0.051272,0.000000,0.000000,0.000000,0.000270,0
20260804_163742_531,1,Unspecified,1158,2026-08-04T16:47:54.2333774+09:00,2026-08-04T16:47:54.7333774+09:00,611.701775,612.201775,30,30,-0.032699,0.051781,0.000000,0.000000,0.000000,0.000194,0
20260804_163742_531,1,Unspecified,1159,2026-08-04T16:47:54.7333774+09:00,2026-08-04T16:47:55.2333774+09:00,612.201775,612.701775,30,30,-0.032741,0.051613,0.000000,0.000000,0.000000,0.000260,0
20260804_163742_531,1,Unspecified,1160,2026-08-04T16:47:55.2333774+09:00,2026-08-04T16:47:55.7333774+09:00,612.701775,613.201775,30,30,-0.032555,0.051557,0.000000,0.000000,0.000000,0.000347,0
20260804_163742_531,1,Unspecified,1161,2026-08-04T16:47:55.7333774+09:00,2026-08-04T16:47:56.2333774+09:00,613.201775,613.701775,30,30,-0.032866,0.051114,0.000000,0.000000,0.000000,0.000216,0
20260804_163742_531,1,Unspecified,1162,2026-08-04T16:47:56.2333774+09:00,2026-08-04T16:47:56.7333774+09:00,613.701775,614.201775,30,30,-0.032855,0.051295,0.000000,0.000000,0.000000,0.000173,0
20260804_163742_531,1,Unspecified,1163,2026-08-04T16:47:56.7333774+09:00,2026-08-04T16:47:57.2333774+09:00,614.201775,614.701775,30,30,-0.033058,0.051278,0.000000,0.000000,0.000000,0.000192,0
20260804_163742_531,1,Unspecified,1164,2026-08-04T16:47:57.2333774+09:00,2026-08-04T16:47:57.7333774+09:00,614.701775,615.201775,30,30,-0.033194,0.051276,0.000000,0.000000,0.000000,0.000256,0
20260804_163742_531,1,Unspecified,1165,2026-08-04T16:47:57.7333774+09:00,2026-08-04T16:47:58.2333774+09:00,615.201775,615.701775,30,30,-0.033084,0.051179,0.000000,0.000000,0.000000,0.000107,0
20260804_163742_531,1,Unspecified,1166,2026-08-04T16:47:58.2333774+09:00,2026-08-04T16:47:58.7333774+09:00,615.701775,616.201775,30,30,-0.033075,0.050988,0.000000,0.000000,0.000000,0.000150,0
20260804_163742_531,1,Unspecified,1167,2026-08-04T16:47:58.7333774+09:00,2026-08-04T16:47:59.2333774+09:00,616.201775,616.701775,30,30,-0.033317,0.051128,0.000000,0.000000,0.000000,0.000121,0
20260804_163742_531,1,Unspecified,1168,2026-08-04T16:47:59.2333774+09:00,2026-08-04T16:47:59.7333774+09:00,616.701775,617.201775,30,30,-0.033183,0.051212,0.000000,0.000000,0.000000,0.000195,0
20260804_163742_531,1,Unspecified,1169,2026-08-04T16:47:59.7333774+09:00,2026-08-04T16:48:00.2333774+09:00,617.201775,617.701775,30,30,-0.033054,0.051389,0.000000,0.000000,0.000000,0.000151,0
20260804_163742_531,1,Unspecified,1170,2026-08-04T16:48:00.2333774+09:00,2026-08-04T16:48:00.7333774+09:00,617.701775,618.201775,30,30,-0.033004,0.051490,0.000000,0.000000,0.000000,0.000138,0
20260804_163742_531,1,Unspecified,1171,2026-08-04T16:48:00.7333774+09:00,2026-08-04T16:48:01.2333774+09:00,618.201775,618.701775,30,30,-0.033059,0.051497,0.000000,0.000000,0.000000,0.000184,0
20260804_163742_531,1,Unspecified,1172,2026-08-04T16:48:01.2333774+09:00,2026-08-04T16:48:01.7333774+09:00,618.701775,619.201775,30,30,-0.033079,0.051337,0.000000,0.000000,0.000000,0.000148,0
20260804_163742_531,1,Unspecified,1173,2026-08-04T16:48:01.7333774+09:00,2026-08-04T16:48:02.2333774+09:00,619.201775,619.701775,30,30,-0.033029,0.051116,0.000000,0.000000,0.000000,0.000113,0
20260804_163742_531,1,Unspecified,1174,2026-08-04T16:48:02.2333774+09:00,2026-08-04T16:48:02.7333774+09:00,619.701775,620.201775,30,30,-0.033220,0.051063,0.000000,0.000000,0.000000,0.000202,0
20260804_163742_531,1,Unspecified,1175,2026-08-04T16:48:02.7333774+09:00,2026-08-04T16:48:03.2333774+09:00,620.201775,620.701775,30,30,-0.032891,0.051517,0.000000,0.000000,0.000000,0.000474,0
20260804_163742_531,1,Unspecified,1176,2026-08-04T16:48:03.2333774+09:00,2026-08-04T16:48:03.7333774+09:00,620.701775,621.201775,30,30,-0.032956,0.051858,0.000000,0.000000,0.000000,0.000186,0
20260804_163742_531,1,Unspecified,1177,2026-08-04T16:48:03.7333774+09:00,2026-08-04T16:48:04.2333774+09:00,621.201775,621.701775,30,30,-0.032773,0.051927,0.000000,0.000000,0.000000,0.000173,0
20260804_163742_531,1,Unspecified,1178,2026-08-04T16:48:04.2333774+09:00,2026-08-04T16:48:04.7333774+09:00,621.701775,622.201775,30,30,-0.032928,0.051926,0.000000,0.000000,0.000000,0.000150,0
20260804_163742_531,1,Unspecified,1179,2026-08-04T16:48:04.7333774+09:00,2026-08-04T16:48:05.2333774+09:00,622.201775,622.701775,30,30,-0.032937,0.052116,0.000000,0.000000,0.000000,0.000111,0
20260804_163742_531,1,Unspecified,1180,2026-08-04T16:48:05.2333774+09:00,2026-08-04T16:48:05.7333774+09:00,622.701775,623.201775,30,30,-0.032870,0.051788,0.000000,0.000000,0.000000,0.000166,0
20260804_163742_531,1,Unspecified,1181,2026-08-04T16:48:05.7333774+09:00,2026-08-04T16:48:06.2333774+09:00,623.201775,623.701775,30,30,-0.033270,0.051425,0.000000,0.000000,0.000000,0.000259,0
20260804_163742_531,1,Unspecified,1182,2026-08-04T16:48:06.2333774+09:00,2026-08-04T16:48:06.7333774+09:00,623.701775,624.201775,30,30,-0.033333,0.051346,0.000000,0.000000,0.000000,0.000197,0
20260804_163742_531,1,Unspecified,1183,2026-08-04T16:48:06.7333774+09:00,2026-08-04T16:48:07.2333774+09:00,624.201775,624.701775,30,30,-0.033442,0.051588,0.000000,0.000000,0.000000,0.000114,0
20260804_163742_531,1,Unspecified,1184,2026-08-04T16:48:07.2333774+09:00,2026-08-04T16:48:07.7333774+09:00,624.701775,625.201775,30,30,-0.033426,0.051589,0.000000,0.000000,0.000000,0.000098,0
20260804_163742_531,1,Unspecified,1185,2026-08-04T16:48:07.7333774+09:00,2026-08-04T16:48:08.2333774+09:00,625.201775,625.701775,30,30,-0.033731,0.051337,0.000000,0.000000,0.000000,0.000108,0
20260804_163742_531,1,Unspecified,1186,2026-08-04T16:48:08.2333774+09:00,2026-08-04T16:48:08.7333774+09:00,625.701775,626.201775,30,30,-0.033713,0.051322,0.000000,0.000000,0.000000,0.000107,0
20260804_163742_531,1,Unspecified,1187,2026-08-04T16:48:08.7333774+09:00,2026-08-04T16:48:09.2333774+09:00,626.201775,626.701775,30,30,-0.033729,0.051181,0.000000,0.000000,0.000000,0.000171,0
20260804_163742_531,1,Unspecified,1188,2026-08-04T16:48:09.2333774+09:00,2026-08-04T16:48:09.7333774+09:00,626.701775,627.201775,30,30,-0.033966,0.051058,0.000000,0.000000,0.000000,0.000188,0
20260804_163742_531,1,Unspecified,1189,2026-08-04T16:48:09.7333774+09:00,2026-08-04T16:48:10.2333774+09:00,627.201775,627.701775,30,30,-0.033741,0.051456,0.000000,0.000000,0.000000,0.000153,0
20260804_163742_531,1,Unspecified,1190,2026-08-04T16:48:10.2333774+09:00,2026-08-04T16:48:10.7333774+09:00,627.701775,628.201775,30,30,-0.033635,0.051681,0.000000,0.000000,0.000000,0.000159,0
20260804_163742_531,1,Unspecified,1191,2026-08-04T16:48:10.7333774+09:00,2026-08-04T16:48:11.2333774+09:00,628.201775,628.701775,30,30,-0.033925,0.051780,0.000000,0.000000,0.000000,0.000241,0
20260804_163742_531,1,Unspecified,1192,2026-08-04T16:48:11.2333774+09:00,2026-08-04T16:48:11.7333774+09:00,628.701775,629.201775,30,30,-0.034047,0.051583,0.000000,0.000000,0.000000,0.000125,0
20260804_163742_531,1,Unspecified,1193,2026-08-04T16:48:11.7333774+09:00,2026-08-04T16:48:12.2333774+09:00,629.201775,629.701775,30,30,-0.033972,0.051575,0.000000,0.000000,0.000000,0.000129,0
20260804_163742_531,1,Unspecified,1194,2026-08-04T16:48:12.2333774+09:00,2026-08-04T16:48:12.7333774+09:00,629.701775,630.201775,30,30,-0.034060,0.051569,0.000000,0.000000,0.000000,0.000159,0
20260804_163742_531,1,Unspecified,1195,2026-08-04T16:48:12.7333774+09:00,2026-08-04T16:48:13.2333774+09:00,630.201775,630.701775,30,30,-0.034508,0.051402,0.000000,0.000000,0.000000,0.000209,0
20260804_163742_531,1,Unspecified,1196,2026-08-04T16:48:13.2333774+09:00,2026-08-04T16:48:13.7333774+09:00,630.701775,631.201775,30,30,-0.034540,0.051364,0.000000,0.000000,0.000000,0.000162,0
20260804_163742_531,1,Unspecified,1197,2026-08-04T16:48:13.7333774+09:00,2026-08-04T16:48:14.2333774+09:00,631.201775,631.701775,30,30,-0.034288,0.051592,0.000000,0.000000,0.000000,0.000139,0
20260804_163742_531,1,Unspecified,1198,2026-08-04T16:48:14.2333774+09:00,2026-08-04T16:48:14.7333774+09:00,631.701775,632.201775,30,30,-0.034334,0.051741,0.000000,0.000000,0.000000,0.000122,0
20260804_163742_531,1,Unspecified,1199,2026-08-04T16:48:14.7333774+09:00,2026-08-04T16:48:15.2333774+09:00,632.201775,632.701775,30,30,-0.034418,0.051749,0.000000,0.000000,0.000000,0.000246,0
20260804_163742_531,1,Unspecified,1200,2026-08-04T16:48:15.2333774+09:00,2026-08-04T16:48:15.7333774+09:00,632.701775,633.201775,30,30,-0.034131,0.051718,0.000000,0.000000,0.000000,0.000135,0
20260804_163742_531,1,Unspecified,1201,2026-08-04T16:48:15.7333774+09:00,2026-08-04T16:48:16.2333774+09:00,633.201775,633.701775,30,30,-0.034145,0.051712,0.000000,0.000000,0.000000,0.000167,0
20260804_163742_531,1,Unspecified,1202,2026-08-04T16:48:16.2333774+09:00,2026-08-04T16:48:16.7333774+09:00,633.701775,634.201775,30,30,-0.034528,0.051463,0.000000,0.000000,0.000000,0.000157,0
20260804_163742_531,1,Unspecified,1203,2026-08-04T16:48:16.7333774+09:00,2026-08-04T16:48:17.2333774+09:00,634.201775,634.701775,30,30,-0.034019,0.051780,0.000000,0.000000,0.000000,0.000224,0
20260804_163742_531,1,Unspecified,1204,2026-08-04T16:48:17.2333774+09:00,2026-08-04T16:48:17.7333774+09:00,634.701775,635.201775,30,30,-0.034101,0.051960,0.000000,0.000000,0.000000,0.000120,0
20260804_163742_531,1,Unspecified,1205,2026-08-04T16:48:17.7333774+09:00,2026-08-04T16:48:18.2333774+09:00,635.201775,635.701775,30,30,-0.034184,0.052028,0.000000,0.000000,0.000000,0.000155,0
20260804_163742_531,1,Unspecified,1206,2026-08-04T16:48:18.2333774+09:00,2026-08-04T16:48:18.7333774+09:00,635.701775,636.201775,30,30,-0.034139,0.051808,0.000000,0.000000,0.000000,0.000153,0
20260804_163742_531,1,Unspecified,1207,2026-08-04T16:48:18.7333774+09:00,2026-08-04T16:48:19.2333774+09:00,636.201775,636.701775,30,30,-0.033929,0.051812,0.000000,0.000000,0.000000,0.000211,0
20260804_163742_531,1,Unspecified,1208,2026-08-04T16:48:19.2333774+09:00,2026-08-04T16:48:19.7333774+09:00,636.701775,637.201775,30,30,-0.034028,0.051774,0.000000,0.000000,0.000000,0.000159,0
20260804_163742_531,1,Unspecified,1209,2026-08-04T16:48:19.7333774+09:00,2026-08-04T16:48:20.2333774+09:00,637.201775,637.701775,30,30,-0.031880,0.052104,0.000002,0.000000,0.000000,0.001530,0
20260804_163742_531,1,Unspecified,1210,2026-08-04T16:48:20.2333774+09:00,2026-08-04T16:48:20.7333774+09:00,637.701775,638.201775,30,30,-0.034485,0.052682,0.000014,0.000000,-0.000002,0.003819,0
20260804_163742_531,1,Unspecified,1211,2026-08-04T16:48:20.7333774+09:00,2026-08-04T16:48:21.2333774+09:00,638.201775,638.701775,30,30,-0.049201,0.047786,0.000028,0.000019,0.000023,0.006853,0
20260804_163742_531,1,Unspecified,1212,2026-08-04T16:48:21.2333774+09:00,2026-08-04T16:48:21.7333774+09:00,638.701775,639.201775,30,30,-0.058203,0.046294,0.000006,0.000021,0.000010,0.005204,0
20260804_163742_531,1,Unspecified,1213,2026-08-04T16:48:21.7333774+09:00,2026-08-04T16:48:22.2333774+09:00,639.201775,639.701775,30,30,-0.047837,0.057467,0.000008,0.000004,0.000006,0.003507,0
20260804_163742_531,1,Unspecified,1214,2026-08-04T16:48:22.2333774+09:00,2026-08-04T16:48:22.7333774+09:00,639.701775,640.201775,30,30,-0.037581,0.064670,0.000002,0.000001,0.000002,0.001835,0
20260804_163742_531,1,Unspecified,1215,2026-08-04T16:48:22.7333774+09:00,2026-08-04T16:48:23.2333774+09:00,640.201775,640.701775,30,30,-0.033290,0.066697,0.000002,0.000000,0.000001,0.001478,0
20260804_163742_531,1,Unspecified,1216,2026-08-04T16:48:23.2333774+09:00,2026-08-04T16:48:23.7333774+09:00,640.701775,641.201775,30,30,-0.021245,0.071414,0.000045,0.000004,0.000014,0.007049,0
20260804_163742_531,1,Unspecified,1217,2026-08-04T16:48:23.7333774+09:00,2026-08-04T16:48:24.2333774+09:00,641.201775,641.701775,30,30,0.001981,0.076657,0.000027,0.000000,0.000001,0.005176,0
20260804_163742_531,1,Unspecified,1218,2026-08-04T16:48:24.2333774+09:00,2026-08-04T16:48:24.7333774+09:00,641.701775,642.201775,30,30,0.017074,0.079296,0.000008,0.000001,0.000003,0.003091,0
20260804_163742_531,1,Unspecified,1219,2026-08-04T16:48:24.7333774+09:00,2026-08-04T16:48:25.2333774+09:00,642.201775,642.701775,30,30,0.024694,0.080969,0.000005,0.000000,0.000000,0.002157,0
20260804_163742_531,1,Unspecified,1220,2026-08-04T16:48:25.2333774+09:00,2026-08-04T16:48:25.7333774+09:00,642.701775,643.201775,30,30,0.034412,0.080652,0.000014,0.000000,-0.000002,0.003704,0
20260804_163742_531,1,Unspecified,1221,2026-08-04T16:48:25.7333774+09:00,2026-08-04T16:48:26.2333774+09:00,643.201775,643.701775,30,30,0.044860,0.079813,0.000008,0.000000,0.000000,0.002751,0
20260804_163742_531,1,Unspecified,1222,2026-08-04T16:48:26.2333774+09:00,2026-08-04T16:48:26.7333774+09:00,643.701775,644.201775,30,30,0.053819,0.078953,0.000010,0.000000,-0.000001,0.003251,0
20260804_163742_531,1,Unspecified,1223,2026-08-04T16:48:26.7333774+09:00,2026-08-04T16:48:27.2333774+09:00,644.201775,644.701775,30,30,0.061368,0.077998,0.000004,0.000000,-0.000001,0.002002,0
20260804_163742_531,1,Unspecified,1224,2026-08-04T16:48:27.2333774+09:00,2026-08-04T16:48:27.7333774+09:00,644.701775,645.201775,30,30,0.067418,0.076472,0.000001,0.000000,0.000000,0.000792,0
20260804_163742_531,1,Unspecified,1225,2026-08-04T16:48:27.7333774+09:00,2026-08-04T16:48:28.2333774+09:00,645.201775,645.701775,30,30,0.069999,0.075647,0.000001,0.000000,0.000000,0.001213,0
20260804_163742_531,1,Unspecified,1226,2026-08-04T16:48:28.2333774+09:00,2026-08-04T16:48:28.7333774+09:00,645.701775,646.201775,30,30,0.068886,0.075285,0.000003,0.000000,0.000000,0.001723,0
20260804_163742_531,1,Unspecified,1227,2026-08-04T16:48:28.7333774+09:00,2026-08-04T16:48:29.2333774+09:00,646.201775,646.701775,30,30,0.041921,0.076951,0.000205,0.000002,0.000012,0.014403,0
20260804_163742_531,1,Unspecified,1228,2026-08-04T16:48:29.2333774+09:00,2026-08-04T16:48:29.7333774+09:00,646.701775,647.201775,30,30,-0.002731,0.062882,0.000116,0.000042,0.000069,0.012563,0
20260804_163742_531,1,Unspecified,1229,2026-08-04T16:48:29.7333774+09:00,2026-08-04T16:48:30.2333774+09:00,647.201775,647.701775,30,30,-0.031402,0.042557,0.000035,0.000020,0.000027,0.007444,0
20260804_163742_531,1,Unspecified,1230,2026-08-04T16:48:30.2333774+09:00,2026-08-04T16:48:30.7333774+09:00,647.701775,648.201775,30,30,-0.046781,0.029510,0.000021,0.000014,0.000017,0.005979,0
20260804_163742_531,1,Unspecified,1231,2026-08-04T16:48:30.7333774+09:00,2026-08-04T16:48:31.2333774+09:00,648.201775,648.701775,30,30,-0.051732,0.022704,0.000002,0.000001,-0.000001,0.001630,0
20260804_163742_531,1,Unspecified,1232,2026-08-04T16:48:31.2333774+09:00,2026-08-04T16:48:31.7333774+09:00,648.701775,649.201775,30,30,-0.048730,0.011177,0.000001,0.000018,-0.000001,0.004385,0
20260804_163742_531,1,Unspecified,1233,2026-08-04T16:48:31.7333774+09:00,2026-08-04T16:48:32.2333774+09:00,649.201775,649.701775,30,30,-0.049068,0.016862,0.000007,0.000011,-0.000008,0.004193,0
20260804_163742_531,1,Unspecified,1234,2026-08-04T16:48:32.2333774+09:00,2026-08-04T16:48:32.7333774+09:00,649.701775,650.201775,30,30,-0.052953,0.018602,0.000001,0.000002,0.000001,0.001738,0
20260804_163742_531,1,Unspecified,1235,2026-08-04T16:48:32.7333774+09:00,2026-08-04T16:48:33.2333774+09:00,650.201775,650.701775,30,30,-0.054103,0.019172,0.000000,0.000002,0.000001,0.001666,0
20260804_163742_531,1,Unspecified,1236,2026-08-04T16:48:33.2333774+09:00,2026-08-04T16:48:33.7333774+09:00,650.701775,651.201775,30,30,-0.052718,0.023210,0.000000,0.000000,0.000000,0.000707,0
20260804_163742_531,1,Unspecified,1237,2026-08-04T16:48:33.7333774+09:00,2026-08-04T16:48:34.2333774+09:00,651.201775,651.701775,30,30,-0.052637,0.023940,0.000000,0.000000,0.000000,0.000270,0
20260804_163742_531,1,Unspecified,1238,2026-08-04T16:48:34.2333774+09:00,2026-08-04T16:48:34.7333774+09:00,651.701775,652.201775,30,30,-0.053354,0.023836,0.000000,0.000000,0.000000,0.000264,0
20260804_163742_531,1,Unspecified,1239,2026-08-04T16:48:34.7333774+09:00,2026-08-04T16:48:35.2333774+09:00,652.201775,652.701775,30,30,-0.053495,0.022571,0.000000,0.000000,0.000000,0.000583,0
20260804_163742_531,1,Unspecified,1240,2026-08-04T16:48:35.2333774+09:00,2026-08-04T16:48:35.7333774+09:00,652.701775,653.201775,30,30,-0.060862,0.027731,0.000019,0.000016,-0.000016,0.005915,0
20260804_163742_531,1,Unspecified,1241,2026-08-04T16:48:35.7333774+09:00,2026-08-04T16:48:36.2333774+09:00,653.201775,653.701775,30,30,-0.085162,0.013962,0.000033,0.000093,0.000053,0.011189,0
20260804_163742_531,1,Unspecified,1242,2026-08-04T16:48:36.2333774+09:00,2026-08-04T16:48:36.7333774+09:00,653.701775,654.201775,30,30,-0.089258,-0.004794,0.000003,0.000002,0.000000,0.002098,0
20260804_163742_531,1,Unspecified,1243,2026-08-04T16:48:36.7333774+09:00,2026-08-04T16:48:37.2333774+09:00,654.201775,654.701775,30,30,-0.083324,-0.000217,0.000001,0.000002,0.000001,0.001683,0
20260804_163742_531,1,Unspecified,1244,2026-08-04T16:48:37.2333774+09:00,2026-08-04T16:48:37.7333774+09:00,654.701775,655.201775,30,30,-0.080712,0.002130,0.000002,0.000004,0.000003,0.002581,0
20260804_163742_531,1,Unspecified,1245,2026-08-04T16:48:37.7333774+09:00,2026-08-04T16:48:38.2333774+09:00,655.201775,655.701775,30,30,-0.075282,0.008150,0.000003,0.000003,0.000002,0.002353,0
20260804_163742_531,1,Unspecified,1246,2026-08-04T16:48:38.2333774+09:00,2026-08-04T16:48:38.7333774+09:00,655.701775,656.201775,30,30,-0.065856,0.013668,0.000008,0.000004,0.000005,0.003446,0
20260804_163742_531,1,Unspecified,1247,2026-08-04T16:48:38.7333774+09:00,2026-08-04T16:48:39.2333774+09:00,656.201775,656.701775,30,30,-0.052809,0.021564,0.000043,0.000008,0.000017,0.007123,0
20260804_163742_531,1,Unspecified,1248,2026-08-04T16:48:39.2333774+09:00,2026-08-04T16:48:39.7333774+09:00,656.701775,657.201775,30,30,-0.037688,0.032800,0.000001,0.000012,-0.000003,0.003683,0
20260804_163742_531,1,Unspecified,1249,2026-08-04T16:48:39.7333774+09:00,2026-08-04T16:48:40.2333774+09:00,657.201775,657.701775,30,30,-0.033238,0.046226,0.000005,0.000003,0.000003,0.002734,0
20260804_163742_531,1,Unspecified,1250,2026-08-04T16:48:40.2333774+09:00,2026-08-04T16:48:40.7333774+09:00,657.701775,658.201775,30,30,-0.034315,0.043273,0.000000,0.000000,0.000000,0.000714,0
20260804_163742_531,1,Unspecified,1251,2026-08-04T16:48:40.7333774+09:00,2026-08-04T16:48:41.2333774+09:00,658.201775,658.701775,30,30,-0.035346,0.042985,0.000000,0.000000,0.000000,0.000537,0
20260804_163742_531,1,Unspecified,1252,2026-08-04T16:48:41.2333774+09:00,2026-08-04T16:48:41.7333774+09:00,658.701775,659.201775,30,30,-0.036009,0.040601,0.000001,0.000001,0.000001,0.001060,0
20260804_163742_531,1,Unspecified,1253,2026-08-04T16:48:41.7333774+09:00,2026-08-04T16:48:42.2333774+09:00,659.201775,659.701775,30,30,-0.037734,0.038412,0.000000,0.000000,0.000000,0.000310,0
20260804_163742_531,1,Unspecified,1254,2026-08-04T16:48:42.2333774+09:00,2026-08-04T16:48:42.7333774+09:00,659.701775,660.201775,30,30,-0.038909,0.037553,0.000000,0.000000,0.000000,0.000691,0
20260804_163742_531,1,Unspecified,1255,2026-08-04T16:48:42.7333774+09:00,2026-08-04T16:48:43.2333774+09:00,660.201775,660.701775,30,30,-0.039750,0.036586,0.000000,0.000000,0.000000,0.000321,0
20260804_163742_531,1,Unspecified,1256,2026-08-04T16:48:43.2333774+09:00,2026-08-04T16:48:43.7333774+09:00,660.701775,661.201775,30,30,-0.039405,0.035249,0.000000,0.000000,0.000000,0.000420,0
20260804_163742_531,1,Unspecified,1257,2026-08-04T16:48:43.7333774+09:00,2026-08-04T16:48:44.2333774+09:00,661.201775,661.701775,30,30,-0.039217,0.035063,0.000000,0.000000,0.000000,0.000168,0
20260804_163742_531,1,Unspecified,1258,2026-08-04T16:48:44.2333774+09:00,2026-08-04T16:48:44.7333774+09:00,661.701775,662.201775,30,30,-0.039060,0.035206,0.000000,0.000000,0.000000,0.000129,0
20260804_163742_531,1,Unspecified,1259,2026-08-04T16:48:44.7333774+09:00,2026-08-04T16:48:45.2333774+09:00,662.201775,662.701775,30,30,-0.038603,0.035715,0.000000,0.000000,0.000000,0.000222,0
20260804_163742_531,1,Unspecified,1260,2026-08-04T16:48:45.2333774+09:00,2026-08-04T16:48:45.7333774+09:00,662.701775,663.201775,30,30,-0.038720,0.035828,0.000000,0.000000,0.000000,0.000221,0
20260804_163742_531,1,Unspecified,1261,2026-08-04T16:48:45.7333774+09:00,2026-08-04T16:48:46.2333774+09:00,663.201775,663.701775,30,30,-0.038784,0.036249,0.000000,0.000000,0.000000,0.000235,0
20260804_163742_531,1,Unspecified,1262,2026-08-04T16:48:46.2333774+09:00,2026-08-04T16:48:46.7333774+09:00,663.701775,664.201775,30,30,-0.039282,0.036316,0.000000,0.000000,0.000000,0.000318,0
20260804_163742_531,1,Unspecified,1263,2026-08-04T16:48:46.7333774+09:00,2026-08-04T16:48:47.2333774+09:00,664.201775,664.701775,30,30,-0.039664,0.036688,0.000000,0.000000,0.000000,0.000316,0
20260804_163742_531,1,Unspecified,1264,2026-08-04T16:48:47.2333774+09:00,2026-08-04T16:48:47.7333774+09:00,664.701775,665.201775,30,30,-0.040822,0.037418,0.000001,0.000000,0.000000,0.000917,0
20260804_163742_531,1,Unspecified,1265,2026-08-04T16:48:47.7333774+09:00,2026-08-04T16:48:48.2333774+09:00,665.201775,665.701775,30,30,-0.034930,0.038522,0.000002,0.000000,0.000001,0.001611,0
20260804_163742_531,1,Unspecified,1266,2026-08-04T16:48:48.2333774+09:00,2026-08-04T16:48:48.7333774+09:00,665.701775,666.201775,30,30,-0.034426,0.039924,0.000000,0.000000,0.000000,0.000615,0
20260804_163742_531,1,Unspecified,1267,2026-08-04T16:48:48.7333774+09:00,2026-08-04T16:48:49.2333774+09:00,666.201775,666.701775,30,30,-0.035400,0.042567,0.000000,0.000001,0.000000,0.001161,0
20260804_163742_531,1,Unspecified,1268,2026-08-04T16:48:49.2333774+09:00,2026-08-04T16:48:49.7333774+09:00,666.701775,667.201775,30,30,-0.034970,0.045832,0.000000,0.000001,0.000000,0.001153,0
20260804_163742_531,1,Unspecified,1269,2026-08-04T16:48:49.7333774+09:00,2026-08-04T16:48:50.2333774+09:00,667.201775,667.701775,30,30,-0.033705,0.043090,0.000000,0.000000,0.000000,0.000588,0
20260804_163742_531,1,Unspecified,1270,2026-08-04T16:48:50.2333774+09:00,2026-08-04T16:48:50.7333774+09:00,667.701775,668.201775,30,30,-0.036485,0.041342,0.000000,0.000001,0.000000,0.000896,0
20260804_163742_531,1,Unspecified,1271,2026-08-04T16:48:50.7333774+09:00,2026-08-04T16:48:51.2333774+09:00,668.201775,668.701775,30,30,-0.036612,0.041506,0.000000,0.000000,0.000000,0.000568,0
20260804_163742_531,1,Unspecified,1272,2026-08-04T16:48:51.2333774+09:00,2026-08-04T16:48:51.7333774+09:00,668.701775,669.201775,30,30,-0.037662,0.041139,0.000000,0.000000,0.000000,0.000186,0
20260804_163742_531,1,Unspecified,1273,2026-08-04T16:48:51.7333774+09:00,2026-08-04T16:48:52.2333774+09:00,669.201775,669.701775,30,30,-0.038162,0.040936,0.000000,0.000000,0.000000,0.000168,0
20260804_163742_531,1,Unspecified,1274,2026-08-04T16:48:52.2333774+09:00,2026-08-04T16:48:52.7333774+09:00,669.701775,670.201775,30,30,-0.037507,0.041064,0.000000,0.000000,0.000000,0.000475,0
20260804_163742_531,1,Unspecified,1275,2026-08-04T16:48:52.7333774+09:00,2026-08-04T16:48:53.2333774+09:00,670.201775,670.701775,30,30,-0.036902,0.040963,0.000000,0.000000,0.000000,0.000537,0
20260804_163742_531,1,Unspecified,1276,2026-08-04T16:48:53.2333774+09:00,2026-08-04T16:48:53.7333774+09:00,670.701775,671.201775,30,30,-0.037253,0.040987,0.000000,0.000000,0.000000,0.000380,0
20260804_163742_531,1,Unspecified,1277,2026-08-04T16:48:53.7333774+09:00,2026-08-04T16:48:54.2333774+09:00,671.201775,671.701775,30,30,-0.039008,0.042833,0.000006,0.000004,-0.000003,0.003152,0
20260804_163742_531,1,Unspecified,1278,2026-08-04T16:48:54.2333774+09:00,2026-08-04T16:48:54.7333774+09:00,671.701775,672.201775,30,30,-0.035739,0.048234,0.000003,0.000002,0.000002,0.002174,0
20260804_163742_531,1,Unspecified,1279,2026-08-04T16:48:54.7333774+09:00,2026-08-04T16:48:55.2333774+09:00,672.201775,672.701775,30,30,-0.035808,0.045863,0.000002,0.000003,0.000002,0.002246,0
20260804_163742_531,1,Unspecified,1280,2026-08-04T16:48:55.2333774+09:00,2026-08-04T16:48:55.7333774+09:00,672.701775,673.201775,30,30,-0.037883,0.040553,0.000000,0.000002,0.000000,0.001285,0
20260804_163742_531,1,Unspecified,1281,2026-08-04T16:48:55.7333774+09:00,2026-08-04T16:48:56.2333774+09:00,673.201775,673.701775,30,30,-0.040151,0.037258,0.000001,0.000001,0.000001,0.001252,0
20260804_163742_531,1,Unspecified,1282,2026-08-04T16:48:56.2333774+09:00,2026-08-04T16:48:56.7333774+09:00,673.701775,674.201775,30,30,-0.041566,0.035738,0.000000,0.000000,0.000000,0.000628,0
20260804_163742_531,1,Unspecified,1283,2026-08-04T16:48:56.7333774+09:00,2026-08-04T16:48:57.2333774+09:00,674.201775,674.701775,30,30,-0.041148,0.035482,0.000000,0.000000,0.000000,0.000384,0
20260804_163742_531,1,Unspecified,1284,2026-08-04T16:48:57.2333774+09:00,2026-08-04T16:48:57.7333774+09:00,674.701775,675.201775,30,30,-0.040976,0.036386,0.000000,0.000000,0.000000,0.000438,0
20260804_163742_531,1,Unspecified,1285,2026-08-04T16:48:57.7333774+09:00,2026-08-04T16:48:58.2333774+09:00,675.201775,675.701775,30,30,-0.040010,0.036713,0.000000,0.000000,0.000000,0.000389,0
20260804_163742_531,1,Unspecified,1286,2026-08-04T16:48:58.2333774+09:00,2026-08-04T16:48:58.7333774+09:00,675.701775,676.201775,30,30,-0.039393,0.037506,0.000000,0.000000,0.000000,0.000270,0
20260804_163742_531,1,Unspecified,1287,2026-08-04T16:48:58.7333774+09:00,2026-08-04T16:48:59.2333774+09:00,676.201775,676.701775,30,30,-0.035689,0.042384,0.000009,0.000014,0.000011,0.004797,0
20260804_163742_531,1,Unspecified,1288,2026-08-04T16:48:59.2333774+09:00,2026-08-04T16:48:59.7333774+09:00,676.701775,677.201775,30,30,-0.028310,0.055945,0.000001,0.000005,0.000001,0.002421,0
20260804_163742_531,1,Unspecified,1289,2026-08-04T16:48:59.7333774+09:00,2026-08-04T16:49:00.2333774+09:00,677.201775,677.701775,30,30,-0.020035,0.058147,0.000005,0.000000,0.000001,0.002402,0
20260804_163742_531,1,Unspecified,1290,2026-08-04T16:49:00.2333774+09:00,2026-08-04T16:49:00.7333774+09:00,677.701775,678.201775,30,30,-0.017390,0.058830,0.000000,0.000000,0.000000,0.000309,0
20260804_163742_531,1,Unspecified,1291,2026-08-04T16:49:00.7333774+09:00,2026-08-04T16:49:01.2333774+09:00,678.201775,678.701775,30,30,-0.022637,0.058364,0.000009,0.000000,0.000001,0.003069,0
20260804_163742_531,1,Unspecified,1292,2026-08-04T16:49:01.2333774+09:00,2026-08-04T16:49:01.7333774+09:00,678.701775,679.201775,30,30,-0.029141,0.055732,0.000001,0.000001,0.000000,0.001061,0
20260804_163742_531,1,Unspecified,1293,2026-08-04T16:49:01.7333774+09:00,2026-08-04T16:49:02.2333774+09:00,679.201775,679.701775,30,30,-0.028559,0.054907,0.000000,0.000000,0.000000,0.000241,0
20260804_163742_531,1,Unspecified,1294,2026-08-04T16:49:02.2333774+09:00,2026-08-04T16:49:02.7333774+09:00,679.701775,680.201775,30,30,-0.028326,0.055266,0.000000,0.000000,0.000000,0.000421,0
20260804_163742_531,1,Unspecified,1295,2026-08-04T16:49:02.7333774+09:00,2026-08-04T16:49:03.2333774+09:00,680.201775,680.701775,30,30,-0.028139,0.055500,0.000000,0.000000,0.000000,0.000162,0
20260804_163742_531,1,Unspecified,1296,2026-08-04T16:49:03.2333774+09:00,2026-08-04T16:49:03.7333774+09:00,680.701775,681.201775,30,30,-0.028059,0.055606,0.000000,0.000000,0.000000,0.000167,0
20260804_163742_531,1,Unspecified,1297,2026-08-04T16:49:03.7333774+09:00,2026-08-04T16:49:04.2333774+09:00,681.201775,681.701775,30,30,-0.028542,0.055224,0.000000,0.000000,0.000000,0.000261,0
20260804_163742_531,1,Unspecified,1298,2026-08-04T16:49:04.2333774+09:00,2026-08-04T16:49:04.7333774+09:00,681.701775,682.201775,30,30,-0.029013,0.055132,0.000000,0.000000,0.000000,0.000222,0
20260804_163742_531,1,Unspecified,1299,2026-08-04T16:49:04.7333774+09:00,2026-08-04T16:49:05.2333774+09:00,682.201775,682.701775,30,30,-0.029125,0.055170,0.000000,0.000000,0.000000,0.000204,0
20260804_163742_531,1,Unspecified,1300,2026-08-04T16:49:05.2333774+09:00,2026-08-04T16:49:05.7333774+09:00,682.701775,683.201775,30,30,-0.029060,0.054752,0.000000,0.000000,0.000000,0.000181,0
20260804_163742_531,1,Unspecified,1301,2026-08-04T16:49:05.7333774+09:00,2026-08-04T16:49:06.2333774+09:00,683.201775,683.701775,30,30,-0.028662,0.054922,0.000000,0.000000,0.000000,0.000174,0
20260804_163742_531,1,Unspecified,1302,2026-08-04T16:49:06.2333774+09:00,2026-08-04T16:49:06.7333774+09:00,683.701775,684.201775,30,30,-0.028317,0.054990,0.000000,0.000000,0.000000,0.000181,0
20260804_163742_531,1,Unspecified,1303,2026-08-04T16:49:06.7333774+09:00,2026-08-04T16:49:07.2333774+09:00,684.201775,684.701775,30,30,-0.027903,0.055175,0.000000,0.000000,0.000000,0.000262,0
20260804_163742_531,1,Unspecified,1304,2026-08-04T16:49:07.2333774+09:00,2026-08-04T16:49:07.7333774+09:00,684.701775,685.201775,30,30,-0.027442,0.055448,0.000000,0.000000,0.000000,0.000249,0
20260804_163742_531,1,Unspecified,1305,2026-08-04T16:49:07.7333774+09:00,2026-08-04T16:49:08.2333774+09:00,685.201775,685.701775,30,30,-0.027791,0.055107,0.000000,0.000000,0.000000,0.000185,0
20260804_163742_531,1,Unspecified,1306,2026-08-04T16:49:08.2333774+09:00,2026-08-04T16:49:08.7333774+09:00,685.701775,686.201775,30,30,-0.027948,0.054867,0.000000,0.000000,0.000000,0.000198,0
20260804_163742_531,1,Unspecified,1307,2026-08-04T16:49:08.7333774+09:00,2026-08-04T16:49:09.2333774+09:00,686.201775,686.701775,30,30,-0.028156,0.055097,0.000000,0.000000,0.000000,0.000199,0
20260804_163742_531,1,Unspecified,1308,2026-08-04T16:49:09.2333774+09:00,2026-08-04T16:49:09.7333774+09:00,686.701775,687.201775,30,30,-0.027710,0.055136,0.000000,0.000000,0.000000,0.000375,0
20260804_163742_531,1,Unspecified,1309,2026-08-04T16:49:09.7333774+09:00,2026-08-04T16:49:10.2333774+09:00,687.201775,687.701775,30,30,-0.025344,0.055694,0.000004,0.000000,0.000000,0.001976,0
20260804_163742_531,1,Unspecified,1310,2026-08-04T16:49:10.2333774+09:00,2026-08-04T16:49:10.7333774+09:00,687.701775,688.201775,30,30,-0.029375,0.060284,0.000017,0.000006,-0.000010,0.004829,0
20260804_163742_531,1,Unspecified,1311,2026-08-04T16:49:10.7333774+09:00,2026-08-04T16:49:11.2333774+09:00,688.201775,688.701775,30,30,-0.039395,0.061563,0.000003,0.000001,0.000002,0.002199,0
20260804_163742_531,1,Unspecified,1312,2026-08-04T16:49:11.2333774+09:00,2026-08-04T16:49:11.7333774+09:00,688.701775,689.201775,30,30,-0.042222,0.059689,0.000001,0.000000,0.000000,0.000970,0
20260804_163742_531,1,Unspecified,1313,2026-08-04T16:49:11.7333774+09:00,2026-08-04T16:49:12.2333774+09:00,689.201775,689.701775,30,30,-0.042751,0.058656,0.000000,0.000000,0.000000,0.000491,0
20260804_163742_531,1,Unspecified,1314,2026-08-04T16:49:12.2333774+09:00,2026-08-04T16:49:12.7333774+09:00,689.701775,690.201775,30,30,-0.042434,0.058686,0.000000,0.000000,0.000000,0.000717,0
20260804_163742_531,1,Unspecified,1315,2026-08-04T16:49:12.7333774+09:00,2026-08-04T16:49:13.2333774+09:00,690.201775,690.701775,30,30,-0.041119,0.059337,0.000000,0.000000,0.000000,0.000752,0
20260804_163742_531,1,Unspecified,1316,2026-08-04T16:49:13.2333774+09:00,2026-08-04T16:49:13.7333774+09:00,690.701775,691.201775,30,30,-0.039114,0.060456,0.000000,0.000000,0.000000,0.000755,0
20260804_163742_531,1,Unspecified,1317,2026-08-04T16:49:13.7333774+09:00,2026-08-04T16:49:14.2333774+09:00,691.201775,691.701775,30,30,-0.034914,0.058464,0.000010,0.000002,-0.000004,0.003524,0
20260804_163742_531,1,Unspecified,1318,2026-08-04T16:49:14.2333774+09:00,2026-08-04T16:49:14.7333774+09:00,691.701775,692.201775,30,30,-0.029354,0.054359,0.000001,0.000000,0.000000,0.000919,0
20260804_163742_531,1,Unspecified,1319,2026-08-04T16:49:14.7333774+09:00,2026-08-04T16:49:15.2333774+09:00,692.201775,692.701775,30,30,-0.028552,0.055292,0.000001,0.000000,0.000001,0.001142,0
20260804_163742_531,1,Unspecified,1320,2026-08-04T16:49:15.2333774+09:00,2026-08-04T16:49:15.7333774+09:00,692.701775,693.201775,30,30,-0.031630,0.055055,0.000001,0.000000,0.000000,0.000802,0
20260804_163742_531,1,Unspecified,1321,2026-08-04T16:49:15.7333774+09:00,2026-08-04T16:49:16.2333774+09:00,693.201775,693.701775,30,30,-0.033094,0.053828,0.000000,0.000000,0.000000,0.000442,0
20260804_163742_531,1,Unspecified,1322,2026-08-04T16:49:16.2333774+09:00,2026-08-04T16:49:16.7333774+09:00,693.701775,694.201775,30,30,-0.034038,0.052936,0.000000,0.000000,0.000000,0.000644,0
20260804_163742_531,1,Unspecified,1323,2026-08-04T16:49:16.7333774+09:00,2026-08-04T16:49:17.2333774+09:00,694.201775,694.701775,30,30,-0.035575,0.051437,0.000000,0.000000,0.000000,0.000349,0
20260804_163742_531,1,Unspecified,1324,2026-08-04T16:49:17.2333774+09:00,2026-08-04T16:49:17.7333774+09:00,694.701775,695.201775,30,30,-0.035963,0.051122,0.000000,0.000000,0.000000,0.000324,0
20260804_163742_531,1,Unspecified,1325,2026-08-04T16:49:17.7333774+09:00,2026-08-04T16:49:18.2333774+09:00,695.201775,695.701775,30,30,-0.035970,0.050647,0.000000,0.000000,0.000000,0.000179,0
20260804_163742_531,1,Unspecified,1326,2026-08-04T16:49:18.2333774+09:00,2026-08-04T16:49:18.7333774+09:00,695.701775,696.201775,30,30,-0.035660,0.050706,0.000000,0.000000,0.000000,0.000149,0
20260804_163742_531,1,Unspecified,1327,2026-08-04T16:49:18.7333774+09:00,2026-08-04T16:49:19.2333774+09:00,696.201775,696.701775,30,30,-0.035616,0.050440,0.000000,0.000000,0.000000,0.000289,0
20260804_163742_531,1,Unspecified,1328,2026-08-04T16:49:19.2333774+09:00,2026-08-04T16:49:19.7333774+09:00,696.701775,697.201775,30,30,-0.034137,0.049436,0.000003,0.000001,-0.000001,0.001902,0
20260804_163742_531,1,Unspecified,1329,2026-08-04T16:49:19.7333774+09:00,2026-08-04T16:49:20.2333774+09:00,697.201775,697.701775,30,30,-0.030788,0.047580,0.000000,0.000000,0.000000,0.000746,0
20260804_163742_531,1,Unspecified,1330,2026-08-04T16:49:20.2333774+09:00,2026-08-04T16:49:20.7333774+09:00,697.701775,698.201775,30,30,-0.030529,0.048165,0.000001,0.000000,0.000000,0.000800,0
20260804_163742_531,1,Unspecified,1331,2026-08-04T16:49:20.7333774+09:00,2026-08-04T16:49:21.2333774+09:00,698.201775,698.701775,30,30,-0.036370,0.048106,0.000001,0.000000,0.000000,0.001172,0
20260804_163742_531,1,Unspecified,1332,2026-08-04T16:49:21.2333774+09:00,2026-08-04T16:49:21.7333774+09:00,698.701775,699.201775,30,30,-0.036030,0.049244,0.000000,0.000000,0.000000,0.000241,0
20260804_163742_531,1,Unspecified,1333,2026-08-04T16:49:21.7333774+09:00,2026-08-04T16:49:22.2333774+09:00,699.201775,699.701775,30,30,-0.035338,0.050601,0.000000,0.000000,0.000000,0.000624,0
20260804_163742_531,1,Unspecified,1334,2026-08-04T16:49:22.2333774+09:00,2026-08-04T16:49:22.7333774+09:00,699.701775,700.201775,30,30,-0.033398,0.053793,0.000000,0.000001,0.000000,0.000912,0
20260804_163742_531,1,Unspecified,1335,2026-08-04T16:49:22.7333774+09:00,2026-08-04T16:49:23.2333774+09:00,700.201775,700.701775,30,30,-0.032795,0.054307,0.000001,0.000000,0.000000,0.001066,0
20260804_163742_531,1,Unspecified,1336,2026-08-04T16:49:23.2333774+09:00,2026-08-04T16:49:23.7333774+09:00,700.701775,701.201775,30,30,-0.034654,0.055146,0.000000,0.000000,0.000000,0.000609,0
20260804_163742_531,1,Unspecified,1337,2026-08-04T16:49:23.7333774+09:00,2026-08-04T16:49:24.2333774+09:00,701.201775,701.701775,30,30,-0.033225,0.055401,0.000001,0.000000,0.000000,0.001170,0
20260804_163742_531,1,Unspecified,1338,2026-08-04T16:49:24.2333774+09:00,2026-08-04T16:49:24.7333774+09:00,701.701775,702.201775,30,30,-0.030983,0.055075,0.000000,0.000000,0.000000,0.000684,0
20260804_163742_531,1,Unspecified,1339,2026-08-04T16:49:24.7333774+09:00,2026-08-04T16:49:25.2333774+09:00,702.201775,702.701775,30,30,-0.023866,0.054025,0.000022,0.000000,-0.000002,0.004745,0
20260804_163742_531,1,Unspecified,1340,2026-08-04T16:49:25.2333774+09:00,2026-08-04T16:49:25.7333774+09:00,702.701775,703.201775,30,30,-0.015036,0.055732,0.000001,0.000001,0.000000,0.001242,0
20260804_163742_531,1,Unspecified,1341,2026-08-04T16:49:25.7333774+09:00,2026-08-04T16:49:26.2333774+09:00,703.201775,703.701775,30,30,-0.018898,0.056469,0.000000,0.000000,0.000000,0.000421,0
20260804_163742_531,1,Unspecified,1342,2026-08-04T16:49:26.2333774+09:00,2026-08-04T16:49:26.7333774+09:00,703.701775,704.201775,30,30,-0.019369,0.056419,0.000000,0.000000,0.000000,0.000341,0
20260804_163742_531,1,Unspecified,1343,2026-08-04T16:49:26.7333774+09:00,2026-08-04T16:49:27.2333774+09:00,704.201775,704.701775,30,30,-0.019982,0.055394,0.000000,0.000000,0.000000,0.000583,0
20260804_163742_531,1,Unspecified,1344,2026-08-04T16:49:27.2333774+09:00,2026-08-04T16:49:27.7333774+09:00,704.701775,705.201775,30,30,-0.023325,0.050057,0.000003,0.000011,0.000006,0.003731,0
20260804_163742_531,1,Unspecified,1345,2026-08-04T16:49:27.7333774+09:00,2026-08-04T16:49:28.2333774+09:00,705.201775,705.701775,30,30,-0.028948,0.040445,0.000002,0.000006,0.000003,0.002778,0
20260804_163742_531,1,Unspecified,1346,2026-08-04T16:49:28.2333774+09:00,2026-08-04T16:49:28.7333774+09:00,705.701775,706.201775,30,30,-0.034835,0.030670,0.000005,0.000009,0.000007,0.003749,0
20260804_163742_531,1,Unspecified,1347,2026-08-04T16:49:28.7333774+09:00,2026-08-04T16:49:29.2333774+09:00,706.201775,706.701775,30,30,-0.040285,0.034044,0.000000,0.000008,0.000000,0.002917,0
20260804_163742_531,1,Unspecified,1348,2026-08-04T16:49:29.2333774+09:00,2026-08-04T16:49:29.7333774+09:00,706.701775,707.201775,30,30,-0.039555,0.036338,0.000000,0.000000,0.000000,0.000403,0
20260804_163742_531,1,Unspecified,1349,2026-08-04T16:49:29.7333774+09:00,2026-08-04T16:49:30.2333774+09:00,707.201775,707.701775,30,30,-0.039195,0.037227,0.000000,0.000000,0.000000,0.000415,0
20260804_163742_531,1,Unspecified,1350,2026-08-04T16:49:30.2333774+09:00,2026-08-04T16:49:30.7333774+09:00,707.701775,708.201775,30,30,-0.037938,0.040797,0.000000,0.000007,0.000002,0.002712,0
20260804_163742_531,1,Unspecified,1351,2026-08-04T16:49:30.7333774+09:00,2026-08-04T16:49:31.2333774+09:00,708.201775,708.701775,30,30,-0.038351,0.047778,0.000002,0.000001,-0.000001,0.001628,0
20260804_163742_531,1,Unspecified,1352,2026-08-04T16:49:31.2333774+09:00,2026-08-04T16:49:31.7333774+09:00,708.701775,709.201775,30,30,-0.039030,0.049359,0.000001,0.000000,0.000000,0.000882,0
20260804_163742_531,1,Unspecified,1353,2026-08-04T16:49:31.7333774+09:00,2026-08-04T16:49:32.2333774+09:00,709.201775,709.701775,30,30,-0.036613,0.049751,0.000000,0.000000,0.000000,0.000513,0
20260804_163742_531,1,Unspecified,1354,2026-08-04T16:49:32.2333774+09:00,2026-08-04T16:49:32.7333774+09:00,709.701775,710.201775,30,30,-0.034885,0.050361,0.000000,0.000000,0.000000,0.000633,0
20260804_163742_531,1,Unspecified,1355,2026-08-04T16:49:32.7333774+09:00,2026-08-04T16:49:33.2333774+09:00,710.201775,710.701775,30,30,-0.033874,0.050343,0.000000,0.000000,0.000000,0.000272,0
20260804_163742_531,1,Unspecified,1356,2026-08-04T16:49:33.2333774+09:00,2026-08-04T16:49:33.7333774+09:00,710.701775,711.201775,30,30,-0.032783,0.050774,0.000000,0.000000,0.000000,0.000370,0
20260804_163742_531,1,Unspecified,1357,2026-08-04T16:49:33.7333774+09:00,2026-08-04T16:49:34.2333774+09:00,711.201775,711.701775,30,30,-0.032664,0.049547,0.000000,0.000001,0.000001,0.001083,0
20260804_163742_531,1,Unspecified,1358,2026-08-04T16:49:34.2333774+09:00,2026-08-04T16:49:34.7333774+09:00,711.701775,712.201775,30,30,-0.034300,0.047230,0.000000,0.000000,0.000000,0.000451,0
20260804_163742_531,1,Unspecified,1359,2026-08-04T16:49:34.7333774+09:00,2026-08-04T16:49:35.2333774+09:00,712.201775,712.701775,30,30,-0.033460,0.048459,0.000000,0.000000,0.000000,0.000644,0
20260804_163742_531,1,Unspecified,1360,2026-08-04T16:49:35.2333774+09:00,2026-08-04T16:49:35.7333774+09:00,712.701775,713.201775,30,30,-0.031325,0.051421,0.000001,0.000003,0.000002,0.001956,0
20260804_163742_531,1,Unspecified,1361,2026-08-04T16:49:35.7333774+09:00,2026-08-04T16:49:36.2333774+09:00,713.201775,713.701775,30,30,-0.029634,0.053298,0.000000,0.000000,0.000000,0.000259,0
20260804_163742_531,1,Unspecified,1362,2026-08-04T16:49:36.2333774+09:00,2026-08-04T16:49:36.7333774+09:00,713.701775,714.201775,30,30,-0.027522,0.057900,0.000001,0.000006,0.000003,0.002708,0
20260804_163742_531,1,Unspecified,1363,2026-08-04T16:49:36.7333774+09:00,2026-08-04T16:49:37.2333774+09:00,714.201775,714.701775,30,30,-0.023985,0.062383,0.000000,0.000000,0.000000,0.000515,0
20260804_163742_531,1,Unspecified,1364,2026-08-04T16:49:37.2333774+09:00,2026-08-04T16:49:37.7333774+09:00,714.701775,715.201775,30,30,-0.023930,0.061498,0.000000,0.000000,0.000000,0.000521,0
20260804_163742_531,1,Unspecified,1365,2026-08-04T16:49:37.7333774+09:00,2026-08-04T16:49:38.2333774+09:00,715.201775,715.701775,30,30,-0.025151,0.060489,0.000000,0.000000,0.000000,0.000149,0
20260804_163742_531,1,Unspecified,1366,2026-08-04T16:49:38.2333774+09:00,2026-08-04T16:49:38.7333774+09:00,715.701775,716.201775,30,30,-0.025578,0.060448,0.000000,0.000000,0.000000,0.000138,0
20260804_163742_531,1,Unspecified,1367,2026-08-04T16:49:38.7333774+09:00,2026-08-04T16:49:39.2333774+09:00,716.201775,716.701775,30,30,-0.025767,0.060253,0.000000,0.000000,0.000000,0.000335,0
20260804_163742_531,1,Unspecified,1368,2026-08-04T16:49:39.2333774+09:00,2026-08-04T16:49:39.7333774+09:00,716.701775,717.201775,30,30,-0.025670,0.059727,0.000000,0.000000,0.000000,0.000176,0
20260804_163742_531,1,Unspecified,1369,2026-08-04T16:49:39.7333774+09:00,2026-08-04T16:49:40.2333774+09:00,717.201775,717.701775,30,30,-0.025990,0.059174,0.000000,0.000000,0.000000,0.000166,0
20260804_163742_531,1,Unspecified,1370,2026-08-04T16:49:40.2333774+09:00,2026-08-04T16:49:40.7333774+09:00,717.701775,718.201775,30,30,-0.026115,0.059100,0.000000,0.000000,0.000000,0.000131,0
20260804_163742_531,1,Unspecified,1371,2026-08-04T16:49:40.7333774+09:00,2026-08-04T16:49:41.2333774+09:00,718.201775,718.701775,30,30,-0.026484,0.058920,0.000000,0.000000,0.000000,0.000290,0
20260804_163742_531,1,Unspecified,1372,2026-08-04T16:49:41.2333774+09:00,2026-08-04T16:49:41.7333774+09:00,718.701775,719.201775,30,30,-0.026632,0.058617,0.000000,0.000000,0.000000,0.000117,0
20260804_163742_531,1,Unspecified,1373,2026-08-04T16:49:41.7333774+09:00,2026-08-04T16:49:42.2333774+09:00,719.201775,719.701775,30,30,-0.026832,0.058496,0.000000,0.000000,0.000000,0.000154,0
20260804_163742_531,1,Unspecified,1374,2026-08-04T16:49:42.2333774+09:00,2026-08-04T16:49:42.7333774+09:00,719.701775,720.201775,30,30,-0.027060,0.058397,0.000000,0.000000,0.000000,0.000178,0
20260804_163742_531,1,Unspecified,1375,2026-08-04T16:49:42.7333774+09:00,2026-08-04T16:49:43.2333774+09:00,720.201775,720.701775,30,30,-0.026935,0.058415,0.000000,0.000000,0.000000,0.000127,0
20260804_163742_531,1,Unspecified,1376,2026-08-04T16:49:43.2333774+09:00,2026-08-04T16:49:43.7333774+09:00,720.701775,721.201775,30,30,-0.026856,0.058486,0.000000,0.000000,0.000000,0.000140,0
20260804_163742_531,1,Unspecified,1377,2026-08-04T16:49:43.7333774+09:00,2026-08-04T16:49:44.2333774+09:00,721.201775,721.701775,30,30,-0.026672,0.058514,0.000000,0.000000,0.000000,0.000129,0
20260804_163742_531,1,Unspecified,1378,2026-08-04T16:49:44.2333774+09:00,2026-08-04T16:49:44.7333774+09:00,721.701775,722.201775,30,30,-0.026581,0.058444,0.000000,0.000000,0.000000,0.000326,0
20260804_163742_531,1,Unspecified,1379,2026-08-04T16:49:44.7333774+09:00,2026-08-04T16:49:45.2333774+09:00,722.201775,722.701775,30,30,-0.027517,0.058096,0.000000,0.000000,0.000000,0.000488,0
20260804_163742_531,1,Unspecified,1380,2026-08-04T16:49:45.2333774+09:00,2026-08-04T16:49:45.7333774+09:00,722.701775,723.201775,30,30,-0.030962,0.057654,0.000000,0.000000,0.000000,0.000697,0
20260804_163742_531,1,Unspecified,1381,2026-08-04T16:49:45.7333774+09:00,2026-08-04T16:49:46.2333774+09:00,723.201775,723.701775,30,30,-0.031242,0.057280,0.000000,0.000000,0.000000,0.000342,0
20260804_163742_531,1,Unspecified,1382,2026-08-04T16:49:46.2333774+09:00,2026-08-04T16:49:46.7333774+09:00,723.701775,724.201775,30,30,-0.031101,0.056883,0.000000,0.000000,0.000000,0.000256,0
20260804_163742_531,1,Unspecified,1383,2026-08-04T16:49:46.7333774+09:00,2026-08-04T16:49:47.2333774+09:00,724.201775,724.701775,30,30,-0.030538,0.057242,0.000000,0.000000,0.000000,0.000182,0
20260804_163742_531,1,Unspecified,1384,2026-08-04T16:49:47.2333774+09:00,2026-08-04T16:49:47.7333774+09:00,724.701775,725.201775,30,30,-0.030538,0.057324,0.000000,0.000000,0.000000,0.000286,0
20260804_163742_531,1,Unspecified,1385,2026-08-04T16:49:47.7333774+09:00,2026-08-04T16:49:48.2333774+09:00,725.201775,725.701775,30,30,-0.030571,0.057388,0.000000,0.000000,0.000000,0.000196,0
20260804_163742_531,1,Unspecified,1386,2026-08-04T16:49:48.2333774+09:00,2026-08-04T16:49:48.7333774+09:00,725.701775,726.201775,30,30,-0.030799,0.057052,0.000000,0.000000,0.000000,0.000394,0
20260804_163742_531,1,Unspecified,1387,2026-08-04T16:49:48.7333774+09:00,2026-08-04T16:49:49.2333774+09:00,726.201775,726.701775,30,30,-0.030562,0.057139,0.000000,0.000000,0.000000,0.000149,0
20260804_163742_531,1,Unspecified,1388,2026-08-04T16:49:49.2333774+09:00,2026-08-04T16:49:49.7333774+09:00,726.701775,727.201775,30,30,-0.031037,0.056659,0.000000,0.000000,0.000000,0.000520,0
20260804_163742_531,1,Unspecified,1389,2026-08-04T16:49:49.7333774+09:00,2026-08-04T16:49:50.2333774+09:00,727.201775,727.701775,30,30,-0.030513,0.056941,0.000000,0.000000,0.000000,0.000126,0
20260804_163742_531,1,Unspecified,1390,2026-08-04T16:49:50.2333774+09:00,2026-08-04T16:49:50.7333774+09:00,727.701775,728.201775,30,30,-0.030501,0.056740,0.000000,0.000000,0.000000,0.000468,0
20260804_163742_531,1,Unspecified,1391,2026-08-04T16:49:50.7333774+09:00,2026-08-04T16:49:51.2333774+09:00,728.201775,728.701775,30,30,-0.030181,0.057310,0.000000,0.000000,0.000000,0.000206,0
20260804_163742_531,1,Unspecified,1392,2026-08-04T16:49:51.2333774+09:00,2026-08-04T16:49:51.7333774+09:00,728.701775,729.201775,30,30,-0.030545,0.057044,0.000000,0.000000,0.000000,0.000639,0
20260804_163742_531,1,Unspecified,1393,2026-08-04T16:49:51.7333774+09:00,2026-08-04T16:49:52.2333774+09:00,729.201775,729.701775,30,30,-0.030648,0.057004,0.000000,0.000000,0.000000,0.000134,0
20260804_163742_531,1,Unspecified,1394,2026-08-04T16:49:52.2333774+09:00,2026-08-04T16:49:52.7333774+09:00,729.701775,730.201775,30,30,-0.029213,0.057168,0.000001,0.000000,0.000000,0.000834,0
20260804_163742_531,1,Unspecified,1395,2026-08-04T16:49:52.7333774+09:00,2026-08-04T16:49:53.2333774+09:00,730.201775,730.701775,30,30,-0.029566,0.057154,0.000002,0.000000,0.000000,0.001304,0
20260804_163742_531,1,Unspecified,1396,2026-08-04T16:49:53.2333774+09:00,2026-08-04T16:49:53.7333774+09:00,730.701775,731.201775,30,30,-0.030510,0.057019,0.000000,0.000000,0.000000,0.000142,0
20260804_163742_531,1,Unspecified,1397,2026-08-04T16:49:53.7333774+09:00,2026-08-04T16:49:54.2333774+09:00,731.201775,731.701775,30,30,-0.029659,0.057219,0.000000,0.000000,0.000000,0.000661,0
20260804_163742_531,1,Unspecified,1398,2026-08-04T16:49:54.2333774+09:00,2026-08-04T16:49:54.7333774+09:00,731.701775,732.201775,30,30,-0.028430,0.057722,0.000000,0.000000,0.000000,0.000276,0
20260804_163742_531,1,Unspecified,1399,2026-08-04T16:49:54.7333774+09:00,2026-08-04T16:49:55.2333774+09:00,732.201775,732.701775,30,30,-0.028550,0.057810,0.000000,0.000000,0.000000,0.000306,0
20260804_163742_531,1,Unspecified,1400,2026-08-04T16:49:55.2333774+09:00,2026-08-04T16:49:55.7333774+09:00,732.701775,733.201775,30,30,-0.029388,0.057124,0.000000,0.000000,0.000000,0.000244,0
20260804_163742_531,1,Unspecified,1401,2026-08-04T16:49:55.7333774+09:00,2026-08-04T16:49:56.2333774+09:00,733.201775,733.701775,30,30,-0.030411,0.056140,0.000000,0.000000,0.000000,0.000511,0
20260804_163742_531,1,Unspecified,1402,2026-08-04T16:49:56.2333774+09:00,2026-08-04T16:49:56.7333774+09:00,733.701775,734.201775,30,30,-0.030163,0.056123,0.000000,0.000000,0.000000,0.000279,0
20260804_163742_531,1,Unspecified,1403,2026-08-04T16:49:56.7333774+09:00,2026-08-04T16:49:57.2333774+09:00,734.201775,734.701775,30,30,-0.029964,0.056188,0.000000,0.000000,0.000000,0.000467,0
20260804_163742_531,1,Unspecified,1404,2026-08-04T16:49:57.2333774+09:00,2026-08-04T16:49:57.7333774+09:00,734.701775,735.201775,30,30,-0.029899,0.056409,0.000000,0.000000,0.000000,0.000189,0
20260804_163742_531,1,Unspecified,1405,2026-08-04T16:49:57.7333774+09:00,2026-08-04T16:49:58.2333774+09:00,735.201775,735.701775,30,30,-0.029764,0.056384,0.000000,0.000000,0.000000,0.000191,0
20260804_163742_531,1,Unspecified,1406,2026-08-04T16:49:58.2333774+09:00,2026-08-04T16:49:58.7333774+09:00,735.701775,736.201775,30,30,-0.029949,0.056427,0.000000,0.000000,0.000000,0.000425,0
20260804_163742_531,1,Unspecified,1407,2026-08-04T16:49:58.7333774+09:00,2026-08-04T16:49:59.2333774+09:00,736.201775,736.701775,30,30,-0.030533,0.055972,0.000000,0.000000,0.000000,0.000162,0
20260804_163742_531,1,Unspecified,1408,2026-08-04T16:49:59.2333774+09:00,2026-08-04T16:49:59.7333774+09:00,736.701775,737.201775,30,30,-0.030883,0.055443,0.000000,0.000000,0.000000,0.000372,0
20260804_163742_531,1,Unspecified,1409,2026-08-04T16:49:59.7333774+09:00,2026-08-04T16:50:00.2333774+09:00,737.201775,737.701775,30,30,-0.030641,0.055711,0.000000,0.000000,0.000000,0.000159,0
20260804_163742_531,1,Unspecified,1410,2026-08-04T16:50:00.2333774+09:00,2026-08-04T16:50:00.7333774+09:00,737.701775,738.201775,30,30,-0.030777,0.055520,0.000000,0.000000,0.000000,0.000349,0
20260804_163742_531,1,Unspecified,1411,2026-08-04T16:50:00.7333774+09:00,2026-08-04T16:50:01.2333774+09:00,738.201775,738.701775,30,30,-0.030189,0.056239,0.000000,0.000000,0.000000,0.000207,0
20260804_163742_531,1,Unspecified,1412,2026-08-04T16:50:01.2333774+09:00,2026-08-04T16:50:01.7333774+09:00,738.701775,739.201775,30,30,-0.030090,0.056163,0.000000,0.000000,0.000000,0.000297,0
20260804_163742_531,1,Unspecified,1413,2026-08-04T16:50:01.7333774+09:00,2026-08-04T16:50:02.2333774+09:00,739.201775,739.701775,30,30,-0.030058,0.056483,0.000000,0.000000,0.000000,0.000332,0
20260804_163742_531,1,Unspecified,1414,2026-08-04T16:50:02.2333774+09:00,2026-08-04T16:50:02.7333774+09:00,739.701775,740.201775,30,30,-0.030554,0.055914,0.000000,0.000000,0.000000,0.000338,0
20260804_163742_531,1,Unspecified,1415,2026-08-04T16:50:02.7333774+09:00,2026-08-04T16:50:03.2333774+09:00,740.201775,740.701775,30,30,-0.031016,0.055468,0.000000,0.000000,0.000000,0.000314,0
20260804_163742_531,1,Unspecified,1416,2026-08-04T16:50:03.2333774+09:00,2026-08-04T16:50:03.7333774+09:00,740.701775,741.201775,30,30,-0.031138,0.055301,0.000000,0.000000,0.000000,0.000210,0
20260804_163742_531,1,Unspecified,1417,2026-08-04T16:50:03.7333774+09:00,2026-08-04T16:50:04.2333774+09:00,741.201775,741.701775,30,30,-0.031276,0.055202,0.000000,0.000000,0.000000,0.000282,0
20260804_163742_531,1,Unspecified,1418,2026-08-04T16:50:04.2333774+09:00,2026-08-04T16:50:04.7333774+09:00,741.701775,742.201775,30,30,-0.030798,0.055699,0.000000,0.000000,0.000000,0.000319,0
20260804_163742_531,1,Unspecified,1419,2026-08-04T16:50:04.7333774+09:00,2026-08-04T16:50:05.2333774+09:00,742.201775,742.701775,30,30,-0.030764,0.055578,0.000000,0.000000,0.000000,0.000353,0
20260804_163742_531,1,Unspecified,1420,2026-08-04T16:50:05.2333774+09:00,2026-08-04T16:50:05.7333774+09:00,742.701775,743.201775,30,30,-0.031165,0.055504,0.000000,0.000000,0.000000,0.000380,0
20260804_163742_531,1,Unspecified,1421,2026-08-04T16:50:05.7333774+09:00,2026-08-04T16:50:06.2333774+09:00,743.201775,743.701775,30,30,-0.031676,0.054819,0.000000,0.000000,0.000000,0.000458,0
20260804_163742_531,1,Unspecified,1422,2026-08-04T16:50:06.2333774+09:00,2026-08-04T16:50:06.7333774+09:00,743.701775,744.201775,30,30,-0.031544,0.054870,0.000000,0.000000,0.000000,0.000170,0
20260804_163742_531,1,Unspecified,1423,2026-08-04T16:50:06.7333774+09:00,2026-08-04T16:50:07.2333774+09:00,744.201775,744.701775,30,30,-0.031646,0.054643,0.000000,0.000000,0.000000,0.000227,0
20260804_163742_531,1,Unspecified,1424,2026-08-04T16:50:07.2333774+09:00,2026-08-04T16:50:07.7333774+09:00,744.701775,745.201775,30,30,-0.031469,0.055000,0.000000,0.000000,0.000000,0.000272,0
20260804_163742_531,1,Unspecified,1425,2026-08-04T16:50:07.7333774+09:00,2026-08-04T16:50:08.2333774+09:00,745.201775,745.701775,30,30,-0.031057,0.055213,0.000000,0.000000,0.000000,0.000168,0
20260804_163742_531,1,Unspecified,1426,2026-08-04T16:50:08.2333774+09:00,2026-08-04T16:50:08.7333774+09:00,745.701775,746.201775,30,30,-0.031185,0.055118,0.000000,0.000000,0.000000,0.000393,0
20260804_163742_531,1,Unspecified,1427,2026-08-04T16:50:08.7333774+09:00,2026-08-04T16:50:09.2333774+09:00,746.201775,746.701775,30,30,-0.031783,0.054577,0.000000,0.000000,0.000000,0.000256,0
20260804_163742_531,1,Unspecified,1428,2026-08-04T16:50:09.2333774+09:00,2026-08-04T16:50:09.7333774+09:00,746.701775,747.201775,30,30,-0.032323,0.054004,0.000000,0.000000,0.000000,0.000287,0
20260804_163742_531,1,Unspecified,1429,2026-08-04T16:50:09.7333774+09:00,2026-08-04T16:50:10.2333774+09:00,747.201775,747.701775,30,30,-0.032206,0.053918,0.000000,0.000000,0.000000,0.000164,0
20260804_163742_531,1,Unspecified,1430,2026-08-04T16:50:10.2333774+09:00,2026-08-04T16:50:10.7333774+09:00,747.701775,748.201775,30,30,-0.032620,0.053356,0.000000,0.000000,0.000000,0.000275,0
20260804_163742_531,1,Unspecified,1431,2026-08-04T16:50:10.7333774+09:00,2026-08-04T16:50:11.2333774+09:00,748.201775,748.701775,30,30,-0.032299,0.053649,0.000000,0.000000,0.000000,0.000191,0
20260804_163742_531,1,Unspecified,1432,2026-08-04T16:50:11.2333774+09:00,2026-08-04T16:50:11.7333774+09:00,748.701775,749.201775,30,30,-0.032259,0.053605,0.000000,0.000000,0.000000,0.000402,0
20260804_163742_531,1,Unspecified,1433,2026-08-04T16:50:11.7333774+09:00,2026-08-04T16:50:12.2333774+09:00,749.201775,749.701775,30,30,-0.032427,0.053650,0.000000,0.000000,0.000000,0.000480,0
20260804_163742_531,1,Unspecified,1434,2026-08-04T16:50:12.2333774+09:00,2026-08-04T16:50:12.7333774+09:00,749.701775,750.201775,30,30,-0.032961,0.052779,0.000000,0.000000,0.000000,0.000381,0
20260804_163742_531,1,Unspecified,1435,2026-08-04T16:50:12.7333774+09:00,2026-08-04T16:50:13.2333774+09:00,750.201775,750.701775,30,30,-0.033619,0.052166,0.000000,0.000000,0.000000,0.000263,0
20260804_163742_531,1,Unspecified,1436,2026-08-04T16:50:13.2333774+09:00,2026-08-04T16:50:13.7333774+09:00,750.701775,751.201775,30,30,-0.030849,0.051666,0.000001,0.000000,0.000000,0.000926,0
20260804_163742_531,1,Unspecified,1437,2026-08-04T16:50:13.7333774+09:00,2026-08-04T16:50:14.2333774+09:00,751.201775,751.701775,30,30,-0.028789,0.051207,0.000001,0.000000,0.000000,0.000875,0
20260804_163742_531,1,Unspecified,1438,2026-08-04T16:50:14.2333774+09:00,2026-08-04T16:50:14.7333774+09:00,751.701775,752.201775,30,30,-0.027455,0.051487,0.000001,0.000000,0.000000,0.000750,0
20260804_163742_531,1,Unspecified,1439,2026-08-04T16:50:14.7333774+09:00,2026-08-04T16:50:15.2333774+09:00,752.201775,752.701775,30,30,-0.028907,0.051281,0.000000,0.000000,0.000000,0.000442,0
20260804_163742_531,1,Unspecified,1440,2026-08-04T16:50:15.2333774+09:00,2026-08-04T16:50:15.7333774+09:00,752.701775,753.201775,30,30,-0.029877,0.050903,0.000000,0.000000,0.000000,0.000377,0
20260804_163742_531,1,Unspecified,1441,2026-08-04T16:50:15.7333774+09:00,2026-08-04T16:50:16.2333774+09:00,753.201775,753.701775,30,30,-0.030603,0.049782,0.000000,0.000000,0.000000,0.000717,0
20260804_163742_531,1,Unspecified,1442,2026-08-04T16:50:16.2333774+09:00,2026-08-04T16:50:16.7333774+09:00,753.701775,754.201775,30,30,-0.031392,0.048781,0.000000,0.000000,0.000000,0.000448,0
20260804_163742_531,1,Unspecified,1443,2026-08-04T16:50:16.7333774+09:00,2026-08-04T16:50:17.2333774+09:00,754.201775,754.701775,30,30,-0.032165,0.047656,0.000000,0.000000,0.000000,0.000435,0
20260804_163742_531,1,Unspecified,1444,2026-08-04T16:50:17.2333774+09:00,2026-08-04T16:50:17.7333774+09:00,754.701775,755.201775,30,30,-0.032882,0.047272,0.000000,0.000000,0.000000,0.000319,0
20260804_163742_531,1,Unspecified,1445,2026-08-04T16:50:17.7333774+09:00,2026-08-04T16:50:18.2333774+09:00,755.201775,755.701775,30,30,-0.033270,0.046339,0.000000,0.000000,0.000000,0.000647,0
20260804_163742_531,1,Unspecified,1446,2026-08-04T16:50:18.2333774+09:00,2026-08-04T16:50:18.7333774+09:00,755.701775,756.201775,30,30,-0.034782,0.045130,0.000000,0.000000,0.000000,0.000447,0
20260804_163742_531,1,Unspecified,1447,2026-08-04T16:50:18.7333774+09:00,2026-08-04T16:50:19.2333774+09:00,756.201775,756.701775,30,30,-0.034286,0.044456,0.000000,0.000000,0.000000,0.000600,0
20260804_163742_531,1,Unspecified,1448,2026-08-04T16:50:19.2333774+09:00,2026-08-04T16:50:19.7333774+09:00,756.701775,757.201775,30,30,-0.034629,0.042251,0.000000,0.000002,0.000001,0.001471,0
20260804_163742_531,1,Unspecified,1449,2026-08-04T16:50:19.7333774+09:00,2026-08-04T16:50:20.2333774+09:00,757.201775,757.701775,30,30,-0.043114,0.025335,0.000033,0.000045,0.000037,0.008804,0
20260804_163742_531,1,Unspecified,1450,2026-08-04T16:50:20.2333774+09:00,2026-08-04T16:50:20.7333774+09:00,757.701775,758.201775,30,30,-0.065081,0.009830,0.000046,0.000005,0.000015,0.007162,0
20260804_163742_531,1,Unspecified,1451,2026-08-04T16:50:20.7333774+09:00,2026-08-04T16:50:21.2333774+09:00,758.201775,758.701775,30,30,-0.071021,0.007214,0.000000,0.000000,0.000000,0.000825,0
20260804_163742_531,1,Unspecified,1452,2026-08-04T16:50:21.2333774+09:00,2026-08-04T16:50:21.7333774+09:00,758.701775,759.201775,30,30,-0.069467,0.008741,0.000000,0.000000,0.000000,0.000438,0
20260804_163742_531,1,Unspecified,1453,2026-08-04T16:50:21.7333774+09:00,2026-08-04T16:50:22.2333774+09:00,759.201775,759.701775,30,30,-0.068763,0.008180,0.000001,0.000000,0.000000,0.001004,0
20260804_163742_531,1,Unspecified,1454,2026-08-04T16:50:22.2333774+09:00,2026-08-04T16:50:22.7333774+09:00,759.701775,760.201775,30,30,-0.067091,0.007686,0.000000,0.000000,0.000000,0.000619,0
20260804_163742_531,1,Unspecified,1455,2026-08-04T16:50:22.7333774+09:00,2026-08-04T16:50:23.2333774+09:00,760.201775,760.701775,30,30,-0.068116,0.005504,0.000000,0.000001,0.000000,0.001016,0
20260804_163742_531,1,Unspecified,1456,2026-08-04T16:50:23.2333774+09:00,2026-08-04T16:50:23.7333774+09:00,760.701775,761.201775,30,30,-0.069725,0.003604,0.000000,0.000000,0.000000,0.000632,0
20260804_163742_531,1,Unspecified,1457,2026-08-04T16:50:23.7333774+09:00,2026-08-04T16:50:24.2333774+09:00,761.201775,761.701775,30,30,-0.070808,0.003506,0.000000,0.000001,0.000000,0.000838,0
20260804_163742_531,1,Unspecified,1458,2026-08-04T16:50:24.2333774+09:00,2026-08-04T16:50:24.7333774+09:00,761.701775,762.201775,30,30,-0.070639,0.005286,0.000000,0.000000,0.000000,0.000189,0
20260804_163742_531,1,Unspecified,1459,2026-08-04T16:50:24.7333774+09:00,2026-08-04T16:50:25.2333774+09:00,762.201775,762.701775,30,30,-0.071159,0.005034,0.000000,0.000000,0.000000,0.000248,0
20260804_163742_531,1,Unspecified,1460,2026-08-04T16:50:25.2333774+09:00,2026-08-04T16:50:25.7333774+09:00,762.701775,763.201775,30,30,-0.071438,0.005134,0.000000,0.000000,0.000000,0.000233,0
20260804_163742_531,1,Unspecified,1461,2026-08-04T16:50:25.7333774+09:00,2026-08-04T16:50:26.2333774+09:00,763.201775,763.701775,30,30,-0.071467,0.003680,0.000000,0.000000,0.000000,0.000413,0
20260804_163742_531,1,Unspecified,1462,2026-08-04T16:50:26.2333774+09:00,2026-08-04T16:50:26.7333774+09:00,763.701775,764.201775,30,30,-0.071515,0.003082,0.000000,0.000000,0.000000,0.000171,0
20260804_163742_531,1,Unspecified,1463,2026-08-04T16:50:26.7333774+09:00,2026-08-04T16:50:27.2333774+09:00,764.201775,764.701775,30,30,-0.071282,0.004264,0.000000,0.000001,0.000000,0.000805,0
20260804_163742_531,1,Unspecified,1464,2026-08-04T16:50:27.2333774+09:00,2026-08-04T16:50:27.7333774+09:00,764.701775,765.201775,30,30,-0.071175,0.005306,0.000000,0.000000,0.000000,0.000307,0
20260804_163742_531,1,Unspecified,1465,2026-08-04T16:50:27.7333774+09:00,2026-08-04T16:50:28.2333774+09:00,765.201775,765.701775,30,30,-0.071531,0.005034,0.000000,0.000000,0.000000,0.000489,0
20260804_163742_531,1,Unspecified,1466,2026-08-04T16:50:28.2333774+09:00,2026-08-04T16:50:28.7333774+09:00,765.701775,766.201775,30,30,-0.071408,0.005505,0.000000,0.000000,0.000000,0.000308,0
20260804_163742_531,1,Unspecified,1467,2026-08-04T16:50:28.7333774+09:00,2026-08-04T16:50:29.2333774+09:00,766.201775,766.701775,30,30,-0.071241,0.004909,0.000000,0.000000,0.000000,0.000596,0
20260804_163742_531,1,Unspecified,1468,2026-08-04T16:50:29.2333774+09:00,2026-08-04T16:50:29.7333774+09:00,766.701775,767.201775,30,30,-0.070648,0.005186,0.000000,0.000000,0.000000,0.000545,0
20260804_163742_531,1,Unspecified,1469,2026-08-04T16:50:29.7333774+09:00,2026-08-04T16:50:30.2333774+09:00,767.201775,767.701775,30,30,-0.070241,0.006002,0.000000,0.000000,0.000000,0.000186,0
20260804_163742_531,1,Unspecified,1470,2026-08-04T16:50:30.2333774+09:00,2026-08-04T16:50:30.7333774+09:00,767.701775,768.201775,30,30,-0.070695,0.006243,0.000000,0.000000,0.000000,0.000292,0
20260804_163742_531,1,Unspecified,1471,2026-08-04T16:50:30.7333774+09:00,2026-08-04T16:50:31.2333774+09:00,768.201775,768.701775,30,30,-0.070996,0.006410,0.000000,0.000000,0.000000,0.000265,0
20260804_163742_531,1,Unspecified,1472,2026-08-04T16:50:31.2333774+09:00,2026-08-04T16:50:31.7333774+09:00,768.701775,769.201775,30,30,-0.071346,0.006284,0.000000,0.000000,0.000000,0.000385,0
20260804_163742_531,1,Unspecified,1473,2026-08-04T16:50:31.7333774+09:00,2026-08-04T16:50:32.2333774+09:00,769.201775,769.701775,30,30,-0.071328,0.006436,0.000000,0.000000,0.000000,0.000368,0
20260804_163742_531,1,Unspecified,1474,2026-08-04T16:50:32.2333774+09:00,2026-08-04T16:50:32.7333774+09:00,769.701775,770.201775,30,30,-0.071067,0.005537,0.000000,0.000000,0.000000,0.000328,0
20260804_163742_531,1,Unspecified,1475,2026-08-04T16:50:32.7333774+09:00,2026-08-04T16:50:33.2333774+09:00,770.201775,770.701775,30,30,-0.070674,0.005978,0.000000,0.000000,0.000000,0.000319,0
20260804_163742_531,1,Unspecified,1476,2026-08-04T16:50:33.2333774+09:00,2026-08-04T16:50:33.7333774+09:00,770.701775,771.201775,30,30,-0.070731,0.006789,0.000000,0.000000,0.000000,0.000272,0
20260804_163742_531,1,Unspecified,1477,2026-08-04T16:50:33.7333774+09:00,2026-08-04T16:50:34.2333774+09:00,771.201775,771.701775,30,30,-0.071114,0.007167,0.000000,0.000000,0.000000,0.000361,0
20260804_163742_531,1,Unspecified,1478,2026-08-04T16:50:34.2333774+09:00,2026-08-04T16:50:34.7333774+09:00,771.701775,772.201775,30,30,-0.071356,0.006738,0.000000,0.000000,0.000000,0.000375,0
20260804_163742_531,1,Unspecified,1479,2026-08-04T16:50:34.7333774+09:00,2026-08-04T16:50:35.2333774+09:00,772.201775,772.701775,30,30,-0.071291,0.007365,0.000000,0.000000,0.000000,0.000343,0
20260804_163742_531,1,Unspecified,1480,2026-08-04T16:50:35.2333774+09:00,2026-08-04T16:50:35.7333774+09:00,772.701775,773.201775,30,30,-0.070947,0.006032,0.000000,0.000000,0.000000,0.000491,0
20260804_163742_531,1,Unspecified,1481,2026-08-04T16:50:35.7333774+09:00,2026-08-04T16:50:36.2333774+09:00,773.201775,773.701775,30,30,-0.070550,0.007223,0.000000,0.000000,0.000000,0.000483,0
20260804_163742_531,1,Unspecified,1482,2026-08-04T16:50:36.2333774+09:00,2026-08-04T16:50:36.7333774+09:00,773.701775,774.201775,30,30,-0.070349,0.008008,0.000000,0.000000,0.000000,0.000408,0
20260804_163742_531,1,Unspecified,1483,2026-08-04T16:50:36.7333774+09:00,2026-08-04T16:50:37.2333774+09:00,774.201775,774.701775,30,30,-0.070078,0.008311,0.000000,0.000000,0.000000,0.000454,0
20260804_163742_531,1,Unspecified,1484,2026-08-04T16:50:37.2333774+09:00,2026-08-04T16:50:37.7333774+09:00,774.701775,775.201775,30,30,-0.069843,0.008746,0.000000,0.000000,0.000000,0.000407,0
20260804_163742_531,1,Unspecified,1485,2026-08-04T16:50:37.7333774+09:00,2026-08-04T16:50:38.2333774+09:00,775.201775,775.701775,30,30,-0.070349,0.009031,0.000000,0.000000,0.000000,0.000290,0
20260804_163742_531,1,Unspecified,1486,2026-08-04T16:50:38.2333774+09:00,2026-08-04T16:50:38.7333774+09:00,775.701775,776.201775,30,30,-0.070251,0.009096,0.000000,0.000000,0.000000,0.000249,0
20260804_163742_531,1,Unspecified,1487,2026-08-04T16:50:38.7333774+09:00,2026-08-04T16:50:39.2333774+09:00,776.201775,776.701775,30,30,-0.070043,0.008906,0.000000,0.000000,0.000000,0.000648,0
20260804_163742_531,1,Unspecified,1488,2026-08-04T16:50:39.2333774+09:00,2026-08-04T16:50:39.7333774+09:00,776.701775,777.201775,30,30,-0.069640,0.009812,0.000000,0.000000,0.000000,0.000189,0
20260804_163742_531,1,Unspecified,1489,2026-08-04T16:50:39.7333774+09:00,2026-08-04T16:50:40.2333774+09:00,777.201775,777.701775,30,30,-0.069849,0.009643,0.000000,0.000000,0.000000,0.000245,0
20260804_163742_531,1,Unspecified,1490,2026-08-04T16:50:40.2333774+09:00,2026-08-04T16:50:40.7333774+09:00,777.701775,778.201775,30,30,-0.069992,0.009946,0.000000,0.000000,0.000000,0.000182,0
20260804_163742_531,1,Unspecified,1491,2026-08-04T16:50:40.7333774+09:00,2026-08-04T16:50:41.2333774+09:00,778.201775,778.701775,30,30,-0.070299,0.009677,0.000000,0.000000,0.000000,0.000341,0
20260804_163742_531,1,Unspecified,1492,2026-08-04T16:50:41.2333774+09:00,2026-08-04T16:50:41.7333774+09:00,778.701775,779.201775,30,30,-0.070191,0.010228,0.000000,0.000000,0.000000,0.000218,0
20260804_163742_531,1,Unspecified,1493,2026-08-04T16:50:41.7333774+09:00,2026-08-04T16:50:42.2333774+09:00,779.201775,779.701775,30,30,-0.070051,0.009941,0.000000,0.000000,0.000000,0.000347,0
20260804_163742_531,1,Unspecified,1494,2026-08-04T16:50:42.2333774+09:00,2026-08-04T16:50:42.7333774+09:00,779.701775,780.201775,30,30,-0.069807,0.010061,0.000000,0.000000,0.000000,0.000179,0
20260804_163742_531,1,Unspecified,1495,2026-08-04T16:50:42.7333774+09:00,2026-08-04T16:50:43.2333774+09:00,780.201775,780.701775,30,30,-0.069498,0.009849,0.000000,0.000000,0.000000,0.000173,0
20260804_163742_531,1,Unspecified,1496,2026-08-04T16:50:43.2333774+09:00,2026-08-04T16:50:43.7333774+09:00,780.701775,781.201775,30,30,-0.069363,0.010685,0.000000,0.000000,0.000000,0.000484,0
20260804_163742_531,1,Unspecified,1497,2026-08-04T16:50:43.7333774+09:00,2026-08-04T16:50:44.2333774+09:00,781.201775,781.701775,30,30,-0.069686,0.010141,0.000000,0.000000,0.000000,0.000205,0
20260804_163742_531,1,Unspecified,1498,2026-08-04T16:50:44.2333774+09:00,2026-08-04T16:50:44.7333774+09:00,781.701775,782.201775,30,30,-0.070029,0.010381,0.000000,0.000000,0.000000,0.000344,0
20260804_163742_531,1,Unspecified,1499,2026-08-04T16:50:44.7333774+09:00,2026-08-04T16:50:45.2333774+09:00,782.201775,782.701775,30,30,-0.069984,0.010711,0.000000,0.000000,0.000000,0.000133,0
20260804_163742_531,1,Unspecified,1500,2026-08-04T16:50:45.2333774+09:00,2026-08-04T16:50:45.7333774+09:00,782.701775,783.201775,30,30,-0.070089,0.010425,0.000000,0.000000,0.000000,0.000390,0
20260804_163742_531,1,Unspecified,1501,2026-08-04T16:50:45.7333774+09:00,2026-08-04T16:50:46.2333774+09:00,783.201775,783.701775,30,30,-0.069583,0.010491,0.000000,0.000000,0.000000,0.000272,0
20260804_163742_531,1,Unspecified,1502,2026-08-04T16:50:46.2333774+09:00,2026-08-04T16:50:46.7333774+09:00,783.701775,784.201775,30,30,-0.069246,0.010082,0.000000,0.000000,0.000000,0.000527,0
20260804_163742_531,1,Unspecified,1503,2026-08-04T16:50:46.7333774+09:00,2026-08-04T16:50:47.2333774+09:00,784.201775,784.701775,30,30,-0.069077,0.011151,0.000000,0.000000,0.000000,0.000160,0
20260804_163742_531,1,Unspecified,1504,2026-08-04T16:50:47.2333774+09:00,2026-08-04T16:50:47.7333774+09:00,784.701775,785.201775,30,30,-0.069484,0.010945,0.000000,0.000000,0.000000,0.000288,0
20260804_163742_531,1,Unspecified,1505,2026-08-04T16:50:47.7333774+09:00,2026-08-04T16:50:48.2333774+09:00,785.201775,785.701775,30,30,-0.069427,0.011694,0.000000,0.000000,0.000000,0.000187,0
20260804_163742_531,1,Unspecified,1506,2026-08-04T16:50:48.2333774+09:00,2026-08-04T16:50:48.7333774+09:00,785.701775,786.201775,30,30,-0.069564,0.011682,0.000000,0.000000,0.000000,0.000343,0
20260804_163742_531,1,Unspecified,1507,2026-08-04T16:50:48.7333774+09:00,2026-08-04T16:50:49.2333774+09:00,786.201775,786.701775,30,30,-0.069479,0.011554,0.000000,0.000000,0.000000,0.000371,0
20260804_163742_531,1,Unspecified,1508,2026-08-04T16:50:49.2333774+09:00,2026-08-04T16:50:49.7333774+09:00,786.701775,787.201775,30,30,-0.069050,0.010867,0.000000,0.000000,0.000000,0.000208,0
20260804_163742_531,1,Unspecified,1509,2026-08-04T16:50:49.7333774+09:00,2026-08-04T16:50:50.2333774+09:00,787.201775,787.701775,30,30,-0.068727,0.011550,0.000000,0.000000,0.000000,0.000373,0
20260804_163742_531,1,Unspecified,1510,2026-08-04T16:50:50.2333774+09:00,2026-08-04T16:50:50.7333774+09:00,787.701775,788.201775,30,30,-0.068297,0.012650,0.000000,0.000000,0.000000,0.000347,0
20260804_163742_531,1,Unspecified,1511,2026-08-04T16:50:50.7333774+09:00,2026-08-04T16:50:51.2333774+09:00,788.201775,788.701775,30,30,-0.068872,0.012769,0.000000,0.000000,0.000000,0.000187,0
20260804_163742_531,1,Unspecified,1512,2026-08-04T16:50:51.2333774+09:00,2026-08-04T16:50:51.7333774+09:00,788.701775,789.201775,30,30,-0.068861,0.012968,0.000000,0.000000,0.000000,0.000194,0
20260804_163742_531,1,Unspecified,1513,2026-08-04T16:50:51.7333774+09:00,2026-08-04T16:50:52.2333774+09:00,789.201775,789.701775,30,30,-0.068836,0.012900,0.000000,0.000000,0.000000,0.000395,0
20260804_163742_531,1,Unspecified,1514,2026-08-04T16:50:52.2333774+09:00,2026-08-04T16:50:52.7333774+09:00,789.701775,790.201775,30,30,-0.066422,0.019910,0.000004,0.000027,0.000010,0.005535,0
20260804_163742_531,1,Unspecified,1515,2026-08-04T16:50:52.7333774+09:00,2026-08-04T16:50:53.2333774+09:00,790.201775,790.701775,30,30,-0.053836,0.041098,0.000024,0.000030,0.000026,0.007323,0
20260804_163742_531,1,Unspecified,1516,2026-08-04T16:50:53.2333774+09:00,2026-08-04T16:50:53.7333774+09:00,790.701775,791.201775,30,30,-0.041460,0.049042,0.000004,0.000000,0.000000,0.001946,0
20260804_163742_531,1,Unspecified,1517,2026-08-04T16:50:53.7333774+09:00,2026-08-04T16:50:54.2333774+09:00,791.201775,791.701775,30,30,-0.036551,0.049704,0.000000,0.000000,0.000000,0.000517,0
20260804_163742_531,1,Unspecified,1518,2026-08-04T16:50:54.2333774+09:00,2026-08-04T16:50:54.7333774+09:00,791.701775,792.201775,30,30,-0.037544,0.048503,0.000000,0.000000,0.000000,0.000586,0
20260804_163742_531,1,Unspecified,1519,2026-08-04T16:50:54.7333774+09:00,2026-08-04T16:50:55.2333774+09:00,792.201775,792.701775,30,30,-0.038032,0.049156,0.000000,0.000000,0.000000,0.000467,0
20260804_163742_531,1,Unspecified,1520,2026-08-04T16:50:55.2333774+09:00,2026-08-04T16:50:55.7333774+09:00,792.701775,793.201775,30,30,-0.038598,0.048177,0.000000,0.000000,0.000000,0.000339,0
20260804_163742_531,1,Unspecified,1521,2026-08-04T16:50:55.7333774+09:00,2026-08-04T16:50:56.2333774+09:00,793.201775,793.701775,30,30,-0.038492,0.047795,0.000000,0.000000,0.000000,0.000349,0
20260804_163742_531,1,Unspecified,1522,2026-08-04T16:50:56.2333774+09:00,2026-08-04T16:50:56.7333774+09:00,793.701775,794.201775,30,30,-0.038282,0.048847,0.000000,0.000000,0.000000,0.000192,0
20260804_163742_531,1,Unspecified,1523,2026-08-04T16:50:56.7333774+09:00,2026-08-04T16:50:57.2333774+09:00,794.201775,794.701775,30,30,-0.038713,0.048343,0.000000,0.000000,0.000000,0.000246,0
20260804_163742_531,1,Unspecified,1524,2026-08-04T16:50:57.2333774+09:00,2026-08-04T16:50:57.7333774+09:00,794.701775,795.201775,30,30,-0.038525,0.049043,0.000000,0.000000,0.000000,0.000193,0
20260804_163742_531,1,Unspecified,1525,2026-08-04T16:50:57.7333774+09:00,2026-08-04T16:50:58.2333774+09:00,795.201775,795.701775,30,30,-0.038533,0.049079,0.000000,0.000000,0.000000,0.000315,0
20260804_163742_531,1,Unspecified,1526,2026-08-04T16:50:58.2333774+09:00,2026-08-04T16:50:58.7333774+09:00,795.701775,796.201775,30,30,-0.038097,0.049773,0.000000,0.000000,0.000000,0.000528,0
20260804_163742_531,1,Unspecified,1527,2026-08-04T16:50:58.7333774+09:00,2026-08-04T16:50:59.2333774+09:00,796.201775,796.701775,30,30,-0.038326,0.049543,0.000000,0.000000,0.000000,0.000556,0
20260804_163742_531,1,Unspecified,1528,2026-08-04T16:50:59.2333774+09:00,2026-08-04T16:50:59.7333774+09:00,796.701775,797.201775,30,30,-0.038563,0.048910,0.000000,0.000000,0.000000,0.000213,0
20260804_163742_531,1,Unspecified,1529,2026-08-04T16:50:59.7333774+09:00,2026-08-04T16:51:00.2333774+09:00,797.201775,797.701775,30,30,-0.038693,0.048673,0.000000,0.000000,0.000000,0.000427,0
20260804_163742_531,1,Unspecified,1530,2026-08-04T16:51:00.2333774+09:00,2026-08-04T16:51:00.7333774+09:00,797.701775,798.201775,30,30,-0.038580,0.048828,0.000000,0.000000,0.000000,0.000651,0
20260804_163742_531,1,Unspecified,1531,2026-08-04T16:51:00.7333774+09:00,2026-08-04T16:51:01.2333774+09:00,798.201775,798.701775,30,30,-0.039028,0.049218,0.000000,0.000000,0.000000,0.000730,0
20260804_163742_531,1,Unspecified,1532,2026-08-04T16:51:01.2333774+09:00,2026-08-04T16:51:01.7333774+09:00,798.701775,799.201775,30,30,-0.039041,0.048725,0.000004,0.000000,0.000001,0.001921,0
20260804_163742_531,1,Unspecified,1533,2026-08-04T16:51:01.7333774+09:00,2026-08-04T16:51:02.2333774+09:00,799.201775,799.701775,30,30,-0.037349,0.049067,0.000001,0.000000,0.000000,0.001134,0
20260804_163742_531,1,Unspecified,1534,2026-08-04T16:51:02.2333774+09:00,2026-08-04T16:51:02.7333774+09:00,799.701775,800.201775,30,30,-0.037799,0.048749,0.000001,0.000000,0.000000,0.000871,0
20260804_163742_531,1,Unspecified,1535,2026-08-04T16:51:02.7333774+09:00,2026-08-04T16:51:03.2333774+09:00,800.201775,800.701775,30,30,-0.036874,0.048468,0.000001,0.000000,0.000000,0.000921,0
20260804_163742_531,1,Unspecified,1536,2026-08-04T16:51:03.2333774+09:00,2026-08-04T16:51:03.7333774+09:00,800.701775,801.201775,30,30,-0.037028,0.048054,0.000000,0.000000,0.000000,0.000358,0
20260804_163742_531,1,Unspecified,1537,2026-08-04T16:51:03.7333774+09:00,2026-08-04T16:51:04.2333774+09:00,801.201775,801.701775,30,30,-0.036775,0.048300,0.000000,0.000000,0.000000,0.000210,0
20260804_163742_531,1,Unspecified,1538,2026-08-04T16:51:04.2333774+09:00,2026-08-04T16:51:04.7333774+09:00,801.701775,802.201775,30,30,-0.037287,0.048204,0.000000,0.000000,0.000000,0.000313,0
20260804_163742_531,1,Unspecified,1539,2026-08-04T16:51:04.7333774+09:00,2026-08-04T16:51:05.2333774+09:00,802.201775,802.701775,30,30,-0.037211,0.048735,0.000000,0.000000,0.000000,0.000174,0
20260804_163742_531,1,Unspecified,1540,2026-08-04T16:51:05.2333774+09:00,2026-08-04T16:51:05.7333774+09:00,802.701775,803.201775,30,30,-0.037361,0.048464,0.000000,0.000000,0.000000,0.000219,0
20260804_163742_531,1,Unspecified,1541,2026-08-04T16:51:05.7333774+09:00,2026-08-04T16:51:06.2333774+09:00,803.201775,803.701775,30,30,-0.037813,0.047860,0.000000,0.000000,0.000000,0.000497,0
20260804_163742_531,1,Unspecified,1542,2026-08-04T16:51:06.2333774+09:00,2026-08-04T16:51:06.7333774+09:00,803.701775,804.201775,30,30,-0.037843,0.047422,0.000000,0.000000,0.000000,0.000232,0
20260804_163742_531,1,Unspecified,1543,2026-08-04T16:51:06.7333774+09:00,2026-08-04T16:51:07.2333774+09:00,804.201775,804.701775,30,30,-0.037877,0.047542,0.000000,0.000000,0.000000,0.000312,0
20260804_163742_531,1,Unspecified,1544,2026-08-04T16:51:07.2333774+09:00,2026-08-04T16:51:07.7333774+09:00,804.701775,805.201775,30,30,-0.037532,0.047995,0.000000,0.000000,0.000000,0.000201,0
20260804_163742_531,1,Unspecified,1545,2026-08-04T16:51:07.7333774+09:00,2026-08-04T16:51:08.2333774+09:00,805.201775,805.701775,30,30,-0.037591,0.048303,0.000000,0.000000,0.000000,0.000115,0
20260804_163742_531,1,Unspecified,1546,2026-08-04T16:51:08.2333774+09:00,2026-08-04T16:51:08.7333774+09:00,805.701775,806.201775,30,30,-0.037487,0.048387,0.000000,0.000000,0.000000,0.000133,0
20260804_163742_531,1,Unspecified,1547,2026-08-04T16:51:08.7333774+09:00,2026-08-04T16:51:09.2333774+09:00,806.201775,806.701775,30,30,-0.037307,0.048413,0.000000,0.000000,0.000000,0.000239,0
20260804_163742_531,1,Unspecified,1548,2026-08-04T16:51:09.2333774+09:00,2026-08-04T16:51:09.7333774+09:00,806.701775,807.201775,30,30,-0.037422,0.047948,0.000000,0.000000,0.000000,0.000255,0
20260804_163742_531,1,Unspecified,1549,2026-08-04T16:51:09.7333774+09:00,2026-08-04T16:51:10.2333774+09:00,807.201775,807.701775,30,30,-0.036913,0.048346,0.000000,0.000000,0.000000,0.000265,0
20260804_163742_531,1,Unspecified,1550,2026-08-04T16:51:10.2333774+09:00,2026-08-04T16:51:10.7333774+09:00,807.701775,808.201775,30,30,-0.036386,0.048241,0.000000,0.000000,0.000000,0.000196,0
20260804_163742_531,1,Unspecified,1551,2026-08-04T16:51:10.7333774+09:00,2026-08-04T16:51:11.2333774+09:00,808.201775,808.701775,30,30,-0.036145,0.049058,0.000000,0.000000,0.000000,0.000227,0
20260804_163742_531,1,Unspecified,1552,2026-08-04T16:51:11.2333774+09:00,2026-08-04T16:51:11.7333774+09:00,808.701775,809.201775,30,30,-0.036213,0.049200,0.000000,0.000000,0.000000,0.000181,0
20260804_163742_531,1,Unspecified,1553,2026-08-04T16:51:11.7333774+09:00,2026-08-04T16:51:12.2333774+09:00,809.201775,809.701775,30,30,-0.035842,0.050181,0.000000,0.000000,0.000000,0.000318,0
20260804_163742_531,1,Unspecified,1554,2026-08-04T16:51:12.2333774+09:00,2026-08-04T16:51:12.7333774+09:00,809.701775,810.201775,30,30,-0.036803,0.049082,0.000000,0.000000,0.000000,0.000405,0
20260804_163742_531,1,Unspecified,1555,2026-08-04T16:51:12.7333774+09:00,2026-08-04T16:51:13.2333774+09:00,810.201775,810.701775,30,30,-0.037003,0.048945,0.000000,0.000000,0.000000,0.000190,0
20260804_163742_531,1,Unspecified,1556,2026-08-04T16:51:13.2333774+09:00,2026-08-04T16:51:13.7333774+09:00,810.701775,811.201775,30,30,-0.037093,0.048567,0.000000,0.000000,0.000000,0.000398,0
20260804_163742_531,1,Unspecified,1557,2026-08-04T16:51:13.7333774+09:00,2026-08-04T16:51:14.2333774+09:00,811.201775,811.701775,30,30,-0.036826,0.048882,0.000000,0.000000,0.000000,0.000339,0
20260804_163742_531,1,Unspecified,1558,2026-08-04T16:51:14.2333774+09:00,2026-08-04T16:51:14.7333774+09:00,811.701775,812.201775,30,30,-0.036665,0.048984,0.000000,0.000000,0.000000,0.000177,0
20260804_163742_531,1,Unspecified,1559,2026-08-04T16:51:14.7333774+09:00,2026-08-04T16:51:15.2333774+09:00,812.201775,812.701775,30,30,-0.036680,0.049069,0.000000,0.000000,0.000000,0.000393,0
20260804_163742_531,1,Unspecified,1560,2026-08-04T16:51:15.2333774+09:00,2026-08-04T16:51:15.7333774+09:00,812.701775,813.201775,30,30,-0.036609,0.048942,0.000000,0.000000,0.000000,0.000354,0
20260804_163742_531,1,Unspecified,1561,2026-08-04T16:51:15.7333774+09:00,2026-08-04T16:51:16.2333774+09:00,813.201775,813.701775,30,30,-0.036754,0.048613,0.000000,0.000000,0.000000,0.000686,0
20260804_163742_531,1,Unspecified,1562,2026-08-04T16:51:16.2333774+09:00,2026-08-04T16:51:16.7333774+09:00,813.701775,814.201775,30,30,-0.036447,0.048755,0.000000,0.000000,0.000000,0.000339,0
20260804_163742_531,1,Unspecified,1563,2026-08-04T16:51:16.7333774+09:00,2026-08-04T16:51:17.2333774+09:00,814.201775,814.701775,30,30,-0.036641,0.048558,0.000000,0.000000,0.000000,0.000439,0
20260804_163742_531,1,Unspecified,1564,2026-08-04T16:51:17.2333774+09:00,2026-08-04T16:51:17.7333774+09:00,814.701775,815.201775,30,30,-0.034606,0.048293,0.000003,0.000000,0.000000,0.001799,0
20260804_163742_531,1,Unspecified,1565,2026-08-04T16:51:17.7333774+09:00,2026-08-04T16:51:18.2333774+09:00,815.201775,815.701775,30,30,-0.024479,0.047436,0.000030,0.000000,-0.000003,0.005486,0
20260804_163742_531,1,Unspecified,1566,2026-08-04T16:51:18.2333774+09:00,2026-08-04T16:51:18.7333774+09:00,815.701775,816.201775,30,30,-0.009600,0.047301,0.000009,0.000000,0.000000,0.003049,0
20260804_163742_531,1,Unspecified,1567,2026-08-04T16:51:18.7333774+09:00,2026-08-04T16:51:19.2333774+09:00,816.201775,816.701775,30,30,-0.007329,0.045441,0.000001,0.000002,0.000001,0.001867,0
20260804_163742_531,1,Unspecified,1568,2026-08-04T16:51:19.2333774+09:00,2026-08-04T16:51:19.7333774+09:00,816.701775,817.201775,30,30,-0.017992,0.042691,0.000018,0.000002,0.000004,0.004468,0
20260804_163742_531,1,Unspecified,1569,2026-08-04T16:51:19.7333774+09:00,2026-08-04T16:51:20.2333774+09:00,817.201775,817.701775,30,30,-0.028813,0.033357,0.000058,0.000007,0.000013,0.008017,0
20260804_163742_531,1,Unspecified,1570,2026-08-04T16:51:20.2333774+09:00,2026-08-04T16:51:20.7333774+09:00,817.701775,818.201775,30,30,-0.049265,0.034158,0.000017,0.000000,-0.000002,0.004225,0
20260804_163742_531,1,Unspecified,1571,2026-08-04T16:51:20.7333774+09:00,2026-08-04T16:51:21.2333774+09:00,818.201775,818.701775,30,30,-0.059189,0.034740,0.000000,0.000000,0.000000,0.000668,0
20260804_163742_531,1,Unspecified,1572,2026-08-04T16:51:21.2333774+09:00,2026-08-04T16:51:21.7333774+09:00,818.701775,819.201775,30,30,-0.059142,0.037942,0.000002,0.000004,0.000003,0.002527,0
20260804_163742_531,1,Unspecified,1573,2026-08-04T16:51:21.7333774+09:00,2026-08-04T16:51:22.2333774+09:00,819.201775,819.701775,30,30,-0.053266,0.045118,0.000001,0.000002,0.000001,0.001757,0
20260804_163742_531,1,Unspecified,1574,2026-08-04T16:51:22.2333774+09:00,2026-08-04T16:51:22.7333774+09:00,819.701775,820.201775,30,30,-0.051247,0.047724,0.000000,0.000001,0.000000,0.000991,0
20260804_163742_531,1,Unspecified,1575,2026-08-04T16:51:22.7333774+09:00,2026-08-04T16:51:23.2333774+09:00,820.201775,820.701775,30,30,-0.049397,0.049741,0.000000,0.000000,0.000000,0.000386,0
20260804_163742_531,1,Unspecified,1576,2026-08-04T16:51:23.2333774+09:00,2026-08-04T16:51:23.7333774+09:00,820.701775,821.201775,30,30,-0.049179,0.050277,0.000000,0.000000,0.000000,0.000376,0
20260804_163742_531,1,Unspecified,1577,2026-08-04T16:51:23.7333774+09:00,2026-08-04T16:51:24.2333774+09:00,821.201775,821.701775,30,30,-0.047002,0.052128,0.000001,0.000001,0.000001,0.001242,0
20260804_163742_531,1,Unspecified,1578,2026-08-04T16:51:24.2333774+09:00,2026-08-04T16:51:24.7333774+09:00,821.701775,822.201775,30,30,-0.045128,0.053707,0.000000,0.000000,0.000000,0.000535,0
20260804_163742_531,1,Unspecified,1579,2026-08-04T16:51:24.7333774+09:00,2026-08-04T16:51:25.2333774+09:00,822.201775,822.701775,30,30,-0.043948,0.051868,0.000000,0.000000,0.000000,0.000709,0
20260804_163742_531,1,Unspecified,1580,2026-08-04T16:51:25.2333774+09:00,2026-08-04T16:51:25.7333774+09:00,822.701775,823.201775,30,30,-0.042878,0.051405,0.000000,0.000000,0.000000,0.000430,0
20260804_163742_531,1,Unspecified,1581,2026-08-04T16:51:25.7333774+09:00,2026-08-04T16:51:26.2333774+09:00,823.201775,823.701775,30,30,-0.043182,0.051761,0.000000,0.000000,0.000000,0.000505,0
20260804_163742_531,1,Unspecified,1582,2026-08-04T16:51:26.2333774+09:00,2026-08-04T16:51:26.7333774+09:00,823.701775,824.201775,30,30,-0.044178,0.049561,0.000000,0.000001,0.000001,0.001215,0
20260804_163742_531,1,Unspecified,1583,2026-08-04T16:51:26.7333774+09:00,2026-08-04T16:51:27.2333774+09:00,824.201775,824.701775,30,30,-0.045148,0.047991,0.000000,0.000000,0.000000,0.000654,0
20260804_163742_531,1,Unspecified,1584,2026-08-04T16:51:27.2333774+09:00,2026-08-04T16:51:27.7333774+09:00,824.701775,825.201775,30,30,-0.044314,0.049793,0.000000,0.000000,0.000000,0.000304,0
20260804_163742_531,1,Unspecified,1585,2026-08-04T16:51:27.7333774+09:00,2026-08-04T16:51:28.2333774+09:00,825.201775,825.701775,30,30,-0.045480,0.049777,0.000000,0.000000,0.000000,0.000271,0
20260804_163742_531,1,Unspecified,1586,2026-08-04T16:51:28.2333774+09:00,2026-08-04T16:51:28.7333774+09:00,825.701775,826.201775,30,30,-0.044694,0.050262,0.000000,0.000000,0.000000,0.000539,0
20260804_163742_531,1,Unspecified,1587,2026-08-04T16:51:28.7333774+09:00,2026-08-04T16:51:29.2333774+09:00,826.201775,826.701775,30,30,-0.044008,0.052150,0.000000,0.000003,-0.000001,0.001957,0
20260804_163742_531,1,Unspecified,1588,2026-08-04T16:51:29.2333774+09:00,2026-08-04T16:51:29.7333774+09:00,826.701775,827.201775,30,30,-0.042576,0.054451,0.000003,0.000001,-0.000002,0.002047,0
20260804_163742_531,1,Unspecified,1589,2026-08-04T16:51:29.7333774+09:00,2026-08-04T16:51:30.2333774+09:00,827.201775,827.701775,30,30,-0.039193,0.052414,0.000000,0.000001,0.000000,0.001174,0
20260804_163742_531,1,Unspecified,1590,2026-08-04T16:51:30.2333774+09:00,2026-08-04T16:51:30.7333774+09:00,827.701775,828.201775,30,30,-0.038137,0.048222,0.000000,0.000001,0.000000,0.000924,0
20260804_163742_531,1,Unspecified,1591,2026-08-04T16:51:30.7333774+09:00,2026-08-04T16:51:31.2333774+09:00,828.201775,828.701775,30,30,-0.038711,0.049132,0.000001,0.000000,0.000000,0.000809,0
20260804_163742_531,1,Unspecified,1592,2026-08-04T16:51:31.2333774+09:00,2026-08-04T16:51:31.7333774+09:00,828.701775,829.201775,30,30,-0.039202,0.048443,0.000000,0.000000,0.000000,0.000452,0
20260804_163742_531,1,Unspecified,1593,2026-08-04T16:51:31.7333774+09:00,2026-08-04T16:51:32.2333774+09:00,829.201775,829.701775,30,30,-0.039062,0.047766,0.000000,0.000000,0.000000,0.000312,0
20260804_163742_531,1,Unspecified,1594,2026-08-04T16:51:32.2333774+09:00,2026-08-04T16:51:32.7333774+09:00,829.701775,830.201775,30,30,-0.039311,0.047789,0.000000,0.000000,0.000000,0.000617,0
20260804_163742_531,1,Unspecified,1595,2026-08-04T16:51:32.7333774+09:00,2026-08-04T16:51:33.2333774+09:00,830.201775,830.701775,30,30,-0.038714,0.049293,0.000000,0.000001,0.000000,0.000807,0
20260804_163742_531,1,Unspecified,1596,2026-08-04T16:51:33.2333774+09:00,2026-08-04T16:51:33.7333774+09:00,830.701775,831.201775,30,30,-0.038587,0.050765,0.000000,0.000000,0.000000,0.000531,0
20260804_163742_531,1,Unspecified,1597,2026-08-04T16:51:33.7333774+09:00,2026-08-04T16:51:34.2333774+09:00,831.201775,831.701775,30,30,-0.037438,0.051017,0.000002,0.000000,0.000000,0.001369,0
20260804_163742_531,1,Unspecified,1598,2026-08-04T16:51:34.2333774+09:00,2026-08-04T16:51:34.7333774+09:00,831.701775,832.201775,30,30,-0.029937,0.053308,0.000002,0.000003,0.000002,0.002276,0
20260804_163742_531,1,Unspecified,1599,2026-08-04T16:51:34.7333774+09:00,2026-08-04T16:51:35.2333774+09:00,832.201775,832.701775,30,30,-0.029444,0.055864,0.000000,0.000004,0.000000,0.001924,0
20260804_163742_531,1,Unspecified,1600,2026-08-04T16:51:35.2333774+09:00,2026-08-04T16:51:35.7333774+09:00,832.701775,833.201775,30,30,-0.032442,0.051115,0.000003,0.000000,0.000001,0.001753,0
20260804_163742_531,1,Unspecified,1601,2026-08-04T16:51:35.7333774+09:00,2026-08-04T16:51:36.2333774+09:00,833.201775,833.701775,30,30,-0.036030,0.049813,0.000000,0.000001,0.000001,0.001113,0
20260804_163742_531,1,Unspecified,1602,2026-08-04T16:51:36.2333774+09:00,2026-08-04T16:51:36.7333774+09:00,833.701775,834.201775,30,30,-0.034159,0.053632,0.000000,0.000000,0.000000,0.000712,0
20260804_163742_531,1,Unspecified,1603,2026-08-04T16:51:36.7333774+09:00,2026-08-04T16:51:37.2333774+09:00,834.201775,834.701775,30,30,-0.033897,0.055583,0.000000,0.000000,0.000000,0.000540,0
20260804_163742_531,1,Unspecified,1604,2026-08-04T16:51:37.2333774+09:00,2026-08-04T16:51:37.7333774+09:00,834.701775,835.201775,30,30,-0.034163,0.056120,0.000000,0.000000,0.000000,0.000375,0
20260804_163742_531,1,Unspecified,1605,2026-08-04T16:51:37.7333774+09:00,2026-08-04T16:51:38.2333774+09:00,835.201775,835.701775,30,30,-0.034001,0.056821,0.000000,0.000000,0.000000,0.000223,0
20260804_163742_531,1,Unspecified,1606,2026-08-04T16:51:38.2333774+09:00,2026-08-04T16:51:38.7333774+09:00,835.701775,836.201775,30,30,-0.033534,0.057345,0.000000,0.000000,0.000000,0.000132,0
20260804_163742_531,1,Unspecified,1607,2026-08-04T16:51:38.7333774+09:00,2026-08-04T16:51:39.2333774+09:00,836.201775,836.701775,30,30,-0.033173,0.057622,0.000000,0.000000,0.000000,0.000283,0
20260804_163742_531,1,Unspecified,1608,2026-08-04T16:51:39.2333774+09:00,2026-08-04T16:51:39.7333774+09:00,836.701775,837.201775,30,30,-0.033047,0.058143,0.000000,0.000001,0.000000,0.000888,0
20260804_163742_531,1,Unspecified,1609,2026-08-04T16:51:39.7333774+09:00,2026-08-04T16:51:40.2333774+09:00,837.201775,837.701775,30,30,-0.032677,0.066405,0.000003,0.000002,0.000002,0.002331,0
20260804_163742_531,1,Unspecified,1610,2026-08-04T16:51:40.2333774+09:00,2026-08-04T16:51:40.7333774+09:00,837.701775,838.201775,30,30,-0.030173,0.060005,0.000000,0.000016,0.000000,0.004007,0
20260804_163742_531,1,Unspecified,1611,2026-08-04T16:51:40.7333774+09:00,2026-08-04T16:51:41.2333774+09:00,838.201775,838.701775,30,30,-0.031248,0.053832,0.000000,0.000000,0.000000,0.000675,0
20260804_163742_531,1,Unspecified,1612,2026-08-04T16:51:41.2333774+09:00,2026-08-04T16:51:41.7333774+09:00,838.701775,839.201775,30,30,-0.033782,0.054710,0.000000,0.000000,0.000000,0.000759,0
20260804_163742_531,1,Unspecified,1613,2026-08-04T16:51:41.7333774+09:00,2026-08-04T16:51:42.2333774+09:00,839.201775,839.701775,30,30,-0.033303,0.054904,0.000001,0.000000,0.000000,0.001012,0
20260804_163742_531,1,Unspecified,1614,2026-08-04T16:51:42.2333774+09:00,2026-08-04T16:51:42.7333774+09:00,839.701775,840.201775,30,30,-0.035484,0.054482,0.000000,0.000000,0.000000,0.000407,0
20260804_163742_531,1,Unspecified,1615,2026-08-04T16:51:42.7333774+09:00,2026-08-04T16:51:43.2333774+09:00,840.201775,840.701775,30,30,-0.033200,0.054559,0.000000,0.000000,0.000000,0.000725,0
20260804_163742_531,1,Unspecified,1616,2026-08-04T16:51:43.2333774+09:00,2026-08-04T16:51:43.7333774+09:00,840.701775,841.201775,30,30,-0.033365,0.054866,0.000000,0.000000,0.000000,0.000406,0
20260804_163742_531,1,Unspecified,1617,2026-08-04T16:51:43.7333774+09:00,2026-08-04T16:51:44.2333774+09:00,841.201775,841.701775,30,30,-0.030457,0.056219,0.000003,0.000000,0.000000,0.001816,0
20260804_163742_531,1,Unspecified,1618,2026-08-04T16:51:44.2333774+09:00,2026-08-04T16:51:44.7333774+09:00,841.701775,842.201775,30,30,-0.027973,0.052680,0.000006,0.000008,0.000006,0.003711,0
20260804_163742_531,1,Unspecified,1619,2026-08-04T16:51:44.7333774+09:00,2026-08-04T16:51:45.2333774+09:00,842.201775,842.701775,30,30,-0.041626,0.038666,0.000022,0.000011,0.000015,0.005729,0
20260804_163742_531,1,Unspecified,1620,2026-08-04T16:51:45.2333774+09:00,2026-08-04T16:51:45.7333774+09:00,842.701775,843.201775,30,30,-0.052224,0.034643,0.000007,0.000004,0.000004,0.003368,0
20260804_163742_531,1,Unspecified,1621,2026-08-04T16:51:45.7333774+09:00,2026-08-04T16:51:46.2333774+09:00,843.201775,843.701775,30,30,-0.059038,0.024298,0.000002,0.000015,0.000005,0.004063,0
20260804_163742_531,1,Unspecified,1622,2026-08-04T16:51:46.2333774+09:00,2026-08-04T16:51:46.7333774+09:00,843.701775,844.201775,30,30,-0.062811,0.023852,0.000005,0.000005,-0.000004,0.003181,0
20260804_163742_531,1,Unspecified,1623,2026-08-04T16:51:46.7333774+09:00,2026-08-04T16:51:47.2333774+09:00,844.201775,844.701775,30,30,-0.066298,0.024911,0.000001,0.000003,0.000001,0.001836,0
20260804_163742_531,1,Unspecified,1624,2026-08-04T16:51:47.2333774+09:00,2026-08-04T16:51:47.7333774+09:00,844.701775,845.201775,30,30,-0.065171,0.028885,0.000001,0.000000,0.000000,0.001044,0
20260804_163742_531,1,Unspecified,1625,2026-08-04T16:51:47.7333774+09:00,2026-08-04T16:51:48.2333774+09:00,845.201775,845.701775,30,30,-0.062664,0.031681,0.000001,0.000003,0.000001,0.001997,0
20260804_163742_531,1,Unspecified,1626,2026-08-04T16:51:48.2333774+09:00,2026-08-04T16:51:48.7333774+09:00,845.701775,846.201775,30,30,-0.058417,0.036630,0.000002,0.000001,0.000001,0.001666,0
20260804_163742_531,1,Unspecified,1627,2026-08-04T16:51:48.7333774+09:00,2026-08-04T16:51:49.2333774+09:00,846.201775,846.701775,30,30,-0.050419,0.045612,0.000006,0.000009,0.000007,0.003756,0
20260804_163742_531,1,Unspecified,1628,2026-08-04T16:51:49.2333774+09:00,2026-08-04T16:51:49.7333774+09:00,846.701775,847.201775,30,30,-0.047481,0.048171,0.000003,0.000000,0.000001,0.001847,0
20260804_163742_531,1,Unspecified,1629,2026-08-04T16:51:49.7333774+09:00,2026-08-04T16:51:50.2333774+09:00,847.201775,847.701775,30,30,-0.039605,0.050343,0.000035,0.000004,0.000012,0.006298,0
20260804_163742_531,1,Unspecified,1630,2026-08-04T16:51:50.2333774+09:00,2026-08-04T16:51:50.7333774+09:00,847.701775,848.201775,30,30,-0.032221,0.055401,0.000033,0.000004,0.000010,0.006068,0
20260804_163742_531,1,Unspecified,1631,2026-08-04T16:51:50.7333774+09:00,2026-08-04T16:51:51.2333774+09:00,848.201775,848.701775,30,30,-0.045274,0.047018,0.000003,0.000003,0.000003,0.002490,0
20260804_163742_531,1,Unspecified,1632,2026-08-04T16:51:51.2333774+09:00,2026-08-04T16:51:51.7333774+09:00,848.701775,849.201775,30,30,-0.048724,0.043497,0.000002,0.000001,0.000000,0.001588,0
20260804_163742_531,1,Unspecified,1633,2026-08-04T16:51:51.7333774+09:00,2026-08-04T16:51:52.2333774+09:00,849.201775,849.701775,30,30,-0.051226,0.039460,0.000004,0.000003,0.000003,0.002720,0
20260804_163742_531,1,Unspecified,1634,2026-08-04T16:51:52.2333774+09:00,2026-08-04T16:51:52.7333774+09:00,849.701775,850.201775,30,30,-0.053712,0.036804,0.000000,0.000000,0.000000,0.000713,0
20260804_163742_531,1,Unspecified,1635,2026-08-04T16:51:52.7333774+09:00,2026-08-04T16:51:53.2333774+09:00,850.201775,850.701775,30,30,-0.061056,0.028794,0.000033,0.000028,0.000030,0.007811,0
20260804_163742_531,1,Unspecified,1636,2026-08-04T16:51:53.2333774+09:00,2026-08-04T16:51:53.7333774+09:00,850.701775,851.201775,30,30,-0.072799,0.016703,0.000003,0.000006,0.000004,0.002945,0
20260804_163742_531,1,Unspecified,1637,2026-08-04T16:51:53.7333774+09:00,2026-08-04T16:51:54.2333774+09:00,851.201775,851.701775,30,30,-0.075134,0.011900,0.000001,0.000000,0.000000,0.000978,0
20260804_163742_531,1,Unspecified,1638,2026-08-04T16:51:54.2333774+09:00,2026-08-04T16:51:54.7333774+09:00,851.701775,852.201775,30,30,-0.073486,0.010121,0.000001,0.000000,-0.000001,0.001325,0
20260804_163742_531,1,Unspecified,1639,2026-08-04T16:51:54.7333774+09:00,2026-08-04T16:51:55.2333774+09:00,852.201775,852.701775,30,30,-0.072688,0.009313,0.000000,0.000001,0.000000,0.001127,0
20260804_163742_531,1,Unspecified,1640,2026-08-04T16:51:55.2333774+09:00,2026-08-04T16:51:55.7333774+09:00,852.701775,853.201775,30,30,-0.072156,0.011609,0.000000,0.000001,0.000000,0.000893,0
20260804_163742_531,1,Unspecified,1641,2026-08-04T16:51:55.7333774+09:00,2026-08-04T16:51:56.2333774+09:00,853.201775,853.701775,30,30,-0.072343,0.013205,0.000001,0.000000,0.000000,0.000784,0
20260804_163742_531,1,Unspecified,1642,2026-08-04T16:51:56.2333774+09:00,2026-08-04T16:51:56.7333774+09:00,853.701775,854.201775,30,30,-0.072083,0.012079,0.000000,0.000000,0.000000,0.000822,0
20260804_163742_531,1,Unspecified,1643,2026-08-04T16:51:56.7333774+09:00,2026-08-04T16:51:57.2333774+09:00,854.201775,854.701775,30,30,-0.072387,0.012171,0.000001,0.000001,0.000001,0.001420,0
20260804_163742_531,1,Unspecified,1644,2026-08-04T16:51:57.2333774+09:00,2026-08-04T16:51:57.7333774+09:00,854.701775,855.201775,30,30,-0.069973,0.022309,0.000004,0.000031,0.000011,0.005888,0
20260804_163742_531,1,Unspecified,1645,2026-08-04T16:51:57.7333774+09:00,2026-08-04T16:51:58.2333774+09:00,855.201775,855.701775,30,30,-0.064452,0.030602,0.000002,0.000001,0.000000,0.001589,0
20260804_163742_531,1,Unspecified,1646,2026-08-04T16:51:58.2333774+09:00,2026-08-04T16:51:58.7333774+09:00,855.701775,856.201775,30,30,-0.064598,0.028482,0.000001,0.000001,0.000000,0.001046,0
20260804_163742_531,1,Unspecified,1647,2026-08-04T16:51:58.7333774+09:00,2026-08-04T16:51:59.2333774+09:00,856.201775,856.701775,30,30,-0.065704,0.029091,0.000000,0.000001,0.000000,0.000975,0
20260804_163742_531,1,Unspecified,1648,2026-08-04T16:51:59.2333774+09:00,2026-08-04T16:51:59.7333774+09:00,856.701775,857.201775,30,30,-0.064168,0.028503,0.000000,0.000001,0.000000,0.000991,0
20260804_163742_531,1,Unspecified,1649,2026-08-04T16:51:59.7333774+09:00,2026-08-04T16:52:00.2333774+09:00,857.201775,857.701775,30,30,-0.064381,0.024363,0.000004,0.000011,0.000006,0.003808,0
20260804_163742_531,1,Unspecified,1650,2026-08-04T16:52:00.2333774+09:00,2026-08-04T16:52:00.7333774+09:00,857.701775,858.201775,30,30,-0.070339,0.010562,0.000000,0.000007,0.000001,0.002817,0
20260804_163742_531,1,Unspecified,1651,2026-08-04T16:52:00.7333774+09:00,2026-08-04T16:52:01.2333774+09:00,858.201775,858.701775,30,30,-0.067776,0.017284,0.000002,0.000003,0.000001,0.002060,0
20260804_163742_531,1,Unspecified,1652,2026-08-04T16:52:01.2333774+09:00,2026-08-04T16:52:01.7333774+09:00,858.701775,859.201775,30,30,-0.054539,0.023399,0.000029,0.000021,0.000024,0.007078,0
20260804_163742_531,1,Unspecified,1653,2026-08-04T16:52:01.7333774+09:00,2026-08-04T16:52:02.2333774+09:00,859.201775,859.701775,30,30,-0.043609,0.032963,0.000006,0.000003,-0.000003,0.002981,0
20260804_163742_531,1,Unspecified,1654,2026-08-04T16:52:02.2333774+09:00,2026-08-04T16:52:02.7333774+09:00,859.701775,860.201775,30,30,-0.039125,0.026507,0.000001,0.000003,-0.000002,0.001957,0
20260804_163742_531,1,Unspecified,1655,2026-08-04T16:52:02.7333774+09:00,2026-08-04T16:52:03.2333774+09:00,860.201775,860.701775,30,30,-0.039871,0.011072,0.000001,0.000116,0.000010,0.010797,0
20260804_163742_531,1,Unspecified,1656,2026-08-04T16:52:03.2333774+09:00,2026-08-04T16:52:03.7333774+09:00,860.701775,861.201775,30,30,-0.043802,-0.010120,0.000001,0.000017,-0.000003,0.004230,0
20260804_163742_531,1,Unspecified,1657,2026-08-04T16:52:03.7333774+09:00,2026-08-04T16:52:04.2333774+09:00,861.201775,861.701775,30,30,-0.049606,0.003068,0.000002,0.000002,-0.000001,0.001912,0
20260804_163742_531,1,Unspecified,1658,2026-08-04T16:52:04.2333774+09:00,2026-08-04T16:52:04.7333774+09:00,861.701775,862.201775,30,30,-0.052503,0.002524,0.000000,0.000000,0.000000,0.000730,0
20260804_163742_531,1,Unspecified,1659,2026-08-04T16:52:04.7333774+09:00,2026-08-04T16:52:05.2333774+09:00,862.201775,862.701775,30,30,-0.054883,0.002550,0.000001,0.000000,0.000000,0.000943,0
20260804_163742_531,1,Unspecified,1660,2026-08-04T16:52:05.2333774+09:00,2026-08-04T16:52:05.7333774+09:00,862.701775,863.201775,30,30,-0.057191,0.000852,0.000000,0.000000,0.000000,0.000684,0
20260804_163742_531,1,Unspecified,1661,2026-08-04T16:52:05.7333774+09:00,2026-08-04T16:52:06.2333774+09:00,863.201775,863.701775,30,30,-0.058182,-0.000047,0.000000,0.000000,0.000000,0.000359,0
20260804_163742_531,1,Unspecified,1662,2026-08-04T16:52:06.2333774+09:00,2026-08-04T16:52:06.7333774+09:00,863.701775,864.201775,30,30,-0.058398,-0.000560,0.000000,0.000000,0.000000,0.000192,0
20260804_163742_531,1,Unspecified,1663,2026-08-04T16:52:06.7333774+09:00,2026-08-04T16:52:07.2333774+09:00,864.201775,864.701775,30,30,-0.058225,-0.001525,0.000000,0.000000,0.000000,0.000326,0
20260804_163742_531,1,Unspecified,1664,2026-08-04T16:52:07.2333774+09:00,2026-08-04T16:52:07.7333774+09:00,864.701775,865.201775,30,30,-0.058371,-0.001819,0.000000,0.000000,0.000000,0.000336,0
20260804_163742_531,1,Unspecified,1665,2026-08-04T16:52:07.7333774+09:00,2026-08-04T16:52:08.2333774+09:00,865.201775,865.701775,30,30,-0.059412,-0.000742,0.000000,0.000000,0.000000,0.000254,0
20260804_163742_531,1,Unspecified,1666,2026-08-04T16:52:08.2333774+09:00,2026-08-04T16:52:08.7333774+09:00,865.701775,866.201775,30,30,-0.059161,-0.000441,0.000000,0.000000,0.000000,0.000270,0
20260804_163742_531,1,Unspecified,1667,2026-08-04T16:52:08.7333774+09:00,2026-08-04T16:52:09.2333774+09:00,866.201775,866.701775,30,30,-0.059484,-0.000936,0.000000,0.000000,0.000000,0.000458,0
20260804_163742_531,1,Unspecified,1668,2026-08-04T16:52:09.2333774+09:00,2026-08-04T16:52:09.7333774+09:00,866.701775,867.201775,30,30,-0.060316,0.001203,0.000000,0.000000,0.000000,0.000431,0
20260804_163742_531,1,Unspecified,1669,2026-08-04T16:52:09.7333774+09:00,2026-08-04T16:52:10.2333774+09:00,867.201775,867.701775,30,30,-0.058666,0.001267,0.000001,0.000000,0.000000,0.001058,0
20260804_163742_531,1,Unspecified,1670,2026-08-04T16:52:10.2333774+09:00,2026-08-04T16:52:10.7333774+09:00,867.701775,868.201775,30,30,-0.057662,0.001421,0.000000,0.000000,0.000000,0.000564,0
20260804_163742_531,1,Unspecified,1671,2026-08-04T16:52:10.7333774+09:00,2026-08-04T16:52:11.2333774+09:00,868.201775,868.701775,30,30,-0.057050,-0.001128,0.000000,0.000002,0.000000,0.001322,0
20260804_163742_531,1,Unspecified,1672,2026-08-04T16:52:11.2333774+09:00,2026-08-04T16:52:11.7333774+09:00,868.701775,869.201775,30,30,-0.056774,0.001516,0.000000,0.000002,0.000000,0.001313,0
20260804_163742_531,1,Unspecified,1673,2026-08-04T16:52:11.7333774+09:00,2026-08-04T16:52:12.2333774+09:00,869.201775,869.701775,30,30,-0.054726,0.002149,0.000000,0.000000,0.000000,0.000717,0
20260804_163742_531,1,Unspecified,1674,2026-08-04T16:52:12.2333774+09:00,2026-08-04T16:52:12.7333774+09:00,869.701775,870.201775,30,30,-0.055770,0.001596,0.000000,0.000000,0.000000,0.000290,0
20260804_163742_531,1,Unspecified,1675,2026-08-04T16:52:12.7333774+09:00,2026-08-04T16:52:13.2333774+09:00,870.201775,870.701775,30,30,-0.056461,0.001588,0.000000,0.000000,0.000000,0.000386,0
20260804_163742_531,1,Unspecified,1676,2026-08-04T16:52:13.2333774+09:00,2026-08-04T16:52:13.7333774+09:00,870.701775,871.201775,30,30,-0.056748,0.002102,0.000001,0.000000,0.000000,0.000779,0
20260804_163742_531,1,Unspecified,1677,2026-08-04T16:52:13.7333774+09:00,2026-08-04T16:52:14.2333774+09:00,871.201775,871.701775,30,30,-0.052959,0.004921,0.000001,0.000007,0.000002,0.002786,0
20260804_163742_531,1,Unspecified,1678,2026-08-04T16:52:14.2333774+09:00,2026-08-04T16:52:14.7333774+09:00,871.701775,872.201775,30,30,-0.053869,0.016377,0.000002,0.000005,0.000000,0.002587,0
20260804_163742_531,1,Unspecified,1679,2026-08-04T16:52:14.7333774+09:00,2026-08-04T16:52:15.2333774+09:00,872.201775,872.701775,30,30,-0.052644,0.016445,0.000000,0.000000,0.000000,0.000747,0
20260804_163742_531,1,Unspecified,1680,2026-08-04T16:52:15.2333774+09:00,2026-08-04T16:52:15.7333774+09:00,872.701775,873.201775,30,30,-0.053115,0.016017,0.000000,0.000000,0.000000,0.000431,0
20260804_163742_531,1,Unspecified,1681,2026-08-04T16:52:15.7333774+09:00,2026-08-04T16:52:16.2333774+09:00,873.201775,873.701775,30,30,-0.053818,0.015503,0.000000,0.000000,0.000000,0.000325,0
20260804_163742_531,1,Unspecified,1682,2026-08-04T16:52:16.2333774+09:00,2026-08-04T16:52:16.7333774+09:00,873.701775,874.201775,30,30,-0.054250,0.014879,0.000000,0.000000,0.000000,0.000525,0
20260804_163742_531,1,Unspecified,1683,2026-08-04T16:52:16.7333774+09:00,2026-08-04T16:52:17.2333774+09:00,874.201775,874.701775,30,30,-0.054550,0.014056,0.000001,0.000000,0.000000,0.000911,0
20260804_163742_531,1,Unspecified,1684,2026-08-04T16:52:17.2333774+09:00,2026-08-04T16:52:17.7333774+09:00,874.701775,875.201775,30,30,-0.056425,0.013209,0.000000,0.000000,0.000000,0.000330,0
20260804_163742_531,1,Unspecified,1685,2026-08-04T16:52:17.7333774+09:00,2026-08-04T16:52:18.2333774+09:00,875.201775,875.701775,30,30,-0.056387,0.013435,0.000000,0.000000,0.000000,0.000279,0
20260804_163742_531,1,Unspecified,1686,2026-08-04T16:52:18.2333774+09:00,2026-08-04T16:52:18.7333774+09:00,875.701775,876.201775,30,30,-0.056899,0.013287,0.000000,0.000000,0.000000,0.000314,0
20260804_163742_531,1,Unspecified,1687,2026-08-04T16:52:18.7333774+09:00,2026-08-04T16:52:19.2333774+09:00,876.201775,876.701775,30,30,-0.056849,0.012607,0.000000,0.000000,0.000000,0.000276,0
20260804_163742_531,1,Unspecified,1688,2026-08-04T16:52:19.2333774+09:00,2026-08-04T16:52:19.7333774+09:00,876.701775,877.201775,30,30,-0.057056,0.012380,0.000000,0.000000,0.000000,0.000311,0
20260804_163742_531,1,Unspecified,1689,2026-08-04T16:52:19.7333774+09:00,2026-08-04T16:52:20.2333774+09:00,877.201775,877.701775,30,30,-0.056718,0.012491,0.000000,0.000000,0.000000,0.000384,0
20260804_163742_531,1,Unspecified,1690,2026-08-04T16:52:20.2333774+09:00,2026-08-04T16:52:20.7333774+09:00,877.701775,878.201775,30,30,-0.057006,0.012720,0.000000,0.000000,0.000000,0.000190,0
20260804_163742_531,1,Unspecified,1691,2026-08-04T16:52:20.7333774+09:00,2026-08-04T16:52:21.2333774+09:00,878.201775,878.701775,30,30,-0.056568,0.012717,0.000000,0.000000,0.000000,0.000326,0
20260804_163742_531,1,Unspecified,1692,2026-08-04T16:52:21.2333774+09:00,2026-08-04T16:52:21.7333774+09:00,878.701775,879.201775,30,30,-0.053159,0.013609,0.000001,0.000001,0.000001,0.001214,0
20260804_163742_531,1,Unspecified,1693,2026-08-04T16:52:21.7333774+09:00,2026-08-04T16:52:22.2333774+09:00,879.201775,879.701775,30,30,-0.052162,0.016945,0.000001,0.000004,0.000002,0.002270,0
20260804_163742_531,1,Unspecified,1694,2026-08-04T16:52:22.2333774+09:00,2026-08-04T16:52:22.7333774+09:00,879.701775,880.201775,30,30,-0.049378,0.023610,0.000001,0.000001,0.000001,0.001425,0
20260804_163742_531,1,Unspecified,1695,2026-08-04T16:52:22.7333774+09:00,2026-08-04T16:52:23.2333774+09:00,880.201775,880.701775,30,30,-0.047602,0.023769,0.000000,0.000000,0.000000,0.000740,0
20260804_163742_531,1,Unspecified,1696,2026-08-04T16:52:23.2333774+09:00,2026-08-04T16:52:23.7333774+09:00,880.701775,881.201775,30,30,-0.047887,0.022888,0.000000,0.000000,0.000000,0.000508,0
20260804_163742_531,1,Unspecified,1697,2026-08-04T16:52:23.7333774+09:00,2026-08-04T16:52:24.2333774+09:00,881.201775,881.701775,30,30,-0.048769,0.021674,0.000000,0.000000,0.000000,0.000560,0
20260804_163742_531,1,Unspecified,1698,2026-08-04T16:52:24.2333774+09:00,2026-08-04T16:52:24.7333774+09:00,881.701775,882.201775,30,30,-0.050499,0.020146,0.000000,0.000000,0.000000,0.000526,0
20260804_163742_531,1,Unspecified,1699,2026-08-04T16:52:24.7333774+09:00,2026-08-04T16:52:25.2333774+09:00,882.201775,882.701775,30,30,-0.051116,0.019630,0.000000,0.000000,0.000000,0.000174,0
20260804_163742_531,1,Unspecified,1700,2026-08-04T16:52:25.2333774+09:00,2026-08-04T16:52:25.7333774+09:00,882.701775,883.201775,30,30,-0.050415,0.022554,0.000001,0.000003,0.000002,0.002084,0
20260804_163742_531,1,Unspecified,1701,2026-08-04T16:52:25.7333774+09:00,2026-08-04T16:52:26.2333774+09:00,883.201775,883.701775,30,30,-0.031698,0.047017,0.000161,0.000198,0.000176,0.018941,0
20260804_163742_531,1,Unspecified,1702,2026-08-04T16:52:26.2333774+09:00,2026-08-04T16:52:26.7333774+09:00,883.701775,884.201775,30,30,0.009295,0.075381,0.000067,0.000009,0.000025,0.008741,0
20260804_163742_531,1,Unspecified,1703,2026-08-04T16:52:26.7333774+09:00,2026-08-04T16:52:27.2333774+09:00,884.201775,884.701775,30,30,0.025252,0.079182,0.000002,0.000000,0.000000,0.001295,0
20260804_163742_531,1,Unspecified,1704,2026-08-04T16:52:27.2333774+09:00,2026-08-04T16:52:27.7333774+09:00,884.701775,885.201775,30,30,0.027553,0.077727,0.000005,0.000000,-0.000001,0.002258,0
20260804_163742_531,1,Unspecified,1705,2026-08-04T16:52:27.7333774+09:00,2026-08-04T16:52:28.2333774+09:00,885.201775,885.701775,30,30,0.029904,0.076692,0.000004,0.000000,0.000000,0.001934,0
20260804_163742_531,1,Unspecified,1706,2026-08-04T16:52:28.2333774+09:00,2026-08-04T16:52:28.7333774+09:00,885.701775,886.201775,30,30,0.030225,0.075716,0.000002,0.000000,-0.000001,0.001631,0
20260804_163742_531,1,Unspecified,1707,2026-08-04T16:52:28.7333774+09:00,2026-08-04T16:52:29.2333774+09:00,886.201775,886.701775,30,30,0.030556,0.075202,0.000000,0.000000,0.000000,0.000374,0
20260804_163742_531,1,Unspecified,1708,2026-08-04T16:52:29.2333774+09:00,2026-08-04T16:52:29.7333774+09:00,886.701775,887.201775,30,30,0.029302,0.075222,0.000000,0.000000,0.000000,0.000468,0
20260804_163742_531,1,Unspecified,1709,2026-08-04T16:52:29.7333774+09:00,2026-08-04T16:52:30.2333774+09:00,887.201775,887.701775,30,30,0.028474,0.074773,0.000000,0.000000,0.000000,0.000355,0
20260804_163742_531,1,Unspecified,1710,2026-08-04T16:52:30.2333774+09:00,2026-08-04T16:52:30.7333774+09:00,887.701775,888.201775,30,30,0.028687,0.074607,0.000000,0.000000,0.000000,0.000334,0
20260804_163742_531,1,Unspecified,1711,2026-08-04T16:52:30.7333774+09:00,2026-08-04T16:52:31.2333774+09:00,888.201775,888.701775,30,30,0.028641,0.074397,0.000000,0.000000,0.000000,0.000396,0
20260804_163742_531,1,Unspecified,1712,2026-08-04T16:52:31.2333774+09:00,2026-08-04T16:52:31.7333774+09:00,888.701775,889.201775,30,30,0.026653,0.072850,0.000001,0.000001,0.000001,0.001557,0
20260804_163742_531,1,Unspecified,1713,2026-08-04T16:52:31.7333774+09:00,2026-08-04T16:52:32.2333774+09:00,889.201775,889.701775,30,30,0.023028,0.070468,0.000000,0.000000,0.000000,0.000458,0
20260804_163742_531,1,Unspecified,1714,2026-08-04T16:52:32.2333774+09:00,2026-08-04T16:52:32.7333774+09:00,889.701775,890.201775,30,30,0.023829,0.069077,0.000000,0.000000,0.000000,0.000473,0
20260804_163742_531,1,Unspecified,1715,2026-08-04T16:52:32.7333774+09:00,2026-08-04T16:52:33.2333774+09:00,890.201775,890.701775,30,30,0.023448,0.068424,0.000000,0.000000,0.000000,0.000592,0
20260804_163742_531,1,Unspecified,1716,2026-08-04T16:52:33.2333774+09:00,2026-08-04T16:52:33.7333774+09:00,890.701775,891.201775,30,30,0.018299,0.066035,0.000014,0.000003,0.000006,0.004105,0
20260804_163742_531,1,Unspecified,1717,2026-08-04T16:52:33.7333774+09:00,2026-08-04T16:52:34.2333774+09:00,891.201775,891.701775,30,30,-0.004948,0.056811,0.000126,0.000026,0.000057,0.012319,0
20260804_163742_531,1,Unspecified,1718,2026-08-04T16:52:34.2333774+09:00,2026-08-04T16:52:34.7333774+09:00,891.701775,892.201775,30,30,-0.059488,0.022542,0.000172,0.000143,0.000155,0.017741,0
20260804_163742_531,1,Unspecified,1719,2026-08-04T16:52:34.7333774+09:00,2026-08-04T16:52:35.2333774+09:00,892.201775,892.701775,30,30,-0.069485,0.008071,0.000008,0.000013,0.000009,0.004533,0
20260804_163742_531,1,Unspecified,1720,2026-08-04T16:52:35.2333774+09:00,2026-08-04T16:52:35.7333774+09:00,892.701775,893.201775,30,30,-0.063302,0.019272,0.000002,0.000008,0.000003,0.003153,0
20260804_163742_531,1,Unspecified,1721,2026-08-04T16:52:35.7333774+09:00,2026-08-04T16:52:36.2333774+09:00,893.201775,893.701775,30,30,-0.054898,0.025517,0.000027,0.000006,0.000012,0.005732,0
20260804_163742_531,1,Unspecified,1722,2026-08-04T16:52:36.2333774+09:00,2026-08-04T16:52:36.7333774+09:00,893.701775,894.201775,30,30,-0.045231,0.034773,0.000000,0.000004,0.000000,0.002072,0
20260804_163742_531,1,Unspecified,1723,2026-08-04T16:52:36.7333774+09:00,2026-08-04T16:52:37.2333774+09:00,894.201775,894.701775,30,30,-0.041904,0.039972,0.000002,0.000002,0.000002,0.002147,0
20260804_163742_531,1,Unspecified,1724,2026-08-04T16:52:37.2333774+09:00,2026-08-04T16:52:37.7333774+09:00,894.701775,895.201775,30,30,-0.037039,0.047714,0.000002,0.000005,0.000003,0.002709,0
20260804_163742_531,1,Unspecified,1725,2026-08-04T16:52:37.7333774+09:00,2026-08-04T16:52:38.2333774+09:00,895.201775,895.701775,30,30,-0.032351,0.053337,0.000004,0.000002,0.000003,0.002493,0
20260804_163742_531,1,Unspecified,1726,2026-08-04T16:52:38.2333774+09:00,2026-08-04T16:52:38.7333774+09:00,895.701775,896.201775,30,30,-0.027255,0.055688,0.000003,0.000001,0.000001,0.002041,0
20260804_163742_531,1,Unspecified,1727,2026-08-04T16:52:38.7333774+09:00,2026-08-04T16:52:39.2333774+09:00,896.201775,896.701775,30,30,-0.024666,0.055254,0.000002,0.000000,0.000001,0.001379,0
20260804_163742_531,1,Unspecified,1728,2026-08-04T16:52:39.2333774+09:00,2026-08-04T16:52:39.7333774+09:00,896.701775,897.201775,30,30,-0.024365,0.054042,0.000002,0.000000,0.000000,0.001645,0
20260804_163742_531,1,Unspecified,1729,2026-08-04T16:52:39.7333774+09:00,2026-08-04T16:52:40.2333774+09:00,897.201775,897.701775,30,30,-0.021074,0.053096,0.000003,0.000001,0.000000,0.001879,0
20260804_163742_531,1,Unspecified,1730,2026-08-04T16:52:40.2333774+09:00,2026-08-04T16:52:40.7333774+09:00,897.701775,898.201775,30,30,-0.015139,0.052524,0.000019,0.000001,0.000004,0.004543,0
20260804_163742_531,1,Unspecified,1731,2026-08-04T16:52:40.7333774+09:00,2026-08-04T16:52:41.2333774+09:00,898.201775,898.701775,30,30,-0.006459,0.055430,0.000001,0.000000,0.000000,0.001180,0
20260804_163742_531,1,Unspecified,1732,2026-08-04T16:52:41.2333774+09:00,2026-08-04T16:52:41.7333774+09:00,898.701775,899.201775,30,30,0.000175,0.056524,0.000006,0.000001,0.000002,0.002652,0
20260804_163742_531,1,Unspecified,1733,2026-08-04T16:52:41.7333774+09:00,2026-08-04T16:52:42.2333774+09:00,899.201775,899.701775,30,30,0.000800,0.058596,0.000003,0.000000,0.000000,0.001826,0
20260804_163742_531,1,Unspecified,1734,2026-08-04T16:52:42.2333774+09:00,2026-08-04T16:52:42.7333774+09:00,899.701775,900.201775,30,30,-0.007549,0.055236,0.000019,0.000004,0.000008,0.004772,0
20260804_163742_531,1,Unspecified,1735,2026-08-04T16:52:42.7333774+09:00,2026-08-04T16:52:43.2333774+09:00,900.201775,900.701775,30,30,-0.018103,0.046828,0.000002,0.000010,-0.000003,0.003411,0
20260804_163742_531,1,Unspecified,1736,2026-08-04T16:52:43.2333774+09:00,2026-08-04T16:52:43.7333774+09:00,900.701775,901.201775,30,30,-0.019706,0.036917,0.000002,0.000035,0.000005,0.006014,0
20260804_163742_531,1,Unspecified,1737,2026-08-04T16:52:43.7333774+09:00,2026-08-04T16:52:44.2333774+09:00,901.201775,901.701775,30,30,-0.035700,0.021806,0.000047,0.000004,-0.000002,0.007118,0
20260804_163742_531,1,Unspecified,1738,2026-08-04T16:52:44.2333774+09:00,2026-08-04T16:52:44.7333774+09:00,901.701775,902.201775,30,30,-0.037353,0.025824,0.000002,0.000002,0.000000,0.002033,0
20260804_163742_531,1,Unspecified,1739,2026-08-04T16:52:44.7333774+09:00,2026-08-04T16:52:45.2333774+09:00,902.201775,902.701775,30,30,-0.041610,0.025869,0.000005,0.000002,-0.000003,0.002724,0
20260804_163742_531,1,Unspecified,1740,2026-08-04T16:52:45.2333774+09:00,2026-08-04T16:52:45.7333774+09:00,902.701775,903.201775,30,30,-0.043948,0.026180,0.000000,0.000002,-0.000001,0.001428,0
20260804_163742_531,1,Unspecified,1741,2026-08-04T16:52:45.7333774+09:00,2026-08-04T16:52:46.2333774+09:00,903.201775,903.701775,30,30,-0.042434,0.022811,0.000000,0.000001,0.000000,0.000807,0
20260804_163742_531,1,Unspecified,1742,2026-08-04T16:52:46.2333774+09:00,2026-08-04T16:52:46.7333774+09:00,903.701775,904.201775,30,30,-0.043062,0.022152,0.000000,0.000000,0.000000,0.000569,0
20260804_163742_531,1,Unspecified,1743,2026-08-04T16:52:46.7333774+09:00,2026-08-04T16:52:47.2333774+09:00,904.201775,904.701775,30,30,-0.042776,0.022034,0.000000,0.000000,0.000000,0.000582,0
20260804_163742_531,1,Unspecified,1744,2026-08-04T16:52:47.2333774+09:00,2026-08-04T16:52:47.7333774+09:00,904.701775,905.201775,30,30,-0.041717,0.021949,0.000002,0.000000,0.000000,0.001409,0
20260804_163742_531,1,Unspecified,1745,2026-08-04T16:52:47.7333774+09:00,2026-08-04T16:52:48.2333774+09:00,905.201775,905.701775,30,30,-0.039773,0.020831,0.000001,0.000000,0.000000,0.001152,0
20260804_163742_531,1,Unspecified,1746,2026-08-04T16:52:48.2333774+09:00,2026-08-04T16:52:48.7333774+09:00,905.701775,906.201775,30,30,-0.042910,0.023220,0.000002,0.000000,0.000000,0.001463,0
20260804_163742_531,1,Unspecified,1747,2026-08-04T16:52:48.7333774+09:00,2026-08-04T16:52:49.2333774+09:00,906.201775,906.701775,30,30,-0.043347,0.022982,0.000000,0.000000,0.000000,0.000592,0
20260804_163742_531,1,Unspecified,1748,2026-08-04T16:52:49.2333774+09:00,2026-08-04T16:52:49.7333774+09:00,906.701775,907.201775,30,30,-0.041397,0.022528,0.000002,0.000000,0.000000,0.001502,0
20260804_163742_531,1,Unspecified,1749,2026-08-04T16:52:49.7333774+09:00,2026-08-04T16:52:50.2333774+09:00,907.201775,907.701775,30,30,-0.037463,0.025527,0.000000,0.000000,0.000000,0.000847,0
20260804_163742_531,1,Unspecified,1750,2026-08-04T16:52:50.2333774+09:00,2026-08-04T16:52:50.7333774+09:00,907.701775,908.201775,30,30,-0.036856,0.025711,0.000000,0.000000,0.000000,0.000316,0
20260804_163742_531,1,Unspecified,1751,2026-08-04T16:52:50.7333774+09:00,2026-08-04T16:52:51.2333774+09:00,908.201775,908.701775,30,30,-0.038051,0.024734,0.000000,0.000000,0.000000,0.000733,0
20260804_163742_531,1,Unspecified,1752,2026-08-04T16:52:51.2333774+09:00,2026-08-04T16:52:51.7333774+09:00,908.701775,909.201775,30,30,-0.038271,0.024233,0.000000,0.000000,0.000000,0.000495,0
20260804_163742_531,1,Unspecified,1753,2026-08-04T16:52:51.7333774+09:00,2026-08-04T16:52:52.2333774+09:00,909.201775,909.701775,30,30,-0.038134,0.023876,0.000000,0.000000,0.000000,0.000312,0
20260804_163742_531,1,Unspecified,1754,2026-08-04T16:52:52.2333774+09:00,2026-08-04T16:52:52.7333774+09:00,909.701775,910.201775,30,30,-0.038425,0.023646,0.000000,0.000000,0.000000,0.000228,0
20260804_163742_531,1,Unspecified,1755,2026-08-04T16:52:52.7333774+09:00,2026-08-04T16:52:53.2333774+09:00,910.201775,910.701775,30,30,-0.039127,0.023775,0.000000,0.000000,0.000000,0.000223,0
20260804_163742_531,1,Unspecified,1756,2026-08-04T16:52:53.2333774+09:00,2026-08-04T16:52:53.7333774+09:00,910.701775,911.201775,30,30,-0.039110,0.024010,0.000000,0.000000,0.000000,0.000137,0
20260804_163742_531,1,Unspecified,1757,2026-08-04T16:52:53.7333774+09:00,2026-08-04T16:52:54.2333774+09:00,911.201775,911.701775,30,30,-0.039183,0.024029,0.000000,0.000000,0.000000,0.000218,0
20260804_163742_531,1,Unspecified,1758,2026-08-04T16:52:54.2333774+09:00,2026-08-04T16:52:54.7333774+09:00,911.701775,912.201775,30,30,-0.039275,0.023808,0.000000,0.000000,0.000000,0.000252,0
20260804_163742_531,1,Unspecified,1759,2026-08-04T16:52:54.7333774+09:00,2026-08-04T16:52:55.2333774+09:00,912.201775,912.701775,30,30,-0.040772,0.023034,0.000000,0.000000,0.000000,0.000768,0
20260804_163742_531,1,Unspecified,1760,2026-08-04T16:52:55.2333774+09:00,2026-08-04T16:52:55.7333774+09:00,912.701775,913.201775,30,30,-0.042255,0.022341,0.000000,0.000000,0.000000,0.000532,0
20260804_163742_531,1,Unspecified,1761,2026-08-04T16:52:55.7333774+09:00,2026-08-04T16:52:56.2333774+09:00,913.201775,913.701775,30,30,-0.042981,0.022160,0.000000,0.000000,0.000000,0.000737,0
20260804_163742_531,1,Unspecified,1762,2026-08-04T16:52:56.2333774+09:00,2026-08-04T16:52:56.7333774+09:00,913.701775,914.201775,30,30,-0.043033,0.021279,0.000000,0.000000,0.000000,0.000388,0
20260804_163742_531,1,Unspecified,1763,2026-08-04T16:52:56.7333774+09:00,2026-08-04T16:52:57.2333774+09:00,914.201775,914.701775,30,30,-0.043228,0.021404,0.000000,0.000000,0.000000,0.000355,0
20260804_163742_531,1,Unspecified,1764,2026-08-04T16:52:57.2333774+09:00,2026-08-04T16:52:57.7333774+09:00,914.701775,915.201775,30,30,-0.042843,0.022060,0.000000,0.000000,0.000000,0.000174,0
20260804_163742_531,1,Unspecified,1765,2026-08-04T16:52:57.7333774+09:00,2026-08-04T16:52:58.2333774+09:00,915.201775,915.701775,30,30,-0.042466,0.022230,0.000000,0.000000,0.000000,0.000280,0
20260804_163742_531,1,Unspecified,1766,2026-08-04T16:52:58.2333774+09:00,2026-08-04T16:52:58.7333774+09:00,915.701775,916.201775,30,30,-0.041995,0.022244,0.000000,0.000000,0.000000,0.000178,0
20260804_163742_531,1,Unspecified,1767,2026-08-04T16:52:58.7333774+09:00,2026-08-04T16:52:59.2333774+09:00,916.201775,916.701775,30,30,-0.041546,0.022303,0.000000,0.000000,0.000000,0.000195,0
20260804_163742_531,1,Unspecified,1768,2026-08-04T16:52:59.2333774+09:00,2026-08-04T16:52:59.7333774+09:00,916.701775,917.201775,30,30,-0.041326,0.022743,0.000000,0.000000,0.000000,0.000312,0
20260804_163742_531,1,Unspecified,1769,2026-08-04T16:52:59.7333774+09:00,2026-08-04T16:53:00.2333774+09:00,917.201775,917.701775,30,30,-0.040721,0.024050,0.000000,0.000000,0.000000,0.000390,0
20260804_163742_531,1,Unspecified,1770,2026-08-04T16:53:00.2333774+09:00,2026-08-04T16:53:00.7333774+09:00,917.701775,918.201775,30,30,-0.040563,0.024294,0.000000,0.000000,0.000000,0.000348,0
20260804_163742_531,1,Unspecified,1771,2026-08-04T16:53:00.7333774+09:00,2026-08-04T16:53:01.2333774+09:00,918.201775,918.701775,30,30,-0.041135,0.023901,0.000000,0.000000,0.000000,0.000218,0
20260804_163742_531,1,Unspecified,1772,2026-08-04T16:53:01.2333774+09:00,2026-08-04T16:53:01.7333774+09:00,918.701775,919.201775,30,30,-0.041602,0.023488,0.000000,0.000000,0.000000,0.000327,0
20260804_163742_531,1,Unspecified,1773,2026-08-04T16:53:01.7333774+09:00,2026-08-04T16:53:02.2333774+09:00,919.201775,919.701775,30,30,-0.041450,0.023863,0.000000,0.000000,0.000000,0.000299,0
20260804_163742_531,1,Unspecified,1774,2026-08-04T16:53:02.2333774+09:00,2026-08-04T16:53:02.7333774+09:00,919.701775,920.201775,30,30,-0.041598,0.023294,0.000000,0.000000,0.000000,0.000291,0
20260804_163742_531,1,Unspecified,1775,2026-08-04T16:53:02.7333774+09:00,2026-08-04T16:53:03.2333774+09:00,920.201775,920.701775,30,30,-0.041749,0.023312,0.000000,0.000000,0.000000,0.000292,0
20260804_163742_531,1,Unspecified,1776,2026-08-04T16:53:03.2333774+09:00,2026-08-04T16:53:03.7333774+09:00,920.701775,921.201775,30,30,-0.029819,0.032663,0.000110,0.000050,0.000074,0.012675,0
20260804_163742_531,1,Unspecified,1777,2026-08-04T16:53:03.7333774+09:00,2026-08-04T16:53:04.2333774+09:00,921.201775,921.701775,30,30,-0.004414,0.047713,0.000051,0.000000,-0.000001,0.007172,0
20260804_163742_531,1,Unspecified,1778,2026-08-04T16:53:04.2333774+09:00,2026-08-04T16:53:04.7333774+09:00,921.701775,922.201775,30,30,-0.019697,0.047701,0.000001,0.000000,0.000000,0.000904,0
20260804_163742_531,1,Unspecified,1779,2026-08-04T16:53:04.7333774+09:00,2026-08-04T16:53:05.2333774+09:00,922.201775,922.701775,30,30,-0.016805,0.048421,0.000001,0.000000,0.000000,0.000841,0
20260804_163742_531,1,Unspecified,1780,2026-08-04T16:53:05.2333774+09:00,2026-08-04T16:53:05.7333774+09:00,922.701775,923.201775,30,30,-0.015507,0.050506,0.000006,0.000001,0.000002,0.002711,0
20260804_163742_531,1,Unspecified,1781,2026-08-04T16:53:05.7333774+09:00,2026-08-04T16:53:06.2333774+09:00,923.201775,923.701775,30,30,-0.007407,0.052481,0.000003,0.000000,0.000001,0.001827,0
20260804_163742_531,1,Unspecified,1782,2026-08-04T16:53:06.2333774+09:00,2026-08-04T16:53:06.7333774+09:00,923.701775,924.201775,30,30,-0.003328,0.052090,0.000002,0.000001,0.000001,0.001569,0
20260804_163742_531,1,Unspecified,1783,2026-08-04T16:53:06.7333774+09:00,2026-08-04T16:53:07.2333774+09:00,924.201775,924.701775,30,30,-0.006221,0.049123,0.000000,0.000001,0.000000,0.001098,0
20260804_163742_531,1,Unspecified,1784,2026-08-04T16:53:07.2333774+09:00,2026-08-04T16:53:07.7333774+09:00,924.701775,925.201775,30,30,-0.007008,0.047091,0.000001,0.000000,0.000000,0.000824,0
20260804_163742_531,1,Unspecified,1785,2026-08-04T16:53:07.7333774+09:00,2026-08-04T16:53:08.2333774+09:00,925.201775,925.701775,30,30,-0.008592,0.046240,0.000000,0.000000,0.000000,0.000259,0
20260804_163742_531,1,Unspecified,1786,2026-08-04T16:53:08.2333774+09:00,2026-08-04T16:53:08.7333774+09:00,925.701775,926.201775,30,30,-0.009944,0.045975,0.000000,0.000000,0.000000,0.000767,0
20260804_163742_531,1,Unspecified,1787,2026-08-04T16:53:08.7333774+09:00,2026-08-04T16:53:09.2333774+09:00,926.201775,926.701775,30,30,-0.011471,0.045187,0.000000,0.000000,0.000000,0.000445,0
20260804_163742_531,1,Unspecified,1788,2026-08-04T16:53:09.2333774+09:00,2026-08-04T16:53:09.7333774+09:00,926.701775,927.201775,30,30,-0.012038,0.045029,0.000000,0.000000,0.000000,0.000279,0
20260804_163742_531,1,Unspecified,1789,2026-08-04T16:53:09.7333774+09:00,2026-08-04T16:53:10.2333774+09:00,927.201775,927.701775,30,30,-0.012094,0.044871,0.000000,0.000000,0.000000,0.000283,0
20260804_163742_531,1,Unspecified,1790,2026-08-04T16:53:10.2333774+09:00,2026-08-04T16:53:10.7333774+09:00,927.701775,928.201775,30,30,-0.012188,0.045047,0.000000,0.000000,0.000000,0.000164,0
20260804_163742_531,1,Unspecified,1791,2026-08-04T16:53:10.7333774+09:00,2026-08-04T16:53:11.2333774+09:00,928.201775,928.701775,30,30,-0.012437,0.045558,0.000000,0.000000,0.000000,0.000399,0
20260804_163742_531,1,Unspecified,1792,2026-08-04T16:53:11.2333774+09:00,2026-08-04T16:53:11.7333774+09:00,928.701775,929.201775,30,30,-0.013914,0.046711,0.000000,0.000000,0.000000,0.000663,0
20260804_163742_531,1,Unspecified,1793,2026-08-04T16:53:11.7333774+09:00,2026-08-04T16:53:12.2333774+09:00,929.201775,929.701775,30,30,-0.015105,0.045307,0.000000,0.000001,0.000000,0.000878,0
20260804_163742_531,1,Unspecified,1794,2026-08-04T16:53:12.2333774+09:00,2026-08-04T16:53:12.7333774+09:00,929.701775,930.201775,30,30,-0.016246,0.042487,0.000000,0.000000,0.000000,0.000366,0
20260804_163742_531,1,Unspecified,1795,2026-08-04T16:53:12.7333774+09:00,2026-08-04T16:53:13.2333774+09:00,930.201775,930.701775,30,30,-0.017443,0.042224,0.000000,0.000000,0.000000,0.000361,0
20260804_163742_531,1,Unspecified,1796,2026-08-04T16:53:13.2333774+09:00,2026-08-04T16:53:13.7333774+09:00,930.701775,931.201775,30,30,-0.016772,0.042299,0.000002,0.000000,0.000000,0.001329,0
20260804_163742_531,1,Unspecified,1797,2026-08-04T16:53:13.7333774+09:00,2026-08-04T16:53:14.2333774+09:00,931.201775,931.701775,30,30,-0.019025,0.037980,0.000008,0.000003,0.000005,0.003437,0
20260804_163742_531,1,Unspecified,1798,2026-08-04T16:53:14.2333774+09:00,2026-08-04T16:53:14.7333774+09:00,931.701775,932.201775,30,30,-0.034585,0.034716,0.000011,0.000000,0.000000,0.003274,0
20260804_163742_531,1,Unspecified,1799,2026-08-04T16:53:14.7333774+09:00,2026-08-04T16:53:15.2333774+09:00,932.201775,932.701775,30,30,-0.044191,0.031851,0.000006,0.000007,0.000006,0.003647,0
20260804_163742_531,1,Unspecified,1800,2026-08-04T16:53:15.2333774+09:00,2026-08-04T16:53:15.7333774+09:00,932.701775,933.201775,30,30,-0.049469,0.026983,0.000003,0.000000,0.000001,0.001863,0
20260804_163742_531,1,Unspecified,1801,2026-08-04T16:53:15.7333774+09:00,2026-08-04T16:53:16.2333774+09:00,933.201775,933.701775,30,30,-0.052412,0.028224,0.000005,0.000004,0.000004,0.002897,0
20260804_163742_531,1,Unspecified,1802,2026-08-04T16:53:16.2333774+09:00,2026-08-04T16:53:16.7333774+09:00,933.701775,934.201775,30,30,-0.046649,0.031911,0.000000,0.000001,0.000000,0.000967,0
20260804_163742_531,1,Unspecified,1803,2026-08-04T16:53:16.7333774+09:00,2026-08-04T16:53:17.2333774+09:00,934.201775,934.701775,30,30,-0.047530,0.030355,0.000000,0.000000,0.000000,0.000425,0
20260804_163742_531,1,Unspecified,1804,2026-08-04T16:53:17.2333774+09:00,2026-08-04T16:53:17.7333774+09:00,934.701775,935.201775,30,30,-0.049203,0.029058,0.000000,0.000000,0.000000,0.000917,0
20260804_163742_531,1,Unspecified,1805,2026-08-04T16:53:17.7333774+09:00,2026-08-04T16:53:18.2333774+09:00,935.201775,935.701775,30,30,-0.050537,0.026043,0.000001,0.000001,0.000001,0.001359,0
20260804_163742_531,1,Unspecified,1806,2026-08-04T16:53:18.2333774+09:00,2026-08-04T16:53:18.7333774+09:00,935.701775,936.201775,30,30,-0.051340,0.025322,0.000000,0.000000,0.000000,0.000287,0
20260804_163742_531,1,Unspecified,1807,2026-08-04T16:53:18.7333774+09:00,2026-08-04T16:53:19.2333774+09:00,936.201775,936.701775,30,30,-0.052350,0.023907,0.000001,0.000002,0.000001,0.001696,0
20260804_163742_531,1,Unspecified,1808,2026-08-04T16:53:19.2333774+09:00,2026-08-04T16:53:19.7333774+09:00,936.701775,937.201775,30,30,-0.057899,0.018106,0.000004,0.000002,0.000002,0.002255,0
20260804_163742_531,1,Unspecified,1809,2026-08-04T16:53:19.7333774+09:00,2026-08-04T16:53:20.2333774+09:00,937.201775,937.701775,30,30,-0.057981,0.024098,0.000004,0.000019,0.000009,0.004855,0
20260804_163742_531,1,Unspecified,1810,2026-08-04T16:53:20.2333774+09:00,2026-08-04T16:53:20.7333774+09:00,937.701775,938.201775,30,30,-0.039085,0.059574,0.000048,0.000099,0.000068,0.012107,0
20260804_163742_531,1,Unspecified,1811,2026-08-04T16:53:20.7333774+09:00,2026-08-04T16:53:21.2333774+09:00,938.201775,938.701775,30,30,-0.026079,0.070673,0.000005,0.000001,0.000002,0.002320,0
20260804_163742_531,1,Unspecified,1812,2026-08-04T16:53:21.2333774+09:00,2026-08-04T16:53:21.7333774+09:00,938.701775,939.201775,30,30,-0.021875,0.072050,0.000000,0.000000,0.000000,0.000660,0
20260804_163742_531,1,Unspecified,1813,2026-08-04T16:53:21.7333774+09:00,2026-08-04T16:53:22.2333774+09:00,939.201775,939.701775,30,30,-0.020702,0.072369,0.000004,0.000000,0.000001,0.002146,0
20260804_163742_531,1,Unspecified,1814,2026-08-04T16:53:22.2333774+09:00,2026-08-04T16:53:22.7333774+09:00,939.701775,940.201775,30,30,-0.012890,0.074164,0.000005,0.000000,0.000001,0.002194,0
20260804_163742_531,1,Unspecified,1815,2026-08-04T16:53:22.7333774+09:00,2026-08-04T16:53:23.2333774+09:00,940.201775,940.701775,30,30,-0.005721,0.074335,0.000003,0.000000,0.000000,0.001783,0
20260804_163742_531,1,Unspecified,1816,2026-08-04T16:53:23.2333774+09:00,2026-08-04T16:53:23.7333774+09:00,940.701775,941.201775,30,30,-0.003761,0.072912,0.000002,0.000000,0.000000,0.001409,0
20260804_163742_531,1,Unspecified,1817,2026-08-04T16:53:23.7333774+09:00,2026-08-04T16:53:24.2333774+09:00,941.201775,941.701775,30,30,0.000646,0.070616,0.000002,0.000002,0.000000,0.001968,0
20260804_163742_531,1,Unspecified,1818,2026-08-04T16:53:24.2333774+09:00,2026-08-04T16:53:24.7333774+09:00,941.701775,942.201775,30,30,-0.003410,0.066993,0.000005,0.000006,-0.000004,0.003305,0
20260804_163742_531,1,Unspecified,1819,2026-08-04T16:53:24.7333774+09:00,2026-08-04T16:53:25.2333774+09:00,942.201775,942.701775,30,30,-0.005658,0.069285,0.000001,0.000000,0.000000,0.000999,0
20260804_163742_531,1,Unspecified,1820,2026-08-04T16:53:25.2333774+09:00,2026-08-04T16:53:25.7333774+09:00,942.701775,943.201775,30,30,-0.005562,0.069680,0.000000,0.000000,0.000000,0.000685,0
20260804_163742_531,1,Unspecified,1821,2026-08-04T16:53:25.7333774+09:00,2026-08-04T16:53:26.2333774+09:00,943.201775,943.701775,30,30,-0.005229,0.070531,0.000001,0.000000,0.000000,0.000909,0
20260804_163742_531,1,Unspecified,1822,2026-08-04T16:53:26.2333774+09:00,2026-08-04T16:53:26.7333774+09:00,943.701775,944.201775,30,30,-0.003930,0.071200,0.000000,0.000000,0.000000,0.000280,0
20260804_163742_531,1,Unspecified,1823,2026-08-04T16:53:26.7333774+09:00,2026-08-04T16:53:27.2333774+09:00,944.201775,944.701775,30,30,-0.003611,0.070865,0.000000,0.000000,0.000000,0.000284,0
20260804_163742_531,1,Unspecified,1824,2026-08-04T16:53:27.2333774+09:00,2026-08-04T16:53:27.7333774+09:00,944.701775,945.201775,30,30,-0.001175,0.071684,0.000002,0.000000,0.000001,0.001366,0
20260804_163742_531,1,Unspecified,1825,2026-08-04T16:53:27.7333774+09:00,2026-08-04T16:53:28.2333774+09:00,945.201775,945.701775,30,30,0.000292,0.071955,0.000000,0.000000,0.000000,0.000415,0
20260804_163742_531,1,Unspecified,1826,2026-08-04T16:53:28.2333774+09:00,2026-08-04T16:53:28.7333774+09:00,945.701775,946.201775,30,30,0.001789,0.072445,0.000000,0.000000,0.000000,0.000337,0
20260804_163742_531,1,Unspecified,1827,2026-08-04T16:53:28.7333774+09:00,2026-08-04T16:53:29.2333774+09:00,946.201775,946.701775,30,30,-0.000553,0.071577,0.000002,0.000000,0.000001,0.001327,0
20260804_163742_531,1,Unspecified,1828,2026-08-04T16:53:29.2333774+09:00,2026-08-04T16:53:29.7333774+09:00,946.701775,947.201775,30,30,-0.003380,0.067831,0.000009,0.000011,0.000010,0.004456,0
20260804_163742_531,1,Unspecified,1829,2026-08-04T16:53:29.7333774+09:00,2026-08-04T16:53:30.2333774+09:00,947.201775,947.701775,30,30,-0.015982,0.058014,0.000007,0.000002,0.000003,0.003021,0
20260804_163742_531,1,Unspecified,1830,2026-08-04T16:53:30.2333774+09:00,2026-08-04T16:53:30.7333774+09:00,947.701775,948.201775,30,30,-0.024961,0.057509,0.000040,0.000005,-0.000013,0.006707,0
20260804_163742_531,1,Unspecified,1831,2026-08-04T16:53:30.7333774+09:00,2026-08-04T16:53:31.2333774+09:00,948.201775,948.701775,30,30,-0.031165,0.055545,0.000000,0.000000,0.000000,0.000944,0
20260804_163742_531,1,Unspecified,1832,2026-08-04T16:53:31.2333774+09:00,2026-08-04T16:53:31.7333774+09:00,948.701775,949.201775,30,30,-0.030439,0.053406,0.000002,0.000001,0.000001,0.001688,0
20260804_163742_531,1,Unspecified,1833,2026-08-04T16:53:31.7333774+09:00,2026-08-04T16:53:32.2333774+09:00,949.201775,949.701775,30,30,-0.032195,0.051346,0.000000,0.000000,0.000000,0.000599,0
20260804_163742_531,1,Unspecified,1834,2026-08-04T16:53:32.2333774+09:00,2026-08-04T16:53:32.7333774+09:00,949.701775,950.201775,30,30,-0.033677,0.050900,0.000000,0.000000,0.000000,0.000350,0
20260804_163742_531,1,Unspecified,1835,2026-08-04T16:53:32.7333774+09:00,2026-08-04T16:53:33.2333774+09:00,950.201775,950.701775,30,30,-0.033731,0.050652,0.000000,0.000000,0.000000,0.000547,0
20260804_163742_531,1,Unspecified,1836,2026-08-04T16:53:33.2333774+09:00,2026-08-04T16:53:33.7333774+09:00,950.701775,951.201775,30,30,-0.034927,0.050038,0.000000,0.000000,0.000000,0.000348,0
20260804_163742_531,1,Unspecified,1837,2026-08-04T16:53:33.7333774+09:00,2026-08-04T16:53:34.2333774+09:00,951.201775,951.701775,30,30,-0.034549,0.050239,0.000000,0.000000,0.000000,0.000287,0
20260804_163742_531,1,Unspecified,1838,2026-08-04T16:53:34.2333774+09:00,2026-08-04T16:53:34.7333774+09:00,951.701775,952.201775,30,30,-0.035030,0.050367,0.000000,0.000000,0.000000,0.000281,0
20260804_163742_531,1,Unspecified,1839,2026-08-04T16:53:34.7333774+09:00,2026-08-04T16:53:35.2333774+09:00,952.201775,952.701775,30,30,-0.034802,0.050604,0.000000,0.000000,0.000000,0.000175,0
20260804_163742_531,1,Unspecified,1840,2026-08-04T16:53:35.2333774+09:00,2026-08-04T16:53:35.7333774+09:00,952.701775,953.201775,30,30,-0.035045,0.050387,0.000000,0.000000,0.000000,0.000279,0
20260804_163742_531,1,Unspecified,1841,2026-08-04T16:53:35.7333774+09:00,2026-08-04T16:53:36.2333774+09:00,953.201775,953.701775,30,30,-0.035442,0.050276,0.000000,0.000000,0.000000,0.000176,0
20260804_163742_531,1,Unspecified,1842,2026-08-04T16:53:36.2333774+09:00,2026-08-04T16:53:36.7333774+09:00,953.701775,954.201775,30,30,-0.035763,0.049915,0.000000,0.000000,0.000000,0.000255,0
20260804_163742_531,1,Unspecified,1843,2026-08-04T16:53:36.7333774+09:00,2026-08-04T16:53:37.2333774+09:00,954.201775,954.701775,30,30,-0.035884,0.050043,0.000000,0.000000,0.000000,0.000138,0
20260804_163742_531,1,Unspecified,1844,2026-08-04T16:53:37.2333774+09:00,2026-08-04T16:53:37.7333774+09:00,954.701775,955.201775,30,30,-0.035394,0.050449,0.000000,0.000000,0.000000,0.000259,0
20260804_163742_531,1,Unspecified,1845,2026-08-04T16:53:37.7333774+09:00,2026-08-04T16:53:38.2333774+09:00,955.201775,955.701775,30,30,-0.035001,0.050903,0.000000,0.000000,0.000000,0.000456,0
20260804_163742_531,1,Unspecified,1846,2026-08-04T16:53:38.2333774+09:00,2026-08-04T16:53:38.7333774+09:00,955.701775,956.201775,30,30,-0.034423,0.051354,0.000000,0.000000,0.000000,0.000254,0
20260804_163742_531,1,Unspecified,1847,2026-08-04T16:53:38.7333774+09:00,2026-08-04T16:53:39.2333774+09:00,956.201775,956.701775,30,30,-0.034370,0.051516,0.000000,0.000000,0.000000,0.000263,0
20260804_163742_531,1,Unspecified,1848,2026-08-04T16:53:39.2333774+09:00,2026-08-04T16:53:39.7333774+09:00,956.701775,957.201775,30,30,-0.034867,0.050636,0.000000,0.000000,0.000000,0.000422,0
20260804_163742_531,1,Unspecified,1849,2026-08-04T16:53:39.7333774+09:00,2026-08-04T16:53:40.2333774+09:00,957.201775,957.701775,30,30,-0.035065,0.050234,0.000000,0.000000,0.000000,0.000243,0
20260804_163742_531,1,Unspecified,1850,2026-08-04T16:53:40.2333774+09:00,2026-08-04T16:53:40.7333774+09:00,957.701775,958.201775,30,30,-0.035116,0.050050,0.000000,0.000000,0.000000,0.000375,0
20260804_163742_531,1,Unspecified,1851,2026-08-04T16:53:40.7333774+09:00,2026-08-04T16:53:41.2333774+09:00,958.201775,958.701775,30,30,-0.034842,0.050125,0.000000,0.000000,0.000000,0.000167,0
20260804_163742_531,1,Unspecified,1852,2026-08-04T16:53:41.2333774+09:00,2026-08-04T16:53:41.7333774+09:00,958.701775,959.201775,30,30,-0.034913,0.050018,0.000000,0.000000,0.000000,0.000207,0
20260804_163742_531,1,Unspecified,1853,2026-08-04T16:53:41.7333774+09:00,2026-08-04T16:53:42.2333774+09:00,959.201775,959.701775,30,30,-0.034883,0.050363,0.000000,0.000000,0.000000,0.000230,0
20260804_163742_531,1,Unspecified,1854,2026-08-04T16:53:42.2333774+09:00,2026-08-04T16:53:42.7333774+09:00,959.701775,960.201775,30,30,-0.034621,0.050449,0.000000,0.000000,0.000000,0.000272,0
20260804_163742_531,1,Unspecified,1855,2026-08-04T16:53:42.7333774+09:00,2026-08-04T16:53:43.2333774+09:00,960.201775,960.701775,30,30,-0.034301,0.050814,0.000000,0.000000,0.000000,0.000295,0
20260804_163742_531,1,Unspecified,1856,2026-08-04T16:53:43.2333774+09:00,2026-08-04T16:53:43.7333774+09:00,960.701775,961.201775,30,30,-0.034727,0.049812,0.000000,0.000000,0.000000,0.000569,0
20260804_163742_531,1,Unspecified,1857,2026-08-04T16:53:43.7333774+09:00,2026-08-04T16:53:44.2333774+09:00,961.201775,961.701775,30,30,-0.034887,0.048724,0.000000,0.000000,0.000000,0.000337,0
20260804_163742_531,1,Unspecified,1858,2026-08-04T16:53:44.2333774+09:00,2026-08-04T16:53:44.7333774+09:00,961.701775,962.201775,30,30,-0.033555,0.047660,0.000000,0.000001,0.000000,0.001052,0
20260804_163742_531,1,Unspecified,1859,2026-08-04T16:53:44.7333774+09:00,2026-08-04T16:53:45.2333774+09:00,962.201775,962.701775,30,30,-0.035145,0.043617,0.000000,0.000002,0.000001,0.001441,0
20260804_163742_531,1,Unspecified,1860,2026-08-04T16:53:45.2333774+09:00,2026-08-04T16:53:45.7333774+09:00,962.701775,963.201775,30,30,-0.038958,0.035165,0.000002,0.000011,0.000005,0.003647,0
20260804_163742_531,1,Unspecified,1861,2026-08-04T16:53:45.7333774+09:00,2026-08-04T16:53:46.2333774+09:00,963.201775,963.701775,30,30,-0.044493,0.024608,0.000002,0.000006,0.000003,0.002747,0
20260804_163742_531,1,Unspecified,1862,2026-08-04T16:53:46.2333774+09:00,2026-08-04T16:53:46.7333774+09:00,963.701775,964.201775,30,30,-0.049535,0.021091,0.000001,0.000000,0.000000,0.001243,0
20260804_163742_531,1,Unspecified,1863,2026-08-04T16:53:46.7333774+09:00,2026-08-04T16:53:47.2333774+09:00,964.201775,964.701775,30,30,-0.054326,0.021551,0.000001,0.000000,0.000000,0.001172,0
20260804_163742_531,1,Unspecified,1864,2026-08-04T16:53:47.2333774+09:00,2026-08-04T16:53:47.7333774+09:00,964.701775,965.201775,30,30,-0.054848,0.023348,0.000000,0.000000,0.000000,0.000471,0
20260804_163742_531,1,Unspecified,1865,2026-08-04T16:53:47.7333774+09:00,2026-08-04T16:53:48.2333774+09:00,965.201775,965.701775,30,30,-0.054453,0.023641,0.000000,0.000000,0.000000,0.000496,0
20260804_163742_531,1,Unspecified,1866,2026-08-04T16:53:48.2333774+09:00,2026-08-04T16:53:48.7333774+09:00,965.701775,966.201775,30,30,-0.054232,0.023137,0.000000,0.000000,0.000000,0.000364,0
20260804_163742_531,1,Unspecified,1867,2026-08-04T16:53:48.7333774+09:00,2026-08-04T16:53:49.2333774+09:00,966.201775,966.701775,30,30,-0.054017,0.022148,0.000000,0.000000,0.000000,0.000435,0
20260804_163742_531,1,Unspecified,1868,2026-08-04T16:53:49.2333774+09:00,2026-08-04T16:53:49.7333774+09:00,966.701775,967.201775,30,30,-0.053936,0.022340,0.000000,0.000000,0.000000,0.000331,0
20260804_163742_531,1,Unspecified,1869,2026-08-04T16:53:49.7333774+09:00,2026-08-04T16:53:50.2333774+09:00,967.201775,967.701775,30,30,-0.049885,0.030744,0.000008,0.000032,0.000016,0.006343,0
20260804_163742_531,1,Unspecified,1870,2026-08-04T16:53:50.2333774+09:00,2026-08-04T16:53:50.7333774+09:00,967.701775,968.201775,30,30,-0.033186,0.057046,0.000032,0.000032,0.000031,0.007984,0
20260804_163742_531,1,Unspecified,1871,2026-08-04T16:53:50.7333774+09:00,2026-08-04T16:53:51.2333774+09:00,968.201775,968.701775,30,30,-0.024601,0.061631,0.000001,0.000000,0.000000,0.001287,0
20260804_163742_531,1,Unspecified,1872,2026-08-04T16:53:51.2333774+09:00,2026-08-04T16:53:51.7333774+09:00,968.701775,969.201775,30,30,-0.022670,0.060457,0.000002,0.000000,-0.000001,0.001405,0
20260804_163742_531,1,Unspecified,1873,2026-08-04T16:53:51.7333774+09:00,2026-08-04T16:53:52.2333774+09:00,969.201775,969.701775,30,30,-0.019674,0.057662,0.000001,0.000000,0.000000,0.000893,0
20260804_163742_531,1,Unspecified,1874,2026-08-04T16:53:52.2333774+09:00,2026-08-04T16:53:52.7333774+09:00,969.701775,970.201775,30,30,-0.017538,0.057780,0.000000,0.000000,0.000000,0.000673,0
20260804_163742_531,1,Unspecified,1875,2026-08-04T16:53:52.7333774+09:00,2026-08-04T16:53:53.2333774+09:00,970.201775,970.701775,30,30,-0.014241,0.058369,0.000001,0.000000,0.000000,0.000921,0
20260804_163742_531,1,Unspecified,1876,2026-08-04T16:53:53.2333774+09:00,2026-08-04T16:53:53.7333774+09:00,970.701775,971.201775,30,30,-0.011696,0.060361,0.000000,0.000000,0.000000,0.000847,0
20260804_163742_531,1,Unspecified,1877,2026-08-04T16:53:53.7333774+09:00,2026-08-04T16:53:54.2333774+09:00,971.201775,971.701775,30,30,-0.012804,0.060412,0.000000,0.000000,0.000000,0.000488,0
20260804_163742_531,1,Unspecified,1878,2026-08-04T16:53:54.2333774+09:00,2026-08-04T16:53:54.7333774+09:00,971.701775,972.201775,30,30,-0.012767,0.059911,0.000000,0.000000,0.000000,0.000239,0
20260804_163742_531,1,Unspecified,1879,2026-08-04T16:53:54.7333774+09:00,2026-08-04T16:53:55.2333774+09:00,972.201775,972.701775,30,30,-0.012186,0.059737,0.000000,0.000000,0.000000,0.000393,0
20260804_163742_531,1,Unspecified,1880,2026-08-04T16:53:55.2333774+09:00,2026-08-04T16:53:55.7333774+09:00,972.701775,973.201775,30,30,-0.012092,0.059312,0.000000,0.000000,0.000000,0.000764,0
20260804_163742_531,1,Unspecified,1881,2026-08-04T16:53:55.7333774+09:00,2026-08-04T16:53:56.2333774+09:00,973.201775,973.701775,30,30,-0.011518,0.058487,0.000000,0.000000,0.000000,0.000388,0
20260804_163742_531,1,Unspecified,1882,2026-08-04T16:53:56.2333774+09:00,2026-08-04T16:53:56.7333774+09:00,973.701775,974.201775,30,30,-0.011581,0.058468,0.000000,0.000000,0.000000,0.000340,0
20260804_163742_531,1,Unspecified,1883,2026-08-04T16:53:56.7333774+09:00,2026-08-04T16:53:57.2333774+09:00,974.201775,974.701775,30,30,-0.011511,0.058134,0.000000,0.000000,0.000000,0.000435,0
20260804_163742_531,1,Unspecified,1884,2026-08-04T16:53:57.2333774+09:00,2026-08-04T16:53:57.7333774+09:00,974.701775,975.201775,30,30,-0.011553,0.058487,0.000000,0.000000,0.000000,0.000264,0
20260804_163742_531,1,Unspecified,1885,2026-08-04T16:53:57.7333774+09:00,2026-08-04T16:53:58.2333774+09:00,975.201775,975.701775,30,30,-0.011792,0.058550,0.000000,0.000000,0.000000,0.000381,0
20260804_163742_531,1,Unspecified,1886,2026-08-04T16:53:58.2333774+09:00,2026-08-04T16:53:58.7333774+09:00,975.701775,976.201775,30,30,-0.011702,0.059113,0.000000,0.000000,0.000000,0.000597,0
20260804_163742_531,1,Unspecified,1887,2026-08-04T16:53:58.7333774+09:00,2026-08-04T16:53:59.2333774+09:00,976.201775,976.701775,30,30,-0.009553,0.060648,0.000000,0.000000,0.000000,0.000680,0
20260804_163742_531,1,Unspecified,1888,2026-08-04T16:53:59.2333774+09:00,2026-08-04T16:53:59.7333774+09:00,976.701775,977.201775,30,30,-0.008978,0.060765,0.000000,0.000000,0.000000,0.000351,0
20260804_163742_531,1,Unspecified,1889,2026-08-04T16:53:59.7333774+09:00,2026-08-04T16:54:00.2333774+09:00,977.201775,977.701775,30,30,-0.008346,0.060305,0.000000,0.000000,0.000000,0.000273,0
20260804_163742_531,1,Unspecified,1890,2026-08-04T16:54:00.2333774+09:00,2026-08-04T16:54:00.7333774+09:00,977.701775,978.201775,30,30,-0.008973,0.060179,0.000000,0.000000,0.000000,0.000303,0
20260804_163742_531,1,Unspecified,1891,2026-08-04T16:54:00.7333774+09:00,2026-08-04T16:54:01.2333774+09:00,978.201775,978.701775,30,30,-0.009100,0.059907,0.000000,0.000000,0.000000,0.000192,0
20260804_163742_531,1,Unspecified,1892,2026-08-04T16:54:01.2333774+09:00,2026-08-04T16:54:01.7333774+09:00,978.701775,979.201775,30,30,-0.009253,0.060060,0.000000,0.000000,0.000000,0.000173,0
20260804_163742_531,1,Unspecified,1893,2026-08-04T16:54:01.7333774+09:00,2026-08-04T16:54:02.2333774+09:00,979.201775,979.701775,30,30,-0.009662,0.060091,0.000000,0.000000,0.000000,0.000213,0
20260804_163742_531,1,Unspecified,1894,2026-08-04T16:54:02.2333774+09:00,2026-08-04T16:54:02.7333774+09:00,979.701775,980.201775,30,30,-0.010706,0.060731,0.000001,0.000000,0.000000,0.001125,0
20260804_163742_531,1,Unspecified,1895,2026-08-04T16:54:02.7333774+09:00,2026-08-04T16:54:03.2333774+09:00,980.201775,980.701775,30,30,-0.026619,0.064776,0.000029,0.000006,-0.000012,0.005912,0
20260804_163742_531,1,Unspecified,1896,2026-08-04T16:54:03.2333774+09:00,2026-08-04T16:54:03.7333774+09:00,980.701775,981.201775,30,30,-0.026724,0.069975,0.000000,0.000000,0.000000,0.000625,0
20260804_163742_531,1,Unspecified,1897,2026-08-04T16:54:03.7333774+09:00,2026-08-04T16:54:04.2333774+09:00,981.201775,981.701775,30,30,-0.023814,0.071336,0.000004,0.000001,0.000002,0.002202,0
20260804_163742_531,1,Unspecified,1898,2026-08-04T16:54:04.2333774+09:00,2026-08-04T16:54:04.7333774+09:00,981.701775,982.201775,30,30,-0.013962,0.074527,0.000013,0.000001,0.000004,0.003819,0
20260804_163742_531,1,Unspecified,1899,2026-08-04T16:54:04.7333774+09:00,2026-08-04T16:54:05.2333774+09:00,982.201775,982.701775,30,30,0.001817,0.078935,0.000022,0.000001,0.000005,0.004757,0
20260804_163742_531,1,Unspecified,1900,2026-08-04T16:54:05.2333774+09:00,2026-08-04T16:54:05.7333774+09:00,982.701775,983.201775,30,30,0.018125,0.081497,0.000030,0.000000,0.000002,0.005485,0
20260804_163742_531,1,Unspecified,1901,2026-08-04T16:54:05.7333774+09:00,2026-08-04T16:54:06.2333774+09:00,983.201775,983.701775,30,30,0.040537,0.081130,0.000043,0.000001,-0.000005,0.006599,0
20260804_163742_531,1,Unspecified,1902,2026-08-04T16:54:06.2333774+09:00,2026-08-04T16:54:06.7333774+09:00,983.701775,984.201775,30,30,0.048081,0.079957,0.000000,0.000000,0.000000,0.000634,0
20260804_163742_531,1,Unspecified,1903,2026-08-04T16:54:06.7333774+09:00,2026-08-04T16:54:07.2333774+09:00,984.201775,984.701775,30,30,0.050722,0.079220,0.000000,0.000000,0.000000,0.000720,0
20260804_163742_531,1,Unspecified,1904,2026-08-04T16:54:07.2333774+09:00,2026-08-04T16:54:07.7333774+09:00,984.701775,985.201775,30,30,0.053050,0.078538,0.000001,0.000000,0.000000,0.000891,0
20260804_163742_531,1,Unspecified,1905,2026-08-04T16:54:07.7333774+09:00,2026-08-04T16:54:08.2333774+09:00,985.201775,985.701775,30,30,0.054350,0.078217,0.000000,0.000000,0.000000,0.000356,0
20260804_163742_531,1,Unspecified,1906,2026-08-04T16:54:08.2333774+09:00,2026-08-04T16:54:08.7333774+09:00,985.701775,986.201775,30,30,0.056212,0.077882,0.000000,0.000000,0.000000,0.000317,0
20260804_163742_531,1,Unspecified,1907,2026-08-04T16:54:08.7333774+09:00,2026-08-04T16:54:09.2333774+09:00,986.201775,986.701775,30,30,0.056884,0.077767,0.000000,0.000000,0.000000,0.000178,0
20260804_163742_531,1,Unspecified,1908,2026-08-04T16:54:09.2333774+09:00,2026-08-04T16:54:09.7333774+09:00,986.701775,987.201775,30,30,0.056946,0.077685,0.000000,0.000000,0.000000,0.000256,0
20260804_163742_531,1,Unspecified,1909,2026-08-04T16:54:09.7333774+09:00,2026-08-04T16:54:10.2333774+09:00,987.201775,987.701775,30,30,0.057730,0.077470,0.000000,0.000000,0.000000,0.000235,0
20260804_163742_531,1,Unspecified,1910,2026-08-04T16:54:10.2333774+09:00,2026-08-04T16:54:10.7333774+09:00,987.701775,988.201775,30,30,0.058779,0.077233,0.000000,0.000000,0.000000,0.000253,0
20260804_163742_531,1,Unspecified,1911,2026-08-04T16:54:10.7333774+09:00,2026-08-04T16:54:11.2333774+09:00,988.201775,988.701775,30,30,0.059340,0.077159,0.000000,0.000000,0.000000,0.000461,0
20260804_163742_531,1,Unspecified,1912,2026-08-04T16:54:11.2333774+09:00,2026-08-04T16:54:11.7333774+09:00,988.701775,989.201775,30,30,0.061140,0.076846,0.000001,0.000000,0.000000,0.000897,0
20260804_163742_531,1,Unspecified,1913,2026-08-04T16:54:11.7333774+09:00,2026-08-04T16:54:12.2333774+09:00,989.201775,989.701775,30,30,0.063216,0.076442,0.000000,0.000000,0.000000,0.000332,0
20260804_163742_531,1,Unspecified,1914,2026-08-04T16:54:12.2333774+09:00,2026-08-04T16:54:12.7333774+09:00,989.701775,990.201775,30,30,0.064165,0.076257,0.000000,0.000000,0.000000,0.000444,0
20260804_163742_531,1,Unspecified,1915,2026-08-04T16:54:12.7333774+09:00,2026-08-04T16:54:13.2333774+09:00,990.201775,990.701775,30,30,0.065046,0.076141,0.000000,0.000000,0.000000,0.000464,0
20260804_163742_531,1,Unspecified,1916,2026-08-04T16:54:13.2333774+09:00,2026-08-04T16:54:13.7333774+09:00,990.701775,991.201775,30,30,0.065904,0.075956,0.000000,0.000000,0.000000,0.000157,0
20260804_163742_531,1,Unspecified,1917,2026-08-04T16:54:13.7333774+09:00,2026-08-04T16:54:14.2333774+09:00,991.201775,991.701775,30,30,0.067354,0.075605,0.000001,0.000000,0.000000,0.001030,0
20260804_163742_531,1,Unspecified,1918,2026-08-04T16:54:14.2333774+09:00,2026-08-04T16:54:14.7333774+09:00,991.701775,992.201775,30,30,0.070514,0.074661,0.000001,0.000000,0.000000,0.000804,0
20260804_163742_531,1,Unspecified,1919,2026-08-04T16:54:14.7333774+09:00,2026-08-04T16:54:15.2333774+09:00,992.201775,992.701775,30,30,0.073011,0.073834,0.000000,0.000000,0.000000,0.000737,0
20260804_163742_531,1,Unspecified,1920,2026-08-04T16:54:15.2333774+09:00,2026-08-04T16:54:15.7333774+09:00,992.701775,993.201775,30,30,0.073590,0.073600,0.000000,0.000000,0.000000,0.000153,0
20260804_163742_531,1,Unspecified,1921,2026-08-04T16:54:15.7333774+09:00,2026-08-04T16:54:16.2333774+09:00,993.201775,993.701775,30,30,0.073740,0.073563,0.000000,0.000000,0.000000,0.000214,0
20260804_163742_531,1,Unspecified,1922,2026-08-04T16:54:16.2333774+09:00,2026-08-04T16:54:16.7333774+09:00,993.701775,994.201775,30,30,0.073971,0.073522,0.000000,0.000000,0.000000,0.000330,0
20260804_163742_531,1,Unspecified,1923,2026-08-04T16:54:16.7333774+09:00,2026-08-04T16:54:17.2333774+09:00,994.201775,994.701775,30,30,0.071228,0.074566,0.000000,0.000000,0.000000,0.000696,0
20260804_163742_531,1,Unspecified,1924,2026-08-04T16:54:17.2333774+09:00,2026-08-04T16:54:17.7333774+09:00,994.701775,995.201775,30,30,0.071493,0.074519,0.000000,0.000000,0.000000,0.000306,0
20260804_163742_531,1,Unspecified,1925,2026-08-04T16:54:17.7333774+09:00,2026-08-04T16:54:18.2333774+09:00,995.201775,995.701775,30,30,0.072448,0.074204,0.000000,0.000000,0.000000,0.000175,0
20260804_163742_531,1,Unspecified,1926,2026-08-04T16:54:18.2333774+09:00,2026-08-04T16:54:18.7333774+09:00,995.701775,996.201775,30,30,0.072479,0.074173,0.000000,0.000000,0.000000,0.000333,0
20260804_163742_531,1,Unspecified,1927,2026-08-04T16:54:18.7333774+09:00,2026-08-04T16:54:19.2333774+09:00,996.201775,996.701775,30,30,0.073624,0.073827,0.000000,0.000000,0.000000,0.000700,0
20260804_163742_531,1,Unspecified,1928,2026-08-04T16:54:19.2333774+09:00,2026-08-04T16:54:19.7333774+09:00,996.701775,997.201775,30,30,0.075027,0.073321,0.000000,0.000000,0.000000,0.000357,0
20260804_163742_531,1,Unspecified,1929,2026-08-04T16:54:19.7333774+09:00,2026-08-04T16:54:20.2333774+09:00,997.201775,997.701775,30,30,0.075457,0.073203,0.000000,0.000000,0.000000,0.000160,0
20260804_163742_531,1,Unspecified,1930,2026-08-04T16:54:20.2333774+09:00,2026-08-04T16:54:20.7333774+09:00,997.701775,998.201775,30,30,0.075140,0.073314,0.000000,0.000000,0.000000,0.000274,0
20260804_163742_531,1,Unspecified,1931,2026-08-04T16:54:20.7333774+09:00,2026-08-04T16:54:21.2333774+09:00,998.201775,998.701775,30,30,0.076061,0.072982,0.000001,0.000000,0.000000,0.000797,0
20260804_163742_531,1,Unspecified,1932,2026-08-04T16:54:21.2333774+09:00,2026-08-04T16:54:21.7333774+09:00,998.701775,999.201775,30,30,0.077059,0.072605,0.000000,0.000000,0.000000,0.000430,0
20260804_163742_531,1,Unspecified,1933,2026-08-04T16:54:21.7333774+09:00,2026-08-04T16:54:22.2333774+09:00,999.201775,999.701775,30,30,0.078120,0.072246,0.000000,0.000000,0.000000,0.000343,0
20260804_163742_531,1,Unspecified,1934,2026-08-04T16:54:22.2333774+09:00,2026-08-04T16:54:22.7333774+09:00,999.701775,1000.201775,30,30,0.078307,0.072242,0.000000,0.000000,0.000000,0.000436,0
20260804_163742_531,1,Unspecified,1935,2026-08-04T16:54:22.7333774+09:00,2026-08-04T16:54:23.2333774+09:00,1000.201775,1000.701775,30,30,0.078349,0.072256,0.000000,0.000000,0.000000,0.000306,0
20260804_163742_531,1,Unspecified,1936,2026-08-04T16:54:23.2333774+09:00,2026-08-04T16:54:23.7333774+09:00,1000.701775,1001.201775,30,30,0.077993,0.072437,0.000000,0.000000,0.000000,0.000299,0
20260804_163742_531,1,Unspecified,1937,2026-08-04T16:54:23.7333774+09:00,2026-08-04T16:54:24.2333774+09:00,1001.201775,1001.701775,30,30,0.078138,0.072371,0.000000,0.000000,0.000000,0.000358,0
20260804_163742_531,1,Unspecified,1938,2026-08-04T16:54:24.2333774+09:00,2026-08-04T16:54:24.7333774+09:00,1001.701775,1002.201775,30,30,0.078450,0.072266,0.000000,0.000000,0.000000,0.000680,0
20260804_163742_531,1,Unspecified,1939,2026-08-04T16:54:24.7333774+09:00,2026-08-04T16:54:25.2333774+09:00,1002.201775,1002.701775,30,30,0.079054,0.072027,0.000000,0.000000,0.000000,0.000142,0
20260804_163742_531,1,Unspecified,1940,2026-08-04T16:54:25.2333774+09:00,2026-08-04T16:54:25.7333774+09:00,1002.701775,1003.201775,30,30,0.080118,0.071615,0.000000,0.000000,0.000000,0.000560,0
20260804_163742_531,1,Unspecified,1941,2026-08-04T16:54:25.7333774+09:00,2026-08-04T16:54:26.2333774+09:00,1003.201775,1003.701775,30,30,0.079339,0.071877,0.000000,0.000000,0.000000,0.000155,0
20260804_163742_531,1,Unspecified,1942,2026-08-04T16:54:26.2333774+09:00,2026-08-04T16:54:26.7333774+09:00,1003.701775,1004.201775,30,30,0.079768,0.071749,0.000000,0.000000,0.000000,0.000319,0
20260804_163742_531,1,Unspecified,1943,2026-08-04T16:54:26.7333774+09:00,2026-08-04T16:54:27.2333774+09:00,1004.201775,1004.701775,30,30,0.079752,0.071680,0.000000,0.000000,0.000000,0.000264,0
20260804_163742_531,1,Unspecified,1944,2026-08-04T16:54:27.2333774+09:00,2026-08-04T16:54:27.7333774+09:00,1004.701775,1005.201775,30,30,0.079292,0.071879,0.000000,0.000000,0.000000,0.000484,0
20260804_163742_531,1,Unspecified,1945,2026-08-04T16:54:27.7333774+09:00,2026-08-04T16:54:28.2333774+09:00,1005.201775,1005.701775,30,30,0.078460,0.072102,0.000000,0.000000,0.000000,0.000143,0
20260804_163742_531,1,Unspecified,1946,2026-08-04T16:54:28.2333774+09:00,2026-08-04T16:54:28.7333774+09:00,1005.701775,1006.201775,30,30,0.078935,0.071958,0.000000,0.000000,0.000000,0.000252,0
20260804_163742_531,1,Unspecified,1947,2026-08-04T16:54:28.7333774+09:00,2026-08-04T16:54:29.2333774+09:00,1006.201775,1006.701775,30,30,0.079199,0.071837,0.000000,0.000000,0.000000,0.000190,0
20260804_163742_531,1,Unspecified,1948,2026-08-04T16:54:29.2333774+09:00,2026-08-04T16:54:29.7333774+09:00,1006.701775,1007.201775,30,30,0.080036,0.071516,0.000000,0.000000,0.000000,0.000306,0
20260804_163742_531,1,Unspecified,1949,2026-08-04T16:54:29.7333774+09:00,2026-08-04T16:54:30.2333774+09:00,1007.201775,1007.701775,30,30,0.080446,0.071367,0.000000,0.000000,0.000000,0.000198,0
20260804_163742_531,1,Unspecified,1950,2026-08-04T16:54:30.2333774+09:00,2026-08-04T16:54:30.7333774+09:00,1007.701775,1008.201775,30,30,0.080793,0.071263,0.000000,0.000000,0.000000,0.000231,0
20260804_163742_531,1,Unspecified,1951,2026-08-04T16:54:30.7333774+09:00,2026-08-04T16:54:31.2333774+09:00,1008.201775,1008.701775,30,30,0.080414,0.071419,0.000000,0.000000,0.000000,0.000276,0
20260804_163742_531,1,Unspecified,1952,2026-08-04T16:54:31.2333774+09:00,2026-08-04T16:54:31.7333774+09:00,1008.701775,1009.201775,30,30,0.081205,0.071153,0.000000,0.000000,0.000000,0.000180,0
20260804_163742_531,1,Unspecified,1953,2026-08-04T16:54:31.7333774+09:00,2026-08-04T16:54:32.2333774+09:00,1009.201775,1009.701775,30,30,0.084698,0.069591,0.000002,0.000000,-0.000001,0.001348,0
20260804_163742_531,1,Unspecified,1954,2026-08-04T16:54:32.2333774+09:00,2026-08-04T16:54:32.7333774+09:00,1009.701775,1010.201775,30,30,0.086599,0.068704,0.000000,0.000000,0.000000,0.000281,0
20260804_163742_531,1,Unspecified,1955,2026-08-04T16:54:32.7333774+09:00,2026-08-04T16:54:33.2333774+09:00,1010.201775,1010.701775,30,30,0.086360,0.068758,0.000000,0.000000,0.000000,0.000329,0
20260804_163742_531,1,Unspecified,1956,2026-08-04T16:54:33.2333774+09:00,2026-08-04T16:54:33.7333774+09:00,1010.701775,1011.201775,30,30,0.086707,0.068640,0.000000,0.000000,0.000000,0.000221,0
20260804_163742_531,1,Unspecified,1957,2026-08-04T16:54:33.7333774+09:00,2026-08-04T16:54:34.2333774+09:00,1011.201775,1011.701775,30,30,0.086203,0.068881,0.000000,0.000000,0.000000,0.000246,0
20260804_163742_531,1,Unspecified,1958,2026-08-04T16:54:34.2333774+09:00,2026-08-04T16:54:34.7333774+09:00,1011.701775,1012.201775,30,30,0.085745,0.069080,0.000000,0.000000,0.000000,0.000210,0
20260804_163742_531,1,Unspecified,1959,2026-08-04T16:54:34.7333774+09:00,2026-08-04T16:54:35.2333774+09:00,1012.201775,1012.701775,30,30,0.085648,0.069146,0.000000,0.000000,0.000000,0.000351,0
20260804_163742_531,1,Unspecified,1960,2026-08-04T16:54:35.2333774+09:00,2026-08-04T16:54:35.7333774+09:00,1012.701775,1013.201775,30,30,0.086567,0.068710,0.000000,0.000000,0.000000,0.000299,0
20260804_163742_531,1,Unspecified,1961,2026-08-04T16:54:35.7333774+09:00,2026-08-04T16:54:36.2333774+09:00,1013.201775,1013.701775,30,30,0.086843,0.068606,0.000000,0.000000,0.000000,0.000321,0
20260804_163742_531,1,Unspecified,1962,2026-08-04T16:54:36.2333774+09:00,2026-08-04T16:54:36.7333774+09:00,1013.701775,1014.201775,30,30,0.087068,0.068485,0.000000,0.000000,0.000000,0.000163,0
20260804_163742_531,1,Unspecified,1963,2026-08-04T16:54:36.7333774+09:00,2026-08-04T16:54:37.2333774+09:00,1014.201775,1014.701775,30,30,0.087213,0.068442,0.000000,0.000000,0.000000,0.000277,0
20260804_163742_531,1,Unspecified,1964,2026-08-04T16:54:37.2333774+09:00,2026-08-04T16:54:37.7333774+09:00,1014.701775,1015.201775,30,30,0.087238,0.068416,0.000000,0.000000,0.000000,0.000150,0
20260804_163742_531,1,Unspecified,1965,2026-08-04T16:54:37.7333774+09:00,2026-08-04T16:54:38.2333774+09:00,1015.201775,1015.701775,30,30,0.087547,0.068310,0.000000,0.000000,0.000000,0.000371,0
20260804_163742_531,1,Unspecified,1966,2026-08-04T16:54:38.2333774+09:00,2026-08-04T16:54:38.7333774+09:00,1015.701775,1016.201775,30,30,0.087666,0.068239,0.000000,0.000000,0.000000,0.000238,0
20260804_163742_531,1,Unspecified,1967,2026-08-04T16:54:38.7333774+09:00,2026-08-04T16:54:39.2333774+09:00,1016.201775,1016.701775,30,30,0.088307,0.067953,0.000000,0.000000,0.000000,0.000288,0
20260804_163742_531,1,Unspecified,1968,2026-08-04T16:54:39.2333774+09:00,2026-08-04T16:54:39.7333774+09:00,1016.701775,1017.201775,30,30,0.088258,0.067970,0.000000,0.000000,0.000000,0.000273,0
20260804_163742_531,1,Unspecified,1969,2026-08-04T16:54:39.7333774+09:00,2026-08-04T16:54:40.2333774+09:00,1017.201775,1017.701775,30,30,0.088563,0.067850,0.000000,0.000000,0.000000,0.000213,0
20260804_163742_531,1,Unspecified,1970,2026-08-04T16:54:40.2333774+09:00,2026-08-04T16:54:40.7333774+09:00,1017.701775,1018.201775,30,30,0.087790,0.068196,0.000000,0.000000,0.000000,0.000450,0
20260804_163742_531,1,Unspecified,1971,2026-08-04T16:54:40.7333774+09:00,2026-08-04T16:54:41.2333774+09:00,1018.201775,1018.701775,30,30,0.086607,0.068811,0.000000,0.000000,0.000000,0.000555,0
20260804_163742_531,1,Unspecified,1972,2026-08-04T16:54:41.2333774+09:00,2026-08-04T16:54:41.7333774+09:00,1018.701775,1019.201775,30,30,0.085042,0.069453,0.000000,0.000000,0.000000,0.000272,0
20260804_163742_531,1,Unspecified,1973,2026-08-04T16:54:41.7333774+09:00,2026-08-04T16:54:42.2333774+09:00,1019.201775,1019.701775,30,30,0.086008,0.069029,0.000000,0.000000,0.000000,0.000607,0
20260804_163742_531,1,Unspecified,1974,2026-08-04T16:54:42.2333774+09:00,2026-08-04T16:54:42.7333774+09:00,1019.701775,1020.201775,30,30,0.086712,0.068696,0.000000,0.000000,0.000000,0.000201,0
20260804_163742_531,1,Unspecified,1975,2026-08-04T16:54:42.7333774+09:00,2026-08-04T16:54:43.2333774+09:00,1020.201775,1020.701775,30,30,0.088653,0.067864,0.000001,0.000000,0.000000,0.001028,0
20260804_163742_531,1,Unspecified,1976,2026-08-04T16:54:43.2333774+09:00,2026-08-04T16:54:43.7333774+09:00,1020.701775,1021.201775,30,30,0.081578,0.070715,0.000035,0.000005,-0.000013,0.006368,0
20260804_163742_531,1,Unspecified,1977,2026-08-04T16:54:43.7333774+09:00,2026-08-04T16:54:44.2333774+09:00,1021.201775,1021.701775,30,30,0.037425,0.074151,0.000430,0.000010,0.000061,0.020978,0
20260804_163742_531,1,Unspecified,1978,2026-08-04T16:54:44.2333774+09:00,2026-08-04T16:54:44.7333774+09:00,1021.701775,1022.201775,30,30,-0.027749,0.045726,0.000277,0.000213,0.000240,0.022147,0
20260804_163742_531,1,Unspecified,1979,2026-08-04T16:54:44.7333774+09:00,2026-08-04T16:54:45.2333774+09:00,1022.201775,1022.701775,30,30,-0.055491,0.010299,0.000001,0.000010,0.000002,0.003215,0
20260804_163742_531,1,Unspecified,1980,2026-08-04T16:54:45.2333774+09:00,2026-08-04T16:54:45.7333774+09:00,1022.701775,1023.201775,30,30,-0.057972,0.005495,0.000002,0.000003,0.000002,0.002165,0
20260804_163742_531,1,Unspecified,1981,2026-08-04T16:54:45.7333774+09:00,2026-08-04T16:54:46.2333774+09:00,1023.201775,1023.701775,30,30,-0.060380,0.005846,0.000000,0.000006,0.000000,0.002528,0
20260804_163742_531,1,Unspecified,1982,2026-08-04T16:54:46.2333774+09:00,2026-08-04T16:54:46.7333774+09:00,1023.701775,1024.201775,30,30,-0.061909,0.014564,0.000000,0.000002,-0.000001,0.001484,0
20260804_163742_531,1,Unspecified,1983,2026-08-04T16:54:46.7333774+09:00,2026-08-04T16:54:47.2333774+09:00,1024.201775,1024.701775,30,30,-0.063786,0.012492,0.000000,0.000001,0.000001,0.001245,0
20260804_163742_531,1,Unspecified,1984,2026-08-04T16:54:47.2333774+09:00,2026-08-04T16:54:47.7333774+09:00,1024.701775,1025.201775,30,30,-0.063866,0.011743,0.000000,0.000000,0.000000,0.000442,0
20260804_163742_531,1,Unspecified,1985,2026-08-04T16:54:47.7333774+09:00,2026-08-04T16:54:48.2333774+09:00,1025.201775,1025.701775,30,30,-0.063020,0.012030,0.000000,0.000000,0.000000,0.000611,0
20260804_163742_531,1,Unspecified,1986,2026-08-04T16:54:48.2333774+09:00,2026-08-04T16:54:48.7333774+09:00,1025.701775,1026.201775,30,30,-0.062981,0.010429,0.000000,0.000000,0.000000,0.000594,0
20260804_163742_531,1,Unspecified,1987,2026-08-04T16:54:48.7333774+09:00,2026-08-04T16:54:49.2333774+09:00,1026.201775,1026.701775,30,30,-0.064502,0.009594,0.000000,0.000000,0.000000,0.000603,0
20260804_163742_531,1,Unspecified,1988,2026-08-04T16:54:49.2333774+09:00,2026-08-04T16:54:49.7333774+09:00,1026.701775,1027.201775,30,30,-0.065584,0.008793,0.000000,0.000000,0.000000,0.000358,0
20260804_163742_531,1,Unspecified,1989,2026-08-04T16:54:49.7333774+09:00,2026-08-04T16:54:50.2333774+09:00,1027.201775,1027.701775,30,30,-0.065943,0.008754,0.000000,0.000000,0.000000,0.000396,0
20260804_163742_531,1,Unspecified,1990,2026-08-04T16:54:50.2333774+09:00,2026-08-04T16:54:50.7333774+09:00,1027.701775,1028.201775,30,30,-0.065887,0.008476,0.000000,0.000000,0.000000,0.000411,0
20260804_163742_531,1,Unspecified,1991,2026-08-04T16:54:50.7333774+09:00,2026-08-04T16:54:51.2333774+09:00,1028.201775,1028.701775,30,30,-0.066310,0.007567,0.000000,0.000000,0.000000,0.000268,0
20260804_163742_531,1,Unspecified,1992,2026-08-04T16:54:51.2333774+09:00,2026-08-04T16:54:51.7333774+09:00,1028.701775,1029.201775,30,30,-0.066823,0.006885,0.000000,0.000000,0.000000,0.000318,0
20260804_163742_531,1,Unspecified,1993,2026-08-04T16:54:51.7333774+09:00,2026-08-04T16:54:52.2333774+09:00,1029.201775,1029.701775,30,30,-0.067041,0.007178,0.000000,0.000000,0.000000,0.000217,0
20260804_163742_531,1,Unspecified,1994,2026-08-04T16:54:52.2333774+09:00,2026-08-04T16:54:52.7333774+09:00,1029.701775,1030.201775,30,30,-0.067504,0.007092,0.000000,0.000000,0.000000,0.000305,0
20260804_163742_531,1,Unspecified,1995,2026-08-04T16:54:52.7333774+09:00,2026-08-04T16:54:53.2333774+09:00,1030.201775,1030.701775,30,30,-0.067719,0.007518,0.000000,0.000000,0.000000,0.000286,0
20260804_163742_531,1,Unspecified,1996,2026-08-04T16:54:53.2333774+09:00,2026-08-04T16:54:53.7333774+09:00,1030.701775,1031.201775,30,30,-0.068204,0.007033,0.000000,0.000000,0.000000,0.000257,0
20260804_163742_531,1,Unspecified,1997,2026-08-04T16:54:53.7333774+09:00,2026-08-04T16:54:54.2333774+09:00,1031.201775,1031.701775,30,30,-0.068037,0.007645,0.000000,0.000000,0.000000,0.000287,0
20260804_163742_531,1,Unspecified,1998,2026-08-04T16:54:54.2333774+09:00,2026-08-04T16:54:54.7333774+09:00,1031.701775,1032.201775,30,30,-0.068082,0.007575,0.000000,0.000000,0.000000,0.000310,0
20260804_163742_531,1,Unspecified,1999,2026-08-04T16:54:54.7333774+09:00,2026-08-04T16:54:55.2333774+09:00,1032.201775,1032.701775,30,30,-0.068083,0.007978,0.000000,0.000000,0.000000,0.000159,0
20260804_163742_531,1,Unspecified,2000,2026-08-04T16:54:55.2333774+09:00,2026-08-04T16:54:55.7333774+09:00,1032.701775,1033.201775,30,30,-0.068182,0.008231,0.000000,0.000000,0.000000,0.000255,0
20260804_163742_531,1,Unspecified,2001,2026-08-04T16:54:55.7333774+09:00,2026-08-04T16:54:56.2333774+09:00,1033.201775,1033.701775,30,30,-0.067733,0.008886,0.000000,0.000000,0.000000,0.000436,0
20260804_163742_531,1,Unspecified,2002,2026-08-04T16:54:56.2333774+09:00,2026-08-04T16:54:56.7333774+09:00,1033.701775,1034.201775,30,30,-0.067628,0.009171,0.000000,0.000000,0.000000,0.000383,0
20260804_163742_531,1,Unspecified,2003,2026-08-04T16:54:56.7333774+09:00,2026-08-04T16:54:57.2333774+09:00,1034.201775,1034.701775,30,30,-0.067697,0.009550,0.000000,0.000000,0.000000,0.000259,0
20260804_163742_531,1,Unspecified,2004,2026-08-04T16:54:57.2333774+09:00,2026-08-04T16:54:57.7333774+09:00,1034.701775,1035.201775,30,30,-0.066086,0.011025,0.000001,0.000001,0.000001,0.001304,0
20260804_163742_531,1,Unspecified,2005,2026-08-04T16:54:57.7333774+09:00,2026-08-04T16:54:58.2333774+09:00,1035.201775,1035.701775,30,30,-0.064884,0.011609,0.000000,0.000000,0.000000,0.000349,0
20260804_163742_531,1,Unspecified,2006,2026-08-04T16:54:58.2333774+09:00,2026-08-04T16:54:58.7333774+09:00,1035.701775,1036.201775,30,30,-0.064368,0.011771,0.000000,0.000000,0.000000,0.000199,0
20260804_163742_531,1,Unspecified,2007,2026-08-04T16:54:58.7333774+09:00,2026-08-04T16:54:59.2333774+09:00,1036.201775,1036.701775,30,30,-0.064571,0.012183,0.000000,0.000000,0.000000,0.000339,0
20260804_163742_531,1,Unspecified,2008,2026-08-04T16:54:59.2333774+09:00,2026-08-04T16:54:59.7333774+09:00,1036.701775,1037.201775,30,30,-0.064908,0.012630,0.000000,0.000000,0.000000,0.000144,0
20260804_163742_531,1,Unspecified,2009,2026-08-04T16:54:59.7333774+09:00,2026-08-04T16:55:00.2333774+09:00,1037.201775,1037.701775,30,30,-0.065012,0.012329,0.000000,0.000000,0.000000,0.000256,0
20260804_163742_531,1,Unspecified,2010,2026-08-04T16:55:00.2333774+09:00,2026-08-04T16:55:00.7333774+09:00,1037.701775,1038.201775,30,30,-0.064950,0.012206,0.000000,0.000000,0.000000,0.000140,0
20260804_163742_531,1,Unspecified,2011,2026-08-04T16:55:00.7333774+09:00,2026-08-04T16:55:01.2333774+09:00,1038.201775,1038.701775,30,30,-0.064979,0.012491,0.000000,0.000000,0.000000,0.000293,0
20260804_163742_531,1,Unspecified,2012,2026-08-04T16:55:01.2333774+09:00,2026-08-04T16:55:01.7333774+09:00,1038.701775,1039.201775,30,30,-0.065026,0.013119,0.000000,0.000000,0.000000,0.000350,0
20260804_163742_531,1,Unspecified,2013,2026-08-04T16:55:01.7333774+09:00,2026-08-04T16:55:02.2333774+09:00,1039.201775,1039.701775,30,30,-0.064702,0.013612,0.000000,0.000000,0.000000,0.000525,0
20260804_163742_531,1,Unspecified,2014,2026-08-04T16:55:02.2333774+09:00,2026-08-04T16:55:02.7333774+09:00,1039.701775,1040.201775,30,30,-0.061449,0.016431,0.000003,0.000003,0.000003,0.002539,0
20260804_163742_531,1,Unspecified,2015,2026-08-04T16:55:02.7333774+09:00,2026-08-04T16:55:03.2333774+09:00,1040.201775,1040.701775,30,30,-0.051697,0.031929,0.000012,0.000053,0.000025,0.008071,0
20260804_163742_531,1,Unspecified,2016,2026-08-04T16:55:03.2333774+09:00,2026-08-04T16:55:03.7333774+09:00,1040.701775,1041.201775,30,30,-0.043346,0.047452,0.000004,0.000002,0.000002,0.002315,0
20260804_163742_531,1,Unspecified,2017,2026-08-04T16:55:03.7333774+09:00,2026-08-04T16:55:04.2333774+09:00,1041.201775,1041.701775,30,30,-0.038481,0.049328,0.000003,0.000000,0.000000,0.001592,0
20260804_163742_531,1,Unspecified,2018,2026-08-04T16:55:04.2333774+09:00,2026-08-04T16:55:04.7333774+09:00,1041.701775,1042.201775,30,30,-0.032111,0.049004,0.000003,0.000001,-0.000001,0.001931,0
20260804_163742_531,1,Unspecified,2019,2026-08-04T16:55:04.7333774+09:00,2026-08-04T16:55:05.2333774+09:00,1042.201775,1042.701775,30,30,-0.024564,0.045246,0.000006,0.000001,-0.000002,0.002623,0
20260804_163742_531,1,Unspecified,2020,2026-08-04T16:55:05.2333774+09:00,2026-08-04T16:55:05.7333774+09:00,1042.701775,1043.201775,30,30,-0.027314,0.036621,0.000038,0.000041,0.000039,0.008888,0
20260804_163742_531,1,Unspecified,2021,2026-08-04T16:55:05.7333774+09:00,2026-08-04T16:55:06.2333774+09:00,1043.201775,1043.701775,30,30,-0.043231,0.021355,0.000001,0.000001,0.000001,0.001484,0
20260804_163742_531,1,Unspecified,2022,2026-08-04T16:55:06.2333774+09:00,2026-08-04T16:55:06.7333774+09:00,1043.701775,1044.201775,30,30,-0.041953,0.020520,0.000001,0.000000,0.000000,0.001039,0
20260804_163742_531,1,Unspecified,2023,2026-08-04T16:55:06.7333774+09:00,2026-08-04T16:55:07.2333774+09:00,1044.201775,1044.701775,30,30,-0.043441,0.021212,0.000000,0.000000,0.000000,0.000462,0
20260804_163742_531,1,Unspecified,2024,2026-08-04T16:55:07.2333774+09:00,2026-08-04T16:55:07.7333774+09:00,1044.701775,1045.201775,30,30,-0.043774,0.021861,0.000000,0.000000,0.000000,0.000534,0
20260804_163742_531,1,Unspecified,2025,2026-08-04T16:55:07.7333774+09:00,2026-08-04T16:55:08.2333774+09:00,1045.201775,1045.701775,30,30,-0.044461,0.021799,0.000000,0.000000,0.000000,0.000226,0
20260804_163742_531,1,Unspecified,2026,2026-08-04T16:55:08.2333774+09:00,2026-08-04T16:55:08.7333774+09:00,1045.701775,1046.201775,30,30,-0.044805,0.021102,0.000000,0.000000,0.000000,0.000294,0
20260804_163742_531,1,Unspecified,2027,2026-08-04T16:55:08.7333774+09:00,2026-08-04T16:55:09.2333774+09:00,1046.201775,1046.701775,30,30,-0.045375,0.021354,0.000000,0.000000,0.000000,0.000322,0
20260804_163742_531,1,Unspecified,2028,2026-08-04T16:55:09.2333774+09:00,2026-08-04T16:55:09.7333774+09:00,1046.701775,1047.201775,30,30,-0.045360,0.022196,0.000000,0.000000,0.000000,0.000322,0
20260804_163742_531,1,Unspecified,2029,2026-08-04T16:55:09.7333774+09:00,2026-08-04T16:55:10.2333774+09:00,1047.201775,1047.701775,30,30,-0.045365,0.021460,0.000000,0.000000,0.000000,0.000415,0
20260804_163742_531,1,Unspecified,2030,2026-08-04T16:55:10.2333774+09:00,2026-08-04T16:55:10.7333774+09:00,1047.701775,1048.201775,30,30,-0.045683,0.021414,0.000000,0.000000,0.000000,0.000204,0
20260804_163742_531,1,Unspecified,2031,2026-08-04T16:55:10.7333774+09:00,2026-08-04T16:55:11.2333774+09:00,1048.201775,1048.701775,30,30,-0.045936,0.021226,0.000000,0.000000,0.000000,0.000174,0
20260804_163742_531,1,Unspecified,2032,2026-08-04T16:55:11.2333774+09:00,2026-08-04T16:55:11.7333774+09:00,1048.701775,1049.201775,30,30,-0.045483,0.021564,0.000000,0.000000,0.000000,0.000488,0
20260804_163742_531,1,Unspecified,2033,2026-08-04T16:55:11.7333774+09:00,2026-08-04T16:55:12.2333774+09:00,1049.201775,1049.701775,30,30,-0.045036,0.021620,0.000000,0.000000,0.000000,0.000248,0
20260804_163742_531,1,Unspecified,2034,2026-08-04T16:55:12.2333774+09:00,2026-08-04T16:55:12.7333774+09:00,1049.701775,1050.201775,30,30,-0.044927,0.021815,0.000000,0.000000,0.000000,0.000207,0
20260804_163742_531,1,Unspecified,2035,2026-08-04T16:55:12.7333774+09:00,2026-08-04T16:55:13.2333774+09:00,1050.201775,1050.701775,30,30,-0.044422,0.021931,0.000000,0.000000,0.000000,0.000178,0
20260804_163742_531,1,Unspecified,2036,2026-08-04T16:55:13.2333774+09:00,2026-08-04T16:55:13.7333774+09:00,1050.701775,1051.201775,30,30,-0.044713,0.021504,0.000000,0.000000,0.000000,0.000203,0
20260804_163742_531,1,Unspecified,2037,2026-08-04T16:55:13.7333774+09:00,2026-08-04T16:55:14.2333774+09:00,1051.201775,1051.701775,30,30,-0.045667,0.020999,0.000000,0.000000,0.000000,0.000724,0
20260804_163742_531,1,Unspecified,2038,2026-08-04T16:55:14.2333774+09:00,2026-08-04T16:55:14.7333774+09:00,1051.701775,1052.201775,30,30,-0.046729,0.020312,0.000000,0.000000,0.000000,0.000089,0
20260804_163742_531,1,Unspecified,2039,2026-08-04T16:55:14.7333774+09:00,2026-08-04T16:55:15.2333774+09:00,1052.201775,1052.701775,30,30,-0.046947,0.020369,0.000000,0.000000,0.000000,0.000201,0
20260804_163742_531,1,Unspecified,2040,2026-08-04T16:55:15.2333774+09:00,2026-08-04T16:55:15.7333774+09:00,1052.701775,1053.201775,30,30,-0.047014,0.020499,0.000000,0.000000,0.000000,0.000191,0
20260804_163742_531,1,Unspecified,2041,2026-08-04T16:55:15.7333774+09:00,2026-08-04T16:55:16.2333774+09:00,1053.201775,1053.701775,30,30,-0.046815,0.020581,0.000000,0.000000,0.000000,0.000157,0
20260804_163742_531,1,Unspecified,2042,2026-08-04T16:55:16.2333774+09:00,2026-08-04T16:55:16.7333774+09:00,1053.701775,1054.201775,30,30,-0.046484,0.020612,0.000000,0.000000,0.000000,0.000167,0
20260804_163742_531,1,Unspecified,2043,2026-08-04T16:55:16.7333774+09:00,2026-08-04T16:55:17.2333774+09:00,1054.201775,1054.701775,30,30,-0.046425,0.020743,0.000000,0.000000,0.000000,0.000166,0
20260804_163742_531,1,Unspecified,2044,2026-08-04T16:55:17.2333774+09:00,2026-08-04T16:55:17.7333774+09:00,1054.701775,1055.201775,30,30,-0.047199,0.020678,0.000000,0.000000,0.000000,0.000257,0
20260804_163742_531,1,Unspecified,2045,2026-08-04T16:55:17.7333774+09:00,2026-08-04T16:55:18.2333774+09:00,1055.201775,1055.701775,30,30,-0.047533,0.020875,0.000000,0.000000,0.000000,0.000176,0
20260804_163742_531,1,Unspecified,2046,2026-08-04T16:55:18.2333774+09:00,2026-08-04T16:55:18.7333774+09:00,1055.701775,1056.201775,30,30,-0.047580,0.020815,0.000000,0.000000,0.000000,0.000179,0
20260804_163742_531,1,Unspecified,2047,2026-08-04T16:55:18.7333774+09:00,2026-08-04T16:55:19.2333774+09:00,1056.201775,1056.701775,30,30,-0.047634,0.020901,0.000000,0.000000,0.000000,0.000157,0
20260804_163742_531,1,Unspecified,2048,2026-08-04T16:55:19.2333774+09:00,2026-08-04T16:55:19.7333774+09:00,1056.701775,1057.201775,30,30,-0.047818,0.020633,0.000000,0.000000,0.000000,0.000316,0
20260804_163742_531,1,Unspecified,2049,2026-08-04T16:55:19.7333774+09:00,2026-08-04T16:55:20.2333774+09:00,1057.201775,1057.701775,30,30,-0.047560,0.020581,0.000000,0.000000,0.000000,0.000178,0
20260804_163742_531,1,Unspecified,2050,2026-08-04T16:55:20.2333774+09:00,2026-08-04T16:55:20.7333774+09:00,1057.701775,1058.201775,30,30,-0.047429,0.020530,0.000000,0.000000,0.000000,0.000237,0
20260804_163742_531,1,Unspecified,2051,2026-08-04T16:55:20.7333774+09:00,2026-08-04T16:55:21.2333774+09:00,1058.201775,1058.701775,30,30,-0.047796,0.020647,0.000000,0.000000,0.000000,0.000126,0
20260804_163742_531,1,Unspecified,2052,2026-08-04T16:55:21.2333774+09:00,2026-08-04T16:55:21.7333774+09:00,1058.701775,1059.201775,30,30,-0.048364,0.020478,0.000000,0.000000,0.000000,0.000126,0
20260804_163742_531,1,Unspecified,2053,2026-08-04T16:55:21.7333774+09:00,2026-08-04T16:55:22.2333774+09:00,1059.201775,1059.701775,30,30,-0.048349,0.020354,0.000000,0.000000,0.000000,0.000167,0
20260804_163742_531,1,Unspecified,2054,2026-08-04T16:55:22.2333774+09:00,2026-08-04T16:55:22.7333774+09:00,1059.701775,1060.201775,30,30,-0.048297,0.020435,0.000000,0.000000,0.000000,0.000136,0
20260804_163742_531,1,Unspecified,2055,2026-08-04T16:55:22.7333774+09:00,2026-08-04T16:55:23.2333774+09:00,1060.201775,1060.701775,30,30,-0.047913,0.020788,0.000000,0.000000,0.000000,0.000342,0
20260804_163742_531,1,Unspecified,2056,2026-08-04T16:55:23.2333774+09:00,2026-08-04T16:55:23.7333774+09:00,1060.701775,1061.201775,30,30,-0.047593,0.021924,0.000000,0.000000,0.000000,0.000307,0
20260804_163742_531,1,Unspecified,2057,2026-08-04T16:55:23.7333774+09:00,2026-08-04T16:55:24.2333774+09:00,1061.201775,1061.701775,30,30,-0.047648,0.023969,0.000000,0.000000,0.000000,0.000637,0
20260804_163742_531,1,Unspecified,2058,2026-08-04T16:55:24.2333774+09:00,2026-08-04T16:55:24.7333774+09:00,1061.701775,1062.201775,30,30,-0.047844,0.024147,0.000000,0.000000,0.000000,0.000147,0
20260804_163742_531,1,Unspecified,2059,2026-08-04T16:55:24.7333774+09:00,2026-08-04T16:55:25.2333774+09:00,1062.201775,1062.701775,30,30,-0.048032,0.024191,0.000000,0.000000,0.000000,0.000126,0
20260804_163742_531,1,Unspecified,2060,2026-08-04T16:55:25.2333774+09:00,2026-08-04T16:55:25.7333774+09:00,1062.701775,1063.201775,30,30,-0.046034,0.024546,0.000004,0.000000,0.000001,0.001985,0
20260804_163742_531,1,Unspecified,2061,2026-08-04T16:55:25.7333774+09:00,2026-08-04T16:55:26.2333774+09:00,1063.201775,1063.701775,30,30,-0.042567,0.024673,0.000000,0.000000,0.000000,0.000350,0
20260804_163742_531,1,Unspecified,2062,2026-08-04T16:55:26.2333774+09:00,2026-08-04T16:55:26.7333774+09:00,1063.701775,1064.201775,30,30,-0.041851,0.025036,0.000000,0.000000,0.000000,0.000306,0
20260804_163742_531,1,Unspecified,2063,2026-08-04T16:55:26.7333774+09:00,2026-08-04T16:55:27.2333774+09:00,1064.201775,1064.701775,30,30,-0.044617,0.025167,0.000004,0.000000,0.000000,0.001977,0
20260804_163742_531,1,Unspecified,2064,2026-08-04T16:55:27.2333774+09:00,2026-08-04T16:55:27.7333774+09:00,1064.701775,1065.201775,30,30,-0.046524,0.025853,0.000000,0.000000,0.000000,0.000218,0
20260804_163742_531,1,Unspecified,2065,2026-08-04T16:55:27.7333774+09:00,2026-08-04T16:55:28.2333774+09:00,1065.201775,1065.701775,30,30,-0.045476,0.025657,0.000001,0.000000,0.000000,0.000773,0
20260804_163742_531,1,Unspecified,2066,2026-08-04T16:55:28.2333774+09:00,2026-08-04T16:55:28.7333774+09:00,1065.701775,1066.201775,30,30,-0.045836,0.025860,0.000000,0.000000,0.000000,0.000543,0
20260804_163742_531,1,Unspecified,2067,2026-08-04T16:55:28.7333774+09:00,2026-08-04T16:55:29.2333774+09:00,1066.201775,1066.701775,30,30,-0.046838,0.025531,0.000000,0.000000,0.000000,0.000246,0
20260804_163742_531,1,Unspecified,2068,2026-08-04T16:55:29.2333774+09:00,2026-08-04T16:55:29.7333774+09:00,1066.701775,1067.201775,30,30,-0.047148,0.025569,0.000000,0.000000,0.000000,0.000525,0
20260804_163742_531,1,Unspecified,2069,2026-08-04T16:55:29.7333774+09:00,2026-08-04T16:55:30.2333774+09:00,1067.201775,1067.701775,30,30,-0.047964,0.024899,0.000000,0.000000,0.000000,0.000282,0
20260804_163742_531,1,Unspecified,2070,2026-08-04T16:55:30.2333774+09:00,2026-08-04T16:55:30.7333774+09:00,1067.701775,1068.201775,30,30,-0.048095,0.024429,0.000000,0.000000,0.000000,0.000400,0
20260804_163742_531,1,Unspecified,2071,2026-08-04T16:55:30.7333774+09:00,2026-08-04T16:55:31.2333774+09:00,1068.201775,1068.701775,30,30,-0.049000,0.023609,0.000000,0.000000,0.000000,0.000257,0
20260804_163742_531,1,Unspecified,2072,2026-08-04T16:55:31.2333774+09:00,2026-08-04T16:55:31.7333774+09:00,1068.701775,1069.201775,30,30,-0.049180,0.023665,0.000000,0.000000,0.000000,0.000172,0
20260804_163742_531,1,Unspecified,2073,2026-08-04T16:55:31.7333774+09:00,2026-08-04T16:55:32.2333774+09:00,1069.201775,1069.701775,30,30,-0.049105,0.023714,0.000000,0.000000,0.000000,0.000215,0
20260804_163742_531,1,Unspecified,2074,2026-08-04T16:55:32.2333774+09:00,2026-08-04T16:55:32.7333774+09:00,1069.701775,1070.201775,30,30,-0.048238,0.023318,0.000000,0.000000,0.000000,0.000271,0
20260804_163742_531,1,Unspecified,2075,2026-08-04T16:55:32.7333774+09:00,2026-08-04T16:55:33.2333774+09:00,1070.201775,1070.701775,30,30,-0.048410,0.023403,0.000000,0.000000,0.000000,0.000187,0
20260804_163742_531,1,Unspecified,2076,2026-08-04T16:55:33.2333774+09:00,2026-08-04T16:55:33.7333774+09:00,1070.701775,1071.201775,30,30,-0.048410,0.023071,0.000000,0.000000,0.000000,0.000404,0
20260804_163742_531,1,Unspecified,2077,2026-08-04T16:55:33.7333774+09:00,2026-08-04T16:55:34.2333774+09:00,1071.201775,1071.701775,30,30,-0.048819,0.021916,0.000000,0.000000,0.000000,0.000364,0
20260804_163742_531,1,Unspecified,2078,2026-08-04T16:55:34.2333774+09:00,2026-08-04T16:55:34.7333774+09:00,1071.701775,1072.201775,30,30,-0.048811,0.021542,0.000000,0.000000,0.000000,0.000263,0
20260804_163742_531,1,Unspecified,2079,2026-08-04T16:55:34.7333774+09:00,2026-08-04T16:55:35.2333774+09:00,1072.201775,1072.701775,30,30,-0.048894,0.022064,0.000000,0.000000,0.000000,0.000164,0
20260804_163742_531,1,Unspecified,2080,2026-08-04T16:55:35.2333774+09:00,2026-08-04T16:55:35.7333774+09:00,1072.701775,1073.201775,30,30,-0.047850,0.023825,0.000001,0.000002,0.000001,0.001719,0
20260804_163742_531,1,Unspecified,2081,2026-08-04T16:55:35.7333774+09:00,2026-08-04T16:55:36.2333774+09:00,1073.201775,1073.701775,30,30,-0.042919,0.038098,0.000009,0.000067,0.000023,0.008683,0
20260804_163742_531,1,Unspecified,2082,2026-08-04T16:55:36.2333774+09:00,2026-08-04T16:55:36.7333774+09:00,1073.701775,1074.201775,30,30,-0.037739,0.052902,0.000002,0.000000,0.000000,0.001406,0
20260804_163742_531,1,Unspecified,2083,2026-08-04T16:55:36.7333774+09:00,2026-08-04T16:55:37.2333774+09:00,1074.201775,1074.701775,30,30,-0.039168,0.053929,0.000001,0.000001,0.000001,0.001376,0
20260804_163742_531,1,Unspecified,2084,2026-08-04T16:55:37.2333774+09:00,2026-08-04T16:55:37.7333774+09:00,1074.701775,1075.201775,30,30,-0.035290,0.057761,0.000001,0.000002,0.000000,0.001648,0
20260804_163742_531,1,Unspecified,2085,2026-08-04T16:55:37.7333774+09:00,2026-08-04T16:55:38.2333774+09:00,1075.201775,1075.701775,30,30,-0.036766,0.059297,0.000000,0.000001,0.000000,0.001041,0
20260804_163742_531,1,Unspecified,2086,2026-08-04T16:55:38.2333774+09:00,2026-08-04T16:55:38.7333774+09:00,1075.701775,1076.201775,30,30,-0.033940,0.058612,0.000001,0.000000,0.000000,0.001028,0
20260804_163742_531,1,Unspecified,2087,2026-08-04T16:55:38.7333774+09:00,2026-08-04T16:55:39.2333774+09:00,1076.201775,1076.701775,30,30,-0.035323,0.060198,0.000001,0.000000,0.000000,0.001195,0
20260804_163742_531,1,Unspecified,2088,2026-08-04T16:55:39.2333774+09:00,2026-08-04T16:55:39.7333774+09:00,1076.701775,1077.201775,30,30,-0.034463,0.061936,0.000001,0.000001,0.000001,0.001128,0
20260804_163742_531,1,Unspecified,2089,2026-08-04T16:55:39.7333774+09:00,2026-08-04T16:55:40.2333774+09:00,1077.201775,1077.701775,30,30,-0.030220,0.064752,0.000001,0.000000,0.000000,0.001052,0
20260804_163742_531,1,Unspecified,2090,2026-08-04T16:55:40.2333774+09:00,2026-08-04T16:55:40.7333774+09:00,1077.701775,1078.201775,30,30,-0.028903,0.065089,0.000000,0.000000,0.000000,0.000190,0
20260804_163742_531,1,Unspecified,2091,2026-08-04T16:55:40.7333774+09:00,2026-08-04T16:55:41.2333774+09:00,1078.201775,1078.701775,30,30,-0.028335,0.065284,0.000001,0.000000,0.000000,0.000867,0
20260804_163742_531,1,Unspecified,2092,2026-08-04T16:55:41.2333774+09:00,2026-08-04T16:55:41.7333774+09:00,1078.701775,1079.201775,30,30,-0.025430,0.065076,0.000000,0.000000,0.000000,0.000924,0
20260804_163742_531,1,Unspecified,2093,2026-08-04T16:55:41.7333774+09:00,2026-08-04T16:55:42.2333774+09:00,1079.201775,1079.701775,30,30,-0.023335,0.064482,0.000000,0.000000,0.000000,0.000617,0
20260804_163742_531,1,Unspecified,2094,2026-08-04T16:55:42.2333774+09:00,2026-08-04T16:55:42.7333774+09:00,1079.701775,1080.201775,30,30,-0.022636,0.065009,0.000000,0.000000,0.000000,0.000522,0
20260804_163742_531,1,Unspecified,2095,2026-08-04T16:55:42.7333774+09:00,2026-08-04T16:55:43.2333774+09:00,1080.201775,1080.701775,30,30,-0.020826,0.066354,0.000001,0.000000,0.000001,0.001058,0
20260804_163742_531,1,Unspecified,2096,2026-08-04T16:55:43.2333774+09:00,2026-08-04T16:55:43.7333774+09:00,1080.701775,1081.201775,30,30,-0.020019,0.066920,0.000000,0.000000,0.000000,0.000232,0
20260804_163742_531,1,Unspecified,2097,2026-08-04T16:55:43.7333774+09:00,2026-08-04T16:55:44.2333774+09:00,1081.201775,1081.701775,30,30,-0.019604,0.067278,0.000000,0.000000,0.000000,0.000173,0
20260804_163742_531,1,Unspecified,2098,2026-08-04T16:55:44.2333774+09:00,2026-08-04T16:55:44.7333774+09:00,1081.701775,1082.201775,30,30,-0.018263,0.068042,0.000000,0.000000,0.000000,0.000584,0
20260804_163742_531,1,Unspecified,2099,2026-08-04T16:55:44.7333774+09:00,2026-08-04T16:55:45.2333774+09:00,1082.201775,1082.701775,30,30,-0.017591,0.068363,0.000000,0.000000,0.000000,0.000465,0
20260804_163742_531,1,Unspecified,2100,2026-08-04T16:55:45.2333774+09:00,2026-08-04T16:55:45.7333774+09:00,1082.701775,1083.201775,30,30,-0.016990,0.068573,0.000000,0.000000,0.000000,0.000365,0
20260804_163742_531,1,Unspecified,2101,2026-08-04T16:55:45.7333774+09:00,2026-08-04T16:55:46.2333774+09:00,1083.201775,1083.701775,30,30,-0.014814,0.069599,0.000000,0.000000,0.000000,0.000646,0
20260804_163742_531,1,Unspecified,2102,2026-08-04T16:55:46.2333774+09:00,2026-08-04T16:55:46.7333774+09:00,1083.701775,1084.201775,30,30,-0.013833,0.070153,0.000000,0.000000,0.000000,0.000215,0
20260804_163742_531,1,Unspecified,2103,2026-08-04T16:55:46.7333774+09:00,2026-08-04T16:55:47.2333774+09:00,1084.201775,1084.701775,30,30,-0.013631,0.070602,0.000000,0.000000,0.000000,0.000322,0
20260804_163742_531,1,Unspecified,2104,2026-08-04T16:55:47.2333774+09:00,2026-08-04T16:55:47.7333774+09:00,1084.701775,1085.201775,30,30,-0.012684,0.071270,0.000000,0.000000,0.000000,0.000302,0
20260804_163742_531,1,Unspecified,2105,2026-08-04T16:55:47.7333774+09:00,2026-08-04T16:55:48.2333774+09:00,1085.201775,1085.701775,30,30,-0.012271,0.071577,0.000000,0.000000,0.000000,0.000143,0
20260804_163742_531,1,Unspecified,2106,2026-08-04T16:55:48.2333774+09:00,2026-08-04T16:55:48.7333774+09:00,1085.701775,1086.201775,30,30,-0.011852,0.071817,0.000000,0.000000,0.000000,0.000183,0
20260804_163742_531,1,Unspecified,2107,2026-08-04T16:55:48.7333774+09:00,2026-08-04T16:55:49.2333774+09:00,1086.201775,1086.701775,30,30,-0.011410,0.072032,0.000000,0.000000,0.000000,0.000187,0
20260804_163742_531,1,Unspecified,2108,2026-08-04T16:55:49.2333774+09:00,2026-08-04T16:55:49.7333774+09:00,1086.701775,1087.201775,30,30,-0.010959,0.072269,0.000000,0.000000,0.000000,0.000230,0
20260804_163742_531,1,Unspecified,2109,2026-08-04T16:55:49.7333774+09:00,2026-08-04T16:55:50.2333774+09:00,1087.201775,1087.701775,30,30,-0.010588,0.072275,0.000000,0.000000,0.000000,0.000112,0
20260804_163742_531,1,Unspecified,2110,2026-08-04T16:55:50.2333774+09:00,2026-08-04T16:55:50.7333774+09:00,1087.701775,1088.201775,30,30,-0.009959,0.072293,0.000000,0.000000,0.000000,0.000227,0
20260804_163742_531,1,Unspecified,2111,2026-08-04T16:55:50.7333774+09:00,2026-08-04T16:55:51.2333774+09:00,1088.201775,1088.701775,30,30,-0.009004,0.072804,0.000000,0.000000,0.000000,0.000453,0
20260804_163742_531,1,Unspecified,2112,2026-08-04T16:55:51.2333774+09:00,2026-08-04T16:55:51.7333774+09:00,1088.701775,1089.201775,30,30,-0.008095,0.073379,0.000000,0.000000,0.000000,0.000366,0
20260804_163742_531,1,Unspecified,2113,2026-08-04T16:55:51.7333774+09:00,2026-08-04T16:55:52.2333774+09:00,1089.201775,1089.701775,30,30,-0.007238,0.073813,0.000000,0.000000,0.000000,0.000524,0
20260804_163742_531,1,Unspecified,2114,2026-08-04T16:55:52.2333774+09:00,2026-08-04T16:55:52.7333774+09:00,1089.701775,1090.201775,30,30,-0.009677,0.073236,0.000000,0.000000,0.000000,0.000585,0
20260804_163742_531,1,Unspecified,2115,2026-08-04T16:55:52.7333774+09:00,2026-08-04T16:55:53.2333774+09:00,1090.201775,1090.701775,30,30,-0.014324,0.070878,0.000004,0.000002,0.000003,0.002488,0
20260804_163742_531,1,Unspecified,2116,2026-08-04T16:55:53.2333774+09:00,2026-08-04T16:55:53.7333774+09:00,1090.701775,1091.201775,30,30,-0.020618,0.066804,0.000001,0.000000,0.000000,0.000947,0
20260804_163742_531,1,Unspecified,2117,2026-08-04T16:55:53.7333774+09:00,2026-08-04T16:55:54.2333774+09:00,1091.201775,1091.701775,30,30,-0.024228,0.065245,0.000001,0.000000,0.000000,0.001107,0
20260804_163742_531,1,Unspecified,2118,2026-08-04T16:55:54.2333774+09:00,2026-08-04T16:55:54.7333774+09:00,1091.701775,1092.201775,30,30,-0.024411,0.065295,0.000000,0.000000,0.000000,0.000408,0
20260804_163742_531,1,Unspecified,2119,2026-08-04T16:55:54.7333774+09:00,2026-08-04T16:55:55.2333774+09:00,1092.201775,1092.701775,30,30,-0.024501,0.064293,0.000000,0.000000,0.000000,0.000614,0
20260804_163742_531,1,Unspecified,2120,2026-08-04T16:55:55.2333774+09:00,2026-08-04T16:55:55.7333774+09:00,1092.701775,1093.201775,30,30,-0.022226,0.064910,0.000000,0.000000,0.000000,0.000408,0
20260804_163742_531,1,Unspecified,2121,2026-08-04T16:55:55.7333774+09:00,2026-08-04T16:55:56.2333774+09:00,1093.201775,1093.701775,30,30,-0.021680,0.064926,0.000000,0.000000,0.000000,0.000548,0
20260804_163742_531,1,Unspecified,2122,2026-08-04T16:55:56.2333774+09:00,2026-08-04T16:55:56.7333774+09:00,1093.701775,1094.201775,30,30,-0.021353,0.064856,0.000000,0.000000,0.000000,0.000554,0
20260804_163742_531,1,Unspecified,2123,2026-08-04T16:55:56.7333774+09:00,2026-08-04T16:55:57.2333774+09:00,1094.201775,1094.701775,30,30,-0.021220,0.064848,0.000000,0.000000,0.000000,0.000242,0
20260804_163742_531,1,Unspecified,2124,2026-08-04T16:55:57.2333774+09:00,2026-08-04T16:55:57.7333774+09:00,1094.701775,1095.201775,30,30,-0.021562,0.064818,0.000000,0.000000,0.000000,0.000637,0
20260804_163742_531,1,Unspecified,2125,2026-08-04T16:55:57.7333774+09:00,2026-08-04T16:55:58.2333774+09:00,1095.201775,1095.701775,30,30,-0.021452,0.065139,0.000000,0.000000,0.000000,0.000300,0
20260804_163742_531,1,Unspecified,2126,2026-08-04T16:55:58.2333774+09:00,2026-08-04T16:55:58.7333774+09:00,1095.701775,1096.201775,30,30,-0.021777,0.065058,0.000000,0.000000,0.000000,0.000471,0
20260804_163742_531,1,Unspecified,2127,2026-08-04T16:55:58.7333774+09:00,2026-08-04T16:55:59.2333774+09:00,1096.201775,1096.701775,30,30,-0.021922,0.064963,0.000000,0.000000,0.000000,0.000238,0
20260804_163742_531,1,Unspecified,2128,2026-08-04T16:55:59.2333774+09:00,2026-08-04T16:55:59.7333774+09:00,1096.701775,1097.201775,30,30,-0.022122,0.064832,0.000000,0.000000,0.000000,0.000153,0
20260804_163742_531,1,Unspecified,2129,2026-08-04T16:55:59.7333774+09:00,2026-08-04T16:56:00.2333774+09:00,1097.201775,1097.701775,30,30,-0.021998,0.064945,0.000000,0.000000,0.000000,0.000144,0
20260804_163742_531,1,Unspecified,2130,2026-08-04T16:56:00.2333774+09:00,2026-08-04T16:56:00.7333774+09:00,1097.701775,1098.201775,30,30,-0.021747,0.064932,0.000000,0.000000,0.000000,0.000097,0
20260804_163742_531,1,Unspecified,2131,2026-08-04T16:56:00.7333774+09:00,2026-08-04T16:56:01.2333774+09:00,1098.201775,1098.701775,30,30,-0.021271,0.064950,0.000000,0.000000,0.000000,0.000314,0
20260804_163742_531,1,Unspecified,2132,2026-08-04T16:56:01.2333774+09:00,2026-08-04T16:56:01.7333774+09:00,1098.701775,1099.201775,30,30,-0.020631,0.065288,0.000000,0.000000,0.000000,0.000188,0
20260804_163742_531,1,Unspecified,2133,2026-08-04T16:56:01.7333774+09:00,2026-08-04T16:56:02.2333774+09:00,1099.201775,1099.701775,30,30,-0.020526,0.065600,0.000000,0.000000,0.000000,0.000131,0
20260804_163742_531,1,Unspecified,2134,2026-08-04T16:56:02.2333774+09:00,2026-08-04T16:56:02.7333774+09:00,1099.701775,1100.201775,30,30,-0.020177,0.065878,0.000000,0.000000,0.000000,0.000280,0
20260804_163742_531,1,Unspecified,2135,2026-08-04T16:56:02.7333774+09:00,2026-08-04T16:56:03.2333774+09:00,1100.201775,1100.701775,30,30,-0.020004,0.066095,0.000000,0.000000,0.000000,0.000133,0
20260804_163742_531,1,Unspecified,2136,2026-08-04T16:56:03.2333774+09:00,2026-08-04T16:56:03.7333774+09:00,1100.701775,1101.201775,30,30,-0.019648,0.066337,0.000000,0.000000,0.000000,0.000147,0
20260804_163742_531,1,Unspecified,2137,2026-08-04T16:56:03.7333774+09:00,2026-08-04T16:56:04.2333774+09:00,1101.201775,1101.701775,30,30,-0.019469,0.066407,0.000000,0.000000,0.000000,0.000125,0
20260804_163742_531,1,Unspecified,2138,2026-08-04T16:56:04.2333774+09:00,2026-08-04T16:56:04.7333774+09:00,1101.701775,1102.201775,30,30,-0.019032,0.065442,0.000000,0.000001,0.000000,0.001220,0
20260804_163742_531,1,Unspecified,2139,2026-08-04T16:56:04.7333774+09:00,2026-08-04T16:56:05.2333774+09:00,1102.201775,1102.701775,30,30,-0.020784,0.055889,0.000008,0.000013,0.000009,0.004511,0
20260804_163742_531,1,Unspecified,2140,2026-08-04T16:56:05.2333774+09:00,2026-08-04T16:56:05.7333774+09:00,1102.701775,1103.201775,30,30,-0.031558,0.047633,0.000005,0.000001,0.000002,0.002453,0
20260804_163742_531,1,Unspecified,2141,2026-08-04T16:56:05.7333774+09:00,2026-08-04T16:56:06.2333774+09:00,1103.201775,1103.701775,30,30,-0.038127,0.042941,0.000005,0.000003,0.000004,0.002830,0
20260804_163742_531,1,Unspecified,2142,2026-08-04T16:56:06.2333774+09:00,2026-08-04T16:56:06.7333774+09:00,1103.701775,1104.201775,30,30,-0.041179,0.040894,0.000001,0.000001,-0.000001,0.001248,0
20260804_163742_531,1,Unspecified,2143,2026-08-04T16:56:06.7333774+09:00,2026-08-04T16:56:07.2333774+09:00,1104.201775,1104.701775,30,30,-0.042681,0.041936,0.000001,0.000000,0.000000,0.000998,0
20260804_163742_531,1,Unspecified,2144,2026-08-04T16:56:07.2333774+09:00,2026-08-04T16:56:07.7333774+09:00,1104.701775,1105.201775,30,30,-0.035599,0.042286,0.000005,0.000001,-0.000001,0.002313,0
20260804_163742_531,1,Unspecified,2145,2026-08-04T16:56:07.7333774+09:00,2026-08-04T16:56:08.2333774+09:00,1105.201775,1105.701775,30,30,-0.039665,0.036352,0.000012,0.000005,0.000007,0.004059,0
20260804_163742_531,1,Unspecified,2146,2026-08-04T16:56:08.2333774+09:00,2026-08-04T16:56:08.7333774+09:00,1105.701775,1106.201775,30,30,-0.046662,0.030341,0.000001,0.000001,0.000001,0.001427,0
20260804_163742_531,1,Unspecified,2147,2026-08-04T16:56:08.7333774+09:00,2026-08-04T16:56:09.2333774+09:00,1106.201775,1106.701775,30,30,-0.052064,0.029583,0.000012,0.000000,0.000000,0.003530,0
20260804_163742_531,1,Unspecified,2148,2026-08-04T16:56:09.2333774+09:00,2026-08-04T16:56:09.7333774+09:00,1106.701775,1107.201775,30,30,-0.052289,0.029575,0.000002,0.000002,0.000001,0.001818,0
20260804_163742_531,1,Unspecified,2149,2026-08-04T16:56:09.7333774+09:00,2026-08-04T16:56:10.2333774+09:00,1107.201775,1107.701775,30,30,-0.053513,0.031175,0.000005,0.000003,0.000004,0.002828,0
20260804_163742_531,1,Unspecified,2150,2026-08-04T16:56:10.2333774+09:00,2026-08-04T16:56:10.7333774+09:00,1107.701775,1108.201775,30,30,-0.046735,0.037535,0.000000,0.000001,0.000000,0.000841,0
20260804_163742_531,1,Unspecified,2151,2026-08-04T16:56:10.7333774+09:00,2026-08-04T16:56:11.2333774+09:00,1108.201775,1108.701775,30,30,-0.047808,0.035588,0.000001,0.000000,0.000000,0.001054,0
20260804_163742_531,1,Unspecified,2152,2026-08-04T16:56:11.2333774+09:00,2026-08-04T16:56:11.7333774+09:00,1108.701775,1109.201775,30,30,-0.052311,0.034882,0.000001,0.000000,0.000000,0.001221,0
20260804_163742_531,1,Unspecified,2153,2026-08-04T16:56:11.7333774+09:00,2026-08-04T16:56:12.2333774+09:00,1109.201775,1109.701775,30,30,-0.053201,0.033348,0.000002,0.000001,0.000001,0.001670,0
20260804_163742_531,1,Unspecified,2154,2026-08-04T16:56:12.2333774+09:00,2026-08-04T16:56:12.7333774+09:00,1109.701775,1110.201775,30,30,-0.054040,0.032559,0.000000,0.000000,0.000000,0.000260,0
20260804_163742_531,1,Unspecified,2155,2026-08-04T16:56:12.7333774+09:00,2026-08-04T16:56:13.2333774+09:00,1110.201775,1110.701775,30,30,-0.054818,0.031971,0.000000,0.000000,0.000000,0.000465,0
20260804_163742_531,1,Unspecified,2156,2026-08-04T16:56:13.2333774+09:00,2026-08-04T16:56:13.7333774+09:00,1110.701775,1111.201775,30,30,-0.055907,0.029881,0.000000,0.000000,0.000000,0.000706,0
20260804_163742_531,1,Unspecified,2157,2026-08-04T16:56:13.7333774+09:00,2026-08-04T16:56:14.2333774+09:00,1111.201775,1111.701775,30,30,-0.055904,0.029022,0.000000,0.000000,0.000000,0.000268,0
20260804_163742_531,1,Unspecified,2158,2026-08-04T16:56:14.2333774+09:00,2026-08-04T16:56:14.7333774+09:00,1111.701775,1112.201775,30,30,-0.055975,0.028475,0.000000,0.000000,0.000000,0.000418,0
20260804_163742_531,1,Unspecified,2159,2026-08-04T16:56:14.7333774+09:00,2026-08-04T16:56:15.2333774+09:00,1112.201775,1112.701775,30,30,-0.056456,0.028029,0.000000,0.000000,0.000000,0.000171,0
20260804_163742_531,1,Unspecified,2160,2026-08-04T16:56:15.2333774+09:00,2026-08-04T16:56:15.7333774+09:00,1112.701775,1113.201775,30,30,-0.056022,0.027070,0.000000,0.000000,0.000000,0.000352,0
20260804_163742_531,1,Unspecified,2161,2026-08-04T16:56:15.7333774+09:00,2026-08-04T16:56:16.2333774+09:00,1113.201775,1113.701775,30,30,-0.055949,0.026059,0.000000,0.000000,0.000000,0.000224,0
20260804_163742_531,1,Unspecified,2162,2026-08-04T16:56:16.2333774+09:00,2026-08-04T16:56:16.7333774+09:00,1113.701775,1114.201775,30,30,-0.056302,0.025687,0.000000,0.000000,0.000000,0.000258,0
20260804_163742_531,1,Unspecified,2163,2026-08-04T16:56:16.7333774+09:00,2026-08-04T16:56:17.2333774+09:00,1114.201775,1114.701775,30,30,-0.056682,0.025145,0.000000,0.000000,0.000000,0.000239,0
20260804_163742_531,1,Unspecified,2164,2026-08-04T16:56:17.2333774+09:00,2026-08-04T16:56:17.7333774+09:00,1114.701775,1115.201775,30,30,-0.056991,0.024254,0.000000,0.000000,0.000000,0.000422,0
20260804_163742_531,1,Unspecified,2165,2026-08-04T16:56:17.7333774+09:00,2026-08-04T16:56:18.2333774+09:00,1115.201775,1115.701775,30,30,-0.057021,0.023058,0.000000,0.000000,0.000000,0.000344,0
20260804_163742_531,1,Unspecified,2166,2026-08-04T16:56:18.2333774+09:00,2026-08-04T16:56:18.7333774+09:00,1115.701775,1116.201775,30,30,-0.056843,0.022218,0.000000,0.000000,0.000000,0.000366,0
20260804_163742_531,1,Unspecified,2167,2026-08-04T16:56:18.7333774+09:00,2026-08-04T16:56:19.2333774+09:00,1116.201775,1116.701775,30,30,-0.057164,0.021146,0.000000,0.000000,0.000000,0.000315,0
20260804_163742_531,1,Unspecified,2168,2026-08-04T16:56:19.2333774+09:00,2026-08-04T16:56:19.7333774+09:00,1116.701775,1117.201775,30,30,-0.057119,0.020208,0.000000,0.000000,0.000000,0.000099,0
20260804_163742_531,1,Unspecified,2169,2026-08-04T16:56:19.7333774+09:00,2026-08-04T16:56:20.2333774+09:00,1117.201775,1117.701775,30,30,-0.057550,0.019563,0.000000,0.000000,0.000000,0.000654,0
20260804_163742_531,1,Unspecified,2170,2026-08-04T16:56:20.2333774+09:00,2026-08-04T16:56:20.7333774+09:00,1117.701775,1118.201775,30,30,-0.058409,0.018614,0.000000,0.000000,0.000000,0.000401,0
20260804_163742_531,1,Unspecified,2171,2026-08-04T16:56:20.7333774+09:00,2026-08-04T16:56:21.2333774+09:00,1118.201775,1118.701775,30,30,-0.058971,0.017585,0.000000,0.000001,0.000000,0.001021,0
20260804_163742_531,1,Unspecified,2172,2026-08-04T16:56:21.2333774+09:00,2026-08-04T16:56:21.7333774+09:00,1118.701775,1119.201775,30,30,-0.061807,0.021201,0.000004,0.000025,-0.000010,0.005360,0
20260804_163742_531,1,Unspecified,2173,2026-08-04T16:56:21.7333774+09:00,2026-08-04T16:56:22.2333774+09:00,1119.201775,1119.701775,30,30,-0.059018,0.036452,0.000020,0.000003,0.000006,0.004845,0
20260804_163742_531,1,Unspecified,2174,2026-08-04T16:56:22.2333774+09:00,2026-08-04T16:56:22.7333774+09:00,1119.701775,1120.201775,30,30,-0.051760,0.041234,0.000001,0.000002,0.000000,0.001835,0
20260804_163742_531,1,Unspecified,2175,2026-08-04T16:56:22.7333774+09:00,2026-08-04T16:56:23.2333774+09:00,1120.201775,1120.701775,30,30,-0.051450,0.043671,0.000001,0.000004,0.000000,0.002218,0
20260804_163742_531,1,Unspecified,2176,2026-08-04T16:56:23.2333774+09:00,2026-08-04T16:56:23.7333774+09:00,1120.701775,1121.201775,30,30,-0.049913,0.048057,0.000006,0.000001,0.000002,0.002619,0
20260804_163742_531,1,Unspecified,2177,2026-08-04T16:56:23.7333774+09:00,2026-08-04T16:56:24.2333774+09:00,1121.201775,1121.701775,30,30,-0.046038,0.049974,0.000003,0.000002,0.000002,0.002234,0
20260804_163742_531,1,Unspecified,2178,2026-08-04T16:56:24.2333774+09:00,2026-08-04T16:56:24.7333774+09:00,1121.701775,1122.201775,30,30,-0.049001,0.049548,0.000000,0.000000,0.000000,0.000842,0
20260804_163742_531,1,Unspecified,2179,2026-08-04T16:56:24.7333774+09:00,2026-08-04T16:56:25.2333774+09:00,1122.201775,1122.701775,30,30,-0.050403,0.049763,0.000001,0.000003,0.000002,0.002116,0
20260804_163742_531,1,Unspecified,2180,2026-08-04T16:56:25.2333774+09:00,2026-08-04T16:56:25.7333774+09:00,1122.701775,1123.201775,30,30,-0.047875,0.053811,0.000001,0.000001,0.000000,0.001260,0
20260804_163742_531,1,Unspecified,2181,2026-08-04T16:56:25.7333774+09:00,2026-08-04T16:56:26.2333774+09:00,1123.201775,1123.701775,30,30,-0.049070,0.052188,0.000000,0.000001,0.000000,0.001022,0
20260804_163742_531,1,Unspecified,2182,2026-08-04T16:56:26.2333774+09:00,2026-08-04T16:56:26.7333774+09:00,1123.701775,1124.201775,30,30,-0.051744,0.050246,0.000001,0.000001,0.000001,0.001374,0
20260804_163742_531,1,Unspecified,2183,2026-08-04T16:56:26.7333774+09:00,2026-08-04T16:56:27.2333774+09:00,1124.201775,1124.701775,30,30,-0.053091,0.049591,0.000001,0.000001,0.000000,0.001299,0
20260804_163742_531,1,Unspecified,2184,2026-08-04T16:56:27.2333774+09:00,2026-08-04T16:56:27.7333774+09:00,1124.701775,1125.201775,30,30,-0.053494,0.049402,0.000001,0.000003,0.000001,0.002163,0
20260804_163742_531,1,Unspecified,2185,2026-08-04T16:56:27.7333774+09:00,2026-08-04T16:56:28.2333774+09:00,1125.201775,1125.701775,30,30,-0.053684,0.048761,0.000000,0.000001,0.000000,0.001192,0
20260804_163742_531,1,Unspecified,2186,2026-08-04T16:56:28.2333774+09:00,2026-08-04T16:56:28.7333774+09:00,1125.701775,1126.201775,30,30,-0.048795,0.045028,0.000007,0.000005,-0.000006,0.003487,0
20260804_163742_531,1,Unspecified,2187,2026-08-04T16:56:28.7333774+09:00,2026-08-04T16:56:29.2333774+09:00,1126.201775,1126.701775,30,30,-0.043382,0.044014,0.000002,0.000001,0.000001,0.001780,0
20260804_163742_531,1,Unspecified,2188,2026-08-04T16:56:29.2333774+09:00,2026-08-04T16:56:29.7333774+09:00,1126.701775,1127.201775,30,30,-0.040835,0.045107,0.000000,0.000000,0.000000,0.000527,0
20260804_163742_531,1,Unspecified,2189,2026-08-04T16:56:29.7333774+09:00,2026-08-04T16:56:30.2333774+09:00,1127.201775,1127.701775,30,30,-0.040711,0.040091,0.000000,0.000007,0.000000,0.002653,0
20260804_163742_531,1,Unspecified,2190,2026-08-04T16:56:30.2333774+09:00,2026-08-04T16:56:30.7333774+09:00,1127.701775,1128.201775,30,30,-0.043166,0.034648,0.000001,0.000001,0.000001,0.001398,0
20260804_163742_531,1,Unspecified,2191,2026-08-04T16:56:30.7333774+09:00,2026-08-04T16:56:31.2333774+09:00,1128.201775,1128.701775,30,30,-0.045778,0.033457,0.000001,0.000000,0.000000,0.001007,0
20260804_163742_531,1,Unspecified,2192,2026-08-04T16:56:31.2333774+09:00,2026-08-04T16:56:31.7333774+09:00,1128.701775,1129.201775,30,30,-0.047610,0.031072,0.000000,0.000001,0.000000,0.000809,0
20260804_163742_531,1,Unspecified,2193,2026-08-04T16:56:31.7333774+09:00,2026-08-04T16:56:32.2333774+09:00,1129.201775,1129.701775,30,30,-0.048418,0.027501,0.000000,0.000001,0.000000,0.001320,0
20260804_163742_531,1,Unspecified,2194,2026-08-04T16:56:32.2333774+09:00,2026-08-04T16:56:32.7333774+09:00,1129.701775,1130.201775,30,30,-0.039351,0.028292,0.000013,0.000001,0.000004,0.003706,0
20260804_163742_531,1,Unspecified,2195,2026-08-04T16:56:32.7333774+09:00,2026-08-04T16:56:33.2333774+09:00,1130.201775,1130.701775,30,30,-0.038232,0.033150,0.000002,0.000003,-0.000002,0.002141,0
20260804_163742_531,1,Unspecified,2196,2026-08-04T16:56:33.2333774+09:00,2026-08-04T16:56:33.7333774+09:00,1130.701775,1131.201775,30,30,-0.041877,0.032933,0.000000,0.000001,0.000000,0.001281,0
20260804_163742_531,1,Unspecified,2197,2026-08-04T16:56:33.7333774+09:00,2026-08-04T16:56:34.2333774+09:00,1131.201775,1131.701775,30,30,-0.045973,0.029562,0.000005,0.000001,0.000001,0.002304,0
20260804_163742_531,1,Unspecified,2198,2026-08-04T16:56:34.2333774+09:00,2026-08-04T16:56:34.7333774+09:00,1131.701775,1132.201775,30,30,-0.052703,0.031057,0.000001,0.000004,0.000000,0.002213,0
20260804_163742_531,1,Unspecified,2199,2026-08-04T16:56:34.7333774+09:00,2026-08-04T16:56:35.2333774+09:00,1132.201775,1132.701775,30,30,-0.052885,0.039988,0.000002,0.000003,0.000001,0.002129,0
20260804_163742_531,1,Unspecified,2200,2026-08-04T16:56:35.2333774+09:00,2026-08-04T16:56:35.7333774+09:00,1132.701775,1133.201775,30,30,-0.050988,0.042982,0.000007,0.000001,0.000001,0.002731,0
20260804_163742_531,1,Unspecified,2201,2026-08-04T16:56:35.7333774+09:00,2026-08-04T16:56:36.2333774+09:00,1133.201775,1133.701775,30,30,-0.053590,0.041261,0.000000,0.000002,0.000000,0.001362,0
20260804_163742_531,1,Unspecified,2202,2026-08-04T16:56:36.2333774+09:00,2026-08-04T16:56:36.7333774+09:00,1133.701775,1134.201775,30,30,-0.052557,0.043405,0.000000,0.000000,0.000000,0.000780,0
20260804_163742_531,1,Unspecified,2203,2026-08-04T16:56:36.7333774+09:00,2026-08-04T16:56:37.2333774+09:00,1134.201775,1134.701775,30,30,-0.046168,0.042398,0.000033,0.000000,-0.000001,0.005731,0
20260804_163742_531,1,Unspecified,2204,2026-08-04T16:56:37.2333774+09:00,2026-08-04T16:56:37.7333774+09:00,1134.701775,1135.201775,30,30,-0.029377,0.047330,0.000021,0.000020,0.000019,0.006413,0
20260804_163742_531,1,Unspecified,2205,2026-08-04T16:56:37.7333774+09:00,2026-08-04T16:56:38.2333774+09:00,1135.201775,1135.701775,30,30,-0.042935,0.043753,0.000072,0.000018,0.000035,0.009473,0
20260804_163742_531,1,Unspecified,2206,2026-08-04T16:56:38.2333774+09:00,2026-08-04T16:56:38.7333774+09:00,1135.701775,1136.201775,30,30,-0.052785,0.033695,0.000002,0.000002,0.000001,0.002047,0
20260804_163742_531,1,Unspecified,2207,2026-08-04T16:56:38.7333774+09:00,2026-08-04T16:56:39.2333774+09:00,1136.201775,1136.701775,30,30,-0.059099,0.027301,0.000003,0.000012,0.000006,0.003852,0
20260804_163742_531,1,Unspecified,2208,2026-08-04T16:56:39.2333774+09:00,2026-08-04T16:56:39.7333774+09:00,1136.701775,1137.201775,30,30,-0.062303,0.020678,0.000000,0.000000,0.000000,0.000615,0
20260804_163742_531,1,Unspecified,2209,2026-08-04T16:56:39.7333774+09:00,2026-08-04T16:56:40.2333774+09:00,1137.201775,1137.701775,30,30,-0.062931,0.018896,0.000000,0.000000,0.000000,0.000744,0
20260804_163742_531,1,Unspecified,2210,2026-08-04T16:56:40.2333774+09:00,2026-08-04T16:56:40.7333774+09:00,1137.701775,1138.201775,30,30,-0.062823,0.018987,0.000000,0.000001,0.000000,0.001005,0
20260804_163742_531,1,Unspecified,2211,2026-08-04T16:56:40.7333774+09:00,2026-08-04T16:56:41.2333774+09:00,1138.201775,1138.701775,30,30,-0.061289,0.022070,0.000000,0.000000,0.000000,0.000647,0
20260804_163742_531,1,Unspecified,2212,2026-08-04T16:56:41.2333774+09:00,2026-08-04T16:56:41.7333774+09:00,1138.701775,1139.201775,30,30,-0.062854,0.019515,0.000000,0.000001,0.000000,0.000880,0
20260804_163742_531,1,Unspecified,2213,2026-08-04T16:56:41.7333774+09:00,2026-08-04T16:56:42.2333774+09:00,1139.201775,1139.701775,30,30,-0.065655,0.018272,0.000002,0.000000,0.000000,0.001316,0
20260804_163742_531,1,Unspecified,2214,2026-08-04T16:56:42.2333774+09:00,2026-08-04T16:56:42.7333774+09:00,1139.701775,1140.201775,30,30,-0.065488,0.017432,0.000000,0.000000,0.000000,0.000757,0
20260804_163742_531,1,Unspecified,2215,2026-08-04T16:56:42.7333774+09:00,2026-08-04T16:56:43.2333774+09:00,1140.201775,1140.701775,30,30,-0.064871,0.017508,0.000000,0.000000,0.000000,0.000586,0
20260804_163742_531,1,Unspecified,2216,2026-08-04T16:56:43.2333774+09:00,2026-08-04T16:56:43.7333774+09:00,1140.701775,1141.201775,30,30,-0.063498,0.018524,0.000001,0.000001,0.000001,0.001364,0
20260804_163742_531,1,Unspecified,2217,2026-08-04T16:56:43.7333774+09:00,2026-08-04T16:56:44.2333774+09:00,1141.201775,1141.701775,30,30,-0.060815,0.018770,0.000002,0.000000,0.000001,0.001560,0
20260804_163742_531,1,Unspecified,2218,2026-08-04T16:56:44.2333774+09:00,2026-08-04T16:56:44.7333774+09:00,1141.701775,1142.201775,30,30,-0.059526,0.018978,0.000002,0.000000,0.000001,0.001525,0
20260804_163742_531,1,Unspecified,2219,2026-08-04T16:56:44.7333774+09:00,2026-08-04T16:56:45.2333774+09:00,1142.201775,1142.701775,30,30,-0.060333,0.018561,0.000000,0.000000,0.000000,0.000285,0
20260804_163742_531,1,Unspecified,2220,2026-08-04T16:56:45.2333774+09:00,2026-08-04T16:56:45.7333774+09:00,1142.701775,1143.201775,30,30,-0.060092,0.017937,0.000000,0.000000,0.000000,0.000285,0
20260804_163742_531,1,Unspecified,2221,2026-08-04T16:56:45.7333774+09:00,2026-08-04T16:56:46.2333774+09:00,1143.201775,1143.701775,30,30,-0.060054,0.016733,0.000000,0.000000,0.000000,0.000391,0
20260804_163742_531,1,Unspecified,2222,2026-08-04T16:56:46.2333774+09:00,2026-08-04T16:56:46.7333774+09:00,1143.701775,1144.201775,30,30,-0.060096,0.015635,0.000000,0.000000,0.000000,0.000317,0
20260804_163742_531,1,Unspecified,2223,2026-08-04T16:56:46.7333774+09:00,2026-08-04T16:56:47.2333774+09:00,1144.201775,1144.701775,30,30,-0.060515,0.015150,0.000000,0.000000,0.000000,0.000225,0
20260804_163742_531,1,Unspecified,2224,2026-08-04T16:56:47.2333774+09:00,2026-08-04T16:56:47.7333774+09:00,1144.701775,1145.201775,30,30,-0.060535,0.015276,0.000000,0.000000,0.000000,0.000359,0
20260804_163742_531,1,Unspecified,2225,2026-08-04T16:56:47.7333774+09:00,2026-08-04T16:56:48.2333774+09:00,1145.201775,1145.701775,30,30,-0.060016,0.015088,0.000000,0.000000,0.000000,0.000478,0
20260804_163742_531,1,Unspecified,2226,2026-08-04T16:56:48.2333774+09:00,2026-08-04T16:56:48.7333774+09:00,1145.701775,1146.201775,30,30,-0.060661,0.014770,0.000000,0.000000,0.000000,0.000569,0
20260804_163742_531,1,Unspecified,2227,2026-08-04T16:56:48.7333774+09:00,2026-08-04T16:56:49.2333774+09:00,1146.201775,1146.701775,30,30,-0.061063,0.014042,0.000000,0.000000,0.000000,0.000397,0
20260804_163742_531,1,Unspecified,2228,2026-08-04T16:56:49.2333774+09:00,2026-08-04T16:56:49.7333774+09:00,1146.701775,1147.201775,30,30,-0.061284,0.013678,0.000000,0.000000,0.000000,0.000197,0
20260804_163742_531,1,Unspecified,2229,2026-08-04T16:56:49.7333774+09:00,2026-08-04T16:56:50.2333774+09:00,1147.201775,1147.701775,30,30,-0.061431,0.013303,0.000000,0.000000,0.000000,0.000161,0
20260804_163742_531,1,Unspecified,2230,2026-08-04T16:56:50.2333774+09:00,2026-08-04T16:56:50.7333774+09:00,1147.701775,1148.201775,30,30,-0.061567,0.012520,0.000000,0.000000,0.000000,0.000332,0
20260804_163742_531,1,Unspecified,2231,2026-08-04T16:56:50.7333774+09:00,2026-08-04T16:56:51.2333774+09:00,1148.201775,1148.701775,30,30,-0.062197,0.011456,0.000000,0.000000,0.000000,0.000395,0
20260804_163742_531,1,Unspecified,2232,2026-08-04T16:56:51.2333774+09:00,2026-08-04T16:56:51.7333774+09:00,1148.701775,1149.201775,30,30,-0.062843,0.010872,0.000000,0.000000,0.000000,0.000187,0
20260804_163742_531,1,Unspecified,2233,2026-08-04T16:56:51.7333774+09:00,2026-08-04T16:56:52.2333774+09:00,1149.201775,1149.701775,30,30,-0.063228,0.010779,0.000000,0.000000,0.000000,0.000309,0
20260804_163742_531,1,Unspecified,2234,2026-08-04T16:56:52.2333774+09:00,2026-08-04T16:56:52.7333774+09:00,1149.701775,1150.201775,30,30,-0.061788,0.009961,0.000003,0.000001,-0.000002,0.002040,0
20260804_163742_531,1,Unspecified,2235,2026-08-04T16:56:52.7333774+09:00,2026-08-04T16:56:53.2333774+09:00,1150.201775,1150.701775,30,30,-0.063015,0.011333,0.000005,0.000001,-0.000002,0.002416,0
20260804_163742_531,1,Unspecified,2236,2026-08-04T16:56:53.2333774+09:00,2026-08-04T16:56:53.7333774+09:00,1150.701775,1151.201775,30,30,-0.058016,0.008731,0.000000,0.000001,0.000000,0.001011,0
20260804_163742_531,1,Unspecified,2237,2026-08-04T16:56:53.7333774+09:00,2026-08-04T16:56:54.2333774+09:00,1151.201775,1151.701775,30,30,-0.056869,0.009912,0.000002,0.000002,-0.000002,0.002136,0
20260804_163742_531,1,Unspecified,2238,2026-08-04T16:56:54.2333774+09:00,2026-08-04T16:56:54.7333774+09:00,1151.701775,1152.201775,30,30,-0.058951,0.008870,0.000004,0.000003,-0.000001,0.002617,0
20260804_163742_531,1,Unspecified,2239,2026-08-04T16:56:54.7333774+09:00,2026-08-04T16:56:55.2333774+09:00,1152.201775,1152.701775,30,30,-0.059003,0.007289,0.000002,0.000001,-0.000001,0.001775,0
20260804_163742_531,1,Unspecified,2240,2026-08-04T16:56:55.2333774+09:00,2026-08-04T16:56:55.7333774+09:00,1152.701775,1153.201775,30,30,-0.060955,0.004559,0.000002,0.000005,-0.000002,0.002667,0
20260804_163742_531,1,Unspecified,2241,2026-08-04T16:56:55.7333774+09:00,2026-08-04T16:56:56.2333774+09:00,1153.201775,1153.701775,30,30,-0.058695,-0.000205,0.000001,0.000002,0.000000,0.001594,0
20260804_163742_531,1,Unspecified,2242,2026-08-04T16:56:56.2333774+09:00,2026-08-04T16:56:56.7333774+09:00,1153.701775,1154.201775,30,30,-0.057163,-0.002671,0.000005,0.000001,0.000000,0.002433,0
20260804_163742_531,1,Unspecified,2243,2026-08-04T16:56:56.7333774+09:00,2026-08-04T16:56:57.2333774+09:00,1154.201775,1154.701775,30,30,-0.056603,-0.001750,0.000001,0.000001,0.000000,0.001204,0
20260804_163742_531,1,Unspecified,2244,2026-08-04T16:56:57.2333774+09:00,2026-08-04T16:56:57.7333774+09:00,1154.701775,1155.201775,30,30,-0.052787,-0.000274,0.000003,0.000002,-0.000002,0.002217,0
20260804_163742_531,1,Unspecified,2245,2026-08-04T16:56:57.7333774+09:00,2026-08-04T16:56:58.2333774+09:00,1155.201775,1155.701775,30,30,-0.052729,-0.003255,0.000006,0.000011,0.000007,0.004160,0
20260804_163742_531,1,Unspecified,2246,2026-08-04T16:56:58.2333774+09:00,2026-08-04T16:56:58.7333774+09:00,1155.701775,1156.201775,30,30,-0.056393,0.000664,0.000010,0.000096,0.000030,0.010297,0
20260804_163742_531,1,Unspecified,2247,2026-08-04T16:56:58.7333774+09:00,2026-08-04T16:56:59.2333774+09:00,1156.201775,1156.701775,30,30,-0.036903,0.042878,0.000024,0.000100,0.000049,0.011163,0
20260804_163742_531,1,Unspecified,2248,2026-08-04T16:56:59.2333774+09:00,2026-08-04T16:56:59.7333774+09:00,1156.701775,1157.201775,30,30,-0.032375,0.044938,0.000000,0.000005,0.000000,0.002399,0
20260804_163742_531,1,Unspecified,2249,2026-08-04T16:56:59.7333774+09:00,2026-08-04T16:57:00.2333774+09:00,1157.201775,1157.701775,30,30,-0.032157,0.040910,0.000000,0.000001,0.000000,0.000936,0
20260804_163742_531,1,Unspecified,2250,2026-08-04T16:57:00.2333774+09:00,2026-08-04T16:57:00.7333774+09:00,1157.701775,1158.201775,30,30,-0.033465,0.038763,0.000001,0.000000,0.000001,0.001263,0
20260804_163742_531,1,Unspecified,2251,2026-08-04T16:57:00.7333774+09:00,2026-08-04T16:57:01.2333774+09:00,1158.201775,1158.701775,30,30,-0.039248,0.035603,0.000001,0.000001,0.000001,0.001417,0
20260804_163742_531,1,Unspecified,2252,2026-08-04T16:57:01.2333774+09:00,2026-08-04T16:57:01.7333774+09:00,1158.701775,1159.201775,30,30,-0.042382,0.033080,0.000001,0.000001,0.000001,0.001397,0
20260804_163742_531,1,Unspecified,2253,2026-08-04T16:57:01.7333774+09:00,2026-08-04T16:57:02.2333774+09:00,1159.201775,1159.701775,30,30,-0.045032,0.026489,0.000001,0.000004,0.000002,0.002248,0
20260804_163742_531,1,Unspecified,2254,2026-08-04T16:57:02.2333774+09:00,2026-08-04T16:57:02.7333774+09:00,1159.701775,1160.201775,30,30,-0.047714,0.021155,0.000001,0.000002,0.000001,0.001681,0
20260804_163742_531,1,Unspecified,2255,2026-08-04T16:57:02.7333774+09:00,2026-08-04T16:57:03.2333774+09:00,1160.201775,1160.701775,30,30,-0.048382,0.018605,0.000000,0.000000,0.000000,0.000695,0
20260804_163742_531,1,Unspecified,2256,2026-08-04T16:57:03.2333774+09:00,2026-08-04T16:57:03.7333774+09:00,1160.701775,1161.201775,30,30,-0.049173,0.017561,0.000000,0.000000,0.000000,0.000382,0
20260804_163742_531,1,Unspecified,2257,2026-08-04T16:57:03.7333774+09:00,2026-08-04T16:57:04.2333774+09:00,1161.201775,1161.701775,30,30,-0.049542,0.016361,0.000000,0.000000,0.000000,0.000420,0
20260804_163742_531,1,Unspecified,2258,2026-08-04T16:57:04.2333774+09:00,2026-08-04T16:57:04.7333774+09:00,1161.701775,1162.201775,30,30,-0.049496,0.014866,0.000000,0.000000,0.000000,0.000494,0
20260804_163742_531,1,Unspecified,2259,2026-08-04T16:57:04.7333774+09:00,2026-08-04T16:57:05.2333774+09:00,1162.201775,1162.701775,30,30,-0.049115,0.012878,0.000000,0.000000,0.000000,0.000583,0
20260804_163742_531,1,Unspecified,2260,2026-08-04T16:57:05.2333774+09:00,2026-08-04T16:57:05.7333774+09:00,1162.701775,1163.201775,30,30,-0.048640,0.012437,0.000000,0.000000,0.000000,0.000392,0
20260804_163742_531,1,Unspecified,2261,2026-08-04T16:57:05.7333774+09:00,2026-08-04T16:57:06.2333774+09:00,1163.201775,1163.701775,30,30,-0.047153,0.011793,0.000003,0.000000,0.000000,0.001656,0
20260804_163742_531,1,Unspecified,2262,2026-08-04T16:57:06.2333774+09:00,2026-08-04T16:57:06.7333774+09:00,1163.701775,1164.201775,30,30,-0.044325,0.011212,0.000000,0.000000,0.000000,0.000596,0
20260804_163742_531,1,Unspecified,2263,2026-08-04T16:57:06.7333774+09:00,2026-08-04T16:57:07.2333774+09:00,1164.201775,1164.701775,30,30,-0.047133,0.011226,0.000001,0.000000,0.000000,0.001020,0
20260804_163742_531,1,Unspecified,2264,2026-08-04T16:57:07.2333774+09:00,2026-08-04T16:57:07.7333774+09:00,1164.701775,1165.201775,30,30,-0.046648,0.015978,0.000000,0.000003,0.000001,0.001701,0
20260804_163742_531,1,Unspecified,2265,2026-08-04T16:57:07.7333774+09:00,2026-08-04T16:57:08.2333774+09:00,1165.201775,1165.701775,30,30,-0.041629,0.022877,0.000013,0.000010,0.000012,0.004827,0
20260804_163742_531,1,Unspecified,2266,2026-08-04T16:57:08.2333774+09:00,2026-08-04T16:57:08.7333774+09:00,1165.701775,1166.201775,30,30,-0.031325,0.034984,0.000004,0.000008,0.000005,0.003366,0
20260804_163742_531,1,Unspecified,2267,2026-08-04T16:57:08.7333774+09:00,2026-08-04T16:57:09.2333774+09:00,1166.201775,1166.701775,30,30,-0.028339,0.042649,0.000000,0.000001,0.000000,0.001077,0
20260804_163742_531,1,Unspecified,2268,2026-08-04T16:57:09.2333774+09:00,2026-08-04T16:57:09.7333774+09:00,1166.701775,1167.201775,30,30,-0.028885,0.041512,0.000001,0.000001,0.000001,0.001291,0
20260804_163742_531,1,Unspecified,2269,2026-08-04T16:57:09.7333774+09:00,2026-08-04T16:57:10.2333774+09:00,1167.201775,1167.701775,30,30,-0.032749,0.037049,0.000000,0.000001,0.000000,0.000997,0
20260804_163742_531,1,Unspecified,2270,2026-08-04T16:57:10.2333774+09:00,2026-08-04T16:57:10.7333774+09:00,1167.701775,1168.201775,30,30,-0.030966,0.035221,0.000001,0.000000,0.000000,0.001138,0
20260804_163742_531,1,Unspecified,2271,2026-08-04T16:57:10.7333774+09:00,2026-08-04T16:57:11.2333774+09:00,1168.201775,1168.701775,30,30,-0.030622,0.034529,0.000003,0.000000,0.000000,0.001603,0
20260804_163742_531,1,Unspecified,2272,2026-08-04T16:57:11.2333774+09:00,2026-08-04T16:57:11.7333774+09:00,1168.701775,1169.201775,30,30,-0.031756,0.034894,0.000000,0.000000,0.000000,0.000709,0
20260804_163742_531,1,Unspecified,2273,2026-08-04T16:57:11.7333774+09:00,2026-08-04T16:57:12.2333774+09:00,1169.201775,1169.701775,30,30,-0.032851,0.033122,0.000000,0.000002,0.000000,0.001420,0
20260804_163742_531,1,Unspecified,2274,2026-08-04T16:57:12.2333774+09:00,2026-08-04T16:57:12.7333774+09:00,1169.701775,1170.201775,30,30,-0.034888,0.030168,0.000000,0.000000,0.000000,0.000956,0
20260804_163742_531,1,Unspecified,2275,2026-08-04T16:57:12.7333774+09:00,2026-08-04T16:57:13.2333774+09:00,1170.201775,1170.701775,30,30,-0.035385,0.028761,0.000000,0.000000,0.000000,0.000754,0
20260804_163742_531,1,Unspecified,2276,2026-08-04T16:57:13.2333774+09:00,2026-08-04T16:57:13.7333774+09:00,1170.701775,1171.201775,30,30,-0.039196,0.029764,0.000001,0.000000,0.000000,0.001028,0
20260804_163742_531,1,Unspecified,2277,2026-08-04T16:57:13.7333774+09:00,2026-08-04T16:57:14.2333774+09:00,1171.201775,1171.701775,30,30,-0.041608,0.029758,0.000002,0.000001,-0.000002,0.001851,0
20260804_163742_531,1,Unspecified,2278,2026-08-04T16:57:14.2333774+09:00,2026-08-04T16:57:14.7333774+09:00,1171.701775,1172.201775,30,30,-0.042489,0.031322,0.000000,0.000000,0.000000,0.000541,0
20260804_163742_531,1,Unspecified,2279,2026-08-04T16:57:14.7333774+09:00,2026-08-04T16:57:15.2333774+09:00,1172.201775,1172.701775,30,30,-0.042221,0.030549,0.000000,0.000000,0.000000,0.000137,0
20260804_163742_531,1,Unspecified,2280,2026-08-04T16:57:15.2333774+09:00,2026-08-04T16:57:15.7333774+09:00,1172.701775,1173.201775,30,30,-0.042453,0.030181,0.000000,0.000000,0.000000,0.000193,0
20260804_163742_531,1,Unspecified,2281,2026-08-04T16:57:15.7333774+09:00,2026-08-04T16:57:16.2333774+09:00,1173.201775,1173.701775,30,30,-0.043291,0.029224,0.000000,0.000000,0.000000,0.000532,0
20260804_163742_531,1,Unspecified,2282,2026-08-04T16:57:16.2333774+09:00,2026-08-04T16:57:16.7333774+09:00,1173.701775,1174.201775,30,30,-0.044058,0.028344,0.000000,0.000000,0.000000,0.000368,0
20260804_163742_531,1,Unspecified,2283,2026-08-04T16:57:16.7333774+09:00,2026-08-04T16:57:17.2333774+09:00,1174.201775,1174.701775,30,30,-0.044256,0.028005,0.000000,0.000000,0.000000,0.000141,0
20260804_163742_531,1,Unspecified,2284,2026-08-04T16:57:17.2333774+09:00,2026-08-04T16:57:17.7333774+09:00,1174.701775,1175.201775,30,30,-0.044015,0.028112,0.000000,0.000000,0.000000,0.000161,0
20260804_163742_531,1,Unspecified,2285,2026-08-04T16:57:17.7333774+09:00,2026-08-04T16:57:18.2333774+09:00,1175.201775,1175.701775,30,30,-0.043982,0.028627,0.000000,0.000000,0.000000,0.000174,0
20260804_163742_531,1,Unspecified,2286,2026-08-04T16:57:18.2333774+09:00,2026-08-04T16:57:18.7333774+09:00,1175.701775,1176.201775,30,30,-0.043622,0.029198,0.000000,0.000000,0.000000,0.000312,0
20260804_163742_531,1,Unspecified,2287,2026-08-04T16:57:18.7333774+09:00,2026-08-04T16:57:19.2333774+09:00,1176.201775,1176.701775,30,30,-0.043367,0.030069,0.000000,0.000000,0.000000,0.000256,0
20260804_163742_531,1,Unspecified,2288,2026-08-04T16:57:19.2333774+09:00,2026-08-04T16:57:19.7333774+09:00,1176.701775,1177.201775,30,30,-0.043255,0.030727,0.000000,0.000000,0.000000,0.000298,0
20260804_163742_531,1,Unspecified,2289,2026-08-04T16:57:19.7333774+09:00,2026-08-04T16:57:20.2333774+09:00,1177.201775,1177.701775,30,30,-0.042885,0.031397,0.000000,0.000000,0.000000,0.000291,0
20260804_163742_531,1,Unspecified,2290,2026-08-04T16:57:20.2333774+09:00,2026-08-04T16:57:20.7333774+09:00,1177.701775,1178.201775,30,30,-0.042902,0.032055,0.000000,0.000000,0.000000,0.000250,0
20260804_163742_531,1,Unspecified,2291,2026-08-04T16:57:20.7333774+09:00,2026-08-04T16:57:21.2333774+09:00,1178.201775,1178.701775,30,30,-0.042959,0.032215,0.000000,0.000000,0.000000,0.000149,0
20260804_163742_531,1,Unspecified,2292,2026-08-04T16:57:21.2333774+09:00,2026-08-04T16:57:21.7333774+09:00,1178.701775,1179.201775,30,30,-0.043071,0.032275,0.000000,0.000000,0.000000,0.000182,0
20260804_163742_531,1,Unspecified,2293,2026-08-04T16:57:21.7333774+09:00,2026-08-04T16:57:22.2333774+09:00,1179.201775,1179.701775,30,30,-0.043127,0.032459,0.000000,0.000000,0.000000,0.000210,0
20260804_163742_531,1,Unspecified,2294,2026-08-04T16:57:22.2333774+09:00,2026-08-04T16:57:22.7333774+09:00,1179.701775,1180.201775,30,30,-0.042679,0.034250,0.000000,0.000000,0.000000,0.000724,0
20260804_163742_531,1,Unspecified,2295,2026-08-04T16:57:22.7333774+09:00,2026-08-04T16:57:23.2333774+09:00,1180.201775,1180.701775,30,30,-0.041912,0.035882,0.000000,0.000000,0.000000,0.000468,0
20260804_163742_531,1,Unspecified,2296,2026-08-04T16:57:23.2333774+09:00,2026-08-04T16:57:23.7333774+09:00,1180.701775,1181.201775,30,30,-0.039635,0.035587,0.000002,0.000000,0.000000,0.001380,0
20260804_163742_531,1,Unspecified,2297,2026-08-04T16:57:23.7333774+09:00,2026-08-04T16:57:24.2333774+09:00,1181.201775,1181.701775,30,30,-0.039829,0.035658,0.000001,0.000000,0.000000,0.001149,0
20260804_163742_531,1,Unspecified,2298,2026-08-04T16:57:24.2333774+09:00,2026-08-04T16:57:24.7333774+09:00,1181.701775,1182.201775,30,30,-0.040836,0.036106,0.000000,0.000000,0.000000,0.000492,0
20260804_163742_531,1,Unspecified,2299,2026-08-04T16:57:24.7333774+09:00,2026-08-04T16:57:25.2333774+09:00,1182.201775,1182.701775,30,30,-0.041903,0.035894,0.000000,0.000000,0.000000,0.000179,0
20260804_163742_531,1,Unspecified,2300,2026-08-04T16:57:25.2333774+09:00,2026-08-04T16:57:25.7333774+09:00,1182.701775,1183.201775,30,30,-0.042132,0.035881,0.000000,0.000000,0.000000,0.000084,0
20260804_163742_531,1,Unspecified,2301,2026-08-04T16:57:25.7333774+09:00,2026-08-04T16:57:26.2333774+09:00,1183.201775,1183.701775,30,30,-0.042210,0.035972,0.000000,0.000000,0.000000,0.000166,0
20260804_163742_531,1,Unspecified,2302,2026-08-04T16:57:26.2333774+09:00,2026-08-04T16:57:26.7333774+09:00,1183.701775,1184.201775,30,30,-0.042685,0.036197,0.000000,0.000000,0.000000,0.000154,0
20260804_163742_531,1,Unspecified,2303,2026-08-04T16:57:26.7333774+09:00,2026-08-04T16:57:27.2333774+09:00,1184.201775,1184.701775,30,30,-0.042893,0.036107,0.000000,0.000000,0.000000,0.000100,0
20260804_163742_531,1,Unspecified,2304,2026-08-04T16:57:27.2333774+09:00,2026-08-04T16:57:27.7333774+09:00,1184.701775,1185.201775,30,30,-0.042811,0.036028,0.000000,0.000000,0.000000,0.000196,0
20260804_163742_531,1,Unspecified,2305,2026-08-04T16:57:27.7333774+09:00,2026-08-04T16:57:28.2333774+09:00,1185.201775,1185.701775,30,30,-0.043259,0.036208,0.000000,0.000000,0.000000,0.000208,0
20260804_163742_531,1,Unspecified,2306,2026-08-04T16:57:28.2333774+09:00,2026-08-04T16:57:28.7333774+09:00,1185.701775,1186.201775,30,30,-0.043430,0.036052,0.000000,0.000000,0.000000,0.000194,0
20260804_163742_531,1,Unspecified,2307,2026-08-04T16:57:28.7333774+09:00,2026-08-04T16:57:29.2333774+09:00,1186.201775,1186.701775,30,30,-0.043955,0.039168,0.000000,0.000013,-0.000002,0.003712,0
20260804_163742_531,1,Unspecified,2308,2026-08-04T16:57:29.2333774+09:00,2026-08-04T16:57:29.7333774+09:00,1186.701775,1187.201775,30,30,-0.030715,0.064655,0.000101,0.000073,0.000082,0.013193,0
20260804_163742_531,1,Unspecified,2309,2026-08-04T16:57:29.7333774+09:00,2026-08-04T16:57:30.2333774+09:00,1187.201775,1187.701775,30,30,-0.003823,0.077729,0.000031,0.000001,0.000005,0.005646,0
20260804_163742_531,1,Unspecified,2310,2026-08-04T16:57:30.2333774+09:00,2026-08-04T16:57:30.7333774+09:00,1187.701775,1188.201775,30,30,0.005240,0.079286,0.000015,0.000000,0.000001,0.003847,0
20260804_163742_531,1,Unspecified,2311,2026-08-04T16:57:30.7333774+09:00,2026-08-04T16:57:31.2333774+09:00,1188.201775,1188.701775,30,30,0.010563,0.079042,0.000001,0.000000,0.000000,0.000825,0
20260804_163742_531,1,Unspecified,2312,2026-08-04T16:57:31.2333774+09:00,2026-08-04T16:57:31.7333774+09:00,1188.701775,1189.201775,30,30,0.016156,0.079491,0.000006,0.000000,0.000000,0.002411,0
20260804_163742_531,1,Unspecified,2313,2026-08-04T16:57:31.7333774+09:00,2026-08-04T16:57:32.2333774+09:00,1189.201775,1189.701775,30,30,0.025439,0.079230,0.000010,0.000000,0.000000,0.003099,0
20260804_163742_531,1,Unspecified,2314,2026-08-04T16:57:32.2333774+09:00,2026-08-04T16:57:32.7333774+09:00,1189.701775,1190.201775,30,30,0.041923,0.075364,0.000034,0.000005,-0.000013,0.006240,0
20260804_163742_531,1,Unspecified,2315,2026-08-04T16:57:32.7333774+09:00,2026-08-04T16:57:33.2333774+09:00,1190.201775,1190.701775,30,30,0.058948,0.070139,0.000072,0.000011,-0.000027,0.009068,0
20260804_163742_531,1,Unspecified,2316,2026-08-04T16:57:33.2333774+09:00,2026-08-04T16:57:33.7333774+09:00,1190.701775,1191.201775,30,30,0.071622,0.065095,0.000002,0.000001,-0.000001,0.001561,0
20260804_163742_531,1,Unspecified,2317,2026-08-04T16:57:33.7333774+09:00,2026-08-04T16:57:34.2333774+09:00,1191.201775,1191.701775,30,30,0.069873,0.065793,0.000000,0.000000,0.000000,0.000282,0
20260804_163742_531,1,Unspecified,2318,2026-08-04T16:57:34.2333774+09:00,2026-08-04T16:57:34.7333774+09:00,1191.701775,1192.201775,30,30,0.070340,0.065478,0.000000,0.000000,0.000000,0.000219,0
20260804_163742_531,1,Unspecified,2319,2026-08-04T16:57:34.7333774+09:00,2026-08-04T16:57:35.2333774+09:00,1192.201775,1192.701775,30,30,0.071231,0.065243,0.000000,0.000000,0.000000,0.000324,0
20260804_163742_531,1,Unspecified,2320,2026-08-04T16:57:35.2333774+09:00,2026-08-04T16:57:35.7333774+09:00,1192.701775,1193.201775,30,30,0.072439,0.064526,0.000001,0.000000,-0.000001,0.001282,0
20260804_163742_531,1,Unspecified,2321,2026-08-04T16:57:35.7333774+09:00,2026-08-04T16:57:36.2333774+09:00,1193.201775,1193.701775,30,30,0.074327,0.064654,0.000000,0.000000,0.000000,0.000796,0
20260804_163742_531,1,Unspecified,2322,2026-08-04T16:57:36.2333774+09:00,2026-08-04T16:57:36.7333774+09:00,1193.701775,1194.201775,30,30,0.070394,0.068299,0.000000,0.000000,0.000000,0.000891,0
20260804_163742_531,1,Unspecified,2323,2026-08-04T16:57:36.7333774+09:00,2026-08-04T16:57:37.2333774+09:00,1194.201775,1194.701775,30,30,0.070897,0.069201,0.000001,0.000000,0.000000,0.000792,0
20260804_163742_531,1,Unspecified,2324,2026-08-04T16:57:37.2333774+09:00,2026-08-04T16:57:37.7333774+09:00,1194.701775,1195.201775,30,30,0.071607,0.069312,0.000001,0.000000,0.000000,0.000836,0
20260804_163742_531,1,Unspecified,2325,2026-08-04T16:57:37.7333774+09:00,2026-08-04T16:57:38.2333774+09:00,1195.201775,1195.701775,30,30,0.070073,0.069911,0.000000,0.000000,0.000000,0.000369,0
20260804_163742_531,1,Unspecified,2326,2026-08-04T16:57:38.2333774+09:00,2026-08-04T16:57:38.7333774+09:00,1195.701775,1196.201775,30,30,0.071516,0.068951,0.000001,0.000000,0.000000,0.000823,0
20260804_163742_531,1,Unspecified,2327,2026-08-04T16:57:38.7333774+09:00,2026-08-04T16:57:39.2333774+09:00,1196.201775,1196.701775,30,30,0.074128,0.067843,0.000000,0.000000,0.000000,0.000632,0
20260804_163742_531,1,Unspecified,2328,2026-08-04T16:57:39.2333774+09:00,2026-08-04T16:57:39.7333774+09:00,1196.701775,1197.201775,30,30,0.075041,0.067452,0.000000,0.000000,0.000000,0.000105,0
20260804_163742_531,1,Unspecified,2329,2026-08-04T16:57:39.7333774+09:00,2026-08-04T16:57:40.2333774+09:00,1197.201775,1197.701775,30,30,0.075123,0.067297,0.000000,0.000000,0.000000,0.000213,0
20260804_163742_531,1,Unspecified,2330,2026-08-04T16:57:40.2333774+09:00,2026-08-04T16:57:40.7333774+09:00,1197.701775,1198.201775,30,30,0.073095,0.068458,0.000000,0.000000,0.000000,0.000723,0
20260804_163742_531,1,Unspecified,2331,2026-08-04T16:57:40.7333774+09:00,2026-08-04T16:57:41.2333774+09:00,1198.201775,1198.701775,30,30,0.073705,0.067305,0.000000,0.000000,0.000000,0.000914,0
20260804_163742_531,1,Unspecified,2332,2026-08-04T16:57:41.2333774+09:00,2026-08-04T16:57:41.7333774+09:00,1198.701775,1199.201775,30,30,0.073828,0.067050,0.000000,0.000000,0.000000,0.000776,0
20260804_163742_531,1,Unspecified,2333,2026-08-04T16:57:41.7333774+09:00,2026-08-04T16:57:42.2333774+09:00,1199.201775,1199.701775,30,30,0.071433,0.069499,0.000001,0.000002,-0.000001,0.001517,0
20260804_163742_531,1,Unspecified,2334,2026-08-04T16:57:42.2333774+09:00,2026-08-04T16:57:42.7333774+09:00,1199.701775,1200.201775,30,30,0.070128,0.071180,0.000001,0.000000,0.000000,0.000832,0
20260804_163742_531,1,Unspecified,2335,2026-08-04T16:57:42.7333774+09:00,2026-08-04T16:57:43.2333774+09:00,1200.201775,1200.701775,30,30,0.068450,0.071329,0.000000,0.000000,0.000000,0.000463,0
20260804_163742_531,1,Unspecified,2336,2026-08-04T16:57:43.2333774+09:00,2026-08-04T16:57:43.7333774+09:00,1200.701775,1201.201775,30,30,0.068421,0.071291,0.000000,0.000000,0.000000,0.000421,0
20260804_163742_531,1,Unspecified,2337,2026-08-04T16:57:43.7333774+09:00,2026-08-04T16:57:44.2333774+09:00,1201.201775,1201.701775,30,30,0.069768,0.070922,0.000000,0.000000,0.000000,0.000466,0
20260804_163742_531,1,Unspecified,2338,2026-08-04T16:57:44.2333774+09:00,2026-08-04T16:57:44.7333774+09:00,1201.701775,1202.201775,30,30,0.071061,0.070524,0.000000,0.000000,0.000000,0.000259,0
20260804_163742_531,1,Unspecified,2339,2026-08-04T16:57:44.7333774+09:00,2026-08-04T16:57:45.2333774+09:00,1202.201775,1202.701775,30,30,0.071334,0.070399,0.000000,0.000000,0.000000,0.000205,0
20260804_163742_531,1,Unspecified,2340,2026-08-04T16:57:45.2333774+09:00,2026-08-04T16:57:45.7333774+09:00,1202.701775,1203.201775,30,30,0.071498,0.069861,0.000000,0.000000,0.000000,0.000260,0
20260804_163742_531,1,Unspecified,2341,2026-08-04T16:57:45.7333774+09:00,2026-08-04T16:57:46.2333774+09:00,1203.201775,1203.701775,30,30,0.071824,0.069785,0.000000,0.000000,0.000000,0.000156,0
20260804_163742_531,1,Unspecified,2342,2026-08-04T16:57:46.2333774+09:00,2026-08-04T16:57:46.7333774+09:00,1203.701775,1204.201775,30,30,0.071421,0.069934,0.000000,0.000000,0.000000,0.000478,0
20260804_163742_531,1,Unspecified,2343,2026-08-04T16:57:46.7333774+09:00,2026-08-04T16:57:47.2333774+09:00,1204.201775,1204.701775,30,30,0.071271,0.069980,0.000000,0.000000,0.000000,0.000271,0
20260804_163742_531,1,Unspecified,2344,2026-08-04T16:57:47.2333774+09:00,2026-08-04T16:57:47.7333774+09:00,1204.701775,1205.201775,30,30,0.071537,0.070029,0.000000,0.000000,0.000000,0.000114,0
20260804_163742_531,1,Unspecified,2345,2026-08-04T16:57:47.7333774+09:00,2026-08-04T16:57:48.2333774+09:00,1205.201775,1205.701775,30,30,0.071846,0.070003,0.000000,0.000000,0.000000,0.000067,0
20260804_163742_531,1,Unspecified,2346,2026-08-04T16:57:48.2333774+09:00,2026-08-04T16:57:48.7333774+09:00,1205.701775,1206.201775,30,30,0.072205,0.069886,0.000000,0.000000,0.000000,0.000115,0
20260804_163742_531,1,Unspecified,2347,2026-08-04T16:57:48.7333774+09:00,2026-08-04T16:57:49.2333774+09:00,1206.201775,1206.701775,30,30,0.072429,0.069824,0.000000,0.000000,0.000000,0.000113,0
20260804_163742_531,1,Unspecified,2348,2026-08-04T16:57:49.2333774+09:00,2026-08-04T16:57:49.7333774+09:00,1206.701775,1207.201775,30,30,0.072443,0.069761,0.000000,0.000000,0.000000,0.000241,0
20260804_163742_531,1,Unspecified,2349,2026-08-04T16:57:49.7333774+09:00,2026-08-04T16:57:50.2333774+09:00,1207.201775,1207.701775,30,30,0.073051,0.069606,0.000000,0.000000,0.000000,0.000111,0
20260804_163742_531,1,Unspecified,2350,2026-08-04T16:57:50.2333774+09:00,2026-08-04T16:57:50.7333774+09:00,1207.701775,1208.201775,30,30,0.073165,0.069582,0.000000,0.000000,0.000000,0.000097,0
20260804_163742_531,1,Unspecified,2351,2026-08-04T16:57:50.7333774+09:00,2026-08-04T16:57:51.2333774+09:00,1208.201775,1208.701775,30,30,0.072680,0.069648,0.000000,0.000000,0.000000,0.000116,0
20260804_163742_531,1,Unspecified,2352,2026-08-04T16:57:51.2333774+09:00,2026-08-04T16:57:51.7333774+09:00,1208.701775,1209.201775,30,30,0.073009,0.069533,0.000000,0.000000,0.000000,0.000076,0
20260804_163742_531,1,Unspecified,2353,2026-08-04T16:57:51.7333774+09:00,2026-08-04T16:57:52.2333774+09:00,1209.201775,1209.701775,30,30,0.073159,0.069543,0.000000,0.000000,0.000000,0.000082,0
20260804_163742_531,1,Unspecified,2354,2026-08-04T16:57:52.2333774+09:00,2026-08-04T16:57:52.7333774+09:00,1209.701775,1210.201775,30,30,0.073324,0.069515,0.000000,0.000000,0.000000,0.000082,0
20260804_163742_531,1,Unspecified,2355,2026-08-04T16:57:52.7333774+09:00,2026-08-04T16:57:53.2333774+09:00,1210.201775,1210.701775,30,30,0.073455,0.069492,0.000000,0.000000,0.000000,0.000082,0
20260804_163742_531,1,Unspecified,2356,2026-08-04T16:57:53.2333774+09:00,2026-08-04T16:57:53.7333774+09:00,1210.701775,1211.201775,30,30,0.072440,0.069816,0.000000,0.000000,0.000000,0.000419,0
20260804_163742_531,1,Unspecified,2357,2026-08-04T16:57:53.7333774+09:00,2026-08-04T16:57:54.2333774+09:00,1211.201775,1211.701775,30,30,0.072760,0.069784,0.000000,0.000000,0.000000,0.000077,0
20260804_163742_531,1,Unspecified,2358,2026-08-04T16:57:54.2333774+09:00,2026-08-04T16:57:54.7333774+09:00,1211.701775,1212.201775,30,30,0.072939,0.069731,0.000000,0.000000,0.000000,0.000103,0
20260804_163742_531,1,Unspecified,2359,2026-08-04T16:57:54.7333774+09:00,2026-08-04T16:57:55.2333774+09:00,1212.201775,1212.701775,30,30,0.073091,0.069658,0.000000,0.000000,0.000000,0.000115,0
20260804_163742_531,1,Unspecified,2360,2026-08-04T16:57:55.2333774+09:00,2026-08-04T16:57:55.7333774+09:00,1212.701775,1213.201775,30,30,0.073555,0.069434,0.000000,0.000000,0.000000,0.000347,0
20260804_163742_531,1,Unspecified,2361,2026-08-04T16:57:55.7333774+09:00,2026-08-04T16:57:56.2333774+09:00,1213.201775,1213.701775,30,30,0.074291,0.069094,0.000000,0.000000,0.000000,0.000271,0
20260804_163742_531,1,Unspecified,2362,2026-08-04T16:57:56.2333774+09:00,2026-08-04T16:57:56.7333774+09:00,1213.701775,1214.201775,30,30,0.074874,0.068796,0.000000,0.000000,0.000000,0.000265,0
20260804_163742_531,1,Unspecified,2363,2026-08-04T16:57:56.7333774+09:00,2026-08-04T16:57:57.2333774+09:00,1214.201775,1214.701775,30,30,0.074786,0.068957,0.000000,0.000000,0.000000,0.000272,0
20260804_163742_531,1,Unspecified,2364,2026-08-04T16:57:57.2333774+09:00,2026-08-04T16:57:57.7333774+09:00,1214.701775,1215.201775,30,30,0.074770,0.070148,0.000001,0.000000,0.000000,0.000825,0
20260804_163742_531,1,Unspecified,2365,2026-08-04T16:57:57.7333774+09:00,2026-08-04T16:57:58.2333774+09:00,1215.201775,1215.701775,30,30,0.074315,0.070363,0.000000,0.000000,0.000000,0.000361,0
20260804_163742_531,1,Unspecified,2366,2026-08-04T16:57:58.2333774+09:00,2026-08-04T16:57:58.7333774+09:00,1215.701775,1216.201775,30,30,0.074545,0.070455,0.000000,0.000000,0.000000,0.000214,0
20260804_163742_531,1,Unspecified,2367,2026-08-04T16:57:58.7333774+09:00,2026-08-04T16:57:59.2333774+09:00,1216.201775,1216.701775,30,30,0.074402,0.070537,0.000000,0.000000,0.000000,0.000163,0
20260804_163742_531,1,Unspecified,2368,2026-08-04T16:57:59.2333774+09:00,2026-08-04T16:57:59.7333774+09:00,1216.701775,1217.201775,30,30,0.074495,0.070457,0.000000,0.000000,0.000000,0.000126,0
20260804_163742_531,1,Unspecified,2369,2026-08-04T16:57:59.7333774+09:00,2026-08-04T16:58:00.2333774+09:00,1217.201775,1217.701775,30,30,0.074796,0.070289,0.000000,0.000000,0.000000,0.000122,0
20260804_163742_531,1,Unspecified,2370,2026-08-04T16:58:00.2333774+09:00,2026-08-04T16:58:00.7333774+09:00,1217.701775,1218.201775,30,30,0.074906,0.069806,0.000000,0.000000,0.000000,0.000243,0
20260804_163742_531,1,Unspecified,2371,2026-08-04T16:58:00.7333774+09:00,2026-08-04T16:58:01.2333774+09:00,1218.201775,1218.701775,30,30,0.075534,0.069648,0.000000,0.000000,0.000000,0.000097,0
20260804_163742_531,1,Unspecified,2372,2026-08-04T16:58:01.2333774+09:00,2026-08-04T16:58:01.7333774+09:00,1218.701775,1219.201775,30,30,0.076511,0.069479,0.000001,0.000000,0.000000,0.000736,0
20260804_163742_531,1,Unspecified,2373,2026-08-04T16:58:01.7333774+09:00,2026-08-04T16:58:02.2333774+09:00,1219.201775,1219.701775,30,30,0.064711,0.070333,0.000156,0.000007,-0.000030,0.012746,0
20260804_163742_531,1,Unspecified,2374,2026-08-04T16:58:02.2333774+09:00,2026-08-04T16:58:02.7333774+09:00,1219.701775,1220.201775,30,30,-0.001819,0.074106,0.000299,0.000008,0.000045,0.017527,0
20260804_163742_531,1,Unspecified,2375,2026-08-04T16:58:02.7333774+09:00,2026-08-04T16:58:03.2333774+09:00,1220.201775,1220.701775,30,30,-0.022142,0.069643,0.000000,0.000000,0.000000,0.000799,0
20260804_163742_531,1,Unspecified,2376,2026-08-04T16:58:03.2333774+09:00,2026-08-04T16:58:03.7333774+09:00,1220.701775,1221.201775,30,30,-0.027148,0.068710,0.000003,0.000001,0.000002,0.002053,0
20260804_163742_531,1,Unspecified,2377,2026-08-04T16:58:03.7333774+09:00,2026-08-04T16:58:04.2333774+09:00,1221.201775,1221.701775,30,30,-0.029284,0.066857,0.000002,0.000001,0.000001,0.001618,0
20260804_163742_531,1,Unspecified,2378,2026-08-04T16:58:04.2333774+09:00,2026-08-04T16:58:04.7333774+09:00,1221.701775,1222.201775,30,30,-0.031037,0.064517,0.000000,0.000001,0.000000,0.000982,0
20260804_163742_531,1,Unspecified,2379,2026-08-04T16:58:04.7333774+09:00,2026-08-04T16:58:05.2333774+09:00,1222.201775,1222.701775,30,30,-0.046684,0.038941,0.000048,0.000218,0.000099,0.016295,0
20260804_163742_531,1,Unspecified,2380,2026-08-04T16:58:05.2333774+09:00,2026-08-04T16:58:05.7333774+09:00,1222.701775,1223.201775,30,30,-0.049211,0.014928,0.000027,0.000010,0.000013,0.006090,0
20260804_163742_531,1,Unspecified,2381,2026-08-04T16:58:05.7333774+09:00,2026-08-04T16:58:06.2333774+09:00,1223.201775,1223.701775,30,30,-0.035280,0.024484,0.000001,0.000003,0.000001,0.002178,0
20260804_163742_531,1,Unspecified,2382,2026-08-04T16:58:06.2333774+09:00,2026-08-04T16:58:06.7333774+09:00,1223.701775,1224.201775,30,30,-0.050482,0.015515,0.000040,0.000003,0.000011,0.006546,0
20260804_163742_531,1,Unspecified,2383,2026-08-04T16:58:06.7333774+09:00,2026-08-04T16:58:07.2333774+09:00,1224.201775,1224.701775,30,30,-0.060855,0.009405,0.000008,0.000009,0.000008,0.004129,0
20260804_163742_531,1,Unspecified,2384,2026-08-04T16:58:07.2333774+09:00,2026-08-04T16:58:07.7333774+09:00,1224.701775,1225.201775,30,30,-0.071304,-0.005454,0.000002,0.000011,0.000004,0.003645,0
20260804_163742_531,1,Unspecified,2385,2026-08-04T16:58:07.7333774+09:00,2026-08-04T16:58:08.2333774+09:00,1225.201775,1225.701775,30,30,-0.071302,-0.005348,0.000000,0.000004,0.000000,0.001983,0
20260804_163742_531,1,Unspecified,2386,2026-08-04T16:58:08.2333774+09:00,2026-08-04T16:58:08.7333774+09:00,1225.701775,1226.201775,30,30,-0.071494,-0.003852,0.000001,0.000001,0.000001,0.001420,0
20260804_163742_531,1,Unspecified,2387,2026-08-04T16:58:08.7333774+09:00,2026-08-04T16:58:09.2333774+09:00,1226.201775,1226.701775,30,30,-0.072431,-0.003191,0.000000,0.000000,0.000000,0.000854,0
20260804_163742_531,1,Unspecified,2388,2026-08-04T16:58:09.2333774+09:00,2026-08-04T16:58:09.7333774+09:00,1226.701775,1227.201775,30,30,-0.071724,-0.003636,0.000000,0.000000,0.000000,0.000544,0
20260804_163742_531,1,Unspecified,2389,2026-08-04T16:58:09.7333774+09:00,2026-08-04T16:58:10.2333774+09:00,1227.201775,1227.701775,30,30,-0.071680,-0.004595,0.000000,0.000000,0.000000,0.000403,0
20260804_163742_531,1,Unspecified,2390,2026-08-04T16:58:10.2333774+09:00,2026-08-04T16:58:10.7333774+09:00,1227.701775,1228.201775,30,30,-0.072199,-0.005385,0.000000,0.000000,0.000000,0.000206,0
20260804_163742_531,1,Unspecified,2391,2026-08-04T16:58:10.7333774+09:00,2026-08-04T16:58:11.2333774+09:00,1228.201775,1228.701775,30,30,-0.072697,-0.006166,0.000000,0.000000,0.000000,0.000455,0
20260804_163742_531,1,Unspecified,2392,2026-08-04T16:58:11.2333774+09:00,2026-08-04T16:58:11.7333774+09:00,1228.701775,1229.201775,30,30,-0.073026,-0.007101,0.000000,0.000000,0.000000,0.000378,0
20260804_163742_531,1,Unspecified,2393,2026-08-04T16:58:11.7333774+09:00,2026-08-04T16:58:12.2333774+09:00,1229.201775,1229.701775,30,30,-0.073277,-0.008556,0.000000,0.000000,0.000000,0.000364,0
20260804_163742_531,1,Unspecified,2394,2026-08-04T16:58:12.2333774+09:00,2026-08-04T16:58:12.7333774+09:00,1229.701775,1230.201775,30,30,-0.073863,-0.010206,0.000000,0.000000,0.000000,0.000424,0
20260804_163742_531,1,Unspecified,2395,2026-08-04T16:58:12.7333774+09:00,2026-08-04T16:58:13.2333774+09:00,1230.201775,1230.701775,30,30,-0.074002,-0.011239,0.000000,0.000000,0.000000,0.000330,0
20260804_163742_531,1,Unspecified,2396,2026-08-04T16:58:13.2333774+09:00,2026-08-04T16:58:13.7333774+09:00,1230.701775,1231.201775,30,30,-0.073685,-0.011207,0.000000,0.000000,0.000000,0.000354,0
20260804_163742_531,1,Unspecified,2397,2026-08-04T16:58:13.7333774+09:00,2026-08-04T16:58:14.2333774+09:00,1231.201775,1231.701775,30,30,-0.074130,-0.014497,0.000000,0.000007,0.000001,0.002684,0
20260804_163742_531,1,Unspecified,2398,2026-08-04T16:58:14.2333774+09:00,2026-08-04T16:58:14.7333774+09:00,1231.701775,1232.201775,30,30,-0.076774,-0.027154,0.000002,0.000014,0.000004,0.003891,0
20260804_163742_531,1,Unspecified,2399,2026-08-04T16:58:14.7333774+09:00,2026-08-04T16:58:15.2333774+09:00,1232.201775,1232.701775,30,30,-0.081359,-0.034615,0.000001,0.000001,0.000001,0.001392,0
20260804_163742_531,1,Unspecified,2400,2026-08-04T16:58:15.2333774+09:00,2026-08-04T16:58:15.7333774+09:00,1232.701775,1233.201775,30,30,-0.083138,-0.032114,0.000000,0.000003,0.000000,0.001887,0
20260804_163742_531,1,Unspecified,2401,2026-08-04T16:58:15.7333774+09:00,2026-08-04T16:58:16.2333774+09:00,1233.201775,1233.701775,30,30,-0.082755,-0.026270,0.000000,0.000002,0.000000,0.001540,0
20260804_163742_531,1,Unspecified,2402,2026-08-04T16:58:16.2333774+09:00,2026-08-04T16:58:16.7333774+09:00,1233.701775,1234.201775,30,30,-0.084520,-0.019962,0.000002,0.000006,0.000001,0.002843,0
20260804_163742_531,1,Unspecified,2403,2026-08-04T16:58:16.7333774+09:00,2026-08-04T16:58:17.2333774+09:00,1234.201775,1234.701775,30,30,-0.057332,0.012454,0.000266,0.000330,0.000294,0.024416,0
20260804_163742_531,1,Unspecified,2404,2026-08-04T16:58:17.2333774+09:00,2026-08-04T16:58:17.7333774+09:00,1234.701775,1235.201775,30,30,0.005249,0.063641,0.000155,0.000060,0.000096,0.014671,0
20260804_163742_531,1,Unspecified,2405,2026-08-04T16:58:17.7333774+09:00,2026-08-04T16:58:18.2333774+09:00,1235.201775,1235.701775,30,30,0.018742,0.066964,0.000001,0.000005,-0.000002,0.002399,0
20260804_163742_531,1,Unspecified,2406,2026-08-04T16:58:18.2333774+09:00,2026-08-04T16:58:18.7333774+09:00,1235.701775,1236.201775,30,30,0.029198,0.059740,0.000023,0.000002,-0.000005,0.004937,0
20260804_163742_531,1,Unspecified,2407,2026-08-04T16:58:18.7333774+09:00,2026-08-04T16:58:19.2333774+09:00,1236.201775,1236.701775,30,30,0.033526,0.062219,0.000009,0.000005,-0.000006,0.003686,0
20260804_163742_531,1,Unspecified,2408,2026-08-04T16:58:19.2333774+09:00,2026-08-04T16:58:19.7333774+09:00,1236.701775,1237.201775,30,30,0.021803,0.069164,0.000002,0.000000,-0.000001,0.001447,0
20260804_163742_531,1,Unspecified,2409,2026-08-04T16:58:19.7333774+09:00,2026-08-04T16:58:20.2333774+09:00,1237.201775,1237.701775,30,30,0.020761,0.070210,0.000000,0.000001,0.000000,0.001037,0
20260804_163742_531,1,Unspecified,2410,2026-08-04T16:58:20.2333774+09:00,2026-08-04T16:58:20.7333774+09:00,1237.701775,1238.201775,30,30,0.020585,0.073277,0.000000,0.000000,0.000000,0.000611,0
20260804_163742_531,1,Unspecified,2411,2026-08-04T16:58:20.7333774+09:00,2026-08-04T16:58:21.2333774+09:00,1238.201775,1238.701775,30,30,0.020294,0.074424,0.000000,0.000000,0.000000,0.000302,0
20260804_163742_531,1,Unspecified,2412,2026-08-04T16:58:21.2333774+09:00,2026-08-04T16:58:21.7333774+09:00,1238.701775,1239.201775,11,11,0.020935,0.075002,0.000000,0.000000,0.000000,0.000173,0
20260804_163742_531,1,Unspecified,2413,2026-08-04T16:58:21.7333774+09:00,2026-08-04T16:58:22.1043774+09:00,1239.201775,1239.572620,1,0,,,,,,,1
