SessionId,RecordingId,Condition,WindowIndex,WindowStartAbsTime,WindowEndAbsTime,WindowStartElapsedSec,WindowEndElapsedSec,SampleCount,ValidSampleCount,MeanGazeX,MeanGazeY,VarianceGazeX,VarianceGazeY,CovarianceXY,Dispersion,TrackingFailureCount
20260821_170411_847,1,Unspecified,0,2026-08-21T17:05:26.1904105+09:00,2026-08-21T17:05:26.6904105+09:00,74.342781,74.842781,30,30,-0.160711,-0.048871,0.000605,0.000407,0.000335,0.031806,0
20260821_170411_847,1,Unspecified,1,2026-08-21T17:05:26.6904105+09:00,2026-08-21T17:05:27.1904105+09:00,74.842781,75.342781,30,30,-0.096282,-0.056994,0.000087,0.000501,-0.000023,0.024246,0
20260821_170411_847,1,Unspecified,2,2026-08-21T17:05:27.1904105+09:00,2026-08-21T17:05:27.6904105+09:00,75.342781,75.842781,30,30,-0.066768,-0.105419,0.001652,0.007610,-0.003414,0.096242,0
20260821_170411_847,1,Unspecified,3,2026-08-21T17:05:27.6904105+09:00,2026-08-21T17:05:28.1904105+09:00,75.842781,76.342781,30,30,0.004921,-0.239635,0.000427,0.000317,-0.000138,0.027279,0
20260821_170411_847,1,Unspecified,4,2026-08-21T17:05:28.1904105+09:00,2026-08-21T17:05:28.6904105+09:00,76.342781,76.842781,30,30,-0.062454,-0.267823,0.000180,0.002332,0.000243,0.050120,0
20260821_170411_847,1,Unspecified,5,2026-08-21T17:05:28.6904105+09:00,2026-08-21T17:05:29.1904105+09:00,76.842781,77.342781,30,30,-0.100174,0.007674,0.000367,0.000632,-0.000402,0.031603,0
20260821_170411_847,1,Unspecified,6,2026-08-21T17:05:29.1904105+09:00,2026-08-21T17:05:29.6904105+09:00,77.342781,77.842781,30,30,-0.115666,0.012321,0.000002,0.000014,0.000001,0.004013,0
20260821_170411_847,1,Unspecified,7,2026-08-21T17:05:29.6904105+09:00,2026-08-21T17:05:30.1904105+09:00,77.842781,78.342781,30,30,-0.148562,-0.021272,0.000556,0.000554,0.000522,0.033323,0
20260821_170411_847,1,Unspecified,8,2026-08-21T17:05:30.1904105+09:00,2026-08-21T17:05:30.6904105+09:00,78.342781,78.842781,30,30,-0.125960,-0.029405,0.000826,0.000361,-0.000045,0.034441,0
20260821_170411_847,1,Unspecified,9,2026-08-21T17:05:30.6904105+09:00,2026-08-21T17:05:31.1904105+09:00,78.842781,79.342781,30,30,-0.119403,-0.025153,0.000723,0.000656,0.000071,0.037138,0
20260821_170411_847,1,Unspecified,10,2026-08-21T17:05:31.1904105+09:00,2026-08-21T17:05:31.6904105+09:00,79.342781,79.842781,30,30,-0.118802,-0.017033,0.000055,0.000202,0.000086,0.016029,0
20260821_170411_847,1,Unspecified,11,2026-08-21T17:05:31.6904105+09:00,2026-08-21T17:05:32.1904105+09:00,79.842781,80.342781,30,30,-0.125273,-0.000458,0.000051,0.000031,-0.000006,0.009087,0
20260821_170411_847,1,Unspecified,12,2026-08-21T17:05:32.1904105+09:00,2026-08-21T17:05:32.6904105+09:00,80.342781,80.842781,30,30,-0.125010,-0.010529,0.000024,0.000134,-0.000040,0.012568,0
20260821_170411_847,1,Unspecified,13,2026-08-21T17:05:32.6904105+09:00,2026-08-21T17:05:33.1904105+09:00,80.842781,81.342781,30,30,-0.124248,-0.012603,0.000019,0.000110,-0.000029,0.011389,0
20260821_170411_847,1,Unspecified,14,2026-08-21T17:05:33.1904105+09:00,2026-08-21T17:05:33.6904105+09:00,81.342781,81.842781,30,30,-0.126080,-0.012268,0.000019,0.000177,0.000047,0.014029,0
20260821_170411_847,1,Unspecified,15,2026-08-21T17:05:33.6904105+09:00,2026-08-21T17:05:34.1904105+09:00,81.842781,82.342781,30,30,-0.122868,-0.007184,0.000001,0.000001,0.000000,0.001210,0
20260821_170411_847,1,Unspecified,16,2026-08-21T17:05:34.1904105+09:00,2026-08-21T17:05:34.6904105+09:00,82.342781,82.842781,30,30,-0.123219,-0.009407,0.000003,0.000004,0.000000,0.002613,0
20260821_170411_847,1,Unspecified,17,2026-08-21T17:05:34.6904105+09:00,2026-08-21T17:05:35.1904105+09:00,82.842781,83.342781,30,30,-0.125327,-0.010554,0.000003,0.000003,-0.000001,0.002454,0
20260821_170411_847,1,Unspecified,18,2026-08-21T17:05:35.1904105+09:00,2026-08-21T17:05:35.6904105+09:00,83.342781,83.842781,30,30,-0.140828,-0.003431,0.000094,0.000174,0.000050,0.016377,0
20260821_170411_847,1,Unspecified,19,2026-08-21T17:05:35.6904105+09:00,2026-08-21T17:05:36.1904105+09:00,83.842781,84.342781,30,30,-0.132661,0.006030,0.000006,0.000013,-0.000002,0.004300,0
20260821_170411_847,1,Unspecified,20,2026-08-21T17:05:36.1904105+09:00,2026-08-21T17:05:36.6904105+09:00,84.342781,84.842781,30,30,-0.128643,0.005430,0.000003,0.000004,0.000000,0.002596,0
20260821_170411_847,1,Unspecified,21,2026-08-21T17:05:36.6904105+09:00,2026-08-21T17:05:37.1904105+09:00,84.842781,85.342781,30,30,-0.129004,0.002706,0.000001,0.000003,0.000000,0.001853,0
20260821_170411_847,1,Unspecified,22,2026-08-21T17:05:37.1904105+09:00,2026-08-21T17:05:37.6904105+09:00,85.342781,85.842781,30,30,-0.130368,0.000944,0.000002,0.000003,0.000000,0.002406,0
20260821_170411_847,1,Unspecified,23,2026-08-21T17:05:37.6904105+09:00,2026-08-21T17:05:38.1904105+09:00,85.842781,86.342781,30,30,-0.131367,0.001494,0.000012,0.000023,-0.000008,0.005909,0
20260821_170411_847,1,Unspecified,24,2026-08-21T17:05:38.1904105+09:00,2026-08-21T17:05:38.6904105+09:00,86.342781,86.842781,30,30,-0.124508,0.007972,0.000003,0.000006,0.000000,0.002893,0
20260821_170411_847,1,Unspecified,25,2026-08-21T17:05:38.6904105+09:00,2026-08-21T17:05:39.1904105+09:00,86.842781,87.342781,30,30,-0.123598,0.008638,0.000003,0.000001,0.000000,0.002167,0
20260821_170411_847,1,Unspecified,26,2026-08-21T17:05:39.1904105+09:00,2026-08-21T17:05:39.6904105+09:00,87.342781,87.842781,30,30,-0.124887,0.007008,0.000002,0.000004,0.000000,0.002292,0
20260821_170411_847,1,Unspecified,27,2026-08-21T17:05:39.6904105+09:00,2026-08-21T17:05:40.1904105+09:00,87.842781,88.342781,30,30,-0.124708,0.006088,0.000002,0.000002,0.000000,0.002046,0
20260821_170411_847,1,Unspecified,28,2026-08-21T17:05:40.1904105+09:00,2026-08-21T17:05:40.6904105+09:00,88.342781,88.842781,30,30,-0.123813,0.005712,0.000003,0.000001,0.000000,0.002099,0
20260821_170411_847,1,Unspecified,29,2026-08-21T17:05:40.6904105+09:00,2026-08-21T17:05:41.1904105+09:00,88.842781,89.342781,30,30,-0.124642,0.006992,0.000012,0.000005,0.000001,0.004116,0
20260821_170411_847,1,Unspecified,30,2026-08-21T17:05:41.1904105+09:00,2026-08-21T17:05:41.6904105+09:00,89.342781,89.842781,30,30,-0.135464,-0.008302,0.000330,0.000713,0.000146,0.032295,0
20260821_170411_847,1,Unspecified,31,2026-08-21T17:05:41.6904105+09:00,2026-08-21T17:05:42.1904105+09:00,89.842781,90.342781,30,30,-0.128491,-0.009963,0.000118,0.000596,0.000169,0.026726,0
20260821_170411_847,1,Unspecified,32,2026-08-21T17:05:42.1904105+09:00,2026-08-21T17:05:42.6904105+09:00,90.342781,90.842781,30,30,-0.121252,0.009468,0.000001,0.000002,0.000000,0.001679,0
20260821_170411_847,1,Unspecified,33,2026-08-21T17:05:42.6904105+09:00,2026-08-21T17:05:43.1904105+09:00,90.842781,91.342781,30,30,-0.120036,0.008756,0.000001,0.000003,0.000001,0.002076,0
20260821_170411_847,1,Unspecified,34,2026-08-21T17:05:43.1904105+09:00,2026-08-21T17:05:43.6904105+09:00,91.342781,91.842781,30,30,-0.136303,-0.005342,0.000382,0.001402,0.000609,0.042237,0
20260821_170411_847,1,Unspecified,35,2026-08-21T17:05:43.6904105+09:00,2026-08-21T17:05:44.1904105+09:00,91.842781,92.342781,30,30,-0.130278,-0.007792,0.000364,0.001077,0.000533,0.037968,0
20260821_170411_847,1,Unspecified,36,2026-08-21T17:05:44.1904105+09:00,2026-08-21T17:05:44.6904105+09:00,92.342781,92.842781,30,30,-0.116513,0.011731,0.000003,0.000002,-0.000001,0.002294,0
20260821_170411_847,1,Unspecified,37,2026-08-21T17:05:44.6904105+09:00,2026-08-21T17:05:45.1904105+09:00,92.842781,93.342781,30,30,-0.116499,0.013181,0.000002,0.000002,0.000000,0.001891,0
20260821_170411_847,1,Unspecified,38,2026-08-21T17:05:45.1904105+09:00,2026-08-21T17:05:45.6904105+09:00,93.342781,93.842781,30,30,-0.114876,0.015937,0.000002,0.000002,0.000000,0.001895,0
20260821_170411_847,1,Unspecified,39,2026-08-21T17:05:45.6904105+09:00,2026-08-21T17:05:46.1904105+09:00,93.842781,94.342781,30,30,-0.117364,0.018459,0.000036,0.000030,-0.000006,0.008114,0
20260821_170411_847,1,Unspecified,40,2026-08-21T17:05:46.1904105+09:00,2026-08-21T17:05:46.6904105+09:00,94.342781,94.842781,30,30,-0.114580,0.023961,0.000002,0.000003,-0.000001,0.002229,0
20260821_170411_847,1,Unspecified,41,2026-08-21T17:05:46.6904105+09:00,2026-08-21T17:05:47.1904105+09:00,94.842781,95.342781,30,30,-0.115771,0.024094,0.000002,0.000004,0.000000,0.002394,0
20260821_170411_847,1,Unspecified,42,2026-08-21T17:05:47.1904105+09:00,2026-08-21T17:05:47.6904105+09:00,95.342781,95.842781,30,30,-0.124770,0.021942,0.000077,0.000015,-0.000028,0.009552,0
20260821_170411_847,1,Unspecified,43,2026-08-21T17:05:47.6904105+09:00,2026-08-21T17:05:48.1904105+09:00,95.842781,96.342781,30,30,-0.128425,0.000195,0.000160,0.000796,0.000032,0.030920,0
20260821_170411_847,1,Unspecified,44,2026-08-21T17:05:48.1904105+09:00,2026-08-21T17:05:48.6904105+09:00,96.342781,96.842781,30,30,-0.114772,0.023315,0.000016,0.000008,0.000002,0.004836,0
20260821_170411_847,1,Unspecified,45,2026-08-21T17:05:48.6904105+09:00,2026-08-21T17:05:49.1904105+09:00,96.842781,97.342781,30,30,-0.113234,0.026320,0.000001,0.000003,0.000000,0.002134,0
20260821_170411_847,1,Unspecified,46,2026-08-21T17:05:49.1904105+09:00,2026-08-21T17:05:49.6904105+09:00,97.342781,97.842781,30,30,-0.112109,0.015306,0.000205,0.000220,-0.000101,0.020628,0
20260821_170411_847,1,Unspecified,47,2026-08-21T17:05:49.6904105+09:00,2026-08-21T17:05:50.1904105+09:00,97.842781,98.342781,30,30,-0.107784,0.011203,0.000168,0.000930,-0.000024,0.033125,0
20260821_170411_847,1,Unspecified,48,2026-08-21T17:05:50.1904105+09:00,2026-08-21T17:05:50.6904105+09:00,98.342781,98.842781,30,30,-0.133180,-0.001810,0.000131,0.000125,-0.000058,0.015996,0
20260821_170411_847,1,Unspecified,49,2026-08-21T17:05:50.6904105+09:00,2026-08-21T17:05:51.1904105+09:00,98.842781,99.342781,30,30,-0.128672,0.004688,0.000002,0.000004,0.000000,0.002479,0
20260821_170411_847,1,Unspecified,50,2026-08-21T17:05:51.1904105+09:00,2026-08-21T17:05:51.6904105+09:00,99.342781,99.842781,30,30,-0.130043,0.007495,0.000008,0.000002,0.000000,0.003189,0
20260821_170411_847,1,Unspecified,51,2026-08-21T17:05:51.6904105+09:00,2026-08-21T17:05:52.1904105+09:00,99.842781,100.342781,30,30,-0.128593,-0.038495,0.000371,0.000265,-0.000166,0.025219,0
20260821_170411_847,1,Unspecified,52,2026-08-21T17:05:52.1904105+09:00,2026-08-21T17:05:52.6904105+09:00,100.342781,100.842781,30,30,-0.125179,-0.017141,0.001103,0.000314,-0.000311,0.037646,0
20260821_170411_847,1,Unspecified,53,2026-08-21T17:05:52.6904105+09:00,2026-08-21T17:05:53.1904105+09:00,100.842781,101.342781,30,30,-0.138570,-0.000911,0.000002,0.000006,0.000001,0.002827,0
20260821_170411_847,1,Unspecified,54,2026-08-21T17:05:53.1904105+09:00,2026-08-21T17:05:53.6904105+09:00,101.342781,101.842781,30,30,-0.140241,-0.011832,0.000101,0.000431,-0.000002,0.023060,0
20260821_170411_847,1,Unspecified,55,2026-08-21T17:05:53.6904105+09:00,2026-08-21T17:05:54.1904105+09:00,101.842781,102.342781,30,30,-0.138932,-0.021177,0.001152,0.001087,0.000459,0.047309,0
20260821_170411_847,1,Unspecified,56,2026-08-21T17:05:54.1904105+09:00,2026-08-21T17:05:54.6904105+09:00,102.342781,102.842781,30,30,-0.133881,0.005332,0.000004,0.000007,0.000002,0.003341,0
20260821_170411_847,1,Unspecified,57,2026-08-21T17:05:54.6904105+09:00,2026-08-21T17:05:55.1904105+09:00,102.842781,103.342781,30,30,-0.130831,0.005789,0.000003,0.000005,0.000003,0.002906,0
20260821_170411_847,1,Unspecified,58,2026-08-21T17:05:55.1904105+09:00,2026-08-21T17:05:55.6904105+09:00,103.342781,103.842781,30,30,-0.141679,-0.015681,0.000582,0.001364,0.000414,0.044118,0
20260821_170411_847,1,Unspecified,59,2026-08-21T17:05:55.6904105+09:00,2026-08-21T17:05:56.1904105+09:00,103.842781,104.342781,30,30,-0.178484,-0.049337,0.000085,0.000060,0.000009,0.012051,0
20260821_170411_847,1,Unspecified,60,2026-08-21T17:05:56.1904105+09:00,2026-08-21T17:05:56.6904105+09:00,104.342781,104.842781,30,30,-0.137020,-0.036368,0.001375,0.000490,0.000266,0.043192,0
20260821_170411_847,1,Unspecified,61,2026-08-21T17:05:56.6904105+09:00,2026-08-21T17:05:57.1904105+09:00,104.842781,105.342781,30,30,-0.131091,-0.013917,0.000003,0.000002,0.000000,0.002174,0
20260821_170411_847,1,Unspecified,62,2026-08-21T17:05:57.1904105+09:00,2026-08-21T17:05:57.6904105+09:00,105.342781,105.842781,30,30,-0.141990,-0.034743,0.000201,0.000682,0.000114,0.029714,0
20260821_170411_847,1,Unspecified,63,2026-08-21T17:05:57.6904105+09:00,2026-08-21T17:05:58.1904105+09:00,105.842781,106.342781,30,30,-0.176453,-0.045565,0.000176,0.000056,-0.000007,0.015257,0
20260821_170411_847,1,Unspecified,64,2026-08-21T17:05:58.1904105+09:00,2026-08-21T17:05:58.6904105+09:00,106.342781,106.842781,30,30,-0.131489,-0.029788,0.002193,0.000132,0.000193,0.048218,0
20260821_170411_847,1,Unspecified,65,2026-08-21T17:05:58.6904105+09:00,2026-08-21T17:05:59.1904105+09:00,106.842781,107.342781,30,30,-0.129781,-0.015963,0.000004,0.000007,-0.000002,0.003392,0
20260821_170411_847,1,Unspecified,66,2026-08-21T17:05:59.1904105+09:00,2026-08-21T17:05:59.6904105+09:00,107.342781,107.842781,30,30,-0.132396,-0.017300,0.000001,0.000005,-0.000001,0.002382,0
20260821_170411_847,1,Unspecified,67,2026-08-21T17:05:59.6904105+09:00,2026-08-21T17:06:00.1904105+09:00,107.842781,108.342781,30,30,-0.134409,-0.016463,0.000002,0.000005,-0.000002,0.002712,0
20260821_170411_847,1,Unspecified,68,2026-08-21T17:06:00.1904105+09:00,2026-08-21T17:06:00.6904105+09:00,108.342781,108.842781,30,30,-0.134568,-0.017489,0.000002,0.000004,0.000000,0.002406,0
20260821_170411_847,1,Unspecified,69,2026-08-21T17:06:00.6904105+09:00,2026-08-21T17:06:01.1904105+09:00,108.842781,109.342781,30,30,-0.135916,-0.017093,0.000007,0.000003,0.000001,0.003120,0
20260821_170411_847,1,Unspecified,70,2026-08-21T17:06:01.1904105+09:00,2026-08-21T17:06:01.6904105+09:00,109.342781,109.842781,30,30,-0.160639,-0.060749,0.000516,0.000324,0.000115,0.028980,0
20260821_170411_847,1,Unspecified,71,2026-08-21T17:06:01.6904105+09:00,2026-08-21T17:06:02.1904105+09:00,109.842781,110.342781,30,30,-0.159369,-0.062825,0.000406,0.000131,-0.000079,0.023174,0
20260821_170411_847,1,Unspecified,72,2026-08-21T17:06:02.1904105+09:00,2026-08-21T17:06:02.6904105+09:00,110.342781,110.842781,30,30,-0.175939,-0.074731,0.000157,0.000041,0.000013,0.014077,0
20260821_170411_847,1,Unspecified,73,2026-08-21T17:06:02.6904105+09:00,2026-08-21T17:06:03.1904105+09:00,110.842781,111.342781,30,30,-0.215828,-0.063176,0.000259,0.000055,0.000043,0.017702,0
20260821_170411_847,1,Unspecified,74,2026-08-21T17:06:03.1904105+09:00,2026-08-21T17:06:03.6904105+09:00,111.342781,111.842781,30,30,-0.211698,-0.067246,0.000509,0.000054,-0.000054,0.023724,0
20260821_170411_847,1,Unspecified,75,2026-08-21T17:06:03.6904105+09:00,2026-08-21T17:06:04.1904105+09:00,111.842781,112.342781,30,30,-0.116557,-0.041509,0.002289,0.000393,0.000437,0.051789,0
20260821_170411_847,1,Unspecified,76,2026-08-21T17:06:04.1904105+09:00,2026-08-21T17:06:04.6904105+09:00,112.342781,112.842781,30,30,-0.126119,-0.059743,0.001373,0.000520,0.000145,0.043516,0
20260821_170411_847,1,Unspecified,77,2026-08-21T17:06:04.6904105+09:00,2026-08-21T17:06:05.1904105+09:00,112.842781,113.342781,30,30,-0.120151,-0.012511,0.000024,0.000004,0.000003,0.005232,0
20260821_170411_847,1,Unspecified,78,2026-08-21T17:06:05.1904105+09:00,2026-08-21T17:06:05.6904105+09:00,113.342781,113.842781,30,30,-0.135503,-0.020886,0.000010,0.000010,0.000006,0.004424,0
20260821_170411_847,1,Unspecified,79,2026-08-21T17:06:05.6904105+09:00,2026-08-21T17:06:06.1904105+09:00,113.842781,114.342781,30,30,-0.126405,-0.035661,0.000663,0.000299,-0.000176,0.031020,0
20260821_170411_847,1,Unspecified,80,2026-08-21T17:06:06.1904105+09:00,2026-08-21T17:06:06.6904105+09:00,114.342781,114.842781,30,30,-0.133108,-0.010307,0.000058,0.000093,0.000061,0.012300,0
20260821_170411_847,1,Unspecified,81,2026-08-21T17:06:06.6904105+09:00,2026-08-21T17:06:07.1904105+09:00,114.842781,115.342781,30,30,-0.129762,-0.008711,0.000001,0.000002,0.000000,0.001749,0
20260821_170411_847,1,Unspecified,82,2026-08-21T17:06:07.1904105+09:00,2026-08-21T17:06:07.6904105+09:00,115.342781,115.842781,30,30,-0.171356,-0.058128,0.000556,0.000543,0.000352,0.033146,0
20260821_170411_847,1,Unspecified,83,2026-08-21T17:06:07.6904105+09:00,2026-08-21T17:06:08.1904105+09:00,115.842781,116.342781,30,30,-0.178424,-0.070772,0.000238,0.000075,0.000024,0.017692,0
20260821_170411_847,1,Unspecified,84,2026-08-21T17:06:08.1904105+09:00,2026-08-21T17:06:08.6904105+09:00,116.342781,116.842781,30,30,-0.175874,-0.079201,0.000129,0.000023,0.000004,0.012342,0
20260821_170411_847,1,Unspecified,85,2026-08-21T17:06:08.6904105+09:00,2026-08-21T17:06:09.1904105+09:00,116.842781,117.342781,30,30,-0.183465,-0.079671,0.000304,0.000029,0.000038,0.018238,0
20260821_170411_847,1,Unspecified,86,2026-08-21T17:06:09.1904105+09:00,2026-08-21T17:06:09.6904105+09:00,117.342781,117.842781,30,30,-0.182898,-0.069872,0.000094,0.000023,-0.000014,0.010790,0
20260821_170411_847,1,Unspecified,87,2026-08-21T17:06:09.6904105+09:00,2026-08-21T17:06:10.1904105+09:00,117.842781,118.342781,30,30,-0.196549,-0.070604,0.000194,0.000029,0.000007,0.014915,0
20260821_170411_847,1,Unspecified,88,2026-08-21T17:06:10.1904105+09:00,2026-08-21T17:06:10.6904105+09:00,118.342781,118.842781,30,30,-0.202882,-0.068625,0.000218,0.000025,0.000054,0.015618,0
20260821_170411_847,1,Unspecified,89,2026-08-21T17:06:10.6904105+09:00,2026-08-21T17:06:11.1904105+09:00,118.842781,119.342781,30,30,-0.191926,-0.065297,0.000251,0.000034,0.000057,0.016883,0
20260821_170411_847,1,Unspecified,90,2026-08-21T17:06:11.1904105+09:00,2026-08-21T17:06:11.6904105+09:00,119.342781,119.842781,30,30,-0.190587,-0.070571,0.000216,0.000122,0.000054,0.018395,0
20260821_170411_847,1,Unspecified,91,2026-08-21T17:06:11.6904105+09:00,2026-08-21T17:06:12.1904105+09:00,119.842781,120.342781,30,30,-0.195627,-0.090679,0.000055,0.000031,0.000006,0.009241,0
20260821_170411_847,1,Unspecified,92,2026-08-21T17:06:12.1904105+09:00,2026-08-21T17:06:12.6904105+09:00,120.342781,120.842781,30,30,-0.198113,-0.089779,0.000093,0.000048,0.000014,0.011865,0
20260821_170411_847,1,Unspecified,93,2026-08-21T17:06:12.6904105+09:00,2026-08-21T17:06:13.1904105+09:00,120.842781,121.342781,30,30,-0.206895,-0.084343,0.000197,0.000059,-0.000028,0.015996,0
20260821_170411_847,1,Unspecified,94,2026-08-21T17:06:13.1904105+09:00,2026-08-21T17:06:13.6904105+09:00,121.342781,121.842781,30,30,-0.205336,-0.079992,0.000166,0.000050,0.000066,0.014708,0
20260821_170411_847,1,Unspecified,95,2026-08-21T17:06:13.6904105+09:00,2026-08-21T17:06:14.1904105+09:00,121.842781,122.342781,30,30,-0.190840,-0.077497,0.000229,0.000034,0.000053,0.016232,0
20260821_170411_847,1,Unspecified,96,2026-08-21T17:06:14.1904105+09:00,2026-08-21T17:06:14.6904105+09:00,122.342781,122.842781,30,30,-0.174713,-0.078302,0.000229,0.000052,-0.000006,0.016747,0
20260821_170411_847,1,Unspecified,97,2026-08-21T17:06:14.6904105+09:00,2026-08-21T17:06:15.1904105+09:00,122.842781,123.342781,30,30,-0.183281,-0.061531,0.000411,0.001656,0.000560,0.045455,0
20260821_170411_847,1,Unspecified,98,2026-08-21T17:06:15.1904105+09:00,2026-08-21T17:06:15.6904105+09:00,123.342781,123.842781,30,30,-0.120372,-0.009694,0.000626,0.001011,-0.000047,0.040460,0
20260821_170411_847,1,Unspecified,99,2026-08-21T17:06:15.6904105+09:00,2026-08-21T17:06:16.1904105+09:00,123.842781,124.342781,30,30,-0.096264,-0.005381,0.001722,0.001560,0.000939,0.057289,0
20260821_170411_847,1,Unspecified,100,2026-08-21T17:06:16.1904105+09:00,2026-08-21T17:06:16.6904105+09:00,124.342781,124.842781,30,30,-0.104827,0.013069,0.000042,0.000013,0.000013,0.007407,0
20260821_170411_847,1,Unspecified,101,2026-08-21T17:06:16.6904105+09:00,2026-08-21T17:06:17.1904105+09:00,124.842781,125.342781,30,30,-0.113683,0.008363,0.000001,0.000006,0.000001,0.002620,0
20260821_170411_847,1,Unspecified,102,2026-08-21T17:06:17.1904105+09:00,2026-08-21T17:06:17.6904105+09:00,125.342781,125.842781,30,30,-0.133142,-0.028432,0.001057,0.000577,0.000495,0.040416,0
20260821_170411_847,1,Unspecified,103,2026-08-21T17:06:17.6904105+09:00,2026-08-21T17:06:18.1904105+09:00,125.842781,126.342781,30,30,-0.121157,-0.044098,0.006567,0.000470,0.001345,0.083888,0
20260821_170411_847,1,Unspecified,104,2026-08-21T17:06:18.1904105+09:00,2026-08-21T17:06:18.6904105+09:00,126.342781,126.842781,30,30,-0.079179,0.009166,0.000134,0.000005,-0.000007,0.011788,0
20260821_170411_847,1,Unspecified,105,2026-08-21T17:06:18.6904105+09:00,2026-08-21T17:06:19.1904105+09:00,126.842781,127.342781,30,30,-0.103638,0.007231,0.000025,0.000005,0.000003,0.005489,0
20260821_170411_847,1,Unspecified,106,2026-08-21T17:06:19.1904105+09:00,2026-08-21T17:06:19.6904105+09:00,127.342781,127.842781,30,30,-0.111969,-0.007390,0.000301,0.000392,0.000112,0.026335,0
20260821_170411_847,1,Unspecified,107,2026-08-21T17:06:19.6904105+09:00,2026-08-21T17:06:20.1904105+09:00,127.842781,128.342781,30,30,-0.140675,-0.047907,0.002590,0.000089,0.000114,0.051763,0
20260821_170411_847,1,Unspecified,108,2026-08-21T17:06:20.1904105+09:00,2026-08-21T17:06:20.6904105+09:00,128.342781,128.842781,30,30,-0.112454,-0.013559,0.000150,0.000081,-0.000094,0.015198,0
20260821_170411_847,1,Unspecified,109,2026-08-21T17:06:20.6904105+09:00,2026-08-21T17:06:21.1904105+09:00,128.842781,129.342781,30,30,-0.119310,-0.009088,0.000002,0.000004,0.000000,0.002415,0
20260821_170411_847,1,Unspecified,110,2026-08-21T17:06:21.1904105+09:00,2026-08-21T17:06:21.6904105+09:00,129.342781,129.842781,30,30,-0.118975,-0.010900,0.000003,0.000005,0.000000,0.002855,0
20260821_170411_847,1,Unspecified,111,2026-08-21T17:06:21.6904105+09:00,2026-08-21T17:06:22.1904105+09:00,129.842781,130.342781,30,30,-0.125159,-0.028018,0.000852,0.000593,0.000224,0.038018,0
20260821_170411_847,1,Unspecified,112,2026-08-21T17:06:22.1904105+09:00,2026-08-21T17:06:22.6904105+09:00,130.342781,130.842781,30,30,-0.118105,0.014130,0.000003,0.000004,0.000000,0.002783,0
20260821_170411_847,1,Unspecified,113,2026-08-21T17:06:22.6904105+09:00,2026-08-21T17:06:23.1904105+09:00,130.842781,131.342781,30,30,-0.118093,0.013328,0.000002,0.000006,0.000001,0.002703,0
20260821_170411_847,1,Unspecified,114,2026-08-21T17:06:23.1904105+09:00,2026-08-21T17:06:23.6904105+09:00,131.342781,131.842781,30,30,-0.120348,0.015348,0.000003,0.000003,0.000000,0.002501,0
20260821_170411_847,1,Unspecified,115,2026-08-21T17:06:23.6904105+09:00,2026-08-21T17:06:24.1904105+09:00,131.842781,132.342781,30,30,-0.130860,-0.027420,0.000852,0.000493,0.000095,0.036670,0
20260821_170411_847,1,Unspecified,116,2026-08-21T17:06:24.1904105+09:00,2026-08-21T17:06:24.6904105+09:00,132.342781,132.842781,29,29,-0.167604,-0.049800,0.000239,0.000032,0.000009,0.016480,0
20260821_170411_847,1,Unspecified,117,2026-08-21T17:06:24.6904105+09:00,2026-08-21T17:06:25.1904105+09:00,132.842781,133.342781,30,30,-0.107734,-0.027776,0.002572,0.000984,0.000814,0.059637,0
20260821_170411_847,1,Unspecified,118,2026-08-21T17:06:25.1904105+09:00,2026-08-21T17:06:25.6904105+09:00,133.342781,133.842781,30,30,-0.105888,0.001612,0.000012,0.000006,0.000002,0.004308,0
20260821_170411_847,1,Unspecified,119,2026-08-21T17:06:25.6904105+09:00,2026-08-21T17:06:26.1904105+09:00,133.842781,134.342781,30,30,-0.115841,0.000453,0.000016,0.000004,-0.000001,0.004519,0
20260821_170411_847,1,Unspecified,120,2026-08-21T17:06:26.1904105+09:00,2026-08-21T17:06:26.6904105+09:00,134.342781,134.842781,30,30,-0.122770,0.001271,0.000003,0.000004,0.000002,0.002621,0
20260821_170411_847,1,Unspecified,121,2026-08-21T17:06:26.6904105+09:00,2026-08-21T17:06:27.1904105+09:00,134.842781,135.342781,30,30,-0.126425,0.001083,0.000005,0.000006,-0.000002,0.003409,0
20260821_170411_847,1,Unspecified,122,2026-08-21T17:06:27.1904105+09:00,2026-08-21T17:06:27.6904105+09:00,135.342781,135.842781,30,30,-0.131174,-0.028877,0.000722,0.000728,0.000216,0.038079,0
20260821_170411_847,1,Unspecified,123,2026-08-21T17:06:27.6904105+09:00,2026-08-21T17:06:28.1904105+09:00,135.842781,136.342781,30,30,-0.170428,-0.053264,0.000535,0.000025,0.000024,0.023674,0
20260821_170411_847,1,Unspecified,124,2026-08-21T17:06:28.1904105+09:00,2026-08-21T17:06:28.6904105+09:00,136.342781,136.842781,30,30,-0.184221,-0.066807,0.000339,0.000036,0.000010,0.019369,0
20260821_170411_847,1,Unspecified,125,2026-08-21T17:06:28.6904105+09:00,2026-08-21T17:06:29.1904105+09:00,136.842781,137.342781,30,30,-0.187448,-0.065318,0.000275,0.000041,0.000004,0.017774,0
20260821_170411_847,1,Unspecified,126,2026-08-21T17:06:29.1904105+09:00,2026-08-21T17:06:29.6904105+09:00,137.342781,137.842781,31,31,-0.197923,-0.058186,0.000030,0.000016,0.000002,0.006730,0
20260821_170411_847,1,Unspecified,127,2026-08-21T17:06:29.6904105+09:00,2026-08-21T17:06:30.1904105+09:00,137.842781,138.342781,30,30,-0.211032,-0.061514,0.000123,0.000027,0.000023,0.012263,0
20260821_170411_847,1,Unspecified,128,2026-08-21T17:06:30.1904105+09:00,2026-08-21T17:06:30.6904105+09:00,138.342781,138.842781,29,29,-0.227265,-0.067313,0.000151,0.000024,0.000025,0.013229,0
20260821_170411_847,1,Unspecified,129,2026-08-21T17:06:30.6904105+09:00,2026-08-21T17:06:31.1904105+09:00,138.842781,139.342781,30,30,-0.237972,-0.079562,0.000207,0.000048,0.000045,0.015971,0
20260821_170411_847,1,Unspecified,130,2026-08-21T17:06:31.1904105+09:00,2026-08-21T17:06:31.6904105+09:00,139.342781,139.842781,30,30,-0.256069,-0.076527,0.000113,0.000069,0.000052,0.013482,0
20260821_170411_847,1,Unspecified,131,2026-08-21T17:06:31.6904105+09:00,2026-08-21T17:06:32.1904105+09:00,139.842781,140.342781,30,30,-0.251283,-0.074718,0.000175,0.000043,-0.000014,0.014766,0
20260821_170411_847,1,Unspecified,132,2026-08-21T17:06:32.1904105+09:00,2026-08-21T17:06:32.6904105+09:00,140.342781,140.842781,30,30,-0.251895,-0.078034,0.000118,0.000029,-0.000004,0.012106,0
20260821_170411_847,1,Unspecified,133,2026-08-21T17:06:32.6904105+09:00,2026-08-21T17:06:33.1904105+09:00,140.842781,141.342781,30,30,-0.242030,-0.082289,0.000250,0.000029,0.000022,0.016711,0
20260821_170411_847,1,Unspecified,134,2026-08-21T17:06:33.1904105+09:00,2026-08-21T17:06:33.6904105+09:00,141.342781,141.842781,31,31,-0.250821,-0.088195,0.000178,0.000014,0.000001,0.013872,0
20260821_170411_847,1,Unspecified,135,2026-08-21T17:06:33.6904105+09:00,2026-08-21T17:06:34.1904105+09:00,141.842781,142.342781,29,29,-0.245649,-0.094353,0.000146,0.000031,0.000002,0.013312,0
20260821_170411_847,1,Unspecified,136,2026-08-21T17:06:34.1904105+09:00,2026-08-21T17:06:34.6904105+09:00,142.342781,142.842781,30,30,-0.228058,-0.101350,0.000278,0.000031,0.000025,0.017567,0
20260821_170411_847,1,Unspecified,137,2026-08-21T17:06:34.6904105+09:00,2026-08-21T17:06:35.1904105+09:00,142.842781,143.342781,30,30,-0.190855,-0.098255,0.000096,0.000025,0.000003,0.010979,0
20260821_170411_847,1,Unspecified,138,2026-08-21T17:06:35.1904105+09:00,2026-08-21T17:06:35.6904105+09:00,143.342781,143.842781,30,30,-0.187643,-0.091635,0.000195,0.000047,0.000046,0.015584,0
20260821_170411_847,1,Unspecified,139,2026-08-21T17:06:35.6904105+09:00,2026-08-21T17:06:36.1904105+09:00,143.842781,144.342781,30,30,-0.199365,-0.098364,0.000183,0.000045,0.000057,0.015104,0
20260821_170411_847,1,Unspecified,140,2026-08-21T17:06:36.1904105+09:00,2026-08-21T17:06:36.6904105+09:00,144.342781,144.842781,30,30,-0.127834,-0.050345,0.006312,0.001329,0.002674,0.087410,0
20260821_170411_847,1,Unspecified,141,2026-08-21T17:06:36.6904105+09:00,2026-08-21T17:06:37.1904105+09:00,144.842781,145.342781,31,31,-0.118213,-0.036875,0.000563,0.000398,-0.000091,0.031001,0
20260821_170411_847,1,Unspecified,142,2026-08-21T17:06:37.1904105+09:00,2026-08-21T17:06:37.6904105+09:00,145.342781,145.842781,30,30,-0.145239,-0.021215,0.000105,0.000672,0.000105,0.027873,0
20260821_170411_847,1,Unspecified,143,2026-08-21T17:06:37.6904105+09:00,2026-08-21T17:06:38.1904105+09:00,145.842781,146.342781,30,30,-0.106722,-0.054127,0.001950,0.000077,0.000195,0.045021,0
20260821_170411_847,1,Unspecified,144,2026-08-21T17:06:38.1904105+09:00,2026-08-21T17:06:38.6904105+09:00,146.342781,146.842781,30,30,-0.079238,-0.029773,0.001459,0.000551,-0.000261,0.044840,0
20260821_170411_847,1,Unspecified,145,2026-08-21T17:06:38.6904105+09:00,2026-08-21T17:06:39.1904105+09:00,146.842781,147.342781,30,30,-0.120640,-0.029977,0.000347,0.000283,-0.000013,0.025106,0
20260821_170411_847,1,Unspecified,146,2026-08-21T17:06:39.1904105+09:00,2026-08-21T17:06:39.6904105+09:00,147.342781,147.842781,30,30,-0.112010,-0.053408,0.000611,0.000037,-0.000067,0.025457,0
20260821_170411_847,1,Unspecified,147,2026-08-21T17:06:39.6904105+09:00,2026-08-21T17:06:40.1904105+09:00,147.842781,148.342781,30,30,-0.138582,-0.057533,0.000154,0.000033,-0.000027,0.013699,0
20260821_170411_847,1,Unspecified,148,2026-08-21T17:06:40.1904105+09:00,2026-08-21T17:06:40.6904105+09:00,148.342781,148.842781,30,30,-0.129422,-0.066211,0.000137,0.000093,0.000023,0.015166,0
20260821_170411_847,1,Unspecified,149,2026-08-21T17:06:40.6904105+09:00,2026-08-21T17:06:41.1904105+09:00,148.842781,149.342781,30,30,-0.126766,-0.069828,0.000426,0.000043,-0.000043,0.021658,0
20260821_170411_847,1,Unspecified,150,2026-08-21T17:06:41.1904105+09:00,2026-08-21T17:06:41.6904105+09:00,149.342781,149.842781,30,30,-0.148490,-0.070549,0.000277,0.000022,0.000009,0.017274,0
20260821_170411_847,1,Unspecified,151,2026-08-21T17:06:41.6904105+09:00,2026-08-21T17:06:42.1904105+09:00,149.842781,150.342781,30,30,-0.155341,-0.069454,0.000052,0.000049,-0.000009,0.010084,0
20260821_170411_847,1,Unspecified,152,2026-08-21T17:06:42.1904105+09:00,2026-08-21T17:06:42.6904105+09:00,150.342781,150.842781,30,30,-0.169148,-0.072289,0.000158,0.000017,0.000011,0.013236,0
20260821_170411_847,1,Unspecified,153,2026-08-21T17:06:42.6904105+09:00,2026-08-21T17:06:43.1904105+09:00,150.842781,151.342781,30,30,-0.168810,-0.078055,0.000165,0.000025,0.000017,0.013779,0
20260821_170411_847,1,Unspecified,154,2026-08-21T17:06:43.1904105+09:00,2026-08-21T17:06:43.6904105+09:00,151.342781,151.842781,30,30,-0.193335,-0.076822,0.000313,0.000029,0.000027,0.018494,0
20260821_170411_847,1,Unspecified,155,2026-08-21T17:06:43.6904105+09:00,2026-08-21T17:06:44.1904105+09:00,151.842781,152.342781,30,30,-0.203426,-0.083701,0.000097,0.000026,0.000004,0.011074,0
20260821_170411_847,1,Unspecified,156,2026-08-21T17:06:44.1904105+09:00,2026-08-21T17:06:44.6904105+09:00,152.342781,152.842781,30,30,-0.205868,-0.092453,0.000102,0.000013,0.000007,0.010715,0
20260821_170411_847,1,Unspecified,157,2026-08-21T17:06:44.6904105+09:00,2026-08-21T17:06:45.1904105+09:00,152.842781,153.342781,30,30,-0.169150,-0.091745,0.000216,0.000028,-0.000026,0.015596,0
20260821_170411_847,1,Unspecified,158,2026-08-21T17:06:45.1904105+09:00,2026-08-21T17:06:45.6904105+09:00,153.342781,153.842781,30,30,-0.162505,-0.087621,0.000261,0.000033,0.000001,0.017162,0
20260821_170411_847,1,Unspecified,159,2026-08-21T17:06:45.6904105+09:00,2026-08-21T17:06:46.1904105+09:00,153.842781,154.342781,30,30,-0.205560,-0.093100,0.000255,0.000045,0.000045,0.017320,0
20260821_170411_847,1,Unspecified,160,2026-08-21T17:06:46.1904105+09:00,2026-08-21T17:06:46.6904105+09:00,154.342781,154.842781,30,30,-0.201784,-0.090803,0.000377,0.000056,0.000048,0.020809,0
20260821_170411_847,1,Unspecified,161,2026-08-21T17:06:46.6904105+09:00,2026-08-21T17:06:47.1904105+09:00,154.842781,155.342781,30,30,-0.215785,-0.093224,0.000117,0.000024,-0.000010,0.011874,0
20260821_170411_847,1,Unspecified,162,2026-08-21T17:06:47.1904105+09:00,2026-08-21T17:06:47.6904105+09:00,155.342781,155.842781,30,30,-0.211004,-0.093339,0.000156,0.000031,0.000008,0.013662,0
20260821_170411_847,1,Unspecified,163,2026-08-21T17:06:47.6904105+09:00,2026-08-21T17:06:48.1904105+09:00,155.842781,156.342781,30,30,-0.207553,-0.105642,0.000084,0.000044,0.000019,0.011290,0
20260821_170411_847,1,Unspecified,164,2026-08-21T17:06:48.1904105+09:00,2026-08-21T17:06:48.6904105+09:00,156.342781,156.842781,30,30,-0.200497,-0.099438,0.000073,0.000036,0.000026,0.010464,0
20260821_170411_847,1,Unspecified,165,2026-08-21T17:06:48.6904105+09:00,2026-08-21T17:06:49.1904105+09:00,156.842781,157.342781,30,30,-0.175714,-0.085260,0.000085,0.000044,-0.000003,0.011342,0
20260821_170411_847,1,Unspecified,166,2026-08-21T17:06:49.1904105+09:00,2026-08-21T17:06:49.6904105+09:00,157.342781,157.842781,30,30,-0.161641,-0.102477,0.000143,0.000075,0.000033,0.014765,0
20260821_170411_847,1,Unspecified,167,2026-08-21T17:06:49.6904105+09:00,2026-08-21T17:06:50.1904105+09:00,157.842781,158.342781,30,30,-0.148767,-0.120821,0.000121,0.000066,0.000027,0.013678,0
20260821_170411_847,1,Unspecified,168,2026-08-21T17:06:50.1904105+09:00,2026-08-21T17:06:50.6904105+09:00,158.342781,158.842781,30,30,-0.151644,-0.133494,0.000213,0.000112,0.000096,0.018042,0
20260821_170411_847,1,Unspecified,169,2026-08-21T17:06:50.6904105+09:00,2026-08-21T17:06:51.1904105+09:00,158.842781,159.342781,30,30,-0.098702,-0.096811,0.000729,0.000184,0.000031,0.030220,0
20260821_170411_847,1,Unspecified,170,2026-08-21T17:06:51.1904105+09:00,2026-08-21T17:06:51.6904105+09:00,159.342781,159.842781,30,30,-0.119451,-0.052474,0.000401,0.000745,0.000043,0.033845,0
20260821_170411_847,1,Unspecified,171,2026-08-21T17:06:51.6904105+09:00,2026-08-21T17:06:52.1904105+09:00,159.842781,160.342781,30,30,-0.138803,-0.033854,0.000290,0.000109,0.000064,0.019971,0
20260821_170411_847,1,Unspecified,172,2026-08-21T17:06:52.1904105+09:00,2026-08-21T17:06:52.6904105+09:00,160.342781,160.842781,30,30,-0.117196,-0.034417,0.000476,0.000203,-0.000039,0.026063,0
20260821_170411_847,1,Unspecified,173,2026-08-21T17:06:52.6904105+09:00,2026-08-21T17:06:53.1904105+09:00,160.842781,161.342781,30,30,-0.130126,-0.030210,0.000010,0.000014,0.000003,0.004925,0
20260821_170411_847,1,Unspecified,174,2026-08-21T17:06:53.1904105+09:00,2026-08-21T17:06:53.6904105+09:00,161.342781,161.842781,30,30,-0.128721,-0.039854,0.000328,0.000262,-0.000177,0.024294,0
20260821_170411_847,1,Unspecified,175,2026-08-21T17:06:53.6904105+09:00,2026-08-21T17:06:54.1904105+09:00,161.842781,162.342781,30,30,-0.129799,-0.049015,0.001127,0.000225,0.000266,0.036768,0
20260821_170411_847,1,Unspecified,176,2026-08-21T17:06:54.1904105+09:00,2026-08-21T17:06:54.6904105+09:00,162.342781,162.842781,30,30,-0.134140,-0.034139,0.000018,0.000017,-0.000014,0.005935,0
20260821_170411_847,1,Unspecified,177,2026-08-21T17:06:54.6904105+09:00,2026-08-21T17:06:55.1904105+09:00,162.842781,163.342781,30,30,-0.137686,-0.026834,0.000003,0.000005,0.000000,0.002859,0
20260821_170411_847,1,Unspecified,178,2026-08-21T17:06:55.1904105+09:00,2026-08-21T17:06:55.6904105+09:00,163.342781,163.842781,30,30,-0.146651,-0.051529,0.000170,0.000714,0.000146,0.029728,0
20260821_170411_847,1,Unspecified,179,2026-08-21T17:06:55.6904105+09:00,2026-08-21T17:06:56.1904105+09:00,163.842781,164.342781,30,30,-0.131273,-0.036456,0.000644,0.000444,0.000040,0.032980,0
20260821_170411_847,1,Unspecified,180,2026-08-21T17:06:56.1904105+09:00,2026-08-21T17:06:56.6904105+09:00,164.342781,164.842781,30,30,-0.132336,-0.017222,0.000005,0.000008,-0.000003,0.003624,0
20260821_170411_847,1,Unspecified,181,2026-08-21T17:06:56.6904105+09:00,2026-08-21T17:06:57.1904105+09:00,164.842781,165.342781,30,30,-0.131750,-0.014453,0.000004,0.000004,0.000000,0.002817,0
20260821_170411_847,1,Unspecified,182,2026-08-21T17:06:57.1904105+09:00,2026-08-21T17:06:57.6904105+09:00,165.342781,165.842781,30,30,-0.131287,-0.013760,0.000019,0.000035,0.000018,0.007354,0
20260821_170411_847,1,Unspecified,183,2026-08-21T17:06:57.6904105+09:00,2026-08-21T17:06:58.1904105+09:00,165.842781,166.342781,30,30,-0.125712,-0.024478,0.000423,0.000265,-0.000144,0.026229,0
20260821_170411_847,1,Unspecified,184,2026-08-21T17:06:58.1904105+09:00,2026-08-21T17:06:58.6904105+09:00,166.342781,166.842781,30,30,-0.125301,-0.007257,0.000003,0.000004,-0.000001,0.002640,0
20260821_170411_847,1,Unspecified,185,2026-08-21T17:06:58.6904105+09:00,2026-08-21T17:06:59.1904105+09:00,166.842781,167.342781,30,30,-0.123939,-0.006188,0.000004,0.000005,-0.000001,0.003060,0
20260821_170411_847,1,Unspecified,186,2026-08-21T17:06:59.1904105+09:00,2026-08-21T17:06:59.6904105+09:00,167.342781,167.842781,30,30,-0.133379,-0.026708,0.000333,0.000531,-0.000188,0.029382,0
20260821_170411_847,1,Unspecified,187,2026-08-21T17:06:59.6904105+09:00,2026-08-21T17:07:00.1904105+09:00,167.842781,168.342781,30,30,-0.139316,-0.001541,0.000005,0.000005,-0.000001,0.003121,0
20260821_170411_847,1,Unspecified,188,2026-08-21T17:07:00.1904105+09:00,2026-08-21T17:07:00.6904105+09:00,168.342781,168.842781,30,30,-0.134087,0.004018,0.000024,0.000023,0.000021,0.006828,0
20260821_170411_847,1,Unspecified,189,2026-08-21T17:07:00.6904105+09:00,2026-08-21T17:07:01.1904105+09:00,168.842781,169.342781,30,30,-0.124581,0.011435,0.000004,0.000006,0.000002,0.003152,0
20260821_170411_847,1,Unspecified,190,2026-08-21T17:07:01.1904105+09:00,2026-08-21T17:07:01.6904105+09:00,169.342781,169.842781,30,30,-0.123613,0.013859,0.000004,0.000002,0.000001,0.002472,0
20260821_170411_847,1,Unspecified,191,2026-08-21T17:07:01.6904105+09:00,2026-08-21T17:07:02.1904105+09:00,169.842781,170.342781,30,30,-0.121669,0.015540,0.000005,0.000005,-0.000003,0.003099,0
20260821_170411_847,1,Unspecified,192,2026-08-21T17:07:02.1904105+09:00,2026-08-21T17:07:02.6904105+09:00,170.342781,170.842781,30,30,-0.124144,0.016835,0.000032,0.000258,0.000039,0.017039,0
20260821_170411_847,1,Unspecified,193,2026-08-21T17:07:02.6904105+09:00,2026-08-21T17:07:03.1904105+09:00,170.842781,171.342781,30,30,-0.118905,0.022278,0.000001,0.000004,0.000000,0.002152,0
20260821_170411_847,1,Unspecified,194,2026-08-21T17:07:03.1904105+09:00,2026-08-21T17:07:03.6904105+09:00,171.342781,171.842781,30,30,-0.123561,0.022484,0.000108,0.000023,-0.000023,0.011443,0
20260821_170411_847,1,Unspecified,195,2026-08-21T17:07:03.6904105+09:00,2026-08-21T17:07:04.1904105+09:00,171.842781,172.342781,30,30,-0.095110,-0.000874,0.001360,0.000151,-0.000126,0.038878,0
20260821_170411_847,1,Unspecified,196,2026-08-21T17:07:04.1904105+09:00,2026-08-21T17:07:04.6904105+09:00,172.342781,172.842781,30,30,-0.093235,0.018004,0.000352,0.000525,0.000009,0.029617,0
20260821_170411_847,1,Unspecified,197,2026-08-21T17:07:04.6904105+09:00,2026-08-21T17:07:05.1904105+09:00,172.842781,173.342781,30,30,-0.089333,0.034678,0.000001,0.000004,0.000001,0.002066,0
20260821_170411_847,1,Unspecified,198,2026-08-21T17:07:05.1904105+09:00,2026-08-21T17:07:05.6904105+09:00,173.342781,173.842781,30,30,-0.091317,0.032410,0.000002,0.000004,0.000002,0.002465,0
20260821_170411_847,1,Unspecified,199,2026-08-21T17:07:05.6904105+09:00,2026-08-21T17:07:06.1904105+09:00,173.842781,174.342781,30,30,-0.091062,0.031606,0.000002,0.000003,0.000000,0.002081,0
20260821_170411_847,1,Unspecified,200,2026-08-21T17:07:06.1904105+09:00,2026-08-21T17:07:06.6904105+09:00,174.342781,174.842781,30,30,-0.092176,0.031392,0.000004,0.000004,0.000001,0.002800,0
20260821_170411_847,1,Unspecified,201,2026-08-21T17:07:06.6904105+09:00,2026-08-21T17:07:07.1904105+09:00,174.842781,175.342781,30,30,-0.089261,0.035021,0.000003,0.000003,0.000000,0.002410,0
20260821_170411_847,1,Unspecified,202,2026-08-21T17:07:07.1904105+09:00,2026-08-21T17:07:07.6904105+09:00,175.342781,175.842781,30,30,-0.089520,0.034917,0.000002,0.000002,0.000001,0.001913,0
20260821_170411_847,1,Unspecified,203,2026-08-21T17:07:07.6904105+09:00,2026-08-21T17:07:08.1904105+09:00,175.842781,176.342781,30,30,-0.102900,0.031413,0.000085,0.000157,-0.000002,0.015553,0
20260821_170411_847,1,Unspecified,204,2026-08-21T17:07:08.1904105+09:00,2026-08-21T17:07:08.6904105+09:00,176.342781,176.842781,30,30,-0.097435,0.040347,0.000013,0.000013,0.000010,0.005151,0
20260821_170411_847,1,Unspecified,205,2026-08-21T17:07:08.6904105+09:00,2026-08-21T17:07:09.1904105+09:00,176.842781,177.342781,30,30,-0.089408,0.054101,0.000004,0.000021,0.000006,0.005044,0
20260821_170411_847,1,Unspecified,206,2026-08-21T17:07:09.1904105+09:00,2026-08-21T17:07:09.6904105+09:00,177.342781,177.842781,30,30,-0.100829,0.047464,0.000195,0.000333,0.000121,0.022982,0
20260821_170411_847,1,Unspecified,207,2026-08-21T17:07:09.6904105+09:00,2026-08-21T17:07:10.1904105+09:00,177.842781,178.342781,30,30,-0.064768,0.029714,0.000304,0.000947,0.000143,0.035380,0
20260821_170411_847,1,Unspecified,208,2026-08-21T17:07:10.1904105+09:00,2026-08-21T17:07:10.6904105+09:00,178.342781,178.842781,30,30,-0.039447,0.077827,0.000039,0.000013,0.000016,0.007217,0
20260821_170411_847,1,Unspecified,209,2026-08-21T17:07:10.6904105+09:00,2026-08-21T17:07:11.1904105+09:00,178.842781,179.342781,30,30,-0.042222,0.090271,0.000040,0.000027,-0.000030,0.008215,0
20260821_170411_847,1,Unspecified,210,2026-08-21T17:07:11.1904105+09:00,2026-08-21T17:07:11.6904105+09:00,179.342781,179.842781,30,30,-0.060594,0.105606,0.000009,0.000058,-0.000003,0.008149,0
20260821_170411_847,1,Unspecified,211,2026-08-21T17:07:11.6904105+09:00,2026-08-21T17:07:12.1904105+09:00,179.842781,180.342781,30,30,-0.059088,0.050024,0.000718,0.001068,0.000364,0.042262,0
20260821_170411_847,1,Unspecified,212,2026-08-21T17:07:12.1904105+09:00,2026-08-21T17:07:12.6904105+09:00,180.342781,180.842781,30,30,-0.035354,0.108064,0.000255,0.000027,0.000063,0.016768,0
20260821_170411_847,1,Unspecified,213,2026-08-21T17:07:12.6904105+09:00,2026-08-21T17:07:13.1904105+09:00,180.842781,181.342781,30,30,-0.087099,0.096722,0.000075,0.000021,0.000031,0.009825,0
20260821_170411_847,1,Unspecified,214,2026-08-21T17:07:13.1904105+09:00,2026-08-21T17:07:13.6904105+09:00,181.342781,181.842781,30,30,-0.097084,0.089448,0.000007,0.000009,0.000005,0.003990,0
20260821_170411_847,1,Unspecified,215,2026-08-21T17:07:13.6904105+09:00,2026-08-21T17:07:14.1904105+09:00,181.842781,182.342781,30,30,-0.102477,0.082092,0.000007,0.000020,0.000001,0.005228,0
20260821_170411_847,1,Unspecified,216,2026-08-21T17:07:14.1904105+09:00,2026-08-21T17:07:14.6904105+09:00,182.342781,182.842781,30,30,-0.081875,0.043179,0.000105,0.000627,-0.000227,0.027057,0
20260821_170411_847,1,Unspecified,217,2026-08-21T17:07:14.6904105+09:00,2026-08-21T17:07:15.1904105+09:00,182.842781,183.342781,30,30,-0.073042,-0.005568,0.000778,0.000121,-0.000074,0.029982,0
20260821_170411_847,1,Unspecified,218,2026-08-21T17:07:15.1904105+09:00,2026-08-21T17:07:15.6904105+09:00,183.342781,183.842781,30,30,-0.091743,-0.010918,0.001100,0.000037,0.000016,0.033715,0
20260821_170411_847,1,Unspecified,219,2026-08-21T17:07:15.6904105+09:00,2026-08-21T17:07:16.1904105+09:00,183.842781,184.342781,30,30,-0.139922,-0.006339,0.000301,0.000036,0.000005,0.018374,0
20260821_170411_847,1,Unspecified,220,2026-08-21T17:07:16.1904105+09:00,2026-08-21T17:07:16.6904105+09:00,184.342781,184.842781,30,30,-0.160447,-0.016233,0.000194,0.000074,0.000021,0.016357,0
20260821_170411_847,1,Unspecified,221,2026-08-21T17:07:16.6904105+09:00,2026-08-21T17:07:17.1904105+09:00,184.842781,185.342781,30,30,-0.170475,-0.026416,0.000271,0.000037,-0.000043,0.017562,0
20260821_170411_847,1,Unspecified,222,2026-08-21T17:07:17.1904105+09:00,2026-08-21T17:07:17.6904105+09:00,185.342781,185.842781,30,30,-0.184186,-0.026334,0.000225,0.000029,-0.000005,0.015938,0
20260821_170411_847,1,Unspecified,223,2026-08-21T17:07:17.6904105+09:00,2026-08-21T17:07:18.1904105+09:00,185.842781,186.342781,30,30,-0.166252,-0.031657,0.000219,0.000036,0.000031,0.015959,0
20260821_170411_847,1,Unspecified,224,2026-08-21T17:07:18.1904105+09:00,2026-08-21T17:07:18.6904105+09:00,186.342781,186.842781,30,30,-0.184233,-0.036236,0.000289,0.000037,-0.000047,0.018051,0
20260821_170411_847,1,Unspecified,225,2026-08-21T17:07:18.6904105+09:00,2026-08-21T17:07:19.1904105+09:00,186.842781,187.342781,30,30,-0.172798,-0.045273,0.000199,0.000026,-0.000001,0.015008,0
20260821_170411_847,1,Unspecified,226,2026-08-21T17:07:19.1904105+09:00,2026-08-21T17:07:19.6904105+09:00,187.342781,187.842781,30,30,-0.165622,-0.049586,0.000122,0.000053,0.000017,0.013201,0
20260821_170411_847,1,Unspecified,227,2026-08-21T17:07:19.6904105+09:00,2026-08-21T17:07:20.1904105+09:00,187.842781,188.342781,30,30,-0.172367,-0.058046,0.000198,0.000030,0.000013,0.015095,0
20260821_170411_847,1,Unspecified,228,2026-08-21T17:07:20.1904105+09:00,2026-08-21T17:07:20.6904105+09:00,188.342781,188.842781,30,30,-0.184617,-0.068116,0.000241,0.000095,0.000080,0.018326,0
20260821_170411_847,1,Unspecified,229,2026-08-21T17:07:20.6904105+09:00,2026-08-21T17:07:21.1904105+09:00,188.842781,189.342781,30,30,-0.145644,-0.067517,0.002517,0.000442,0.000581,0.054397,0
20260821_170411_847,1,Unspecified,230,2026-08-21T17:07:21.1904105+09:00,2026-08-21T17:07:21.6904105+09:00,189.342781,189.842781,30,30,-0.120662,-0.030662,0.000358,0.000233,0.000239,0.024313,0
20260821_170411_847,1,Unspecified,231,2026-08-21T17:07:21.6904105+09:00,2026-08-21T17:07:22.1904105+09:00,189.842781,190.342781,30,30,-0.146899,-0.010626,0.000053,0.000255,0.000088,0.017570,0
20260821_170411_847,1,Unspecified,232,2026-08-21T17:07:22.1904105+09:00,2026-08-21T17:07:22.6904105+09:00,190.342781,190.842781,30,30,-0.139371,-0.006075,0.000005,0.000002,0.000002,0.002649,0
20260821_170411_847,1,Unspecified,233,2026-08-21T17:07:22.6904105+09:00,2026-08-21T17:07:23.1904105+09:00,190.842781,191.342781,30,30,-0.133461,-0.001206,0.000006,0.000006,0.000002,0.003404,0
20260821_170411_847,1,Unspecified,234,2026-08-21T17:07:23.1904105+09:00,2026-08-21T17:07:23.6904105+09:00,191.342781,191.842781,30,30,-0.108599,-0.014000,0.000902,0.000175,-0.000151,0.032828,0
20260821_170411_847,1,Unspecified,235,2026-08-21T17:07:23.6904105+09:00,2026-08-21T17:07:24.1904105+09:00,191.842781,192.342781,30,30,-0.118666,-0.009284,0.000300,0.000338,-0.000189,0.025248,0
20260821_170411_847,1,Unspecified,236,2026-08-21T17:07:24.1904105+09:00,2026-08-21T17:07:24.6904105+09:00,192.342781,192.842781,30,30,-0.137135,-0.005233,0.000042,0.000177,0.000041,0.014820,0
20260821_170411_847,1,Unspecified,237,2026-08-21T17:07:24.6904105+09:00,2026-08-21T17:07:25.1904105+09:00,192.842781,193.342781,30,30,-0.144783,0.001129,0.000002,0.000009,-0.000001,0.003287,0
20260821_170411_847,1,Unspecified,238,2026-08-21T17:07:25.1904105+09:00,2026-08-21T17:07:25.6904105+09:00,193.342781,193.842781,30,30,-0.109124,-0.026870,0.000624,0.000558,0.000072,0.034371,0
20260821_170411_847,1,Unspecified,239,2026-08-21T17:07:25.6904105+09:00,2026-08-21T17:07:26.1904105+09:00,193.842781,194.342781,30,30,-0.140550,-0.030783,0.000831,0.000212,0.000280,0.032294,0
20260821_170411_847,1,Unspecified,240,2026-08-21T17:07:26.1904105+09:00,2026-08-21T17:07:26.6904105+09:00,194.342781,194.842781,30,30,-0.128162,-0.034445,0.003332,0.000178,0.000557,0.059242,0
20260821_170411_847,1,Unspecified,241,2026-08-21T17:07:26.6904105+09:00,2026-08-21T17:07:27.1904105+09:00,194.842781,195.342781,30,30,-0.010378,-0.034620,0.000514,0.000219,-0.000087,0.027072,0
20260821_170411_847,1,Unspecified,242,2026-08-21T17:07:27.1904105+09:00,2026-08-21T17:07:27.6904105+09:00,195.342781,195.842781,30,30,-0.098071,-0.008084,0.000942,0.000208,-0.000370,0.033915,0
20260821_170411_847,1,Unspecified,243,2026-08-21T17:07:27.6904105+09:00,2026-08-21T17:07:28.1904105+09:00,195.842781,196.342781,30,30,-0.140188,0.000855,0.000006,0.000007,-0.000004,0.003485,0
20260821_170411_847,1,Unspecified,244,2026-08-21T17:07:28.1904105+09:00,2026-08-21T17:07:28.6904105+09:00,196.342781,196.842781,30,30,-0.143301,-0.000968,0.000004,0.000005,0.000000,0.002884,0
20260821_170411_847,1,Unspecified,245,2026-08-21T17:07:28.6904105+09:00,2026-08-21T17:07:29.1904105+09:00,196.842781,197.342781,30,30,-0.142562,0.003434,0.000004,0.000011,0.000000,0.003861,0
20260821_170411_847,1,Unspecified,246,2026-08-21T17:07:29.1904105+09:00,2026-08-21T17:07:29.6904105+09:00,197.342781,197.842781,30,30,-0.142350,0.008096,0.000015,0.000013,0.000006,0.005226,0
20260821_170411_847,1,Unspecified,247,2026-08-21T17:07:29.6904105+09:00,2026-08-21T17:07:30.1904105+09:00,197.842781,198.342781,30,30,-0.095774,-0.025998,0.000869,0.000270,0.000128,0.033748,0
20260821_170411_847,1,Unspecified,248,2026-08-21T17:07:30.1904105+09:00,2026-08-21T17:07:30.6904105+09:00,198.342781,198.842781,30,30,-0.097545,-0.042338,0.000261,0.000108,-0.000059,0.019222,0
20260821_170411_847,1,Unspecified,249,2026-08-21T17:07:30.6904105+09:00,2026-08-21T17:07:31.1904105+09:00,198.842781,199.342781,30,30,-0.111702,-0.053149,0.000183,0.000038,-0.000008,0.014864,0
20260821_170411_847,1,Unspecified,250,2026-08-21T17:07:31.1904105+09:00,2026-08-21T17:07:31.6904105+09:00,199.342781,199.842781,30,30,-0.128942,-0.045343,0.000183,0.000040,-0.000033,0.014963,0
20260821_170411_847,1,Unspecified,251,2026-08-21T17:07:31.6904105+09:00,2026-08-21T17:07:32.1904105+09:00,199.842781,200.342781,30,30,-0.182035,-0.035581,0.001075,0.000038,-0.000058,0.033357,0
20260821_170411_847,1,Unspecified,252,2026-08-21T17:07:32.1904105+09:00,2026-08-21T17:07:32.6904105+09:00,200.342781,200.842781,30,30,-0.229047,-0.035735,0.000093,0.000051,0.000009,0.012004,0
20260821_170411_847,1,Unspecified,253,2026-08-21T17:07:32.6904105+09:00,2026-08-21T17:07:33.1904105+09:00,200.842781,201.342781,30,30,-0.231188,-0.041773,0.000109,0.000028,0.000007,0.011698,0
20260821_170411_847,1,Unspecified,254,2026-08-21T17:07:33.1904105+09:00,2026-08-21T17:07:33.6904105+09:00,201.342781,201.842781,30,30,-0.230406,-0.047173,0.000140,0.000021,-0.000013,0.012691,0
20260821_170411_847,1,Unspecified,255,2026-08-21T17:07:33.6904105+09:00,2026-08-21T17:07:34.1904105+09:00,201.842781,202.342781,30,30,-0.225361,-0.052149,0.000129,0.000020,0.000001,0.012220,0
20260821_170411_847,1,Unspecified,256,2026-08-21T17:07:34.1904105+09:00,2026-08-21T17:07:34.6904105+09:00,202.342781,202.842781,30,30,-0.228708,-0.055345,0.000118,0.000043,0.000027,0.012670,0
20260821_170411_847,1,Unspecified,257,2026-08-21T17:07:34.6904105+09:00,2026-08-21T17:07:35.1904105+09:00,202.842781,203.342781,30,30,-0.208108,-0.054357,0.000153,0.000019,0.000016,0.013128,0
20260821_170411_847,1,Unspecified,258,2026-08-21T17:07:35.1904105+09:00,2026-08-21T17:07:35.6904105+09:00,203.342781,203.842781,30,30,-0.184916,-0.058452,0.000191,0.000065,-0.000003,0.016024,0
20260821_170411_847,1,Unspecified,259,2026-08-21T17:07:35.6904105+09:00,2026-08-21T17:07:36.1904105+09:00,203.842781,204.342781,30,30,-0.153004,-0.058581,0.000151,0.000062,-0.000050,0.014595,0
20260821_170411_847,1,Unspecified,260,2026-08-21T17:07:36.1904105+09:00,2026-08-21T17:07:36.6904105+09:00,204.342781,204.842781,30,30,-0.161281,-0.062038,0.000171,0.000058,0.000012,0.015126,0
20260821_170411_847,1,Unspecified,261,2026-08-21T17:07:36.6904105+09:00,2026-08-21T17:07:37.1904105+09:00,204.842781,205.342781,30,30,-0.172157,-0.073161,0.000129,0.000022,-0.000004,0.012272,0
20260821_170411_847,1,Unspecified,262,2026-08-21T17:07:37.1904105+09:00,2026-08-21T17:07:37.6904105+09:00,205.342781,205.842781,30,30,-0.173965,-0.073426,0.000079,0.000041,0.000005,0.010916,0
20260821_170411_847,1,Unspecified,263,2026-08-21T17:07:37.6904105+09:00,2026-08-21T17:07:38.1904105+09:00,205.842781,206.342781,30,30,-0.164065,-0.069351,0.000156,0.000036,-0.000027,0.013850,0
20260821_170411_847,1,Unspecified,264,2026-08-21T17:07:38.1904105+09:00,2026-08-21T17:07:38.6904105+09:00,206.342781,206.842781,30,30,-0.163445,-0.068121,0.000127,0.000031,0.000000,0.012575,0
20260821_170411_847,1,Unspecified,265,2026-08-21T17:07:38.6904105+09:00,2026-08-21T17:07:39.1904105+09:00,206.842781,207.342781,30,30,-0.151464,-0.071227,0.000179,0.000012,0.000021,0.013807,0
20260821_170411_847,1,Unspecified,266,2026-08-21T17:07:39.1904105+09:00,2026-08-21T17:07:39.6904105+09:00,207.342781,207.842781,30,30,-0.149283,-0.074388,0.000090,0.000020,0.000018,0.010467,0
20260821_170411_847,1,Unspecified,267,2026-08-21T17:07:39.6904105+09:00,2026-08-21T17:07:40.1904105+09:00,207.842781,208.342781,30,30,-0.151220,-0.080434,0.000079,0.000024,-0.000010,0.010148,0
20260821_170411_847,1,Unspecified,268,2026-08-21T17:07:40.1904105+09:00,2026-08-21T17:07:40.6904105+09:00,208.342781,208.842781,30,30,-0.118049,-0.053533,0.000323,0.000298,0.000278,0.024909,0
20260821_170411_847,1,Unspecified,269,2026-08-21T17:07:40.6904105+09:00,2026-08-21T17:07:41.1904105+09:00,208.842781,209.342781,30,30,-0.129625,-0.029355,0.000003,0.000326,-0.000004,0.018147,0
20260821_170411_847,1,Unspecified,270,2026-08-21T17:07:41.1904105+09:00,2026-08-21T17:07:41.6904105+09:00,209.342781,209.842781,30,30,-0.113223,-0.035271,0.000697,0.000586,-0.000009,0.035825,0
20260821_170411_847,1,Unspecified,271,2026-08-21T17:07:41.6904105+09:00,2026-08-21T17:07:42.1904105+09:00,209.842781,210.342781,30,30,-0.121567,-0.009468,0.000007,0.000004,-0.000001,0.003293,0
20260821_170411_847,1,Unspecified,272,2026-08-21T17:07:42.1904105+09:00,2026-08-21T17:07:42.6904105+09:00,210.342781,210.842781,30,30,-0.130168,-0.009938,0.000007,0.000003,0.000001,0.003174,0
20260821_170411_847,1,Unspecified,273,2026-08-21T17:07:42.6904105+09:00,2026-08-21T17:07:43.1904105+09:00,210.842781,211.342781,30,30,-0.131232,-0.009493,0.000006,0.000006,0.000000,0.003480,0
20260821_170411_847,1,Unspecified,274,2026-08-21T17:07:43.1904105+09:00,2026-08-21T17:07:43.6904105+09:00,211.342781,211.842781,30,30,-0.140134,-0.030130,0.001420,0.000326,0.000133,0.041781,0
20260821_170411_847,1,Unspecified,275,2026-08-21T17:07:43.6904105+09:00,2026-08-21T17:07:44.1904105+09:00,211.842781,212.342781,30,30,-0.084706,-0.019892,0.002587,0.000427,0.000656,0.054902,0
20260821_170411_847,1,Unspecified,276,2026-08-21T17:07:44.1904105+09:00,2026-08-21T17:07:44.6904105+09:00,212.342781,212.842781,30,30,-0.105720,-0.002596,0.000109,0.000007,-0.000014,0.010753,0
20260821_170411_847,1,Unspecified,277,2026-08-21T17:07:44.6904105+09:00,2026-08-21T17:07:45.1904105+09:00,212.842781,213.342781,30,30,-0.118011,-0.003429,0.000002,0.000008,0.000001,0.003207,0
20260821_170411_847,1,Unspecified,278,2026-08-21T17:07:45.1904105+09:00,2026-08-21T17:07:45.6904105+09:00,213.342781,213.842781,30,30,-0.133217,-0.014267,0.000139,0.000503,0.000224,0.025333,0
20260821_170411_847,1,Unspecified,279,2026-08-21T17:07:45.6904105+09:00,2026-08-21T17:07:46.1904105+09:00,213.842781,214.342781,30,30,-0.132196,-0.007786,0.000065,0.000393,0.000003,0.021392,0
20260821_170411_847,1,Unspecified,280,2026-08-21T17:07:46.1904105+09:00,2026-08-21T17:07:46.6904105+09:00,214.342781,214.842781,30,30,-0.130644,0.010559,0.000003,0.000005,0.000003,0.002876,0
20260821_170411_847,1,Unspecified,281,2026-08-21T17:07:46.6904105+09:00,2026-08-21T17:07:47.1904105+09:00,214.842781,215.342781,30,30,-0.131875,0.006699,0.000002,0.000007,0.000002,0.003079,0
20260821_170411_847,1,Unspecified,282,2026-08-21T17:07:47.1904105+09:00,2026-08-21T17:07:47.6904105+09:00,215.342781,215.842781,30,30,-0.133460,0.008320,0.000002,0.000007,0.000000,0.003115,0
20260821_170411_847,1,Unspecified,283,2026-08-21T17:07:47.6904105+09:00,2026-08-21T17:07:48.1904105+09:00,215.842781,216.342781,30,30,-0.125173,0.001702,0.000568,0.000151,-0.000058,0.026808,0
20260821_170411_847,1,Unspecified,284,2026-08-21T17:07:48.1904105+09:00,2026-08-21T17:07:48.6904105+09:00,216.342781,216.842781,30,30,-0.121421,0.009564,0.000002,0.000005,0.000000,0.002525,0
20260821_170411_847,1,Unspecified,285,2026-08-21T17:07:48.6904105+09:00,2026-08-21T17:07:49.1904105+09:00,216.842781,217.342781,30,30,-0.119956,0.009837,0.000004,0.000003,0.000001,0.002593,0
20260821_170411_847,1,Unspecified,286,2026-08-21T17:07:49.1904105+09:00,2026-08-21T17:07:49.6904105+09:00,217.342781,217.842781,30,30,-0.118880,0.009568,0.000004,0.000002,0.000001,0.002372,0
20260821_170411_847,1,Unspecified,287,2026-08-21T17:07:49.6904105+09:00,2026-08-21T17:07:50.1904105+09:00,217.842781,218.342781,30,30,-0.113834,0.001664,0.000687,0.000123,-0.000194,0.028449,0
20260821_170411_847,1,Unspecified,288,2026-08-21T17:07:50.1904105+09:00,2026-08-21T17:07:50.6904105+09:00,218.342781,218.842781,30,30,-0.132596,-0.003919,0.000536,0.000309,-0.000057,0.029065,0
20260821_170411_847,1,Unspecified,289,2026-08-21T17:07:50.6904105+09:00,2026-08-21T17:07:51.1904105+09:00,218.842781,219.342781,30,30,-0.121818,-0.028555,0.001562,0.000684,0.000639,0.047398,0
20260821_170411_847,1,Unspecified,290,2026-08-21T17:07:51.1904105+09:00,2026-08-21T17:07:51.6904105+09:00,219.342781,219.842781,29,29,-0.128317,0.004146,0.000002,0.000007,-0.000002,0.003085,0
20260821_170411_847,1,Unspecified,291,2026-08-21T17:07:51.6904105+09:00,2026-08-21T17:07:52.1904105+09:00,219.842781,220.342781,30,30,-0.100561,-0.011937,0.000714,0.000170,-0.000065,0.029742,0
20260821_170411_847,1,Unspecified,292,2026-08-21T17:07:52.1904105+09:00,2026-08-21T17:07:52.6904105+09:00,220.342781,220.842781,30,30,-0.119172,0.007272,0.000026,0.000215,0.000005,0.015515,0
20260821_170411_847,1,Unspecified,293,2026-08-21T17:07:52.6904105+09:00,2026-08-21T17:07:53.1904105+09:00,220.842781,221.342781,30,30,-0.137799,0.012728,0.000009,0.000008,0.000003,0.004177,0
20260821_170411_847,1,Unspecified,294,2026-08-21T17:07:53.1904105+09:00,2026-08-21T17:07:53.6904105+09:00,221.342781,221.842781,30,30,-0.128729,0.010655,0.000054,0.000004,-0.000003,0.007651,0
20260821_170411_847,1,Unspecified,295,2026-08-21T17:07:53.6904105+09:00,2026-08-21T17:07:54.1904105+09:00,221.842781,222.342781,30,30,-0.071600,-0.023431,0.001437,0.000288,-0.000296,0.041533,0
20260821_170411_847,1,Unspecified,296,2026-08-21T17:07:54.1904105+09:00,2026-08-21T17:07:54.6904105+09:00,222.342781,222.842781,31,31,-0.060563,-0.039824,0.000804,0.000072,0.000089,0.029594,0
20260821_170411_847,1,Unspecified,297,2026-08-21T17:07:54.6904105+09:00,2026-08-21T17:07:55.1904105+09:00,222.842781,223.342781,29,29,-0.078662,-0.055505,0.000217,0.000027,-0.000013,0.015609,0
20260821_170411_847,1,Unspecified,298,2026-08-21T17:07:55.1904105+09:00,2026-08-21T17:07:55.6904105+09:00,223.342781,223.842781,31,31,-0.108832,-0.041387,0.000539,0.000032,-0.000027,0.023901,0
20260821_170411_847,1,Unspecified,299,2026-08-21T17:07:55.6904105+09:00,2026-08-21T17:07:56.1904105+09:00,223.842781,224.342781,29,29,-0.136517,-0.039693,0.000577,0.000070,0.000104,0.025432,0
20260821_170411_847,1,Unspecified,300,2026-08-21T17:07:56.1904105+09:00,2026-08-21T17:07:56.6904105+09:00,224.342781,224.842781,30,30,-0.144341,-0.039729,0.000379,0.000027,0.000035,0.020148,0
20260821_170411_847,1,Unspecified,301,2026-08-21T17:07:56.6904105+09:00,2026-08-21T17:07:57.1904105+09:00,224.842781,225.342781,30,30,-0.180511,-0.045934,0.000244,0.000030,0.000022,0.016561,0
20260821_170411_847,1,Unspecified,302,2026-08-21T17:07:57.1904105+09:00,2026-08-21T17:07:57.6904105+09:00,225.342781,225.842781,30,30,-0.187927,-0.036756,0.000175,0.000038,-0.000028,0.014570,0
20260821_170411_847,1,Unspecified,303,2026-08-21T17:07:57.6904105+09:00,2026-08-21T17:07:58.1904105+09:00,225.842781,226.342781,31,31,-0.200297,-0.029836,0.000200,0.000037,0.000029,0.015372,0
20260821_170411_847,1,Unspecified,304,2026-08-21T17:07:58.1904105+09:00,2026-08-21T17:07:58.6904105+09:00,226.342781,226.842781,29,29,-0.191660,-0.030167,0.000091,0.000030,0.000016,0.010971,0
20260821_170411_847,1,Unspecified,305,2026-08-21T17:07:58.6904105+09:00,2026-08-21T17:07:59.1904105+09:00,226.842781,227.342781,31,31,-0.193117,-0.033928,0.000129,0.000036,-0.000007,0.012860,0
20260821_170411_847,1,Unspecified,306,2026-08-21T17:07:59.1904105+09:00,2026-08-21T17:07:59.6904105+09:00,227.342781,227.842781,29,29,-0.190038,-0.038383,0.000353,0.000065,0.000080,0.020436,0
20260821_170411_847,1,Unspecified,307,2026-08-21T17:07:59.6904105+09:00,2026-08-21T17:08:00.1904105+09:00,227.842781,228.342781,31,31,-0.215750,-0.045672,0.000082,0.000025,-0.000004,0.010373,0
20260821_170411_847,1,Unspecified,308,2026-08-21T17:08:00.1904105+09:00,2026-08-21T17:08:00.6904105+09:00,228.342781,228.842781,29,29,-0.222308,-0.035984,0.000150,0.000026,-0.000013,0.013245,0
20260821_170411_847,1,Unspecified,309,2026-08-21T17:08:00.6904105+09:00,2026-08-21T17:08:01.1904105+09:00,228.842781,229.342781,31,31,-0.174753,-0.024656,0.003503,0.000219,0.000497,0.061010,0
20260821_170411_847,1,Unspecified,310,2026-08-21T17:08:01.1904105+09:00,2026-08-21T17:08:01.6904105+09:00,229.342781,229.842781,30,30,-0.124613,-0.024395,0.000084,0.000471,0.000087,0.023556,0
20260821_170411_847,1,Unspecified,311,2026-08-21T17:08:01.6904105+09:00,2026-08-21T17:08:02.1904105+09:00,229.842781,230.342781,30,30,-0.125589,-0.013680,0.000004,0.000004,0.000000,0.002890,0
20260821_170411_847,1,Unspecified,312,2026-08-21T17:08:02.1904105+09:00,2026-08-21T17:08:02.6904105+09:00,230.342781,230.842781,30,30,-0.129344,-0.015191,0.000002,0.000004,0.000001,0.002395,0
20260821_170411_847,1,Unspecified,313,2026-08-21T17:08:02.6904105+09:00,2026-08-21T17:08:03.1904105+09:00,230.842781,231.342781,30,30,-0.130217,-0.013095,0.000002,0.000010,0.000002,0.003492,0
20260821_170411_847,1,Unspecified,314,2026-08-21T17:08:03.1904105+09:00,2026-08-21T17:08:03.6904105+09:00,231.342781,231.842781,30,30,-0.104485,-0.032693,0.000908,0.000533,-0.000269,0.037954,0
20260821_170411_847,1,Unspecified,315,2026-08-21T17:08:03.6904105+09:00,2026-08-21T17:08:04.1904105+09:00,231.842781,232.342781,30,30,-0.107324,-0.042934,0.003043,0.000090,0.000143,0.055978,0
20260821_170411_847,1,Unspecified,316,2026-08-21T17:08:04.1904105+09:00,2026-08-21T17:08:04.6904105+09:00,232.342781,232.842781,30,30,-0.107983,-0.012966,0.000140,0.000005,0.000009,0.012053,0
20260821_170411_847,1,Unspecified,317,2026-08-21T17:08:04.6904105+09:00,2026-08-21T17:08:05.1904105+09:00,232.842781,233.342781,30,30,-0.128978,-0.018007,0.000003,0.000023,-0.000001,0.005182,0
20260821_170411_847,1,Unspecified,318,2026-08-21T17:08:05.1904105+09:00,2026-08-21T17:08:05.6904105+09:00,233.342781,233.842781,30,30,-0.129781,-0.022014,0.000008,0.000015,-0.000007,0.004832,0
20260821_170411_847,1,Unspecified,319,2026-08-21T17:08:05.6904105+09:00,2026-08-21T17:08:06.1904105+09:00,233.842781,234.342781,30,30,-0.112496,-0.053428,0.000384,0.000653,0.000279,0.032198,0
20260821_170411_847,1,Unspecified,320,2026-08-21T17:08:06.1904105+09:00,2026-08-21T17:08:06.6904105+09:00,234.342781,234.842781,30,30,-0.073641,-0.025808,0.000039,0.000014,0.000007,0.007281,0
20260821_170411_847,1,Unspecified,321,2026-08-21T17:08:06.6904105+09:00,2026-08-21T17:08:07.1904105+09:00,234.842781,235.342781,30,30,-0.045234,-0.072251,0.002691,0.000213,-0.000115,0.053891,0
20260821_170411_847,1,Unspecified,322,2026-08-21T17:08:07.1904105+09:00,2026-08-21T17:08:07.6904105+09:00,235.342781,235.842781,30,30,0.037916,-0.098135,0.001068,0.000159,0.000030,0.035030,0
20260821_170411_847,1,Unspecified,323,2026-08-21T17:08:07.6904105+09:00,2026-08-21T17:08:08.1904105+09:00,235.842781,236.342781,30,30,-0.044476,-0.064533,0.002096,0.000372,-0.000771,0.049674,0
20260821_170411_847,1,Unspecified,324,2026-08-21T17:08:08.1904105+09:00,2026-08-21T17:08:08.6904105+09:00,236.342781,236.842781,30,30,-0.123417,-0.052917,0.000097,0.000670,0.000126,0.027707,0
20260821_170411_847,1,Unspecified,325,2026-08-21T17:08:08.6904105+09:00,2026-08-21T17:08:09.1904105+09:00,236.842781,237.342781,30,30,-0.125860,-0.026122,0.000036,0.000048,0.000027,0.009178,0
20260821_170411_847,1,Unspecified,326,2026-08-21T17:08:09.1904105+09:00,2026-08-21T17:08:09.6904105+09:00,237.342781,237.842781,30,30,-0.104016,-0.046609,0.000420,0.000347,-0.000108,0.027698,0
20260821_170411_847,1,Unspecified,327,2026-08-21T17:08:09.6904105+09:00,2026-08-21T17:08:10.1904105+09:00,237.842781,238.342781,30,30,-0.168155,-0.035498,0.000468,0.000042,-0.000030,0.022591,0
20260821_170411_847,1,Unspecified,328,2026-08-21T17:08:10.1904105+09:00,2026-08-21T17:08:10.6904105+09:00,238.342781,238.842781,30,30,-0.154252,-0.022979,0.001333,0.000231,0.000451,0.039543,0
20260821_170411_847,1,Unspecified,329,2026-08-21T17:08:10.6904105+09:00,2026-08-21T17:08:11.1904105+09:00,238.842781,239.342781,30,30,-0.153470,-0.038965,0.000216,0.000056,0.000012,0.016498,0
20260821_170411_847,1,Unspecified,330,2026-08-21T17:08:11.1904105+09:00,2026-08-21T17:08:11.6904105+09:00,239.342781,239.842781,30,30,-0.181620,-0.044064,0.000277,0.000071,0.000069,0.018662,0
20260821_170411_847,1,Unspecified,331,2026-08-21T17:08:11.6904105+09:00,2026-08-21T17:08:12.1904105+09:00,239.842781,240.342781,30,30,-0.167475,-0.054074,0.000338,0.000048,-0.000069,0.019652,0
20260821_170411_847,1,Unspecified,332,2026-08-21T17:08:12.1904105+09:00,2026-08-21T17:08:12.6904105+09:00,240.342781,240.842781,30,30,-0.161321,-0.063109,0.000189,0.000057,0.000025,0.015664,0
20260821_170411_847,1,Unspecified,333,2026-08-21T17:08:12.6904105+09:00,2026-08-21T17:08:13.1904105+09:00,240.842781,241.342781,30,30,-0.154396,-0.077961,0.000376,0.000044,-0.000024,0.020496,0
20260821_170411_847,1,Unspecified,334,2026-08-21T17:08:13.1904105+09:00,2026-08-21T17:08:13.6904105+09:00,241.342781,241.842781,30,30,-0.131834,-0.084383,0.000242,0.000040,-0.000022,0.016787,0
20260821_170411_847,1,Unspecified,335,2026-08-21T17:08:13.6904105+09:00,2026-08-21T17:08:14.1904105+09:00,241.842781,242.342781,30,30,-0.158318,-0.088972,0.000179,0.000058,0.000006,0.015398,0
20260821_170411_847,1,Unspecified,336,2026-08-21T17:08:14.1904105+09:00,2026-08-21T17:08:14.6904105+09:00,242.342781,242.842781,30,30,-0.108779,-0.047477,0.001014,0.000116,0.000078,0.033618,0
20260821_170411_847,1,Unspecified,337,2026-08-21T17:08:14.6904105+09:00,2026-08-21T17:08:15.1904105+09:00,242.842781,243.342781,30,30,-0.111386,-0.025670,0.000249,0.000290,0.000047,0.023226,0
20260821_170411_847,1,Unspecified,338,2026-08-21T17:08:15.1904105+09:00,2026-08-21T17:08:15.6904105+09:00,243.342781,243.842781,30,30,-0.121359,-0.008025,0.000001,0.000004,0.000000,0.002173,0
20260821_170411_847,1,Unspecified,339,2026-08-21T17:08:15.6904105+09:00,2026-08-21T17:08:16.1904105+09:00,243.842781,244.342781,30,30,-0.125612,-0.005622,0.000004,0.000003,-0.000001,0.002561,0
20260821_170411_847,1,Unspecified,340,2026-08-21T17:08:16.1904105+09:00,2026-08-21T17:08:16.6904105+09:00,244.342781,244.842781,30,30,-0.124412,-0.004574,0.000001,0.000012,-0.000001,0.003593,0
20260821_170411_847,1,Unspecified,341,2026-08-21T17:08:16.6904105+09:00,2026-08-21T17:08:17.1904105+09:00,244.842781,245.342781,30,30,-0.122667,0.003631,0.000004,0.000004,0.000002,0.002946,0
20260821_170411_847,1,Unspecified,342,2026-08-21T17:08:17.1904105+09:00,2026-08-21T17:08:17.6904105+09:00,245.342781,245.842781,30,30,-0.115433,-0.025366,0.002422,0.000221,0.000511,0.051416,0
20260821_170411_847,1,Unspecified,343,2026-08-21T17:08:17.6904105+09:00,2026-08-21T17:08:18.1904105+09:00,245.842781,246.342781,30,30,-0.149765,-0.035954,0.002718,0.000159,0.000263,0.053630,0
20260821_170411_847,1,Unspecified,344,2026-08-21T17:08:18.1904105+09:00,2026-08-21T17:08:18.6904105+09:00,246.342781,246.842781,30,30,-0.029409,0.002136,0.000339,0.000085,0.000021,0.020592,0
20260821_170411_847,1,Unspecified,345,2026-08-21T17:08:18.6904105+09:00,2026-08-21T17:08:19.1904105+09:00,246.842781,247.342781,30,30,-0.080338,-0.010339,0.000224,0.000026,0.000059,0.015829,0
20260821_170411_847,1,Unspecified,346,2026-08-21T17:08:19.1904105+09:00,2026-08-21T17:08:19.6904105+09:00,247.342781,247.842781,30,30,-0.132873,-0.044247,0.000160,0.000373,0.000129,0.023107,0
20260821_170411_847,1,Unspecified,347,2026-08-21T17:08:19.6904105+09:00,2026-08-21T17:08:20.1904105+09:00,247.842781,248.342781,30,30,-0.139575,-0.046063,0.000551,0.000170,0.000043,0.026866,0
20260821_170411_847,1,Unspecified,348,2026-08-21T17:08:20.1904105+09:00,2026-08-21T17:08:20.6904105+09:00,248.342781,248.842781,30,30,-0.184109,-0.053144,0.000281,0.000085,-0.000015,0.019132,0
20260821_170411_847,1,Unspecified,349,2026-08-21T17:08:20.6904105+09:00,2026-08-21T17:08:21.1904105+09:00,248.842781,249.342781,30,30,-0.187503,-0.088558,0.000155,0.000144,0.000102,0.017295,0
20260821_170411_847,1,Unspecified,350,2026-08-21T17:08:21.1904105+09:00,2026-08-21T17:08:21.6904105+09:00,249.342781,249.842781,30,30,-0.189176,-0.107339,0.000262,0.000036,-0.000055,0.017286,0
20260821_170411_847,1,Unspecified,351,2026-08-21T17:08:21.6904105+09:00,2026-08-21T17:08:22.1904105+09:00,249.842781,250.342781,30,30,-0.176605,-0.105185,0.000208,0.000054,-0.000008,0.016195,0
20260821_170411_847,1,Unspecified,352,2026-08-21T17:08:22.1904105+09:00,2026-08-21T17:08:22.6904105+09:00,250.342781,250.842781,30,30,-0.166710,-0.108679,0.000108,0.000029,0.000003,0.011706,0
20260821_170411_847,1,Unspecified,353,2026-08-21T17:08:22.6904105+09:00,2026-08-21T17:08:23.1904105+09:00,250.842781,251.342781,30,30,-0.172027,-0.103949,0.000112,0.000016,0.000011,0.011325,0
20260821_170411_847,1,Unspecified,354,2026-08-21T17:08:23.1904105+09:00,2026-08-21T17:08:23.6904105+09:00,251.342781,251.842781,30,30,-0.170512,-0.111310,0.000103,0.000088,-0.000028,0.013838,0
20260821_170411_847,1,Unspecified,355,2026-08-21T17:08:23.6904105+09:00,2026-08-21T17:08:24.1904105+09:00,251.842781,252.342781,30,30,-0.173733,-0.118357,0.000102,0.000080,-0.000026,0.013503,0
20260821_170411_847,1,Unspecified,356,2026-08-21T17:08:24.1904105+09:00,2026-08-21T17:08:24.6904105+09:00,252.342781,252.842781,30,30,-0.166179,-0.135174,0.000094,0.000112,-0.000038,0.014367,0
20260821_170411_847,1,Unspecified,357,2026-08-21T17:08:24.6904105+09:00,2026-08-21T17:08:25.1904105+09:00,252.842781,253.342781,30,30,-0.158542,-0.142186,0.000062,0.000024,-0.000006,0.009262,0
20260821_170411_847,1,Unspecified,358,2026-08-21T17:08:25.1904105+09:00,2026-08-21T17:08:25.6904105+09:00,253.342781,253.842781,30,30,-0.159266,-0.146599,0.000107,0.000048,-0.000003,0.012459,0
20260821_170411_847,1,Unspecified,359,2026-08-21T17:08:25.6904105+09:00,2026-08-21T17:08:26.1904105+09:00,253.842781,254.342781,30,30,-0.163886,-0.140886,0.000106,0.000033,-0.000024,0.011764,0
20260821_170411_847,1,Unspecified,360,2026-08-21T17:08:26.1904105+09:00,2026-08-21T17:08:26.6904105+09:00,254.342781,254.842781,30,30,-0.174690,-0.132390,0.000072,0.000046,-0.000017,0.010880,0
20260821_170411_847,1,Unspecified,361,2026-08-21T17:08:26.6904105+09:00,2026-08-21T17:08:27.1904105+09:00,254.842781,255.342781,30,30,-0.179180,-0.110974,0.000143,0.000091,-0.000079,0.015320,0
20260821_170411_847,1,Unspecified,362,2026-08-21T17:08:27.1904105+09:00,2026-08-21T17:08:27.6904105+09:00,255.342781,255.842781,30,30,-0.187537,-0.098761,0.000294,0.000028,-0.000035,0.017954,0
20260821_170411_847,1,Unspecified,363,2026-08-21T17:08:27.6904105+09:00,2026-08-21T17:08:28.1904105+09:00,255.842781,256.342781,30,30,-0.159439,-0.095863,0.000046,0.000032,0.000019,0.008851,0
20260821_170411_847,1,Unspecified,364,2026-08-21T17:08:28.1904105+09:00,2026-08-21T17:08:28.6904105+09:00,256.342781,256.842781,30,30,-0.163015,-0.090714,0.000116,0.000036,0.000013,0.012335,0
20260821_170411_847,1,Unspecified,365,2026-08-21T17:08:28.6904105+09:00,2026-08-21T17:08:29.1904105+09:00,256.842781,257.342781,30,30,-0.166758,-0.091038,0.000239,0.000035,-0.000040,0.016554,0
20260821_170411_847,1,Unspecified,366,2026-08-21T17:08:29.1904105+09:00,2026-08-21T17:08:29.6904105+09:00,257.342781,257.842781,30,30,-0.152221,-0.107713,0.000429,0.000087,-0.000111,0.022732,0
20260821_170411_847,1,Unspecified,367,2026-08-21T17:08:29.6904105+09:00,2026-08-21T17:08:30.1904105+09:00,257.842781,258.342781,30,30,-0.102270,-0.107859,0.000678,0.001937,-0.000806,0.051133,0
20260821_170411_847,1,Unspecified,368,2026-08-21T17:08:30.1904105+09:00,2026-08-21T17:08:30.6904105+09:00,258.342781,258.842781,30,30,-0.146865,-0.015674,0.000015,0.000006,0.000004,0.004566,0
20260821_170411_847,1,Unspecified,369,2026-08-21T17:08:30.6904105+09:00,2026-08-21T17:08:31.1904105+09:00,258.842781,259.342781,30,30,-0.152235,-0.008166,0.000006,0.000023,0.000007,0.005373,0
20260821_170411_847,1,Unspecified,370,2026-08-21T17:08:31.1904105+09:00,2026-08-21T17:08:31.6904105+09:00,259.342781,259.842781,30,30,-0.107603,-0.028525,0.001334,0.000334,0.000104,0.040841,0
20260821_170411_847,1,Unspecified,371,2026-08-21T17:08:31.6904105+09:00,2026-08-21T17:08:32.1904105+09:00,259.842781,260.342781,30,30,-0.129634,-0.003901,0.000003,0.000013,-0.000003,0.004009,0
20260821_170411_847,1,Unspecified,372,2026-08-21T17:08:32.1904105+09:00,2026-08-21T17:08:32.6904105+09:00,260.342781,260.842781,30,30,-0.133048,-0.010966,0.000004,0.000007,0.000000,0.003311,0
20260821_170411_847,1,Unspecified,373,2026-08-21T17:08:32.6904105+09:00,2026-08-21T17:08:33.1904105+09:00,260.842781,261.342781,30,30,-0.129041,-0.008617,0.000012,0.000009,-0.000001,0.004584,0
20260821_170411_847,1,Unspecified,374,2026-08-21T17:08:33.1904105+09:00,2026-08-21T17:08:33.6904105+09:00,261.342781,261.842781,30,30,-0.125360,-0.025410,0.000930,0.000523,0.000043,0.038115,0
20260821_170411_847,1,Unspecified,375,2026-08-21T17:08:33.6904105+09:00,2026-08-21T17:08:34.1904105+09:00,261.842781,262.342781,30,30,-0.124229,0.006947,0.000038,0.000027,0.000029,0.008058,0
20260821_170411_847,1,Unspecified,376,2026-08-21T17:08:34.1904105+09:00,2026-08-21T17:08:34.6904105+09:00,262.342781,262.842781,30,30,-0.094311,0.023332,0.000090,0.000046,0.000056,0.011645,0
20260821_170411_847,1,Unspecified,377,2026-08-21T17:08:34.6904105+09:00,2026-08-21T17:08:35.1904105+09:00,262.842781,263.342781,30,30,-0.099841,0.025131,0.000025,0.000008,0.000000,0.005750,0
20260821_170411_847,1,Unspecified,378,2026-08-21T17:08:35.1904105+09:00,2026-08-21T17:08:35.6904105+09:00,263.342781,263.842781,30,30,-0.111078,0.027622,0.000275,0.000441,-0.000177,0.026756,0
20260821_170411_847,1,Unspecified,379,2026-08-21T17:08:35.6904105+09:00,2026-08-21T17:08:36.1904105+09:00,263.842781,264.342781,30,30,-0.120374,-0.019535,0.001971,0.000108,-0.000047,0.045600,0
20260821_170411_847,1,Unspecified,380,2026-08-21T17:08:36.1904105+09:00,2026-08-21T17:08:36.6904105+09:00,264.342781,264.842781,30,30,-0.089140,0.006113,0.001105,0.000177,-0.000189,0.035812,0
20260821_170411_847,1,Unspecified,381,2026-08-21T17:08:36.6904105+09:00,2026-08-21T17:08:37.1904105+09:00,264.842781,265.342781,30,30,-0.131681,0.001440,0.000006,0.000003,0.000001,0.002940,0
20260821_170411_847,1,Unspecified,382,2026-08-21T17:08:37.1904105+09:00,2026-08-21T17:08:37.6904105+09:00,265.342781,265.842781,30,30,-0.132929,0.003568,0.000002,0.000004,0.000000,0.002366,0
20260821_170411_847,1,Unspecified,383,2026-08-21T17:08:37.6904105+09:00,2026-08-21T17:08:38.1904105+09:00,265.842781,266.342781,30,30,-0.126048,-0.000528,0.000354,0.000146,-0.000036,0.022353,0
20260821_170411_847,1,Unspecified,384,2026-08-21T17:08:38.1904105+09:00,2026-08-21T17:08:38.6904105+09:00,266.342781,266.842781,30,30,-0.116987,0.020276,0.000035,0.000004,0.000001,0.006249,0
20260821_170411_847,1,Unspecified,385,2026-08-21T17:08:38.6904105+09:00,2026-08-21T17:08:39.1904105+09:00,266.842781,267.342781,30,30,-0.107396,0.022541,0.000003,0.000006,-0.000001,0.003036,0
20260821_170411_847,1,Unspecified,386,2026-08-21T17:08:39.1904105+09:00,2026-08-21T17:08:39.6904105+09:00,267.342781,267.842781,30,30,-0.107475,0.024364,0.000004,0.000005,0.000001,0.002969,0
20260821_170411_847,1,Unspecified,387,2026-08-21T17:08:39.6904105+09:00,2026-08-21T17:08:40.1904105+09:00,267.842781,268.342781,30,30,-0.084880,0.004561,0.001191,0.000434,-0.000360,0.040301,0
20260821_170411_847,1,Unspecified,388,2026-08-21T17:08:40.1904105+09:00,2026-08-21T17:08:40.6904105+09:00,268.342781,268.842781,30,30,-0.022664,-0.033888,0.001332,0.000140,0.000193,0.038376,0
20260821_170411_847,1,Unspecified,389,2026-08-21T17:08:40.6904105+09:00,2026-08-21T17:08:41.1904105+09:00,268.842781,269.342781,30,30,-0.043400,-0.035249,0.000580,0.000163,0.000096,0.027251,0
20260821_170411_847,1,Unspecified,390,2026-08-21T17:08:41.1904105+09:00,2026-08-21T17:08:41.6904105+09:00,269.342781,269.842781,30,30,-0.122024,-0.001939,0.001129,0.000074,-0.000264,0.034689,0
20260821_170411_847,1,Unspecified,391,2026-08-21T17:08:41.6904105+09:00,2026-08-21T17:08:42.1904105+09:00,269.842781,270.342781,30,30,-0.138924,0.003461,0.000057,0.000026,-0.000035,0.009089,0
20260821_170411_847,1,Unspecified,392,2026-08-21T17:08:42.1904105+09:00,2026-08-21T17:08:42.6904105+09:00,270.342781,270.842781,30,30,-0.122775,0.006332,0.000021,0.000013,0.000015,0.005861,0
20260821_170411_847,1,Unspecified,393,2026-08-21T17:08:42.6904105+09:00,2026-08-21T17:08:43.1904105+09:00,270.842781,271.342781,30,30,-0.106813,0.014803,0.000021,0.000006,0.000003,0.005220,0
20260821_170411_847,1,Unspecified,394,2026-08-21T17:08:43.1904105+09:00,2026-08-21T17:08:43.6904105+09:00,271.342781,271.842781,30,30,-0.112685,0.013570,0.000045,0.000015,0.000011,0.007761,0
20260821_170411_847,1,Unspecified,395,2026-08-21T17:08:43.6904105+09:00,2026-08-21T17:08:44.1904105+09:00,271.842781,272.342781,30,30,-0.110910,-0.017449,0.000652,0.000285,0.000192,0.030616,0
20260821_170411_847,1,Unspecified,396,2026-08-21T17:08:44.1904105+09:00,2026-08-21T17:08:44.6904105+09:00,272.342781,272.842781,30,30,-0.142361,0.001839,0.001248,0.000069,-0.000149,0.036285,0
20260821_170411_847,1,Unspecified,397,2026-08-21T17:08:44.6904105+09:00,2026-08-21T17:08:45.1904105+09:00,272.842781,273.342781,30,30,-0.177468,-0.010610,0.000279,0.000051,-0.000029,0.018171,0
20260821_170411_847,1,Unspecified,398,2026-08-21T17:08:45.1904105+09:00,2026-08-21T17:08:45.6904105+09:00,273.342781,273.842781,30,30,-0.169927,-0.027536,0.000170,0.000048,0.000022,0.014797,0
20260821_170411_847,1,Unspecified,399,2026-08-21T17:08:45.6904105+09:00,2026-08-21T17:08:46.1904105+09:00,273.842781,274.342781,30,30,-0.181803,-0.020623,0.000244,0.000033,0.000000,0.016639,0
20260821_170411_847,1,Unspecified,400,2026-08-21T17:08:46.1904105+09:00,2026-08-21T17:08:46.6904105+09:00,274.342781,274.842781,30,30,-0.186467,-0.022443,0.000222,0.000032,0.000018,0.015923,0
20260821_170411_847,1,Unspecified,401,2026-08-21T17:08:46.6904105+09:00,2026-08-21T17:08:47.1904105+09:00,274.842781,275.342781,30,30,-0.191366,-0.021572,0.000120,0.000043,0.000025,0.012777,0
20260821_170411_847,1,Unspecified,402,2026-08-21T17:08:47.1904105+09:00,2026-08-21T17:08:47.6904105+09:00,275.342781,275.842781,30,30,-0.193383,-0.019727,0.000221,0.000049,0.000028,0.016429,0
20260821_170411_847,1,Unspecified,403,2026-08-21T17:08:47.6904105+09:00,2026-08-21T17:08:48.1904105+09:00,275.842781,276.342781,30,30,-0.187351,-0.009485,0.000131,0.000059,0.000007,0.013781,0
20260821_170411_847,1,Unspecified,404,2026-08-21T17:08:48.1904105+09:00,2026-08-21T17:08:48.6904105+09:00,276.342781,276.842781,30,30,-0.173608,-0.006465,0.000259,0.000026,0.000010,0.016895,0
20260821_170411_847,1,Unspecified,405,2026-08-21T17:08:48.6904105+09:00,2026-08-21T17:08:49.1904105+09:00,276.842781,277.342781,30,30,-0.192423,-0.004047,0.000140,0.000064,0.000012,0.014287,0
20260821_170411_847,1,Unspecified,406,2026-08-21T17:08:49.1904105+09:00,2026-08-21T17:08:49.6904105+09:00,277.342781,277.842781,30,30,-0.186947,-0.007978,0.000126,0.000042,-0.000003,0.012956,0
20260821_170411_847,1,Unspecified,407,2026-08-21T17:08:49.6904105+09:00,2026-08-21T17:08:50.1904105+09:00,277.842781,278.342781,30,30,-0.187441,-0.014044,0.000104,0.000051,-0.000006,0.012450,0
20260821_170411_847,1,Unspecified,408,2026-08-21T17:08:50.1904105+09:00,2026-08-21T17:08:50.6904105+09:00,278.342781,278.842781,30,30,-0.198892,-0.039748,0.000114,0.000037,0.000014,0.012290,0
20260821_170411_847,1,Unspecified,409,2026-08-21T17:08:50.6904105+09:00,2026-08-21T17:08:51.1904105+09:00,278.842781,279.342781,30,30,-0.205642,-0.046319,0.000206,0.000022,0.000031,0.015107,0
20260821_170411_847,1,Unspecified,410,2026-08-21T17:08:51.1904105+09:00,2026-08-21T17:08:51.6904105+09:00,279.342781,279.842781,30,30,-0.222996,-0.050598,0.000159,0.000013,0.000015,0.013129,0
20260821_170411_847,1,Unspecified,411,2026-08-21T17:08:51.6904105+09:00,2026-08-21T17:08:52.1904105+09:00,279.842781,280.342781,30,30,-0.212957,-0.057915,0.000142,0.000034,0.000024,0.013300,0
20260821_170411_847,1,Unspecified,412,2026-08-21T17:08:52.1904105+09:00,2026-08-21T17:08:52.6904105+09:00,280.342781,280.842781,30,30,-0.204813,-0.060891,0.000273,0.000146,0.000063,0.020461,0
20260821_170411_847,1,Unspecified,413,2026-08-21T17:08:52.6904105+09:00,2026-08-21T17:08:53.1904105+09:00,280.842781,281.342781,30,30,-0.184329,-0.003256,0.000965,0.000391,-0.000514,0.036828,0
20260821_170411_847,1,Unspecified,414,2026-08-21T17:08:53.1904105+09:00,2026-08-21T17:08:53.6904105+09:00,281.342781,281.842781,30,30,-0.128696,-0.037051,0.000394,0.000202,0.000073,0.024429,0
20260821_170411_847,1,Unspecified,415,2026-08-21T17:08:53.6904105+09:00,2026-08-21T17:08:54.1904105+09:00,281.842781,282.342781,30,30,-0.129762,-0.041603,0.000354,0.000311,0.000049,0.025784,0
20260821_170411_847,1,Unspecified,416,2026-08-21T17:08:54.1904105+09:00,2026-08-21T17:08:54.6904105+09:00,282.342781,282.842781,30,30,-0.122073,-0.014297,0.000069,0.000099,0.000007,0.012930,0
20260821_170411_847,1,Unspecified,417,2026-08-21T17:08:54.6904105+09:00,2026-08-21T17:08:55.1904105+09:00,282.842781,283.342781,30,30,-0.134716,-0.009846,0.000014,0.000008,0.000003,0.004715,0
20260821_170411_847,1,Unspecified,418,2026-08-21T17:08:55.1904105+09:00,2026-08-21T17:08:55.6904105+09:00,283.342781,283.842781,30,30,-0.127832,-0.005331,0.000036,0.000018,-0.000012,0.007372,0
20260821_170411_847,1,Unspecified,419,2026-08-21T17:08:55.6904105+09:00,2026-08-21T17:08:56.1904105+09:00,283.842781,284.342781,30,30,-0.104581,-0.043147,0.000247,0.000432,-0.000140,0.026052,0
20260821_170411_847,1,Unspecified,420,2026-08-21T17:08:56.1904105+09:00,2026-08-21T17:08:56.6904105+09:00,284.342781,284.842781,30,30,-0.126969,-0.014348,0.000006,0.000011,-0.000002,0.004077,0
20260821_170411_847,1,Unspecified,421,2026-08-21T17:08:56.6904105+09:00,2026-08-21T17:08:57.1904105+09:00,284.842781,285.342781,30,30,-0.128928,-0.011491,0.000006,0.000012,0.000000,0.004198,0
20260821_170411_847,1,Unspecified,422,2026-08-21T17:08:57.1904105+09:00,2026-08-21T17:08:57.6904105+09:00,285.342781,285.842781,30,30,-0.129631,-0.016450,0.000094,0.000145,-0.000016,0.015434,0
20260821_170411_847,1,Unspecified,423,2026-08-21T17:08:57.6904105+09:00,2026-08-21T17:08:58.1904105+09:00,285.842781,286.342781,30,30,-0.085559,-0.021331,0.000172,0.000091,-0.000019,0.016235,0
20260821_170411_847,1,Unspecified,424,2026-08-21T17:08:58.1904105+09:00,2026-08-21T17:08:58.6904105+09:00,286.342781,286.842781,30,30,-0.075721,-0.008257,0.001452,0.000239,-0.000425,0.041125,0
20260821_170411_847,1,Unspecified,425,2026-08-21T17:08:58.6904105+09:00,2026-08-21T17:08:59.1904105+09:00,286.842781,287.342781,30,30,-0.123853,0.002375,0.000006,0.000005,-0.000003,0.003236,0
20260821_170411_847,1,Unspecified,426,2026-08-21T17:08:59.1904105+09:00,2026-08-21T17:08:59.6904105+09:00,287.342781,287.842781,30,30,-0.114673,-0.014926,0.000341,0.000467,-0.000106,0.028427,0
20260821_170411_847,1,Unspecified,427,2026-08-21T17:08:59.6904105+09:00,2026-08-21T17:09:00.1904105+09:00,287.842781,288.342781,30,30,-0.117055,-0.016512,0.000379,0.000073,-0.000003,0.021255,0
20260821_170411_847,1,Unspecified,428,2026-08-21T17:09:00.1904105+09:00,2026-08-21T17:09:00.6904105+09:00,288.342781,288.842781,30,30,-0.106304,-0.040947,0.000155,0.000041,-0.000010,0.014029,0
20260821_170411_847,1,Unspecified,429,2026-08-21T17:09:00.6904105+09:00,2026-08-21T17:09:01.1904105+09:00,288.842781,289.342781,30,30,-0.125626,-0.042730,0.000125,0.000043,0.000009,0.012926,0
20260821_170411_847,1,Unspecified,430,2026-08-21T17:09:01.1904105+09:00,2026-08-21T17:09:01.6904105+09:00,289.342781,289.842781,30,30,-0.129102,-0.046841,0.000151,0.000043,-0.000012,0.013903,0
20260821_170411_847,1,Unspecified,431,2026-08-21T17:09:01.6904105+09:00,2026-08-21T17:09:02.1904105+09:00,289.842781,290.342781,30,30,-0.133565,-0.050294,0.000241,0.000064,-0.000011,0.017456,0
20260821_170411_847,1,Unspecified,432,2026-08-21T17:09:02.1904105+09:00,2026-08-21T17:09:02.6904105+09:00,290.342781,290.842781,30,30,-0.116458,-0.045803,0.000146,0.000030,0.000002,0.013229,0
20260821_170411_847,1,Unspecified,433,2026-08-21T17:09:02.6904105+09:00,2026-08-21T17:09:03.1904105+09:00,290.842781,291.342781,30,30,-0.126970,-0.050237,0.000296,0.000033,0.000025,0.018140,0
20260821_170411_847,1,Unspecified,434,2026-08-21T17:09:03.1904105+09:00,2026-08-21T17:09:03.6904105+09:00,291.342781,291.842781,30,30,-0.170705,-0.047266,0.000181,0.000027,0.000007,0.014439,0
20260821_170411_847,1,Unspecified,435,2026-08-21T17:09:03.6904105+09:00,2026-08-21T17:09:04.1904105+09:00,291.842781,292.342781,30,30,-0.166155,-0.056889,0.000091,0.000081,-0.000024,0.013120,0
20260821_170411_847,1,Unspecified,436,2026-08-21T17:09:04.1904105+09:00,2026-08-21T17:09:04.6904105+09:00,292.342781,292.842781,30,30,-0.164441,-0.051284,0.000233,0.000072,-0.000032,0.017463,0
20260821_170411_847,1,Unspecified,437,2026-08-21T17:09:04.6904105+09:00,2026-08-21T17:09:05.1904105+09:00,292.842781,293.342781,30,30,-0.147752,-0.031856,0.002508,0.000963,0.001206,0.058918,0
20260821_170411_847,1,Unspecified,438,2026-08-21T17:09:05.1904105+09:00,2026-08-21T17:09:05.6904105+09:00,293.342781,293.842781,30,30,-0.063734,0.004005,0.002589,0.000304,0.000407,0.053789,0
20260821_170411_847,1,Unspecified,439,2026-08-21T17:09:05.6904105+09:00,2026-08-21T17:09:06.1904105+09:00,293.842781,294.342781,30,30,-0.116486,-0.025008,0.000597,0.000222,-0.000122,0.028606,0
20260821_170411_847,1,Unspecified,440,2026-08-21T17:09:06.1904105+09:00,2026-08-21T17:09:06.6904105+09:00,294.342781,294.842781,30,30,-0.129579,-0.014394,0.000002,0.000005,0.000002,0.002732,0
20260821_170411_847,1,Unspecified,441,2026-08-21T17:09:06.6904105+09:00,2026-08-21T17:09:07.1904105+09:00,294.842781,295.342781,30,30,-0.127651,-0.010456,0.000005,0.000011,0.000002,0.003915,0
20260821_170411_847,1,Unspecified,442,2026-08-21T17:09:07.1904105+09:00,2026-08-21T17:09:07.6904105+09:00,295.342781,295.842781,30,30,-0.100830,-0.038707,0.000652,0.000233,-0.000057,0.029744,0
20260821_170411_847,1,Unspecified,443,2026-08-21T17:09:07.6904105+09:00,2026-08-21T17:09:08.1904105+09:00,295.842781,296.342781,30,30,-0.132472,-0.034337,0.000286,0.000141,-0.000137,0.020658,0
20260821_170411_847,1,Unspecified,444,2026-08-21T17:09:08.1904105+09:00,2026-08-21T17:09:08.6904105+09:00,296.342781,296.842781,30,30,-0.098927,-0.035685,0.000281,0.000136,-0.000014,0.020431,0
20260821_170411_847,1,Unspecified,445,2026-08-21T17:09:08.6904105+09:00,2026-08-21T17:09:09.1904105+09:00,296.842781,297.342781,30,30,-0.082832,-0.034197,0.000256,0.000067,0.000022,0.017978,0
20260821_170411_847,1,Unspecified,446,2026-08-21T17:09:09.1904105+09:00,2026-08-21T17:09:09.6904105+09:00,297.342781,297.842781,29,29,-0.125402,-0.044729,0.000592,0.000037,0.000057,0.025065,0
20260821_170411_847,1,Unspecified,447,2026-08-21T17:09:09.6904105+09:00,2026-08-21T17:09:10.1904105+09:00,297.842781,298.342781,30,30,-0.157299,-0.023197,0.000542,0.000074,0.000090,0.024836,0
20260821_170411_847,1,Unspecified,448,2026-08-21T17:09:10.1904105+09:00,2026-08-21T17:09:10.6904105+09:00,298.342781,298.842781,30,30,-0.179276,-0.026154,0.000148,0.000037,-0.000001,0.013580,0
20260821_170411_847,1,Unspecified,449,2026-08-21T17:09:10.6904105+09:00,2026-08-21T17:09:11.1904105+09:00,298.842781,299.342781,30,30,-0.216335,-0.023973,0.000299,0.000018,-0.000016,0.017807,0
20260821_170411_847,1,Unspecified,450,2026-08-21T17:09:11.1904105+09:00,2026-08-21T17:09:11.6904105+09:00,299.342781,299.842781,30,30,-0.229191,-0.021456,0.000303,0.000031,0.000029,0.018277,0
20260821_170411_847,1,Unspecified,451,2026-08-21T17:09:11.6904105+09:00,2026-08-21T17:09:12.1904105+09:00,299.842781,300.342781,30,30,-0.238328,-0.031849,0.000161,0.000030,0.000004,0.013850,0
20260821_170411_847,1,Unspecified,452,2026-08-21T17:09:12.1904105+09:00,2026-08-21T17:09:12.6904105+09:00,300.342781,300.842781,31,31,-0.238715,-0.027673,0.000185,0.000034,0.000037,0.014778,0
20260821_170411_847,1,Unspecified,453,2026-08-21T17:09:12.6904105+09:00,2026-08-21T17:09:13.1904105+09:00,300.842781,301.342781,29,29,-0.243277,-0.030982,0.000112,0.000038,0.000012,0.012243,0
20260821_170411_847,1,Unspecified,454,2026-08-21T17:09:13.1904105+09:00,2026-08-21T17:09:13.6904105+09:00,301.342781,301.842781,31,31,-0.230528,-0.027601,0.000193,0.000016,0.000026,0.014483,0
20260821_170411_847,1,Unspecified,455,2026-08-21T17:09:13.6904105+09:00,2026-08-21T17:09:14.1904105+09:00,301.842781,302.342781,29,29,-0.220542,-0.035978,0.000124,0.000040,0.000003,0.012793,0
20260821_170411_847,1,Unspecified,456,2026-08-21T17:09:14.1904105+09:00,2026-08-21T17:09:14.6904105+09:00,302.342781,302.842781,30,30,-0.218920,-0.046284,0.000218,0.000036,0.000047,0.015939,0
20260821_170411_847,1,Unspecified,457,2026-08-21T17:09:14.6904105+09:00,2026-08-21T17:09:15.1904105+09:00,302.842781,303.342781,30,30,-0.241378,-0.053474,0.000196,0.000034,0.000044,0.015174,0
20260821_170411_847,1,Unspecified,458,2026-08-21T17:09:15.1904105+09:00,2026-08-21T17:09:15.6904105+09:00,303.342781,303.842781,30,30,-0.256443,-0.060232,0.000163,0.000037,-0.000002,0.014126,0
20260821_170411_847,1,Unspecified,459,2026-08-21T17:09:15.6904105+09:00,2026-08-21T17:09:16.1904105+09:00,303.842781,304.342781,30,30,-0.247341,-0.059365,0.000114,0.000024,0.000011,0.011774,0
20260821_170411_847,1,Unspecified,460,2026-08-21T17:09:16.1904105+09:00,2026-08-21T17:09:16.6904105+09:00,304.342781,304.842781,30,30,-0.219799,-0.069739,0.000118,0.000039,-0.000011,0.012509,0
20260821_170411_847,1,Unspecified,461,2026-08-21T17:09:16.6904105+09:00,2026-08-21T17:09:17.1904105+09:00,304.842781,305.342781,31,31,-0.232658,-0.091081,0.000245,0.000062,-0.000064,0.017524,0
20260821_170411_847,1,Unspecified,462,2026-08-21T17:09:17.1904105+09:00,2026-08-21T17:09:17.6904105+09:00,305.342781,305.842781,29,29,-0.181807,-0.083129,0.001380,0.000273,0.000413,0.040663,0
20260821_170411_847,1,Unspecified,463,2026-08-21T17:09:17.6904105+09:00,2026-08-21T17:09:18.1904105+09:00,305.842781,306.342781,31,31,-0.140189,-0.044522,0.000223,0.001202,0.000486,0.037747,0
20260821_170411_847,1,Unspecified,464,2026-08-21T17:09:18.1904105+09:00,2026-08-21T17:09:18.6904105+09:00,306.342781,306.842781,29,29,-0.122783,0.000602,0.000239,0.000214,0.000102,0.021279,0
20260821_170411_847,1,Unspecified,465,2026-08-21T17:09:18.6904105+09:00,2026-08-21T17:09:19.1904105+09:00,306.842781,307.342781,30,30,-0.115337,0.003504,0.000038,0.000369,0.000047,0.020172,0
20260821_170411_847,1,Unspecified,466,2026-08-21T17:09:19.1904105+09:00,2026-08-21T17:09:19.6904105+09:00,307.342781,307.842781,31,31,-0.095396,-0.004807,0.000144,0.000226,-0.000086,0.019234,0
20260821_170411_847,1,Unspecified,467,2026-08-21T17:09:19.6904105+09:00,2026-08-21T17:09:20.1904105+09:00,307.842781,308.342781,29,29,-0.116093,-0.002561,0.000058,0.000203,0.000088,0.016163,0
20260821_170411_847,1,Unspecified,468,2026-08-21T17:09:20.1904105+09:00,2026-08-21T17:09:20.6904105+09:00,308.342781,308.842781,30,30,-0.112303,0.004195,0.000004,0.000005,0.000002,0.002884,0
20260821_170411_847,1,Unspecified,469,2026-08-21T17:09:20.6904105+09:00,2026-08-21T17:09:21.1904105+09:00,308.842781,309.342781,31,31,-0.121740,0.005787,0.000027,0.000004,-0.000005,0.005541,0
20260821_170411_847,1,Unspecified,470,2026-08-21T17:09:21.1904105+09:00,2026-08-21T17:09:21.6904105+09:00,309.342781,309.842781,30,30,-0.122587,0.007135,0.000025,0.000013,0.000010,0.006210,0
20260821_170411_847,1,Unspecified,471,2026-08-21T17:09:21.6904105+09:00,2026-08-21T17:09:22.1904105+09:00,309.842781,310.342781,30,30,-0.101200,0.016792,0.000057,0.000013,0.000017,0.008387,0
20260821_170411_847,1,Unspecified,472,2026-08-21T17:09:22.1904105+09:00,2026-08-21T17:09:22.6904105+09:00,310.342781,310.842781,30,30,-0.104014,0.016460,0.000029,0.000004,0.000002,0.005673,0
20260821_170411_847,1,Unspecified,473,2026-08-21T17:09:22.6904105+09:00,2026-08-21T17:09:23.1904105+09:00,310.842781,311.342781,30,30,-0.118481,0.017502,0.000018,0.000004,-0.000004,0.004768,0
20260821_170411_847,1,Unspecified,474,2026-08-21T17:09:23.1904105+09:00,2026-08-21T17:09:23.6904105+09:00,311.342781,311.842781,30,30,-0.081779,-0.023654,0.001113,0.000521,0.000020,0.040424,0
20260821_170411_847,1,Unspecified,475,2026-08-21T17:09:23.6904105+09:00,2026-08-21T17:09:24.1904105+09:00,311.842781,312.342781,30,30,-0.131686,-0.009796,0.000515,0.000044,0.000016,0.023627,0
20260821_170411_847,1,Unspecified,476,2026-08-21T17:09:24.1904105+09:00,2026-08-21T17:09:24.6904105+09:00,312.342781,312.842781,30,30,-0.149260,-0.029155,0.000218,0.000036,-0.000021,0.015929,0
20260821_170411_847,1,Unspecified,477,2026-08-21T17:09:24.6904105+09:00,2026-08-21T17:09:25.1904105+09:00,312.842781,313.342781,30,30,-0.152021,-0.024405,0.000132,0.000030,-0.000009,0.012702,0
20260821_170411_847,1,Unspecified,478,2026-08-21T17:09:25.1904105+09:00,2026-08-21T17:09:25.6904105+09:00,313.342781,313.842781,30,30,-0.201302,-0.035523,0.000318,0.000064,0.000038,0.019566,0
20260821_170411_847,1,Unspecified,479,2026-08-21T17:09:25.6904105+09:00,2026-08-21T17:09:26.1904105+09:00,313.842781,314.342781,30,30,-0.211238,-0.035257,0.000141,0.000034,0.000006,0.013222,0
20260821_170411_847,1,Unspecified,480,2026-08-21T17:09:26.1904105+09:00,2026-08-21T17:09:26.6904105+09:00,314.342781,314.842781,30,30,-0.202554,-0.048918,0.000322,0.000068,-0.000076,0.019747,0
20260821_170411_847,1,Unspecified,481,2026-08-21T17:09:26.6904105+09:00,2026-08-21T17:09:27.1904105+09:00,314.842781,315.342781,30,30,-0.165404,-0.050707,0.000037,0.000028,0.000004,0.008085,0
20260821_170411_847,1,Unspecified,482,2026-08-21T17:09:27.1904105+09:00,2026-08-21T17:09:27.6904105+09:00,315.342781,315.842781,30,30,-0.150836,-0.051041,0.000171,0.000039,0.000011,0.014506,0
20260821_170411_847,1,Unspecified,483,2026-08-21T17:09:27.6904105+09:00,2026-08-21T17:09:28.1904105+09:00,315.842781,316.342781,30,30,-0.149209,-0.047925,0.000236,0.000071,-0.000017,0.017503,0
20260821_170411_847,1,Unspecified,484,2026-08-21T17:09:28.1904105+09:00,2026-08-21T17:09:28.6904105+09:00,316.342781,316.842781,30,30,-0.131979,-0.056902,0.000202,0.000054,-0.000035,0.016015,0
20260821_170411_847,1,Unspecified,485,2026-08-21T17:09:28.6904105+09:00,2026-08-21T17:09:29.1904105+09:00,316.842781,317.342781,30,30,-0.104347,-0.054160,0.000122,0.000027,-0.000007,0.012207,0
20260821_170411_847,1,Unspecified,486,2026-08-21T17:09:29.1904105+09:00,2026-08-21T17:09:29.6904105+09:00,317.342781,317.842781,30,30,-0.106086,-0.059537,0.000563,0.000024,-0.000017,0.024231,0
20260821_170411_847,1,Unspecified,487,2026-08-21T17:09:29.6904105+09:00,2026-08-21T17:09:30.1904105+09:00,317.842781,318.342781,30,30,-0.054945,-0.026981,0.002252,0.000262,0.000359,0.050139,0
20260821_170411_847,1,Unspecified,488,2026-08-21T17:09:30.1904105+09:00,2026-08-21T17:09:30.6904105+09:00,318.342781,318.842781,30,30,-0.063462,-0.014705,0.000256,0.000300,0.000115,0.023565,0
20260821_170411_847,1,Unspecified,489,2026-08-21T17:09:30.6904105+09:00,2026-08-21T17:09:31.1904105+09:00,318.842781,319.342781,30,30,-0.078505,0.005329,0.000070,0.000014,-0.000028,0.009210,0
20260821_170411_847,1,Unspecified,490,2026-08-21T17:09:31.1904105+09:00,2026-08-21T17:09:31.6904105+09:00,319.342781,319.842781,30,30,-0.090942,0.008420,0.000005,0.000006,-0.000001,0.003276,0
20260821_170411_847,1,Unspecified,491,2026-08-21T17:09:31.6904105+09:00,2026-08-21T17:09:32.1904105+09:00,319.842781,320.342781,30,30,-0.079530,0.014637,0.000022,0.000020,0.000018,0.006444,0
20260821_170411_847,1,Unspecified,492,2026-08-21T17:09:32.1904105+09:00,2026-08-21T17:09:32.6904105+09:00,320.342781,320.842781,30,30,-0.056457,0.010106,0.000146,0.000085,-0.000086,0.015191,0
20260821_170411_847,1,Unspecified,493,2026-08-21T17:09:32.6904105+09:00,2026-08-21T17:09:33.1904105+09:00,320.842781,321.342781,30,30,-0.018370,-0.029297,0.000049,0.000185,-0.000039,0.015292,0
20260821_170411_847,1,Unspecified,494,2026-08-21T17:09:33.1904105+09:00,2026-08-21T17:09:33.6904105+09:00,321.342781,321.842781,30,30,-0.027739,-0.039035,0.000888,0.000069,0.000145,0.030930,0
20260821_170411_847,1,Unspecified,495,2026-08-21T17:09:33.6904105+09:00,2026-08-21T17:09:34.1904105+09:00,321.842781,322.342781,30,30,-0.081014,-0.041978,0.000232,0.000034,0.000004,0.016307,0
20260821_170411_847,1,Unspecified,496,2026-08-21T17:09:34.1904105+09:00,2026-08-21T17:09:34.6904105+09:00,322.342781,322.842781,30,30,-0.108550,-0.038803,0.000388,0.000033,0.000065,0.020505,0
20260821_170411_847,1,Unspecified,497,2026-08-21T17:09:34.6904105+09:00,2026-08-21T17:09:35.1904105+09:00,322.842781,323.342781,30,30,-0.140597,-0.035910,0.000176,0.000057,-0.000021,0.015267,0
20260821_170411_847,1,Unspecified,498,2026-08-21T17:09:35.1904105+09:00,2026-08-21T17:09:35.6904105+09:00,323.342781,323.842781,30,30,-0.142497,-0.039757,0.000392,0.000024,-0.000007,0.020406,0
20260821_170411_847,1,Unspecified,499,2026-08-21T17:09:35.6904105+09:00,2026-08-21T17:09:36.1904105+09:00,323.842781,324.342781,30,30,-0.148571,-0.035171,0.000136,0.000050,0.000009,0.013618,0
20260821_170411_847,1,Unspecified,500,2026-08-21T17:09:36.1904105+09:00,2026-08-21T17:09:36.6904105+09:00,324.342781,324.842781,30,30,-0.156028,-0.024688,0.000104,0.000010,-0.000002,0.010663,0
20260821_170411_847,1,Unspecified,501,2026-08-21T17:09:36.6904105+09:00,2026-08-21T17:09:37.1904105+09:00,324.842781,325.342781,30,30,-0.169188,-0.027055,0.000159,0.000032,0.000021,0.013811,0
20260821_170411_847,1,Unspecified,502,2026-08-21T17:09:37.1904105+09:00,2026-08-21T17:09:37.6904105+09:00,325.342781,325.842781,30,30,-0.207615,-0.036244,0.000318,0.000025,0.000026,0.018516,0
20260821_170411_847,1,Unspecified,503,2026-08-21T17:09:37.6904105+09:00,2026-08-21T17:09:38.1904105+09:00,325.842781,326.342781,30,30,-0.244458,-0.026985,0.000201,0.000051,-0.000055,0.015886,0
20260821_170411_847,1,Unspecified,504,2026-08-21T17:09:38.1904105+09:00,2026-08-21T17:09:38.6904105+09:00,326.342781,326.842781,30,30,-0.234217,-0.020207,0.000843,0.000046,0.000083,0.029806,0
20260821_170411_847,1,Unspecified,505,2026-08-21T17:09:38.6904105+09:00,2026-08-21T17:09:39.1904105+09:00,326.842781,327.342781,30,30,-0.105875,-0.036345,0.002484,0.000263,-0.000422,0.052420,0
20260821_170411_847,1,Unspecified,506,2026-08-21T17:09:39.1904105+09:00,2026-08-21T17:09:39.6904105+09:00,327.342781,327.842781,30,30,-0.086166,-0.033033,0.000089,0.000282,-0.000090,0.019273,0
20260821_170411_847,1,Unspecified,507,2026-08-21T17:09:39.6904105+09:00,2026-08-21T17:09:40.1904105+09:00,327.842781,328.342781,30,30,-0.095758,-0.027404,0.000023,0.000009,-0.000002,0.005614,0
20260821_170411_847,1,Unspecified,508,2026-08-21T17:09:40.1904105+09:00,2026-08-21T17:09:40.6904105+09:00,328.342781,328.842781,30,30,-0.104846,-0.048985,0.000465,0.000484,-0.000218,0.030813,0
20260821_170411_847,1,Unspecified,509,2026-08-21T17:09:40.6904105+09:00,2026-08-21T17:09:41.1904105+09:00,328.842781,329.342781,30,30,-0.106983,-0.031932,0.000007,0.000008,0.000001,0.003965,0
20260821_170411_847,1,Unspecified,510,2026-08-21T17:09:41.1904105+09:00,2026-08-21T17:09:41.6904105+09:00,329.342781,329.842781,30,30,-0.147338,-0.068638,0.000802,0.000175,-0.000023,0.031268,0
20260821_170411_847,1,Unspecified,511,2026-08-21T17:09:41.6904105+09:00,2026-08-21T17:09:42.1904105+09:00,329.842781,330.342781,30,30,-0.130352,-0.017222,0.001688,0.000713,0.000758,0.048999,0
20260821_170411_847,1,Unspecified,512,2026-08-21T17:09:42.1904105+09:00,2026-08-21T17:09:42.6904105+09:00,330.342781,330.842781,30,30,-0.118700,-0.006813,0.000004,0.000008,0.000002,0.003443,0
20260821_170411_847,1,Unspecified,513,2026-08-21T17:09:42.6904105+09:00,2026-08-21T17:09:43.1904105+09:00,330.842781,331.342781,30,30,-0.121422,-0.006246,0.000016,0.000016,-0.000013,0.005691,0
20260821_170411_847,1,Unspecified,514,2026-08-21T17:09:43.1904105+09:00,2026-08-21T17:09:43.6904105+09:00,331.342781,331.842781,30,30,-0.146291,-0.033321,0.001629,0.000403,0.000495,0.045083,0
20260821_170411_847,1,Unspecified,515,2026-08-21T17:09:43.6904105+09:00,2026-08-21T17:09:44.1904105+09:00,331.842781,332.342781,30,30,-0.118561,-0.022193,0.001500,0.000392,0.000431,0.043491,0
20260821_170411_847,1,Unspecified,516,2026-08-21T17:09:44.1904105+09:00,2026-08-21T17:09:44.6904105+09:00,332.342781,332.842781,30,30,-0.123186,-0.021629,0.000086,0.000181,0.000117,0.016339,0
20260821_170411_847,1,Unspecified,517,2026-08-21T17:09:44.6904105+09:00,2026-08-21T17:09:45.1904105+09:00,332.842781,333.342781,30,30,-0.130177,-0.030958,0.000006,0.000005,0.000003,0.003276,0
20260821_170411_847,1,Unspecified,518,2026-08-21T17:09:45.1904105+09:00,2026-08-21T17:09:45.6904105+09:00,333.342781,333.842781,30,30,-0.129224,-0.024318,0.000018,0.000558,0.000062,0.023989,0
20260821_170411_847,1,Unspecified,519,2026-08-21T17:09:45.6904105+09:00,2026-08-21T17:09:46.1904105+09:00,333.842781,334.342781,30,30,-0.118275,-0.027530,0.000220,0.000956,0.000196,0.034284,0
20260821_170411_847,1,Unspecified,520,2026-08-21T17:09:46.1904105+09:00,2026-08-21T17:09:46.6904105+09:00,334.342781,334.842781,30,30,-0.113345,-0.008007,0.000024,0.000173,-0.000030,0.014019,0
20260821_170411_847,1,Unspecified,521,2026-08-21T17:09:46.6904105+09:00,2026-08-21T17:09:47.1904105+09:00,334.842781,335.342781,30,30,-0.112522,-0.004812,0.000007,0.000006,0.000000,0.003611,0
20260821_170411_847,1,Unspecified,522,2026-08-21T17:09:47.1904105+09:00,2026-08-21T17:09:47.6904105+09:00,335.342781,335.842781,30,30,-0.095633,-0.034461,0.000565,0.000448,-0.000257,0.031821,0
20260821_170411_847,1,Unspecified,523,2026-08-21T17:09:47.6904105+09:00,2026-08-21T17:09:48.1904105+09:00,335.842781,336.342781,30,30,-0.110268,-0.002068,0.000002,0.000006,0.000000,0.002892,0
20260821_170411_847,1,Unspecified,524,2026-08-21T17:09:48.1904105+09:00,2026-08-21T17:09:48.6904105+09:00,336.342781,336.842781,30,30,-0.110704,-0.001536,0.000003,0.000006,-0.000001,0.003069,0
20260821_170411_847,1,Unspecified,525,2026-08-21T17:09:48.6904105+09:00,2026-08-21T17:09:49.1904105+09:00,336.842781,337.342781,30,30,-0.113951,-0.000903,0.000003,0.000005,0.000000,0.002816,0
20260821_170411_847,1,Unspecified,526,2026-08-21T17:09:49.1904105+09:00,2026-08-21T17:09:49.6904105+09:00,337.342781,337.842781,30,30,-0.104887,-0.015263,0.000486,0.000522,-0.000291,0.031758,0
20260821_170411_847,1,Unspecified,527,2026-08-21T17:09:49.6904105+09:00,2026-08-21T17:09:50.1904105+09:00,337.842781,338.342781,30,30,-0.106968,0.007827,0.000003,0.000006,0.000001,0.003001,0
20260821_170411_847,1,Unspecified,528,2026-08-21T17:09:50.1904105+09:00,2026-08-21T17:09:50.6904105+09:00,338.342781,338.842781,30,30,-0.110007,0.007323,0.000008,0.000018,0.000008,0.005075,0
20260821_170411_847,1,Unspecified,529,2026-08-21T17:09:50.6904105+09:00,2026-08-21T17:09:51.1904105+09:00,338.842781,339.342781,30,30,-0.107150,0.014207,0.000001,0.000005,0.000001,0.002453,0
20260821_170411_847,1,Unspecified,530,2026-08-21T17:09:51.1904105+09:00,2026-08-21T17:09:51.6904105+09:00,339.342781,339.842781,30,30,-0.107432,0.014123,0.000045,0.000061,0.000010,0.010294,0
20260821_170411_847,1,Unspecified,531,2026-08-21T17:09:51.6904105+09:00,2026-08-21T17:09:52.1904105+09:00,339.842781,340.342781,30,30,-0.095936,0.017303,0.000187,0.000133,-0.000106,0.017880,0
20260821_170411_847,1,Unspecified,532,2026-08-21T17:09:52.1904105+09:00,2026-08-21T17:09:52.6904105+09:00,340.342781,340.842781,30,30,-0.113301,0.015511,0.000035,0.000071,0.000010,0.010300,0
20260821_170411_847,1,Unspecified,533,2026-08-21T17:09:52.6904105+09:00,2026-08-21T17:09:53.1904105+09:00,340.842781,341.342781,30,30,-0.111710,0.021345,0.000002,0.000002,0.000000,0.002144,0
20260821_170411_847,1,Unspecified,534,2026-08-21T17:09:53.1904105+09:00,2026-08-21T17:09:53.6904105+09:00,341.342781,341.842781,30,30,-0.118366,0.018609,0.000009,0.000005,0.000005,0.003766,0
20260821_170411_847,1,Unspecified,535,2026-08-21T17:09:53.6904105+09:00,2026-08-21T17:09:54.1904105+09:00,341.842781,342.342781,30,30,-0.116768,0.019956,0.000003,0.000008,0.000000,0.003309,0
20260821_170411_847,1,Unspecified,536,2026-08-21T17:09:54.1904105+09:00,2026-08-21T17:09:54.6904105+09:00,342.342781,342.842781,30,30,-0.112501,0.017920,0.000006,0.000005,0.000001,0.003358,0
20260821_170411_847,1,Unspecified,537,2026-08-21T17:09:54.6904105+09:00,2026-08-21T17:09:55.1904105+09:00,342.842781,343.342781,30,30,-0.118819,0.014164,0.000080,0.000148,0.000039,0.015102,0
20260821_170411_847,1,Unspecified,538,2026-08-21T17:09:55.1904105+09:00,2026-08-21T17:09:55.6904105+09:00,343.342781,343.842781,30,30,-0.158334,-0.064729,0.000985,0.000119,0.000115,0.033228,0
20260821_170411_847,1,Unspecified,539,2026-08-21T17:09:55.6904105+09:00,2026-08-21T17:09:56.1904105+09:00,343.842781,344.342781,30,30,-0.131237,-0.035282,0.001387,0.000678,0.000280,0.045442,0
20260821_170411_847,1,Unspecified,540,2026-08-21T17:09:56.1904105+09:00,2026-08-21T17:09:56.6904105+09:00,344.342781,344.842781,30,30,-0.115299,0.001726,0.000200,0.000159,-0.000066,0.018972,0
20260821_170411_847,1,Unspecified,541,2026-08-21T17:09:56.6904105+09:00,2026-08-21T17:09:57.1904105+09:00,344.842781,345.342781,30,30,-0.119068,0.000184,0.000075,0.000255,-0.000078,0.018190,0
20260821_170411_847,1,Unspecified,542,2026-08-21T17:09:57.1904105+09:00,2026-08-21T17:09:57.6904105+09:00,345.342781,345.842781,30,30,-0.133910,-0.009440,0.000330,0.000763,0.000280,0.033052,0
20260821_170411_847,1,Unspecified,543,2026-08-21T17:09:57.6904105+09:00,2026-08-21T17:09:58.1904105+09:00,345.842781,346.342781,30,30,-0.124510,-0.007249,0.000360,0.000549,0.000027,0.030155,0
20260821_170411_847,1,Unspecified,544,2026-08-21T17:09:58.1904105+09:00,2026-08-21T17:09:58.6904105+09:00,346.342781,346.842781,30,30,-0.125358,0.016034,0.000003,0.000003,-0.000001,0.002538,0
20260821_170411_847,1,Unspecified,545,2026-08-21T17:09:58.6904105+09:00,2026-08-21T17:09:59.1904105+09:00,346.842781,347.342781,30,30,-0.123512,0.014115,0.000003,0.000004,-0.000001,0.002637,0
20260821_170411_847,1,Unspecified,546,2026-08-21T17:09:59.1904105+09:00,2026-08-21T17:09:59.6904105+09:00,347.342781,347.842781,30,30,-0.136062,0.001485,0.000076,0.000094,0.000069,0.013055,0
20260821_170411_847,1,Unspecified,547,2026-08-21T17:09:59.6904105+09:00,2026-08-21T17:10:00.1904105+09:00,347.842781,348.342781,30,30,-0.115130,-0.022931,0.000790,0.000290,-0.000103,0.032863,0
20260821_170411_847,1,Unspecified,548,2026-08-21T17:10:00.1904105+09:00,2026-08-21T17:10:00.6904105+09:00,348.342781,348.842781,30,30,-0.121559,0.011738,0.000015,0.000006,0.000000,0.004503,0
20260821_170411_847,1,Unspecified,549,2026-08-21T17:10:00.6904105+09:00,2026-08-21T17:10:01.1904105+09:00,348.842781,349.342781,30,30,-0.125862,0.010576,0.000006,0.000005,0.000002,0.003382,0
20260821_170411_847,1,Unspecified,550,2026-08-21T17:10:01.1904105+09:00,2026-08-21T17:10:01.6904105+09:00,349.342781,349.842781,30,30,-0.128226,-0.016951,0.000400,0.000590,0.000060,0.031455,0
20260821_170411_847,1,Unspecified,551,2026-08-21T17:10:01.6904105+09:00,2026-08-21T17:10:02.1904105+09:00,349.842781,350.342781,30,30,-0.141917,-0.052720,0.000209,0.000111,0.000013,0.017890,0
20260821_170411_847,1,Unspecified,552,2026-08-21T17:10:02.1904105+09:00,2026-08-21T17:10:02.6904105+09:00,350.342781,350.842781,30,30,-0.164403,-0.048775,0.000239,0.000056,-0.000026,0.017203,0
20260821_170411_847,1,Unspecified,553,2026-08-21T17:10:02.6904105+09:00,2026-08-21T17:10:03.1904105+09:00,350.842781,351.342781,30,30,-0.169578,-0.038064,0.000324,0.000046,0.000018,0.019228,0
20260821_170411_847,1,Unspecified,554,2026-08-21T17:10:03.1904105+09:00,2026-08-21T17:10:03.6904105+09:00,351.342781,351.842781,30,30,-0.084105,-0.011448,0.002097,0.000254,0.000279,0.048491,0
20260821_170411_847,1,Unspecified,555,2026-08-21T17:10:03.6904105+09:00,2026-08-21T17:10:04.1904105+09:00,351.842781,352.342781,30,30,-0.127546,-0.006311,0.000039,0.000020,-0.000020,0.007676,0
20260821_170411_847,1,Unspecified,556,2026-08-21T17:10:04.1904105+09:00,2026-08-21T17:10:04.6904105+09:00,352.342781,352.842781,30,30,-0.137342,-0.005651,0.000004,0.000003,0.000000,0.002594,0
20260821_170411_847,1,Unspecified,557,2026-08-21T17:10:04.6904105+09:00,2026-08-21T17:10:05.1904105+09:00,352.842781,353.342781,30,30,-0.141331,-0.005323,0.000003,0.000005,0.000000,0.002911,0
20260821_170411_847,1,Unspecified,558,2026-08-21T17:10:05.1904105+09:00,2026-08-21T17:10:05.6904105+09:00,353.342781,353.842781,30,30,-0.137386,-0.001608,0.000017,0.000007,0.000004,0.004864,0
20260821_170411_847,1,Unspecified,559,2026-08-21T17:10:05.6904105+09:00,2026-08-21T17:10:06.1904105+09:00,353.842781,354.342781,30,30,-0.129722,0.001345,0.000003,0.000005,0.000000,0.002941,0
20260821_170411_847,1,Unspecified,560,2026-08-21T17:10:06.1904105+09:00,2026-08-21T17:10:06.6904105+09:00,354.342781,354.842781,30,30,-0.127448,0.003945,0.000004,0.000005,0.000002,0.002889,0
20260821_170411_847,1,Unspecified,561,2026-08-21T17:10:06.6904105+09:00,2026-08-21T17:10:07.1904105+09:00,354.842781,355.342781,30,30,-0.125577,0.005665,0.000004,0.000002,0.000001,0.002533,0
20260821_170411_847,1,Unspecified,562,2026-08-21T17:10:07.1904105+09:00,2026-08-21T17:10:07.6904105+09:00,355.342781,355.842781,30,30,-0.121997,-0.015027,0.000273,0.000605,-0.000115,0.029628,0
20260821_170411_847,1,Unspecified,563,2026-08-21T17:10:07.6904105+09:00,2026-08-21T17:10:08.1904105+09:00,355.842781,356.342781,30,30,-0.137396,0.003543,0.000011,0.000070,0.000018,0.009050,0
20260821_170411_847,1,Unspecified,564,2026-08-21T17:10:08.1904105+09:00,2026-08-21T17:10:08.6904105+09:00,356.342781,356.842781,30,30,-0.128482,0.013034,0.000012,0.000010,0.000007,0.004630,0
20260821_170411_847,1,Unspecified,565,2026-08-21T17:10:08.6904105+09:00,2026-08-21T17:10:09.1904105+09:00,356.842781,357.342781,30,30,-0.124854,0.017546,0.000004,0.000006,0.000001,0.003141,0
20260821_170411_847,1,Unspecified,566,2026-08-21T17:10:09.1904105+09:00,2026-08-21T17:10:09.6904105+09:00,357.342781,357.842781,30,30,-0.110018,0.002127,0.000858,0.000290,-0.000096,0.033882,0
20260821_170411_847,1,Unspecified,567,2026-08-21T17:10:09.6904105+09:00,2026-08-21T17:10:10.1904105+09:00,357.842781,358.342781,30,30,-0.102459,0.017561,0.001024,0.000553,-0.000628,0.039720,0
20260821_170411_847,1,Unspecified,568,2026-08-21T17:10:10.1904105+09:00,2026-08-21T17:10:10.6904105+09:00,358.342781,358.842781,30,30,-0.128366,0.037896,0.000004,0.000005,0.000001,0.003015,0
20260821_170411_847,1,Unspecified,569,2026-08-21T17:10:10.6904105+09:00,2026-08-21T17:10:11.1904105+09:00,358.842781,359.342781,30,30,-0.127986,0.035099,0.000005,0.000004,-0.000001,0.002960,0
20260821_170411_847,1,Unspecified,570,2026-08-21T17:10:11.1904105+09:00,2026-08-21T17:10:11.6904105+09:00,359.342781,359.842781,30,30,-0.120232,0.030868,0.000020,0.000322,-0.000046,0.018485,0
20260821_170411_847,1,Unspecified,571,2026-08-21T17:10:11.6904105+09:00,2026-08-21T17:10:12.1904105+09:00,359.842781,360.342781,30,30,-0.095801,-0.002890,0.000660,0.000061,-0.000068,0.026862,0
20260821_170411_847,1,Unspecified,572,2026-08-21T17:10:12.1904105+09:00,2026-08-21T17:10:12.6904105+09:00,360.342781,360.842781,30,30,-0.089439,-0.024687,0.000090,0.000026,0.000008,0.010785,0
20260821_170411_847,1,Unspecified,573,2026-08-21T17:10:12.6904105+09:00,2026-08-21T17:10:13.1904105+09:00,360.842781,361.342781,30,30,-0.119928,-0.021661,0.000241,0.000036,0.000010,0.016631,0
20260821_170411_847,1,Unspecified,574,2026-08-21T17:10:13.1904105+09:00,2026-08-21T17:10:13.6904105+09:00,361.342781,361.842781,30,30,-0.155716,-0.035693,0.000281,0.000053,0.000041,0.018292,0
20260821_170411_847,1,Unspecified,575,2026-08-21T17:10:13.6904105+09:00,2026-08-21T17:10:14.1904105+09:00,361.842781,362.342781,30,30,-0.127099,-0.034537,0.000322,0.000055,0.000073,0.019412,0
20260821_170411_847,1,Unspecified,576,2026-08-21T17:10:14.1904105+09:00,2026-08-21T17:10:14.6904105+09:00,362.342781,362.842781,30,30,-0.116266,-0.033792,0.000715,0.000030,0.000075,0.027282,0
20260821_170411_847,1,Unspecified,577,2026-08-21T17:10:14.6904105+09:00,2026-08-21T17:10:15.1904105+09:00,362.842781,363.342781,30,30,-0.183035,-0.039844,0.000325,0.000077,0.000069,0.020040,0
20260821_170411_847,1,Unspecified,578,2026-08-21T17:10:15.1904105+09:00,2026-08-21T17:10:15.6904105+09:00,363.342781,363.842781,30,30,-0.202323,-0.041864,0.000128,0.000041,0.000023,0.013021,0
20260821_170411_847,1,Unspecified,579,2026-08-21T17:10:15.6904105+09:00,2026-08-21T17:10:16.1904105+09:00,363.842781,364.342781,30,30,-0.200141,-0.039593,0.000102,0.000060,0.000009,0.012729,0
20260821_170411_847,1,Unspecified,580,2026-08-21T17:10:16.1904105+09:00,2026-08-21T17:10:16.6904105+09:00,364.342781,364.842781,30,30,-0.208965,-0.050275,0.000202,0.000042,0.000009,0.015612,0
20260821_170411_847,1,Unspecified,581,2026-08-21T17:10:16.6904105+09:00,2026-08-21T17:10:17.1904105+09:00,364.842781,365.342781,30,30,-0.212687,-0.068022,0.000115,0.000045,0.000037,0.012683,0
20260821_170411_847,1,Unspecified,582,2026-08-21T17:10:17.1904105+09:00,2026-08-21T17:10:17.6904105+09:00,365.342781,365.842781,30,30,-0.215058,-0.073439,0.000136,0.000030,0.000016,0.012887,0
20260821_170411_847,1,Unspecified,583,2026-08-21T17:10:17.6904105+09:00,2026-08-21T17:10:18.1904105+09:00,365.842781,366.342781,30,30,-0.216580,-0.077563,0.000159,0.000028,-0.000009,0.013681,0
20260821_170411_847,1,Unspecified,584,2026-08-21T17:10:18.1904105+09:00,2026-08-21T17:10:18.6904105+09:00,366.342781,366.842781,30,30,-0.207454,-0.078972,0.000207,0.000013,0.000008,0.014854,0
20260821_170411_847,1,Unspecified,585,2026-08-21T17:10:18.6904105+09:00,2026-08-21T17:10:19.1904105+09:00,366.842781,367.342781,30,30,-0.167486,-0.055764,0.001775,0.001075,0.001115,0.053385,0
20260821_170411_847,1,Unspecified,586,2026-08-21T17:10:19.1904105+09:00,2026-08-21T17:10:19.6904105+09:00,367.342781,367.842781,30,30,-0.105269,-0.007508,0.000279,0.000312,-0.000048,0.024301,0
20260821_170411_847,1,Unspecified,587,2026-08-21T17:10:19.6904105+09:00,2026-08-21T17:10:20.1904105+09:00,367.842781,368.342781,30,30,-0.063433,-0.006430,0.001801,0.000625,0.000189,0.049251,0
20260821_170411_847,1,Unspecified,588,2026-08-21T17:10:20.1904105+09:00,2026-08-21T17:10:20.6904105+09:00,368.342781,368.842781,30,30,-0.093395,0.014902,0.000176,0.000019,0.000032,0.013934,0
20260821_170411_847,1,Unspecified,589,2026-08-21T17:10:20.6904105+09:00,2026-08-21T17:10:21.1904105+09:00,368.842781,369.342781,30,30,-0.104155,-0.003674,0.000002,0.000024,0.000000,0.005164,0
20260821_170411_847,1,Unspecified,590,2026-08-21T17:10:21.1904105+09:00,2026-08-21T17:10:21.6904105+09:00,369.342781,369.842781,30,30,-0.108475,-0.005837,0.000007,0.000004,-0.000003,0.003347,0
20260821_170411_847,1,Unspecified,591,2026-08-21T17:10:21.6904105+09:00,2026-08-21T17:10:22.1904105+09:00,369.842781,370.342781,30,30,-0.109497,0.011856,0.000007,0.000023,0.000009,0.005530,0
20260821_170411_847,1,Unspecified,592,2026-08-21T17:10:22.1904105+09:00,2026-08-21T17:10:22.6904105+09:00,370.342781,370.842781,30,30,-0.106619,0.023745,0.000001,0.000007,0.000000,0.002869,0
20260821_170411_847,1,Unspecified,593,2026-08-21T17:10:22.6904105+09:00,2026-08-21T17:10:23.1904105+09:00,370.842781,371.342781,30,30,-0.109752,0.027408,0.000004,0.000004,0.000000,0.002938,0
20260821_170411_847,1,Unspecified,594,2026-08-21T17:10:23.1904105+09:00,2026-08-21T17:10:23.6904105+09:00,371.342781,371.842781,30,30,-0.119736,0.015356,0.000041,0.000174,0.000061,0.014644,0
20260821_170411_847,1,Unspecified,595,2026-08-21T17:10:23.6904105+09:00,2026-08-21T17:10:24.1904105+09:00,371.842781,372.342781,30,30,-0.107217,-0.028503,0.000379,0.000199,0.000132,0.024051,0
20260821_170411_847,1,Unspecified,596,2026-08-21T17:10:24.1904105+09:00,2026-08-21T17:10:24.6904105+09:00,372.342781,372.842781,30,30,-0.091324,-0.026187,0.000088,0.000270,-0.000080,0.018909,0
20260821_170411_847,1,Unspecified,597,2026-08-21T17:10:24.6904105+09:00,2026-08-21T17:10:25.1904105+09:00,372.842781,373.342781,30,30,-0.067034,-0.045236,0.000187,0.000020,0.000014,0.014403,0
20260821_170411_847,1,Unspecified,598,2026-08-21T17:10:25.1904105+09:00,2026-08-21T17:10:25.6904105+09:00,373.342781,373.842781,30,30,-0.048786,-0.050779,0.000146,0.000031,-0.000002,0.013300,0
20260821_170411_847,1,Unspecified,599,2026-08-21T17:10:25.6904105+09:00,2026-08-21T17:10:26.1904105+09:00,373.842781,374.342781,30,30,-0.053196,-0.054759,0.000178,0.000040,-0.000030,0.014757,0
20260821_170411_847,1,Unspecified,600,2026-08-21T17:10:26.1904105+09:00,2026-08-21T17:10:26.6904105+09:00,374.342781,374.842781,30,30,-0.086611,-0.050018,0.000190,0.000036,0.000019,0.015021,0
20260821_170411_847,1,Unspecified,601,2026-08-21T17:10:26.6904105+09:00,2026-08-21T17:10:27.1904105+09:00,374.842781,375.342781,30,30,-0.122551,-0.052635,0.000179,0.000028,0.000023,0.014362,0
20260821_170411_847,1,Unspecified,602,2026-08-21T17:10:27.1904105+09:00,2026-08-21T17:10:27.6904105+09:00,375.342781,375.842781,30,30,-0.128575,-0.060608,0.000180,0.000046,0.000037,0.015052,0
20260821_170411_847,1,Unspecified,603,2026-08-21T17:10:27.6904105+09:00,2026-08-21T17:10:28.1904105+09:00,375.842781,376.342781,30,30,-0.136182,-0.059840,0.000063,0.000032,-0.000010,0.009720,0
20260821_170411_847,1,Unspecified,604,2026-08-21T17:10:28.1904105+09:00,2026-08-21T17:10:28.6904105+09:00,376.342781,376.842781,30,30,-0.136385,-0.062444,0.000321,0.000037,0.000014,0.018902,0
20260821_170411_847,1,Unspecified,605,2026-08-21T17:10:28.6904105+09:00,2026-08-21T17:10:29.1904105+09:00,376.842781,377.342781,30,30,-0.150374,-0.066055,0.000583,0.000057,0.000106,0.025305,0
20260821_170411_847,1,Unspecified,606,2026-08-21T17:10:29.1904105+09:00,2026-08-21T17:10:29.6904105+09:00,377.342781,377.842781,30,30,-0.056304,-0.020548,0.002059,0.000287,0.000091,0.048435,0
20260821_170411_847,1,Unspecified,607,2026-08-21T17:10:29.6904105+09:00,2026-08-21T17:10:30.1904105+09:00,377.842781,378.342781,30,30,-0.081221,-0.016087,0.000719,0.000491,-0.000259,0.034793,0
20260821_170411_847,1,Unspecified,608,2026-08-21T17:10:30.1904105+09:00,2026-08-21T17:10:30.6904105+09:00,378.342781,378.842781,30,30,-0.114544,0.017234,0.000006,0.000012,0.000004,0.004226,0
20260821_170411_847,1,Unspecified,609,2026-08-21T17:10:30.6904105+09:00,2026-08-21T17:10:31.1904105+09:00,378.842781,379.342781,30,30,-0.102324,0.029273,0.000058,0.000056,0.000050,0.010683,0
20260821_170411_847,1,Unspecified,610,2026-08-21T17:10:31.1904105+09:00,2026-08-21T17:10:31.6904105+09:00,379.342781,379.842781,30,30,-0.050181,-0.002037,0.000937,0.001183,-0.000900,0.046044,0
20260821_170411_847,1,Unspecified,611,2026-08-21T17:10:31.6904105+09:00,2026-08-21T17:10:32.1904105+09:00,379.842781,380.342781,30,30,-0.058281,-0.035358,0.000724,0.000124,0.000147,0.029124,0
20260821_170411_847,1,Unspecified,612,2026-08-21T17:10:32.1904105+09:00,2026-08-21T17:10:32.6904105+09:00,380.342781,380.842781,30,30,-0.119326,-0.036885,0.000376,0.000110,0.000085,0.022057,0
20260821_170411_847,1,Unspecified,613,2026-08-21T17:10:32.6904105+09:00,2026-08-21T17:10:33.1904105+09:00,380.842781,381.342781,30,30,-0.169179,-0.037708,0.000111,0.000078,0.000020,0.013727,0
20260821_170411_847,1,Unspecified,614,2026-08-21T17:10:33.1904105+09:00,2026-08-21T17:10:33.6904105+09:00,381.342781,381.842781,30,30,-0.157970,-0.028818,0.004055,0.000098,0.000185,0.064442,0
20260821_170411_847,1,Unspecified,615,2026-08-21T17:10:33.6904105+09:00,2026-08-21T17:10:34.1904105+09:00,381.842781,382.342781,29,29,-0.112285,-0.024684,0.000264,0.000408,0.000137,0.025913,0
20260821_170411_847,1,Unspecified,616,2026-08-21T17:10:34.1904105+09:00,2026-08-21T17:10:34.6904105+09:00,382.342781,382.842781,31,31,-0.131594,-0.030024,0.000005,0.000009,0.000004,0.003790,0
20260821_170411_847,1,Unspecified,617,2026-08-21T17:10:34.6904105+09:00,2026-08-21T17:10:35.1904105+09:00,382.842781,383.342781,29,29,-0.125174,-0.030203,0.000169,0.000277,-0.000041,0.021117,0
20260821_170411_847,1,Unspecified,618,2026-08-21T17:10:35.1904105+09:00,2026-08-21T17:10:35.6904105+09:00,383.342781,383.842781,30,30,-0.124566,-0.031655,0.000128,0.000296,-0.000042,0.020580,0
20260821_170411_847,1,Unspecified,619,2026-08-21T17:10:35.6904105+09:00,2026-08-21T17:10:36.1904105+09:00,383.842781,384.342781,30,30,-0.120196,-0.047124,0.000187,0.000253,-0.000037,0.020987,0
20260821_170411_847,1,Unspecified,620,2026-08-21T17:10:36.1904105+09:00,2026-08-21T17:10:36.6904105+09:00,384.342781,384.842781,30,30,-0.121210,-0.014396,0.000036,0.000131,-0.000029,0.012916,0
20260821_170411_847,1,Unspecified,621,2026-08-21T17:10:36.6904105+09:00,2026-08-21T17:10:37.1904105+09:00,384.842781,385.342781,30,30,-0.134484,-0.005089,0.000004,0.000003,0.000000,0.002625,0
20260821_170411_847,1,Unspecified,622,2026-08-21T17:10:37.1904105+09:00,2026-08-21T17:10:37.6904105+09:00,385.342781,385.842781,30,30,-0.140997,-0.005469,0.000005,0.000013,0.000003,0.004232,0
20260821_170411_847,1,Unspecified,623,2026-08-21T17:10:37.6904105+09:00,2026-08-21T17:10:38.1904105+09:00,385.842781,386.342781,30,30,-0.113350,-0.039053,0.000396,0.000264,0.000112,0.025701,0
20260821_170411_847,1,Unspecified,624,2026-08-21T17:10:38.1904105+09:00,2026-08-21T17:10:38.6904105+09:00,386.342781,386.842781,30,30,-0.129749,-0.006109,0.000004,0.000007,-0.000002,0.003410,0
20260821_170411_847,1,Unspecified,625,2026-08-21T17:10:38.6904105+09:00,2026-08-21T17:10:39.1904105+09:00,386.842781,387.342781,31,31,-0.130807,-0.002621,0.000004,0.000004,0.000001,0.002759,0
20260821_170411_847,1,Unspecified,626,2026-08-21T17:10:39.1904105+09:00,2026-08-21T17:10:39.6904105+09:00,387.342781,387.842781,29,29,-0.129341,-0.000214,0.000018,0.000007,0.000002,0.005005,0
20260821_170411_847,1,Unspecified,627,2026-08-21T17:10:39.6904105+09:00,2026-08-21T17:10:40.1904105+09:00,387.842781,388.342781,30,30,-0.107256,0.003709,0.000049,0.000005,0.000001,0.007322,0
20260821_170411_847,1,Unspecified,628,2026-08-21T17:10:40.1904105+09:00,2026-08-21T17:10:40.6904105+09:00,388.342781,388.842781,30,30,-0.108645,0.005793,0.000018,0.000011,-0.000004,0.005379,0
20260821_170411_847,1,Unspecified,629,2026-08-21T17:10:40.6904105+09:00,2026-08-21T17:10:41.1904105+09:00,388.842781,389.342781,31,31,-0.122585,-0.021477,0.000052,0.000760,-0.000041,0.028488,0
20260821_170411_847,1,Unspecified,630,2026-08-21T17:10:41.1904105+09:00,2026-08-21T17:10:41.6904105+09:00,389.342781,389.842781,30,30,-0.103308,-0.024346,0.000152,0.000090,0.000068,0.015528,0
20260821_170411_847,1,Unspecified,631,2026-08-21T17:10:41.6904105+09:00,2026-08-21T17:10:42.1904105+09:00,389.842781,390.342781,29,29,-0.115442,-0.004567,0.000612,0.000053,-0.000122,0.025796,0
20260821_170411_847,1,Unspecified,632,2026-08-21T17:10:42.1904105+09:00,2026-08-21T17:10:42.6904105+09:00,390.342781,390.842781,30,30,-0.153432,0.000943,0.000432,0.000043,0.000052,0.021808,0
20260821_170411_847,1,Unspecified,633,2026-08-21T17:10:42.6904105+09:00,2026-08-21T17:10:43.1904105+09:00,390.842781,391.342781,30,30,-0.191729,-0.013751,0.000441,0.000091,0.000127,0.023075,0
20260821_170411_847,1,Unspecified,634,2026-08-21T17:10:43.1904105+09:00,2026-08-21T17:10:43.6904105+09:00,391.342781,391.842781,30,30,-0.205127,-0.032850,0.000167,0.000048,0.000018,0.014667,0
20260821_170411_847,1,Unspecified,635,2026-08-21T17:10:43.6904105+09:00,2026-08-21T17:10:44.1904105+09:00,391.842781,392.342781,30,30,-0.185581,-0.046843,0.000292,0.000265,0.000135,0.023600,0
20260821_170411_847,1,Unspecified,636,2026-08-21T17:10:44.1904105+09:00,2026-08-21T17:10:44.6904105+09:00,392.342781,392.842781,30,30,-0.154072,-0.008792,0.000033,0.000195,0.000024,0.015090,0
20260821_170411_847,1,Unspecified,637,2026-08-21T17:10:44.6904105+09:00,2026-08-21T17:10:45.1904105+09:00,392.842781,393.342781,31,31,-0.138804,-0.004999,0.000066,0.000006,-0.000004,0.008453,0
20260821_170411_847,1,Unspecified,638,2026-08-21T17:10:45.1904105+09:00,2026-08-21T17:10:45.6904105+09:00,393.342781,393.842781,30,30,-0.098630,-0.042710,0.000520,0.000466,-0.000317,0.031394,0
20260821_170411_847,1,Unspecified,639,2026-08-21T17:10:45.6904105+09:00,2026-08-21T17:10:46.1904105+09:00,393.842781,394.342781,30,30,-0.071517,-0.040068,0.000161,0.000066,-0.000043,0.015038,0
20260821_170411_847,1,Unspecified,640,2026-08-21T17:10:46.1904105+09:00,2026-08-21T17:10:46.6904105+09:00,394.342781,394.842781,30,30,-0.077556,-0.063590,0.000098,0.000043,-0.000019,0.011844,0
20260821_170411_847,1,Unspecified,641,2026-08-21T17:10:46.6904105+09:00,2026-08-21T17:10:47.1904105+09:00,394.842781,395.342781,30,30,-0.058336,-0.061522,0.000345,0.000067,0.000006,0.020299,0
20260821_170411_847,1,Unspecified,642,2026-08-21T17:10:47.1904105+09:00,2026-08-21T17:10:47.6904105+09:00,395.342781,395.842781,30,30,-0.144012,-0.033379,0.000544,0.000059,-0.000028,0.024566,0
20260821_170411_847,1,Unspecified,643,2026-08-21T17:10:47.6904105+09:00,2026-08-21T17:10:48.1904105+09:00,395.842781,396.342781,30,30,-0.165754,-0.033610,0.000192,0.000014,0.000022,0.014330,0
20260821_170411_847,1,Unspecified,644,2026-08-21T17:10:48.1904105+09:00,2026-08-21T17:10:48.6904105+09:00,396.342781,396.842781,30,30,-0.184215,-0.034340,0.000233,0.000054,0.000032,0.016962,0
20260821_170411_847,1,Unspecified,645,2026-08-21T17:10:48.6904105+09:00,2026-08-21T17:10:49.1904105+09:00,396.842781,397.342781,30,30,-0.197486,-0.028265,0.000083,0.000064,0.000004,0.012139,0
20260821_170411_847,1,Unspecified,646,2026-08-21T17:10:49.1904105+09:00,2026-08-21T17:10:49.6904105+09:00,397.342781,397.842781,30,30,-0.178534,-0.033896,0.000210,0.000030,0.000035,0.015493,0
20260821_170411_847,1,Unspecified,647,2026-08-21T17:10:49.6904105+09:00,2026-08-21T17:10:50.1904105+09:00,397.842781,398.342781,30,30,-0.171578,-0.024964,0.000094,0.000026,-0.000001,0.010982,0
20260821_170411_847,1,Unspecified,648,2026-08-21T17:10:50.1904105+09:00,2026-08-21T17:10:50.6904105+09:00,398.342781,398.842781,30,30,-0.164347,-0.031143,0.000259,0.000043,0.000016,0.017392,0
20260821_170411_847,1,Unspecified,649,2026-08-21T17:10:50.6904105+09:00,2026-08-21T17:10:51.1904105+09:00,398.842781,399.342781,30,30,-0.057866,-0.023443,0.006185,0.000164,0.000534,0.079681,0
20260821_170411_847,1,Unspecified,650,2026-08-21T17:10:51.1904105+09:00,2026-08-21T17:10:51.6904105+09:00,399.342781,399.842781,30,30,-0.096401,-0.041411,0.000454,0.000004,0.000004,0.021403,0
20260821_170411_847,1,Unspecified,651,2026-08-21T17:10:51.6904105+09:00,2026-08-21T17:10:52.1904105+09:00,399.842781,400.342781,30,30,-0.118807,-0.052150,0.000476,0.000188,0.000002,0.025782,0
20260821_170411_847,1,Unspecified,652,2026-08-21T17:10:52.1904105+09:00,2026-08-21T17:10:52.6904105+09:00,400.342781,400.842781,30,30,-0.124333,-0.023356,0.000006,0.000019,-0.000006,0.005028,0
20260821_170411_847,1,Unspecified,653,2026-08-21T17:10:52.6904105+09:00,2026-08-21T17:10:53.1904105+09:00,400.842781,401.342781,30,30,-0.121978,-0.020202,0.000003,0.000007,0.000001,0.003094,0
20260821_170411_847,1,Unspecified,654,2026-08-21T17:10:53.1904105+09:00,2026-08-21T17:10:53.6904105+09:00,401.342781,401.842781,30,30,-0.123645,-0.010748,0.000004,0.000014,-0.000004,0.004308,0
20260821_170411_847,1,Unspecified,655,2026-08-21T17:10:53.6904105+09:00,2026-08-21T17:10:54.1904105+09:00,401.842781,402.342781,30,30,-0.123619,-0.001248,0.000022,0.000007,0.000005,0.005403,0
20260821_170411_847,1,Unspecified,656,2026-08-21T17:10:54.1904105+09:00,2026-08-21T17:10:54.6904105+09:00,402.342781,402.842781,30,30,-0.105639,-0.021477,0.000137,0.000511,-0.000233,0.025460,0
20260821_170411_847,1,Unspecified,657,2026-08-21T17:10:54.6904105+09:00,2026-08-21T17:10:55.1904105+09:00,402.842781,403.342781,30,30,-0.129055,-0.010200,0.000029,0.000012,-0.000001,0.006455,0
20260821_170411_847,1,Unspecified,658,2026-08-21T17:10:55.1904105+09:00,2026-08-21T17:10:55.6904105+09:00,403.342781,403.842781,30,30,-0.109002,-0.036030,0.000389,0.000648,0.000216,0.032191,0
20260821_170411_847,1,Unspecified,659,2026-08-21T17:10:55.6904105+09:00,2026-08-21T17:10:56.1904105+09:00,403.842781,404.342781,30,30,-0.118616,-0.008657,0.000194,0.000059,0.000012,0.015911,0
20260821_170411_847,1,Unspecified,660,2026-08-21T17:10:56.1904105+09:00,2026-08-21T17:10:56.6904105+09:00,404.342781,404.842781,30,30,-0.128700,-0.023479,0.000131,0.000050,-0.000006,0.013456,0
20260821_170411_847,1,Unspecified,661,2026-08-21T17:10:56.6904105+09:00,2026-08-21T17:10:57.1904105+09:00,404.842781,405.342781,30,30,-0.125127,-0.020029,0.000349,0.000051,-0.000090,0.019988,0
20260821_170411_847,1,Unspecified,662,2026-08-21T17:10:57.1904105+09:00,2026-08-21T17:10:57.6904105+09:00,405.342781,405.842781,30,30,-0.126835,-0.025622,0.000225,0.000022,-0.000020,0.015729,0
20260821_170411_847,1,Unspecified,663,2026-08-21T17:10:57.6904105+09:00,2026-08-21T17:10:58.1904105+09:00,405.842781,406.342781,30,30,-0.122517,-0.026892,0.000114,0.000030,0.000001,0.011967,0
20260821_170411_847,1,Unspecified,664,2026-08-21T17:10:58.1904105+09:00,2026-08-21T17:10:58.6904105+09:00,406.342781,406.842781,30,30,-0.128851,-0.034898,0.000244,0.000057,0.000080,0.017341,0
20260821_170411_847,1,Unspecified,665,2026-08-21T17:10:58.6904105+09:00,2026-08-21T17:10:59.1904105+09:00,406.842781,407.342781,30,30,-0.086778,-0.004405,0.002575,0.000477,0.000972,0.055244,0
20260821_170411_847,1,Unspecified,666,2026-08-21T17:10:59.1904105+09:00,2026-08-21T17:10:59.6904105+09:00,407.342781,407.842781,30,30,-0.100578,-0.007754,0.000159,0.000174,0.000025,0.018238,0
20260821_170411_847,1,Unspecified,667,2026-08-21T17:10:59.6904105+09:00,2026-08-21T17:11:00.1904105+09:00,407.842781,408.342781,30,30,-0.102327,-0.004279,0.000319,0.000617,0.000236,0.030587,0
20260821_170411_847,1,Unspecified,668,2026-08-21T17:11:00.1904105+09:00,2026-08-21T17:11:00.6904105+09:00,408.342781,408.842781,30,30,-0.112827,0.008971,0.000064,0.000118,0.000044,0.013487,0
20260821_170411_847,1,Unspecified,669,2026-08-21T17:11:00.6904105+09:00,2026-08-21T17:11:01.1904105+09:00,408.842781,409.342781,30,30,-0.100993,-0.009735,0.000052,0.000003,-0.000001,0.007368,0
20260821_170411_847,1,Unspecified,670,2026-08-21T17:11:01.1904105+09:00,2026-08-21T17:11:01.6904105+09:00,409.342781,409.842781,30,30,-0.088594,-0.001213,0.000020,0.000015,0.000012,0.005942,0
20260821_170411_847,1,Unspecified,671,2026-08-21T17:11:01.6904105+09:00,2026-08-21T17:11:02.1904105+09:00,409.842781,410.342781,30,30,-0.070384,0.009248,0.000023,0.000011,0.000007,0.005831,0
20260821_170411_847,1,Unspecified,672,2026-08-21T17:11:02.1904105+09:00,2026-08-21T17:11:02.6904105+09:00,410.342781,410.842781,30,30,-0.077280,0.013546,0.000039,0.000013,-0.000006,0.007227,0
20260821_170411_847,1,Unspecified,673,2026-08-21T17:11:02.6904105+09:00,2026-08-21T17:11:03.1904105+09:00,410.842781,411.342781,30,30,-0.091980,0.018261,0.000008,0.000013,-0.000007,0.004552,0
20260821_170411_847,1,Unspecified,674,2026-08-21T17:11:03.1904105+09:00,2026-08-21T17:11:03.6904105+09:00,411.342781,411.842781,30,30,-0.094303,0.026512,0.000004,0.000010,0.000003,0.003824,0
20260821_170411_847,1,Unspecified,675,2026-08-21T17:11:03.6904105+09:00,2026-08-21T17:11:04.1904105+09:00,411.842781,412.342781,30,30,-0.084404,-0.005871,0.000138,0.000427,-0.000085,0.023786,0
20260821_170411_847,1,Unspecified,676,2026-08-21T17:11:04.1904105+09:00,2026-08-21T17:11:04.6904105+09:00,412.342781,412.842781,30,30,-0.111481,-0.022192,0.000433,0.000049,0.000028,0.021966,0
20260821_170411_847,1,Unspecified,677,2026-08-21T17:11:04.6904105+09:00,2026-08-21T17:11:05.1904105+09:00,412.842781,413.342781,30,30,-0.128261,-0.025697,0.000094,0.000081,-0.000054,0.013207,0
20260821_170411_847,1,Unspecified,678,2026-08-21T17:11:05.1904105+09:00,2026-08-21T17:11:05.6904105+09:00,413.342781,413.842781,30,30,-0.144277,-0.015780,0.000455,0.000030,0.000007,0.022015,0
20260821_170411_847,1,Unspecified,679,2026-08-21T17:11:05.6904105+09:00,2026-08-21T17:11:06.1904105+09:00,413.842781,414.342781,30,30,-0.163705,-0.023380,0.000097,0.000025,0.000004,0.011043,0
20260821_170411_847,1,Unspecified,680,2026-08-21T17:11:06.1904105+09:00,2026-08-21T17:11:06.6904105+09:00,414.342781,414.842781,30,30,-0.170695,-0.024452,0.000177,0.000076,0.000003,0.015918,0
20260821_170411_847,1,Unspecified,681,2026-08-21T17:11:06.6904105+09:00,2026-08-21T17:11:07.1904105+09:00,414.842781,415.342781,30,30,-0.195445,-0.023566,0.000445,0.000073,0.000106,0.022767,0
20260821_170411_847,1,Unspecified,682,2026-08-21T17:11:07.1904105+09:00,2026-08-21T17:11:07.6904105+09:00,415.342781,415.842781,30,30,-0.195442,-0.026655,0.000609,0.000065,0.000113,0.025962,0
20260821_170411_847,1,Unspecified,683,2026-08-21T17:11:07.6904105+09:00,2026-08-21T17:11:08.1904105+09:00,415.842781,416.342781,30,30,-0.163061,-0.032376,0.000206,0.000044,-0.000041,0.015812,0
20260821_170411_847,1,Unspecified,684,2026-08-21T17:11:08.1904105+09:00,2026-08-21T17:11:08.6904105+09:00,416.342781,416.842781,30,30,-0.145831,-0.048573,0.000141,0.000070,0.000014,0.014520,0
20260821_170411_847,1,Unspecified,685,2026-08-21T17:11:08.6904105+09:00,2026-08-21T17:11:09.1904105+09:00,416.842781,417.342781,30,30,-0.151161,-0.052620,0.000079,0.000035,-0.000027,0.010673,0
20260821_170411_847,1,Unspecified,686,2026-08-21T17:11:09.1904105+09:00,2026-08-21T17:11:09.6904105+09:00,417.342781,417.842781,30,30,-0.155601,-0.062592,0.000082,0.000039,-0.000019,0.010993,0
20260821_170411_847,1,Unspecified,687,2026-08-21T17:11:09.6904105+09:00,2026-08-21T17:11:10.1904105+09:00,417.842781,418.342781,30,30,-0.163485,-0.063538,0.000177,0.000055,-0.000045,0.015245,0
20260821_170411_847,1,Unspecified,688,2026-08-21T17:11:10.1904105+09:00,2026-08-21T17:11:10.6904105+09:00,418.342781,418.842781,30,30,-0.158952,-0.083290,0.000121,0.000059,-0.000030,0.013387,0
20260821_170411_847,1,Unspecified,689,2026-08-21T17:11:10.6904105+09:00,2026-08-21T17:11:11.1904105+09:00,418.842781,419.342781,30,30,-0.153007,-0.046704,0.000404,0.001254,0.000476,0.040717,0
20260821_170411_847,1,Unspecified,690,2026-08-21T17:11:11.1904105+09:00,2026-08-21T17:11:11.6904105+09:00,419.342781,419.842781,30,30,-0.134237,-0.026430,0.000668,0.000132,-0.000017,0.028283,0
20260821_170411_847,1,Unspecified,691,2026-08-21T17:11:11.6904105+09:00,2026-08-21T17:11:12.1904105+09:00,419.842781,420.342781,30,30,-0.161708,-0.032154,0.000201,0.000009,0.000016,0.014510,0
20260821_170411_847,1,Unspecified,692,2026-08-21T17:11:12.1904105+09:00,2026-08-21T17:11:12.6904105+09:00,420.342781,420.842781,30,30,-0.132840,0.006387,0.002612,0.002669,0.002289,0.072666,0
20260821_170411_847,1,Unspecified,693,2026-08-21T17:11:12.6904105+09:00,2026-08-21T17:11:13.1904105+09:00,420.842781,421.342781,30,30,-0.107635,-0.024895,0.000408,0.002263,0.000799,0.051680,0
20260821_170411_847,1,Unspecified,694,2026-08-21T17:11:13.1904105+09:00,2026-08-21T17:11:13.6904105+09:00,421.342781,421.842781,30,30,-0.103648,-0.038834,0.000058,0.000141,0.000020,0.014092,0
20260821_170411_847,1,Unspecified,695,2026-08-21T17:11:13.6904105+09:00,2026-08-21T17:11:14.1904105+09:00,421.842781,422.342781,30,30,-0.085297,-0.058219,0.000766,0.000167,0.000064,0.030539,0
20260821_170411_847,1,Unspecified,696,2026-08-21T17:11:14.1904105+09:00,2026-08-21T17:11:14.6904105+09:00,422.342781,422.842781,30,30,-0.062669,-0.051503,0.000357,0.000060,-0.000057,0.020434,0
20260821_170411_847,1,Unspecified,697,2026-08-21T17:11:14.6904105+09:00,2026-08-21T17:11:15.1904105+09:00,422.842781,423.342781,30,30,-0.062148,-0.053714,0.000101,0.000063,-0.000029,0.012802,0
20260821_170411_847,1,Unspecified,698,2026-08-21T17:11:15.1904105+09:00,2026-08-21T17:11:15.6904105+09:00,423.342781,423.842781,30,30,-0.094009,-0.052121,0.000774,0.000076,-0.000081,0.029160,0
20260821_170411_847,1,Unspecified,699,2026-08-21T17:11:15.6904105+09:00,2026-08-21T17:11:16.1904105+09:00,423.842781,424.342781,30,30,-0.119291,-0.066970,0.000167,0.000041,0.000020,0.014405,0
20260821_170411_847,1,Unspecified,700,2026-08-21T17:11:16.1904105+09:00,2026-08-21T17:11:16.6904105+09:00,424.342781,424.842781,30,30,-0.101913,-0.082607,0.000075,0.000026,0.000009,0.010018,0
20260821_170411_847,1,Unspecified,701,2026-08-21T17:11:16.6904105+09:00,2026-08-21T17:11:17.1904105+09:00,424.842781,425.342781,30,30,-0.115471,-0.087518,0.000137,0.000105,0.000005,0.015548,0
20260821_170411_847,1,Unspecified,702,2026-08-21T17:11:17.1904105+09:00,2026-08-21T17:11:17.6904105+09:00,425.342781,425.842781,30,30,-0.113666,-0.086101,0.000264,0.000020,0.000014,0.016851,0
20260821_170411_847,1,Unspecified,703,2026-08-21T17:11:17.6904105+09:00,2026-08-21T17:11:18.1904105+09:00,425.842781,426.342781,30,30,-0.111743,-0.059272,0.000228,0.000064,-0.000080,0.017087,0
20260821_170411_847,1,Unspecified,704,2026-08-21T17:11:18.1904105+09:00,2026-08-21T17:11:18.6904105+09:00,426.342781,426.842781,30,30,-0.064894,-0.038949,0.002147,0.000778,0.000763,0.054084,0
20260821_170411_847,1,Unspecified,705,2026-08-21T17:11:18.6904105+09:00,2026-08-21T17:11:19.1904105+09:00,426.842781,427.342781,30,30,0.032429,-0.020846,0.005040,0.000235,0.001016,0.072631,0
20260821_170411_847,1,Unspecified,706,2026-08-21T17:11:19.1904105+09:00,2026-08-21T17:11:19.6904105+09:00,427.342781,427.842781,30,30,-0.117484,-0.036009,0.000135,0.000048,-0.000049,0.013529,0
20260821_170411_847,1,Unspecified,707,2026-08-21T17:11:19.6904105+09:00,2026-08-21T17:11:20.1904105+09:00,427.842781,428.342781,30,30,-0.129432,-0.023059,0.000003,0.000010,0.000000,0.003589,0
20260821_170411_847,1,Unspecified,708,2026-08-21T17:11:20.1904105+09:00,2026-08-21T17:11:20.6904105+09:00,428.342781,428.842781,30,30,-0.126663,-0.022527,0.000009,0.000141,-0.000026,0.012248,0
20260821_170411_847,1,Unspecified,709,2026-08-21T17:11:20.6904105+09:00,2026-08-21T17:11:21.1904105+09:00,428.842781,429.342781,30,30,-0.123462,-0.035184,0.000009,0.000040,0.000007,0.007039,0
20260821_170411_847,1,Unspecified,710,2026-08-21T17:11:21.1904105+09:00,2026-08-21T17:11:21.6904105+09:00,429.342781,429.842781,30,30,-0.128997,-0.051160,0.000396,0.000142,0.000059,0.023207,0
20260821_170411_847,1,Unspecified,711,2026-08-21T17:11:21.6904105+09:00,2026-08-21T17:11:22.1904105+09:00,429.842781,430.342781,30,30,-0.122176,-0.036329,0.000004,0.000052,0.000009,0.007488,0
20260821_170411_847,1,Unspecified,712,2026-08-21T17:11:22.1904105+09:00,2026-08-21T17:11:22.6904105+09:00,430.342781,430.842781,30,30,-0.123734,-0.015826,0.000006,0.000040,-0.000011,0.006774,0
20260821_170411_847,1,Unspecified,713,2026-08-21T17:11:22.6904105+09:00,2026-08-21T17:11:23.1904105+09:00,430.842781,431.342781,30,30,-0.118149,0.019352,0.000019,0.000123,0.000045,0.011917,0
20260821_170411_847,1,Unspecified,714,2026-08-21T17:11:23.1904105+09:00,2026-08-21T17:11:23.6904105+09:00,431.342781,431.842781,30,30,-0.099260,0.029757,0.000043,0.000044,0.000040,0.009361,0
20260821_170411_847,1,Unspecified,715,2026-08-21T17:11:23.6904105+09:00,2026-08-21T17:11:24.1904105+09:00,431.842781,432.342781,30,30,-0.103101,-0.002562,0.000324,0.000803,0.000090,0.033573,0
20260821_170411_847,1,Unspecified,716,2026-08-21T17:11:24.1904105+09:00,2026-08-21T17:11:24.6904105+09:00,432.342781,432.842781,30,30,-0.121116,-0.005712,0.000005,0.000004,-0.000001,0.002967,0
20260821_170411_847,1,Unspecified,717,2026-08-21T17:11:24.6904105+09:00,2026-08-21T17:11:25.1904105+09:00,432.842781,433.342781,30,30,-0.122999,-0.004265,0.000004,0.000004,0.000002,0.002896,0
20260821_170411_847,1,Unspecified,718,2026-08-21T17:11:25.1904105+09:00,2026-08-21T17:11:25.6904105+09:00,433.342781,433.842781,30,30,-0.126926,0.009672,0.000021,0.000072,-0.000030,0.009648,0
20260821_170411_847,1,Unspecified,719,2026-08-21T17:11:25.6904105+09:00,2026-08-21T17:11:26.1904105+09:00,433.842781,434.342781,30,30,-0.116465,-0.013824,0.000633,0.000202,-0.000141,0.028893,0
20260821_170411_847,1,Unspecified,720,2026-08-21T17:11:26.1904105+09:00,2026-08-21T17:11:26.6904105+09:00,434.342781,434.842781,30,30,-0.119375,0.005010,0.000004,0.000013,-0.000004,0.004212,0
20260821_170411_847,1,Unspecified,721,2026-08-21T17:11:26.6904105+09:00,2026-08-21T17:11:27.1904105+09:00,434.842781,435.342781,30,30,-0.121798,0.006907,0.000003,0.000005,0.000001,0.002847,0
20260821_170411_847,1,Unspecified,722,2026-08-21T17:11:27.1904105+09:00,2026-08-21T17:11:27.6904105+09:00,435.342781,435.842781,30,30,-0.124722,-0.007510,0.000176,0.000379,-0.000026,0.023554,0
20260821_170411_847,1,Unspecified,723,2026-08-21T17:11:27.6904105+09:00,2026-08-21T17:11:28.1904105+09:00,435.842781,436.342781,30,30,-0.065957,0.041767,0.004383,0.000385,0.001093,0.069053,0
20260821_170411_847,1,Unspecified,724,2026-08-21T17:11:28.1904105+09:00,2026-08-21T17:11:28.6904105+09:00,436.342781,436.842781,30,30,-0.018393,0.053197,0.000674,0.000166,0.000315,0.028982,0
20260821_170411_847,1,Unspecified,725,2026-08-21T17:11:28.6904105+09:00,2026-08-21T17:11:29.1904105+09:00,436.842781,437.342781,30,30,-0.080546,0.014753,0.000072,0.000115,0.000089,0.013681,0
20260821_170411_847,1,Unspecified,726,2026-08-21T17:11:29.1904105+09:00,2026-08-21T17:11:29.6904105+09:00,437.342781,437.842781,30,30,-0.102489,0.004275,0.000039,0.000009,-0.000016,0.006950,0
20260821_170411_847,1,Unspecified,727,2026-08-21T17:11:29.6904105+09:00,2026-08-21T17:11:30.1904105+09:00,437.842781,438.342781,30,30,-0.115574,-0.003253,0.000260,0.000109,-0.000038,0.019218,0
20260821_170411_847,1,Unspecified,728,2026-08-21T17:11:30.1904105+09:00,2026-08-21T17:11:30.6904105+09:00,438.342781,438.842781,30,30,-0.114722,0.022016,0.000003,0.000046,0.000004,0.007028,0
20260821_170411_847,1,Unspecified,729,2026-08-21T17:11:30.6904105+09:00,2026-08-21T17:11:31.1904105+09:00,438.842781,439.342781,30,30,-0.125725,0.000866,0.000032,0.000014,0.000009,0.006812,0
20260821_170411_847,1,Unspecified,730,2026-08-21T17:11:31.1904105+09:00,2026-08-21T17:11:31.6904105+09:00,439.342781,439.842781,30,30,-0.119656,0.000157,0.000006,0.000006,0.000004,0.003447,0
20260821_170411_847,1,Unspecified,731,2026-08-21T17:11:31.6904105+09:00,2026-08-21T17:11:32.1904105+09:00,439.842781,440.342781,30,30,-0.110008,-0.014773,0.000412,0.000287,-0.000256,0.026442,0
20260821_170411_847,1,Unspecified,732,2026-08-21T17:11:32.1904105+09:00,2026-08-21T17:11:32.6904105+09:00,440.342781,440.842781,30,30,-0.109535,0.003302,0.000064,0.000155,0.000014,0.014790,0
20260821_170411_847,1,Unspecified,733,2026-08-21T17:11:32.6904105+09:00,2026-08-21T17:11:33.1904105+09:00,440.842781,441.342781,30,30,-0.119274,-0.021016,0.000013,0.000013,0.000002,0.005034,0
20260821_170411_847,1,Unspecified,734,2026-08-21T17:11:33.1904105+09:00,2026-08-21T17:11:33.6904105+09:00,441.342781,441.842781,30,30,-0.105988,-0.035851,0.000759,0.001089,0.000004,0.042986,0
20260821_170411_847,1,Unspecified,735,2026-08-21T17:11:33.6904105+09:00,2026-08-21T17:11:34.1904105+09:00,441.842781,442.342781,30,30,-0.118952,-0.038856,0.000176,0.000997,0.000109,0.034256,0
20260821_170411_847,1,Unspecified,736,2026-08-21T17:11:34.1904105+09:00,2026-08-21T17:11:34.6904105+09:00,442.342781,442.842781,30,30,-0.119892,0.003009,0.000005,0.000019,-0.000008,0.004922,0
20260821_170411_847,1,Unspecified,737,2026-08-21T17:11:34.6904105+09:00,2026-08-21T17:11:35.1904105+09:00,442.842781,443.342781,30,30,-0.118906,0.011334,0.000004,0.000019,-0.000002,0.004742,0
20260821_170411_847,1,Unspecified,738,2026-08-21T17:11:35.1904105+09:00,2026-08-21T17:11:35.6904105+09:00,443.342781,443.842781,30,30,-0.112985,-0.001875,0.000617,0.000672,-0.000418,0.035910,0
20260821_170411_847,1,Unspecified,739,2026-08-21T17:11:35.6904105+09:00,2026-08-21T17:11:36.1904105+09:00,443.842781,444.342781,30,30,-0.118210,0.024864,0.000001,0.000007,0.000001,0.002842,0
20260821_170411_847,1,Unspecified,740,2026-08-21T17:11:36.1904105+09:00,2026-08-21T17:11:36.6904105+09:00,444.342781,444.842781,30,30,-0.121373,0.011916,0.000003,0.000012,0.000004,0.003858,0
20260821_170411_847,1,Unspecified,741,2026-08-21T17:11:36.6904105+09:00,2026-08-21T17:11:37.1904105+09:00,444.842781,445.342781,30,30,-0.126895,0.002544,0.000020,0.000030,0.000021,0.007117,0
20260821_170411_847,1,Unspecified,742,2026-08-21T17:11:37.1904105+09:00,2026-08-21T17:11:37.6904105+09:00,445.342781,445.842781,30,30,-0.104445,-0.015467,0.000613,0.000624,-0.000401,0.035159,0
20260821_170411_847,1,Unspecified,743,2026-08-21T17:11:37.6904105+09:00,2026-08-21T17:11:38.1904105+09:00,445.842781,446.342781,30,30,-0.102058,-0.019221,0.000403,0.000831,-0.000182,0.035122,0
20260821_170411_847,1,Unspecified,744,2026-08-21T17:11:38.1904105+09:00,2026-08-21T17:11:38.6904105+09:00,446.342781,446.842781,30,30,-0.115106,-0.029591,0.000083,0.000100,0.000003,0.013512,0
20260821_170411_847,1,Unspecified,745,2026-08-21T17:11:38.6904105+09:00,2026-08-21T17:11:39.1904105+09:00,446.842781,447.342781,30,30,-0.125623,-0.037437,0.000003,0.000006,-0.000002,0.003069,0
20260821_170411_847,1,Unspecified,746,2026-08-21T17:11:39.1904105+09:00,2026-08-21T17:11:39.6904105+09:00,447.342781,447.842781,30,30,-0.121216,-0.035049,0.000003,0.000003,0.000002,0.002343,0
20260821_170411_847,1,Unspecified,747,2026-08-21T17:11:39.6904105+09:00,2026-08-21T17:11:40.1904105+09:00,447.842781,448.342781,30,30,-0.122656,-0.033466,0.000109,0.000024,0.000035,0.011550,0
20260821_170411_847,1,Unspecified,748,2026-08-21T17:11:40.1904105+09:00,2026-08-21T17:11:40.6904105+09:00,448.342781,448.842781,30,30,-0.131253,-0.014745,0.000096,0.000262,0.000144,0.018926,0
20260821_170411_847,1,Unspecified,749,2026-08-21T17:11:40.6904105+09:00,2026-08-21T17:11:41.1904105+09:00,448.842781,449.342781,30,30,-0.125003,-0.013573,0.000007,0.000103,0.000016,0.010479,0
20260821_170411_847,1,Unspecified,750,2026-08-21T17:11:41.1904105+09:00,2026-08-21T17:11:41.6904105+09:00,449.342781,449.842781,30,30,-0.129853,-0.040059,0.000534,0.000784,-0.000180,0.036297,0
20260821_170411_847,1,Unspecified,751,2026-08-21T17:11:41.6904105+09:00,2026-08-21T17:11:42.1904105+09:00,449.842781,450.342781,30,30,-0.126731,-0.002473,0.000030,0.000004,-0.000004,0.005812,0
20260821_170411_847,1,Unspecified,752,2026-08-21T17:11:42.1904105+09:00,2026-08-21T17:11:42.6904105+09:00,450.342781,450.842781,30,30,-0.125185,-0.004676,0.000002,0.000003,0.000000,0.002205,0
20260821_170411_847,1,Unspecified,753,2026-08-21T17:11:42.6904105+09:00,2026-08-21T17:11:43.1904105+09:00,450.842781,451.342781,30,30,-0.122250,-0.004753,0.000001,0.000003,0.000000,0.002168,0
20260821_170411_847,1,Unspecified,754,2026-08-21T17:11:43.1904105+09:00,2026-08-21T17:11:43.6904105+09:00,451.342781,451.842781,30,30,-0.110988,-0.048739,0.000468,0.000497,-0.000278,0.031058,0
20260821_170411_847,1,Unspecified,755,2026-08-21T17:11:43.6904105+09:00,2026-08-21T17:11:44.1904105+09:00,451.842781,452.342781,30,30,-0.068352,-0.041037,0.004499,0.000273,0.000236,0.069078,0
20260821_170411_847,1,Unspecified,756,2026-08-21T17:11:44.1904105+09:00,2026-08-21T17:11:44.6904105+09:00,452.342781,452.842781,30,30,-0.101803,-0.017392,0.000685,0.000035,0.000012,0.026833,0
20260821_170411_847,1,Unspecified,757,2026-08-21T17:11:44.6904105+09:00,2026-08-21T17:11:45.1904105+09:00,452.842781,453.342781,30,30,-0.117438,-0.011204,0.000003,0.000003,-0.000001,0.002547,0
20260821_170411_847,1,Unspecified,758,2026-08-21T17:11:45.1904105+09:00,2026-08-21T17:11:45.6904105+09:00,453.342781,453.842781,30,30,-0.130434,-0.024334,0.000006,0.000044,-0.000003,0.007058,0
20260821_170411_847,1,Unspecified,759,2026-08-21T17:11:45.6904105+09:00,2026-08-21T17:11:46.1904105+09:00,453.842781,454.342781,30,30,-0.141788,-0.036622,0.000170,0.000252,0.000158,0.020547,0
20260821_170411_847,1,Unspecified,760,2026-08-21T17:11:46.1904105+09:00,2026-08-21T17:11:46.6904105+09:00,454.342781,454.842781,30,30,-0.132117,-0.017287,0.000003,0.000008,0.000002,0.003256,0
20260821_170411_847,1,Unspecified,761,2026-08-21T17:11:46.6904105+09:00,2026-08-21T17:11:47.1904105+09:00,454.842781,455.342781,30,30,-0.130999,-0.020280,0.000002,0.000001,0.000000,0.001867,0
20260821_170411_847,1,Unspecified,762,2026-08-21T17:11:47.1904105+09:00,2026-08-21T17:11:47.6904105+09:00,455.342781,455.842781,30,30,-0.115160,-0.037500,0.001458,0.000143,-0.000022,0.040013,0
20260821_170411_847,1,Unspecified,763,2026-08-21T17:11:47.6904105+09:00,2026-08-21T17:11:48.1904105+09:00,455.842781,456.342781,30,30,-0.109859,-0.002377,0.000032,0.000053,-0.000025,0.009200,0
20260821_170411_847,1,Unspecified,764,2026-08-21T17:11:48.1904105+09:00,2026-08-21T17:11:48.6904105+09:00,456.342781,456.842781,30,30,-0.126894,0.017495,0.000010,0.000010,-0.000007,0.004449,0
20260821_170411_847,1,Unspecified,765,2026-08-21T17:11:48.6904105+09:00,2026-08-21T17:11:49.1904105+09:00,456.842781,457.342781,30,30,-0.122781,0.013853,0.000007,0.000006,0.000003,0.003582,0
20260821_170411_847,1,Unspecified,766,2026-08-21T17:11:49.1904105+09:00,2026-08-21T17:11:49.6904105+09:00,457.342781,457.842781,30,30,-0.123190,-0.005882,0.000127,0.000533,-0.000141,0.025683,0
20260821_170411_847,1,Unspecified,767,2026-08-21T17:11:49.6904105+09:00,2026-08-21T17:11:50.1904105+09:00,457.842781,458.342781,30,30,-0.121657,0.003591,0.000004,0.000004,-0.000001,0.002865,0
20260821_170411_847,1,Unspecified,768,2026-08-21T17:11:50.1904105+09:00,2026-08-21T17:11:50.6904105+09:00,458.342781,458.842781,30,30,-0.115749,0.001244,0.000008,0.000006,-0.000004,0.003789,0
20260821_170411_847,1,Unspecified,769,2026-08-21T17:11:50.6904105+09:00,2026-08-21T17:11:51.1904105+09:00,458.842781,459.342781,30,30,-0.108694,0.002570,0.000008,0.000009,0.000006,0.004122,0
20260821_170411_847,1,Unspecified,770,2026-08-21T17:11:51.1904105+09:00,2026-08-21T17:11:51.6904105+09:00,459.342781,459.842781,30,30,-0.126527,0.018423,0.000099,0.000019,-0.000033,0.010861,0
20260821_170411_847,1,Unspecified,771,2026-08-21T17:11:51.6904105+09:00,2026-08-21T17:11:52.1904105+09:00,459.842781,460.342781,30,30,-0.116255,0.022039,0.000025,0.000120,0.000003,0.012018,0
20260821_170411_847,1,Unspecified,772,2026-08-21T17:11:52.1904105+09:00,2026-08-21T17:11:52.6904105+09:00,460.342781,460.842781,30,30,-0.117419,0.028889,0.000002,0.000006,0.000000,0.002711,0
20260821_170411_847,1,Unspecified,773,2026-08-21T17:11:52.6904105+09:00,2026-08-21T17:11:53.1904105+09:00,460.842781,461.342781,30,30,-0.116708,0.028643,0.000002,0.000005,0.000000,0.002573,0
20260821_170411_847,1,Unspecified,774,2026-08-21T17:11:53.1904105+09:00,2026-08-21T17:11:53.6904105+09:00,461.342781,461.842781,30,30,-0.114684,0.032974,0.000003,0.000002,0.000001,0.002326,0
20260821_170411_847,1,Unspecified,775,2026-08-21T17:11:53.6904105+09:00,2026-08-21T17:11:54.1904105+09:00,461.842781,462.342781,30,30,-0.119951,0.030132,0.000009,0.000122,-0.000018,0.011421,0
20260821_170411_847,1,Unspecified,776,2026-08-21T17:11:54.1904105+09:00,2026-08-21T17:11:54.6904105+09:00,462.342781,462.842781,30,30,-0.121018,0.036864,0.000001,0.000006,-0.000001,0.002515,0
20260821_170411_847,1,Unspecified,777,2026-08-21T17:11:54.6904105+09:00,2026-08-21T17:11:55.1904105+09:00,462.842781,463.342781,30,30,-0.120818,0.036175,0.000002,0.000005,0.000001,0.002576,0
20260821_170411_847,1,Unspecified,778,2026-08-21T17:11:55.1904105+09:00,2026-08-21T17:11:55.6904105+09:00,463.342781,463.842781,30,30,-0.134173,0.020074,0.000034,0.000136,0.000000,0.013050,0
20260821_170411_847,1,Unspecified,779,2026-08-21T17:11:55.6904105+09:00,2026-08-21T17:11:56.1904105+09:00,463.842781,464.342781,30,30,-0.145882,-0.009945,0.000573,0.001450,0.000000,0.044973,0
20260821_170411_847,1,Unspecified,780,2026-08-21T17:11:56.1904105+09:00,2026-08-21T17:11:56.6904105+09:00,464.342781,464.842781,30,30,-0.132880,0.042557,0.000005,0.000027,0.000007,0.005627,0
20260821_170411_847,1,Unspecified,781,2026-08-21T17:11:56.6904105+09:00,2026-08-21T17:11:57.1904105+09:00,464.842781,465.342781,30,30,-0.128632,0.032741,0.000007,0.000003,-0.000003,0.003230,0
20260821_170411_847,1,Unspecified,782,2026-08-21T17:11:57.1904105+09:00,2026-08-21T17:11:57.6904105+09:00,465.342781,465.842781,29,29,-0.126788,0.035329,0.000002,0.000012,0.000002,0.003775,0
20260821_170411_847,1,Unspecified,783,2026-08-21T17:11:57.6904105+09:00,2026-08-21T17:11:58.1904105+09:00,465.842781,466.342781,31,31,-0.148643,0.021749,0.000439,0.000351,0.000119,0.028115,0
20260821_170411_847,1,Unspecified,784,2026-08-21T17:11:58.1904105+09:00,2026-08-21T17:11:58.6904105+09:00,466.342781,466.842781,29,29,-0.123255,0.000979,0.000116,0.002095,0.000010,0.047023,0
20260821_170411_847,1,Unspecified,785,2026-08-21T17:11:58.6904105+09:00,2026-08-21T17:11:59.1904105+09:00,466.842781,467.342781,31,31,-0.120123,0.036550,0.000006,0.000005,0.000002,0.003309,0
20260821_170411_847,1,Unspecified,786,2026-08-21T17:11:59.1904105+09:00,2026-08-21T17:11:59.6904105+09:00,467.342781,467.842781,29,29,-0.143390,-0.038923,0.000690,0.002824,-0.000305,0.059278,0
20260821_170411_847,1,Unspecified,787,2026-08-21T17:11:59.6904105+09:00,2026-08-21T17:12:00.1904105+09:00,467.842781,468.342781,30,30,-0.135979,0.023952,0.000238,0.000272,0.000083,0.022590,0
20260821_170411_847,1,Unspecified,788,2026-08-21T17:12:00.1904105+09:00,2026-08-21T17:12:00.6904105+09:00,468.342781,468.842781,31,31,-0.123210,0.024008,0.000008,0.000004,0.000003,0.003507,0
20260821_170411_847,1,Unspecified,789,2026-08-21T17:12:00.6904105+09:00,2026-08-21T17:12:01.1904105+09:00,468.842781,469.342781,29,29,-0.125912,0.018694,0.000001,0.000002,0.000000,0.001830,0
20260821_170411_847,1,Unspecified,790,2026-08-21T17:12:01.1904105+09:00,2026-08-21T17:12:01.6904105+09:00,469.342781,469.842781,30,30,-0.134691,0.010437,0.000341,0.000146,0.000139,0.022068,0
20260821_170411_847,1,Unspecified,791,2026-08-21T17:12:01.6904105+09:00,2026-08-21T17:12:02.1904105+09:00,469.842781,470.342781,30,30,-0.191980,0.011575,0.000833,0.000216,0.000384,0.032379,0
20260821_170411_847,1,Unspecified,792,2026-08-21T17:12:02.1904105+09:00,2026-08-21T17:12:02.6904105+09:00,470.342781,470.842781,30,30,-0.148608,0.021696,0.000388,0.000045,0.000110,0.020814,0
20260821_170411_847,1,Unspecified,793,2026-08-21T17:12:02.6904105+09:00,2026-08-21T17:12:03.1904105+09:00,470.842781,471.342781,30,30,-0.124721,0.032533,0.000002,0.000003,0.000000,0.002404,0
20260821_170411_847,1,Unspecified,794,2026-08-21T17:12:03.1904105+09:00,2026-08-21T17:12:03.6904105+09:00,471.342781,471.842781,30,30,-0.123893,0.034245,0.000003,0.000003,0.000001,0.002426,0
20260821_170411_847,1,Unspecified,795,2026-08-21T17:12:03.6904105+09:00,2026-08-21T17:12:04.1904105+09:00,471.842781,472.342781,31,31,-0.123797,0.035558,0.000001,0.000003,-0.000001,0.001922,0
20260821_170411_847,1,Unspecified,796,2026-08-21T17:12:04.1904105+09:00,2026-08-21T17:12:04.6904105+09:00,472.342781,472.842781,30,30,-0.122613,0.035126,0.000003,0.000005,0.000000,0.002758,0
20260821_170411_847,1,Unspecified,797,2026-08-21T17:12:04.6904105+09:00,2026-08-21T17:12:05.1904105+09:00,472.842781,473.342781,29,29,-0.121090,0.036296,0.000002,0.000003,0.000000,0.002249,0
20260821_170411_847,1,Unspecified,798,2026-08-21T17:12:05.1904105+09:00,2026-08-21T17:12:05.6904105+09:00,473.342781,473.842781,30,30,-0.121904,0.033771,0.000001,0.000003,0.000000,0.002143,0
20260821_170411_847,1,Unspecified,799,2026-08-21T17:12:05.6904105+09:00,2026-08-21T17:12:06.1904105+09:00,473.842781,474.342781,30,30,-0.124377,0.034888,0.000004,0.000006,0.000003,0.003209,0
20260821_170411_847,1,Unspecified,800,2026-08-21T17:12:06.1904105+09:00,2026-08-21T17:12:06.6904105+09:00,474.342781,474.842781,31,31,-0.119055,0.039160,0.000004,0.000007,0.000004,0.003390,0
20260821_170411_847,1,Unspecified,801,2026-08-21T17:12:06.6904105+09:00,2026-08-21T17:12:07.1904105+09:00,474.842781,475.342781,29,29,-0.117842,0.039943,0.000002,0.000003,0.000000,0.002121,0
20260821_170411_847,1,Unspecified,802,2026-08-21T17:12:07.1904105+09:00,2026-08-21T17:12:07.6904105+09:00,475.342781,475.842781,30,30,-0.121956,0.020014,0.000267,0.001714,-0.000247,0.044505,0
20260821_170411_847,1,Unspecified,803,2026-08-21T17:12:07.6904105+09:00,2026-08-21T17:12:08.1904105+09:00,475.842781,476.342781,31,31,-0.131311,0.024654,0.000033,0.000759,0.000125,0.028144,0
20260821_170411_847,1,Unspecified,804,2026-08-21T17:12:08.1904105+09:00,2026-08-21T17:12:08.6904105+09:00,476.342781,476.842781,30,30,-0.124065,0.039405,0.000008,0.000003,-0.000002,0.003201,0
20260821_170411_847,1,Unspecified,805,2026-08-21T17:12:08.6904105+09:00,2026-08-21T17:12:09.1904105+09:00,476.842781,477.342781,30,30,-0.122204,0.038353,0.000004,0.000003,0.000000,0.002551,0
20260821_170411_847,1,Unspecified,806,2026-08-21T17:12:09.1904105+09:00,2026-08-21T17:12:09.6904105+09:00,477.342781,477.842781,30,30,-0.121092,0.038647,0.000004,0.000003,0.000002,0.002462,0
20260821_170411_847,1,Unspecified,807,2026-08-21T17:12:09.6904105+09:00,2026-08-21T17:12:10.1904105+09:00,477.842781,478.342781,30,30,-0.119197,0.039064,0.000003,0.000007,0.000003,0.003218,0
20260821_170411_847,1,Unspecified,808,2026-08-21T17:12:10.1904105+09:00,2026-08-21T17:12:10.6904105+09:00,478.342781,478.842781,30,30,-0.120849,0.039451,0.000003,0.000003,0.000001,0.002258,0
20260821_170411_847,1,Unspecified,809,2026-08-21T17:12:10.6904105+09:00,2026-08-21T17:12:11.1904105+09:00,478.842781,479.342781,30,30,-0.121231,0.040755,0.000002,0.000002,0.000000,0.002115,0
20260821_170411_847,1,Unspecified,810,2026-08-21T17:12:11.1904105+09:00,2026-08-21T17:12:11.6904105+09:00,479.342781,479.842781,30,30,-0.122223,0.041502,0.000002,0.000001,0.000000,0.001831,0
20260821_170411_847,1,Unspecified,811,2026-08-21T17:12:11.6904105+09:00,2026-08-21T17:12:12.1904105+09:00,479.842781,480.342781,30,30,-0.124762,0.040219,0.000001,0.000004,0.000001,0.002208,0
20260821_170411_847,1,Unspecified,812,2026-08-21T17:12:12.1904105+09:00,2026-08-21T17:12:12.6904105+09:00,480.342781,480.842781,30,30,-0.126589,0.043019,0.000001,0.000002,0.000000,0.001962,0
20260821_170411_847,1,Unspecified,813,2026-08-21T17:12:12.6904105+09:00,2026-08-21T17:12:13.1904105+09:00,480.842781,481.342781,30,30,-0.126261,0.041772,0.000002,0.000002,0.000000,0.002092,0
20260821_170411_847,1,Unspecified,814,2026-08-21T17:12:13.1904105+09:00,2026-08-21T17:12:13.6904105+09:00,481.342781,481.842781,30,30,-0.130118,0.041066,0.000031,0.000015,-0.000010,0.006788,0
20260821_170411_847,1,Unspecified,815,2026-08-21T17:12:13.6904105+09:00,2026-08-21T17:12:14.1904105+09:00,481.842781,482.342781,30,30,-0.129314,-0.017729,0.000077,0.002841,-0.000196,0.054020,0
20260821_170411_847,1,Unspecified,816,2026-08-21T17:12:14.1904105+09:00,2026-08-21T17:12:14.6904105+09:00,482.342781,482.842781,30,30,-0.123448,0.040030,0.000007,0.000013,-0.000007,0.004429,0
20260821_170411_847,1,Unspecified,817,2026-08-21T17:12:14.6904105+09:00,2026-08-21T17:12:15.1904105+09:00,482.842781,483.342781,30,30,-0.119554,0.034231,0.000002,0.000004,0.000000,0.002464,0
20260821_170411_847,1,Unspecified,818,2026-08-21T17:12:15.1904105+09:00,2026-08-21T17:12:15.6904105+09:00,483.342781,483.842781,30,30,-0.128386,0.029813,0.000011,0.000009,0.000006,0.004481,0
20260821_170411_847,1,Unspecified,819,2026-08-21T17:12:15.6904105+09:00,2026-08-21T17:12:16.1904105+09:00,483.842781,484.342781,30,30,-0.125917,0.032856,0.000002,0.000003,0.000001,0.002165,0
20260821_170411_847,1,Unspecified,820,2026-08-21T17:12:16.1904105+09:00,2026-08-21T17:12:16.6904105+09:00,484.342781,484.842781,30,30,-0.126310,0.032478,0.000002,0.000003,0.000000,0.002156,0
20260821_170411_847,1,Unspecified,821,2026-08-21T17:12:16.6904105+09:00,2026-08-21T17:12:17.1904105+09:00,484.842781,485.342781,30,30,-0.128265,0.032232,0.000002,0.000003,0.000001,0.002302,0
20260821_170411_847,1,Unspecified,822,2026-08-21T17:12:17.1904105+09:00,2026-08-21T17:12:17.6904105+09:00,485.342781,485.842781,30,30,-0.129105,0.033082,0.000002,0.000005,0.000000,0.002534,0
20260821_170411_847,1,Unspecified,823,2026-08-21T17:12:17.6904105+09:00,2026-08-21T17:12:18.1904105+09:00,485.842781,486.342781,30,30,-0.135943,0.038058,0.000007,0.000020,-0.000001,0.005199,0
20260821_170411_847,1,Unspecified,824,2026-08-21T17:12:18.1904105+09:00,2026-08-21T17:12:18.6904105+09:00,486.342781,486.842781,30,30,-0.133935,0.044507,0.000001,0.000007,0.000002,0.002839,0
20260821_170411_847,1,Unspecified,825,2026-08-21T17:12:18.6904105+09:00,2026-08-21T17:12:19.1904105+09:00,486.842781,487.342781,30,30,-0.133528,0.044417,0.000001,0.000004,0.000000,0.002393,0
20260821_170411_847,1,Unspecified,826,2026-08-21T17:12:19.1904105+09:00,2026-08-21T17:12:19.6904105+09:00,487.342781,487.842781,30,30,-0.132134,0.043365,0.000001,0.000003,-0.000001,0.002158,0
20260821_170411_847,1,Unspecified,827,2026-08-21T17:12:19.6904105+09:00,2026-08-21T17:12:20.1904105+09:00,487.842781,488.342781,30,30,-0.133109,-0.000596,0.000275,0.002751,-0.000179,0.055008,0
20260821_170411_847,1,Unspecified,828,2026-08-21T17:12:20.1904105+09:00,2026-08-21T17:12:20.6904105+09:00,488.342781,488.842781,30,30,-0.127449,0.048433,0.000003,0.000016,0.000005,0.004365,0
20260821_170411_847,1,Unspecified,829,2026-08-21T17:12:20.6904105+09:00,2026-08-21T17:12:21.1904105+09:00,488.842781,489.342781,30,30,-0.134645,0.034430,0.000009,0.000059,0.000016,0.008274,0
20260821_170411_847,1,Unspecified,830,2026-08-21T17:12:21.1904105+09:00,2026-08-21T17:12:21.6904105+09:00,489.342781,489.842781,30,30,-0.136506,0.030683,0.000024,0.000018,0.000014,0.006476,0
20260821_170411_847,1,Unspecified,831,2026-08-21T17:12:21.6904105+09:00,2026-08-21T17:12:22.1904105+09:00,489.842781,490.342781,30,30,-0.130920,0.033426,0.000002,0.000003,0.000001,0.002374,0
20260821_170411_847,1,Unspecified,832,2026-08-21T17:12:22.1904105+09:00,2026-08-21T17:12:22.6904105+09:00,490.342781,490.842781,30,30,-0.129171,0.034647,0.000001,0.000004,0.000000,0.002215,0
20260821_170411_847,1,Unspecified,833,2026-08-21T17:12:22.6904105+09:00,2026-08-21T17:12:23.1904105+09:00,490.842781,491.342781,30,30,-0.127533,0.034639,0.000001,0.000005,0.000000,0.002446,0
20260821_170411_847,1,Unspecified,834,2026-08-21T17:12:23.1904105+09:00,2026-08-21T17:12:23.6904105+09:00,491.342781,491.842781,30,30,-0.138412,0.032040,0.000143,0.000122,0.000026,0.016270,0
20260821_170411_847,1,Unspecified,835,2026-08-21T17:12:23.6904105+09:00,2026-08-21T17:12:24.1904105+09:00,491.842781,492.342781,30,30,-0.130533,0.029611,0.000176,0.000171,0.000118,0.018641,0
20260821_170411_847,1,Unspecified,836,2026-08-21T17:12:24.1904105+09:00,2026-08-21T17:12:24.6904105+09:00,492.342781,492.842781,30,30,-0.113793,0.035744,0.000002,0.000002,0.000001,0.002065,0
20260821_170411_847,1,Unspecified,837,2026-08-21T17:12:24.6904105+09:00,2026-08-21T17:12:25.1904105+09:00,492.842781,493.342781,30,30,-0.113261,0.037585,0.000002,0.000006,0.000001,0.002734,0
20260821_170411_847,1,Unspecified,838,2026-08-21T17:12:25.1904105+09:00,2026-08-21T17:12:25.6904105+09:00,493.342781,493.842781,30,30,-0.113827,0.037907,0.000020,0.000004,0.000003,0.004943,0
20260821_170411_847,1,Unspecified,839,2026-08-21T17:12:25.6904105+09:00,2026-08-21T17:12:26.1904105+09:00,493.842781,494.342781,30,30,-0.118824,-0.060164,0.000323,0.003693,-0.000632,0.063369,0
20260821_170411_847,1,Unspecified,840,2026-08-21T17:12:26.1904105+09:00,2026-08-21T17:12:26.6904105+09:00,494.342781,494.842781,30,30,-0.124111,0.029436,0.000003,0.000004,0.000001,0.002713,0
20260821_170411_847,1,Unspecified,841,2026-08-21T17:12:26.6904105+09:00,2026-08-21T17:12:27.1904105+09:00,494.842781,495.342781,30,30,-0.123044,0.027790,0.000002,0.000007,-0.000001,0.003031,0
20260821_170411_847,1,Unspecified,842,2026-08-21T17:12:27.1904105+09:00,2026-08-21T17:12:27.6904105+09:00,495.342781,495.842781,30,30,-0.128026,0.013350,0.000038,0.000300,-0.000004,0.018394,0
20260821_170411_847,1,Unspecified,843,2026-08-21T17:12:27.6904105+09:00,2026-08-21T17:12:28.1904105+09:00,495.842781,496.342781,30,30,-0.116552,0.012494,0.000049,0.000034,-0.000010,0.009063,0
20260821_170411_847,1,Unspecified,844,2026-08-21T17:12:28.1904105+09:00,2026-08-21T17:12:28.6904105+09:00,496.342781,496.842781,30,30,-0.118865,0.017489,0.000001,0.000004,0.000001,0.002362,0
20260821_170411_847,1,Unspecified,845,2026-08-21T17:12:28.6904105+09:00,2026-08-21T17:12:29.1904105+09:00,496.842781,497.342781,30,30,-0.118346,0.018662,0.000002,0.000003,0.000001,0.002244,0
20260821_170411_847,1,Unspecified,846,2026-08-21T17:12:29.1904105+09:00,2026-08-21T17:12:29.6904105+09:00,497.342781,497.842781,30,30,-0.119209,0.006999,0.000223,0.000031,-0.000035,0.015909,0
20260821_170411_847,1,Unspecified,847,2026-08-21T17:12:29.6904105+09:00,2026-08-21T17:12:30.1904105+09:00,497.842781,498.342781,30,30,-0.124841,0.008063,0.000002,0.000005,0.000000,0.002655,0
20260821_170411_847,1,Unspecified,848,2026-08-21T17:12:30.1904105+09:00,2026-08-21T17:12:30.6904105+09:00,498.342781,498.842781,30,30,-0.125644,0.008416,0.000001,0.000005,0.000000,0.002519,0
20260821_170411_847,1,Unspecified,849,2026-08-21T17:12:30.6904105+09:00,2026-08-21T17:12:31.1904105+09:00,498.842781,499.342781,30,30,-0.126070,0.008421,0.000001,0.000004,0.000000,0.002418,0
20260821_170411_847,1,Unspecified,850,2026-08-21T17:12:31.1904105+09:00,2026-08-21T17:12:31.6904105+09:00,499.342781,499.842781,30,30,-0.129688,-0.014844,0.000137,0.001017,-0.000076,0.033963,0
20260821_170411_847,1,Unspecified,851,2026-08-21T17:12:31.6904105+09:00,2026-08-21T17:12:32.1904105+09:00,499.842781,500.342781,30,30,-0.127109,0.023565,0.000019,0.000061,0.000028,0.008951,0
20260821_170411_847,1,Unspecified,852,2026-08-21T17:12:32.1904105+09:00,2026-08-21T17:12:32.6904105+09:00,500.342781,500.842781,30,30,-0.121946,0.018658,0.000017,0.000011,0.000001,0.005277,0
20260821_170411_847,1,Unspecified,853,2026-08-21T17:12:32.6904105+09:00,2026-08-21T17:12:33.1904105+09:00,500.842781,501.342781,30,30,-0.124883,0.015694,0.000001,0.000005,0.000000,0.002539,0
20260821_170411_847,1,Unspecified,854,2026-08-21T17:12:33.1904105+09:00,2026-08-21T17:12:33.6904105+09:00,501.342781,501.842781,30,30,-0.122838,0.017407,0.000001,0.000004,0.000000,0.002252,0
20260821_170411_847,1,Unspecified,855,2026-08-21T17:12:33.6904105+09:00,2026-08-21T17:12:34.1904105+09:00,501.842781,502.342781,30,30,-0.123913,0.016120,0.000002,0.000003,0.000000,0.002242,0
20260821_170411_847,1,Unspecified,856,2026-08-21T17:12:34.1904105+09:00,2026-08-21T17:12:34.6904105+09:00,502.342781,502.842781,30,30,-0.122654,0.022588,0.000002,0.000006,0.000002,0.002747,0
20260821_170411_847,1,Unspecified,857,2026-08-21T17:12:34.6904105+09:00,2026-08-21T17:12:35.1904105+09:00,502.842781,503.342781,30,30,-0.120237,0.028419,0.000003,0.000003,0.000000,0.002305,0
20260821_170411_847,1,Unspecified,858,2026-08-21T17:12:35.1904105+09:00,2026-08-21T17:12:35.6904105+09:00,503.342781,503.842781,30,30,-0.122384,0.032048,0.000011,0.000006,-0.000003,0.004159,0
20260821_170411_847,1,Unspecified,859,2026-08-21T17:12:35.6904105+09:00,2026-08-21T17:12:36.1904105+09:00,503.842781,504.342781,30,30,-0.131709,0.007176,0.000177,0.001540,-0.000224,0.041433,0
20260821_170411_847,1,Unspecified,860,2026-08-21T17:12:36.1904105+09:00,2026-08-21T17:12:36.6904105+09:00,504.342781,504.842781,30,30,-0.125091,0.031762,0.000018,0.000022,-0.000018,0.006330,0
20260821_170411_847,1,Unspecified,861,2026-08-21T17:12:36.6904105+09:00,2026-08-21T17:12:37.1904105+09:00,504.842781,505.342781,30,30,-0.121251,0.026236,0.000002,0.000002,0.000000,0.002012,0
20260821_170411_847,1,Unspecified,862,2026-08-21T17:12:37.1904105+09:00,2026-08-21T17:12:37.6904105+09:00,505.342781,505.842781,30,30,-0.128034,0.025002,0.000014,0.000051,-0.000001,0.008043,0
20260821_170411_847,1,Unspecified,863,2026-08-21T17:12:37.6904105+09:00,2026-08-21T17:12:38.1904105+09:00,505.842781,506.342781,30,30,-0.115453,-0.071301,0.001073,0.000415,-0.000294,0.038580,0
20260821_170411_847,1,Unspecified,864,2026-08-21T17:12:38.1904105+09:00,2026-08-21T17:12:38.6904105+09:00,506.342781,506.842781,30,30,-0.131085,-0.005979,0.000019,0.000027,0.000019,0.006783,0
20260821_170411_847,1,Unspecified,865,2026-08-21T17:12:38.6904105+09:00,2026-08-21T17:12:39.1904105+09:00,506.842781,507.342781,30,30,-0.126651,0.009182,0.000010,0.000086,0.000020,0.009793,0
20260821_170411_847,1,Unspecified,866,2026-08-21T17:12:39.1904105+09:00,2026-08-21T17:12:39.6904105+09:00,507.342781,507.842781,30,30,-0.123567,0.021831,0.000013,0.000014,0.000010,0.005165,0
20260821_170411_847,1,Unspecified,867,2026-08-21T17:12:39.6904105+09:00,2026-08-21T17:12:40.1904105+09:00,507.842781,508.342781,30,30,-0.116671,0.017724,0.000012,0.000098,-0.000005,0.010492,0
20260821_170411_847,1,Unspecified,868,2026-08-21T17:12:40.1904105+09:00,2026-08-21T17:12:40.6904105+09:00,508.342781,508.842781,30,30,-0.125464,0.023390,0.000003,0.000010,0.000001,0.003610,0
20260821_170411_847,1,Unspecified,869,2026-08-21T17:12:40.6904105+09:00,2026-08-21T17:12:41.1904105+09:00,508.842781,509.342781,30,30,-0.125529,0.029578,0.000002,0.000004,0.000000,0.002297,0
20260821_170411_847,1,Unspecified,870,2026-08-21T17:12:41.1904105+09:00,2026-08-21T17:12:41.6904105+09:00,509.342781,509.842781,30,30,-0.124073,0.027743,0.000003,0.000003,-0.000001,0.002503,0
20260821_170411_847,1,Unspecified,871,2026-08-21T17:12:41.6904105+09:00,2026-08-21T17:12:42.1904105+09:00,509.842781,510.342781,30,30,-0.121633,0.030452,0.000006,0.000007,0.000003,0.003693,0
20260821_170411_847,1,Unspecified,872,2026-08-21T17:12:42.1904105+09:00,2026-08-21T17:12:42.6904105+09:00,510.342781,510.842781,30,30,-0.114496,0.033237,0.000003,0.000008,0.000002,0.003381,0
20260821_170411_847,1,Unspecified,873,2026-08-21T17:12:42.6904105+09:00,2026-08-21T17:12:43.1904105+09:00,510.842781,511.342781,30,30,-0.118434,0.028912,0.000004,0.000001,0.000001,0.002273,0
20260821_170411_847,1,Unspecified,874,2026-08-21T17:12:43.1904105+09:00,2026-08-21T17:12:43.6904105+09:00,511.342781,511.842781,30,30,-0.130348,0.026141,0.000071,0.000041,0.000036,0.010568,0
20260821_170411_847,1,Unspecified,875,2026-08-21T17:12:43.6904105+09:00,2026-08-21T17:12:44.1904105+09:00,511.842781,512.342781,30,30,-0.138936,0.019761,0.000280,0.000295,0.000136,0.023965,0
20260821_170411_847,1,Unspecified,876,2026-08-21T17:12:44.1904105+09:00,2026-08-21T17:12:44.6904105+09:00,512.342781,512.842781,30,30,-0.128101,0.025887,0.000018,0.000045,-0.000013,0.007959,0
20260821_170411_847,1,Unspecified,877,2026-08-21T17:12:44.6904105+09:00,2026-08-21T17:12:45.1904105+09:00,512.842781,513.342781,30,30,-0.115976,0.014689,0.000005,0.000010,0.000001,0.003981,0
20260821_170411_847,1,Unspecified,878,2026-08-21T17:12:45.1904105+09:00,2026-08-21T17:12:45.6904105+09:00,513.342781,513.842781,30,30,-0.116006,0.009853,0.000084,0.000170,-0.000078,0.015931,0
20260821_170411_847,1,Unspecified,879,2026-08-21T17:12:45.6904105+09:00,2026-08-21T17:12:46.1904105+09:00,513.842781,514.342781,30,30,-0.117893,-0.057954,0.000571,0.000295,0.000213,0.029428,0
20260821_170411_847,1,Unspecified,880,2026-08-21T17:12:46.1904105+09:00,2026-08-21T17:12:46.6904105+09:00,514.342781,514.842781,30,30,-0.082572,-0.052987,0.000188,0.000070,-0.000027,0.016047,0
20260821_170411_847,1,Unspecified,881,2026-08-21T17:12:46.6904105+09:00,2026-08-21T17:12:47.1904105+09:00,514.842781,515.342781,30,30,-0.090382,-0.050417,0.000142,0.000055,-0.000012,0.014031,0
20260821_170411_847,1,Unspecified,882,2026-08-21T17:12:47.1904105+09:00,2026-08-21T17:12:47.6904105+09:00,515.342781,515.842781,30,30,-0.077406,-0.051482,0.000326,0.000040,-0.000040,0.019118,0
20260821_170411_847,1,Unspecified,883,2026-08-21T17:12:47.6904105+09:00,2026-08-21T17:12:48.1904105+09:00,515.842781,516.342781,30,30,-0.079274,-0.008503,0.000731,0.000921,-0.000311,0.040643,0
20260821_170411_847,1,Unspecified,884,2026-08-21T17:12:48.1904105+09:00,2026-08-21T17:12:48.6904105+09:00,516.342781,516.842781,30,30,-0.112658,0.023533,0.000198,0.000455,0.000275,0.025562,0
20260821_170411_847,1,Unspecified,885,2026-08-21T17:12:48.6904105+09:00,2026-08-21T17:12:49.1904105+09:00,516.842781,517.342781,30,30,-0.122780,0.004192,0.000003,0.000005,0.000001,0.002929,0
20260821_170411_847,1,Unspecified,886,2026-08-21T17:12:49.1904105+09:00,2026-08-21T17:12:49.6904105+09:00,517.342781,517.842781,30,30,-0.111920,0.008766,0.000155,0.000223,-0.000037,0.019448,0
20260821_170411_847,1,Unspecified,887,2026-08-21T17:12:49.6904105+09:00,2026-08-21T17:12:50.1904105+09:00,517.842781,518.342781,30,30,-0.120132,-0.014708,0.000387,0.001626,0.000387,0.044866,0
20260821_170411_847,1,Unspecified,888,2026-08-21T17:12:50.1904105+09:00,2026-08-21T17:12:50.6904105+09:00,518.342781,518.842781,30,30,-0.124219,0.011993,0.000030,0.000154,0.000062,0.013555,0
20260821_170411_847,1,Unspecified,889,2026-08-21T17:12:50.6904105+09:00,2026-08-21T17:12:51.1904105+09:00,518.842781,519.342781,30,30,-0.124025,0.009608,0.000005,0.000008,0.000003,0.003578,0
20260821_170411_847,1,Unspecified,890,2026-08-21T17:12:51.1904105+09:00,2026-08-21T17:12:51.6904105+09:00,519.342781,519.842781,30,30,-0.121579,0.011774,0.000001,0.000004,0.000000,0.002212,0
20260821_170411_847,1,Unspecified,891,2026-08-21T17:12:51.6904105+09:00,2026-08-21T17:12:52.1904105+09:00,519.842781,520.342781,30,30,-0.118230,0.002824,0.000066,0.000086,-0.000057,0.012341,0
20260821_170411_847,1,Unspecified,892,2026-08-21T17:12:52.1904105+09:00,2026-08-21T17:12:52.6904105+09:00,520.342781,520.842781,30,30,-0.118704,0.013437,0.000003,0.000008,-0.000002,0.003303,0
20260821_170411_847,1,Unspecified,893,2026-08-21T17:12:52.6904105+09:00,2026-08-21T17:12:53.1904105+09:00,520.842781,521.342781,30,30,-0.119813,0.011799,0.000004,0.000002,0.000000,0.002284,0
20260821_170411_847,1,Unspecified,894,2026-08-21T17:12:53.1904105+09:00,2026-08-21T17:12:53.6904105+09:00,521.342781,521.842781,30,30,-0.122566,-0.025163,0.000418,0.001183,0.000335,0.040016,0
20260821_170411_847,1,Unspecified,895,2026-08-21T17:12:53.6904105+09:00,2026-08-21T17:12:54.1904105+09:00,521.842781,522.342781,30,30,-0.124263,0.002628,0.000011,0.000023,-0.000001,0.005898,0
20260821_170411_847,1,Unspecified,896,2026-08-21T17:12:54.1904105+09:00,2026-08-21T17:12:54.6904105+09:00,522.342781,522.842781,30,30,-0.119318,0.011824,0.000007,0.000004,0.000002,0.003242,0
20260821_170411_847,1,Unspecified,897,2026-08-21T17:12:54.6904105+09:00,2026-08-21T17:12:55.1904105+09:00,522.842781,523.342781,30,30,-0.115188,0.010908,0.000004,0.000003,0.000000,0.002606,0
20260821_170411_847,1,Unspecified,898,2026-08-21T17:12:55.1904105+09:00,2026-08-21T17:12:55.6904105+09:00,523.342781,523.842781,30,30,-0.118206,0.010550,0.000005,0.000004,0.000002,0.003029,0
20260821_170411_847,1,Unspecified,899,2026-08-21T17:12:55.6904105+09:00,2026-08-21T17:12:56.1904105+09:00,523.842781,524.342781,30,30,-0.121373,0.010160,0.000002,0.000004,0.000000,0.002532,0
20260821_170411_847,1,Unspecified,900,2026-08-21T17:12:56.1904105+09:00,2026-08-21T17:12:56.6904105+09:00,524.342781,524.842781,30,30,-0.119484,0.013518,0.000003,0.000005,0.000002,0.002675,0
20260821_170411_847,1,Unspecified,901,2026-08-21T17:12:56.6904105+09:00,2026-08-21T17:12:57.1904105+09:00,524.842781,525.342781,30,30,-0.118868,0.012967,0.000002,0.000004,0.000000,0.002476,0
20260821_170411_847,1,Unspecified,902,2026-08-21T17:12:57.1904105+09:00,2026-08-21T17:12:57.6904105+09:00,525.342781,525.842781,30,30,-0.116775,-0.003620,0.000115,0.001148,-0.000279,0.035551,0
20260821_170411_847,1,Unspecified,903,2026-08-21T17:12:57.6904105+09:00,2026-08-21T17:12:58.1904105+09:00,525.842781,526.342781,30,30,-0.132437,0.009393,0.000106,0.000118,-0.000012,0.014952,0
20260821_170411_847,1,Unspecified,904,2026-08-21T17:12:58.1904105+09:00,2026-08-21T17:12:58.6904105+09:00,526.342781,526.842781,30,30,-0.131778,0.016788,0.000007,0.000005,-0.000003,0.003517,0
20260821_170411_847,1,Unspecified,905,2026-08-21T17:12:58.6904105+09:00,2026-08-21T17:12:59.1904105+09:00,526.842781,527.342781,30,30,-0.127784,0.017465,0.000004,0.000003,0.000001,0.002785,0
20260821_170411_847,1,Unspecified,906,2026-08-21T17:12:59.1904105+09:00,2026-08-21T17:12:59.6904105+09:00,527.342781,527.842781,30,30,-0.124664,0.016507,0.000012,0.000014,0.000006,0.005180,0
20260821_170411_847,1,Unspecified,907,2026-08-21T17:12:59.6904105+09:00,2026-08-21T17:13:00.1904105+09:00,527.842781,528.342781,30,30,-0.124619,-0.007047,0.000205,0.001504,-0.000294,0.041331,0
20260821_170411_847,1,Unspecified,908,2026-08-21T17:13:00.1904105+09:00,2026-08-21T17:13:00.6904105+09:00,528.342781,528.842781,30,30,-0.120140,0.009559,0.000019,0.000135,-0.000003,0.012432,0
20260821_170411_847,1,Unspecified,909,2026-08-21T17:13:00.6904105+09:00,2026-08-21T17:13:01.1904105+09:00,528.842781,529.342781,30,30,-0.120033,-0.001388,0.000003,0.000004,0.000000,0.002472,0
20260821_170411_847,1,Unspecified,910,2026-08-21T17:13:01.1904105+09:00,2026-08-21T17:13:01.6904105+09:00,529.342781,529.842781,30,30,-0.124298,0.019990,0.000109,0.000116,-0.000001,0.014994,0
20260821_170411_847,1,Unspecified,911,2026-08-21T17:13:01.6904105+09:00,2026-08-21T17:13:02.1904105+09:00,529.842781,530.342781,30,30,-0.119421,0.029212,0.000012,0.000010,0.000009,0.004676,0
20260821_170411_847,1,Unspecified,912,2026-08-21T17:13:02.1904105+09:00,2026-08-21T17:13:02.6904105+09:00,530.342781,530.842781,30,30,-0.118314,0.029582,0.000001,0.000005,0.000000,0.002493,0
20260821_170411_847,1,Unspecified,913,2026-08-21T17:13:02.6904105+09:00,2026-08-21T17:13:03.1904105+09:00,530.842781,531.342781,30,30,-0.119105,0.027749,0.000001,0.000004,0.000000,0.002362,0
20260821_170411_847,1,Unspecified,914,2026-08-21T17:13:03.1904105+09:00,2026-08-21T17:13:03.6904105+09:00,531.342781,531.842781,30,30,-0.119619,0.027988,0.000002,0.000003,0.000000,0.002406,0
20260821_170411_847,1,Unspecified,915,2026-08-21T17:13:03.6904105+09:00,2026-08-21T17:13:04.1904105+09:00,531.842781,532.342781,30,30,-0.120789,0.027643,0.000024,0.000038,0.000011,0.007859,0
20260821_170411_847,1,Unspecified,916,2026-08-21T17:13:04.1904105+09:00,2026-08-21T17:13:04.6904105+09:00,532.342781,532.842781,30,30,-0.120974,0.023019,0.000003,0.000004,0.000001,0.002664,0
20260821_170411_847,1,Unspecified,917,2026-08-21T17:13:04.6904105+09:00,2026-08-21T17:13:05.1904105+09:00,532.842781,533.342781,30,30,-0.120849,0.021793,0.000002,0.000002,0.000000,0.002029,0
20260821_170411_847,1,Unspecified,918,2026-08-21T17:13:05.1904105+09:00,2026-08-21T17:13:05.6904105+09:00,533.342781,533.842781,30,30,-0.135584,0.022304,0.000164,0.000067,0.000055,0.015194,0
20260821_170411_847,1,Unspecified,919,2026-08-21T17:13:05.6904105+09:00,2026-08-21T17:13:06.1904105+09:00,533.842781,534.342781,30,30,-0.136624,0.017778,0.000372,0.000074,0.000128,0.021117,0
20260821_170411_847,1,Unspecified,920,2026-08-21T17:13:06.1904105+09:00,2026-08-21T17:13:06.6904105+09:00,534.342781,534.842781,30,30,-0.128533,0.017959,0.000038,0.000013,-0.000002,0.007133,0
20260821_170411_847,1,Unspecified,921,2026-08-21T17:13:06.6904105+09:00,2026-08-21T17:13:07.1904105+09:00,534.842781,535.342781,30,30,-0.120846,0.017916,0.000016,0.000005,0.000004,0.004564,0
20260821_170411_847,1,Unspecified,922,2026-08-21T17:13:07.1904105+09:00,2026-08-21T17:13:07.6904105+09:00,535.342781,535.842781,30,30,-0.113080,0.022287,0.000004,0.000004,0.000002,0.002805,0
20260821_170411_847,1,Unspecified,923,2026-08-21T17:13:07.6904105+09:00,2026-08-21T17:13:08.1904105+09:00,535.842781,536.342781,30,30,-0.111951,0.015850,0.000063,0.000076,-0.000001,0.011810,0
20260821_170411_847,1,Unspecified,924,2026-08-21T17:13:08.1904105+09:00,2026-08-21T17:13:08.6904105+09:00,536.342781,536.842781,30,30,-0.114803,0.029300,0.000003,0.000007,-0.000002,0.003149,0
20260821_170411_847,1,Unspecified,925,2026-08-21T17:13:08.6904105+09:00,2026-08-21T17:13:09.1904105+09:00,536.842781,537.342781,30,30,-0.117661,0.029542,0.000003,0.000003,0.000001,0.002525,0
20260821_170411_847,1,Unspecified,926,2026-08-21T17:13:09.1904105+09:00,2026-08-21T17:13:09.6904105+09:00,537.342781,537.842781,30,30,-0.125343,0.019713,0.000245,0.000493,0.000289,0.027155,0
20260821_170411_847,1,Unspecified,927,2026-08-21T17:13:09.6904105+09:00,2026-08-21T17:13:10.1904105+09:00,537.842781,538.342781,30,30,-0.133414,0.008037,0.000214,0.001292,0.000264,0.038799,0
20260821_170411_847,1,Unspecified,928,2026-08-21T17:13:10.1904105+09:00,2026-08-21T17:13:10.6904105+09:00,538.342781,538.842781,30,30,-0.128703,0.033776,0.000001,0.000004,0.000000,0.002377,0
20260821_170411_847,1,Unspecified,929,2026-08-21T17:13:10.6904105+09:00,2026-08-21T17:13:11.1904105+09:00,538.842781,539.342781,30,30,-0.128441,0.035199,0.000002,0.000003,0.000000,0.002208,0
20260821_170411_847,1,Unspecified,930,2026-08-21T17:13:11.1904105+09:00,2026-08-21T17:13:11.6904105+09:00,539.342781,539.842781,30,30,-0.128059,0.004190,0.000379,0.001849,-0.000358,0.047203,0
20260821_170411_847,1,Unspecified,931,2026-08-21T17:13:11.6904105+09:00,2026-08-21T17:13:12.1904105+09:00,539.842781,540.342781,30,30,-0.133873,-0.027516,0.000402,0.002591,-0.000745,0.054702,0
20260821_170411_847,1,Unspecified,932,2026-08-21T17:13:12.1904105+09:00,2026-08-21T17:13:12.6904105+09:00,540.342781,540.842781,30,30,-0.122580,0.018897,0.000007,0.000016,0.000007,0.004792,0
20260821_170411_847,1,Unspecified,933,2026-08-21T17:13:12.6904105+09:00,2026-08-21T17:13:13.1904105+09:00,540.842781,541.342781,30,30,-0.119659,0.019415,0.000001,0.000003,0.000000,0.002080,0
20260821_170411_847,1,Unspecified,934,2026-08-21T17:13:13.1904105+09:00,2026-08-21T17:13:13.6904105+09:00,541.342781,541.842781,30,30,-0.125308,0.011645,0.000221,0.000356,0.000266,0.024030,0
20260821_170411_847,1,Unspecified,935,2026-08-21T17:13:13.6904105+09:00,2026-08-21T17:13:14.1904105+09:00,541.842781,542.342781,30,30,-0.116538,0.003503,0.000036,0.001032,-0.000029,0.032685,0
20260821_170411_847,1,Unspecified,936,2026-08-21T17:13:14.1904105+09:00,2026-08-21T17:13:14.6904105+09:00,542.342781,542.842781,30,30,-0.114789,0.026519,0.000001,0.000003,0.000001,0.002018,0
20260821_170411_847,1,Unspecified,937,2026-08-21T17:13:14.6904105+09:00,2026-08-21T17:13:15.1904105+09:00,542.842781,543.342781,30,30,-0.113787,0.027484,0.000003,0.000002,0.000000,0.002297,0
20260821_170411_847,1,Unspecified,938,2026-08-21T17:13:15.1904105+09:00,2026-08-21T17:13:15.6904105+09:00,543.342781,543.842781,30,30,-0.124761,0.010137,0.000305,0.000788,0.000225,0.033064,0
20260821_170411_847,1,Unspecified,939,2026-08-21T17:13:15.6904105+09:00,2026-08-21T17:13:16.1904105+09:00,543.842781,544.342781,30,30,-0.129436,0.021909,0.000009,0.000051,0.000015,0.007776,0
20260821_170411_847,1,Unspecified,940,2026-08-21T17:13:16.1904105+09:00,2026-08-21T17:13:16.6904105+09:00,544.342781,544.842781,30,30,-0.127319,0.023091,0.000004,0.000007,0.000003,0.003347,0
20260821_170411_847,1,Unspecified,941,2026-08-21T17:13:16.6904105+09:00,2026-08-21T17:13:17.1904105+09:00,544.842781,545.342781,30,30,-0.124753,0.023284,0.000004,0.000004,0.000002,0.002890,0
20260821_170411_847,1,Unspecified,942,2026-08-21T17:13:17.1904105+09:00,2026-08-21T17:13:17.6904105+09:00,545.342781,545.842781,30,30,-0.126985,0.004404,0.000099,0.001139,-0.000106,0.035187,0
20260821_170411_847,1,Unspecified,943,2026-08-21T17:13:17.6904105+09:00,2026-08-21T17:13:18.1904105+09:00,545.842781,546.342781,30,30,-0.122880,-0.007405,0.000106,0.002235,-0.000291,0.048391,0
20260821_170411_847,1,Unspecified,944,2026-08-21T17:13:18.1904105+09:00,2026-08-21T17:13:18.6904105+09:00,546.342781,546.842781,30,30,-0.132955,-0.003070,0.000071,0.000882,0.000144,0.030878,0
20260821_170411_847,1,Unspecified,945,2026-08-21T17:13:18.6904105+09:00,2026-08-21T17:13:19.1904105+09:00,546.842781,547.342781,29,29,-0.124482,0.013186,0.000002,0.000004,0.000000,0.002371,0
20260821_170411_847,1,Unspecified,946,2026-08-21T17:13:19.1904105+09:00,2026-08-21T17:13:19.6904105+09:00,547.342781,547.842781,30,30,-0.140280,0.003155,0.000192,0.000803,0.000007,0.031542,0
20260821_170411_847,1,Unspecified,947,2026-08-21T17:13:19.6904105+09:00,2026-08-21T17:13:20.1904105+09:00,547.842781,548.342781,31,31,-0.131306,0.015163,0.000118,0.000092,0.000042,0.014480,0
20260821_170411_847,1,Unspecified,948,2026-08-21T17:13:20.1904105+09:00,2026-08-21T17:13:20.6904105+09:00,548.342781,548.842781,30,30,-0.112447,0.027793,0.000006,0.000017,-0.000004,0.004750,0
20260821_170411_847,1,Unspecified,949,2026-08-21T17:13:20.6904105+09:00,2026-08-21T17:13:21.1904105+09:00,548.842781,549.342781,30,30,-0.109271,0.032211,0.000002,0.000003,0.000002,0.002354,0
20260821_170411_847,1,Unspecified,950,2026-08-21T17:13:21.1904105+09:00,2026-08-21T17:13:21.6904105+09:00,549.342781,549.842781,29,29,-0.112970,0.034730,0.000114,0.000012,-0.000031,0.011236,0
20260821_170411_847,1,Unspecified,951,2026-08-21T17:13:21.6904105+09:00,2026-08-21T17:13:22.1904105+09:00,549.842781,550.342781,30,30,-0.102502,-0.017606,0.000666,0.000937,-0.000076,0.040034,0
20260821_170411_847,1,Unspecified,952,2026-08-21T17:13:22.1904105+09:00,2026-08-21T17:13:22.6904105+09:00,550.342781,550.842781,30,30,-0.115364,0.015092,0.000014,0.000014,0.000010,0.005262,0
20260821_170411_847,1,Unspecified,953,2026-08-21T17:13:22.6904105+09:00,2026-08-21T17:13:23.1904105+09:00,550.842781,551.342781,30,30,-0.121543,0.006542,0.000003,0.000002,-0.000001,0.002392,0
20260821_170411_847,1,Unspecified,954,2026-08-21T17:13:23.1904105+09:00,2026-08-21T17:13:23.6904105+09:00,551.342781,551.842781,30,30,-0.121755,0.005577,0.000003,0.000004,-0.000001,0.002500,0
20260821_170411_847,1,Unspecified,955,2026-08-21T17:13:23.6904105+09:00,2026-08-21T17:13:24.1904105+09:00,551.842781,552.342781,30,30,-0.129186,-0.024209,0.000493,0.001128,-0.000027,0.040253,0
20260821_170411_847,1,Unspecified,956,2026-08-21T17:13:24.1904105+09:00,2026-08-21T17:13:24.6904105+09:00,552.342781,552.842781,30,30,-0.122970,0.005447,0.000036,0.000005,0.000006,0.006368,0
20260821_170411_847,1,Unspecified,957,2026-08-21T17:13:24.6904105+09:00,2026-08-21T17:13:25.1904105+09:00,552.842781,553.342781,30,30,-0.110357,0.007218,0.000018,0.000011,-0.000008,0.005363,0
20260821_170411_847,1,Unspecified,958,2026-08-21T17:13:25.1904105+09:00,2026-08-21T17:13:25.6904105+09:00,553.342781,553.842781,30,30,-0.120757,-0.026037,0.000160,0.001600,0.000360,0.041956,0
20260821_170411_847,1,Unspecified,959,2026-08-21T17:13:25.6904105+09:00,2026-08-21T17:13:26.1904105+09:00,553.842781,554.342781,31,31,-0.107190,-0.019927,0.000911,0.000498,-0.000512,0.037545,0
20260821_170411_847,1,Unspecified,960,2026-08-21T17:13:26.1904105+09:00,2026-08-21T17:13:26.6904105+09:00,554.342781,554.842781,29,29,-0.128637,0.004243,0.000004,0.000011,-0.000003,0.003949,0
20260821_170411_847,1,Unspecified,961,2026-08-21T17:13:26.6904105+09:00,2026-08-21T17:13:27.1904105+09:00,554.842781,555.342781,31,31,-0.128986,0.003042,0.000015,0.000005,-0.000002,0.004368,0
20260821_170411_847,1,Unspecified,962,2026-08-21T17:13:27.1904105+09:00,2026-08-21T17:13:27.6904105+09:00,555.342781,555.842781,29,29,-0.141965,-0.001840,0.000027,0.000308,0.000065,0.018301,0
20260821_170411_847,1,Unspecified,963,2026-08-21T17:13:27.6904105+09:00,2026-08-21T17:13:28.1904105+09:00,555.842781,556.342781,30,30,-0.097584,-0.039519,0.000569,0.000257,-0.000081,0.028743,0
20260821_170411_847,1,Unspecified,964,2026-08-21T17:13:28.1904105+09:00,2026-08-21T17:13:28.6904105+09:00,556.342781,556.842781,30,30,-0.023004,-0.040569,0.001402,0.000213,-0.000398,0.040182,0
20260821_170411_847,1,Unspecified,965,2026-08-21T17:13:28.6904105+09:00,2026-08-21T17:13:29.1904105+09:00,556.842781,557.342781,30,30,-0.131139,-0.009379,0.000004,0.000009,0.000000,0.003539,0
20260821_170411_847,1,Unspecified,966,2026-08-21T17:13:29.1904105+09:00,2026-08-21T17:13:29.6904105+09:00,557.342781,557.842781,30,30,-0.130384,-0.015532,0.000002,0.000024,-0.000003,0.005127,0
20260821_170411_847,1,Unspecified,967,2026-08-21T17:13:29.6904105+09:00,2026-08-21T17:13:30.1904105+09:00,557.842781,558.342781,30,30,-0.131500,-0.017673,0.000043,0.000152,0.000054,0.013963,0
20260821_170411_847,1,Unspecified,968,2026-08-21T17:13:30.1904105+09:00,2026-08-21T17:13:30.6904105+09:00,558.342781,558.842781,31,31,-0.130498,-0.001116,0.000014,0.000036,0.000002,0.007047,0
20260821_170411_847,1,Unspecified,969,2026-08-21T17:13:30.6904105+09:00,2026-08-21T17:13:31.1904105+09:00,558.842781,559.342781,29,29,-0.127680,0.001480,0.000002,0.000004,0.000000,0.002426,0
20260821_170411_847,1,Unspecified,970,2026-08-21T17:13:31.1904105+09:00,2026-08-21T17:13:31.6904105+09:00,559.342781,559.842781,31,31,-0.125631,0.009300,0.000008,0.000044,-0.000006,0.007189,0
20260821_170411_847,1,Unspecified,971,2026-08-21T17:13:31.6904105+09:00,2026-08-21T17:13:32.1904105+09:00,559.842781,560.342781,30,30,-0.124224,0.020197,0.000020,0.000011,-0.000010,0.005515,0
20260821_170411_847,1,Unspecified,972,2026-08-21T17:13:32.1904105+09:00,2026-08-21T17:13:32.6904105+09:00,560.342781,560.842781,30,30,-0.128341,0.000826,0.000066,0.000049,0.000043,0.010688,0
20260821_170411_847,1,Unspecified,973,2026-08-21T17:13:32.6904105+09:00,2026-08-21T17:13:33.1904105+09:00,560.842781,561.342781,30,30,-0.134849,-0.002733,0.000025,0.000251,-0.000046,0.016625,0
20260821_170411_847,1,Unspecified,974,2026-08-21T17:13:33.1904105+09:00,2026-08-21T17:13:33.6904105+09:00,561.342781,561.842781,30,30,-0.136832,-0.007970,0.000044,0.000331,-0.000070,0.019372,0
20260821_170411_847,1,Unspecified,975,2026-08-21T17:13:33.6904105+09:00,2026-08-21T17:13:34.1904105+09:00,561.842781,562.342781,30,30,-0.126982,-0.021744,0.000461,0.000724,-0.000096,0.034415,0
20260821_170411_847,1,Unspecified,976,2026-08-21T17:13:34.1904105+09:00,2026-08-21T17:13:34.6904105+09:00,562.342781,562.842781,30,30,-0.136986,0.012602,0.000030,0.000156,0.000052,0.013635,0
20260821_170411_847,1,Unspecified,977,2026-08-21T17:13:34.6904105+09:00,2026-08-21T17:13:35.1904105+09:00,562.842781,563.342781,30,30,-0.125035,0.025233,0.000005,0.000009,0.000002,0.003703,0
20260821_170411_847,1,Unspecified,978,2026-08-21T17:13:35.1904105+09:00,2026-08-21T17:13:35.6904105+09:00,563.342781,563.842781,30,30,-0.129378,0.025991,0.000005,0.000004,-0.000002,0.002946,0
20260821_170411_847,1,Unspecified,979,2026-08-21T17:13:35.6904105+09:00,2026-08-21T17:13:36.1904105+09:00,563.842781,564.342781,30,30,-0.123024,0.020573,0.000093,0.000132,0.000021,0.015026,0
20260821_170411_847,1,Unspecified,980,2026-08-21T17:13:36.1904105+09:00,2026-08-21T17:13:36.6904105+09:00,564.342781,564.842781,30,30,-0.127075,0.016415,0.000048,0.000108,-0.000035,0.012492,0
20260821_170411_847,1,Unspecified,981,2026-08-21T17:13:36.6904105+09:00,2026-08-21T17:13:37.1904105+09:00,564.842781,565.342781,30,30,-0.123924,0.021208,0.000002,0.000006,0.000001,0.002722,0
20260821_170411_847,1,Unspecified,982,2026-08-21T17:13:37.1904105+09:00,2026-08-21T17:13:37.6904105+09:00,565.342781,565.842781,30,30,-0.127401,0.022226,0.000007,0.000003,0.000001,0.003161,0
20260821_170411_847,1,Unspecified,983,2026-08-21T17:13:37.6904105+09:00,2026-08-21T17:13:38.1904105+09:00,565.842781,566.342781,30,30,-0.138005,-0.006943,0.000123,0.001269,0.000080,0.037308,0
20260821_170411_847,1,Unspecified,984,2026-08-21T17:13:38.1904105+09:00,2026-08-21T17:13:38.6904105+09:00,566.342781,566.842781,30,30,-0.129478,0.016375,0.000036,0.000167,0.000048,0.014249,0
20260821_170411_847,1,Unspecified,985,2026-08-21T17:13:38.6904105+09:00,2026-08-21T17:13:39.1904105+09:00,566.842781,567.342781,30,30,-0.125741,0.023072,0.000005,0.000005,-0.000001,0.003243,0
20260821_170411_847,1,Unspecified,986,2026-08-21T17:13:39.1904105+09:00,2026-08-21T17:13:39.6904105+09:00,567.342781,567.842781,30,30,-0.127550,0.017551,0.000071,0.000222,0.000043,0.017141,0
20260821_170411_847,1,Unspecified,987,2026-08-21T17:13:39.6904105+09:00,2026-08-21T17:13:40.1904105+09:00,567.842781,568.342781,30,30,-0.115920,-0.013803,0.000423,0.000569,-0.000236,0.031489,0
20260821_170411_847,1,Unspecified,988,2026-08-21T17:13:40.1904105+09:00,2026-08-21T17:13:40.6904105+09:00,568.342781,568.842781,30,30,-0.127764,0.023610,0.000009,0.000007,0.000003,0.004035,0
20260821_170411_847,1,Unspecified,989,2026-08-21T17:13:40.6904105+09:00,2026-08-21T17:13:41.1904105+09:00,568.842781,569.342781,30,30,-0.127797,0.026891,0.000003,0.000003,0.000001,0.002537,0
20260821_170411_847,1,Unspecified,990,2026-08-21T17:13:41.1904105+09:00,2026-08-21T17:13:41.6904105+09:00,569.342781,569.842781,30,30,-0.126459,0.026108,0.000002,0.000005,0.000000,0.002539,0
20260821_170411_847,1,Unspecified,991,2026-08-21T17:13:41.6904105+09:00,2026-08-21T17:13:42.1904105+09:00,569.842781,570.342781,30,30,-0.118675,-0.042906,0.002213,0.001403,0.000378,0.060135,0
20260821_170411_847,1,Unspecified,992,2026-08-21T17:13:42.1904105+09:00,2026-08-21T17:13:42.6904105+09:00,570.342781,570.842781,30,30,-0.122669,0.008607,0.000247,0.000068,-0.000101,0.017770,0
20260821_170411_847,1,Unspecified,993,2026-08-21T17:13:42.6904105+09:00,2026-08-21T17:13:43.1904105+09:00,570.842781,571.342781,30,30,-0.126552,0.022464,0.000004,0.000010,-0.000002,0.003705,0
20260821_170411_847,1,Unspecified,994,2026-08-21T17:13:43.1904105+09:00,2026-08-21T17:13:43.6904105+09:00,571.342781,571.842781,30,30,-0.127710,0.024434,0.000002,0.000001,0.000000,0.001666,0
20260821_170411_847,1,Unspecified,995,2026-08-21T17:13:43.6904105+09:00,2026-08-21T17:13:44.1904105+09:00,571.842781,572.342781,30,30,-0.136675,-0.041228,0.000339,0.001966,0.000216,0.048008,0
20260821_170411_847,1,Unspecified,996,2026-08-21T17:13:44.1904105+09:00,2026-08-21T17:13:44.6904105+09:00,572.342781,572.842781,30,30,-0.121937,0.027372,0.000010,0.000421,-0.000004,0.020745,0
20260821_170411_847,1,Unspecified,997,2026-08-21T17:13:44.6904105+09:00,2026-08-21T17:13:45.1904105+09:00,572.842781,573.342781,30,30,-0.120500,0.037721,0.000001,0.000003,0.000000,0.002013,0
20260821_170411_847,1,Unspecified,998,2026-08-21T17:13:45.1904105+09:00,2026-08-21T17:13:45.6904105+09:00,573.342781,573.842781,30,30,-0.120368,0.032978,0.000002,0.000002,0.000001,0.002109,0
20260821_170411_847,1,Unspecified,999,2026-08-21T17:13:45.6904105+09:00,2026-08-21T17:13:46.1904105+09:00,573.842781,574.342781,30,30,-0.120790,0.031040,0.000003,0.000005,0.000001,0.002748,0
20260821_170411_847,1,Unspecified,1000,2026-08-21T17:13:46.1904105+09:00,2026-08-21T17:13:46.6904105+09:00,574.342781,574.842781,30,30,-0.119093,0.033567,0.000002,0.000004,0.000001,0.002310,0
20260821_170411_847,1,Unspecified,1001,2026-08-21T17:13:46.6904105+09:00,2026-08-21T17:13:47.1904105+09:00,574.842781,575.342781,30,30,-0.118636,0.034073,0.000004,0.000002,-0.000002,0.002411,0
20260821_170411_847,1,Unspecified,1002,2026-08-21T17:13:47.1904105+09:00,2026-08-21T17:13:47.6904105+09:00,575.342781,575.842781,30,30,-0.118068,0.032315,0.000006,0.000003,0.000001,0.002879,0
20260821_170411_847,1,Unspecified,1003,2026-08-21T17:13:47.6904105+09:00,2026-08-21T17:13:48.1904105+09:00,575.842781,576.342781,30,30,-0.130272,-0.055635,0.000357,0.001574,0.000175,0.043947,0
20260821_170411_847,1,Unspecified,1004,2026-08-21T17:13:48.1904105+09:00,2026-08-21T17:13:48.6904105+09:00,576.342781,576.842781,30,30,-0.122977,0.005743,0.000023,0.000198,0.000062,0.014880,0
20260821_170411_847,1,Unspecified,1005,2026-08-21T17:13:48.6904105+09:00,2026-08-21T17:13:49.1904105+09:00,576.842781,577.342781,30,30,-0.134302,-0.023005,0.000199,0.000156,0.000171,0.018833,0
20260821_170411_847,1,Unspecified,1006,2026-08-21T17:13:49.1904105+09:00,2026-08-21T17:13:49.6904105+09:00,577.342781,577.842781,30,30,-0.137937,-0.040451,0.000283,0.000520,0.000323,0.028346,0
20260821_170411_847,1,Unspecified,1007,2026-08-21T17:13:49.6904105+09:00,2026-08-21T17:13:50.1904105+09:00,577.842781,578.342781,30,30,-0.128404,-0.022253,0.000027,0.000071,0.000001,0.009881,0
20260821_170411_847,1,Unspecified,1008,2026-08-21T17:13:50.1904105+09:00,2026-08-21T17:13:50.6904105+09:00,578.342781,578.842781,30,30,-0.119690,-0.007215,0.000004,0.000008,-0.000001,0.003483,0
20260821_170411_847,1,Unspecified,1009,2026-08-21T17:13:50.6904105+09:00,2026-08-21T17:13:51.1904105+09:00,578.842781,579.342781,30,30,-0.122111,-0.002237,0.000001,0.000002,0.000000,0.001779,0
20260821_170411_847,1,Unspecified,1010,2026-08-21T17:13:51.1904105+09:00,2026-08-21T17:13:51.6904105+09:00,579.342781,579.842781,30,30,-0.121606,-0.001018,0.000002,0.000002,0.000000,0.001933,0
20260821_170411_847,1,Unspecified,1011,2026-08-21T17:13:51.6904105+09:00,2026-08-21T17:13:52.1904105+09:00,579.842781,580.342781,30,30,-0.120207,-0.023831,0.000302,0.000746,-0.000351,0.032374,0
20260821_170411_847,1,Unspecified,1012,2026-08-21T17:13:52.1904105+09:00,2026-08-21T17:13:52.6904105+09:00,580.342781,580.842781,30,30,-0.126799,0.005522,0.000003,0.000009,-0.000002,0.003424,0
20260821_170411_847,1,Unspecified,1013,2026-08-21T17:13:52.6904105+09:00,2026-08-21T17:13:53.1904105+09:00,580.842781,581.342781,30,30,-0.125198,0.008205,0.000005,0.000005,-0.000002,0.003140,0
20260821_170411_847,1,Unspecified,1014,2026-08-21T17:13:53.1904105+09:00,2026-08-21T17:13:53.6904105+09:00,581.342781,581.842781,30,30,-0.136113,0.009309,0.000049,0.000076,0.000018,0.011194,0
20260821_170411_847,1,Unspecified,1015,2026-08-21T17:13:53.6904105+09:00,2026-08-21T17:13:54.1904105+09:00,581.842781,582.342781,30,30,-0.125586,-0.031679,0.000613,0.001974,-0.000664,0.050864,0
20260821_170411_847,1,Unspecified,1016,2026-08-21T17:13:54.1904105+09:00,2026-08-21T17:13:54.6904105+09:00,582.342781,582.842781,30,30,-0.125754,-0.004070,0.000029,0.000003,0.000003,0.005699,0
20260821_170411_847,1,Unspecified,1017,2026-08-21T17:13:54.6904105+09:00,2026-08-21T17:13:55.1904105+09:00,582.842781,583.342781,30,30,-0.122623,-0.000966,0.000003,0.000004,0.000000,0.002719,0
20260821_170411_847,1,Unspecified,1018,2026-08-21T17:13:55.1904105+09:00,2026-08-21T17:13:55.6904105+09:00,583.342781,583.842781,30,30,-0.124522,0.011987,0.000023,0.000079,-0.000039,0.010115,0
20260821_170411_847,1,Unspecified,1019,2026-08-21T17:13:55.6904105+09:00,2026-08-21T17:13:56.1904105+09:00,583.842781,584.342781,30,30,-0.094400,-0.022369,0.000772,0.000723,-0.000257,0.038659,0
20260821_170411_847,1,Unspecified,1020,2026-08-21T17:13:56.1904105+09:00,2026-08-21T17:13:56.6904105+09:00,584.342781,584.842781,30,30,-0.122478,0.014850,0.000004,0.000007,0.000003,0.003323,0
20260821_170411_847,1,Unspecified,1021,2026-08-21T17:13:56.6904105+09:00,2026-08-21T17:13:57.1904105+09:00,584.842781,585.342781,30,30,-0.121157,0.017240,0.000002,0.000003,0.000000,0.002253,0
20260821_170411_847,1,Unspecified,1022,2026-08-21T17:13:57.1904105+09:00,2026-08-21T17:13:57.6904105+09:00,585.342781,585.842781,30,30,-0.126277,0.014748,0.000144,0.000107,-0.000004,0.015843,0
20260821_170411_847,1,Unspecified,1023,2026-08-21T17:13:57.6904105+09:00,2026-08-21T17:13:58.1904105+09:00,585.842781,586.342781,30,30,-0.050344,-0.060870,0.001092,0.000438,-0.000363,0.039118,0
20260821_170411_847,1,Unspecified,1024,2026-08-21T17:13:58.1904105+09:00,2026-08-21T17:13:58.6904105+09:00,586.342781,586.842781,30,30,-0.111860,-0.011143,0.000025,0.000040,-0.000019,0.008028,0
20260821_170411_847,1,Unspecified,1025,2026-08-21T17:13:58.6904105+09:00,2026-08-21T17:13:59.1904105+09:00,586.842781,587.342781,30,30,-0.121525,-0.007293,0.000004,0.000007,0.000000,0.003334,0
20260821_170411_847,1,Unspecified,1026,2026-08-21T17:13:59.1904105+09:00,2026-08-21T17:13:59.6904105+09:00,587.342781,587.842781,30,30,-0.125764,0.002121,0.000006,0.000007,-0.000005,0.003659,0
20260821_170411_847,1,Unspecified,1027,2026-08-21T17:13:59.6904105+09:00,2026-08-21T17:14:00.1904105+09:00,587.842781,588.342781,30,30,-0.110532,-0.035694,0.000734,0.001102,0.000035,0.042851,0
20260821_170411_847,1,Unspecified,1028,2026-08-21T17:14:00.1904105+09:00,2026-08-21T17:14:00.6904105+09:00,588.342781,588.842781,30,30,-0.109021,0.004991,0.000236,0.000014,-0.000034,0.015814,0
20260821_170411_847,1,Unspecified,1029,2026-08-21T17:14:00.6904105+09:00,2026-08-21T17:14:01.1904105+09:00,588.842781,589.342781,30,30,-0.028225,-0.016131,0.000213,0.000018,-0.000057,0.015212,0
20260821_170411_847,1,Unspecified,1030,2026-08-21T17:14:01.1904105+09:00,2026-08-21T17:14:01.6904105+09:00,589.342781,589.842781,30,30,0.055977,-0.031115,0.002362,0.000113,-0.000271,0.049758,0
20260821_170411_847,1,Unspecified,1031,2026-08-21T17:14:01.6904105+09:00,2026-08-21T17:14:02.1904105+09:00,589.842781,590.342781,30,30,0.017724,-0.059435,0.002885,0.000350,-0.000177,0.056875,0
20260821_170411_847,1,Unspecified,1032,2026-08-21T17:14:02.1904105+09:00,2026-08-21T17:14:02.6904105+09:00,590.342781,590.842781,30,30,-0.094446,-0.020827,0.000105,0.000023,-0.000015,0.011296,0
20260821_170411_847,1,Unspecified,1033,2026-08-21T17:14:02.6904105+09:00,2026-08-21T17:14:03.1904105+09:00,590.842781,591.342781,30,30,-0.131872,-0.018658,0.000015,0.000020,0.000010,0.005946,0
20260821_170411_847,1,Unspecified,1034,2026-08-21T17:14:03.1904105+09:00,2026-08-21T17:14:03.6904105+09:00,591.342781,591.842781,30,30,-0.110551,-0.002658,0.000316,0.000050,-0.000083,0.019143,0
20260821_170411_847,1,Unspecified,1035,2026-08-21T17:14:03.6904105+09:00,2026-08-21T17:14:04.1904105+09:00,591.842781,592.342781,30,30,-0.003532,-0.037904,0.000663,0.000058,-0.000165,0.026854,0
20260821_170411_847,1,Unspecified,1036,2026-08-21T17:14:04.1904105+09:00,2026-08-21T17:14:04.6904105+09:00,592.342781,592.842781,30,30,0.011073,-0.041942,0.000401,0.000131,-0.000209,0.023071,0
20260821_170411_847,1,Unspecified,1037,2026-08-21T17:14:04.6904105+09:00,2026-08-21T17:14:05.1904105+09:00,592.842781,593.342781,30,30,-0.093763,-0.027358,0.000266,0.000391,-0.000001,0.025638,0
20260821_170411_847,1,Unspecified,1038,2026-08-21T17:14:05.1904105+09:00,2026-08-21T17:14:05.6904105+09:00,593.342781,593.842781,30,30,-0.065060,-0.050654,0.000421,0.000131,0.000176,0.023484,0
20260821_170411_847,1,Unspecified,1039,2026-08-21T17:14:05.6904105+09:00,2026-08-21T17:14:06.1904105+09:00,593.842781,594.342781,30,30,-0.059801,-0.029136,0.001257,0.000033,-0.000058,0.035926,0
20260821_170411_847,1,Unspecified,1040,2026-08-21T17:14:06.1904105+09:00,2026-08-21T17:14:06.6904105+09:00,594.342781,594.842781,30,30,-0.124809,-0.007130,0.000605,0.000053,-0.000061,0.025650,0
20260821_170411_847,1,Unspecified,1041,2026-08-21T17:14:06.6904105+09:00,2026-08-21T17:14:07.1904105+09:00,594.842781,595.342781,30,30,-0.124349,-0.024575,0.001395,0.000129,0.000148,0.039039,0
20260821_170411_847,1,Unspecified,1042,2026-08-21T17:14:07.1904105+09:00,2026-08-21T17:14:07.6904105+09:00,595.342781,595.842781,30,30,-0.137977,-0.029144,0.000028,0.000003,0.000000,0.005561,0
20260821_170411_847,1,Unspecified,1043,2026-08-21T17:14:07.6904105+09:00,2026-08-21T17:14:08.1904105+09:00,595.842781,596.342781,30,30,-0.088498,-0.040314,0.000315,0.000094,-0.000041,0.020222,0
20260821_170411_847,1,Unspecified,1044,2026-08-21T17:14:08.1904105+09:00,2026-08-21T17:14:08.6904105+09:00,596.342781,596.842781,30,30,-0.123582,-0.025302,0.000183,0.000031,0.000021,0.014625,0
20260821_170411_847,1,Unspecified,1045,2026-08-21T17:14:08.6904105+09:00,2026-08-21T17:14:09.1904105+09:00,596.842781,597.342781,30,30,-0.158802,-0.032551,0.000014,0.000074,-0.000005,0.009385,0
20260821_170411_847,1,Unspecified,1046,2026-08-21T17:14:09.1904105+09:00,2026-08-21T17:14:09.6904105+09:00,597.342781,597.842781,30,30,-0.126999,-0.016892,0.000086,0.000091,-0.000033,0.013306,0
20260821_170411_847,1,Unspecified,1047,2026-08-21T17:14:09.6904105+09:00,2026-08-21T17:14:10.1904105+09:00,597.842781,598.342781,30,30,-0.121416,-0.036347,0.000218,0.000270,-0.000192,0.022091,0
20260821_170411_847,1,Unspecified,1048,2026-08-21T17:14:10.1904105+09:00,2026-08-21T17:14:10.6904105+09:00,598.342781,598.842781,30,30,-0.089415,-0.055087,0.000275,0.000013,-0.000018,0.016958,0
20260821_170411_847,1,Unspecified,1049,2026-08-21T17:14:10.6904105+09:00,2026-08-21T17:14:11.1904105+09:00,598.842781,599.342781,30,30,-0.063456,-0.044603,0.000053,0.000039,0.000014,0.009618,0
20260821_170411_847,1,Unspecified,1050,2026-08-21T17:14:11.1904105+09:00,2026-08-21T17:14:11.6904105+09:00,599.342781,599.842781,30,30,-0.057694,-0.041817,0.000388,0.000326,-0.000244,0.026726,0
20260821_170411_847,1,Unspecified,1051,2026-08-21T17:14:11.6904105+09:00,2026-08-21T17:14:12.1904105+09:00,599.842781,600.342781,30,30,-0.089321,-0.027001,0.001347,0.000199,0.000109,0.039317,0
20260821_170411_847,1,Unspecified,1052,2026-08-21T17:14:12.1904105+09:00,2026-08-21T17:14:12.6904105+09:00,600.342781,600.842781,30,30,-0.135646,-0.039199,0.000037,0.000184,-0.000040,0.014885,0
20260821_170411_847,1,Unspecified,1053,2026-08-21T17:14:12.6904105+09:00,2026-08-21T17:14:13.1904105+09:00,600.842781,601.342781,30,30,-0.139726,-0.020892,0.000025,0.000139,0.000015,0.012775,0
20260821_170411_847,1,Unspecified,1054,2026-08-21T17:14:13.1904105+09:00,2026-08-21T17:14:13.6904105+09:00,601.342781,601.842781,30,30,-0.127965,-0.033027,0.000034,0.000442,0.000010,0.021801,0
20260821_170411_847,1,Unspecified,1055,2026-08-21T17:14:13.6904105+09:00,2026-08-21T17:14:14.1904105+09:00,601.842781,602.342781,30,30,-0.123692,-0.009437,0.000006,0.000051,-0.000009,0.007507,0
20260821_170411_847,1,Unspecified,1056,2026-08-21T17:14:14.1904105+09:00,2026-08-21T17:14:14.6904105+09:00,602.342781,602.842781,30,30,-0.128896,-0.022033,0.000023,0.000298,-0.000034,0.017927,0
20260821_170411_847,1,Unspecified,1057,2026-08-21T17:14:14.6904105+09:00,2026-08-21T17:14:15.1904105+09:00,602.842781,603.342781,30,30,-0.121819,-0.022683,0.000006,0.000011,-0.000003,0.004109,0
20260821_170411_847,1,Unspecified,1058,2026-08-21T17:14:15.1904105+09:00,2026-08-21T17:14:15.6904105+09:00,603.342781,603.842781,30,30,-0.115891,-0.033041,0.000004,0.000004,0.000001,0.002830,0
20260821_170411_847,1,Unspecified,1059,2026-08-21T17:14:15.6904105+09:00,2026-08-21T17:14:16.1904105+09:00,603.842781,604.342781,30,30,-0.125192,-0.027672,0.000085,0.000111,-0.000062,0.014002,0
20260821_170411_847,1,Unspecified,1060,2026-08-21T17:14:16.1904105+09:00,2026-08-21T17:14:16.6904105+09:00,604.342781,604.842781,30,30,-0.126290,-0.019581,0.000003,0.000006,-0.000001,0.003008,0
20260821_170411_847,1,Unspecified,1061,2026-08-21T17:14:16.6904105+09:00,2026-08-21T17:14:17.1904105+09:00,604.842781,605.342781,30,30,-0.126499,-0.021832,0.000012,0.000012,0.000006,0.004927,0
20260821_170411_847,1,Unspecified,1062,2026-08-21T17:14:17.1904105+09:00,2026-08-21T17:14:17.6904105+09:00,605.342781,605.842781,30,30,-0.136469,-0.066080,0.000518,0.001403,0.000360,0.043829,0
20260821_170411_847,1,Unspecified,1063,2026-08-21T17:14:17.6904105+09:00,2026-08-21T17:14:18.1904105+09:00,605.842781,606.342781,30,30,-0.126856,-0.042975,0.000186,0.001001,0.000158,0.034455,0
20260821_170411_847,1,Unspecified,1064,2026-08-21T17:14:18.1904105+09:00,2026-08-21T17:14:18.6904105+09:00,606.342781,606.842781,30,30,-0.120230,-0.023791,0.000030,0.000008,0.000011,0.006206,0
20260821_170411_847,1,Unspecified,1065,2026-08-21T17:14:18.6904105+09:00,2026-08-21T17:14:19.1904105+09:00,606.842781,607.342781,30,30,-0.126940,-0.023503,0.000005,0.000004,-0.000001,0.002941,0
20260821_170411_847,1,Unspecified,1066,2026-08-21T17:14:19.1904105+09:00,2026-08-21T17:14:19.6904105+09:00,607.342781,607.842781,30,30,-0.132828,-0.036777,0.000142,0.000675,0.000264,0.028585,0
20260821_170411_847,1,Unspecified,1067,2026-08-21T17:14:19.6904105+09:00,2026-08-21T17:14:20.1904105+09:00,607.842781,608.342781,30,30,-0.115027,-0.022520,0.000112,0.000292,0.000139,0.020102,0
20260821_170411_847,1,Unspecified,1068,2026-08-21T17:14:20.1904105+09:00,2026-08-21T17:14:20.6904105+09:00,608.342781,608.842781,30,30,-0.121550,-0.027671,0.000397,0.000391,-0.000175,0.028076,0
20260821_170411_847,1,Unspecified,1069,2026-08-21T17:14:20.6904105+09:00,2026-08-21T17:14:21.1904105+09:00,608.842781,609.342781,30,30,-0.100435,-0.015789,0.000234,0.000019,-0.000049,0.015902,0
20260821_170411_847,1,Unspecified,1070,2026-08-21T17:14:21.1904105+09:00,2026-08-21T17:14:21.6904105+09:00,609.342781,609.842781,30,30,-0.104031,-0.013050,0.000007,0.000002,0.000002,0.003061,0
20260821_170411_847,1,Unspecified,1071,2026-08-21T17:14:21.6904105+09:00,2026-08-21T17:14:22.1904105+09:00,609.842781,610.342781,30,30,-0.130345,-0.045833,0.000384,0.000697,-0.000148,0.032880,0
20260821_170411_847,1,Unspecified,1072,2026-08-21T17:14:22.1904105+09:00,2026-08-21T17:14:22.6904105+09:00,610.342781,610.842781,30,30,-0.120625,-0.025519,0.000193,0.000008,-0.000035,0.014183,0
20260821_170411_847,1,Unspecified,1073,2026-08-21T17:14:22.6904105+09:00,2026-08-21T17:14:23.1904105+09:00,610.842781,611.342781,30,30,-0.105430,-0.026835,0.000002,0.000003,0.000000,0.002128,0
20260821_170411_847,1,Unspecified,1074,2026-08-21T17:14:23.1904105+09:00,2026-08-21T17:14:23.6904105+09:00,611.342781,611.842781,30,30,-0.107603,-0.056254,0.000467,0.000525,-0.000154,0.031487,0
20260821_170411_847,1,Unspecified,1075,2026-08-21T17:14:23.6904105+09:00,2026-08-21T17:14:24.1904105+09:00,611.842781,612.342781,30,30,-0.115183,-0.036391,0.000208,0.000387,-0.000166,0.024396,0
20260821_170411_847,1,Unspecified,1076,2026-08-21T17:14:24.1904105+09:00,2026-08-21T17:14:24.6904105+09:00,612.342781,612.842781,30,30,-0.127356,-0.037691,0.000101,0.000281,0.000027,0.019554,0
20260821_170411_847,1,Unspecified,1077,2026-08-21T17:14:24.6904105+09:00,2026-08-21T17:14:25.1904105+09:00,612.842781,613.342781,30,30,-0.123239,-0.030246,0.000006,0.000005,-0.000003,0.003349,0
20260821_170411_847,1,Unspecified,1078,2026-08-21T17:14:25.1904105+09:00,2026-08-21T17:14:25.6904105+09:00,613.342781,613.842781,30,30,-0.120236,-0.033344,0.000014,0.000006,-0.000008,0.004534,0
20260821_170411_847,1,Unspecified,1079,2026-08-21T17:14:25.6904105+09:00,2026-08-21T17:14:26.1904105+09:00,613.842781,614.342781,30,30,-0.125043,-0.063041,0.000891,0.000746,0.000275,0.040454,0
20260821_170411_847,1,Unspecified,1080,2026-08-21T17:14:26.1904105+09:00,2026-08-21T17:14:26.6904105+09:00,614.342781,614.842781,30,30,-0.104305,-0.024370,0.000004,0.000002,-0.000001,0.002466,0
20260821_170411_847,1,Unspecified,1081,2026-08-21T17:14:26.6904105+09:00,2026-08-21T17:14:27.1904105+09:00,614.842781,615.342781,30,30,-0.105199,-0.024021,0.000002,0.000003,0.000001,0.002256,0
20260821_170411_847,1,Unspecified,1082,2026-08-21T17:14:27.1904105+09:00,2026-08-21T17:14:27.6904105+09:00,615.342781,615.842781,30,30,-0.107338,-0.021614,0.000009,0.000007,0.000000,0.004030,0
20260821_170411_847,1,Unspecified,1083,2026-08-21T17:14:27.6904105+09:00,2026-08-21T17:14:28.1904105+09:00,615.842781,616.342781,30,30,-0.111495,-0.021713,0.000237,0.000277,-0.000189,0.022673,0
20260821_170411_847,1,Unspecified,1084,2026-08-21T17:14:28.1904105+09:00,2026-08-21T17:14:28.6904105+09:00,616.342781,616.842781,30,30,-0.118443,-0.014499,0.000009,0.000019,0.000011,0.005324,0
20260821_170411_847,1,Unspecified,1085,2026-08-21T17:14:28.6904105+09:00,2026-08-21T17:14:29.1904105+09:00,616.842781,617.342781,30,30,-0.120071,-0.017330,0.000002,0.000004,0.000001,0.002358,0
20260821_170411_847,1,Unspecified,1086,2026-08-21T17:14:29.1904105+09:00,2026-08-21T17:14:29.6904105+09:00,617.342781,617.842781,30,30,-0.119999,-0.019686,0.000007,0.000003,0.000002,0.003235,0
20260821_170411_847,1,Unspecified,1087,2026-08-21T17:14:29.6904105+09:00,2026-08-21T17:14:30.1904105+09:00,617.842781,618.342781,30,30,-0.122505,-0.043286,0.000704,0.000676,-0.000177,0.037154,0
20260821_170411_847,1,Unspecified,1088,2026-08-21T17:14:30.1904105+09:00,2026-08-21T17:14:30.6904105+09:00,618.342781,618.842781,30,30,-0.115827,-0.019878,0.000030,0.000003,-0.000007,0.005753,0
20260821_170411_847,1,Unspecified,1089,2026-08-21T17:14:30.6904105+09:00,2026-08-21T17:14:31.1904105+09:00,618.842781,619.342781,30,30,-0.091282,-0.021555,0.000040,0.000008,-0.000010,0.006929,0
20260821_170411_847,1,Unspecified,1090,2026-08-21T17:14:31.1904105+09:00,2026-08-21T17:14:31.6904105+09:00,619.342781,619.842781,30,30,-0.088759,-0.024130,0.000006,0.000004,0.000002,0.003203,0
20260821_170411_847,1,Unspecified,1091,2026-08-21T17:14:31.6904105+09:00,2026-08-21T17:14:32.1904105+09:00,619.842781,620.342781,30,30,-0.111193,-0.048948,0.000678,0.000400,0.000199,0.032830,0
20260821_170411_847,1,Unspecified,1092,2026-08-21T17:14:32.1904105+09:00,2026-08-21T17:14:32.6904105+09:00,620.342781,620.842781,30,30,-0.111124,-0.018349,0.000005,0.000013,-0.000005,0.004291,0
20260821_170411_847,1,Unspecified,1093,2026-08-21T17:14:32.6904105+09:00,2026-08-21T17:14:33.1904105+09:00,620.842781,621.342781,30,30,-0.108968,-0.019660,0.000001,0.000005,0.000000,0.002428,0
20260821_170411_847,1,Unspecified,1094,2026-08-21T17:14:33.1904105+09:00,2026-08-21T17:14:33.6904105+09:00,621.342781,621.842781,30,30,-0.108374,-0.020354,0.000001,0.000002,0.000000,0.001709,0
20260821_170411_847,1,Unspecified,1095,2026-08-21T17:14:33.6904105+09:00,2026-08-21T17:14:34.1904105+09:00,621.842781,622.342781,30,30,-0.110830,-0.023321,0.000067,0.000079,0.000041,0.012066,0
20260821_170411_847,1,Unspecified,1096,2026-08-21T17:14:34.1904105+09:00,2026-08-21T17:14:34.6904105+09:00,622.342781,622.842781,30,30,-0.111818,-0.008754,0.000004,0.000019,-0.000001,0.004727,0
20260821_170411_847,1,Unspecified,1097,2026-08-21T17:14:34.6904105+09:00,2026-08-21T17:14:35.1904105+09:00,622.842781,623.342781,30,30,-0.112000,-0.003096,0.000002,0.000003,0.000001,0.002118,0
20260821_170411_847,1,Unspecified,1098,2026-08-21T17:14:35.1904105+09:00,2026-08-21T17:14:35.6904105+09:00,623.342781,623.842781,30,30,-0.108010,-0.004543,0.000005,0.000007,-0.000002,0.003489,0
20260821_170411_847,1,Unspecified,1099,2026-08-21T17:14:35.6904105+09:00,2026-08-21T17:14:36.1904105+09:00,623.842781,624.342781,30,30,-0.113017,-0.050982,0.000695,0.000376,-0.000207,0.032717,0
20260821_170411_847,1,Unspecified,1100,2026-08-21T17:14:36.1904105+09:00,2026-08-21T17:14:36.6904105+09:00,624.342781,624.842781,30,30,-0.119952,-0.024913,0.000005,0.000004,0.000002,0.002949,0
20260821_170411_847,1,Unspecified,1101,2026-08-21T17:14:36.6904105+09:00,2026-08-21T17:14:37.1904105+09:00,624.842781,625.342781,30,30,-0.116132,-0.027970,0.000020,0.000004,0.000001,0.004863,0
20260821_170411_847,1,Unspecified,1102,2026-08-21T17:14:37.1904105+09:00,2026-08-21T17:14:37.6904105+09:00,625.342781,625.842781,30,30,-0.080455,-0.013249,0.000062,0.000018,0.000021,0.008944,0
20260821_170411_847,1,Unspecified,1103,2026-08-21T17:14:37.6904105+09:00,2026-08-21T17:14:38.1904105+09:00,625.842781,626.342781,30,30,-0.062793,-0.004732,0.000071,0.000022,-0.000005,0.009686,0
20260821_170411_847,1,Unspecified,1104,2026-08-21T17:14:38.1904105+09:00,2026-08-21T17:14:38.6904105+09:00,626.342781,626.842781,30,30,-0.055570,0.004592,0.000020,0.000008,0.000007,0.005301,0
20260821_170411_847,1,Unspecified,1105,2026-08-21T17:14:38.6904105+09:00,2026-08-21T17:14:39.1904105+09:00,626.842781,627.342781,30,30,-0.052705,0.005110,0.000012,0.000006,-0.000007,0.004279,0
20260821_170411_847,1,Unspecified,1106,2026-08-21T17:14:39.1904105+09:00,2026-08-21T17:14:39.6904105+09:00,627.342781,627.842781,30,30,-0.052415,-0.020264,0.000192,0.001517,-0.000109,0.041338,0
20260821_170411_847,1,Unspecified,1107,2026-08-21T17:14:39.6904105+09:00,2026-08-21T17:14:40.1904105+09:00,627.842781,628.342781,30,30,-0.033591,-0.010378,0.000731,0.000969,-0.000513,0.041231,0
20260821_170411_847,1,Unspecified,1108,2026-08-21T17:14:40.1904105+09:00,2026-08-21T17:14:40.6904105+09:00,628.342781,628.842781,30,30,-0.052484,0.018104,0.000008,0.000009,-0.000004,0.004176,0
20260821_170411_847,1,Unspecified,1109,2026-08-21T17:14:40.6904105+09:00,2026-08-21T17:14:41.1904105+09:00,628.842781,629.342781,30,30,-0.073668,0.018955,0.000046,0.000009,-0.000003,0.007370,0
20260821_170411_847,1,Unspecified,1110,2026-08-21T17:14:41.1904105+09:00,2026-08-21T17:14:41.6904105+09:00,629.342781,629.842781,30,30,-0.032052,0.017500,0.006158,0.000008,0.000121,0.078520,0
20260821_170411_847,1,Unspecified,1111,2026-08-21T17:14:41.6904105+09:00,2026-08-21T17:14:42.1904105+09:00,629.842781,630.342781,30,30,0.034453,0.007307,0.010101,0.000651,0.002531,0.103688,0
20260821_170411_847,1,Unspecified,1112,2026-08-21T17:14:42.1904105+09:00,2026-08-21T17:14:42.6904105+09:00,630.342781,630.842781,30,30,-0.112805,-0.031944,0.000019,0.000031,0.000022,0.007076,0
20260821_170411_847,1,Unspecified,1113,2026-08-21T17:14:42.6904105+09:00,2026-08-21T17:14:43.1904105+09:00,630.842781,631.342781,30,30,-0.108811,-0.022959,0.000007,0.000005,-0.000001,0.003483,0
20260821_170411_847,1,Unspecified,1114,2026-08-21T17:14:43.1904105+09:00,2026-08-21T17:14:43.6904105+09:00,631.342781,631.842781,30,30,-0.125522,-0.042373,0.000597,0.000530,-0.000153,0.033566,0
20260821_170411_847,1,Unspecified,1115,2026-08-21T17:14:43.6904105+09:00,2026-08-21T17:14:44.1904105+09:00,631.842781,632.342781,29,29,-0.106949,-0.021444,0.000672,0.000252,-0.000379,0.030410,0
20260821_170411_847,1,Unspecified,1116,2026-08-21T17:14:44.1904105+09:00,2026-08-21T17:14:44.6904105+09:00,632.342781,632.842781,30,30,-0.116833,-0.013859,0.000018,0.000005,0.000005,0.004751,0
20260821_170411_847,1,Unspecified,1117,2026-08-21T17:14:44.6904105+09:00,2026-08-21T17:14:45.1904105+09:00,632.842781,633.342781,30,30,-0.118231,-0.017260,0.000001,0.000001,0.000000,0.001456,0
20260821_170411_847,1,Unspecified,1118,2026-08-21T17:14:45.1904105+09:00,2026-08-21T17:14:45.6904105+09:00,633.342781,633.842781,31,31,-0.130783,-0.042642,0.000172,0.000745,0.000021,0.030285,0
20260821_170411_847,1,Unspecified,1119,2026-08-21T17:14:45.6904105+09:00,2026-08-21T17:14:46.1904105+09:00,633.842781,634.342781,30,30,-0.124699,-0.008020,0.000003,0.000003,0.000000,0.002560,0
20260821_170411_847,1,Unspecified,1120,2026-08-21T17:14:46.1904105+09:00,2026-08-21T17:14:46.6904105+09:00,634.342781,634.842781,29,29,-0.120357,-0.003662,0.000018,0.000014,-0.000013,0.005695,0
20260821_170411_847,1,Unspecified,1121,2026-08-21T17:14:46.6904105+09:00,2026-08-21T17:14:47.1904105+09:00,634.842781,635.342781,30,30,-0.121494,-0.001041,0.000016,0.000003,-0.000005,0.004339,0
20260821_170411_847,1,Unspecified,1122,2026-08-21T17:14:47.1904105+09:00,2026-08-21T17:14:47.6904105+09:00,635.342781,635.842781,30,30,-0.123850,-0.004000,0.000016,0.000196,-0.000026,0.014551,0
20260821_170411_847,1,Unspecified,1123,2026-08-21T17:14:47.6904105+09:00,2026-08-21T17:14:48.1904105+09:00,635.842781,636.342781,30,30,-0.127614,-0.042766,0.000487,0.000278,-0.000093,0.027659,0
20260821_170411_847,1,Unspecified,1124,2026-08-21T17:14:48.1904105+09:00,2026-08-21T17:14:48.6904105+09:00,636.342781,636.842781,30,30,-0.134629,-0.002787,0.000014,0.000005,-0.000003,0.004316,0
20260821_170411_847,1,Unspecified,1125,2026-08-21T17:14:48.6904105+09:00,2026-08-21T17:14:49.1904105+09:00,636.842781,637.342781,31,31,-0.127593,-0.001536,0.000002,0.000003,0.000001,0.002177,0
20260821_170411_847,1,Unspecified,1126,2026-08-21T17:14:49.1904105+09:00,2026-08-21T17:14:49.6904105+09:00,637.342781,637.842781,29,29,-0.124345,-0.002255,0.000004,0.000004,-0.000001,0.002738,0
20260821_170411_847,1,Unspecified,1127,2026-08-21T17:14:49.6904105+09:00,2026-08-21T17:14:50.1904105+09:00,637.842781,638.342781,30,30,-0.117753,-0.025100,0.000695,0.000554,-0.000275,0.035336,0
20260821_170411_847,1,Unspecified,1128,2026-08-21T17:14:50.1904105+09:00,2026-08-21T17:14:50.6904105+09:00,638.342781,638.842781,30,30,-0.117537,-0.002610,0.000038,0.000044,-0.000037,0.009049,0
20260821_170411_847,1,Unspecified,1129,2026-08-21T17:14:50.6904105+09:00,2026-08-21T17:14:51.1904105+09:00,638.842781,639.342781,31,31,-0.127340,0.006206,0.000003,0.000003,-0.000002,0.002467,0
20260821_170411_847,1,Unspecified,1130,2026-08-21T17:14:51.1904105+09:00,2026-08-21T17:14:51.6904105+09:00,639.342781,639.842781,29,29,-0.128289,0.005563,0.000003,0.000006,0.000001,0.002927,0
20260821_170411_847,1,Unspecified,1131,2026-08-21T17:14:51.6904105+09:00,2026-08-21T17:14:52.1904105+09:00,639.842781,640.342781,30,30,-0.115373,-0.008494,0.000230,0.000548,-0.000163,0.027892,0
20260821_170411_847,1,Unspecified,1132,2026-08-21T17:14:52.1904105+09:00,2026-08-21T17:14:52.6904105+09:00,640.342781,640.842781,30,30,-0.109993,0.016215,0.000008,0.000005,-0.000002,0.003554,0
20260821_170411_847,1,Unspecified,1133,2026-08-21T17:14:52.6904105+09:00,2026-08-21T17:14:53.1904105+09:00,640.842781,641.342781,31,31,-0.113505,0.018316,0.000005,0.000007,-0.000003,0.003331,0
20260821_170411_847,1,Unspecified,1134,2026-08-21T17:14:53.1904105+09:00,2026-08-21T17:14:53.6904105+09:00,641.342781,641.842781,30,30,-0.118189,-0.010332,0.000165,0.001076,-0.000182,0.035219,0
20260821_170411_847,1,Unspecified,1135,2026-08-21T17:14:53.6904105+09:00,2026-08-21T17:14:54.1904105+09:00,641.842781,642.342781,30,30,-0.106253,-0.016753,0.001005,0.000406,-0.000242,0.037573,0
20260821_170411_847,1,Unspecified,1136,2026-08-21T17:14:54.1904105+09:00,2026-08-21T17:14:54.6904105+09:00,642.342781,642.842781,30,30,-0.126807,-0.004143,0.000005,0.000010,-0.000004,0.003877,0
20260821_170411_847,1,Unspecified,1137,2026-08-21T17:14:54.6904105+09:00,2026-08-21T17:14:55.1904105+09:00,642.842781,643.342781,30,30,-0.128163,-0.002095,0.000003,0.000002,0.000001,0.002346,0
20260821_170411_847,1,Unspecified,1138,2026-08-21T17:14:55.1904105+09:00,2026-08-21T17:14:55.6904105+09:00,643.342781,643.842781,29,29,-0.126302,0.000256,0.000030,0.000008,-0.000007,0.006204,0
20260821_170411_847,1,Unspecified,1139,2026-08-21T17:14:55.6904105+09:00,2026-08-21T17:14:56.1904105+09:00,643.842781,644.342781,31,31,-0.077952,-0.028138,0.000756,0.000191,-0.000142,0.030769,0
20260821_170411_847,1,Unspecified,1140,2026-08-21T17:14:56.1904105+09:00,2026-08-21T17:14:56.6904105+09:00,644.342781,644.842781,30,30,-0.117488,0.002641,0.000114,0.000028,-0.000048,0.011934,0
20260821_170411_847,1,Unspecified,1141,2026-08-21T17:14:56.6904105+09:00,2026-08-21T17:14:57.1904105+09:00,644.842781,645.342781,30,30,-0.133229,-0.000047,0.000028,0.000013,0.000012,0.006406,0
20260821_170411_847,1,Unspecified,1142,2026-08-21T17:14:57.1904105+09:00,2026-08-21T17:14:57.6904105+09:00,645.342781,645.842781,30,30,-0.108018,-0.035978,0.000969,0.000604,-0.000574,0.039661,0
20260821_170411_847,1,Unspecified,1143,2026-08-21T17:14:57.6904105+09:00,2026-08-21T17:14:58.1904105+09:00,645.842781,646.342781,30,30,0.008900,-0.043130,0.003178,0.000091,-0.000167,0.057176,0
20260821_170411_847,1,Unspecified,1144,2026-08-21T17:14:58.1904105+09:00,2026-08-21T17:14:58.6904105+09:00,646.342781,646.842781,30,30,-0.007079,-0.020471,0.005017,0.000353,-0.001225,0.073285,0
20260821_170411_847,1,Unspecified,1145,2026-08-21T17:14:58.6904105+09:00,2026-08-21T17:14:59.1904105+09:00,646.842781,647.342781,30,30,-0.105283,0.000196,0.000022,0.000017,-0.000013,0.006279,0
20260821_170411_847,1,Unspecified,1146,2026-08-21T17:14:59.1904105+09:00,2026-08-21T17:14:59.6904105+09:00,647.342781,647.842781,30,30,-0.046498,-0.035436,0.001563,0.000660,-0.000679,0.047153,0
20260821_170411_847,1,Unspecified,1147,2026-08-21T17:14:59.6904105+09:00,2026-08-21T17:15:00.1904105+09:00,647.842781,648.342781,30,30,-0.029010,-0.027395,0.000629,0.000130,-0.000229,0.027566,0
20260821_170411_847,1,Unspecified,1148,2026-08-21T17:15:00.1904105+09:00,2026-08-21T17:15:00.6904105+09:00,648.342781,648.842781,30,30,-0.073335,-0.022878,0.000490,0.000018,0.000049,0.022539,0
20260821_170411_847,1,Unspecified,1149,2026-08-21T17:15:00.6904105+09:00,2026-08-21T17:15:01.1904105+09:00,648.842781,649.342781,30,30,-0.108166,-0.019299,0.000268,0.000059,-0.000076,0.018084,0
20260821_170411_847,1,Unspecified,1150,2026-08-21T17:15:01.1904105+09:00,2026-08-21T17:15:01.6904105+09:00,649.342781,649.842781,30,30,-0.127105,-0.020639,0.000191,0.000012,-0.000003,0.014220,0
20260821_170411_847,1,Unspecified,1151,2026-08-21T17:15:01.6904105+09:00,2026-08-21T17:15:02.1904105+09:00,649.842781,650.342781,30,30,-0.129632,-0.025230,0.000197,0.000040,-0.000032,0.015388,0
20260821_170411_847,1,Unspecified,1152,2026-08-21T17:15:02.1904105+09:00,2026-08-21T17:15:02.6904105+09:00,650.342781,650.842781,30,30,-0.085849,-0.020136,0.000580,0.000067,0.000008,0.025436,0
20260821_170411_847,1,Unspecified,1153,2026-08-21T17:15:02.6904105+09:00,2026-08-21T17:15:03.1904105+09:00,650.842781,651.342781,30,30,-0.126900,-0.031252,0.000107,0.000361,0.000028,0.021643,0
20260821_170411_847,1,Unspecified,1154,2026-08-21T17:15:03.1904105+09:00,2026-08-21T17:15:03.6904105+09:00,651.342781,651.842781,30,30,-0.130109,-0.015551,0.000018,0.000009,-0.000008,0.005159,0
20260821_170411_847,1,Unspecified,1155,2026-08-21T17:15:03.6904105+09:00,2026-08-21T17:15:04.1904105+09:00,651.842781,652.342781,30,30,-0.122146,-0.018141,0.000002,0.000005,0.000001,0.002516,0
20260821_170411_847,1,Unspecified,1156,2026-08-21T17:15:04.1904105+09:00,2026-08-21T17:15:04.6904105+09:00,652.342781,652.842781,30,30,-0.126783,-0.016621,0.000013,0.000009,-0.000005,0.004657,0
20260821_170411_847,1,Unspecified,1157,2026-08-21T17:15:04.6904105+09:00,2026-08-21T17:15:05.1904105+09:00,652.842781,653.342781,30,30,-0.125712,-0.015007,0.000007,0.000017,0.000006,0.004929,0
20260821_170411_847,1,Unspecified,1158,2026-08-21T17:15:05.1904105+09:00,2026-08-21T17:15:05.6904105+09:00,653.342781,653.842781,30,30,-0.099908,-0.057006,0.000736,0.000120,0.000085,0.029263,0
20260821_170411_847,1,Unspecified,1159,2026-08-21T17:15:05.6904105+09:00,2026-08-21T17:15:06.1904105+09:00,653.842781,654.342781,30,30,-0.063496,-0.032931,0.000862,0.000410,-0.000544,0.035664,0
20260821_170411_847,1,Unspecified,1160,2026-08-21T17:15:06.1904105+09:00,2026-08-21T17:15:06.6904105+09:00,654.342781,654.842781,30,30,-0.115443,-0.012741,0.000070,0.000005,0.000003,0.008665,0
20260821_170411_847,1,Unspecified,1161,2026-08-21T17:15:06.6904105+09:00,2026-08-21T17:15:07.1904105+09:00,654.842781,655.342781,30,30,-0.129366,-0.020577,0.000060,0.000143,0.000088,0.014244,0
20260821_170411_847,1,Unspecified,1162,2026-08-21T17:15:07.1904105+09:00,2026-08-21T17:15:07.6904105+09:00,655.342781,655.842781,30,30,-0.136128,-0.053232,0.000278,0.000230,-0.000089,0.022536,0
20260821_170411_847,1,Unspecified,1163,2026-08-21T17:15:07.6904105+09:00,2026-08-21T17:15:08.1904105+09:00,655.842781,656.342781,30,30,-0.080219,-0.053339,0.000520,0.000136,0.000135,0.025612,0
20260821_170411_847,1,Unspecified,1164,2026-08-21T17:15:08.1904105+09:00,2026-08-21T17:15:08.6904105+09:00,656.342781,656.842781,30,30,-0.059330,-0.034859,0.000254,0.000104,-0.000008,0.018898,0
20260821_170411_847,1,Unspecified,1165,2026-08-21T17:15:08.6904105+09:00,2026-08-21T17:15:09.1904105+09:00,656.842781,657.342781,30,30,-0.088543,-0.016926,0.000480,0.000086,-0.000034,0.023796,0
20260821_170411_847,1,Unspecified,1166,2026-08-21T17:15:09.1904105+09:00,2026-08-21T17:15:09.6904105+09:00,657.342781,657.842781,30,30,-0.104791,-0.003081,0.000665,0.000073,-0.000081,0.027175,0
20260821_170411_847,1,Unspecified,1167,2026-08-21T17:15:09.6904105+09:00,2026-08-21T17:15:10.1904105+09:00,657.842781,658.342781,30,30,-0.094741,-0.002645,0.000675,0.000080,-0.000048,0.027474,0
20260821_170411_847,1,Unspecified,1168,2026-08-21T17:15:10.1904105+09:00,2026-08-21T17:15:10.6904105+09:00,658.342781,658.842781,30,30,-0.132788,-0.028611,0.000088,0.000625,0.000214,0.026702,0
20260821_170411_847,1,Unspecified,1169,2026-08-21T17:15:10.6904105+09:00,2026-08-21T17:15:11.1904105+09:00,658.842781,659.342781,30,30,-0.127456,-0.027249,0.000012,0.000005,-0.000004,0.004172,0
20260821_170411_847,1,Unspecified,1170,2026-08-21T17:15:11.1904105+09:00,2026-08-21T17:15:11.6904105+09:00,659.342781,659.842781,30,30,-0.128672,-0.043388,0.000017,0.000278,0.000024,0.017175,0
20260821_170411_847,1,Unspecified,1171,2026-08-21T17:15:11.6904105+09:00,2026-08-21T17:15:12.1904105+09:00,659.842781,660.342781,30,30,-0.123832,-0.032673,0.000008,0.000011,0.000005,0.004334,0
20260821_170411_847,1,Unspecified,1172,2026-08-21T17:15:12.1904105+09:00,2026-08-21T17:15:12.6904105+09:00,660.342781,660.842781,30,30,-0.114885,-0.021849,0.000021,0.000004,-0.000003,0.004983,0
20260821_170411_847,1,Unspecified,1173,2026-08-21T17:15:12.6904105+09:00,2026-08-21T17:15:13.1904105+09:00,660.842781,661.342781,30,30,-0.121872,-0.015720,0.000004,0.000006,-0.000004,0.003179,0
20260821_170411_847,1,Unspecified,1174,2026-08-21T17:15:13.1904105+09:00,2026-08-21T17:15:13.6904105+09:00,661.342781,661.842781,30,30,-0.124986,-0.018692,0.000003,0.000021,-0.000002,0.004897,0
20260821_170411_847,1,Unspecified,1175,2026-08-21T17:15:13.6904105+09:00,2026-08-21T17:15:14.1904105+09:00,661.842781,662.342781,30,30,-0.109293,-0.015906,0.000062,0.000030,0.000034,0.009585,0
20260821_170411_847,1,Unspecified,1176,2026-08-21T17:15:14.1904105+09:00,2026-08-21T17:15:14.6904105+09:00,662.342781,662.842781,30,30,-0.102833,-0.017026,0.000013,0.000045,-0.000010,0.007629,0
20260821_170411_847,1,Unspecified,1177,2026-08-21T17:15:14.6904105+09:00,2026-08-21T17:15:15.1904105+09:00,662.842781,663.342781,30,30,-0.110511,-0.008457,0.000021,0.000104,-0.000032,0.011219,0
20260821_170411_847,1,Unspecified,1178,2026-08-21T17:15:15.1904105+09:00,2026-08-21T17:15:15.6904105+09:00,663.342781,663.842781,30,30,-0.069617,-0.019565,0.000196,0.000125,0.000116,0.017914,0
20260821_170411_847,1,Unspecified,1179,2026-08-21T17:15:15.6904105+09:00,2026-08-21T17:15:16.1904105+09:00,663.842781,664.342781,30,30,-0.056508,-0.018408,0.000038,0.000087,0.000041,0.011181,0
20260821_170411_847,1,Unspecified,1180,2026-08-21T17:15:16.1904105+09:00,2026-08-21T17:15:16.6904105+09:00,664.342781,664.842781,30,30,-0.073034,-0.066087,0.000462,0.000093,0.000066,0.023570,0
20260821_170411_847,1,Unspecified,1181,2026-08-21T17:15:16.6904105+09:00,2026-08-21T17:15:17.1904105+09:00,664.842781,665.342781,30,30,-0.048239,-0.050202,0.000174,0.000035,0.000013,0.014447,0
20260821_170411_847,1,Unspecified,1182,2026-08-21T17:15:17.1904105+09:00,2026-08-21T17:15:17.6904105+09:00,665.342781,665.842781,30,30,-0.069420,-0.026173,0.000278,0.000155,-0.000131,0.020793,0
20260821_170411_847,1,Unspecified,1183,2026-08-21T17:15:17.6904105+09:00,2026-08-21T17:15:18.1904105+09:00,665.842781,666.342781,30,30,-0.089381,-0.022885,0.000119,0.000030,-0.000025,0.012176,0
20260821_170411_847,1,Unspecified,1184,2026-08-21T17:15:18.1904105+09:00,2026-08-21T17:15:18.6904105+09:00,666.342781,666.842781,30,30,-0.094257,-0.030295,0.000294,0.000062,0.000018,0.018869,0
20260821_170411_847,1,Unspecified,1185,2026-08-21T17:15:18.6904105+09:00,2026-08-21T17:15:19.1904105+09:00,666.842781,667.342781,30,30,-0.127443,-0.025385,0.000256,0.000056,-0.000028,0.017670,0
20260821_170411_847,1,Unspecified,1186,2026-08-21T17:15:19.1904105+09:00,2026-08-21T17:15:19.6904105+09:00,667.342781,667.842781,30,30,-0.157561,-0.033014,0.000519,0.000064,0.000041,0.024132,0
20260821_170411_847,1,Unspecified,1187,2026-08-21T17:15:19.6904105+09:00,2026-08-21T17:15:20.1904105+09:00,667.842781,668.342781,30,30,-0.102626,-0.035194,0.003127,0.000179,-0.000320,0.057498,0
20260821_170411_847,1,Unspecified,1188,2026-08-21T17:15:20.1904105+09:00,2026-08-21T17:15:20.6904105+09:00,668.342781,668.842781,30,30,-0.115304,-0.035346,0.000100,0.000098,0.000026,0.014055,0
20260821_170411_847,1,Unspecified,1189,2026-08-21T17:15:20.6904105+09:00,2026-08-21T17:15:21.1904105+09:00,668.842781,669.342781,30,30,-0.120856,-0.031950,0.000011,0.000157,-0.000002,0.012941,0
20260821_170411_847,1,Unspecified,1190,2026-08-21T17:15:21.1904105+09:00,2026-08-21T17:15:21.6904105+09:00,669.342781,669.842781,30,30,-0.120385,-0.039358,0.000114,0.000386,0.000134,0.022363,0
20260821_170411_847,1,Unspecified,1191,2026-08-21T17:15:21.6904105+09:00,2026-08-21T17:15:22.1904105+09:00,669.842781,670.342781,30,30,-0.120843,-0.015787,0.000121,0.000215,0.000020,0.018319,0
20260821_170411_847,1,Unspecified,1192,2026-08-21T17:15:22.1904105+09:00,2026-08-21T17:15:22.6904105+09:00,670.342781,670.842781,30,30,-0.116211,-0.029521,0.000018,0.000106,0.000011,0.011132,0
20260821_170411_847,1,Unspecified,1193,2026-08-21T17:15:22.6904105+09:00,2026-08-21T17:15:23.1904105+09:00,670.842781,671.342781,30,30,-0.123682,-0.017795,0.000016,0.000011,-0.000003,0.005143,0
20260821_170411_847,1,Unspecified,1194,2026-08-21T17:15:23.1904105+09:00,2026-08-21T17:15:23.6904105+09:00,671.342781,671.842781,30,30,-0.124190,-0.025058,0.000045,0.000440,0.000099,0.022041,0
20260821_170411_847,1,Unspecified,1195,2026-08-21T17:15:23.6904105+09:00,2026-08-21T17:15:24.1904105+09:00,671.842781,672.342781,30,30,-0.126109,-0.020499,0.000103,0.000448,0.000187,0.023463,0
20260821_170411_847,1,Unspecified,1196,2026-08-21T17:15:24.1904105+09:00,2026-08-21T17:15:24.6904105+09:00,672.342781,672.842781,30,30,-0.135487,-0.029387,0.000263,0.000935,0.000351,0.034601,0
20260821_170411_847,1,Unspecified,1197,2026-08-21T17:15:24.6904105+09:00,2026-08-21T17:15:25.1904105+09:00,672.842781,673.342781,30,30,-0.141653,-0.023565,0.000908,0.001033,0.000925,0.044053,0
20260821_170411_847,1,Unspecified,1198,2026-08-21T17:15:25.1904105+09:00,2026-08-21T17:15:25.6904105+09:00,673.342781,673.842781,30,30,-0.117309,-0.022852,0.000241,0.000423,0.000249,0.025768,0
20260821_170411_847,1,Unspecified,1199,2026-08-21T17:15:25.6904105+09:00,2026-08-21T17:15:26.1904105+09:00,673.842781,674.342781,30,30,-0.112469,-0.035897,0.000150,0.000375,0.000213,0.022913,0
20260821_170411_847,1,Unspecified,1200,2026-08-21T17:15:26.1904105+09:00,2026-08-21T17:15:26.6904105+09:00,674.342781,674.842781,30,30,-0.111228,-0.028671,0.000021,0.000005,-0.000006,0.005090,0
20260821_170411_847,1,Unspecified,1201,2026-08-21T17:15:26.6904105+09:00,2026-08-21T17:15:27.1904105+09:00,674.842781,675.342781,30,30,-0.113055,-0.025846,0.000006,0.000003,0.000001,0.002891,0
20260821_170411_847,1,Unspecified,1202,2026-08-21T17:15:27.1904105+09:00,2026-08-21T17:15:27.6904105+09:00,675.342781,675.842781,30,30,-0.116091,-0.027271,0.000010,0.000233,0.000002,0.015568,0
20260821_170411_847,1,Unspecified,1203,2026-08-21T17:15:27.6904105+09:00,2026-08-21T17:15:28.1904105+09:00,675.842781,676.342781,30,30,-0.113469,-0.026258,0.000086,0.000585,0.000177,0.025905,0
20260821_170411_847,1,Unspecified,1204,2026-08-21T17:15:28.1904105+09:00,2026-08-21T17:15:28.6904105+09:00,676.342781,676.842781,30,30,-0.106196,-0.011694,0.000003,0.000002,0.000000,0.002256,0
20260821_170411_847,1,Unspecified,1205,2026-08-21T17:15:28.6904105+09:00,2026-08-21T17:15:29.1904105+09:00,676.842781,677.342781,30,30,-0.106009,-0.011716,0.000002,0.000002,0.000001,0.002151,0
20260821_170411_847,1,Unspecified,1206,2026-08-21T17:15:29.1904105+09:00,2026-08-21T17:15:29.6904105+09:00,677.342781,677.842781,30,30,-0.101905,-0.025266,0.000164,0.000469,-0.000099,0.025163,0
20260821_170411_847,1,Unspecified,1207,2026-08-21T17:15:29.6904105+09:00,2026-08-21T17:15:30.1904105+09:00,677.842781,678.342781,30,30,-0.112283,-0.007911,0.000094,0.000169,0.000054,0.016223,0
20260821_170411_847,1,Unspecified,1208,2026-08-21T17:15:30.1904105+09:00,2026-08-21T17:15:30.6904105+09:00,678.342781,678.842781,30,30,-0.120793,0.000723,0.000008,0.000008,0.000001,0.003984,0
20260821_170411_847,1,Unspecified,1209,2026-08-21T17:15:30.6904105+09:00,2026-08-21T17:15:31.1904105+09:00,678.842781,679.342781,30,30,-0.119699,0.001020,0.000002,0.000002,0.000000,0.001980,0
20260821_170411_847,1,Unspecified,1210,2026-08-21T17:15:31.1904105+09:00,2026-08-21T17:15:31.6904105+09:00,679.342781,679.842781,30,30,-0.117080,-0.001641,0.000036,0.000104,-0.000024,0.011847,0
20260821_170411_847,1,Unspecified,1211,2026-08-21T17:15:31.6904105+09:00,2026-08-21T17:15:32.1904105+09:00,679.842781,680.342781,30,30,-0.106798,0.004605,0.000017,0.000116,0.000008,0.011510,0
20260821_170411_847,1,Unspecified,1212,2026-08-21T17:15:32.1904105+09:00,2026-08-21T17:15:32.6904105+09:00,680.342781,680.842781,30,30,-0.094393,-0.000707,0.000028,0.000035,-0.000014,0.007950,0
20260821_170411_847,1,Unspecified,1213,2026-08-21T17:15:32.6904105+09:00,2026-08-21T17:15:33.1904105+09:00,680.842781,681.342781,30,30,-0.099823,-0.028768,0.000007,0.000050,-0.000013,0.007501,0
20260821_170411_847,1,Unspecified,1214,2026-08-21T17:15:33.1904105+09:00,2026-08-21T17:15:33.6904105+09:00,681.342781,681.842781,30,30,-0.101931,-0.027695,0.000039,0.000090,0.000010,0.011352,0
20260821_170411_847,1,Unspecified,1215,2026-08-21T17:15:33.6904105+09:00,2026-08-21T17:15:34.1904105+09:00,681.842781,682.342781,30,30,-0.086247,0.002806,0.000070,0.000168,0.000013,0.015416,0
20260821_170411_847,1,Unspecified,1216,2026-08-21T17:15:34.1904105+09:00,2026-08-21T17:15:34.6904105+09:00,682.342781,682.842781,30,30,-0.088365,-0.001839,0.000061,0.000022,-0.000013,0.009132,0
20260821_170411_847,1,Unspecified,1217,2026-08-21T17:15:34.6904105+09:00,2026-08-21T17:15:35.1904105+09:00,682.842781,683.342781,30,30,-0.084398,0.008507,0.000022,0.000009,-0.000011,0.005578,0
20260821_170411_847,1,Unspecified,1218,2026-08-21T17:15:35.1904105+09:00,2026-08-21T17:15:35.6904105+09:00,683.342781,683.842781,30,30,-0.078867,0.001755,0.000011,0.000007,-0.000001,0.004140,0
20260821_170411_847,1,Unspecified,1219,2026-08-21T17:15:35.6904105+09:00,2026-08-21T17:15:36.1904105+09:00,683.842781,684.342781,30,30,-0.082727,-0.014272,0.000096,0.000460,0.000052,0.023591,0
20260821_170411_847,1,Unspecified,1220,2026-08-21T17:15:36.1904105+09:00,2026-08-21T17:15:36.6904105+09:00,684.342781,684.842781,30,30,-0.082430,0.004888,0.000003,0.000005,0.000001,0.002901,0
20260821_170411_847,1,Unspecified,1221,2026-08-21T17:15:36.6904105+09:00,2026-08-21T17:15:37.1904105+09:00,684.842781,685.342781,30,30,-0.078119,0.007267,0.000003,0.000002,0.000001,0.002336,0
20260821_170411_847,1,Unspecified,1222,2026-08-21T17:15:37.1904105+09:00,2026-08-21T17:15:37.6904105+09:00,685.342781,685.842781,30,30,-0.092156,-0.059388,0.000548,0.001854,0.000264,0.049007,0
20260821_170411_847,1,Unspecified,1223,2026-08-21T17:15:37.6904105+09:00,2026-08-21T17:15:38.1904105+09:00,685.842781,686.342781,30,30,-0.098904,-0.041977,0.000130,0.001070,-0.000007,0.034644,0
20260821_170411_847,1,Unspecified,1224,2026-08-21T17:15:38.1904105+09:00,2026-08-21T17:15:38.6904105+09:00,686.342781,686.842781,30,30,-0.128541,-0.061944,0.000358,0.001231,0.000338,0.039863,0
20260821_170411_847,1,Unspecified,1225,2026-08-21T17:15:38.6904105+09:00,2026-08-21T17:15:39.1904105+09:00,686.842781,687.342781,30,30,-0.116472,-0.027040,0.000007,0.000014,0.000007,0.004524,0
20260821_170411_847,1,Unspecified,1226,2026-08-21T17:15:39.1904105+09:00,2026-08-21T17:15:39.6904105+09:00,687.342781,687.842781,30,30,-0.116908,-0.030679,0.000146,0.000463,0.000175,0.024678,0
20260821_170411_847,1,Unspecified,1227,2026-08-21T17:15:39.6904105+09:00,2026-08-21T17:15:40.1904105+09:00,687.842781,688.342781,30,30,-0.104336,-0.026263,0.000034,0.000129,0.000053,0.012784,0
20260821_170411_847,1,Unspecified,1228,2026-08-21T17:15:40.1904105+09:00,2026-08-21T17:15:40.6904105+09:00,688.342781,688.842781,30,30,-0.101383,-0.022574,0.000002,0.000002,0.000000,0.001958,0
20260821_170411_847,1,Unspecified,1229,2026-08-21T17:15:40.6904105+09:00,2026-08-21T17:15:41.1904105+09:00,688.842781,689.342781,30,30,-0.098155,-0.024294,0.000006,0.000003,-0.000001,0.002946,0
20260821_170411_847,1,Unspecified,1230,2026-08-21T17:15:41.1904105+09:00,2026-08-21T17:15:41.6904105+09:00,689.342781,689.842781,30,30,-0.097291,-0.024175,0.000025,0.000003,-0.000002,0.005320,0
20260821_170411_847,1,Unspecified,1231,2026-08-21T17:15:41.6904105+09:00,2026-08-21T17:15:42.1904105+09:00,689.842781,690.342781,30,30,-0.096575,-0.052768,0.000289,0.001024,-0.000052,0.036240,0
20260821_170411_847,1,Unspecified,1232,2026-08-21T17:15:42.1904105+09:00,2026-08-21T17:15:42.6904105+09:00,690.342781,690.842781,30,30,-0.096339,-0.019789,0.000004,0.000002,0.000000,0.002536,0
20260821_170411_847,1,Unspecified,1233,2026-08-21T17:15:42.6904105+09:00,2026-08-21T17:15:43.1904105+09:00,690.842781,691.342781,30,30,-0.092727,-0.019499,0.000004,0.000005,0.000001,0.003101,0
20260821_170411_847,1,Unspecified,1234,2026-08-21T17:15:43.1904105+09:00,2026-08-21T17:15:43.6904105+09:00,691.342781,691.842781,30,30,-0.104302,-0.051626,0.000424,0.000795,0.000014,0.034912,0
20260821_170411_847,1,Unspecified,1235,2026-08-21T17:15:43.6904105+09:00,2026-08-21T17:15:44.1904105+09:00,691.842781,692.342781,30,30,-0.099756,-0.025981,0.000440,0.000040,-0.000030,0.021911,0
20260821_170411_847,1,Unspecified,1236,2026-08-21T17:15:44.1904105+09:00,2026-08-21T17:15:44.6904105+09:00,692.342781,692.842781,30,30,-0.068627,-0.047532,0.003575,0.000906,-0.001669,0.066942,0
20260821_170411_847,1,Unspecified,1237,2026-08-21T17:15:44.6904105+09:00,2026-08-21T17:15:45.1904105+09:00,692.842781,693.342781,30,30,-0.116506,-0.030668,0.000006,0.000004,0.000000,0.003199,0
20260821_170411_847,1,Unspecified,1238,2026-08-21T17:15:45.1904105+09:00,2026-08-21T17:15:45.6904105+09:00,693.342781,693.842781,30,30,-0.117628,-0.032250,0.000011,0.000008,0.000001,0.004350,0
20260821_170411_847,1,Unspecified,1239,2026-08-21T17:15:45.6904105+09:00,2026-08-21T17:15:46.1904105+09:00,693.842781,694.342781,30,30,-0.105521,-0.049463,0.000277,0.000727,-0.000244,0.031687,0
20260821_170411_847,1,Unspecified,1240,2026-08-21T17:15:46.1904105+09:00,2026-08-21T17:15:46.6904105+09:00,694.342781,694.842781,30,30,-0.111596,-0.031673,0.000002,0.000004,0.000001,0.002334,0
20260821_170411_847,1,Unspecified,1241,2026-08-21T17:15:46.6904105+09:00,2026-08-21T17:15:47.1904105+09:00,694.842781,695.342781,30,30,-0.113831,-0.032291,0.000002,0.000001,0.000001,0.001821,0
20260821_170411_847,1,Unspecified,1242,2026-08-21T17:15:47.1904105+09:00,2026-08-21T17:15:47.6904105+09:00,695.342781,695.842781,30,30,-0.132553,-0.010792,0.000154,0.000155,-0.000052,0.017588,0
20260821_170411_847,1,Unspecified,1243,2026-08-21T17:15:47.6904105+09:00,2026-08-21T17:15:48.1904105+09:00,695.842781,696.342781,30,30,-0.112963,0.002923,0.000081,0.000071,-0.000013,0.012356,0
20260821_170411_847,1,Unspecified,1244,2026-08-21T17:15:48.1904105+09:00,2026-08-21T17:15:48.6904105+09:00,696.342781,696.842781,30,30,-0.103981,0.011994,0.000002,0.000003,-0.000001,0.002318,0
20260821_170411_847,1,Unspecified,1245,2026-08-21T17:15:48.6904105+09:00,2026-08-21T17:15:49.1904105+09:00,696.842781,697.342781,30,30,-0.104793,0.010845,0.000010,0.000006,0.000001,0.004054,0
20260821_170411_847,1,Unspecified,1246,2026-08-21T17:15:49.1904105+09:00,2026-08-21T17:15:49.6904105+09:00,697.342781,697.842781,30,30,-0.103049,0.015429,0.000001,0.000005,0.000000,0.002448,0
20260821_170411_847,1,Unspecified,1247,2026-08-21T17:15:49.6904105+09:00,2026-08-21T17:15:50.1904105+09:00,697.842781,698.342781,30,30,-0.112946,-0.059304,0.000589,0.001455,0.000277,0.045219,0
20260821_170411_847,1,Unspecified,1248,2026-08-21T17:15:50.1904105+09:00,2026-08-21T17:15:50.6904105+09:00,698.342781,698.842781,30,30,-0.105162,-0.022677,0.000005,0.000017,0.000004,0.004696,0
20260821_170411_847,1,Unspecified,1249,2026-08-21T17:15:50.6904105+09:00,2026-08-21T17:15:51.1904105+09:00,698.842781,699.342781,30,30,-0.088744,-0.017353,0.000029,0.000012,-0.000015,0.006443,0
20260821_170411_847,1,Unspecified,1250,2026-08-21T17:15:51.1904105+09:00,2026-08-21T17:15:51.6904105+09:00,699.342781,699.842781,30,30,-0.097141,-0.034595,0.000111,0.000551,0.000160,0.025729,0
20260821_170411_847,1,Unspecified,1251,2026-08-21T17:15:51.6904105+09:00,2026-08-21T17:15:52.1904105+09:00,699.842781,700.342781,30,30,-0.100800,-0.017639,0.000002,0.000006,-0.000001,0.002874,0
20260821_170411_847,1,Unspecified,1252,2026-08-21T17:15:52.1904105+09:00,2026-08-21T17:15:52.6904105+09:00,700.342781,700.842781,30,30,-0.101545,-0.021902,0.000006,0.000002,0.000001,0.002811,0
20260821_170411_847,1,Unspecified,1253,2026-08-21T17:15:52.6904105+09:00,2026-08-21T17:15:53.1904105+09:00,700.842781,701.342781,30,30,-0.101530,-0.022493,0.000002,0.000007,0.000003,0.002993,0
20260821_170411_847,1,Unspecified,1254,2026-08-21T17:15:53.1904105+09:00,2026-08-21T17:15:53.6904105+09:00,701.342781,701.842781,30,30,-0.100929,-0.038870,0.000182,0.000818,-0.000067,0.031616,0
20260821_170411_847,1,Unspecified,1255,2026-08-21T17:15:53.6904105+09:00,2026-08-21T17:15:54.1904105+09:00,701.842781,702.342781,30,30,-0.105013,-0.026384,0.000292,0.001010,-0.000139,0.036080,0
20260821_170411_847,1,Unspecified,1256,2026-08-21T17:15:54.1904105+09:00,2026-08-21T17:15:54.6904105+09:00,702.342781,702.842781,30,30,-0.100353,-0.012640,0.000042,0.000022,-0.000020,0.007998,0
20260821_170411_847,1,Unspecified,1257,2026-08-21T17:15:54.6904105+09:00,2026-08-21T17:15:55.1904105+09:00,702.842781,703.342781,30,30,-0.099719,-0.017425,0.000002,0.000004,0.000001,0.002367,0
20260821_170411_847,1,Unspecified,1258,2026-08-21T17:15:55.1904105+09:00,2026-08-21T17:15:55.6904105+09:00,703.342781,703.842781,30,30,-0.097467,-0.036929,0.000150,0.000759,-0.000103,0.030139,0
20260821_170411_847,1,Unspecified,1259,2026-08-21T17:15:55.6904105+09:00,2026-08-21T17:15:56.1904105+09:00,703.842781,704.342781,30,30,-0.099584,-0.035915,0.000258,0.000569,-0.000113,0.028747,0
20260821_170411_847,1,Unspecified,1260,2026-08-21T17:15:56.1904105+09:00,2026-08-21T17:15:56.6904105+09:00,704.342781,704.842781,30,30,-0.097649,-0.022667,0.000030,0.000130,0.000033,0.012638,0
20260821_170411_847,1,Unspecified,1261,2026-08-21T17:15:56.6904105+09:00,2026-08-21T17:15:57.1904105+09:00,704.842781,705.342781,30,30,-0.105556,-0.020521,0.000008,0.000009,0.000003,0.004237,0
20260821_170411_847,1,Unspecified,1262,2026-08-21T17:15:57.1904105+09:00,2026-08-21T17:15:57.6904105+09:00,705.342781,705.842781,30,30,-0.101433,-0.028564,0.000037,0.000292,-0.000049,0.018156,0
20260821_170411_847,1,Unspecified,1263,2026-08-21T17:15:57.6904105+09:00,2026-08-21T17:15:58.1904105+09:00,705.842781,706.342781,30,30,-0.084770,-0.040754,0.000743,0.000806,-0.000067,0.039351,0
20260821_170411_847,1,Unspecified,1264,2026-08-21T17:15:58.1904105+09:00,2026-08-21T17:15:58.6904105+09:00,706.342781,706.842781,30,30,-0.080361,-0.017095,0.000006,0.000004,0.000001,0.003080,0
20260821_170411_847,1,Unspecified,1265,2026-08-21T17:15:58.6904105+09:00,2026-08-21T17:15:59.1904105+09:00,706.842781,707.342781,30,30,-0.079290,-0.019164,0.000003,0.000001,-0.000001,0.002216,0
20260821_170411_847,1,Unspecified,1266,2026-08-21T17:15:59.1904105+09:00,2026-08-21T17:15:59.6904105+09:00,707.342781,707.842781,30,30,-0.077937,-0.038562,0.000628,0.000884,0.000085,0.038882,0
20260821_170411_847,1,Unspecified,1267,2026-08-21T17:15:59.6904105+09:00,2026-08-21T17:16:00.1904105+09:00,707.842781,708.342781,30,30,-0.089888,-0.019418,0.000203,0.000204,-0.000061,0.020180,0
20260821_170411_847,1,Unspecified,1268,2026-08-21T17:16:00.1904105+09:00,2026-08-21T17:16:00.6904105+09:00,708.342781,708.842781,30,30,-0.081211,-0.015002,0.000014,0.000004,0.000005,0.004153,0
20260821_170411_847,1,Unspecified,1269,2026-08-21T17:16:00.6904105+09:00,2026-08-21T17:16:01.1904105+09:00,708.842781,709.342781,30,30,-0.085290,-0.017328,0.000002,0.000003,0.000000,0.002292,0
20260821_170411_847,1,Unspecified,1270,2026-08-21T17:16:01.1904105+09:00,2026-08-21T17:16:01.6904105+09:00,709.342781,709.842781,30,30,-0.091913,-0.022269,0.000050,0.000166,0.000036,0.014682,0
20260821_170411_847,1,Unspecified,1271,2026-08-21T17:16:01.6904105+09:00,2026-08-21T17:16:02.1904105+09:00,709.842781,710.342781,30,30,-0.111598,-0.060071,0.000732,0.001301,0.000354,0.045087,0
20260821_170411_847,1,Unspecified,1272,2026-08-21T17:16:02.1904105+09:00,2026-08-21T17:16:02.6904105+09:00,710.342781,710.842781,30,30,-0.093066,-0.019318,0.000005,0.000004,0.000002,0.002969,0
20260821_170411_847,1,Unspecified,1273,2026-08-21T17:16:02.6904105+09:00,2026-08-21T17:16:03.1904105+09:00,710.842781,711.342781,30,30,-0.091545,-0.024411,0.000002,0.000002,0.000001,0.001972,0
20260821_170411_847,1,Unspecified,1274,2026-08-21T17:16:03.1904105+09:00,2026-08-21T17:16:03.6904105+09:00,711.342781,711.842781,30,30,-0.088878,-0.035100,0.000102,0.000459,-0.000122,0.023676,0
20260821_170411_847,1,Unspecified,1275,2026-08-21T17:16:03.6904105+09:00,2026-08-21T17:16:04.1904105+09:00,711.842781,712.342781,30,30,-0.096983,-0.036997,0.000400,0.000482,-0.000016,0.029702,0
20260821_170411_847,1,Unspecified,1276,2026-08-21T17:16:04.1904105+09:00,2026-08-21T17:16:04.6904105+09:00,712.342781,712.842781,30,30,-0.075701,-0.028790,0.000127,0.000018,-0.000043,0.012015,0
20260821_170411_847,1,Unspecified,1277,2026-08-21T17:16:04.6904105+09:00,2026-08-21T17:16:05.1904105+09:00,712.842781,713.342781,30,30,-0.087485,-0.027106,0.000003,0.000005,0.000000,0.002721,0
20260821_170411_847,1,Unspecified,1278,2026-08-21T17:16:05.1904105+09:00,2026-08-21T17:16:05.6904105+09:00,713.342781,713.842781,30,30,-0.083990,-0.045517,0.000228,0.000907,0.000036,0.033695,0
20260821_170411_847,1,Unspecified,1279,2026-08-21T17:16:05.6904105+09:00,2026-08-21T17:16:06.1904105+09:00,713.842781,714.342781,30,30,-0.085500,-0.024218,0.000056,0.000198,-0.000042,0.015948,0
20260821_170411_847,1,Unspecified,1280,2026-08-21T17:16:06.1904105+09:00,2026-08-21T17:16:06.6904105+09:00,714.342781,714.842781,30,30,-0.096564,-0.035860,0.000048,0.000496,-0.000078,0.023319,0
20260821_170411_847,1,Unspecified,1281,2026-08-21T17:16:06.6904105+09:00,2026-08-21T17:16:07.1904105+09:00,714.842781,715.342781,29,29,-0.095381,-0.022196,0.000003,0.000004,0.000002,0.002570,0
20260821_170411_847,1,Unspecified,1282,2026-08-21T17:16:07.1904105+09:00,2026-08-21T17:16:07.6904105+09:00,715.342781,715.842781,30,30,-0.093804,-0.025828,0.000020,0.000011,-0.000002,0.005628,0
20260821_170411_847,1,Unspecified,1283,2026-08-21T17:16:07.6904105+09:00,2026-08-21T17:16:08.1904105+09:00,715.842781,716.342781,30,30,-0.116519,-0.062738,0.000750,0.000753,-0.000033,0.038766,0
20260821_170411_847,1,Unspecified,1284,2026-08-21T17:16:08.1904105+09:00,2026-08-21T17:16:08.6904105+09:00,716.342781,716.842781,30,30,-0.110483,-0.018643,0.000029,0.000008,-0.000011,0.006110,0
20260821_170411_847,1,Unspecified,1285,2026-08-21T17:16:08.6904105+09:00,2026-08-21T17:16:09.1904105+09:00,716.842781,717.342781,31,31,-0.094952,-0.021170,0.000005,0.000005,-0.000003,0.003144,0
20260821_170411_847,1,Unspecified,1286,2026-08-21T17:16:09.1904105+09:00,2026-08-21T17:16:09.6904105+09:00,717.342781,717.842781,29,29,-0.100319,-0.028140,0.000005,0.000009,0.000004,0.003785,0
20260821_170411_847,1,Unspecified,1287,2026-08-21T17:16:09.6904105+09:00,2026-08-21T17:16:10.1904105+09:00,717.842781,718.342781,30,30,-0.101022,-0.042527,0.000281,0.000704,-0.000093,0.031376,0
20260821_170411_847,1,Unspecified,1288,2026-08-21T17:16:10.1904105+09:00,2026-08-21T17:16:10.6904105+09:00,718.342781,718.842781,31,31,-0.097928,-0.023639,0.000003,0.000003,0.000000,0.002527,0
20260821_170411_847,1,Unspecified,1289,2026-08-21T17:16:10.6904105+09:00,2026-08-21T17:16:11.1904105+09:00,718.842781,719.342781,29,29,-0.098096,-0.023129,0.000003,0.000001,0.000000,0.001975,0
20260821_170411_847,1,Unspecified,1290,2026-08-21T17:16:11.1904105+09:00,2026-08-21T17:16:11.6904105+09:00,719.342781,719.842781,30,30,-0.101149,-0.027027,0.000030,0.000272,0.000014,0.017374,0
20260821_170411_847,1,Unspecified,1291,2026-08-21T17:16:11.6904105+09:00,2026-08-21T17:16:12.1904105+09:00,719.842781,720.342781,30,30,-0.087857,-0.013564,0.000016,0.000005,0.000005,0.004504,0
20260821_170411_847,1,Unspecified,1292,2026-08-21T17:16:12.1904105+09:00,2026-08-21T17:16:12.6904105+09:00,720.342781,720.842781,31,31,-0.089405,-0.017918,0.000003,0.000004,0.000001,0.002631,0
20260821_170411_847,1,Unspecified,1293,2026-08-21T17:16:12.6904105+09:00,2026-08-21T17:16:13.1904105+09:00,720.842781,721.342781,30,30,-0.095353,-0.017922,0.000022,0.000008,-0.000005,0.005410,0
20260821_170411_847,1,Unspecified,1294,2026-08-21T17:16:13.1904105+09:00,2026-08-21T17:16:13.6904105+09:00,721.342781,721.842781,30,30,-0.113921,-0.028443,0.000279,0.000302,0.000249,0.024109,0
20260821_170411_847,1,Unspecified,1295,2026-08-21T17:16:13.6904105+09:00,2026-08-21T17:16:14.1904105+09:00,721.842781,722.342781,30,30,-0.119455,-0.045033,0.000740,0.000728,0.000292,0.038318,0
20260821_170411_847,1,Unspecified,1296,2026-08-21T17:16:14.1904105+09:00,2026-08-21T17:16:14.6904105+09:00,722.342781,722.842781,30,30,-0.095371,-0.019991,0.000013,0.000021,0.000006,0.005831,0
20260821_170411_847,1,Unspecified,1297,2026-08-21T17:16:14.6904105+09:00,2026-08-21T17:16:15.1904105+09:00,722.842781,723.342781,30,30,-0.094795,-0.021370,0.000002,0.000001,0.000000,0.001810,0
20260821_170411_847,1,Unspecified,1298,2026-08-21T17:16:15.1904105+09:00,2026-08-21T17:16:15.6904105+09:00,723.342781,723.842781,30,30,-0.095699,-0.021118,0.000003,0.000003,0.000001,0.002465,0
20260821_170411_847,1,Unspecified,1299,2026-08-21T17:16:15.6904105+09:00,2026-08-21T17:16:16.1904105+09:00,723.842781,724.342781,30,30,-0.094201,-0.021085,0.000037,0.000452,-0.000023,0.022112,0
20260821_170411_847,1,Unspecified,1300,2026-08-21T17:16:16.1904105+09:00,2026-08-21T17:16:16.6904105+09:00,724.342781,724.842781,30,30,-0.093952,-0.007595,0.000005,0.000004,0.000000,0.003140,0
20260821_170411_847,1,Unspecified,1301,2026-08-21T17:16:16.6904105+09:00,2026-08-21T17:16:17.1904105+09:00,724.842781,725.342781,30,30,-0.094809,-0.009339,0.000002,0.000004,0.000001,0.002539,0
20260821_170411_847,1,Unspecified,1302,2026-08-21T17:16:17.1904105+09:00,2026-08-21T17:16:17.6904105+09:00,725.342781,725.842781,30,30,-0.092856,-0.009911,0.000001,0.000007,0.000001,0.002961,0
20260821_170411_847,1,Unspecified,1303,2026-08-21T17:16:17.6904105+09:00,2026-08-21T17:16:18.1904105+09:00,725.842781,726.342781,30,30,-0.085218,-0.025116,0.000389,0.000453,-0.000306,0.029023,0
20260821_170411_847,1,Unspecified,1304,2026-08-21T17:16:18.1904105+09:00,2026-08-21T17:16:18.6904105+09:00,726.342781,726.842781,30,30,-0.072938,-0.002571,0.000137,0.000006,0.000021,0.011947,0
20260821_170411_847,1,Unspecified,1305,2026-08-21T17:16:18.6904105+09:00,2026-08-21T17:16:19.1904105+09:00,726.842781,727.342781,30,30,-0.072227,-0.009938,0.000662,0.000229,0.000378,0.029857,0
20260821_170411_847,1,Unspecified,1306,2026-08-21T17:16:19.1904105+09:00,2026-08-21T17:16:19.6904105+09:00,727.342781,727.842781,30,30,-0.104704,-0.029707,0.000009,0.000007,-0.000003,0.004012,0
20260821_170411_847,1,Unspecified,1307,2026-08-21T17:16:19.6904105+09:00,2026-08-21T17:16:20.1904105+09:00,727.842781,728.342781,30,30,-0.111140,-0.053796,0.000411,0.000665,-0.000072,0.032803,0
20260821_170411_847,1,Unspecified,1308,2026-08-21T17:16:20.1904105+09:00,2026-08-21T17:16:20.6904105+09:00,728.342781,728.842781,30,30,-0.097357,-0.018396,0.000058,0.000007,-0.000015,0.008034,0
20260821_170411_847,1,Unspecified,1309,2026-08-21T17:16:20.6904105+09:00,2026-08-21T17:16:21.1904105+09:00,728.842781,729.342781,30,30,-0.101297,-0.012793,0.000003,0.000015,-0.000001,0.004276,0
20260821_170411_847,1,Unspecified,1310,2026-08-21T17:16:21.1904105+09:00,2026-08-21T17:16:21.6904105+09:00,729.342781,729.842781,30,30,-0.105113,-0.016512,0.000003,0.000003,0.000001,0.002413,0
20260821_170411_847,1,Unspecified,1311,2026-08-21T17:16:21.6904105+09:00,2026-08-21T17:16:22.1904105+09:00,729.842781,730.342781,30,30,-0.099750,-0.021895,0.000454,0.000298,-0.000107,0.027424,0
20260821_170411_847,1,Unspecified,1312,2026-08-21T17:16:22.1904105+09:00,2026-08-21T17:16:22.6904105+09:00,730.342781,730.842781,30,30,-0.109607,-0.004970,0.000003,0.000004,0.000001,0.002588,0
20260821_170411_847,1,Unspecified,1313,2026-08-21T17:16:22.6904105+09:00,2026-08-21T17:16:23.1904105+09:00,730.842781,731.342781,30,30,-0.111784,-0.003848,0.000002,0.000005,0.000000,0.002579,0
20260821_170411_847,1,Unspecified,1314,2026-08-21T17:16:23.1904105+09:00,2026-08-21T17:16:23.6904105+09:00,731.342781,731.842781,30,30,-0.106461,-0.027259,0.000075,0.001210,-0.000075,0.035855,0
20260821_170411_847,1,Unspecified,1315,2026-08-21T17:16:23.6904105+09:00,2026-08-21T17:16:24.1904105+09:00,731.842781,732.342781,30,30,-0.098457,-0.045224,0.002705,0.000821,-0.000287,0.059375,0
20260821_170411_847,1,Unspecified,1316,2026-08-21T17:16:24.1904105+09:00,2026-08-21T17:16:24.6904105+09:00,732.342781,732.842781,30,30,-0.097634,-0.003042,0.000018,0.000018,0.000003,0.005986,0
20260821_170411_847,1,Unspecified,1317,2026-08-21T17:16:24.6904105+09:00,2026-08-21T17:16:25.1904105+09:00,732.842781,733.342781,30,30,-0.094919,0.000850,0.000003,0.000004,0.000001,0.002607,0
20260821_170411_847,1,Unspecified,1318,2026-08-21T17:16:25.1904105+09:00,2026-08-21T17:16:25.6904105+09:00,733.342781,733.842781,30,30,-0.089182,-0.010142,0.000861,0.000491,-0.000549,0.036773,0
20260821_170411_847,1,Unspecified,1319,2026-08-21T17:16:25.6904105+09:00,2026-08-21T17:16:26.1904105+09:00,733.842781,734.342781,30,30,-0.061494,-0.064251,0.001712,0.000253,0.000544,0.044331,0
20260821_170411_847,1,Unspecified,1320,2026-08-21T17:16:26.1904105+09:00,2026-08-21T17:16:26.6904105+09:00,734.342781,734.842781,30,30,-0.096637,-0.020627,0.001492,0.000400,-0.000731,0.043494,0
20260821_170411_847,1,Unspecified,1321,2026-08-21T17:16:26.6904105+09:00,2026-08-21T17:16:27.1904105+09:00,734.842781,735.342781,30,30,-0.104411,-0.004064,0.000041,0.000006,0.000009,0.006872,0
20260821_170411_847,1,Unspecified,1322,2026-08-21T17:16:27.1904105+09:00,2026-08-21T17:16:27.6904105+09:00,735.342781,735.842781,30,30,-0.095849,0.005914,0.000013,0.000020,0.000012,0.005704,0
20260821_170411_847,1,Unspecified,1323,2026-08-21T17:16:27.6904105+09:00,2026-08-21T17:16:28.1904105+09:00,735.842781,736.342781,30,30,-0.051351,-0.026310,0.000993,0.000656,-0.000528,0.040611,0
20260821_170411_847,1,Unspecified,1324,2026-08-21T17:16:28.1904105+09:00,2026-08-21T17:16:28.6904105+09:00,736.342781,736.842781,30,30,-0.071173,-0.004252,0.001337,0.000355,-0.000685,0.041132,0
20260821_170411_847,1,Unspecified,1325,2026-08-21T17:16:28.6904105+09:00,2026-08-21T17:16:29.1904105+09:00,736.842781,737.342781,30,30,-0.092365,0.002842,0.000001,0.000005,0.000002,0.002394,0
20260821_170411_847,1,Unspecified,1326,2026-08-21T17:16:29.1904105+09:00,2026-08-21T17:16:29.6904105+09:00,737.342781,737.842781,30,30,-0.088943,0.008290,0.000001,0.000004,0.000002,0.002381,0
20260821_170411_847,1,Unspecified,1327,2026-08-21T17:16:29.6904105+09:00,2026-08-21T17:16:30.1904105+09:00,737.842781,738.342781,30,30,-0.089066,0.008292,0.000001,0.000002,0.000001,0.001610,0
20260821_170411_847,1,Unspecified,1328,2026-08-21T17:16:30.1904105+09:00,2026-08-21T17:16:30.6904105+09:00,738.342781,738.842781,30,30,-0.087445,0.010902,0.000000,0.000001,0.000001,0.001193,0
20260821_170411_847,1,Unspecified,1329,2026-08-21T17:16:30.6904105+09:00,2026-08-21T17:16:31.1904105+09:00,738.842781,739.342781,30,30,-0.090787,0.004939,0.000001,0.000003,0.000001,0.001895,0
20260821_170411_847,1,Unspecified,1330,2026-08-21T17:16:31.1904105+09:00,2026-08-21T17:16:31.6904105+09:00,739.342781,739.842781,30,30,-0.092311,0.001968,0.000001,0.000003,0.000001,0.001869,0
20260821_170411_847,1,Unspecified,1331,2026-08-21T17:16:31.6904105+09:00,2026-08-21T17:16:32.1904105+09:00,739.842781,740.342781,30,30,-0.094176,-0.000977,0.000000,0.000001,0.000000,0.000926,0
20260821_170411_847,1,Unspecified,1332,2026-08-21T17:16:32.1904105+09:00,2026-08-21T17:16:32.6904105+09:00,740.342781,740.842781,30,30,-0.094243,-0.001054,0.000000,0.000001,0.000001,0.001194,0
20260821_170411_847,1,Unspecified,1333,2026-08-21T17:16:32.6904105+09:00,2026-08-21T17:16:33.1904105+09:00,740.842781,741.342781,30,30,-0.094786,-0.002502,0.000000,0.000000,0.000000,0.000636,0
20260821_170411_847,1,Unspecified,1334,2026-08-21T17:16:33.1904105+09:00,2026-08-21T17:16:33.6904105+09:00,741.342781,741.842781,30,30,-0.094838,-0.002730,0.000000,0.000001,0.000000,0.000791,0
20260821_170411_847,1,Unspecified,1335,2026-08-21T17:16:33.6904105+09:00,2026-08-21T17:16:34.1904105+09:00,741.842781,742.342781,30,30,-0.094869,-0.002492,0.000000,0.000000,0.000000,0.000668,0
20260821_170411_847,1,Unspecified,1336,2026-08-21T17:16:34.1904105+09:00,2026-08-21T17:16:34.6904105+09:00,742.342781,742.842781,30,30,-0.094954,-0.002299,0.000000,0.000000,0.000000,0.000632,0
20260821_170411_847,1,Unspecified,1337,2026-08-21T17:16:34.6904105+09:00,2026-08-21T17:16:35.1904105+09:00,742.842781,743.342781,30,30,-0.094776,-0.001944,0.000000,0.000000,0.000000,0.000324,0
20260821_170411_847,1,Unspecified,1338,2026-08-21T17:16:35.1904105+09:00,2026-08-21T17:16:35.6904105+09:00,743.342781,743.842781,30,30,-0.094814,-0.002136,0.000000,0.000000,0.000000,0.000358,0
20260821_170411_847,1,Unspecified,1339,2026-08-21T17:16:35.6904105+09:00,2026-08-21T17:16:36.1904105+09:00,743.842781,744.342781,30,30,-0.094916,-0.002417,0.000000,0.000000,0.000000,0.000320,0
20260821_170411_847,1,Unspecified,1340,2026-08-21T17:16:36.1904105+09:00,2026-08-21T17:16:36.6904105+09:00,744.342781,744.842781,30,30,-0.094358,-0.001342,0.000000,0.000000,0.000000,0.000212,0
20260821_170411_847,1,Unspecified,1341,2026-08-21T17:16:36.6904105+09:00,2026-08-21T17:16:37.1904105+09:00,744.842781,745.342781,30,30,-0.094245,-0.001183,0.000000,0.000000,0.000000,0.000225,0
20260821_170411_847,1,Unspecified,1342,2026-08-21T17:16:37.1904105+09:00,2026-08-21T17:16:37.6904105+09:00,745.342781,745.842781,30,30,-0.094221,-0.000943,0.000000,0.000000,0.000000,0.000428,0
20260821_170411_847,1,Unspecified,1343,2026-08-21T17:16:37.6904105+09:00,2026-08-21T17:16:38.1904105+09:00,745.842781,746.342781,30,30,-0.094130,-0.000831,0.000000,0.000000,0.000000,0.000344,0
20260821_170411_847,1,Unspecified,1344,2026-08-21T17:16:38.1904105+09:00,2026-08-21T17:16:38.6904105+09:00,746.342781,746.842781,30,30,-0.094239,-0.001080,0.000000,0.000000,0.000000,0.000470,0
20260821_170411_847,1,Unspecified,1345,2026-08-21T17:16:38.6904105+09:00,2026-08-21T17:16:39.1904105+09:00,746.842781,747.342781,30,30,-0.094562,-0.001693,0.000000,0.000000,0.000000,0.000223,0
20260821_170411_847,1,Unspecified,1346,2026-08-21T17:16:39.1904105+09:00,2026-08-21T17:16:39.6904105+09:00,747.342781,747.842781,30,30,-0.094677,-0.002022,0.000000,0.000000,0.000000,0.000216,0
20260821_170411_847,1,Unspecified,1347,2026-08-21T17:16:39.6904105+09:00,2026-08-21T17:16:40.1904105+09:00,747.842781,748.342781,30,30,-0.094119,-0.000871,0.000000,0.000000,0.000000,0.000519,0
20260821_170411_847,1,Unspecified,1348,2026-08-21T17:16:40.1904105+09:00,2026-08-21T17:16:40.6904105+09:00,748.342781,748.842781,30,30,-0.093616,0.000244,0.000000,0.000000,0.000000,0.000273,0
20260821_170411_847,1,Unspecified,1349,2026-08-21T17:16:40.6904105+09:00,2026-08-21T17:16:41.1904105+09:00,748.842781,749.342781,30,30,-0.093627,0.000139,0.000000,0.000000,0.000000,0.000235,0
20260821_170411_847,1,Unspecified,1350,2026-08-21T17:16:41.1904105+09:00,2026-08-21T17:16:41.6904105+09:00,749.342781,749.842781,30,30,-0.093716,-0.000057,0.000000,0.000000,0.000000,0.000320,0
20260821_170411_847,1,Unspecified,1351,2026-08-21T17:16:41.6904105+09:00,2026-08-21T17:16:42.1904105+09:00,749.842781,750.342781,30,30,-0.093676,0.000187,0.000000,0.000000,0.000000,0.000532,0
20260821_170411_847,1,Unspecified,1352,2026-08-21T17:16:42.1904105+09:00,2026-08-21T17:16:42.6904105+09:00,750.342781,750.842781,30,30,-0.094068,-0.000540,0.000000,0.000000,0.000000,0.000241,0
20260821_170411_847,1,Unspecified,1353,2026-08-21T17:16:42.6904105+09:00,2026-08-21T17:16:43.1904105+09:00,750.842781,751.342781,30,30,-0.093940,-0.000305,0.000000,0.000000,0.000000,0.000337,0
20260821_170411_847,1,Unspecified,1354,2026-08-21T17:16:43.1904105+09:00,2026-08-21T17:16:43.6904105+09:00,751.342781,751.842781,30,30,-0.093634,0.000110,0.000000,0.000000,0.000000,0.000227,0
20260821_170411_847,1,Unspecified,1355,2026-08-21T17:16:43.6904105+09:00,2026-08-21T17:16:44.1904105+09:00,751.842781,752.342781,30,30,-0.093335,0.000774,0.000000,0.000000,0.000000,0.000691,0
20260821_170411_847,1,Unspecified,1356,2026-08-21T17:16:44.1904105+09:00,2026-08-21T17:16:44.6904105+09:00,752.342781,752.842781,30,30,-0.093599,0.000169,0.000000,0.000000,0.000000,0.000319,0
20260821_170411_847,1,Unspecified,1357,2026-08-21T17:16:44.6904105+09:00,2026-08-21T17:16:45.1904105+09:00,752.842781,753.342781,30,30,-0.093911,-0.000284,0.000000,0.000000,0.000000,0.000514,0
20260821_170411_847,1,Unspecified,1358,2026-08-21T17:16:45.1904105+09:00,2026-08-21T17:16:45.6904105+09:00,753.342781,753.842781,30,30,-0.094071,-0.000572,0.000000,0.000000,0.000000,0.000252,0
20260821_170411_847,1,Unspecified,1359,2026-08-21T17:16:45.6904105+09:00,2026-08-21T17:16:46.1904105+09:00,753.842781,754.342781,30,30,-0.093649,0.000298,0.000000,0.000000,0.000000,0.000283,0
20260821_170411_847,1,Unspecified,1360,2026-08-21T17:16:46.1904105+09:00,2026-08-21T17:16:46.6904105+09:00,754.342781,754.842781,30,30,-0.093665,0.000175,0.000000,0.000000,0.000000,0.000106,0
20260821_170411_847,1,Unspecified,1361,2026-08-21T17:16:46.6904105+09:00,2026-08-21T17:16:47.1904105+09:00,754.842781,755.342781,30,30,-0.093447,0.000532,0.000000,0.000000,0.000000,0.000106,0
20260821_170411_847,1,Unspecified,1362,2026-08-21T17:16:47.1904105+09:00,2026-08-21T17:16:47.6904105+09:00,755.342781,755.842781,30,30,-0.093395,0.000541,0.000000,0.000000,0.000000,0.000143,0
20260821_170411_847,1,Unspecified,1363,2026-08-21T17:16:47.6904105+09:00,2026-08-21T17:16:48.1904105+09:00,755.842781,756.342781,30,30,-0.093822,-0.000322,0.000000,0.000000,0.000000,0.000401,0
20260821_170411_847,1,Unspecified,1364,2026-08-21T17:16:48.1904105+09:00,2026-08-21T17:16:48.6904105+09:00,756.342781,756.842781,30,30,-0.094220,-0.000783,0.000000,0.000001,0.000000,0.000954,0
20260821_170411_847,1,Unspecified,1365,2026-08-21T17:16:48.6904105+09:00,2026-08-21T17:16:49.1904105+09:00,756.842781,757.342781,30,30,-0.093284,0.000630,0.000000,0.000001,0.000001,0.001286,0
20260821_170411_847,1,Unspecified,1366,2026-08-21T17:16:49.1904105+09:00,2026-08-21T17:16:49.6904105+09:00,757.342781,757.842781,30,30,-0.092976,0.001246,0.000000,0.000001,0.000001,0.001240,0
20260821_170411_847,1,Unspecified,1367,2026-08-21T17:16:49.6904105+09:00,2026-08-21T17:16:50.1904105+09:00,757.842781,758.342781,30,30,-0.092792,0.001331,0.000000,0.000000,0.000000,0.000609,0
20260821_170411_847,1,Unspecified,1368,2026-08-21T17:16:50.1904105+09:00,2026-08-21T17:16:50.6904105+09:00,758.342781,758.842781,30,30,-0.093354,-0.000182,0.000000,0.000001,0.000000,0.000878,0
20260821_170411_847,1,Unspecified,1369,2026-08-21T17:16:50.6904105+09:00,2026-08-21T17:16:51.1904105+09:00,758.842781,759.342781,30,30,-0.093364,0.000147,0.000000,0.000000,0.000000,0.000676,0
20260821_170411_847,1,Unspecified,1370,2026-08-21T17:16:51.1904105+09:00,2026-08-21T17:16:51.6904105+09:00,759.342781,759.842781,30,30,-0.093807,-0.000529,0.000000,0.000000,0.000000,0.000211,0
20260821_170411_847,1,Unspecified,1371,2026-08-21T17:16:51.6904105+09:00,2026-08-21T17:16:52.1904105+09:00,759.842781,760.342781,30,30,-0.093854,-0.000746,0.000000,0.000000,0.000000,0.000727,0
20260821_170411_847,1,Unspecified,1372,2026-08-21T17:16:52.1904105+09:00,2026-08-21T17:16:52.6904105+09:00,760.342781,760.842781,30,30,-0.093502,-0.000067,0.000000,0.000000,0.000000,0.000253,0
20260821_170411_847,1,Unspecified,1373,2026-08-21T17:16:52.6904105+09:00,2026-08-21T17:16:53.1904105+09:00,760.842781,761.342781,30,30,-0.093245,0.000655,0.000000,0.000000,0.000000,0.000297,0
20260821_170411_847,1,Unspecified,1374,2026-08-21T17:16:53.1904105+09:00,2026-08-21T17:16:53.6904105+09:00,761.342781,761.842781,30,30,-0.093159,0.000714,0.000000,0.000000,0.000000,0.000342,0
20260821_170411_847,1,Unspecified,1375,2026-08-21T17:16:53.6904105+09:00,2026-08-21T17:16:54.1904105+09:00,761.842781,762.342781,30,30,-0.093314,0.000412,0.000000,0.000000,0.000000,0.000291,0
20260821_170411_847,1,Unspecified,1376,2026-08-21T17:16:54.1904105+09:00,2026-08-21T17:16:54.6904105+09:00,762.342781,762.842781,30,30,-0.093225,0.000665,0.000000,0.000000,0.000000,0.000406,0
20260821_170411_847,1,Unspecified,1377,2026-08-21T17:16:54.6904105+09:00,2026-08-21T17:16:55.1904105+09:00,762.842781,763.342781,30,30,-0.093209,0.000505,0.000000,0.000001,0.000000,0.000778,0
20260821_170411_847,1,Unspecified,1378,2026-08-21T17:16:55.1904105+09:00,2026-08-21T17:16:55.6904105+09:00,763.342781,763.842781,30,30,-0.093270,0.000244,0.000000,0.000001,0.000000,0.000769,0
20260821_170411_847,1,Unspecified,1379,2026-08-21T17:16:55.6904105+09:00,2026-08-21T17:16:56.1904105+09:00,763.842781,764.342781,30,30,-0.093347,0.000267,0.000000,0.000000,0.000000,0.000482,0
20260821_170411_847,1,Unspecified,1380,2026-08-21T17:16:56.1904105+09:00,2026-08-21T17:16:56.6904105+09:00,764.342781,764.842781,30,30,-0.093419,0.000145,0.000000,0.000000,0.000000,0.000574,0
20260821_170411_847,1,Unspecified,1381,2026-08-21T17:16:56.6904105+09:00,2026-08-21T17:16:57.1904105+09:00,764.842781,765.342781,30,30,-0.093478,0.000138,0.000000,0.000000,0.000000,0.000305,0
20260821_170411_847,1,Unspecified,1382,2026-08-21T17:16:57.1904105+09:00,2026-08-21T17:16:57.6904105+09:00,765.342781,765.842781,30,30,-0.093422,0.000362,0.000000,0.000000,0.000000,0.000336,0
20260821_170411_847,1,Unspecified,1383,2026-08-21T17:16:57.6904105+09:00,2026-08-21T17:16:58.1904105+09:00,765.842781,766.342781,30,30,-0.093136,0.000840,0.000000,0.000000,0.000000,0.000439,0
20260821_170411_847,1,Unspecified,1384,2026-08-21T17:16:58.1904105+09:00,2026-08-21T17:16:58.6904105+09:00,766.342781,766.842781,30,30,-0.092872,0.001458,0.000000,0.000000,0.000000,0.000238,0
20260821_170411_847,1,Unspecified,1385,2026-08-21T17:16:58.6904105+09:00,2026-08-21T17:16:59.1904105+09:00,766.842781,767.342781,30,30,-0.092956,0.001183,0.000000,0.000000,0.000000,0.000302,0
20260821_170411_847,1,Unspecified,1386,2026-08-21T17:16:59.1904105+09:00,2026-08-21T17:16:59.6904105+09:00,767.342781,767.842781,30,30,-0.092826,0.001447,0.000000,0.000000,0.000000,0.000210,0
20260821_170411_847,1,Unspecified,1387,2026-08-21T17:16:59.6904105+09:00,2026-08-21T17:17:00.1904105+09:00,767.842781,768.342781,30,30,-0.092762,0.001716,0.000000,0.000000,0.000000,0.000149,0
20260821_170411_847,1,Unspecified,1388,2026-08-21T17:17:00.1904105+09:00,2026-08-21T17:17:00.6904105+09:00,768.342781,768.842781,30,30,-0.092952,0.001335,0.000000,0.000000,0.000000,0.000192,0
20260821_170411_847,1,Unspecified,1389,2026-08-21T17:17:00.6904105+09:00,2026-08-21T17:17:01.1904105+09:00,768.842781,769.342781,30,30,-0.092778,0.001595,0.000000,0.000000,0.000000,0.000105,0
20260821_170411_847,1,Unspecified,1390,2026-08-21T17:17:01.1904105+09:00,2026-08-21T17:17:01.6904105+09:00,769.342781,769.842781,30,30,-0.092609,0.001922,0.000000,0.000000,0.000000,0.000186,0
20260821_170411_847,1,Unspecified,1391,2026-08-21T17:17:01.6904105+09:00,2026-08-21T17:17:02.1904105+09:00,769.842781,770.342781,30,30,-0.092528,0.002458,0.000000,0.000000,0.000000,0.000092,0
20260821_170411_847,1,Unspecified,1392,2026-08-21T17:17:02.1904105+09:00,2026-08-21T17:17:02.6904105+09:00,770.342781,770.842781,30,30,-0.092526,0.002292,0.000000,0.000000,0.000000,0.000123,0
20260821_170411_847,1,Unspecified,1393,2026-08-21T17:17:02.6904105+09:00,2026-08-21T17:17:03.1904105+09:00,770.842781,771.342781,30,30,-0.092667,0.002120,0.000000,0.000000,0.000000,0.000094,0
20260821_170411_847,1,Unspecified,1394,2026-08-21T17:17:03.1904105+09:00,2026-08-21T17:17:03.6904105+09:00,771.342781,771.842781,30,30,-0.092788,0.001790,0.000000,0.000000,0.000000,0.000176,0
20260821_170411_847,1,Unspecified,1395,2026-08-21T17:17:03.6904105+09:00,2026-08-21T17:17:04.1904105+09:00,771.842781,772.342781,30,30,-0.092643,0.001770,0.000000,0.000000,0.000000,0.000253,0
20260821_170411_847,1,Unspecified,1396,2026-08-21T17:17:04.1904105+09:00,2026-08-21T17:17:04.6904105+09:00,772.342781,772.842781,30,30,-0.092431,0.001927,0.000000,0.000000,0.000000,0.000497,0
20260821_170411_847,1,Unspecified,1397,2026-08-21T17:17:04.6904105+09:00,2026-08-21T17:17:05.1904105+09:00,772.842781,773.342781,30,30,-0.092429,0.001969,0.000000,0.000000,0.000000,0.000500,0
20260821_170411_847,1,Unspecified,1398,2026-08-21T17:17:05.1904105+09:00,2026-08-21T17:17:05.6904105+09:00,773.342781,773.842781,30,30,-0.092541,0.001578,0.000000,0.000000,0.000000,0.000296,0
20260821_170411_847,1,Unspecified,1399,2026-08-21T17:17:05.6904105+09:00,2026-08-21T17:17:06.1904105+09:00,773.842781,774.342781,30,30,-0.092476,0.001815,0.000000,0.000000,0.000000,0.000456,0
20260821_170411_847,1,Unspecified,1400,2026-08-21T17:17:06.1904105+09:00,2026-08-21T17:17:06.6904105+09:00,774.342781,774.842781,30,30,-0.093134,0.000777,0.000000,0.000000,0.000000,0.000209,0
20260821_170411_847,1,Unspecified,1401,2026-08-21T17:17:06.6904105+09:00,2026-08-21T17:17:07.1904105+09:00,774.842781,775.342781,30,30,-0.093190,0.000567,0.000000,0.000000,0.000000,0.000367,0
20260821_170411_847,1,Unspecified,1402,2026-08-21T17:17:07.1904105+09:00,2026-08-21T17:17:07.6904105+09:00,775.342781,775.842781,30,30,-0.092717,0.001038,0.000000,0.000000,0.000000,0.000373,0
20260821_170411_847,1,Unspecified,1403,2026-08-21T17:17:07.6904105+09:00,2026-08-21T17:17:08.1904105+09:00,775.842781,776.342781,30,30,-0.093122,0.000175,0.000000,0.000002,0.000001,0.001594,0
20260821_170411_847,1,Unspecified,1404,2026-08-21T17:17:08.1904105+09:00,2026-08-21T17:17:08.6904105+09:00,776.342781,776.842781,30,30,-0.093543,-0.001255,0.000000,0.000000,0.000000,0.000682,0
20260821_170411_847,1,Unspecified,1405,2026-08-21T17:17:08.6904105+09:00,2026-08-21T17:17:09.1904105+09:00,776.842781,777.342781,30,30,-0.092825,-0.000314,0.000000,0.000000,0.000000,0.000674,0
20260821_170411_847,1,Unspecified,1406,2026-08-21T17:17:09.1904105+09:00,2026-08-21T17:17:09.6904105+09:00,777.342781,777.842781,30,30,-0.093074,-0.000632,0.000000,0.000000,0.000000,0.000539,0
20260821_170411_847,1,Unspecified,1407,2026-08-21T17:17:09.6904105+09:00,2026-08-21T17:17:10.1904105+09:00,777.842781,778.342781,30,30,-0.092942,-0.000427,0.000000,0.000000,0.000000,0.000484,0
20260821_170411_847,1,Unspecified,1408,2026-08-21T17:17:10.1904105+09:00,2026-08-21T17:17:10.6904105+09:00,778.342781,778.842781,30,30,-0.092646,-0.000086,0.000000,0.000000,0.000000,0.000387,0
20260821_170411_847,1,Unspecified,1409,2026-08-21T17:17:10.6904105+09:00,2026-08-21T17:17:11.1904105+09:00,778.842781,779.342781,30,30,-0.092942,-0.000439,0.000000,0.000000,0.000000,0.000545,0
20260821_170411_847,1,Unspecified,1410,2026-08-21T17:17:11.1904105+09:00,2026-08-21T17:17:11.6904105+09:00,779.342781,779.842781,30,30,-0.093003,-0.000482,0.000000,0.000000,0.000000,0.000376,0
20260821_170411_847,1,Unspecified,1411,2026-08-21T17:17:11.6904105+09:00,2026-08-21T17:17:12.1904105+09:00,779.842781,780.342781,30,30,-0.093381,-0.000680,0.000000,0.000000,0.000000,0.000481,0
20260821_170411_847,1,Unspecified,1412,2026-08-21T17:17:12.1904105+09:00,2026-08-21T17:17:12.6904105+09:00,780.342781,780.842781,30,30,-0.093340,-0.000290,0.000000,0.000000,0.000000,0.000303,0
20260821_170411_847,1,Unspecified,1413,2026-08-21T17:17:12.6904105+09:00,2026-08-21T17:17:13.1904105+09:00,780.842781,781.342781,30,30,-0.092892,0.000249,0.000000,0.000000,0.000000,0.000429,0
20260821_170411_847,1,Unspecified,1414,2026-08-21T17:17:13.1904105+09:00,2026-08-21T17:17:13.6904105+09:00,781.342781,781.842781,30,30,-0.092711,0.000392,0.000000,0.000000,0.000000,0.000247,0
20260821_170411_847,1,Unspecified,1415,2026-08-21T17:17:13.6904105+09:00,2026-08-21T17:17:14.1904105+09:00,781.842781,782.342781,30,30,-0.092693,0.000582,0.000000,0.000000,0.000000,0.000224,0
20260821_170411_847,1,Unspecified,1416,2026-08-21T17:17:14.1904105+09:00,2026-08-21T17:17:14.6904105+09:00,782.342781,782.842781,30,30,-0.093032,0.000194,0.000000,0.000000,0.000000,0.000328,0
20260821_170411_847,1,Unspecified,1417,2026-08-21T17:17:14.6904105+09:00,2026-08-21T17:17:15.1904105+09:00,782.842781,783.342781,30,30,-0.093202,0.000216,0.000000,0.000000,0.000000,0.000112,0
20260821_170411_847,1,Unspecified,1418,2026-08-21T17:17:15.1904105+09:00,2026-08-21T17:17:15.6904105+09:00,783.342781,783.842781,30,30,-0.093082,0.000336,0.000000,0.000000,0.000000,0.000190,0
20260821_170411_847,1,Unspecified,1419,2026-08-21T17:17:15.6904105+09:00,2026-08-21T17:17:16.1904105+09:00,783.842781,784.342781,30,30,-0.092828,0.000321,0.000000,0.000000,0.000000,0.000221,0
20260821_170411_847,1,Unspecified,1420,2026-08-21T17:17:16.1904105+09:00,2026-08-21T17:17:16.6904105+09:00,784.342781,784.842781,30,30,-0.092748,0.000192,0.000000,0.000000,0.000000,0.000106,0
20260821_170411_847,1,Unspecified,1421,2026-08-21T17:17:16.6904105+09:00,2026-08-21T17:17:17.1904105+09:00,784.842781,785.342781,30,30,-0.093002,-0.000035,0.000000,0.000000,0.000000,0.000102,0
20260821_170411_847,1,Unspecified,1422,2026-08-21T17:17:17.1904105+09:00,2026-08-21T17:17:17.6904105+09:00,785.342781,785.842781,30,30,-0.093385,-0.000412,0.000000,0.000000,0.000000,0.000232,0
20260821_170411_847,1,Unspecified,1423,2026-08-21T17:17:17.6904105+09:00,2026-08-21T17:17:18.1904105+09:00,785.842781,786.342781,30,30,-0.093421,-0.000209,0.000000,0.000000,0.000000,0.000238,0
20260821_170411_847,1,Unspecified,1424,2026-08-21T17:17:18.1904105+09:00,2026-08-21T17:17:18.6904105+09:00,786.342781,786.842781,30,30,-0.093269,0.000094,0.000000,0.000000,0.000000,0.000204,0
20260821_170411_847,1,Unspecified,1425,2026-08-21T17:17:18.6904105+09:00,2026-08-21T17:17:19.1904105+09:00,786.842781,787.342781,30,30,-0.093194,0.000197,0.000000,0.000000,0.000000,0.000174,0
20260821_170411_847,1,Unspecified,1426,2026-08-21T17:17:19.1904105+09:00,2026-08-21T17:17:19.6904105+09:00,787.342781,787.842781,30,30,-0.093224,0.000122,0.000000,0.000000,0.000000,0.000143,0
20260821_170411_847,1,Unspecified,1427,2026-08-21T17:17:19.6904105+09:00,2026-08-21T17:17:20.1904105+09:00,787.842781,788.342781,30,30,-0.092874,0.000608,0.000000,0.000000,0.000000,0.000616,0
20260821_170411_847,1,Unspecified,1428,2026-08-21T17:17:20.1904105+09:00,2026-08-21T17:17:20.6904105+09:00,788.342781,788.842781,30,30,-0.093153,0.000090,0.000000,0.000000,0.000000,0.000229,0
20260821_170411_847,1,Unspecified,1429,2026-08-21T17:17:20.6904105+09:00,2026-08-21T17:17:21.1904105+09:00,788.842781,789.342781,30,30,-0.093540,-0.000466,0.000000,0.000000,0.000000,0.000415,0
20260821_170411_847,1,Unspecified,1430,2026-08-21T17:17:21.1904105+09:00,2026-08-21T17:17:21.6904105+09:00,789.342781,789.842781,30,30,-0.093604,-0.000448,0.000000,0.000000,0.000000,0.000348,0
20260821_170411_847,1,Unspecified,1431,2026-08-21T17:17:21.6904105+09:00,2026-08-21T17:17:22.1904105+09:00,789.842781,790.342781,30,30,-0.093459,-0.000241,0.000000,0.000000,0.000000,0.000157,0
20260821_170411_847,1,Unspecified,1432,2026-08-21T17:17:22.1904105+09:00,2026-08-21T17:17:22.6904105+09:00,790.342781,790.842781,30,30,-0.093450,-0.000574,0.000000,0.000000,0.000000,0.000289,0
20260821_170411_847,1,Unspecified,1433,2026-08-21T17:17:22.6904105+09:00,2026-08-21T17:17:23.1904105+09:00,790.842781,791.342781,30,30,-0.093013,0.000135,0.000000,0.000000,0.000000,0.000321,0
20260821_170411_847,1,Unspecified,1434,2026-08-21T17:17:23.1904105+09:00,2026-08-21T17:17:23.6904105+09:00,791.342781,791.842781,30,30,-0.093215,-0.000213,0.000000,0.000000,0.000000,0.000485,0
20260821_170411_847,1,Unspecified,1435,2026-08-21T17:17:23.6904105+09:00,2026-08-21T17:17:24.1904105+09:00,791.842781,792.342781,30,30,-0.093231,-0.000008,0.000000,0.000000,0.000000,0.000242,0
20260821_170411_847,1,Unspecified,1436,2026-08-21T17:17:24.1904105+09:00,2026-08-21T17:17:24.6904105+09:00,792.342781,792.842781,30,30,-0.093203,0.000103,0.000000,0.000000,0.000000,0.000119,0
20260821_170411_847,1,Unspecified,1437,2026-08-21T17:17:24.6904105+09:00,2026-08-21T17:17:25.1904105+09:00,792.842781,793.342781,30,30,-0.093038,0.000174,0.000000,0.000000,0.000000,0.000343,0
20260821_170411_847,1,Unspecified,1438,2026-08-21T17:17:25.1904105+09:00,2026-08-21T17:17:25.6904105+09:00,793.342781,793.842781,30,30,-0.092938,0.000472,0.000000,0.000000,0.000000,0.000084,0
20260821_170411_847,1,Unspecified,1439,2026-08-21T17:17:25.6904105+09:00,2026-08-21T17:17:26.1904105+09:00,793.842781,794.342781,30,30,-0.092992,0.000498,0.000000,0.000000,0.000000,0.000139,0
20260821_170411_847,1,Unspecified,1440,2026-08-21T17:17:26.1904105+09:00,2026-08-21T17:17:26.6904105+09:00,794.342781,794.842781,30,30,-0.093263,0.000199,0.000000,0.000000,0.000000,0.000232,0
20260821_170411_847,1,Unspecified,1441,2026-08-21T17:17:26.6904105+09:00,2026-08-21T17:17:27.1904105+09:00,794.842781,795.342781,30,30,-0.093649,-0.000361,0.000000,0.000000,0.000000,0.000310,0
20260821_170411_847,1,Unspecified,1442,2026-08-21T17:17:27.1904105+09:00,2026-08-21T17:17:27.6904105+09:00,795.342781,795.842781,30,30,-0.093545,-0.000325,0.000000,0.000000,0.000000,0.000269,0
20260821_170411_847,1,Unspecified,1443,2026-08-21T17:17:27.6904105+09:00,2026-08-21T17:17:28.1904105+09:00,795.842781,796.342781,30,30,-0.093451,-0.000292,0.000000,0.000000,0.000000,0.000064,0
20260821_170411_847,1,Unspecified,1444,2026-08-21T17:17:28.1904105+09:00,2026-08-21T17:17:28.6904105+09:00,796.342781,796.842781,29,29,-0.093399,-0.000130,0.000000,0.000000,0.000000,0.000078,0
20260821_170411_847,1,Unspecified,1445,2026-08-21T17:17:28.6904105+09:00,2026-08-21T17:17:29.1904105+09:00,796.842781,797.342781,31,31,-0.093438,-0.000018,0.000000,0.000000,0.000000,0.000133,0
20260821_170411_847,1,Unspecified,1446,2026-08-21T17:17:29.1904105+09:00,2026-08-21T17:17:29.6904105+09:00,797.342781,797.842781,30,30,-0.093465,0.000137,0.000000,0.000000,0.000000,0.000099,0
20260821_170411_847,1,Unspecified,1447,2026-08-21T17:17:29.6904105+09:00,2026-08-21T17:17:30.1904105+09:00,797.842781,798.342781,30,30,-0.093615,-0.000103,0.000000,0.000000,0.000000,0.000240,0
20260821_170411_847,1,Unspecified,1448,2026-08-21T17:17:30.1904105+09:00,2026-08-21T17:17:30.6904105+09:00,798.342781,798.842781,30,30,-0.093487,-0.000219,0.000000,0.000000,0.000000,0.000262,0
20260821_170411_847,1,Unspecified,1449,2026-08-21T17:17:30.6904105+09:00,2026-08-21T17:17:31.1904105+09:00,798.842781,799.342781,29,29,-0.093334,-0.000038,0.000000,0.000000,0.000000,0.000138,0
20260821_170411_847,1,Unspecified,1450,2026-08-21T17:17:31.1904105+09:00,2026-08-21T17:17:31.6904105+09:00,799.342781,799.842781,31,31,-0.093322,-0.000141,0.000000,0.000000,0.000000,0.000279,0
20260821_170411_847,1,Unspecified,1451,2026-08-21T17:17:31.6904105+09:00,2026-08-21T17:17:32.1904105+09:00,799.842781,800.342781,29,29,-0.092741,0.000263,0.000001,0.000002,0.000001,0.001470,0
20260821_170411_847,1,Unspecified,1452,2026-08-21T17:17:32.1904105+09:00,2026-08-21T17:17:32.6904105+09:00,800.342781,800.842781,30,30,-0.092158,0.000200,0.000002,0.000010,0.000004,0.003395,0
20260821_170411_847,1,Unspecified,1453,2026-08-21T17:17:32.6904105+09:00,2026-08-21T17:17:33.1904105+09:00,800.842781,801.342781,30,30,-0.092936,-0.000835,0.000001,0.000003,0.000002,0.002053,0
20260821_170411_847,1,Unspecified,1454,2026-08-21T17:17:33.1904105+09:00,2026-08-21T17:17:33.6904105+09:00,801.342781,801.842781,31,31,-0.093659,-0.001811,0.000000,0.000001,0.000000,0.000899,0
20260821_170411_847,1,Unspecified,1455,2026-08-21T17:17:33.6904105+09:00,2026-08-21T17:17:34.1904105+09:00,801.842781,802.342781,29,29,-0.092665,0.000297,0.000000,0.000001,0.000000,0.001018,0
20260821_170411_847,1,Unspecified,1456,2026-08-21T17:17:34.1904105+09:00,2026-08-21T17:17:34.6904105+09:00,802.342781,802.842781,30,30,-0.094076,-0.001996,0.000000,0.000001,0.000001,0.001233,0
20260821_170411_847,1,Unspecified,1457,2026-08-21T17:17:34.6904105+09:00,2026-08-21T17:17:35.1904105+09:00,802.842781,803.342781,30,30,-0.094296,-0.002416,0.000000,0.000000,0.000000,0.000615,0
20260821_170411_847,1,Unspecified,1458,2026-08-21T17:17:35.1904105+09:00,2026-08-21T17:17:35.6904105+09:00,803.342781,803.842781,30,30,-0.093318,-0.000663,0.000000,0.000000,0.000000,0.000624,0
20260821_170411_847,1,Unspecified,1459,2026-08-21T17:17:35.6904105+09:00,2026-08-21T17:17:36.1904105+09:00,803.842781,804.342781,30,30,-0.093062,-0.000232,0.000000,0.000000,0.000000,0.000208,0
20260821_170411_847,1,Unspecified,1460,2026-08-21T17:17:36.1904105+09:00,2026-08-21T17:17:36.6904105+09:00,804.342781,804.842781,30,30,-0.093366,-0.000519,0.000000,0.000000,0.000000,0.000673,0
20260821_170411_847,1,Unspecified,1461,2026-08-21T17:17:36.6904105+09:00,2026-08-21T17:17:37.1904105+09:00,804.842781,805.342781,30,30,-0.093317,-0.000517,0.000000,0.000000,0.000000,0.000293,0
20260821_170411_847,1,Unspecified,1462,2026-08-21T17:17:37.1904105+09:00,2026-08-21T17:17:37.6904105+09:00,805.342781,805.842781,30,30,-0.093412,-0.000879,0.000000,0.000000,0.000000,0.000379,0
20260821_170411_847,1,Unspecified,1463,2026-08-21T17:17:37.6904105+09:00,2026-08-21T17:17:38.1904105+09:00,805.842781,806.342781,30,30,-0.092877,-0.000070,0.000000,0.000000,0.000000,0.000787,0
20260821_170411_847,1,Unspecified,1464,2026-08-21T17:17:38.1904105+09:00,2026-08-21T17:17:38.6904105+09:00,806.342781,806.842781,30,30,-0.092291,0.000677,0.000000,0.000001,0.000000,0.000815,0
20260821_170411_847,1,Unspecified,1465,2026-08-21T17:17:38.6904105+09:00,2026-08-21T17:17:39.1904105+09:00,806.842781,807.342781,31,31,-0.092617,0.000133,0.000000,0.000000,0.000000,0.000737,0
20260821_170411_847,1,Unspecified,1466,2026-08-21T17:17:39.1904105+09:00,2026-08-21T17:17:39.6904105+09:00,807.342781,807.842781,30,30,-0.092824,-0.000231,0.000000,0.000001,0.000000,0.000817,0
20260821_170411_847,1,Unspecified,1467,2026-08-21T17:17:39.6904105+09:00,2026-08-21T17:17:40.1904105+09:00,807.842781,808.342781,30,30,-0.093256,-0.000564,0.000000,0.000002,0.000001,0.001422,0
20260821_170411_847,1,Unspecified,1468,2026-08-21T17:17:40.1904105+09:00,2026-08-21T17:17:40.6904105+09:00,808.342781,808.842781,30,30,-0.093645,-0.000645,0.000000,0.000000,0.000000,0.000528,0
20260821_170411_847,1,Unspecified,1469,2026-08-21T17:17:40.6904105+09:00,2026-08-21T17:17:41.1904105+09:00,808.842781,809.342781,30,30,-0.093363,-0.000211,0.000000,0.000001,0.000000,0.001008,0
20260821_170411_847,1,Unspecified,1470,2026-08-21T17:17:41.1904105+09:00,2026-08-21T17:17:41.6904105+09:00,809.342781,809.842781,30,30,-0.093276,-0.000052,0.000000,0.000001,0.000000,0.000898,0
20260821_170411_847,1,Unspecified,1471,2026-08-21T17:17:41.6904105+09:00,2026-08-21T17:17:42.1904105+09:00,809.842781,810.342781,30,30,-0.093368,-0.000261,0.000000,0.000000,0.000000,0.000665,0
20260821_170411_847,1,Unspecified,1472,2026-08-21T17:17:42.1904105+09:00,2026-08-21T17:17:42.6904105+09:00,810.342781,810.842781,30,30,-0.093231,-0.000022,0.000000,0.000000,0.000000,0.000691,0
20260821_170411_847,1,Unspecified,1473,2026-08-21T17:17:42.6904105+09:00,2026-08-21T17:17:43.1904105+09:00,810.842781,811.342781,30,30,-0.093328,-0.000266,0.000000,0.000000,0.000000,0.000547,0
20260821_170411_847,1,Unspecified,1474,2026-08-21T17:17:43.1904105+09:00,2026-08-21T17:17:43.6904105+09:00,811.342781,811.842781,30,30,-0.093173,0.000208,0.000000,0.000000,0.000000,0.000460,0
20260821_170411_847,1,Unspecified,1475,2026-08-21T17:17:43.6904105+09:00,2026-08-21T17:17:44.1904105+09:00,811.842781,812.342781,30,30,-0.092873,0.000882,0.000000,0.000000,0.000000,0.000188,0
20260821_170411_847,1,Unspecified,1476,2026-08-21T17:17:44.1904105+09:00,2026-08-21T17:17:44.6904105+09:00,812.342781,812.842781,30,30,-0.092486,0.001492,0.000000,0.000000,0.000000,0.000174,0
20260821_170411_847,1,Unspecified,1477,2026-08-21T17:17:44.6904105+09:00,2026-08-21T17:17:45.1904105+09:00,812.842781,813.342781,30,30,-0.092539,0.001580,0.000000,0.000000,0.000000,0.000134,0
20260821_170411_847,1,Unspecified,1478,2026-08-21T17:17:45.1904105+09:00,2026-08-21T17:17:45.6904105+09:00,813.342781,813.842781,30,30,-0.092595,0.001502,0.000000,0.000000,0.000000,0.000111,0
20260821_170411_847,1,Unspecified,1479,2026-08-21T17:17:45.6904105+09:00,2026-08-21T17:17:46.1904105+09:00,813.842781,814.342781,30,30,-0.092887,0.001024,0.000000,0.000000,0.000000,0.000315,0
20260821_170411_847,1,Unspecified,1480,2026-08-21T17:17:46.1904105+09:00,2026-08-21T17:17:46.6904105+09:00,814.342781,814.842781,30,30,-0.092950,0.001038,0.000000,0.000000,0.000000,0.000169,0
20260821_170411_847,1,Unspecified,1481,2026-08-21T17:17:46.6904105+09:00,2026-08-21T17:17:47.1904105+09:00,814.842781,815.342781,30,30,-0.092950,0.001013,0.000000,0.000000,0.000000,0.000415,0
20260821_170411_847,1,Unspecified,1482,2026-08-21T17:17:47.1904105+09:00,2026-08-21T17:17:47.6904105+09:00,815.342781,815.842781,30,30,-0.092840,0.001088,0.000000,0.000000,0.000000,0.000722,0
20260821_170411_847,1,Unspecified,1483,2026-08-21T17:17:47.6904105+09:00,2026-08-21T17:17:48.1904105+09:00,815.842781,816.342781,30,30,-0.092556,0.001426,0.000000,0.000000,0.000000,0.000572,0
20260821_170411_847,1,Unspecified,1484,2026-08-21T17:17:48.1904105+09:00,2026-08-21T17:17:48.6904105+09:00,816.342781,816.842781,30,30,-0.092731,0.000807,0.000000,0.000001,0.000000,0.000789,0
20260821_170411_847,1,Unspecified,1485,2026-08-21T17:17:48.6904105+09:00,2026-08-21T17:17:49.1904105+09:00,816.842781,817.342781,30,30,-0.092720,0.000766,0.000000,0.000000,0.000000,0.000561,0
20260821_170411_847,1,Unspecified,1486,2026-08-21T17:17:49.1904105+09:00,2026-08-21T17:17:49.6904105+09:00,817.342781,817.842781,30,30,-0.093152,0.000290,0.000000,0.000001,0.000000,0.000890,0
20260821_170411_847,1,Unspecified,1487,2026-08-21T17:17:49.6904105+09:00,2026-08-21T17:17:50.1904105+09:00,817.842781,818.342781,30,30,-0.093010,0.000763,0.000000,0.000000,0.000000,0.000593,0
20260821_170411_847,1,Unspecified,1488,2026-08-21T17:17:50.1904105+09:00,2026-08-21T17:17:50.6904105+09:00,818.342781,818.842781,30,30,-0.092672,0.001288,0.000000,0.000000,0.000000,0.000237,0
20260821_170411_847,1,Unspecified,1489,2026-08-21T17:17:50.6904105+09:00,2026-08-21T17:17:51.1904105+09:00,818.842781,819.342781,30,30,-0.092469,0.001895,0.000000,0.000000,0.000000,0.000261,0
20260821_170411_847,1,Unspecified,1490,2026-08-21T17:17:51.1904105+09:00,2026-08-21T17:17:51.6904105+09:00,819.342781,819.842781,30,30,-0.092613,0.001683,0.000000,0.000001,0.000000,0.000895,0
20260821_170411_847,1,Unspecified,1491,2026-08-21T17:17:51.6904105+09:00,2026-08-21T17:17:52.1904105+09:00,819.842781,820.342781,30,30,-0.092913,0.001088,0.000000,0.000001,0.000000,0.000833,0
20260821_170411_847,1,Unspecified,1492,2026-08-21T17:17:52.1904105+09:00,2026-08-21T17:17:52.6904105+09:00,820.342781,820.842781,30,30,-0.092875,0.001183,0.000000,0.000000,0.000000,0.000328,0
20260821_170411_847,1,Unspecified,1493,2026-08-21T17:17:52.6904105+09:00,2026-08-21T17:17:53.1904105+09:00,820.842781,821.342781,30,30,-0.092864,0.001129,0.000000,0.000000,0.000000,0.000681,0
20260821_170411_847,1,Unspecified,1494,2026-08-21T17:17:53.1904105+09:00,2026-08-21T17:17:53.6904105+09:00,821.342781,821.842781,30,30,-0.092841,0.001161,0.000000,0.000000,0.000000,0.000752,0
20260821_170411_847,1,Unspecified,1495,2026-08-21T17:17:53.6904105+09:00,2026-08-21T17:17:54.1904105+09:00,821.842781,822.342781,30,30,-0.092680,0.001491,0.000000,0.000000,0.000000,0.000583,0
20260821_170411_847,1,Unspecified,1496,2026-08-21T17:17:54.1904105+09:00,2026-08-21T17:17:54.6904105+09:00,822.342781,822.842781,30,30,-0.092862,0.001183,0.000000,0.000000,0.000000,0.000453,0
20260821_170411_847,1,Unspecified,1497,2026-08-21T17:17:54.6904105+09:00,2026-08-21T17:17:55.1904105+09:00,822.842781,823.342781,30,30,-0.092981,0.001042,0.000000,0.000000,0.000000,0.000435,0
20260821_170411_847,1,Unspecified,1498,2026-08-21T17:17:55.1904105+09:00,2026-08-21T17:17:55.6904105+09:00,823.342781,823.842781,30,30,-0.093095,0.000768,0.000000,0.000000,0.000000,0.000438,0
20260821_170411_847,1,Unspecified,1499,2026-08-21T17:17:55.6904105+09:00,2026-08-21T17:17:56.1904105+09:00,823.842781,824.342781,30,30,-0.093279,0.000369,0.000000,0.000000,0.000000,0.000502,0
20260821_170411_847,1,Unspecified,1500,2026-08-21T17:17:56.1904105+09:00,2026-08-21T17:17:56.6904105+09:00,824.342781,824.842781,30,30,-0.093097,0.000859,0.000000,0.000000,0.000000,0.000196,0
20260821_170411_847,1,Unspecified,1501,2026-08-21T17:17:56.6904105+09:00,2026-08-21T17:17:57.1904105+09:00,824.842781,825.342781,30,30,-0.092632,0.001705,0.000000,0.000000,0.000000,0.000429,0
20260821_170411_847,1,Unspecified,1502,2026-08-21T17:17:57.1904105+09:00,2026-08-21T17:17:57.6904105+09:00,825.342781,825.842781,30,30,-0.092518,0.001808,0.000000,0.000000,0.000000,0.000122,0
20260821_170411_847,1,Unspecified,1503,2026-08-21T17:17:57.6904105+09:00,2026-08-21T17:17:58.1904105+09:00,825.842781,826.342781,30,30,-0.092677,0.001577,0.000000,0.000000,0.000000,0.000274,0
20260821_170411_847,1,Unspecified,1504,2026-08-21T17:17:58.1904105+09:00,2026-08-21T17:17:58.6904105+09:00,826.342781,826.842781,30,30,-0.092806,0.001223,0.000000,0.000000,0.000000,0.000355,0
20260821_170411_847,1,Unspecified,1505,2026-08-21T17:17:58.6904105+09:00,2026-08-21T17:17:59.1904105+09:00,826.842781,827.342781,30,30,-0.093068,0.000741,0.000000,0.000000,0.000000,0.000420,0
20260821_170411_847,1,Unspecified,1506,2026-08-21T17:17:59.1904105+09:00,2026-08-21T17:17:59.6904105+09:00,827.342781,827.842781,30,30,-0.093312,0.000379,0.000000,0.000001,0.000000,0.000828,0
20260821_170411_847,1,Unspecified,1507,2026-08-21T17:17:59.6904105+09:00,2026-08-21T17:18:00.1904105+09:00,827.842781,828.342781,30,30,-0.092902,0.000842,0.000000,0.000000,0.000000,0.000601,0
20260821_170411_847,1,Unspecified,1508,2026-08-21T17:18:00.1904105+09:00,2026-08-21T17:18:00.6904105+09:00,828.342781,828.842781,30,30,-0.092939,0.000857,0.000000,0.000000,0.000000,0.000492,0
20260821_170411_847,1,Unspecified,1509,2026-08-21T17:18:00.6904105+09:00,2026-08-21T17:18:01.1904105+09:00,828.842781,829.342781,30,30,-0.092819,0.001134,0.000000,0.000000,0.000000,0.000351,0
20260821_170411_847,1,Unspecified,1510,2026-08-21T17:18:01.1904105+09:00,2026-08-21T17:18:01.6904105+09:00,829.342781,829.842781,30,30,-0.092807,0.001127,0.000000,0.000000,0.000000,0.000466,0
20260821_170411_847,1,Unspecified,1511,2026-08-21T17:18:01.6904105+09:00,2026-08-21T17:18:02.1904105+09:00,829.842781,830.342781,30,30,-0.092835,0.001324,0.000000,0.000000,0.000000,0.000415,0
20260821_170411_847,1,Unspecified,1512,2026-08-21T17:18:02.1904105+09:00,2026-08-21T17:18:02.6904105+09:00,830.342781,830.842781,30,30,-0.093026,0.000956,0.000000,0.000000,0.000000,0.000157,0
20260821_170411_847,1,Unspecified,1513,2026-08-21T17:18:02.6904105+09:00,2026-08-21T17:18:03.1904105+09:00,830.842781,831.342781,30,30,-0.092987,0.001004,0.000000,0.000000,0.000000,0.000145,0
20260821_170411_847,1,Unspecified,1514,2026-08-21T17:18:03.1904105+09:00,2026-08-21T17:18:03.6904105+09:00,831.342781,831.842781,30,30,-0.092891,0.001091,0.000000,0.000000,0.000000,0.000080,0
20260821_170411_847,1,Unspecified,1515,2026-08-21T17:18:03.6904105+09:00,2026-08-21T17:18:04.1904105+09:00,831.842781,832.342781,30,30,-0.092882,0.001335,0.000000,0.000000,0.000000,0.000129,0
20260821_170411_847,1,Unspecified,1516,2026-08-21T17:18:04.1904105+09:00,2026-08-21T17:18:04.6904105+09:00,832.342781,832.842781,30,30,-0.092831,0.001529,0.000000,0.000000,0.000000,0.000445,0
20260821_170411_847,1,Unspecified,1517,2026-08-21T17:18:04.6904105+09:00,2026-08-21T17:18:05.1904105+09:00,832.842781,833.342781,30,30,-0.092591,0.001888,0.000000,0.000000,0.000000,0.000492,0
20260821_170411_847,1,Unspecified,1518,2026-08-21T17:18:05.1904105+09:00,2026-08-21T17:18:05.6904105+09:00,833.342781,833.842781,30,30,-0.091902,0.003165,0.000000,0.000000,0.000000,0.000761,0
20260821_170411_847,1,Unspecified,1519,2026-08-21T17:18:05.6904105+09:00,2026-08-21T17:18:06.1904105+09:00,833.842781,834.342781,30,30,-0.091980,0.002925,0.000000,0.000000,0.000000,0.000555,0
20260821_170411_847,1,Unspecified,1520,2026-08-21T17:18:06.1904105+09:00,2026-08-21T17:18:06.6904105+09:00,834.342781,834.842781,30,30,-0.092301,0.002263,0.000000,0.000000,0.000000,0.000357,0
20260821_170411_847,1,Unspecified,1521,2026-08-21T17:18:06.6904105+09:00,2026-08-21T17:18:07.1904105+09:00,834.842781,835.342781,30,30,-0.092284,0.002199,0.000000,0.000000,0.000000,0.000156,0
20260821_170411_847,1,Unspecified,1522,2026-08-21T17:18:07.1904105+09:00,2026-08-21T17:18:07.6904105+09:00,835.342781,835.842781,30,30,-0.092378,0.002094,0.000000,0.000000,0.000000,0.000348,0
20260821_170411_847,1,Unspecified,1523,2026-08-21T17:18:07.6904105+09:00,2026-08-21T17:18:08.1904105+09:00,835.842781,836.342781,30,30,-0.092355,0.002052,0.000000,0.000000,0.000000,0.000574,0
20260821_170411_847,1,Unspecified,1524,2026-08-21T17:18:08.1904105+09:00,2026-08-21T17:18:08.6904105+09:00,836.342781,836.842781,30,30,-0.092551,0.001861,0.000000,0.000000,0.000000,0.000454,0
20260821_170411_847,1,Unspecified,1525,2026-08-21T17:18:08.6904105+09:00,2026-08-21T17:18:09.1904105+09:00,836.842781,837.342781,30,30,-0.092222,0.002411,0.000000,0.000000,0.000000,0.000384,0
20260821_170411_847,1,Unspecified,1526,2026-08-21T17:18:09.1904105+09:00,2026-08-21T17:18:09.6904105+09:00,837.342781,837.842781,30,30,-0.092290,0.002356,0.000000,0.000000,0.000000,0.000505,0
20260821_170411_847,1,Unspecified,1527,2026-08-21T17:18:09.6904105+09:00,2026-08-21T17:18:10.1904105+09:00,837.842781,838.342781,30,30,-0.092373,0.002029,0.000000,0.000000,0.000000,0.000227,0
20260821_170411_847,1,Unspecified,1528,2026-08-21T17:18:10.1904105+09:00,2026-08-21T17:18:10.6904105+09:00,838.342781,838.842781,30,30,-0.092293,0.002254,0.000000,0.000000,0.000000,0.000376,0
20260821_170411_847,1,Unspecified,1529,2026-08-21T17:18:10.6904105+09:00,2026-08-21T17:18:11.1904105+09:00,838.842781,839.342781,30,30,-0.092594,0.001617,0.000000,0.000000,0.000000,0.000499,0
20260821_170411_847,1,Unspecified,1530,2026-08-21T17:18:11.1904105+09:00,2026-08-21T17:18:11.6904105+09:00,839.342781,839.842781,30,30,-0.092621,0.001685,0.000000,0.000000,0.000000,0.000442,0
20260821_170411_847,1,Unspecified,1531,2026-08-21T17:18:11.6904105+09:00,2026-08-21T17:18:12.1904105+09:00,839.842781,840.342781,30,30,-0.092520,0.001763,0.000000,0.000000,0.000000,0.000324,0
20260821_170411_847,1,Unspecified,1532,2026-08-21T17:18:12.1904105+09:00,2026-08-21T17:18:12.6904105+09:00,840.342781,840.842781,30,30,-0.092520,0.001611,0.000000,0.000000,0.000000,0.000632,0
20260821_170411_847,1,Unspecified,1533,2026-08-21T17:18:12.6904105+09:00,2026-08-21T17:18:13.1904105+09:00,840.842781,841.342781,30,30,-0.092438,0.001688,0.000000,0.000000,0.000000,0.000459,0
20260821_170411_847,1,Unspecified,1534,2026-08-21T17:18:13.1904105+09:00,2026-08-21T17:18:13.6904105+09:00,841.342781,841.842781,30,30,-0.092494,0.001478,0.000000,0.000000,0.000000,0.000378,0
20260821_170411_847,1,Unspecified,1535,2026-08-21T17:18:13.6904105+09:00,2026-08-21T17:18:14.1904105+09:00,841.842781,842.342781,30,30,-0.092931,0.000429,0.000000,0.000000,0.000000,0.000677,0
20260821_170411_847,1,Unspecified,1536,2026-08-21T17:18:14.1904105+09:00,2026-08-21T17:18:14.6904105+09:00,842.342781,842.842781,30,30,-0.093245,0.000107,0.000000,0.000000,0.000000,0.000708,0
20260821_170411_847,1,Unspecified,1537,2026-08-21T17:18:14.6904105+09:00,2026-08-21T17:18:15.1904105+09:00,842.842781,843.342781,30,30,-0.093666,-0.000475,0.000000,0.000000,0.000000,0.000518,0
20260821_170411_847,1,Unspecified,1538,2026-08-21T17:18:15.1904105+09:00,2026-08-21T17:18:15.6904105+09:00,843.342781,843.842781,30,30,-0.094834,-0.003369,0.000001,0.000006,0.000003,0.002793,0
20260821_170411_847,1,Unspecified,1539,2026-08-21T17:18:15.6904105+09:00,2026-08-21T17:18:16.1904105+09:00,843.842781,844.342781,30,30,-0.095103,-0.003411,0.000000,0.000002,0.000001,0.001531,0
20260821_170411_847,1,Unspecified,1540,2026-08-21T17:18:16.1904105+09:00,2026-08-21T17:18:16.6904105+09:00,844.342781,844.842781,30,30,-0.094593,-0.002013,0.000000,0.000000,0.000000,0.000602,0
20260821_170411_847,1,Unspecified,1541,2026-08-21T17:18:16.6904105+09:00,2026-08-21T17:18:17.1904105+09:00,844.842781,845.342781,30,30,-0.093971,-0.000605,0.000000,0.000000,0.000000,0.000711,0
20260821_170411_847,1,Unspecified,1542,2026-08-21T17:18:17.1904105+09:00,2026-08-21T17:18:17.6904105+09:00,845.342781,845.842781,30,30,-0.093922,-0.000479,0.000000,0.000000,0.000000,0.000234,0
20260821_170411_847,1,Unspecified,1543,2026-08-21T17:18:17.6904105+09:00,2026-08-21T17:18:18.1904105+09:00,845.842781,846.342781,30,30,-0.093707,-0.000329,0.000000,0.000000,0.000000,0.000329,0
20260821_170411_847,1,Unspecified,1544,2026-08-21T17:18:18.1904105+09:00,2026-08-21T17:18:18.6904105+09:00,846.342781,846.842781,30,30,-0.093376,0.000258,0.000000,0.000000,0.000000,0.000439,0
20260821_170411_847,1,Unspecified,1545,2026-08-21T17:18:18.6904105+09:00,2026-08-21T17:18:19.1904105+09:00,846.842781,847.342781,30,30,-0.093566,-0.000199,0.000000,0.000000,0.000000,0.000502,0
20260821_170411_847,1,Unspecified,1546,2026-08-21T17:18:19.1904105+09:00,2026-08-21T17:18:19.6904105+09:00,847.342781,847.842781,30,30,-0.093848,-0.000904,0.000000,0.000000,0.000000,0.000480,0
20260821_170411_847,1,Unspecified,1547,2026-08-21T17:18:19.6904105+09:00,2026-08-21T17:18:20.1904105+09:00,847.842781,848.342781,30,30,-0.094006,-0.001022,0.000000,0.000000,0.000000,0.000382,0
20260821_170411_847,1,Unspecified,1548,2026-08-21T17:18:20.1904105+09:00,2026-08-21T17:18:20.6904105+09:00,848.342781,848.842781,30,30,-0.093614,-0.000151,0.000000,0.000000,0.000000,0.000172,0
20260821_170411_847,1,Unspecified,1549,2026-08-21T17:18:20.6904105+09:00,2026-08-21T17:18:21.1904105+09:00,848.842781,849.342781,30,30,-0.093897,-0.000671,0.000000,0.000000,0.000000,0.000548,0
20260821_170411_847,1,Unspecified,1550,2026-08-21T17:18:21.1904105+09:00,2026-08-21T17:18:21.6904105+09:00,849.342781,849.842781,30,30,-0.094233,-0.001383,0.000000,0.000000,0.000000,0.000168,0
20260821_170411_847,1,Unspecified,1551,2026-08-21T17:18:21.6904105+09:00,2026-08-21T17:18:22.1904105+09:00,849.842781,850.342781,30,30,-0.094341,-0.001803,0.000000,0.000000,0.000000,0.000583,0
20260821_170411_847,1,Unspecified,1552,2026-08-21T17:18:22.1904105+09:00,2026-08-21T17:18:22.6904105+09:00,850.342781,850.842781,30,30,-0.094622,-0.002516,0.000001,0.000003,0.000001,0.001905,0
20260821_170411_847,1,Unspecified,1553,2026-08-21T17:18:22.6904105+09:00,2026-08-21T17:18:23.1904105+09:00,850.842781,851.342781,30,30,-0.093000,0.000950,0.000000,0.000002,0.000001,0.001483,0
20260821_170411_847,1,Unspecified,1554,2026-08-21T17:18:23.1904105+09:00,2026-08-21T17:18:23.6904105+09:00,851.342781,851.842781,30,30,-0.093218,0.000705,0.000000,0.000000,0.000000,0.000422,0
20260821_170411_847,1,Unspecified,1555,2026-08-21T17:18:23.6904105+09:00,2026-08-21T17:18:24.1904105+09:00,851.842781,852.342781,30,30,-0.093446,0.000181,0.000000,0.000000,0.000000,0.000388,0
20260821_170411_847,1,Unspecified,1556,2026-08-21T17:18:24.1904105+09:00,2026-08-21T17:18:24.6904105+09:00,852.342781,852.842781,30,30,-0.093270,0.000404,0.000000,0.000000,0.000000,0.000616,0
20260821_170411_847,1,Unspecified,1557,2026-08-21T17:18:24.6904105+09:00,2026-08-21T17:18:25.1904105+09:00,852.842781,853.342781,30,30,-0.092739,0.001428,0.000000,0.000000,0.000000,0.000560,0
20260821_170411_847,1,Unspecified,1558,2026-08-21T17:18:25.1904105+09:00,2026-08-21T17:18:25.6904105+09:00,853.342781,853.842781,30,30,-0.092901,0.001095,0.000000,0.000000,0.000000,0.000509,0
20260821_170411_847,1,Unspecified,1559,2026-08-21T17:18:25.6904105+09:00,2026-08-21T17:18:26.1904105+09:00,853.842781,854.342781,30,30,-0.093806,-0.000718,0.000000,0.000000,0.000000,0.000726,0
20260821_170411_847,1,Unspecified,1560,2026-08-21T17:18:26.1904105+09:00,2026-08-21T17:18:26.6904105+09:00,854.342781,854.842781,30,30,-0.093390,0.000423,0.000000,0.000000,0.000000,0.000783,0
20260821_170411_847,1,Unspecified,1561,2026-08-21T17:18:26.6904105+09:00,2026-08-21T17:18:27.1904105+09:00,854.842781,855.342781,30,30,-0.093288,0.000541,0.000000,0.000000,0.000000,0.000574,0
20260821_170411_847,1,Unspecified,1562,2026-08-21T17:18:27.1904105+09:00,2026-08-21T17:18:27.6904105+09:00,855.342781,855.842781,30,30,-0.093459,0.000226,0.000000,0.000000,0.000000,0.000354,0
20260821_170411_847,1,Unspecified,1563,2026-08-21T17:18:27.6904105+09:00,2026-08-21T17:18:28.1904105+09:00,855.842781,856.342781,30,30,-0.093502,0.000176,0.000000,0.000000,0.000000,0.000207,0
20260821_170411_847,1,Unspecified,1564,2026-08-21T17:18:28.1904105+09:00,2026-08-21T17:18:28.6904105+09:00,856.342781,856.842781,30,30,-0.093428,0.000309,0.000000,0.000000,0.000000,0.000167,0
20260821_170411_847,1,Unspecified,1565,2026-08-21T17:18:28.6904105+09:00,2026-08-21T17:18:29.1904105+09:00,856.842781,857.342781,30,30,-0.093433,0.000230,0.000000,0.000000,0.000000,0.000261,0
20260821_170411_847,1,Unspecified,1566,2026-08-21T17:18:29.1904105+09:00,2026-08-21T17:18:29.6904105+09:00,857.342781,857.842781,30,30,-0.093598,-0.000114,0.000000,0.000000,0.000000,0.000088,0
20260821_170411_847,1,Unspecified,1567,2026-08-21T17:18:29.6904105+09:00,2026-08-21T17:18:30.1904105+09:00,857.842781,858.342781,30,30,-0.093422,0.000293,0.000000,0.000000,0.000000,0.000142,0
20260821_170411_847,1,Unspecified,1568,2026-08-21T17:18:30.1904105+09:00,2026-08-21T17:18:30.6904105+09:00,858.342781,858.842781,30,30,-0.093294,0.000481,0.000000,0.000000,0.000000,0.000136,0
20260821_170411_847,1,Unspecified,1569,2026-08-21T17:18:30.6904105+09:00,2026-08-21T17:18:31.1904105+09:00,858.842781,859.342781,30,30,-0.093330,0.000298,0.000000,0.000000,0.000000,0.000079,0
20260821_170411_847,1,Unspecified,1570,2026-08-21T17:18:31.1904105+09:00,2026-08-21T17:18:31.6904105+09:00,859.342781,859.842781,30,30,-0.093329,0.000334,0.000000,0.000000,0.000000,0.000128,0
20260821_170411_847,1,Unspecified,1571,2026-08-21T17:18:31.6904105+09:00,2026-08-21T17:18:32.1904105+09:00,859.842781,860.342781,30,30,-0.093335,0.000333,0.000000,0.000000,0.000000,0.000070,0
20260821_170411_847,1,Unspecified,1572,2026-08-21T17:18:32.1904105+09:00,2026-08-21T17:18:32.6904105+09:00,860.342781,860.842781,30,30,-0.093403,0.000159,0.000000,0.000000,0.000000,0.000131,0
20260821_170411_847,1,Unspecified,1573,2026-08-21T17:18:32.6904105+09:00,2026-08-21T17:18:33.1904105+09:00,860.842781,861.342781,30,30,-0.093595,-0.000067,0.000000,0.000000,0.000000,0.000126,0
20260821_170411_847,1,Unspecified,1574,2026-08-21T17:18:33.1904105+09:00,2026-08-21T17:18:33.6904105+09:00,861.342781,861.842781,30,30,-0.093722,-0.000199,0.000000,0.000000,0.000000,0.000152,0
20260821_170411_847,1,Unspecified,1575,2026-08-21T17:18:33.6904105+09:00,2026-08-21T17:18:34.1904105+09:00,861.842781,862.342781,30,30,-0.093636,-0.000330,0.000000,0.000000,0.000000,0.000209,0
20260821_170411_847,1,Unspecified,1576,2026-08-21T17:18:34.1904105+09:00,2026-08-21T17:18:34.6904105+09:00,862.342781,862.842781,30,30,-0.093561,-0.000056,0.000000,0.000000,0.000000,0.000088,0
20260821_170411_847,1,Unspecified,1577,2026-08-21T17:18:34.6904105+09:00,2026-08-21T17:18:35.1904105+09:00,862.842781,863.342781,30,30,-0.093498,0.000034,0.000000,0.000000,0.000000,0.000123,0
20260821_170411_847,1,Unspecified,1578,2026-08-21T17:18:35.1904105+09:00,2026-08-21T17:18:35.6904105+09:00,863.342781,863.842781,30,30,-0.093425,0.000173,0.000000,0.000000,0.000000,0.000068,0
20260821_170411_847,1,Unspecified,1579,2026-08-21T17:18:35.6904105+09:00,2026-08-21T17:18:36.1904105+09:00,863.842781,864.342781,30,30,-0.093449,0.000130,0.000000,0.000000,0.000000,0.000099,0
20260821_170411_847,1,Unspecified,1580,2026-08-21T17:18:36.1904105+09:00,2026-08-21T17:18:36.6904105+09:00,864.342781,864.842781,30,30,-0.093549,0.000052,0.000000,0.000000,0.000000,0.000195,0
20260821_170411_847,1,Unspecified,1581,2026-08-21T17:18:36.6904105+09:00,2026-08-21T17:18:37.1904105+09:00,864.842781,865.342781,30,30,-0.093544,0.000251,0.000000,0.000000,0.000000,0.000051,0
20260821_170411_847,1,Unspecified,1582,2026-08-21T17:18:37.1904105+09:00,2026-08-21T17:18:37.6904105+09:00,865.342781,865.842781,30,30,-0.093546,0.000089,0.000000,0.000000,0.000000,0.000118,0
20260821_170411_847,1,Unspecified,1583,2026-08-21T17:18:37.6904105+09:00,2026-08-21T17:18:38.1904105+09:00,865.842781,866.342781,30,30,-0.093540,0.000068,0.000000,0.000000,0.000000,0.000142,0
20260821_170411_847,1,Unspecified,1584,2026-08-21T17:18:38.1904105+09:00,2026-08-21T17:18:38.6904105+09:00,866.342781,866.842781,30,30,-0.093585,-0.000100,0.000000,0.000000,0.000000,0.000085,0
20260821_170411_847,1,Unspecified,1585,2026-08-21T17:18:38.6904105+09:00,2026-08-21T17:18:39.1904105+09:00,866.842781,867.342781,30,30,-0.093621,-0.000287,0.000000,0.000000,0.000000,0.000106,0
20260821_170411_847,1,Unspecified,1586,2026-08-21T17:18:39.1904105+09:00,2026-08-21T17:18:39.6904105+09:00,867.342781,867.842781,30,30,-0.093651,-0.000161,0.000000,0.000000,0.000000,0.000111,0
20260821_170411_847,1,Unspecified,1587,2026-08-21T17:18:39.6904105+09:00,2026-08-21T17:18:40.1904105+09:00,867.842781,868.342781,30,30,-0.093627,0.000078,0.000000,0.000000,0.000000,0.000131,0
20260821_170411_847,1,Unspecified,1588,2026-08-21T17:18:40.1904105+09:00,2026-08-21T17:18:40.6904105+09:00,868.342781,868.842781,30,30,-0.093558,0.000084,0.000000,0.000000,0.000000,0.000073,0
20260821_170411_847,1,Unspecified,1589,2026-08-21T17:18:40.6904105+09:00,2026-08-21T17:18:41.1904105+09:00,868.842781,869.342781,30,30,-0.093578,-0.000072,0.000000,0.000000,0.000000,0.000084,0
20260821_170411_847,1,Unspecified,1590,2026-08-21T17:18:41.1904105+09:00,2026-08-21T17:18:41.6904105+09:00,869.342781,869.842781,30,30,-0.093648,-0.000297,0.000000,0.000000,0.000000,0.000159,0
20260821_170411_847,1,Unspecified,1591,2026-08-21T17:18:41.6904105+09:00,2026-08-21T17:18:42.1904105+09:00,869.842781,870.342781,30,30,-0.093790,-0.000280,0.000000,0.000000,0.000000,0.000148,0
20260821_170411_847,1,Unspecified,1592,2026-08-21T17:18:42.1904105+09:00,2026-08-21T17:18:42.6904105+09:00,870.342781,870.842781,30,30,-0.093984,-0.000504,0.000000,0.000000,0.000000,0.000089,0
20260821_170411_847,1,Unspecified,1593,2026-08-21T17:18:42.6904105+09:00,2026-08-21T17:18:43.1904105+09:00,870.842781,871.342781,30,30,-0.093883,-0.000413,0.000000,0.000000,0.000000,0.000103,0
20260821_170411_847,1,Unspecified,1594,2026-08-21T17:18:43.1904105+09:00,2026-08-21T17:18:43.6904105+09:00,871.342781,871.842781,30,30,-0.093804,-0.000429,0.000000,0.000000,0.000000,0.000128,0
20260821_170411_847,1,Unspecified,1595,2026-08-21T17:18:43.6904105+09:00,2026-08-21T17:18:44.1904105+09:00,871.842781,872.342781,30,30,-0.093823,-0.000488,0.000000,0.000000,0.000000,0.000109,0
20260821_170411_847,1,Unspecified,1596,2026-08-21T17:18:44.1904105+09:00,2026-08-21T17:18:44.6904105+09:00,872.342781,872.842781,30,30,-0.093886,-0.000720,0.000000,0.000000,0.000000,0.000089,0
20260821_170411_847,1,Unspecified,1597,2026-08-21T17:18:44.6904105+09:00,2026-08-21T17:18:45.1904105+09:00,872.842781,873.342781,30,30,-0.093917,-0.001093,0.000000,0.000000,0.000000,0.000227,0
20260821_170411_847,1,Unspecified,1598,2026-08-21T17:18:45.1904105+09:00,2026-08-21T17:18:45.6904105+09:00,873.342781,873.842781,30,30,-0.093970,-0.001387,0.000000,0.000000,0.000000,0.000093,0
20260821_170411_847,1,Unspecified,1599,2026-08-21T17:18:45.6904105+09:00,2026-08-21T17:18:46.1904105+09:00,873.842781,874.342781,30,30,-0.094015,-0.001471,0.000000,0.000000,0.000000,0.000111,0
20260821_170411_847,1,Unspecified,1600,2026-08-21T17:18:46.1904105+09:00,2026-08-21T17:18:46.6904105+09:00,874.342781,874.842781,30,30,-0.094040,-0.001298,0.000000,0.000000,0.000000,0.000087,0
20260821_170411_847,1,Unspecified,1601,2026-08-21T17:18:46.6904105+09:00,2026-08-21T17:18:47.1904105+09:00,874.842781,875.342781,30,30,-0.093918,-0.000760,0.000000,0.000000,0.000000,0.000313,0
20260821_170411_847,1,Unspecified,1602,2026-08-21T17:18:47.1904105+09:00,2026-08-21T17:18:47.6904105+09:00,875.342781,875.842781,30,30,-0.093946,-0.000765,0.000000,0.000000,0.000000,0.000206,0
20260821_170411_847,1,Unspecified,1603,2026-08-21T17:18:47.6904105+09:00,2026-08-21T17:18:48.1904105+09:00,875.842781,876.342781,30,30,-0.093878,-0.000621,0.000000,0.000000,0.000000,0.000273,0
20260821_170411_847,1,Unspecified,1604,2026-08-21T17:18:48.1904105+09:00,2026-08-21T17:18:48.6904105+09:00,876.342781,876.842781,30,30,-0.093893,-0.000766,0.000000,0.000000,0.000000,0.000228,0
20260821_170411_847,1,Unspecified,1605,2026-08-21T17:18:48.6904105+09:00,2026-08-21T17:18:49.1904105+09:00,876.842781,877.342781,30,30,-0.093702,-0.000170,0.000000,0.000000,0.000000,0.000412,0
20260821_170411_847,1,Unspecified,1606,2026-08-21T17:18:49.1904105+09:00,2026-08-21T17:18:49.6904105+09:00,877.342781,877.842781,30,30,-0.093727,0.000008,0.000000,0.000000,0.000000,0.000264,0
20260821_170411_847,1,Unspecified,1607,2026-08-21T17:18:49.6904105+09:00,2026-08-21T17:18:50.1904105+09:00,877.842781,878.342781,30,30,-0.093862,-0.000200,0.000000,0.000000,0.000000,0.000226,0
20260821_170411_847,1,Unspecified,1608,2026-08-21T17:18:50.1904105+09:00,2026-08-21T17:18:50.6904105+09:00,878.342781,878.842781,30,30,-0.093872,-0.000103,0.000000,0.000000,0.000000,0.000353,0
20260821_170411_847,1,Unspecified,1609,2026-08-21T17:18:50.6904105+09:00,2026-08-21T17:18:51.1904105+09:00,878.842781,879.342781,30,30,-0.094005,-0.000340,0.000000,0.000000,0.000000,0.000425,0
20260821_170411_847,1,Unspecified,1610,2026-08-21T17:18:51.1904105+09:00,2026-08-21T17:18:51.6904105+09:00,879.342781,879.842781,30,30,-0.094254,-0.000791,0.000000,0.000000,0.000000,0.000448,0
20260821_170411_847,1,Unspecified,1611,2026-08-21T17:18:51.6904105+09:00,2026-08-21T17:18:52.1904105+09:00,879.842781,880.342781,30,30,-0.094052,-0.000444,0.000000,0.000000,0.000000,0.000261,0
20260821_170411_847,1,Unspecified,1612,2026-08-21T17:18:52.1904105+09:00,2026-08-21T17:18:52.6904105+09:00,880.342781,880.842781,29,29,-0.094490,-0.001216,0.000000,0.000000,0.000000,0.000441,0
20260821_170411_847,1,Unspecified,1613,2026-08-21T17:18:52.6904105+09:00,2026-08-21T17:18:53.1904105+09:00,880.842781,881.342781,30,30,-0.094448,-0.001119,0.000000,0.000000,0.000000,0.000240,0
20260821_170411_847,1,Unspecified,1614,2026-08-21T17:18:53.1904105+09:00,2026-08-21T17:18:53.6904105+09:00,881.342781,881.842781,30,30,-0.093815,-0.000159,0.000000,0.000001,0.000001,0.001243,0
20260821_170411_847,1,Unspecified,1615,2026-08-21T17:18:53.6904105+09:00,2026-08-21T17:18:54.1904105+09:00,881.842781,882.342781,31,31,-0.093567,0.000087,0.000000,0.000001,0.000000,0.000851,0
20260821_170411_847,1,Unspecified,1616,2026-08-21T17:18:54.1904105+09:00,2026-08-21T17:18:54.6904105+09:00,882.342781,882.842781,29,29,-0.093922,-0.000325,0.000000,0.000000,0.000000,0.000422,0
20260821_170411_847,1,Unspecified,1617,2026-08-21T17:18:54.6904105+09:00,2026-08-21T17:18:55.1904105+09:00,882.842781,883.342781,30,30,-0.094073,-0.000574,0.000000,0.000000,0.000000,0.000293,0
20260821_170411_847,1,Unspecified,1618,2026-08-21T17:18:55.1904105+09:00,2026-08-21T17:18:55.6904105+09:00,883.342781,883.842781,30,30,-0.094202,-0.000962,0.000000,0.000000,0.000000,0.000480,0
20260821_170411_847,1,Unspecified,1619,2026-08-21T17:18:55.6904105+09:00,2026-08-21T17:18:56.1904105+09:00,883.842781,884.342781,31,31,-0.094331,-0.001028,0.000000,0.000000,0.000000,0.000693,0
20260821_170411_847,1,Unspecified,1620,2026-08-21T17:18:56.1904105+09:00,2026-08-21T17:18:56.6904105+09:00,884.342781,884.842781,29,29,-0.094374,-0.000626,0.000000,0.000000,0.000000,0.000634,0
20260821_170411_847,1,Unspecified,1621,2026-08-21T17:18:56.6904105+09:00,2026-08-21T17:18:57.1904105+09:00,884.842781,885.342781,30,30,-0.093785,0.000406,0.000000,0.000000,0.000000,0.000424,0
20260821_170411_847,1,Unspecified,1622,2026-08-21T17:18:57.1904105+09:00,2026-08-21T17:18:57.6904105+09:00,885.342781,885.842781,30,30,-0.094291,-0.000746,0.000000,0.000000,0.000000,0.000271,0
20260821_170411_847,1,Unspecified,1623,2026-08-21T17:18:57.6904105+09:00,2026-08-21T17:18:58.1904105+09:00,885.842781,886.342781,30,30,-0.094452,-0.001333,0.000000,0.000000,0.000000,0.000251,0
20260821_170411_847,1,Unspecified,1624,2026-08-21T17:18:58.1904105+09:00,2026-08-21T17:18:58.6904105+09:00,886.342781,886.842781,30,30,-0.094561,-0.001602,0.000000,0.000000,0.000000,0.000169,0
20260821_170411_847,1,Unspecified,1625,2026-08-21T17:18:58.6904105+09:00,2026-08-21T17:18:59.1904105+09:00,886.842781,887.342781,30,30,-0.094660,-0.001626,0.000000,0.000000,0.000000,0.000207,0
20260821_170411_847,1,Unspecified,1626,2026-08-21T17:18:59.1904105+09:00,2026-08-21T17:18:59.6904105+09:00,887.342781,887.842781,31,31,-0.094466,-0.001198,0.000000,0.000000,0.000000,0.000358,0
20260821_170411_847,1,Unspecified,1627,2026-08-21T17:18:59.6904105+09:00,2026-08-21T17:19:00.1904105+09:00,887.842781,888.342781,29,29,-0.094440,-0.001240,0.000000,0.000000,0.000000,0.000412,0
20260821_170411_847,1,Unspecified,1628,2026-08-21T17:19:00.1904105+09:00,2026-08-21T17:19:00.6904105+09:00,888.342781,888.842781,30,30,-0.094342,-0.001074,0.000000,0.000000,0.000000,0.000214,0
20260821_170411_847,1,Unspecified,1629,2026-08-21T17:19:00.6904105+09:00,2026-08-21T17:19:01.1904105+09:00,888.842781,889.342781,30,30,-0.094273,-0.000969,0.000000,0.000000,0.000000,0.000178,0
20260821_170411_847,1,Unspecified,1630,2026-08-21T17:19:01.1904105+09:00,2026-08-21T17:19:01.6904105+09:00,889.342781,889.842781,30,30,-0.094325,-0.001092,0.000000,0.000000,0.000000,0.000230,0
20260821_170411_847,1,Unspecified,1631,2026-08-21T17:19:01.6904105+09:00,2026-08-21T17:19:02.1904105+09:00,889.842781,890.342781,30,30,-0.094392,-0.001109,0.000000,0.000000,0.000000,0.000145,0
20260821_170411_847,1,Unspecified,1632,2026-08-21T17:19:02.1904105+09:00,2026-08-21T17:19:02.6904105+09:00,890.342781,890.842781,30,30,-0.094347,-0.001063,0.000000,0.000000,0.000000,0.000140,0
20260821_170411_847,1,Unspecified,1633,2026-08-21T17:19:02.6904105+09:00,2026-08-21T17:19:03.1904105+09:00,890.842781,891.342781,30,30,-0.094405,-0.001433,0.000000,0.000000,0.000000,0.000166,0
20260821_170411_847,1,Unspecified,1634,2026-08-21T17:19:03.1904105+09:00,2026-08-21T17:19:03.6904105+09:00,891.342781,891.842781,31,31,-0.094340,-0.001243,0.000000,0.000000,0.000000,0.000159,0
20260821_170411_847,1,Unspecified,1635,2026-08-21T17:19:03.6904105+09:00,2026-08-21T17:19:04.1904105+09:00,891.842781,892.342781,30,30,-0.094312,-0.001186,0.000000,0.000000,0.000000,0.000092,0
20260821_170411_847,1,Unspecified,1636,2026-08-21T17:19:04.1904105+09:00,2026-08-21T17:19:04.6904105+09:00,892.342781,892.842781,30,30,-0.094453,-0.001453,0.000000,0.000000,0.000000,0.000283,0
20260821_170411_847,1,Unspecified,1637,2026-08-21T17:19:04.6904105+09:00,2026-08-21T17:19:05.1904105+09:00,892.842781,893.342781,30,30,-0.094744,-0.001934,0.000000,0.000000,0.000000,0.000298,0
20260821_170411_847,1,Unspecified,1638,2026-08-21T17:19:05.1904105+09:00,2026-08-21T17:19:05.6904105+09:00,893.342781,893.842781,30,30,-0.094792,-0.002039,0.000000,0.000000,0.000000,0.000233,0
20260821_170411_847,1,Unspecified,1639,2026-08-21T17:19:05.6904105+09:00,2026-08-21T17:19:06.1904105+09:00,893.842781,894.342781,30,30,-0.094490,-0.001437,0.000000,0.000000,0.000000,0.000082,0
20260821_170411_847,1,Unspecified,1640,2026-08-21T17:19:06.1904105+09:00,2026-08-21T17:19:06.6904105+09:00,894.342781,894.842781,30,30,-0.094489,-0.001461,0.000000,0.000000,0.000000,0.000086,0
20260821_170411_847,1,Unspecified,1641,2026-08-21T17:19:06.6904105+09:00,2026-08-21T17:19:07.1904105+09:00,894.842781,895.342781,30,30,-0.094492,-0.001626,0.000000,0.000000,0.000000,0.000190,0
20260821_170411_847,1,Unspecified,1642,2026-08-21T17:19:07.1904105+09:00,2026-08-21T17:19:07.6904105+09:00,895.342781,895.842781,30,30,-0.093466,0.000337,0.000000,0.000002,0.000001,0.001386,0
20260821_170411_847,1,Unspecified,1643,2026-08-21T17:19:07.6904105+09:00,2026-08-21T17:19:08.1904105+09:00,895.842781,896.342781,30,30,-0.093950,-0.000644,0.000002,0.000011,0.000005,0.003616,0
20260821_170411_847,1,Unspecified,1644,2026-08-21T17:19:08.1904105+09:00,2026-08-21T17:19:08.6904105+09:00,896.342781,896.842781,30,30,-0.090720,0.006294,0.000001,0.000005,0.000002,0.002421,0
20260821_170411_847,1,Unspecified,1645,2026-08-21T17:19:08.6904105+09:00,2026-08-21T17:19:09.1904105+09:00,896.842781,897.342781,30,30,-0.090770,0.006177,0.000001,0.000002,0.000001,0.001629,0
20260821_170411_847,1,Unspecified,1646,2026-08-21T17:19:09.1904105+09:00,2026-08-21T17:19:09.6904105+09:00,897.342781,897.842781,30,30,-0.093275,0.001213,0.000000,0.000002,0.000001,0.001404,0
20260821_170411_847,1,Unspecified,1647,2026-08-21T17:19:09.6904105+09:00,2026-08-21T17:19:10.1904105+09:00,897.842781,898.342781,30,30,-0.093535,0.000662,0.000000,0.000000,0.000000,0.000626,0
20260821_170411_847,1,Unspecified,1648,2026-08-21T17:19:10.1904105+09:00,2026-08-21T17:19:10.6904105+09:00,898.342781,898.842781,30,30,-0.093342,0.001010,0.000000,0.000000,0.000000,0.000684,0
20260821_170411_847,1,Unspecified,1649,2026-08-21T17:19:10.6904105+09:00,2026-08-21T17:19:11.1904105+09:00,898.842781,899.342781,30,30,-0.094200,-0.000440,0.000000,0.000001,0.000000,0.001031,0
20260821_170411_847,1,Unspecified,1650,2026-08-21T17:19:11.1904105+09:00,2026-08-21T17:19:11.6904105+09:00,899.342781,899.842781,30,30,-0.091740,0.004368,0.000000,0.000001,0.000001,0.001334,0
20260821_170411_847,1,Unspecified,1651,2026-08-21T17:19:11.6904105+09:00,2026-08-21T17:19:12.1904105+09:00,899.842781,900.342781,30,30,-0.091948,0.004262,0.000001,0.000003,0.000002,0.001930,0
20260821_170411_847,1,Unspecified,1652,2026-08-21T17:19:12.1904105+09:00,2026-08-21T17:19:12.6904105+09:00,900.342781,900.842781,30,30,-0.090480,0.007018,0.000000,0.000000,0.000000,0.000800,0
20260821_170411_847,1,Unspecified,1653,2026-08-21T17:19:12.6904105+09:00,2026-08-21T17:19:13.1904105+09:00,900.842781,901.342781,30,30,-0.092491,0.003291,0.000000,0.000001,0.000000,0.001032,0
20260821_170411_847,1,Unspecified,1654,2026-08-21T17:19:13.1904105+09:00,2026-08-21T17:19:13.6904105+09:00,901.342781,901.842781,30,30,-0.093522,0.001284,0.000000,0.000000,0.000000,0.000577,0
20260821_170411_847,1,Unspecified,1655,2026-08-21T17:19:13.6904105+09:00,2026-08-21T17:19:14.1904105+09:00,901.842781,902.342781,30,30,-0.092727,0.002726,0.000000,0.000000,0.000000,0.000387,0
20260821_170411_847,1,Unspecified,1656,2026-08-21T17:19:14.1904105+09:00,2026-08-21T17:19:14.6904105+09:00,902.342781,902.842781,30,30,-0.092745,0.002686,0.000000,0.000000,0.000000,0.000656,0
20260821_170411_847,1,Unspecified,1657,2026-08-21T17:19:14.6904105+09:00,2026-08-21T17:19:15.1904105+09:00,902.842781,903.342781,30,30,-0.094237,-0.000376,0.000000,0.000001,0.000001,0.001310,0
20260821_170411_847,1,Unspecified,1658,2026-08-21T17:19:15.1904105+09:00,2026-08-21T17:19:15.6904105+09:00,903.342781,903.842781,30,30,-0.094284,-0.000534,0.000000,0.000000,0.000000,0.000742,0
20260821_170411_847,1,Unspecified,1659,2026-08-21T17:19:15.6904105+09:00,2026-08-21T17:19:16.1904105+09:00,903.842781,904.342781,30,30,-0.093750,0.000644,0.000000,0.000000,0.000000,0.000600,0
20260821_170411_847,1,Unspecified,1660,2026-08-21T17:19:16.1904105+09:00,2026-08-21T17:19:16.6904105+09:00,904.342781,904.842781,30,30,-0.093968,0.000348,0.000000,0.000000,0.000000,0.000251,0
20260821_170411_847,1,Unspecified,1661,2026-08-21T17:19:16.6904105+09:00,2026-08-21T17:19:17.1904105+09:00,904.842781,905.342781,30,30,-0.094340,-0.000439,0.000000,0.000000,0.000000,0.000613,0
20260821_170411_847,1,Unspecified,1662,2026-08-21T17:19:17.1904105+09:00,2026-08-21T17:19:17.6904105+09:00,905.342781,905.842781,30,30,-0.094458,-0.000746,0.000000,0.000000,0.000000,0.000738,0
20260821_170411_847,1,Unspecified,1663,2026-08-21T17:19:17.6904105+09:00,2026-08-21T17:19:18.1904105+09:00,905.842781,906.342781,30,30,-0.094442,-0.000648,0.000000,0.000000,0.000000,0.000532,0
20260821_170411_847,1,Unspecified,1664,2026-08-21T17:19:18.1904105+09:00,2026-08-21T17:19:18.6904105+09:00,906.342781,906.842781,30,30,-0.094397,-0.000529,0.000000,0.000000,0.000000,0.000195,0
20260821_170411_847,1,Unspecified,1665,2026-08-21T17:19:18.6904105+09:00,2026-08-21T17:19:19.1904105+09:00,906.842781,907.342781,30,30,-0.093977,0.000245,0.000000,0.000000,0.000000,0.000400,0
20260821_170411_847,1,Unspecified,1666,2026-08-21T17:19:19.1904105+09:00,2026-08-21T17:19:19.6904105+09:00,907.342781,907.842781,30,30,-0.093666,0.000858,0.000000,0.000000,0.000000,0.000481,0
20260821_170411_847,1,Unspecified,1667,2026-08-21T17:19:19.6904105+09:00,2026-08-21T17:19:20.1904105+09:00,907.842781,908.342781,30,30,-0.093952,0.000311,0.000000,0.000000,0.000000,0.000454,0
20260821_170411_847,1,Unspecified,1668,2026-08-21T17:19:20.1904105+09:00,2026-08-21T17:19:20.6904105+09:00,908.342781,908.842781,30,30,-0.094401,-0.000575,0.000000,0.000000,0.000000,0.000316,0
20260821_170411_847,1,Unspecified,1669,2026-08-21T17:19:20.6904105+09:00,2026-08-21T17:19:21.1904105+09:00,908.842781,909.342781,30,30,-0.094105,0.000055,0.000000,0.000000,0.000000,0.000178,0
20260821_170411_847,1,Unspecified,1670,2026-08-21T17:19:21.1904105+09:00,2026-08-21T17:19:21.6904105+09:00,909.342781,909.842781,30,30,-0.094176,-0.000077,0.000000,0.000000,0.000000,0.000079,0
20260821_170411_847,1,Unspecified,1671,2026-08-21T17:19:21.6904105+09:00,2026-08-21T17:19:22.1904105+09:00,909.842781,910.342781,30,30,-0.094026,0.000170,0.000000,0.000000,0.000000,0.000175,0
20260821_170411_847,1,Unspecified,1672,2026-08-21T17:19:22.1904105+09:00,2026-08-21T17:19:22.6904105+09:00,910.342781,910.842781,30,30,-0.094129,-0.000045,0.000000,0.000000,0.000000,0.000232,0
20260821_170411_847,1,Unspecified,1673,2026-08-21T17:19:22.6904105+09:00,2026-08-21T17:19:23.1904105+09:00,910.842781,911.342781,30,30,-0.093972,0.000275,0.000000,0.000000,0.000000,0.000173,0
20260821_170411_847,1,Unspecified,1674,2026-08-21T17:19:23.1904105+09:00,2026-08-21T17:19:23.6904105+09:00,911.342781,911.842781,30,30,-0.094059,0.000080,0.000000,0.000000,0.000000,0.000199,0
20260821_170411_847,1,Unspecified,1675,2026-08-21T17:19:23.6904105+09:00,2026-08-21T17:19:24.1904105+09:00,911.842781,912.342781,30,30,-0.094095,0.000021,0.000000,0.000000,0.000000,0.000387,0
20260821_170411_847,1,Unspecified,1676,2026-08-21T17:19:24.1904105+09:00,2026-08-21T17:19:24.6904105+09:00,912.342781,912.842781,30,30,-0.093912,0.000339,0.000000,0.000000,0.000000,0.000349,0
20260821_170411_847,1,Unspecified,1677,2026-08-21T17:19:24.6904105+09:00,2026-08-21T17:19:25.1904105+09:00,912.842781,913.342781,30,30,-0.094405,-0.000631,0.000000,0.000000,0.000000,0.000530,0
20260821_170411_847,1,Unspecified,1678,2026-08-21T17:19:25.1904105+09:00,2026-08-21T17:19:25.6904105+09:00,913.342781,913.842781,30,30,-0.094245,-0.000442,0.000000,0.000000,0.000000,0.000483,0
20260821_170411_847,1,Unspecified,1679,2026-08-21T17:19:25.6904105+09:00,2026-08-21T17:19:26.1904105+09:00,913.842781,914.342781,30,30,-0.094023,-0.000203,0.000000,0.000001,0.000000,0.000881,0
20260821_170411_847,1,Unspecified,1680,2026-08-21T17:19:26.1904105+09:00,2026-08-21T17:19:26.6904105+09:00,914.342781,914.842781,30,30,-0.094934,-0.001813,0.000000,0.000000,0.000000,0.000300,0
20260821_170411_847,1,Unspecified,1681,2026-08-21T17:19:26.6904105+09:00,2026-08-21T17:19:27.1904105+09:00,914.842781,915.342781,30,30,-0.094876,-0.001655,0.000000,0.000000,0.000000,0.000184,0
20260821_170411_847,1,Unspecified,1682,2026-08-21T17:19:27.1904105+09:00,2026-08-21T17:19:27.6904105+09:00,915.342781,915.842781,30,30,-0.095079,-0.002076,0.000000,0.000000,0.000000,0.000328,0
20260821_170411_847,1,Unspecified,1683,2026-08-21T17:19:27.6904105+09:00,2026-08-21T17:19:28.1904105+09:00,915.842781,916.342781,30,30,-0.095019,-0.001956,0.000000,0.000000,0.000000,0.000204,0
20260821_170411_847,1,Unspecified,1684,2026-08-21T17:19:28.1904105+09:00,2026-08-21T17:19:28.6904105+09:00,916.342781,916.842781,30,30,-0.095180,-0.002343,0.000000,0.000000,0.000000,0.000506,0
20260821_170411_847,1,Unspecified,1685,2026-08-21T17:19:28.6904105+09:00,2026-08-21T17:19:29.1904105+09:00,916.842781,917.342781,30,30,-0.095099,-0.002100,0.000000,0.000000,0.000000,0.000218,0
20260821_170411_847,1,Unspecified,1686,2026-08-21T17:19:29.1904105+09:00,2026-08-21T17:19:29.6904105+09:00,917.342781,917.842781,30,30,-0.094943,-0.001825,0.000000,0.000000,0.000000,0.000456,0
20260821_170411_847,1,Unspecified,1687,2026-08-21T17:19:29.6904105+09:00,2026-08-21T17:19:30.1904105+09:00,917.842781,918.342781,30,30,-0.094825,-0.001747,0.000000,0.000000,0.000000,0.000257,0
20260821_170411_847,1,Unspecified,1688,2026-08-21T17:19:30.1904105+09:00,2026-08-21T17:19:30.6904105+09:00,918.342781,918.842781,30,30,-0.094953,-0.002002,0.000000,0.000000,0.000000,0.000311,0
20260821_170411_847,1,Unspecified,1689,2026-08-21T17:19:30.6904105+09:00,2026-08-21T17:19:31.1904105+09:00,918.842781,919.342781,30,30,-0.094911,-0.001922,0.000000,0.000000,0.000000,0.000170,0
20260821_170411_847,1,Unspecified,1690,2026-08-21T17:19:31.1904105+09:00,2026-08-21T17:19:31.6904105+09:00,919.342781,919.842781,30,30,-0.094829,-0.001840,0.000000,0.000000,0.000000,0.000146,0
20260821_170411_847,1,Unspecified,1691,2026-08-21T17:19:31.6904105+09:00,2026-08-21T17:19:32.1904105+09:00,919.842781,920.342781,30,30,-0.094902,-0.002092,0.000000,0.000000,0.000000,0.000239,0
20260821_170411_847,1,Unspecified,1692,2026-08-21T17:19:32.1904105+09:00,2026-08-21T17:19:32.6904105+09:00,920.342781,920.842781,30,30,-0.095130,-0.002571,0.000000,0.000000,0.000000,0.000115,0
20260821_170411_847,1,Unspecified,1693,2026-08-21T17:19:32.6904105+09:00,2026-08-21T17:19:33.1904105+09:00,920.842781,921.342781,30,30,-0.095180,-0.002649,0.000000,0.000000,0.000000,0.000635,0
20260821_170411_847,1,Unspecified,1694,2026-08-21T17:19:33.1904105+09:00,2026-08-21T17:19:33.6904105+09:00,921.342781,921.842781,30,30,-0.095006,-0.002319,0.000000,0.000000,0.000000,0.000555,0
20260821_170411_847,1,Unspecified,1695,2026-08-21T17:19:33.6904105+09:00,2026-08-21T17:19:34.1904105+09:00,921.842781,922.342781,30,30,-0.095158,-0.002612,0.000000,0.000000,0.000000,0.000177,0
20260821_170411_847,1,Unspecified,1696,2026-08-21T17:19:34.1904105+09:00,2026-08-21T17:19:34.6904105+09:00,922.342781,922.842781,30,30,-0.094642,-0.001578,0.000000,0.000000,0.000000,0.000553,0
20260821_170411_847,1,Unspecified,1697,2026-08-21T17:19:34.6904105+09:00,2026-08-21T17:19:35.1904105+09:00,922.842781,923.342781,30,30,-0.094639,-0.001649,0.000000,0.000000,0.000000,0.000541,0
20260821_170411_847,1,Unspecified,1698,2026-08-21T17:19:35.1904105+09:00,2026-08-21T17:19:35.6904105+09:00,923.342781,923.842781,30,30,-0.094865,-0.002153,0.000000,0.000000,0.000000,0.000413,0
20260821_170411_847,1,Unspecified,1699,2026-08-21T17:19:35.6904105+09:00,2026-08-21T17:19:36.1904105+09:00,923.842781,924.342781,30,30,-0.094745,-0.001787,0.000000,0.000000,0.000000,0.000639,0
20260821_170411_847,1,Unspecified,1700,2026-08-21T17:19:36.1904105+09:00,2026-08-21T17:19:36.6904105+09:00,924.342781,924.842781,30,30,-0.094703,-0.001558,0.000000,0.000000,0.000000,0.000553,0
20260821_170411_847,1,Unspecified,1701,2026-08-21T17:19:36.6904105+09:00,2026-08-21T17:19:37.1904105+09:00,924.842781,925.342781,30,30,-0.094993,-0.002263,0.000000,0.000001,0.000000,0.000832,0
20260821_170411_847,1,Unspecified,1702,2026-08-21T17:19:37.1904105+09:00,2026-08-21T17:19:37.6904105+09:00,925.342781,925.842781,30,30,-0.095161,-0.002666,0.000000,0.000000,0.000000,0.000507,0
20260821_170411_847,1,Unspecified,1703,2026-08-21T17:19:37.6904105+09:00,2026-08-21T17:19:38.1904105+09:00,925.842781,926.342781,30,30,-0.094883,-0.002194,0.000000,0.000000,0.000000,0.000450,0
20260821_170411_847,1,Unspecified,1704,2026-08-21T17:19:38.1904105+09:00,2026-08-21T17:19:38.6904105+09:00,926.342781,926.842781,30,30,-0.094933,-0.002195,0.000000,0.000000,0.000000,0.000724,0
20260821_170411_847,1,Unspecified,1705,2026-08-21T17:19:38.6904105+09:00,2026-08-21T17:19:39.1904105+09:00,926.842781,927.342781,30,30,-0.094994,-0.002231,0.000000,0.000000,0.000000,0.000581,0
20260821_170411_847,1,Unspecified,1706,2026-08-21T17:19:39.1904105+09:00,2026-08-21T17:19:39.6904105+09:00,927.342781,927.842781,30,30,-0.095122,-0.002454,0.000000,0.000000,0.000000,0.000165,0
20260821_170411_847,1,Unspecified,1707,2026-08-21T17:19:39.6904105+09:00,2026-08-21T17:19:40.1904105+09:00,927.842781,928.342781,30,30,-0.094775,-0.001742,0.000000,0.000000,0.000000,0.000312,0
20260821_170411_847,1,Unspecified,1708,2026-08-21T17:19:40.1904105+09:00,2026-08-21T17:19:40.6904105+09:00,928.342781,928.842781,30,30,-0.094790,-0.001802,0.000000,0.000000,0.000000,0.000132,0
20260821_170411_847,1,Unspecified,1709,2026-08-21T17:19:40.6904105+09:00,2026-08-21T17:19:41.1904105+09:00,928.842781,929.342781,30,30,-0.094806,-0.001904,0.000000,0.000000,0.000000,0.000292,0
20260821_170411_847,1,Unspecified,1710,2026-08-21T17:19:41.1904105+09:00,2026-08-21T17:19:41.6904105+09:00,929.342781,929.842781,30,30,-0.094670,-0.001693,0.000000,0.000000,0.000000,0.000291,0
20260821_170411_847,1,Unspecified,1711,2026-08-21T17:19:41.6904105+09:00,2026-08-21T17:19:42.1904105+09:00,929.842781,930.342781,30,30,-0.094607,-0.001624,0.000000,0.000000,0.000000,0.000398,0
20260821_170411_847,1,Unspecified,1712,2026-08-21T17:19:42.1904105+09:00,2026-08-21T17:19:42.6904105+09:00,930.342781,930.842781,30,30,-0.094937,-0.002271,0.000000,0.000000,0.000000,0.000323,0
20260821_170411_847,1,Unspecified,1713,2026-08-21T17:19:42.6904105+09:00,2026-08-21T17:19:43.1904105+09:00,930.842781,931.342781,30,30,-0.095173,-0.002629,0.000000,0.000000,0.000000,0.000270,0
20260821_170411_847,1,Unspecified,1714,2026-08-21T17:19:43.1904105+09:00,2026-08-21T17:19:43.6904105+09:00,931.342781,931.842781,30,30,-0.095356,-0.003138,0.000000,0.000000,0.000000,0.000695,0
20260821_170411_847,1,Unspecified,1715,2026-08-21T17:19:43.6904105+09:00,2026-08-21T17:19:44.1904105+09:00,931.842781,932.342781,30,30,-0.094972,-0.002124,0.000000,0.000000,0.000000,0.000588,0
20260821_170411_847,1,Unspecified,1716,2026-08-21T17:19:44.1904105+09:00,2026-08-21T17:19:44.6904105+09:00,932.342781,932.842781,30,30,-0.094810,-0.001669,0.000000,0.000000,0.000000,0.000493,0
20260821_170411_847,1,Unspecified,1717,2026-08-21T17:19:44.6904105+09:00,2026-08-21T17:19:45.1904105+09:00,932.842781,933.342781,30,30,-0.095041,-0.002123,0.000000,0.000000,0.000000,0.000222,0
20260821_170411_847,1,Unspecified,1718,2026-08-21T17:19:45.1904105+09:00,2026-08-21T17:19:45.6904105+09:00,933.342781,933.842781,30,30,-0.095041,-0.002257,0.000000,0.000000,0.000000,0.000176,0
20260821_170411_847,1,Unspecified,1719,2026-08-21T17:19:45.6904105+09:00,2026-08-21T17:19:46.1904105+09:00,933.842781,934.342781,30,30,-0.095179,-0.002479,0.000000,0.000000,0.000000,0.000395,0
20260821_170411_847,1,Unspecified,1720,2026-08-21T17:19:46.1904105+09:00,2026-08-21T17:19:46.6904105+09:00,934.342781,934.842781,30,30,-0.095358,-0.002860,0.000000,0.000000,0.000000,0.000142,0
20260821_170411_847,1,Unspecified,1721,2026-08-21T17:19:46.6904105+09:00,2026-08-21T17:19:47.1904105+09:00,934.842781,935.342781,30,30,-0.095320,-0.002954,0.000000,0.000000,0.000000,0.000196,0
20260821_170411_847,1,Unspecified,1722,2026-08-21T17:19:47.1904105+09:00,2026-08-21T17:19:47.6904105+09:00,935.342781,935.842781,30,30,-0.095122,-0.002593,0.000000,0.000000,0.000000,0.000138,0
20260821_170411_847,1,Unspecified,1723,2026-08-21T17:19:47.6904105+09:00,2026-08-21T17:19:48.1904105+09:00,935.842781,936.342781,30,30,-0.094994,-0.002315,0.000000,0.000000,0.000000,0.000420,0
20260821_170411_847,1,Unspecified,1724,2026-08-21T17:19:48.1904105+09:00,2026-08-21T17:19:48.6904105+09:00,936.342781,936.842781,30,30,-0.094719,-0.001521,0.000000,0.000000,0.000000,0.000283,0
20260821_170411_847,1,Unspecified,1725,2026-08-21T17:19:48.6904105+09:00,2026-08-21T17:19:49.1904105+09:00,936.842781,937.342781,30,30,-0.095173,-0.002519,0.000000,0.000000,0.000000,0.000519,0
20260821_170411_847,1,Unspecified,1726,2026-08-21T17:19:49.1904105+09:00,2026-08-21T17:19:49.6904105+09:00,937.342781,937.842781,30,30,-0.095122,-0.002389,0.000000,0.000000,0.000000,0.000412,0
20260821_170411_847,1,Unspecified,1727,2026-08-21T17:19:49.6904105+09:00,2026-08-21T17:19:50.1904105+09:00,937.842781,938.342781,30,30,-0.094908,-0.001923,0.000000,0.000000,0.000000,0.000150,0
20260821_170411_847,1,Unspecified,1728,2026-08-21T17:19:50.1904105+09:00,2026-08-21T17:19:50.6904105+09:00,938.342781,938.842781,30,30,-0.094737,-0.001706,0.000000,0.000000,0.000000,0.000328,0
20260821_170411_847,1,Unspecified,1729,2026-08-21T17:19:50.6904105+09:00,2026-08-21T17:19:51.1904105+09:00,938.842781,939.342781,30,30,-0.094779,-0.001785,0.000000,0.000000,0.000000,0.000170,0
20260821_170411_847,1,Unspecified,1730,2026-08-21T17:19:51.1904105+09:00,2026-08-21T17:19:51.6904105+09:00,939.342781,939.842781,30,30,-0.094869,-0.001969,0.000000,0.000000,0.000000,0.000137,0
20260821_170411_847,1,Unspecified,1731,2026-08-21T17:19:51.6904105+09:00,2026-08-21T17:19:52.1904105+09:00,939.842781,940.342781,30,30,-0.095101,-0.002350,0.000000,0.000000,0.000000,0.000323,0
20260821_170411_847,1,Unspecified,1732,2026-08-21T17:19:52.1904105+09:00,2026-08-21T17:19:52.6904105+09:00,940.342781,940.842781,30,30,-0.095309,-0.002695,0.000000,0.000000,0.000000,0.000067,0
20260821_170411_847,1,Unspecified,1733,2026-08-21T17:19:52.6904105+09:00,2026-08-21T17:19:53.1904105+09:00,940.842781,941.342781,30,30,-0.095358,-0.002821,0.000000,0.000000,0.000000,0.000119,0
20260821_170411_847,1,Unspecified,1734,2026-08-21T17:19:53.1904105+09:00,2026-08-21T17:19:53.6904105+09:00,941.342781,941.842781,30,30,-0.095272,-0.002725,0.000000,0.000000,0.000000,0.000250,0
20260821_170411_847,1,Unspecified,1735,2026-08-21T17:19:53.6904105+09:00,2026-08-21T17:19:54.1904105+09:00,941.842781,942.342781,30,30,-0.095321,-0.002843,0.000000,0.000000,0.000000,0.000286,0
20260821_170411_847,1,Unspecified,1736,2026-08-21T17:19:54.1904105+09:00,2026-08-21T17:19:54.6904105+09:00,942.342781,942.842781,30,30,-0.095138,-0.002492,0.000000,0.000000,0.000000,0.000107,0
20260821_170411_847,1,Unspecified,1737,2026-08-21T17:19:54.6904105+09:00,2026-08-21T17:19:55.1904105+09:00,942.842781,943.342781,30,30,-0.095154,-0.002500,0.000000,0.000000,0.000000,0.000180,0
20260821_170411_847,1,Unspecified,1738,2026-08-21T17:19:55.1904105+09:00,2026-08-21T17:19:55.6904105+09:00,943.342781,943.842781,30,30,-0.095456,-0.003079,0.000000,0.000000,0.000000,0.000187,0
20260821_170411_847,1,Unspecified,1739,2026-08-21T17:19:55.6904105+09:00,2026-08-21T17:19:56.1904105+09:00,943.842781,944.342781,30,30,-0.095444,-0.003037,0.000000,0.000000,0.000000,0.000204,0
20260821_170411_847,1,Unspecified,1740,2026-08-21T17:19:56.1904105+09:00,2026-08-21T17:19:56.6904105+09:00,944.342781,944.842781,30,30,-0.095281,-0.002828,0.000000,0.000000,0.000000,0.000515,0
20260821_170411_847,1,Unspecified,1741,2026-08-21T17:19:56.6904105+09:00,2026-08-21T17:19:57.1904105+09:00,944.842781,945.342781,30,30,-0.095131,-0.002559,0.000000,0.000000,0.000000,0.000131,0
20260821_170411_847,1,Unspecified,1742,2026-08-21T17:19:57.1904105+09:00,2026-08-21T17:19:57.6904105+09:00,945.342781,945.842781,30,30,-0.095062,-0.002411,0.000000,0.000000,0.000000,0.000211,0
20260821_170411_847,1,Unspecified,1743,2026-08-21T17:19:57.6904105+09:00,2026-08-21T17:19:58.1904105+09:00,945.842781,946.342781,30,30,-0.095120,-0.002447,0.000000,0.000000,0.000000,0.000302,0
20260821_170411_847,1,Unspecified,1744,2026-08-21T17:19:58.1904105+09:00,2026-08-21T17:19:58.6904105+09:00,946.342781,946.842781,30,30,-0.095103,-0.002391,0.000000,0.000000,0.000000,0.000197,0
20260821_170411_847,1,Unspecified,1745,2026-08-21T17:19:58.6904105+09:00,2026-08-21T17:19:59.1904105+09:00,946.842781,947.342781,30,30,-0.095202,-0.002514,0.000000,0.000000,0.000000,0.000242,0
20260821_170411_847,1,Unspecified,1746,2026-08-21T17:19:59.1904105+09:00,2026-08-21T17:19:59.6904105+09:00,947.342781,947.842781,30,30,-0.095582,-0.003235,0.000000,0.000000,0.000000,0.000217,0
20260821_170411_847,1,Unspecified,1747,2026-08-21T17:19:59.6904105+09:00,2026-08-21T17:20:00.1904105+09:00,947.842781,948.342781,30,30,-0.095333,-0.002843,0.000000,0.000000,0.000000,0.000231,0
20260821_170411_847,1,Unspecified,1748,2026-08-21T17:20:00.1904105+09:00,2026-08-21T17:20:00.6904105+09:00,948.342781,948.842781,30,30,-0.095208,-0.002697,0.000000,0.000000,0.000000,0.000322,0
20260821_170411_847,1,Unspecified,1749,2026-08-21T17:20:00.6904105+09:00,2026-08-21T17:20:01.1904105+09:00,948.842781,949.342781,30,30,-0.095122,-0.002509,0.000000,0.000000,0.000000,0.000364,0
20260821_170411_847,1,Unspecified,1750,2026-08-21T17:20:01.1904105+09:00,2026-08-21T17:20:01.6904105+09:00,949.342781,949.842781,30,30,-0.095107,-0.002496,0.000000,0.000000,0.000000,0.000184,0
20260821_170411_847,1,Unspecified,1751,2026-08-21T17:20:01.6904105+09:00,2026-08-21T17:20:02.1904105+09:00,949.842781,950.342781,30,30,-0.095401,-0.003032,0.000000,0.000000,0.000000,0.000548,0
20260821_170411_847,1,Unspecified,1752,2026-08-21T17:20:02.1904105+09:00,2026-08-21T17:20:02.6904105+09:00,950.342781,950.842781,30,30,-0.095571,-0.003261,0.000000,0.000000,0.000000,0.000680,0
20260821_170411_847,1,Unspecified,1753,2026-08-21T17:20:02.6904105+09:00,2026-08-21T17:20:03.1904105+09:00,950.842781,951.342781,30,30,-0.095354,-0.002911,0.000000,0.000000,0.000000,0.000406,0
20260821_170411_847,1,Unspecified,1754,2026-08-21T17:20:03.1904105+09:00,2026-08-21T17:20:03.6904105+09:00,951.342781,951.842781,30,30,-0.095200,-0.002721,0.000000,0.000000,0.000000,0.000486,0
20260821_170411_847,1,Unspecified,1755,2026-08-21T17:20:03.6904105+09:00,2026-08-21T17:20:04.1904105+09:00,951.842781,952.342781,30,30,-0.095087,-0.002579,0.000000,0.000000,0.000000,0.000184,0
20260821_170411_847,1,Unspecified,1756,2026-08-21T17:20:04.1904105+09:00,2026-08-21T17:20:04.6904105+09:00,952.342781,952.842781,30,30,-0.095089,-0.002565,0.000000,0.000000,0.000000,0.000359,0
20260821_170411_847,1,Unspecified,1757,2026-08-21T17:20:04.6904105+09:00,2026-08-21T17:20:05.1904105+09:00,952.842781,953.342781,30,30,-0.095125,-0.002492,0.000000,0.000000,0.000000,0.000336,0
20260821_170411_847,1,Unspecified,1758,2026-08-21T17:20:05.1904105+09:00,2026-08-21T17:20:05.6904105+09:00,953.342781,953.842781,30,30,-0.095404,-0.002987,0.000000,0.000000,0.000000,0.000213,0
20260821_170411_847,1,Unspecified,1759,2026-08-21T17:20:05.6904105+09:00,2026-08-21T17:20:06.1904105+09:00,953.842781,954.342781,30,30,-0.095153,-0.002389,0.000000,0.000000,0.000000,0.000205,0
20260821_170411_847,1,Unspecified,1760,2026-08-21T17:20:06.1904105+09:00,2026-08-21T17:20:06.6904105+09:00,954.342781,954.842781,30,30,-0.094866,-0.001827,0.000000,0.000000,0.000000,0.000511,0
20260821_170411_847,1,Unspecified,1761,2026-08-21T17:20:06.6904105+09:00,2026-08-21T17:20:07.1904105+09:00,954.842781,955.342781,30,30,-0.094906,-0.001947,0.000000,0.000000,0.000000,0.000373,0
20260821_170411_847,1,Unspecified,1762,2026-08-21T17:20:07.1904105+09:00,2026-08-21T17:20:07.6904105+09:00,955.342781,955.842781,30,30,-0.095078,-0.002391,0.000000,0.000000,0.000000,0.000314,0
20260821_170411_847,1,Unspecified,1763,2026-08-21T17:20:07.6904105+09:00,2026-08-21T17:20:08.1904105+09:00,955.842781,956.342781,30,30,-0.095168,-0.002511,0.000000,0.000000,0.000000,0.000176,0
20260821_170411_847,1,Unspecified,1764,2026-08-21T17:20:08.1904105+09:00,2026-08-21T17:20:08.6904105+09:00,956.342781,956.842781,30,30,-0.095133,-0.002352,0.000000,0.000000,0.000000,0.000481,0
20260821_170411_847,1,Unspecified,1765,2026-08-21T17:20:08.6904105+09:00,2026-08-21T17:20:09.1904105+09:00,956.842781,957.342781,30,30,-0.094830,-0.001727,0.000000,0.000001,0.000000,0.001093,0
20260821_170411_847,1,Unspecified,1766,2026-08-21T17:20:09.1904105+09:00,2026-08-21T17:20:09.6904105+09:00,957.342781,957.842781,30,30,-0.088804,0.008120,0.000006,0.000016,0.000010,0.004756,0
20260821_170411_847,1,Unspecified,1767,2026-08-21T17:20:09.6904105+09:00,2026-08-21T17:20:10.1904105+09:00,957.842781,958.342781,30,30,-0.090112,0.004695,0.000016,0.000046,0.000027,0.007917,0
20260821_170411_847,1,Unspecified,1768,2026-08-21T17:20:10.1904105+09:00,2026-08-21T17:20:10.6904105+09:00,958.342781,958.842781,30,30,-0.093274,-0.013178,0.000002,0.000110,0.000008,0.010583,0
20260821_170411_847,1,Unspecified,1769,2026-08-21T17:20:10.6904105+09:00,2026-08-21T17:20:11.1904105+09:00,958.842781,959.342781,30,30,-0.099496,-0.052585,0.000002,0.000044,0.000003,0.006759,0
20260821_170411_847,1,Unspecified,1770,2026-08-21T17:20:11.1904105+09:00,2026-08-21T17:20:11.6904105+09:00,959.342781,959.842781,30,30,-0.093998,-0.009607,0.000018,0.000181,0.000056,0.014118,0
20260821_170411_847,1,Unspecified,1771,2026-08-21T17:20:11.6904105+09:00,2026-08-21T17:20:12.1904105+09:00,959.842781,960.342781,30,30,-0.097337,-0.011954,0.000003,0.000011,0.000004,0.003768,0
20260821_170411_847,1,Unspecified,1772,2026-08-21T17:20:12.1904105+09:00,2026-08-21T17:20:12.6904105+09:00,960.342781,960.842781,30,30,-0.095421,-0.003958,0.000001,0.000003,0.000001,0.001770,0
20260821_170411_847,1,Unspecified,1773,2026-08-21T17:20:12.6904105+09:00,2026-08-21T17:20:13.1904105+09:00,960.842781,961.342781,30,30,-0.097288,-0.008359,0.000000,0.000002,0.000001,0.001459,0
20260821_170411_847,1,Unspecified,1774,2026-08-21T17:20:13.1904105+09:00,2026-08-21T17:20:13.6904105+09:00,961.342781,961.842781,30,30,-0.096597,-0.007129,0.000000,0.000000,0.000000,0.000313,0
20260821_170411_847,1,Unspecified,1775,2026-08-21T17:20:13.6904105+09:00,2026-08-21T17:20:14.1904105+09:00,961.842781,962.342781,30,30,-0.096438,-0.006884,0.000000,0.000000,0.000000,0.000416,0
20260821_170411_847,1,Unspecified,1776,2026-08-21T17:20:14.1904105+09:00,2026-08-21T17:20:14.6904105+09:00,962.342781,962.842781,30,30,-0.096028,-0.005660,0.000000,0.000000,0.000000,0.000518,0
20260821_170411_847,1,Unspecified,1777,2026-08-21T17:20:14.6904105+09:00,2026-08-21T17:20:15.1904105+09:00,962.842781,963.342781,30,30,-0.095653,-0.005019,0.000000,0.000000,0.000000,0.000221,0
20260821_170411_847,1,Unspecified,1778,2026-08-21T17:20:15.1904105+09:00,2026-08-21T17:20:15.6904105+09:00,963.342781,963.842781,30,30,-0.095492,-0.004686,0.000000,0.000000,0.000000,0.000651,0
20260821_170411_847,1,Unspecified,1779,2026-08-21T17:20:15.6904105+09:00,2026-08-21T17:20:16.1904105+09:00,963.842781,964.342781,30,30,-0.093763,-0.000660,0.000001,0.000002,0.000001,0.001691,0
20260821_170411_847,1,Unspecified,1780,2026-08-21T17:20:16.1904105+09:00,2026-08-21T17:20:16.6904105+09:00,964.342781,964.842781,30,30,-0.094015,-0.000965,0.000000,0.000001,0.000001,0.001331,0
20260821_170411_847,1,Unspecified,1781,2026-08-21T17:20:16.6904105+09:00,2026-08-21T17:20:17.1904105+09:00,964.842781,965.342781,30,30,-0.095007,-0.002938,0.000000,0.000000,0.000000,0.000566,0
20260821_170411_847,1,Unspecified,1782,2026-08-21T17:20:17.1904105+09:00,2026-08-21T17:20:17.6904105+09:00,965.342781,965.842781,30,30,-0.094993,-0.002638,0.000000,0.000000,0.000000,0.000216,0
20260821_170411_847,1,Unspecified,1783,2026-08-21T17:20:17.6904105+09:00,2026-08-21T17:20:18.1904105+09:00,965.842781,966.342781,30,30,-0.095015,-0.002985,0.000000,0.000000,0.000000,0.000533,0
20260821_170411_847,1,Unspecified,1784,2026-08-21T17:20:18.1904105+09:00,2026-08-21T17:20:18.6904105+09:00,966.342781,966.842781,30,30,-0.094365,-0.001946,0.000000,0.000001,0.000000,0.000993,0
20260821_170411_847,1,Unspecified,1785,2026-08-21T17:20:18.6904105+09:00,2026-08-21T17:20:19.1904105+09:00,966.842781,967.342781,29,29,-0.093598,-0.000235,0.000000,0.000001,0.000000,0.001043,0
20260821_170411_847,1,Unspecified,1786,2026-08-21T17:20:19.1904105+09:00,2026-08-21T17:20:19.6904105+09:00,967.342781,967.842781,30,30,-0.093544,0.000027,0.000000,0.000000,0.000000,0.000398,0
20260821_170411_847,1,Unspecified,1787,2026-08-21T17:20:19.6904105+09:00,2026-08-21T17:20:20.1904105+09:00,967.842781,968.342781,30,30,-0.091706,0.002820,0.000000,0.000001,0.000001,0.001129,0
20260821_170411_847,1,Unspecified,1788,2026-08-21T17:20:20.1904105+09:00,2026-08-21T17:20:20.6904105+09:00,968.342781,968.842781,30,30,-0.092823,0.001064,0.000001,0.000002,0.000001,0.001591,0
20260821_170411_847,1,Unspecified,1789,2026-08-21T17:20:20.6904105+09:00,2026-08-21T17:20:21.1904105+09:00,968.842781,969.342781,30,30,-0.093658,-0.000460,0.000000,0.000000,0.000000,0.000487,0
20260821_170411_847,1,Unspecified,1790,2026-08-21T17:20:21.1904105+09:00,2026-08-21T17:20:21.6904105+09:00,969.342781,969.842781,31,31,-0.093065,0.000390,0.000000,0.000000,0.000000,0.000276,0
20260821_170411_847,1,Unspecified,1791,2026-08-21T17:20:21.6904105+09:00,2026-08-21T17:20:22.1904105+09:00,969.842781,970.342781,30,30,-0.093128,0.000158,0.000000,0.000000,0.000000,0.000451,0
20260821_170411_847,1,Unspecified,1792,2026-08-21T17:20:22.1904105+09:00,2026-08-21T17:20:22.6904105+09:00,970.342781,970.842781,29,29,-0.093384,-0.000154,0.000000,0.000000,0.000000,0.000143,0
20260821_170411_847,1,Unspecified,1793,2026-08-21T17:20:22.6904105+09:00,2026-08-21T17:20:23.1904105+09:00,970.842781,971.342781,30,30,-0.093709,-0.000974,0.000000,0.000000,0.000000,0.000647,0
20260821_170411_847,1,Unspecified,1794,2026-08-21T17:20:23.1904105+09:00,2026-08-21T17:20:23.6904105+09:00,971.342781,971.842781,30,30,-0.093986,-0.001561,0.000000,0.000000,0.000000,0.000550,0
20260821_170411_847,1,Unspecified,1795,2026-08-21T17:20:23.6904105+09:00,2026-08-21T17:20:24.1904105+09:00,971.842781,972.342781,30,30,-0.094016,-0.001287,0.000000,0.000000,0.000000,0.000169,0
20260821_170411_847,1,Unspecified,1796,2026-08-21T17:20:24.1904105+09:00,2026-08-21T17:20:24.6904105+09:00,972.342781,972.842781,30,30,-0.094104,-0.001330,0.000000,0.000000,0.000000,0.000468,0
20260821_170411_847,1,Unspecified,1797,2026-08-21T17:20:24.6904105+09:00,2026-08-21T17:20:25.1904105+09:00,972.842781,973.342781,30,30,-0.094012,-0.001155,0.000000,0.000000,0.000000,0.000162,0
20260821_170411_847,1,Unspecified,1798,2026-08-21T17:20:25.1904105+09:00,2026-08-21T17:20:25.6904105+09:00,973.342781,973.842781,30,30,-0.094125,-0.001556,0.000000,0.000000,0.000000,0.000224,0
20260821_170411_847,1,Unspecified,1799,2026-08-21T17:20:25.6904105+09:00,2026-08-21T17:20:26.1904105+09:00,973.842781,974.342781,30,30,-0.094064,-0.001461,0.000000,0.000000,0.000000,0.000284,0
20260821_170411_847,1,Unspecified,1800,2026-08-21T17:20:26.1904105+09:00,2026-08-21T17:20:26.6904105+09:00,974.342781,974.842781,30,30,-0.093955,-0.001374,0.000000,0.000000,0.000000,0.000252,0
20260821_170411_847,1,Unspecified,1801,2026-08-21T17:20:26.6904105+09:00,2026-08-21T17:20:27.1904105+09:00,974.842781,975.342781,30,30,-0.093920,-0.001298,0.000000,0.000000,0.000000,0.000194,0
20260821_170411_847,1,Unspecified,1802,2026-08-21T17:20:27.1904105+09:00,2026-08-21T17:20:27.6904105+09:00,975.342781,975.842781,31,31,-0.093741,-0.000548,0.000000,0.000000,0.000000,0.000285,0
20260821_170411_847,1,Unspecified,1803,2026-08-21T17:20:27.6904105+09:00,2026-08-21T17:20:28.1904105+09:00,975.842781,976.342781,29,29,-0.093479,0.000305,0.000000,0.000000,0.000000,0.000122,0
20260821_170411_847,1,Unspecified,1804,2026-08-21T17:20:28.1904105+09:00,2026-08-21T17:20:28.6904105+09:00,976.342781,976.842781,30,30,-0.093651,-0.000231,0.000000,0.000000,0.000000,0.000280,0
20260821_170411_847,1,Unspecified,1805,2026-08-21T17:20:28.6904105+09:00,2026-08-21T17:20:29.1904105+09:00,976.842781,977.342781,30,30,-0.093713,-0.000461,0.000000,0.000000,0.000000,0.000340,0
20260821_170411_847,1,Unspecified,1806,2026-08-21T17:20:29.1904105+09:00,2026-08-21T17:20:29.6904105+09:00,977.342781,977.842781,30,30,-0.093222,0.000632,0.000000,0.000000,0.000000,0.000193,0
20260821_170411_847,1,Unspecified,1807,2026-08-21T17:20:29.6904105+09:00,2026-08-21T17:20:30.1904105+09:00,977.842781,978.342781,31,31,-0.093099,0.000912,0.000000,0.000000,0.000000,0.000174,0
20260821_170411_847,1,Unspecified,1808,2026-08-21T17:20:30.1904105+09:00,2026-08-21T17:20:30.6904105+09:00,978.342781,978.842781,30,30,-0.092920,0.001329,0.000000,0.000000,0.000000,0.000200,0
20260821_170411_847,1,Unspecified,1809,2026-08-21T17:20:30.6904105+09:00,2026-08-21T17:20:31.1904105+09:00,978.842781,979.342781,30,30,-0.092318,0.002893,0.000000,0.000000,0.000000,0.000542,0
20260821_170411_847,1,Unspecified,1810,2026-08-21T17:20:31.1904105+09:00,2026-08-21T17:20:31.6904105+09:00,979.342781,979.842781,30,30,-0.093410,0.000884,0.000000,0.000000,0.000000,0.000724,0
20260821_170411_847,1,Unspecified,1811,2026-08-21T17:20:31.6904105+09:00,2026-08-21T17:20:32.1904105+09:00,979.842781,980.342781,30,30,-0.093579,0.000349,0.000000,0.000000,0.000000,0.000379,0
20260821_170411_847,1,Unspecified,1812,2026-08-21T17:20:32.1904105+09:00,2026-08-21T17:20:32.6904105+09:00,980.342781,980.842781,30,30,-0.093645,0.000052,0.000000,0.000000,0.000000,0.000230,0
20260821_170411_847,1,Unspecified,1813,2026-08-21T17:20:32.6904105+09:00,2026-08-21T17:20:33.1904105+09:00,980.842781,981.342781,30,30,-0.093742,-0.000259,0.000000,0.000000,0.000000,0.000445,0
20260821_170411_847,1,Unspecified,1814,2026-08-21T17:20:33.1904105+09:00,2026-08-21T17:20:33.6904105+09:00,981.342781,981.842781,30,30,-0.094098,-0.000850,0.000000,0.000000,0.000000,0.000276,0
20260821_170411_847,1,Unspecified,1815,2026-08-21T17:20:33.6904105+09:00,2026-08-21T17:20:34.1904105+09:00,981.842781,982.342781,30,30,-0.094191,-0.000909,0.000000,0.000000,0.000000,0.000306,0
20260821_170411_847,1,Unspecified,1816,2026-08-21T17:20:34.1904105+09:00,2026-08-21T17:20:34.6904105+09:00,982.342781,982.842781,30,30,-0.093957,-0.000594,0.000000,0.000000,0.000000,0.000231,0
20260821_170411_847,1,Unspecified,1817,2026-08-21T17:20:34.6904105+09:00,2026-08-21T17:20:35.1904105+09:00,982.842781,983.342781,30,30,-0.094265,-0.001422,0.000000,0.000000,0.000000,0.000607,0
20260821_170411_847,1,Unspecified,1818,2026-08-21T17:20:35.1904105+09:00,2026-08-21T17:20:35.6904105+09:00,983.342781,983.842781,30,30,-0.094643,-0.002258,0.000000,0.000000,0.000000,0.000720,0
20260821_170411_847,1,Unspecified,1819,2026-08-21T17:20:35.6904105+09:00,2026-08-21T17:20:36.1904105+09:00,983.842781,984.342781,30,30,-0.095198,-0.003261,0.000000,0.000000,0.000000,0.000372,0
20260821_170411_847,1,Unspecified,1820,2026-08-21T17:20:36.1904105+09:00,2026-08-21T17:20:36.6904105+09:00,984.342781,984.842781,30,30,-0.095596,-0.003934,0.000000,0.000000,0.000000,0.000451,0
20260821_170411_847,1,Unspecified,1821,2026-08-21T17:20:36.6904105+09:00,2026-08-21T17:20:37.1904105+09:00,984.842781,985.342781,30,30,-0.095606,-0.003972,0.000000,0.000000,0.000000,0.000270,0
20260821_170411_847,1,Unspecified,1822,2026-08-21T17:20:37.1904105+09:00,2026-08-21T17:20:37.6904105+09:00,985.342781,985.842781,30,30,-0.095189,-0.003495,0.000000,0.000000,0.000000,0.000477,0
20260821_170411_847,1,Unspecified,1823,2026-08-21T17:20:37.6904105+09:00,2026-08-21T17:20:38.1904105+09:00,985.842781,986.342781,30,30,-0.095927,-0.005246,0.000000,0.000000,0.000000,0.000437,0
20260821_170411_847,1,Unspecified,1824,2026-08-21T17:20:38.1904105+09:00,2026-08-21T17:20:38.6904105+09:00,986.342781,986.842781,30,30,-0.095891,-0.005337,0.000000,0.000000,0.000000,0.000381,0
20260821_170411_847,1,Unspecified,1825,2026-08-21T17:20:38.6904105+09:00,2026-08-21T17:20:39.1904105+09:00,986.842781,987.342781,30,30,-0.095958,-0.005430,0.000000,0.000000,0.000000,0.000312,0
20260821_170411_847,1,Unspecified,1826,2026-08-21T17:20:39.1904105+09:00,2026-08-21T17:20:39.6904105+09:00,987.342781,987.842781,30,30,-0.095745,-0.004787,0.000000,0.000000,0.000000,0.000172,0
20260821_170411_847,1,Unspecified,1827,2026-08-21T17:20:39.6904105+09:00,2026-08-21T17:20:40.1904105+09:00,987.842781,988.342781,30,30,-0.095287,-0.003769,0.000000,0.000000,0.000000,0.000362,0
20260821_170411_847,1,Unspecified,1828,2026-08-21T17:20:40.1904105+09:00,2026-08-21T17:20:40.6904105+09:00,988.342781,988.842781,30,30,-0.094770,-0.003073,0.000000,0.000000,0.000000,0.000237,0
20260821_170411_847,1,Unspecified,1829,2026-08-21T17:20:40.6904105+09:00,2026-08-21T17:20:41.1904105+09:00,988.842781,989.342781,30,30,-0.094926,-0.003187,0.000000,0.000000,0.000000,0.000110,0
20260821_170411_847,1,Unspecified,1830,2026-08-21T17:20:41.1904105+09:00,2026-08-21T17:20:41.6904105+09:00,989.342781,989.842781,30,30,-0.094965,-0.003214,0.000000,0.000000,0.000000,0.000118,0
20260821_170411_847,1,Unspecified,1831,2026-08-21T17:20:41.6904105+09:00,2026-08-21T17:20:42.1904105+09:00,989.842781,990.342781,30,30,-0.094808,-0.002601,0.000000,0.000000,0.000000,0.000324,0
20260821_170411_847,1,Unspecified,1832,2026-08-21T17:20:42.1904105+09:00,2026-08-21T17:20:42.6904105+09:00,990.342781,990.842781,30,30,-0.094647,-0.002049,0.000000,0.000000,0.000000,0.000108,0
20260821_170411_847,1,Unspecified,1833,2026-08-21T17:20:42.6904105+09:00,2026-08-21T17:20:43.1904105+09:00,990.842781,991.342781,30,30,-0.094658,-0.002150,0.000000,0.000000,0.000000,0.000100,0
20260821_170411_847,1,Unspecified,1834,2026-08-21T17:20:43.1904105+09:00,2026-08-21T17:20:43.6904105+09:00,991.342781,991.842781,30,30,-0.094062,-0.001018,0.000000,0.000000,0.000000,0.000600,0
20260821_170411_847,1,Unspecified,1835,2026-08-21T17:20:43.6904105+09:00,2026-08-21T17:20:44.1904105+09:00,991.842781,992.342781,30,30,-0.094204,-0.001237,0.000000,0.000000,0.000000,0.000506,0
20260821_170411_847,1,Unspecified,1836,2026-08-21T17:20:44.1904105+09:00,2026-08-21T17:20:44.6904105+09:00,992.342781,992.842781,30,30,-0.094647,-0.002068,0.000000,0.000000,0.000000,0.000693,0
20260821_170411_847,1,Unspecified,1837,2026-08-21T17:20:44.6904105+09:00,2026-08-21T17:20:45.1904105+09:00,992.842781,993.342781,30,30,-0.093116,0.000807,0.000000,0.000001,0.000000,0.000804,0
20260821_170411_847,1,Unspecified,1838,2026-08-21T17:20:45.1904105+09:00,2026-08-21T17:20:45.6904105+09:00,993.342781,993.842781,30,30,-0.093713,-0.000002,0.000000,0.000000,0.000000,0.000434,0
20260821_170411_847,1,Unspecified,1839,2026-08-21T17:20:45.6904105+09:00,2026-08-21T17:20:46.1904105+09:00,993.842781,994.342781,30,30,-0.093906,-0.000384,0.000000,0.000000,0.000000,0.000206,0
20260821_170411_847,1,Unspecified,1840,2026-08-21T17:20:46.1904105+09:00,2026-08-21T17:20:46.6904105+09:00,994.342781,994.842781,30,30,-0.093980,-0.000662,0.000000,0.000000,0.000000,0.000342,0
20260821_170411_847,1,Unspecified,1841,2026-08-21T17:20:46.6904105+09:00,2026-08-21T17:20:47.1904105+09:00,994.842781,995.342781,30,30,-0.094129,-0.001077,0.000000,0.000000,0.000000,0.000248,0
20260821_170411_847,1,Unspecified,1842,2026-08-21T17:20:47.1904105+09:00,2026-08-21T17:20:47.6904105+09:00,995.342781,995.842781,30,30,-0.094100,-0.001019,0.000000,0.000000,0.000000,0.000073,0
20260821_170411_847,1,Unspecified,1843,2026-08-21T17:20:47.6904105+09:00,2026-08-21T17:20:48.1904105+09:00,995.842781,996.342781,30,30,-0.094249,-0.001237,0.000000,0.000000,0.000000,0.000199,0
20260821_170411_847,1,Unspecified,1844,2026-08-21T17:20:48.1904105+09:00,2026-08-21T17:20:48.6904105+09:00,996.342781,996.842781,30,30,-0.094344,-0.001196,0.000000,0.000000,0.000000,0.000204,0
20260821_170411_847,1,Unspecified,1845,2026-08-21T17:20:48.6904105+09:00,2026-08-21T17:20:49.1904105+09:00,996.842781,997.342781,30,30,-0.094228,-0.000902,0.000000,0.000000,0.000000,0.000409,0
20260821_170411_847,1,Unspecified,1846,2026-08-21T17:20:49.1904105+09:00,2026-08-21T17:20:49.6904105+09:00,997.342781,997.842781,30,30,-0.093813,-0.000196,0.000000,0.000000,0.000000,0.000441,0
20260821_170411_847,1,Unspecified,1847,2026-08-21T17:20:49.6904105+09:00,2026-08-21T17:20:50.1904105+09:00,997.842781,998.342781,30,30,-0.093786,-0.000055,0.000000,0.000001,0.000000,0.000867,0
20260821_170411_847,1,Unspecified,1848,2026-08-21T17:20:50.1904105+09:00,2026-08-21T17:20:50.6904105+09:00,998.342781,998.842781,30,30,-0.094000,-0.000716,0.000000,0.000000,0.000000,0.000269,0
20260821_170411_847,1,Unspecified,1849,2026-08-21T17:20:50.6904105+09:00,2026-08-21T17:20:51.1904105+09:00,998.842781,999.342781,30,30,-0.094253,-0.001134,0.000000,0.000000,0.000000,0.000371,0
20260821_170411_847,1,Unspecified,1850,2026-08-21T17:20:51.1904105+09:00,2026-08-21T17:20:51.6904105+09:00,999.342781,999.842781,30,30,-0.094202,-0.000894,0.000000,0.000000,0.000000,0.000370,0
20260821_170411_847,1,Unspecified,1851,2026-08-21T17:20:51.6904105+09:00,2026-08-21T17:20:52.1904105+09:00,999.842781,1000.342781,30,30,-0.094453,-0.001535,0.000000,0.000000,0.000000,0.000384,0
20260821_170411_847,1,Unspecified,1852,2026-08-21T17:20:52.1904105+09:00,2026-08-21T17:20:52.6904105+09:00,1000.342781,1000.842781,30,30,-0.094425,-0.001511,0.000000,0.000000,0.000000,0.000181,0
20260821_170411_847,1,Unspecified,1853,2026-08-21T17:20:52.6904105+09:00,2026-08-21T17:20:53.1904105+09:00,1000.842781,1001.342781,30,30,-0.094609,-0.002214,0.000000,0.000000,0.000000,0.000598,0
20260821_170411_847,1,Unspecified,1854,2026-08-21T17:20:53.1904105+09:00,2026-08-21T17:20:53.6904105+09:00,1001.342781,1001.842781,30,30,-0.095168,-0.003521,0.000000,0.000000,0.000000,0.000482,0
20260821_170411_847,1,Unspecified,1855,2026-08-21T17:20:53.6904105+09:00,2026-08-21T17:20:54.1904105+09:00,1001.842781,1002.342781,30,30,-0.094607,-0.002208,0.000000,0.000000,0.000000,0.000325,0
20260821_170411_847,1,Unspecified,1856,2026-08-21T17:20:54.1904105+09:00,2026-08-21T17:20:54.6904105+09:00,1002.342781,1002.842781,30,30,-0.095760,-0.004564,0.000000,0.000000,0.000000,0.000750,0
20260821_170411_847,1,Unspecified,1857,2026-08-21T17:20:54.6904105+09:00,2026-08-21T17:20:55.1904105+09:00,1002.842781,1003.342781,30,30,-0.095714,-0.004458,0.000000,0.000000,0.000000,0.000271,0
20260821_170411_847,1,Unspecified,1858,2026-08-21T17:20:55.1904105+09:00,2026-08-21T17:20:55.6904105+09:00,1003.342781,1003.842781,30,30,-0.095664,-0.004460,0.000000,0.000000,0.000000,0.000293,0
20260821_170411_847,1,Unspecified,1859,2026-08-21T17:20:55.6904105+09:00,2026-08-21T17:20:56.1904105+09:00,1003.842781,1004.342781,30,30,-0.095384,-0.003827,0.000000,0.000000,0.000000,0.000195,0
20260821_170411_847,1,Unspecified,1860,2026-08-21T17:20:56.1904105+09:00,2026-08-21T17:20:56.6904105+09:00,1004.342781,1004.842781,30,30,-0.095121,-0.003435,0.000000,0.000000,0.000000,0.000370,0
20260821_170411_847,1,Unspecified,1861,2026-08-21T17:20:56.6904105+09:00,2026-08-21T17:20:57.1904105+09:00,1004.842781,1005.342781,30,30,-0.094642,-0.002322,0.000000,0.000000,0.000000,0.000228,0
20260821_170411_847,1,Unspecified,1862,2026-08-21T17:20:57.1904105+09:00,2026-08-21T17:20:57.6904105+09:00,1005.342781,1005.842781,30,30,-0.094683,-0.002411,0.000000,0.000000,0.000000,0.000533,0
20260821_170411_847,1,Unspecified,1863,2026-08-21T17:20:57.6904105+09:00,2026-08-21T17:20:58.1904105+09:00,1005.842781,1006.342781,30,30,-0.095126,-0.003183,0.000000,0.000000,0.000000,0.000416,0
20260821_170411_847,1,Unspecified,1864,2026-08-21T17:20:58.1904105+09:00,2026-08-21T17:20:58.6904105+09:00,1006.342781,1006.842781,30,30,-0.095198,-0.003453,0.000000,0.000000,0.000000,0.000224,0
20260821_170411_847,1,Unspecified,1865,2026-08-21T17:20:58.6904105+09:00,2026-08-21T17:20:59.1904105+09:00,1006.842781,1007.342781,30,30,-0.094745,-0.002362,0.000000,0.000000,0.000000,0.000713,0
20260821_170411_847,1,Unspecified,1866,2026-08-21T17:20:59.1904105+09:00,2026-08-21T17:20:59.6904105+09:00,1007.342781,1007.842781,30,30,-0.094538,-0.001921,0.000000,0.000000,0.000000,0.000641,0
20260821_170411_847,1,Unspecified,1867,2026-08-21T17:20:59.6904105+09:00,2026-08-21T17:21:00.1904105+09:00,1007.842781,1008.342781,30,30,-0.094801,-0.002422,0.000000,0.000000,0.000000,0.000793,0
20260821_170411_847,1,Unspecified,1868,2026-08-21T17:21:00.1904105+09:00,2026-08-21T17:21:00.6904105+09:00,1008.342781,1008.842781,30,30,-0.093639,-0.000351,0.000000,0.000000,0.000000,0.000592,0
20260821_170411_847,1,Unspecified,1869,2026-08-21T17:21:00.6904105+09:00,2026-08-21T17:21:01.1904105+09:00,1008.842781,1009.342781,30,30,-0.094246,-0.001434,0.000000,0.000000,0.000000,0.000231,0
20260821_170411_847,1,Unspecified,1870,2026-08-21T17:21:01.1904105+09:00,2026-08-21T17:21:01.6904105+09:00,1009.342781,1009.842781,30,30,-0.094431,-0.001743,0.000000,0.000000,0.000000,0.000234,0
20260821_170411_847,1,Unspecified,1871,2026-08-21T17:21:01.6904105+09:00,2026-08-21T17:21:02.1904105+09:00,1009.842781,1010.342781,30,30,-0.094097,-0.001088,0.000000,0.000000,0.000000,0.000481,0
20260821_170411_847,1,Unspecified,1872,2026-08-21T17:21:02.1904105+09:00,2026-08-21T17:21:02.6904105+09:00,1010.342781,1010.842781,30,30,-0.093879,-0.000938,0.000000,0.000000,0.000000,0.000587,0
20260821_170411_847,1,Unspecified,1873,2026-08-21T17:21:02.6904105+09:00,2026-08-21T17:21:03.1904105+09:00,1010.842781,1011.342781,30,30,-0.093325,-0.000108,0.000000,0.000000,0.000000,0.000282,0
20260821_170411_847,1,Unspecified,1874,2026-08-21T17:21:03.1904105+09:00,2026-08-21T17:21:03.6904105+09:00,1011.342781,1011.842781,30,30,-0.092389,0.001284,0.000001,0.000001,0.000001,0.001420,0
20260821_170411_847,1,Unspecified,1875,2026-08-21T17:21:03.6904105+09:00,2026-08-21T17:21:04.1904105+09:00,1011.842781,1012.342781,30,30,-0.092898,0.000501,0.000000,0.000001,0.000001,0.001117,0
20260821_170411_847,1,Unspecified,1876,2026-08-21T17:21:04.1904105+09:00,2026-08-21T17:21:04.6904105+09:00,1012.342781,1012.842781,30,30,-0.093604,-0.000465,0.000000,0.000000,0.000000,0.000221,0
20260821_170411_847,1,Unspecified,1877,2026-08-21T17:21:04.6904105+09:00,2026-08-21T17:21:05.1904105+09:00,1012.842781,1013.342781,30,30,-0.093440,-0.000094,0.000000,0.000000,0.000000,0.000225,0
20260821_170411_847,1,Unspecified,1878,2026-08-21T17:21:05.1904105+09:00,2026-08-21T17:21:05.6904105+09:00,1013.342781,1013.842781,30,30,-0.093371,0.000074,0.000000,0.000000,0.000000,0.000444,0
20260821_170411_847,1,Unspecified,1879,2026-08-21T17:21:05.6904105+09:00,2026-08-21T17:21:06.1904105+09:00,1013.842781,1014.342781,30,30,-0.093285,0.000385,0.000000,0.000000,0.000000,0.000090,0
20260821_170411_847,1,Unspecified,1880,2026-08-21T17:21:06.1904105+09:00,2026-08-21T17:21:06.6904105+09:00,1014.342781,1014.842781,30,30,-0.093102,0.000641,0.000000,0.000000,0.000000,0.000285,0
20260821_170411_847,1,Unspecified,1881,2026-08-21T17:21:06.6904105+09:00,2026-08-21T17:21:07.1904105+09:00,1014.842781,1015.342781,30,30,-0.093266,0.000549,0.000000,0.000000,0.000000,0.000183,0
20260821_170411_847,1,Unspecified,1882,2026-08-21T17:21:07.1904105+09:00,2026-08-21T17:21:07.6904105+09:00,1015.342781,1015.842781,30,30,-0.093189,0.000898,0.000000,0.000000,0.000000,0.000637,0
20260821_170411_847,1,Unspecified,1883,2026-08-21T17:21:07.6904105+09:00,2026-08-21T17:21:08.1904105+09:00,1015.842781,1016.342781,30,30,-0.093244,0.000819,0.000000,0.000000,0.000000,0.000259,0
20260821_170411_847,1,Unspecified,1884,2026-08-21T17:21:08.1904105+09:00,2026-08-21T17:21:08.6904105+09:00,1016.342781,1016.842781,30,30,-0.092971,0.000979,0.000000,0.000000,0.000000,0.000419,0
20260821_170411_847,1,Unspecified,1885,2026-08-21T17:21:08.6904105+09:00,2026-08-21T17:21:09.1904105+09:00,1016.842781,1017.342781,30,30,-0.093152,0.000492,0.000000,0.000000,0.000000,0.000319,0
20260821_170411_847,1,Unspecified,1886,2026-08-21T17:21:09.1904105+09:00,2026-08-21T17:21:09.6904105+09:00,1017.342781,1017.842781,30,30,-0.093000,0.000825,0.000000,0.000000,0.000000,0.000290,0
20260821_170411_847,1,Unspecified,1887,2026-08-21T17:21:09.6904105+09:00,2026-08-21T17:21:10.1904105+09:00,1017.842781,1018.342781,30,30,-0.092614,0.001688,0.000000,0.000000,0.000000,0.000188,0
20260821_170411_847,1,Unspecified,1888,2026-08-21T17:21:10.1904105+09:00,2026-08-21T17:21:10.6904105+09:00,1018.342781,1018.842781,30,30,-0.093090,0.000825,0.000000,0.000000,0.000000,0.000716,0
20260821_170411_847,1,Unspecified,1889,2026-08-21T17:21:10.6904105+09:00,2026-08-21T17:21:11.1904105+09:00,1018.842781,1019.342781,30,30,-0.093839,-0.000867,0.000000,0.000000,0.000000,0.000571,0
20260821_170411_847,1,Unspecified,1890,2026-08-21T17:21:11.1904105+09:00,2026-08-21T17:21:11.6904105+09:00,1019.342781,1019.842781,30,30,-0.094450,-0.002336,0.000000,0.000000,0.000000,0.000522,0
20260821_170411_847,1,Unspecified,1891,2026-08-21T17:21:11.6904105+09:00,2026-08-21T17:21:12.1904105+09:00,1019.842781,1020.342781,30,30,-0.094535,-0.002767,0.000000,0.000000,0.000000,0.000203,0
20260821_170411_847,1,Unspecified,1892,2026-08-21T17:21:12.1904105+09:00,2026-08-21T17:21:12.6904105+09:00,1020.342781,1020.842781,30,30,-0.094794,-0.003193,0.000000,0.000000,0.000000,0.000276,0
20260821_170411_847,1,Unspecified,1893,2026-08-21T17:21:12.6904105+09:00,2026-08-21T17:21:13.1904105+09:00,1020.842781,1021.342781,30,30,-0.094588,-0.002411,0.000000,0.000000,0.000000,0.000495,0
20260821_170411_847,1,Unspecified,1894,2026-08-21T17:21:13.1904105+09:00,2026-08-21T17:21:13.6904105+09:00,1021.342781,1021.842781,30,30,-0.094575,-0.002211,0.000000,0.000000,0.000000,0.000543,0
20260821_170411_847,1,Unspecified,1895,2026-08-21T17:21:13.6904105+09:00,2026-08-21T17:21:14.1904105+09:00,1021.842781,1022.342781,30,30,-0.094386,-0.002047,0.000000,0.000000,0.000000,0.000275,0
20260821_170411_847,1,Unspecified,1896,2026-08-21T17:21:14.1904105+09:00,2026-08-21T17:21:14.6904105+09:00,1022.342781,1022.842781,30,30,-0.094376,-0.002191,0.000000,0.000000,0.000000,0.000257,0
20260821_170411_847,1,Unspecified,1897,2026-08-21T17:21:14.6904105+09:00,2026-08-21T17:21:15.1904105+09:00,1022.842781,1023.342781,30,30,-0.094317,-0.002127,0.000000,0.000000,0.000000,0.000231,0
20260821_170411_847,1,Unspecified,1898,2026-08-21T17:21:15.1904105+09:00,2026-08-21T17:21:15.6904105+09:00,1023.342781,1023.842781,30,30,-0.094306,-0.001841,0.000000,0.000000,0.000000,0.000271,0
20260821_170411_847,1,Unspecified,1899,2026-08-21T17:21:15.6904105+09:00,2026-08-21T17:21:16.1904105+09:00,1023.842781,1024.342781,30,30,-0.094391,-0.001698,0.000000,0.000000,0.000000,0.000120,0
20260821_170411_847,1,Unspecified,1900,2026-08-21T17:21:16.1904105+09:00,2026-08-21T17:21:16.6904105+09:00,1024.342781,1024.842781,30,30,-0.094409,-0.001968,0.000000,0.000000,0.000000,0.000119,0
20260821_170411_847,1,Unspecified,1901,2026-08-21T17:21:16.6904105+09:00,2026-08-21T17:21:17.1904105+09:00,1024.842781,1025.342781,30,30,-0.094286,-0.001856,0.000000,0.000000,0.000000,0.000104,0
20260821_170411_847,1,Unspecified,1902,2026-08-21T17:21:17.1904105+09:00,2026-08-21T17:21:17.6904105+09:00,1025.342781,1025.842781,30,30,-0.094271,-0.001938,0.000000,0.000000,0.000000,0.000109,0
20260821_170411_847,1,Unspecified,1903,2026-08-21T17:21:17.6904105+09:00,2026-08-21T17:21:18.1904105+09:00,1025.842781,1026.342781,30,30,-0.094019,-0.001489,0.000000,0.000000,0.000000,0.000402,0
20260821_170411_847,1,Unspecified,1904,2026-08-21T17:21:18.1904105+09:00,2026-08-21T17:21:18.6904105+09:00,1026.342781,1026.842781,30,30,-0.094053,-0.001594,0.000000,0.000000,0.000000,0.000182,0
20260821_170411_847,1,Unspecified,1905,2026-08-21T17:21:18.6904105+09:00,2026-08-21T17:21:19.1904105+09:00,1026.842781,1027.342781,30,30,-0.094007,-0.001072,0.000000,0.000000,0.000000,0.000204,0
20260821_170411_847,1,Unspecified,1906,2026-08-21T17:21:19.1904105+09:00,2026-08-21T17:21:19.6904105+09:00,1027.342781,1027.842781,30,30,-0.094255,-0.001273,0.000000,0.000000,0.000000,0.000073,0
20260821_170411_847,1,Unspecified,1907,2026-08-21T17:21:19.6904105+09:00,2026-08-21T17:21:20.1904105+09:00,1027.842781,1028.342781,30,30,-0.093816,-0.000870,0.000000,0.000000,0.000000,0.000300,0
20260821_170411_847,1,Unspecified,1908,2026-08-21T17:21:20.1904105+09:00,2026-08-21T17:21:20.6904105+09:00,1028.342781,1028.842781,30,30,-0.093540,-0.000555,0.000000,0.000000,0.000000,0.000091,0
20260821_170411_847,1,Unspecified,1909,2026-08-21T17:21:20.6904105+09:00,2026-08-21T17:21:21.1904105+09:00,1028.842781,1029.342781,30,30,-0.093342,-0.000421,0.000000,0.000000,0.000000,0.000116,0
20260821_170411_847,1,Unspecified,1910,2026-08-21T17:21:21.1904105+09:00,2026-08-21T17:21:21.6904105+09:00,1029.342781,1029.842781,30,30,-0.092910,0.000074,0.000000,0.000000,0.000000,0.000251,0
20260821_170411_847,1,Unspecified,1911,2026-08-21T17:21:21.6904105+09:00,2026-08-21T17:21:22.1904105+09:00,1029.842781,1030.342781,30,30,-0.093026,-0.000107,0.000000,0.000000,0.000000,0.000129,0
20260821_170411_847,1,Unspecified,1912,2026-08-21T17:21:22.1904105+09:00,2026-08-21T17:21:22.6904105+09:00,1030.342781,1030.842781,30,30,-0.093285,-0.000127,0.000000,0.000000,0.000000,0.000223,0
20260821_170411_847,1,Unspecified,1913,2026-08-21T17:21:22.6904105+09:00,2026-08-21T17:21:23.1904105+09:00,1030.842781,1031.342781,30,30,-0.093716,-0.000733,0.000000,0.000000,0.000000,0.000228,0
20260821_170411_847,1,Unspecified,1914,2026-08-21T17:21:23.1904105+09:00,2026-08-21T17:21:23.6904105+09:00,1031.342781,1031.842781,30,30,-0.093541,-0.000349,0.000000,0.000000,0.000000,0.000113,0
20260821_170411_847,1,Unspecified,1915,2026-08-21T17:21:23.6904105+09:00,2026-08-21T17:21:24.1904105+09:00,1031.842781,1032.342781,30,30,-0.093197,0.000025,0.000000,0.000000,0.000000,0.000412,0
20260821_170411_847,1,Unspecified,1916,2026-08-21T17:21:24.1904105+09:00,2026-08-21T17:21:24.6904105+09:00,1032.342781,1032.842781,30,30,-0.093071,0.000220,0.000000,0.000000,0.000000,0.000249,0
20260821_170411_847,1,Unspecified,1917,2026-08-21T17:21:24.6904105+09:00,2026-08-21T17:21:25.1904105+09:00,1032.842781,1033.342781,30,30,-0.092922,0.000690,0.000000,0.000000,0.000000,0.000252,0
20260821_170411_847,1,Unspecified,1918,2026-08-21T17:21:25.1904105+09:00,2026-08-21T17:21:25.6904105+09:00,1033.342781,1033.842781,30,30,-0.092852,0.001155,0.000000,0.000000,0.000000,0.000420,0
20260821_170411_847,1,Unspecified,1919,2026-08-21T17:21:25.6904105+09:00,2026-08-21T17:21:26.1904105+09:00,1033.842781,1034.342781,30,30,-0.092905,0.001397,0.000000,0.000000,0.000000,0.000127,0
20260821_170411_847,1,Unspecified,1920,2026-08-21T17:21:26.1904105+09:00,2026-08-21T17:21:26.6904105+09:00,1034.342781,1034.842781,30,30,-0.092704,0.001856,0.000000,0.000000,0.000000,0.000232,0
20260821_170411_847,1,Unspecified,1921,2026-08-21T17:21:26.6904105+09:00,2026-08-21T17:21:27.1904105+09:00,1034.842781,1035.342781,30,30,-0.092509,0.001928,0.000000,0.000000,0.000000,0.000120,0
20260821_170411_847,1,Unspecified,1922,2026-08-21T17:21:27.1904105+09:00,2026-08-21T17:21:27.6904105+09:00,1035.342781,1035.842781,30,30,-0.092656,0.001186,0.000000,0.000000,0.000000,0.000295,0
20260821_170411_847,1,Unspecified,1923,2026-08-21T17:21:27.6904105+09:00,2026-08-21T17:21:28.1904105+09:00,1035.842781,1036.342781,30,30,-0.092408,0.000934,0.000000,0.000000,0.000000,0.000183,0
20260821_170411_847,1,Unspecified,1924,2026-08-21T17:21:28.1904105+09:00,2026-08-21T17:21:28.6904105+09:00,1036.342781,1036.842781,30,30,-0.092482,0.000678,0.000000,0.000000,0.000000,0.000173,0
20260821_170411_847,1,Unspecified,1925,2026-08-21T17:21:28.6904105+09:00,2026-08-21T17:21:29.1904105+09:00,1036.842781,1037.342781,30,30,-0.092078,0.001679,0.000000,0.000000,0.000000,0.000470,0
20260821_170411_847,1,Unspecified,1926,2026-08-21T17:21:29.1904105+09:00,2026-08-21T17:21:29.6904105+09:00,1037.342781,1037.842781,30,30,-0.091794,0.002576,0.000000,0.000000,0.000000,0.000278,0
20260821_170411_847,1,Unspecified,1927,2026-08-21T17:21:29.6904105+09:00,2026-08-21T17:21:30.1904105+09:00,1037.842781,1038.342781,30,30,-0.091793,0.002589,0.000000,0.000000,0.000000,0.000404,0
20260821_170411_847,1,Unspecified,1928,2026-08-21T17:21:30.1904105+09:00,2026-08-21T17:21:30.6904105+09:00,1038.342781,1038.842781,30,30,-0.092036,0.002248,0.000000,0.000000,0.000000,0.000074,0
20260821_170411_847,1,Unspecified,1929,2026-08-21T17:21:30.6904105+09:00,2026-08-21T17:21:31.1904105+09:00,1038.842781,1039.342781,30,30,-0.092076,0.002173,0.000000,0.000000,0.000000,0.000302,0
20260821_170411_847,1,Unspecified,1930,2026-08-21T17:21:31.1904105+09:00,2026-08-21T17:21:31.6904105+09:00,1039.342781,1039.842781,30,30,-0.092170,0.002145,0.000000,0.000000,0.000000,0.000249,0
20260821_170411_847,1,Unspecified,1931,2026-08-21T17:21:31.6904105+09:00,2026-08-21T17:21:32.1904105+09:00,1039.842781,1040.342781,30,30,-0.092122,0.002628,0.000000,0.000000,0.000000,0.000136,0
20260821_170411_847,1,Unspecified,1932,2026-08-21T17:21:32.1904105+09:00,2026-08-21T17:21:32.6904105+09:00,1040.342781,1040.842781,30,30,-0.092167,0.002890,0.000000,0.000000,0.000000,0.000103,0
20260821_170411_847,1,Unspecified,1933,2026-08-21T17:21:32.6904105+09:00,2026-08-21T17:21:33.1904105+09:00,1040.842781,1041.342781,30,30,-0.092425,0.002290,0.000000,0.000000,0.000000,0.000281,0
20260821_170411_847,1,Unspecified,1934,2026-08-21T17:21:33.1904105+09:00,2026-08-21T17:21:33.6904105+09:00,1041.342781,1041.842781,30,30,-0.092490,0.002015,0.000000,0.000000,0.000000,0.000129,0
20260821_170411_847,1,Unspecified,1935,2026-08-21T17:21:33.6904105+09:00,2026-08-21T17:21:34.1904105+09:00,1041.842781,1042.342781,30,30,-0.092435,0.002105,0.000000,0.000000,0.000000,0.000087,0
20260821_170411_847,1,Unspecified,1936,2026-08-21T17:21:34.1904105+09:00,2026-08-21T17:21:34.6904105+09:00,1042.342781,1042.842781,30,30,-0.092433,0.002166,0.000000,0.000000,0.000000,0.000223,0
20260821_170411_847,1,Unspecified,1937,2026-08-21T17:21:34.6904105+09:00,2026-08-21T17:21:35.1904105+09:00,1042.842781,1043.342781,30,30,-0.092809,0.001505,0.000000,0.000000,0.000000,0.000096,0
20260821_170411_847,1,Unspecified,1938,2026-08-21T17:21:35.1904105+09:00,2026-08-21T17:21:35.6904105+09:00,1043.342781,1043.842781,30,30,-0.093039,0.001080,0.000000,0.000000,0.000000,0.000205,0
20260821_170411_847,1,Unspecified,1939,2026-08-21T17:21:35.6904105+09:00,2026-08-21T17:21:36.1904105+09:00,1043.842781,1044.342781,30,30,-0.092905,0.001373,0.000000,0.000000,0.000000,0.000254,0
20260821_170411_847,1,Unspecified,1940,2026-08-21T17:21:36.1904105+09:00,2026-08-21T17:21:36.6904105+09:00,1044.342781,1044.842781,30,30,-0.092809,0.001491,0.000000,0.000000,0.000000,0.000127,0
20260821_170411_847,1,Unspecified,1941,2026-08-21T17:21:36.6904105+09:00,2026-08-21T17:21:37.1904105+09:00,1044.842781,1045.342781,30,30,-0.092580,0.001784,0.000000,0.000000,0.000000,0.000175,0
20260821_170411_847,1,Unspecified,1942,2026-08-21T17:21:37.1904105+09:00,2026-08-21T17:21:37.6904105+09:00,1045.342781,1045.842781,30,30,-0.092656,0.001656,0.000000,0.000000,0.000000,0.000138,0
20260821_170411_847,1,Unspecified,1943,2026-08-21T17:21:37.6904105+09:00,2026-08-21T17:21:38.1904105+09:00,1045.842781,1046.342781,30,30,-0.093059,0.000883,0.000000,0.000000,0.000000,0.000485,0
20260821_170411_847,1,Unspecified,1944,2026-08-21T17:21:38.1904105+09:00,2026-08-21T17:21:38.6904105+09:00,1046.342781,1046.842781,30,30,-0.092913,0.001600,0.000000,0.000000,0.000000,0.000695,0
20260821_170411_847,1,Unspecified,1945,2026-08-21T17:21:38.6904105+09:00,2026-08-21T17:21:39.1904105+09:00,1046.842781,1047.342781,30,30,-0.092725,0.002301,0.000001,0.000002,0.000001,0.001724,0
20260821_170411_847,1,Unspecified,1946,2026-08-21T17:21:39.1904105+09:00,2026-08-21T17:21:39.6904105+09:00,1047.342781,1047.842781,30,30,-0.092135,0.003037,0.000001,0.000004,0.000002,0.002128,0
20260821_170411_847,1,Unspecified,1947,2026-08-21T17:21:39.6904105+09:00,2026-08-21T17:21:40.1904105+09:00,1047.842781,1048.342781,30,30,-0.093827,-0.000437,0.000000,0.000000,0.000000,0.000389,0
20260821_170411_847,1,Unspecified,1948,2026-08-21T17:21:40.1904105+09:00,2026-08-21T17:21:40.6904105+09:00,1048.342781,1048.842781,30,30,-0.094583,-0.001810,0.000000,0.000000,0.000000,0.000679,0
20260821_170411_847,1,Unspecified,1949,2026-08-21T17:21:40.6904105+09:00,2026-08-21T17:21:41.1904105+09:00,1048.842781,1049.342781,29,29,-0.094429,-0.001323,0.000000,0.000001,0.000000,0.000905,0
20260821_170411_847,1,Unspecified,1950,2026-08-21T17:21:41.1904105+09:00,2026-08-21T17:21:41.6904105+09:00,1049.342781,1049.842781,30,30,-0.094638,-0.002071,0.000000,0.000000,0.000000,0.000537,0
20260821_170411_847,1,Unspecified,1951,2026-08-21T17:21:41.6904105+09:00,2026-08-21T17:21:42.1904105+09:00,1049.842781,1050.342781,30,30,-0.094331,-0.001916,0.000000,0.000000,0.000000,0.000590,0
20260821_170411_847,1,Unspecified,1952,2026-08-21T17:21:42.1904105+09:00,2026-08-21T17:21:42.6904105+09:00,1050.342781,1050.842781,30,30,-0.093928,-0.000836,0.000000,0.000000,0.000000,0.000198,0
20260821_170411_847,1,Unspecified,1953,2026-08-21T17:21:42.6904105+09:00,2026-08-21T17:21:43.1904105+09:00,1050.842781,1051.342781,31,31,-0.093472,0.000093,0.000000,0.000000,0.000000,0.000732,0
20260821_170411_847,1,Unspecified,1954,2026-08-21T17:21:43.1904105+09:00,2026-08-21T17:21:43.6904105+09:00,1051.342781,1051.842781,29,29,-0.093991,-0.001047,0.000000,0.000000,0.000000,0.000652,0
20260821_170411_847,1,Unspecified,1955,2026-08-21T17:21:43.6904105+09:00,2026-08-21T17:21:44.1904105+09:00,1051.842781,1052.342781,30,30,-0.094490,-0.002017,0.000000,0.000001,0.000000,0.000897,0
20260821_170411_847,1,Unspecified,1956,2026-08-21T17:21:44.1904105+09:00,2026-08-21T17:21:44.6904105+09:00,1052.342781,1052.842781,30,30,-0.094272,-0.001661,0.000000,0.000001,0.000000,0.000890,0
20260821_170411_847,1,Unspecified,1957,2026-08-21T17:21:44.6904105+09:00,2026-08-21T17:21:45.1904105+09:00,1052.842781,1053.342781,30,30,-0.093936,-0.000713,0.000000,0.000000,0.000000,0.000258,0
20260821_170411_847,1,Unspecified,1958,2026-08-21T17:21:45.1904105+09:00,2026-08-21T17:21:45.6904105+09:00,1053.342781,1053.842781,30,30,-0.093876,-0.000784,0.000000,0.000000,0.000000,0.000361,0
20260821_170411_847,1,Unspecified,1959,2026-08-21T17:21:45.6904105+09:00,2026-08-21T17:21:46.1904105+09:00,1053.842781,1054.342781,30,30,-0.093575,-0.000101,0.000000,0.000000,0.000000,0.000506,0
20260821_170411_847,1,Unspecified,1960,2026-08-21T17:21:46.1904105+09:00,2026-08-21T17:21:46.6904105+09:00,1054.342781,1054.842781,30,30,-0.093496,0.000293,0.000000,0.000000,0.000000,0.000473,0
20260821_170411_847,1,Unspecified,1961,2026-08-21T17:21:46.6904105+09:00,2026-08-21T17:21:47.1904105+09:00,1054.842781,1055.342781,30,30,-0.093692,-0.000108,0.000000,0.000000,0.000000,0.000238,0
20260821_170411_847,1,Unspecified,1962,2026-08-21T17:21:47.1904105+09:00,2026-08-21T17:21:47.6904105+09:00,1055.342781,1055.842781,30,30,-0.094039,-0.000855,0.000000,0.000001,0.000000,0.000784,0
20260821_170411_847,1,Unspecified,1963,2026-08-21T17:21:47.6904105+09:00,2026-08-21T17:21:48.1904105+09:00,1055.842781,1056.342781,30,30,-0.093856,-0.000571,0.000000,0.000000,0.000000,0.000667,0
20260821_170411_847,1,Unspecified,1964,2026-08-21T17:21:48.1904105+09:00,2026-08-21T17:21:48.6904105+09:00,1056.342781,1056.842781,31,31,-0.093955,-0.000574,0.000000,0.000000,0.000000,0.000538,0
20260821_170411_847,1,Unspecified,1965,2026-08-21T17:21:48.6904105+09:00,2026-08-21T17:21:49.1904105+09:00,1056.842781,1057.342781,29,29,-0.093887,-0.000166,0.000000,0.000001,0.000000,0.001000,0
20260821_170411_847,1,Unspecified,1966,2026-08-21T17:21:49.1904105+09:00,2026-08-21T17:21:49.6904105+09:00,1057.342781,1057.842781,30,30,-0.092933,0.001262,0.000000,0.000000,0.000000,0.000221,0
20260821_170411_847,1,Unspecified,1967,2026-08-21T17:21:49.6904105+09:00,2026-08-21T17:21:50.1904105+09:00,1057.842781,1058.342781,30,30,-0.092329,0.002037,0.000000,0.000000,0.000000,0.000243,0
20260821_170411_847,1,Unspecified,1968,2026-08-21T17:21:50.1904105+09:00,2026-08-21T17:21:50.6904105+09:00,1058.342781,1058.842781,30,30,-0.092456,0.001364,0.000000,0.000002,0.000001,0.001418,0
20260821_170411_847,1,Unspecified,1969,2026-08-21T17:21:50.6904105+09:00,2026-08-21T17:21:51.1904105+09:00,1058.842781,1059.342781,31,31,-0.093927,-0.000815,0.000000,0.000000,0.000000,0.000654,0
20260821_170411_847,1,Unspecified,1970,2026-08-21T17:21:51.1904105+09:00,2026-08-21T17:21:51.6904105+09:00,1059.342781,1059.842781,30,30,-0.094640,-0.001768,0.000000,0.000000,0.000000,0.000319,0
20260821_170411_847,1,Unspecified,1971,2026-08-21T17:21:51.6904105+09:00,2026-08-21T17:21:52.1904105+09:00,1059.842781,1060.342781,30,30,-0.094050,-0.000669,0.000000,0.000000,0.000000,0.000627,0
20260821_170411_847,1,Unspecified,1972,2026-08-21T17:21:52.1904105+09:00,2026-08-21T17:21:52.6904105+09:00,1060.342781,1060.842781,30,30,-0.094858,-0.002313,0.000001,0.000003,0.000002,0.002041,0
20260821_170411_847,1,Unspecified,1973,2026-08-21T17:21:52.6904105+09:00,2026-08-21T17:21:53.1904105+09:00,1060.842781,1061.342781,30,30,-0.094502,-0.002249,0.000002,0.000008,0.000004,0.003156,0
20260821_170411_847,1,Unspecified,1974,2026-08-21T17:21:53.1904105+09:00,2026-08-21T17:21:53.6904105+09:00,1061.342781,1061.842781,30,30,-0.093349,0.000955,0.000000,0.000000,0.000000,0.000635,0
20260821_170411_847,1,Unspecified,1975,2026-08-21T17:21:53.6904105+09:00,2026-08-21T17:21:54.1904105+09:00,1061.842781,1062.342781,30,30,-0.093481,0.001161,0.000000,0.000000,0.000000,0.000412,0
20260821_170411_847,1,Unspecified,1976,2026-08-21T17:21:54.1904105+09:00,2026-08-21T17:21:54.6904105+09:00,1062.342781,1062.842781,30,30,-0.093773,0.000650,0.000000,0.000000,0.000000,0.000397,0
20260821_170411_847,1,Unspecified,1977,2026-08-21T17:21:54.6904105+09:00,2026-08-21T17:21:55.1904105+09:00,1062.842781,1063.342781,30,30,-0.093253,0.001812,0.000000,0.000000,0.000000,0.000406,0
20260821_170411_847,1,Unspecified,1978,2026-08-21T17:21:55.1904105+09:00,2026-08-21T17:21:55.6904105+09:00,1063.342781,1063.842781,30,30,-0.092906,0.002472,0.000000,0.000000,0.000000,0.000555,0
20260821_170411_847,1,Unspecified,1979,2026-08-21T17:21:55.6904105+09:00,2026-08-21T17:21:56.1904105+09:00,1063.842781,1064.342781,30,30,-0.094502,-0.000699,0.000000,0.000001,0.000000,0.000899,0
20260821_170411_847,1,Unspecified,1980,2026-08-21T17:21:56.1904105+09:00,2026-08-21T17:21:56.6904105+09:00,1064.342781,1064.842781,30,30,-0.094195,-0.000322,0.000000,0.000000,0.000000,0.000638,0
20260821_170411_847,1,Unspecified,1981,2026-08-21T17:21:56.6904105+09:00,2026-08-21T17:21:57.1904105+09:00,1064.842781,1065.342781,30,30,-0.094866,-0.002496,0.000000,0.000001,0.000001,0.001309,0
20260821_170411_847,1,Unspecified,1982,2026-08-21T17:21:57.1904105+09:00,2026-08-21T17:21:57.6904105+09:00,1065.342781,1065.842781,30,30,-0.094562,-0.002595,0.000000,0.000001,0.000000,0.000955,0
20260821_170411_847,1,Unspecified,1983,2026-08-21T17:21:57.6904105+09:00,2026-08-21T17:21:58.1904105+09:00,1065.842781,1066.342781,30,30,-0.094134,-0.001518,0.000000,0.000001,0.000001,0.001399,0
20260821_170411_847,1,Unspecified,1984,2026-08-21T17:21:58.1904105+09:00,2026-08-21T17:21:58.6904105+09:00,1066.342781,1066.842781,30,30,-0.094374,-0.001739,0.000000,0.000000,0.000000,0.000550,0
20260821_170411_847,1,Unspecified,1985,2026-08-21T17:21:58.6904105+09:00,2026-08-21T17:21:59.1904105+09:00,1066.842781,1067.342781,30,30,-0.094262,-0.001563,0.000000,0.000001,0.000000,0.000801,0
20260821_170411_847,1,Unspecified,1986,2026-08-21T17:21:59.1904105+09:00,2026-08-21T17:21:59.6904105+09:00,1067.342781,1067.842781,30,30,-0.094150,-0.001685,0.000000,0.000000,0.000000,0.000364,0
20260821_170411_847,1,Unspecified,1987,2026-08-21T17:21:59.6904105+09:00,2026-08-21T17:22:00.1904105+09:00,1067.842781,1068.342781,30,30,-0.094184,-0.001799,0.000000,0.000000,0.000000,0.000598,0
20260821_170411_847,1,Unspecified,1988,2026-08-21T17:22:00.1904105+09:00,2026-08-21T17:22:00.6904105+09:00,1068.342781,1068.842781,30,30,-0.093941,-0.001384,0.000000,0.000000,0.000000,0.000383,0
20260821_170411_847,1,Unspecified,1989,2026-08-21T17:22:00.6904105+09:00,2026-08-21T17:22:01.1904105+09:00,1068.842781,1069.342781,30,30,-0.093903,-0.001447,0.000000,0.000000,0.000000,0.000606,0
20260821_170411_847,1,Unspecified,1990,2026-08-21T17:22:01.1904105+09:00,2026-08-21T17:22:01.6904105+09:00,1069.342781,1069.842781,30,30,-0.093880,-0.001747,0.000000,0.000000,0.000000,0.000314,0
20260821_170411_847,1,Unspecified,1991,2026-08-21T17:22:01.6904105+09:00,2026-08-21T17:22:02.1904105+09:00,1069.842781,1070.342781,30,30,-0.094134,-0.002387,0.000000,0.000000,0.000000,0.000201,0
20260821_170411_847,1,Unspecified,1992,2026-08-21T17:22:02.1904105+09:00,2026-08-21T17:22:02.6904105+09:00,1070.342781,1070.842781,30,30,-0.094299,-0.002689,0.000000,0.000000,0.000000,0.000292,0
20260821_170411_847,1,Unspecified,1993,2026-08-21T17:22:02.6904105+09:00,2026-08-21T17:22:03.1904105+09:00,1070.842781,1071.342781,30,30,-0.094590,-0.003167,0.000000,0.000000,0.000000,0.000537,0
20260821_170411_847,1,Unspecified,1994,2026-08-21T17:22:03.1904105+09:00,2026-08-21T17:22:03.6904105+09:00,1071.342781,1071.842781,30,30,-0.094231,-0.002615,0.000000,0.000000,0.000000,0.000607,0
20260821_170411_847,1,Unspecified,1995,2026-08-21T17:22:03.6904105+09:00,2026-08-21T17:22:04.1904105+09:00,1071.842781,1072.342781,30,30,-0.094192,-0.002202,0.000000,0.000000,0.000000,0.000445,0
20260821_170411_847,1,Unspecified,1996,2026-08-21T17:22:04.1904105+09:00,2026-08-21T17:22:04.6904105+09:00,1072.342781,1072.842781,30,30,-0.094259,-0.002363,0.000000,0.000000,0.000000,0.000401,0
20260821_170411_847,1,Unspecified,1997,2026-08-21T17:22:04.6904105+09:00,2026-08-21T17:22:05.1904105+09:00,1072.842781,1073.342781,30,30,-0.094317,-0.002551,0.000000,0.000000,0.000000,0.000245,0
20260821_170411_847,1,Unspecified,1998,2026-08-21T17:22:05.1904105+09:00,2026-08-21T17:22:05.6904105+09:00,1073.342781,1073.842781,30,30,-0.094207,-0.002425,0.000000,0.000000,0.000000,0.000120,0
20260821_170411_847,1,Unspecified,1999,2026-08-21T17:22:05.6904105+09:00,2026-08-21T17:22:06.1904105+09:00,1073.842781,1074.342781,30,30,-0.094130,-0.002384,0.000000,0.000000,0.000000,0.000239,0
20260821_170411_847,1,Unspecified,2000,2026-08-21T17:22:06.1904105+09:00,2026-08-21T17:22:06.6904105+09:00,1074.342781,1074.842781,30,30,-0.094092,-0.002382,0.000000,0.000000,0.000000,0.000414,0
20260821_170411_847,1,Unspecified,2001,2026-08-21T17:22:06.6904105+09:00,2026-08-21T17:22:07.1904105+09:00,1074.842781,1075.342781,30,30,-0.094029,-0.002181,0.000000,0.000000,0.000000,0.000152,0
20260821_170411_847,1,Unspecified,2002,2026-08-21T17:22:07.1904105+09:00,2026-08-21T17:22:07.6904105+09:00,1075.342781,1075.842781,30,30,-0.094070,-0.002378,0.000000,0.000000,0.000000,0.000164,0
20260821_170411_847,1,Unspecified,2003,2026-08-21T17:22:07.6904105+09:00,2026-08-21T17:22:08.1904105+09:00,1075.842781,1076.342781,30,30,-0.093953,-0.002306,0.000000,0.000000,0.000000,0.000334,0
20260821_170411_847,1,Unspecified,2004,2026-08-21T17:22:08.1904105+09:00,2026-08-21T17:22:08.6904105+09:00,1076.342781,1076.842781,30,30,-0.093978,-0.002450,0.000000,0.000000,0.000000,0.000408,0
20260821_170411_847,1,Unspecified,2005,2026-08-21T17:22:08.6904105+09:00,2026-08-21T17:22:09.1904105+09:00,1076.842781,1077.342781,30,30,-0.094123,-0.002371,0.000000,0.000000,0.000000,0.000394,0
20260821_170411_847,1,Unspecified,2006,2026-08-21T17:22:09.1904105+09:00,2026-08-21T17:22:09.6904105+09:00,1077.342781,1077.842781,30,30,-0.094225,-0.002757,0.000000,0.000000,0.000000,0.000432,0
20260821_170411_847,1,Unspecified,2007,2026-08-21T17:22:09.6904105+09:00,2026-08-21T17:22:10.1904105+09:00,1077.842781,1078.342781,30,30,-0.094142,-0.002784,0.000000,0.000000,0.000000,0.000640,0
20260821_170411_847,1,Unspecified,2008,2026-08-21T17:22:10.1904105+09:00,2026-08-21T17:22:10.6904105+09:00,1078.342781,1078.842781,30,30,-0.094076,-0.002706,0.000000,0.000000,0.000000,0.000282,0
20260821_170411_847,1,Unspecified,2009,2026-08-21T17:22:10.6904105+09:00,2026-08-21T17:22:11.1904105+09:00,1078.842781,1079.342781,30,30,-0.094246,-0.003513,0.000000,0.000000,0.000000,0.000453,0
20260821_170411_847,1,Unspecified,2010,2026-08-21T17:22:11.1904105+09:00,2026-08-21T17:22:11.6904105+09:00,1079.342781,1079.842781,30,30,-0.094174,-0.003459,0.000000,0.000000,0.000000,0.000198,0
20260821_170411_847,1,Unspecified,2011,2026-08-21T17:22:11.6904105+09:00,2026-08-21T17:22:12.1904105+09:00,1079.842781,1080.342781,30,30,-0.094062,-0.002965,0.000000,0.000000,0.000000,0.000726,0
20260821_170411_847,1,Unspecified,2012,2026-08-21T17:22:12.1904105+09:00,2026-08-21T17:22:12.6904105+09:00,1080.342781,1080.842781,30,30,-0.093796,-0.002324,0.000000,0.000000,0.000000,0.000444,0
20260821_170411_847,1,Unspecified,2013,2026-08-21T17:22:12.6904105+09:00,2026-08-21T17:22:13.1904105+09:00,1080.842781,1081.342781,30,30,-0.093855,-0.002358,0.000000,0.000000,0.000000,0.000168,0
20260821_170411_847,1,Unspecified,2014,2026-08-21T17:22:13.1904105+09:00,2026-08-21T17:22:13.6904105+09:00,1081.342781,1081.842781,30,30,-0.094190,-0.002809,0.000000,0.000000,0.000000,0.000396,0
20260821_170411_847,1,Unspecified,2015,2026-08-21T17:22:13.6904105+09:00,2026-08-21T17:22:14.1904105+09:00,1081.842781,1082.342781,30,30,-0.093942,-0.001424,0.000000,0.000000,0.000000,0.000389,0
20260821_170411_847,1,Unspecified,2016,2026-08-21T17:22:14.1904105+09:00,2026-08-21T17:22:14.6904105+09:00,1082.342781,1082.842781,30,30,-0.093509,-0.000752,0.000000,0.000000,0.000000,0.000482,0
20260821_170411_847,1,Unspecified,2017,2026-08-21T17:22:14.6904105+09:00,2026-08-21T17:22:15.1904105+09:00,1082.842781,1083.342781,30,30,-0.094378,-0.002654,0.000000,0.000000,0.000000,0.000373,0
20260821_170411_847,1,Unspecified,2018,2026-08-21T17:22:15.1904105+09:00,2026-08-21T17:22:15.6904105+09:00,1083.342781,1083.842781,30,30,-0.094153,-0.002442,0.000000,0.000000,0.000000,0.000371,0
20260821_170411_847,1,Unspecified,2019,2026-08-21T17:22:15.6904105+09:00,2026-08-21T17:22:16.1904105+09:00,1083.842781,1084.342781,30,30,-0.093957,-0.002285,0.000000,0.000000,0.000000,0.000563,0
20260821_170411_847,1,Unspecified,2020,2026-08-21T17:22:16.1904105+09:00,2026-08-21T17:22:16.6904105+09:00,1084.342781,1084.842781,30,30,-0.093928,-0.002060,0.000000,0.000000,0.000000,0.000576,0
20260821_170411_847,1,Unspecified,2021,2026-08-21T17:22:16.6904105+09:00,2026-08-21T17:22:17.1904105+09:00,1084.842781,1085.342781,30,30,-0.093937,-0.002024,0.000000,0.000000,0.000000,0.000777,0
20260821_170411_847,1,Unspecified,2022,2026-08-21T17:22:17.1904105+09:00,2026-08-21T17:22:17.6904105+09:00,1085.342781,1085.842781,30,30,-0.093774,-0.002016,0.000000,0.000000,0.000000,0.000763,0
20260821_170411_847,1,Unspecified,2023,2026-08-21T17:22:17.6904105+09:00,2026-08-21T17:22:18.1904105+09:00,1085.842781,1086.342781,30,30,-0.092423,0.000654,0.000000,0.000001,0.000000,0.000950,0
20260821_170411_847,1,Unspecified,2024,2026-08-21T17:22:18.1904105+09:00,2026-08-21T17:22:18.6904105+09:00,1086.342781,1086.842781,30,30,-0.091953,0.001515,0.000000,0.000000,0.000000,0.000159,0
20260821_170411_847,1,Unspecified,2025,2026-08-21T17:22:18.6904105+09:00,2026-08-21T17:22:19.1904105+09:00,1086.842781,1087.342781,30,30,-0.092271,0.001088,0.000000,0.000000,0.000000,0.000181,0
20260821_170411_847,1,Unspecified,2026,2026-08-21T17:22:19.1904105+09:00,2026-08-21T17:22:19.6904105+09:00,1087.342781,1087.842781,30,30,-0.092298,0.001265,0.000000,0.000000,0.000000,0.000249,0
20260821_170411_847,1,Unspecified,2027,2026-08-21T17:22:19.6904105+09:00,2026-08-21T17:22:20.1904105+09:00,1087.842781,1088.342781,30,30,-0.092318,0.001410,0.000000,0.000000,0.000000,0.000335,0
20260821_170411_847,1,Unspecified,2028,2026-08-21T17:22:20.1904105+09:00,2026-08-21T17:22:20.6904105+09:00,1088.342781,1088.842781,30,30,-0.092314,0.001048,0.000000,0.000000,0.000000,0.000374,0
20260821_170411_847,1,Unspecified,2029,2026-08-21T17:22:20.6904105+09:00,2026-08-21T17:22:21.1904105+09:00,1088.842781,1089.342781,30,30,-0.092170,0.001395,0.000000,0.000000,0.000000,0.000277,0
20260821_170411_847,1,Unspecified,2030,2026-08-21T17:22:21.1904105+09:00,2026-08-21T17:22:21.6904105+09:00,1089.342781,1089.842781,30,30,-0.092126,0.001516,0.000000,0.000000,0.000000,0.000236,0
20260821_170411_847,1,Unspecified,2031,2026-08-21T17:22:21.6904105+09:00,2026-08-21T17:22:22.1904105+09:00,1089.842781,1090.342781,30,30,-0.092216,0.001357,0.000000,0.000000,0.000000,0.000211,0
20260821_170411_847,1,Unspecified,2032,2026-08-21T17:22:22.1904105+09:00,2026-08-21T17:22:22.6904105+09:00,1090.342781,1090.842781,30,30,-0.092351,0.001304,0.000000,0.000000,0.000000,0.000236,0
20260821_170411_847,1,Unspecified,2033,2026-08-21T17:22:22.6904105+09:00,2026-08-21T17:22:23.1904105+09:00,1090.842781,1091.342781,30,30,-0.092508,0.001260,0.000000,0.000000,0.000000,0.000203,0
20260821_170411_847,1,Unspecified,2034,2026-08-21T17:22:23.1904105+09:00,2026-08-21T17:22:23.6904105+09:00,1091.342781,1091.842781,30,30,-0.092317,0.001336,0.000000,0.000000,0.000000,0.000348,0
20260821_170411_847,1,Unspecified,2035,2026-08-21T17:22:23.6904105+09:00,2026-08-21T17:22:24.1904105+09:00,1091.842781,1092.342781,30,30,-0.091984,0.001865,0.000000,0.000000,0.000000,0.000661,0
20260821_170411_847,1,Unspecified,2036,2026-08-21T17:22:24.1904105+09:00,2026-08-21T17:22:24.6904105+09:00,1092.342781,1092.842781,30,30,-0.092132,0.001558,0.000000,0.000000,0.000000,0.000503,0
20260821_170411_847,1,Unspecified,2037,2026-08-21T17:22:24.6904105+09:00,2026-08-21T17:22:25.1904105+09:00,1092.842781,1093.342781,30,30,-0.092245,0.001141,0.000000,0.000000,0.000000,0.000441,0
20260821_170411_847,1,Unspecified,2038,2026-08-21T17:22:25.1904105+09:00,2026-08-21T17:22:25.6904105+09:00,1093.342781,1093.842781,30,30,-0.092333,0.001170,0.000000,0.000000,0.000000,0.000239,0
20260821_170411_847,1,Unspecified,2039,2026-08-21T17:22:25.6904105+09:00,2026-08-21T17:22:26.1904105+09:00,1093.842781,1094.342781,30,30,-0.092301,0.001515,0.000000,0.000000,0.000000,0.000237,0
20260821_170411_847,1,Unspecified,2040,2026-08-21T17:22:26.1904105+09:00,2026-08-21T17:22:26.6904105+09:00,1094.342781,1094.842781,30,30,-0.092191,0.001606,0.000000,0.000000,0.000000,0.000250,0
20260821_170411_847,1,Unspecified,2041,2026-08-21T17:22:26.6904105+09:00,2026-08-21T17:22:27.1904105+09:00,1094.842781,1095.342781,30,30,-0.092029,0.001839,0.000000,0.000000,0.000000,0.000277,0
20260821_170411_847,1,Unspecified,2042,2026-08-21T17:22:27.1904105+09:00,2026-08-21T17:22:27.6904105+09:00,1095.342781,1095.842781,30,30,-0.092024,0.001814,0.000000,0.000000,0.000000,0.000248,0
20260821_170411_847,1,Unspecified,2043,2026-08-21T17:22:27.6904105+09:00,2026-08-21T17:22:28.1904105+09:00,1095.842781,1096.342781,30,30,-0.091932,0.002026,0.000000,0.000000,0.000000,0.000247,0
20260821_170411_847,1,Unspecified,2044,2026-08-21T17:22:28.1904105+09:00,2026-08-21T17:22:28.6904105+09:00,1096.342781,1096.842781,30,30,-0.091951,0.002350,0.000000,0.000000,0.000000,0.000233,0
20260821_170411_847,1,Unspecified,2045,2026-08-21T17:22:28.6904105+09:00,2026-08-21T17:22:29.1904105+09:00,1096.842781,1097.342781,30,30,-0.091954,0.002525,0.000000,0.000000,0.000000,0.000261,0
20260821_170411_847,1,Unspecified,2046,2026-08-21T17:22:29.1904105+09:00,2026-08-21T17:22:29.6904105+09:00,1097.342781,1097.842781,30,30,-0.091812,0.002657,0.000000,0.000000,0.000000,0.000164,0
20260821_170411_847,1,Unspecified,2047,2026-08-21T17:22:29.6904105+09:00,2026-08-21T17:22:30.1904105+09:00,1097.842781,1098.342781,30,30,-0.091699,0.002629,0.000000,0.000000,0.000000,0.000246,0
20260821_170411_847,1,Unspecified,2048,2026-08-21T17:22:30.1904105+09:00,2026-08-21T17:22:30.6904105+09:00,1098.342781,1098.842781,30,30,-0.091551,0.002794,0.000000,0.000000,0.000000,0.000221,0
20260821_170411_847,1,Unspecified,2049,2026-08-21T17:22:30.6904105+09:00,2026-08-21T17:22:31.1904105+09:00,1098.842781,1099.342781,30,30,-0.091683,0.002607,0.000000,0.000000,0.000000,0.000453,0
20260821_170411_847,1,Unspecified,2050,2026-08-21T17:22:31.1904105+09:00,2026-08-21T17:22:31.6904105+09:00,1099.342781,1099.842781,30,30,-0.091689,0.002688,0.000000,0.000000,0.000000,0.000571,0
20260821_170411_847,1,Unspecified,2051,2026-08-21T17:22:31.6904105+09:00,2026-08-21T17:22:32.1904105+09:00,1099.842781,1100.342781,30,30,-0.091673,0.003051,0.000000,0.000000,0.000000,0.000451,0
20260821_170411_847,1,Unspecified,2052,2026-08-21T17:22:32.1904105+09:00,2026-08-21T17:22:32.6904105+09:00,1100.342781,1100.842781,30,30,-0.091792,0.003077,0.000000,0.000000,0.000000,0.000233,0
20260821_170411_847,1,Unspecified,2053,2026-08-21T17:22:32.6904105+09:00,2026-08-21T17:22:33.1904105+09:00,1100.842781,1101.342781,30,30,-0.091675,0.003072,0.000000,0.000000,0.000000,0.000079,0
20260821_170411_847,1,Unspecified,2054,2026-08-21T17:22:33.1904105+09:00,2026-08-21T17:22:33.6904105+09:00,1101.342781,1101.842781,30,30,-0.091664,0.003007,0.000000,0.000000,0.000000,0.000138,0
20260821_170411_847,1,Unspecified,2055,2026-08-21T17:22:33.6904105+09:00,2026-08-21T17:22:34.1904105+09:00,1101.842781,1102.342781,30,30,-0.091700,0.002895,0.000000,0.000000,0.000000,0.000231,0
20260821_170411_847,1,Unspecified,2056,2026-08-21T17:22:34.1904105+09:00,2026-08-21T17:22:34.6904105+09:00,1102.342781,1102.842781,30,30,-0.091785,0.002850,0.000000,0.000000,0.000000,0.000151,0
20260821_170411_847,1,Unspecified,2057,2026-08-21T17:22:34.6904105+09:00,2026-08-21T17:22:35.1904105+09:00,1102.842781,1103.342781,30,30,-0.091979,0.002897,0.000000,0.000000,0.000000,0.000216,0
20260821_170411_847,1,Unspecified,2058,2026-08-21T17:22:35.1904105+09:00,2026-08-21T17:22:35.6904105+09:00,1103.342781,1103.842781,30,30,-0.092002,0.002819,0.000000,0.000000,0.000000,0.000427,0
20260821_170411_847,1,Unspecified,2059,2026-08-21T17:22:35.6904105+09:00,2026-08-21T17:22:36.1904105+09:00,1103.842781,1104.342781,30,30,-0.091966,0.002538,0.000000,0.000000,0.000000,0.000596,0
20260821_170411_847,1,Unspecified,2060,2026-08-21T17:22:36.1904105+09:00,2026-08-21T17:22:36.6904105+09:00,1104.342781,1104.842781,30,30,-0.091875,0.002516,0.000000,0.000000,0.000000,0.000217,0
20260821_170411_847,1,Unspecified,2061,2026-08-21T17:22:36.6904105+09:00,2026-08-21T17:22:37.1904105+09:00,1104.842781,1105.342781,30,30,-0.091802,0.002660,0.000000,0.000000,0.000000,0.000313,0
20260821_170411_847,1,Unspecified,2062,2026-08-21T17:22:37.1904105+09:00,2026-08-21T17:22:37.6904105+09:00,1105.342781,1105.842781,30,30,-0.091894,0.002598,0.000000,0.000000,0.000000,0.000422,0
20260821_170411_847,1,Unspecified,2063,2026-08-21T17:22:37.6904105+09:00,2026-08-21T17:22:38.1904105+09:00,1105.842781,1106.342781,30,30,-0.091595,0.003618,0.000000,0.000000,0.000000,0.000475,0
20260821_170411_847,1,Unspecified,2064,2026-08-21T17:22:38.1904105+09:00,2026-08-21T17:22:38.6904105+09:00,1106.342781,1106.842781,30,30,-0.091609,0.003547,0.000000,0.000000,0.000000,0.000796,0
20260821_170411_847,1,Unspecified,2065,2026-08-21T17:22:38.6904105+09:00,2026-08-21T17:22:39.1904105+09:00,1106.842781,1107.342781,30,30,-0.091298,0.003584,0.000000,0.000000,0.000000,0.000759,0
20260821_170411_847,1,Unspecified,2066,2026-08-21T17:22:39.1904105+09:00,2026-08-21T17:22:39.6904105+09:00,1107.342781,1107.842781,30,30,-0.091481,0.003210,0.000000,0.000000,0.000000,0.000127,0
20260821_170411_847,1,Unspecified,2067,2026-08-21T17:22:39.6904105+09:00,2026-08-21T17:22:40.1904105+09:00,1107.842781,1108.342781,30,30,-0.091582,0.003000,0.000000,0.000000,0.000000,0.000267,0
20260821_170411_847,1,Unspecified,2068,2026-08-21T17:22:40.1904105+09:00,2026-08-21T17:22:40.6904105+09:00,1108.342781,1108.842781,30,30,-0.091636,0.003304,0.000000,0.000000,0.000000,0.000358,0
20260821_170411_847,1,Unspecified,2069,2026-08-21T17:22:40.6904105+09:00,2026-08-21T17:22:41.1904105+09:00,1108.842781,1109.342781,30,30,-0.091776,0.003381,0.000000,0.000000,0.000000,0.000450,0
20260821_170411_847,1,Unspecified,2070,2026-08-21T17:22:41.1904105+09:00,2026-08-21T17:22:41.6904105+09:00,1109.342781,1109.842781,30,30,-0.091581,0.003594,0.000000,0.000000,0.000000,0.000386,0
20260821_170411_847,1,Unspecified,2071,2026-08-21T17:22:41.6904105+09:00,2026-08-21T17:22:42.1904105+09:00,1109.842781,1110.342781,30,30,-0.091606,0.003306,0.000000,0.000000,0.000000,0.000159,0
20260821_170411_847,1,Unspecified,2072,2026-08-21T17:22:42.1904105+09:00,2026-08-21T17:22:42.6904105+09:00,1110.342781,1110.842781,30,30,-0.091500,0.003407,0.000000,0.000000,0.000000,0.000232,0
20260821_170411_847,1,Unspecified,2073,2026-08-21T17:22:42.6904105+09:00,2026-08-21T17:22:43.1904105+09:00,1110.842781,1111.342781,30,30,-0.091449,0.003496,0.000000,0.000000,0.000000,0.000262,0
20260821_170411_847,1,Unspecified,2074,2026-08-21T17:22:43.1904105+09:00,2026-08-21T17:22:43.6904105+09:00,1111.342781,1111.842781,30,30,-0.091430,0.003884,0.000000,0.000000,0.000000,0.000201,0
20260821_170411_847,1,Unspecified,2075,2026-08-21T17:22:43.6904105+09:00,2026-08-21T17:22:44.1904105+09:00,1111.842781,1112.342781,30,30,-0.091439,0.003883,0.000000,0.000000,0.000000,0.000269,0
20260821_170411_847,1,Unspecified,2076,2026-08-21T17:22:44.1904105+09:00,2026-08-21T17:22:44.6904105+09:00,1112.342781,1112.842781,30,30,-0.091342,0.003615,0.000000,0.000000,0.000000,0.000210,0
20260821_170411_847,1,Unspecified,2077,2026-08-21T17:22:44.6904105+09:00,2026-08-21T17:22:45.1904105+09:00,1112.842781,1113.342781,30,30,-0.091234,0.003578,0.000000,0.000000,0.000000,0.000413,0
20260821_170411_847,1,Unspecified,2078,2026-08-21T17:22:45.1904105+09:00,2026-08-21T17:22:45.6904105+09:00,1113.342781,1113.842781,30,30,-0.091127,0.003502,0.000000,0.000000,0.000000,0.000374,0
20260821_170411_847,1,Unspecified,2079,2026-08-21T17:22:45.6904105+09:00,2026-08-21T17:22:46.1904105+09:00,1113.842781,1114.342781,30,30,-0.090449,0.004286,0.000000,0.000001,0.000000,0.000890,0
20260821_170411_847,1,Unspecified,2080,2026-08-21T17:22:46.1904105+09:00,2026-08-21T17:22:46.6904105+09:00,1114.342781,1114.842781,30,30,-0.089835,0.005166,0.000000,0.000000,0.000000,0.000791,0
20260821_170411_847,1,Unspecified,2081,2026-08-21T17:22:46.6904105+09:00,2026-08-21T17:22:47.1904105+09:00,1114.842781,1115.342781,30,30,-0.090557,0.002625,0.000000,0.000001,0.000001,0.001232,0
20260821_170411_847,1,Unspecified,2082,2026-08-21T17:22:47.1904105+09:00,2026-08-21T17:22:47.6904105+09:00,1115.342781,1115.842781,30,30,-0.091884,0.001085,0.000000,0.000000,0.000000,0.000799,0
20260821_170411_847,1,Unspecified,2083,2026-08-21T17:22:47.6904105+09:00,2026-08-21T17:22:48.1904105+09:00,1115.842781,1116.342781,30,30,-0.093036,0.000239,0.000000,0.000001,0.000000,0.001002,0
20260821_170411_847,1,Unspecified,2084,2026-08-21T17:22:48.1904105+09:00,2026-08-21T17:22:48.6904105+09:00,1116.342781,1116.842781,30,30,-0.093181,-0.000576,0.000000,0.000001,0.000001,0.001257,0
20260821_170411_847,1,Unspecified,2085,2026-08-21T17:22:48.6904105+09:00,2026-08-21T17:22:49.1904105+09:00,1116.842781,1117.342781,30,30,-0.093674,-0.001811,0.000000,0.000000,0.000000,0.000301,0
20260821_170411_847,1,Unspecified,2086,2026-08-21T17:22:49.1904105+09:00,2026-08-21T17:22:49.6904105+09:00,1117.342781,1117.842781,30,30,-0.093408,-0.001184,0.000000,0.000000,0.000000,0.000476,0
20260821_170411_847,1,Unspecified,2087,2026-08-21T17:22:49.6904105+09:00,2026-08-21T17:22:50.1904105+09:00,1117.842781,1118.342781,30,30,-0.093074,-0.000436,0.000000,0.000001,0.000000,0.000891,0
20260821_170411_847,1,Unspecified,2088,2026-08-21T17:22:50.1904105+09:00,2026-08-21T17:22:50.6904105+09:00,1118.342781,1118.842781,30,30,-0.092790,0.000292,0.000000,0.000001,0.000000,0.001053,0
20260821_170411_847,1,Unspecified,2089,2026-08-21T17:22:50.6904105+09:00,2026-08-21T17:22:51.1904105+09:00,1118.842781,1119.342781,30,30,-0.093402,-0.001015,0.000000,0.000000,0.000000,0.000684,0
20260821_170411_847,1,Unspecified,2090,2026-08-21T17:22:51.1904105+09:00,2026-08-21T17:22:51.6904105+09:00,1119.342781,1119.842781,30,30,-0.093428,-0.000841,0.000000,0.000000,0.000000,0.000513,0
20260821_170411_847,1,Unspecified,2091,2026-08-21T17:22:51.6904105+09:00,2026-08-21T17:22:52.1904105+09:00,1119.842781,1120.342781,30,30,-0.093078,-0.000350,0.000000,0.000000,0.000000,0.000534,0
20260821_170411_847,1,Unspecified,2092,2026-08-21T17:22:52.1904105+09:00,2026-08-21T17:22:52.6904105+09:00,1120.342781,1120.842781,30,30,-0.093251,-0.000430,0.000000,0.000000,0.000000,0.000391,0
20260821_170411_847,1,Unspecified,2093,2026-08-21T17:22:52.6904105+09:00,2026-08-21T17:22:53.1904105+09:00,1120.842781,1121.342781,30,30,-0.093179,-0.000585,0.000000,0.000000,0.000000,0.000680,0
20260821_170411_847,1,Unspecified,2094,2026-08-21T17:22:53.1904105+09:00,2026-08-21T17:22:53.6904105+09:00,1121.342781,1121.842781,30,30,-0.093147,-0.000465,0.000000,0.000000,0.000000,0.000357,0
20260821_170411_847,1,Unspecified,2095,2026-08-21T17:22:53.6904105+09:00,2026-08-21T17:22:54.1904105+09:00,1121.842781,1122.342781,30,30,-0.092585,0.000469,0.000000,0.000001,0.000001,0.001203,0
20260821_170411_847,1,Unspecified,2096,2026-08-21T17:22:54.1904105+09:00,2026-08-21T17:22:54.6904105+09:00,1122.342781,1122.842781,30,30,-0.091819,-0.001289,0.000001,0.000010,0.000003,0.003339,0
20260821_170411_847,1,Unspecified,2097,2026-08-21T17:22:54.6904105+09:00,2026-08-21T17:22:55.1904105+09:00,1122.842781,1123.342781,30,30,-0.093201,-0.009810,0.000000,0.000001,0.000000,0.001044,0
20260821_170411_847,1,Unspecified,2098,2026-08-21T17:22:55.1904105+09:00,2026-08-21T17:22:55.6904105+09:00,1123.342781,1123.842781,30,30,-0.093846,-0.014173,0.000001,0.000006,0.000001,0.002768,0
20260821_170411_847,1,Unspecified,2099,2026-08-21T17:22:55.6904105+09:00,2026-08-21T17:22:56.1904105+09:00,1123.842781,1124.342781,30,30,-0.094624,-0.014028,0.000000,0.000007,0.000000,0.002743,0
20260821_170411_847,1,Unspecified,2100,2026-08-21T17:22:56.1904105+09:00,2026-08-21T17:22:56.6904105+09:00,1124.342781,1124.842781,30,30,-0.095186,-0.017273,0.000000,0.000004,0.000000,0.002067,0
20260821_170411_847,1,Unspecified,2101,2026-08-21T17:22:56.6904105+09:00,2026-08-21T17:22:57.1904105+09:00,1124.842781,1125.342781,30,30,-0.094355,-0.008126,0.000001,0.000005,0.000002,0.002407,0
20260821_170411_847,1,Unspecified,2102,2026-08-21T17:22:57.1904105+09:00,2026-08-21T17:22:57.6904105+09:00,1125.342781,1125.842781,30,30,-0.090129,-0.000835,0.000001,0.000004,0.000002,0.002268,0
20260821_170411_847,1,Unspecified,2103,2026-08-21T17:22:57.6904105+09:00,2026-08-21T17:22:58.1904105+09:00,1125.842781,1126.342781,30,30,-0.092559,-0.001497,0.000001,0.000003,0.000002,0.001961,0
20260821_170411_847,1,Unspecified,2104,2026-08-21T17:22:58.1904105+09:00,2026-08-21T17:22:58.6904105+09:00,1126.342781,1126.842781,30,30,-0.094866,-0.004803,0.000000,0.000001,0.000001,0.001299,0
20260821_170411_847,1,Unspecified,2105,2026-08-21T17:22:58.6904105+09:00,2026-08-21T17:22:59.1904105+09:00,1126.842781,1127.342781,30,30,-0.095379,-0.005615,0.000000,0.000001,0.000000,0.000995,0
20260821_170411_847,1,Unspecified,2106,2026-08-21T17:22:59.1904105+09:00,2026-08-21T17:22:59.6904105+09:00,1127.342781,1127.842781,30,30,-0.094292,-0.003092,0.000000,0.000000,0.000000,0.000640,0
20260821_170411_847,1,Unspecified,2107,2026-08-21T17:22:59.6904105+09:00,2026-08-21T17:23:00.1904105+09:00,1127.842781,1128.342781,30,30,-0.094234,-0.003146,0.000000,0.000000,0.000000,0.000633,0
20260821_170411_847,1,Unspecified,2108,2026-08-21T17:23:00.1904105+09:00,2026-08-21T17:23:00.6904105+09:00,1128.342781,1128.842781,30,30,-0.094095,-0.002536,0.000000,0.000000,0.000000,0.000192,0
20260821_170411_847,1,Unspecified,2109,2026-08-21T17:23:00.6904105+09:00,2026-08-21T17:23:01.1904105+09:00,1128.842781,1129.342781,30,30,-0.094383,-0.003354,0.000000,0.000000,0.000000,0.000457,0
20260821_170411_847,1,Unspecified,2110,2026-08-21T17:23:01.1904105+09:00,2026-08-21T17:23:01.6904105+09:00,1129.342781,1129.842781,30,30,-0.094952,-0.004306,0.000000,0.000000,0.000000,0.000266,0
20260821_170411_847,1,Unspecified,2111,2026-08-21T17:23:01.6904105+09:00,2026-08-21T17:23:02.1904105+09:00,1129.842781,1130.342781,30,30,-0.094587,-0.003443,0.000000,0.000000,0.000000,0.000620,0
20260821_170411_847,1,Unspecified,2112,2026-08-21T17:23:02.1904105+09:00,2026-08-21T17:23:02.6904105+09:00,1130.342781,1130.842781,29,29,-0.094164,-0.002265,0.000000,0.000000,0.000000,0.000492,0
20260821_170411_847,1,Unspecified,2113,2026-08-21T17:23:02.6904105+09:00,2026-08-21T17:23:03.1904105+09:00,1130.842781,1131.342781,30,30,-0.093644,-0.001236,0.000000,0.000000,0.000000,0.000218,0
20260821_170411_847,1,Unspecified,2114,2026-08-21T17:23:03.1904105+09:00,2026-08-21T17:23:03.6904105+09:00,1131.342781,1131.842781,31,31,-0.093830,-0.001291,0.000000,0.000000,0.000000,0.000213,0
20260821_170411_847,1,Unspecified,2115,2026-08-21T17:23:03.6904105+09:00,2026-08-21T17:23:04.1904105+09:00,1131.842781,1132.342781,29,29,-0.094466,-0.002071,0.000000,0.000000,0.000000,0.000232,0
20260821_170411_847,1,Unspecified,2116,2026-08-21T17:23:04.1904105+09:00,2026-08-21T17:23:04.6904105+09:00,1132.342781,1132.842781,30,30,-0.094048,-0.000827,0.000000,0.000000,0.000000,0.000668,0
20260821_170411_847,1,Unspecified,2117,2026-08-21T17:23:04.6904105+09:00,2026-08-21T17:23:05.1904105+09:00,1132.842781,1133.342781,31,31,-0.094157,-0.001020,0.000000,0.000000,0.000000,0.000724,0
20260821_170411_847,1,Unspecified,2118,2026-08-21T17:23:05.1904105+09:00,2026-08-21T17:23:05.6904105+09:00,1133.342781,1133.842781,30,30,-0.094117,-0.001301,0.000000,0.000000,0.000000,0.000151,0
20260821_170411_847,1,Unspecified,2119,2026-08-21T17:23:05.6904105+09:00,2026-08-21T17:23:06.1904105+09:00,1133.842781,1134.342781,29,29,-0.094515,-0.002089,0.000000,0.000000,0.000000,0.000379,0
20260821_170411_847,1,Unspecified,2120,2026-08-21T17:23:06.1904105+09:00,2026-08-21T17:23:06.6904105+09:00,1134.342781,1134.842781,30,30,-0.094460,-0.002415,0.000000,0.000000,0.000000,0.000426,0
20260821_170411_847,1,Unspecified,2121,2026-08-21T17:23:06.6904105+09:00,2026-08-21T17:23:07.1904105+09:00,1134.842781,1135.342781,30,30,-0.094603,-0.001679,0.000000,0.000000,0.000000,0.000771,0
20260821_170411_847,1,Unspecified,2122,2026-08-21T17:23:07.1904105+09:00,2026-08-21T17:23:07.6904105+09:00,1135.342781,1135.842781,30,30,-0.095797,-0.003641,0.000000,0.000001,0.000000,0.000797,0
20260821_170411_847,1,Unspecified,2123,2026-08-21T17:23:07.6904105+09:00,2026-08-21T17:23:08.1904105+09:00,1135.842781,1136.342781,30,30,-0.094922,-0.001567,0.000001,0.000003,0.000001,0.001832,0
20260821_170411_847,1,Unspecified,2124,2026-08-21T17:23:08.1904105+09:00,2026-08-21T17:23:08.6904105+09:00,1136.342781,1136.842781,30,30,-0.094392,-0.000465,0.000000,0.000000,0.000000,0.000719,0
20260821_170411_847,1,Unspecified,2125,2026-08-21T17:23:08.6904105+09:00,2026-08-21T17:23:09.1904105+09:00,1136.842781,1137.342781,30,30,-0.093435,0.001442,0.000000,0.000001,0.000000,0.001005,0
20260821_170411_847,1,Unspecified,2126,2026-08-21T17:23:09.1904105+09:00,2026-08-21T17:23:09.6904105+09:00,1137.342781,1137.842781,30,30,-0.093017,0.002260,0.000000,0.000000,0.000000,0.000501,0
20260821_170411_847,1,Unspecified,2127,2026-08-21T17:23:09.6904105+09:00,2026-08-21T17:23:10.1904105+09:00,1137.842781,1138.342781,30,30,-0.091621,0.004047,0.000000,0.000001,0.000001,0.001232,0
20260821_170411_847,1,Unspecified,2128,2026-08-21T17:23:10.1904105+09:00,2026-08-21T17:23:10.6904105+09:00,1138.342781,1138.842781,30,30,-0.092311,0.002009,0.000001,0.000003,0.000001,0.001851,0
20260821_170411_847,1,Unspecified,2129,2026-08-21T17:23:10.6904105+09:00,2026-08-21T17:23:11.1904105+09:00,1138.842781,1139.342781,31,31,-0.093850,-0.001997,0.000000,0.000003,0.000001,0.001673,0
20260821_170411_847,1,Unspecified,2130,2026-08-21T17:23:11.1904105+09:00,2026-08-21T17:23:11.6904105+09:00,1139.342781,1139.842781,29,29,-0.094150,-0.003317,0.000000,0.000000,0.000000,0.000663,0
20260821_170411_847,1,Unspecified,2131,2026-08-21T17:23:11.6904105+09:00,2026-08-21T17:23:12.1904105+09:00,1139.842781,1140.342781,30,30,-0.094728,-0.004002,0.000000,0.000001,0.000000,0.001193,0
20260821_170411_847,1,Unspecified,2132,2026-08-21T17:23:12.1904105+09:00,2026-08-21T17:23:12.6904105+09:00,1140.342781,1140.842781,30,30,-0.094908,-0.005180,0.000000,0.000000,0.000000,0.000638,0
20260821_170411_847,1,Unspecified,2133,2026-08-21T17:23:12.6904105+09:00,2026-08-21T17:23:13.1904105+09:00,1140.842781,1141.342781,30,30,-0.093714,-0.002703,0.000000,0.000001,0.000001,0.001337,0
20260821_170411_847,1,Unspecified,2134,2026-08-21T17:23:13.1904105+09:00,2026-08-21T17:23:13.6904105+09:00,1141.342781,1141.842781,31,31,-0.093486,-0.001736,0.000000,0.000000,0.000000,0.000644,0
20260821_170411_847,1,Unspecified,2135,2026-08-21T17:23:13.6904105+09:00,2026-08-21T17:23:14.1904105+09:00,1141.842781,1142.342781,30,30,-0.093402,-0.001878,0.000000,0.000000,0.000000,0.000544,0
20260821_170411_847,1,Unspecified,2136,2026-08-21T17:23:14.1904105+09:00,2026-08-21T17:23:14.6904105+09:00,1142.342781,1142.842781,30,30,-0.093493,-0.002155,0.000000,0.000000,0.000000,0.000248,0
20260821_170411_847,1,Unspecified,2137,2026-08-21T17:23:14.6904105+09:00,2026-08-21T17:23:15.1904105+09:00,1142.842781,1143.342781,30,30,-0.093783,-0.002823,0.000000,0.000000,0.000000,0.000436,0
20260821_170411_847,1,Unspecified,2138,2026-08-21T17:23:15.1904105+09:00,2026-08-21T17:23:15.6904105+09:00,1143.342781,1143.842781,30,30,-0.093986,-0.003498,0.000000,0.000000,0.000000,0.000725,0
20260821_170411_847,1,Unspecified,2139,2026-08-21T17:23:15.6904105+09:00,2026-08-21T17:23:16.1904105+09:00,1143.842781,1144.342781,30,30,-0.094074,-0.003519,0.000000,0.000000,0.000000,0.000732,0
20260821_170411_847,1,Unspecified,2140,2026-08-21T17:23:16.1904105+09:00,2026-08-21T17:23:16.6904105+09:00,1144.342781,1144.842781,30,30,-0.094039,-0.003271,0.000000,0.000000,0.000000,0.000727,0
20260821_170411_847,1,Unspecified,2141,2026-08-21T17:23:16.6904105+09:00,2026-08-21T17:23:17.1904105+09:00,1144.842781,1145.342781,30,30,-0.093965,-0.003400,0.000000,0.000001,0.000000,0.000861,0
20260821_170411_847,1,Unspecified,2142,2026-08-21T17:23:17.1904105+09:00,2026-08-21T17:23:17.6904105+09:00,1145.342781,1145.842781,30,30,-0.094068,-0.003510,0.000000,0.000001,0.000000,0.000867,0
20260821_170411_847,1,Unspecified,2143,2026-08-21T17:23:17.6904105+09:00,2026-08-21T17:23:18.1904105+09:00,1145.842781,1146.342781,30,30,-0.093775,-0.003350,0.000000,0.000000,0.000000,0.000543,0
20260821_170411_847,1,Unspecified,2144,2026-08-21T17:23:18.1904105+09:00,2026-08-21T17:23:18.6904105+09:00,1146.342781,1146.842781,30,30,-0.093444,-0.002551,0.000000,0.000000,0.000000,0.000364,0
20260821_170411_847,1,Unspecified,2145,2026-08-21T17:23:18.6904105+09:00,2026-08-21T17:23:19.1904105+09:00,1146.842781,1147.342781,30,30,-0.093664,-0.002760,0.000000,0.000000,0.000000,0.000297,0
20260821_170411_847,1,Unspecified,2146,2026-08-21T17:23:19.1904105+09:00,2026-08-21T17:23:19.6904105+09:00,1147.342781,1147.842781,30,30,-0.093702,-0.002809,0.000000,0.000000,0.000000,0.000234,0
20260821_170411_847,1,Unspecified,2147,2026-08-21T17:23:19.6904105+09:00,2026-08-21T17:23:20.1904105+09:00,1147.842781,1148.342781,30,30,-0.093772,-0.002890,0.000000,0.000000,0.000000,0.000232,0
20260821_170411_847,1,Unspecified,2148,2026-08-21T17:23:20.1904105+09:00,2026-08-21T17:23:20.6904105+09:00,1148.342781,1148.842781,30,30,-0.093662,-0.002592,0.000000,0.000000,0.000000,0.000262,0
20260821_170411_847,1,Unspecified,2149,2026-08-21T17:23:20.6904105+09:00,2026-08-21T17:23:21.1904105+09:00,1148.842781,1149.342781,30,30,-0.093958,-0.002811,0.000000,0.000000,0.000000,0.000219,0
20260821_170411_847,1,Unspecified,2150,2026-08-21T17:23:21.1904105+09:00,2026-08-21T17:23:21.6904105+09:00,1149.342781,1149.842781,30,30,-0.094013,-0.002700,0.000000,0.000000,0.000000,0.000469,0
20260821_170411_847,1,Unspecified,2151,2026-08-21T17:23:21.6904105+09:00,2026-08-21T17:23:22.1904105+09:00,1149.842781,1150.342781,30,30,-0.094239,-0.003228,0.000000,0.000000,0.000000,0.000193,0
20260821_170411_847,1,Unspecified,2152,2026-08-21T17:23:22.1904105+09:00,2026-08-21T17:23:22.6904105+09:00,1150.342781,1150.842781,30,30,-0.094225,-0.003169,0.000000,0.000000,0.000000,0.000185,0
20260821_170411_847,1,Unspecified,2153,2026-08-21T17:23:22.6904105+09:00,2026-08-21T17:23:23.1904105+09:00,1150.842781,1151.342781,30,30,-0.094354,-0.003405,0.000000,0.000000,0.000000,0.000328,0
20260821_170411_847,1,Unspecified,2154,2026-08-21T17:23:23.1904105+09:00,2026-08-21T17:23:23.6904105+09:00,1151.342781,1151.842781,30,30,-0.094335,-0.003412,0.000000,0.000000,0.000000,0.000437,0
20260821_170411_847,1,Unspecified,2155,2026-08-21T17:23:23.6904105+09:00,2026-08-21T17:23:24.1904105+09:00,1151.842781,1152.342781,30,30,-0.094138,-0.003410,0.000000,0.000000,0.000000,0.000645,0
20260821_170411_847,1,Unspecified,2156,2026-08-21T17:23:24.1904105+09:00,2026-08-21T17:23:24.6904105+09:00,1152.342781,1152.842781,30,30,-0.094107,-0.003293,0.000000,0.000001,0.000000,0.000863,0
20260821_170411_847,1,Unspecified,2157,2026-08-21T17:23:24.6904105+09:00,2026-08-21T17:23:25.1904105+09:00,1152.842781,1153.342781,30,30,-0.093888,-0.002728,0.000000,0.000000,0.000000,0.000343,0
20260821_170411_847,1,Unspecified,2158,2026-08-21T17:23:25.1904105+09:00,2026-08-21T17:23:25.6904105+09:00,1153.342781,1153.842781,30,30,-0.093857,-0.002519,0.000000,0.000000,0.000000,0.000420,0
20260821_170411_847,1,Unspecified,2159,2026-08-21T17:23:25.6904105+09:00,2026-08-21T17:23:26.1904105+09:00,1153.842781,1154.342781,30,30,-0.093846,-0.002439,0.000000,0.000000,0.000000,0.000127,0
20260821_170411_847,1,Unspecified,2160,2026-08-21T17:23:26.1904105+09:00,2026-08-21T17:23:26.6904105+09:00,1154.342781,1154.842781,30,30,-0.093789,-0.002283,0.000000,0.000000,0.000000,0.000440,0
20260821_170411_847,1,Unspecified,2161,2026-08-21T17:23:26.6904105+09:00,2026-08-21T17:23:27.1904105+09:00,1154.842781,1155.342781,30,30,-0.093872,-0.002457,0.000000,0.000000,0.000000,0.000572,0
20260821_170411_847,1,Unspecified,2162,2026-08-21T17:23:27.1904105+09:00,2026-08-21T17:23:27.6904105+09:00,1155.342781,1155.842781,30,30,-0.093773,-0.002273,0.000000,0.000000,0.000000,0.000702,0
20260821_170411_847,1,Unspecified,2163,2026-08-21T17:23:27.6904105+09:00,2026-08-21T17:23:28.1904105+09:00,1155.842781,1156.342781,30,30,-0.093632,-0.002135,0.000000,0.000000,0.000000,0.000452,0
20260821_170411_847,1,Unspecified,2164,2026-08-21T17:23:28.1904105+09:00,2026-08-21T17:23:28.6904105+09:00,1156.342781,1156.842781,30,30,-0.093858,-0.002310,0.000000,0.000000,0.000000,0.000582,0
20260821_170411_847,1,Unspecified,2165,2026-08-21T17:23:28.6904105+09:00,2026-08-21T17:23:29.1904105+09:00,1156.842781,1157.342781,30,30,-0.093848,-0.002357,0.000000,0.000000,0.000000,0.000301,0
20260821_170411_847,1,Unspecified,2166,2026-08-21T17:23:29.1904105+09:00,2026-08-21T17:23:29.6904105+09:00,1157.342781,1157.842781,30,30,-0.093677,-0.001815,0.000000,0.000000,0.000000,0.000211,0
20260821_170411_847,1,Unspecified,2167,2026-08-21T17:23:29.6904105+09:00,2026-08-21T17:23:30.1904105+09:00,1157.842781,1158.342781,30,30,-0.093962,-0.001924,0.000000,0.000000,0.000000,0.000256,0
20260821_170411_847,1,Unspecified,2168,2026-08-21T17:23:30.1904105+09:00,2026-08-21T17:23:30.6904105+09:00,1158.342781,1158.842781,30,30,-0.093774,-0.001270,0.000000,0.000000,0.000000,0.000124,0
20260821_170411_847,1,Unspecified,2169,2026-08-21T17:23:30.6904105+09:00,2026-08-21T17:23:31.1904105+09:00,1158.842781,1159.342781,30,30,-0.093422,-0.000935,0.000000,0.000000,0.000000,0.000217,0
20260821_170411_847,1,Unspecified,2170,2026-08-21T17:23:31.1904105+09:00,2026-08-21T17:23:31.6904105+09:00,1159.342781,1159.842781,30,30,-0.093401,-0.000929,0.000000,0.000000,0.000000,0.000120,0
20260821_170411_847,1,Unspecified,2171,2026-08-21T17:23:31.6904105+09:00,2026-08-21T17:23:32.1904105+09:00,1159.842781,1160.342781,30,30,-0.093280,-0.000708,0.000000,0.000000,0.000000,0.000195,0
20260821_170411_847,1,Unspecified,2172,2026-08-21T17:23:32.1904105+09:00,2026-08-21T17:23:32.6904105+09:00,1160.342781,1160.842781,30,30,-0.093104,-0.000204,0.000000,0.000000,0.000000,0.000417,0
20260821_170411_847,1,Unspecified,2173,2026-08-21T17:23:32.6904105+09:00,2026-08-21T17:23:33.1904105+09:00,1160.842781,1161.342781,30,30,-0.092639,0.000583,0.000000,0.000000,0.000000,0.000586,0
20260821_170411_847,1,Unspecified,2174,2026-08-21T17:23:33.1904105+09:00,2026-08-21T17:23:33.6904105+09:00,1161.342781,1161.842781,30,30,-0.092831,0.000511,0.000000,0.000000,0.000000,0.000755,0
20260821_170411_847,1,Unspecified,2175,2026-08-21T17:23:33.6904105+09:00,2026-08-21T17:23:34.1904105+09:00,1161.842781,1162.342781,30,30,-0.092984,0.000257,0.000000,0.000000,0.000000,0.000492,0
20260821_170411_847,1,Unspecified,2176,2026-08-21T17:23:34.1904105+09:00,2026-08-21T17:23:34.6904105+09:00,1162.342781,1162.842781,30,30,-0.093123,-0.000293,0.000000,0.000000,0.000000,0.000487,0
20260821_170411_847,1,Unspecified,2177,2026-08-21T17:23:34.6904105+09:00,2026-08-21T17:23:35.1904105+09:00,1162.842781,1163.342781,30,30,-0.092974,-0.000238,0.000000,0.000000,0.000000,0.000674,0
20260821_170411_847,1,Unspecified,2178,2026-08-21T17:23:35.1904105+09:00,2026-08-21T17:23:35.6904105+09:00,1163.342781,1163.842781,30,30,-0.092786,0.000369,0.000000,0.000000,0.000000,0.000353,0
20260821_170411_847,1,Unspecified,2179,2026-08-21T17:23:35.6904105+09:00,2026-08-21T17:23:36.1904105+09:00,1163.842781,1164.342781,30,30,-0.092848,0.000520,0.000000,0.000001,0.000000,0.000840,0
20260821_170411_847,1,Unspecified,2180,2026-08-21T17:23:36.1904105+09:00,2026-08-21T17:23:36.6904105+09:00,1164.342781,1164.842781,30,30,-0.092829,0.000357,0.000000,0.000000,0.000000,0.000611,0
20260821_170411_847,1,Unspecified,2181,2026-08-21T17:23:36.6904105+09:00,2026-08-21T17:23:37.1904105+09:00,1164.842781,1165.342781,30,30,-0.092290,0.000879,0.000000,0.000000,0.000000,0.000391,0
20260821_170411_847,1,Unspecified,2182,2026-08-21T17:23:37.1904105+09:00,2026-08-21T17:23:37.6904105+09:00,1165.342781,1165.842781,30,30,-0.092140,0.001293,0.000000,0.000000,0.000000,0.000427,0
20260821_170411_847,1,Unspecified,2183,2026-08-21T17:23:37.6904105+09:00,2026-08-21T17:23:38.1904105+09:00,1165.842781,1166.342781,30,30,-0.092144,0.001456,0.000000,0.000000,0.000000,0.000427,0
20260821_170411_847,1,Unspecified,2184,2026-08-21T17:23:38.1904105+09:00,2026-08-21T17:23:38.6904105+09:00,1166.342781,1166.842781,30,30,-0.092211,0.001013,0.000000,0.000000,0.000000,0.000717,0
20260821_170411_847,1,Unspecified,2185,2026-08-21T17:23:38.6904105+09:00,2026-08-21T17:23:39.1904105+09:00,1166.842781,1167.342781,30,30,-0.092477,0.000933,0.000000,0.000000,0.000000,0.000805,0
20260821_170411_847,1,Unspecified,2186,2026-08-21T17:23:39.1904105+09:00,2026-08-21T17:23:39.6904105+09:00,1167.342781,1167.842781,30,30,-0.091439,0.003100,0.000000,0.000000,0.000000,0.000415,0
20260821_170411_847,1,Unspecified,2187,2026-08-21T17:23:39.6904105+09:00,2026-08-21T17:23:40.1904105+09:00,1167.842781,1168.342781,30,30,-0.091227,0.002814,0.000000,0.000000,0.000000,0.000276,0
20260821_170411_847,1,Unspecified,2188,2026-08-21T17:23:40.1904105+09:00,2026-08-21T17:23:40.6904105+09:00,1168.342781,1168.842781,30,30,-0.091053,0.002790,0.000000,0.000000,0.000000,0.000446,0
20260821_170411_847,1,Unspecified,2189,2026-08-21T17:23:40.6904105+09:00,2026-08-21T17:23:41.1904105+09:00,1168.842781,1169.342781,30,30,-0.091593,0.002186,0.000000,0.000000,0.000000,0.000725,0
20260821_170411_847,1,Unspecified,2190,2026-08-21T17:23:41.1904105+09:00,2026-08-21T17:23:41.6904105+09:00,1169.342781,1169.842781,30,30,-0.091926,0.001610,0.000000,0.000000,0.000000,0.000378,0
20260821_170411_847,1,Unspecified,2191,2026-08-21T17:23:41.6904105+09:00,2026-08-21T17:23:42.1904105+09:00,1169.842781,1170.342781,30,30,-0.091851,0.001736,0.000000,0.000000,0.000000,0.000267,0
20260821_170411_847,1,Unspecified,2192,2026-08-21T17:23:42.1904105+09:00,2026-08-21T17:23:42.6904105+09:00,1170.342781,1170.842781,30,30,-0.091529,0.002345,0.000000,0.000000,0.000000,0.000133,0
20260821_170411_847,1,Unspecified,2193,2026-08-21T17:23:42.6904105+09:00,2026-08-21T17:23:43.1904105+09:00,1170.842781,1171.342781,30,30,-0.091613,0.002137,0.000000,0.000000,0.000000,0.000143,0
20260821_170411_847,1,Unspecified,2194,2026-08-21T17:23:43.1904105+09:00,2026-08-21T17:23:43.6904105+09:00,1171.342781,1171.842781,30,30,-0.091557,0.002281,0.000000,0.000000,0.000000,0.000155,0
20260821_170411_847,1,Unspecified,2195,2026-08-21T17:23:43.6904105+09:00,2026-08-21T17:23:44.1904105+09:00,1171.842781,1172.342781,30,30,-0.091510,0.002470,0.000000,0.000000,0.000000,0.000170,0
20260821_170411_847,1,Unspecified,2196,2026-08-21T17:23:44.1904105+09:00,2026-08-21T17:23:44.6904105+09:00,1172.342781,1172.842781,30,30,-0.091483,0.002628,0.000000,0.000000,0.000000,0.000324,0
20260821_170411_847,1,Unspecified,2197,2026-08-21T17:23:44.6904105+09:00,2026-08-21T17:23:45.1904105+09:00,1172.842781,1173.342781,30,30,-0.091455,0.002403,0.000000,0.000000,0.000000,0.000217,0
20260821_170411_847,1,Unspecified,2198,2026-08-21T17:23:45.1904105+09:00,2026-08-21T17:23:45.6904105+09:00,1173.342781,1173.842781,30,30,-0.091424,0.002329,0.000000,0.000000,0.000000,0.000110,0
20260821_170411_847,1,Unspecified,2199,2026-08-21T17:23:45.6904105+09:00,2026-08-21T17:23:46.1904105+09:00,1173.842781,1174.342781,30,30,-0.091508,0.002001,0.000000,0.000000,0.000000,0.000261,0
20260821_170411_847,1,Unspecified,2200,2026-08-21T17:23:46.1904105+09:00,2026-08-21T17:23:46.6904105+09:00,1174.342781,1174.842781,30,30,-0.091978,0.001089,0.000000,0.000000,0.000000,0.000213,0
20260821_170411_847,1,Unspecified,2201,2026-08-21T17:23:46.6904105+09:00,2026-08-21T17:23:47.1904105+09:00,1174.842781,1175.342781,30,30,-0.091849,0.001362,0.000000,0.000000,0.000000,0.000101,0
20260821_170411_847,1,Unspecified,2202,2026-08-21T17:23:47.1904105+09:00,2026-08-21T17:23:47.6904105+09:00,1175.342781,1175.842781,30,30,-0.091759,0.001709,0.000000,0.000000,0.000000,0.000260,0
20260821_170411_847,1,Unspecified,2203,2026-08-21T17:23:47.6904105+09:00,2026-08-21T17:23:48.1904105+09:00,1175.842781,1176.342781,30,30,-0.091739,0.001846,0.000000,0.000000,0.000000,0.000188,0
20260821_170411_847,1,Unspecified,2204,2026-08-21T17:23:48.1904105+09:00,2026-08-21T17:23:48.6904105+09:00,1176.342781,1176.842781,30,30,-0.091601,0.001696,0.000000,0.000000,0.000000,0.000121,0
20260821_170411_847,1,Unspecified,2205,2026-08-21T17:23:48.6904105+09:00,2026-08-21T17:23:49.1904105+09:00,1176.842781,1177.342781,30,30,-0.091450,0.001943,0.000000,0.000000,0.000000,0.000106,0
20260821_170411_847,1,Unspecified,2206,2026-08-21T17:23:49.1904105+09:00,2026-08-21T17:23:49.6904105+09:00,1177.342781,1177.842781,30,30,-0.091390,0.002269,0.000000,0.000000,0.000000,0.000142,0
20260821_170411_847,1,Unspecified,2207,2026-08-21T17:23:49.6904105+09:00,2026-08-21T17:23:50.1904105+09:00,1177.842781,1178.342781,30,30,-0.091374,0.002582,0.000000,0.000000,0.000000,0.000239,0
20260821_170411_847,1,Unspecified,2208,2026-08-21T17:23:50.1904105+09:00,2026-08-21T17:23:50.6904105+09:00,1178.342781,1178.842781,30,30,-0.091483,0.002479,0.000000,0.000000,0.000000,0.000601,0
20260821_170411_847,1,Unspecified,2209,2026-08-21T17:23:50.6904105+09:00,2026-08-21T17:23:51.1904105+09:00,1178.842781,1179.342781,30,30,-0.091323,0.002825,0.000000,0.000001,0.000000,0.001118,0
20260821_170411_847,1,Unspecified,2210,2026-08-21T17:23:51.1904105+09:00,2026-08-21T17:23:51.6904105+09:00,1179.342781,1179.842781,30,30,-0.091575,0.002510,0.000000,0.000000,0.000000,0.000445,0
20260821_170411_847,1,Unspecified,2211,2026-08-21T17:23:51.6904105+09:00,2026-08-21T17:23:52.1904105+09:00,1179.842781,1180.342781,30,30,-0.091659,0.002427,0.000000,0.000000,0.000000,0.000450,0
20260821_170411_847,1,Unspecified,2212,2026-08-21T17:23:52.1904105+09:00,2026-08-21T17:23:52.6904105+09:00,1180.342781,1180.842781,30,30,-0.092210,0.001127,0.000000,0.000000,0.000000,0.000508,0
20260821_170411_847,1,Unspecified,2213,2026-08-21T17:23:52.6904105+09:00,2026-08-21T17:23:53.1904105+09:00,1180.842781,1181.342781,30,30,-0.092257,0.000091,0.000000,0.000000,0.000000,0.000276,0
20260821_170411_847,1,Unspecified,2214,2026-08-21T17:23:53.1904105+09:00,2026-08-21T17:23:53.6904105+09:00,1181.342781,1181.842781,30,30,-0.091689,0.001808,0.000000,0.000001,0.000000,0.001042,0
20260821_170411_847,1,Unspecified,2215,2026-08-21T17:23:53.6904105+09:00,2026-08-21T17:23:54.1904105+09:00,1181.842781,1182.342781,30,30,-0.091484,0.003156,0.000000,0.000000,0.000000,0.000338,0
20260821_170411_847,1,Unspecified,2216,2026-08-21T17:23:54.1904105+09:00,2026-08-21T17:23:54.6904105+09:00,1182.342781,1182.842781,30,30,-0.091890,0.001921,0.000000,0.000000,0.000000,0.000384,0
20260821_170411_847,1,Unspecified,2217,2026-08-21T17:23:54.6904105+09:00,2026-08-21T17:23:55.1904105+09:00,1182.842781,1183.342781,30,30,-0.091821,0.001741,0.000000,0.000000,0.000000,0.000394,0
20260821_170411_847,1,Unspecified,2218,2026-08-21T17:23:55.1904105+09:00,2026-08-21T17:23:55.6904105+09:00,1183.342781,1183.842781,30,30,-0.092135,0.000883,0.000000,0.000000,0.000000,0.000367,0
20260821_170411_847,1,Unspecified,2219,2026-08-21T17:23:55.6904105+09:00,2026-08-21T17:23:56.1904105+09:00,1183.842781,1184.342781,30,30,-0.092359,0.000505,0.000000,0.000000,0.000000,0.000665,0
20260821_170411_847,1,Unspecified,2220,2026-08-21T17:23:56.1904105+09:00,2026-08-21T17:23:56.6904105+09:00,1184.342781,1184.842781,30,30,-0.092287,0.000869,0.000000,0.000000,0.000000,0.000293,0
20260821_170411_847,1,Unspecified,2221,2026-08-21T17:23:56.6904105+09:00,2026-08-21T17:23:57.1904105+09:00,1184.842781,1185.342781,30,30,-0.092219,0.000896,0.000000,0.000000,0.000000,0.000418,0
20260821_170411_847,1,Unspecified,2222,2026-08-21T17:23:57.1904105+09:00,2026-08-21T17:23:57.6904105+09:00,1185.342781,1185.842781,30,30,-0.091870,0.001489,0.000000,0.000000,0.000000,0.000210,0
20260821_170411_847,1,Unspecified,2223,2026-08-21T17:23:57.6904105+09:00,2026-08-21T17:23:58.1904105+09:00,1185.842781,1186.342781,30,30,-0.091718,0.001832,0.000000,0.000000,0.000000,0.000285,0
20260821_170411_847,1,Unspecified,2224,2026-08-21T17:23:58.1904105+09:00,2026-08-21T17:23:58.6904105+09:00,1186.342781,1186.842781,30,30,-0.091651,0.001498,0.000000,0.000001,0.000000,0.000825,0
20260821_170411_847,1,Unspecified,2225,2026-08-21T17:23:58.6904105+09:00,2026-08-21T17:23:59.1904105+09:00,1186.842781,1187.342781,30,30,-0.091928,0.000406,0.000000,0.000001,0.000000,0.001189,0
20260821_170411_847,1,Unspecified,2226,2026-08-21T17:23:59.1904105+09:00,2026-08-21T17:23:59.6904105+09:00,1187.342781,1187.842781,30,30,-0.092113,-0.000717,0.000000,0.000000,0.000000,0.000525,0
20260821_170411_847,1,Unspecified,2227,2026-08-21T17:23:59.6904105+09:00,2026-08-21T17:24:00.1904105+09:00,1187.842781,1188.342781,30,30,-0.091844,-0.000961,0.000000,0.000001,0.000000,0.000793,0
20260821_170411_847,1,Unspecified,2228,2026-08-21T17:24:00.1904105+09:00,2026-08-21T17:24:00.6904105+09:00,1188.342781,1188.842781,30,30,-0.091812,0.000125,0.000000,0.000002,0.000001,0.001347,0
20260821_170411_847,1,Unspecified,2229,2026-08-21T17:24:00.6904105+09:00,2026-08-21T17:24:01.1904105+09:00,1188.842781,1189.342781,30,30,-0.092550,-0.001257,0.000000,0.000000,0.000000,0.000402,0
20260821_170411_847,1,Unspecified,2230,2026-08-21T17:24:01.1904105+09:00,2026-08-21T17:24:01.6904105+09:00,1189.342781,1189.842781,30,30,-0.092358,-0.001179,0.000000,0.000000,0.000000,0.000375,0
20260821_170411_847,1,Unspecified,2231,2026-08-21T17:24:01.6904105+09:00,2026-08-21T17:24:02.1904105+09:00,1189.842781,1190.342781,30,30,-0.091850,-0.000383,0.000000,0.000000,0.000000,0.000360,0
20260821_170411_847,1,Unspecified,2232,2026-08-21T17:24:02.1904105+09:00,2026-08-21T17:24:02.6904105+09:00,1190.342781,1190.842781,30,30,-0.091395,0.001396,0.000000,0.000001,0.000000,0.000777,0
20260821_170411_847,1,Unspecified,2233,2026-08-21T17:24:02.6904105+09:00,2026-08-21T17:24:03.1904105+09:00,1190.842781,1191.342781,30,30,-0.091232,0.001780,0.000000,0.000000,0.000000,0.000575,0
20260821_170411_847,1,Unspecified,2234,2026-08-21T17:24:03.1904105+09:00,2026-08-21T17:24:03.6904105+09:00,1191.342781,1191.842781,30,30,-0.091564,0.000700,0.000000,0.000000,0.000000,0.000278,0
20260821_170411_847,1,Unspecified,2235,2026-08-21T17:24:03.6904105+09:00,2026-08-21T17:24:04.1904105+09:00,1191.842781,1192.342781,30,30,-0.091389,0.001210,0.000000,0.000000,0.000000,0.000577,0
20260821_170411_847,1,Unspecified,2236,2026-08-21T17:24:04.1904105+09:00,2026-08-21T17:24:04.6904105+09:00,1192.342781,1192.842781,30,30,-0.092070,0.000076,0.000000,0.000000,0.000000,0.000495,0
20260821_170411_847,1,Unspecified,2237,2026-08-21T17:24:04.6904105+09:00,2026-08-21T17:24:05.1904105+09:00,1192.842781,1193.342781,30,30,-0.092760,-0.001468,0.000000,0.000000,0.000000,0.000400,0
20260821_170411_847,1,Unspecified,2238,2026-08-21T17:24:05.1904105+09:00,2026-08-21T17:24:05.6904105+09:00,1193.342781,1193.842781,30,30,-0.092987,-0.001751,0.000000,0.000000,0.000000,0.000340,0
20260821_170411_847,1,Unspecified,2239,2026-08-21T17:24:05.6904105+09:00,2026-08-21T17:24:06.1904105+09:00,1193.842781,1194.342781,30,30,-0.093161,-0.001762,0.000000,0.000000,0.000000,0.000311,0
20260821_170411_847,1,Unspecified,2240,2026-08-21T17:24:06.1904105+09:00,2026-08-21T17:24:06.6904105+09:00,1194.342781,1194.842781,30,30,-0.092913,-0.001287,0.000000,0.000000,0.000000,0.000501,0
20260821_170411_847,1,Unspecified,2241,2026-08-21T17:24:06.6904105+09:00,2026-08-21T17:24:07.1904105+09:00,1194.842781,1195.342781,30,30,-0.092543,0.000401,0.000000,0.000000,0.000000,0.000307,0
20260821_170411_847,1,Unspecified,2242,2026-08-21T17:24:07.1904105+09:00,2026-08-21T17:24:07.6904105+09:00,1195.342781,1195.842781,30,30,-0.092580,0.000024,0.000000,0.000000,0.000000,0.000275,0
20260821_170411_847,1,Unspecified,2243,2026-08-21T17:24:07.6904105+09:00,2026-08-21T17:24:08.1904105+09:00,1195.842781,1196.342781,30,30,-0.092659,-0.000060,0.000000,0.000000,0.000000,0.000193,0
20260821_170411_847,1,Unspecified,2244,2026-08-21T17:24:08.1904105+09:00,2026-08-21T17:24:08.6904105+09:00,1196.342781,1196.842781,30,30,-0.092661,0.000063,0.000000,0.000000,0.000000,0.000281,0
20260821_170411_847,1,Unspecified,2245,2026-08-21T17:24:08.6904105+09:00,2026-08-21T17:24:09.1904105+09:00,1196.842781,1197.342781,30,30,-0.092342,0.000664,0.000000,0.000000,0.000000,0.000203,0
20260821_170411_847,1,Unspecified,2246,2026-08-21T17:24:09.1904105+09:00,2026-08-21T17:24:09.6904105+09:00,1197.342781,1197.842781,30,30,-0.092196,0.000704,0.000000,0.000000,0.000000,0.000143,0
20260821_170411_847,1,Unspecified,2247,2026-08-21T17:24:09.6904105+09:00,2026-08-21T17:24:10.1904105+09:00,1197.842781,1198.342781,30,30,-0.092204,0.000529,0.000000,0.000000,0.000000,0.000090,0
20260821_170411_847,1,Unspecified,2248,2026-08-21T17:24:10.1904105+09:00,2026-08-21T17:24:10.6904105+09:00,1198.342781,1198.842781,30,30,-0.092071,0.000483,0.000000,0.000000,0.000000,0.000109,0
20260821_170411_847,1,Unspecified,2249,2026-08-21T17:24:10.6904105+09:00,2026-08-21T17:24:11.1904105+09:00,1198.842781,1199.342781,30,30,-0.092029,0.000524,0.000000,0.000000,0.000000,0.000113,0
20260821_170411_847,1,Unspecified,2250,2026-08-21T17:24:11.1904105+09:00,2026-08-21T17:24:11.6904105+09:00,1199.342781,1199.842781,30,30,-0.092093,0.000580,0.000000,0.000000,0.000000,0.000138,0
20260821_170411_847,1,Unspecified,2251,2026-08-21T17:24:11.6904105+09:00,2026-08-21T17:24:12.1904105+09:00,1199.842781,1200.342781,30,30,-0.092273,0.000575,0.000000,0.000000,0.000000,0.000132,0
20260821_170411_847,1,Unspecified,2252,2026-08-21T17:24:12.1904105+09:00,2026-08-21T17:24:12.6904105+09:00,1200.342781,1200.842781,30,30,-0.092368,0.000662,0.000000,0.000000,0.000000,0.000167,0
20260821_170411_847,1,Unspecified,2253,2026-08-21T17:24:12.6904105+09:00,2026-08-21T17:24:13.1904105+09:00,1200.842781,1201.342781,30,30,-0.092415,0.000419,0.000000,0.000000,0.000000,0.000164,0
20260821_170411_847,1,Unspecified,2254,2026-08-21T17:24:13.1904105+09:00,2026-08-21T17:24:13.6904105+09:00,1201.342781,1201.842781,30,30,-0.092330,0.000482,0.000000,0.000000,0.000000,0.000186,0
20260821_170411_847,1,Unspecified,2255,2026-08-21T17:24:13.6904105+09:00,2026-08-21T17:24:14.1904105+09:00,1201.842781,1202.342781,30,30,-0.092320,0.000510,0.000000,0.000000,0.000000,0.000260,0
20260821_170411_847,1,Unspecified,2256,2026-08-21T17:24:14.1904105+09:00,2026-08-21T17:24:14.6904105+09:00,1202.342781,1202.842781,30,30,-0.092447,0.000259,0.000000,0.000000,0.000000,0.000446,0
20260821_170411_847,1,Unspecified,2257,2026-08-21T17:24:14.6904105+09:00,2026-08-21T17:24:15.1904105+09:00,1202.842781,1203.342781,30,30,-0.092620,0.000367,0.000000,0.000000,0.000000,0.000384,0
20260821_170411_847,1,Unspecified,2258,2026-08-21T17:24:15.1904105+09:00,2026-08-21T17:24:15.6904105+09:00,1203.342781,1203.842781,30,30,-0.092490,0.000757,0.000000,0.000000,0.000000,0.000293,0
20260821_170411_847,1,Unspecified,2259,2026-08-21T17:24:15.6904105+09:00,2026-08-21T17:24:16.1904105+09:00,1203.842781,1204.342781,30,30,-0.092408,0.000811,0.000000,0.000000,0.000000,0.000444,0
20260821_170411_847,1,Unspecified,2260,2026-08-21T17:24:16.1904105+09:00,2026-08-21T17:24:16.6904105+09:00,1204.342781,1204.842781,30,30,-0.092279,0.000945,0.000000,0.000000,0.000000,0.000134,0
20260821_170411_847,1,Unspecified,2261,2026-08-21T17:24:16.6904105+09:00,2026-08-21T17:24:17.1904105+09:00,1204.842781,1205.342781,30,30,-0.092206,0.001097,0.000000,0.000000,0.000000,0.000134,0
20260821_170411_847,1,Unspecified,2262,2026-08-21T17:24:17.1904105+09:00,2026-08-21T17:24:17.6904105+09:00,1205.342781,1205.842781,30,30,-0.092230,0.001067,0.000000,0.000000,0.000000,0.000088,0
20260821_170411_847,1,Unspecified,2263,2026-08-21T17:24:17.6904105+09:00,2026-08-21T17:24:18.1904105+09:00,1205.842781,1206.342781,30,30,-0.092271,0.001157,0.000000,0.000000,0.000000,0.000119,0
20260821_170411_847,1,Unspecified,2264,2026-08-21T17:24:18.1904105+09:00,2026-08-21T17:24:18.6904105+09:00,1206.342781,1206.842781,30,30,-0.092317,0.001332,0.000000,0.000000,0.000000,0.000114,0
20260821_170411_847,1,Unspecified,2265,2026-08-21T17:24:18.6904105+09:00,2026-08-21T17:24:19.1904105+09:00,1206.842781,1207.342781,30,30,-0.092358,0.000792,0.000000,0.000000,0.000000,0.000157,0
20260821_170411_847,1,Unspecified,2266,2026-08-21T17:24:19.1904105+09:00,2026-08-21T17:24:19.6904105+09:00,1207.342781,1207.842781,30,30,-0.092196,0.000747,0.000000,0.000000,0.000000,0.000224,0
20260821_170411_847,1,Unspecified,2267,2026-08-21T17:24:19.6904105+09:00,2026-08-21T17:24:20.1904105+09:00,1207.842781,1208.342781,30,30,-0.092171,0.000542,0.000000,0.000000,0.000000,0.000088,0
20260821_170411_847,1,Unspecified,2268,2026-08-21T17:24:20.1904105+09:00,2026-08-21T17:24:20.6904105+09:00,1208.342781,1208.842781,30,30,-0.092144,0.000270,0.000000,0.000000,0.000000,0.000261,0
20260821_170411_847,1,Unspecified,2269,2026-08-21T17:24:20.6904105+09:00,2026-08-21T17:24:21.1904105+09:00,1208.842781,1209.342781,30,30,-0.092438,-0.000601,0.000000,0.000000,0.000000,0.000386,0
20260821_170411_847,1,Unspecified,2270,2026-08-21T17:24:21.1904105+09:00,2026-08-21T17:24:21.6904105+09:00,1209.342781,1209.842781,30,30,-0.092833,-0.001830,0.000000,0.000000,0.000000,0.000277,0
20260821_170411_847,1,Unspecified,2271,2026-08-21T17:24:21.6904105+09:00,2026-08-21T17:24:22.1904105+09:00,1209.842781,1210.342781,30,30,-0.092981,-0.002238,0.000000,0.000000,0.000000,0.000114,0
20260821_170411_847,1,Unspecified,2272,2026-08-21T17:24:22.1904105+09:00,2026-08-21T17:24:22.6904105+09:00,1210.342781,1210.842781,30,30,-0.092907,-0.001918,0.000000,0.000000,0.000000,0.000078,0
20260821_170411_847,1,Unspecified,2273,2026-08-21T17:24:22.6904105+09:00,2026-08-21T17:24:23.1904105+09:00,1210.842781,1211.342781,30,30,-0.092961,-0.001952,0.000000,0.000000,0.000000,0.000182,0
20260821_170411_847,1,Unspecified,2274,2026-08-21T17:24:23.1904105+09:00,2026-08-21T17:24:23.6904105+09:00,1211.342781,1211.842781,30,30,-0.092981,-0.001924,0.000000,0.000000,0.000000,0.000094,0
20260821_170411_847,1,Unspecified,2275,2026-08-21T17:24:23.6904105+09:00,2026-08-21T17:24:24.1904105+09:00,1211.842781,1212.342781,30,30,-0.092898,-0.001599,0.000000,0.000000,0.000000,0.000186,0
20260821_170411_847,1,Unspecified,2276,2026-08-21T17:24:24.1904105+09:00,2026-08-21T17:24:24.6904105+09:00,1212.342781,1212.842781,30,30,-0.092978,-0.001471,0.000000,0.000000,0.000000,0.000204,0
20260821_170411_847,1,Unspecified,2277,2026-08-21T17:24:24.6904105+09:00,2026-08-21T17:24:25.1904105+09:00,1212.842781,1213.342781,30,30,-0.093127,-0.001611,0.000000,0.000000,0.000000,0.000234,0
20260821_170411_847,1,Unspecified,2278,2026-08-21T17:24:25.1904105+09:00,2026-08-21T17:24:25.6904105+09:00,1213.342781,1213.842781,30,30,-0.092753,-0.000507,0.000000,0.000000,0.000000,0.000629,0
20260821_170411_847,1,Unspecified,2279,2026-08-21T17:24:25.6904105+09:00,2026-08-21T17:24:26.1904105+09:00,1213.842781,1214.342781,30,30,-0.092616,-0.000533,0.000000,0.000000,0.000000,0.000325,0
20260821_170411_847,1,Unspecified,2280,2026-08-21T17:24:26.1904105+09:00,2026-08-21T17:24:26.6904105+09:00,1214.342781,1214.842781,30,30,-0.092735,0.000196,0.000000,0.000000,0.000000,0.000479,0
20260821_170411_847,1,Unspecified,2281,2026-08-21T17:24:26.6904105+09:00,2026-08-21T17:24:27.1904105+09:00,1214.842781,1215.342781,30,30,-0.092460,0.000638,0.000000,0.000000,0.000000,0.000641,0
20260821_170411_847,1,Unspecified,2282,2026-08-21T17:24:27.1904105+09:00,2026-08-21T17:24:27.6904105+09:00,1215.342781,1215.842781,29,29,-0.093045,-0.000798,0.000000,0.000000,0.000000,0.000606,0
20260821_170411_847,1,Unspecified,2283,2026-08-21T17:24:27.6904105+09:00,2026-08-21T17:24:28.1904105+09:00,1215.842781,1216.342781,31,31,-0.093176,-0.000928,0.000000,0.000001,0.000000,0.001064,0
20260821_170411_847,1,Unspecified,2284,2026-08-21T17:24:28.1904105+09:00,2026-08-21T17:24:28.6904105+09:00,1216.342781,1216.842781,29,29,-0.093968,-0.002104,0.000000,0.000001,0.000000,0.001092,0
20260821_170411_847,1,Unspecified,2285,2026-08-21T17:24:28.6904105+09:00,2026-08-21T17:24:29.1904105+09:00,1216.842781,1217.342781,30,30,-0.093963,-0.002770,0.000000,0.000000,0.000000,0.000546,0
20260821_170411_847,1,Unspecified,2286,2026-08-21T17:24:29.1904105+09:00,2026-08-21T17:24:29.6904105+09:00,1217.342781,1217.842781,30,30,-0.093839,-0.002738,0.000000,0.000001,0.000000,0.000868,0
20260821_170411_847,1,Unspecified,2287,2026-08-21T17:24:29.6904105+09:00,2026-08-21T17:24:30.1904105+09:00,1217.842781,1218.342781,30,30,-0.093447,-0.002300,0.000000,0.000001,0.000000,0.000917,0
20260821_170411_847,1,Unspecified,2288,2026-08-21T17:24:30.1904105+09:00,2026-08-21T17:24:30.6904105+09:00,1218.342781,1218.842781,30,30,-0.092532,-0.000796,0.000000,0.000000,0.000000,0.000500,0
20260821_170411_847,1,Unspecified,2289,2026-08-21T17:24:30.6904105+09:00,2026-08-21T17:24:31.1904105+09:00,1218.842781,1219.342781,30,30,-0.093221,-0.001165,0.000000,0.000000,0.000000,0.000466,0
20260821_170411_847,1,Unspecified,2290,2026-08-21T17:24:31.1904105+09:00,2026-08-21T17:24:31.6904105+09:00,1219.342781,1219.842781,30,30,-0.093407,-0.000990,0.000000,0.000000,0.000000,0.000301,0
20260821_170411_847,1,Unspecified,2291,2026-08-21T17:24:31.6904105+09:00,2026-08-21T17:24:32.1904105+09:00,1219.842781,1220.342781,30,30,-0.093191,-0.000463,0.000000,0.000000,0.000000,0.000226,0
20260821_170411_847,1,Unspecified,2292,2026-08-21T17:24:32.1904105+09:00,2026-08-21T17:24:32.6904105+09:00,1220.342781,1220.842781,30,30,-0.093271,-0.000335,0.000000,0.000000,0.000000,0.000476,0
20260821_170411_847,1,Unspecified,2293,2026-08-21T17:24:32.6904105+09:00,2026-08-21T17:24:33.1904105+09:00,1220.842781,1221.342781,30,30,-0.093143,-0.000440,0.000000,0.000000,0.000000,0.000206,0
20260821_170411_847,1,Unspecified,2294,2026-08-21T17:24:33.1904105+09:00,2026-08-21T17:24:33.6904105+09:00,1221.342781,1221.842781,31,31,-0.092685,-0.000410,0.000000,0.000000,0.000000,0.000665,0
20260821_170411_847,1,Unspecified,2295,2026-08-21T17:24:33.6904105+09:00,2026-08-21T17:24:34.1904105+09:00,1221.842781,1222.342781,29,29,-0.092186,0.000351,0.000000,0.000000,0.000000,0.000538,0
20260821_170411_847,1,Unspecified,2296,2026-08-21T17:24:34.1904105+09:00,2026-08-21T17:24:34.6904105+09:00,1222.342781,1222.842781,30,30,-0.092710,-0.000145,0.000000,0.000000,0.000000,0.000321,0
20260821_170411_847,1,Unspecified,2297,2026-08-21T17:24:34.6904105+09:00,2026-08-21T17:24:35.1904105+09:00,1222.842781,1223.342781,30,30,-0.092496,0.000210,0.000000,0.000000,0.000000,0.000652,0
20260821_170411_847,1,Unspecified,2298,2026-08-21T17:24:35.1904105+09:00,2026-08-21T17:24:35.6904105+09:00,1223.342781,1223.842781,30,30,-0.092393,0.000221,0.000000,0.000000,0.000000,0.000277,0
20260821_170411_847,1,Unspecified,2299,2026-08-21T17:24:35.6904105+09:00,2026-08-21T17:24:36.1904105+09:00,1223.842781,1224.342781,30,30,-0.092316,-0.000005,0.000000,0.000000,0.000000,0.000538,0
20260821_170411_847,1,Unspecified,2300,2026-08-21T17:24:36.1904105+09:00,2026-08-21T17:24:36.6904105+09:00,1224.342781,1224.842781,30,30,-0.092227,0.000102,0.000000,0.000000,0.000000,0.000307,0
20260821_170411_847,1,Unspecified,2301,2026-08-21T17:24:36.6904105+09:00,2026-08-21T17:24:37.1904105+09:00,1224.842781,1225.342781,30,30,-0.092196,0.000245,0.000000,0.000000,0.000000,0.000183,0
20260821_170411_847,1,Unspecified,2302,2026-08-21T17:24:37.1904105+09:00,2026-08-21T17:24:37.6904105+09:00,1225.342781,1225.842781,30,30,-0.091861,0.000628,0.000000,0.000000,0.000000,0.000451,0
20260821_170411_847,1,Unspecified,2303,2026-08-21T17:24:37.6904105+09:00,2026-08-21T17:24:38.1904105+09:00,1225.842781,1226.342781,30,30,-0.091509,0.001855,0.000000,0.000000,0.000000,0.000450,0
20260821_170411_847,1,Unspecified,2304,2026-08-21T17:24:38.1904105+09:00,2026-08-21T17:24:38.6904105+09:00,1226.342781,1226.842781,31,31,-0.091322,0.002483,0.000000,0.000000,0.000000,0.000220,0
20260821_170411_847,1,Unspecified,2305,2026-08-21T17:24:38.6904105+09:00,2026-08-21T17:24:39.1904105+09:00,1226.842781,1227.342781,30,30,-0.091329,0.002495,0.000000,0.000000,0.000000,0.000195,0
20260821_170411_847,1,Unspecified,2306,2026-08-21T17:24:39.1904105+09:00,2026-08-21T17:24:39.6904105+09:00,1227.342781,1227.842781,30,30,-0.091627,0.001824,0.000000,0.000000,0.000000,0.000444,0
20260821_170411_847,1,Unspecified,2307,2026-08-21T17:24:39.6904105+09:00,2026-08-21T17:24:40.1904105+09:00,1227.842781,1228.342781,30,30,-0.091737,0.001651,0.000000,0.000000,0.000000,0.000388,0
20260821_170411_847,1,Unspecified,2308,2026-08-21T17:24:40.1904105+09:00,2026-08-21T17:24:40.6904105+09:00,1228.342781,1228.842781,30,30,-0.091810,0.001875,0.000000,0.000000,0.000000,0.000768,0
20260821_170411_847,1,Unspecified,2309,2026-08-21T17:24:40.6904105+09:00,2026-08-21T17:24:41.1904105+09:00,1228.842781,1229.342781,30,30,-0.091382,0.002420,0.000000,0.000000,0.000000,0.000666,0
20260821_170411_847,1,Unspecified,2310,2026-08-21T17:24:41.1904105+09:00,2026-08-21T17:24:41.6904105+09:00,1229.342781,1229.842781,30,30,-0.091248,0.002485,0.000000,0.000000,0.000000,0.000164,0
20260821_170411_847,1,Unspecified,2311,2026-08-21T17:24:41.6904105+09:00,2026-08-21T17:24:42.1904105+09:00,1229.842781,1230.342781,30,30,-0.091372,0.002013,0.000000,0.000000,0.000000,0.000364,0
20260821_170411_847,1,Unspecified,2312,2026-08-21T17:24:42.1904105+09:00,2026-08-21T17:24:42.6904105+09:00,1230.342781,1230.842781,30,30,-0.091711,0.001442,0.000000,0.000000,0.000000,0.000298,0
20260821_170411_847,1,Unspecified,2313,2026-08-21T17:24:42.6904105+09:00,2026-08-21T17:24:43.1904105+09:00,1230.842781,1231.342781,30,30,-0.091970,0.000801,0.000000,0.000001,0.000000,0.000804,0
20260821_170411_847,1,Unspecified,2314,2026-08-21T17:24:43.1904105+09:00,2026-08-21T17:24:43.6904105+09:00,1231.342781,1231.842781,30,30,-0.091819,0.001214,0.000000,0.000000,0.000000,0.000475,0
20260821_170411_847,1,Unspecified,2315,2026-08-21T17:24:43.6904105+09:00,2026-08-21T17:24:44.1904105+09:00,1231.842781,1232.342781,30,30,-0.091781,0.001497,0.000000,0.000000,0.000000,0.000152,0
20260821_170411_847,1,Unspecified,2316,2026-08-21T17:24:44.1904105+09:00,2026-08-21T17:24:44.6904105+09:00,1232.342781,1232.842781,30,30,-0.091500,0.002066,0.000000,0.000000,0.000000,0.000439,0
20260821_170411_847,1,Unspecified,2317,2026-08-21T17:24:44.6904105+09:00,2026-08-21T17:24:45.1904105+09:00,1232.842781,1233.342781,30,30,-0.091736,0.001509,0.000000,0.000000,0.000000,0.000202,0
20260821_170411_847,1,Unspecified,2318,2026-08-21T17:24:45.1904105+09:00,2026-08-21T17:24:45.6904105+09:00,1233.342781,1233.842781,30,30,-0.091990,0.001081,0.000000,0.000000,0.000000,0.000321,0
20260821_170411_847,1,Unspecified,2319,2026-08-21T17:24:45.6904105+09:00,2026-08-21T17:24:46.1904105+09:00,1233.842781,1234.342781,30,30,-0.092165,0.000816,0.000000,0.000000,0.000000,0.000205,0
20260821_170411_847,1,Unspecified,2320,2026-08-21T17:24:46.1904105+09:00,2026-08-21T17:24:46.6904105+09:00,1234.342781,1234.842781,30,30,-0.092327,0.000681,0.000000,0.000000,0.000000,0.000169,0
20260821_170411_847,1,Unspecified,2321,2026-08-21T17:24:46.6904105+09:00,2026-08-21T17:24:47.1904105+09:00,1234.842781,1235.342781,30,30,-0.092084,0.001088,0.000000,0.000000,0.000000,0.000257,0
20260821_170411_847,1,Unspecified,2322,2026-08-21T17:24:47.1904105+09:00,2026-08-21T17:24:47.6904105+09:00,1235.342781,1235.842781,30,30,-0.092048,0.001019,0.000000,0.000000,0.000000,0.000255,0
20260821_170411_847,1,Unspecified,2323,2026-08-21T17:24:47.6904105+09:00,2026-08-21T17:24:48.1904105+09:00,1235.842781,1236.342781,30,30,-0.092195,0.000772,0.000000,0.000000,0.000000,0.000425,0
20260821_170411_847,1,Unspecified,2324,2026-08-21T17:24:48.1904105+09:00,2026-08-21T17:24:48.6904105+09:00,1236.342781,1236.842781,30,30,-0.092339,0.000548,0.000000,0.000000,0.000000,0.000726,0
20260821_170411_847,1,Unspecified,2325,2026-08-21T17:24:48.6904105+09:00,2026-08-21T17:24:49.1904105+09:00,1236.842781,1237.342781,30,30,-0.092725,-0.000383,0.000000,0.000000,0.000000,0.000289,0
20260821_170411_847,1,Unspecified,2326,2026-08-21T17:24:49.1904105+09:00,2026-08-21T17:24:49.6904105+09:00,1237.342781,1237.842781,30,30,-0.092546,0.000291,0.000000,0.000000,0.000000,0.000740,0
20260821_170411_847,1,Unspecified,2327,2026-08-21T17:24:49.6904105+09:00,2026-08-21T17:24:50.1904105+09:00,1237.842781,1238.342781,30,30,-0.092454,0.000310,0.000000,0.000000,0.000000,0.000628,0
20260821_170411_847,1,Unspecified,2328,2026-08-21T17:24:50.1904105+09:00,2026-08-21T17:24:50.6904105+09:00,1238.342781,1238.842781,30,30,-0.091507,0.002610,0.000000,0.000000,0.000000,0.000548,0
20260821_170411_847,1,Unspecified,2329,2026-08-21T17:24:50.6904105+09:00,2026-08-21T17:24:51.1904105+09:00,1238.842781,1239.342781,30,30,-0.091784,0.002050,0.000000,0.000000,0.000000,0.000470,0
20260821_170411_847,1,Unspecified,2330,2026-08-21T17:24:51.1904105+09:00,2026-08-21T17:24:51.6904105+09:00,1239.342781,1239.842781,30,30,-0.091720,0.001817,0.000000,0.000000,0.000000,0.000540,0
20260821_170411_847,1,Unspecified,2331,2026-08-21T17:24:51.6904105+09:00,2026-08-21T17:24:52.1904105+09:00,1239.842781,1240.342781,30,30,-0.091688,0.001986,0.000000,0.000000,0.000000,0.000500,0
20260821_170411_847,1,Unspecified,2332,2026-08-21T17:24:52.1904105+09:00,2026-08-21T17:24:52.6904105+09:00,1240.342781,1240.842781,30,30,-0.091841,0.001607,0.000000,0.000000,0.000000,0.000331,0
20260821_170411_847,1,Unspecified,2333,2026-08-21T17:24:52.6904105+09:00,2026-08-21T17:24:53.1904105+09:00,1240.842781,1241.342781,30,30,-0.091967,0.001536,0.000000,0.000000,0.000000,0.000315,0
20260821_170411_847,1,Unspecified,2334,2026-08-21T17:24:53.1904105+09:00,2026-08-21T17:24:53.6904105+09:00,1241.342781,1241.842781,30,30,-0.091981,0.001249,0.000000,0.000000,0.000000,0.000276,0
20260821_170411_847,1,Unspecified,2335,2026-08-21T17:24:53.6904105+09:00,2026-08-21T17:24:54.1904105+09:00,1241.842781,1242.342781,30,30,-0.091741,0.001918,0.000000,0.000000,0.000000,0.000220,0
20260821_170411_847,1,Unspecified,2336,2026-08-21T17:24:54.1904105+09:00,2026-08-21T17:24:54.6904105+09:00,1242.342781,1242.842781,30,30,-0.091698,0.001857,0.000000,0.000000,0.000000,0.000262,0
20260821_170411_847,1,Unspecified,2337,2026-08-21T17:24:54.6904105+09:00,2026-08-21T17:24:55.1904105+09:00,1242.842781,1243.342781,30,30,-0.091608,0.001934,0.000000,0.000000,0.000000,0.000411,0
20260821_170411_847,1,Unspecified,2338,2026-08-21T17:24:55.1904105+09:00,2026-08-21T17:24:55.6904105+09:00,1243.342781,1243.842781,30,30,-0.091546,0.002213,0.000000,0.000000,0.000000,0.000346,0
20260821_170411_847,1,Unspecified,2339,2026-08-21T17:24:55.6904105+09:00,2026-08-21T17:24:56.1904105+09:00,1243.842781,1244.342781,30,30,-0.091672,0.002092,0.000000,0.000000,0.000000,0.000295,0
20260821_170411_847,1,Unspecified,2340,2026-08-21T17:24:56.1904105+09:00,2026-08-21T17:24:56.6904105+09:00,1244.342781,1244.842781,30,30,-0.091472,0.002351,0.000000,0.000000,0.000000,0.000389,0
20260821_170411_847,1,Unspecified,2341,2026-08-21T17:24:56.6904105+09:00,2026-08-21T17:24:57.1904105+09:00,1244.842781,1245.342781,30,30,-0.091243,0.002676,0.000000,0.000000,0.000000,0.000215,0
20260821_170411_847,1,Unspecified,2342,2026-08-21T17:24:57.1904105+09:00,2026-08-21T17:24:57.6904105+09:00,1245.342781,1245.842781,30,30,-0.091311,0.002381,0.000000,0.000000,0.000000,0.000172,0
20260821_170411_847,1,Unspecified,2343,2026-08-21T17:24:57.6904105+09:00,2026-08-21T17:24:58.1904105+09:00,1245.842781,1246.342781,30,30,-0.091328,0.002429,0.000000,0.000000,0.000000,0.000092,0
20260821_170411_847,1,Unspecified,2344,2026-08-21T17:24:58.1904105+09:00,2026-08-21T17:24:58.6904105+09:00,1246.342781,1246.842781,30,30,-0.091338,0.002555,0.000000,0.000000,0.000000,0.000125,0
20260821_170411_847,1,Unspecified,2345,2026-08-21T17:24:58.6904105+09:00,2026-08-21T17:24:59.1904105+09:00,1246.842781,1247.342781,30,30,-0.091624,0.002288,0.000000,0.000000,0.000000,0.000256,0
20260821_170411_847,1,Unspecified,2346,2026-08-21T17:24:59.1904105+09:00,2026-08-21T17:24:59.6904105+09:00,1247.342781,1247.842781,30,30,-0.091917,0.001904,0.000000,0.000000,0.000000,0.000184,0
20260821_170411_847,1,Unspecified,2347,2026-08-21T17:24:59.6904105+09:00,2026-08-21T17:25:00.1904105+09:00,1247.842781,1248.342781,30,30,-0.091758,0.002124,0.000000,0.000000,0.000000,0.000111,0
20260821_170411_847,1,Unspecified,2348,2026-08-21T17:25:00.1904105+09:00,2026-08-21T17:25:00.6904105+09:00,1248.342781,1248.842781,30,30,-0.091570,0.002341,0.000000,0.000000,0.000000,0.000113,0
20260821_170411_847,1,Unspecified,2349,2026-08-21T17:25:00.6904105+09:00,2026-08-21T17:25:01.1904105+09:00,1248.842781,1249.342781,30,30,-0.091313,0.002841,0.000000,0.000000,0.000000,0.000133,0
20260821_170411_847,1,Unspecified,2350,2026-08-21T17:25:01.1904105+09:00,2026-08-21T17:25:01.6904105+09:00,1249.342781,1249.842781,30,30,-0.091311,0.002853,0.000000,0.000000,0.000000,0.000154,0
20260821_170411_847,1,Unspecified,2351,2026-08-21T17:25:01.6904105+09:00,2026-08-21T17:25:02.1904105+09:00,1249.842781,1250.342781,30,30,-0.091261,0.003056,0.000000,0.000000,0.000000,0.000083,0
20260821_170411_847,1,Unspecified,2352,2026-08-21T17:25:02.1904105+09:00,2026-08-21T17:25:02.6904105+09:00,1250.342781,1250.842781,30,30,-0.091282,0.003265,0.000000,0.000000,0.000000,0.000050,0
20260821_170411_847,1,Unspecified,2353,2026-08-21T17:25:02.6904105+09:00,2026-08-21T17:25:03.1904105+09:00,1250.842781,1251.342781,30,30,-0.091306,0.003189,0.000000,0.000000,0.000000,0.000142,0
20260821_170411_847,1,Unspecified,2354,2026-08-21T17:25:03.1904105+09:00,2026-08-21T17:25:03.6904105+09:00,1251.342781,1251.842781,30,30,-0.091117,0.003377,0.000000,0.000000,0.000000,0.000097,0
20260821_170411_847,1,Unspecified,2355,2026-08-21T17:25:03.6904105+09:00,2026-08-21T17:25:04.1904105+09:00,1251.842781,1252.342781,30,30,-0.090985,0.003507,0.000000,0.000000,0.000000,0.000102,0
20260821_170411_847,1,Unspecified,2356,2026-08-21T17:25:04.1904105+09:00,2026-08-21T17:25:04.6904105+09:00,1252.342781,1252.842781,30,30,-0.090730,0.003891,0.000000,0.000000,0.000000,0.000132,0
20260821_170411_847,1,Unspecified,2357,2026-08-21T17:25:04.6904105+09:00,2026-08-21T17:25:05.1904105+09:00,1252.842781,1253.342781,30,30,-0.090678,0.003960,0.000000,0.000000,0.000000,0.000103,0
20260821_170411_847,1,Unspecified,2358,2026-08-21T17:25:05.1904105+09:00,2026-08-21T17:25:05.6904105+09:00,1253.342781,1253.842781,30,30,-0.090498,0.004285,0.000000,0.000000,0.000000,0.000251,0
20260821_170411_847,1,Unspecified,2359,2026-08-21T17:25:05.6904105+09:00,2026-08-21T17:25:06.1904105+09:00,1253.842781,1254.342781,30,30,-0.090346,0.004646,0.000000,0.000000,0.000000,0.000138,0
20260821_170411_847,1,Unspecified,2360,2026-08-21T17:25:06.1904105+09:00,2026-08-21T17:25:06.6904105+09:00,1254.342781,1254.842781,30,30,-0.090288,0.004747,0.000000,0.000000,0.000000,0.000094,0
20260821_170411_847,1,Unspecified,2361,2026-08-21T17:25:06.6904105+09:00,2026-08-21T17:25:07.1904105+09:00,1254.842781,1255.342781,30,30,-0.090137,0.004831,0.000000,0.000000,0.000000,0.000108,0
20260821_170411_847,1,Unspecified,2362,2026-08-21T17:25:07.1904105+09:00,2026-08-21T17:25:07.6904105+09:00,1255.342781,1255.842781,30,30,-0.090125,0.004970,0.000000,0.000000,0.000000,0.000107,0
20260821_170411_847,1,Unspecified,2363,2026-08-21T17:25:07.6904105+09:00,2026-08-21T17:25:08.1904105+09:00,1255.842781,1256.342781,30,30,-0.090296,0.004838,0.000000,0.000000,0.000000,0.000215,0
20260821_170411_847,1,Unspecified,2364,2026-08-21T17:25:08.1904105+09:00,2026-08-21T17:25:08.6904105+09:00,1256.342781,1256.842781,30,30,-0.090494,0.004609,0.000000,0.000000,0.000000,0.000298,0
20260821_170411_847,1,Unspecified,2365,2026-08-21T17:25:08.6904105+09:00,2026-08-21T17:25:09.1904105+09:00,1256.842781,1257.342781,30,30,-0.090962,0.004029,0.000000,0.000000,0.000000,0.000244,0
20260821_170411_847,1,Unspecified,2366,2026-08-21T17:25:09.1904105+09:00,2026-08-21T17:25:09.6904105+09:00,1257.342781,1257.842781,30,30,-0.091045,0.004034,0.000000,0.000000,0.000000,0.000389,0
20260821_170411_847,1,Unspecified,2367,2026-08-21T17:25:09.6904105+09:00,2026-08-21T17:25:10.1904105+09:00,1257.842781,1258.342781,30,30,-0.091078,0.003829,0.000000,0.000000,0.000000,0.000329,0
20260821_170411_847,1,Unspecified,2368,2026-08-21T17:25:10.1904105+09:00,2026-08-21T17:25:10.6904105+09:00,1258.342781,1258.842781,30,30,-0.091018,0.003835,0.000000,0.000000,0.000000,0.000494,0
20260821_170411_847,1,Unspecified,2369,2026-08-21T17:25:10.6904105+09:00,2026-08-21T17:25:11.1904105+09:00,1258.842781,1259.342781,30,30,-0.090854,0.003699,0.000000,0.000000,0.000000,0.000759,0
20260821_170411_847,1,Unspecified,2370,2026-08-21T17:25:11.1904105+09:00,2026-08-21T17:25:11.6904105+09:00,1259.342781,1259.842781,30,30,-0.090706,0.003978,0.000000,0.000000,0.000000,0.000282,0
20260821_170411_847,1,Unspecified,2371,2026-08-21T17:25:11.6904105+09:00,2026-08-21T17:25:12.1904105+09:00,1259.842781,1260.342781,30,30,-0.090914,0.003925,0.000000,0.000000,0.000000,0.000546,0
20260821_170411_847,1,Unspecified,2372,2026-08-21T17:25:12.1904105+09:00,2026-08-21T17:25:12.6904105+09:00,1260.342781,1260.842781,30,30,-0.090867,0.004334,0.000000,0.000000,0.000000,0.000345,0
20260821_170411_847,1,Unspecified,2373,2026-08-21T17:25:12.6904105+09:00,2026-08-21T17:25:13.1904105+09:00,1260.842781,1261.342781,30,30,-0.090746,0.004450,0.000000,0.000000,0.000000,0.000157,0
20260821_170411_847,1,Unspecified,2374,2026-08-21T17:25:13.1904105+09:00,2026-08-21T17:25:13.6904105+09:00,1261.342781,1261.842781,30,30,-0.090665,0.004462,0.000000,0.000000,0.000000,0.000251,0
20260821_170411_847,1,Unspecified,2375,2026-08-21T17:25:13.6904105+09:00,2026-08-21T17:25:14.1904105+09:00,1261.842781,1262.342781,30,30,-0.090717,0.004154,0.000000,0.000000,0.000000,0.000283,0
20260821_170411_847,1,Unspecified,2376,2026-08-21T17:25:14.1904105+09:00,2026-08-21T17:25:14.6904105+09:00,1262.342781,1262.842781,30,30,-0.090694,0.004065,0.000000,0.000000,0.000000,0.000212,0
20260821_170411_847,1,Unspecified,2377,2026-08-21T17:25:14.6904105+09:00,2026-08-21T17:25:15.1904105+09:00,1262.842781,1263.342781,30,30,-0.090942,0.003618,0.000000,0.000000,0.000000,0.000504,0
20260821_170411_847,1,Unspecified,2378,2026-08-21T17:25:15.1904105+09:00,2026-08-21T17:25:15.6904105+09:00,1263.342781,1263.842781,30,30,-0.091093,0.003244,0.000000,0.000000,0.000000,0.000166,0
20260821_170411_847,1,Unspecified,2379,2026-08-21T17:25:15.6904105+09:00,2026-08-21T17:25:16.1904105+09:00,1263.842781,1264.342781,30,30,-0.090916,0.003398,0.000000,0.000000,0.000000,0.000075,0
20260821_170411_847,1,Unspecified,2380,2026-08-21T17:25:16.1904105+09:00,2026-08-21T17:25:16.6904105+09:00,1264.342781,1264.842781,30,30,-0.090931,0.003460,0.000000,0.000000,0.000000,0.000092,0
20260821_170411_847,1,Unspecified,2381,2026-08-21T17:25:16.6904105+09:00,2026-08-21T17:25:17.1904105+09:00,1264.842781,1265.342781,30,30,-0.090786,0.003461,0.000000,0.000000,0.000000,0.000166,0
20260821_170411_847,1,Unspecified,2382,2026-08-21T17:25:17.1904105+09:00,2026-08-21T17:25:17.6904105+09:00,1265.342781,1265.842781,30,30,-0.090646,0.002828,0.000000,0.000000,0.000000,0.000236,0
20260821_170411_847,1,Unspecified,2383,2026-08-21T17:25:17.6904105+09:00,2026-08-21T17:25:18.1904105+09:00,1265.842781,1266.342781,30,30,-0.091241,0.001234,0.000000,0.000002,0.000001,0.001487,0
20260821_170411_847,1,Unspecified,2384,2026-08-21T17:25:18.1904105+09:00,2026-08-21T17:25:18.6904105+09:00,1266.342781,1266.842781,30,30,-0.092139,-0.000492,0.000000,0.000002,0.000001,0.001668,0
20260821_170411_847,1,Unspecified,2385,2026-08-21T17:25:18.6904105+09:00,2026-08-21T17:25:19.1904105+09:00,1266.842781,1267.342781,30,30,-0.091629,0.001251,0.000000,0.000000,0.000000,0.000404,0
20260821_170411_847,1,Unspecified,2386,2026-08-21T17:25:19.1904105+09:00,2026-08-21T17:25:19.6904105+09:00,1267.342781,1267.842781,30,30,-0.091736,0.001796,0.000000,0.000000,0.000000,0.000269,0
20260821_170411_847,1,Unspecified,2387,2026-08-21T17:25:19.6904105+09:00,2026-08-21T17:25:20.1904105+09:00,1267.842781,1268.342781,30,30,-0.092182,0.001476,0.000000,0.000000,0.000000,0.000300,0
20260821_170411_847,1,Unspecified,2388,2026-08-21T17:25:20.1904105+09:00,2026-08-21T17:25:20.6904105+09:00,1268.342781,1268.842781,30,30,-0.091975,0.002252,0.000000,0.000000,0.000000,0.000230,0
20260821_170411_847,1,Unspecified,2389,2026-08-21T17:25:20.6904105+09:00,2026-08-21T17:25:21.1904105+09:00,1268.842781,1269.342781,30,30,-0.091841,0.002409,0.000000,0.000000,0.000000,0.000152,0
20260821_170411_847,1,Unspecified,2390,2026-08-21T17:25:21.1904105+09:00,2026-08-21T17:25:21.6904105+09:00,1269.342781,1269.842781,30,30,-0.091999,0.002060,0.000000,0.000000,0.000000,0.000241,0
20260821_170411_847,1,Unspecified,2391,2026-08-21T17:25:21.6904105+09:00,2026-08-21T17:25:22.1904105+09:00,1269.842781,1270.342781,30,30,-0.091974,0.002214,0.000000,0.000000,0.000000,0.000311,0
20260821_170411_847,1,Unspecified,2392,2026-08-21T17:25:22.1904105+09:00,2026-08-21T17:25:22.6904105+09:00,1270.342781,1270.842781,30,30,-0.091931,0.002394,0.000000,0.000000,0.000000,0.000305,0
20260821_170411_847,1,Unspecified,2393,2026-08-21T17:25:22.6904105+09:00,2026-08-21T17:25:23.1904105+09:00,1270.842781,1271.342781,30,30,-0.091849,0.003011,0.000000,0.000000,0.000000,0.000234,0
20260821_170411_847,1,Unspecified,2394,2026-08-21T17:25:23.1904105+09:00,2026-08-21T17:25:23.6904105+09:00,1271.342781,1271.842781,30,30,-0.091653,0.003397,0.000000,0.000000,0.000000,0.000408,0
20260821_170411_847,1,Unspecified,2395,2026-08-21T17:25:23.6904105+09:00,2026-08-21T17:25:24.1904105+09:00,1271.842781,1272.342781,30,30,-0.091669,0.003196,0.000000,0.000000,0.000000,0.000289,0
20260821_170411_847,1,Unspecified,2396,2026-08-21T17:25:24.1904105+09:00,2026-08-21T17:25:24.6904105+09:00,1272.342781,1272.842781,30,30,-0.091811,0.002909,0.000000,0.000000,0.000000,0.000455,0
20260821_170411_847,1,Unspecified,2397,2026-08-21T17:25:24.6904105+09:00,2026-08-21T17:25:25.1904105+09:00,1272.842781,1273.342781,30,30,-0.091672,0.003113,0.000000,0.000001,0.000000,0.001053,0
20260821_170411_847,1,Unspecified,2398,2026-08-21T17:25:25.1904105+09:00,2026-08-21T17:25:25.6904105+09:00,1273.342781,1273.842781,30,30,-0.092358,0.002104,0.000000,0.000001,0.000000,0.001085,0
20260821_170411_847,1,Unspecified,2399,2026-08-21T17:25:25.6904105+09:00,2026-08-21T17:25:26.1904105+09:00,1273.842781,1274.342781,30,30,-0.092654,0.001695,0.000000,0.000001,0.000000,0.001051,0
20260821_170411_847,1,Unspecified,2400,2026-08-21T17:25:26.1904105+09:00,2026-08-21T17:25:26.6904105+09:00,1274.342781,1274.842781,30,30,-0.093119,0.001097,0.000000,0.000001,0.000000,0.000881,0
20260821_170411_847,1,Unspecified,2401,2026-08-21T17:25:26.6904105+09:00,2026-08-21T17:25:27.1904105+09:00,1274.842781,1275.342781,30,30,-0.092877,0.001520,0.000000,0.000000,0.000000,0.000419,0
20260821_170411_847,1,Unspecified,2402,2026-08-21T17:25:27.1904105+09:00,2026-08-21T17:25:27.6904105+09:00,1275.342781,1275.842781,30,30,-0.092537,0.002014,0.000000,0.000000,0.000000,0.000332,0
20260821_170411_847,1,Unspecified,2403,2026-08-21T17:25:27.6904105+09:00,2026-08-21T17:25:28.1904105+09:00,1275.842781,1276.342781,30,30,-0.092740,0.001218,0.000000,0.000000,0.000000,0.000153,0
20260821_170411_847,1,Unspecified,2404,2026-08-21T17:25:28.1904105+09:00,2026-08-21T17:25:28.6904105+09:00,1276.342781,1276.842781,30,30,-0.092255,0.001433,0.000000,0.000000,0.000000,0.000178,0
20260821_170411_847,1,Unspecified,2405,2026-08-21T17:25:28.6904105+09:00,2026-08-21T17:25:29.1904105+09:00,1276.842781,1277.342781,30,30,-0.092245,0.001415,0.000000,0.000000,0.000000,0.000200,0
20260821_170411_847,1,Unspecified,2406,2026-08-21T17:25:29.1904105+09:00,2026-08-21T17:25:29.6904105+09:00,1277.342781,1277.842781,30,30,-0.092389,0.001537,0.000000,0.000000,0.000000,0.000097,0
20260821_170411_847,1,Unspecified,2407,2026-08-21T17:25:29.6904105+09:00,2026-08-21T17:25:30.1904105+09:00,1277.842781,1278.342781,30,30,-0.092390,0.001839,0.000000,0.000000,0.000000,0.000170,0
20260821_170411_847,1,Unspecified,2408,2026-08-21T17:25:30.1904105+09:00,2026-08-21T17:25:30.6904105+09:00,1278.342781,1278.842781,30,30,-0.092121,0.002603,0.000000,0.000000,0.000000,0.000307,0
20260821_170411_847,1,Unspecified,2409,2026-08-21T17:25:30.6904105+09:00,2026-08-21T17:25:31.1904105+09:00,1278.842781,1279.342781,30,30,-0.091833,0.002970,0.000000,0.000000,0.000000,0.000159,0
20260821_170411_847,1,Unspecified,2410,2026-08-21T17:25:31.1904105+09:00,2026-08-21T17:25:31.6904105+09:00,1279.342781,1279.842781,30,30,-0.091678,0.003279,0.000000,0.000000,0.000000,0.000070,0
20260821_170411_847,1,Unspecified,2411,2026-08-21T17:25:31.6904105+09:00,2026-08-21T17:25:32.1904105+09:00,1279.842781,1280.342781,30,30,-0.091520,0.003579,0.000000,0.000000,0.000000,0.000216,0
20260821_170411_847,1,Unspecified,2412,2026-08-21T17:25:32.1904105+09:00,2026-08-21T17:25:32.6904105+09:00,1280.342781,1280.842781,30,30,-0.091301,0.003753,0.000000,0.000000,0.000000,0.000167,0
20260821_170411_847,1,Unspecified,2413,2026-08-21T17:25:32.6904105+09:00,2026-08-21T17:25:33.1904105+09:00,1280.842781,1281.342781,30,30,-0.091200,0.003873,0.000000,0.000000,0.000000,0.000292,0
20260821_170411_847,1,Unspecified,2414,2026-08-21T17:25:33.1904105+09:00,2026-08-21T17:25:33.6904105+09:00,1281.342781,1281.842781,30,30,-0.091437,0.003058,0.000000,0.000000,0.000000,0.000517,0
20260821_170411_847,1,Unspecified,2415,2026-08-21T17:25:33.6904105+09:00,2026-08-21T17:25:34.1904105+09:00,1281.842781,1282.342781,30,30,-0.076701,0.001301,0.000269,0.000017,-0.000066,0.016890,0
20260821_170411_847,1,Unspecified,2416,2026-08-21T17:25:34.1904105+09:00,2026-08-21T17:25:34.6904105+09:00,1282.342781,1282.842781,16,16,-0.007727,-0.012935,0.000265,0.000001,-0.000013,0.016308,0
20260821_170411_847,1,Unspecified,2417,2026-08-21T17:25:34.6904105+09:00,2026-08-21T17:25:35.1254105+09:00,1282.842781,1283.277653,1,0,,,,,,,1
