SessionId,RecordingId,Condition,WindowIndex,WindowStartAbsTime,WindowEndAbsTime,WindowStartElapsedSec,WindowEndElapsedSec,SampleCount,ValidSampleCount,MeanGazeX,MeanGazeY,VarianceGazeX,VarianceGazeY,CovarianceXY,Dispersion,TrackingFailureCount
20260805_180709_229,1,Unspecified,0,2026-08-05T18:07:34.4935554+09:00,2026-08-05T18:07:34.9935554+09:00,25.264136,25.764136,30,30,0.116568,-0.054727,0.000010,0.000010,0.000006,0.004432,0
20260805_180709_229,1,Unspecified,1,2026-08-05T18:07:34.9935554+09:00,2026-08-05T18:07:35.4935554+09:00,25.764136,26.264136,30,30,0.115188,-0.053102,0.000009,0.000009,0.000007,0.004209,0
20260805_180709_229,1,Unspecified,2,2026-08-05T18:07:35.4935554+09:00,2026-08-05T18:07:35.9935554+09:00,26.264136,26.764136,30,30,0.132850,-0.028908,0.000052,0.000194,0.000084,0.015681,0
20260805_180709_229,1,Unspecified,3,2026-08-05T18:07:35.9935554+09:00,2026-08-05T18:07:36.4935554+09:00,26.764136,27.264136,30,30,0.097363,-0.012115,0.000079,0.000008,-0.000011,0.009367,0
20260805_180709_229,1,Unspecified,4,2026-08-05T18:07:36.4935554+09:00,2026-08-05T18:07:36.9935554+09:00,27.264136,27.764136,30,30,0.075233,-0.184272,0.000346,0.012094,0.001901,0.111532,0
20260805_180709_229,1,Unspecified,5,2026-08-05T18:07:36.9935554+09:00,2026-08-05T18:07:37.4935554+09:00,27.764136,28.264136,30,30,0.102612,0.000151,0.000346,0.018917,0.002316,0.138792,0
20260805_180709_229,1,Unspecified,6,2026-08-05T18:07:37.4935554+09:00,2026-08-05T18:07:37.9935554+09:00,28.264136,28.764136,30,30,0.140775,-0.017865,0.000262,0.001322,-0.000548,0.039806,0
20260805_180709_229,1,Unspecified,7,2026-08-05T18:07:37.9935554+09:00,2026-08-05T18:07:38.4935554+09:00,28.764136,29.264136,30,30,0.135329,-0.005069,0.000022,0.000227,0.000045,0.015769,0
20260805_180709_229,1,Unspecified,8,2026-08-05T18:07:38.4935554+09:00,2026-08-05T18:07:38.9935554+09:00,29.264136,29.764136,30,30,0.144913,-0.067355,0.000082,0.000336,-0.000155,0.020444,0
20260805_180709_229,1,Unspecified,9,2026-08-05T18:07:38.9935554+09:00,2026-08-05T18:07:39.4935554+09:00,29.764136,30.264136,30,30,0.153531,-0.078699,0.000006,0.000115,0.000002,0.010997,0
20260805_180709_229,1,Unspecified,10,2026-08-05T18:07:39.4935554+09:00,2026-08-05T18:07:39.9935554+09:00,30.264136,30.764136,30,30,0.150720,-0.051231,0.000007,0.000033,-0.000006,0.006372,0
20260805_180709_229,1,Unspecified,11,2026-08-05T18:07:39.9935554+09:00,2026-08-05T18:07:40.4935554+09:00,30.764136,31.264136,30,30,0.151066,-0.043172,0.000009,0.000007,0.000002,0.004026,0
20260805_180709_229,1,Unspecified,12,2026-08-05T18:07:40.4935554+09:00,2026-08-05T18:07:40.9935554+09:00,31.264136,31.764136,30,30,0.151388,-0.041461,0.000007,0.000005,0.000003,0.003510,0
20260805_180709_229,1,Unspecified,13,2026-08-05T18:07:40.9935554+09:00,2026-08-05T18:07:41.4935554+09:00,31.764136,32.264136,30,30,0.144401,-0.039596,0.000047,0.000013,-0.000014,0.007735,0
20260805_180709_229,1,Unspecified,14,2026-08-05T18:07:41.4935554+09:00,2026-08-05T18:07:41.9935554+09:00,32.264136,32.764136,30,30,0.136875,-0.029300,0.000028,0.000004,0.000005,0.005651,0
20260805_180709_229,1,Unspecified,15,2026-08-05T18:07:41.9935554+09:00,2026-08-05T18:07:42.4935554+09:00,32.764136,33.264136,30,30,0.142157,-0.035334,0.000008,0.000009,0.000003,0.004201,0
20260805_180709_229,1,Unspecified,16,2026-08-05T18:07:42.4935554+09:00,2026-08-05T18:07:42.9935554+09:00,33.264136,33.764136,30,30,0.132828,-0.032112,0.000077,0.000009,-0.000009,0.009284,0
20260805_180709_229,1,Unspecified,17,2026-08-05T18:07:42.9935554+09:00,2026-08-05T18:07:43.4935554+09:00,33.764136,34.264136,30,30,0.137854,-0.036652,0.000029,0.000008,-0.000001,0.006041,0
20260805_180709_229,1,Unspecified,18,2026-08-05T18:07:43.4935554+09:00,2026-08-05T18:07:43.9935554+09:00,34.264136,34.764136,30,30,0.134538,-0.039769,0.000013,0.000005,-0.000001,0.004145,0
20260805_180709_229,1,Unspecified,19,2026-08-05T18:07:43.9935554+09:00,2026-08-05T18:07:44.4935554+09:00,34.764136,35.264136,30,30,0.131839,-0.035424,0.000006,0.000004,0.000000,0.003168,0
20260805_180709_229,1,Unspecified,20,2026-08-05T18:07:44.4935554+09:00,2026-08-05T18:07:44.9935554+09:00,35.264136,35.764136,30,30,0.140506,-0.042146,0.000023,0.000018,-0.000008,0.006415,0
20260805_180709_229,1,Unspecified,21,2026-08-05T18:07:44.9935554+09:00,2026-08-05T18:07:45.4935554+09:00,35.764136,36.264136,30,30,0.140878,-0.044162,0.000026,0.000010,-0.000002,0.006008,0
20260805_180709_229,1,Unspecified,22,2026-08-05T18:07:45.4935554+09:00,2026-08-05T18:07:45.9935554+09:00,36.264136,36.764136,30,30,0.128048,-0.034872,0.000013,0.000012,0.000009,0.005059,0
20260805_180709_229,1,Unspecified,23,2026-08-05T18:07:45.9935554+09:00,2026-08-05T18:07:46.4935554+09:00,36.764136,37.264136,30,30,0.130614,-0.031806,0.000003,0.000007,0.000001,0.003268,0
20260805_180709_229,1,Unspecified,24,2026-08-05T18:07:46.4935554+09:00,2026-08-05T18:07:46.9935554+09:00,37.264136,37.764136,30,30,0.128032,-0.035546,0.000079,0.000011,0.000017,0.009452,0
20260805_180709_229,1,Unspecified,25,2026-08-05T18:07:46.9935554+09:00,2026-08-05T18:07:47.4935554+09:00,37.764136,38.264136,30,30,0.127278,-0.032334,0.000064,0.000019,0.000030,0.009124,0
20260805_180709_229,1,Unspecified,26,2026-08-05T18:07:47.4935554+09:00,2026-08-05T18:07:47.9935554+09:00,38.264136,38.764136,30,30,0.140115,-0.027333,0.000020,0.000008,-0.000001,0.005348,0
20260805_180709_229,1,Unspecified,27,2026-08-05T18:07:47.9935554+09:00,2026-08-05T18:07:48.4935554+09:00,38.764136,39.264136,30,30,0.132587,-0.025353,0.000004,0.000012,0.000004,0.003978,0
20260805_180709_229,1,Unspecified,28,2026-08-05T18:07:48.4935554+09:00,2026-08-05T18:07:48.9935554+09:00,39.264136,39.764136,30,30,0.119174,-0.024212,0.000040,0.000006,0.000009,0.006747,0
20260805_180709_229,1,Unspecified,29,2026-08-05T18:07:48.9935554+09:00,2026-08-05T18:07:49.4935554+09:00,39.764136,40.264136,30,30,0.127329,-0.026785,0.000120,0.000009,0.000011,0.011375,0
20260805_180709_229,1,Unspecified,30,2026-08-05T18:07:49.4935554+09:00,2026-08-05T18:07:49.9935554+09:00,40.264136,40.764136,30,30,0.122936,-0.027806,0.000023,0.000004,0.000003,0.005235,0
20260805_180709_229,1,Unspecified,31,2026-08-05T18:07:49.9935554+09:00,2026-08-05T18:07:50.4935554+09:00,40.764136,41.264136,30,30,0.127551,-0.022927,0.000036,0.000009,0.000014,0.006762,0
20260805_180709_229,1,Unspecified,32,2026-08-05T18:07:50.4935554+09:00,2026-08-05T18:07:50.9935554+09:00,41.264136,41.764136,30,30,0.137505,-0.025954,0.000021,0.000047,-0.000010,0.008252,0
20260805_180709_229,1,Unspecified,33,2026-08-05T18:07:50.9935554+09:00,2026-08-05T18:07:51.4935554+09:00,41.764136,42.264136,30,30,0.138007,-0.029171,0.000016,0.000022,-0.000008,0.006166,0
20260805_180709_229,1,Unspecified,34,2026-08-05T18:07:51.4935554+09:00,2026-08-05T18:07:51.9935554+09:00,42.264136,42.764136,30,30,0.134298,-0.023002,0.000004,0.000002,0.000000,0.002546,0
20260805_180709_229,1,Unspecified,35,2026-08-05T18:07:51.9935554+09:00,2026-08-05T18:07:52.4935554+09:00,42.764136,43.264136,30,30,0.135066,-0.028994,0.000003,0.000007,0.000003,0.003221,0
20260805_180709_229,1,Unspecified,36,2026-08-05T18:07:52.4935554+09:00,2026-08-05T18:07:52.9935554+09:00,43.264136,43.764136,30,30,0.129934,-0.035103,0.000009,0.000020,0.000011,0.005419,0
20260805_180709_229,1,Unspecified,37,2026-08-05T18:07:52.9935554+09:00,2026-08-05T18:07:53.4935554+09:00,43.764136,44.264136,30,30,0.128184,-0.034036,0.000003,0.000011,0.000000,0.003675,0
20260805_180709_229,1,Unspecified,38,2026-08-05T18:07:53.4935554+09:00,2026-08-05T18:07:53.9935554+09:00,44.264136,44.764136,30,30,0.124398,-0.032685,0.000002,0.000007,0.000002,0.002971,0
20260805_180709_229,1,Unspecified,39,2026-08-05T18:07:53.9935554+09:00,2026-08-05T18:07:54.4935554+09:00,44.764136,45.264136,30,30,0.125827,-0.033528,0.000001,0.000003,-0.000001,0.002114,0
20260805_180709_229,1,Unspecified,40,2026-08-05T18:07:54.4935554+09:00,2026-08-05T18:07:54.9935554+09:00,45.264136,45.764136,30,30,0.128236,-0.034896,0.000003,0.000006,-0.000001,0.002922,0
20260805_180709_229,1,Unspecified,41,2026-08-05T18:07:54.9935554+09:00,2026-08-05T18:07:55.4935554+09:00,45.764136,46.264136,30,30,0.133187,-0.033107,0.000022,0.000015,-0.000003,0.006084,0
20260805_180709_229,1,Unspecified,42,2026-08-05T18:07:55.4935554+09:00,2026-08-05T18:07:55.9935554+09:00,46.264136,46.764136,30,30,0.130576,-0.031432,0.000040,0.000191,-0.000003,0.015171,0
20260805_180709_229,1,Unspecified,43,2026-08-05T18:07:55.9935554+09:00,2026-08-05T18:07:56.4935554+09:00,46.764136,47.264136,30,30,0.126752,-0.020450,0.000005,0.000005,-0.000003,0.003095,0
20260805_180709_229,1,Unspecified,44,2026-08-05T18:07:56.4935554+09:00,2026-08-05T18:07:56.9935554+09:00,47.264136,47.764136,30,30,0.128980,-0.020443,0.000005,0.000005,-0.000003,0.003081,0
20260805_180709_229,1,Unspecified,45,2026-08-05T18:07:56.9935554+09:00,2026-08-05T18:07:57.4935554+09:00,47.764136,48.264136,30,30,0.129681,-0.024955,0.000006,0.000003,-0.000001,0.003030,0
20260805_180709_229,1,Unspecified,46,2026-08-05T18:07:57.4935554+09:00,2026-08-05T18:07:57.9935554+09:00,48.264136,48.764136,30,30,0.129004,-0.021640,0.000011,0.000007,-0.000001,0.004215,0
20260805_180709_229,1,Unspecified,47,2026-08-05T18:07:57.9935554+09:00,2026-08-05T18:07:58.4935554+09:00,48.764136,49.264136,30,30,0.129397,-0.028709,0.000002,0.000006,0.000001,0.002854,0
20260805_180709_229,1,Unspecified,48,2026-08-05T18:07:58.4935554+09:00,2026-08-05T18:07:58.9935554+09:00,49.264136,49.764136,30,30,0.129005,-0.031731,0.000001,0.000002,-0.000001,0.001732,0
20260805_180709_229,1,Unspecified,49,2026-08-05T18:07:58.9935554+09:00,2026-08-05T18:07:59.4935554+09:00,49.764136,50.264136,30,30,0.123919,-0.035131,0.000004,0.000003,0.000001,0.002628,0
20260805_180709_229,1,Unspecified,50,2026-08-05T18:07:59.4935554+09:00,2026-08-05T18:07:59.9935554+09:00,50.264136,50.764136,30,30,0.125155,-0.033432,0.000004,0.000006,0.000001,0.003159,0
20260805_180709_229,1,Unspecified,51,2026-08-05T18:07:59.9935554+09:00,2026-08-05T18:08:00.4935554+09:00,50.764136,51.264136,30,30,0.126598,-0.023469,0.000008,0.000019,0.000009,0.005281,0
20260805_180709_229,1,Unspecified,52,2026-08-05T18:08:00.4935554+09:00,2026-08-05T18:08:00.9935554+09:00,51.264136,51.764136,30,30,0.127878,-0.020699,0.000003,0.000005,0.000002,0.002767,0
20260805_180709_229,1,Unspecified,53,2026-08-05T18:08:00.9935554+09:00,2026-08-05T18:08:01.4935554+09:00,51.764136,52.264136,30,30,0.121881,-0.025849,0.000055,0.000005,0.000003,0.007799,0
20260805_180709_229,1,Unspecified,54,2026-08-05T18:08:01.4935554+09:00,2026-08-05T18:08:01.9935554+09:00,52.264136,52.764136,30,30,0.119867,-0.025093,0.000009,0.000007,0.000003,0.004006,0
20260805_180709_229,1,Unspecified,55,2026-08-05T18:08:01.9935554+09:00,2026-08-05T18:08:02.4935554+09:00,52.764136,53.264136,30,30,0.120323,-0.028745,0.000004,0.000009,0.000004,0.003637,0
20260805_180709_229,1,Unspecified,56,2026-08-05T18:08:02.4935554+09:00,2026-08-05T18:08:02.9935554+09:00,53.264136,53.764136,30,30,0.128397,-0.033139,0.000017,0.000006,-0.000006,0.004823,0
20260805_180709_229,1,Unspecified,57,2026-08-05T18:08:02.9935554+09:00,2026-08-05T18:08:03.4935554+09:00,53.764136,54.264136,30,30,0.130572,-0.035146,0.000015,0.000005,-0.000002,0.004412,0
20260805_180709_229,1,Unspecified,58,2026-08-05T18:08:03.4935554+09:00,2026-08-05T18:08:03.9935554+09:00,54.264136,54.764136,30,30,0.125024,-0.032962,0.000003,0.000003,0.000000,0.002401,0
20260805_180709_229,1,Unspecified,59,2026-08-05T18:08:03.9935554+09:00,2026-08-05T18:08:04.4935554+09:00,54.764136,55.264136,30,30,0.123906,-0.027215,0.000002,0.000003,0.000000,0.002269,0
20260805_180709_229,1,Unspecified,60,2026-08-05T18:08:04.4935554+09:00,2026-08-05T18:08:04.9935554+09:00,55.264136,55.764136,30,30,0.117566,-0.031596,0.000073,0.000029,0.000043,0.010127,0
20260805_180709_229,1,Unspecified,61,2026-08-05T18:08:04.9935554+09:00,2026-08-05T18:08:05.4935554+09:00,55.764136,56.264136,30,30,0.113846,-0.031717,0.000041,0.000023,0.000023,0.008019,0
20260805_180709_229,1,Unspecified,62,2026-08-05T18:08:05.4935554+09:00,2026-08-05T18:08:05.9935554+09:00,56.264136,56.764136,30,30,0.126110,-0.026979,0.000006,0.000002,0.000002,0.002869,0
20260805_180709_229,1,Unspecified,63,2026-08-05T18:08:05.9935554+09:00,2026-08-05T18:08:06.4935554+09:00,56.764136,57.264136,30,30,0.124074,-0.028061,0.000002,0.000004,0.000000,0.002512,0
20260805_180709_229,1,Unspecified,64,2026-08-05T18:08:06.4935554+09:00,2026-08-05T18:08:06.9935554+09:00,57.264136,57.764136,30,30,0.124004,-0.027888,0.000003,0.000006,0.000001,0.002934,0
20260805_180709_229,1,Unspecified,65,2026-08-05T18:08:06.9935554+09:00,2026-08-05T18:08:07.4935554+09:00,57.764136,58.264136,30,30,0.118307,-0.030935,0.000012,0.000010,0.000009,0.004740,0
20260805_180709_229,1,Unspecified,66,2026-08-05T18:08:07.4935554+09:00,2026-08-05T18:08:07.9935554+09:00,58.264136,58.764136,30,30,0.120394,-0.026970,0.000003,0.000006,-0.000001,0.002872,0
20260805_180709_229,1,Unspecified,67,2026-08-05T18:08:07.9935554+09:00,2026-08-05T18:08:08.4935554+09:00,58.764136,59.264136,30,30,0.118992,-0.019667,0.000004,0.000025,0.000004,0.005385,0
20260805_180709_229,1,Unspecified,68,2026-08-05T18:08:08.4935554+09:00,2026-08-05T18:08:08.9935554+09:00,59.264136,59.764136,30,30,0.126629,-0.026884,0.000034,0.000025,-0.000021,0.007697,0
20260805_180709_229,1,Unspecified,69,2026-08-05T18:08:08.9935554+09:00,2026-08-05T18:08:09.4935554+09:00,59.764136,60.264136,30,30,0.105710,-0.028437,0.000003,0.000007,0.000000,0.003076,0
20260805_180709_229,1,Unspecified,70,2026-08-05T18:08:09.4935554+09:00,2026-08-05T18:08:09.9935554+09:00,60.264136,60.764136,30,30,0.122228,-0.024625,0.000077,0.000009,-0.000007,0.009297,0
20260805_180709_229,1,Unspecified,71,2026-08-05T18:08:09.9935554+09:00,2026-08-05T18:08:10.4935554+09:00,60.764136,61.264136,30,30,0.126064,-0.024263,0.000013,0.000006,-0.000002,0.004337,0
20260805_180709_229,1,Unspecified,72,2026-08-05T18:08:10.4935554+09:00,2026-08-05T18:08:10.9935554+09:00,61.264136,61.764136,30,30,0.124885,-0.023927,0.000003,0.000004,0.000000,0.002576,0
20260805_180709_229,1,Unspecified,73,2026-08-05T18:08:10.9935554+09:00,2026-08-05T18:08:11.4935554+09:00,61.764136,62.264136,30,30,0.106755,-0.027688,0.000028,0.000008,0.000004,0.005949,0
20260805_180709_229,1,Unspecified,74,2026-08-05T18:08:11.4935554+09:00,2026-08-05T18:08:11.9935554+09:00,62.264136,62.764136,30,30,0.110357,-0.026027,0.000073,0.000008,0.000015,0.008986,0
20260805_180709_229,1,Unspecified,75,2026-08-05T18:08:11.9935554+09:00,2026-08-05T18:08:12.4935554+09:00,62.764136,63.264136,30,30,0.124108,-0.026330,0.000004,0.000005,0.000002,0.002985,0
20260805_180709_229,1,Unspecified,76,2026-08-05T18:08:12.4935554+09:00,2026-08-05T18:08:12.9935554+09:00,63.264136,63.764136,30,30,0.121795,-0.023452,0.000003,0.000004,0.000000,0.002705,0
20260805_180709_229,1,Unspecified,77,2026-08-05T18:08:12.9935554+09:00,2026-08-05T18:08:13.4935554+09:00,63.764136,64.264136,30,30,0.122285,-0.023331,0.000012,0.000003,0.000000,0.003824,0
20260805_180709_229,1,Unspecified,78,2026-08-05T18:08:13.4935554+09:00,2026-08-05T18:08:13.9935554+09:00,64.264136,64.764136,30,30,0.115617,-0.022949,0.000003,0.000004,0.000001,0.002748,0
20260805_180709_229,1,Unspecified,79,2026-08-05T18:08:13.9935554+09:00,2026-08-05T18:08:14.4935554+09:00,64.764136,65.264136,30,30,0.117677,-0.026578,0.000010,0.000005,0.000003,0.003888,0
20260805_180709_229,1,Unspecified,80,2026-08-05T18:08:14.4935554+09:00,2026-08-05T18:08:14.9935554+09:00,65.264136,65.764136,30,30,0.114286,-0.025822,0.000004,0.000004,0.000001,0.002775,0
20260805_180709_229,1,Unspecified,81,2026-08-05T18:08:14.9935554+09:00,2026-08-05T18:08:15.4935554+09:00,65.764136,66.264136,30,30,0.115437,-0.022368,0.000004,0.000007,0.000003,0.003252,0
20260805_180709_229,1,Unspecified,82,2026-08-05T18:08:15.4935554+09:00,2026-08-05T18:08:15.9935554+09:00,66.264136,66.764136,30,30,0.113091,-0.026867,0.000005,0.000005,0.000001,0.003069,0
20260805_180709_229,1,Unspecified,83,2026-08-05T18:08:15.9935554+09:00,2026-08-05T18:08:16.4935554+09:00,66.764136,67.264136,30,30,0.118755,-0.025950,0.000002,0.000005,0.000001,0.002768,0
20260805_180709_229,1,Unspecified,84,2026-08-05T18:08:16.4935554+09:00,2026-08-05T18:08:16.9935554+09:00,67.264136,67.764136,30,30,0.120521,-0.023039,0.000002,0.000012,0.000002,0.003854,0
20260805_180709_229,1,Unspecified,85,2026-08-05T18:08:16.9935554+09:00,2026-08-05T18:08:17.4935554+09:00,67.764136,68.264136,30,30,0.115158,-0.023837,0.000010,0.000003,-0.000002,0.003684,0
20260805_180709_229,1,Unspecified,86,2026-08-05T18:08:17.4935554+09:00,2026-08-05T18:08:17.9935554+09:00,68.264136,68.764136,30,30,0.118492,-0.022866,0.000010,0.000006,0.000005,0.003960,0
20260805_180709_229,1,Unspecified,87,2026-08-05T18:08:17.9935554+09:00,2026-08-05T18:08:18.4935554+09:00,68.764136,69.264136,30,30,0.122949,-0.021006,0.000001,0.000003,0.000001,0.002191,0
20260805_180709_229,1,Unspecified,88,2026-08-05T18:08:18.4935554+09:00,2026-08-05T18:08:18.9935554+09:00,69.264136,69.764136,30,30,0.102428,-0.025114,0.000036,0.000004,0.000004,0.006286,0
20260805_180709_229,1,Unspecified,89,2026-08-05T18:08:18.9935554+09:00,2026-08-05T18:08:19.4935554+09:00,69.764136,70.264136,30,30,0.106224,-0.017611,0.000022,0.000008,0.000010,0.005441,0
20260805_180709_229,1,Unspecified,90,2026-08-05T18:08:19.4935554+09:00,2026-08-05T18:08:19.9935554+09:00,70.264136,70.764136,30,30,0.110480,-0.016143,0.000036,0.000030,-0.000026,0.008124,0
20260805_180709_229,1,Unspecified,91,2026-08-05T18:08:19.9935554+09:00,2026-08-05T18:08:20.4935554+09:00,70.764136,71.264136,30,30,0.111362,-0.015167,0.000003,0.000002,0.000000,0.002356,0
20260805_180709_229,1,Unspecified,92,2026-08-05T18:08:20.4935554+09:00,2026-08-05T18:08:20.9935554+09:00,71.264136,71.764136,30,30,0.117831,-0.022196,0.000032,0.000052,-0.000037,0.009142,0
20260805_180709_229,1,Unspecified,93,2026-08-05T18:08:20.9935554+09:00,2026-08-05T18:08:21.4935554+09:00,71.764136,72.264136,30,30,0.118631,-0.017494,0.000026,0.000016,-0.000001,0.006486,0
20260805_180709_229,1,Unspecified,94,2026-08-05T18:08:21.4935554+09:00,2026-08-05T18:08:21.9935554+09:00,72.264136,72.764136,30,30,0.118062,-0.024389,0.000080,0.000020,0.000035,0.009996,0
20260805_180709_229,1,Unspecified,95,2026-08-05T18:08:21.9935554+09:00,2026-08-05T18:08:22.4935554+09:00,72.764136,73.264136,30,30,0.116634,-0.025354,0.000022,0.000016,0.000010,0.006094,0
20260805_180709_229,1,Unspecified,96,2026-08-05T18:08:22.4935554+09:00,2026-08-05T18:08:22.9935554+09:00,73.264136,73.764136,30,30,0.120279,-0.022214,0.000002,0.000003,0.000000,0.002071,0
20260805_180709_229,1,Unspecified,97,2026-08-05T18:08:22.9935554+09:00,2026-08-05T18:08:23.4935554+09:00,73.764136,74.264136,30,30,0.117321,-0.030534,0.000001,0.000004,0.000001,0.002165,0
20260805_180709_229,1,Unspecified,98,2026-08-05T18:08:23.4935554+09:00,2026-08-05T18:08:23.9935554+09:00,74.264136,74.764136,30,30,0.116391,-0.032304,0.000003,0.000005,0.000002,0.002694,0
20260805_180709_229,1,Unspecified,99,2026-08-05T18:08:23.9935554+09:00,2026-08-05T18:08:24.4935554+09:00,74.764136,75.264136,30,30,0.119507,-0.027402,0.000006,0.000008,0.000005,0.003748,0
20260805_180709_229,1,Unspecified,100,2026-08-05T18:08:24.4935554+09:00,2026-08-05T18:08:24.9935554+09:00,75.264136,75.764136,30,30,0.118607,-0.028660,0.000028,0.000017,0.000019,0.006650,0
20260805_180709_229,1,Unspecified,101,2026-08-05T18:08:24.9935554+09:00,2026-08-05T18:08:25.4935554+09:00,75.764136,76.264136,30,30,0.114214,-0.034265,0.000001,0.000004,0.000000,0.002323,0
20260805_180709_229,1,Unspecified,102,2026-08-05T18:08:25.4935554+09:00,2026-08-05T18:08:25.9935554+09:00,76.264136,76.764136,30,30,0.116409,-0.029815,0.000002,0.000006,0.000001,0.002867,0
20260805_180709_229,1,Unspecified,103,2026-08-05T18:08:25.9935554+09:00,2026-08-05T18:08:26.4935554+09:00,76.764136,77.264136,30,30,0.116797,-0.028464,0.000002,0.000002,0.000000,0.002034,0
20260805_180709_229,1,Unspecified,104,2026-08-05T18:08:26.4935554+09:00,2026-08-05T18:08:26.9935554+09:00,77.264136,77.764136,30,30,0.122700,-0.025033,0.000008,0.000003,0.000003,0.003217,0
20260805_180709_229,1,Unspecified,105,2026-08-05T18:08:26.9935554+09:00,2026-08-05T18:08:27.4935554+09:00,77.764136,78.264136,30,30,0.107794,-0.030171,0.000008,0.000002,0.000002,0.003201,0
20260805_180709_229,1,Unspecified,106,2026-08-05T18:08:27.4935554+09:00,2026-08-05T18:08:27.9935554+09:00,78.264136,78.764136,30,30,0.111328,-0.027853,0.000008,0.000006,0.000005,0.003736,0
20260805_180709_229,1,Unspecified,107,2026-08-05T18:08:27.9935554+09:00,2026-08-05T18:08:28.4935554+09:00,78.764136,79.264136,30,30,0.113509,-0.029043,0.000004,0.000005,-0.000001,0.002911,0
20260805_180709_229,1,Unspecified,108,2026-08-05T18:08:28.4935554+09:00,2026-08-05T18:08:28.9935554+09:00,79.264136,79.764136,30,30,0.118071,-0.027291,0.000006,0.000012,0.000001,0.004254,0
20260805_180709_229,1,Unspecified,109,2026-08-05T18:08:28.9935554+09:00,2026-08-05T18:08:29.4935554+09:00,79.764136,80.264136,30,30,0.114281,-0.032063,0.000019,0.000003,-0.000001,0.004650,0
20260805_180709_229,1,Unspecified,110,2026-08-05T18:08:29.4935554+09:00,2026-08-05T18:08:29.9935554+09:00,80.264136,80.764136,30,30,0.117688,-0.030372,0.000037,0.000011,0.000018,0.006958,0
20260805_180709_229,1,Unspecified,111,2026-08-05T18:08:29.9935554+09:00,2026-08-05T18:08:30.4935554+09:00,80.764136,81.264136,30,30,0.122763,-0.026331,0.000004,0.000005,-0.000001,0.003051,0
20260805_180709_229,1,Unspecified,112,2026-08-05T18:08:30.4935554+09:00,2026-08-05T18:08:30.9935554+09:00,81.264136,81.764136,30,30,0.105033,-0.026730,0.000045,0.000007,0.000014,0.007201,0
20260805_180709_229,1,Unspecified,113,2026-08-05T18:08:30.9935554+09:00,2026-08-05T18:08:31.4935554+09:00,81.764136,82.264136,30,30,0.117993,-0.021294,0.000037,0.000154,0.000017,0.013804,0
20260805_180709_229,1,Unspecified,114,2026-08-05T18:08:31.4935554+09:00,2026-08-05T18:08:31.9935554+09:00,82.264136,82.764136,30,30,0.116429,-0.025178,0.000007,0.000006,-0.000003,0.003665,0
20260805_180709_229,1,Unspecified,115,2026-08-05T18:08:31.9935554+09:00,2026-08-05T18:08:32.4935554+09:00,82.764136,83.264136,30,30,0.114025,-0.021933,0.000003,0.000009,0.000001,0.003365,0
20260805_180709_229,1,Unspecified,116,2026-08-05T18:08:32.4935554+09:00,2026-08-05T18:08:32.9935554+09:00,83.264136,83.764136,30,30,0.117215,-0.024300,0.000028,0.000002,0.000000,0.005472,0
20260805_180709_229,1,Unspecified,117,2026-08-05T18:08:32.9935554+09:00,2026-08-05T18:08:33.4935554+09:00,83.764136,84.264136,30,30,0.106520,-0.024133,0.000042,0.000015,0.000021,0.007558,0
20260805_180709_229,1,Unspecified,118,2026-08-05T18:08:33.4935554+09:00,2026-08-05T18:08:33.9935554+09:00,84.264136,84.764136,30,30,0.117616,-0.023514,0.000002,0.000007,0.000003,0.003066,0
20260805_180709_229,1,Unspecified,119,2026-08-05T18:08:33.9935554+09:00,2026-08-05T18:08:34.4935554+09:00,84.764136,85.264136,30,30,0.118692,-0.021595,0.000003,0.000005,0.000002,0.002785,0
20260805_180709_229,1,Unspecified,120,2026-08-05T18:08:34.4935554+09:00,2026-08-05T18:08:34.9935554+09:00,85.264136,85.764136,30,30,0.119245,-0.023755,0.000009,0.000009,0.000002,0.004242,0
20260805_180709_229,1,Unspecified,121,2026-08-05T18:08:34.9935554+09:00,2026-08-05T18:08:35.4935554+09:00,85.764136,86.264136,30,30,0.111945,-0.026687,0.000041,0.000006,0.000006,0.006851,0
20260805_180709_229,1,Unspecified,122,2026-08-05T18:08:35.4935554+09:00,2026-08-05T18:08:35.9935554+09:00,86.264136,86.764136,30,30,0.113544,-0.024112,0.000014,0.000009,0.000007,0.004814,0
20260805_180709_229,1,Unspecified,123,2026-08-05T18:08:35.9935554+09:00,2026-08-05T18:08:36.4935554+09:00,86.764136,87.264136,30,30,0.113705,-0.024312,0.000002,0.000004,0.000001,0.002488,0
20260805_180709_229,1,Unspecified,124,2026-08-05T18:08:36.4935554+09:00,2026-08-05T18:08:36.9935554+09:00,87.264136,87.764136,30,30,0.109346,-0.031134,0.000203,0.000017,0.000023,0.014802,0
20260805_180709_229,1,Unspecified,125,2026-08-05T18:08:36.9935554+09:00,2026-08-05T18:08:37.4935554+09:00,87.764136,88.264136,30,30,0.131233,-0.034387,0.000064,0.000013,-0.000025,0.008806,0
20260805_180709_229,1,Unspecified,126,2026-08-05T18:08:37.4935554+09:00,2026-08-05T18:08:37.9935554+09:00,88.264136,88.764136,30,30,0.109830,-0.033164,0.000023,0.000010,0.000011,0.005708,0
20260805_180709_229,1,Unspecified,127,2026-08-05T18:08:37.9935554+09:00,2026-08-05T18:08:38.4935554+09:00,88.764136,89.264136,30,30,0.107104,-0.034087,0.000001,0.000005,0.000001,0.002496,0
20260805_180709_229,1,Unspecified,128,2026-08-05T18:08:38.4935554+09:00,2026-08-05T18:08:38.9935554+09:00,89.264136,89.764136,30,30,0.116223,-0.030838,0.000026,0.000004,0.000002,0.005525,0
20260805_180709_229,1,Unspecified,129,2026-08-05T18:08:38.9935554+09:00,2026-08-05T18:08:39.4935554+09:00,89.764136,90.264136,30,30,0.090930,-0.032182,0.000009,0.000005,-0.000002,0.003655,0
20260805_180709_229,1,Unspecified,130,2026-08-05T18:08:39.4935554+09:00,2026-08-05T18:08:39.9935554+09:00,90.264136,90.764136,30,30,0.111705,-0.030066,0.000047,0.000008,0.000011,0.007446,0
20260805_180709_229,1,Unspecified,131,2026-08-05T18:08:39.9935554+09:00,2026-08-05T18:08:40.4935554+09:00,90.764136,91.264136,30,30,0.124386,-0.027224,0.000006,0.000005,-0.000002,0.003292,0
20260805_180709_229,1,Unspecified,132,2026-08-05T18:08:40.4935554+09:00,2026-08-05T18:08:40.9935554+09:00,91.264136,91.764136,30,30,0.123291,-0.030116,0.000003,0.000002,-0.000001,0.002122,0
20260805_180709_229,1,Unspecified,133,2026-08-05T18:08:40.9935554+09:00,2026-08-05T18:08:41.4935554+09:00,91.764136,92.264136,30,30,0.106001,-0.034580,0.000005,0.000011,0.000003,0.004011,0
20260805_180709_229,1,Unspecified,134,2026-08-05T18:08:41.4935554+09:00,2026-08-05T18:08:41.9935554+09:00,92.264136,92.764136,30,30,0.112151,-0.031088,0.000046,0.000008,0.000012,0.007326,0
20260805_180709_229,1,Unspecified,135,2026-08-05T18:08:41.9935554+09:00,2026-08-05T18:08:42.4935554+09:00,92.764136,93.264136,30,30,0.111645,-0.029225,0.000007,0.000003,0.000001,0.003155,0
20260805_180709_229,1,Unspecified,136,2026-08-05T18:08:42.4935554+09:00,2026-08-05T18:08:42.9935554+09:00,93.264136,93.764136,30,30,0.097545,-0.028530,0.000078,0.000006,-0.000007,0.009137,0
20260805_180709_229,1,Unspecified,137,2026-08-05T18:08:42.9935554+09:00,2026-08-05T18:08:43.4935554+09:00,93.764136,94.264136,30,30,0.107787,-0.030179,0.000016,0.000006,0.000004,0.004675,0
20260805_180709_229,1,Unspecified,138,2026-08-05T18:08:43.4935554+09:00,2026-08-05T18:08:43.9935554+09:00,94.264136,94.764136,30,30,0.113413,-0.027574,0.000004,0.000002,0.000001,0.002444,0
20260805_180709_229,1,Unspecified,139,2026-08-05T18:08:43.9935554+09:00,2026-08-05T18:08:44.4935554+09:00,94.764136,95.264136,30,30,0.111382,-0.028617,0.000002,0.000003,0.000000,0.002381,0
20260805_180709_229,1,Unspecified,140,2026-08-05T18:08:44.4935554+09:00,2026-08-05T18:08:44.9935554+09:00,95.264136,95.764136,30,30,0.116114,-0.031554,0.000008,0.000003,0.000000,0.003285,0
20260805_180709_229,1,Unspecified,141,2026-08-05T18:08:44.9935554+09:00,2026-08-05T18:08:45.4935554+09:00,95.764136,96.264136,30,30,0.121208,-0.032045,0.000007,0.000002,0.000000,0.003040,0
20260805_180709_229,1,Unspecified,142,2026-08-05T18:08:45.4935554+09:00,2026-08-05T18:08:45.9935554+09:00,96.264136,96.764136,30,30,0.111775,-0.028089,0.000035,0.000010,-0.000006,0.006642,0
20260805_180709_229,1,Unspecified,143,2026-08-05T18:08:45.9935554+09:00,2026-08-05T18:08:46.4935554+09:00,96.764136,97.264136,30,30,0.110869,-0.028783,0.000007,0.000005,0.000000,0.003589,0
20260805_180709_229,1,Unspecified,144,2026-08-05T18:08:46.4935554+09:00,2026-08-05T18:08:46.9935554+09:00,97.264136,97.764136,30,30,0.107849,-0.027576,0.000047,0.000012,-0.000014,0.007650,0
20260805_180709_229,1,Unspecified,145,2026-08-05T18:08:46.9935554+09:00,2026-08-05T18:08:47.4935554+09:00,97.764136,98.264136,30,30,0.108783,-0.031810,0.000084,0.000006,0.000008,0.009474,0
20260805_180709_229,1,Unspecified,146,2026-08-05T18:08:47.4935554+09:00,2026-08-05T18:08:47.9935554+09:00,98.264136,98.764136,30,30,0.107636,-0.024154,0.000028,0.000010,-0.000004,0.006194,0
20260805_180709_229,1,Unspecified,147,2026-08-05T18:08:47.9935554+09:00,2026-08-05T18:08:48.4935554+09:00,98.764136,99.264136,30,30,0.108515,-0.018496,0.000005,0.000002,0.000001,0.002682,0
20260805_180709_229,1,Unspecified,148,2026-08-05T18:08:48.4935554+09:00,2026-08-05T18:08:48.9935554+09:00,99.264136,99.764136,30,30,0.098005,-0.023325,0.000056,0.000027,0.000033,0.009128,0
20260805_180709_229,1,Unspecified,149,2026-08-05T18:08:48.9935554+09:00,2026-08-05T18:08:49.4935554+09:00,99.764136,100.264136,30,30,0.099036,-0.027397,0.000017,0.000014,0.000011,0.005578,0
20260805_180709_229,1,Unspecified,150,2026-08-05T18:08:49.4935554+09:00,2026-08-05T18:08:49.9935554+09:00,100.264136,100.764136,30,30,0.099560,-0.031022,0.000021,0.000008,0.000006,0.005434,0
20260805_180709_229,1,Unspecified,151,2026-08-05T18:08:49.9935554+09:00,2026-08-05T18:08:50.4935554+09:00,100.764136,101.264136,30,30,0.099001,-0.025772,0.000010,0.000021,0.000013,0.005574,0
20260805_180709_229,1,Unspecified,152,2026-08-05T18:08:50.4935554+09:00,2026-08-05T18:08:50.9935554+09:00,101.264136,101.764136,30,30,0.101593,-0.023311,0.000005,0.000001,0.000000,0.002529,0
20260805_180709_229,1,Unspecified,153,2026-08-05T18:08:50.9935554+09:00,2026-08-05T18:08:51.4935554+09:00,101.764136,102.264136,30,30,0.102416,-0.031999,0.000023,0.000019,-0.000016,0.006517,0
20260805_180709_229,1,Unspecified,154,2026-08-05T18:08:51.4935554+09:00,2026-08-05T18:08:51.9935554+09:00,102.264136,102.764136,30,30,0.104547,-0.034611,0.000032,0.000014,-0.000015,0.006770,0
20260805_180709_229,1,Unspecified,155,2026-08-05T18:08:51.9935554+09:00,2026-08-05T18:08:52.4935554+09:00,102.764136,103.264136,30,30,0.101776,-0.028246,0.000003,0.000006,0.000001,0.002897,0
20260805_180709_229,1,Unspecified,156,2026-08-05T18:08:52.4935554+09:00,2026-08-05T18:08:52.9935554+09:00,103.264136,103.764136,30,30,0.101743,-0.027970,0.000027,0.000010,-0.000006,0.006134,0
20260805_180709_229,1,Unspecified,157,2026-08-05T18:08:52.9935554+09:00,2026-08-05T18:08:53.4935554+09:00,103.764136,104.264136,30,30,0.099245,-0.030801,0.000062,0.000023,-0.000029,0.009170,0
20260805_180709_229,1,Unspecified,158,2026-08-05T18:08:53.4935554+09:00,2026-08-05T18:08:53.9935554+09:00,104.264136,104.764136,30,30,0.108905,-0.030934,0.000014,0.000003,0.000000,0.004140,0
20260805_180709_229,1,Unspecified,159,2026-08-05T18:08:53.9935554+09:00,2026-08-05T18:08:54.4935554+09:00,104.764136,105.264136,30,30,0.104887,-0.028706,0.000003,0.000005,0.000000,0.002737,0
20260805_180709_229,1,Unspecified,160,2026-08-05T18:08:54.4935554+09:00,2026-08-05T18:08:54.9935554+09:00,105.264136,105.764136,30,30,0.094725,-0.030758,0.000054,0.000004,0.000003,0.007641,0
20260805_180709_229,1,Unspecified,161,2026-08-05T18:08:54.9935554+09:00,2026-08-05T18:08:55.4935554+09:00,105.764136,106.264136,30,30,0.107257,-0.023588,0.000018,0.000057,-0.000020,0.008658,0
20260805_180709_229,1,Unspecified,162,2026-08-05T18:08:55.4935554+09:00,2026-08-05T18:08:55.9935554+09:00,106.264136,106.764136,30,30,0.097341,-0.030296,0.000015,0.000019,0.000015,0.005806,0
20260805_180709_229,1,Unspecified,163,2026-08-05T18:08:55.9935554+09:00,2026-08-05T18:08:56.4935554+09:00,106.764136,107.264136,30,30,0.097012,-0.028046,0.000005,0.000006,0.000001,0.003245,0
20260805_180709_229,1,Unspecified,164,2026-08-05T18:08:56.4935554+09:00,2026-08-05T18:08:56.9935554+09:00,107.264136,107.764136,30,30,0.103866,-0.033466,0.000061,0.000015,-0.000024,0.008695,0
20260805_180709_229,1,Unspecified,165,2026-08-05T18:08:56.9935554+09:00,2026-08-05T18:08:57.4935554+09:00,107.764136,108.264136,30,30,0.098101,-0.031222,0.000005,0.000009,-0.000001,0.003736,0
20260805_180709_229,1,Unspecified,166,2026-08-05T18:08:57.4935554+09:00,2026-08-05T18:08:57.9935554+09:00,108.264136,108.764136,30,30,0.102825,-0.028745,0.000007,0.000002,0.000002,0.003145,0
20260805_180709_229,1,Unspecified,167,2026-08-05T18:08:57.9935554+09:00,2026-08-05T18:08:58.4935554+09:00,108.764136,109.264136,30,30,0.110979,-0.029483,0.000008,0.000007,-0.000002,0.003859,0
20260805_180709_229,1,Unspecified,168,2026-08-05T18:08:58.4935554+09:00,2026-08-05T18:08:58.9935554+09:00,109.264136,109.764136,30,30,0.097421,-0.031809,0.000041,0.000003,-0.000001,0.006586,0
20260805_180709_229,1,Unspecified,169,2026-08-05T18:08:58.9935554+09:00,2026-08-05T18:08:59.4935554+09:00,109.764136,110.264136,30,30,0.102406,-0.031329,0.000007,0.000003,0.000002,0.003072,0
20260805_180709_229,1,Unspecified,170,2026-08-05T18:08:59.4935554+09:00,2026-08-05T18:08:59.9935554+09:00,110.264136,110.764136,30,30,0.104047,-0.025246,0.000015,0.000006,0.000006,0.004620,0
20260805_180709_229,1,Unspecified,171,2026-08-05T18:08:59.9935554+09:00,2026-08-05T18:09:00.4935554+09:00,110.764136,111.264136,30,30,0.107620,-0.023359,0.000007,0.000002,-0.000001,0.003041,0
20260805_180709_229,1,Unspecified,172,2026-08-05T18:09:00.4935554+09:00,2026-08-05T18:09:00.9935554+09:00,111.264136,111.764136,30,30,0.108765,-0.023342,0.000014,0.000004,0.000002,0.004293,0
20260805_180709_229,1,Unspecified,173,2026-08-05T18:09:00.9935554+09:00,2026-08-05T18:09:01.4935554+09:00,111.764136,112.264136,30,30,0.095514,-0.028437,0.000004,0.000009,0.000002,0.003555,0
20260805_180709_229,1,Unspecified,174,2026-08-05T18:09:01.4935554+09:00,2026-08-05T18:09:01.9935554+09:00,112.264136,112.764136,30,30,0.097269,-0.025264,0.000026,0.000007,0.000006,0.005721,0
20260805_180709_229,1,Unspecified,175,2026-08-05T18:09:01.9935554+09:00,2026-08-05T18:09:02.4935554+09:00,112.764136,113.264136,30,30,0.106334,-0.024804,0.000002,0.000001,0.000001,0.001807,0
20260805_180709_229,1,Unspecified,176,2026-08-05T18:09:02.4935554+09:00,2026-08-05T18:09:02.9935554+09:00,113.264136,113.764136,30,30,0.108235,-0.024855,0.000008,0.000007,0.000004,0.003873,0
20260805_180709_229,1,Unspecified,177,2026-08-05T18:09:02.9935554+09:00,2026-08-05T18:09:03.4935554+09:00,113.764136,114.264136,30,30,0.103355,-0.028764,0.000005,0.000005,0.000000,0.003164,0
20260805_180709_229,1,Unspecified,178,2026-08-05T18:09:03.4935554+09:00,2026-08-05T18:09:03.9935554+09:00,114.264136,114.764136,30,30,0.104347,-0.027264,0.000003,0.000008,0.000002,0.003304,0
20260805_180709_229,1,Unspecified,179,2026-08-05T18:09:03.9935554+09:00,2026-08-05T18:09:04.4935554+09:00,114.764136,115.264136,30,30,0.104554,-0.021899,0.000016,0.000007,-0.000004,0.004787,0
20260805_180709_229,1,Unspecified,180,2026-08-05T18:09:04.4935554+09:00,2026-08-05T18:09:04.9935554+09:00,115.264136,115.764136,30,30,0.092622,-0.026895,0.000063,0.000016,0.000011,0.008906,0
20260805_180709_229,1,Unspecified,181,2026-08-05T18:09:04.9935554+09:00,2026-08-05T18:09:05.4935554+09:00,115.764136,116.264136,30,30,0.101130,-0.032220,0.000004,0.000007,0.000004,0.003193,0
20260805_180709_229,1,Unspecified,182,2026-08-05T18:09:05.4935554+09:00,2026-08-05T18:09:05.9935554+09:00,116.264136,116.764136,30,30,0.105373,-0.030124,0.000051,0.000007,0.000011,0.007565,0
20260805_180709_229,1,Unspecified,183,2026-08-05T18:09:05.9935554+09:00,2026-08-05T18:09:06.4935554+09:00,116.764136,117.264136,30,30,0.100682,-0.026942,0.000004,0.000009,0.000003,0.003618,0
20260805_180709_229,1,Unspecified,184,2026-08-05T18:09:06.4935554+09:00,2026-08-05T18:09:06.9935554+09:00,117.264136,117.764136,30,30,0.101755,-0.017451,0.000060,0.000083,0.000000,0.011988,0
20260805_180709_229,1,Unspecified,185,2026-08-05T18:09:06.9935554+09:00,2026-08-05T18:09:07.4935554+09:00,117.764136,118.264136,30,30,0.101306,-0.024837,0.000004,0.000014,0.000005,0.004300,0
20260805_180709_229,1,Unspecified,186,2026-08-05T18:09:07.4935554+09:00,2026-08-05T18:09:07.9935554+09:00,118.264136,118.764136,30,30,0.100197,-0.034449,0.000004,0.000005,-0.000002,0.003061,0
20260805_180709_229,1,Unspecified,187,2026-08-05T18:09:07.9935554+09:00,2026-08-05T18:09:08.4935554+09:00,118.764136,119.264136,30,30,0.098131,-0.026816,0.000004,0.000006,0.000001,0.003195,0
20260805_180709_229,1,Unspecified,188,2026-08-05T18:09:08.4935554+09:00,2026-08-05T18:09:08.9935554+09:00,119.264136,119.764136,30,30,0.100152,-0.033911,0.000005,0.000008,-0.000002,0.003577,0
20260805_180709_229,1,Unspecified,189,2026-08-05T18:09:08.9935554+09:00,2026-08-05T18:09:09.4935554+09:00,119.764136,120.264136,30,30,0.095648,-0.034697,0.000006,0.000011,-0.000004,0.004159,0
20260805_180709_229,1,Unspecified,190,2026-08-05T18:09:09.4935554+09:00,2026-08-05T18:09:09.9935554+09:00,120.264136,120.764136,30,30,0.105753,-0.033588,0.000005,0.000007,0.000001,0.003437,0
20260805_180709_229,1,Unspecified,191,2026-08-05T18:09:09.9935554+09:00,2026-08-05T18:09:10.4935554+09:00,120.764136,121.264136,30,30,0.103594,-0.032199,0.000003,0.000004,0.000001,0.002604,0
20260805_180709_229,1,Unspecified,192,2026-08-05T18:09:10.4935554+09:00,2026-08-05T18:09:10.9935554+09:00,121.264136,121.764136,30,30,0.098885,-0.031846,0.000029,0.000012,-0.000012,0.006391,0
20260805_180709_229,1,Unspecified,193,2026-08-05T18:09:10.9935554+09:00,2026-08-05T18:09:11.4935554+09:00,121.764136,122.264136,30,30,0.110809,-0.026505,0.000089,0.000075,0.000066,0.012830,0
20260805_180709_229,1,Unspecified,194,2026-08-05T18:09:11.4935554+09:00,2026-08-05T18:09:11.9935554+09:00,122.264136,122.764136,30,30,0.103352,-0.030580,0.000016,0.000004,0.000003,0.004532,0
20260805_180709_229,1,Unspecified,195,2026-08-05T18:09:11.9935554+09:00,2026-08-05T18:09:12.4935554+09:00,122.764136,123.264136,30,30,0.109539,-0.027828,0.000005,0.000005,0.000003,0.003238,0
20260805_180709_229,1,Unspecified,196,2026-08-05T18:09:12.4935554+09:00,2026-08-05T18:09:12.9935554+09:00,123.264136,123.764136,30,30,0.101738,-0.026938,0.000050,0.000018,0.000027,0.008228,0
20260805_180709_229,1,Unspecified,197,2026-08-05T18:09:12.9935554+09:00,2026-08-05T18:09:13.4935554+09:00,123.764136,124.264136,30,30,0.101244,-0.034659,0.000022,0.000005,-0.000007,0.005188,0
20260805_180709_229,1,Unspecified,198,2026-08-05T18:09:13.4935554+09:00,2026-08-05T18:09:13.9935554+09:00,124.264136,124.764136,30,30,0.106873,-0.034031,0.000006,0.000006,0.000001,0.003432,0
20260805_180709_229,1,Unspecified,199,2026-08-05T18:09:13.9935554+09:00,2026-08-05T18:09:14.4935554+09:00,124.764136,125.264136,30,30,0.107296,-0.032038,0.000007,0.000006,0.000002,0.003687,0
20260805_180709_229,1,Unspecified,200,2026-08-05T18:09:14.4935554+09:00,2026-08-05T18:09:14.9935554+09:00,125.264136,125.764136,30,30,0.107546,-0.032478,0.000019,0.000005,-0.000003,0.004865,0
20260805_180709_229,1,Unspecified,201,2026-08-05T18:09:14.9935554+09:00,2026-08-05T18:09:15.4935554+09:00,125.764136,126.264136,30,30,0.103759,-0.031278,0.000031,0.000003,-0.000002,0.005773,0
20260805_180709_229,1,Unspecified,202,2026-08-05T18:09:15.4935554+09:00,2026-08-05T18:09:15.9935554+09:00,126.264136,126.764136,30,30,0.106010,-0.030170,0.000004,0.000004,0.000000,0.002831,0
20260805_180709_229,1,Unspecified,203,2026-08-05T18:09:15.9935554+09:00,2026-08-05T18:09:16.4935554+09:00,126.764136,127.264136,30,30,0.103913,-0.031234,0.000006,0.000002,0.000001,0.002708,0
20260805_180709_229,1,Unspecified,204,2026-08-05T18:09:16.4935554+09:00,2026-08-05T18:09:16.9935554+09:00,127.264136,127.764136,30,30,0.101546,-0.032575,0.000066,0.000007,0.000016,0.008497,0
20260805_180709_229,1,Unspecified,205,2026-08-05T18:09:16.9935554+09:00,2026-08-05T18:09:17.4935554+09:00,127.764136,128.264136,30,30,0.100314,-0.036315,0.000049,0.000003,-0.000002,0.007261,0
20260805_180709_229,1,Unspecified,206,2026-08-05T18:09:17.4935554+09:00,2026-08-05T18:09:17.9935554+09:00,128.264136,128.764136,30,30,0.112763,-0.037775,0.000083,0.000003,-0.000004,0.009242,0
20260805_180709_229,1,Unspecified,207,2026-08-05T18:09:17.9935554+09:00,2026-08-05T18:09:18.4935554+09:00,128.764136,129.264136,30,30,0.108025,-0.034534,0.000006,0.000002,0.000001,0.002806,0
20260805_180709_229,1,Unspecified,208,2026-08-05T18:09:18.4935554+09:00,2026-08-05T18:09:18.9935554+09:00,129.264136,129.764136,30,30,0.099320,-0.032339,0.000057,0.000006,-0.000006,0.007899,0
20260805_180709_229,1,Unspecified,209,2026-08-05T18:09:18.9935554+09:00,2026-08-05T18:09:19.4935554+09:00,129.764136,130.264136,30,30,0.106809,-0.032191,0.000019,0.000005,0.000004,0.004912,0
20260805_180709_229,1,Unspecified,210,2026-08-05T18:09:19.4935554+09:00,2026-08-05T18:09:19.9935554+09:00,130.264136,130.764136,30,30,0.098311,-0.028846,0.000002,0.000007,0.000001,0.002921,0
20260805_180709_229,1,Unspecified,211,2026-08-05T18:09:19.9935554+09:00,2026-08-05T18:09:20.4935554+09:00,130.764136,131.264136,30,30,0.097319,-0.033263,0.000003,0.000012,-0.000001,0.003888,0
20260805_180709_229,1,Unspecified,212,2026-08-05T18:09:20.4935554+09:00,2026-08-05T18:09:20.9935554+09:00,131.264136,131.764136,30,30,0.099407,-0.035836,0.000004,0.000015,0.000000,0.004413,0
20260805_180709_229,1,Unspecified,213,2026-08-05T18:09:20.9935554+09:00,2026-08-05T18:09:21.4935554+09:00,131.764136,132.264136,30,30,0.103384,-0.030980,0.000001,0.000005,0.000000,0.002504,0
20260805_180709_229,1,Unspecified,214,2026-08-05T18:09:21.4935554+09:00,2026-08-05T18:09:21.9935554+09:00,132.264136,132.764136,30,30,0.101278,-0.028988,0.000004,0.000003,0.000001,0.002661,0
20260805_180709_229,1,Unspecified,215,2026-08-05T18:09:21.9935554+09:00,2026-08-05T18:09:22.4935554+09:00,132.764136,133.264136,30,30,0.101001,-0.027467,0.000003,0.000002,0.000000,0.002224,0
20260805_180709_229,1,Unspecified,216,2026-08-05T18:09:22.4935554+09:00,2026-08-05T18:09:22.9935554+09:00,133.264136,133.764136,30,30,0.095264,-0.026503,0.000034,0.000003,0.000002,0.006073,0
20260805_180709_229,1,Unspecified,217,2026-08-05T18:09:22.9935554+09:00,2026-08-05T18:09:23.4935554+09:00,133.764136,134.264136,30,30,0.093755,-0.031880,0.000007,0.000020,0.000003,0.005176,0
20260805_180709_229,1,Unspecified,218,2026-08-05T18:09:23.4935554+09:00,2026-08-05T18:09:23.9935554+09:00,134.264136,134.764136,30,30,0.106865,-0.033328,0.000150,0.000035,-0.000049,0.013596,0
20260805_180709_229,1,Unspecified,219,2026-08-05T18:09:23.9935554+09:00,2026-08-05T18:09:24.4935554+09:00,134.764136,135.264136,30,30,0.102284,-0.028612,0.000006,0.000004,0.000000,0.003077,0
20260805_180709_229,1,Unspecified,220,2026-08-05T18:09:24.4935554+09:00,2026-08-05T18:09:24.9935554+09:00,135.264136,135.764136,30,30,0.101651,-0.030420,0.000003,0.000009,0.000002,0.003506,0
20260805_180709_229,1,Unspecified,221,2026-08-05T18:09:24.9935554+09:00,2026-08-05T18:09:25.4935554+09:00,135.764136,136.264136,30,30,0.100766,-0.035830,0.000002,0.000003,0.000001,0.002233,0
20260805_180709_229,1,Unspecified,222,2026-08-05T18:09:25.4935554+09:00,2026-08-05T18:09:25.9935554+09:00,136.264136,136.764136,30,30,0.102034,-0.034629,0.000006,0.000003,-0.000003,0.003000,0
20260805_180709_229,1,Unspecified,223,2026-08-05T18:09:25.9935554+09:00,2026-08-05T18:09:26.4935554+09:00,136.764136,137.264136,30,30,0.100655,-0.033704,0.000005,0.000002,0.000000,0.002689,0
20260805_180709_229,1,Unspecified,224,2026-08-05T18:09:26.4935554+09:00,2026-08-05T18:09:26.9935554+09:00,137.264136,137.764136,30,30,0.095901,-0.029932,0.000021,0.000014,-0.000014,0.005916,0
20260805_180709_229,1,Unspecified,225,2026-08-05T18:09:26.9935554+09:00,2026-08-05T18:09:27.4935554+09:00,137.764136,138.264136,30,30,0.099180,-0.037134,0.000056,0.000014,-0.000023,0.008323,0
20260805_180709_229,1,Unspecified,226,2026-08-05T18:09:27.4935554+09:00,2026-08-05T18:09:27.9935554+09:00,138.264136,138.764136,30,30,0.102756,-0.033941,0.000004,0.000017,0.000000,0.004603,0
20260805_180709_229,1,Unspecified,227,2026-08-05T18:09:27.9935554+09:00,2026-08-05T18:09:28.4935554+09:00,138.764136,139.264136,30,30,0.104494,-0.035910,0.000004,0.000005,0.000000,0.002986,0
20260805_180709_229,1,Unspecified,228,2026-08-05T18:09:28.4935554+09:00,2026-08-05T18:09:28.9935554+09:00,139.264136,139.764136,30,30,0.108467,-0.034458,0.000027,0.000008,0.000009,0.005901,0
20260805_180709_229,1,Unspecified,229,2026-08-05T18:09:28.9935554+09:00,2026-08-05T18:09:29.4935554+09:00,139.764136,140.264136,30,30,0.099522,-0.032745,0.000032,0.000004,-0.000005,0.005930,0
20260805_180709_229,1,Unspecified,230,2026-08-05T18:09:29.4935554+09:00,2026-08-05T18:09:29.9935554+09:00,140.264136,140.764136,30,30,0.104200,-0.033409,0.000003,0.000004,-0.000001,0.002691,0
20260805_180709_229,1,Unspecified,231,2026-08-05T18:09:29.9935554+09:00,2026-08-05T18:09:30.4935554+09:00,140.764136,141.264136,30,30,0.106271,-0.032981,0.000005,0.000006,0.000002,0.003304,0
20260805_180709_229,1,Unspecified,232,2026-08-05T18:09:30.4935554+09:00,2026-08-05T18:09:30.9935554+09:00,141.264136,141.764136,30,30,0.102189,-0.036266,0.000013,0.000006,0.000001,0.004393,0
20260805_180709_229,1,Unspecified,233,2026-08-05T18:09:30.9935554+09:00,2026-08-05T18:09:31.4935554+09:00,141.764136,142.264136,30,30,0.102942,-0.034437,0.000011,0.000005,0.000001,0.004036,0
20260805_180709_229,1,Unspecified,234,2026-08-05T18:09:31.4935554+09:00,2026-08-05T18:09:31.9935554+09:00,142.264136,142.764136,30,30,0.099675,-0.032166,0.000004,0.000004,0.000001,0.002981,0
20260805_180709_229,1,Unspecified,235,2026-08-05T18:09:31.9935554+09:00,2026-08-05T18:09:32.4935554+09:00,142.764136,143.264136,30,30,0.098190,-0.031344,0.000002,0.000003,0.000000,0.002338,0
20260805_180709_229,1,Unspecified,236,2026-08-05T18:09:32.4935554+09:00,2026-08-05T18:09:32.9935554+09:00,143.264136,143.764136,30,30,0.100344,-0.032412,0.000035,0.000008,-0.000009,0.006559,0
20260805_180709_229,1,Unspecified,237,2026-08-05T18:09:32.9935554+09:00,2026-08-05T18:09:33.4935554+09:00,143.764136,144.264136,30,30,0.102998,-0.033800,0.000052,0.000003,-0.000002,0.007371,0
20260805_180709_229,1,Unspecified,238,2026-08-05T18:09:33.4935554+09:00,2026-08-05T18:09:33.9935554+09:00,144.264136,144.764136,30,30,0.101194,-0.034264,0.000009,0.000005,0.000001,0.003734,0
20260805_180709_229,1,Unspecified,239,2026-08-05T18:09:33.9935554+09:00,2026-08-05T18:09:34.4935554+09:00,144.764136,145.264136,30,30,0.100844,-0.034579,0.000004,0.000004,0.000001,0.002742,0
20260805_180709_229,1,Unspecified,240,2026-08-05T18:09:34.4935554+09:00,2026-08-05T18:09:34.9935554+09:00,145.264136,145.764136,30,30,0.102945,-0.034331,0.000015,0.000006,0.000004,0.004587,0
20260805_180709_229,1,Unspecified,241,2026-08-05T18:09:34.9935554+09:00,2026-08-05T18:09:35.4935554+09:00,145.764136,146.264136,30,30,0.107752,-0.034016,0.000008,0.000015,0.000006,0.004811,0
20260805_180709_229,1,Unspecified,242,2026-08-05T18:09:35.4935554+09:00,2026-08-05T18:09:35.9935554+09:00,146.264136,146.764136,30,30,0.105178,-0.033466,0.000007,0.000003,0.000001,0.003078,0
20260805_180709_229,1,Unspecified,243,2026-08-05T18:09:35.9935554+09:00,2026-08-05T18:09:36.4935554+09:00,146.764136,147.264136,30,30,0.103608,-0.030911,0.000005,0.000005,0.000003,0.003130,0
20260805_180709_229,1,Unspecified,244,2026-08-05T18:09:36.4935554+09:00,2026-08-05T18:09:36.9935554+09:00,147.264136,147.764136,30,30,0.097383,-0.031275,0.000033,0.000007,0.000006,0.006273,0
20260805_180709_229,1,Unspecified,245,2026-08-05T18:09:36.9935554+09:00,2026-08-05T18:09:37.4935554+09:00,147.764136,148.264136,30,30,0.109643,-0.027044,0.000122,0.000080,0.000080,0.014202,0
20260805_180709_229,1,Unspecified,246,2026-08-05T18:09:37.4935554+09:00,2026-08-05T18:09:37.9935554+09:00,148.264136,148.764136,30,30,0.106860,-0.030326,0.000012,0.000005,0.000000,0.004122,0
20260805_180709_229,1,Unspecified,247,2026-08-05T18:09:37.9935554+09:00,2026-08-05T18:09:38.4935554+09:00,148.764136,149.264136,30,30,0.103626,-0.029033,0.000004,0.000014,0.000003,0.004204,0
20260805_180709_229,1,Unspecified,248,2026-08-05T18:09:38.4935554+09:00,2026-08-05T18:09:38.9935554+09:00,149.264136,149.764136,30,30,0.105669,-0.029717,0.000008,0.000014,-0.000003,0.004703,0
20260805_180709_229,1,Unspecified,249,2026-08-05T18:09:38.9935554+09:00,2026-08-05T18:09:39.4935554+09:00,149.764136,150.264136,30,30,0.094699,-0.030676,0.000035,0.000014,-0.000017,0.006951,0
20260805_180709_229,1,Unspecified,250,2026-08-05T18:09:39.4935554+09:00,2026-08-05T18:09:39.9935554+09:00,150.264136,150.764136,30,30,0.109253,-0.032001,0.000033,0.000007,-0.000012,0.006370,0
20260805_180709_229,1,Unspecified,251,2026-08-05T18:09:39.9935554+09:00,2026-08-05T18:09:40.4935554+09:00,150.764136,151.264136,30,30,0.103680,-0.032960,0.000004,0.000006,0.000001,0.003019,0
20260805_180709_229,1,Unspecified,252,2026-08-05T18:09:40.4935554+09:00,2026-08-05T18:09:40.9935554+09:00,151.264136,151.764136,30,30,0.103067,-0.034515,0.000003,0.000004,0.000003,0.002760,0
20260805_180709_229,1,Unspecified,253,2026-08-05T18:09:40.9935554+09:00,2026-08-05T18:09:41.4935554+09:00,151.764136,152.264136,30,30,0.101070,-0.034923,0.000004,0.000003,0.000000,0.002623,0
20260805_180709_229,1,Unspecified,254,2026-08-05T18:09:41.4935554+09:00,2026-08-05T18:09:41.9935554+09:00,152.264136,152.764136,30,30,0.103751,-0.030916,0.000004,0.000004,0.000002,0.002893,0
20260805_180709_229,1,Unspecified,255,2026-08-05T18:09:41.9935554+09:00,2026-08-05T18:09:42.4935554+09:00,152.764136,153.264136,30,30,0.103621,-0.027209,0.000006,0.000005,0.000002,0.003252,0
20260805_180709_229,1,Unspecified,256,2026-08-05T18:09:42.4935554+09:00,2026-08-05T18:09:42.9935554+09:00,153.264136,153.764136,30,30,0.102691,-0.031728,0.000004,0.000027,0.000008,0.005644,0
20260805_180709_229,1,Unspecified,257,2026-08-05T18:09:42.9935554+09:00,2026-08-05T18:09:43.4935554+09:00,153.764136,154.264136,30,30,0.097102,-0.031794,0.000012,0.000012,-0.000005,0.004912,0
20260805_180709_229,1,Unspecified,258,2026-08-05T18:09:43.4935554+09:00,2026-08-05T18:09:43.9935554+09:00,154.264136,154.764136,30,30,0.092270,-0.023779,0.000002,0.000007,0.000001,0.002986,0
20260805_180709_229,1,Unspecified,259,2026-08-05T18:09:43.9935554+09:00,2026-08-05T18:09:44.4935554+09:00,154.764136,155.264136,30,30,0.092377,-0.023153,0.000004,0.000004,0.000000,0.002774,0
20260805_180709_229,1,Unspecified,260,2026-08-05T18:09:44.4935554+09:00,2026-08-05T18:09:44.9935554+09:00,155.264136,155.764136,30,30,0.096984,-0.027260,0.000013,0.000012,-0.000009,0.005068,0
20260805_180709_229,1,Unspecified,261,2026-08-05T18:09:44.9935554+09:00,2026-08-05T18:09:45.4935554+09:00,155.764136,156.264136,30,30,0.098883,-0.031041,0.000026,0.000004,-0.000004,0.005530,0
20260805_180709_229,1,Unspecified,262,2026-08-05T18:09:45.4935554+09:00,2026-08-05T18:09:45.9935554+09:00,156.264136,156.764136,30,30,0.096310,-0.031229,0.000014,0.000007,0.000006,0.004543,0
20260805_180709_229,1,Unspecified,263,2026-08-05T18:09:45.9935554+09:00,2026-08-05T18:09:46.4935554+09:00,156.764136,157.264136,30,30,0.094239,-0.028815,0.000012,0.000013,0.000007,0.004981,0
20260805_180709_229,1,Unspecified,264,2026-08-05T18:09:46.4935554+09:00,2026-08-05T18:09:46.9935554+09:00,157.264136,157.764136,30,30,0.094454,-0.027370,0.000007,0.000003,0.000000,0.003184,0
20260805_180709_229,1,Unspecified,265,2026-08-05T18:09:46.9935554+09:00,2026-08-05T18:09:47.4935554+09:00,157.764136,158.264136,30,30,0.097264,-0.030813,0.000004,0.000007,0.000002,0.003284,0
20260805_180709_229,1,Unspecified,266,2026-08-05T18:09:47.4935554+09:00,2026-08-05T18:09:47.9935554+09:00,158.264136,158.764136,30,30,0.096225,-0.025786,0.000002,0.000005,-0.000002,0.002683,0
20260805_180709_229,1,Unspecified,267,2026-08-05T18:09:47.9935554+09:00,2026-08-05T18:09:48.4935554+09:00,158.764136,159.264136,30,30,0.094410,-0.023035,0.000002,0.000004,0.000002,0.002486,0
20260805_180709_229,1,Unspecified,268,2026-08-05T18:09:48.4935554+09:00,2026-08-05T18:09:48.9935554+09:00,159.264136,159.764136,30,30,0.091122,-0.025441,0.000018,0.000008,0.000007,0.005144,0
20260805_180709_229,1,Unspecified,269,2026-08-05T18:09:48.9935554+09:00,2026-08-05T18:09:49.4935554+09:00,159.764136,160.264136,30,30,0.096260,-0.026539,0.000017,0.000010,-0.000004,0.005223,0
20260805_180709_229,1,Unspecified,270,2026-08-05T18:09:49.4935554+09:00,2026-08-05T18:09:49.9935554+09:00,160.264136,160.764136,30,30,0.089956,-0.029738,0.000012,0.000008,0.000006,0.004468,0
20260805_180709_229,1,Unspecified,271,2026-08-05T18:09:49.9935554+09:00,2026-08-05T18:09:50.4935554+09:00,160.764136,161.264136,30,30,0.089846,-0.024076,0.000004,0.000005,-0.000001,0.003026,0
20260805_180709_229,1,Unspecified,272,2026-08-05T18:09:50.4935554+09:00,2026-08-05T18:09:50.9935554+09:00,161.264136,161.764136,30,30,0.090361,-0.026062,0.000002,0.000005,0.000000,0.002677,0
20260805_180709_229,1,Unspecified,273,2026-08-05T18:09:50.9935554+09:00,2026-08-05T18:09:51.4935554+09:00,161.764136,162.264136,30,30,0.094513,-0.024779,0.000017,0.000016,-0.000006,0.005783,0
20260805_180709_229,1,Unspecified,274,2026-08-05T18:09:51.4935554+09:00,2026-08-05T18:09:51.9935554+09:00,162.264136,162.764136,30,30,0.091849,-0.028943,0.000021,0.000013,-0.000010,0.005902,0
20260805_180709_229,1,Unspecified,275,2026-08-05T18:09:51.9935554+09:00,2026-08-05T18:09:52.4935554+09:00,162.764136,163.264136,30,30,0.090934,-0.029420,0.000032,0.000010,-0.000008,0.006472,0
20260805_180709_229,1,Unspecified,276,2026-08-05T18:09:52.4935554+09:00,2026-08-05T18:09:52.9935554+09:00,163.264136,163.764136,30,30,0.089585,-0.023248,0.000004,0.000002,0.000002,0.002376,0
20260805_180709_229,1,Unspecified,277,2026-08-05T18:09:52.9935554+09:00,2026-08-05T18:09:53.4935554+09:00,163.764136,164.264136,30,30,0.094468,-0.022707,0.000002,0.000004,0.000001,0.002396,0
20260805_180709_229,1,Unspecified,278,2026-08-05T18:09:53.4935554+09:00,2026-08-05T18:09:53.9935554+09:00,164.264136,164.764136,30,30,0.096307,-0.025635,0.000007,0.000005,0.000001,0.003533,0
20260805_180709_229,1,Unspecified,279,2026-08-05T18:09:53.9935554+09:00,2026-08-05T18:09:54.4935554+09:00,164.764136,165.264136,30,30,0.091435,-0.023920,0.000006,0.000004,0.000000,0.003207,0
20260805_180709_229,1,Unspecified,280,2026-08-05T18:09:54.4935554+09:00,2026-08-05T18:09:54.9935554+09:00,165.264136,165.764136,30,30,0.091836,-0.021987,0.000007,0.000005,0.000002,0.003427,0
20260805_180709_229,1,Unspecified,281,2026-08-05T18:09:54.9935554+09:00,2026-08-05T18:09:55.4935554+09:00,165.764136,166.264136,30,30,0.091561,-0.023384,0.000001,0.000004,0.000000,0.002165,0
20260805_180709_229,1,Unspecified,282,2026-08-05T18:09:55.4935554+09:00,2026-08-05T18:09:55.9935554+09:00,166.264136,166.764136,30,30,0.096031,-0.023875,0.000017,0.000002,0.000002,0.004363,0
20260805_180709_229,1,Unspecified,283,2026-08-05T18:09:55.9935554+09:00,2026-08-05T18:09:56.4935554+09:00,166.764136,167.264136,30,30,0.098337,-0.020277,0.000004,0.000006,0.000003,0.003178,0
20260805_180709_229,1,Unspecified,284,2026-08-05T18:09:56.4935554+09:00,2026-08-05T18:09:56.9935554+09:00,167.264136,167.764136,30,30,0.099101,-0.021760,0.000004,0.000003,0.000002,0.002807,0
20260805_180709_229,1,Unspecified,285,2026-08-05T18:09:56.9935554+09:00,2026-08-05T18:09:57.4935554+09:00,167.764136,168.264136,30,30,0.091271,-0.022513,0.000033,0.000016,-0.000012,0.006991,0
20260805_180709_229,1,Unspecified,286,2026-08-05T18:09:57.4935554+09:00,2026-08-05T18:09:57.9935554+09:00,168.264136,168.764136,30,30,0.108191,-0.012842,0.000137,0.000102,0.000067,0.015458,0
20260805_180709_229,1,Unspecified,287,2026-08-05T18:09:57.9935554+09:00,2026-08-05T18:09:58.4935554+09:00,168.764136,169.264136,30,30,0.101199,-0.016504,0.000036,0.000012,-0.000006,0.006906,0
20260805_180709_229,1,Unspecified,288,2026-08-05T18:09:58.4935554+09:00,2026-08-05T18:09:58.9935554+09:00,169.264136,169.764136,30,30,0.100565,-0.022571,0.000005,0.000028,0.000007,0.005725,0
20260805_180709_229,1,Unspecified,289,2026-08-05T18:09:58.9935554+09:00,2026-08-05T18:09:59.4935554+09:00,169.764136,170.264136,30,30,0.104431,-0.009785,0.000025,0.000317,0.000038,0.018494,0
20260805_180709_229,1,Unspecified,290,2026-08-05T18:09:59.4935554+09:00,2026-08-05T18:09:59.9935554+09:00,170.264136,170.764136,30,30,0.097840,-0.012519,0.000023,0.000017,0.000000,0.006303,0
20260805_180709_229,1,Unspecified,291,2026-08-05T18:09:59.9935554+09:00,2026-08-05T18:10:00.4935554+09:00,170.764136,171.264136,30,30,0.086979,-0.017590,0.000004,0.000006,0.000003,0.003170,0
20260805_180709_229,1,Unspecified,292,2026-08-05T18:10:00.4935554+09:00,2026-08-05T18:10:00.9935554+09:00,171.264136,171.764136,30,30,0.084819,-0.023944,0.000009,0.000036,0.000011,0.006687,0
20260805_180709_229,1,Unspecified,293,2026-08-05T18:10:00.9935554+09:00,2026-08-05T18:10:01.4935554+09:00,171.764136,172.264136,30,30,0.084241,-0.028488,0.000005,0.000002,0.000001,0.002776,0
20260805_180709_229,1,Unspecified,294,2026-08-05T18:10:01.4935554+09:00,2026-08-05T18:10:01.9935554+09:00,172.264136,172.764136,30,30,0.087074,-0.025624,0.000020,0.000007,-0.000001,0.005205,0
20260805_180709_229,1,Unspecified,295,2026-08-05T18:10:01.9935554+09:00,2026-08-05T18:10:02.4935554+09:00,172.764136,173.264136,30,30,0.084276,-0.026700,0.000002,0.000014,0.000002,0.004106,0
20260805_180709_229,1,Unspecified,296,2026-08-05T18:10:02.4935554+09:00,2026-08-05T18:10:02.9935554+09:00,173.264136,173.764136,30,30,0.088343,-0.025559,0.000004,0.000003,0.000001,0.002683,0
20260805_180709_229,1,Unspecified,297,2026-08-05T18:10:02.9935554+09:00,2026-08-05T18:10:03.4935554+09:00,173.764136,174.264136,30,30,0.083847,-0.024693,0.000025,0.000011,-0.000008,0.006041,0
20260805_180709_229,1,Unspecified,298,2026-08-05T18:10:03.4935554+09:00,2026-08-05T18:10:03.9935554+09:00,174.264136,174.764136,30,30,0.093021,-0.024445,0.000005,0.000004,0.000000,0.003006,0
20260805_180709_229,1,Unspecified,299,2026-08-05T18:10:03.9935554+09:00,2026-08-05T18:10:04.4935554+09:00,174.764136,175.264136,30,30,0.096994,-0.027899,0.000004,0.000003,0.000000,0.002726,0
20260805_180709_229,1,Unspecified,300,2026-08-05T18:10:04.4935554+09:00,2026-08-05T18:10:04.9935554+09:00,175.264136,175.764136,30,30,0.087956,-0.027942,0.000096,0.000020,0.000040,0.010770,0
20260805_180709_229,1,Unspecified,301,2026-08-05T18:10:04.9935554+09:00,2026-08-05T18:10:05.4935554+09:00,175.764136,176.264136,30,30,0.080349,-0.031587,0.000028,0.000008,0.000011,0.006031,0
20260805_180709_229,1,Unspecified,302,2026-08-05T18:10:05.4935554+09:00,2026-08-05T18:10:05.9935554+09:00,176.264136,176.764136,30,30,0.095278,-0.025513,0.000019,0.000002,-0.000004,0.004595,0
20260805_180709_229,1,Unspecified,303,2026-08-05T18:10:05.9935554+09:00,2026-08-05T18:10:06.4935554+09:00,176.764136,177.264136,30,30,0.088711,-0.023125,0.000003,0.000005,0.000001,0.002726,0
20260805_180709_229,1,Unspecified,304,2026-08-05T18:10:06.4935554+09:00,2026-08-05T18:10:06.9935554+09:00,177.264136,177.764136,30,30,0.089690,-0.021839,0.000005,0.000004,0.000002,0.003026,0
20260805_180709_229,1,Unspecified,305,2026-08-05T18:10:06.9935554+09:00,2026-08-05T18:10:07.4935554+09:00,177.764136,178.264136,30,30,0.091863,-0.024169,0.000009,0.000007,-0.000006,0.003997,0
20260805_180709_229,1,Unspecified,306,2026-08-05T18:10:07.4935554+09:00,2026-08-05T18:10:07.9935554+09:00,178.264136,178.764136,30,30,0.091758,-0.017326,0.000028,0.000051,-0.000009,0.008873,0
20260805_180709_229,1,Unspecified,307,2026-08-05T18:10:07.9935554+09:00,2026-08-05T18:10:08.4935554+09:00,178.764136,179.264136,30,30,0.094444,-0.022948,0.000008,0.000007,0.000004,0.003914,0
20260805_180709_229,1,Unspecified,308,2026-08-05T18:10:08.4935554+09:00,2026-08-05T18:10:08.9935554+09:00,179.264136,179.764136,30,30,0.094734,-0.025846,0.000002,0.000024,-0.000001,0.005092,0
20260805_180709_229,1,Unspecified,309,2026-08-05T18:10:08.9935554+09:00,2026-08-05T18:10:09.4935554+09:00,179.764136,180.264136,30,30,0.095020,-0.029408,0.000013,0.000016,-0.000010,0.005409,0
20260805_180709_229,1,Unspecified,310,2026-08-05T18:10:09.4935554+09:00,2026-08-05T18:10:09.9935554+09:00,180.264136,180.764136,30,30,0.094738,-0.025265,0.000025,0.000005,-0.000004,0.005483,0
20260805_180709_229,1,Unspecified,311,2026-08-05T18:10:09.9935554+09:00,2026-08-05T18:10:10.4935554+09:00,180.764136,181.264136,30,30,0.099680,-0.028080,0.000003,0.000005,0.000001,0.002698,0
20260805_180709_229,1,Unspecified,312,2026-08-05T18:10:10.4935554+09:00,2026-08-05T18:10:10.9935554+09:00,181.264136,181.764136,30,30,0.100626,-0.027634,0.000011,0.000010,0.000006,0.004585,0
20260805_180709_229,1,Unspecified,313,2026-08-05T18:10:10.9935554+09:00,2026-08-05T18:10:11.4935554+09:00,181.764136,182.264136,30,30,0.098805,-0.019588,0.000015,0.000023,-0.000011,0.006157,0
20260805_180709_229,1,Unspecified,314,2026-08-05T18:10:11.4935554+09:00,2026-08-05T18:10:11.9935554+09:00,182.264136,182.764136,30,30,0.097346,-0.022009,0.000070,0.000006,0.000004,0.008704,0
20260805_180709_229,1,Unspecified,315,2026-08-05T18:10:11.9935554+09:00,2026-08-05T18:10:12.4935554+09:00,182.764136,183.264136,30,30,0.105708,-0.018303,0.000004,0.000011,0.000005,0.003833,0
20260805_180709_229,1,Unspecified,316,2026-08-05T18:10:12.4935554+09:00,2026-08-05T18:10:12.9935554+09:00,183.264136,183.764136,30,30,0.093002,-0.025649,0.000221,0.000046,0.000080,0.016321,0
20260805_180709_229,1,Unspecified,317,2026-08-05T18:10:12.9935554+09:00,2026-08-05T18:10:13.4935554+09:00,183.764136,184.264136,30,30,0.106494,-0.024034,0.000125,0.000033,0.000052,0.012566,0
20260805_180709_229,1,Unspecified,318,2026-08-05T18:10:13.4935554+09:00,2026-08-05T18:10:13.9935554+09:00,184.264136,184.764136,30,30,0.096073,-0.024511,0.000024,0.000022,0.000009,0.006808,0
20260805_180709_229,1,Unspecified,319,2026-08-05T18:10:13.9935554+09:00,2026-08-05T18:10:14.4935554+09:00,184.764136,185.264136,30,30,0.093047,-0.019151,0.000011,0.000006,-0.000002,0.004102,0
20260805_180709_229,1,Unspecified,320,2026-08-05T18:10:14.4935554+09:00,2026-08-05T18:10:14.9935554+09:00,185.264136,185.764136,30,30,0.093314,-0.024171,0.000004,0.000009,-0.000004,0.003651,0
20260805_180709_229,1,Unspecified,321,2026-08-05T18:10:14.9935554+09:00,2026-08-05T18:10:15.4935554+09:00,185.764136,186.264136,30,30,0.093493,-0.029747,0.000007,0.000003,0.000002,0.003240,0
20260805_180709_229,1,Unspecified,322,2026-08-05T18:10:15.4935554+09:00,2026-08-05T18:10:15.9935554+09:00,186.264136,186.764136,30,30,0.092560,-0.030854,0.000004,0.000003,0.000000,0.002668,0
20260805_180709_229,1,Unspecified,323,2026-08-05T18:10:15.9935554+09:00,2026-08-05T18:10:16.4935554+09:00,186.764136,187.264136,30,30,0.092566,-0.031869,0.000003,0.000003,0.000000,0.002382,0
20260805_180709_229,1,Unspecified,324,2026-08-05T18:10:16.4935554+09:00,2026-08-05T18:10:16.9935554+09:00,187.264136,187.764136,30,30,0.094969,-0.030928,0.000001,0.000002,0.000000,0.001991,0
20260805_180709_229,1,Unspecified,325,2026-08-05T18:10:16.9935554+09:00,2026-08-05T18:10:17.4935554+09:00,187.764136,188.264136,30,30,0.098815,-0.025165,0.000025,0.000022,0.000013,0.006912,0
20260805_180709_229,1,Unspecified,326,2026-08-05T18:10:17.4935554+09:00,2026-08-05T18:10:17.9935554+09:00,188.264136,188.764136,30,30,0.098954,-0.023591,0.000002,0.000002,0.000000,0.001951,0
20260805_180709_229,1,Unspecified,327,2026-08-05T18:10:17.9935554+09:00,2026-08-05T18:10:18.4935554+09:00,188.764136,189.264136,30,30,0.102021,-0.022373,0.000005,0.000005,-0.000002,0.003095,0
20260805_180709_229,1,Unspecified,328,2026-08-05T18:10:18.4935554+09:00,2026-08-05T18:10:18.9935554+09:00,189.264136,189.764136,30,30,0.096021,-0.025309,0.000010,0.000006,0.000004,0.003935,0
20260805_180709_229,1,Unspecified,329,2026-08-05T18:10:18.9935554+09:00,2026-08-05T18:10:19.4935554+09:00,189.764136,190.264136,30,30,0.085936,-0.027241,0.000068,0.000020,-0.000023,0.009373,0
20260805_180709_229,1,Unspecified,330,2026-08-05T18:10:19.4935554+09:00,2026-08-05T18:10:19.9935554+09:00,190.264136,190.764136,30,30,0.093940,-0.033300,0.000003,0.000005,0.000000,0.002762,0
20260805_180709_229,1,Unspecified,331,2026-08-05T18:10:19.9935554+09:00,2026-08-05T18:10:20.4935554+09:00,190.764136,191.264136,30,30,0.095534,-0.032869,0.000004,0.000007,0.000002,0.003302,0
20260805_180709_229,1,Unspecified,332,2026-08-05T18:10:20.4935554+09:00,2026-08-05T18:10:20.9935554+09:00,191.264136,191.764136,30,30,0.094494,-0.031956,0.000012,0.000016,0.000012,0.005339,0
20260805_180709_229,1,Unspecified,333,2026-08-05T18:10:20.9935554+09:00,2026-08-05T18:10:21.4935554+09:00,191.764136,192.264136,30,30,0.091757,-0.033018,0.000020,0.000030,0.000021,0.007011,0
20260805_180709_229,1,Unspecified,334,2026-08-05T18:10:21.4935554+09:00,2026-08-05T18:10:21.9935554+09:00,192.264136,192.764136,30,30,0.096366,-0.025943,0.000024,0.000005,0.000003,0.005438,0
20260805_180709_229,1,Unspecified,335,2026-08-05T18:10:21.9935554+09:00,2026-08-05T18:10:22.4935554+09:00,192.764136,193.264136,30,30,0.091654,-0.026079,0.000001,0.000001,0.000000,0.001600,0
20260805_180709_229,1,Unspecified,336,2026-08-05T18:10:22.4935554+09:00,2026-08-05T18:10:22.9935554+09:00,193.264136,193.764136,30,30,0.092810,-0.023332,0.000002,0.000004,0.000000,0.002420,0
20260805_180709_229,1,Unspecified,337,2026-08-05T18:10:22.9935554+09:00,2026-08-05T18:10:23.4935554+09:00,193.764136,194.264136,30,30,0.092453,-0.026786,0.000003,0.000007,0.000003,0.003056,0
20260805_180709_229,1,Unspecified,338,2026-08-05T18:10:23.4935554+09:00,2026-08-05T18:10:23.9935554+09:00,194.264136,194.764136,30,30,0.093168,-0.025710,0.000002,0.000005,0.000000,0.002651,0
20260805_180709_229,1,Unspecified,339,2026-08-05T18:10:23.9935554+09:00,2026-08-05T18:10:24.4935554+09:00,194.764136,195.264136,30,30,0.092277,-0.025653,0.000001,0.000002,0.000000,0.001843,0
20260805_180709_229,1,Unspecified,340,2026-08-05T18:10:24.4935554+09:00,2026-08-05T18:10:24.9935554+09:00,195.264136,195.764136,30,30,0.086620,-0.026237,0.000036,0.000003,0.000000,0.006239,0
20260805_180709_229,1,Unspecified,341,2026-08-05T18:10:24.9935554+09:00,2026-08-05T18:10:25.4935554+09:00,195.764136,196.264136,30,30,0.111085,-0.019593,0.000064,0.000018,0.000018,0.009053,0
20260805_180709_229,1,Unspecified,342,2026-08-05T18:10:25.4935554+09:00,2026-08-05T18:10:25.9935554+09:00,196.264136,196.764136,30,30,0.096161,-0.022612,0.000003,0.000004,0.000000,0.002649,0
20260805_180709_229,1,Unspecified,343,2026-08-05T18:10:25.9935554+09:00,2026-08-05T18:10:26.4935554+09:00,196.764136,197.264136,30,30,0.095250,-0.024482,0.000005,0.000004,0.000003,0.003066,0
20260805_180709_229,1,Unspecified,344,2026-08-05T18:10:26.4935554+09:00,2026-08-05T18:10:26.9935554+09:00,197.264136,197.764136,30,30,0.091795,-0.018986,0.000078,0.000006,-0.000012,0.009180,0
20260805_180709_229,1,Unspecified,345,2026-08-05T18:10:26.9935554+09:00,2026-08-05T18:10:27.4935554+09:00,197.764136,198.264136,30,30,0.097767,-0.023032,0.000047,0.000009,-0.000014,0.007509,0
20260805_180709_229,1,Unspecified,346,2026-08-05T18:10:27.4935554+09:00,2026-08-05T18:10:27.9935554+09:00,198.264136,198.764136,30,30,0.096670,-0.026151,0.000040,0.000005,0.000007,0.006699,0
20260805_180709_229,1,Unspecified,347,2026-08-05T18:10:27.9935554+09:00,2026-08-05T18:10:28.4935554+09:00,198.764136,199.264136,30,30,0.088466,-0.027236,0.000003,0.000004,0.000002,0.002767,0
20260805_180709_229,1,Unspecified,348,2026-08-05T18:10:28.4935554+09:00,2026-08-05T18:10:28.9935554+09:00,199.264136,199.764136,30,30,0.090938,-0.025899,0.000002,0.000010,0.000000,0.003439,0
20260805_180709_229,1,Unspecified,349,2026-08-05T18:10:28.9935554+09:00,2026-08-05T18:10:29.4935554+09:00,199.764136,200.264136,30,30,0.093950,-0.028645,0.000002,0.000004,-0.000001,0.002496,0
20260805_180709_229,1,Unspecified,350,2026-08-05T18:10:29.4935554+09:00,2026-08-05T18:10:29.9935554+09:00,200.264136,200.764136,30,30,0.093672,-0.027699,0.000003,0.000002,0.000000,0.002262,0
20260805_180709_229,1,Unspecified,351,2026-08-05T18:10:29.9935554+09:00,2026-08-05T18:10:30.4935554+09:00,200.764136,201.264136,30,30,0.092478,-0.026223,0.000002,0.000003,0.000002,0.002371,0
20260805_180709_229,1,Unspecified,352,2026-08-05T18:10:30.4935554+09:00,2026-08-05T18:10:30.9935554+09:00,201.264136,201.764136,30,30,0.093408,-0.025287,0.000003,0.000002,0.000001,0.002384,0
20260805_180709_229,1,Unspecified,353,2026-08-05T18:10:30.9935554+09:00,2026-08-05T18:10:31.4935554+09:00,201.764136,202.264136,30,30,0.096557,-0.028096,0.000018,0.000006,-0.000007,0.004888,0
20260805_180709_229,1,Unspecified,354,2026-08-05T18:10:31.4935554+09:00,2026-08-05T18:10:31.9935554+09:00,202.264136,202.764136,30,30,0.094767,-0.019578,0.000009,0.000014,0.000010,0.004818,0
20260805_180709_229,1,Unspecified,355,2026-08-05T18:10:31.9935554+09:00,2026-08-05T18:10:32.4935554+09:00,202.764136,203.264136,30,30,0.099447,-0.023287,0.000006,0.000002,0.000000,0.002861,0
20260805_180709_229,1,Unspecified,356,2026-08-05T18:10:32.4935554+09:00,2026-08-05T18:10:32.9935554+09:00,203.264136,203.764136,30,30,0.092979,-0.021537,0.000032,0.000014,0.000016,0.006759,0
20260805_180709_229,1,Unspecified,357,2026-08-05T18:10:32.9935554+09:00,2026-08-05T18:10:33.4935554+09:00,203.764136,204.264136,30,30,0.090458,-0.022363,0.000040,0.000094,-0.000020,0.011567,0
20260805_180709_229,1,Unspecified,358,2026-08-05T18:10:33.4935554+09:00,2026-08-05T18:10:33.9935554+09:00,204.264136,204.764136,30,30,0.098777,-0.016546,0.000017,0.000010,0.000002,0.005227,0
20260805_180709_229,1,Unspecified,359,2026-08-05T18:10:33.9935554+09:00,2026-08-05T18:10:34.4935554+09:00,204.764136,205.264136,30,30,0.098916,-0.014096,0.000004,0.000004,0.000000,0.002752,0
20260805_180709_229,1,Unspecified,360,2026-08-05T18:10:34.4935554+09:00,2026-08-05T18:10:34.9935554+09:00,205.264136,205.764136,30,30,0.089212,-0.020321,0.000089,0.000004,0.000007,0.009681,0
20260805_180709_229,1,Unspecified,361,2026-08-05T18:10:34.9935554+09:00,2026-08-05T18:10:35.4935554+09:00,205.764136,206.264136,30,30,0.095951,-0.028842,0.000003,0.000014,-0.000003,0.004078,0
20260805_180709_229,1,Unspecified,362,2026-08-05T18:10:35.4935554+09:00,2026-08-05T18:10:35.9935554+09:00,206.264136,206.764136,30,30,0.091249,-0.021608,0.000006,0.000004,0.000004,0.003089,0
20260805_180709_229,1,Unspecified,363,2026-08-05T18:10:35.9935554+09:00,2026-08-05T18:10:36.4935554+09:00,206.764136,207.264136,30,30,0.092465,-0.022273,0.000002,0.000006,0.000002,0.002760,0
20260805_180709_229,1,Unspecified,364,2026-08-05T18:10:36.4935554+09:00,2026-08-05T18:10:36.9935554+09:00,207.264136,207.764136,30,30,0.093264,-0.027050,0.000007,0.000007,-0.000005,0.003726,0
20260805_180709_229,1,Unspecified,365,2026-08-05T18:10:36.9935554+09:00,2026-08-05T18:10:37.4935554+09:00,207.764136,208.264136,30,30,0.092426,-0.023728,0.000015,0.000019,-0.000015,0.005870,0
20260805_180709_229,1,Unspecified,366,2026-08-05T18:10:37.4935554+09:00,2026-08-05T18:10:37.9935554+09:00,208.264136,208.764136,30,30,0.098364,-0.010336,0.000030,0.000098,-0.000005,0.011298,0
20260805_180709_229,1,Unspecified,367,2026-08-05T18:10:37.9935554+09:00,2026-08-05T18:10:38.4935554+09:00,208.764136,209.264136,30,30,0.092895,-0.019631,0.000001,0.000009,-0.000001,0.003150,0
20260805_180709_229,1,Unspecified,368,2026-08-05T18:10:38.4935554+09:00,2026-08-05T18:10:38.9935554+09:00,209.264136,209.764136,30,30,0.092545,-0.022297,0.000005,0.000011,0.000002,0.004062,0
20260805_180709_229,1,Unspecified,369,2026-08-05T18:10:38.9935554+09:00,2026-08-05T18:10:39.4935554+09:00,209.764136,210.264136,30,30,0.097418,-0.024808,0.000034,0.000006,0.000000,0.006300,0
20260805_180709_229,1,Unspecified,370,2026-08-05T18:10:39.4935554+09:00,2026-08-05T18:10:39.9935554+09:00,210.264136,210.764136,30,30,0.095325,-0.025437,0.000004,0.000003,0.000001,0.002681,0
20260805_180709_229,1,Unspecified,371,2026-08-05T18:10:39.9935554+09:00,2026-08-05T18:10:40.4935554+09:00,210.764136,211.264136,30,30,0.095501,-0.022394,0.000003,0.000005,0.000002,0.002785,0
20260805_180709_229,1,Unspecified,372,2026-08-05T18:10:40.4935554+09:00,2026-08-05T18:10:40.9935554+09:00,211.264136,211.764136,30,30,0.094149,-0.024221,0.000011,0.000007,0.000004,0.004301,0
20260805_180709_229,1,Unspecified,373,2026-08-05T18:10:40.9935554+09:00,2026-08-05T18:10:41.4935554+09:00,211.764136,212.264136,30,30,0.078192,-0.026466,0.000004,0.000002,0.000000,0.002509,0
20260805_180709_229,1,Unspecified,374,2026-08-05T18:10:41.4935554+09:00,2026-08-05T18:10:41.9935554+09:00,212.264136,212.764136,31,31,0.098802,-0.024171,0.000039,0.000013,0.000018,0.007214,0
20260805_180709_229,1,Unspecified,375,2026-08-05T18:10:41.9935554+09:00,2026-08-05T18:10:42.4935554+09:00,212.764136,213.264136,29,29,0.093375,-0.025478,0.000003,0.000004,0.000001,0.002659,0
20260805_180709_229,1,Unspecified,376,2026-08-05T18:10:42.4935554+09:00,2026-08-05T18:10:42.9935554+09:00,213.264136,213.764136,30,30,0.078068,-0.032534,0.000102,0.000033,0.000056,0.011642,0
20260805_180709_229,1,Unspecified,377,2026-08-05T18:10:42.9935554+09:00,2026-08-05T18:10:43.4935554+09:00,213.764136,214.264136,30,30,0.096930,-0.021299,0.000008,0.000010,0.000000,0.004271,0
20260805_180709_229,1,Unspecified,378,2026-08-05T18:10:43.4935554+09:00,2026-08-05T18:10:43.9935554+09:00,214.264136,214.764136,30,30,0.097979,-0.025351,0.000012,0.000003,-0.000002,0.003799,0
20260805_180709_229,1,Unspecified,379,2026-08-05T18:10:43.9935554+09:00,2026-08-05T18:10:44.4935554+09:00,214.764136,215.264136,30,30,0.104712,-0.025591,0.000002,0.000006,0.000000,0.002897,0
20260805_180709_229,1,Unspecified,380,2026-08-05T18:10:44.4935554+09:00,2026-08-05T18:10:44.9935554+09:00,215.264136,215.764136,30,30,0.093927,-0.034310,0.000037,0.000026,0.000028,0.007918,0
20260805_180709_229,1,Unspecified,381,2026-08-05T18:10:44.9935554+09:00,2026-08-05T18:10:45.4935554+09:00,215.764136,216.264136,30,30,0.101818,-0.027970,0.000034,0.000029,0.000030,0.007985,0
20260805_180709_229,1,Unspecified,382,2026-08-05T18:10:45.4935554+09:00,2026-08-05T18:10:45.9935554+09:00,216.264136,216.764136,30,30,0.096088,-0.025020,0.000017,0.000004,-0.000004,0.004588,0
20260805_180709_229,1,Unspecified,383,2026-08-05T18:10:45.9935554+09:00,2026-08-05T18:10:46.4935554+09:00,216.764136,217.264136,30,30,0.091184,-0.020487,0.000003,0.000004,0.000000,0.002677,0
20260805_180709_229,1,Unspecified,384,2026-08-05T18:10:46.4935554+09:00,2026-08-05T18:10:46.9935554+09:00,217.264136,217.764136,30,30,0.094605,-0.021960,0.000023,0.000004,-0.000002,0.005260,0
20260805_180709_229,1,Unspecified,385,2026-08-05T18:10:46.9935554+09:00,2026-08-05T18:10:47.4935554+09:00,217.764136,218.264136,30,30,0.103070,-0.009312,0.000054,0.000104,0.000067,0.012568,0
20260805_180709_229,1,Unspecified,386,2026-08-05T18:10:47.4935554+09:00,2026-08-05T18:10:47.9935554+09:00,218.264136,218.764136,30,30,0.093829,-0.024901,0.000003,0.000003,0.000001,0.002491,0
20260805_180709_229,1,Unspecified,387,2026-08-05T18:10:47.9935554+09:00,2026-08-05T18:10:48.4935554+09:00,218.764136,219.264136,30,30,0.100272,-0.022054,0.000007,0.000003,0.000001,0.003083,0
20260805_180709_229,1,Unspecified,388,2026-08-05T18:10:48.4935554+09:00,2026-08-05T18:10:48.9935554+09:00,219.264136,219.764136,30,30,0.085816,-0.024903,0.000027,0.000007,0.000008,0.005834,0
20260805_180709_229,1,Unspecified,389,2026-08-05T18:10:48.9935554+09:00,2026-08-05T18:10:49.4935554+09:00,219.764136,220.264136,30,30,0.090023,-0.022908,0.000075,0.000011,0.000025,0.009300,0
20260805_180709_229,1,Unspecified,390,2026-08-05T18:10:49.4935554+09:00,2026-08-05T18:10:49.9935554+09:00,220.264136,220.764136,30,30,0.099269,-0.023151,0.000004,0.000003,0.000001,0.002619,0
20260805_180709_229,1,Unspecified,391,2026-08-05T18:10:49.9935554+09:00,2026-08-05T18:10:50.4935554+09:00,220.764136,221.264136,30,30,0.092989,-0.025211,0.000002,0.000004,-0.000001,0.002476,0
20260805_180709_229,1,Unspecified,392,2026-08-05T18:10:50.4935554+09:00,2026-08-05T18:10:50.9935554+09:00,221.264136,221.764136,30,30,0.086732,-0.032623,0.000020,0.000018,0.000013,0.006201,0
20260805_180709_229,1,Unspecified,393,2026-08-05T18:10:50.9935554+09:00,2026-08-05T18:10:51.4935554+09:00,221.764136,222.264136,30,30,0.087227,-0.035656,0.000035,0.000012,0.000014,0.006878,0
20260805_180709_229,1,Unspecified,394,2026-08-05T18:10:51.4935554+09:00,2026-08-05T18:10:51.9935554+09:00,222.264136,222.764136,30,30,0.091579,-0.034383,0.000019,0.000013,-0.000011,0.005587,0
20260805_180709_229,1,Unspecified,395,2026-08-05T18:10:51.9935554+09:00,2026-08-05T18:10:52.4935554+09:00,222.764136,223.264136,30,30,0.097549,-0.034960,0.000002,0.000004,0.000001,0.002380,0
20260805_180709_229,1,Unspecified,396,2026-08-05T18:10:52.4935554+09:00,2026-08-05T18:10:52.9935554+09:00,223.264136,223.764136,30,30,0.091861,-0.035778,0.000018,0.000007,-0.000003,0.004943,0
20260805_180709_229,1,Unspecified,397,2026-08-05T18:10:52.9935554+09:00,2026-08-05T18:10:53.4935554+09:00,223.764136,224.264136,30,30,0.089828,-0.027592,0.000006,0.000197,-0.000005,0.014242,0
20260805_180709_229,1,Unspecified,398,2026-08-05T18:10:53.4935554+09:00,2026-08-05T18:10:53.9935554+09:00,224.264136,224.764136,30,30,0.095270,-0.033261,0.000034,0.000038,-0.000032,0.008483,0
20260805_180709_229,1,Unspecified,399,2026-08-05T18:10:53.9935554+09:00,2026-08-05T18:10:54.4935554+09:00,224.764136,225.264136,30,30,0.092188,-0.028875,0.000002,0.000007,0.000001,0.003069,0
20260805_180709_229,1,Unspecified,400,2026-08-05T18:10:54.4935554+09:00,2026-08-05T18:10:54.9935554+09:00,225.264136,225.764136,30,30,0.085218,-0.032841,0.000068,0.000010,0.000001,0.008797,0
20260805_180709_229,1,Unspecified,401,2026-08-05T18:10:54.9935554+09:00,2026-08-05T18:10:55.4935554+09:00,225.764136,226.264136,30,30,0.100092,-0.033156,0.000020,0.000007,0.000002,0.005139,0
20260805_180709_229,1,Unspecified,402,2026-08-05T18:10:55.4935554+09:00,2026-08-05T18:10:55.9935554+09:00,226.264136,226.764136,30,30,0.095025,-0.034331,0.000005,0.000011,0.000004,0.004002,0
20260805_180709_229,1,Unspecified,403,2026-08-05T18:10:55.9935554+09:00,2026-08-05T18:10:56.4935554+09:00,226.764136,227.264136,30,30,0.092835,-0.034968,0.000003,0.000006,-0.000001,0.003013,0
20260805_180709_229,1,Unspecified,404,2026-08-05T18:10:56.4935554+09:00,2026-08-05T18:10:56.9935554+09:00,227.264136,227.764136,30,30,0.097062,-0.035428,0.000009,0.000005,-0.000003,0.003738,0
20260805_180709_229,1,Unspecified,405,2026-08-05T18:10:56.9935554+09:00,2026-08-05T18:10:57.4935554+09:00,227.764136,228.264136,30,30,0.096268,-0.035216,0.000004,0.000006,-0.000002,0.003168,0
20260805_180709_229,1,Unspecified,406,2026-08-05T18:10:57.4935554+09:00,2026-08-05T18:10:57.9935554+09:00,228.264136,228.764136,30,30,0.093947,-0.027873,0.000008,0.000009,-0.000004,0.004053,0
20260805_180709_229,1,Unspecified,407,2026-08-05T18:10:57.9935554+09:00,2026-08-05T18:10:58.4935554+09:00,228.764136,229.264136,30,30,0.090691,-0.032471,0.000004,0.000010,-0.000002,0.003676,0
20260805_180709_229,1,Unspecified,408,2026-08-05T18:10:58.4935554+09:00,2026-08-05T18:10:58.9935554+09:00,229.264136,229.764136,30,30,0.092652,-0.027044,0.000007,0.000072,-0.000005,0.008888,0
20260805_180709_229,1,Unspecified,409,2026-08-05T18:10:58.9935554+09:00,2026-08-05T18:10:59.4935554+09:00,229.764136,230.264136,30,30,0.092628,-0.026000,0.000025,0.000003,0.000005,0.005339,0
20260805_180709_229,1,Unspecified,410,2026-08-05T18:10:59.4935554+09:00,2026-08-05T18:10:59.9935554+09:00,230.264136,230.764136,30,30,0.099323,-0.024660,0.000110,0.000331,-0.000174,0.021006,0
20260805_180709_229,1,Unspecified,411,2026-08-05T18:10:59.9935554+09:00,2026-08-05T18:11:00.4935554+09:00,230.764136,231.264136,30,30,0.092245,-0.020391,0.000003,0.000004,0.000001,0.002767,0
20260805_180709_229,1,Unspecified,412,2026-08-05T18:11:00.4935554+09:00,2026-08-05T18:11:00.9935554+09:00,231.264136,231.764136,30,30,0.092783,-0.027799,0.000003,0.000019,0.000002,0.004607,0
20260805_180709_229,1,Unspecified,413,2026-08-05T18:11:00.9935554+09:00,2026-08-05T18:11:01.4935554+09:00,231.764136,232.264136,30,30,0.090587,-0.031028,0.000006,0.000012,-0.000001,0.004251,0
20260805_180709_229,1,Unspecified,414,2026-08-05T18:11:01.4935554+09:00,2026-08-05T18:11:01.9935554+09:00,232.264136,232.764136,30,30,0.088880,-0.023523,0.000005,0.000003,0.000000,0.002780,0
20260805_180709_229,1,Unspecified,415,2026-08-05T18:11:01.9935554+09:00,2026-08-05T18:11:02.4935554+09:00,232.764136,233.264136,30,30,0.091997,-0.025453,0.000004,0.000005,0.000000,0.002921,0
20260805_180709_229,1,Unspecified,416,2026-08-05T18:11:02.4935554+09:00,2026-08-05T18:11:02.9935554+09:00,233.264136,233.764136,30,30,0.092075,-0.027007,0.000002,0.000003,0.000001,0.002358,0
20260805_180709_229,1,Unspecified,417,2026-08-05T18:11:02.9935554+09:00,2026-08-05T18:11:03.4935554+09:00,233.764136,234.264136,30,30,0.096212,-0.030115,0.000019,0.000005,0.000003,0.004957,0
20260805_180709_229,1,Unspecified,418,2026-08-05T18:11:03.4935554+09:00,2026-08-05T18:11:03.9935554+09:00,234.264136,234.764136,30,30,0.092632,-0.026989,0.000036,0.000004,-0.000006,0.006304,0
20260805_180709_229,1,Unspecified,419,2026-08-05T18:11:03.9935554+09:00,2026-08-05T18:11:04.4935554+09:00,234.764136,235.264136,30,30,0.092742,-0.023378,0.000010,0.000011,0.000000,0.004657,0
20260805_180709_229,1,Unspecified,420,2026-08-05T18:11:04.4935554+09:00,2026-08-05T18:11:04.9935554+09:00,235.264136,235.764136,30,30,0.080146,-0.032331,0.000076,0.000032,0.000046,0.010405,0
20260805_180709_229,1,Unspecified,421,2026-08-05T18:11:04.9935554+09:00,2026-08-05T18:11:05.4935554+09:00,235.764136,236.264136,30,30,0.101794,-0.020164,0.000071,0.000143,0.000082,0.014629,0
20260805_180709_229,1,Unspecified,422,2026-08-05T18:11:05.4935554+09:00,2026-08-05T18:11:05.9935554+09:00,236.264136,236.764136,30,30,0.094504,-0.032209,0.000009,0.000011,0.000006,0.004457,0
20260805_180709_229,1,Unspecified,423,2026-08-05T18:11:05.9935554+09:00,2026-08-05T18:11:06.4935554+09:00,236.764136,237.264136,30,30,0.098522,-0.028076,0.000002,0.000004,0.000001,0.002461,0
20260805_180709_229,1,Unspecified,424,2026-08-05T18:11:06.4935554+09:00,2026-08-05T18:11:06.9935554+09:00,237.264136,237.764136,30,30,0.089135,-0.030727,0.000107,0.000013,0.000002,0.010952,0
20260805_180709_229,1,Unspecified,425,2026-08-05T18:11:06.9935554+09:00,2026-08-05T18:11:07.4935554+09:00,237.764136,238.264136,30,30,0.097106,-0.038323,0.000062,0.000016,-0.000009,0.008828,0
20260805_180709_229,1,Unspecified,426,2026-08-05T18:11:07.4935554+09:00,2026-08-05T18:11:07.9935554+09:00,238.264136,238.764136,30,30,0.085726,-0.030752,0.000041,0.000006,0.000012,0.006891,0
20260805_180709_229,1,Unspecified,427,2026-08-05T18:11:07.9935554+09:00,2026-08-05T18:11:08.4935554+09:00,238.764136,239.264136,30,30,0.090842,-0.026870,0.000002,0.000007,0.000001,0.003041,0
20260805_180709_229,1,Unspecified,428,2026-08-05T18:11:08.4935554+09:00,2026-08-05T18:11:08.9935554+09:00,239.264136,239.764136,30,30,0.089440,-0.028877,0.000004,0.000010,0.000004,0.003853,0
20260805_180709_229,1,Unspecified,429,2026-08-05T18:11:08.9935554+09:00,2026-08-05T18:11:09.4935554+09:00,239.764136,240.264136,30,30,0.089333,-0.037740,0.000004,0.000006,0.000003,0.003038,0
20260805_180709_229,1,Unspecified,430,2026-08-05T18:11:09.4935554+09:00,2026-08-05T18:11:09.9935554+09:00,240.264136,240.764136,30,30,0.094870,-0.033665,0.000011,0.000006,0.000006,0.004198,0
20260805_180709_229,1,Unspecified,431,2026-08-05T18:11:09.9935554+09:00,2026-08-05T18:11:10.4935554+09:00,240.764136,241.264136,30,30,0.095981,-0.030373,0.000002,0.000004,0.000000,0.002392,0
20260805_180709_229,1,Unspecified,432,2026-08-05T18:11:10.4935554+09:00,2026-08-05T18:11:10.9935554+09:00,241.264136,241.764136,30,30,0.093566,-0.030535,0.000017,0.000011,0.000002,0.005257,0
20260805_180709_229,1,Unspecified,433,2026-08-05T18:11:10.9935554+09:00,2026-08-05T18:11:11.4935554+09:00,241.764136,242.264136,30,30,0.096444,-0.033112,0.000030,0.000005,-0.000007,0.005952,0
20260805_180709_229,1,Unspecified,434,2026-08-05T18:11:11.4935554+09:00,2026-08-05T18:11:11.9935554+09:00,242.264136,242.764136,30,30,0.090175,-0.032781,0.000004,0.000006,0.000001,0.003132,0
20260805_180709_229,1,Unspecified,435,2026-08-05T18:11:11.9935554+09:00,2026-08-05T18:11:12.4935554+09:00,242.764136,243.264136,30,30,0.090252,-0.031499,0.000006,0.000005,0.000003,0.003384,0
20260805_180709_229,1,Unspecified,436,2026-08-05T18:11:12.4935554+09:00,2026-08-05T18:11:12.9935554+09:00,243.264136,243.764136,30,30,0.089807,-0.030713,0.000006,0.000014,0.000006,0.004528,0
20260805_180709_229,1,Unspecified,437,2026-08-05T18:11:12.9935554+09:00,2026-08-05T18:11:13.4935554+09:00,243.764136,244.264136,30,30,0.089039,-0.039273,0.000004,0.000011,0.000003,0.003953,0
20260805_180709_229,1,Unspecified,438,2026-08-05T18:11:13.4935554+09:00,2026-08-05T18:11:13.9935554+09:00,244.264136,244.764136,30,30,0.090520,-0.029930,0.000004,0.000009,0.000001,0.003584,0
20260805_180709_229,1,Unspecified,439,2026-08-05T18:11:13.9935554+09:00,2026-08-05T18:11:14.4935554+09:00,244.764136,245.264136,30,30,0.090057,-0.029521,0.000004,0.000005,0.000001,0.002927,0
20260805_180709_229,1,Unspecified,440,2026-08-05T18:11:14.4935554+09:00,2026-08-05T18:11:14.9935554+09:00,245.264136,245.764136,30,30,0.091676,-0.031570,0.000009,0.000004,0.000001,0.003689,0
20260805_180709_229,1,Unspecified,441,2026-08-05T18:11:14.9935554+09:00,2026-08-05T18:11:15.4935554+09:00,245.764136,246.264136,30,30,0.093316,-0.037535,0.000006,0.000004,0.000001,0.003055,0
20260805_180709_229,1,Unspecified,442,2026-08-05T18:11:15.4935554+09:00,2026-08-05T18:11:15.9935554+09:00,246.264136,246.764136,30,30,0.100190,-0.038043,0.000065,0.000005,-0.000010,0.008375,0
20260805_180709_229,1,Unspecified,443,2026-08-05T18:11:15.9935554+09:00,2026-08-05T18:11:16.4935554+09:00,246.764136,247.264136,30,30,0.092924,-0.032595,0.000001,0.000011,0.000001,0.003489,0
20260805_180709_229,1,Unspecified,444,2026-08-05T18:11:16.4935554+09:00,2026-08-05T18:11:16.9935554+09:00,247.264136,247.764136,30,30,0.090524,-0.027912,0.000015,0.000009,-0.000006,0.004946,0
20260805_180709_229,1,Unspecified,445,2026-08-05T18:11:16.9935554+09:00,2026-08-05T18:11:17.4935554+09:00,247.764136,248.264136,30,30,0.098798,-0.028901,0.000076,0.000013,0.000008,0.009395,0
20260805_180709_229,1,Unspecified,446,2026-08-05T18:11:17.4935554+09:00,2026-08-05T18:11:17.9935554+09:00,248.264136,248.764136,30,30,0.091373,-0.033948,0.000004,0.000007,0.000002,0.003351,0
20260805_180709_229,1,Unspecified,447,2026-08-05T18:11:17.9935554+09:00,2026-08-05T18:11:18.4935554+09:00,248.764136,249.264136,30,30,0.091649,-0.028014,0.000002,0.000005,0.000000,0.002550,0
20260805_180709_229,1,Unspecified,448,2026-08-05T18:11:18.4935554+09:00,2026-08-05T18:11:18.9935554+09:00,249.264136,249.764136,30,30,0.092721,-0.034690,0.000006,0.000080,-0.000010,0.009273,0
20260805_180709_229,1,Unspecified,449,2026-08-05T18:11:18.9935554+09:00,2026-08-05T18:11:19.4935554+09:00,249.764136,250.264136,30,30,0.086582,-0.026552,0.000019,0.000019,-0.000012,0.006167,0
20260805_180709_229,1,Unspecified,450,2026-08-05T18:11:19.4935554+09:00,2026-08-05T18:11:19.9935554+09:00,250.264136,250.764136,30,30,0.088958,-0.028825,0.000007,0.000006,0.000000,0.003575,0
20260805_180709_229,1,Unspecified,451,2026-08-05T18:11:19.9935554+09:00,2026-08-05T18:11:20.4935554+09:00,250.764136,251.264136,30,30,0.090334,-0.027719,0.000001,0.000004,0.000001,0.002269,0
20260805_180709_229,1,Unspecified,452,2026-08-05T18:11:20.4935554+09:00,2026-08-05T18:11:20.9935554+09:00,251.264136,251.764136,30,30,0.086467,-0.031673,0.000033,0.000061,0.000042,0.009723,0
20260805_180709_229,1,Unspecified,453,2026-08-05T18:11:20.9935554+09:00,2026-08-05T18:11:21.4935554+09:00,251.764136,252.264136,30,30,0.085652,-0.032104,0.000003,0.000025,0.000000,0.005303,0
20260805_180709_229,1,Unspecified,454,2026-08-05T18:11:21.4935554+09:00,2026-08-05T18:11:21.9935554+09:00,252.264136,252.764136,30,30,0.091379,-0.030801,0.000028,0.000013,-0.000016,0.006447,0
20260805_180709_229,1,Unspecified,455,2026-08-05T18:11:21.9935554+09:00,2026-08-05T18:11:22.4935554+09:00,252.764136,253.264136,30,30,0.095909,-0.031334,0.000003,0.000002,0.000001,0.002391,0
20260805_180709_229,1,Unspecified,456,2026-08-05T18:11:22.4935554+09:00,2026-08-05T18:11:22.9935554+09:00,253.264136,253.764136,30,30,0.090988,-0.027223,0.000038,0.000013,-0.000019,0.007145,0
20260805_180709_229,1,Unspecified,457,2026-08-05T18:11:22.9935554+09:00,2026-08-05T18:11:23.4935554+09:00,253.764136,254.264136,30,30,0.094110,-0.023959,0.000119,0.000005,0.000013,0.011138,0
20260805_180709_229,1,Unspecified,458,2026-08-05T18:11:23.4935554+09:00,2026-08-05T18:11:23.9935554+09:00,254.264136,254.764136,30,30,0.089756,-0.025614,0.000014,0.000013,-0.000001,0.005241,0
20260805_180709_229,1,Unspecified,459,2026-08-05T18:11:23.9935554+09:00,2026-08-05T18:11:24.4935554+09:00,254.764136,255.264136,30,30,0.092386,-0.023970,0.000004,0.000008,0.000001,0.003435,0
20260805_180709_229,1,Unspecified,460,2026-08-05T18:11:24.4935554+09:00,2026-08-05T18:11:24.9935554+09:00,255.264136,255.764136,30,30,0.085453,-0.032476,0.000043,0.000091,0.000059,0.011570,0
20260805_180709_229,1,Unspecified,461,2026-08-05T18:11:24.9935554+09:00,2026-08-05T18:11:25.4935554+09:00,255.764136,256.264136,30,30,0.089086,-0.027104,0.000016,0.000037,0.000023,0.007299,0
20260805_180709_229,1,Unspecified,462,2026-08-05T18:11:25.4935554+09:00,2026-08-05T18:11:25.9935554+09:00,256.264136,256.764136,30,30,0.089564,-0.023588,0.000005,0.000006,0.000003,0.003252,0
20260805_180709_229,1,Unspecified,463,2026-08-05T18:11:25.9935554+09:00,2026-08-05T18:11:26.4935554+09:00,256.764136,257.264136,30,30,0.089159,-0.024035,0.000004,0.000008,0.000004,0.003437,0
20260805_180709_229,1,Unspecified,464,2026-08-05T18:11:26.4935554+09:00,2026-08-05T18:11:26.9935554+09:00,257.264136,257.764136,30,30,0.085847,-0.023074,0.000067,0.000006,0.000011,0.008511,0
20260805_180709_229,1,Unspecified,465,2026-08-05T18:11:26.9935554+09:00,2026-08-05T18:11:27.4935554+09:00,257.764136,258.264136,30,30,0.096759,-0.021008,0.000030,0.000006,0.000001,0.006053,0
20260805_180709_229,1,Unspecified,466,2026-08-05T18:11:27.4935554+09:00,2026-08-05T18:11:27.9935554+09:00,258.264136,258.764136,30,30,0.090099,-0.024984,0.000002,0.000002,0.000000,0.001894,0
20260805_180709_229,1,Unspecified,467,2026-08-05T18:11:27.9935554+09:00,2026-08-05T18:11:28.4935554+09:00,258.764136,259.264136,30,30,0.089284,-0.025061,0.000002,0.000004,0.000001,0.002325,0
20260805_180709_229,1,Unspecified,468,2026-08-05T18:11:28.4935554+09:00,2026-08-05T18:11:28.9935554+09:00,259.264136,259.764136,30,30,0.091540,-0.020688,0.000005,0.000031,0.000007,0.006050,0
20260805_180709_229,1,Unspecified,469,2026-08-05T18:11:28.9935554+09:00,2026-08-05T18:11:29.4935554+09:00,259.764136,260.264136,30,30,0.091650,-0.025752,0.000007,0.000008,0.000001,0.003837,0
20260805_180709_229,1,Unspecified,470,2026-08-05T18:11:29.4935554+09:00,2026-08-05T18:11:29.9935554+09:00,260.264136,260.764136,30,30,0.095034,-0.027713,0.000031,0.000004,0.000002,0.005900,0
20260805_180709_229,1,Unspecified,471,2026-08-05T18:11:29.9935554+09:00,2026-08-05T18:11:30.4935554+09:00,260.764136,261.264136,30,30,0.089607,-0.027627,0.000003,0.000002,0.000000,0.002123,0
20260805_180709_229,1,Unspecified,472,2026-08-05T18:11:30.4935554+09:00,2026-08-05T18:11:30.9935554+09:00,261.264136,261.764136,30,30,0.093603,-0.026472,0.000005,0.000004,0.000000,0.002929,0
20260805_180709_229,1,Unspecified,473,2026-08-05T18:11:30.9935554+09:00,2026-08-05T18:11:31.4935554+09:00,261.764136,262.264136,30,30,0.090715,-0.028808,0.000029,0.000005,-0.000007,0.005860,0
20260805_180709_229,1,Unspecified,474,2026-08-05T18:11:31.4935554+09:00,2026-08-05T18:11:31.9935554+09:00,262.264136,262.764136,30,30,0.087351,-0.027071,0.000011,0.000005,0.000003,0.004045,0
20260805_180709_229,1,Unspecified,475,2026-08-05T18:11:31.9935554+09:00,2026-08-05T18:11:32.4935554+09:00,262.764136,263.264136,30,30,0.088848,-0.024959,0.000018,0.000003,0.000003,0.004588,0
20260805_180709_229,1,Unspecified,476,2026-08-05T18:11:32.4935554+09:00,2026-08-05T18:11:32.9935554+09:00,263.264136,263.764136,30,30,0.087974,-0.026982,0.000005,0.000003,0.000001,0.002896,0
20260805_180709_229,1,Unspecified,477,2026-08-05T18:11:32.9935554+09:00,2026-08-05T18:11:33.4935554+09:00,263.764136,264.264136,30,30,0.095684,-0.023940,0.000004,0.000003,0.000001,0.002658,0
20260805_180709_229,1,Unspecified,478,2026-08-05T18:11:33.4935554+09:00,2026-08-05T18:11:33.9935554+09:00,264.264136,264.764136,30,30,0.089336,-0.023031,0.000004,0.000003,-0.000001,0.002636,0
20260805_180709_229,1,Unspecified,479,2026-08-05T18:11:33.9935554+09:00,2026-08-05T18:11:34.4935554+09:00,264.764136,265.264136,30,30,0.088958,-0.020953,0.000002,0.000002,0.000000,0.001856,0
20260805_180709_229,1,Unspecified,480,2026-08-05T18:11:34.4935554+09:00,2026-08-05T18:11:34.9935554+09:00,265.264136,265.764136,30,30,0.086697,-0.020283,0.000002,0.000004,0.000002,0.002487,0
20260805_180709_229,1,Unspecified,481,2026-08-05T18:11:34.9935554+09:00,2026-08-05T18:11:35.4935554+09:00,265.764136,266.264136,30,30,0.086705,-0.029631,0.000004,0.000013,0.000004,0.004107,0
20260805_180709_229,1,Unspecified,482,2026-08-05T18:11:35.4935554+09:00,2026-08-05T18:11:35.9935554+09:00,266.264136,266.764136,30,30,0.095067,-0.028756,0.000048,0.000009,0.000017,0.007544,0
20260805_180709_229,1,Unspecified,483,2026-08-05T18:11:35.9935554+09:00,2026-08-05T18:11:36.4935554+09:00,266.764136,267.264136,30,30,0.089057,-0.023269,0.000033,0.000005,-0.000005,0.006135,0
20260805_180709_229,1,Unspecified,484,2026-08-05T18:11:36.4935554+09:00,2026-08-05T18:11:36.9935554+09:00,267.264136,267.764136,30,30,0.081197,-0.024549,0.000026,0.000011,0.000013,0.006055,0
20260805_180709_229,1,Unspecified,485,2026-08-05T18:11:36.9935554+09:00,2026-08-05T18:11:37.4935554+09:00,267.764136,268.264136,30,30,0.089337,-0.020965,0.000025,0.000032,0.000015,0.007545,0
20260805_180709_229,1,Unspecified,486,2026-08-05T18:11:37.4935554+09:00,2026-08-05T18:11:37.9935554+09:00,268.264136,268.764136,30,30,0.088619,-0.022193,0.000004,0.000008,-0.000001,0.003482,0
20260805_180709_229,1,Unspecified,487,2026-08-05T18:11:37.9935554+09:00,2026-08-05T18:11:38.4935554+09:00,268.764136,269.264136,30,30,0.085316,-0.022629,0.000004,0.000010,-0.000001,0.003740,0
20260805_180709_229,1,Unspecified,488,2026-08-05T18:11:38.4935554+09:00,2026-08-05T18:11:38.9935554+09:00,269.264136,269.764136,30,30,0.087329,-0.022077,0.000003,0.000023,-0.000005,0.005188,0
20260805_180709_229,1,Unspecified,489,2026-08-05T18:11:38.9935554+09:00,2026-08-05T18:11:39.4935554+09:00,269.764136,270.264136,30,30,0.098988,-0.010803,0.000063,0.000085,0.000061,0.012143,0
20260805_180709_229,1,Unspecified,490,2026-08-05T18:11:39.4935554+09:00,2026-08-05T18:11:39.9935554+09:00,270.264136,270.764136,30,30,0.092350,-0.020101,0.000004,0.000007,0.000000,0.003298,0
20260805_180709_229,1,Unspecified,491,2026-08-05T18:11:39.9935554+09:00,2026-08-05T18:11:40.4935554+09:00,270.764136,271.264136,30,30,0.092376,-0.020502,0.000002,0.000009,0.000001,0.003293,0
20260805_180709_229,1,Unspecified,492,2026-08-05T18:11:40.4935554+09:00,2026-08-05T18:11:40.9935554+09:00,271.264136,271.764136,30,30,0.090428,-0.018924,0.000030,0.000006,-0.000007,0.006020,0
20260805_180709_229,1,Unspecified,493,2026-08-05T18:11:40.9935554+09:00,2026-08-05T18:11:41.4935554+09:00,271.764136,272.264136,30,30,0.090231,-0.013453,0.000127,0.000145,-0.000128,0.016490,0
20260805_180709_229,1,Unspecified,494,2026-08-05T18:11:41.4935554+09:00,2026-08-05T18:11:41.9935554+09:00,272.264136,272.764136,30,30,0.086704,-0.020806,0.000014,0.000008,0.000007,0.004700,0
20260805_180709_229,1,Unspecified,495,2026-08-05T18:11:41.9935554+09:00,2026-08-05T18:11:42.4935554+09:00,272.764136,273.264136,30,30,0.092055,-0.019033,0.000003,0.000007,0.000000,0.003224,0
20260805_180709_229,1,Unspecified,496,2026-08-05T18:11:42.4935554+09:00,2026-08-05T18:11:42.9935554+09:00,273.264136,273.764136,30,30,0.088762,-0.027430,0.000013,0.000035,0.000016,0.006923,0
20260805_180709_229,1,Unspecified,497,2026-08-05T18:11:42.9935554+09:00,2026-08-05T18:11:43.4935554+09:00,273.764136,274.264136,30,30,0.095420,-0.026275,0.000017,0.000006,0.000006,0.004793,0
20260805_180709_229,1,Unspecified,498,2026-08-05T18:11:43.4935554+09:00,2026-08-05T18:11:43.9935554+09:00,274.264136,274.764136,30,30,0.088051,-0.024037,0.000006,0.000002,0.000000,0.002836,0
20260805_180709_229,1,Unspecified,499,2026-08-05T18:11:43.9935554+09:00,2026-08-05T18:11:44.4935554+09:00,274.764136,275.264136,30,30,0.086320,-0.024028,0.000004,0.000005,-0.000001,0.002939,0
20260805_180709_229,1,Unspecified,500,2026-08-05T18:11:44.4935554+09:00,2026-08-05T18:11:44.9935554+09:00,275.264136,275.764136,30,30,0.088071,-0.018142,0.000007,0.000008,-0.000003,0.003876,0
20260805_180709_229,1,Unspecified,501,2026-08-05T18:11:44.9935554+09:00,2026-08-05T18:11:45.4935554+09:00,275.764136,276.264136,30,30,0.090928,-0.020120,0.000008,0.000014,-0.000007,0.004706,0
20260805_180709_229,1,Unspecified,502,2026-08-05T18:11:45.4935554+09:00,2026-08-05T18:11:45.9935554+09:00,276.264136,276.764136,30,30,0.089094,-0.012440,0.000031,0.000028,0.000022,0.007649,0
20260805_180709_229,1,Unspecified,503,2026-08-05T18:11:45.9935554+09:00,2026-08-05T18:11:46.4935554+09:00,276.764136,277.264136,30,30,0.097981,-0.016559,0.000010,0.000004,0.000001,0.003798,0
20260805_180709_229,1,Unspecified,504,2026-08-05T18:11:46.4935554+09:00,2026-08-05T18:11:46.9935554+09:00,277.264136,277.764136,30,30,0.086800,-0.020274,0.000038,0.000005,0.000005,0.006615,0
20260805_180709_229,1,Unspecified,505,2026-08-05T18:11:46.9935554+09:00,2026-08-05T18:11:47.4935554+09:00,277.764136,278.264136,30,30,0.088321,-0.016255,0.000012,0.000094,-0.000012,0.010312,0
20260805_180709_229,1,Unspecified,506,2026-08-05T18:11:47.4935554+09:00,2026-08-05T18:11:47.9935554+09:00,278.264136,278.764136,30,30,0.088845,-0.013638,0.000014,0.000051,0.000001,0.008051,0
20260805_180709_229,1,Unspecified,507,2026-08-05T18:11:47.9935554+09:00,2026-08-05T18:11:48.4935554+09:00,278.764136,279.264136,30,30,0.089602,-0.016057,0.000005,0.000007,-0.000003,0.003455,0
20260805_180709_229,1,Unspecified,508,2026-08-05T18:11:48.4935554+09:00,2026-08-05T18:11:48.9935554+09:00,279.264136,279.764136,30,30,0.085241,-0.017392,0.000009,0.000005,0.000004,0.003618,0
20260805_180709_229,1,Unspecified,509,2026-08-05T18:11:48.9935554+09:00,2026-08-05T18:11:49.4935554+09:00,279.764136,280.264136,30,30,0.084090,-0.020503,0.000007,0.000002,0.000001,0.002990,0
20260805_180709_229,1,Unspecified,510,2026-08-05T18:11:49.4935554+09:00,2026-08-05T18:11:49.9935554+09:00,280.264136,280.764136,30,30,0.086732,-0.020181,0.000002,0.000006,0.000000,0.002860,0
20260805_180709_229,1,Unspecified,511,2026-08-05T18:11:49.9935554+09:00,2026-08-05T18:11:50.4935554+09:00,280.764136,281.264136,30,30,0.088500,-0.020533,0.000002,0.000006,0.000000,0.002775,0
20260805_180709_229,1,Unspecified,512,2026-08-05T18:11:50.4935554+09:00,2026-08-05T18:11:50.9935554+09:00,281.264136,281.764136,30,30,0.091152,-0.022952,0.000006,0.000020,-0.000007,0.005125,0
20260805_180709_229,1,Unspecified,513,2026-08-05T18:11:50.9935554+09:00,2026-08-05T18:11:51.4935554+09:00,281.764136,282.264136,30,30,0.088644,-0.017730,0.000000,0.000000,0.000000,0.000153,0
20260805_180709_229,1,Unspecified,514,2026-08-05T18:11:51.4935554+09:00,2026-08-05T18:11:51.9935554+09:00,282.264136,282.764136,30,30,0.088628,-0.017725,0.000000,0.000000,0.000000,0.000103,0
20260805_180709_229,1,Unspecified,515,2026-08-05T18:11:51.9935554+09:00,2026-08-05T18:11:52.4935554+09:00,282.764136,283.264136,30,30,0.088633,-0.017684,0.000000,0.000000,0.000000,0.000082,0
20260805_180709_229,1,Unspecified,516,2026-08-05T18:11:52.4935554+09:00,2026-08-05T18:11:52.9935554+09:00,283.264136,283.764136,30,30,0.088591,-0.017746,0.000000,0.000000,0.000000,0.000119,0
20260805_180709_229,1,Unspecified,517,2026-08-05T18:11:52.9935554+09:00,2026-08-05T18:11:53.4935554+09:00,283.764136,284.264136,30,30,0.088843,-0.017421,0.000000,0.000000,0.000000,0.000150,0
20260805_180709_229,1,Unspecified,518,2026-08-05T18:11:53.4935554+09:00,2026-08-05T18:11:53.9935554+09:00,284.264136,284.764136,30,30,0.088748,-0.017550,0.000000,0.000000,0.000000,0.000149,0
20260805_180709_229,1,Unspecified,519,2026-08-05T18:11:53.9935554+09:00,2026-08-05T18:11:54.4935554+09:00,284.764136,285.264136,30,30,0.088640,-0.017702,0.000000,0.000000,0.000000,0.000106,0
20260805_180709_229,1,Unspecified,520,2026-08-05T18:11:54.4935554+09:00,2026-08-05T18:11:54.9935554+09:00,285.264136,285.764136,30,30,0.088554,-0.017792,0.000000,0.000000,0.000000,0.000133,0
20260805_180709_229,1,Unspecified,521,2026-08-05T18:11:54.9935554+09:00,2026-08-05T18:11:55.4935554+09:00,285.764136,286.264136,30,30,0.088302,-0.018100,0.000000,0.000000,0.000000,0.000161,0
20260805_180709_229,1,Unspecified,522,2026-08-05T18:11:55.4935554+09:00,2026-08-05T18:11:55.9935554+09:00,286.264136,286.764136,30,30,0.088221,-0.018218,0.000000,0.000000,0.000000,0.000258,0
20260805_180709_229,1,Unspecified,523,2026-08-05T18:11:55.9935554+09:00,2026-08-05T18:11:56.4935554+09:00,286.764136,287.264136,30,30,0.088356,-0.018045,0.000000,0.000000,0.000000,0.000073,0
20260805_180709_229,1,Unspecified,524,2026-08-05T18:11:56.4935554+09:00,2026-08-05T18:11:56.9935554+09:00,287.264136,287.764136,30,30,0.088439,-0.017946,0.000000,0.000000,0.000000,0.000164,0
20260805_180709_229,1,Unspecified,525,2026-08-05T18:11:56.9935554+09:00,2026-08-05T18:11:57.4935554+09:00,287.764136,288.264136,30,30,0.088632,-0.017721,0.000000,0.000000,0.000000,0.000115,0
20260805_180709_229,1,Unspecified,526,2026-08-05T18:11:57.4935554+09:00,2026-08-05T18:11:57.9935554+09:00,288.264136,288.764136,30,30,0.088590,-0.017781,0.000000,0.000000,0.000000,0.000132,0
20260805_180709_229,1,Unspecified,527,2026-08-05T18:11:57.9935554+09:00,2026-08-05T18:11:58.4935554+09:00,288.764136,289.264136,30,30,0.088559,-0.017814,0.000000,0.000000,0.000000,0.000089,0
20260805_180709_229,1,Unspecified,528,2026-08-05T18:11:58.4935554+09:00,2026-08-05T18:11:58.9935554+09:00,289.264136,289.764136,30,30,0.088553,-0.017828,0.000000,0.000000,0.000000,0.000115,0
20260805_180709_229,1,Unspecified,529,2026-08-05T18:11:58.9935554+09:00,2026-08-05T18:11:59.4935554+09:00,289.764136,290.264136,30,30,0.088582,-0.017802,0.000000,0.000000,0.000000,0.000179,0
20260805_180709_229,1,Unspecified,530,2026-08-05T18:11:59.4935554+09:00,2026-08-05T18:11:59.9935554+09:00,290.264136,290.764136,30,30,0.088290,-0.018184,0.000000,0.000000,0.000000,0.000178,0
20260805_180709_229,1,Unspecified,531,2026-08-05T18:11:59.9935554+09:00,2026-08-05T18:12:00.4935554+09:00,290.764136,291.264136,30,30,0.088363,-0.018041,0.000000,0.000000,0.000000,0.000095,0
20260805_180709_229,1,Unspecified,532,2026-08-05T18:12:00.4935554+09:00,2026-08-05T18:12:00.9935554+09:00,291.264136,291.764136,30,30,0.088513,-0.017826,0.000000,0.000000,0.000000,0.000232,0
20260805_180709_229,1,Unspecified,533,2026-08-05T18:12:00.9935554+09:00,2026-08-05T18:12:01.4935554+09:00,291.764136,292.264136,30,30,0.088428,-0.017970,0.000000,0.000000,0.000000,0.000144,0
20260805_180709_229,1,Unspecified,534,2026-08-05T18:12:01.4935554+09:00,2026-08-05T18:12:01.9935554+09:00,292.264136,292.764136,30,30,0.088276,-0.018132,0.000000,0.000000,0.000000,0.000281,0
20260805_180709_229,1,Unspecified,535,2026-08-05T18:12:01.9935554+09:00,2026-08-05T18:12:02.4935554+09:00,292.764136,293.264136,30,30,0.087928,-0.018535,0.000000,0.000000,0.000000,0.000137,0
20260805_180709_229,1,Unspecified,536,2026-08-05T18:12:02.4935554+09:00,2026-08-05T18:12:02.9935554+09:00,293.264136,293.764136,30,30,0.088030,-0.018387,0.000000,0.000000,0.000000,0.000126,0
20260805_180709_229,1,Unspecified,537,2026-08-05T18:12:02.9935554+09:00,2026-08-05T18:12:03.4935554+09:00,293.764136,294.264136,30,30,0.088313,-0.018023,0.000000,0.000000,0.000000,0.000103,0
20260805_180709_229,1,Unspecified,538,2026-08-05T18:12:03.4935554+09:00,2026-08-05T18:12:03.9935554+09:00,294.264136,294.764136,30,30,0.088411,-0.017920,0.000000,0.000000,0.000000,0.000117,0
20260805_180709_229,1,Unspecified,539,2026-08-05T18:12:03.9935554+09:00,2026-08-05T18:12:04.4935554+09:00,294.764136,295.264136,30,30,0.088279,-0.018123,0.000000,0.000000,0.000000,0.000116,0
20260805_180709_229,1,Unspecified,540,2026-08-05T18:12:04.4935554+09:00,2026-08-05T18:12:04.9935554+09:00,295.264136,295.764136,30,30,0.088170,-0.018283,0.000000,0.000000,0.000000,0.000207,0
20260805_180709_229,1,Unspecified,541,2026-08-05T18:12:04.9935554+09:00,2026-08-05T18:12:05.4935554+09:00,295.764136,296.264136,30,30,0.087863,-0.018762,0.000000,0.000000,0.000000,0.000187,0
20260805_180709_229,1,Unspecified,542,2026-08-05T18:12:05.4935554+09:00,2026-08-05T18:12:05.9935554+09:00,296.264136,296.764136,30,30,0.087986,-0.018593,0.000000,0.000000,0.000000,0.000091,0
20260805_180709_229,1,Unspecified,543,2026-08-05T18:12:05.9935554+09:00,2026-08-05T18:12:06.4935554+09:00,296.764136,297.264136,30,30,0.088043,-0.018502,0.000000,0.000000,0.000000,0.000162,0
20260805_180709_229,1,Unspecified,544,2026-08-05T18:12:06.4935554+09:00,2026-08-05T18:12:06.9935554+09:00,297.264136,297.764136,30,30,0.087996,-0.018555,0.000000,0.000000,0.000000,0.000394,0
20260805_180709_229,1,Unspecified,545,2026-08-05T18:12:06.9935554+09:00,2026-08-05T18:12:07.4935554+09:00,297.764136,298.264136,30,30,0.089077,-0.016819,0.000000,0.000000,0.000000,0.000594,0
20260805_180709_229,1,Unspecified,546,2026-08-05T18:12:07.4935554+09:00,2026-08-05T18:12:07.9935554+09:00,298.264136,298.764136,30,30,0.089578,-0.015564,0.000000,0.000000,0.000000,0.000269,0
20260805_180709_229,1,Unspecified,547,2026-08-05T18:12:07.9935554+09:00,2026-08-05T18:12:08.4935554+09:00,298.764136,299.264136,30,30,0.090045,-0.014769,0.000000,0.000000,0.000000,0.000180,0
20260805_180709_229,1,Unspecified,548,2026-08-05T18:12:08.4935554+09:00,2026-08-05T18:12:08.9935554+09:00,299.264136,299.764136,30,30,0.089591,-0.015328,0.000000,0.000000,0.000000,0.000396,0
20260805_180709_229,1,Unspecified,549,2026-08-05T18:12:08.9935554+09:00,2026-08-05T18:12:09.4935554+09:00,299.764136,300.264136,30,30,0.089182,-0.015958,0.000000,0.000000,0.000000,0.000262,0
20260805_180709_229,1,Unspecified,550,2026-08-05T18:12:09.4935554+09:00,2026-08-05T18:12:09.9935554+09:00,300.264136,300.764136,30,30,0.088351,-0.017228,0.000000,0.000000,0.000000,0.000446,0
20260805_180709_229,1,Unspecified,551,2026-08-05T18:12:09.9935554+09:00,2026-08-05T18:12:10.4935554+09:00,300.764136,301.264136,30,30,0.088172,-0.017606,0.000000,0.000000,0.000000,0.000213,0
20260805_180709_229,1,Unspecified,552,2026-08-05T18:12:10.4935554+09:00,2026-08-05T18:12:10.9935554+09:00,301.264136,301.764136,30,30,0.088319,-0.017470,0.000000,0.000000,0.000000,0.000223,0
20260805_180709_229,1,Unspecified,553,2026-08-05T18:12:10.9935554+09:00,2026-08-05T18:12:11.4935554+09:00,301.764136,302.264136,30,30,0.088943,-0.016784,0.000000,0.000000,0.000000,0.000564,0
20260805_180709_229,1,Unspecified,554,2026-08-05T18:12:11.4935554+09:00,2026-08-05T18:12:11.9935554+09:00,302.264136,302.764136,30,30,0.088955,-0.016648,0.000000,0.000000,0.000000,0.000416,0
20260805_180709_229,1,Unspecified,555,2026-08-05T18:12:11.9935554+09:00,2026-08-05T18:12:12.4935554+09:00,302.764136,303.264136,30,30,0.088427,-0.017404,0.000000,0.000000,0.000000,0.000175,0
20260805_180709_229,1,Unspecified,556,2026-08-05T18:12:12.4935554+09:00,2026-08-05T18:12:12.9935554+09:00,303.264136,303.764136,30,30,0.087950,-0.017999,0.000000,0.000000,0.000000,0.000328,0
20260805_180709_229,1,Unspecified,557,2026-08-05T18:12:12.9935554+09:00,2026-08-05T18:12:13.4935554+09:00,303.764136,304.264136,30,30,0.087696,-0.018149,0.000000,0.000000,0.000000,0.000126,0
20260805_180709_229,1,Unspecified,558,2026-08-05T18:12:13.4935554+09:00,2026-08-05T18:12:13.9935554+09:00,304.264136,304.764136,30,30,0.087607,-0.018207,0.000000,0.000000,0.000000,0.000085,0
20260805_180709_229,1,Unspecified,559,2026-08-05T18:12:13.9935554+09:00,2026-08-05T18:12:14.4935554+09:00,304.764136,305.264136,30,30,0.087766,-0.017924,0.000000,0.000000,0.000000,0.000163,0
20260805_180709_229,1,Unspecified,560,2026-08-05T18:12:14.4935554+09:00,2026-08-05T18:12:14.9935554+09:00,305.264136,305.764136,30,30,0.088087,-0.017559,0.000000,0.000000,0.000000,0.000178,0
20260805_180709_229,1,Unspecified,561,2026-08-05T18:12:14.9935554+09:00,2026-08-05T18:12:15.4935554+09:00,305.764136,306.264136,30,30,0.088826,-0.016714,0.000000,0.000000,0.000000,0.000332,0
20260805_180709_229,1,Unspecified,562,2026-08-05T18:12:15.4935554+09:00,2026-08-05T18:12:15.9935554+09:00,306.264136,306.764136,30,30,0.088860,-0.016661,0.000000,0.000000,0.000000,0.000239,0
20260805_180709_229,1,Unspecified,563,2026-08-05T18:12:15.9935554+09:00,2026-08-05T18:12:16.4935554+09:00,306.764136,307.264136,30,30,0.088519,-0.017066,0.000000,0.000000,0.000000,0.000115,0
20260805_180709_229,1,Unspecified,564,2026-08-05T18:12:16.4935554+09:00,2026-08-05T18:12:16.9935554+09:00,307.264136,307.764136,30,30,0.088292,-0.017356,0.000000,0.000000,0.000000,0.000325,0
20260805_180709_229,1,Unspecified,565,2026-08-05T18:12:16.9935554+09:00,2026-08-05T18:12:17.4935554+09:00,307.764136,308.264136,30,30,0.087696,-0.018212,0.000000,0.000000,0.000000,0.000095,0
20260805_180709_229,1,Unspecified,566,2026-08-05T18:12:17.4935554+09:00,2026-08-05T18:12:17.9935554+09:00,308.264136,308.764136,30,30,0.087960,-0.017878,0.000000,0.000000,0.000000,0.000190,0
20260805_180709_229,1,Unspecified,567,2026-08-05T18:12:17.9935554+09:00,2026-08-05T18:12:18.4935554+09:00,308.764136,309.264136,30,30,0.088024,-0.017674,0.000000,0.000000,0.000000,0.000096,0
20260805_180709_229,1,Unspecified,568,2026-08-05T18:12:18.4935554+09:00,2026-08-05T18:12:18.9935554+09:00,309.264136,309.764136,30,30,0.087867,-0.017880,0.000000,0.000000,0.000000,0.000314,0
20260805_180709_229,1,Unspecified,569,2026-08-05T18:12:18.9935554+09:00,2026-08-05T18:12:19.4935554+09:00,309.764136,310.264136,30,30,0.087254,-0.018792,0.000000,0.000000,0.000000,0.000240,0
20260805_180709_229,1,Unspecified,570,2026-08-05T18:12:19.4935554+09:00,2026-08-05T18:12:19.9935554+09:00,310.264136,310.764136,30,30,0.087117,-0.018905,0.000000,0.000000,0.000000,0.000049,0
20260805_180709_229,1,Unspecified,571,2026-08-05T18:12:19.9935554+09:00,2026-08-05T18:12:20.4935554+09:00,310.764136,311.264136,30,30,0.087243,-0.018738,0.000000,0.000000,0.000000,0.000066,0
20260805_180709_229,1,Unspecified,572,2026-08-05T18:12:20.4935554+09:00,2026-08-05T18:12:20.9935554+09:00,311.264136,311.764136,30,30,0.087300,-0.018716,0.000000,0.000000,0.000000,0.000145,0
20260805_180709_229,1,Unspecified,573,2026-08-05T18:12:20.9935554+09:00,2026-08-05T18:12:21.4935554+09:00,311.764136,312.264136,30,30,0.087385,-0.018641,0.000000,0.000000,0.000000,0.000095,0
20260805_180709_229,1,Unspecified,574,2026-08-05T18:12:21.4935554+09:00,2026-08-05T18:12:21.9935554+09:00,312.264136,312.764136,30,30,0.087312,-0.018778,0.000000,0.000000,0.000000,0.000073,0
20260805_180709_229,1,Unspecified,575,2026-08-05T18:12:21.9935554+09:00,2026-08-05T18:12:22.4935554+09:00,312.764136,313.264136,30,30,0.087122,-0.018947,0.000000,0.000000,0.000000,0.000169,0
20260805_180709_229,1,Unspecified,576,2026-08-05T18:12:22.4935554+09:00,2026-08-05T18:12:22.9935554+09:00,313.264136,313.764136,30,30,0.087282,-0.018775,0.000000,0.000000,0.000000,0.000146,0
20260805_180709_229,1,Unspecified,577,2026-08-05T18:12:22.9935554+09:00,2026-08-05T18:12:23.4935554+09:00,313.764136,314.264136,30,30,0.087302,-0.018869,0.000000,0.000000,0.000000,0.000127,0
20260805_180709_229,1,Unspecified,578,2026-08-05T18:12:23.4935554+09:00,2026-08-05T18:12:23.9935554+09:00,314.264136,314.764136,30,30,0.087223,-0.018862,0.000000,0.000000,0.000000,0.000150,0
20260805_180709_229,1,Unspecified,579,2026-08-05T18:12:23.9935554+09:00,2026-08-05T18:12:24.4935554+09:00,314.764136,315.264136,30,30,0.087108,-0.018922,0.000000,0.000000,0.000000,0.000072,0
20260805_180709_229,1,Unspecified,580,2026-08-05T18:12:24.4935554+09:00,2026-08-05T18:12:24.9935554+09:00,315.264136,315.764136,30,30,0.087359,-0.018588,0.000000,0.000000,0.000000,0.000300,0
20260805_180709_229,1,Unspecified,581,2026-08-05T18:12:24.9935554+09:00,2026-08-05T18:12:25.4935554+09:00,315.764136,316.264136,30,30,0.087588,-0.018237,0.000000,0.000000,0.000000,0.000290,0
20260805_180709_229,1,Unspecified,582,2026-08-05T18:12:25.4935554+09:00,2026-08-05T18:12:25.9935554+09:00,316.264136,316.764136,30,30,0.088009,-0.017602,0.000000,0.000000,0.000000,0.000071,0
20260805_180709_229,1,Unspecified,583,2026-08-05T18:12:25.9935554+09:00,2026-08-05T18:12:26.4935554+09:00,316.764136,317.264136,30,30,0.087847,-0.017805,0.000000,0.000000,0.000000,0.000142,0
20260805_180709_229,1,Unspecified,584,2026-08-05T18:12:26.4935554+09:00,2026-08-05T18:12:26.9935554+09:00,317.264136,317.764136,30,30,0.087026,-0.018987,0.000001,0.000001,0.000001,0.001352,0
20260805_180709_229,1,Unspecified,585,2026-08-05T18:12:26.9935554+09:00,2026-08-05T18:12:27.4935554+09:00,317.764136,318.264136,30,30,0.085981,-0.020455,0.000000,0.000000,0.000000,0.000528,0
20260805_180709_229,1,Unspecified,586,2026-08-05T18:12:27.4935554+09:00,2026-08-05T18:12:27.9935554+09:00,318.264136,318.764136,30,30,0.086908,-0.019171,0.000000,0.000000,0.000000,0.000232,0
20260805_180709_229,1,Unspecified,587,2026-08-05T18:12:27.9935554+09:00,2026-08-05T18:12:28.4935554+09:00,318.764136,319.264136,30,30,0.087493,-0.018360,0.000000,0.000000,0.000000,0.000333,0
20260805_180709_229,1,Unspecified,588,2026-08-05T18:12:28.4935554+09:00,2026-08-05T18:12:28.9935554+09:00,319.264136,319.764136,30,30,0.087575,-0.018229,0.000000,0.000000,0.000000,0.000123,0
20260805_180709_229,1,Unspecified,589,2026-08-05T18:12:28.9935554+09:00,2026-08-05T18:12:29.4935554+09:00,319.764136,320.264136,30,30,0.087965,-0.017792,0.000000,0.000000,0.000000,0.000069,0
20260805_180709_229,1,Unspecified,590,2026-08-05T18:12:29.4935554+09:00,2026-08-05T18:12:29.9935554+09:00,320.264136,320.764136,30,30,0.087939,-0.017833,0.000000,0.000000,0.000000,0.000143,0
20260805_180709_229,1,Unspecified,591,2026-08-05T18:12:29.9935554+09:00,2026-08-05T18:12:30.4935554+09:00,320.764136,321.264136,30,30,0.087743,-0.017999,0.000000,0.000000,0.000000,0.000218,0
20260805_180709_229,1,Unspecified,592,2026-08-05T18:12:30.4935554+09:00,2026-08-05T18:12:30.9935554+09:00,321.264136,321.764136,30,30,0.087647,-0.018068,0.000000,0.000000,0.000000,0.000048,0
20260805_180709_229,1,Unspecified,593,2026-08-05T18:12:30.9935554+09:00,2026-08-05T18:12:31.4935554+09:00,321.764136,322.264136,30,30,0.087806,-0.017845,0.000000,0.000000,0.000000,0.000161,0
20260805_180709_229,1,Unspecified,594,2026-08-05T18:12:31.4935554+09:00,2026-08-05T18:12:31.9935554+09:00,322.264136,322.764136,30,30,0.087656,-0.017997,0.000000,0.000000,0.000000,0.000103,0
20260805_180709_229,1,Unspecified,595,2026-08-05T18:12:31.9935554+09:00,2026-08-05T18:12:32.4935554+09:00,322.764136,323.264136,30,30,0.087843,-0.017654,0.000000,0.000000,0.000000,0.000082,0
20260805_180709_229,1,Unspecified,596,2026-08-05T18:12:32.4935554+09:00,2026-08-05T18:12:32.9935554+09:00,323.264136,323.764136,30,30,0.087849,-0.017628,0.000000,0.000000,0.000000,0.000138,0
20260805_180709_229,1,Unspecified,597,2026-08-05T18:12:32.9935554+09:00,2026-08-05T18:12:33.4935554+09:00,323.764136,324.264136,30,30,0.088121,-0.017329,0.000000,0.000000,0.000000,0.000150,0
20260805_180709_229,1,Unspecified,598,2026-08-05T18:12:33.4935554+09:00,2026-08-05T18:12:33.9935554+09:00,324.264136,324.764136,30,30,0.088088,-0.017292,0.000000,0.000000,0.000000,0.000109,0
20260805_180709_229,1,Unspecified,599,2026-08-05T18:12:33.9935554+09:00,2026-08-05T18:12:34.4935554+09:00,324.764136,325.264136,30,30,0.087955,-0.017432,0.000000,0.000000,0.000000,0.000102,0
20260805_180709_229,1,Unspecified,600,2026-08-05T18:12:34.4935554+09:00,2026-08-05T18:12:34.9935554+09:00,325.264136,325.764136,30,30,0.087965,-0.017489,0.000000,0.000000,0.000000,0.000196,0
20260805_180709_229,1,Unspecified,601,2026-08-05T18:12:34.9935554+09:00,2026-08-05T18:12:35.4935554+09:00,325.764136,326.264136,30,30,0.087864,-0.017712,0.000000,0.000000,0.000000,0.000123,0
20260805_180709_229,1,Unspecified,602,2026-08-05T18:12:35.4935554+09:00,2026-08-05T18:12:35.9935554+09:00,326.264136,326.764136,30,30,0.087929,-0.017616,0.000000,0.000000,0.000000,0.000117,0
20260805_180709_229,1,Unspecified,603,2026-08-05T18:12:35.9935554+09:00,2026-08-05T18:12:36.4935554+09:00,326.764136,327.264136,30,30,0.088015,-0.017509,0.000000,0.000000,0.000000,0.000061,0
20260805_180709_229,1,Unspecified,604,2026-08-05T18:12:36.4935554+09:00,2026-08-05T18:12:36.9935554+09:00,327.264136,327.764136,30,30,0.087961,-0.017610,0.000000,0.000000,0.000000,0.000205,0
20260805_180709_229,1,Unspecified,605,2026-08-05T18:12:36.9935554+09:00,2026-08-05T18:12:37.4935554+09:00,327.764136,328.264136,30,30,0.087709,-0.018060,0.000000,0.000000,0.000000,0.000245,0
20260805_180709_229,1,Unspecified,606,2026-08-05T18:12:37.4935554+09:00,2026-08-05T18:12:37.9935554+09:00,328.264136,328.764136,30,30,0.087506,-0.018370,0.000000,0.000000,0.000000,0.000226,0
20260805_180709_229,1,Unspecified,607,2026-08-05T18:12:37.9935554+09:00,2026-08-05T18:12:38.4935554+09:00,328.764136,329.264136,30,30,0.087630,-0.018140,0.000000,0.000000,0.000000,0.000176,0
20260805_180709_229,1,Unspecified,608,2026-08-05T18:12:38.4935554+09:00,2026-08-05T18:12:38.9935554+09:00,329.264136,329.764136,30,30,0.087757,-0.017924,0.000000,0.000000,0.000000,0.000255,0
20260805_180709_229,1,Unspecified,609,2026-08-05T18:12:38.9935554+09:00,2026-08-05T18:12:39.4935554+09:00,329.764136,330.264136,30,30,0.088015,-0.017612,0.000000,0.000000,0.000000,0.000096,0
20260805_180709_229,1,Unspecified,610,2026-08-05T18:12:39.4935554+09:00,2026-08-05T18:12:39.9935554+09:00,330.264136,330.764136,30,30,0.087842,-0.017723,0.000000,0.000000,0.000000,0.000135,0
20260805_180709_229,1,Unspecified,611,2026-08-05T18:12:39.9935554+09:00,2026-08-05T18:12:40.4935554+09:00,330.764136,331.264136,30,30,0.087731,-0.017846,0.000000,0.000000,0.000000,0.000109,0
20260805_180709_229,1,Unspecified,612,2026-08-05T18:12:40.4935554+09:00,2026-08-05T18:12:40.9935554+09:00,331.264136,331.764136,30,30,0.087651,-0.017934,0.000000,0.000000,0.000000,0.000131,0
20260805_180709_229,1,Unspecified,613,2026-08-05T18:12:40.9935554+09:00,2026-08-05T18:12:41.4935554+09:00,331.764136,332.264136,30,30,0.087849,-0.017719,0.000000,0.000000,0.000000,0.000120,0
20260805_180709_229,1,Unspecified,614,2026-08-05T18:12:41.4935554+09:00,2026-08-05T18:12:41.9935554+09:00,332.264136,332.764136,30,30,0.088033,-0.017528,0.000000,0.000000,0.000000,0.000109,0
20260805_180709_229,1,Unspecified,615,2026-08-05T18:12:41.9935554+09:00,2026-08-05T18:12:42.4935554+09:00,332.764136,333.264136,30,30,0.087976,-0.017557,0.000000,0.000000,0.000000,0.000093,0
20260805_180709_229,1,Unspecified,616,2026-08-05T18:12:42.4935554+09:00,2026-08-05T18:12:42.9935554+09:00,333.264136,333.764136,30,30,0.087577,-0.018038,0.000000,0.000000,0.000000,0.000348,0
20260805_180709_229,1,Unspecified,617,2026-08-05T18:12:42.9935554+09:00,2026-08-05T18:12:43.4935554+09:00,333.764136,334.264136,30,30,0.087130,-0.018831,0.000000,0.000000,0.000000,0.000107,0
20260805_180709_229,1,Unspecified,618,2026-08-05T18:12:43.4935554+09:00,2026-08-05T18:12:43.9935554+09:00,334.264136,334.764136,30,30,0.087344,-0.018490,0.000000,0.000000,0.000000,0.000142,0
20260805_180709_229,1,Unspecified,619,2026-08-05T18:12:43.9935554+09:00,2026-08-05T18:12:44.4935554+09:00,334.764136,335.264136,30,30,0.087435,-0.018366,0.000000,0.000000,0.000000,0.000072,0
20260805_180709_229,1,Unspecified,620,2026-08-05T18:12:44.4935554+09:00,2026-08-05T18:12:44.9935554+09:00,335.264136,335.764136,30,30,0.087261,-0.018661,0.000000,0.000000,0.000000,0.000268,0
20260805_180709_229,1,Unspecified,621,2026-08-05T18:12:44.9935554+09:00,2026-08-05T18:12:45.4935554+09:00,335.764136,336.264136,30,30,0.086980,-0.019065,0.000000,0.000000,0.000000,0.000139,0
20260805_180709_229,1,Unspecified,622,2026-08-05T18:12:45.4935554+09:00,2026-08-05T18:12:45.9935554+09:00,336.264136,336.764136,30,30,0.087006,-0.018990,0.000000,0.000000,0.000000,0.000121,0
20260805_180709_229,1,Unspecified,623,2026-08-05T18:12:45.9935554+09:00,2026-08-05T18:12:46.4935554+09:00,336.764136,337.264136,30,30,0.086988,-0.018947,0.000000,0.000000,0.000000,0.000149,0
20260805_180709_229,1,Unspecified,624,2026-08-05T18:12:46.4935554+09:00,2026-08-05T18:12:46.9935554+09:00,337.264136,337.764136,30,30,0.086928,-0.019014,0.000000,0.000000,0.000000,0.000183,0
20260805_180709_229,1,Unspecified,625,2026-08-05T18:12:46.9935554+09:00,2026-08-05T18:12:47.4935554+09:00,337.764136,338.264136,30,30,0.087130,-0.018771,0.000000,0.000000,0.000000,0.000134,0
20260805_180709_229,1,Unspecified,626,2026-08-05T18:12:47.4935554+09:00,2026-08-05T18:12:47.9935554+09:00,338.264136,338.764136,30,30,0.087074,-0.018746,0.000000,0.000000,0.000000,0.000167,0
20260805_180709_229,1,Unspecified,627,2026-08-05T18:12:47.9935554+09:00,2026-08-05T18:12:48.4935554+09:00,338.764136,339.264136,30,30,0.087051,-0.018801,0.000000,0.000000,0.000000,0.000106,0
20260805_180709_229,1,Unspecified,628,2026-08-05T18:12:48.4935554+09:00,2026-08-05T18:12:48.9935554+09:00,339.264136,339.764136,30,30,0.087069,-0.018786,0.000000,0.000000,0.000000,0.000208,0
20260805_180709_229,1,Unspecified,629,2026-08-05T18:12:48.9935554+09:00,2026-08-05T18:12:49.4935554+09:00,339.764136,340.264136,30,30,0.086697,-0.019253,0.000000,0.000000,0.000000,0.000157,0
20260805_180709_229,1,Unspecified,630,2026-08-05T18:12:49.4935554+09:00,2026-08-05T18:12:49.9935554+09:00,340.264136,340.764136,30,30,0.086554,-0.019449,0.000000,0.000000,0.000000,0.000193,0
20260805_180709_229,1,Unspecified,631,2026-08-05T18:12:49.9935554+09:00,2026-08-05T18:12:50.4935554+09:00,340.764136,341.264136,30,30,0.086681,-0.019300,0.000000,0.000000,0.000000,0.000127,0
20260805_180709_229,1,Unspecified,632,2026-08-05T18:12:50.4935554+09:00,2026-08-05T18:12:50.9935554+09:00,341.264136,341.764136,30,30,0.086615,-0.019431,0.000000,0.000000,0.000000,0.000194,0
20260805_180709_229,1,Unspecified,633,2026-08-05T18:12:50.9935554+09:00,2026-08-05T18:12:51.4935554+09:00,341.764136,342.264136,30,30,0.086929,-0.019029,0.000000,0.000000,0.000000,0.000209,0
20260805_180709_229,1,Unspecified,634,2026-08-05T18:12:51.4935554+09:00,2026-08-05T18:12:51.9935554+09:00,342.264136,342.764136,30,30,0.087157,-0.018681,0.000000,0.000000,0.000000,0.000082,0
20260805_180709_229,1,Unspecified,635,2026-08-05T18:12:51.9935554+09:00,2026-08-05T18:12:52.4935554+09:00,342.764136,343.264136,30,30,0.087166,-0.018590,0.000000,0.000000,0.000000,0.000080,0
20260805_180709_229,1,Unspecified,636,2026-08-05T18:12:52.4935554+09:00,2026-08-05T18:12:52.9935554+09:00,343.264136,343.764136,30,30,0.086864,-0.018912,0.000000,0.000000,0.000000,0.000163,0
20260805_180709_229,1,Unspecified,637,2026-08-05T18:12:52.9935554+09:00,2026-08-05T18:12:53.4935554+09:00,343.764136,344.264136,30,30,0.086902,-0.018935,0.000000,0.000000,0.000000,0.000216,0
20260805_180709_229,1,Unspecified,638,2026-08-05T18:12:53.4935554+09:00,2026-08-05T18:12:53.9935554+09:00,344.264136,344.764136,30,30,0.086771,-0.019048,0.000000,0.000000,0.000000,0.000228,0
20260805_180709_229,1,Unspecified,639,2026-08-05T18:12:53.9935554+09:00,2026-08-05T18:12:54.4935554+09:00,344.764136,345.264136,30,30,0.086591,-0.019221,0.000000,0.000000,0.000000,0.000265,0
20260805_180709_229,1,Unspecified,640,2026-08-05T18:12:54.4935554+09:00,2026-08-05T18:12:54.9935554+09:00,345.264136,345.764136,30,30,0.086909,-0.018833,0.000000,0.000000,0.000000,0.000269,0
20260805_180709_229,1,Unspecified,641,2026-08-05T18:12:54.9935554+09:00,2026-08-05T18:12:55.4935554+09:00,345.764136,346.264136,30,30,0.086606,-0.019271,0.000000,0.000000,0.000000,0.000117,0
20260805_180709_229,1,Unspecified,642,2026-08-05T18:12:55.4935554+09:00,2026-08-05T18:12:55.9935554+09:00,346.264136,346.764136,30,30,0.086699,-0.019185,0.000000,0.000000,0.000000,0.000136,0
20260805_180709_229,1,Unspecified,643,2026-08-05T18:12:55.9935554+09:00,2026-08-05T18:12:56.4935554+09:00,346.764136,347.264136,30,30,0.086703,-0.019163,0.000000,0.000000,0.000000,0.000099,0
20260805_180709_229,1,Unspecified,644,2026-08-05T18:12:56.4935554+09:00,2026-08-05T18:12:56.9935554+09:00,347.264136,347.764136,30,30,0.086622,-0.019204,0.000000,0.000000,0.000000,0.000101,0
20260805_180709_229,1,Unspecified,645,2026-08-05T18:12:56.9935554+09:00,2026-08-05T18:12:57.4935554+09:00,347.764136,348.264136,30,30,0.086815,-0.018970,0.000000,0.000000,0.000000,0.000246,0
20260805_180709_229,1,Unspecified,646,2026-08-05T18:12:57.4935554+09:00,2026-08-05T18:12:57.9935554+09:00,348.264136,348.764136,30,30,0.086648,-0.019170,0.000000,0.000000,0.000000,0.000279,0
20260805_180709_229,1,Unspecified,647,2026-08-05T18:12:57.9935554+09:00,2026-08-05T18:12:58.4935554+09:00,348.764136,349.264136,30,30,0.086566,-0.019267,0.000000,0.000000,0.000000,0.000154,0
20260805_180709_229,1,Unspecified,648,2026-08-05T18:12:58.4935554+09:00,2026-08-05T18:12:58.9935554+09:00,349.264136,349.764136,30,30,0.086445,-0.019426,0.000000,0.000000,0.000000,0.000192,0
20260805_180709_229,1,Unspecified,649,2026-08-05T18:12:58.9935554+09:00,2026-08-05T18:12:59.4935554+09:00,349.764136,350.264136,30,30,0.086523,-0.019350,0.000000,0.000000,0.000000,0.000107,0
20260805_180709_229,1,Unspecified,650,2026-08-05T18:12:59.4935554+09:00,2026-08-05T18:12:59.9935554+09:00,350.264136,350.764136,30,30,0.086646,-0.019102,0.000000,0.000000,0.000000,0.000220,0
20260805_180709_229,1,Unspecified,651,2026-08-05T18:12:59.9935554+09:00,2026-08-05T18:13:00.4935554+09:00,350.764136,351.264136,30,30,0.086783,-0.018902,0.000000,0.000000,0.000000,0.000098,0
20260805_180709_229,1,Unspecified,652,2026-08-05T18:13:00.4935554+09:00,2026-08-05T18:13:00.9935554+09:00,351.264136,351.764136,30,30,0.086656,-0.019049,0.000000,0.000000,0.000000,0.000127,0
20260805_180709_229,1,Unspecified,653,2026-08-05T18:13:00.9935554+09:00,2026-08-05T18:13:01.4935554+09:00,351.764136,352.264136,30,30,0.086977,-0.018550,0.000000,0.000000,0.000000,0.000324,0
20260805_180709_229,1,Unspecified,654,2026-08-05T18:13:01.4935554+09:00,2026-08-05T18:13:01.9935554+09:00,352.264136,352.764136,30,30,0.087045,-0.018344,0.000000,0.000000,0.000000,0.000168,0
20260805_180709_229,1,Unspecified,655,2026-08-05T18:13:01.9935554+09:00,2026-08-05T18:13:02.4935554+09:00,352.764136,353.264136,30,30,0.087048,-0.018281,0.000000,0.000000,0.000000,0.000205,0
20260805_180709_229,1,Unspecified,656,2026-08-05T18:13:02.4935554+09:00,2026-08-05T18:13:02.9935554+09:00,353.264136,353.764136,30,30,0.087310,-0.018018,0.000000,0.000000,0.000000,0.000164,0
20260805_180709_229,1,Unspecified,657,2026-08-05T18:13:02.9935554+09:00,2026-08-05T18:13:03.4935554+09:00,353.764136,354.264136,30,30,0.087403,-0.018028,0.000000,0.000000,0.000000,0.000182,0
20260805_180709_229,1,Unspecified,658,2026-08-05T18:13:03.4935554+09:00,2026-08-05T18:13:03.9935554+09:00,354.264136,354.764136,30,30,0.087345,-0.018068,0.000000,0.000000,0.000000,0.000191,0
20260805_180709_229,1,Unspecified,659,2026-08-05T18:13:03.9935554+09:00,2026-08-05T18:13:04.4935554+09:00,354.764136,355.264136,30,30,0.087497,-0.017903,0.000000,0.000000,0.000000,0.000209,0
20260805_180709_229,1,Unspecified,660,2026-08-05T18:13:04.4935554+09:00,2026-08-05T18:13:04.9935554+09:00,355.264136,355.764136,30,30,0.087241,-0.018158,0.000000,0.000000,0.000000,0.000075,0
20260805_180709_229,1,Unspecified,661,2026-08-05T18:13:04.9935554+09:00,2026-08-05T18:13:05.4935554+09:00,355.764136,356.264136,30,30,0.087559,-0.017779,0.000000,0.000000,0.000000,0.000227,0
20260805_180709_229,1,Unspecified,662,2026-08-05T18:13:05.4935554+09:00,2026-08-05T18:13:05.9935554+09:00,356.264136,356.764136,30,30,0.087345,-0.018031,0.000000,0.000000,0.000000,0.000329,0
20260805_180709_229,1,Unspecified,663,2026-08-05T18:13:05.9935554+09:00,2026-08-05T18:13:06.4935554+09:00,356.764136,357.264136,30,30,0.087198,-0.018200,0.000000,0.000000,0.000000,0.000118,0
20260805_180709_229,1,Unspecified,664,2026-08-05T18:13:06.4935554+09:00,2026-08-05T18:13:06.9935554+09:00,357.264136,357.764136,30,30,0.087178,-0.018246,0.000000,0.000000,0.000000,0.000127,0
20260805_180709_229,1,Unspecified,665,2026-08-05T18:13:06.9935554+09:00,2026-08-05T18:13:07.4935554+09:00,357.764136,358.264136,30,30,0.087079,-0.018542,0.000000,0.000000,0.000000,0.000158,0
20260805_180709_229,1,Unspecified,666,2026-08-05T18:13:07.4935554+09:00,2026-08-05T18:13:07.9935554+09:00,358.264136,358.764136,30,30,0.087024,-0.018498,0.000000,0.000000,0.000000,0.000152,0
20260805_180709_229,1,Unspecified,667,2026-08-05T18:13:07.9935554+09:00,2026-08-05T18:13:08.4935554+09:00,358.764136,359.264136,30,30,0.086972,-0.018500,0.000000,0.000000,0.000000,0.000096,0
20260805_180709_229,1,Unspecified,668,2026-08-05T18:13:08.4935554+09:00,2026-08-05T18:13:08.9935554+09:00,359.264136,359.764136,30,30,0.087085,-0.018651,0.000000,0.000000,0.000000,0.000126,0
20260805_180709_229,1,Unspecified,669,2026-08-05T18:13:08.9935554+09:00,2026-08-05T18:13:09.4935554+09:00,359.764136,360.264136,30,30,0.086984,-0.018837,0.000000,0.000000,0.000000,0.000245,0
20260805_180709_229,1,Unspecified,670,2026-08-05T18:13:09.4935554+09:00,2026-08-05T18:13:09.9935554+09:00,360.264136,360.764136,30,30,0.086699,-0.019099,0.000000,0.000000,0.000000,0.000082,0
20260805_180709_229,1,Unspecified,671,2026-08-05T18:13:09.9935554+09:00,2026-08-05T18:13:10.4935554+09:00,360.764136,361.264136,30,30,0.086753,-0.018969,0.000000,0.000000,0.000000,0.000116,0
20260805_180709_229,1,Unspecified,672,2026-08-05T18:13:10.4935554+09:00,2026-08-05T18:13:10.9935554+09:00,361.264136,361.764136,30,30,0.086912,-0.018756,0.000000,0.000000,0.000000,0.000218,0
20260805_180709_229,1,Unspecified,673,2026-08-05T18:13:10.9935554+09:00,2026-08-05T18:13:11.4935554+09:00,361.764136,362.264136,30,30,0.087035,-0.018598,0.000000,0.000000,0.000000,0.000150,0
20260805_180709_229,1,Unspecified,674,2026-08-05T18:13:11.4935554+09:00,2026-08-05T18:13:11.9935554+09:00,362.264136,362.764136,30,30,0.087105,-0.018481,0.000000,0.000000,0.000000,0.000197,0
20260805_180709_229,1,Unspecified,675,2026-08-05T18:13:11.9935554+09:00,2026-08-05T18:13:12.4935554+09:00,362.764136,363.264136,30,30,0.087053,-0.018498,0.000000,0.000000,0.000000,0.000143,0
20260805_180709_229,1,Unspecified,676,2026-08-05T18:13:12.4935554+09:00,2026-08-05T18:13:12.9935554+09:00,363.264136,363.764136,30,30,0.087193,-0.018300,0.000000,0.000000,0.000000,0.000122,0
20260805_180709_229,1,Unspecified,677,2026-08-05T18:13:12.9935554+09:00,2026-08-05T18:13:13.4935554+09:00,363.764136,364.264136,30,30,0.087363,-0.018104,0.000000,0.000000,0.000000,0.000223,0
20260805_180709_229,1,Unspecified,678,2026-08-05T18:13:13.4935554+09:00,2026-08-05T18:13:13.9935554+09:00,364.264136,364.764136,30,30,0.087451,-0.017959,0.000000,0.000000,0.000000,0.000171,0
20260805_180709_229,1,Unspecified,679,2026-08-05T18:13:13.9935554+09:00,2026-08-05T18:13:14.4935554+09:00,364.764136,365.264136,30,30,0.087233,-0.018170,0.000000,0.000000,0.000000,0.000147,0
20260805_180709_229,1,Unspecified,680,2026-08-05T18:13:14.4935554+09:00,2026-08-05T18:13:14.9935554+09:00,365.264136,365.764136,30,30,0.087408,-0.017974,0.000000,0.000000,0.000000,0.000120,0
20260805_180709_229,1,Unspecified,681,2026-08-05T18:13:14.9935554+09:00,2026-08-05T18:13:15.4935554+09:00,365.764136,366.264136,30,30,0.087443,-0.017994,0.000000,0.000000,0.000000,0.000115,0
20260805_180709_229,1,Unspecified,682,2026-08-05T18:13:15.4935554+09:00,2026-08-05T18:13:15.9935554+09:00,366.264136,366.764136,30,30,0.087861,-0.017351,0.000000,0.000000,0.000000,0.000225,0
20260805_180709_229,1,Unspecified,683,2026-08-05T18:13:15.9935554+09:00,2026-08-05T18:13:16.4935554+09:00,366.764136,367.264136,30,30,0.087793,-0.017435,0.000000,0.000000,0.000000,0.000209,0
20260805_180709_229,1,Unspecified,684,2026-08-05T18:13:16.4935554+09:00,2026-08-05T18:13:16.9935554+09:00,367.264136,367.764136,30,30,0.087651,-0.017641,0.000000,0.000000,0.000000,0.000136,0
20260805_180709_229,1,Unspecified,685,2026-08-05T18:13:16.9935554+09:00,2026-08-05T18:13:17.4935554+09:00,367.764136,368.264136,30,30,0.087896,-0.017356,0.000000,0.000000,0.000000,0.000063,0
20260805_180709_229,1,Unspecified,686,2026-08-05T18:13:17.4935554+09:00,2026-08-05T18:13:17.9935554+09:00,368.264136,368.764136,30,30,0.088619,-0.016496,0.000000,0.000000,0.000000,0.000586,0
20260805_180709_229,1,Unspecified,687,2026-08-05T18:13:17.9935554+09:00,2026-08-05T18:13:18.4935554+09:00,368.764136,369.264136,30,30,0.088519,-0.016485,0.000000,0.000000,0.000000,0.000243,0
20260805_180709_229,1,Unspecified,688,2026-08-05T18:13:18.4935554+09:00,2026-08-05T18:13:18.9935554+09:00,369.264136,369.764136,30,30,0.088602,-0.016487,0.000000,0.000000,0.000000,0.000101,0
20260805_180709_229,1,Unspecified,689,2026-08-05T18:13:18.9935554+09:00,2026-08-05T18:13:19.4935554+09:00,369.764136,370.264136,30,30,0.088640,-0.016599,0.000000,0.000000,0.000000,0.000152,0
20260805_180709_229,1,Unspecified,690,2026-08-05T18:13:19.4935554+09:00,2026-08-05T18:13:19.9935554+09:00,370.264136,370.764136,30,30,0.088368,-0.016952,0.000000,0.000000,0.000000,0.000284,0
20260805_180709_229,1,Unspecified,691,2026-08-05T18:13:19.9935554+09:00,2026-08-05T18:13:20.4935554+09:00,370.764136,371.264136,30,30,0.088154,-0.017141,0.000000,0.000000,0.000000,0.000123,0
20260805_180709_229,1,Unspecified,692,2026-08-05T18:13:20.4935554+09:00,2026-08-05T18:13:20.9935554+09:00,371.264136,371.764136,30,30,0.088211,-0.017123,0.000000,0.000000,0.000000,0.000229,0
20260805_180709_229,1,Unspecified,693,2026-08-05T18:13:20.9935554+09:00,2026-08-05T18:13:21.4935554+09:00,371.764136,372.264136,30,30,0.088114,-0.017279,0.000000,0.000000,0.000000,0.000147,0
20260805_180709_229,1,Unspecified,694,2026-08-05T18:13:21.4935554+09:00,2026-08-05T18:13:21.9935554+09:00,372.264136,372.764136,30,30,0.088272,-0.017052,0.000000,0.000000,0.000000,0.000249,0
20260805_180709_229,1,Unspecified,695,2026-08-05T18:13:21.9935554+09:00,2026-08-05T18:13:22.4935554+09:00,372.764136,373.264136,30,30,0.088058,-0.017225,0.000000,0.000000,0.000000,0.000122,0
20260805_180709_229,1,Unspecified,696,2026-08-05T18:13:22.4935554+09:00,2026-08-05T18:13:22.9935554+09:00,373.264136,373.764136,30,30,0.087883,-0.017455,0.000000,0.000000,0.000000,0.000143,0
20260805_180709_229,1,Unspecified,697,2026-08-05T18:13:22.9935554+09:00,2026-08-05T18:13:23.4935554+09:00,373.764136,374.264136,30,30,0.088029,-0.017462,0.000000,0.000000,0.000000,0.000118,0
20260805_180709_229,1,Unspecified,698,2026-08-05T18:13:23.4935554+09:00,2026-08-05T18:13:23.9935554+09:00,374.264136,374.764136,30,30,0.088060,-0.017524,0.000000,0.000000,0.000000,0.000090,0
20260805_180709_229,1,Unspecified,699,2026-08-05T18:13:23.9935554+09:00,2026-08-05T18:13:24.4935554+09:00,374.764136,375.264136,30,30,0.088079,-0.017414,0.000000,0.000000,0.000000,0.000052,0
20260805_180709_229,1,Unspecified,700,2026-08-05T18:13:24.4935554+09:00,2026-08-05T18:13:24.9935554+09:00,375.264136,375.764136,30,30,0.087867,-0.017721,0.000000,0.000000,0.000000,0.000334,0
20260805_180709_229,1,Unspecified,701,2026-08-05T18:13:24.9935554+09:00,2026-08-05T18:13:25.4935554+09:00,375.764136,376.264136,30,30,0.087179,-0.018806,0.000000,0.000000,0.000000,0.000143,0
20260805_180709_229,1,Unspecified,702,2026-08-05T18:13:25.4935554+09:00,2026-08-05T18:13:25.9935554+09:00,376.264136,376.764136,30,30,0.087440,-0.018547,0.000000,0.000000,0.000000,0.000091,0
20260805_180709_229,1,Unspecified,703,2026-08-05T18:13:25.9935554+09:00,2026-08-05T18:13:26.4935554+09:00,376.764136,377.264136,30,30,0.087372,-0.018547,0.000000,0.000000,0.000000,0.000152,0
20260805_180709_229,1,Unspecified,704,2026-08-05T18:13:26.4935554+09:00,2026-08-05T18:13:26.9935554+09:00,377.264136,377.764136,30,30,0.087405,-0.018440,0.000000,0.000000,0.000000,0.000116,0
20260805_180709_229,1,Unspecified,705,2026-08-05T18:13:26.9935554+09:00,2026-08-05T18:13:27.4935554+09:00,377.764136,378.264136,30,30,0.087669,-0.018151,0.000000,0.000000,0.000000,0.000141,0
20260805_180709_229,1,Unspecified,706,2026-08-05T18:13:27.4935554+09:00,2026-08-05T18:13:27.9935554+09:00,378.264136,378.764136,30,30,0.087376,-0.018461,0.000000,0.000000,0.000000,0.000129,0
20260805_180709_229,1,Unspecified,707,2026-08-05T18:13:27.9935554+09:00,2026-08-05T18:13:28.4935554+09:00,378.764136,379.264136,30,30,0.087377,-0.018419,0.000000,0.000000,0.000000,0.000163,0
20260805_180709_229,1,Unspecified,708,2026-08-05T18:13:28.4935554+09:00,2026-08-05T18:13:28.9935554+09:00,379.264136,379.764136,30,30,0.087274,-0.018535,0.000000,0.000000,0.000000,0.000095,0
20260805_180709_229,1,Unspecified,709,2026-08-05T18:13:28.9935554+09:00,2026-08-05T18:13:29.4935554+09:00,379.764136,380.264136,30,30,0.087293,-0.018465,0.000000,0.000000,0.000000,0.000132,0
20260805_180709_229,1,Unspecified,710,2026-08-05T18:13:29.4935554+09:00,2026-08-05T18:13:29.9935554+09:00,380.264136,380.764136,30,30,0.087480,-0.018155,0.000000,0.000000,0.000000,0.000249,0
20260805_180709_229,1,Unspecified,711,2026-08-05T18:13:29.9935554+09:00,2026-08-05T18:13:30.4935554+09:00,380.764136,381.264136,30,30,0.087503,-0.018160,0.000000,0.000000,0.000000,0.000235,0
20260805_180709_229,1,Unspecified,712,2026-08-05T18:13:30.4935554+09:00,2026-08-05T18:13:30.9935554+09:00,381.264136,381.764136,30,30,0.087357,-0.018354,0.000000,0.000000,0.000000,0.000082,0
20260805_180709_229,1,Unspecified,713,2026-08-05T18:13:30.9935554+09:00,2026-08-05T18:13:31.4935554+09:00,381.764136,382.264136,30,30,0.087298,-0.018459,0.000000,0.000000,0.000000,0.000114,0
20260805_180709_229,1,Unspecified,714,2026-08-05T18:13:31.4935554+09:00,2026-08-05T18:13:31.9935554+09:00,382.264136,382.764136,30,30,0.087334,-0.018378,0.000000,0.000000,0.000000,0.000144,0
20260805_180709_229,1,Unspecified,715,2026-08-05T18:13:31.9935554+09:00,2026-08-05T18:13:32.4935554+09:00,382.764136,383.264136,30,30,0.087497,-0.018131,0.000000,0.000000,0.000000,0.000146,0
20260805_180709_229,1,Unspecified,716,2026-08-05T18:13:32.4935554+09:00,2026-08-05T18:13:32.9935554+09:00,383.264136,383.764136,30,30,0.087411,-0.018234,0.000000,0.000000,0.000000,0.000275,0
20260805_180709_229,1,Unspecified,717,2026-08-05T18:13:32.9935554+09:00,2026-08-05T18:13:33.4935554+09:00,383.764136,384.264136,30,30,0.087280,-0.018442,0.000000,0.000000,0.000000,0.000142,0
20260805_180709_229,1,Unspecified,718,2026-08-05T18:13:33.4935554+09:00,2026-08-05T18:13:33.9935554+09:00,384.264136,384.764136,30,30,0.087220,-0.018490,0.000000,0.000000,0.000000,0.000120,0
20260805_180709_229,1,Unspecified,719,2026-08-05T18:13:33.9935554+09:00,2026-08-05T18:13:34.4935554+09:00,384.764136,385.264136,30,30,0.087209,-0.018473,0.000000,0.000000,0.000000,0.000089,0
20260805_180709_229,1,Unspecified,720,2026-08-05T18:13:34.4935554+09:00,2026-08-05T18:13:34.9935554+09:00,385.264136,385.764136,30,30,0.087280,-0.018364,0.000000,0.000000,0.000000,0.000125,0
20260805_180709_229,1,Unspecified,721,2026-08-05T18:13:34.9935554+09:00,2026-08-05T18:13:35.4935554+09:00,385.764136,386.264136,30,30,0.087400,-0.018251,0.000000,0.000000,0.000000,0.000065,0
20260805_180709_229,1,Unspecified,722,2026-08-05T18:13:35.4935554+09:00,2026-08-05T18:13:35.9935554+09:00,386.264136,386.764136,30,30,0.087196,-0.018504,0.000000,0.000000,0.000000,0.000103,0
20260805_180709_229,1,Unspecified,723,2026-08-05T18:13:35.9935554+09:00,2026-08-05T18:13:36.4935554+09:00,386.764136,387.264136,30,30,0.087030,-0.018681,0.000000,0.000000,0.000000,0.000081,0
20260805_180709_229,1,Unspecified,724,2026-08-05T18:13:36.4935554+09:00,2026-08-05T18:13:36.9935554+09:00,387.264136,387.764136,30,30,0.086983,-0.018754,0.000000,0.000000,0.000000,0.000098,0
20260805_180709_229,1,Unspecified,725,2026-08-05T18:13:36.9935554+09:00,2026-08-05T18:13:37.4935554+09:00,387.764136,388.264136,30,30,0.087121,-0.018598,0.000000,0.000000,0.000000,0.000120,0
20260805_180709_229,1,Unspecified,726,2026-08-05T18:13:37.4935554+09:00,2026-08-05T18:13:37.9935554+09:00,388.264136,388.764136,30,30,0.087434,-0.018215,0.000000,0.000000,0.000000,0.000076,0
20260805_180709_229,1,Unspecified,727,2026-08-05T18:13:37.9935554+09:00,2026-08-05T18:13:38.4935554+09:00,388.764136,389.264136,30,30,0.087231,-0.018469,0.000000,0.000000,0.000000,0.000126,0
20260805_180709_229,1,Unspecified,728,2026-08-05T18:13:38.4935554+09:00,2026-08-05T18:13:38.9935554+09:00,389.264136,389.764136,30,30,0.087427,-0.018184,0.000000,0.000000,0.000000,0.000279,0
20260805_180709_229,1,Unspecified,729,2026-08-05T18:13:38.9935554+09:00,2026-08-05T18:13:39.4935554+09:00,389.764136,390.264136,30,30,0.087042,-0.018772,0.000000,0.000000,0.000000,0.000118,0
20260805_180709_229,1,Unspecified,730,2026-08-05T18:13:39.4935554+09:00,2026-08-05T18:13:39.9935554+09:00,390.264136,390.764136,30,30,0.086915,-0.018864,0.000000,0.000000,0.000000,0.000141,0
20260805_180709_229,1,Unspecified,731,2026-08-05T18:13:39.9935554+09:00,2026-08-05T18:13:40.4935554+09:00,390.764136,391.264136,30,30,0.087020,-0.018614,0.000000,0.000000,0.000000,0.000151,0
20260805_180709_229,1,Unspecified,732,2026-08-05T18:13:40.4935554+09:00,2026-08-05T18:13:40.9935554+09:00,391.264136,391.764136,30,30,0.086989,-0.018674,0.000000,0.000000,0.000000,0.000148,0
20260805_180709_229,1,Unspecified,733,2026-08-05T18:13:40.9935554+09:00,2026-08-05T18:13:41.4935554+09:00,391.764136,392.264136,30,30,0.086447,-0.019539,0.000000,0.000000,0.000000,0.000311,0
20260805_180709_229,1,Unspecified,734,2026-08-05T18:13:41.4935554+09:00,2026-08-05T18:13:41.9935554+09:00,392.264136,392.764136,30,30,0.086444,-0.019515,0.000000,0.000000,0.000000,0.000162,0
20260805_180709_229,1,Unspecified,735,2026-08-05T18:13:41.9935554+09:00,2026-08-05T18:13:42.4935554+09:00,392.764136,393.264136,30,30,0.086392,-0.019542,0.000000,0.000000,0.000000,0.000125,0
20260805_180709_229,1,Unspecified,736,2026-08-05T18:13:42.4935554+09:00,2026-08-05T18:13:42.9935554+09:00,393.264136,393.764136,30,30,0.086500,-0.019366,0.000000,0.000000,0.000000,0.000120,0
20260805_180709_229,1,Unspecified,737,2026-08-05T18:13:42.9935554+09:00,2026-08-05T18:13:43.4935554+09:00,393.764136,394.264136,30,30,0.086550,-0.019332,0.000000,0.000000,0.000000,0.000181,0
20260805_180709_229,1,Unspecified,738,2026-08-05T18:13:43.4935554+09:00,2026-08-05T18:13:43.9935554+09:00,394.264136,394.764136,30,30,0.086403,-0.019531,0.000000,0.000000,0.000000,0.000178,0
20260805_180709_229,1,Unspecified,739,2026-08-05T18:13:43.9935554+09:00,2026-08-05T18:13:44.4935554+09:00,394.764136,395.264136,30,30,0.086399,-0.019525,0.000000,0.000000,0.000000,0.000166,0
20260805_180709_229,1,Unspecified,740,2026-08-05T18:13:44.4935554+09:00,2026-08-05T18:13:44.9935554+09:00,395.264136,395.764136,30,30,0.086322,-0.019637,0.000000,0.000000,0.000000,0.000230,0
20260805_180709_229,1,Unspecified,741,2026-08-05T18:13:44.9935554+09:00,2026-08-05T18:13:45.4935554+09:00,395.764136,396.264136,30,30,0.085913,-0.020138,0.000000,0.000000,0.000000,0.000201,0
20260805_180709_229,1,Unspecified,742,2026-08-05T18:13:45.4935554+09:00,2026-08-05T18:13:45.9935554+09:00,396.264136,396.764136,30,30,0.085924,-0.020046,0.000000,0.000000,0.000000,0.000082,0
20260805_180709_229,1,Unspecified,743,2026-08-05T18:13:45.9935554+09:00,2026-08-05T18:13:46.4935554+09:00,396.764136,397.264136,30,30,0.085866,-0.020119,0.000000,0.000000,0.000000,0.000186,0
20260805_180709_229,1,Unspecified,744,2026-08-05T18:13:46.4935554+09:00,2026-08-05T18:13:46.9935554+09:00,397.264136,397.764136,30,30,0.085582,-0.020433,0.000000,0.000000,0.000000,0.000101,0
20260805_180709_229,1,Unspecified,745,2026-08-05T18:13:46.9935554+09:00,2026-08-05T18:13:47.4935554+09:00,397.764136,398.264136,30,30,0.085438,-0.020680,0.000000,0.000000,0.000000,0.000114,0
20260805_180709_229,1,Unspecified,746,2026-08-05T18:13:47.4935554+09:00,2026-08-05T18:13:47.9935554+09:00,398.264136,398.764136,30,30,0.085419,-0.020768,0.000000,0.000000,0.000000,0.000108,0
20260805_180709_229,1,Unspecified,747,2026-08-05T18:13:47.9935554+09:00,2026-08-05T18:13:48.4935554+09:00,398.764136,399.264136,30,30,0.085459,-0.020682,0.000000,0.000000,0.000000,0.000168,0
20260805_180709_229,1,Unspecified,748,2026-08-05T18:13:48.4935554+09:00,2026-08-05T18:13:48.9935554+09:00,399.264136,399.764136,30,30,0.085265,-0.020872,0.000000,0.000000,0.000000,0.000118,0
20260805_180709_229,1,Unspecified,749,2026-08-05T18:13:48.9935554+09:00,2026-08-05T18:13:49.4935554+09:00,399.764136,400.264136,30,30,0.085148,-0.020976,0.000000,0.000000,0.000000,0.000113,0
20260805_180709_229,1,Unspecified,750,2026-08-05T18:13:49.4935554+09:00,2026-08-05T18:13:49.9935554+09:00,400.264136,400.764136,30,30,0.085066,-0.020995,0.000000,0.000000,0.000000,0.000181,0
20260805_180709_229,1,Unspecified,751,2026-08-05T18:13:49.9935554+09:00,2026-08-05T18:13:50.4935554+09:00,400.764136,401.264136,30,30,0.085189,-0.020845,0.000000,0.000000,0.000000,0.000129,0
20260805_180709_229,1,Unspecified,752,2026-08-05T18:13:50.4935554+09:00,2026-08-05T18:13:50.9935554+09:00,401.264136,401.764136,30,30,0.085273,-0.020745,0.000000,0.000000,0.000000,0.000105,0
20260805_180709_229,1,Unspecified,753,2026-08-05T18:13:50.9935554+09:00,2026-08-05T18:13:51.4935554+09:00,401.764136,402.264136,30,30,0.085487,-0.020625,0.000000,0.000000,0.000000,0.000235,0
20260805_180709_229,1,Unspecified,754,2026-08-05T18:13:51.4935554+09:00,2026-08-05T18:13:51.9935554+09:00,402.264136,402.764136,30,30,0.085257,-0.020948,0.000000,0.000000,0.000000,0.000197,0
20260805_180709_229,1,Unspecified,755,2026-08-05T18:13:51.9935554+09:00,2026-08-05T18:13:52.4935554+09:00,402.764136,403.264136,30,30,0.085454,-0.020655,0.000000,0.000000,0.000000,0.000106,0
20260805_180709_229,1,Unspecified,756,2026-08-05T18:13:52.4935554+09:00,2026-08-05T18:13:52.9935554+09:00,403.264136,403.764136,30,30,0.085604,-0.020490,0.000000,0.000000,0.000000,0.000160,0
20260805_180709_229,1,Unspecified,757,2026-08-05T18:13:52.9935554+09:00,2026-08-05T18:13:53.4935554+09:00,403.764136,404.264136,30,30,0.085453,-0.020684,0.000000,0.000000,0.000000,0.000150,0
20260805_180709_229,1,Unspecified,758,2026-08-05T18:13:53.4935554+09:00,2026-08-05T18:13:53.9935554+09:00,404.264136,404.764136,31,31,0.085665,-0.020398,0.000000,0.000000,0.000000,0.000093,0
20260805_180709_229,1,Unspecified,759,2026-08-05T18:13:53.9935554+09:00,2026-08-05T18:13:54.4935554+09:00,404.764136,405.264136,29,29,0.085571,-0.020547,0.000000,0.000000,0.000000,0.000179,0
20260805_180709_229,1,Unspecified,760,2026-08-05T18:13:54.4935554+09:00,2026-08-05T18:13:54.9935554+09:00,405.264136,405.764136,30,30,0.085458,-0.020650,0.000000,0.000000,0.000000,0.000164,0
20260805_180709_229,1,Unspecified,761,2026-08-05T18:13:54.9935554+09:00,2026-08-05T18:13:55.4935554+09:00,405.764136,406.264136,30,30,0.085430,-0.020645,0.000000,0.000000,0.000000,0.000126,0
20260805_180709_229,1,Unspecified,762,2026-08-05T18:13:55.4935554+09:00,2026-08-05T18:13:55.9935554+09:00,406.264136,406.764136,30,30,0.085410,-0.020611,0.000000,0.000000,0.000000,0.000088,0
20260805_180709_229,1,Unspecified,763,2026-08-05T18:13:55.9935554+09:00,2026-08-05T18:13:56.4935554+09:00,406.764136,407.264136,30,30,0.085402,-0.020524,0.000000,0.000000,0.000000,0.000140,0
20260805_180709_229,1,Unspecified,764,2026-08-05T18:13:56.4935554+09:00,2026-08-05T18:13:56.9935554+09:00,407.264136,407.764136,30,30,0.085426,-0.020552,0.000000,0.000000,0.000000,0.000111,0
20260805_180709_229,1,Unspecified,765,2026-08-05T18:13:56.9935554+09:00,2026-08-05T18:13:57.4935554+09:00,407.764136,408.264136,30,30,0.085517,-0.020542,0.000000,0.000000,0.000000,0.000142,0
20260805_180709_229,1,Unspecified,766,2026-08-05T18:13:57.4935554+09:00,2026-08-05T18:13:57.9935554+09:00,408.264136,408.764136,30,30,0.085623,-0.020401,0.000000,0.000000,0.000000,0.000094,0
20260805_180709_229,1,Unspecified,767,2026-08-05T18:13:57.9935554+09:00,2026-08-05T18:13:58.4935554+09:00,408.764136,409.264136,30,30,0.085692,-0.020298,0.000000,0.000000,0.000000,0.000137,0
20260805_180709_229,1,Unspecified,768,2026-08-05T18:13:58.4935554+09:00,2026-08-05T18:13:58.9935554+09:00,409.264136,409.764136,30,30,0.085676,-0.020293,0.000000,0.000000,0.000000,0.000084,0
20260805_180709_229,1,Unspecified,769,2026-08-05T18:13:58.9935554+09:00,2026-08-05T18:13:59.4935554+09:00,409.764136,410.264136,31,31,0.085934,-0.020037,0.000000,0.000000,0.000000,0.000131,0
20260805_180709_229,1,Unspecified,770,2026-08-05T18:13:59.4935554+09:00,2026-08-05T18:13:59.9935554+09:00,410.264136,410.764136,29,29,0.085832,-0.020212,0.000000,0.000000,0.000000,0.000136,0
20260805_180709_229,1,Unspecified,771,2026-08-05T18:13:59.9935554+09:00,2026-08-05T18:14:00.4935554+09:00,410.764136,411.264136,30,30,0.085813,-0.020240,0.000000,0.000000,0.000000,0.000078,0
20260805_180709_229,1,Unspecified,772,2026-08-05T18:14:00.4935554+09:00,2026-08-05T18:14:00.9935554+09:00,411.264136,411.764136,30,30,0.085903,-0.020187,0.000000,0.000000,0.000000,0.000073,0
20260805_180709_229,1,Unspecified,773,2026-08-05T18:14:00.9935554+09:00,2026-08-05T18:14:01.4935554+09:00,411.764136,412.264136,30,30,0.085878,-0.020226,0.000000,0.000000,0.000000,0.000118,0
20260805_180709_229,1,Unspecified,774,2026-08-05T18:14:01.4935554+09:00,2026-08-05T18:14:01.9935554+09:00,412.264136,412.764136,30,30,0.085801,-0.020175,0.000000,0.000000,0.000000,0.000086,0
20260805_180709_229,1,Unspecified,775,2026-08-05T18:14:01.9935554+09:00,2026-08-05T18:14:02.4935554+09:00,412.764136,413.264136,30,30,0.085849,-0.020114,0.000000,0.000000,0.000000,0.000134,0
20260805_180709_229,1,Unspecified,776,2026-08-05T18:14:02.4935554+09:00,2026-08-05T18:14:02.9935554+09:00,413.264136,413.764136,30,30,0.085713,-0.020391,0.000000,0.000000,0.000000,0.000122,0
20260805_180709_229,1,Unspecified,777,2026-08-05T18:14:02.9935554+09:00,2026-08-05T18:14:03.4935554+09:00,413.764136,414.264136,30,30,0.085769,-0.020353,0.000000,0.000000,0.000000,0.000118,0
20260805_180709_229,1,Unspecified,778,2026-08-05T18:14:03.4935554+09:00,2026-08-05T18:14:03.9935554+09:00,414.264136,414.764136,30,30,0.085944,-0.020207,0.000000,0.000000,0.000000,0.000115,0
20260805_180709_229,1,Unspecified,779,2026-08-05T18:14:03.9935554+09:00,2026-08-05T18:14:04.4935554+09:00,414.764136,415.264136,30,30,0.085649,-0.020464,0.000000,0.000000,0.000000,0.000126,0
20260805_180709_229,1,Unspecified,780,2026-08-05T18:14:04.4935554+09:00,2026-08-05T18:14:04.9935554+09:00,415.264136,415.764136,30,30,0.085657,-0.020394,0.000000,0.000000,0.000000,0.000126,0
20260805_180709_229,1,Unspecified,781,2026-08-05T18:14:04.9935554+09:00,2026-08-05T18:14:05.4935554+09:00,415.764136,416.264136,30,30,0.085691,-0.020301,0.000000,0.000000,0.000000,0.000240,0
20260805_180709_229,1,Unspecified,782,2026-08-05T18:14:05.4935554+09:00,2026-08-05T18:14:05.9935554+09:00,416.264136,416.764136,30,30,0.085606,-0.020302,0.000000,0.000000,0.000000,0.000134,0
20260805_180709_229,1,Unspecified,783,2026-08-05T18:14:05.9935554+09:00,2026-08-05T18:14:06.4935554+09:00,416.764136,417.264136,30,30,0.085420,-0.020445,0.000000,0.000000,0.000000,0.000126,0
20260805_180709_229,1,Unspecified,784,2026-08-05T18:14:06.4935554+09:00,2026-08-05T18:14:06.9935554+09:00,417.264136,417.764136,30,30,0.085455,-0.020414,0.000000,0.000000,0.000000,0.000127,0
20260805_180709_229,1,Unspecified,785,2026-08-05T18:14:06.9935554+09:00,2026-08-05T18:14:07.4935554+09:00,417.764136,418.264136,30,30,0.085564,-0.020257,0.000000,0.000000,0.000000,0.000334,0
20260805_180709_229,1,Unspecified,786,2026-08-05T18:14:07.4935554+09:00,2026-08-05T18:14:07.9935554+09:00,418.264136,418.764136,30,30,0.085762,-0.020111,0.000000,0.000000,0.000000,0.000248,0
20260805_180709_229,1,Unspecified,787,2026-08-05T18:14:07.9935554+09:00,2026-08-05T18:14:08.4935554+09:00,418.764136,419.264136,30,30,0.085275,-0.020645,0.000000,0.000000,0.000000,0.000184,0
20260805_180709_229,1,Unspecified,788,2026-08-05T18:14:08.4935554+09:00,2026-08-05T18:14:08.9935554+09:00,419.264136,419.764136,30,30,0.085150,-0.020746,0.000000,0.000000,0.000000,0.000169,0
20260805_180709_229,1,Unspecified,789,2026-08-05T18:14:08.9935554+09:00,2026-08-05T18:14:09.4935554+09:00,419.764136,420.264136,30,30,0.084941,-0.021070,0.000000,0.000000,0.000000,0.000175,0
20260805_180709_229,1,Unspecified,790,2026-08-05T18:14:09.4935554+09:00,2026-08-05T18:14:09.9935554+09:00,420.264136,420.764136,30,30,0.085010,-0.020933,0.000000,0.000000,0.000000,0.000077,0
20260805_180709_229,1,Unspecified,791,2026-08-05T18:14:09.9935554+09:00,2026-08-05T18:14:10.4935554+09:00,420.764136,421.264136,30,30,0.084954,-0.020953,0.000000,0.000000,0.000000,0.000251,0
20260805_180709_229,1,Unspecified,792,2026-08-05T18:14:10.4935554+09:00,2026-08-05T18:14:10.9935554+09:00,421.264136,421.764136,30,30,0.085318,-0.020742,0.000000,0.000000,0.000000,0.000363,0
20260805_180709_229,1,Unspecified,793,2026-08-05T18:14:10.9935554+09:00,2026-08-05T18:14:11.4935554+09:00,421.764136,422.264136,30,30,0.085179,-0.020689,0.000000,0.000000,0.000000,0.000132,0
20260805_180709_229,1,Unspecified,794,2026-08-05T18:14:11.4935554+09:00,2026-08-05T18:14:11.9935554+09:00,422.264136,422.764136,30,30,0.084925,-0.020886,0.000000,0.000000,0.000000,0.000196,0
20260805_180709_229,1,Unspecified,795,2026-08-05T18:14:11.9935554+09:00,2026-08-05T18:14:12.4935554+09:00,422.764136,423.264136,30,30,0.084901,-0.020915,0.000000,0.000000,0.000000,0.000087,0
20260805_180709_229,1,Unspecified,796,2026-08-05T18:14:12.4935554+09:00,2026-08-05T18:14:12.9935554+09:00,423.264136,423.764136,30,30,0.085233,-0.020541,0.000000,0.000000,0.000000,0.000265,0
20260805_180709_229,1,Unspecified,797,2026-08-05T18:14:12.9935554+09:00,2026-08-05T18:14:13.4935554+09:00,423.764136,424.264136,30,30,0.085479,-0.020280,0.000000,0.000000,0.000000,0.000187,0
20260805_180709_229,1,Unspecified,798,2026-08-05T18:14:13.4935554+09:00,2026-08-05T18:14:13.9935554+09:00,424.264136,424.764136,30,30,0.085489,-0.020272,0.000000,0.000000,0.000000,0.000130,0
20260805_180709_229,1,Unspecified,799,2026-08-05T18:14:13.9935554+09:00,2026-08-05T18:14:14.4935554+09:00,424.764136,425.264136,30,30,0.085540,-0.020214,0.000000,0.000000,0.000000,0.000087,0
20260805_180709_229,1,Unspecified,800,2026-08-05T18:14:14.4935554+09:00,2026-08-05T18:14:14.9935554+09:00,425.264136,425.764136,30,30,0.085392,-0.020442,0.000000,0.000000,0.000000,0.000185,0
20260805_180709_229,1,Unspecified,801,2026-08-05T18:14:14.9935554+09:00,2026-08-05T18:14:15.4935554+09:00,425.764136,426.264136,30,30,0.085221,-0.020690,0.000000,0.000000,0.000000,0.000165,0
20260805_180709_229,1,Unspecified,802,2026-08-05T18:14:15.4935554+09:00,2026-08-05T18:14:15.9935554+09:00,426.264136,426.764136,30,30,0.085512,-0.020319,0.000000,0.000000,0.000000,0.000178,0
20260805_180709_229,1,Unspecified,803,2026-08-05T18:14:15.9935554+09:00,2026-08-05T18:14:16.4935554+09:00,426.764136,427.264136,30,30,0.085699,-0.020081,0.000000,0.000000,0.000000,0.000222,0
20260805_180709_229,1,Unspecified,804,2026-08-05T18:14:16.4935554+09:00,2026-08-05T18:14:16.9935554+09:00,427.264136,427.764136,30,30,0.085431,-0.020434,0.000000,0.000000,0.000000,0.000148,0
20260805_180709_229,1,Unspecified,805,2026-08-05T18:14:16.9935554+09:00,2026-08-05T18:14:17.4935554+09:00,427.764136,428.264136,30,30,0.085236,-0.020684,0.000000,0.000000,0.000000,0.000164,0
20260805_180709_229,1,Unspecified,806,2026-08-05T18:14:17.4935554+09:00,2026-08-05T18:14:17.9935554+09:00,428.264136,428.764136,30,30,0.085303,-0.020634,0.000000,0.000000,0.000000,0.000132,0
20260805_180709_229,1,Unspecified,807,2026-08-05T18:14:17.9935554+09:00,2026-08-05T18:14:18.4935554+09:00,428.764136,429.264136,30,30,0.085380,-0.020431,0.000000,0.000000,0.000000,0.000165,0
20260805_180709_229,1,Unspecified,808,2026-08-05T18:14:18.4935554+09:00,2026-08-05T18:14:18.9935554+09:00,429.264136,429.764136,30,30,0.085289,-0.020503,0.000000,0.000000,0.000000,0.000247,0
20260805_180709_229,1,Unspecified,809,2026-08-05T18:14:18.9935554+09:00,2026-08-05T18:14:19.4935554+09:00,429.764136,430.264136,30,30,0.084971,-0.020993,0.000000,0.000000,0.000000,0.000091,0
20260805_180709_229,1,Unspecified,810,2026-08-05T18:14:19.4935554+09:00,2026-08-05T18:14:19.9935554+09:00,430.264136,430.764136,30,30,0.084931,-0.021043,0.000000,0.000000,0.000000,0.000161,0
20260805_180709_229,1,Unspecified,811,2026-08-05T18:14:19.9935554+09:00,2026-08-05T18:14:20.4935554+09:00,430.764136,431.264136,30,30,0.084916,-0.021042,0.000000,0.000000,0.000000,0.000150,0
20260805_180709_229,1,Unspecified,812,2026-08-05T18:14:20.4935554+09:00,2026-08-05T18:14:20.9935554+09:00,431.264136,431.764136,30,30,0.084974,-0.020979,0.000000,0.000000,0.000000,0.000147,0
20260805_180709_229,1,Unspecified,813,2026-08-05T18:14:20.9935554+09:00,2026-08-05T18:14:21.4935554+09:00,431.764136,432.264136,30,30,0.084977,-0.020962,0.000000,0.000000,0.000000,0.000104,0
20260805_180709_229,1,Unspecified,814,2026-08-05T18:14:21.4935554+09:00,2026-08-05T18:14:21.9935554+09:00,432.264136,432.764136,30,30,0.084731,-0.021163,0.000000,0.000000,0.000000,0.000107,0
20260805_180709_229,1,Unspecified,815,2026-08-05T18:14:21.9935554+09:00,2026-08-05T18:14:22.4935554+09:00,432.764136,433.264136,30,30,0.084772,-0.021134,0.000000,0.000000,0.000000,0.000123,0
20260805_180709_229,1,Unspecified,816,2026-08-05T18:14:22.4935554+09:00,2026-08-05T18:14:22.9935554+09:00,433.264136,433.764136,30,30,0.084730,-0.021233,0.000000,0.000000,0.000000,0.000140,0
20260805_180709_229,1,Unspecified,817,2026-08-05T18:14:22.9935554+09:00,2026-08-05T18:14:23.4935554+09:00,433.764136,434.264136,30,30,0.084598,-0.021315,0.000000,0.000000,0.000000,0.000166,0
20260805_180709_229,1,Unspecified,818,2026-08-05T18:14:23.4935554+09:00,2026-08-05T18:14:23.9935554+09:00,434.264136,434.764136,30,30,0.084656,-0.021176,0.000000,0.000000,0.000000,0.000097,0
20260805_180709_229,1,Unspecified,819,2026-08-05T18:14:23.9935554+09:00,2026-08-05T18:14:24.4935554+09:00,434.764136,435.264136,30,30,0.084675,-0.021169,0.000000,0.000000,0.000000,0.000142,0
20260805_180709_229,1,Unspecified,820,2026-08-05T18:14:24.4935554+09:00,2026-08-05T18:14:24.9935554+09:00,435.264136,435.764136,30,30,0.084491,-0.021402,0.000000,0.000000,0.000000,0.000141,0
20260805_180709_229,1,Unspecified,821,2026-08-05T18:14:24.9935554+09:00,2026-08-05T18:14:25.4935554+09:00,435.764136,436.264136,30,30,0.084726,-0.021108,0.000000,0.000000,0.000000,0.000088,0
20260805_180709_229,1,Unspecified,822,2026-08-05T18:14:25.4935554+09:00,2026-08-05T18:14:25.9935554+09:00,436.264136,436.764136,30,30,0.084734,-0.021167,0.000000,0.000000,0.000000,0.000138,0
20260805_180709_229,1,Unspecified,823,2026-08-05T18:14:25.9935554+09:00,2026-08-05T18:14:26.4935554+09:00,436.764136,437.264136,30,30,0.085557,-0.020536,0.000000,0.000000,0.000000,0.000572,0
20260805_180709_229,1,Unspecified,824,2026-08-05T18:14:26.4935554+09:00,2026-08-05T18:14:26.9935554+09:00,437.264136,437.764136,30,30,0.085330,-0.020611,0.000000,0.000000,0.000000,0.000471,0
20260805_180709_229,1,Unspecified,825,2026-08-05T18:14:26.9935554+09:00,2026-08-05T18:14:27.4935554+09:00,437.764136,438.264136,30,30,0.084931,-0.021005,0.000000,0.000000,0.000000,0.000140,0
20260805_180709_229,1,Unspecified,826,2026-08-05T18:14:27.4935554+09:00,2026-08-05T18:14:27.9935554+09:00,438.264136,438.764136,30,30,0.084943,-0.021058,0.000000,0.000000,0.000000,0.000130,0
20260805_180709_229,1,Unspecified,827,2026-08-05T18:14:27.9935554+09:00,2026-08-05T18:14:28.4935554+09:00,438.764136,439.264136,30,30,0.084922,-0.021103,0.000000,0.000000,0.000000,0.000099,0
20260805_180709_229,1,Unspecified,828,2026-08-05T18:14:28.4935554+09:00,2026-08-05T18:14:28.9935554+09:00,439.264136,439.764136,30,30,0.084871,-0.021104,0.000000,0.000000,0.000000,0.000160,0
20260805_180709_229,1,Unspecified,829,2026-08-05T18:14:28.9935554+09:00,2026-08-05T18:14:29.4935554+09:00,439.764136,440.264136,30,30,0.084910,-0.020944,0.000000,0.000000,0.000000,0.000099,0
20260805_180709_229,1,Unspecified,830,2026-08-05T18:14:29.4935554+09:00,2026-08-05T18:14:29.9935554+09:00,440.264136,440.764136,30,30,0.085100,-0.020606,0.000000,0.000000,0.000000,0.000167,0
20260805_180709_229,1,Unspecified,831,2026-08-05T18:14:29.9935554+09:00,2026-08-05T18:14:30.4935554+09:00,440.764136,441.264136,30,30,0.084985,-0.020792,0.000000,0.000000,0.000000,0.000176,0
20260805_180709_229,1,Unspecified,832,2026-08-05T18:14:30.4935554+09:00,2026-08-05T18:14:30.9935554+09:00,441.264136,441.764136,30,30,0.085021,-0.020782,0.000000,0.000000,0.000000,0.000188,0
20260805_180709_229,1,Unspecified,833,2026-08-05T18:14:30.9935554+09:00,2026-08-05T18:14:31.4935554+09:00,441.764136,442.264136,30,30,0.085121,-0.020530,0.000000,0.000000,0.000000,0.000231,0
20260805_180709_229,1,Unspecified,834,2026-08-05T18:14:31.4935554+09:00,2026-08-05T18:14:31.9935554+09:00,442.264136,442.764136,30,30,0.085252,-0.020162,0.000000,0.000000,0.000000,0.000130,0
20260805_180709_229,1,Unspecified,835,2026-08-05T18:14:31.9935554+09:00,2026-08-05T18:14:32.4935554+09:00,442.764136,443.264136,30,30,0.085258,-0.020145,0.000000,0.000000,0.000000,0.000123,0
20260805_180709_229,1,Unspecified,836,2026-08-05T18:14:32.4935554+09:00,2026-08-05T18:14:32.9935554+09:00,443.264136,443.764136,30,30,0.084932,-0.020659,0.000000,0.000000,0.000000,0.000320,0
20260805_180709_229,1,Unspecified,837,2026-08-05T18:14:32.9935554+09:00,2026-08-05T18:14:33.4935554+09:00,443.764136,444.264136,30,30,0.084614,-0.021022,0.000000,0.000000,0.000000,0.000214,0
20260805_180709_229,1,Unspecified,838,2026-08-05T18:14:33.4935554+09:00,2026-08-05T18:14:33.9935554+09:00,444.264136,444.764136,30,30,0.084604,-0.020907,0.000000,0.000000,0.000000,0.000198,0
20260805_180709_229,1,Unspecified,839,2026-08-05T18:14:33.9935554+09:00,2026-08-05T18:14:34.4935554+09:00,444.764136,445.264136,30,30,0.084511,-0.020912,0.000000,0.000000,0.000000,0.000088,0
20260805_180709_229,1,Unspecified,840,2026-08-05T18:14:34.4935554+09:00,2026-08-05T18:14:34.9935554+09:00,445.264136,445.764136,30,30,0.084545,-0.020893,0.000000,0.000000,0.000000,0.000183,0
20260805_180709_229,1,Unspecified,841,2026-08-05T18:14:34.9935554+09:00,2026-08-05T18:14:35.4935554+09:00,445.764136,446.264136,30,30,0.084571,-0.021028,0.000000,0.000000,0.000000,0.000145,0
20260805_180709_229,1,Unspecified,842,2026-08-05T18:14:35.4935554+09:00,2026-08-05T18:14:35.9935554+09:00,446.264136,446.764136,30,30,0.084580,-0.021034,0.000000,0.000000,0.000000,0.000081,0
20260805_180709_229,1,Unspecified,843,2026-08-05T18:14:35.9935554+09:00,2026-08-05T18:14:36.4935554+09:00,446.764136,447.264136,30,30,0.084615,-0.021022,0.000000,0.000000,0.000000,0.000112,0
20260805_180709_229,1,Unspecified,844,2026-08-05T18:14:36.4935554+09:00,2026-08-05T18:14:36.9935554+09:00,447.264136,447.764136,30,30,0.084648,-0.020994,0.000000,0.000000,0.000000,0.000094,0
20260805_180709_229,1,Unspecified,845,2026-08-05T18:14:36.9935554+09:00,2026-08-05T18:14:37.4935554+09:00,447.764136,448.264136,30,30,0.084679,-0.020913,0.000000,0.000000,0.000000,0.000210,0
20260805_180709_229,1,Unspecified,846,2026-08-05T18:14:37.4935554+09:00,2026-08-05T18:14:37.9935554+09:00,448.264136,448.764136,30,30,0.084766,-0.020783,0.000000,0.000000,0.000000,0.000187,0
20260805_180709_229,1,Unspecified,847,2026-08-05T18:14:37.9935554+09:00,2026-08-05T18:14:38.4935554+09:00,448.764136,449.264136,30,30,0.084654,-0.020913,0.000000,0.000000,0.000000,0.000050,0
20260805_180709_229,1,Unspecified,848,2026-08-05T18:14:38.4935554+09:00,2026-08-05T18:14:38.9935554+09:00,449.264136,449.764136,30,30,0.084519,-0.021079,0.000000,0.000000,0.000000,0.000118,0
20260805_180709_229,1,Unspecified,849,2026-08-05T18:14:38.9935554+09:00,2026-08-05T18:14:39.4935554+09:00,449.764136,450.264136,30,30,0.084626,-0.020981,0.000000,0.000000,0.000000,0.000127,0
20260805_180709_229,1,Unspecified,850,2026-08-05T18:14:39.4935554+09:00,2026-08-05T18:14:39.9935554+09:00,450.264136,450.764136,30,30,0.084631,-0.020803,0.000000,0.000000,0.000000,0.000072,0
20260805_180709_229,1,Unspecified,851,2026-08-05T18:14:39.9935554+09:00,2026-08-05T18:14:40.4935554+09:00,450.764136,451.264136,30,30,0.084776,-0.020611,0.000000,0.000000,0.000000,0.000122,0
20260805_180709_229,1,Unspecified,852,2026-08-05T18:14:40.4935554+09:00,2026-08-05T18:14:40.9935554+09:00,451.264136,451.764136,30,30,0.084464,-0.021031,0.000000,0.000000,0.000000,0.000164,0
20260805_180709_229,1,Unspecified,853,2026-08-05T18:14:40.9935554+09:00,2026-08-05T18:14:41.4935554+09:00,451.764136,452.264136,30,30,0.084630,-0.020734,0.000000,0.000000,0.000000,0.000150,0
20260805_180709_229,1,Unspecified,854,2026-08-05T18:14:41.4935554+09:00,2026-08-05T18:14:41.9935554+09:00,452.264136,452.764136,30,30,0.084402,-0.020864,0.000000,0.000000,0.000000,0.000252,0
20260805_180709_229,1,Unspecified,855,2026-08-05T18:14:41.9935554+09:00,2026-08-05T18:14:42.4935554+09:00,452.764136,453.264136,30,30,0.084621,-0.020542,0.000000,0.000000,0.000000,0.000142,0
20260805_180709_229,1,Unspecified,856,2026-08-05T18:14:42.4935554+09:00,2026-08-05T18:14:42.9935554+09:00,453.264136,453.764136,30,30,0.084800,-0.020282,0.000000,0.000000,0.000000,0.000128,0
20260805_180709_229,1,Unspecified,857,2026-08-05T18:14:42.9935554+09:00,2026-08-05T18:14:43.4935554+09:00,453.764136,454.264136,30,30,0.084823,-0.020062,0.000000,0.000000,0.000000,0.000168,0
20260805_180709_229,1,Unspecified,858,2026-08-05T18:14:43.4935554+09:00,2026-08-05T18:14:43.9935554+09:00,454.264136,454.764136,30,30,0.084762,-0.020238,0.000000,0.000000,0.000000,0.000167,0
20260805_180709_229,1,Unspecified,859,2026-08-05T18:14:43.9935554+09:00,2026-08-05T18:14:44.4935554+09:00,454.764136,455.264136,30,30,0.084656,-0.020459,0.000000,0.000000,0.000000,0.000079,0
20260805_180709_229,1,Unspecified,860,2026-08-05T18:14:44.4935554+09:00,2026-08-05T18:14:44.9935554+09:00,455.264136,455.764136,30,30,0.084626,-0.020477,0.000000,0.000000,0.000000,0.000109,0
20260805_180709_229,1,Unspecified,861,2026-08-05T18:14:44.9935554+09:00,2026-08-05T18:14:45.4935554+09:00,455.764136,456.264136,30,30,0.084974,-0.020189,0.000000,0.000000,0.000000,0.000302,0
20260805_180709_229,1,Unspecified,862,2026-08-05T18:14:45.4935554+09:00,2026-08-05T18:14:45.9935554+09:00,456.264136,456.764136,30,30,0.085021,-0.020290,0.000000,0.000000,0.000000,0.000453,0
20260805_180709_229,1,Unspecified,863,2026-08-05T18:14:45.9935554+09:00,2026-08-05T18:14:46.4935554+09:00,456.764136,457.264136,30,30,0.084688,-0.020642,0.000000,0.000000,0.000000,0.000133,0
20260805_180709_229,1,Unspecified,864,2026-08-05T18:14:46.4935554+09:00,2026-08-05T18:14:46.9935554+09:00,457.264136,457.764136,30,30,0.084633,-0.020682,0.000000,0.000000,0.000000,0.000130,0
20260805_180709_229,1,Unspecified,865,2026-08-05T18:14:46.9935554+09:00,2026-08-05T18:14:47.4935554+09:00,457.764136,458.264136,30,30,0.084683,-0.020683,0.000000,0.000000,0.000000,0.000092,0
20260805_180709_229,1,Unspecified,866,2026-08-05T18:14:47.4935554+09:00,2026-08-05T18:14:47.9935554+09:00,458.264136,458.764136,30,30,0.084827,-0.020510,0.000000,0.000000,0.000000,0.000162,0
20260805_180709_229,1,Unspecified,867,2026-08-05T18:14:47.9935554+09:00,2026-08-05T18:14:48.4935554+09:00,458.764136,459.264136,30,30,0.084640,-0.020714,0.000000,0.000000,0.000000,0.000254,0
20260805_180709_229,1,Unspecified,868,2026-08-05T18:14:48.4935554+09:00,2026-08-05T18:14:48.9935554+09:00,459.264136,459.764136,30,30,0.084568,-0.020876,0.000000,0.000000,0.000000,0.000138,0
20260805_180709_229,1,Unspecified,869,2026-08-05T18:14:48.9935554+09:00,2026-08-05T18:14:49.4935554+09:00,459.764136,460.264136,30,30,0.084671,-0.020761,0.000000,0.000000,0.000000,0.000295,0
20260805_180709_229,1,Unspecified,870,2026-08-05T18:14:49.4935554+09:00,2026-08-05T18:14:49.9935554+09:00,460.264136,460.764136,30,30,0.085019,-0.020236,0.000000,0.000000,0.000000,0.000191,0
20260805_180709_229,1,Unspecified,871,2026-08-05T18:14:49.9935554+09:00,2026-08-05T18:14:50.4935554+09:00,460.764136,461.264136,30,30,0.084793,-0.020273,0.000000,0.000000,0.000000,0.000235,0
20260805_180709_229,1,Unspecified,872,2026-08-05T18:14:50.4935554+09:00,2026-08-05T18:14:50.9935554+09:00,461.264136,461.764136,30,30,0.084765,-0.020330,0.000000,0.000000,0.000000,0.000112,0
20260805_180709_229,1,Unspecified,873,2026-08-05T18:14:50.9935554+09:00,2026-08-05T18:14:51.4935554+09:00,461.764136,462.264136,30,30,0.084706,-0.020579,0.000000,0.000000,0.000000,0.000170,0
20260805_180709_229,1,Unspecified,874,2026-08-05T18:14:51.4935554+09:00,2026-08-05T18:14:51.9935554+09:00,462.264136,462.764136,30,30,0.084616,-0.020617,0.000000,0.000000,0.000000,0.000109,0
20260805_180709_229,1,Unspecified,875,2026-08-05T18:14:51.9935554+09:00,2026-08-05T18:14:52.4935554+09:00,462.764136,463.264136,30,30,0.084529,-0.020738,0.000000,0.000000,0.000000,0.000143,0
20260805_180709_229,1,Unspecified,876,2026-08-05T18:14:52.4935554+09:00,2026-08-05T18:14:52.9935554+09:00,463.264136,463.764136,30,30,0.084582,-0.020613,0.000000,0.000000,0.000000,0.000075,0
20260805_180709_229,1,Unspecified,877,2026-08-05T18:14:52.9935554+09:00,2026-08-05T18:14:53.4935554+09:00,463.764136,464.264136,30,30,0.084813,-0.020356,0.000000,0.000000,0.000000,0.000229,0
20260805_180709_229,1,Unspecified,878,2026-08-05T18:14:53.4935554+09:00,2026-08-05T18:14:53.9935554+09:00,464.264136,464.764136,30,30,0.084505,-0.020764,0.000000,0.000000,0.000000,0.000149,0
20260805_180709_229,1,Unspecified,879,2026-08-05T18:14:53.9935554+09:00,2026-08-05T18:14:54.4935554+09:00,464.764136,465.264136,30,30,0.084469,-0.020838,0.000000,0.000000,0.000000,0.000186,0
20260805_180709_229,1,Unspecified,880,2026-08-05T18:14:54.4935554+09:00,2026-08-05T18:14:54.9935554+09:00,465.264136,465.764136,30,30,0.084416,-0.020946,0.000000,0.000000,0.000000,0.000105,0
20260805_180709_229,1,Unspecified,881,2026-08-05T18:14:54.9935554+09:00,2026-08-05T18:14:55.4935554+09:00,465.764136,466.264136,30,30,0.084470,-0.020807,0.000000,0.000000,0.000000,0.000165,0
20260805_180709_229,1,Unspecified,882,2026-08-05T18:14:55.4935554+09:00,2026-08-05T18:14:55.9935554+09:00,466.264136,466.764136,30,30,0.084632,-0.020586,0.000000,0.000000,0.000000,0.000096,0
20260805_180709_229,1,Unspecified,883,2026-08-05T18:14:55.9935554+09:00,2026-08-05T18:14:56.4935554+09:00,466.764136,467.264136,30,30,0.084403,-0.020890,0.000000,0.000000,0.000000,0.000191,0
20260805_180709_229,1,Unspecified,884,2026-08-05T18:14:56.4935554+09:00,2026-08-05T18:14:56.9935554+09:00,467.264136,467.764136,30,30,0.084343,-0.020997,0.000000,0.000000,0.000000,0.000115,0
20260805_180709_229,1,Unspecified,885,2026-08-05T18:14:56.9935554+09:00,2026-08-05T18:14:57.4935554+09:00,467.764136,468.264136,30,30,0.084462,-0.020990,0.000000,0.000000,0.000000,0.000086,0
20260805_180709_229,1,Unspecified,886,2026-08-05T18:14:57.4935554+09:00,2026-08-05T18:14:57.9935554+09:00,468.264136,468.764136,30,30,0.084444,-0.021018,0.000000,0.000000,0.000000,0.000122,0
20260805_180709_229,1,Unspecified,887,2026-08-05T18:14:57.9935554+09:00,2026-08-05T18:14:58.4935554+09:00,468.764136,469.264136,30,30,0.084530,-0.020820,0.000000,0.000000,0.000000,0.000181,0
20260805_180709_229,1,Unspecified,888,2026-08-05T18:14:58.4935554+09:00,2026-08-05T18:14:58.9935554+09:00,469.264136,469.764136,30,30,0.084656,-0.020644,0.000000,0.000000,0.000000,0.000108,0
20260805_180709_229,1,Unspecified,889,2026-08-05T18:14:58.9935554+09:00,2026-08-05T18:14:59.4935554+09:00,469.764136,470.264136,30,30,0.084441,-0.020923,0.000000,0.000000,0.000000,0.000076,0
20260805_180709_229,1,Unspecified,890,2026-08-05T18:14:59.4935554+09:00,2026-08-05T18:14:59.9935554+09:00,470.264136,470.764136,30,30,0.084365,-0.021002,0.000000,0.000000,0.000000,0.000095,0
20260805_180709_229,1,Unspecified,891,2026-08-05T18:14:59.9935554+09:00,2026-08-05T18:15:00.4935554+09:00,470.764136,471.264136,30,30,0.084261,-0.021081,0.000000,0.000000,0.000000,0.000109,0
20260805_180709_229,1,Unspecified,892,2026-08-05T18:15:00.4935554+09:00,2026-08-05T18:15:00.9935554+09:00,471.264136,471.764136,30,30,0.084276,-0.021038,0.000000,0.000000,0.000000,0.000117,0
20260805_180709_229,1,Unspecified,893,2026-08-05T18:15:00.9935554+09:00,2026-08-05T18:15:01.4935554+09:00,471.764136,472.264136,30,30,0.084400,-0.020916,0.000000,0.000000,0.000000,0.000163,0
20260805_180709_229,1,Unspecified,894,2026-08-05T18:15:01.4935554+09:00,2026-08-05T18:15:01.9935554+09:00,472.264136,472.764136,30,30,0.084408,-0.020956,0.000000,0.000000,0.000000,0.000192,0
20260805_180709_229,1,Unspecified,895,2026-08-05T18:15:01.9935554+09:00,2026-08-05T18:15:02.4935554+09:00,472.764136,473.264136,30,30,0.084409,-0.020951,0.000000,0.000000,0.000000,0.000213,0
20260805_180709_229,1,Unspecified,896,2026-08-05T18:15:02.4935554+09:00,2026-08-05T18:15:02.9935554+09:00,473.264136,473.764136,30,30,0.084371,-0.021045,0.000000,0.000000,0.000000,0.000193,0
20260805_180709_229,1,Unspecified,897,2026-08-05T18:15:02.9935554+09:00,2026-08-05T18:15:03.4935554+09:00,473.764136,474.264136,30,30,0.084480,-0.020914,0.000000,0.000000,0.000000,0.000100,0
20260805_180709_229,1,Unspecified,898,2026-08-05T18:15:03.4935554+09:00,2026-08-05T18:15:03.9935554+09:00,474.264136,474.764136,30,30,0.084633,-0.020625,0.000000,0.000000,0.000000,0.000182,0
20260805_180709_229,1,Unspecified,899,2026-08-05T18:15:03.9935554+09:00,2026-08-05T18:15:04.4935554+09:00,474.764136,475.264136,30,30,0.084690,-0.020585,0.000000,0.000000,0.000000,0.000100,0
20260805_180709_229,1,Unspecified,900,2026-08-05T18:15:04.4935554+09:00,2026-08-05T18:15:04.9935554+09:00,475.264136,475.764136,30,30,0.084409,-0.020992,0.000000,0.000000,0.000000,0.000200,0
20260805_180709_229,1,Unspecified,901,2026-08-05T18:15:04.9935554+09:00,2026-08-05T18:15:05.4935554+09:00,475.764136,476.264136,30,30,0.084330,-0.021275,0.000000,0.000000,0.000000,0.000110,0
20260805_180709_229,1,Unspecified,902,2026-08-05T18:15:05.4935554+09:00,2026-08-05T18:15:05.9935554+09:00,476.264136,476.764136,30,30,0.084550,-0.021110,0.000000,0.000000,0.000000,0.000176,0
20260805_180709_229,1,Unspecified,903,2026-08-05T18:15:05.9935554+09:00,2026-08-05T18:15:06.4935554+09:00,476.764136,477.264136,30,30,0.084558,-0.021032,0.000000,0.000000,0.000000,0.000089,0
20260805_180709_229,1,Unspecified,904,2026-08-05T18:15:06.4935554+09:00,2026-08-05T18:15:06.9935554+09:00,477.264136,477.764136,30,30,0.084691,-0.020909,0.000000,0.000000,0.000000,0.000221,0
20260805_180709_229,1,Unspecified,905,2026-08-05T18:15:06.9935554+09:00,2026-08-05T18:15:07.4935554+09:00,477.764136,478.264136,30,30,0.084308,-0.021462,0.000000,0.000000,0.000000,0.000169,0
20260805_180709_229,1,Unspecified,906,2026-08-05T18:15:07.4935554+09:00,2026-08-05T18:15:07.9935554+09:00,478.264136,478.764136,30,30,0.084503,-0.021297,0.000000,0.000000,0.000000,0.000263,0
20260805_180709_229,1,Unspecified,907,2026-08-05T18:15:07.9935554+09:00,2026-08-05T18:15:08.4935554+09:00,478.764136,479.264136,30,30,0.084173,-0.021454,0.000000,0.000000,0.000000,0.000097,0
20260805_180709_229,1,Unspecified,908,2026-08-05T18:15:08.4935554+09:00,2026-08-05T18:15:08.9935554+09:00,479.264136,479.764136,30,30,0.084098,-0.021527,0.000000,0.000000,0.000000,0.000175,0
20260805_180709_229,1,Unspecified,909,2026-08-05T18:15:08.9935554+09:00,2026-08-05T18:15:09.4935554+09:00,479.764136,480.264136,30,30,0.083929,-0.021805,0.000000,0.000000,0.000000,0.000126,0
20260805_180709_229,1,Unspecified,910,2026-08-05T18:15:09.4935554+09:00,2026-08-05T18:15:09.9935554+09:00,480.264136,480.764136,30,30,0.083913,-0.021670,0.000000,0.000000,0.000000,0.000089,0
20260805_180709_229,1,Unspecified,911,2026-08-05T18:15:09.9935554+09:00,2026-08-05T18:15:10.4935554+09:00,480.764136,481.264136,30,30,0.083936,-0.021637,0.000000,0.000000,0.000000,0.000141,0
20260805_180709_229,1,Unspecified,912,2026-08-05T18:15:10.4935554+09:00,2026-08-05T18:15:10.9935554+09:00,481.264136,481.764136,30,30,0.083865,-0.021795,0.000000,0.000000,0.000000,0.000144,0
20260805_180709_229,1,Unspecified,913,2026-08-05T18:15:10.9935554+09:00,2026-08-05T18:15:11.4935554+09:00,481.764136,482.264136,30,30,0.083881,-0.021774,0.000000,0.000000,0.000000,0.000113,0
20260805_180709_229,1,Unspecified,914,2026-08-05T18:15:11.4935554+09:00,2026-08-05T18:15:11.9935554+09:00,482.264136,482.764136,30,30,0.083851,-0.021737,0.000000,0.000000,0.000000,0.000140,0
20260805_180709_229,1,Unspecified,915,2026-08-05T18:15:11.9935554+09:00,2026-08-05T18:15:12.4935554+09:00,482.764136,483.264136,30,30,0.083846,-0.021642,0.000000,0.000000,0.000000,0.000123,0
20260805_180709_229,1,Unspecified,916,2026-08-05T18:15:12.4935554+09:00,2026-08-05T18:15:12.9935554+09:00,483.264136,483.764136,30,30,0.084066,-0.021436,0.000000,0.000000,0.000000,0.000192,0
20260805_180709_229,1,Unspecified,917,2026-08-05T18:15:12.9935554+09:00,2026-08-05T18:15:13.4935554+09:00,483.764136,484.264136,30,30,0.083846,-0.021712,0.000000,0.000000,0.000000,0.000218,0
20260805_180709_229,1,Unspecified,918,2026-08-05T18:15:13.4935554+09:00,2026-08-05T18:15:13.9935554+09:00,484.264136,484.764136,30,30,0.083999,-0.021471,0.000000,0.000000,0.000000,0.000104,0
20260805_180709_229,1,Unspecified,919,2026-08-05T18:15:13.9935554+09:00,2026-08-05T18:15:14.4935554+09:00,484.764136,485.264136,30,30,0.083960,-0.021516,0.000000,0.000000,0.000000,0.000119,0
20260805_180709_229,1,Unspecified,920,2026-08-05T18:15:14.4935554+09:00,2026-08-05T18:15:14.9935554+09:00,485.264136,485.764136,30,30,0.083878,-0.021527,0.000000,0.000000,0.000000,0.000131,0
20260805_180709_229,1,Unspecified,921,2026-08-05T18:15:14.9935554+09:00,2026-08-05T18:15:15.4935554+09:00,485.764136,486.264136,30,30,0.083965,-0.021396,0.000000,0.000000,0.000000,0.000081,0
20260805_180709_229,1,Unspecified,922,2026-08-05T18:15:15.4935554+09:00,2026-08-05T18:15:15.9935554+09:00,486.264136,486.764136,30,30,0.084007,-0.021448,0.000000,0.000000,0.000000,0.000180,0
20260805_180709_229,1,Unspecified,923,2026-08-05T18:15:15.9935554+09:00,2026-08-05T18:15:16.4935554+09:00,486.764136,487.264136,30,30,0.083884,-0.021540,0.000000,0.000000,0.000000,0.000133,0
20260805_180709_229,1,Unspecified,924,2026-08-05T18:15:16.4935554+09:00,2026-08-05T18:15:16.9935554+09:00,487.264136,487.764136,30,30,0.083762,-0.021713,0.000000,0.000000,0.000000,0.000099,0
20260805_180709_229,1,Unspecified,925,2026-08-05T18:15:16.9935554+09:00,2026-08-05T18:15:17.4935554+09:00,487.764136,488.264136,30,30,0.083824,-0.021562,0.000000,0.000000,0.000000,0.000099,0
20260805_180709_229,1,Unspecified,926,2026-08-05T18:15:17.4935554+09:00,2026-08-05T18:15:17.9935554+09:00,488.264136,488.764136,30,30,0.084041,-0.021274,0.000000,0.000000,0.000000,0.000194,0
20260805_180709_229,1,Unspecified,927,2026-08-05T18:15:17.9935554+09:00,2026-08-05T18:15:18.4935554+09:00,488.764136,489.264136,30,30,0.083746,-0.021659,0.000000,0.000000,0.000000,0.000200,0
20260805_180709_229,1,Unspecified,928,2026-08-05T18:15:18.4935554+09:00,2026-08-05T18:15:18.9935554+09:00,489.264136,489.764136,30,30,0.084039,-0.021448,0.000000,0.000000,0.000000,0.000091,0
20260805_180709_229,1,Unspecified,929,2026-08-05T18:15:18.9935554+09:00,2026-08-05T18:15:19.4935554+09:00,489.764136,490.264136,30,30,0.084133,-0.021455,0.000000,0.000000,0.000000,0.000118,0
20260805_180709_229,1,Unspecified,930,2026-08-05T18:15:19.4935554+09:00,2026-08-05T18:15:19.9935554+09:00,490.264136,490.764136,30,30,0.084192,-0.021294,0.000000,0.000000,0.000000,0.000098,0
20260805_180709_229,1,Unspecified,931,2026-08-05T18:15:19.9935554+09:00,2026-08-05T18:15:20.4935554+09:00,490.764136,491.264136,30,30,0.084311,-0.021084,0.000000,0.000000,0.000000,0.000119,0
20260805_180709_229,1,Unspecified,932,2026-08-05T18:15:20.4935554+09:00,2026-08-05T18:15:20.9935554+09:00,491.264136,491.764136,30,30,0.084155,-0.021288,0.000000,0.000000,0.000000,0.000260,0
20260805_180709_229,1,Unspecified,933,2026-08-05T18:15:20.9935554+09:00,2026-08-05T18:15:21.4935554+09:00,491.764136,492.264136,30,30,0.084232,-0.021461,0.000000,0.000000,0.000000,0.000157,0
20260805_180709_229,1,Unspecified,934,2026-08-05T18:15:21.4935554+09:00,2026-08-05T18:15:21.9935554+09:00,492.264136,492.764136,30,30,0.084346,-0.021324,0.000000,0.000000,0.000000,0.000082,0
20260805_180709_229,1,Unspecified,935,2026-08-05T18:15:21.9935554+09:00,2026-08-05T18:15:22.4935554+09:00,492.764136,493.264136,30,30,0.084422,-0.021171,0.000000,0.000000,0.000000,0.000100,0
20260805_180709_229,1,Unspecified,936,2026-08-05T18:15:22.4935554+09:00,2026-08-05T18:15:22.9935554+09:00,493.264136,493.764136,30,30,0.084245,-0.021340,0.000000,0.000000,0.000000,0.000132,0
20260805_180709_229,1,Unspecified,937,2026-08-05T18:15:22.9935554+09:00,2026-08-05T18:15:23.4935554+09:00,493.764136,494.264136,30,30,0.084315,-0.021470,0.000000,0.000000,0.000000,0.000191,0
20260805_180709_229,1,Unspecified,938,2026-08-05T18:15:23.4935554+09:00,2026-08-05T18:15:23.9935554+09:00,494.264136,494.764136,30,30,0.084085,-0.021926,0.000000,0.000000,0.000000,0.000090,0
20260805_180709_229,1,Unspecified,939,2026-08-05T18:15:23.9935554+09:00,2026-08-05T18:15:24.4935554+09:00,494.764136,495.264136,30,30,0.083968,-0.021904,0.000000,0.000000,0.000000,0.000200,0
20260805_180709_229,1,Unspecified,940,2026-08-05T18:15:24.4935554+09:00,2026-08-05T18:15:24.9935554+09:00,495.264136,495.764136,30,30,0.083740,-0.022111,0.000000,0.000000,0.000000,0.000119,0
20260805_180709_229,1,Unspecified,941,2026-08-05T18:15:24.9935554+09:00,2026-08-05T18:15:25.4935554+09:00,495.764136,496.264136,30,30,0.083735,-0.022234,0.000000,0.000000,0.000000,0.000098,0
20260805_180709_229,1,Unspecified,942,2026-08-05T18:15:25.4935554+09:00,2026-08-05T18:15:25.9935554+09:00,496.264136,496.764136,30,30,0.083998,-0.021821,0.000000,0.000000,0.000000,0.000229,0
20260805_180709_229,1,Unspecified,943,2026-08-05T18:15:25.9935554+09:00,2026-08-05T18:15:26.4935554+09:00,496.764136,497.264136,30,30,0.083788,-0.022042,0.000000,0.000000,0.000000,0.000234,0
20260805_180709_229,1,Unspecified,944,2026-08-05T18:15:26.4935554+09:00,2026-08-05T18:15:26.9935554+09:00,497.264136,497.764136,30,30,0.083769,-0.022036,0.000000,0.000000,0.000000,0.000162,0
20260805_180709_229,1,Unspecified,945,2026-08-05T18:15:26.9935554+09:00,2026-08-05T18:15:27.4935554+09:00,497.764136,498.264136,30,30,0.084041,-0.021793,0.000000,0.000000,0.000000,0.000256,0
20260805_180709_229,1,Unspecified,946,2026-08-05T18:15:27.4935554+09:00,2026-08-05T18:15:27.9935554+09:00,498.264136,498.764136,30,30,0.084123,-0.021632,0.000000,0.000000,0.000000,0.000149,0
20260805_180709_229,1,Unspecified,947,2026-08-05T18:15:27.9935554+09:00,2026-08-05T18:15:28.4935554+09:00,498.764136,499.264136,30,30,0.084037,-0.021619,0.000000,0.000000,0.000000,0.000104,0
20260805_180709_229,1,Unspecified,948,2026-08-05T18:15:28.4935554+09:00,2026-08-05T18:15:28.9935554+09:00,499.264136,499.764136,30,30,0.083910,-0.021756,0.000000,0.000000,0.000000,0.000311,0
20260805_180709_229,1,Unspecified,949,2026-08-05T18:15:28.9935554+09:00,2026-08-05T18:15:29.4935554+09:00,499.764136,500.264136,30,30,0.083330,-0.022250,0.000000,0.000000,0.000000,0.000179,0
20260805_180709_229,1,Unspecified,950,2026-08-05T18:15:29.4935554+09:00,2026-08-05T18:15:29.9935554+09:00,500.264136,500.764136,30,30,0.083316,-0.022326,0.000000,0.000000,0.000000,0.000129,0
20260805_180709_229,1,Unspecified,951,2026-08-05T18:15:29.9935554+09:00,2026-08-05T18:15:30.4935554+09:00,500.764136,501.264136,30,30,0.083667,-0.022128,0.000000,0.000000,0.000000,0.000097,0
20260805_180709_229,1,Unspecified,952,2026-08-05T18:15:30.4935554+09:00,2026-08-05T18:15:30.9935554+09:00,501.264136,501.764136,30,30,0.083523,-0.022234,0.000000,0.000000,0.000000,0.000112,0
20260805_180709_229,1,Unspecified,953,2026-08-05T18:15:30.9935554+09:00,2026-08-05T18:15:31.4935554+09:00,501.764136,502.264136,30,30,0.083386,-0.022416,0.000000,0.000000,0.000000,0.000193,0
20260805_180709_229,1,Unspecified,954,2026-08-05T18:15:31.4935554+09:00,2026-08-05T18:15:31.9935554+09:00,502.264136,502.764136,30,30,0.083548,-0.022165,0.000000,0.000000,0.000000,0.000306,0
20260805_180709_229,1,Unspecified,955,2026-08-05T18:15:31.9935554+09:00,2026-08-05T18:15:32.4935554+09:00,502.764136,503.264136,30,30,0.083678,-0.022110,0.000000,0.000000,0.000000,0.000150,0
20260805_180709_229,1,Unspecified,956,2026-08-05T18:15:32.4935554+09:00,2026-08-05T18:15:32.9935554+09:00,503.264136,503.764136,30,30,0.083794,-0.022080,0.000000,0.000000,0.000000,0.000133,0
20260805_180709_229,1,Unspecified,957,2026-08-05T18:15:32.9935554+09:00,2026-08-05T18:15:33.4935554+09:00,503.764136,504.264136,30,30,0.083722,-0.022114,0.000000,0.000000,0.000000,0.000106,0
20260805_180709_229,1,Unspecified,958,2026-08-05T18:15:33.4935554+09:00,2026-08-05T18:15:33.9935554+09:00,504.264136,504.764136,30,30,0.083810,-0.022043,0.000000,0.000000,0.000000,0.000105,0
20260805_180709_229,1,Unspecified,959,2026-08-05T18:15:33.9935554+09:00,2026-08-05T18:15:34.4935554+09:00,504.764136,505.264136,30,30,0.083603,-0.022304,0.000000,0.000000,0.000000,0.000135,0
20260805_180709_229,1,Unspecified,960,2026-08-05T18:15:34.4935554+09:00,2026-08-05T18:15:34.9935554+09:00,505.264136,505.764136,30,30,0.083978,-0.021899,0.000000,0.000000,0.000000,0.000329,0
20260805_180709_229,1,Unspecified,961,2026-08-05T18:15:34.9935554+09:00,2026-08-05T18:15:35.4935554+09:00,505.764136,506.264136,30,30,0.084534,-0.021037,0.000000,0.000000,0.000000,0.000146,0
20260805_180709_229,1,Unspecified,962,2026-08-05T18:15:35.4935554+09:00,2026-08-05T18:15:35.9935554+09:00,506.264136,506.764136,30,30,0.084287,-0.021217,0.000000,0.000000,0.000000,0.000168,0
20260805_180709_229,1,Unspecified,963,2026-08-05T18:15:35.9935554+09:00,2026-08-05T18:15:36.4935554+09:00,506.764136,507.264136,30,30,0.084477,-0.021153,0.000000,0.000000,0.000000,0.000134,0
20260805_180709_229,1,Unspecified,964,2026-08-05T18:15:36.4935554+09:00,2026-08-05T18:15:36.9935554+09:00,507.264136,507.764136,30,30,0.084216,-0.021590,0.000000,0.000000,0.000000,0.000235,0
20260805_180709_229,1,Unspecified,965,2026-08-05T18:15:36.9935554+09:00,2026-08-05T18:15:37.4935554+09:00,507.764136,508.264136,30,30,0.084310,-0.021672,0.000000,0.000000,0.000000,0.000074,0
20260805_180709_229,1,Unspecified,966,2026-08-05T18:15:37.4935554+09:00,2026-08-05T18:15:37.9935554+09:00,508.264136,508.764136,30,30,0.084363,-0.021691,0.000000,0.000000,0.000000,0.000173,0
20260805_180709_229,1,Unspecified,967,2026-08-05T18:15:37.9935554+09:00,2026-08-05T18:15:38.4935554+09:00,508.764136,509.264136,30,30,0.084309,-0.021725,0.000000,0.000000,0.000000,0.000141,0
20260805_180709_229,1,Unspecified,968,2026-08-05T18:15:38.4935554+09:00,2026-08-05T18:15:38.9935554+09:00,509.264136,509.764136,30,30,0.084379,-0.021626,0.000000,0.000000,0.000000,0.000087,0
20260805_180709_229,1,Unspecified,969,2026-08-05T18:15:38.9935554+09:00,2026-08-05T18:15:39.4935554+09:00,509.764136,510.264136,30,30,0.084299,-0.021766,0.000000,0.000000,0.000000,0.000160,0
20260805_180709_229,1,Unspecified,970,2026-08-05T18:15:39.4935554+09:00,2026-08-05T18:15:39.9935554+09:00,510.264136,510.764136,30,30,0.084024,-0.022043,0.000000,0.000000,0.000000,0.000094,0
20260805_180709_229,1,Unspecified,971,2026-08-05T18:15:39.9935554+09:00,2026-08-05T18:15:40.4935554+09:00,510.764136,511.264136,30,30,0.084062,-0.021993,0.000000,0.000000,0.000000,0.000094,0
20260805_180709_229,1,Unspecified,972,2026-08-05T18:15:40.4935554+09:00,2026-08-05T18:15:40.9935554+09:00,511.264136,511.764136,30,30,0.084025,-0.022037,0.000000,0.000000,0.000000,0.000099,0
20260805_180709_229,1,Unspecified,973,2026-08-05T18:15:40.9935554+09:00,2026-08-05T18:15:41.4935554+09:00,511.764136,512.264136,30,30,0.084202,-0.021867,0.000000,0.000000,0.000000,0.000101,0
20260805_180709_229,1,Unspecified,974,2026-08-05T18:15:41.4935554+09:00,2026-08-05T18:15:41.9935554+09:00,512.264136,512.764136,30,30,0.084369,-0.021640,0.000000,0.000000,0.000000,0.000164,0
20260805_180709_229,1,Unspecified,975,2026-08-05T18:15:41.9935554+09:00,2026-08-05T18:15:42.4935554+09:00,512.764136,513.264136,30,30,0.084048,-0.021961,0.000000,0.000000,0.000000,0.000141,0
20260805_180709_229,1,Unspecified,976,2026-08-05T18:15:42.4935554+09:00,2026-08-05T18:15:42.9935554+09:00,513.264136,513.764136,30,30,0.084107,-0.021942,0.000000,0.000000,0.000000,0.000077,0
20260805_180709_229,1,Unspecified,977,2026-08-05T18:15:42.9935554+09:00,2026-08-05T18:15:43.4935554+09:00,513.764136,514.264136,30,30,0.084421,-0.021702,0.000000,0.000000,0.000000,0.000121,0
20260805_180709_229,1,Unspecified,978,2026-08-05T18:15:43.4935554+09:00,2026-08-05T18:15:43.9935554+09:00,514.264136,514.764136,30,30,0.084349,-0.021737,0.000000,0.000000,0.000000,0.000123,0
20260805_180709_229,1,Unspecified,979,2026-08-05T18:15:43.9935554+09:00,2026-08-05T18:15:44.4935554+09:00,514.764136,515.264136,30,30,0.084281,-0.021706,0.000000,0.000000,0.000000,0.000063,0
20260805_180709_229,1,Unspecified,980,2026-08-05T18:15:44.4935554+09:00,2026-08-05T18:15:44.9935554+09:00,515.264136,515.764136,30,30,0.084220,-0.021862,0.000000,0.000000,0.000000,0.000210,0
20260805_180709_229,1,Unspecified,981,2026-08-05T18:15:44.9935554+09:00,2026-08-05T18:15:45.4935554+09:00,515.764136,516.264136,30,30,0.084083,-0.022061,0.000000,0.000000,0.000000,0.000177,0
20260805_180709_229,1,Unspecified,982,2026-08-05T18:15:45.4935554+09:00,2026-08-05T18:15:45.9935554+09:00,516.264136,516.764136,30,30,0.083994,-0.022102,0.000000,0.000000,0.000000,0.000156,0
20260805_180709_229,1,Unspecified,983,2026-08-05T18:15:45.9935554+09:00,2026-08-05T18:15:46.4935554+09:00,516.764136,517.264136,30,30,0.084014,-0.022029,0.000000,0.000000,0.000000,0.000082,0
20260805_180709_229,1,Unspecified,984,2026-08-05T18:15:46.4935554+09:00,2026-08-05T18:15:46.9935554+09:00,517.264136,517.764136,30,30,0.084057,-0.021945,0.000000,0.000000,0.000000,0.000162,0
20260805_180709_229,1,Unspecified,985,2026-08-05T18:15:46.9935554+09:00,2026-08-05T18:15:47.4935554+09:00,517.764136,518.264136,30,30,0.083659,-0.022569,0.000000,0.000000,0.000000,0.000368,0
20260805_180709_229,1,Unspecified,986,2026-08-05T18:15:47.4935554+09:00,2026-08-05T18:15:47.9935554+09:00,518.264136,518.764136,30,30,0.083579,-0.022668,0.000000,0.000000,0.000000,0.000095,0
20260805_180709_229,1,Unspecified,987,2026-08-05T18:15:47.9935554+09:00,2026-08-05T18:15:48.4935554+09:00,518.764136,519.264136,30,30,0.083616,-0.022595,0.000000,0.000000,0.000000,0.000133,0
20260805_180709_229,1,Unspecified,988,2026-08-05T18:15:48.4935554+09:00,2026-08-05T18:15:48.9935554+09:00,519.264136,519.764136,30,30,0.083680,-0.022467,0.000000,0.000000,0.000000,0.000102,0
20260805_180709_229,1,Unspecified,989,2026-08-05T18:15:48.9935554+09:00,2026-08-05T18:15:49.4935554+09:00,519.764136,520.264136,30,30,0.083753,-0.022391,0.000000,0.000000,0.000000,0.000072,0
20260805_180709_229,1,Unspecified,990,2026-08-05T18:15:49.4935554+09:00,2026-08-05T18:15:49.9935554+09:00,520.264136,520.764136,30,30,0.083580,-0.022538,0.000000,0.000000,0.000000,0.000127,0
20260805_180709_229,1,Unspecified,991,2026-08-05T18:15:49.9935554+09:00,2026-08-05T18:15:50.4935554+09:00,520.764136,521.264136,30,30,0.083479,-0.022638,0.000000,0.000000,0.000000,0.000113,0
20260805_180709_229,1,Unspecified,992,2026-08-05T18:15:50.4935554+09:00,2026-08-05T18:15:50.9935554+09:00,521.264136,521.764136,31,31,0.083272,-0.022865,0.000000,0.000000,0.000000,0.000308,0
20260805_180709_229,1,Unspecified,993,2026-08-05T18:15:50.9935554+09:00,2026-08-05T18:15:51.4935554+09:00,521.764136,522.264136,29,29,0.083069,-0.023141,0.000000,0.000000,0.000000,0.000109,0
20260805_180709_229,1,Unspecified,994,2026-08-05T18:15:51.4935554+09:00,2026-08-05T18:15:51.9935554+09:00,522.264136,522.764136,30,30,0.083158,-0.022880,0.000000,0.000000,0.000000,0.000210,0
20260805_180709_229,1,Unspecified,995,2026-08-05T18:15:51.9935554+09:00,2026-08-05T18:15:52.4935554+09:00,522.764136,523.264136,30,30,0.083167,-0.022892,0.000000,0.000000,0.000000,0.000179,0
20260805_180709_229,1,Unspecified,996,2026-08-05T18:15:52.4935554+09:00,2026-08-05T18:15:52.9935554+09:00,523.264136,523.764136,30,30,0.083151,-0.022953,0.000000,0.000000,0.000000,0.000098,0
20260805_180709_229,1,Unspecified,997,2026-08-05T18:15:52.9935554+09:00,2026-08-05T18:15:53.4935554+09:00,523.764136,524.264136,30,30,0.083039,-0.023181,0.000000,0.000000,0.000000,0.000125,0
20260805_180709_229,1,Unspecified,998,2026-08-05T18:15:53.4935554+09:00,2026-08-05T18:15:53.9935554+09:00,524.264136,524.764136,30,30,0.083093,-0.023241,0.000000,0.000000,0.000000,0.000178,0
20260805_180709_229,1,Unspecified,999,2026-08-05T18:15:53.9935554+09:00,2026-08-05T18:15:54.4935554+09:00,524.764136,525.264136,30,30,0.083294,-0.022943,0.000000,0.000000,0.000000,0.000114,0
20260805_180709_229,1,Unspecified,1000,2026-08-05T18:15:54.4935554+09:00,2026-08-05T18:15:54.9935554+09:00,525.264136,525.764136,30,30,0.083399,-0.022823,0.000000,0.000000,0.000000,0.000149,0
20260805_180709_229,1,Unspecified,1001,2026-08-05T18:15:54.9935554+09:00,2026-08-05T18:15:55.4935554+09:00,525.764136,526.264136,30,30,0.083190,-0.023050,0.000000,0.000000,0.000000,0.000145,0
20260805_180709_229,1,Unspecified,1002,2026-08-05T18:15:55.4935554+09:00,2026-08-05T18:15:55.9935554+09:00,526.264136,526.764136,30,30,0.083277,-0.022880,0.000000,0.000000,0.000000,0.000115,0
20260805_180709_229,1,Unspecified,1003,2026-08-05T18:15:55.9935554+09:00,2026-08-05T18:15:56.4935554+09:00,526.764136,527.264136,30,30,0.083096,-0.023016,0.000000,0.000000,0.000000,0.000133,0
20260805_180709_229,1,Unspecified,1004,2026-08-05T18:15:56.4935554+09:00,2026-08-05T18:15:56.9935554+09:00,527.264136,527.764136,30,30,0.083171,-0.022944,0.000000,0.000000,0.000000,0.000147,0
20260805_180709_229,1,Unspecified,1005,2026-08-05T18:15:56.9935554+09:00,2026-08-05T18:15:57.4935554+09:00,527.764136,528.264136,30,30,0.083397,-0.022739,0.000000,0.000000,0.000000,0.000091,0
20260805_180709_229,1,Unspecified,1006,2026-08-05T18:15:57.4935554+09:00,2026-08-05T18:15:57.9935554+09:00,528.264136,528.764136,30,30,0.083141,-0.023056,0.000000,0.000000,0.000000,0.000086,0
20260805_180709_229,1,Unspecified,1007,2026-08-05T18:15:57.9935554+09:00,2026-08-05T18:15:58.4935554+09:00,528.764136,529.264136,30,30,0.083039,-0.023076,0.000000,0.000000,0.000000,0.000126,0
20260805_180709_229,1,Unspecified,1008,2026-08-05T18:15:58.4935554+09:00,2026-08-05T18:15:58.9935554+09:00,529.264136,529.764136,30,30,0.083091,-0.023011,0.000000,0.000000,0.000000,0.000096,0
20260805_180709_229,1,Unspecified,1009,2026-08-05T18:15:58.9935554+09:00,2026-08-05T18:15:59.4935554+09:00,529.764136,530.264136,30,30,0.083239,-0.022859,0.000000,0.000000,0.000000,0.000133,0
20260805_180709_229,1,Unspecified,1010,2026-08-05T18:15:59.4935554+09:00,2026-08-05T18:15:59.9935554+09:00,530.264136,530.764136,30,30,0.083281,-0.022726,0.000000,0.000000,0.000000,0.000076,0
20260805_180709_229,1,Unspecified,1011,2026-08-05T18:15:59.9935554+09:00,2026-08-05T18:16:00.4935554+09:00,530.764136,531.264136,30,30,0.083138,-0.022961,0.000000,0.000000,0.000000,0.000284,0
20260805_180709_229,1,Unspecified,1012,2026-08-05T18:16:00.4935554+09:00,2026-08-05T18:16:00.9935554+09:00,531.264136,531.764136,30,30,0.083197,-0.022919,0.000000,0.000000,0.000000,0.000346,0
20260805_180709_229,1,Unspecified,1013,2026-08-05T18:16:00.9935554+09:00,2026-08-05T18:16:01.4935554+09:00,531.764136,532.264136,30,30,0.083476,-0.022615,0.000000,0.000000,0.000000,0.000096,0
20260805_180709_229,1,Unspecified,1014,2026-08-05T18:16:01.4935554+09:00,2026-08-05T18:16:01.9935554+09:00,532.264136,532.764136,30,30,0.083608,-0.022422,0.000000,0.000000,0.000000,0.000102,0
20260805_180709_229,1,Unspecified,1015,2026-08-05T18:16:01.9935554+09:00,2026-08-05T18:16:02.4935554+09:00,532.764136,533.264136,30,30,0.083540,-0.022395,0.000000,0.000000,0.000000,0.000145,0
20260805_180709_229,1,Unspecified,1016,2026-08-05T18:16:02.4935554+09:00,2026-08-05T18:16:02.9935554+09:00,533.264136,533.764136,30,30,0.083642,-0.022329,0.000000,0.000000,0.000000,0.000088,0
20260805_180709_229,1,Unspecified,1017,2026-08-05T18:16:02.9935554+09:00,2026-08-05T18:16:03.4935554+09:00,533.764136,534.264136,30,30,0.083614,-0.022509,0.000000,0.000000,0.000000,0.000256,0
20260805_180709_229,1,Unspecified,1018,2026-08-05T18:16:03.4935554+09:00,2026-08-05T18:16:03.9935554+09:00,534.264136,534.764136,30,30,0.083569,-0.022581,0.000000,0.000000,0.000000,0.000195,0
20260805_180709_229,1,Unspecified,1019,2026-08-05T18:16:03.9935554+09:00,2026-08-05T18:16:04.4935554+09:00,534.764136,535.264136,30,30,0.083521,-0.022621,0.000000,0.000000,0.000000,0.000088,0
20260805_180709_229,1,Unspecified,1020,2026-08-05T18:16:04.4935554+09:00,2026-08-05T18:16:04.9935554+09:00,535.264136,535.764136,30,30,0.083687,-0.022478,0.000000,0.000000,0.000000,0.000085,0
20260805_180709_229,1,Unspecified,1021,2026-08-05T18:16:04.9935554+09:00,2026-08-05T18:16:05.4935554+09:00,535.764136,536.264136,30,30,0.083810,-0.022329,0.000000,0.000000,0.000000,0.000235,0
20260805_180709_229,1,Unspecified,1022,2026-08-05T18:16:05.4935554+09:00,2026-08-05T18:16:05.9935554+09:00,536.264136,536.764136,30,30,0.083791,-0.022329,0.000000,0.000000,0.000000,0.000228,0
20260805_180709_229,1,Unspecified,1023,2026-08-05T18:16:05.9935554+09:00,2026-08-05T18:16:06.4935554+09:00,536.764136,537.264136,30,30,0.083655,-0.022487,0.000000,0.000000,0.000000,0.000123,0
20260805_180709_229,1,Unspecified,1024,2026-08-05T18:16:06.4935554+09:00,2026-08-05T18:16:06.9935554+09:00,537.264136,537.764136,30,30,0.083648,-0.022463,0.000000,0.000000,0.000000,0.000165,0
20260805_180709_229,1,Unspecified,1025,2026-08-05T18:16:06.9935554+09:00,2026-08-05T18:16:07.4935554+09:00,537.764136,538.264136,30,30,0.083836,-0.022279,0.000000,0.000000,0.000000,0.000162,0
20260805_180709_229,1,Unspecified,1026,2026-08-05T18:16:07.4935554+09:00,2026-08-05T18:16:07.9935554+09:00,538.264136,538.764136,30,30,0.083825,-0.022164,0.000000,0.000000,0.000000,0.000108,0
20260805_180709_229,1,Unspecified,1027,2026-08-05T18:16:07.9935554+09:00,2026-08-05T18:16:08.4935554+09:00,538.764136,539.264136,30,30,0.083711,-0.022189,0.000000,0.000000,0.000000,0.000123,0
20260805_180709_229,1,Unspecified,1028,2026-08-05T18:16:08.4935554+09:00,2026-08-05T18:16:08.9935554+09:00,539.264136,539.764136,30,30,0.083668,-0.022293,0.000000,0.000000,0.000000,0.000222,0
20260805_180709_229,1,Unspecified,1029,2026-08-05T18:16:08.9935554+09:00,2026-08-05T18:16:09.4935554+09:00,539.764136,540.264136,30,30,0.083615,-0.022381,0.000000,0.000000,0.000000,0.000149,0
20260805_180709_229,1,Unspecified,1030,2026-08-05T18:16:09.4935554+09:00,2026-08-05T18:16:09.9935554+09:00,540.264136,540.764136,30,30,0.083664,-0.022316,0.000000,0.000000,0.000000,0.000101,0
20260805_180709_229,1,Unspecified,1031,2026-08-05T18:16:09.9935554+09:00,2026-08-05T18:16:10.4935554+09:00,540.764136,541.264136,30,30,0.083626,-0.022285,0.000000,0.000000,0.000000,0.000104,0
20260805_180709_229,1,Unspecified,1032,2026-08-05T18:16:10.4935554+09:00,2026-08-05T18:16:10.9935554+09:00,541.264136,541.764136,30,30,0.083641,-0.022239,0.000000,0.000000,0.000000,0.000147,0
20260805_180709_229,1,Unspecified,1033,2026-08-05T18:16:10.9935554+09:00,2026-08-05T18:16:11.4935554+09:00,541.764136,542.264136,30,30,0.083656,-0.022350,0.000000,0.000000,0.000000,0.000157,0
20260805_180709_229,1,Unspecified,1034,2026-08-05T18:16:11.4935554+09:00,2026-08-05T18:16:11.9935554+09:00,542.264136,542.764136,30,30,0.083604,-0.022356,0.000000,0.000000,0.000000,0.000091,0
20260805_180709_229,1,Unspecified,1035,2026-08-05T18:16:11.9935554+09:00,2026-08-05T18:16:12.4935554+09:00,542.764136,543.264136,30,30,0.083568,-0.022370,0.000000,0.000000,0.000000,0.000122,0
20260805_180709_229,1,Unspecified,1036,2026-08-05T18:16:12.4935554+09:00,2026-08-05T18:16:12.9935554+09:00,543.264136,543.764136,30,30,0.083577,-0.022396,0.000000,0.000000,0.000000,0.000094,0
20260805_180709_229,1,Unspecified,1037,2026-08-05T18:16:12.9935554+09:00,2026-08-05T18:16:13.4935554+09:00,543.764136,544.264136,30,30,0.083686,-0.022231,0.000000,0.000000,0.000000,0.000117,0
20260805_180709_229,1,Unspecified,1038,2026-08-05T18:16:13.4935554+09:00,2026-08-05T18:16:13.9935554+09:00,544.264136,544.764136,30,30,0.083886,-0.021995,0.000000,0.000000,0.000000,0.000243,0
20260805_180709_229,1,Unspecified,1039,2026-08-05T18:16:13.9935554+09:00,2026-08-05T18:16:14.4935554+09:00,544.764136,545.264136,30,30,0.083730,-0.022136,0.000000,0.000000,0.000000,0.000342,0
20260805_180709_229,1,Unspecified,1040,2026-08-05T18:16:14.4935554+09:00,2026-08-05T18:16:14.9935554+09:00,545.264136,545.764136,30,30,0.083577,-0.022353,0.000000,0.000000,0.000000,0.000253,0
20260805_180709_229,1,Unspecified,1041,2026-08-05T18:16:14.9935554+09:00,2026-08-05T18:16:15.4935554+09:00,545.764136,546.264136,30,30,0.083560,-0.022622,0.000000,0.000000,0.000000,0.000108,0
20260805_180709_229,1,Unspecified,1042,2026-08-05T18:16:15.4935554+09:00,2026-08-05T18:16:15.9935554+09:00,546.264136,546.764136,30,30,0.083397,-0.022668,0.000000,0.000000,0.000000,0.000148,0
20260805_180709_229,1,Unspecified,1043,2026-08-05T18:16:15.9935554+09:00,2026-08-05T18:16:16.4935554+09:00,546.764136,547.264136,30,30,0.083376,-0.022675,0.000000,0.000000,0.000000,0.000094,0
20260805_180709_229,1,Unspecified,1044,2026-08-05T18:16:16.4935554+09:00,2026-08-05T18:16:16.9935554+09:00,547.264136,547.764136,30,30,0.083454,-0.022573,0.000000,0.000000,0.000000,0.000208,0
20260805_180709_229,1,Unspecified,1045,2026-08-05T18:16:16.9935554+09:00,2026-08-05T18:16:17.4935554+09:00,547.764136,548.264136,30,30,0.083725,-0.022356,0.000000,0.000000,0.000000,0.000205,0
20260805_180709_229,1,Unspecified,1046,2026-08-05T18:16:17.4935554+09:00,2026-08-05T18:16:17.9935554+09:00,548.264136,548.764136,30,30,0.083691,-0.022437,0.000000,0.000000,0.000000,0.000216,0
20260805_180709_229,1,Unspecified,1047,2026-08-05T18:16:17.9935554+09:00,2026-08-05T18:16:18.4935554+09:00,548.764136,549.264136,30,30,0.083774,-0.022353,0.000000,0.000000,0.000000,0.000127,0
20260805_180709_229,1,Unspecified,1048,2026-08-05T18:16:18.4935554+09:00,2026-08-05T18:16:18.9935554+09:00,549.264136,549.764136,30,30,0.083759,-0.022375,0.000000,0.000000,0.000000,0.000126,0
20260805_180709_229,1,Unspecified,1049,2026-08-05T18:16:18.9935554+09:00,2026-08-05T18:16:19.4935554+09:00,549.764136,550.264136,30,30,0.083731,-0.022403,0.000000,0.000000,0.000000,0.000127,0
20260805_180709_229,1,Unspecified,1050,2026-08-05T18:16:19.4935554+09:00,2026-08-05T18:16:19.9935554+09:00,550.264136,550.764136,30,30,0.083756,-0.022298,0.000000,0.000000,0.000000,0.000094,0
20260805_180709_229,1,Unspecified,1051,2026-08-05T18:16:19.9935554+09:00,2026-08-05T18:16:20.4935554+09:00,550.764136,551.264136,30,30,0.083766,-0.022258,0.000000,0.000000,0.000000,0.000132,0
20260805_180709_229,1,Unspecified,1052,2026-08-05T18:16:20.4935554+09:00,2026-08-05T18:16:20.9935554+09:00,551.264136,551.764136,30,30,0.083354,-0.022774,0.000000,0.000000,0.000000,0.000185,0
20260805_180709_229,1,Unspecified,1053,2026-08-05T18:16:20.9935554+09:00,2026-08-05T18:16:21.4935554+09:00,551.764136,552.264136,30,30,0.083458,-0.022771,0.000000,0.000000,0.000000,0.000134,0
20260805_180709_229,1,Unspecified,1054,2026-08-05T18:16:21.4935554+09:00,2026-08-05T18:16:21.9935554+09:00,552.264136,552.764136,30,30,0.083500,-0.022702,0.000000,0.000000,0.000000,0.000130,0
20260805_180709_229,1,Unspecified,1055,2026-08-05T18:16:21.9935554+09:00,2026-08-05T18:16:22.4935554+09:00,552.764136,553.264136,30,30,0.083467,-0.022687,0.000000,0.000000,0.000000,0.000091,0
20260805_180709_229,1,Unspecified,1056,2026-08-05T18:16:22.4935554+09:00,2026-08-05T18:16:22.9935554+09:00,553.264136,553.764136,30,30,0.083738,-0.022404,0.000000,0.000000,0.000000,0.000128,0
20260805_180709_229,1,Unspecified,1057,2026-08-05T18:16:22.9935554+09:00,2026-08-05T18:16:23.4935554+09:00,553.764136,554.264136,30,30,0.083522,-0.022721,0.000000,0.000000,0.000000,0.000213,0
20260805_180709_229,1,Unspecified,1058,2026-08-05T18:16:23.4935554+09:00,2026-08-05T18:16:23.9935554+09:00,554.264136,554.764136,30,30,0.083489,-0.022701,0.000000,0.000000,0.000000,0.000093,0
20260805_180709_229,1,Unspecified,1059,2026-08-05T18:16:23.9935554+09:00,2026-08-05T18:16:24.4935554+09:00,554.764136,555.264136,30,30,0.083361,-0.022850,0.000000,0.000000,0.000000,0.000084,0
20260805_180709_229,1,Unspecified,1060,2026-08-05T18:16:24.4935554+09:00,2026-08-05T18:16:24.9935554+09:00,555.264136,555.764136,30,30,0.083291,-0.022889,0.000000,0.000000,0.000000,0.000202,0
20260805_180709_229,1,Unspecified,1061,2026-08-05T18:16:24.9935554+09:00,2026-08-05T18:16:25.4935554+09:00,555.764136,556.264136,30,30,0.083371,-0.022949,0.000000,0.000000,0.000000,0.000070,0
20260805_180709_229,1,Unspecified,1062,2026-08-05T18:16:25.4935554+09:00,2026-08-05T18:16:25.9935554+09:00,556.264136,556.764136,30,30,0.083333,-0.022947,0.000000,0.000000,0.000000,0.000077,0
20260805_180709_229,1,Unspecified,1063,2026-08-05T18:16:25.9935554+09:00,2026-08-05T18:16:26.4935554+09:00,556.764136,557.264136,30,30,0.083279,-0.022964,0.000000,0.000000,0.000000,0.000137,0
20260805_180709_229,1,Unspecified,1064,2026-08-05T18:16:26.4935554+09:00,2026-08-05T18:16:26.9935554+09:00,557.264136,557.764136,30,30,0.083562,-0.022716,0.000000,0.000000,0.000000,0.000116,0
20260805_180709_229,1,Unspecified,1065,2026-08-05T18:16:26.9935554+09:00,2026-08-05T18:16:27.4935554+09:00,557.764136,558.264136,30,30,0.083735,-0.022558,0.000000,0.000000,0.000000,0.000139,0
20260805_180709_229,1,Unspecified,1066,2026-08-05T18:16:27.4935554+09:00,2026-08-05T18:16:27.9935554+09:00,558.264136,558.764136,30,30,0.083431,-0.022752,0.000000,0.000000,0.000000,0.000090,0
20260805_180709_229,1,Unspecified,1067,2026-08-05T18:16:27.9935554+09:00,2026-08-05T18:16:28.4935554+09:00,558.764136,559.264136,30,30,0.083257,-0.022801,0.000000,0.000000,0.000000,0.000320,0
20260805_180709_229,1,Unspecified,1068,2026-08-05T18:16:28.4935554+09:00,2026-08-05T18:16:28.9935554+09:00,559.264136,559.764136,30,30,0.082751,-0.023281,0.000000,0.000000,0.000000,0.000187,0
20260805_180709_229,1,Unspecified,1069,2026-08-05T18:16:28.9935554+09:00,2026-08-05T18:16:29.4935554+09:00,559.764136,560.264136,30,30,0.082542,-0.023640,0.000000,0.000000,0.000000,0.000133,0
20260805_180709_229,1,Unspecified,1070,2026-08-05T18:16:29.4935554+09:00,2026-08-05T18:16:29.9935554+09:00,560.264136,560.764136,30,30,0.082583,-0.023497,0.000000,0.000000,0.000000,0.000113,0
20260805_180709_229,1,Unspecified,1071,2026-08-05T18:16:29.9935554+09:00,2026-08-05T18:16:30.4935554+09:00,560.764136,561.264136,30,30,0.082684,-0.023256,0.000000,0.000000,0.000000,0.000131,0
20260805_180709_229,1,Unspecified,1072,2026-08-05T18:16:30.4935554+09:00,2026-08-05T18:16:30.9935554+09:00,561.264136,561.764136,30,30,0.082547,-0.023417,0.000000,0.000000,0.000000,0.000406,0
20260805_180709_229,1,Unspecified,1073,2026-08-05T18:16:30.9935554+09:00,2026-08-05T18:16:31.4935554+09:00,561.764136,562.264136,30,30,0.082146,-0.024228,0.000000,0.000000,0.000000,0.000197,0
20260805_180709_229,1,Unspecified,1074,2026-08-05T18:16:31.4935554+09:00,2026-08-05T18:16:31.9935554+09:00,562.264136,562.764136,30,30,0.082354,-0.023996,0.000000,0.000000,0.000000,0.000269,0
20260805_180709_229,1,Unspecified,1075,2026-08-05T18:16:31.9935554+09:00,2026-08-05T18:16:32.4935554+09:00,562.764136,563.264136,30,30,0.082592,-0.023707,0.000000,0.000000,0.000000,0.000098,0
20260805_180709_229,1,Unspecified,1076,2026-08-05T18:16:32.4935554+09:00,2026-08-05T18:16:32.9935554+09:00,563.264136,563.764136,30,30,0.082807,-0.023483,0.000000,0.000000,0.000000,0.000224,0
20260805_180709_229,1,Unspecified,1077,2026-08-05T18:16:32.9935554+09:00,2026-08-05T18:16:33.4935554+09:00,563.764136,564.264136,30,30,0.083220,-0.023098,0.000000,0.000000,0.000000,0.000141,0
20260805_180709_229,1,Unspecified,1078,2026-08-05T18:16:33.4935554+09:00,2026-08-05T18:16:33.9935554+09:00,564.264136,564.764136,30,30,0.083040,-0.023339,0.000000,0.000000,0.000000,0.000206,0
20260805_180709_229,1,Unspecified,1079,2026-08-05T18:16:33.9935554+09:00,2026-08-05T18:16:34.4935554+09:00,564.764136,565.264136,30,30,0.082919,-0.023381,0.000000,0.000000,0.000000,0.000207,0
20260805_180709_229,1,Unspecified,1080,2026-08-05T18:16:34.4935554+09:00,2026-08-05T18:16:34.9935554+09:00,565.264136,565.764136,30,30,0.082689,-0.023592,0.000000,0.000000,0.000000,0.000155,0
20260805_180709_229,1,Unspecified,1081,2026-08-05T18:16:34.9935554+09:00,2026-08-05T18:16:35.4935554+09:00,565.764136,566.264136,30,30,0.082957,-0.023345,0.000000,0.000000,0.000000,0.000143,0
20260805_180709_229,1,Unspecified,1082,2026-08-05T18:16:35.4935554+09:00,2026-08-05T18:16:35.9935554+09:00,566.264136,566.764136,30,30,0.082753,-0.023434,0.000000,0.000000,0.000000,0.000104,0
20260805_180709_229,1,Unspecified,1083,2026-08-05T18:16:35.9935554+09:00,2026-08-05T18:16:36.4935554+09:00,566.764136,567.264136,30,30,0.082685,-0.023450,0.000000,0.000000,0.000000,0.000082,0
20260805_180709_229,1,Unspecified,1084,2026-08-05T18:16:36.4935554+09:00,2026-08-05T18:16:36.9935554+09:00,567.264136,567.764136,30,30,0.082535,-0.023602,0.000000,0.000000,0.000000,0.000079,0
20260805_180709_229,1,Unspecified,1085,2026-08-05T18:16:36.9935554+09:00,2026-08-05T18:16:37.4935554+09:00,567.764136,568.264136,30,30,0.082781,-0.023208,0.000000,0.000000,0.000000,0.000495,0
20260805_180709_229,1,Unspecified,1086,2026-08-05T18:16:37.4935554+09:00,2026-08-05T18:16:37.9935554+09:00,568.264136,568.764136,30,30,0.083261,-0.022517,0.000000,0.000000,0.000000,0.000129,0
20260805_180709_229,1,Unspecified,1087,2026-08-05T18:16:37.9935554+09:00,2026-08-05T18:16:38.4935554+09:00,568.764136,569.264136,30,30,0.083555,-0.022126,0.000000,0.000000,0.000000,0.000247,0
20260805_180709_229,1,Unspecified,1088,2026-08-05T18:16:38.4935554+09:00,2026-08-05T18:16:38.9935554+09:00,569.264136,569.764136,30,30,0.083806,-0.021872,0.000000,0.000000,0.000000,0.000103,0
20260805_180709_229,1,Unspecified,1089,2026-08-05T18:16:38.9935554+09:00,2026-08-05T18:16:39.4935554+09:00,569.764136,570.264136,30,30,0.083720,-0.022017,0.000000,0.000000,0.000000,0.000174,0
20260805_180709_229,1,Unspecified,1090,2026-08-05T18:16:39.4935554+09:00,2026-08-05T18:16:39.9935554+09:00,570.264136,570.764136,30,30,0.083817,-0.021880,0.000000,0.000000,0.000000,0.000296,0
20260805_180709_229,1,Unspecified,1091,2026-08-05T18:16:39.9935554+09:00,2026-08-05T18:16:40.4935554+09:00,570.764136,571.264136,30,30,0.083495,-0.022291,0.000000,0.000000,0.000000,0.000131,0
20260805_180709_229,1,Unspecified,1092,2026-08-05T18:16:40.4935554+09:00,2026-08-05T18:16:40.9935554+09:00,571.264136,571.764136,30,30,0.083063,-0.022685,0.000000,0.000000,0.000000,0.000382,0
20260805_180709_229,1,Unspecified,1093,2026-08-05T18:16:40.9935554+09:00,2026-08-05T18:16:41.4935554+09:00,571.764136,572.264136,30,30,0.082875,-0.023213,0.000000,0.000000,0.000000,0.000101,0
20260805_180709_229,1,Unspecified,1094,2026-08-05T18:16:41.4935554+09:00,2026-08-05T18:16:41.9935554+09:00,572.264136,572.764136,30,30,0.082989,-0.023340,0.000000,0.000000,0.000000,0.000204,0
20260805_180709_229,1,Unspecified,1095,2026-08-05T18:16:41.9935554+09:00,2026-08-05T18:16:42.4935554+09:00,572.764136,573.264136,30,30,0.083081,-0.023165,0.000000,0.000000,0.000000,0.000137,0
20260805_180709_229,1,Unspecified,1096,2026-08-05T18:16:42.4935554+09:00,2026-08-05T18:16:42.9935554+09:00,573.264136,573.764136,30,30,0.083152,-0.023176,0.000000,0.000000,0.000000,0.000126,0
20260805_180709_229,1,Unspecified,1097,2026-08-05T18:16:42.9935554+09:00,2026-08-05T18:16:43.4935554+09:00,573.764136,574.264136,30,30,0.083198,-0.023163,0.000000,0.000000,0.000000,0.000101,0
20260805_180709_229,1,Unspecified,1098,2026-08-05T18:16:43.4935554+09:00,2026-08-05T18:16:43.9935554+09:00,574.264136,574.764136,30,30,0.083316,-0.022910,0.000000,0.000000,0.000000,0.000144,0
20260805_180709_229,1,Unspecified,1099,2026-08-05T18:16:43.9935554+09:00,2026-08-05T18:16:44.4935554+09:00,574.764136,575.264136,30,30,0.083368,-0.022839,0.000000,0.000000,0.000000,0.000129,0
20260805_180709_229,1,Unspecified,1100,2026-08-05T18:16:44.4935554+09:00,2026-08-05T18:16:44.9935554+09:00,575.264136,575.764136,30,30,0.083124,-0.023124,0.000000,0.000000,0.000000,0.000086,0
20260805_180709_229,1,Unspecified,1101,2026-08-05T18:16:44.9935554+09:00,2026-08-05T18:16:45.4935554+09:00,575.764136,576.264136,30,30,0.083755,-0.022394,0.000000,0.000000,0.000000,0.000648,0
20260805_180709_229,1,Unspecified,1102,2026-08-05T18:16:45.4935554+09:00,2026-08-05T18:16:45.9935554+09:00,576.264136,576.764136,30,30,0.084371,-0.021573,0.000000,0.000000,0.000000,0.000332,0
20260805_180709_229,1,Unspecified,1103,2026-08-05T18:16:45.9935554+09:00,2026-08-05T18:16:46.4935554+09:00,576.764136,577.264136,30,30,0.083484,-0.022185,0.000000,0.000000,0.000000,0.000178,0
20260805_180709_229,1,Unspecified,1104,2026-08-05T18:16:46.4935554+09:00,2026-08-05T18:16:46.9935554+09:00,577.264136,577.764136,30,30,0.083338,-0.022286,0.000000,0.000000,0.000000,0.000059,0
20260805_180709_229,1,Unspecified,1105,2026-08-05T18:16:46.9935554+09:00,2026-08-05T18:16:47.4935554+09:00,577.764136,578.264136,30,30,0.082975,-0.022703,0.000000,0.000000,0.000000,0.000225,0
20260805_180709_229,1,Unspecified,1106,2026-08-05T18:16:47.4935554+09:00,2026-08-05T18:16:47.9935554+09:00,578.264136,578.764136,30,30,0.082896,-0.022750,0.000000,0.000000,0.000000,0.000152,0
20260805_180709_229,1,Unspecified,1107,2026-08-05T18:16:47.9935554+09:00,2026-08-05T18:16:48.4935554+09:00,578.764136,579.264136,30,30,0.082551,-0.023102,0.000000,0.000000,0.000000,0.000144,0
20260805_180709_229,1,Unspecified,1108,2026-08-05T18:16:48.4935554+09:00,2026-08-05T18:16:48.9935554+09:00,579.264136,579.764136,30,30,0.082678,-0.022937,0.000000,0.000000,0.000000,0.000373,0
20260805_180709_229,1,Unspecified,1109,2026-08-05T18:16:48.9935554+09:00,2026-08-05T18:16:49.4935554+09:00,579.764136,580.264136,30,30,0.083015,-0.022475,0.000000,0.000000,0.000000,0.000154,0
20260805_180709_229,1,Unspecified,1110,2026-08-05T18:16:49.4935554+09:00,2026-08-05T18:16:49.9935554+09:00,580.264136,580.764136,30,30,0.082831,-0.022878,0.000000,0.000000,0.000000,0.000165,0
20260805_180709_229,1,Unspecified,1111,2026-08-05T18:16:49.9935554+09:00,2026-08-05T18:16:50.4935554+09:00,580.764136,581.264136,30,30,0.082720,-0.023009,0.000000,0.000000,0.000000,0.000124,0
20260805_180709_229,1,Unspecified,1112,2026-08-05T18:16:50.4935554+09:00,2026-08-05T18:16:50.9935554+09:00,581.264136,581.764136,30,30,0.082737,-0.023184,0.000000,0.000000,0.000000,0.000099,0
20260805_180709_229,1,Unspecified,1113,2026-08-05T18:16:50.9935554+09:00,2026-08-05T18:16:51.4935554+09:00,581.764136,582.264136,30,30,0.082846,-0.023159,0.000000,0.000000,0.000000,0.000118,0
20260805_180709_229,1,Unspecified,1114,2026-08-05T18:16:51.4935554+09:00,2026-08-05T18:16:51.9935554+09:00,582.264136,582.764136,30,30,0.082635,-0.023210,0.000000,0.000000,0.000000,0.000076,0
20260805_180709_229,1,Unspecified,1115,2026-08-05T18:16:51.9935554+09:00,2026-08-05T18:16:52.4935554+09:00,582.764136,583.264136,30,30,0.082364,-0.023459,0.000000,0.000000,0.000000,0.000193,0
20260805_180709_229,1,Unspecified,1116,2026-08-05T18:16:52.4935554+09:00,2026-08-05T18:16:52.9935554+09:00,583.264136,583.764136,30,30,0.081997,-0.023789,0.000000,0.000000,0.000000,0.000301,0
20260805_180709_229,1,Unspecified,1117,2026-08-05T18:16:52.9935554+09:00,2026-08-05T18:16:53.4935554+09:00,583.764136,584.264136,30,30,0.081556,-0.024384,0.000000,0.000000,0.000000,0.000117,0
20260805_180709_229,1,Unspecified,1118,2026-08-05T18:16:53.4935554+09:00,2026-08-05T18:16:53.9935554+09:00,584.264136,584.764136,30,30,0.081450,-0.024423,0.000000,0.000000,0.000000,0.000269,0
20260805_180709_229,1,Unspecified,1119,2026-08-05T18:16:53.9935554+09:00,2026-08-05T18:16:54.4935554+09:00,584.764136,585.264136,30,30,0.081001,-0.024754,0.000000,0.000000,0.000000,0.000103,0
20260805_180709_229,1,Unspecified,1120,2026-08-05T18:16:54.4935554+09:00,2026-08-05T18:16:54.9935554+09:00,585.264136,585.764136,30,30,0.080973,-0.024798,0.000000,0.000000,0.000000,0.000137,0
20260805_180709_229,1,Unspecified,1121,2026-08-05T18:16:54.9935554+09:00,2026-08-05T18:16:55.4935554+09:00,585.764136,586.264136,30,30,0.081393,-0.023957,0.000000,0.000000,0.000000,0.000367,0
20260805_180709_229,1,Unspecified,1122,2026-08-05T18:16:55.4935554+09:00,2026-08-05T18:16:55.9935554+09:00,586.264136,586.764136,30,30,0.081052,-0.024243,0.000000,0.000000,0.000000,0.000284,0
20260805_180709_229,1,Unspecified,1123,2026-08-05T18:16:55.9935554+09:00,2026-08-05T18:16:56.4935554+09:00,586.764136,587.264136,30,30,0.081476,-0.023857,0.000000,0.000000,0.000000,0.000187,0
20260805_180709_229,1,Unspecified,1124,2026-08-05T18:16:56.4935554+09:00,2026-08-05T18:16:56.9935554+09:00,587.264136,587.764136,30,30,0.081465,-0.023909,0.000000,0.000000,0.000000,0.000098,0
20260805_180709_229,1,Unspecified,1125,2026-08-05T18:16:56.9935554+09:00,2026-08-05T18:16:57.4935554+09:00,587.764136,588.264136,30,30,0.081314,-0.024117,0.000000,0.000000,0.000000,0.000139,0
20260805_180709_229,1,Unspecified,1126,2026-08-05T18:16:57.4935554+09:00,2026-08-05T18:16:57.9935554+09:00,588.264136,588.764136,30,30,0.081332,-0.024027,0.000000,0.000000,0.000000,0.000087,0
20260805_180709_229,1,Unspecified,1127,2026-08-05T18:16:57.9935554+09:00,2026-08-05T18:16:58.4935554+09:00,588.764136,589.264136,30,30,0.081318,-0.024062,0.000000,0.000000,0.000000,0.000167,0
20260805_180709_229,1,Unspecified,1128,2026-08-05T18:16:58.4935554+09:00,2026-08-05T18:16:58.9935554+09:00,589.264136,589.764136,30,30,0.081430,-0.023942,0.000000,0.000000,0.000000,0.000188,0
20260805_180709_229,1,Unspecified,1129,2026-08-05T18:16:58.9935554+09:00,2026-08-05T18:16:59.4935554+09:00,589.764136,590.264136,30,30,0.081711,-0.023550,0.000000,0.000000,0.000000,0.000094,0
20260805_180709_229,1,Unspecified,1130,2026-08-05T18:16:59.4935554+09:00,2026-08-05T18:16:59.9935554+09:00,590.264136,590.764136,30,30,0.081854,-0.023367,0.000000,0.000000,0.000000,0.000145,0
20260805_180709_229,1,Unspecified,1131,2026-08-05T18:16:59.9935554+09:00,2026-08-05T18:17:00.4935554+09:00,590.764136,591.264136,30,30,0.081609,-0.023697,0.000000,0.000000,0.000000,0.000183,0
20260805_180709_229,1,Unspecified,1132,2026-08-05T18:17:00.4935554+09:00,2026-08-05T18:17:00.9935554+09:00,591.264136,591.764136,30,30,0.081626,-0.023659,0.000000,0.000000,0.000000,0.000297,0
20260805_180709_229,1,Unspecified,1133,2026-08-05T18:17:00.9935554+09:00,2026-08-05T18:17:01.4935554+09:00,591.764136,592.264136,30,30,0.081372,-0.024156,0.000000,0.000000,0.000000,0.000138,0
20260805_180709_229,1,Unspecified,1134,2026-08-05T18:17:01.4935554+09:00,2026-08-05T18:17:01.9935554+09:00,592.264136,592.764136,30,30,0.081562,-0.024248,0.000000,0.000000,0.000000,0.000142,0
20260805_180709_229,1,Unspecified,1135,2026-08-05T18:17:01.9935554+09:00,2026-08-05T18:17:02.4935554+09:00,592.764136,593.264136,30,30,0.081816,-0.024134,0.000000,0.000000,0.000000,0.000093,0
20260805_180709_229,1,Unspecified,1136,2026-08-05T18:17:02.4935554+09:00,2026-08-05T18:17:02.9935554+09:00,593.264136,593.764136,30,30,0.081568,-0.024436,0.000000,0.000000,0.000000,0.000125,0
20260805_180709_229,1,Unspecified,1137,2026-08-05T18:17:02.9935554+09:00,2026-08-05T18:17:03.4935554+09:00,593.764136,594.264136,30,30,0.081425,-0.024709,0.000000,0.000000,0.000000,0.000177,0
20260805_180709_229,1,Unspecified,1138,2026-08-05T18:17:03.4935554+09:00,2026-08-05T18:17:03.9935554+09:00,594.264136,594.764136,30,30,0.081368,-0.024779,0.000000,0.000000,0.000000,0.000108,0
20260805_180709_229,1,Unspecified,1139,2026-08-05T18:17:03.9935554+09:00,2026-08-05T18:17:04.4935554+09:00,594.764136,595.264136,30,30,0.081339,-0.024694,0.000000,0.000000,0.000000,0.000160,0
20260805_180709_229,1,Unspecified,1140,2026-08-05T18:17:04.4935554+09:00,2026-08-05T18:17:04.9935554+09:00,595.264136,595.764136,30,30,0.081185,-0.024701,0.000000,0.000000,0.000000,0.000206,0
20260805_180709_229,1,Unspecified,1141,2026-08-05T18:17:04.9935554+09:00,2026-08-05T18:17:05.4935554+09:00,595.764136,596.264136,30,30,0.081421,-0.024447,0.000000,0.000000,0.000000,0.000067,0
20260805_180709_229,1,Unspecified,1142,2026-08-05T18:17:05.4935554+09:00,2026-08-05T18:17:05.9935554+09:00,596.264136,596.764136,30,30,0.081498,-0.024490,0.000000,0.000000,0.000000,0.000135,0
20260805_180709_229,1,Unspecified,1143,2026-08-05T18:17:05.9935554+09:00,2026-08-05T18:17:06.4935554+09:00,596.764136,597.264136,30,30,0.081288,-0.024723,0.000000,0.000000,0.000000,0.000110,0
20260805_180709_229,1,Unspecified,1144,2026-08-05T18:17:06.4935554+09:00,2026-08-05T18:17:06.9935554+09:00,597.264136,597.764136,30,30,0.080994,-0.024989,0.000000,0.000000,0.000000,0.000328,0
20260805_180709_229,1,Unspecified,1145,2026-08-05T18:17:06.9935554+09:00,2026-08-05T18:17:07.4935554+09:00,597.764136,598.264136,30,30,0.080899,-0.025328,0.000000,0.000000,0.000000,0.000259,0
20260805_180709_229,1,Unspecified,1146,2026-08-05T18:17:07.4935554+09:00,2026-08-05T18:17:07.9935554+09:00,598.264136,598.764136,30,30,0.081175,-0.025026,0.000000,0.000000,0.000000,0.000166,0
20260805_180709_229,1,Unspecified,1147,2026-08-05T18:17:07.9935554+09:00,2026-08-05T18:17:08.4935554+09:00,598.764136,599.264136,30,30,0.080517,-0.025260,0.000000,0.000000,0.000000,0.000328,0
20260805_180709_229,1,Unspecified,1148,2026-08-05T18:17:08.4935554+09:00,2026-08-05T18:17:08.9935554+09:00,599.264136,599.764136,30,30,0.081225,-0.023775,0.000000,0.000000,0.000000,0.000951,0
20260805_180709_229,1,Unspecified,1149,2026-08-05T18:17:08.9935554+09:00,2026-08-05T18:17:09.4935554+09:00,599.764136,600.264136,30,30,0.080229,-0.025349,0.000001,0.000001,0.000001,0.001509,0
20260805_180709_229,1,Unspecified,1150,2026-08-05T18:17:09.4935554+09:00,2026-08-05T18:17:09.9935554+09:00,600.264136,600.764136,30,30,0.079444,-0.026504,0.000000,0.000000,0.000000,0.000363,0
20260805_180709_229,1,Unspecified,1151,2026-08-05T18:17:09.9935554+09:00,2026-08-05T18:17:10.4935554+09:00,600.764136,601.264136,30,30,0.079669,-0.026397,0.000000,0.000000,0.000000,0.000482,0
20260805_180709_229,1,Unspecified,1152,2026-08-05T18:17:10.4935554+09:00,2026-08-05T18:17:10.9935554+09:00,601.264136,601.764136,30,30,0.079819,-0.026194,0.000000,0.000000,0.000000,0.000760,0
20260805_180709_229,1,Unspecified,1153,2026-08-05T18:17:10.9935554+09:00,2026-08-05T18:17:11.4935554+09:00,601.764136,602.264136,30,30,0.080732,-0.025169,0.000000,0.000000,0.000000,0.000202,0
20260805_180709_229,1,Unspecified,1154,2026-08-05T18:17:11.4935554+09:00,2026-08-05T18:17:11.9935554+09:00,602.264136,602.764136,30,30,0.080161,-0.025587,0.000000,0.000000,0.000000,0.000209,0
20260805_180709_229,1,Unspecified,1155,2026-08-05T18:17:11.9935554+09:00,2026-08-05T18:17:12.4935554+09:00,602.764136,603.264136,30,30,0.080855,-0.025333,0.000000,0.000000,0.000000,0.000347,0
20260805_180709_229,1,Unspecified,1156,2026-08-05T18:17:12.4935554+09:00,2026-08-05T18:17:12.9935554+09:00,603.264136,603.764136,30,30,0.081572,-0.024996,0.000000,0.000000,0.000000,0.000469,0
20260805_180709_229,1,Unspecified,1157,2026-08-05T18:17:12.9935554+09:00,2026-08-05T18:17:13.4935554+09:00,603.764136,604.264136,30,30,0.081392,-0.025001,0.000000,0.000000,0.000000,0.000426,0
20260805_180709_229,1,Unspecified,1158,2026-08-05T18:17:13.4935554+09:00,2026-08-05T18:17:13.9935554+09:00,604.264136,604.764136,30,30,0.080983,-0.024931,0.000000,0.000000,0.000000,0.000455,0
20260805_180709_229,1,Unspecified,1159,2026-08-05T18:17:13.9935554+09:00,2026-08-05T18:17:14.4935554+09:00,604.764136,605.264136,30,30,0.081250,-0.024234,0.000000,0.000000,0.000000,0.000171,0
20260805_180709_229,1,Unspecified,1160,2026-08-05T18:17:14.4935554+09:00,2026-08-05T18:17:14.9935554+09:00,605.264136,605.764136,30,30,0.081289,-0.024377,0.000000,0.000000,0.000000,0.000091,0
20260805_180709_229,1,Unspecified,1161,2026-08-05T18:17:14.9935554+09:00,2026-08-05T18:17:15.4935554+09:00,605.764136,606.264136,30,30,0.080913,-0.024738,0.000000,0.000000,0.000000,0.000374,0
20260805_180709_229,1,Unspecified,1162,2026-08-05T18:17:15.4935554+09:00,2026-08-05T18:17:15.9935554+09:00,606.264136,606.764136,30,30,0.080779,-0.024885,0.000000,0.000000,0.000000,0.000081,0
20260805_180709_229,1,Unspecified,1163,2026-08-05T18:17:15.9935554+09:00,2026-08-05T18:17:16.4935554+09:00,606.764136,607.264136,30,30,0.080555,-0.025079,0.000000,0.000000,0.000000,0.000052,0
20260805_180709_229,1,Unspecified,1164,2026-08-05T18:17:16.4935554+09:00,2026-08-05T18:17:16.9935554+09:00,607.264136,607.764136,30,30,0.080689,-0.025065,0.000000,0.000000,0.000000,0.000144,0
20260805_180709_229,1,Unspecified,1165,2026-08-05T18:17:16.9935554+09:00,2026-08-05T18:17:17.4935554+09:00,607.764136,608.264136,30,30,0.080577,-0.025404,0.000000,0.000000,0.000000,0.000144,0
20260805_180709_229,1,Unspecified,1166,2026-08-05T18:17:17.4935554+09:00,2026-08-05T18:17:17.9935554+09:00,608.264136,608.764136,30,30,0.080587,-0.025328,0.000000,0.000000,0.000000,0.000197,0
20260805_180709_229,1,Unspecified,1167,2026-08-05T18:17:17.9935554+09:00,2026-08-05T18:17:18.4935554+09:00,608.764136,609.264136,30,30,0.080285,-0.025441,0.000000,0.000000,0.000000,0.000232,0
20260805_180709_229,1,Unspecified,1168,2026-08-05T18:17:18.4935554+09:00,2026-08-05T18:17:18.9935554+09:00,609.264136,609.764136,30,30,0.080641,-0.025283,0.000000,0.000000,0.000000,0.000123,0
20260805_180709_229,1,Unspecified,1169,2026-08-05T18:17:18.9935554+09:00,2026-08-05T18:17:19.4935554+09:00,609.764136,610.264136,30,30,0.081526,-0.024601,0.000000,0.000000,0.000000,0.000491,0
20260805_180709_229,1,Unspecified,1170,2026-08-05T18:17:19.4935554+09:00,2026-08-05T18:17:19.9935554+09:00,610.264136,610.764136,30,30,0.081834,-0.024151,0.000000,0.000000,0.000000,0.000134,0
20260805_180709_229,1,Unspecified,1171,2026-08-05T18:17:19.9935554+09:00,2026-08-05T18:17:20.4935554+09:00,610.764136,611.264136,30,30,0.081804,-0.024383,0.000000,0.000000,0.000000,0.000120,0
20260805_180709_229,1,Unspecified,1172,2026-08-05T18:17:20.4935554+09:00,2026-08-05T18:17:20.9935554+09:00,611.264136,611.764136,30,30,0.081695,-0.024899,0.000000,0.000000,0.000000,0.000270,0
20260805_180709_229,1,Unspecified,1173,2026-08-05T18:17:20.9935554+09:00,2026-08-05T18:17:21.4935554+09:00,611.764136,612.264136,30,30,0.081041,-0.025839,0.000000,0.000000,0.000000,0.000405,0
20260805_180709_229,1,Unspecified,1174,2026-08-05T18:17:21.4935554+09:00,2026-08-05T18:17:21.9935554+09:00,612.264136,612.764136,30,30,0.080880,-0.025537,0.000000,0.000000,0.000000,0.000226,0
20260805_180709_229,1,Unspecified,1175,2026-08-05T18:17:21.9935554+09:00,2026-08-05T18:17:22.4935554+09:00,612.764136,613.264136,30,30,0.080835,-0.025351,0.000000,0.000000,0.000000,0.000176,0
20260805_180709_229,1,Unspecified,1176,2026-08-05T18:17:22.4935554+09:00,2026-08-05T18:17:22.9935554+09:00,613.264136,613.764136,30,30,0.080630,-0.025386,0.000000,0.000000,0.000000,0.000152,0
20260805_180709_229,1,Unspecified,1177,2026-08-05T18:17:22.9935554+09:00,2026-08-05T18:17:23.4935554+09:00,613.764136,614.264136,30,30,0.080510,-0.025418,0.000000,0.000000,0.000000,0.000143,0
20260805_180709_229,1,Unspecified,1178,2026-08-05T18:17:23.4935554+09:00,2026-08-05T18:17:23.9935554+09:00,614.264136,614.764136,30,30,0.080330,-0.025360,0.000000,0.000000,0.000000,0.000099,0
20260805_180709_229,1,Unspecified,1179,2026-08-05T18:17:23.9935554+09:00,2026-08-05T18:17:24.4935554+09:00,614.764136,615.264136,30,30,0.080419,-0.025162,0.000000,0.000000,0.000000,0.000085,0
20260805_180709_229,1,Unspecified,1180,2026-08-05T18:17:24.4935554+09:00,2026-08-05T18:17:24.9935554+09:00,615.264136,615.764136,30,30,0.080354,-0.025232,0.000000,0.000000,0.000000,0.000157,0
20260805_180709_229,1,Unspecified,1181,2026-08-05T18:17:24.9935554+09:00,2026-08-05T18:17:25.4935554+09:00,615.764136,616.264136,30,30,0.080782,-0.024916,0.000000,0.000000,0.000000,0.000133,0
20260805_180709_229,1,Unspecified,1182,2026-08-05T18:17:25.4935554+09:00,2026-08-05T18:17:25.9935554+09:00,616.264136,616.764136,30,30,0.080797,-0.024799,0.000000,0.000000,0.000000,0.000206,0
20260805_180709_229,1,Unspecified,1183,2026-08-05T18:17:25.9935554+09:00,2026-08-05T18:17:26.4935554+09:00,616.764136,617.264136,30,30,0.081001,-0.024640,0.000000,0.000000,0.000000,0.000111,0
20260805_180709_229,1,Unspecified,1184,2026-08-05T18:17:26.4935554+09:00,2026-08-05T18:17:26.9935554+09:00,617.264136,617.764136,30,30,0.081055,-0.024569,0.000000,0.000000,0.000000,0.000069,0
20260805_180709_229,1,Unspecified,1185,2026-08-05T18:17:26.9935554+09:00,2026-08-05T18:17:27.4935554+09:00,617.764136,618.264136,30,30,0.080991,-0.024668,0.000000,0.000000,0.000000,0.000129,0
20260805_180709_229,1,Unspecified,1186,2026-08-05T18:17:27.4935554+09:00,2026-08-05T18:17:27.9935554+09:00,618.264136,618.764136,30,30,0.080819,-0.024802,0.000000,0.000000,0.000000,0.000136,0
20260805_180709_229,1,Unspecified,1187,2026-08-05T18:17:27.9935554+09:00,2026-08-05T18:17:28.4935554+09:00,618.764136,619.264136,30,30,0.080874,-0.024809,0.000000,0.000000,0.000000,0.000108,0
20260805_180709_229,1,Unspecified,1188,2026-08-05T18:17:28.4935554+09:00,2026-08-05T18:17:28.9935554+09:00,619.264136,619.764136,30,30,0.080898,-0.024859,0.000000,0.000000,0.000000,0.000169,0
20260805_180709_229,1,Unspecified,1189,2026-08-05T18:17:28.9935554+09:00,2026-08-05T18:17:29.4935554+09:00,619.764136,620.264136,30,30,0.080591,-0.024936,0.000000,0.000000,0.000000,0.000185,0
20260805_180709_229,1,Unspecified,1190,2026-08-05T18:17:29.4935554+09:00,2026-08-05T18:17:29.9935554+09:00,620.264136,620.764136,30,30,0.080573,-0.024907,0.000000,0.000000,0.000000,0.000247,0
20260805_180709_229,1,Unspecified,1191,2026-08-05T18:17:29.9935554+09:00,2026-08-05T18:17:30.4935554+09:00,620.764136,621.264136,30,30,0.080308,-0.025173,0.000000,0.000000,0.000000,0.000156,0
20260805_180709_229,1,Unspecified,1192,2026-08-05T18:17:30.4935554+09:00,2026-08-05T18:17:30.9935554+09:00,621.264136,621.764136,30,30,0.080140,-0.025331,0.000000,0.000000,0.000000,0.000214,0
20260805_180709_229,1,Unspecified,1193,2026-08-05T18:17:30.9935554+09:00,2026-08-05T18:17:31.4935554+09:00,621.764136,622.264136,30,30,0.080568,-0.025173,0.000000,0.000000,0.000000,0.000354,0
20260805_180709_229,1,Unspecified,1194,2026-08-05T18:17:31.4935554+09:00,2026-08-05T18:17:31.9935554+09:00,622.264136,622.764136,30,30,0.080445,-0.025220,0.000000,0.000000,0.000000,0.000207,0
20260805_180709_229,1,Unspecified,1195,2026-08-05T18:17:31.9935554+09:00,2026-08-05T18:17:32.4935554+09:00,622.764136,623.264136,30,30,0.080380,-0.025219,0.000000,0.000000,0.000000,0.000121,0
20260805_180709_229,1,Unspecified,1196,2026-08-05T18:17:32.4935554+09:00,2026-08-05T18:17:32.9935554+09:00,623.264136,623.764136,30,30,0.080421,-0.025146,0.000000,0.000000,0.000000,0.000223,0
20260805_180709_229,1,Unspecified,1197,2026-08-05T18:17:32.9935554+09:00,2026-08-05T18:17:33.4935554+09:00,623.764136,624.264136,30,30,0.080341,-0.025242,0.000000,0.000000,0.000000,0.000131,0
20260805_180709_229,1,Unspecified,1198,2026-08-05T18:17:33.4935554+09:00,2026-08-05T18:17:33.9935554+09:00,624.264136,624.764136,30,30,0.080186,-0.025351,0.000000,0.000000,0.000000,0.000173,0
20260805_180709_229,1,Unspecified,1199,2026-08-05T18:17:33.9935554+09:00,2026-08-05T18:17:34.4935554+09:00,624.764136,625.264136,30,30,0.080021,-0.025444,0.000000,0.000000,0.000000,0.000143,0
20260805_180709_229,1,Unspecified,1200,2026-08-05T18:17:34.4935554+09:00,2026-08-05T18:17:34.9935554+09:00,625.264136,625.764136,30,30,0.079801,-0.025578,0.000000,0.000000,0.000000,0.000101,0
20260805_180709_229,1,Unspecified,1201,2026-08-05T18:17:34.9935554+09:00,2026-08-05T18:17:35.4935554+09:00,625.764136,626.264136,30,30,0.080071,-0.025399,0.000000,0.000000,0.000000,0.000069,0
20260805_180709_229,1,Unspecified,1202,2026-08-05T18:17:35.4935554+09:00,2026-08-05T18:17:35.9935554+09:00,626.264136,626.764136,30,30,0.080319,-0.025143,0.000000,0.000000,0.000000,0.000247,0
20260805_180709_229,1,Unspecified,1203,2026-08-05T18:17:35.9935554+09:00,2026-08-05T18:17:36.4935554+09:00,626.764136,627.264136,30,30,0.080457,-0.024853,0.000000,0.000000,0.000000,0.000100,0
20260805_180709_229,1,Unspecified,1204,2026-08-05T18:17:36.4935554+09:00,2026-08-05T18:17:36.9935554+09:00,627.264136,627.764136,30,30,0.080556,-0.024762,0.000000,0.000000,0.000000,0.000097,0
20260805_180709_229,1,Unspecified,1205,2026-08-05T18:17:36.9935554+09:00,2026-08-05T18:17:37.4935554+09:00,627.764136,628.264136,30,30,0.080590,-0.024706,0.000000,0.000000,0.000000,0.000104,0
20260805_180709_229,1,Unspecified,1206,2026-08-05T18:17:37.4935554+09:00,2026-08-05T18:17:37.9935554+09:00,628.264136,628.764136,30,30,0.080453,-0.024826,0.000000,0.000000,0.000000,0.000241,0
20260805_180709_229,1,Unspecified,1207,2026-08-05T18:17:37.9935554+09:00,2026-08-05T18:17:38.4935554+09:00,628.764136,629.264136,30,30,0.080213,-0.025171,0.000000,0.000000,0.000000,0.000186,0
20260805_180709_229,1,Unspecified,1208,2026-08-05T18:17:38.4935554+09:00,2026-08-05T18:17:38.9935554+09:00,629.264136,629.764136,30,30,0.080177,-0.025241,0.000000,0.000000,0.000000,0.000144,0
20260805_180709_229,1,Unspecified,1209,2026-08-05T18:17:38.9935554+09:00,2026-08-05T18:17:39.4935554+09:00,629.764136,630.264136,30,30,0.079646,-0.025728,0.000000,0.000000,0.000000,0.000516,0
20260805_180709_229,1,Unspecified,1210,2026-08-05T18:17:39.4935554+09:00,2026-08-05T18:17:39.9935554+09:00,630.264136,630.764136,30,30,0.079373,-0.025983,0.000000,0.000000,0.000000,0.000110,0
20260805_180709_229,1,Unspecified,1211,2026-08-05T18:17:39.9935554+09:00,2026-08-05T18:17:40.4935554+09:00,630.764136,631.264136,30,30,0.078943,-0.026550,0.000000,0.000000,0.000000,0.000396,0
20260805_180709_229,1,Unspecified,1212,2026-08-05T18:17:40.4935554+09:00,2026-08-05T18:17:40.9935554+09:00,631.264136,631.764136,30,30,0.077604,-0.027907,0.000000,0.000000,0.000000,0.000840,0
20260805_180709_229,1,Unspecified,1213,2026-08-05T18:17:40.9935554+09:00,2026-08-05T18:17:41.4935554+09:00,631.764136,632.264136,30,30,0.079215,-0.026847,0.000000,0.000000,0.000000,0.000854,0
20260805_180709_229,1,Unspecified,1214,2026-08-05T18:17:41.4935554+09:00,2026-08-05T18:17:41.9935554+09:00,632.264136,632.764136,30,30,0.080118,-0.026647,0.000000,0.000000,0.000000,0.000497,0
20260805_180709_229,1,Unspecified,1215,2026-08-05T18:17:41.9935554+09:00,2026-08-05T18:17:42.4935554+09:00,632.764136,633.264136,30,30,0.077899,-0.029669,0.000005,0.000005,0.000005,0.003181,0
20260805_180709_229,1,Unspecified,1216,2026-08-05T18:17:42.4935554+09:00,2026-08-05T18:17:42.9935554+09:00,633.264136,633.764136,30,30,0.075987,-0.031936,0.000001,0.000001,0.000001,0.001516,0
20260805_180709_229,1,Unspecified,1217,2026-08-05T18:17:42.9935554+09:00,2026-08-05T18:17:43.4935554+09:00,633.764136,634.264136,30,30,0.078400,-0.029147,0.000000,0.000000,0.000000,0.000639,0
20260805_180709_229,1,Unspecified,1218,2026-08-05T18:17:43.4935554+09:00,2026-08-05T18:17:43.9935554+09:00,634.264136,634.764136,30,30,0.078928,-0.028021,0.000000,0.000000,0.000000,0.000312,0
20260805_180709_229,1,Unspecified,1219,2026-08-05T18:17:43.9935554+09:00,2026-08-05T18:17:44.4935554+09:00,634.764136,635.264136,30,30,0.078212,-0.028685,0.000000,0.000000,0.000000,0.000547,0
20260805_180709_229,1,Unspecified,1220,2026-08-05T18:17:44.4935554+09:00,2026-08-05T18:17:44.9935554+09:00,635.264136,635.764136,30,30,0.078824,-0.028026,0.000000,0.000000,0.000000,0.000445,0
20260805_180709_229,1,Unspecified,1221,2026-08-05T18:17:44.9935554+09:00,2026-08-05T18:17:45.4935554+09:00,635.764136,636.264136,30,30,0.079136,-0.027765,0.000000,0.000000,0.000000,0.000124,0
20260805_180709_229,1,Unspecified,1222,2026-08-05T18:17:45.4935554+09:00,2026-08-05T18:17:45.9935554+09:00,636.264136,636.764136,30,30,0.079082,-0.027687,0.000000,0.000000,0.000000,0.000152,0
20260805_180709_229,1,Unspecified,1223,2026-08-05T18:17:45.9935554+09:00,2026-08-05T18:17:46.4935554+09:00,636.764136,637.264136,30,30,0.078422,-0.028479,0.000000,0.000000,0.000000,0.000206,0
20260805_180709_229,1,Unspecified,1224,2026-08-05T18:17:46.4935554+09:00,2026-08-05T18:17:46.9935554+09:00,637.264136,637.764136,30,30,0.078771,-0.027964,0.000000,0.000000,0.000000,0.000398,0
20260805_180709_229,1,Unspecified,1225,2026-08-05T18:17:46.9935554+09:00,2026-08-05T18:17:47.4935554+09:00,637.764136,638.264136,30,30,0.079006,-0.027554,0.000000,0.000000,0.000000,0.000175,0
20260805_180709_229,1,Unspecified,1226,2026-08-05T18:17:47.4935554+09:00,2026-08-05T18:17:47.9935554+09:00,638.264136,638.764136,30,30,0.079099,-0.027052,0.000000,0.000000,0.000000,0.000151,0
20260805_180709_229,1,Unspecified,1227,2026-08-05T18:17:47.9935554+09:00,2026-08-05T18:17:48.4935554+09:00,638.764136,639.264136,30,30,0.078784,-0.027298,0.000000,0.000000,0.000000,0.000228,0
20260805_180709_229,1,Unspecified,1228,2026-08-05T18:17:48.4935554+09:00,2026-08-05T18:17:48.9935554+09:00,639.264136,639.764136,30,30,0.079331,-0.026879,0.000000,0.000000,0.000000,0.000156,0
20260805_180709_229,1,Unspecified,1229,2026-08-05T18:17:48.9935554+09:00,2026-08-05T18:17:49.4935554+09:00,639.764136,640.264136,30,30,0.078931,-0.027190,0.000000,0.000000,0.000000,0.000097,0
20260805_180709_229,1,Unspecified,1230,2026-08-05T18:17:49.4935554+09:00,2026-08-05T18:17:49.9935554+09:00,640.264136,640.764136,30,30,0.079596,-0.026687,0.000000,0.000000,0.000000,0.000471,0
20260805_180709_229,1,Unspecified,1231,2026-08-05T18:17:49.9935554+09:00,2026-08-05T18:17:50.4935554+09:00,640.764136,641.264136,30,30,0.079547,-0.026774,0.000000,0.000000,0.000000,0.000509,0
20260805_180709_229,1,Unspecified,1232,2026-08-05T18:17:50.4935554+09:00,2026-08-05T18:17:50.9935554+09:00,641.264136,641.764136,30,30,0.078818,-0.027198,0.000000,0.000000,0.000000,0.000101,0
20260805_180709_229,1,Unspecified,1233,2026-08-05T18:17:50.9935554+09:00,2026-08-05T18:17:51.4935554+09:00,641.764136,642.264136,30,30,0.077908,-0.027799,0.000000,0.000000,0.000000,0.000517,0
20260805_180709_229,1,Unspecified,1234,2026-08-05T18:17:51.4935554+09:00,2026-08-05T18:17:51.9935554+09:00,642.264136,642.764136,30,30,0.078345,-0.027270,0.000001,0.000001,0.000001,0.001140,0
20260805_180709_229,1,Unspecified,1235,2026-08-05T18:17:51.9935554+09:00,2026-08-05T18:17:52.4935554+09:00,642.764136,643.264136,30,30,0.078391,-0.027808,0.000000,0.000000,0.000000,0.000338,0
20260805_180709_229,1,Unspecified,1236,2026-08-05T18:17:52.4935554+09:00,2026-08-05T18:17:52.9935554+09:00,643.264136,643.764136,30,30,0.078436,-0.028020,0.000000,0.000000,0.000000,0.000447,0
20260805_180709_229,1,Unspecified,1237,2026-08-05T18:17:52.9935554+09:00,2026-08-05T18:17:53.4935554+09:00,643.764136,644.264136,30,30,0.077291,-0.029551,0.000000,0.000000,0.000000,0.000279,0
20260805_180709_229,1,Unspecified,1238,2026-08-05T18:17:53.4935554+09:00,2026-08-05T18:17:53.9935554+09:00,644.264136,644.764136,30,30,0.077241,-0.029795,0.000000,0.000000,0.000000,0.000318,0
20260805_180709_229,1,Unspecified,1239,2026-08-05T18:17:53.9935554+09:00,2026-08-05T18:17:54.4935554+09:00,644.764136,645.264136,30,30,0.078061,-0.028894,0.000000,0.000000,0.000000,0.000323,0
20260805_180709_229,1,Unspecified,1240,2026-08-05T18:17:54.4935554+09:00,2026-08-05T18:17:54.9935554+09:00,645.264136,645.764136,30,30,0.078177,-0.028435,0.000000,0.000000,0.000000,0.000105,0
20260805_180709_229,1,Unspecified,1241,2026-08-05T18:17:54.9935554+09:00,2026-08-05T18:17:55.4935554+09:00,645.764136,646.264136,30,30,0.078102,-0.028508,0.000000,0.000000,0.000000,0.000303,0
20260805_180709_229,1,Unspecified,1242,2026-08-05T18:17:55.4935554+09:00,2026-08-05T18:17:55.9935554+09:00,646.264136,646.764136,30,30,0.078257,-0.028475,0.000000,0.000000,0.000000,0.000117,0
20260805_180709_229,1,Unspecified,1243,2026-08-05T18:17:55.9935554+09:00,2026-08-05T18:17:56.4935554+09:00,646.764136,647.264136,30,30,0.078258,-0.028355,0.000000,0.000000,0.000000,0.000131,0
20260805_180709_229,1,Unspecified,1244,2026-08-05T18:17:56.4935554+09:00,2026-08-05T18:17:56.9935554+09:00,647.264136,647.764136,30,30,0.078301,-0.028176,0.000000,0.000000,0.000000,0.000191,0
20260805_180709_229,1,Unspecified,1245,2026-08-05T18:17:56.9935554+09:00,2026-08-05T18:17:57.4935554+09:00,647.764136,648.264136,30,30,0.078727,-0.027721,0.000000,0.000000,0.000000,0.000080,0
20260805_180709_229,1,Unspecified,1246,2026-08-05T18:17:57.4935554+09:00,2026-08-05T18:17:57.9935554+09:00,648.264136,648.764136,30,30,0.078644,-0.027680,0.000000,0.000000,0.000000,0.000102,0
20260805_180709_229,1,Unspecified,1247,2026-08-05T18:17:57.9935554+09:00,2026-08-05T18:17:58.4935554+09:00,648.764136,649.264136,30,30,0.078681,-0.027571,0.000000,0.000000,0.000000,0.000065,0
20260805_180709_229,1,Unspecified,1248,2026-08-05T18:17:58.4935554+09:00,2026-08-05T18:17:58.9935554+09:00,649.264136,649.764136,30,30,0.078505,-0.027691,0.000000,0.000000,0.000000,0.000357,0
20260805_180709_229,1,Unspecified,1249,2026-08-05T18:17:58.9935554+09:00,2026-08-05T18:17:59.4935554+09:00,649.764136,650.264136,30,30,0.078605,-0.027651,0.000000,0.000000,0.000000,0.000317,0
20260805_180709_229,1,Unspecified,1250,2026-08-05T18:17:59.4935554+09:00,2026-08-05T18:17:59.9935554+09:00,650.264136,650.764136,30,30,0.078883,-0.027272,0.000000,0.000000,0.000000,0.000133,0
20260805_180709_229,1,Unspecified,1251,2026-08-05T18:17:59.9935554+09:00,2026-08-05T18:18:00.4935554+09:00,650.764136,651.264136,30,30,0.079132,-0.026922,0.000000,0.000000,0.000000,0.000089,0
20260805_180709_229,1,Unspecified,1252,2026-08-05T18:18:00.4935554+09:00,2026-08-05T18:18:00.9935554+09:00,651.264136,651.764136,30,30,0.079119,-0.026872,0.000000,0.000000,0.000000,0.000161,0
20260805_180709_229,1,Unspecified,1253,2026-08-05T18:18:00.9935554+09:00,2026-08-05T18:18:01.4935554+09:00,651.764136,652.264136,30,30,0.079075,-0.026831,0.000000,0.000000,0.000000,0.000108,0
20260805_180709_229,1,Unspecified,1254,2026-08-05T18:18:01.4935554+09:00,2026-08-05T18:18:01.9935554+09:00,652.264136,652.764136,30,30,0.079061,-0.026781,0.000000,0.000000,0.000000,0.000097,0
20260805_180709_229,1,Unspecified,1255,2026-08-05T18:18:01.9935554+09:00,2026-08-05T18:18:02.4935554+09:00,652.764136,653.264136,30,30,0.079351,-0.026467,0.000000,0.000000,0.000000,0.000163,0
20260805_180709_229,1,Unspecified,1256,2026-08-05T18:18:02.4935554+09:00,2026-08-05T18:18:02.9935554+09:00,653.264136,653.764136,30,30,0.079298,-0.026543,0.000000,0.000000,0.000000,0.000178,0
20260805_180709_229,1,Unspecified,1257,2026-08-05T18:18:02.9935554+09:00,2026-08-05T18:18:03.4935554+09:00,653.764136,654.264136,30,30,0.079413,-0.026455,0.000000,0.000000,0.000000,0.000098,0
20260805_180709_229,1,Unspecified,1258,2026-08-05T18:18:03.4935554+09:00,2026-08-05T18:18:03.9935554+09:00,654.264136,654.764136,30,30,0.079359,-0.026492,0.000000,0.000000,0.000000,0.000094,0
20260805_180709_229,1,Unspecified,1259,2026-08-05T18:18:03.9935554+09:00,2026-08-05T18:18:04.4935554+09:00,654.764136,655.264136,31,31,0.079316,-0.026475,0.000000,0.000000,0.000000,0.000193,0
20260805_180709_229,1,Unspecified,1260,2026-08-05T18:18:04.4935554+09:00,2026-08-05T18:18:04.9935554+09:00,655.264136,655.764136,29,29,0.079200,-0.026488,0.000000,0.000000,0.000000,0.000139,0
20260805_180709_229,1,Unspecified,1261,2026-08-05T18:18:04.9935554+09:00,2026-08-05T18:18:05.4935554+09:00,655.764136,656.264136,30,30,0.079170,-0.026468,0.000000,0.000000,0.000000,0.000103,0
20260805_180709_229,1,Unspecified,1262,2026-08-05T18:18:05.4935554+09:00,2026-08-05T18:18:05.9935554+09:00,656.264136,656.764136,30,30,0.079168,-0.026413,0.000000,0.000000,0.000000,0.000101,0
20260805_180709_229,1,Unspecified,1263,2026-08-05T18:18:05.9935554+09:00,2026-08-05T18:18:06.4935554+09:00,656.764136,657.264136,30,30,0.079100,-0.026446,0.000000,0.000000,0.000000,0.000166,0
20260805_180709_229,1,Unspecified,1264,2026-08-05T18:18:06.4935554+09:00,2026-08-05T18:18:06.9935554+09:00,657.264136,657.764136,30,30,0.078953,-0.026591,0.000000,0.000000,0.000000,0.000077,0
20260805_180709_229,1,Unspecified,1265,2026-08-05T18:18:06.9935554+09:00,2026-08-05T18:18:07.4935554+09:00,657.764136,658.264136,30,30,0.078904,-0.026628,0.000000,0.000000,0.000000,0.000084,0
20260805_180709_229,1,Unspecified,1266,2026-08-05T18:18:07.4935554+09:00,2026-08-05T18:18:07.9935554+09:00,658.264136,658.764136,30,30,0.079166,-0.026366,0.000000,0.000000,0.000000,0.000143,0
20260805_180709_229,1,Unspecified,1267,2026-08-05T18:18:07.9935554+09:00,2026-08-05T18:18:08.4935554+09:00,658.764136,659.264136,30,30,0.079258,-0.026187,0.000000,0.000000,0.000000,0.000094,0
20260805_180709_229,1,Unspecified,1268,2026-08-05T18:18:08.4935554+09:00,2026-08-05T18:18:08.9935554+09:00,659.264136,659.764136,30,30,0.079220,-0.026045,0.000000,0.000000,0.000000,0.000107,0
20260805_180709_229,1,Unspecified,1269,2026-08-05T18:18:08.9935554+09:00,2026-08-05T18:18:09.4935554+09:00,659.764136,660.264136,30,30,0.078840,-0.026194,0.000000,0.000000,0.000000,0.000201,0
20260805_180709_229,1,Unspecified,1270,2026-08-05T18:18:09.4935554+09:00,2026-08-05T18:18:09.9935554+09:00,660.264136,660.764136,30,30,0.078825,-0.026098,0.000000,0.000000,0.000000,0.000073,0
20260805_180709_229,1,Unspecified,1271,2026-08-05T18:18:09.9935554+09:00,2026-08-05T18:18:10.4935554+09:00,660.764136,661.264136,30,30,0.078933,-0.025917,0.000000,0.000000,0.000000,0.000239,0
20260805_180709_229,1,Unspecified,1272,2026-08-05T18:18:10.4935554+09:00,2026-08-05T18:18:10.9935554+09:00,661.264136,661.764136,30,30,0.079640,-0.025470,0.000000,0.000000,0.000000,0.000144,0
20260805_180709_229,1,Unspecified,1273,2026-08-05T18:18:10.9935554+09:00,2026-08-05T18:18:11.4935554+09:00,661.764136,662.264136,30,30,0.079710,-0.025305,0.000000,0.000000,0.000000,0.000110,0
20260805_180709_229,1,Unspecified,1274,2026-08-05T18:18:11.4935554+09:00,2026-08-05T18:18:11.9935554+09:00,662.264136,662.764136,30,30,0.079571,-0.025313,0.000000,0.000000,0.000000,0.000111,0
20260805_180709_229,1,Unspecified,1275,2026-08-05T18:18:11.9935554+09:00,2026-08-05T18:18:12.4935554+09:00,662.764136,663.264136,30,30,0.079328,-0.025429,0.000000,0.000000,0.000000,0.000156,0
20260805_180709_229,1,Unspecified,1276,2026-08-05T18:18:12.4935554+09:00,2026-08-05T18:18:12.9935554+09:00,663.264136,663.764136,30,30,0.079361,-0.025438,0.000000,0.000000,0.000000,0.000157,0
20260805_180709_229,1,Unspecified,1277,2026-08-05T18:18:12.9935554+09:00,2026-08-05T18:18:13.4935554+09:00,663.764136,664.264136,30,30,0.078997,-0.025902,0.000000,0.000000,0.000000,0.000192,0
20260805_180709_229,1,Unspecified,1278,2026-08-05T18:18:13.4935554+09:00,2026-08-05T18:18:13.9935554+09:00,664.264136,664.764136,30,30,0.079607,-0.025632,0.000000,0.000000,0.000000,0.000109,0
20260805_180709_229,1,Unspecified,1279,2026-08-05T18:18:13.9935554+09:00,2026-08-05T18:18:14.4935554+09:00,664.764136,665.264136,30,30,0.079590,-0.025567,0.000000,0.000000,0.000000,0.000106,0
20260805_180709_229,1,Unspecified,1280,2026-08-05T18:18:14.4935554+09:00,2026-08-05T18:18:14.9935554+09:00,665.264136,665.764136,30,30,0.079401,-0.025669,0.000000,0.000000,0.000000,0.000199,0
20260805_180709_229,1,Unspecified,1281,2026-08-05T18:18:14.9935554+09:00,2026-08-05T18:18:15.4935554+09:00,665.764136,666.264136,30,30,0.079146,-0.026006,0.000000,0.000000,0.000000,0.000245,0
20260805_180709_229,1,Unspecified,1282,2026-08-05T18:18:15.4935554+09:00,2026-08-05T18:18:15.9935554+09:00,666.264136,666.764136,31,31,0.079516,-0.025694,0.000000,0.000000,0.000000,0.000280,0
20260805_180709_229,1,Unspecified,1283,2026-08-05T18:18:15.9935554+09:00,2026-08-05T18:18:16.4935554+09:00,666.764136,667.264136,29,29,0.079537,-0.025571,0.000000,0.000000,0.000000,0.000125,0
20260805_180709_229,1,Unspecified,1284,2026-08-05T18:18:16.4935554+09:00,2026-08-05T18:18:16.9935554+09:00,667.264136,667.764136,30,30,0.079840,-0.025313,0.000000,0.000000,0.000000,0.000121,0
20260805_180709_229,1,Unspecified,1285,2026-08-05T18:18:16.9935554+09:00,2026-08-05T18:18:17.4935554+09:00,667.764136,668.264136,30,30,0.080001,-0.025102,0.000000,0.000000,0.000000,0.000160,0
20260805_180709_229,1,Unspecified,1286,2026-08-05T18:18:17.4935554+09:00,2026-08-05T18:18:17.9935554+09:00,668.264136,668.764136,30,30,0.080057,-0.025143,0.000000,0.000000,0.000000,0.000160,0
20260805_180709_229,1,Unspecified,1287,2026-08-05T18:18:17.9935554+09:00,2026-08-05T18:18:18.4935554+09:00,668.764136,669.264136,30,30,0.080050,-0.025183,0.000000,0.000000,0.000000,0.000075,0
20260805_180709_229,1,Unspecified,1288,2026-08-05T18:18:18.4935554+09:00,2026-08-05T18:18:18.9935554+09:00,669.264136,669.764136,30,30,0.080177,-0.025135,0.000000,0.000000,0.000000,0.000254,0
20260805_180709_229,1,Unspecified,1289,2026-08-05T18:18:18.9935554+09:00,2026-08-05T18:18:19.4935554+09:00,669.764136,670.264136,30,30,0.080638,-0.024953,0.000000,0.000000,0.000000,0.000156,0
20260805_180709_229,1,Unspecified,1290,2026-08-05T18:18:19.4935554+09:00,2026-08-05T18:18:19.9935554+09:00,670.264136,670.764136,30,30,0.080334,-0.024980,0.000000,0.000000,0.000000,0.000094,0
20260805_180709_229,1,Unspecified,1291,2026-08-05T18:18:19.9935554+09:00,2026-08-05T18:18:20.4935554+09:00,670.764136,671.264136,30,30,0.080006,-0.025163,0.000000,0.000000,0.000000,0.000129,0
20260805_180709_229,1,Unspecified,1292,2026-08-05T18:18:20.4935554+09:00,2026-08-05T18:18:20.9935554+09:00,671.264136,671.764136,30,30,0.080145,-0.025028,0.000000,0.000000,0.000000,0.000105,0
20260805_180709_229,1,Unspecified,1293,2026-08-05T18:18:20.9935554+09:00,2026-08-05T18:18:21.4935554+09:00,671.764136,672.264136,30,30,0.080630,-0.024584,0.000000,0.000000,0.000000,0.000249,0
20260805_180709_229,1,Unspecified,1294,2026-08-05T18:18:21.4935554+09:00,2026-08-05T18:18:21.9935554+09:00,672.264136,672.764136,31,31,0.080812,-0.024353,0.000000,0.000000,0.000000,0.000118,0
20260805_180709_229,1,Unspecified,1295,2026-08-05T18:18:21.9935554+09:00,2026-08-05T18:18:22.4935554+09:00,672.764136,673.264136,29,29,0.080483,-0.024606,0.000000,0.000000,0.000000,0.000211,0
20260805_180709_229,1,Unspecified,1296,2026-08-05T18:18:22.4935554+09:00,2026-08-05T18:18:22.9935554+09:00,673.264136,673.764136,30,30,0.079973,-0.025216,0.000000,0.000000,0.000000,0.000509,0
20260805_180709_229,1,Unspecified,1297,2026-08-05T18:18:22.9935554+09:00,2026-08-05T18:18:23.4935554+09:00,673.764136,674.264136,30,30,0.080453,-0.025141,0.000000,0.000000,0.000000,0.000603,0
20260805_180709_229,1,Unspecified,1298,2026-08-05T18:18:23.4935554+09:00,2026-08-05T18:18:23.9935554+09:00,674.264136,674.764136,30,30,0.080747,-0.024819,0.000000,0.000000,0.000000,0.000281,0
20260805_180709_229,1,Unspecified,1299,2026-08-05T18:18:23.9935554+09:00,2026-08-05T18:18:24.4935554+09:00,674.764136,675.264136,30,30,0.080519,-0.024909,0.000000,0.000000,0.000000,0.000089,0
20260805_180709_229,1,Unspecified,1300,2026-08-05T18:18:24.4935554+09:00,2026-08-05T18:18:24.9935554+09:00,675.264136,675.764136,30,30,0.080443,-0.024976,0.000000,0.000000,0.000000,0.000070,0
20260805_180709_229,1,Unspecified,1301,2026-08-05T18:18:24.9935554+09:00,2026-08-05T18:18:25.4935554+09:00,675.764136,676.264136,30,30,0.080452,-0.025029,0.000000,0.000000,0.000000,0.000132,0
20260805_180709_229,1,Unspecified,1302,2026-08-05T18:18:25.4935554+09:00,2026-08-05T18:18:25.9935554+09:00,676.264136,676.764136,30,30,0.080310,-0.025074,0.000000,0.000000,0.000000,0.000083,0
20260805_180709_229,1,Unspecified,1303,2026-08-05T18:18:25.9935554+09:00,2026-08-05T18:18:26.4935554+09:00,676.764136,677.264136,30,30,0.080203,-0.025048,0.000000,0.000000,0.000000,0.000147,0
20260805_180709_229,1,Unspecified,1304,2026-08-05T18:18:26.4935554+09:00,2026-08-05T18:18:26.9935554+09:00,677.264136,677.764136,30,30,0.080323,-0.024921,0.000000,0.000000,0.000000,0.000095,0
20260805_180709_229,1,Unspecified,1305,2026-08-05T18:18:26.9935554+09:00,2026-08-05T18:18:27.4935554+09:00,677.764136,678.264136,30,30,0.080554,-0.024721,0.000000,0.000000,0.000000,0.000175,0
20260805_180709_229,1,Unspecified,1306,2026-08-05T18:18:27.4935554+09:00,2026-08-05T18:18:27.9935554+09:00,678.264136,678.764136,30,30,0.080304,-0.024940,0.000000,0.000000,0.000000,0.000091,0
20260805_180709_229,1,Unspecified,1307,2026-08-05T18:18:27.9935554+09:00,2026-08-05T18:18:28.4935554+09:00,678.764136,679.264136,30,30,0.080134,-0.025142,0.000000,0.000000,0.000000,0.000080,0
20260805_180709_229,1,Unspecified,1308,2026-08-05T18:18:28.4935554+09:00,2026-08-05T18:18:28.9935554+09:00,679.264136,679.764136,30,30,0.080088,-0.025131,0.000000,0.000000,0.000000,0.000341,0
20260805_180709_229,1,Unspecified,1309,2026-08-05T18:18:28.9935554+09:00,2026-08-05T18:18:29.4935554+09:00,679.764136,680.264136,30,30,0.079710,-0.025717,0.000000,0.000000,0.000000,0.000146,0
20260805_180709_229,1,Unspecified,1310,2026-08-05T18:18:29.4935554+09:00,2026-08-05T18:18:29.9935554+09:00,680.264136,680.764136,30,30,0.079931,-0.025526,0.000000,0.000000,0.000000,0.000097,0
20260805_180709_229,1,Unspecified,1311,2026-08-05T18:18:29.9935554+09:00,2026-08-05T18:18:30.4935554+09:00,680.764136,681.264136,30,30,0.079961,-0.025396,0.000000,0.000000,0.000000,0.000096,0
20260805_180709_229,1,Unspecified,1312,2026-08-05T18:18:30.4935554+09:00,2026-08-05T18:18:30.9935554+09:00,681.264136,681.764136,30,30,0.079516,-0.025909,0.000000,0.000000,0.000000,0.000287,0
20260805_180709_229,1,Unspecified,1313,2026-08-05T18:18:30.9935554+09:00,2026-08-05T18:18:31.4935554+09:00,681.764136,682.264136,30,30,0.079868,-0.026077,0.000000,0.000000,0.000000,0.000165,0
20260805_180709_229,1,Unspecified,1314,2026-08-05T18:18:31.4935554+09:00,2026-08-05T18:18:31.9935554+09:00,682.264136,682.764136,30,30,0.079926,-0.025930,0.000000,0.000000,0.000000,0.000104,0
20260805_180709_229,1,Unspecified,1315,2026-08-05T18:18:31.9935554+09:00,2026-08-05T18:18:32.4935554+09:00,682.764136,683.264136,30,30,0.079833,-0.025896,0.000000,0.000000,0.000000,0.000084,0
20260805_180709_229,1,Unspecified,1316,2026-08-05T18:18:32.4935554+09:00,2026-08-05T18:18:32.9935554+09:00,683.264136,683.764136,30,30,0.079718,-0.025976,0.000000,0.000000,0.000000,0.000160,0
20260805_180709_229,1,Unspecified,1317,2026-08-05T18:18:32.9935554+09:00,2026-08-05T18:18:33.4935554+09:00,683.764136,684.264136,30,30,0.079365,-0.026513,0.000000,0.000000,0.000000,0.000308,0
20260805_180709_229,1,Unspecified,1318,2026-08-05T18:18:33.4935554+09:00,2026-08-05T18:18:33.9935554+09:00,684.264136,684.764136,30,30,0.079054,-0.026939,0.000000,0.000000,0.000000,0.000374,0
20260805_180709_229,1,Unspecified,1319,2026-08-05T18:18:33.9935554+09:00,2026-08-05T18:18:34.4935554+09:00,684.764136,685.264136,30,30,0.078777,-0.026876,0.000000,0.000000,0.000000,0.000273,0
20260805_180709_229,1,Unspecified,1320,2026-08-05T18:18:34.4935554+09:00,2026-08-05T18:18:34.9935554+09:00,685.264136,685.764136,30,30,0.078919,-0.026617,0.000000,0.000000,0.000000,0.000227,0
20260805_180709_229,1,Unspecified,1321,2026-08-05T18:18:34.9935554+09:00,2026-08-05T18:18:35.4935554+09:00,685.764136,686.264136,30,30,0.078893,-0.026610,0.000000,0.000000,0.000000,0.000168,0
20260805_180709_229,1,Unspecified,1322,2026-08-05T18:18:35.4935554+09:00,2026-08-05T18:18:35.9935554+09:00,686.264136,686.764136,30,30,0.079022,-0.026396,0.000000,0.000000,0.000000,0.000210,0
20260805_180709_229,1,Unspecified,1323,2026-08-05T18:18:35.9935554+09:00,2026-08-05T18:18:36.4935554+09:00,686.764136,687.264136,30,30,0.078799,-0.026386,0.000000,0.000000,0.000000,0.000101,0
20260805_180709_229,1,Unspecified,1324,2026-08-05T18:18:36.4935554+09:00,2026-08-05T18:18:36.9935554+09:00,687.264136,687.764136,30,30,0.078803,-0.026372,0.000000,0.000000,0.000000,0.000157,0
20260805_180709_229,1,Unspecified,1325,2026-08-05T18:18:36.9935554+09:00,2026-08-05T18:18:37.4935554+09:00,687.764136,688.264136,30,30,0.079301,-0.026128,0.000000,0.000000,0.000000,0.000094,0
20260805_180709_229,1,Unspecified,1326,2026-08-05T18:18:37.4935554+09:00,2026-08-05T18:18:37.9935554+09:00,688.264136,688.764136,30,30,0.079221,-0.025962,0.000000,0.000000,0.000000,0.000182,0
20260805_180709_229,1,Unspecified,1327,2026-08-05T18:18:37.9935554+09:00,2026-08-05T18:18:38.4935554+09:00,688.764136,689.264136,30,30,0.078845,-0.025956,0.000000,0.000000,0.000000,0.000135,0
20260805_180709_229,1,Unspecified,1328,2026-08-05T18:18:38.4935554+09:00,2026-08-05T18:18:38.9935554+09:00,689.264136,689.764136,30,30,0.078906,-0.025952,0.000000,0.000000,0.000000,0.000081,0
20260805_180709_229,1,Unspecified,1329,2026-08-05T18:18:38.9935554+09:00,2026-08-05T18:18:39.4935554+09:00,689.764136,690.264136,30,30,0.079467,-0.025527,0.000000,0.000000,0.000000,0.000234,0
20260805_180709_229,1,Unspecified,1330,2026-08-05T18:18:39.4935554+09:00,2026-08-05T18:18:39.9935554+09:00,690.264136,690.764136,30,30,0.079832,-0.025068,0.000000,0.000000,0.000000,0.000224,0
20260805_180709_229,1,Unspecified,1331,2026-08-05T18:18:39.9935554+09:00,2026-08-05T18:18:40.4935554+09:00,690.764136,691.264136,30,30,0.079718,-0.025051,0.000000,0.000000,0.000000,0.000159,0
20260805_180709_229,1,Unspecified,1332,2026-08-05T18:18:40.4935554+09:00,2026-08-05T18:18:40.9935554+09:00,691.264136,691.764136,30,30,0.079941,-0.024807,0.000000,0.000000,0.000000,0.000115,0
20260805_180709_229,1,Unspecified,1333,2026-08-05T18:18:40.9935554+09:00,2026-08-05T18:18:41.4935554+09:00,691.764136,692.264136,30,30,0.079992,-0.024849,0.000000,0.000000,0.000000,0.000140,0
20260805_180709_229,1,Unspecified,1334,2026-08-05T18:18:41.4935554+09:00,2026-08-05T18:18:41.9935554+09:00,692.264136,692.764136,30,30,0.080214,-0.024722,0.000000,0.000000,0.000000,0.000267,0
20260805_180709_229,1,Unspecified,1335,2026-08-05T18:18:41.9935554+09:00,2026-08-05T18:18:42.4935554+09:00,692.764136,693.264136,30,30,0.080210,-0.025426,0.000000,0.000000,0.000000,0.000588,0
20260805_180709_229,1,Unspecified,1336,2026-08-05T18:18:42.4935554+09:00,2026-08-05T18:18:42.9935554+09:00,693.264136,693.764136,30,30,0.080371,-0.025608,0.000000,0.000000,0.000000,0.000372,0
20260805_180709_229,1,Unspecified,1337,2026-08-05T18:18:42.9935554+09:00,2026-08-05T18:18:43.4935554+09:00,693.764136,694.264136,30,30,0.080504,-0.025145,0.000000,0.000000,0.000000,0.000112,0
20260805_180709_229,1,Unspecified,1338,2026-08-05T18:18:43.4935554+09:00,2026-08-05T18:18:43.9935554+09:00,694.264136,694.764136,30,30,0.081069,-0.025321,0.000000,0.000000,0.000000,0.000273,0
20260805_180709_229,1,Unspecified,1339,2026-08-05T18:18:43.9935554+09:00,2026-08-05T18:18:44.4935554+09:00,694.764136,695.264136,30,30,0.080701,-0.025506,0.000000,0.000000,0.000000,0.000210,0
20260805_180709_229,1,Unspecified,1340,2026-08-05T18:18:44.4935554+09:00,2026-08-05T18:18:44.9935554+09:00,695.264136,695.764136,30,30,0.080225,-0.025734,0.000000,0.000000,0.000000,0.000401,0
20260805_180709_229,1,Unspecified,1341,2026-08-05T18:18:44.9935554+09:00,2026-08-05T18:18:45.4935554+09:00,695.764136,696.264136,30,30,0.079967,-0.025926,0.000000,0.000000,0.000000,0.000097,0
20260805_180709_229,1,Unspecified,1342,2026-08-05T18:18:45.4935554+09:00,2026-08-05T18:18:45.9935554+09:00,696.264136,696.764136,30,30,0.079800,-0.025858,0.000000,0.000000,0.000000,0.000111,0
20260805_180709_229,1,Unspecified,1343,2026-08-05T18:18:45.9935554+09:00,2026-08-05T18:18:46.4935554+09:00,696.764136,697.264136,30,30,0.079660,-0.025836,0.000000,0.000000,0.000000,0.000159,0
20260805_180709_229,1,Unspecified,1344,2026-08-05T18:18:46.4935554+09:00,2026-08-05T18:18:46.9935554+09:00,697.264136,697.764136,30,30,0.079504,-0.025951,0.000000,0.000000,0.000000,0.000374,0
20260805_180709_229,1,Unspecified,1345,2026-08-05T18:18:46.9935554+09:00,2026-08-05T18:18:47.4935554+09:00,697.764136,698.264136,30,30,0.079909,-0.026049,0.000000,0.000000,0.000000,0.000101,0
20260805_180709_229,1,Unspecified,1346,2026-08-05T18:18:47.4935554+09:00,2026-08-05T18:18:47.9935554+09:00,698.264136,698.764136,30,30,0.079924,-0.025928,0.000000,0.000000,0.000000,0.000138,0
20260805_180709_229,1,Unspecified,1347,2026-08-05T18:18:47.9935554+09:00,2026-08-05T18:18:48.4935554+09:00,698.764136,699.264136,30,30,0.079685,-0.025899,0.000000,0.000000,0.000000,0.000165,0
20260805_180709_229,1,Unspecified,1348,2026-08-05T18:18:48.4935554+09:00,2026-08-05T18:18:48.9935554+09:00,699.264136,699.764136,30,30,0.079884,-0.025696,0.000000,0.000000,0.000000,0.000074,0
20260805_180709_229,1,Unspecified,1349,2026-08-05T18:18:48.9935554+09:00,2026-08-05T18:18:49.4935554+09:00,699.764136,700.264136,30,30,0.079943,-0.025680,0.000000,0.000000,0.000000,0.000099,0
20260805_180709_229,1,Unspecified,1350,2026-08-05T18:18:49.4935554+09:00,2026-08-05T18:18:49.9935554+09:00,700.264136,700.764136,30,30,0.080000,-0.025701,0.000000,0.000000,0.000000,0.000266,0
20260805_180709_229,1,Unspecified,1351,2026-08-05T18:18:49.9935554+09:00,2026-08-05T18:18:50.4935554+09:00,700.764136,701.264136,30,30,0.080157,-0.025560,0.000000,0.000000,0.000000,0.000126,0
20260805_180709_229,1,Unspecified,1352,2026-08-05T18:18:50.4935554+09:00,2026-08-05T18:18:50.9935554+09:00,701.264136,701.764136,30,30,0.079999,-0.025524,0.000000,0.000000,0.000000,0.000139,0
20260805_180709_229,1,Unspecified,1353,2026-08-05T18:18:50.9935554+09:00,2026-08-05T18:18:51.4935554+09:00,701.764136,702.264136,30,30,0.079924,-0.025560,0.000000,0.000000,0.000000,0.000092,0
20260805_180709_229,1,Unspecified,1354,2026-08-05T18:18:51.4935554+09:00,2026-08-05T18:18:51.9935554+09:00,702.264136,702.764136,30,30,0.079737,-0.025657,0.000000,0.000000,0.000000,0.000096,0
20260805_180709_229,1,Unspecified,1355,2026-08-05T18:18:51.9935554+09:00,2026-08-05T18:18:52.4935554+09:00,702.764136,703.264136,30,30,0.079415,-0.025814,0.000000,0.000000,0.000000,0.000185,0
20260805_180709_229,1,Unspecified,1356,2026-08-05T18:18:52.4935554+09:00,2026-08-05T18:18:52.9935554+09:00,703.264136,703.764136,30,30,0.079453,-0.025834,0.000000,0.000000,0.000000,0.000095,0
20260805_180709_229,1,Unspecified,1357,2026-08-05T18:18:52.9935554+09:00,2026-08-05T18:18:53.4935554+09:00,703.764136,704.264136,30,30,0.079486,-0.025910,0.000000,0.000000,0.000000,0.000106,0
20260805_180709_229,1,Unspecified,1358,2026-08-05T18:18:53.4935554+09:00,2026-08-05T18:18:53.9935554+09:00,704.264136,704.764136,30,30,0.079474,-0.025951,0.000000,0.000000,0.000000,0.000108,0
20260805_180709_229,1,Unspecified,1359,2026-08-05T18:18:53.9935554+09:00,2026-08-05T18:18:54.4935554+09:00,704.764136,705.264136,30,30,0.079451,-0.025877,0.000000,0.000000,0.000000,0.000167,0
20260805_180709_229,1,Unspecified,1360,2026-08-05T18:18:54.4935554+09:00,2026-08-05T18:18:54.9935554+09:00,705.264136,705.764136,30,30,0.079285,-0.026021,0.000000,0.000000,0.000000,0.000106,0
20260805_180709_229,1,Unspecified,1361,2026-08-05T18:18:54.9935554+09:00,2026-08-05T18:18:55.4935554+09:00,705.764136,706.264136,30,30,0.079167,-0.026093,0.000000,0.000000,0.000000,0.000188,0
20260805_180709_229,1,Unspecified,1362,2026-08-05T18:18:55.4935554+09:00,2026-08-05T18:18:55.9935554+09:00,706.264136,706.764136,30,30,0.079427,-0.025885,0.000000,0.000000,0.000000,0.000103,0
20260805_180709_229,1,Unspecified,1363,2026-08-05T18:18:55.9935554+09:00,2026-08-05T18:18:56.4935554+09:00,706.764136,707.264136,30,30,0.079419,-0.025862,0.000000,0.000000,0.000000,0.000099,0
20260805_180709_229,1,Unspecified,1364,2026-08-05T18:18:56.4935554+09:00,2026-08-05T18:18:56.9935554+09:00,707.264136,707.764136,30,30,0.079314,-0.025848,0.000000,0.000000,0.000000,0.000111,0
20260805_180709_229,1,Unspecified,1365,2026-08-05T18:18:56.9935554+09:00,2026-08-05T18:18:57.4935554+09:00,707.764136,708.264136,30,30,0.079247,-0.025913,0.000000,0.000000,0.000000,0.000095,0
20260805_180709_229,1,Unspecified,1366,2026-08-05T18:18:57.4935554+09:00,2026-08-05T18:18:57.9935554+09:00,708.264136,708.764136,30,30,0.079242,-0.025891,0.000000,0.000000,0.000000,0.000073,0
20260805_180709_229,1,Unspecified,1367,2026-08-05T18:18:57.9935554+09:00,2026-08-05T18:18:58.4935554+09:00,708.764136,709.264136,30,30,0.079135,-0.025866,0.000000,0.000000,0.000000,0.000086,0
20260805_180709_229,1,Unspecified,1368,2026-08-05T18:18:58.4935554+09:00,2026-08-05T18:18:58.9935554+09:00,709.264136,709.764136,30,30,0.079044,-0.026074,0.000000,0.000000,0.000000,0.000233,0
20260805_180709_229,1,Unspecified,1369,2026-08-05T18:18:58.9935554+09:00,2026-08-05T18:18:59.4935554+09:00,709.764136,710.264136,30,30,0.079284,-0.026081,0.000000,0.000000,0.000000,0.000101,0
20260805_180709_229,1,Unspecified,1370,2026-08-05T18:18:59.4935554+09:00,2026-08-05T18:18:59.9935554+09:00,710.264136,710.764136,30,30,0.079058,-0.026165,0.000000,0.000000,0.000000,0.000103,0
20260805_180709_229,1,Unspecified,1371,2026-08-05T18:18:59.9935554+09:00,2026-08-05T18:19:00.4935554+09:00,710.764136,711.264136,30,30,0.079128,-0.026120,0.000000,0.000000,0.000000,0.000146,0
20260805_180709_229,1,Unspecified,1372,2026-08-05T18:19:00.4935554+09:00,2026-08-05T18:19:00.9935554+09:00,711.264136,711.764136,30,30,0.079237,-0.026007,0.000000,0.000000,0.000000,0.000065,0
20260805_180709_229,1,Unspecified,1373,2026-08-05T18:19:00.9935554+09:00,2026-08-05T18:19:01.4935554+09:00,711.764136,712.264136,30,30,0.079899,-0.025563,0.000000,0.000000,0.000000,0.000317,0
20260805_180709_229,1,Unspecified,1374,2026-08-05T18:19:01.4935554+09:00,2026-08-05T18:19:01.9935554+09:00,712.264136,712.764136,30,30,0.079889,-0.025483,0.000000,0.000000,0.000000,0.000122,0
20260805_180709_229,1,Unspecified,1375,2026-08-05T18:19:01.9935554+09:00,2026-08-05T18:19:02.4935554+09:00,712.764136,713.264136,30,30,0.079536,-0.025698,0.000000,0.000000,0.000000,0.000159,0
20260805_180709_229,1,Unspecified,1376,2026-08-05T18:19:02.4935554+09:00,2026-08-05T18:19:02.9935554+09:00,713.264136,713.764136,30,30,0.078917,-0.026200,0.000000,0.000000,0.000000,0.000520,0
20260805_180709_229,1,Unspecified,1377,2026-08-05T18:19:02.9935554+09:00,2026-08-05T18:19:03.4935554+09:00,713.764136,714.264136,30,30,0.078735,-0.026501,0.000000,0.000000,0.000000,0.000241,0
20260805_180709_229,1,Unspecified,1378,2026-08-05T18:19:03.4935554+09:00,2026-08-05T18:19:03.9935554+09:00,714.264136,714.764136,30,30,0.078709,-0.026469,0.000000,0.000000,0.000000,0.000100,0
20260805_180709_229,1,Unspecified,1379,2026-08-05T18:19:03.9935554+09:00,2026-08-05T18:19:04.4935554+09:00,714.764136,715.264136,30,30,0.078896,-0.026248,0.000000,0.000000,0.000000,0.000072,0
20260805_180709_229,1,Unspecified,1380,2026-08-05T18:19:04.4935554+09:00,2026-08-05T18:19:04.9935554+09:00,715.264136,715.764136,30,30,0.078859,-0.026272,0.000000,0.000000,0.000000,0.000078,0
20260805_180709_229,1,Unspecified,1381,2026-08-05T18:19:04.9935554+09:00,2026-08-05T18:19:05.4935554+09:00,715.764136,716.264136,30,30,0.078892,-0.026356,0.000000,0.000000,0.000000,0.000172,0
20260805_180709_229,1,Unspecified,1382,2026-08-05T18:19:05.4935554+09:00,2026-08-05T18:19:05.9935554+09:00,716.264136,716.764136,30,30,0.079235,-0.025989,0.000000,0.000000,0.000000,0.000116,0
20260805_180709_229,1,Unspecified,1383,2026-08-05T18:19:05.9935554+09:00,2026-08-05T18:19:06.4935554+09:00,716.764136,717.264136,30,30,0.079207,-0.025948,0.000000,0.000000,0.000000,0.000116,0
20260805_180709_229,1,Unspecified,1384,2026-08-05T18:19:06.4935554+09:00,2026-08-05T18:19:06.9935554+09:00,717.264136,717.764136,30,30,0.079101,-0.025967,0.000000,0.000000,0.000000,0.000157,0
20260805_180709_229,1,Unspecified,1385,2026-08-05T18:19:06.9935554+09:00,2026-08-05T18:19:07.4935554+09:00,717.764136,718.264136,30,30,0.079090,-0.026039,0.000000,0.000000,0.000000,0.000119,0
20260805_180709_229,1,Unspecified,1386,2026-08-05T18:19:07.4935554+09:00,2026-08-05T18:19:07.9935554+09:00,718.264136,718.764136,30,30,0.079120,-0.025958,0.000000,0.000000,0.000000,0.000104,0
20260805_180709_229,1,Unspecified,1387,2026-08-05T18:19:07.9935554+09:00,2026-08-05T18:19:08.4935554+09:00,718.764136,719.264136,30,30,0.079373,-0.025746,0.000000,0.000000,0.000000,0.000137,0
20260805_180709_229,1,Unspecified,1388,2026-08-05T18:19:08.4935554+09:00,2026-08-05T18:19:08.9935554+09:00,719.264136,719.764136,30,30,0.079320,-0.025765,0.000000,0.000000,0.000000,0.000119,0
20260805_180709_229,1,Unspecified,1389,2026-08-05T18:19:08.9935554+09:00,2026-08-05T18:19:09.4935554+09:00,719.764136,720.264136,30,30,0.079384,-0.025705,0.000000,0.000000,0.000000,0.000150,0
20260805_180709_229,1,Unspecified,1390,2026-08-05T18:19:09.4935554+09:00,2026-08-05T18:19:09.9935554+09:00,720.264136,720.764136,30,30,0.079187,-0.025833,0.000000,0.000000,0.000000,0.000091,0
20260805_180709_229,1,Unspecified,1391,2026-08-05T18:19:09.9935554+09:00,2026-08-05T18:19:10.4935554+09:00,720.764136,721.264136,30,30,0.079263,-0.025734,0.000000,0.000000,0.000000,0.000191,0
20260805_180709_229,1,Unspecified,1392,2026-08-05T18:19:10.4935554+09:00,2026-08-05T18:19:10.9935554+09:00,721.264136,721.764136,30,30,0.079326,-0.025630,0.000000,0.000000,0.000000,0.000231,0
20260805_180709_229,1,Unspecified,1393,2026-08-05T18:19:10.9935554+09:00,2026-08-05T18:19:11.4935554+09:00,721.764136,722.264136,30,30,0.079163,-0.026126,0.000000,0.000000,0.000000,0.000178,0
20260805_180709_229,1,Unspecified,1394,2026-08-05T18:19:11.4935554+09:00,2026-08-05T18:19:11.9935554+09:00,722.264136,722.764136,30,30,0.079436,-0.025922,0.000000,0.000000,0.000000,0.000132,0
20260805_180709_229,1,Unspecified,1395,2026-08-05T18:19:11.9935554+09:00,2026-08-05T18:19:12.4935554+09:00,722.764136,723.264136,30,30,0.079330,-0.025945,0.000000,0.000000,0.000000,0.000071,0
20260805_180709_229,1,Unspecified,1396,2026-08-05T18:19:12.4935554+09:00,2026-08-05T18:19:12.9935554+09:00,723.264136,723.764136,30,30,0.079315,-0.025999,0.000000,0.000000,0.000000,0.000096,0
20260805_180709_229,1,Unspecified,1397,2026-08-05T18:19:12.9935554+09:00,2026-08-05T18:19:13.4935554+09:00,723.764136,724.264136,30,30,0.079409,-0.025928,0.000000,0.000000,0.000000,0.000095,0
20260805_180709_229,1,Unspecified,1398,2026-08-05T18:19:13.4935554+09:00,2026-08-05T18:19:13.9935554+09:00,724.264136,724.764136,30,30,0.079203,-0.026056,0.000000,0.000000,0.000000,0.000153,0
20260805_180709_229,1,Unspecified,1399,2026-08-05T18:19:13.9935554+09:00,2026-08-05T18:19:14.4935554+09:00,724.764136,725.264136,30,30,0.079324,-0.025984,0.000000,0.000000,0.000000,0.000143,0
20260805_180709_229,1,Unspecified,1400,2026-08-05T18:19:14.4935554+09:00,2026-08-05T18:19:14.9935554+09:00,725.264136,725.764136,30,30,0.079182,-0.026214,0.000000,0.000000,0.000000,0.000267,0
20260805_180709_229,1,Unspecified,1401,2026-08-05T18:19:14.9935554+09:00,2026-08-05T18:19:15.4935554+09:00,725.764136,726.264136,30,30,0.079082,-0.026508,0.000000,0.000000,0.000000,0.000069,0
20260805_180709_229,1,Unspecified,1402,2026-08-05T18:19:15.4935554+09:00,2026-08-05T18:19:15.9935554+09:00,726.264136,726.764136,30,30,0.079215,-0.026309,0.000000,0.000000,0.000000,0.000082,0
20260805_180709_229,1,Unspecified,1403,2026-08-05T18:19:15.9935554+09:00,2026-08-05T18:19:16.4935554+09:00,726.764136,727.264136,30,30,0.079280,-0.026135,0.000000,0.000000,0.000000,0.000096,0
20260805_180709_229,1,Unspecified,1404,2026-08-05T18:19:16.4935554+09:00,2026-08-05T18:19:16.9935554+09:00,727.264136,727.764136,30,30,0.079302,-0.026096,0.000000,0.000000,0.000000,0.000145,0
20260805_180709_229,1,Unspecified,1405,2026-08-05T18:19:16.9935554+09:00,2026-08-05T18:19:17.4935554+09:00,727.764136,728.264136,30,30,0.079186,-0.026282,0.000000,0.000000,0.000000,0.000250,0
20260805_180709_229,1,Unspecified,1406,2026-08-05T18:19:17.4935554+09:00,2026-08-05T18:19:17.9935554+09:00,728.264136,728.764136,30,30,0.078981,-0.026396,0.000000,0.000000,0.000000,0.000078,0
20260805_180709_229,1,Unspecified,1407,2026-08-05T18:19:17.9935554+09:00,2026-08-05T18:19:18.4935554+09:00,728.764136,729.264136,30,30,0.079054,-0.026273,0.000000,0.000000,0.000000,0.000183,0
20260805_180709_229,1,Unspecified,1408,2026-08-05T18:19:18.4935554+09:00,2026-08-05T18:19:18.9935554+09:00,729.264136,729.764136,30,30,0.078666,-0.026448,0.000000,0.000000,0.000000,0.000373,0
20260805_180709_229,1,Unspecified,1409,2026-08-05T18:19:18.9935554+09:00,2026-08-05T18:19:19.4935554+09:00,729.764136,730.264136,30,30,0.078414,-0.026874,0.000000,0.000000,0.000000,0.000083,0
20260805_180709_229,1,Unspecified,1410,2026-08-05T18:19:19.4935554+09:00,2026-08-05T18:19:19.9935554+09:00,730.264136,730.764136,30,30,0.078403,-0.026722,0.000000,0.000000,0.000000,0.000119,0
20260805_180709_229,1,Unspecified,1411,2026-08-05T18:19:19.9935554+09:00,2026-08-05T18:19:20.4935554+09:00,730.764136,731.264136,30,30,0.078258,-0.026753,0.000000,0.000000,0.000000,0.000102,0
20260805_180709_229,1,Unspecified,1412,2026-08-05T18:19:20.4935554+09:00,2026-08-05T18:19:20.9935554+09:00,731.264136,731.764136,30,30,0.078322,-0.026667,0.000000,0.000000,0.000000,0.000171,0
20260805_180709_229,1,Unspecified,1413,2026-08-05T18:19:20.9935554+09:00,2026-08-05T18:19:21.4935554+09:00,731.764136,732.264136,30,30,0.078853,-0.026316,0.000000,0.000000,0.000000,0.000154,0
20260805_180709_229,1,Unspecified,1414,2026-08-05T18:19:21.4935554+09:00,2026-08-05T18:19:21.9935554+09:00,732.264136,732.764136,30,30,0.078735,-0.026377,0.000000,0.000000,0.000000,0.000105,0
20260805_180709_229,1,Unspecified,1415,2026-08-05T18:19:21.9935554+09:00,2026-08-05T18:19:22.4935554+09:00,732.764136,733.264136,30,30,0.078518,-0.026471,0.000000,0.000000,0.000000,0.000202,0
20260805_180709_229,1,Unspecified,1416,2026-08-05T18:19:22.4935554+09:00,2026-08-05T18:19:22.9935554+09:00,733.264136,733.764136,30,30,0.078513,-0.026467,0.000000,0.000000,0.000000,0.000118,0
20260805_180709_229,1,Unspecified,1417,2026-08-05T18:19:22.9935554+09:00,2026-08-05T18:19:23.4935554+09:00,733.764136,734.264136,30,30,0.078424,-0.026622,0.000000,0.000000,0.000000,0.000096,0
20260805_180709_229,1,Unspecified,1418,2026-08-05T18:19:23.4935554+09:00,2026-08-05T18:19:23.9935554+09:00,734.264136,734.764136,30,30,0.078403,-0.026596,0.000000,0.000000,0.000000,0.000083,0
20260805_180709_229,1,Unspecified,1419,2026-08-05T18:19:23.9935554+09:00,2026-08-05T18:19:24.4935554+09:00,734.764136,735.264136,30,30,0.078531,-0.026414,0.000000,0.000000,0.000000,0.000118,0
20260805_180709_229,1,Unspecified,1420,2026-08-05T18:19:24.4935554+09:00,2026-08-05T18:19:24.9935554+09:00,735.264136,735.764136,30,30,0.078203,-0.026620,0.000000,0.000000,0.000000,0.000325,0
20260805_180709_229,1,Unspecified,1421,2026-08-05T18:19:24.9935554+09:00,2026-08-05T18:19:25.4935554+09:00,735.764136,736.264136,30,30,0.077690,-0.027283,0.000000,0.000000,0.000000,0.000150,0
20260805_180709_229,1,Unspecified,1422,2026-08-05T18:19:25.4935554+09:00,2026-08-05T18:19:25.9935554+09:00,736.264136,736.764136,30,30,0.078152,-0.026987,0.000000,0.000000,0.000000,0.000132,0
20260805_180709_229,1,Unspecified,1423,2026-08-05T18:19:25.9935554+09:00,2026-08-05T18:19:26.4935554+09:00,736.764136,737.264136,30,30,0.078573,-0.026563,0.000000,0.000000,0.000000,0.000167,0
20260805_180709_229,1,Unspecified,1424,2026-08-05T18:19:26.4935554+09:00,2026-08-05T18:19:26.9935554+09:00,737.264136,737.764136,30,30,0.078401,-0.026705,0.000000,0.000000,0.000000,0.000245,0
20260805_180709_229,1,Unspecified,1425,2026-08-05T18:19:26.9935554+09:00,2026-08-05T18:19:27.4935554+09:00,737.764136,738.264136,30,30,0.078241,-0.026881,0.000000,0.000000,0.000000,0.000185,0
20260805_180709_229,1,Unspecified,1426,2026-08-05T18:19:27.4935554+09:00,2026-08-05T18:19:27.9935554+09:00,738.264136,738.764136,30,30,0.078029,-0.026962,0.000000,0.000000,0.000000,0.000058,0
20260805_180709_229,1,Unspecified,1427,2026-08-05T18:19:27.9935554+09:00,2026-08-05T18:19:28.4935554+09:00,738.764136,739.264136,30,30,0.078127,-0.026991,0.000000,0.000000,0.000000,0.000148,0
20260805_180709_229,1,Unspecified,1428,2026-08-05T18:19:28.4935554+09:00,2026-08-05T18:19:28.9935554+09:00,739.264136,739.764136,30,30,0.078257,-0.026872,0.000000,0.000000,0.000000,0.000105,0
20260805_180709_229,1,Unspecified,1429,2026-08-05T18:19:28.9935554+09:00,2026-08-05T18:19:29.4935554+09:00,739.764136,740.264136,30,30,0.078481,-0.026700,0.000000,0.000000,0.000000,0.000143,0
20260805_180709_229,1,Unspecified,1430,2026-08-05T18:19:29.4935554+09:00,2026-08-05T18:19:29.9935554+09:00,740.264136,740.764136,30,30,0.078491,-0.026688,0.000000,0.000000,0.000000,0.000134,0
20260805_180709_229,1,Unspecified,1431,2026-08-05T18:19:29.9935554+09:00,2026-08-05T18:19:30.4935554+09:00,740.764136,741.264136,30,30,0.078556,-0.026637,0.000000,0.000000,0.000000,0.000137,0
20260805_180709_229,1,Unspecified,1432,2026-08-05T18:19:30.4935554+09:00,2026-08-05T18:19:30.9935554+09:00,741.264136,741.764136,30,30,0.078480,-0.026706,0.000000,0.000000,0.000000,0.000065,0
20260805_180709_229,1,Unspecified,1433,2026-08-05T18:19:30.9935554+09:00,2026-08-05T18:19:31.4935554+09:00,741.764136,742.264136,30,30,0.078729,-0.026399,0.000000,0.000000,0.000000,0.000164,0
20260805_180709_229,1,Unspecified,1434,2026-08-05T18:19:31.4935554+09:00,2026-08-05T18:19:31.9935554+09:00,742.264136,742.764136,30,30,0.078691,-0.026281,0.000000,0.000000,0.000000,0.000107,0
20260805_180709_229,1,Unspecified,1435,2026-08-05T18:19:31.9935554+09:00,2026-08-05T18:19:32.4935554+09:00,742.764136,743.264136,30,30,0.078530,-0.026349,0.000000,0.000000,0.000000,0.000076,0
20260805_180709_229,1,Unspecified,1436,2026-08-05T18:19:32.4935554+09:00,2026-08-05T18:19:32.9935554+09:00,743.264136,743.764136,30,30,0.078306,-0.026416,0.000000,0.000000,0.000000,0.000214,0
20260805_180709_229,1,Unspecified,1437,2026-08-05T18:19:32.9935554+09:00,2026-08-05T18:19:33.4935554+09:00,743.764136,744.264136,30,30,0.078158,-0.026598,0.000000,0.000000,0.000000,0.000122,0
20260805_180709_229,1,Unspecified,1438,2026-08-05T18:19:33.4935554+09:00,2026-08-05T18:19:33.9935554+09:00,744.264136,744.764136,30,30,0.077978,-0.026679,0.000000,0.000000,0.000000,0.000149,0
20260805_180709_229,1,Unspecified,1439,2026-08-05T18:19:33.9935554+09:00,2026-08-05T18:19:34.4935554+09:00,744.764136,745.264136,30,30,0.078073,-0.026590,0.000000,0.000000,0.000000,0.000110,0
20260805_180709_229,1,Unspecified,1440,2026-08-05T18:19:34.4935554+09:00,2026-08-05T18:19:34.9935554+09:00,745.264136,745.764136,30,30,0.078201,-0.026539,0.000000,0.000000,0.000000,0.000128,0
20260805_180709_229,1,Unspecified,1441,2026-08-05T18:19:34.9935554+09:00,2026-08-05T18:19:35.4935554+09:00,745.764136,746.264136,30,30,0.078065,-0.026583,0.000000,0.000000,0.000000,0.000085,0
20260805_180709_229,1,Unspecified,1442,2026-08-05T18:19:35.4935554+09:00,2026-08-05T18:19:35.9935554+09:00,746.264136,746.764136,30,30,0.077938,-0.026705,0.000000,0.000000,0.000000,0.000147,0
20260805_180709_229,1,Unspecified,1443,2026-08-05T18:19:35.9935554+09:00,2026-08-05T18:19:36.4935554+09:00,746.764136,747.264136,30,30,0.077975,-0.026716,0.000000,0.000000,0.000000,0.000121,0
20260805_180709_229,1,Unspecified,1444,2026-08-05T18:19:36.4935554+09:00,2026-08-05T18:19:36.9935554+09:00,747.264136,747.764136,30,30,0.078137,-0.026650,0.000000,0.000000,0.000000,0.000160,0
20260805_180709_229,1,Unspecified,1445,2026-08-05T18:19:36.9935554+09:00,2026-08-05T18:19:37.4935554+09:00,747.764136,748.264136,30,30,0.078290,-0.026470,0.000000,0.000000,0.000000,0.000117,0
20260805_180709_229,1,Unspecified,1446,2026-08-05T18:19:37.4935554+09:00,2026-08-05T18:19:37.9935554+09:00,748.264136,748.764136,30,30,0.078355,-0.026336,0.000000,0.000000,0.000000,0.000122,0
20260805_180709_229,1,Unspecified,1447,2026-08-05T18:19:37.9935554+09:00,2026-08-05T18:19:38.4935554+09:00,748.764136,749.264136,30,30,0.078223,-0.026373,0.000000,0.000000,0.000000,0.000114,0
20260805_180709_229,1,Unspecified,1448,2026-08-05T18:19:38.4935554+09:00,2026-08-05T18:19:38.9935554+09:00,749.264136,749.764136,30,30,0.078225,-0.026486,0.000000,0.000000,0.000000,0.000131,0
20260805_180709_229,1,Unspecified,1449,2026-08-05T18:19:38.9935554+09:00,2026-08-05T18:19:39.4935554+09:00,749.764136,750.264136,30,30,0.078441,-0.026459,0.000000,0.000000,0.000000,0.000098,0
20260805_180709_229,1,Unspecified,1450,2026-08-05T18:19:39.4935554+09:00,2026-08-05T18:19:39.9935554+09:00,750.264136,750.764136,30,30,0.078342,-0.026490,0.000000,0.000000,0.000000,0.000062,0
20260805_180709_229,1,Unspecified,1451,2026-08-05T18:19:39.9935554+09:00,2026-08-05T18:19:40.4935554+09:00,750.764136,751.264136,30,30,0.078393,-0.026413,0.000000,0.000000,0.000000,0.000098,0
20260805_180709_229,1,Unspecified,1452,2026-08-05T18:19:40.4935554+09:00,2026-08-05T18:19:40.9935554+09:00,751.264136,751.764136,30,30,0.078110,-0.026526,0.000000,0.000000,0.000000,0.000098,0
20260805_180709_229,1,Unspecified,1453,2026-08-05T18:19:40.9935554+09:00,2026-08-05T18:19:41.4935554+09:00,751.764136,752.264136,30,30,0.078215,-0.026566,0.000000,0.000000,0.000000,0.000114,0
20260805_180709_229,1,Unspecified,1454,2026-08-05T18:19:41.4935554+09:00,2026-08-05T18:19:41.9935554+09:00,752.264136,752.764136,30,30,0.078214,-0.026550,0.000000,0.000000,0.000000,0.000278,0
20260805_180709_229,1,Unspecified,1455,2026-08-05T18:19:41.9935554+09:00,2026-08-05T18:19:42.4935554+09:00,752.764136,753.264136,30,30,0.077510,-0.027003,0.000000,0.000000,0.000000,0.000203,0
20260805_180709_229,1,Unspecified,1456,2026-08-05T18:19:42.4935554+09:00,2026-08-05T18:19:42.9935554+09:00,753.264136,753.764136,30,30,0.078451,-0.026575,0.000000,0.000000,0.000000,0.000161,0
20260805_180709_229,1,Unspecified,1457,2026-08-05T18:19:42.9935554+09:00,2026-08-05T18:19:43.4935554+09:00,753.764136,754.264136,30,30,0.078385,-0.026784,0.000000,0.000000,0.000000,0.000098,0
20260805_180709_229,1,Unspecified,1458,2026-08-05T18:19:43.4935554+09:00,2026-08-05T18:19:43.9935554+09:00,754.264136,754.764136,30,30,0.078285,-0.026987,0.000000,0.000000,0.000000,0.000217,0
20260805_180709_229,1,Unspecified,1459,2026-08-05T18:19:43.9935554+09:00,2026-08-05T18:19:44.4935554+09:00,754.764136,755.264136,30,30,0.077919,-0.027151,0.000000,0.000000,0.000000,0.000124,0
20260805_180709_229,1,Unspecified,1460,2026-08-05T18:19:44.4935554+09:00,2026-08-05T18:19:44.9935554+09:00,755.264136,755.764136,30,30,0.078366,-0.026881,0.000000,0.000000,0.000000,0.000188,0
20260805_180709_229,1,Unspecified,1461,2026-08-05T18:19:44.9935554+09:00,2026-08-05T18:19:45.4935554+09:00,755.764136,756.264136,30,30,0.078269,-0.026799,0.000000,0.000000,0.000000,0.000114,0
20260805_180709_229,1,Unspecified,1462,2026-08-05T18:19:45.4935554+09:00,2026-08-05T18:19:45.9935554+09:00,756.264136,756.764136,30,30,0.077785,-0.026894,0.000000,0.000000,0.000000,0.000305,0
20260805_180709_229,1,Unspecified,1463,2026-08-05T18:19:45.9935554+09:00,2026-08-05T18:19:46.4935554+09:00,756.764136,757.264136,30,30,0.077662,-0.026971,0.000000,0.000000,0.000000,0.000144,0
20260805_180709_229,1,Unspecified,1464,2026-08-05T18:19:46.4935554+09:00,2026-08-05T18:19:46.9935554+09:00,757.264136,757.764136,30,30,0.077655,-0.027041,0.000000,0.000000,0.000000,0.000334,0
20260805_180709_229,1,Unspecified,1465,2026-08-05T18:19:46.9935554+09:00,2026-08-05T18:19:47.4935554+09:00,757.764136,758.264136,30,30,0.077880,-0.026897,0.000000,0.000000,0.000000,0.000198,0
20260805_180709_229,1,Unspecified,1466,2026-08-05T18:19:47.4935554+09:00,2026-08-05T18:19:47.9935554+09:00,758.264136,758.764136,30,30,0.077905,-0.026894,0.000000,0.000000,0.000000,0.000091,0
20260805_180709_229,1,Unspecified,1467,2026-08-05T18:19:47.9935554+09:00,2026-08-05T18:19:48.4935554+09:00,758.764136,759.264136,30,30,0.077945,-0.026830,0.000000,0.000000,0.000000,0.000145,0
20260805_180709_229,1,Unspecified,1468,2026-08-05T18:19:48.4935554+09:00,2026-08-05T18:19:48.9935554+09:00,759.264136,759.764136,30,30,0.077628,-0.027079,0.000000,0.000000,0.000000,0.000275,0
20260805_180709_229,1,Unspecified,1469,2026-08-05T18:19:48.9935554+09:00,2026-08-05T18:19:49.4935554+09:00,759.764136,760.264136,30,30,0.077509,-0.027268,0.000000,0.000000,0.000000,0.000117,0
20260805_180709_229,1,Unspecified,1470,2026-08-05T18:19:49.4935554+09:00,2026-08-05T18:19:49.9935554+09:00,760.264136,760.764136,30,30,0.077928,-0.026846,0.000000,0.000000,0.000000,0.000218,0
20260805_180709_229,1,Unspecified,1471,2026-08-05T18:19:49.9935554+09:00,2026-08-05T18:19:50.4935554+09:00,760.764136,761.264136,30,30,0.077871,-0.026782,0.000000,0.000000,0.000000,0.000128,0
20260805_180709_229,1,Unspecified,1472,2026-08-05T18:19:50.4935554+09:00,2026-08-05T18:19:50.9935554+09:00,761.264136,761.764136,30,30,0.077841,-0.026807,0.000000,0.000000,0.000000,0.000205,0
20260805_180709_229,1,Unspecified,1473,2026-08-05T18:19:50.9935554+09:00,2026-08-05T18:19:51.4935554+09:00,761.764136,762.264136,30,30,0.077766,-0.026993,0.000000,0.000000,0.000000,0.000120,0
20260805_180709_229,1,Unspecified,1474,2026-08-05T18:19:51.4935554+09:00,2026-08-05T18:19:51.9935554+09:00,762.264136,762.764136,30,30,0.077638,-0.027033,0.000000,0.000000,0.000000,0.000093,0
20260805_180709_229,1,Unspecified,1475,2026-08-05T18:19:51.9935554+09:00,2026-08-05T18:19:52.4935554+09:00,762.764136,763.264136,30,30,0.077654,-0.027015,0.000000,0.000000,0.000000,0.000099,0
20260805_180709_229,1,Unspecified,1476,2026-08-05T18:19:52.4935554+09:00,2026-08-05T18:19:52.9935554+09:00,763.264136,763.764136,30,30,0.077951,-0.026810,0.000000,0.000000,0.000000,0.000098,0
20260805_180709_229,1,Unspecified,1477,2026-08-05T18:19:52.9935554+09:00,2026-08-05T18:19:53.4935554+09:00,763.764136,764.264136,30,30,0.078216,-0.026685,0.000000,0.000000,0.000000,0.000180,0
20260805_180709_229,1,Unspecified,1478,2026-08-05T18:19:53.4935554+09:00,2026-08-05T18:19:53.9935554+09:00,764.264136,764.764136,30,30,0.078218,-0.026693,0.000000,0.000000,0.000000,0.000171,0
20260805_180709_229,1,Unspecified,1479,2026-08-05T18:19:53.9935554+09:00,2026-08-05T18:19:54.4935554+09:00,764.764136,765.264136,30,30,0.078035,-0.026775,0.000000,0.000000,0.000000,0.000204,0
20260805_180709_229,1,Unspecified,1480,2026-08-05T18:19:54.4935554+09:00,2026-08-05T18:19:54.9935554+09:00,765.264136,765.764136,30,30,0.077971,-0.026887,0.000000,0.000000,0.000000,0.000125,0
20260805_180709_229,1,Unspecified,1481,2026-08-05T18:19:54.9935554+09:00,2026-08-05T18:19:55.4935554+09:00,765.764136,766.264136,30,30,0.078318,-0.026630,0.000000,0.000000,0.000000,0.000204,0
20260805_180709_229,1,Unspecified,1482,2026-08-05T18:19:55.4935554+09:00,2026-08-05T18:19:55.9935554+09:00,766.264136,766.764136,30,30,0.078273,-0.026585,0.000000,0.000000,0.000000,0.000114,0
20260805_180709_229,1,Unspecified,1483,2026-08-05T18:19:55.9935554+09:00,2026-08-05T18:19:56.4935554+09:00,766.764136,767.264136,30,30,0.078329,-0.026453,0.000000,0.000000,0.000000,0.000119,0
20260805_180709_229,1,Unspecified,1484,2026-08-05T18:19:56.4935554+09:00,2026-08-05T18:19:56.9935554+09:00,767.264136,767.764136,30,30,0.078208,-0.026578,0.000000,0.000000,0.000000,0.000125,0
20260805_180709_229,1,Unspecified,1485,2026-08-05T18:19:56.9935554+09:00,2026-08-05T18:19:57.4935554+09:00,767.764136,768.264136,30,30,0.078062,-0.026689,0.000000,0.000000,0.000000,0.000126,0
20260805_180709_229,1,Unspecified,1486,2026-08-05T18:19:57.4935554+09:00,2026-08-05T18:19:57.9935554+09:00,768.264136,768.764136,30,30,0.078215,-0.026579,0.000000,0.000000,0.000000,0.000143,0
20260805_180709_229,1,Unspecified,1487,2026-08-05T18:19:57.9935554+09:00,2026-08-05T18:19:58.4935554+09:00,768.764136,769.264136,30,30,0.078123,-0.026532,0.000000,0.000000,0.000000,0.000135,0
20260805_180709_229,1,Unspecified,1488,2026-08-05T18:19:58.4935554+09:00,2026-08-05T18:19:58.9935554+09:00,769.264136,769.764136,30,30,0.078179,-0.026523,0.000000,0.000000,0.000000,0.000084,0
20260805_180709_229,1,Unspecified,1489,2026-08-05T18:19:58.9935554+09:00,2026-08-05T18:19:59.4935554+09:00,769.764136,770.264136,30,30,0.078128,-0.026568,0.000000,0.000000,0.000000,0.000131,0
20260805_180709_229,1,Unspecified,1490,2026-08-05T18:19:59.4935554+09:00,2026-08-05T18:19:59.9935554+09:00,770.264136,770.764136,30,30,0.078068,-0.026649,0.000000,0.000000,0.000000,0.000118,0
20260805_180709_229,1,Unspecified,1491,2026-08-05T18:19:59.9935554+09:00,2026-08-05T18:20:00.4935554+09:00,770.764136,771.264136,30,30,0.078036,-0.026763,0.000000,0.000000,0.000000,0.000183,0
20260805_180709_229,1,Unspecified,1492,2026-08-05T18:20:00.4935554+09:00,2026-08-05T18:20:00.9935554+09:00,771.264136,771.764136,30,30,0.078013,-0.026918,0.000000,0.000000,0.000000,0.000270,0
20260805_180709_229,1,Unspecified,1493,2026-08-05T18:20:00.9935554+09:00,2026-08-05T18:20:01.4935554+09:00,771.764136,772.264136,30,30,0.078090,-0.026820,0.000000,0.000000,0.000000,0.000303,0
20260805_180709_229,1,Unspecified,1494,2026-08-05T18:20:01.4935554+09:00,2026-08-05T18:20:01.9935554+09:00,772.264136,772.764136,30,30,0.078284,-0.026586,0.000000,0.000000,0.000000,0.000116,0
20260805_180709_229,1,Unspecified,1495,2026-08-05T18:20:01.9935554+09:00,2026-08-05T18:20:02.4935554+09:00,772.764136,773.264136,30,30,0.078026,-0.026655,0.000000,0.000000,0.000000,0.000164,0
20260805_180709_229,1,Unspecified,1496,2026-08-05T18:20:02.4935554+09:00,2026-08-05T18:20:02.9935554+09:00,773.264136,773.764136,30,30,0.077820,-0.026809,0.000000,0.000000,0.000000,0.000159,0
20260805_180709_229,1,Unspecified,1497,2026-08-05T18:20:02.9935554+09:00,2026-08-05T18:20:03.4935554+09:00,773.764136,774.264136,30,30,0.077533,-0.027301,0.000000,0.000000,0.000000,0.000182,0
20260805_180709_229,1,Unspecified,1498,2026-08-05T18:20:03.4935554+09:00,2026-08-05T18:20:03.9935554+09:00,774.264136,774.764136,30,30,0.078275,-0.026772,0.000000,0.000000,0.000000,0.000083,0
20260805_180709_229,1,Unspecified,1499,2026-08-05T18:20:03.9935554+09:00,2026-08-05T18:20:04.4935554+09:00,774.764136,775.264136,30,30,0.078358,-0.026652,0.000000,0.000000,0.000000,0.000165,0
20260805_180709_229,1,Unspecified,1500,2026-08-05T18:20:04.4935554+09:00,2026-08-05T18:20:04.9935554+09:00,775.264136,775.764136,30,30,0.078247,-0.026586,0.000000,0.000000,0.000000,0.000119,0
20260805_180709_229,1,Unspecified,1501,2026-08-05T18:20:04.9935554+09:00,2026-08-05T18:20:05.4935554+09:00,775.764136,776.264136,30,30,0.078264,-0.026598,0.000000,0.000000,0.000000,0.000081,0
20260805_180709_229,1,Unspecified,1502,2026-08-05T18:20:05.4935554+09:00,2026-08-05T18:20:05.9935554+09:00,776.264136,776.764136,30,30,0.078173,-0.026705,0.000000,0.000000,0.000000,0.000129,0
20260805_180709_229,1,Unspecified,1503,2026-08-05T18:20:05.9935554+09:00,2026-08-05T18:20:06.4935554+09:00,776.764136,777.264136,30,30,0.078242,-0.026603,0.000000,0.000000,0.000000,0.000079,0
20260805_180709_229,1,Unspecified,1504,2026-08-05T18:20:06.4935554+09:00,2026-08-05T18:20:06.9935554+09:00,777.264136,777.764136,30,30,0.078074,-0.026703,0.000000,0.000000,0.000000,0.000231,0
20260805_180709_229,1,Unspecified,1505,2026-08-05T18:20:06.9935554+09:00,2026-08-05T18:20:07.4935554+09:00,777.764136,778.264136,30,30,0.077675,-0.027098,0.000000,0.000000,0.000000,0.000154,0
20260805_180709_229,1,Unspecified,1506,2026-08-05T18:20:07.4935554+09:00,2026-08-05T18:20:07.9935554+09:00,778.264136,778.764136,30,30,0.077558,-0.027133,0.000000,0.000000,0.000000,0.000065,0
20260805_180709_229,1,Unspecified,1507,2026-08-05T18:20:07.9935554+09:00,2026-08-05T18:20:08.4935554+09:00,778.764136,779.264136,30,30,0.078714,-0.024812,0.000000,0.000002,0.000001,0.001623,0
20260805_180709_229,1,Unspecified,1508,2026-08-05T18:20:08.4935554+09:00,2026-08-05T18:20:08.9935554+09:00,779.264136,779.764136,30,30,0.079736,-0.022732,0.000001,0.000003,0.000001,0.001873,0
20260805_180709_229,1,Unspecified,1509,2026-08-05T18:20:08.9935554+09:00,2026-08-05T18:20:09.4935554+09:00,779.764136,780.264136,30,30,0.076259,-0.028141,0.000000,0.000001,0.000001,0.001219,0
20260805_180709_229,1,Unspecified,1510,2026-08-05T18:20:09.4935554+09:00,2026-08-05T18:20:09.9935554+09:00,780.264136,780.764136,30,30,0.075539,-0.028933,0.000000,0.000000,0.000000,0.000237,0
20260805_180709_229,1,Unspecified,1511,2026-08-05T18:20:09.9935554+09:00,2026-08-05T18:20:10.4935554+09:00,780.764136,781.264136,30,30,0.075410,-0.028845,0.000000,0.000000,0.000000,0.000171,0
20260805_180709_229,1,Unspecified,1512,2026-08-05T18:20:10.4935554+09:00,2026-08-05T18:20:10.9935554+09:00,781.264136,781.764136,30,30,0.075840,-0.028620,0.000000,0.000000,0.000000,0.000422,0
20260805_180709_229,1,Unspecified,1513,2026-08-05T18:20:10.9935554+09:00,2026-08-05T18:20:11.4935554+09:00,781.764136,782.264136,30,30,0.077120,-0.028399,0.000000,0.000000,0.000000,0.000190,0
20260805_180709_229,1,Unspecified,1514,2026-08-05T18:20:11.4935554+09:00,2026-08-05T18:20:11.9935554+09:00,782.264136,782.764136,30,30,0.077370,-0.028515,0.000000,0.000000,0.000000,0.000102,0
20260805_180709_229,1,Unspecified,1515,2026-08-05T18:20:11.9935554+09:00,2026-08-05T18:20:12.4935554+09:00,782.764136,783.264136,30,30,0.077323,-0.028449,0.000000,0.000000,0.000000,0.000122,0
20260805_180709_229,1,Unspecified,1516,2026-08-05T18:20:12.4935554+09:00,2026-08-05T18:20:12.9935554+09:00,783.264136,783.764136,30,30,0.076708,-0.028643,0.000000,0.000000,0.000000,0.000213,0
20260805_180709_229,1,Unspecified,1517,2026-08-05T18:20:12.9935554+09:00,2026-08-05T18:20:13.4935554+09:00,783.764136,784.264136,30,30,0.076707,-0.028739,0.000000,0.000000,0.000000,0.000109,0
20260805_180709_229,1,Unspecified,1518,2026-08-05T18:20:13.4935554+09:00,2026-08-05T18:20:13.9935554+09:00,784.264136,784.764136,30,30,0.076593,-0.028807,0.000000,0.000000,0.000000,0.000081,0
20260805_180709_229,1,Unspecified,1519,2026-08-05T18:20:13.9935554+09:00,2026-08-05T18:20:14.4935554+09:00,784.764136,785.264136,30,30,0.076336,-0.028867,0.000000,0.000000,0.000000,0.000111,0
20260805_180709_229,1,Unspecified,1520,2026-08-05T18:20:14.4935554+09:00,2026-08-05T18:20:14.9935554+09:00,785.264136,785.764136,30,30,0.076524,-0.028607,0.000000,0.000000,0.000000,0.000151,0
20260805_180709_229,1,Unspecified,1521,2026-08-05T18:20:14.9935554+09:00,2026-08-05T18:20:15.4935554+09:00,785.764136,786.264136,30,30,0.076278,-0.028716,0.000000,0.000000,0.000000,0.000126,0
20260805_180709_229,1,Unspecified,1522,2026-08-05T18:20:15.4935554+09:00,2026-08-05T18:20:15.9935554+09:00,786.264136,786.764136,30,30,0.076340,-0.028737,0.000000,0.000000,0.000000,0.000106,0
20260805_180709_229,1,Unspecified,1523,2026-08-05T18:20:15.9935554+09:00,2026-08-05T18:20:16.4935554+09:00,786.764136,787.264136,30,30,0.076480,-0.028713,0.000000,0.000000,0.000000,0.000119,0
20260805_180709_229,1,Unspecified,1524,2026-08-05T18:20:16.4935554+09:00,2026-08-05T18:20:16.9935554+09:00,787.264136,787.764136,30,30,0.076455,-0.028795,0.000000,0.000000,0.000000,0.000143,0
20260805_180709_229,1,Unspecified,1525,2026-08-05T18:20:16.9935554+09:00,2026-08-05T18:20:17.4935554+09:00,787.764136,788.264136,30,30,0.076820,-0.028644,0.000000,0.000000,0.000000,0.000194,0
20260805_180709_229,1,Unspecified,1526,2026-08-05T18:20:17.4935554+09:00,2026-08-05T18:20:17.9935554+09:00,788.264136,788.764136,30,30,0.076586,-0.028585,0.000000,0.000000,0.000000,0.000281,0
20260805_180709_229,1,Unspecified,1527,2026-08-05T18:20:17.9935554+09:00,2026-08-05T18:20:18.4935554+09:00,788.764136,789.264136,30,30,0.076228,-0.028710,0.000000,0.000000,0.000000,0.000096,0
20260805_180709_229,1,Unspecified,1528,2026-08-05T18:20:18.4935554+09:00,2026-08-05T18:20:18.9935554+09:00,789.264136,789.764136,30,30,0.076319,-0.028704,0.000000,0.000000,0.000000,0.000158,0
20260805_180709_229,1,Unspecified,1529,2026-08-05T18:20:18.9935554+09:00,2026-08-05T18:20:19.4935554+09:00,789.764136,790.264136,30,30,0.077630,-0.027948,0.000000,0.000000,0.000000,0.000276,0
20260805_180709_229,1,Unspecified,1530,2026-08-05T18:20:19.4935554+09:00,2026-08-05T18:20:19.9935554+09:00,790.264136,790.764136,30,30,0.077616,-0.027964,0.000000,0.000000,0.000000,0.000117,0
20260805_180709_229,1,Unspecified,1531,2026-08-05T18:20:19.9935554+09:00,2026-08-05T18:20:20.4935554+09:00,790.764136,791.264136,30,30,0.077656,-0.027992,0.000000,0.000000,0.000000,0.000145,0
20260805_180709_229,1,Unspecified,1532,2026-08-05T18:20:20.4935554+09:00,2026-08-05T18:20:20.9935554+09:00,791.264136,791.764136,30,30,0.077435,-0.028023,0.000000,0.000000,0.000000,0.000222,0
20260805_180709_229,1,Unspecified,1533,2026-08-05T18:20:20.9935554+09:00,2026-08-05T18:20:21.4935554+09:00,791.764136,792.264136,30,30,0.077325,-0.028042,0.000000,0.000000,0.000000,0.000160,0
20260805_180709_229,1,Unspecified,1534,2026-08-05T18:20:21.4935554+09:00,2026-08-05T18:20:21.9935554+09:00,792.264136,792.764136,30,30,0.077237,-0.028198,0.000000,0.000000,0.000000,0.000218,0
20260805_180709_229,1,Unspecified,1535,2026-08-05T18:20:21.9935554+09:00,2026-08-05T18:20:22.4935554+09:00,792.764136,793.264136,30,30,0.077341,-0.028153,0.000000,0.000000,0.000000,0.000175,0
20260805_180709_229,1,Unspecified,1536,2026-08-05T18:20:22.4935554+09:00,2026-08-05T18:20:22.9935554+09:00,793.264136,793.764136,30,30,0.077192,-0.028136,0.000000,0.000000,0.000000,0.000248,0
20260805_180709_229,1,Unspecified,1537,2026-08-05T18:20:22.9935554+09:00,2026-08-05T18:20:23.4935554+09:00,793.764136,794.264136,30,30,0.077151,-0.028337,0.000000,0.000000,0.000000,0.000304,0
20260805_180709_229,1,Unspecified,1538,2026-08-05T18:20:23.4935554+09:00,2026-08-05T18:20:23.9935554+09:00,794.264136,794.764136,30,30,0.077652,-0.028215,0.000000,0.000000,0.000000,0.000093,0
20260805_180709_229,1,Unspecified,1539,2026-08-05T18:20:23.9935554+09:00,2026-08-05T18:20:24.4935554+09:00,794.764136,795.264136,30,30,0.077329,-0.028339,0.000000,0.000000,0.000000,0.000105,0
20260805_180709_229,1,Unspecified,1540,2026-08-05T18:20:24.4935554+09:00,2026-08-05T18:20:24.9935554+09:00,795.264136,795.764136,30,30,0.077049,-0.028394,0.000000,0.000000,0.000000,0.000471,0
20260805_180709_229,1,Unspecified,1541,2026-08-05T18:20:24.9935554+09:00,2026-08-05T18:20:25.4935554+09:00,795.764136,796.264136,30,30,0.076806,-0.028978,0.000000,0.000000,0.000000,0.000208,0
20260805_180709_229,1,Unspecified,1542,2026-08-05T18:20:25.4935554+09:00,2026-08-05T18:20:25.9935554+09:00,796.264136,796.764136,30,30,0.076844,-0.028845,0.000000,0.000000,0.000000,0.000160,0
20260805_180709_229,1,Unspecified,1543,2026-08-05T18:20:25.9935554+09:00,2026-08-05T18:20:26.4935554+09:00,796.764136,797.264136,30,30,0.076721,-0.028656,0.000000,0.000000,0.000000,0.000246,0
20260805_180709_229,1,Unspecified,1544,2026-08-05T18:20:26.4935554+09:00,2026-08-05T18:20:26.9935554+09:00,797.264136,797.764136,30,30,0.076677,-0.028678,0.000000,0.000000,0.000000,0.000149,0
20260805_180709_229,1,Unspecified,1545,2026-08-05T18:20:26.9935554+09:00,2026-08-05T18:20:27.4935554+09:00,797.764136,798.264136,30,30,0.076738,-0.028638,0.000000,0.000000,0.000000,0.000170,0
20260805_180709_229,1,Unspecified,1546,2026-08-05T18:20:27.4935554+09:00,2026-08-05T18:20:27.9935554+09:00,798.264136,798.764136,30,30,0.076742,-0.028471,0.000000,0.000000,0.000000,0.000130,0
20260805_180709_229,1,Unspecified,1547,2026-08-05T18:20:27.9935554+09:00,2026-08-05T18:20:28.4935554+09:00,798.764136,799.264136,30,30,0.076701,-0.028362,0.000000,0.000000,0.000000,0.000186,0
20260805_180709_229,1,Unspecified,1548,2026-08-05T18:20:28.4935554+09:00,2026-08-05T18:20:28.9935554+09:00,799.264136,799.764136,30,30,0.076499,-0.028621,0.000000,0.000000,0.000000,0.000141,0
20260805_180709_229,1,Unspecified,1549,2026-08-05T18:20:28.9935554+09:00,2026-08-05T18:20:29.4935554+09:00,799.764136,800.264136,30,30,0.076655,-0.028559,0.000000,0.000000,0.000000,0.000158,0
20260805_180709_229,1,Unspecified,1550,2026-08-05T18:20:29.4935554+09:00,2026-08-05T18:20:29.9935554+09:00,800.264136,800.764136,30,30,0.076857,-0.028387,0.000000,0.000000,0.000000,0.000093,0
20260805_180709_229,1,Unspecified,1551,2026-08-05T18:20:29.9935554+09:00,2026-08-05T18:20:30.4935554+09:00,800.764136,801.264136,30,30,0.076923,-0.028377,0.000000,0.000000,0.000000,0.000133,0
20260805_180709_229,1,Unspecified,1552,2026-08-05T18:20:30.4935554+09:00,2026-08-05T18:20:30.9935554+09:00,801.264136,801.764136,30,30,0.076780,-0.028418,0.000000,0.000000,0.000000,0.000186,0
20260805_180709_229,1,Unspecified,1553,2026-08-05T18:20:30.9935554+09:00,2026-08-05T18:20:31.4935554+09:00,801.764136,802.264136,30,30,0.076600,-0.028620,0.000000,0.000000,0.000000,0.000087,0
20260805_180709_229,1,Unspecified,1554,2026-08-05T18:20:31.4935554+09:00,2026-08-05T18:20:31.9935554+09:00,802.264136,802.764136,30,30,0.076803,-0.028471,0.000000,0.000000,0.000000,0.000091,0
20260805_180709_229,1,Unspecified,1555,2026-08-05T18:20:31.9935554+09:00,2026-08-05T18:20:32.4935554+09:00,802.764136,803.264136,30,30,0.076715,-0.028391,0.000000,0.000000,0.000000,0.000113,0
20260805_180709_229,1,Unspecified,1556,2026-08-05T18:20:32.4935554+09:00,2026-08-05T18:20:32.9935554+09:00,803.264136,803.764136,30,30,0.076477,-0.028599,0.000000,0.000000,0.000000,0.000131,0
20260805_180709_229,1,Unspecified,1557,2026-08-05T18:20:32.9935554+09:00,2026-08-05T18:20:33.4935554+09:00,803.764136,804.264136,30,30,0.076863,-0.028340,0.000000,0.000000,0.000000,0.000087,0
20260805_180709_229,1,Unspecified,1558,2026-08-05T18:20:33.4935554+09:00,2026-08-05T18:20:33.9935554+09:00,804.264136,804.764136,30,30,0.076743,-0.028300,0.000000,0.000000,0.000000,0.000158,0
20260805_180709_229,1,Unspecified,1559,2026-08-05T18:20:33.9935554+09:00,2026-08-05T18:20:34.4935554+09:00,804.764136,805.264136,30,30,0.076795,-0.028250,0.000000,0.000000,0.000000,0.000114,0
20260805_180709_229,1,Unspecified,1560,2026-08-05T18:20:34.4935554+09:00,2026-08-05T18:20:34.9935554+09:00,805.264136,805.764136,30,30,0.077089,-0.028073,0.000000,0.000000,0.000000,0.000073,0
20260805_180709_229,1,Unspecified,1561,2026-08-05T18:20:34.9935554+09:00,2026-08-05T18:20:35.4935554+09:00,805.764136,806.264136,30,30,0.077033,-0.028141,0.000000,0.000000,0.000000,0.000131,0
20260805_180709_229,1,Unspecified,1562,2026-08-05T18:20:35.4935554+09:00,2026-08-05T18:20:35.9935554+09:00,806.264136,806.764136,30,30,0.076924,-0.028129,0.000000,0.000000,0.000000,0.000169,0
20260805_180709_229,1,Unspecified,1563,2026-08-05T18:20:35.9935554+09:00,2026-08-05T18:20:36.4935554+09:00,806.764136,807.264136,30,30,0.076785,-0.028150,0.000000,0.000000,0.000000,0.000072,0
20260805_180709_229,1,Unspecified,1564,2026-08-05T18:20:36.4935554+09:00,2026-08-05T18:20:36.9935554+09:00,807.264136,807.764136,30,30,0.076967,-0.028076,0.000000,0.000000,0.000000,0.000229,0
20260805_180709_229,1,Unspecified,1565,2026-08-05T18:20:36.9935554+09:00,2026-08-05T18:20:37.4935554+09:00,807.764136,808.264136,30,30,0.076990,-0.028089,0.000000,0.000000,0.000000,0.000105,0
20260805_180709_229,1,Unspecified,1566,2026-08-05T18:20:37.4935554+09:00,2026-08-05T18:20:37.9935554+09:00,808.264136,808.764136,30,30,0.077611,-0.027782,0.000000,0.000000,0.000000,0.000092,0
20260805_180709_229,1,Unspecified,1567,2026-08-05T18:20:37.9935554+09:00,2026-08-05T18:20:38.4935554+09:00,808.764136,809.264136,30,30,0.077628,-0.027826,0.000000,0.000000,0.000000,0.000121,0
20260805_180709_229,1,Unspecified,1568,2026-08-05T18:20:38.4935554+09:00,2026-08-05T18:20:38.9935554+09:00,809.264136,809.764136,30,30,0.077543,-0.027846,0.000000,0.000000,0.000000,0.000123,0
20260805_180709_229,1,Unspecified,1569,2026-08-05T18:20:38.9935554+09:00,2026-08-05T18:20:39.4935554+09:00,809.764136,810.264136,30,30,0.077780,-0.027708,0.000000,0.000000,0.000000,0.000064,0
20260805_180709_229,1,Unspecified,1570,2026-08-05T18:20:39.4935554+09:00,2026-08-05T18:20:39.9935554+09:00,810.264136,810.764136,30,30,0.077744,-0.027824,0.000000,0.000000,0.000000,0.000097,0
20260805_180709_229,1,Unspecified,1571,2026-08-05T18:20:39.9935554+09:00,2026-08-05T18:20:40.4935554+09:00,810.764136,811.264136,30,30,0.077700,-0.027852,0.000000,0.000000,0.000000,0.000102,0
20260805_180709_229,1,Unspecified,1572,2026-08-05T18:20:40.4935554+09:00,2026-08-05T18:20:40.9935554+09:00,811.264136,811.764136,30,30,0.077687,-0.027828,0.000000,0.000000,0.000000,0.000090,0
20260805_180709_229,1,Unspecified,1573,2026-08-05T18:20:40.9935554+09:00,2026-08-05T18:20:41.4935554+09:00,811.764136,812.264136,30,30,0.077664,-0.027831,0.000000,0.000000,0.000000,0.000128,0
20260805_180709_229,1,Unspecified,1574,2026-08-05T18:20:41.4935554+09:00,2026-08-05T18:20:41.9935554+09:00,812.264136,812.764136,30,30,0.077381,-0.027916,0.000000,0.000000,0.000000,0.000144,0
20260805_180709_229,1,Unspecified,1575,2026-08-05T18:20:41.9935554+09:00,2026-08-05T18:20:42.4935554+09:00,812.764136,813.264136,30,30,0.077207,-0.028013,0.000000,0.000000,0.000000,0.000116,0
20260805_180709_229,1,Unspecified,1576,2026-08-05T18:20:42.4935554+09:00,2026-08-05T18:20:42.9935554+09:00,813.264136,813.764136,30,30,0.077197,-0.028119,0.000000,0.000000,0.000000,0.000087,0
20260805_180709_229,1,Unspecified,1577,2026-08-05T18:20:42.9935554+09:00,2026-08-05T18:20:43.4935554+09:00,813.764136,814.264136,30,30,0.077269,-0.028131,0.000000,0.000000,0.000000,0.000077,0
20260805_180709_229,1,Unspecified,1578,2026-08-05T18:20:43.4935554+09:00,2026-08-05T18:20:43.9935554+09:00,814.264136,814.764136,30,30,0.077304,-0.028011,0.000000,0.000000,0.000000,0.000084,0
20260805_180709_229,1,Unspecified,1579,2026-08-05T18:20:43.9935554+09:00,2026-08-05T18:20:44.4935554+09:00,814.764136,815.264136,30,30,0.077120,-0.028028,0.000000,0.000000,0.000000,0.000102,0
20260805_180709_229,1,Unspecified,1580,2026-08-05T18:20:44.4935554+09:00,2026-08-05T18:20:44.9935554+09:00,815.264136,815.764136,30,30,0.077009,-0.028072,0.000000,0.000000,0.000000,0.000300,0
20260805_180709_229,1,Unspecified,1581,2026-08-05T18:20:44.9935554+09:00,2026-08-05T18:20:45.4935554+09:00,815.764136,816.264136,30,30,0.077115,-0.028326,0.000000,0.000000,0.000000,0.000494,0
20260805_180709_229,1,Unspecified,1582,2026-08-05T18:20:45.4935554+09:00,2026-08-05T18:20:45.9935554+09:00,816.264136,816.764136,30,30,0.077895,-0.027763,0.000000,0.000000,0.000000,0.000121,0
20260805_180709_229,1,Unspecified,1583,2026-08-05T18:20:45.9935554+09:00,2026-08-05T18:20:46.4935554+09:00,816.764136,817.264136,30,30,0.077936,-0.027616,0.000000,0.000000,0.000000,0.000080,0
20260805_180709_229,1,Unspecified,1584,2026-08-05T18:20:46.4935554+09:00,2026-08-05T18:20:46.9935554+09:00,817.264136,817.764136,30,30,0.077644,-0.027816,0.000000,0.000000,0.000000,0.000336,0
20260805_180709_229,1,Unspecified,1585,2026-08-05T18:20:46.9935554+09:00,2026-08-05T18:20:47.4935554+09:00,817.764136,818.264136,30,30,0.077556,-0.028197,0.000000,0.000000,0.000000,0.000312,0
20260805_180709_229,1,Unspecified,1586,2026-08-05T18:20:47.4935554+09:00,2026-08-05T18:20:47.9935554+09:00,818.264136,818.764136,30,30,0.077537,-0.027897,0.000000,0.000000,0.000000,0.000568,0
20260805_180709_229,1,Unspecified,1587,2026-08-05T18:20:47.9935554+09:00,2026-08-05T18:20:48.4935554+09:00,818.764136,819.264136,30,30,0.078122,-0.027300,0.000000,0.000000,0.000000,0.000123,0
20260805_180709_229,1,Unspecified,1588,2026-08-05T18:20:48.4935554+09:00,2026-08-05T18:20:48.9935554+09:00,819.264136,819.764136,30,30,0.078480,-0.027223,0.000000,0.000000,0.000000,0.000372,0
20260805_180709_229,1,Unspecified,1589,2026-08-05T18:20:48.9935554+09:00,2026-08-05T18:20:49.4935554+09:00,819.764136,820.264136,30,30,0.079659,-0.026733,0.000000,0.000000,0.000000,0.000195,0
20260805_180709_229,1,Unspecified,1590,2026-08-05T18:20:49.4935554+09:00,2026-08-05T18:20:49.9935554+09:00,820.264136,820.764136,30,30,0.079534,-0.026326,0.000000,0.000000,0.000000,0.000381,0
20260805_180709_229,1,Unspecified,1591,2026-08-05T18:20:49.9935554+09:00,2026-08-05T18:20:50.4935554+09:00,820.764136,821.264136,30,30,0.078883,-0.026431,0.000000,0.000000,0.000000,0.000217,0
20260805_180709_229,1,Unspecified,1592,2026-08-05T18:20:50.4935554+09:00,2026-08-05T18:20:50.9935554+09:00,821.264136,821.764136,30,30,0.079006,-0.026422,0.000000,0.000000,0.000000,0.000169,0
20260805_180709_229,1,Unspecified,1593,2026-08-05T18:20:50.9935554+09:00,2026-08-05T18:20:51.4935554+09:00,821.764136,822.264136,30,30,0.078716,-0.026684,0.000000,0.000000,0.000000,0.000244,0
20260805_180709_229,1,Unspecified,1594,2026-08-05T18:20:51.4935554+09:00,2026-08-05T18:20:51.9935554+09:00,822.264136,822.764136,30,30,0.078673,-0.026743,0.000000,0.000000,0.000000,0.000138,0
20260805_180709_229,1,Unspecified,1595,2026-08-05T18:20:51.9935554+09:00,2026-08-05T18:20:52.4935554+09:00,822.764136,823.264136,30,30,0.078766,-0.026691,0.000000,0.000000,0.000000,0.000106,0
20260805_180709_229,1,Unspecified,1596,2026-08-05T18:20:52.4935554+09:00,2026-08-05T18:20:52.9935554+09:00,823.264136,823.764136,30,30,0.078963,-0.026630,0.000000,0.000000,0.000000,0.000128,0
20260805_180709_229,1,Unspecified,1597,2026-08-05T18:20:52.9935554+09:00,2026-08-05T18:20:53.4935554+09:00,823.764136,824.264136,30,30,0.078959,-0.026673,0.000000,0.000000,0.000000,0.000189,0
20260805_180709_229,1,Unspecified,1598,2026-08-05T18:20:53.4935554+09:00,2026-08-05T18:20:53.9935554+09:00,824.264136,824.764136,30,30,0.078707,-0.026681,0.000000,0.000000,0.000000,0.000123,0
20260805_180709_229,1,Unspecified,1599,2026-08-05T18:20:53.9935554+09:00,2026-08-05T18:20:54.4935554+09:00,824.764136,825.264136,30,30,0.078533,-0.026777,0.000000,0.000000,0.000000,0.000099,0
20260805_180709_229,1,Unspecified,1600,2026-08-05T18:20:54.4935554+09:00,2026-08-05T18:20:54.9935554+09:00,825.264136,825.764136,30,30,0.078567,-0.026950,0.000000,0.000000,0.000000,0.000117,0
20260805_180709_229,1,Unspecified,1601,2026-08-05T18:20:54.9935554+09:00,2026-08-05T18:20:55.4935554+09:00,825.764136,826.264136,30,30,0.078531,-0.027042,0.000000,0.000000,0.000000,0.000096,0
20260805_180709_229,1,Unspecified,1602,2026-08-05T18:20:55.4935554+09:00,2026-08-05T18:20:55.9935554+09:00,826.264136,826.764136,30,30,0.078468,-0.027061,0.000000,0.000000,0.000000,0.000086,0
20260805_180709_229,1,Unspecified,1603,2026-08-05T18:20:55.9935554+09:00,2026-08-05T18:20:56.4935554+09:00,826.764136,827.264136,30,30,0.078523,-0.027023,0.000000,0.000000,0.000000,0.000105,0
20260805_180709_229,1,Unspecified,1604,2026-08-05T18:20:56.4935554+09:00,2026-08-05T18:20:56.9935554+09:00,827.264136,827.764136,30,30,0.078374,-0.027089,0.000000,0.000000,0.000000,0.000132,0
20260805_180709_229,1,Unspecified,1605,2026-08-05T18:20:56.9935554+09:00,2026-08-05T18:20:57.4935554+09:00,827.764136,828.264136,30,30,0.078088,-0.027363,0.000000,0.000000,0.000000,0.000106,0
20260805_180709_229,1,Unspecified,1606,2026-08-05T18:20:57.4935554+09:00,2026-08-05T18:20:57.9935554+09:00,828.264136,828.764136,30,30,0.078287,-0.027314,0.000000,0.000000,0.000000,0.000096,0
20260805_180709_229,1,Unspecified,1607,2026-08-05T18:20:57.9935554+09:00,2026-08-05T18:20:58.4935554+09:00,828.764136,829.264136,30,30,0.078396,-0.027226,0.000000,0.000000,0.000000,0.000165,0
20260805_180709_229,1,Unspecified,1608,2026-08-05T18:20:58.4935554+09:00,2026-08-05T18:20:58.9935554+09:00,829.264136,829.764136,30,30,0.078783,-0.027005,0.000000,0.000000,0.000000,0.000158,0
20260805_180709_229,1,Unspecified,1609,2026-08-05T18:20:58.9935554+09:00,2026-08-05T18:20:59.4935554+09:00,829.764136,830.264136,30,30,0.078752,-0.027014,0.000000,0.000000,0.000000,0.000172,0
20260805_180709_229,1,Unspecified,1610,2026-08-05T18:20:59.4935554+09:00,2026-08-05T18:20:59.9935554+09:00,830.264136,830.764136,30,30,0.078387,-0.027214,0.000000,0.000000,0.000000,0.000104,0
20260805_180709_229,1,Unspecified,1611,2026-08-05T18:20:59.9935554+09:00,2026-08-05T18:21:00.4935554+09:00,830.764136,831.264136,30,30,0.078120,-0.027415,0.000000,0.000000,0.000000,0.000232,0
20260805_180709_229,1,Unspecified,1612,2026-08-05T18:21:00.4935554+09:00,2026-08-05T18:21:00.9935554+09:00,831.264136,831.764136,30,30,0.078236,-0.027245,0.000000,0.000000,0.000000,0.000451,0
20260805_180709_229,1,Unspecified,1613,2026-08-05T18:21:00.9935554+09:00,2026-08-05T18:21:01.4935554+09:00,831.764136,832.264136,30,30,0.078530,-0.027043,0.000000,0.000000,0.000000,0.000160,0
20260805_180709_229,1,Unspecified,1614,2026-08-05T18:21:01.4935554+09:00,2026-08-05T18:21:01.9935554+09:00,832.264136,832.764136,30,30,0.078522,-0.026967,0.000000,0.000000,0.000000,0.000121,0
20260805_180709_229,1,Unspecified,1615,2026-08-05T18:21:01.9935554+09:00,2026-08-05T18:21:02.4935554+09:00,832.764136,833.264136,30,30,0.077989,-0.027177,0.000000,0.000000,0.000000,0.000129,0
20260805_180709_229,1,Unspecified,1616,2026-08-05T18:21:02.4935554+09:00,2026-08-05T18:21:02.9935554+09:00,833.264136,833.764136,30,30,0.077946,-0.027326,0.000000,0.000000,0.000000,0.000168,0
20260805_180709_229,1,Unspecified,1617,2026-08-05T18:21:02.9935554+09:00,2026-08-05T18:21:03.4935554+09:00,833.764136,834.264136,30,30,0.078381,-0.027287,0.000000,0.000000,0.000000,0.000159,0
20260805_180709_229,1,Unspecified,1618,2026-08-05T18:21:03.4935554+09:00,2026-08-05T18:21:03.9935554+09:00,834.264136,834.764136,30,30,0.078138,-0.027339,0.000000,0.000000,0.000000,0.000128,0
20260805_180709_229,1,Unspecified,1619,2026-08-05T18:21:03.9935554+09:00,2026-08-05T18:21:04.4935554+09:00,834.764136,835.264136,30,30,0.078077,-0.027301,0.000000,0.000000,0.000000,0.000168,0
20260805_180709_229,1,Unspecified,1620,2026-08-05T18:21:04.4935554+09:00,2026-08-05T18:21:04.9935554+09:00,835.264136,835.764136,30,30,0.077911,-0.027390,0.000000,0.000000,0.000000,0.000169,0
20260805_180709_229,1,Unspecified,1621,2026-08-05T18:21:04.9935554+09:00,2026-08-05T18:21:05.4935554+09:00,835.764136,836.264136,30,30,0.077887,-0.027462,0.000000,0.000000,0.000000,0.000082,0
20260805_180709_229,1,Unspecified,1622,2026-08-05T18:21:05.4935554+09:00,2026-08-05T18:21:05.9935554+09:00,836.264136,836.764136,30,30,0.077902,-0.027415,0.000000,0.000000,0.000000,0.000108,0
20260805_180709_229,1,Unspecified,1623,2026-08-05T18:21:05.9935554+09:00,2026-08-05T18:21:06.4935554+09:00,836.764136,837.264136,30,30,0.077941,-0.027283,0.000000,0.000000,0.000000,0.000128,0
20260805_180709_229,1,Unspecified,1624,2026-08-05T18:21:06.4935554+09:00,2026-08-05T18:21:06.9935554+09:00,837.264136,837.764136,30,30,0.078187,-0.027194,0.000000,0.000000,0.000000,0.000195,0
20260805_180709_229,1,Unspecified,1625,2026-08-05T18:21:06.9935554+09:00,2026-08-05T18:21:07.4935554+09:00,837.764136,838.264136,30,30,0.078404,-0.027006,0.000000,0.000000,0.000000,0.000154,0
20260805_180709_229,1,Unspecified,1626,2026-08-05T18:21:07.4935554+09:00,2026-08-05T18:21:07.9935554+09:00,838.264136,838.764136,30,30,0.078084,-0.027093,0.000000,0.000000,0.000000,0.000075,0
20260805_180709_229,1,Unspecified,1627,2026-08-05T18:21:07.9935554+09:00,2026-08-05T18:21:08.4935554+09:00,838.764136,839.264136,30,30,0.078409,-0.026878,0.000000,0.000000,0.000000,0.000108,0
20260805_180709_229,1,Unspecified,1628,2026-08-05T18:21:08.4935554+09:00,2026-08-05T18:21:08.9935554+09:00,839.264136,839.764136,30,30,0.079719,-0.026333,0.000000,0.000000,0.000000,0.000629,0
20260805_180709_229,1,Unspecified,1629,2026-08-05T18:21:08.9935554+09:00,2026-08-05T18:21:09.4935554+09:00,839.764136,840.264136,30,30,0.079831,-0.026243,0.000000,0.000000,0.000000,0.000121,0
20260805_180709_229,1,Unspecified,1630,2026-08-05T18:21:09.4935554+09:00,2026-08-05T18:21:09.9935554+09:00,840.264136,840.764136,30,30,0.079529,-0.026352,0.000000,0.000000,0.000000,0.000167,0
20260805_180709_229,1,Unspecified,1631,2026-08-05T18:21:09.9935554+09:00,2026-08-05T18:21:10.4935554+09:00,840.764136,841.264136,30,30,0.079094,-0.026536,0.000000,0.000000,0.000000,0.000309,0
20260805_180709_229,1,Unspecified,1632,2026-08-05T18:21:10.4935554+09:00,2026-08-05T18:21:10.9935554+09:00,841.264136,841.764136,30,30,0.078773,-0.026785,0.000000,0.000000,0.000000,0.000251,0
20260805_180709_229,1,Unspecified,1633,2026-08-05T18:21:10.9935554+09:00,2026-08-05T18:21:11.4935554+09:00,841.764136,842.264136,30,30,0.079130,-0.026642,0.000000,0.000000,0.000000,0.000071,0
20260805_180709_229,1,Unspecified,1634,2026-08-05T18:21:11.4935554+09:00,2026-08-05T18:21:11.9935554+09:00,842.264136,842.764136,30,30,0.079049,-0.026578,0.000000,0.000000,0.000000,0.000279,0
20260805_180709_229,1,Unspecified,1635,2026-08-05T18:21:11.9935554+09:00,2026-08-05T18:21:12.4935554+09:00,842.764136,843.264136,30,30,0.078847,-0.026625,0.000000,0.000000,0.000000,0.000254,0
20260805_180709_229,1,Unspecified,1636,2026-08-05T18:21:12.4935554+09:00,2026-08-05T18:21:12.9935554+09:00,843.264136,843.764136,30,30,0.079009,-0.026547,0.000000,0.000000,0.000000,0.000155,0
20260805_180709_229,1,Unspecified,1637,2026-08-05T18:21:12.9935554+09:00,2026-08-05T18:21:13.4935554+09:00,843.764136,844.264136,30,30,0.079016,-0.026656,0.000000,0.000000,0.000000,0.000083,0
20260805_180709_229,1,Unspecified,1638,2026-08-05T18:21:13.4935554+09:00,2026-08-05T18:21:13.9935554+09:00,844.264136,844.764136,30,30,0.079038,-0.026557,0.000000,0.000000,0.000000,0.000190,0
20260805_180709_229,1,Unspecified,1639,2026-08-05T18:21:13.9935554+09:00,2026-08-05T18:21:14.4935554+09:00,844.764136,845.264136,30,30,0.079112,-0.026438,0.000000,0.000000,0.000000,0.000078,0
20260805_180709_229,1,Unspecified,1640,2026-08-05T18:21:14.4935554+09:00,2026-08-05T18:21:14.9935554+09:00,845.264136,845.764136,30,30,0.079466,-0.026315,0.000000,0.000000,0.000000,0.000188,0
20260805_180709_229,1,Unspecified,1641,2026-08-05T18:21:14.9935554+09:00,2026-08-05T18:21:15.4935554+09:00,845.764136,846.264136,30,30,0.079835,-0.026247,0.000000,0.000000,0.000000,0.000100,0
20260805_180709_229,1,Unspecified,1642,2026-08-05T18:21:15.4935554+09:00,2026-08-05T18:21:15.9935554+09:00,846.264136,846.764136,30,30,0.079283,-0.026515,0.000000,0.000000,0.000000,0.000233,0
20260805_180709_229,1,Unspecified,1643,2026-08-05T18:21:15.9935554+09:00,2026-08-05T18:21:16.4935554+09:00,846.764136,847.264136,30,30,0.079080,-0.026589,0.000000,0.000000,0.000000,0.000129,0
20260805_180709_229,1,Unspecified,1644,2026-08-05T18:21:16.4935554+09:00,2026-08-05T18:21:16.9935554+09:00,847.264136,847.764136,30,30,0.078827,-0.026755,0.000000,0.000000,0.000000,0.000261,0
20260805_180709_229,1,Unspecified,1645,2026-08-05T18:21:16.9935554+09:00,2026-08-05T18:21:17.4935554+09:00,847.764136,848.264136,30,30,0.078626,-0.027149,0.000000,0.000000,0.000000,0.000116,0
20260805_180709_229,1,Unspecified,1646,2026-08-05T18:21:17.4935554+09:00,2026-08-05T18:21:17.9935554+09:00,848.264136,848.764136,30,30,0.078895,-0.026940,0.000000,0.000000,0.000000,0.000106,0
20260805_180709_229,1,Unspecified,1647,2026-08-05T18:21:17.9935554+09:00,2026-08-05T18:21:18.4935554+09:00,848.764136,849.264136,30,30,0.078858,-0.026885,0.000000,0.000000,0.000000,0.000115,0
20260805_180709_229,1,Unspecified,1648,2026-08-05T18:21:18.4935554+09:00,2026-08-05T18:21:18.9935554+09:00,849.264136,849.764136,30,30,0.078876,-0.026921,0.000000,0.000000,0.000000,0.000065,0
20260805_180709_229,1,Unspecified,1649,2026-08-05T18:21:18.9935554+09:00,2026-08-05T18:21:19.4935554+09:00,849.764136,850.264136,30,30,0.079287,-0.026822,0.000000,0.000000,0.000000,0.000096,0
20260805_180709_229,1,Unspecified,1650,2026-08-05T18:21:19.4935554+09:00,2026-08-05T18:21:19.9935554+09:00,850.264136,850.764136,30,30,0.079013,-0.027022,0.000000,0.000000,0.000000,0.000178,0
20260805_180709_229,1,Unspecified,1651,2026-08-05T18:21:19.9935554+09:00,2026-08-05T18:21:20.4935554+09:00,850.764136,851.264136,30,30,0.079013,-0.026911,0.000000,0.000000,0.000000,0.000098,0
20260805_180709_229,1,Unspecified,1652,2026-08-05T18:21:20.4935554+09:00,2026-08-05T18:21:20.9935554+09:00,851.264136,851.764136,30,30,0.078977,-0.026853,0.000000,0.000000,0.000000,0.000084,0
20260805_180709_229,1,Unspecified,1653,2026-08-05T18:21:20.9935554+09:00,2026-08-05T18:21:21.4935554+09:00,851.764136,852.264136,30,30,0.078683,-0.027173,0.000000,0.000000,0.000000,0.000112,0
20260805_180709_229,1,Unspecified,1654,2026-08-05T18:21:21.4935554+09:00,2026-08-05T18:21:21.9935554+09:00,852.264136,852.764136,30,30,0.078504,-0.027234,0.000000,0.000000,0.000000,0.000106,0
20260805_180709_229,1,Unspecified,1655,2026-08-05T18:21:21.9935554+09:00,2026-08-05T18:21:22.4935554+09:00,852.764136,853.264136,30,30,0.078651,-0.027022,0.000000,0.000000,0.000000,0.000085,0
20260805_180709_229,1,Unspecified,1656,2026-08-05T18:21:22.4935554+09:00,2026-08-05T18:21:22.9935554+09:00,853.264136,853.764136,30,30,0.078327,-0.027257,0.000000,0.000000,0.000000,0.000307,0
20260805_180709_229,1,Unspecified,1657,2026-08-05T18:21:22.9935554+09:00,2026-08-05T18:21:23.4935554+09:00,853.764136,854.264136,30,30,0.078296,-0.027387,0.000000,0.000000,0.000000,0.000082,0
20260805_180709_229,1,Unspecified,1658,2026-08-05T18:21:23.4935554+09:00,2026-08-05T18:21:23.9935554+09:00,854.264136,854.764136,30,30,0.078322,-0.027338,0.000000,0.000000,0.000000,0.000118,0
20260805_180709_229,1,Unspecified,1659,2026-08-05T18:21:23.9935554+09:00,2026-08-05T18:21:24.4935554+09:00,854.764136,855.264136,30,30,0.078594,-0.027125,0.000000,0.000000,0.000000,0.000230,0
20260805_180709_229,1,Unspecified,1660,2026-08-05T18:21:24.4935554+09:00,2026-08-05T18:21:24.9935554+09:00,855.264136,855.764136,30,30,0.078673,-0.027173,0.000000,0.000000,0.000000,0.000312,0
20260805_180709_229,1,Unspecified,1661,2026-08-05T18:21:24.9935554+09:00,2026-08-05T18:21:25.4935554+09:00,855.764136,856.264136,30,30,0.078660,-0.027495,0.000000,0.000000,0.000000,0.000453,0
20260805_180709_229,1,Unspecified,1662,2026-08-05T18:21:25.4935554+09:00,2026-08-05T18:21:25.9935554+09:00,856.264136,856.764136,30,30,0.078050,-0.027977,0.000000,0.000000,0.000000,0.000267,0
20260805_180709_229,1,Unspecified,1663,2026-08-05T18:21:25.9935554+09:00,2026-08-05T18:21:26.4935554+09:00,856.764136,857.264136,30,30,0.077796,-0.028007,0.000000,0.000000,0.000000,0.000147,0
20260805_180709_229,1,Unspecified,1664,2026-08-05T18:21:26.4935554+09:00,2026-08-05T18:21:26.9935554+09:00,857.264136,857.764136,30,30,0.077300,-0.028299,0.000000,0.000000,0.000000,0.000205,0
20260805_180709_229,1,Unspecified,1665,2026-08-05T18:21:26.9935554+09:00,2026-08-05T18:21:27.4935554+09:00,857.764136,858.264136,30,30,0.077130,-0.028509,0.000000,0.000000,0.000000,0.000095,0
20260805_180709_229,1,Unspecified,1666,2026-08-05T18:21:27.4935554+09:00,2026-08-05T18:21:27.9935554+09:00,858.264136,858.764136,30,30,0.077271,-0.028248,0.000000,0.000000,0.000000,0.000179,0
20260805_180709_229,1,Unspecified,1667,2026-08-05T18:21:27.9935554+09:00,2026-08-05T18:21:28.4935554+09:00,858.764136,859.264136,30,30,0.077242,-0.028086,0.000000,0.000000,0.000000,0.000092,0
20260805_180709_229,1,Unspecified,1668,2026-08-05T18:21:28.4935554+09:00,2026-08-05T18:21:28.9935554+09:00,859.264136,859.764136,30,30,0.077633,-0.027792,0.000000,0.000000,0.000000,0.000250,0
20260805_180709_229,1,Unspecified,1669,2026-08-05T18:21:28.9935554+09:00,2026-08-05T18:21:29.4935554+09:00,859.764136,860.264136,30,30,0.078200,-0.027477,0.000000,0.000000,0.000000,0.000175,0
20260805_180709_229,1,Unspecified,1670,2026-08-05T18:21:29.4935554+09:00,2026-08-05T18:21:29.9935554+09:00,860.264136,860.764136,30,30,0.078383,-0.027228,0.000000,0.000000,0.000000,0.000166,0
20260805_180709_229,1,Unspecified,1671,2026-08-05T18:21:29.9935554+09:00,2026-08-05T18:21:30.4935554+09:00,860.764136,861.264136,30,30,0.078612,-0.026893,0.000000,0.000000,0.000000,0.000113,0
20260805_180709_229,1,Unspecified,1672,2026-08-05T18:21:30.4935554+09:00,2026-08-05T18:21:30.9935554+09:00,861.264136,861.764136,30,30,0.078608,-0.026835,0.000000,0.000000,0.000000,0.000092,0
20260805_180709_229,1,Unspecified,1673,2026-08-05T18:21:30.9935554+09:00,2026-08-05T18:21:31.4935554+09:00,861.764136,862.264136,30,30,0.078585,-0.026843,0.000000,0.000000,0.000000,0.000130,0
20260805_180709_229,1,Unspecified,1674,2026-08-05T18:21:31.4935554+09:00,2026-08-05T18:21:31.9935554+09:00,862.264136,862.764136,30,30,0.078648,-0.026756,0.000000,0.000000,0.000000,0.000081,0
20260805_180709_229,1,Unspecified,1675,2026-08-05T18:21:31.9935554+09:00,2026-08-05T18:21:32.4935554+09:00,862.764136,863.264136,30,30,0.078872,-0.026552,0.000000,0.000000,0.000000,0.000188,0
20260805_180709_229,1,Unspecified,1676,2026-08-05T18:21:32.4935554+09:00,2026-08-05T18:21:32.9935554+09:00,863.264136,863.764136,30,30,0.079496,-0.025997,0.000000,0.000000,0.000000,0.000476,0
20260805_180709_229,1,Unspecified,1677,2026-08-05T18:21:32.9935554+09:00,2026-08-05T18:21:33.4935554+09:00,863.764136,864.264136,30,30,0.079796,-0.025703,0.000000,0.000000,0.000000,0.000114,0
20260805_180709_229,1,Unspecified,1678,2026-08-05T18:21:33.4935554+09:00,2026-08-05T18:21:33.9935554+09:00,864.264136,864.764136,30,30,0.079642,-0.025784,0.000000,0.000000,0.000000,0.000123,0
20260805_180709_229,1,Unspecified,1679,2026-08-05T18:21:33.9935554+09:00,2026-08-05T18:21:34.4935554+09:00,864.764136,865.264136,30,30,0.079384,-0.025954,0.000000,0.000000,0.000000,0.000232,0
20260805_180709_229,1,Unspecified,1680,2026-08-05T18:21:34.4935554+09:00,2026-08-05T18:21:34.9935554+09:00,865.264136,865.764136,30,30,0.079073,-0.026261,0.000000,0.000000,0.000000,0.000181,0
20260805_180709_229,1,Unspecified,1681,2026-08-05T18:21:34.9935554+09:00,2026-08-05T18:21:35.4935554+09:00,865.764136,866.264136,30,30,0.079868,-0.025607,0.000000,0.000000,0.000000,0.000536,0
20260805_180709_229,1,Unspecified,1682,2026-08-05T18:21:35.4935554+09:00,2026-08-05T18:21:35.9935554+09:00,866.264136,866.764136,30,30,0.080586,-0.024942,0.000000,0.000000,0.000000,0.000134,0
20260805_180709_229,1,Unspecified,1683,2026-08-05T18:21:35.9935554+09:00,2026-08-05T18:21:36.4935554+09:00,866.764136,867.264136,30,30,0.080434,-0.024968,0.000000,0.000000,0.000000,0.000092,0
20260805_180709_229,1,Unspecified,1684,2026-08-05T18:21:36.4935554+09:00,2026-08-05T18:21:36.9935554+09:00,867.264136,867.764136,30,30,0.080214,-0.025139,0.000000,0.000000,0.000000,0.000080,0
20260805_180709_229,1,Unspecified,1685,2026-08-05T18:21:36.9935554+09:00,2026-08-05T18:21:37.4935554+09:00,867.764136,868.264136,30,30,0.080209,-0.025207,0.000000,0.000000,0.000000,0.000164,0
20260805_180709_229,1,Unspecified,1686,2026-08-05T18:21:37.4935554+09:00,2026-08-05T18:21:37.9935554+09:00,868.264136,868.764136,30,30,0.080033,-0.025379,0.000000,0.000000,0.000000,0.000091,0
20260805_180709_229,1,Unspecified,1687,2026-08-05T18:21:37.9935554+09:00,2026-08-05T18:21:38.4935554+09:00,868.764136,869.264136,30,30,0.079877,-0.025523,0.000000,0.000000,0.000000,0.000087,0
20260805_180709_229,1,Unspecified,1688,2026-08-05T18:21:38.4935554+09:00,2026-08-05T18:21:38.9935554+09:00,869.264136,869.764136,30,30,0.080185,-0.025441,0.000000,0.000000,0.000000,0.000149,0
20260805_180709_229,1,Unspecified,1689,2026-08-05T18:21:38.9935554+09:00,2026-08-05T18:21:39.4935554+09:00,869.764136,870.264136,30,30,0.080215,-0.025415,0.000000,0.000000,0.000000,0.000151,0
20260805_180709_229,1,Unspecified,1690,2026-08-05T18:21:39.4935554+09:00,2026-08-05T18:21:39.9935554+09:00,870.264136,870.764136,30,30,0.080329,-0.025235,0.000000,0.000000,0.000000,0.000065,0
20260805_180709_229,1,Unspecified,1691,2026-08-05T18:21:39.9935554+09:00,2026-08-05T18:21:40.4935554+09:00,870.764136,871.264136,30,30,0.080390,-0.025137,0.000000,0.000000,0.000000,0.000109,0
20260805_180709_229,1,Unspecified,1692,2026-08-05T18:21:40.4935554+09:00,2026-08-05T18:21:40.9935554+09:00,871.264136,871.764136,30,30,0.080131,-0.025338,0.000000,0.000000,0.000000,0.000205,0
20260805_180709_229,1,Unspecified,1693,2026-08-05T18:21:40.9935554+09:00,2026-08-05T18:21:41.4935554+09:00,871.764136,872.264136,30,30,0.079672,-0.025949,0.000000,0.000000,0.000000,0.000152,0
20260805_180709_229,1,Unspecified,1694,2026-08-05T18:21:41.4935554+09:00,2026-08-05T18:21:41.9935554+09:00,872.264136,872.764136,30,30,0.079869,-0.025867,0.000000,0.000000,0.000000,0.000118,0
20260805_180709_229,1,Unspecified,1695,2026-08-05T18:21:41.9935554+09:00,2026-08-05T18:21:42.4935554+09:00,872.764136,873.264136,30,30,0.079866,-0.025811,0.000000,0.000000,0.000000,0.000125,0
20260805_180709_229,1,Unspecified,1696,2026-08-05T18:21:42.4935554+09:00,2026-08-05T18:21:42.9935554+09:00,873.264136,873.764136,30,30,0.079842,-0.025937,0.000000,0.000000,0.000000,0.000181,0
20260805_180709_229,1,Unspecified,1697,2026-08-05T18:21:42.9935554+09:00,2026-08-05T18:21:43.4935554+09:00,873.764136,874.264136,30,30,0.080154,-0.025819,0.000000,0.000000,0.000000,0.000328,0
20260805_180709_229,1,Unspecified,1698,2026-08-05T18:21:43.4935554+09:00,2026-08-05T18:21:43.9935554+09:00,874.264136,874.764136,30,30,0.080070,-0.025722,0.000000,0.000000,0.000000,0.000174,0
20260805_180709_229,1,Unspecified,1699,2026-08-05T18:21:43.9935554+09:00,2026-08-05T18:21:44.4935554+09:00,874.764136,875.264136,30,30,0.080157,-0.025460,0.000000,0.000000,0.000000,0.000077,0
20260805_180709_229,1,Unspecified,1700,2026-08-05T18:21:44.4935554+09:00,2026-08-05T18:21:44.9935554+09:00,875.264136,875.764136,30,30,0.080272,-0.025271,0.000000,0.000000,0.000000,0.000234,0
20260805_180709_229,1,Unspecified,1701,2026-08-05T18:21:44.9935554+09:00,2026-08-05T18:21:45.4935554+09:00,875.764136,876.264136,30,30,0.082597,-0.020326,0.000002,0.000010,0.000004,0.003480,0
20260805_180709_229,1,Unspecified,1702,2026-08-05T18:21:45.4935554+09:00,2026-08-05T18:21:45.9935554+09:00,876.264136,876.764136,30,30,0.084921,-0.016635,0.000000,0.000002,0.000001,0.001482,0
20260805_180709_229,1,Unspecified,1703,2026-08-05T18:21:45.9935554+09:00,2026-08-05T18:21:46.4935554+09:00,876.764136,877.264136,30,30,0.082161,-0.020405,0.000000,0.000000,0.000000,0.000443,0
20260805_180709_229,1,Unspecified,1704,2026-08-05T18:21:46.4935554+09:00,2026-08-05T18:21:46.9935554+09:00,877.264136,877.764136,30,30,0.081615,-0.021724,0.000000,0.000001,0.000000,0.000895,0
20260805_180709_229,1,Unspecified,1705,2026-08-05T18:21:46.9935554+09:00,2026-08-05T18:21:47.4935554+09:00,877.764136,878.264136,30,30,0.080769,-0.023764,0.000000,0.000000,0.000000,0.000477,0
20260805_180709_229,1,Unspecified,1706,2026-08-05T18:21:47.4935554+09:00,2026-08-05T18:21:47.9935554+09:00,878.264136,878.764136,30,30,0.079257,-0.024832,0.000000,0.000000,0.000000,0.000514,0
20260805_180709_229,1,Unspecified,1707,2026-08-05T18:21:47.9935554+09:00,2026-08-05T18:21:48.4935554+09:00,878.764136,879.264136,30,30,0.079465,-0.024972,0.000000,0.000000,0.000000,0.000340,0
20260805_180709_229,1,Unspecified,1708,2026-08-05T18:21:48.4935554+09:00,2026-08-05T18:21:48.9935554+09:00,879.264136,879.764136,30,30,0.080474,-0.024516,0.000000,0.000000,0.000000,0.000304,0
20260805_180709_229,1,Unspecified,1709,2026-08-05T18:21:48.9935554+09:00,2026-08-05T18:21:49.4935554+09:00,879.764136,880.264136,30,30,0.080071,-0.024695,0.000000,0.000000,0.000000,0.000203,0
20260805_180709_229,1,Unspecified,1710,2026-08-05T18:21:49.4935554+09:00,2026-08-05T18:21:49.9935554+09:00,880.264136,880.764136,30,30,0.080010,-0.024616,0.000000,0.000000,0.000000,0.000206,0
20260805_180709_229,1,Unspecified,1711,2026-08-05T18:21:49.9935554+09:00,2026-08-05T18:21:50.4935554+09:00,880.764136,881.264136,30,30,0.079750,-0.024709,0.000000,0.000000,0.000000,0.000083,0
20260805_180709_229,1,Unspecified,1712,2026-08-05T18:21:50.4935554+09:00,2026-08-05T18:21:50.9935554+09:00,881.264136,881.764136,30,30,0.080004,-0.024711,0.000000,0.000000,0.000000,0.000367,0
20260805_180709_229,1,Unspecified,1713,2026-08-05T18:21:50.9935554+09:00,2026-08-05T18:21:51.4935554+09:00,881.764136,882.264136,30,30,0.080432,-0.024691,0.000000,0.000000,0.000000,0.000283,0
20260805_180709_229,1,Unspecified,1714,2026-08-05T18:21:51.4935554+09:00,2026-08-05T18:21:51.9935554+09:00,882.264136,882.764136,30,30,0.080132,-0.024860,0.000000,0.000000,0.000000,0.000073,0
20260805_180709_229,1,Unspecified,1715,2026-08-05T18:21:51.9935554+09:00,2026-08-05T18:21:52.4935554+09:00,882.764136,883.264136,30,30,0.079993,-0.024815,0.000000,0.000000,0.000000,0.000092,0
20260805_180709_229,1,Unspecified,1716,2026-08-05T18:21:52.4935554+09:00,2026-08-05T18:21:52.9935554+09:00,883.264136,883.764136,30,30,0.079940,-0.024773,0.000000,0.000000,0.000000,0.000146,0
20260805_180709_229,1,Unspecified,1717,2026-08-05T18:21:52.9935554+09:00,2026-08-05T18:21:53.4935554+09:00,883.764136,884.264136,30,30,0.080163,-0.024675,0.000000,0.000000,0.000000,0.000072,0
20260805_180709_229,1,Unspecified,1718,2026-08-05T18:21:53.4935554+09:00,2026-08-05T18:21:53.9935554+09:00,884.264136,884.764136,30,30,0.080496,-0.024387,0.000000,0.000000,0.000000,0.000298,0
20260805_180709_229,1,Unspecified,1719,2026-08-05T18:21:53.9935554+09:00,2026-08-05T18:21:54.4935554+09:00,884.764136,885.264136,30,30,0.080906,-0.024078,0.000000,0.000000,0.000000,0.000170,0
20260805_180709_229,1,Unspecified,1720,2026-08-05T18:21:54.4935554+09:00,2026-08-05T18:21:54.9935554+09:00,885.264136,885.764136,30,30,0.080711,-0.024090,0.000000,0.000000,0.000000,0.000368,0
20260805_180709_229,1,Unspecified,1721,2026-08-05T18:21:54.9935554+09:00,2026-08-05T18:21:55.4935554+09:00,885.764136,886.264136,30,30,0.080122,-0.024456,0.000000,0.000000,0.000000,0.000059,0
20260805_180709_229,1,Unspecified,1722,2026-08-05T18:21:55.4935554+09:00,2026-08-05T18:21:55.9935554+09:00,886.264136,886.764136,30,30,0.080201,-0.024456,0.000000,0.000000,0.000000,0.000125,0
20260805_180709_229,1,Unspecified,1723,2026-08-05T18:21:55.9935554+09:00,2026-08-05T18:21:56.4935554+09:00,886.764136,887.264136,30,30,0.080550,-0.024267,0.000000,0.000000,0.000000,0.000071,0
20260805_180709_229,1,Unspecified,1724,2026-08-05T18:21:56.4935554+09:00,2026-08-05T18:21:56.9935554+09:00,887.264136,887.764136,30,30,0.080642,-0.024221,0.000000,0.000000,0.000000,0.000110,0
20260805_180709_229,1,Unspecified,1725,2026-08-05T18:21:56.9935554+09:00,2026-08-05T18:21:57.4935554+09:00,887.764136,888.264136,30,30,0.080561,-0.024372,0.000000,0.000000,0.000000,0.000132,0
20260805_180709_229,1,Unspecified,1726,2026-08-05T18:21:57.4935554+09:00,2026-08-05T18:21:57.9935554+09:00,888.264136,888.764136,30,30,0.080248,-0.024573,0.000000,0.000000,0.000000,0.000143,0
20260805_180709_229,1,Unspecified,1727,2026-08-05T18:21:57.9935554+09:00,2026-08-05T18:21:58.4935554+09:00,888.764136,889.264136,30,30,0.080450,-0.024464,0.000000,0.000000,0.000000,0.000119,0
20260805_180709_229,1,Unspecified,1728,2026-08-05T18:21:58.4935554+09:00,2026-08-05T18:21:58.9935554+09:00,889.264136,889.764136,30,30,0.080824,-0.024121,0.000000,0.000000,0.000000,0.000434,0
20260805_180709_229,1,Unspecified,1729,2026-08-05T18:21:58.9935554+09:00,2026-08-05T18:21:59.4935554+09:00,889.764136,890.264136,30,30,0.080895,-0.024010,0.000000,0.000000,0.000000,0.000138,0
20260805_180709_229,1,Unspecified,1730,2026-08-05T18:21:59.4935554+09:00,2026-08-05T18:21:59.9935554+09:00,890.264136,890.764136,30,30,0.080904,-0.024080,0.000000,0.000000,0.000000,0.000162,0
20260805_180709_229,1,Unspecified,1731,2026-08-05T18:21:59.9935554+09:00,2026-08-05T18:22:00.4935554+09:00,890.764136,891.264136,30,30,0.080614,-0.024200,0.000000,0.000000,0.000000,0.000107,0
20260805_180709_229,1,Unspecified,1732,2026-08-05T18:22:00.4935554+09:00,2026-08-05T18:22:00.9935554+09:00,891.264136,891.764136,30,30,0.080239,-0.024555,0.000000,0.000000,0.000000,0.000436,0
20260805_180709_229,1,Unspecified,1733,2026-08-05T18:22:00.9935554+09:00,2026-08-05T18:22:01.4935554+09:00,891.764136,892.264136,30,30,0.080111,-0.024890,0.000000,0.000000,0.000000,0.000090,0
20260805_180709_229,1,Unspecified,1734,2026-08-05T18:22:01.4935554+09:00,2026-08-05T18:22:01.9935554+09:00,892.264136,892.764136,30,30,0.080291,-0.024691,0.000000,0.000000,0.000000,0.000117,0
20260805_180709_229,1,Unspecified,1735,2026-08-05T18:22:01.9935554+09:00,2026-08-05T18:22:02.4935554+09:00,892.764136,893.264136,30,30,0.080441,-0.024503,0.000000,0.000000,0.000000,0.000187,0
20260805_180709_229,1,Unspecified,1736,2026-08-05T18:22:02.4935554+09:00,2026-08-05T18:22:02.9935554+09:00,893.264136,893.764136,30,30,0.080181,-0.024751,0.000000,0.000000,0.000000,0.000467,0
20260805_180709_229,1,Unspecified,1737,2026-08-05T18:22:02.9935554+09:00,2026-08-05T18:22:03.4935554+09:00,893.764136,894.264136,30,30,0.079832,-0.025401,0.000000,0.000000,0.000000,0.000120,0
20260805_180709_229,1,Unspecified,1738,2026-08-05T18:22:03.4935554+09:00,2026-08-05T18:22:03.9935554+09:00,894.264136,894.764136,30,30,0.079945,-0.025226,0.000000,0.000000,0.000000,0.000141,0
20260805_180709_229,1,Unspecified,1739,2026-08-05T18:22:03.9935554+09:00,2026-08-05T18:22:04.4935554+09:00,894.764136,895.264136,30,30,0.080103,-0.024994,0.000000,0.000000,0.000000,0.000199,0
20260805_180709_229,1,Unspecified,1740,2026-08-05T18:22:04.4935554+09:00,2026-08-05T18:22:04.9935554+09:00,895.264136,895.764136,30,30,0.080134,-0.024949,0.000000,0.000000,0.000000,0.000097,0
20260805_180709_229,1,Unspecified,1741,2026-08-05T18:22:04.9935554+09:00,2026-08-05T18:22:05.4935554+09:00,895.764136,896.264136,30,30,0.080008,-0.024927,0.000000,0.000000,0.000000,0.000155,0
20260805_180709_229,1,Unspecified,1742,2026-08-05T18:22:05.4935554+09:00,2026-08-05T18:22:05.9935554+09:00,896.264136,896.764136,30,30,0.079804,-0.025202,0.000000,0.000000,0.000000,0.000200,0
20260805_180709_229,1,Unspecified,1743,2026-08-05T18:22:05.9935554+09:00,2026-08-05T18:22:06.4935554+09:00,896.764136,897.264136,30,30,0.079728,-0.025141,0.000000,0.000000,0.000000,0.000115,0
20260805_180709_229,1,Unspecified,1744,2026-08-05T18:22:06.4935554+09:00,2026-08-05T18:22:06.9935554+09:00,897.264136,897.764136,30,30,0.079390,-0.025412,0.000000,0.000000,0.000000,0.000263,0
20260805_180709_229,1,Unspecified,1745,2026-08-05T18:22:06.9935554+09:00,2026-08-05T18:22:07.4935554+09:00,897.764136,898.264136,30,30,0.079655,-0.025194,0.000000,0.000000,0.000000,0.000232,0
20260805_180709_229,1,Unspecified,1746,2026-08-05T18:22:07.4935554+09:00,2026-08-05T18:22:07.9935554+09:00,898.264136,898.764136,30,30,0.080214,-0.024640,0.000000,0.000000,0.000000,0.000156,0
20260805_180709_229,1,Unspecified,1747,2026-08-05T18:22:07.9935554+09:00,2026-08-05T18:22:08.4935554+09:00,898.764136,899.264136,30,30,0.080321,-0.024636,0.000000,0.000000,0.000000,0.000271,0
20260805_180709_229,1,Unspecified,1748,2026-08-05T18:22:08.4935554+09:00,2026-08-05T18:22:08.9935554+09:00,899.264136,899.764136,30,30,0.080306,-0.024673,0.000000,0.000000,0.000000,0.000316,0
20260805_180709_229,1,Unspecified,1749,2026-08-05T18:22:08.9935554+09:00,2026-08-05T18:22:09.4935554+09:00,899.764136,900.264136,30,30,0.080300,-0.024834,0.000000,0.000000,0.000000,0.000247,0
20260805_180709_229,1,Unspecified,1750,2026-08-05T18:22:09.4935554+09:00,2026-08-05T18:22:09.9935554+09:00,900.264136,900.764136,30,30,0.080512,-0.024441,0.000000,0.000000,0.000000,0.000113,0
20260805_180709_229,1,Unspecified,1751,2026-08-05T18:22:09.9935554+09:00,2026-08-05T18:22:10.4935554+09:00,900.764136,901.264136,30,30,0.080254,-0.024504,0.000000,0.000000,0.000000,0.000096,0
20260805_180709_229,1,Unspecified,1752,2026-08-05T18:22:10.4935554+09:00,2026-08-05T18:22:10.9935554+09:00,901.264136,901.764136,30,30,0.080340,-0.024485,0.000000,0.000000,0.000000,0.000145,0
20260805_180709_229,1,Unspecified,1753,2026-08-05T18:22:10.9935554+09:00,2026-08-05T18:22:11.4935554+09:00,901.764136,902.264136,30,30,0.080729,-0.024200,0.000000,0.000000,0.000000,0.000146,0
20260805_180709_229,1,Unspecified,1754,2026-08-05T18:22:11.4935554+09:00,2026-08-05T18:22:11.9935554+09:00,902.264136,902.764136,30,30,0.080748,-0.024133,0.000000,0.000000,0.000000,0.000093,0
20260805_180709_229,1,Unspecified,1755,2026-08-05T18:22:11.9935554+09:00,2026-08-05T18:22:12.4935554+09:00,902.764136,903.264136,30,30,0.080601,-0.024184,0.000000,0.000000,0.000000,0.000147,0
20260805_180709_229,1,Unspecified,1756,2026-08-05T18:22:12.4935554+09:00,2026-08-05T18:22:12.9935554+09:00,903.264136,903.764136,30,30,0.080371,-0.024345,0.000000,0.000000,0.000000,0.000083,0
20260805_180709_229,1,Unspecified,1757,2026-08-05T18:22:12.9935554+09:00,2026-08-05T18:22:13.4935554+09:00,903.764136,904.264136,30,30,0.080521,-0.024359,0.000000,0.000000,0.000000,0.000119,0
20260805_180709_229,1,Unspecified,1758,2026-08-05T18:22:13.4935554+09:00,2026-08-05T18:22:13.9935554+09:00,904.264136,904.764136,30,30,0.080497,-0.024371,0.000000,0.000000,0.000000,0.000113,0
20260805_180709_229,1,Unspecified,1759,2026-08-05T18:22:13.9935554+09:00,2026-08-05T18:22:14.4935554+09:00,904.764136,905.264136,30,30,0.080582,-0.024291,0.000000,0.000000,0.000000,0.000120,0
20260805_180709_229,1,Unspecified,1760,2026-08-05T18:22:14.4935554+09:00,2026-08-05T18:22:14.9935554+09:00,905.264136,905.764136,30,30,0.080920,-0.023960,0.000000,0.000000,0.000000,0.000238,0
20260805_180709_229,1,Unspecified,1761,2026-08-05T18:22:14.9935554+09:00,2026-08-05T18:22:15.4935554+09:00,905.764136,906.264136,30,30,0.080921,-0.023966,0.000000,0.000000,0.000000,0.000144,0
20260805_180709_229,1,Unspecified,1762,2026-08-05T18:22:15.4935554+09:00,2026-08-05T18:22:15.9935554+09:00,906.264136,906.764136,30,30,0.080646,-0.024140,0.000000,0.000000,0.000000,0.000082,0
20260805_180709_229,1,Unspecified,1763,2026-08-05T18:22:15.9935554+09:00,2026-08-05T18:22:16.4935554+09:00,906.764136,907.264136,30,30,0.080672,-0.023983,0.000000,0.000000,0.000000,0.000134,0
20260805_180709_229,1,Unspecified,1764,2026-08-05T18:22:16.4935554+09:00,2026-08-05T18:22:16.9935554+09:00,907.264136,907.764136,30,30,0.080452,-0.024228,0.000000,0.000000,0.000000,0.000262,0
20260805_180709_229,1,Unspecified,1765,2026-08-05T18:22:16.9935554+09:00,2026-08-05T18:22:17.4935554+09:00,907.764136,908.264136,30,30,0.080826,-0.024037,0.000000,0.000000,0.000000,0.000166,0
20260805_180709_229,1,Unspecified,1766,2026-08-05T18:22:17.4935554+09:00,2026-08-05T18:22:17.9935554+09:00,908.264136,908.764136,30,30,0.080714,-0.023827,0.000000,0.000000,0.000000,0.000119,0
20260805_180709_229,1,Unspecified,1767,2026-08-05T18:22:17.9935554+09:00,2026-08-05T18:22:18.4935554+09:00,908.764136,909.264136,30,30,0.080601,-0.023967,0.000000,0.000000,0.000000,0.000134,0
20260805_180709_229,1,Unspecified,1768,2026-08-05T18:22:18.4935554+09:00,2026-08-05T18:22:18.9935554+09:00,909.264136,909.764136,30,30,0.080856,-0.023871,0.000000,0.000000,0.000000,0.000136,0
20260805_180709_229,1,Unspecified,1769,2026-08-05T18:22:18.9935554+09:00,2026-08-05T18:22:19.4935554+09:00,909.764136,910.264136,30,30,0.081109,-0.023538,0.000000,0.000000,0.000000,0.000202,0
20260805_180709_229,1,Unspecified,1770,2026-08-05T18:22:19.4935554+09:00,2026-08-05T18:22:19.9935554+09:00,910.264136,910.764136,30,30,0.081305,-0.023310,0.000000,0.000000,0.000000,0.000220,0
20260805_180709_229,1,Unspecified,1771,2026-08-05T18:22:19.9935554+09:00,2026-08-05T18:22:20.4935554+09:00,910.764136,911.264136,30,30,0.081268,-0.023309,0.000000,0.000000,0.000000,0.000201,0
20260805_180709_229,1,Unspecified,1772,2026-08-05T18:22:20.4935554+09:00,2026-08-05T18:22:20.9935554+09:00,911.264136,911.764136,30,30,0.081195,-0.023521,0.000000,0.000000,0.000000,0.000111,0
20260805_180709_229,1,Unspecified,1773,2026-08-05T18:22:20.9935554+09:00,2026-08-05T18:22:21.4935554+09:00,911.764136,912.264136,30,30,0.081332,-0.023503,0.000000,0.000000,0.000000,0.000101,0
20260805_180709_229,1,Unspecified,1774,2026-08-05T18:22:21.4935554+09:00,2026-08-05T18:22:21.9935554+09:00,912.264136,912.764136,30,30,0.081327,-0.023575,0.000000,0.000000,0.000000,0.000138,0
20260805_180709_229,1,Unspecified,1775,2026-08-05T18:22:21.9935554+09:00,2026-08-05T18:22:22.4935554+09:00,912.764136,913.264136,30,30,0.081239,-0.023590,0.000000,0.000000,0.000000,0.000137,0
20260805_180709_229,1,Unspecified,1776,2026-08-05T18:22:22.4935554+09:00,2026-08-05T18:22:22.9935554+09:00,913.264136,913.764136,30,30,0.081445,-0.023412,0.000000,0.000000,0.000000,0.000146,0
20260805_180709_229,1,Unspecified,1777,2026-08-05T18:22:22.9935554+09:00,2026-08-05T18:22:23.4935554+09:00,913.764136,914.264136,30,30,0.081265,-0.023510,0.000000,0.000000,0.000000,0.000213,0
20260805_180709_229,1,Unspecified,1778,2026-08-05T18:22:23.4935554+09:00,2026-08-05T18:22:23.9935554+09:00,914.264136,914.764136,30,30,0.081053,-0.023757,0.000000,0.000000,0.000000,0.000251,0
20260805_180709_229,1,Unspecified,1779,2026-08-05T18:22:23.9935554+09:00,2026-08-05T18:22:24.4935554+09:00,914.764136,915.264136,30,30,0.080895,-0.023905,0.000000,0.000000,0.000000,0.000141,0
20260805_180709_229,1,Unspecified,1780,2026-08-05T18:22:24.4935554+09:00,2026-08-05T18:22:24.9935554+09:00,915.264136,915.764136,30,30,0.080896,-0.023803,0.000000,0.000000,0.000000,0.000180,0
20260805_180709_229,1,Unspecified,1781,2026-08-05T18:22:24.9935554+09:00,2026-08-05T18:22:25.4935554+09:00,915.764136,916.264136,30,30,0.081249,-0.023498,0.000000,0.000000,0.000000,0.000120,0
20260805_180709_229,1,Unspecified,1782,2026-08-05T18:22:25.4935554+09:00,2026-08-05T18:22:25.9935554+09:00,916.264136,916.764136,30,30,0.081143,-0.023501,0.000000,0.000000,0.000000,0.000083,0
20260805_180709_229,1,Unspecified,1783,2026-08-05T18:22:25.9935554+09:00,2026-08-05T18:22:26.4935554+09:00,916.764136,917.264136,30,30,0.081014,-0.023644,0.000000,0.000000,0.000000,0.000128,0
20260805_180709_229,1,Unspecified,1784,2026-08-05T18:22:26.4935554+09:00,2026-08-05T18:22:26.9935554+09:00,917.264136,917.764136,30,30,0.081301,-0.023475,0.000000,0.000000,0.000000,0.000096,0
20260805_180709_229,1,Unspecified,1785,2026-08-05T18:22:26.9935554+09:00,2026-08-05T18:22:27.4935554+09:00,917.764136,918.264136,30,30,0.081418,-0.023368,0.000000,0.000000,0.000000,0.000181,0
20260805_180709_229,1,Unspecified,1786,2026-08-05T18:22:27.4935554+09:00,2026-08-05T18:22:27.9935554+09:00,918.264136,918.764136,30,30,0.081565,-0.023270,0.000000,0.000000,0.000000,0.000092,0
20260805_180709_229,1,Unspecified,1787,2026-08-05T18:22:27.9935554+09:00,2026-08-05T18:22:28.4935554+09:00,918.764136,919.264136,30,30,0.081362,-0.023223,0.000000,0.000000,0.000000,0.000192,0
20260805_180709_229,1,Unspecified,1788,2026-08-05T18:22:28.4935554+09:00,2026-08-05T18:22:28.9935554+09:00,919.264136,919.764136,30,30,0.081243,-0.023464,0.000000,0.000000,0.000000,0.000301,0
20260805_180709_229,1,Unspecified,1789,2026-08-05T18:22:28.9935554+09:00,2026-08-05T18:22:29.4935554+09:00,919.764136,920.264136,30,30,0.081624,-0.023272,0.000000,0.000000,0.000000,0.000131,0
20260805_180709_229,1,Unspecified,1790,2026-08-05T18:22:29.4935554+09:00,2026-08-05T18:22:29.9935554+09:00,920.264136,920.764136,30,30,0.081313,-0.023382,0.000000,0.000000,0.000000,0.000234,0
20260805_180709_229,1,Unspecified,1791,2026-08-05T18:22:29.9935554+09:00,2026-08-05T18:22:30.4935554+09:00,920.764136,921.264136,30,30,0.080943,-0.023622,0.000000,0.000000,0.000000,0.000095,0
20260805_180709_229,1,Unspecified,1792,2026-08-05T18:22:30.4935554+09:00,2026-08-05T18:22:30.9935554+09:00,921.264136,921.764136,30,30,0.081037,-0.023622,0.000000,0.000000,0.000000,0.000107,0
20260805_180709_229,1,Unspecified,1793,2026-08-05T18:22:30.9935554+09:00,2026-08-05T18:22:31.4935554+09:00,921.764136,922.264136,30,30,0.080950,-0.023649,0.000000,0.000000,0.000000,0.000056,0
20260805_180709_229,1,Unspecified,1794,2026-08-05T18:22:31.4935554+09:00,2026-08-05T18:22:31.9935554+09:00,922.264136,922.764136,30,30,0.081042,-0.023601,0.000000,0.000000,0.000000,0.000126,0
20260805_180709_229,1,Unspecified,1795,2026-08-05T18:22:31.9935554+09:00,2026-08-05T18:22:32.4935554+09:00,922.764136,923.264136,30,30,0.081231,-0.023488,0.000000,0.000000,0.000000,0.000061,0
20260805_180709_229,1,Unspecified,1796,2026-08-05T18:22:32.4935554+09:00,2026-08-05T18:22:32.9935554+09:00,923.264136,923.764136,30,30,0.081162,-0.023629,0.000000,0.000000,0.000000,0.000153,0
20260805_180709_229,1,Unspecified,1797,2026-08-05T18:22:32.9935554+09:00,2026-08-05T18:22:33.4935554+09:00,923.764136,924.264136,30,30,0.081072,-0.023702,0.000000,0.000000,0.000000,0.000115,0
20260805_180709_229,1,Unspecified,1798,2026-08-05T18:22:33.4935554+09:00,2026-08-05T18:22:33.9935554+09:00,924.264136,924.764136,30,30,0.080900,-0.023744,0.000000,0.000000,0.000000,0.000151,0
20260805_180709_229,1,Unspecified,1799,2026-08-05T18:22:33.9935554+09:00,2026-08-05T18:22:34.4935554+09:00,924.764136,925.264136,30,30,0.080786,-0.023857,0.000000,0.000000,0.000000,0.000198,0
20260805_180709_229,1,Unspecified,1800,2026-08-05T18:22:34.4935554+09:00,2026-08-05T18:22:34.9935554+09:00,925.264136,925.764136,30,30,0.080615,-0.024100,0.000000,0.000000,0.000000,0.000363,0
20260805_180709_229,1,Unspecified,1801,2026-08-05T18:22:34.9935554+09:00,2026-08-05T18:22:35.4935554+09:00,925.764136,926.264136,30,30,0.081131,-0.023781,0.000000,0.000000,0.000000,0.000125,0
20260805_180709_229,1,Unspecified,1802,2026-08-05T18:22:35.4935554+09:00,2026-08-05T18:22:35.9935554+09:00,926.264136,926.764136,30,30,0.080653,-0.024051,0.000000,0.000000,0.000000,0.000315,0
20260805_180709_229,1,Unspecified,1803,2026-08-05T18:22:35.9935554+09:00,2026-08-05T18:22:36.4935554+09:00,926.764136,927.264136,30,30,0.080516,-0.024083,0.000000,0.000000,0.000000,0.000284,0
20260805_180709_229,1,Unspecified,1804,2026-08-05T18:22:36.4935554+09:00,2026-08-05T18:22:36.9935554+09:00,927.264136,927.764136,30,30,0.080780,-0.023912,0.000000,0.000000,0.000000,0.000104,0
20260805_180709_229,1,Unspecified,1805,2026-08-05T18:22:36.9935554+09:00,2026-08-05T18:22:37.4935554+09:00,927.764136,928.264136,30,30,0.080562,-0.024042,0.000000,0.000000,0.000000,0.000352,0
20260805_180709_229,1,Unspecified,1806,2026-08-05T18:22:37.4935554+09:00,2026-08-05T18:22:37.9935554+09:00,928.264136,928.764136,30,30,0.080147,-0.024344,0.000000,0.000000,0.000000,0.000221,0
20260805_180709_229,1,Unspecified,1807,2026-08-05T18:22:37.9935554+09:00,2026-08-05T18:22:38.4935554+09:00,928.764136,929.264136,30,30,0.079948,-0.024493,0.000000,0.000000,0.000000,0.000184,0
20260805_180709_229,1,Unspecified,1808,2026-08-05T18:22:38.4935554+09:00,2026-08-05T18:22:38.9935554+09:00,929.264136,929.764136,30,30,0.080049,-0.024510,0.000000,0.000000,0.000000,0.000205,0
20260805_180709_229,1,Unspecified,1809,2026-08-05T18:22:38.9935554+09:00,2026-08-05T18:22:39.4935554+09:00,929.764136,930.264136,30,30,0.079729,-0.024994,0.000000,0.000000,0.000000,0.000196,0
20260805_180709_229,1,Unspecified,1810,2026-08-05T18:22:39.4935554+09:00,2026-08-05T18:22:39.9935554+09:00,930.264136,930.764136,30,30,0.079917,-0.024902,0.000000,0.000000,0.000000,0.000089,0
20260805_180709_229,1,Unspecified,1811,2026-08-05T18:22:39.9935554+09:00,2026-08-05T18:22:40.4935554+09:00,930.764136,931.264136,30,30,0.080068,-0.024731,0.000000,0.000000,0.000000,0.000153,0
20260805_180709_229,1,Unspecified,1812,2026-08-05T18:22:40.4935554+09:00,2026-08-05T18:22:40.9935554+09:00,931.264136,931.764136,30,30,0.080049,-0.024654,0.000000,0.000000,0.000000,0.000151,0
20260805_180709_229,1,Unspecified,1813,2026-08-05T18:22:40.9935554+09:00,2026-08-05T18:22:41.4935554+09:00,931.764136,932.264136,30,30,0.080268,-0.024529,0.000000,0.000000,0.000000,0.000081,0
20260805_180709_229,1,Unspecified,1814,2026-08-05T18:22:41.4935554+09:00,2026-08-05T18:22:41.9935554+09:00,932.264136,932.764136,30,30,0.080209,-0.024551,0.000000,0.000000,0.000000,0.000113,0
20260805_180709_229,1,Unspecified,1815,2026-08-05T18:22:41.9935554+09:00,2026-08-05T18:22:42.4935554+09:00,932.764136,933.264136,30,30,0.080345,-0.024473,0.000000,0.000000,0.000000,0.000235,0
20260805_180709_229,1,Unspecified,1816,2026-08-05T18:22:42.4935554+09:00,2026-08-05T18:22:42.9935554+09:00,933.264136,933.764136,30,30,0.080171,-0.024497,0.000000,0.000000,0.000000,0.000180,0
20260805_180709_229,1,Unspecified,1817,2026-08-05T18:22:42.9935554+09:00,2026-08-05T18:22:43.4935554+09:00,933.764136,934.264136,30,30,0.080359,-0.024287,0.000000,0.000000,0.000000,0.000257,0
20260805_180709_229,1,Unspecified,1818,2026-08-05T18:22:43.4935554+09:00,2026-08-05T18:22:43.9935554+09:00,934.264136,934.764136,30,30,0.080998,-0.024111,0.000000,0.000000,0.000000,0.000135,0
20260805_180709_229,1,Unspecified,1819,2026-08-05T18:22:43.9935554+09:00,2026-08-05T18:22:44.4935554+09:00,934.764136,935.264136,30,30,0.080835,-0.024079,0.000000,0.000000,0.000000,0.000080,0
20260805_180709_229,1,Unspecified,1820,2026-08-05T18:22:44.4935554+09:00,2026-08-05T18:22:44.9935554+09:00,935.264136,935.764136,30,30,0.080458,-0.024409,0.000000,0.000000,0.000000,0.000325,0
20260805_180709_229,1,Unspecified,1821,2026-08-05T18:22:44.9935554+09:00,2026-08-05T18:22:45.4935554+09:00,935.764136,936.264136,30,30,0.080132,-0.024782,0.000000,0.000000,0.000000,0.000083,0
20260805_180709_229,1,Unspecified,1822,2026-08-05T18:22:45.4935554+09:00,2026-08-05T18:22:45.9935554+09:00,936.264136,936.764136,30,30,0.080095,-0.024700,0.000000,0.000000,0.000000,0.000095,0
20260805_180709_229,1,Unspecified,1823,2026-08-05T18:22:45.9935554+09:00,2026-08-05T18:22:46.4935554+09:00,936.764136,937.264136,30,30,0.079975,-0.024630,0.000000,0.000000,0.000000,0.000090,0
20260805_180709_229,1,Unspecified,1824,2026-08-05T18:22:46.4935554+09:00,2026-08-05T18:22:46.9935554+09:00,937.264136,937.764136,30,30,0.079405,-0.024947,0.000000,0.000000,0.000000,0.000217,0
20260805_180709_229,1,Unspecified,1825,2026-08-05T18:22:46.9935554+09:00,2026-08-05T18:22:47.4935554+09:00,937.764136,938.264136,30,30,0.079526,-0.025098,0.000000,0.000000,0.000000,0.000104,0
20260805_180709_229,1,Unspecified,1826,2026-08-05T18:22:47.4935554+09:00,2026-08-05T18:22:47.9935554+09:00,938.264136,938.764136,30,30,0.079635,-0.025013,0.000000,0.000000,0.000000,0.000182,0
20260805_180709_229,1,Unspecified,1827,2026-08-05T18:22:47.9935554+09:00,2026-08-05T18:22:48.4935554+09:00,938.764136,939.264136,30,30,0.079796,-0.024877,0.000000,0.000000,0.000000,0.000157,0
20260805_180709_229,1,Unspecified,1828,2026-08-05T18:22:48.4935554+09:00,2026-08-05T18:22:48.9935554+09:00,939.264136,939.764136,30,30,0.079935,-0.024926,0.000000,0.000000,0.000000,0.000112,0
20260805_180709_229,1,Unspecified,1829,2026-08-05T18:22:48.9935554+09:00,2026-08-05T18:22:49.4935554+09:00,939.764136,940.264136,30,30,0.079868,-0.024884,0.000000,0.000000,0.000000,0.000120,0
20260805_180709_229,1,Unspecified,1830,2026-08-05T18:22:49.4935554+09:00,2026-08-05T18:22:49.9935554+09:00,940.264136,940.764136,30,30,0.079655,-0.024989,0.000000,0.000000,0.000000,0.000205,0
20260805_180709_229,1,Unspecified,1831,2026-08-05T18:22:49.9935554+09:00,2026-08-05T18:22:50.4935554+09:00,940.764136,941.264136,30,30,0.079431,-0.025036,0.000000,0.000000,0.000000,0.000067,0
20260805_180709_229,1,Unspecified,1832,2026-08-05T18:22:50.4935554+09:00,2026-08-05T18:22:50.9935554+09:00,941.264136,941.764136,30,30,0.079696,-0.024937,0.000000,0.000000,0.000000,0.000326,0
20260805_180709_229,1,Unspecified,1833,2026-08-05T18:22:50.9935554+09:00,2026-08-05T18:22:51.4935554+09:00,941.764136,942.264136,30,30,0.079810,-0.024876,0.000000,0.000000,0.000000,0.000263,0
20260805_180709_229,1,Unspecified,1834,2026-08-05T18:22:51.4935554+09:00,2026-08-05T18:22:51.9935554+09:00,942.264136,942.764136,30,30,0.079458,-0.024846,0.000000,0.000000,0.000000,0.000081,0
20260805_180709_229,1,Unspecified,1835,2026-08-05T18:22:51.9935554+09:00,2026-08-05T18:22:52.4935554+09:00,942.764136,943.264136,30,30,0.079310,-0.024841,0.000000,0.000000,0.000000,0.000123,0
20260805_180709_229,1,Unspecified,1836,2026-08-05T18:22:52.4935554+09:00,2026-08-05T18:22:52.9935554+09:00,943.264136,943.764136,30,30,0.079390,-0.024758,0.000000,0.000000,0.000000,0.000190,0
20260805_180709_229,1,Unspecified,1837,2026-08-05T18:22:52.9935554+09:00,2026-08-05T18:22:53.4935554+09:00,943.764136,944.264136,30,30,0.079410,-0.024880,0.000000,0.000000,0.000000,0.000279,0
20260805_180709_229,1,Unspecified,1838,2026-08-05T18:22:53.4935554+09:00,2026-08-05T18:22:53.9935554+09:00,944.264136,944.764136,30,30,0.079436,-0.024989,0.000000,0.000000,0.000000,0.000119,0
20260805_180709_229,1,Unspecified,1839,2026-08-05T18:22:53.9935554+09:00,2026-08-05T18:22:54.4935554+09:00,944.764136,945.264136,30,30,0.079342,-0.024965,0.000000,0.000000,0.000000,0.000097,0
20260805_180709_229,1,Unspecified,1840,2026-08-05T18:22:54.4935554+09:00,2026-08-05T18:22:54.9935554+09:00,945.264136,945.764136,30,30,0.079657,-0.024991,0.000000,0.000000,0.000000,0.000117,0
20260805_180709_229,1,Unspecified,1841,2026-08-05T18:22:54.9935554+09:00,2026-08-05T18:22:55.4935554+09:00,945.764136,946.264136,30,30,0.079534,-0.025085,0.000000,0.000000,0.000000,0.000135,0
20260805_180709_229,1,Unspecified,1842,2026-08-05T18:22:55.4935554+09:00,2026-08-05T18:22:55.9935554+09:00,946.264136,946.764136,30,30,0.079264,-0.025173,0.000000,0.000000,0.000000,0.000120,0
20260805_180709_229,1,Unspecified,1843,2026-08-05T18:22:55.9935554+09:00,2026-08-05T18:22:56.4935554+09:00,946.764136,947.264136,30,30,0.079341,-0.025066,0.000000,0.000000,0.000000,0.000140,0
20260805_180709_229,1,Unspecified,1844,2026-08-05T18:22:56.4935554+09:00,2026-08-05T18:22:56.9935554+09:00,947.264136,947.764136,30,30,0.079383,-0.024981,0.000000,0.000000,0.000000,0.000105,0
20260805_180709_229,1,Unspecified,1845,2026-08-05T18:22:56.9935554+09:00,2026-08-05T18:22:57.4935554+09:00,947.764136,948.264136,30,30,0.079283,-0.025042,0.000000,0.000000,0.000000,0.000121,0
20260805_180709_229,1,Unspecified,1846,2026-08-05T18:22:57.4935554+09:00,2026-08-05T18:22:57.9935554+09:00,948.264136,948.764136,30,30,0.079237,-0.025116,0.000000,0.000000,0.000000,0.000097,0
20260805_180709_229,1,Unspecified,1847,2026-08-05T18:22:57.9935554+09:00,2026-08-05T18:22:58.4935554+09:00,948.764136,949.264136,30,30,0.079219,-0.025124,0.000000,0.000000,0.000000,0.000121,0
20260805_180709_229,1,Unspecified,1848,2026-08-05T18:22:58.4935554+09:00,2026-08-05T18:22:58.9935554+09:00,949.264136,949.764136,30,30,0.079100,-0.025227,0.000000,0.000000,0.000000,0.000121,0
20260805_180709_229,1,Unspecified,1849,2026-08-05T18:22:58.9935554+09:00,2026-08-05T18:22:59.4935554+09:00,949.764136,950.264136,30,30,0.079279,-0.025063,0.000000,0.000000,0.000000,0.000095,0
20260805_180709_229,1,Unspecified,1850,2026-08-05T18:22:59.4935554+09:00,2026-08-05T18:22:59.9935554+09:00,950.264136,950.764136,30,30,0.079250,-0.025096,0.000000,0.000000,0.000000,0.000185,0
20260805_180709_229,1,Unspecified,1851,2026-08-05T18:22:59.9935554+09:00,2026-08-05T18:23:00.4935554+09:00,950.764136,951.264136,30,30,0.079363,-0.025021,0.000000,0.000000,0.000000,0.000113,0
20260805_180709_229,1,Unspecified,1852,2026-08-05T18:23:00.4935554+09:00,2026-08-05T18:23:00.9935554+09:00,951.264136,951.764136,30,30,0.079306,-0.025019,0.000000,0.000000,0.000000,0.000138,0
20260805_180709_229,1,Unspecified,1853,2026-08-05T18:23:00.9935554+09:00,2026-08-05T18:23:01.4935554+09:00,951.764136,952.264136,30,30,0.079346,-0.024981,0.000000,0.000000,0.000000,0.000126,0
20260805_180709_229,1,Unspecified,1854,2026-08-05T18:23:01.4935554+09:00,2026-08-05T18:23:01.9935554+09:00,952.264136,952.764136,30,30,0.079290,-0.025068,0.000000,0.000000,0.000000,0.000121,0
20260805_180709_229,1,Unspecified,1855,2026-08-05T18:23:01.9935554+09:00,2026-08-05T18:23:02.4935554+09:00,952.764136,953.264136,30,30,0.079626,-0.024850,0.000000,0.000000,0.000000,0.000062,0
20260805_180709_229,1,Unspecified,1856,2026-08-05T18:23:02.4935554+09:00,2026-08-05T18:23:02.9935554+09:00,953.264136,953.764136,30,30,0.079874,-0.024683,0.000000,0.000000,0.000000,0.000210,0
20260805_180709_229,1,Unspecified,1857,2026-08-05T18:23:02.9935554+09:00,2026-08-05T18:23:03.4935554+09:00,953.764136,954.264136,30,30,0.079892,-0.024651,0.000000,0.000000,0.000000,0.000084,0
20260805_180709_229,1,Unspecified,1858,2026-08-05T18:23:03.4935554+09:00,2026-08-05T18:23:03.9935554+09:00,954.264136,954.764136,30,30,0.079762,-0.024749,0.000000,0.000000,0.000000,0.000297,0
20260805_180709_229,1,Unspecified,1859,2026-08-05T18:23:03.9935554+09:00,2026-08-05T18:23:04.4935554+09:00,954.764136,955.264136,30,30,0.079284,-0.025006,0.000000,0.000000,0.000000,0.000113,0
20260805_180709_229,1,Unspecified,1860,2026-08-05T18:23:04.4935554+09:00,2026-08-05T18:23:04.9935554+09:00,955.264136,955.764136,30,30,0.078919,-0.025354,0.000000,0.000000,0.000000,0.000371,0
20260805_180709_229,1,Unspecified,1861,2026-08-05T18:23:04.9935554+09:00,2026-08-05T18:23:05.4935554+09:00,955.764136,956.264136,30,30,0.079010,-0.025554,0.000000,0.000000,0.000000,0.000173,0
20260805_180709_229,1,Unspecified,1862,2026-08-05T18:23:05.4935554+09:00,2026-08-05T18:23:05.9935554+09:00,956.264136,956.764136,30,30,0.079391,-0.025407,0.000000,0.000000,0.000000,0.000216,0
20260805_180709_229,1,Unspecified,1863,2026-08-05T18:23:05.9935554+09:00,2026-08-05T18:23:06.4935554+09:00,956.764136,957.264136,30,30,0.079467,-0.025307,0.000000,0.000000,0.000000,0.000077,0
20260805_180709_229,1,Unspecified,1864,2026-08-05T18:23:06.4935554+09:00,2026-08-05T18:23:06.9935554+09:00,957.264136,957.764136,30,30,0.079586,-0.025201,0.000000,0.000000,0.000000,0.000180,0
20260805_180709_229,1,Unspecified,1865,2026-08-05T18:23:06.9935554+09:00,2026-08-05T18:23:07.4935554+09:00,957.764136,958.264136,31,31,0.080102,-0.025289,0.000000,0.000000,0.000000,0.000141,0
20260805_180709_229,1,Unspecified,1866,2026-08-05T18:23:07.4935554+09:00,2026-08-05T18:23:07.9935554+09:00,958.264136,958.764136,29,29,0.079765,-0.025343,0.000000,0.000000,0.000000,0.000095,0
20260805_180709_229,1,Unspecified,1867,2026-08-05T18:23:07.9935554+09:00,2026-08-05T18:23:08.4935554+09:00,958.764136,959.264136,30,30,0.079347,-0.025270,0.000000,0.000000,0.000000,0.000262,0
20260805_180709_229,1,Unspecified,1868,2026-08-05T18:23:08.4935554+09:00,2026-08-05T18:23:08.9935554+09:00,959.264136,959.764136,30,30,0.079226,-0.025356,0.000000,0.000000,0.000000,0.000113,0
20260805_180709_229,1,Unspecified,1869,2026-08-05T18:23:08.9935554+09:00,2026-08-05T18:23:09.4935554+09:00,959.764136,960.264136,30,30,0.079241,-0.025371,0.000000,0.000000,0.000000,0.000122,0
20260805_180709_229,1,Unspecified,1870,2026-08-05T18:23:09.4935554+09:00,2026-08-05T18:23:09.9935554+09:00,960.264136,960.764136,30,30,0.079060,-0.025490,0.000000,0.000000,0.000000,0.000244,0
20260805_180709_229,1,Unspecified,1871,2026-08-05T18:23:09.9935554+09:00,2026-08-05T18:23:10.4935554+09:00,960.764136,961.264136,30,30,0.078941,-0.025533,0.000000,0.000000,0.000000,0.000188,0
20260805_180709_229,1,Unspecified,1872,2026-08-05T18:23:10.4935554+09:00,2026-08-05T18:23:10.9935554+09:00,961.264136,961.764136,30,30,0.079329,-0.025310,0.000000,0.000000,0.000000,0.000242,0
20260805_180709_229,1,Unspecified,1873,2026-08-05T18:23:10.9935554+09:00,2026-08-05T18:23:11.4935554+09:00,961.764136,962.264136,30,30,0.079715,-0.025016,0.000000,0.000000,0.000000,0.000095,0
20260805_180709_229,1,Unspecified,1874,2026-08-05T18:23:11.4935554+09:00,2026-08-05T18:23:11.9935554+09:00,962.264136,962.764136,30,30,0.079652,-0.024883,0.000000,0.000000,0.000000,0.000099,0
20260805_180709_229,1,Unspecified,1875,2026-08-05T18:23:11.9935554+09:00,2026-08-05T18:23:12.4935554+09:00,962.764136,963.264136,30,30,0.079432,-0.024958,0.000000,0.000000,0.000000,0.000083,0
20260805_180709_229,1,Unspecified,1876,2026-08-05T18:23:12.4935554+09:00,2026-08-05T18:23:12.9935554+09:00,963.264136,963.764136,30,30,0.079105,-0.025330,0.000000,0.000000,0.000000,0.000496,0
20260805_180709_229,1,Unspecified,1877,2026-08-05T18:23:12.9935554+09:00,2026-08-05T18:23:13.4935554+09:00,963.764136,964.264136,30,30,0.079020,-0.025628,0.000000,0.000000,0.000000,0.000242,0
20260805_180709_229,1,Unspecified,1878,2026-08-05T18:23:13.4935554+09:00,2026-08-05T18:23:13.9935554+09:00,964.264136,964.764136,30,30,0.079320,-0.025241,0.000000,0.000000,0.000000,0.000114,0
20260805_180709_229,1,Unspecified,1879,2026-08-05T18:23:13.9935554+09:00,2026-08-05T18:23:14.4935554+09:00,964.764136,965.264136,30,30,0.079493,-0.025051,0.000000,0.000000,0.000000,0.000081,0
20260805_180709_229,1,Unspecified,1880,2026-08-05T18:23:14.4935554+09:00,2026-08-05T18:23:14.9935554+09:00,965.264136,965.764136,30,30,0.079511,-0.025072,0.000000,0.000000,0.000000,0.000186,0
20260805_180709_229,1,Unspecified,1881,2026-08-05T18:23:14.9935554+09:00,2026-08-05T18:23:15.4935554+09:00,965.764136,966.264136,30,30,0.079697,-0.025045,0.000000,0.000000,0.000000,0.000187,0
20260805_180709_229,1,Unspecified,1882,2026-08-05T18:23:15.4935554+09:00,2026-08-05T18:23:15.9935554+09:00,966.264136,966.764136,30,30,0.079447,-0.025056,0.000000,0.000000,0.000000,0.000120,0
20260805_180709_229,1,Unspecified,1883,2026-08-05T18:23:15.9935554+09:00,2026-08-05T18:23:16.4935554+09:00,966.764136,967.264136,30,30,0.079492,-0.024918,0.000000,0.000000,0.000000,0.000140,0
20260805_180709_229,1,Unspecified,1884,2026-08-05T18:23:16.4935554+09:00,2026-08-05T18:23:16.9935554+09:00,967.264136,967.764136,30,30,0.079612,-0.024850,0.000000,0.000000,0.000000,0.000147,0
20260805_180709_229,1,Unspecified,1885,2026-08-05T18:23:16.9935554+09:00,2026-08-05T18:23:17.4935554+09:00,967.764136,968.264136,30,30,0.079797,-0.024709,0.000000,0.000000,0.000000,0.000105,0
20260805_180709_229,1,Unspecified,1886,2026-08-05T18:23:17.4935554+09:00,2026-08-05T18:23:17.9935554+09:00,968.264136,968.764136,30,30,0.079737,-0.024669,0.000000,0.000000,0.000000,0.000141,0
20260805_180709_229,1,Unspecified,1887,2026-08-05T18:23:17.9935554+09:00,2026-08-05T18:23:18.4935554+09:00,968.764136,969.264136,30,30,0.080056,-0.024498,0.000000,0.000000,0.000000,0.000155,0
20260805_180709_229,1,Unspecified,1888,2026-08-05T18:23:18.4935554+09:00,2026-08-05T18:23:18.9935554+09:00,969.264136,969.764136,30,30,0.080792,-0.024405,0.000000,0.000000,0.000000,0.000193,0
20260805_180709_229,1,Unspecified,1889,2026-08-05T18:23:18.9935554+09:00,2026-08-05T18:23:19.4935554+09:00,969.764136,970.264136,30,30,0.080454,-0.024570,0.000000,0.000000,0.000000,0.000133,0
20260805_180709_229,1,Unspecified,1890,2026-08-05T18:23:19.4935554+09:00,2026-08-05T18:23:19.9935554+09:00,970.264136,970.764136,30,30,0.080287,-0.024588,0.000000,0.000000,0.000000,0.000127,0
20260805_180709_229,1,Unspecified,1891,2026-08-05T18:23:19.9935554+09:00,2026-08-05T18:23:20.4935554+09:00,970.764136,971.264136,30,30,0.080099,-0.024502,0.000000,0.000000,0.000000,0.000141,0
20260805_180709_229,1,Unspecified,1892,2026-08-05T18:23:20.4935554+09:00,2026-08-05T18:23:20.9935554+09:00,971.264136,971.764136,30,30,0.080011,-0.024537,0.000000,0.000000,0.000000,0.000232,0
20260805_180709_229,1,Unspecified,1893,2026-08-05T18:23:20.9935554+09:00,2026-08-05T18:23:21.4935554+09:00,971.764136,972.264136,30,30,0.079452,-0.025355,0.000000,0.000000,0.000000,0.000204,0
20260805_180709_229,1,Unspecified,1894,2026-08-05T18:23:21.4935554+09:00,2026-08-05T18:23:21.9935554+09:00,972.264136,972.764136,30,30,0.079713,-0.025044,0.000000,0.000000,0.000000,0.000087,0
20260805_180709_229,1,Unspecified,1895,2026-08-05T18:23:21.9935554+09:00,2026-08-05T18:23:22.4935554+09:00,972.764136,973.264136,30,30,0.079571,-0.025024,0.000000,0.000000,0.000000,0.000090,0
20260805_180709_229,1,Unspecified,1896,2026-08-05T18:23:22.4935554+09:00,2026-08-05T18:23:22.9935554+09:00,973.264136,973.764136,30,30,0.079141,-0.025207,0.000000,0.000000,0.000000,0.000410,0
20260805_180709_229,1,Unspecified,1897,2026-08-05T18:23:22.9935554+09:00,2026-08-05T18:23:23.4935554+09:00,973.764136,974.264136,30,30,0.079524,-0.025350,0.000000,0.000000,0.000000,0.000161,0
20260805_180709_229,1,Unspecified,1898,2026-08-05T18:23:23.4935554+09:00,2026-08-05T18:23:23.9935554+09:00,974.264136,974.764136,30,30,0.079467,-0.025236,0.000000,0.000000,0.000000,0.000109,0
20260805_180709_229,1,Unspecified,1899,2026-08-05T18:23:23.9935554+09:00,2026-08-05T18:23:24.4935554+09:00,974.764136,975.264136,30,30,0.079357,-0.025215,0.000000,0.000000,0.000000,0.000154,0
20260805_180709_229,1,Unspecified,1900,2026-08-05T18:23:24.4935554+09:00,2026-08-05T18:23:24.9935554+09:00,975.264136,975.764136,30,30,0.079440,-0.024972,0.000000,0.000000,0.000000,0.000087,0
20260805_180709_229,1,Unspecified,1901,2026-08-05T18:23:24.9935554+09:00,2026-08-05T18:23:25.4935554+09:00,975.764136,976.264136,30,30,0.079510,-0.024778,0.000000,0.000000,0.000000,0.000123,0
20260805_180709_229,1,Unspecified,1902,2026-08-05T18:23:25.4935554+09:00,2026-08-05T18:23:25.9935554+09:00,976.264136,976.764136,30,30,0.079545,-0.024680,0.000000,0.000000,0.000000,0.000245,0
20260805_180709_229,1,Unspecified,1903,2026-08-05T18:23:25.9935554+09:00,2026-08-05T18:23:26.4935554+09:00,976.764136,977.264136,30,30,0.079739,-0.024528,0.000000,0.000000,0.000000,0.000077,0
20260805_180709_229,1,Unspecified,1904,2026-08-05T18:23:26.4935554+09:00,2026-08-05T18:23:26.9935554+09:00,977.264136,977.764136,30,30,0.079610,-0.024717,0.000000,0.000000,0.000000,0.000300,0
20260805_180709_229,1,Unspecified,1905,2026-08-05T18:23:26.9935554+09:00,2026-08-05T18:23:27.4935554+09:00,977.764136,978.264136,30,30,0.079241,-0.025236,0.000000,0.000000,0.000000,0.000097,0
20260805_180709_229,1,Unspecified,1906,2026-08-05T18:23:27.4935554+09:00,2026-08-05T18:23:27.9935554+09:00,978.264136,978.764136,30,30,0.079051,-0.025291,0.000000,0.000000,0.000000,0.000143,0
20260805_180709_229,1,Unspecified,1907,2026-08-05T18:23:27.9935554+09:00,2026-08-05T18:23:28.4935554+09:00,978.764136,979.264136,30,30,0.079045,-0.025206,0.000000,0.000000,0.000000,0.000114,0
20260805_180709_229,1,Unspecified,1908,2026-08-05T18:23:28.4935554+09:00,2026-08-05T18:23:28.9935554+09:00,979.264136,979.764136,30,30,0.079221,-0.025009,0.000000,0.000000,0.000000,0.000098,0
20260805_180709_229,1,Unspecified,1909,2026-08-05T18:23:28.9935554+09:00,2026-08-05T18:23:29.4935554+09:00,979.764136,980.264136,30,30,0.079223,-0.024979,0.000000,0.000000,0.000000,0.000148,0
20260805_180709_229,1,Unspecified,1910,2026-08-05T18:23:29.4935554+09:00,2026-08-05T18:23:29.9935554+09:00,980.264136,980.764136,30,30,0.079292,-0.024800,0.000000,0.000000,0.000000,0.000106,0
20260805_180709_229,1,Unspecified,1911,2026-08-05T18:23:29.9935554+09:00,2026-08-05T18:23:30.4935554+09:00,980.764136,981.264136,30,30,0.079322,-0.024656,0.000000,0.000000,0.000000,0.000094,0
20260805_180709_229,1,Unspecified,1912,2026-08-05T18:23:30.4935554+09:00,2026-08-05T18:23:30.9935554+09:00,981.264136,981.764136,30,30,0.079405,-0.024623,0.000000,0.000000,0.000000,0.000118,0
20260805_180709_229,1,Unspecified,1913,2026-08-05T18:23:30.9935554+09:00,2026-08-05T18:23:31.4935554+09:00,981.764136,982.264136,30,30,0.079519,-0.024604,0.000000,0.000000,0.000000,0.000093,0
20260805_180709_229,1,Unspecified,1914,2026-08-05T18:23:31.4935554+09:00,2026-08-05T18:23:31.9935554+09:00,982.264136,982.764136,30,30,0.079667,-0.024355,0.000000,0.000000,0.000000,0.000134,0
20260805_180709_229,1,Unspecified,1915,2026-08-05T18:23:31.9935554+09:00,2026-08-05T18:23:32.4935554+09:00,982.764136,983.264136,30,30,0.079697,-0.024229,0.000000,0.000000,0.000000,0.000102,0
20260805_180709_229,1,Unspecified,1916,2026-08-05T18:23:32.4935554+09:00,2026-08-05T18:23:32.9935554+09:00,983.264136,983.764136,30,30,0.079250,-0.024463,0.000000,0.000000,0.000000,0.000302,0
20260805_180709_229,1,Unspecified,1917,2026-08-05T18:23:32.9935554+09:00,2026-08-05T18:23:33.4935554+09:00,983.764136,984.264136,30,30,0.079046,-0.024790,0.000000,0.000000,0.000000,0.000221,0
20260805_180709_229,1,Unspecified,1918,2026-08-05T18:23:33.4935554+09:00,2026-08-05T18:23:33.9935554+09:00,984.264136,984.764136,30,30,0.079064,-0.024757,0.000000,0.000000,0.000000,0.000291,0
20260805_180709_229,1,Unspecified,1919,2026-08-05T18:23:33.9935554+09:00,2026-08-05T18:23:34.4935554+09:00,984.764136,985.264136,30,30,0.079179,-0.024602,0.000000,0.000000,0.000000,0.000094,0
20260805_180709_229,1,Unspecified,1920,2026-08-05T18:23:34.4935554+09:00,2026-08-05T18:23:34.9935554+09:00,985.264136,985.764136,30,30,0.079121,-0.024508,0.000000,0.000000,0.000000,0.000173,0
20260805_180709_229,1,Unspecified,1921,2026-08-05T18:23:34.9935554+09:00,2026-08-05T18:23:35.4935554+09:00,985.764136,986.264136,30,30,0.079147,-0.024597,0.000000,0.000000,0.000000,0.000134,0
20260805_180709_229,1,Unspecified,1922,2026-08-05T18:23:35.4935554+09:00,2026-08-05T18:23:35.9935554+09:00,986.264136,986.764136,30,30,0.079245,-0.024526,0.000000,0.000000,0.000000,0.000067,0
20260805_180709_229,1,Unspecified,1923,2026-08-05T18:23:35.9935554+09:00,2026-08-05T18:23:36.4935554+09:00,986.764136,987.264136,30,30,0.079414,-0.024432,0.000000,0.000000,0.000000,0.000137,0
20260805_180709_229,1,Unspecified,1924,2026-08-05T18:23:36.4935554+09:00,2026-08-05T18:23:36.9935554+09:00,987.264136,987.764136,30,30,0.079631,-0.024424,0.000000,0.000000,0.000000,0.000066,0
20260805_180709_229,1,Unspecified,1925,2026-08-05T18:23:36.9935554+09:00,2026-08-05T18:23:37.4935554+09:00,987.764136,988.264136,30,30,0.079744,-0.024381,0.000000,0.000000,0.000000,0.000125,0
20260805_180709_229,1,Unspecified,1926,2026-08-05T18:23:37.4935554+09:00,2026-08-05T18:23:37.9935554+09:00,988.264136,988.764136,30,30,0.079604,-0.024284,0.000000,0.000000,0.000000,0.000115,0
20260805_180709_229,1,Unspecified,1927,2026-08-05T18:23:37.9935554+09:00,2026-08-05T18:23:38.4935554+09:00,988.764136,989.264136,30,30,0.079797,-0.024050,0.000000,0.000000,0.000000,0.000064,0
20260805_180709_229,1,Unspecified,1928,2026-08-05T18:23:38.4935554+09:00,2026-08-05T18:23:38.9935554+09:00,989.264136,989.764136,30,30,0.079564,-0.024296,0.000000,0.000000,0.000000,0.000275,0
20260805_180709_229,1,Unspecified,1929,2026-08-05T18:23:38.9935554+09:00,2026-08-05T18:23:39.4935554+09:00,989.764136,990.264136,30,30,0.079357,-0.024630,0.000000,0.000000,0.000000,0.000103,0
20260805_180709_229,1,Unspecified,1930,2026-08-05T18:23:39.4935554+09:00,2026-08-05T18:23:39.9935554+09:00,990.264136,990.764136,30,30,0.079352,-0.024585,0.000000,0.000000,0.000000,0.000085,0
20260805_180709_229,1,Unspecified,1931,2026-08-05T18:23:39.9935554+09:00,2026-08-05T18:23:40.4935554+09:00,990.764136,991.264136,30,30,0.079367,-0.024433,0.000000,0.000000,0.000000,0.000110,0
20260805_180709_229,1,Unspecified,1932,2026-08-05T18:23:40.4935554+09:00,2026-08-05T18:23:40.9935554+09:00,991.264136,991.764136,30,30,0.079203,-0.024612,0.000000,0.000000,0.000000,0.000114,0
20260805_180709_229,1,Unspecified,1933,2026-08-05T18:23:40.9935554+09:00,2026-08-05T18:23:41.4935554+09:00,991.764136,992.264136,30,30,0.079261,-0.024627,0.000000,0.000000,0.000000,0.000066,0
20260805_180709_229,1,Unspecified,1934,2026-08-05T18:23:41.4935554+09:00,2026-08-05T18:23:41.9935554+09:00,992.264136,992.764136,30,30,0.079262,-0.024501,0.000000,0.000000,0.000000,0.000133,0
20260805_180709_229,1,Unspecified,1935,2026-08-05T18:23:41.9935554+09:00,2026-08-05T18:23:42.4935554+09:00,992.764136,993.264136,30,30,0.079181,-0.024460,0.000000,0.000000,0.000000,0.000081,0
20260805_180709_229,1,Unspecified,1936,2026-08-05T18:23:42.4935554+09:00,2026-08-05T18:23:42.9935554+09:00,993.264136,993.764136,30,30,0.079243,-0.024381,0.000000,0.000000,0.000000,0.000106,0
20260805_180709_229,1,Unspecified,1937,2026-08-05T18:23:42.9935554+09:00,2026-08-05T18:23:43.4935554+09:00,993.764136,994.264136,30,30,0.079297,-0.024319,0.000000,0.000000,0.000000,0.000214,0
20260805_180709_229,1,Unspecified,1938,2026-08-05T18:23:43.4935554+09:00,2026-08-05T18:23:43.9935554+09:00,994.264136,994.764136,30,30,0.079346,-0.024274,0.000000,0.000000,0.000000,0.000095,0
20260805_180709_229,1,Unspecified,1939,2026-08-05T18:23:43.9935554+09:00,2026-08-05T18:23:44.4935554+09:00,994.764136,995.264136,30,30,0.079538,-0.024142,0.000000,0.000000,0.000000,0.000114,0
20260805_180709_229,1,Unspecified,1940,2026-08-05T18:23:44.4935554+09:00,2026-08-05T18:23:44.9935554+09:00,995.264136,995.764136,30,30,0.079570,-0.024122,0.000000,0.000000,0.000000,0.000255,0
20260805_180709_229,1,Unspecified,1941,2026-08-05T18:23:44.9935554+09:00,2026-08-05T18:23:45.4935554+09:00,995.764136,996.264136,30,30,0.079824,-0.023999,0.000000,0.000000,0.000000,0.000085,0
20260805_180709_229,1,Unspecified,1942,2026-08-05T18:23:45.4935554+09:00,2026-08-05T18:23:45.9935554+09:00,996.264136,996.764136,30,30,0.079749,-0.023932,0.000000,0.000000,0.000000,0.000105,0
20260805_180709_229,1,Unspecified,1943,2026-08-05T18:23:45.9935554+09:00,2026-08-05T18:23:46.4935554+09:00,996.764136,997.264136,30,30,0.079680,-0.023926,0.000000,0.000000,0.000000,0.000091,0
20260805_180709_229,1,Unspecified,1944,2026-08-05T18:23:46.4935554+09:00,2026-08-05T18:23:46.9935554+09:00,997.264136,997.764136,30,30,0.079598,-0.024080,0.000000,0.000000,0.000000,0.000181,0
20260805_180709_229,1,Unspecified,1945,2026-08-05T18:23:46.9935554+09:00,2026-08-05T18:23:47.4935554+09:00,997.764136,998.264136,30,30,0.081592,-0.023157,0.000003,0.000001,0.000002,0.001905,0
20260805_180709_229,1,Unspecified,1946,2026-08-05T18:23:47.4935554+09:00,2026-08-05T18:23:47.9935554+09:00,998.264136,998.764136,30,30,0.083923,-0.021804,0.000000,0.000000,0.000000,0.000179,0
20260805_180709_229,1,Unspecified,1947,2026-08-05T18:23:47.9935554+09:00,2026-08-05T18:23:48.4935554+09:00,998.764136,999.264136,30,30,0.083188,-0.022381,0.000000,0.000000,0.000000,0.000288,0
20260805_180709_229,1,Unspecified,1948,2026-08-05T18:23:48.4935554+09:00,2026-08-05T18:23:48.9935554+09:00,999.264136,999.764136,30,30,0.082477,-0.022732,0.000000,0.000000,0.000000,0.000161,0
20260805_180709_229,1,Unspecified,1949,2026-08-05T18:23:48.9935554+09:00,2026-08-05T18:23:49.4935554+09:00,999.764136,1000.264136,30,30,0.082173,-0.022753,0.000000,0.000000,0.000000,0.000227,0
20260805_180709_229,1,Unspecified,1950,2026-08-05T18:23:49.4935554+09:00,2026-08-05T18:23:49.9935554+09:00,1000.264136,1000.764136,30,30,0.081968,-0.022973,0.000000,0.000000,0.000000,0.000285,0
20260805_180709_229,1,Unspecified,1951,2026-08-05T18:23:49.9935554+09:00,2026-08-05T18:23:50.4935554+09:00,1000.764136,1001.264136,30,30,0.081829,-0.023930,0.000000,0.000000,0.000000,0.000491,0
20260805_180709_229,1,Unspecified,1952,2026-08-05T18:23:50.4935554+09:00,2026-08-05T18:23:50.9935554+09:00,1001.264136,1001.764136,30,30,0.080880,-0.024160,0.000000,0.000000,0.000000,0.000275,0
20260805_180709_229,1,Unspecified,1953,2026-08-05T18:23:50.9935554+09:00,2026-08-05T18:23:51.4935554+09:00,1001.764136,1002.264136,30,30,0.080547,-0.024481,0.000000,0.000000,0.000000,0.000143,0
20260805_180709_229,1,Unspecified,1954,2026-08-05T18:23:51.4935554+09:00,2026-08-05T18:23:51.9935554+09:00,1002.264136,1002.764136,30,30,0.080370,-0.024751,0.000000,0.000000,0.000000,0.000288,0
20260805_180709_229,1,Unspecified,1955,2026-08-05T18:23:51.9935554+09:00,2026-08-05T18:23:52.4935554+09:00,1002.764136,1003.264136,30,30,0.079944,-0.024947,0.000000,0.000000,0.000000,0.000130,0
20260805_180709_229,1,Unspecified,1956,2026-08-05T18:23:52.4935554+09:00,2026-08-05T18:23:52.9935554+09:00,1003.264136,1003.764136,30,30,0.079665,-0.025128,0.000000,0.000000,0.000000,0.000153,0
20260805_180709_229,1,Unspecified,1957,2026-08-05T18:23:52.9935554+09:00,2026-08-05T18:23:53.4935554+09:00,1003.764136,1004.264136,30,30,0.079387,-0.025516,0.000000,0.000000,0.000000,0.000414,0
20260805_180709_229,1,Unspecified,1958,2026-08-05T18:23:53.4935554+09:00,2026-08-05T18:23:53.9935554+09:00,1004.264136,1004.764136,30,30,0.078706,-0.026136,0.000000,0.000000,0.000000,0.000245,0
20260805_180709_229,1,Unspecified,1959,2026-08-05T18:23:53.9935554+09:00,2026-08-05T18:23:54.4935554+09:00,1004.764136,1005.264136,30,30,0.079151,-0.025566,0.000000,0.000000,0.000000,0.000077,0
20260805_180709_229,1,Unspecified,1960,2026-08-05T18:23:54.4935554+09:00,2026-08-05T18:23:54.9935554+09:00,1005.264136,1005.764136,30,30,0.079041,-0.025771,0.000000,0.000000,0.000000,0.000207,0
20260805_180709_229,1,Unspecified,1961,2026-08-05T18:23:54.9935554+09:00,2026-08-05T18:23:55.4935554+09:00,1005.764136,1006.264136,30,30,0.079118,-0.025888,0.000000,0.000000,0.000000,0.000164,0
20260805_180709_229,1,Unspecified,1962,2026-08-05T18:23:55.4935554+09:00,2026-08-05T18:23:55.9935554+09:00,1006.264136,1006.764136,30,30,0.079225,-0.025825,0.000000,0.000000,0.000000,0.000166,0
20260805_180709_229,1,Unspecified,1963,2026-08-05T18:23:55.9935554+09:00,2026-08-05T18:23:56.4935554+09:00,1006.764136,1007.264136,30,30,0.078799,-0.026046,0.000000,0.000000,0.000000,0.000121,0
20260805_180709_229,1,Unspecified,1964,2026-08-05T18:23:56.4935554+09:00,2026-08-05T18:23:56.9935554+09:00,1007.264136,1007.764136,30,30,0.078711,-0.026076,0.000000,0.000000,0.000000,0.000242,0
20260805_180709_229,1,Unspecified,1965,2026-08-05T18:23:56.9935554+09:00,2026-08-05T18:23:57.4935554+09:00,1007.764136,1008.264136,30,30,0.079288,-0.025647,0.000000,0.000000,0.000000,0.000103,0
20260805_180709_229,1,Unspecified,1966,2026-08-05T18:23:57.4935554+09:00,2026-08-05T18:23:57.9935554+09:00,1008.264136,1008.764136,30,30,0.079068,-0.025692,0.000000,0.000000,0.000000,0.000125,0
20260805_180709_229,1,Unspecified,1967,2026-08-05T18:23:57.9935554+09:00,2026-08-05T18:23:58.4935554+09:00,1008.764136,1009.264136,30,30,0.078874,-0.025793,0.000000,0.000000,0.000000,0.000141,0
20260805_180709_229,1,Unspecified,1968,2026-08-05T18:23:58.4935554+09:00,2026-08-05T18:23:58.9935554+09:00,1009.264136,1009.764136,30,30,0.078522,-0.025959,0.000000,0.000000,0.000000,0.000246,0
20260805_180709_229,1,Unspecified,1969,2026-08-05T18:23:58.9935554+09:00,2026-08-05T18:23:59.4935554+09:00,1009.764136,1010.264136,30,30,0.077860,-0.026561,0.000000,0.000000,0.000000,0.000158,0
20260805_180709_229,1,Unspecified,1970,2026-08-05T18:23:59.4935554+09:00,2026-08-05T18:23:59.9935554+09:00,1010.264136,1010.764136,30,30,0.077663,-0.026673,0.000000,0.000000,0.000000,0.000126,0
20260805_180709_229,1,Unspecified,1971,2026-08-05T18:23:59.9935554+09:00,2026-08-05T18:24:00.4935554+09:00,1010.764136,1011.264136,30,30,0.077707,-0.026600,0.000000,0.000000,0.000000,0.000211,0
20260805_180709_229,1,Unspecified,1972,2026-08-05T18:24:00.4935554+09:00,2026-08-05T18:24:00.9935554+09:00,1011.264136,1011.764136,30,30,0.077808,-0.026535,0.000000,0.000000,0.000000,0.000129,0
20260805_180709_229,1,Unspecified,1973,2026-08-05T18:24:00.9935554+09:00,2026-08-05T18:24:01.4935554+09:00,1011.764136,1012.264136,30,30,0.077763,-0.026622,0.000000,0.000000,0.000000,0.000089,0
20260805_180709_229,1,Unspecified,1974,2026-08-05T18:24:01.4935554+09:00,2026-08-05T18:24:01.9935554+09:00,1012.264136,1012.764136,30,30,0.077675,-0.026637,0.000000,0.000000,0.000000,0.000132,0
20260805_180709_229,1,Unspecified,1975,2026-08-05T18:24:01.9935554+09:00,2026-08-05T18:24:02.4935554+09:00,1012.764136,1013.264136,30,30,0.077430,-0.026755,0.000000,0.000000,0.000000,0.000140,0
20260805_180709_229,1,Unspecified,1976,2026-08-05T18:24:02.4935554+09:00,2026-08-05T18:24:02.9935554+09:00,1013.264136,1013.764136,30,30,0.077158,-0.026936,0.000000,0.000000,0.000000,0.000266,0
20260805_180709_229,1,Unspecified,1977,2026-08-05T18:24:02.9935554+09:00,2026-08-05T18:24:03.4935554+09:00,1013.764136,1014.264136,30,30,0.077226,-0.027518,0.000000,0.000000,0.000000,0.000287,0
20260805_180709_229,1,Unspecified,1978,2026-08-05T18:24:03.4935554+09:00,2026-08-05T18:24:03.9935554+09:00,1014.264136,1014.764136,30,30,0.077527,-0.027638,0.000000,0.000000,0.000000,0.000336,0
20260805_180709_229,1,Unspecified,1979,2026-08-05T18:24:03.9935554+09:00,2026-08-05T18:24:04.4935554+09:00,1014.764136,1015.264136,30,30,0.077320,-0.027664,0.000000,0.000000,0.000000,0.000349,0
20260805_180709_229,1,Unspecified,1980,2026-08-05T18:24:04.4935554+09:00,2026-08-05T18:24:04.9935554+09:00,1015.264136,1015.764136,30,30,0.079500,-0.025915,0.000001,0.000001,0.000001,0.001325,0
20260805_180709_229,1,Unspecified,1981,2026-08-05T18:24:04.9935554+09:00,2026-08-05T18:24:05.4935554+09:00,1015.764136,1016.264136,30,30,0.081027,-0.024608,0.000000,0.000000,0.000000,0.000422,0
20260805_180709_229,1,Unspecified,1982,2026-08-05T18:24:05.4935554+09:00,2026-08-05T18:24:05.9935554+09:00,1016.264136,1016.764136,30,30,0.079828,-0.025335,0.000000,0.000000,0.000000,0.000357,0
20260805_180709_229,1,Unspecified,1983,2026-08-05T18:24:05.9935554+09:00,2026-08-05T18:24:06.4935554+09:00,1016.764136,1017.264136,30,30,0.079017,-0.025913,0.000000,0.000000,0.000000,0.000184,0
20260805_180709_229,1,Unspecified,1984,2026-08-05T18:24:06.4935554+09:00,2026-08-05T18:24:06.9935554+09:00,1017.264136,1017.764136,30,30,0.079119,-0.025864,0.000000,0.000000,0.000000,0.000089,0
20260805_180709_229,1,Unspecified,1985,2026-08-05T18:24:06.9935554+09:00,2026-08-05T18:24:07.4935554+09:00,1017.764136,1018.264136,30,30,0.079211,-0.025741,0.000000,0.000000,0.000000,0.000125,0
20260805_180709_229,1,Unspecified,1986,2026-08-05T18:24:07.4935554+09:00,2026-08-05T18:24:07.9935554+09:00,1018.264136,1018.764136,30,30,0.079003,-0.025784,0.000000,0.000000,0.000000,0.000114,0
20260805_180709_229,1,Unspecified,1987,2026-08-05T18:24:07.9935554+09:00,2026-08-05T18:24:08.4935554+09:00,1018.764136,1019.264136,30,30,0.078493,-0.025936,0.000000,0.000000,0.000000,0.000304,0
20260805_180709_229,1,Unspecified,1988,2026-08-05T18:24:08.4935554+09:00,2026-08-05T18:24:08.9935554+09:00,1019.264136,1019.764136,30,30,0.078096,-0.026290,0.000000,0.000000,0.000000,0.000269,0
20260805_180709_229,1,Unspecified,1989,2026-08-05T18:24:08.9935554+09:00,2026-08-05T18:24:09.4935554+09:00,1019.764136,1020.264136,30,30,0.077640,-0.026800,0.000000,0.000000,0.000000,0.000151,0
20260805_180709_229,1,Unspecified,1990,2026-08-05T18:24:09.4935554+09:00,2026-08-05T18:24:09.9935554+09:00,1020.264136,1020.764136,30,30,0.077503,-0.026760,0.000000,0.000000,0.000000,0.000110,0
20260805_180709_229,1,Unspecified,1991,2026-08-05T18:24:09.9935554+09:00,2026-08-05T18:24:10.4935554+09:00,1020.764136,1021.264136,30,30,0.077686,-0.026592,0.000000,0.000000,0.000000,0.000087,0
20260805_180709_229,1,Unspecified,1992,2026-08-05T18:24:10.4935554+09:00,2026-08-05T18:24:10.9935554+09:00,1021.264136,1021.764136,30,30,0.078065,-0.026406,0.000000,0.000000,0.000000,0.000321,0
20260805_180709_229,1,Unspecified,1993,2026-08-05T18:24:10.9935554+09:00,2026-08-05T18:24:11.4935554+09:00,1021.764136,1022.264136,30,30,0.078053,-0.026463,0.000000,0.000000,0.000000,0.000107,0
20260805_180709_229,1,Unspecified,1994,2026-08-05T18:24:11.4935554+09:00,2026-08-05T18:24:11.9935554+09:00,1022.264136,1022.764136,30,30,0.078175,-0.026348,0.000000,0.000000,0.000000,0.000102,0
20260805_180709_229,1,Unspecified,1995,2026-08-05T18:24:11.9935554+09:00,2026-08-05T18:24:12.4935554+09:00,1022.764136,1023.264136,30,30,0.078344,-0.026254,0.000000,0.000000,0.000000,0.000131,0
20260805_180709_229,1,Unspecified,1996,2026-08-05T18:24:12.4935554+09:00,2026-08-05T18:24:12.9935554+09:00,1023.264136,1023.764136,30,30,0.078419,-0.026197,0.000000,0.000000,0.000000,0.000116,0
20260805_180709_229,1,Unspecified,1997,2026-08-05T18:24:12.9935554+09:00,2026-08-05T18:24:13.4935554+09:00,1023.764136,1024.264136,30,30,0.078130,-0.026233,0.000000,0.000000,0.000000,0.000208,0
20260805_180709_229,1,Unspecified,1998,2026-08-05T18:24:13.4935554+09:00,2026-08-05T18:24:13.9935554+09:00,1024.264136,1024.764136,30,30,0.078171,-0.026227,0.000000,0.000000,0.000000,0.000117,0
20260805_180709_229,1,Unspecified,1999,2026-08-05T18:24:13.9935554+09:00,2026-08-05T18:24:14.4935554+09:00,1024.764136,1025.264136,30,30,0.078375,-0.026194,0.000000,0.000000,0.000000,0.000087,0
20260805_180709_229,1,Unspecified,2000,2026-08-05T18:24:14.4935554+09:00,2026-08-05T18:24:14.9935554+09:00,1025.264136,1025.764136,30,30,0.079161,-0.026288,0.000000,0.000000,0.000000,0.000480,0
20260805_180709_229,1,Unspecified,2001,2026-08-05T18:24:14.9935554+09:00,2026-08-05T18:24:15.4935554+09:00,1025.764136,1026.264136,30,30,0.079219,-0.026507,0.000000,0.000000,0.000000,0.000320,0
20260805_180709_229,1,Unspecified,2002,2026-08-05T18:24:15.4935554+09:00,2026-08-05T18:24:15.9935554+09:00,1026.264136,1026.764136,30,30,0.078719,-0.026714,0.000000,0.000000,0.000000,0.000232,0
20260805_180709_229,1,Unspecified,2003,2026-08-05T18:24:15.9935554+09:00,2026-08-05T18:24:16.4935554+09:00,1026.764136,1027.264136,30,30,0.078358,-0.026800,0.000000,0.000000,0.000000,0.000097,0
20260805_180709_229,1,Unspecified,2004,2026-08-05T18:24:16.4935554+09:00,2026-08-05T18:24:16.9935554+09:00,1027.264136,1027.764136,30,30,0.078329,-0.026677,0.000000,0.000000,0.000000,0.000121,0
20260805_180709_229,1,Unspecified,2005,2026-08-05T18:24:16.9935554+09:00,2026-08-05T18:24:17.4935554+09:00,1027.764136,1028.264136,30,30,0.078222,-0.026759,0.000000,0.000000,0.000000,0.000173,0
20260805_180709_229,1,Unspecified,2006,2026-08-05T18:24:17.4935554+09:00,2026-08-05T18:24:17.9935554+09:00,1028.264136,1028.764136,30,30,0.077996,-0.026808,0.000000,0.000000,0.000000,0.000103,0
20260805_180709_229,1,Unspecified,2007,2026-08-05T18:24:17.9935554+09:00,2026-08-05T18:24:18.4935554+09:00,1028.764136,1029.264136,30,30,0.078051,-0.026755,0.000000,0.000000,0.000000,0.000099,0
20260805_180709_229,1,Unspecified,2008,2026-08-05T18:24:18.4935554+09:00,2026-08-05T18:24:18.9935554+09:00,1029.264136,1029.764136,30,30,0.078142,-0.026654,0.000000,0.000000,0.000000,0.000118,0
20260805_180709_229,1,Unspecified,2009,2026-08-05T18:24:18.9935554+09:00,2026-08-05T18:24:19.4935554+09:00,1029.764136,1030.264136,30,30,0.077779,-0.026848,0.000000,0.000000,0.000000,0.000242,0
20260805_180709_229,1,Unspecified,2010,2026-08-05T18:24:19.4935554+09:00,2026-08-05T18:24:19.9935554+09:00,1030.264136,1030.764136,30,30,0.078365,-0.026498,0.000000,0.000000,0.000000,0.000294,0
20260805_180709_229,1,Unspecified,2011,2026-08-05T18:24:19.9935554+09:00,2026-08-05T18:24:20.4935554+09:00,1030.764136,1031.264136,30,30,0.078954,-0.026398,0.000000,0.000000,0.000000,0.000116,0
20260805_180709_229,1,Unspecified,2012,2026-08-05T18:24:20.4935554+09:00,2026-08-05T18:24:20.9935554+09:00,1031.264136,1031.764136,30,30,0.079448,-0.026200,0.000000,0.000000,0.000000,0.000432,0
20260805_180709_229,1,Unspecified,2013,2026-08-05T18:24:20.9935554+09:00,2026-08-05T18:24:21.4935554+09:00,1031.764136,1032.264136,30,30,0.080484,-0.025699,0.000000,0.000000,0.000000,0.000115,0
20260805_180709_229,1,Unspecified,2014,2026-08-05T18:24:21.4935554+09:00,2026-08-05T18:24:21.9935554+09:00,1032.264136,1032.764136,30,30,0.080442,-0.025575,0.000000,0.000000,0.000000,0.000125,0
20260805_180709_229,1,Unspecified,2015,2026-08-05T18:24:21.9935554+09:00,2026-08-05T18:24:22.4935554+09:00,1032.764136,1033.264136,30,30,0.080190,-0.025638,0.000000,0.000000,0.000000,0.000097,0
20260805_180709_229,1,Unspecified,2016,2026-08-05T18:24:22.4935554+09:00,2026-08-05T18:24:22.9935554+09:00,1033.264136,1033.764136,30,30,0.080127,-0.025882,0.000000,0.000000,0.000000,0.000130,0
20260805_180709_229,1,Unspecified,2017,2026-08-05T18:24:22.9935554+09:00,2026-08-05T18:24:23.4935554+09:00,1033.764136,1034.264136,30,30,0.080270,-0.025809,0.000000,0.000000,0.000000,0.000139,0
20260805_180709_229,1,Unspecified,2018,2026-08-05T18:24:23.4935554+09:00,2026-08-05T18:24:23.9935554+09:00,1034.264136,1034.764136,30,30,0.079894,-0.026002,0.000000,0.000000,0.000000,0.000169,0
20260805_180709_229,1,Unspecified,2019,2026-08-05T18:24:23.9935554+09:00,2026-08-05T18:24:24.4935554+09:00,1034.764136,1035.264136,30,30,0.079994,-0.025923,0.000000,0.000000,0.000000,0.000043,0
20260805_180709_229,1,Unspecified,2020,2026-08-05T18:24:24.4935554+09:00,2026-08-05T18:24:24.9935554+09:00,1035.264136,1035.764136,30,30,0.080092,-0.025818,0.000000,0.000000,0.000000,0.000124,0
20260805_180709_229,1,Unspecified,2021,2026-08-05T18:24:24.9935554+09:00,2026-08-05T18:24:25.4935554+09:00,1035.764136,1036.264136,30,30,0.080103,-0.025949,0.000000,0.000000,0.000000,0.000133,0
20260805_180709_229,1,Unspecified,2022,2026-08-05T18:24:25.4935554+09:00,2026-08-05T18:24:25.9935554+09:00,1036.264136,1036.764136,30,30,0.079987,-0.025801,0.000000,0.000000,0.000000,0.000108,0
20260805_180709_229,1,Unspecified,2023,2026-08-05T18:24:25.9935554+09:00,2026-08-05T18:24:26.4935554+09:00,1036.764136,1037.264136,30,30,0.080096,-0.025624,0.000000,0.000000,0.000000,0.000077,0
20260805_180709_229,1,Unspecified,2024,2026-08-05T18:24:26.4935554+09:00,2026-08-05T18:24:26.9935554+09:00,1037.264136,1037.764136,30,30,0.079932,-0.025568,0.000000,0.000000,0.000000,0.000136,0
20260805_180709_229,1,Unspecified,2025,2026-08-05T18:24:26.9935554+09:00,2026-08-05T18:24:27.4935554+09:00,1037.764136,1038.264136,30,30,0.080116,-0.025441,0.000000,0.000000,0.000000,0.000112,0
20260805_180709_229,1,Unspecified,2026,2026-08-05T18:24:27.4935554+09:00,2026-08-05T18:24:27.9935554+09:00,1038.264136,1038.764136,30,30,0.079709,-0.025718,0.000000,0.000000,0.000000,0.000321,0
20260805_180709_229,1,Unspecified,2027,2026-08-05T18:24:27.9935554+09:00,2026-08-05T18:24:28.4935554+09:00,1038.764136,1039.264136,30,30,0.079179,-0.025949,0.000000,0.000000,0.000000,0.000097,0
20260805_180709_229,1,Unspecified,2028,2026-08-05T18:24:28.4935554+09:00,2026-08-05T18:24:28.9935554+09:00,1039.264136,1039.764136,30,30,0.079007,-0.026119,0.000000,0.000000,0.000000,0.000171,0
20260805_180709_229,1,Unspecified,2029,2026-08-05T18:24:28.9935554+09:00,2026-08-05T18:24:29.4935554+09:00,1039.764136,1040.264136,30,30,0.079317,-0.026368,0.000000,0.000000,0.000000,0.000404,0
20260805_180709_229,1,Unspecified,2030,2026-08-05T18:24:29.4935554+09:00,2026-08-05T18:24:29.9935554+09:00,1040.264136,1040.764136,30,30,0.080029,-0.025965,0.000000,0.000000,0.000000,0.000160,0
20260805_180709_229,1,Unspecified,2031,2026-08-05T18:24:29.9935554+09:00,2026-08-05T18:24:30.4935554+09:00,1040.764136,1041.264136,30,30,0.079494,-0.026204,0.000000,0.000000,0.000000,0.000093,0
20260805_180709_229,1,Unspecified,2032,2026-08-05T18:24:30.4935554+09:00,2026-08-05T18:24:30.9935554+09:00,1041.264136,1041.764136,30,30,0.079489,-0.026135,0.000000,0.000000,0.000000,0.000114,0
20260805_180709_229,1,Unspecified,2033,2026-08-05T18:24:30.9935554+09:00,2026-08-05T18:24:31.4935554+09:00,1041.764136,1042.264136,30,30,0.079838,-0.025905,0.000000,0.000000,0.000000,0.000650,0
20260805_180709_229,1,Unspecified,2034,2026-08-05T18:24:31.4935554+09:00,2026-08-05T18:24:31.9935554+09:00,1042.264136,1042.764136,30,30,0.080475,-0.025353,0.000000,0.000000,0.000000,0.000332,0
20260805_180709_229,1,Unspecified,2035,2026-08-05T18:24:31.9935554+09:00,2026-08-05T18:24:32.4935554+09:00,1042.764136,1043.264136,30,30,0.080327,-0.025250,0.000000,0.000000,0.000000,0.000099,0
20260805_180709_229,1,Unspecified,2036,2026-08-05T18:24:32.4935554+09:00,2026-08-05T18:24:32.9935554+09:00,1043.264136,1043.764136,30,30,0.080154,-0.025344,0.000000,0.000000,0.000000,0.000122,0
20260805_180709_229,1,Unspecified,2037,2026-08-05T18:24:32.9935554+09:00,2026-08-05T18:24:33.4935554+09:00,1043.764136,1044.264136,30,30,0.079767,-0.025729,0.000000,0.000000,0.000000,0.000231,0
20260805_180709_229,1,Unspecified,2038,2026-08-05T18:24:33.4935554+09:00,2026-08-05T18:24:33.9935554+09:00,1044.264136,1044.764136,30,30,0.079502,-0.025853,0.000000,0.000000,0.000000,0.000125,0
20260805_180709_229,1,Unspecified,2039,2026-08-05T18:24:33.9935554+09:00,2026-08-05T18:24:34.4935554+09:00,1044.764136,1045.264136,30,30,0.079908,-0.025488,0.000000,0.000000,0.000000,0.000169,0
20260805_180709_229,1,Unspecified,2040,2026-08-05T18:24:34.4935554+09:00,2026-08-05T18:24:34.9935554+09:00,1045.264136,1045.764136,30,30,0.079647,-0.025783,0.000000,0.000000,0.000000,0.000250,0
20260805_180709_229,1,Unspecified,2041,2026-08-05T18:24:34.9935554+09:00,2026-08-05T18:24:35.4935554+09:00,1045.764136,1046.264136,30,30,0.079630,-0.026224,0.000000,0.000000,0.000000,0.000210,0
20260805_180709_229,1,Unspecified,2042,2026-08-05T18:24:35.4935554+09:00,2026-08-05T18:24:35.9935554+09:00,1046.264136,1046.764136,30,30,0.079459,-0.026237,0.000000,0.000000,0.000000,0.000164,0
20260805_180709_229,1,Unspecified,2043,2026-08-05T18:24:35.9935554+09:00,2026-08-05T18:24:36.4935554+09:00,1046.764136,1047.264136,30,30,0.079544,-0.026020,0.000000,0.000000,0.000000,0.000178,0
20260805_180709_229,1,Unspecified,2044,2026-08-05T18:24:36.4935554+09:00,2026-08-05T18:24:36.9935554+09:00,1047.264136,1047.764136,30,30,0.079482,-0.026068,0.000000,0.000000,0.000000,0.000495,0
20260805_180709_229,1,Unspecified,2045,2026-08-05T18:24:36.9935554+09:00,2026-08-05T18:24:37.4935554+09:00,1047.764136,1048.264136,30,30,0.078959,-0.026746,0.000000,0.000000,0.000000,0.000119,0
20260805_180709_229,1,Unspecified,2046,2026-08-05T18:24:37.4935554+09:00,2026-08-05T18:24:37.9935554+09:00,1048.264136,1048.764136,30,30,0.079004,-0.026570,0.000000,0.000000,0.000000,0.000085,0
20260805_180709_229,1,Unspecified,2047,2026-08-05T18:24:37.9935554+09:00,2026-08-05T18:24:38.4935554+09:00,1048.764136,1049.264136,30,30,0.079209,-0.026248,0.000000,0.000000,0.000000,0.000168,0
20260805_180709_229,1,Unspecified,2048,2026-08-05T18:24:38.4935554+09:00,2026-08-05T18:24:38.9935554+09:00,1049.264136,1049.764136,30,30,0.079435,-0.026204,0.000000,0.000000,0.000000,0.000334,0
20260805_180709_229,1,Unspecified,2049,2026-08-05T18:24:38.9935554+09:00,2026-08-05T18:24:39.4935554+09:00,1049.764136,1050.264136,30,30,0.079892,-0.025879,0.000000,0.000000,0.000000,0.000253,0
20260805_180709_229,1,Unspecified,2050,2026-08-05T18:24:39.4935554+09:00,2026-08-05T18:24:39.9935554+09:00,1050.264136,1050.764136,30,30,0.078991,-0.026330,0.000000,0.000000,0.000000,0.000208,0
20260805_180709_229,1,Unspecified,2051,2026-08-05T18:24:39.9935554+09:00,2026-08-05T18:24:40.4935554+09:00,1050.764136,1051.264136,30,30,0.078725,-0.026359,0.000000,0.000000,0.000000,0.000180,0
20260805_180709_229,1,Unspecified,2052,2026-08-05T18:24:40.4935554+09:00,2026-08-05T18:24:40.9935554+09:00,1051.264136,1051.764136,30,30,0.078840,-0.026277,0.000000,0.000000,0.000000,0.000146,0
20260805_180709_229,1,Unspecified,2053,2026-08-05T18:24:40.9935554+09:00,2026-08-05T18:24:41.4935554+09:00,1051.764136,1052.264136,30,30,0.078803,-0.026366,0.000000,0.000000,0.000000,0.000079,0
20260805_180709_229,1,Unspecified,2054,2026-08-05T18:24:41.4935554+09:00,2026-08-05T18:24:41.9935554+09:00,1052.264136,1052.764136,30,30,0.078929,-0.026179,0.000000,0.000000,0.000000,0.000219,0
20260805_180709_229,1,Unspecified,2055,2026-08-05T18:24:41.9935554+09:00,2026-08-05T18:24:42.4935554+09:00,1052.764136,1053.264136,30,30,0.078992,-0.026079,0.000000,0.000000,0.000000,0.000093,0
20260805_180709_229,1,Unspecified,2056,2026-08-05T18:24:42.4935554+09:00,2026-08-05T18:24:42.9935554+09:00,1053.264136,1053.764136,30,30,0.078844,-0.026206,0.000000,0.000000,0.000000,0.000335,0
20260805_180709_229,1,Unspecified,2057,2026-08-05T18:24:42.9935554+09:00,2026-08-05T18:24:43.4935554+09:00,1053.764136,1054.264136,30,30,0.078653,-0.026523,0.000000,0.000000,0.000000,0.000264,0
20260805_180709_229,1,Unspecified,2058,2026-08-05T18:24:43.4935554+09:00,2026-08-05T18:24:43.9935554+09:00,1054.264136,1054.764136,30,30,0.078810,-0.026291,0.000000,0.000000,0.000000,0.000126,0
20260805_180709_229,1,Unspecified,2059,2026-08-05T18:24:43.9935554+09:00,2026-08-05T18:24:44.4935554+09:00,1054.764136,1055.264136,30,30,0.079204,-0.025943,0.000000,0.000000,0.000000,0.000076,0
20260805_180709_229,1,Unspecified,2060,2026-08-05T18:24:44.4935554+09:00,2026-08-05T18:24:44.9935554+09:00,1055.264136,1055.764136,30,30,0.079552,-0.025651,0.000000,0.000000,0.000000,0.000225,0
20260805_180709_229,1,Unspecified,2061,2026-08-05T18:24:44.9935554+09:00,2026-08-05T18:24:45.4935554+09:00,1055.764136,1056.264136,30,30,0.079538,-0.025746,0.000000,0.000000,0.000000,0.000133,0
20260805_180709_229,1,Unspecified,2062,2026-08-05T18:24:45.4935554+09:00,2026-08-05T18:24:45.9935554+09:00,1056.264136,1056.764136,30,30,0.079341,-0.025779,0.000000,0.000000,0.000000,0.000266,0
20260805_180709_229,1,Unspecified,2063,2026-08-05T18:24:45.9935554+09:00,2026-08-05T18:24:46.4935554+09:00,1056.764136,1057.264136,30,30,0.079038,-0.026011,0.000000,0.000000,0.000000,0.000106,0
20260805_180709_229,1,Unspecified,2064,2026-08-05T18:24:46.4935554+09:00,2026-08-05T18:24:46.9935554+09:00,1057.264136,1057.764136,30,30,0.079220,-0.025939,0.000000,0.000000,0.000000,0.000281,0
20260805_180709_229,1,Unspecified,2065,2026-08-05T18:24:46.9935554+09:00,2026-08-05T18:24:47.4935554+09:00,1057.764136,1058.264136,30,30,0.080635,-0.025098,0.000000,0.000000,0.000000,0.000298,0
20260805_180709_229,1,Unspecified,2066,2026-08-05T18:24:47.4935554+09:00,2026-08-05T18:24:47.9935554+09:00,1058.264136,1058.764136,30,30,0.080798,-0.024877,0.000000,0.000000,0.000000,0.000098,0
20260805_180709_229,1,Unspecified,2067,2026-08-05T18:24:47.9935554+09:00,2026-08-05T18:24:48.4935554+09:00,1058.764136,1059.264136,30,30,0.080459,-0.024912,0.000000,0.000000,0.000000,0.000116,0
20260805_180709_229,1,Unspecified,2068,2026-08-05T18:24:48.4935554+09:00,2026-08-05T18:24:48.9935554+09:00,1059.264136,1059.764136,30,30,0.080273,-0.025026,0.000000,0.000000,0.000000,0.000169,0
20260805_180709_229,1,Unspecified,2069,2026-08-05T18:24:48.9935554+09:00,2026-08-05T18:24:49.4935554+09:00,1059.764136,1060.264136,30,30,0.080441,-0.024879,0.000000,0.000000,0.000000,0.000087,0
20260805_180709_229,1,Unspecified,2070,2026-08-05T18:24:49.4935554+09:00,2026-08-05T18:24:49.9935554+09:00,1060.264136,1060.764136,30,30,0.080791,-0.024429,0.000000,0.000000,0.000000,0.000439,0
20260805_180709_229,1,Unspecified,2071,2026-08-05T18:24:49.9935554+09:00,2026-08-05T18:24:50.4935554+09:00,1060.764136,1061.264136,30,30,0.081448,-0.023706,0.000000,0.000000,0.000000,0.000113,0
20260805_180709_229,1,Unspecified,2072,2026-08-05T18:24:50.4935554+09:00,2026-08-05T18:24:50.9935554+09:00,1061.264136,1061.764136,30,30,0.081281,-0.024141,0.000000,0.000000,0.000000,0.000285,0
20260805_180709_229,1,Unspecified,2073,2026-08-05T18:24:50.9935554+09:00,2026-08-05T18:24:51.4935554+09:00,1061.764136,1062.264136,30,30,0.081552,-0.024455,0.000000,0.000000,0.000000,0.000369,0
20260805_180709_229,1,Unspecified,2074,2026-08-05T18:24:51.4935554+09:00,2026-08-05T18:24:51.9935554+09:00,1062.264136,1062.764136,30,30,0.082022,-0.024281,0.000000,0.000000,0.000000,0.000195,0
20260805_180709_229,1,Unspecified,2075,2026-08-05T18:24:51.9935554+09:00,2026-08-05T18:24:52.4935554+09:00,1062.764136,1063.264136,30,30,0.081858,-0.024222,0.000000,0.000000,0.000000,0.000133,0
20260805_180709_229,1,Unspecified,2076,2026-08-05T18:24:52.4935554+09:00,2026-08-05T18:24:52.9935554+09:00,1063.264136,1063.764136,30,30,0.082147,-0.023869,0.000000,0.000000,0.000000,0.000170,0
20260805_180709_229,1,Unspecified,2077,2026-08-05T18:24:52.9935554+09:00,2026-08-05T18:24:53.4935554+09:00,1063.764136,1064.264136,30,30,0.082121,-0.023802,0.000000,0.000000,0.000000,0.000098,0
20260805_180709_229,1,Unspecified,2078,2026-08-05T18:24:53.4935554+09:00,2026-08-05T18:24:53.9935554+09:00,1064.264136,1064.764136,30,30,0.082047,-0.023716,0.000000,0.000000,0.000000,0.000141,0
20260805_180709_229,1,Unspecified,2079,2026-08-05T18:24:53.9935554+09:00,2026-08-05T18:24:54.4935554+09:00,1064.764136,1065.264136,30,30,0.082155,-0.023535,0.000000,0.000000,0.000000,0.000085,0
20260805_180709_229,1,Unspecified,2080,2026-08-05T18:24:54.4935554+09:00,2026-08-05T18:24:54.9935554+09:00,1065.264136,1065.764136,30,30,0.082014,-0.023731,0.000000,0.000000,0.000000,0.000114,0
20260805_180709_229,1,Unspecified,2081,2026-08-05T18:24:54.9935554+09:00,2026-08-05T18:24:55.4935554+09:00,1065.764136,1066.264136,30,30,0.081993,-0.023743,0.000000,0.000000,0.000000,0.000099,0
20260805_180709_229,1,Unspecified,2082,2026-08-05T18:24:55.4935554+09:00,2026-08-05T18:24:55.9935554+09:00,1066.264136,1066.764136,30,30,0.081962,-0.023633,0.000000,0.000000,0.000000,0.000067,0
20260805_180709_229,1,Unspecified,2083,2026-08-05T18:24:55.9935554+09:00,2026-08-05T18:24:56.4935554+09:00,1066.764136,1067.264136,30,30,0.081901,-0.023607,0.000000,0.000000,0.000000,0.000090,0
20260805_180709_229,1,Unspecified,2084,2026-08-05T18:24:56.4935554+09:00,2026-08-05T18:24:56.9935554+09:00,1067.264136,1067.764136,30,30,0.081812,-0.023713,0.000000,0.000000,0.000000,0.000192,0
20260805_180709_229,1,Unspecified,2085,2026-08-05T18:24:56.9935554+09:00,2026-08-05T18:24:57.4935554+09:00,1067.764136,1068.264136,30,30,0.082027,-0.023693,0.000000,0.000000,0.000000,0.000098,0
20260805_180709_229,1,Unspecified,2086,2026-08-05T18:24:57.4935554+09:00,2026-08-05T18:24:57.9935554+09:00,1068.264136,1068.764136,30,30,0.081625,-0.023916,0.000000,0.000000,0.000000,0.000208,0
20260805_180709_229,1,Unspecified,2087,2026-08-05T18:24:57.9935554+09:00,2026-08-05T18:24:58.4935554+09:00,1068.764136,1069.264136,30,30,0.081532,-0.023826,0.000000,0.000000,0.000000,0.000120,0
20260805_180709_229,1,Unspecified,2088,2026-08-05T18:24:58.4935554+09:00,2026-08-05T18:24:58.9935554+09:00,1069.264136,1069.764136,30,30,0.081409,-0.023927,0.000000,0.000000,0.000000,0.000267,0
20260805_180709_229,1,Unspecified,2089,2026-08-05T18:24:58.9935554+09:00,2026-08-05T18:24:59.4935554+09:00,1069.764136,1070.264136,30,30,0.082095,-0.023951,0.000000,0.000000,0.000000,0.000229,0
20260805_180709_229,1,Unspecified,2090,2026-08-05T18:24:59.4935554+09:00,2026-08-05T18:24:59.9935554+09:00,1070.264136,1070.764136,30,30,0.081515,-0.024093,0.000000,0.000000,0.000000,0.000148,0
20260805_180709_229,1,Unspecified,2091,2026-08-05T18:24:59.9935554+09:00,2026-08-05T18:25:00.4935554+09:00,1070.764136,1071.264136,30,30,0.081287,-0.024110,0.000000,0.000000,0.000000,0.000144,0
20260805_180709_229,1,Unspecified,2092,2026-08-05T18:25:00.4935554+09:00,2026-08-05T18:25:00.9935554+09:00,1071.264136,1071.764136,30,30,0.081853,-0.023852,0.000000,0.000000,0.000000,0.000218,0
20260805_180709_229,1,Unspecified,2093,2026-08-05T18:25:00.9935554+09:00,2026-08-05T18:25:01.4935554+09:00,1071.764136,1072.264136,30,30,0.081650,-0.024023,0.000000,0.000000,0.000000,0.000238,0
20260805_180709_229,1,Unspecified,2094,2026-08-05T18:25:01.4935554+09:00,2026-08-05T18:25:01.9935554+09:00,1072.264136,1072.764136,30,30,0.081129,-0.024359,0.000000,0.000000,0.000000,0.000143,0
20260805_180709_229,1,Unspecified,2095,2026-08-05T18:25:01.9935554+09:00,2026-08-05T18:25:02.4935554+09:00,1072.764136,1073.264136,30,30,0.080859,-0.024391,0.000000,0.000000,0.000000,0.000155,0
20260805_180709_229,1,Unspecified,2096,2026-08-05T18:25:02.4935554+09:00,2026-08-05T18:25:02.9935554+09:00,1073.264136,1073.764136,30,30,0.080753,-0.024542,0.000000,0.000000,0.000000,0.000580,0
20260805_180709_229,1,Unspecified,2097,2026-08-05T18:25:02.9935554+09:00,2026-08-05T18:25:03.4935554+09:00,1073.764136,1074.264136,30,30,0.080737,-0.024858,0.000000,0.000000,0.000000,0.000344,0
20260805_180709_229,1,Unspecified,2098,2026-08-05T18:25:03.4935554+09:00,2026-08-05T18:25:03.9935554+09:00,1074.264136,1074.764136,30,30,0.080725,-0.024775,0.000000,0.000000,0.000000,0.000134,0
20260805_180709_229,1,Unspecified,2099,2026-08-05T18:25:03.9935554+09:00,2026-08-05T18:25:04.4935554+09:00,1074.764136,1075.264136,30,30,0.080827,-0.024588,0.000000,0.000000,0.000000,0.000061,0
20260805_180709_229,1,Unspecified,2100,2026-08-05T18:25:04.4935554+09:00,2026-08-05T18:25:04.9935554+09:00,1075.264136,1075.764136,30,30,0.081180,-0.024412,0.000000,0.000000,0.000000,0.000395,0
20260805_180709_229,1,Unspecified,2101,2026-08-05T18:25:04.9935554+09:00,2026-08-05T18:25:05.4935554+09:00,1075.764136,1076.264136,30,30,0.081680,-0.024032,0.000000,0.000000,0.000000,0.000106,0
20260805_180709_229,1,Unspecified,2102,2026-08-05T18:25:05.4935554+09:00,2026-08-05T18:25:05.9935554+09:00,1076.264136,1076.764136,30,30,0.081532,-0.024019,0.000000,0.000000,0.000000,0.000108,0
20260805_180709_229,1,Unspecified,2103,2026-08-05T18:25:05.9935554+09:00,2026-08-05T18:25:06.4935554+09:00,1076.764136,1077.264136,30,30,0.081156,-0.024208,0.000000,0.000000,0.000000,0.000186,0
20260805_180709_229,1,Unspecified,2104,2026-08-05T18:25:06.4935554+09:00,2026-08-05T18:25:06.9935554+09:00,1077.264136,1077.764136,30,30,0.080478,-0.024726,0.000000,0.000000,0.000000,0.000335,0
20260805_180709_229,1,Unspecified,2105,2026-08-05T18:25:06.9935554+09:00,2026-08-05T18:25:07.4935554+09:00,1077.764136,1078.264136,30,30,0.080855,-0.024743,0.000000,0.000000,0.000000,0.000151,0
20260805_180709_229,1,Unspecified,2106,2026-08-05T18:25:07.4935554+09:00,2026-08-05T18:25:07.9935554+09:00,1078.264136,1078.764136,30,30,0.081043,-0.024412,0.000000,0.000000,0.000000,0.000165,0
20260805_180709_229,1,Unspecified,2107,2026-08-05T18:25:07.9935554+09:00,2026-08-05T18:25:08.4935554+09:00,1078.764136,1079.264136,30,30,0.080847,-0.024472,0.000000,0.000000,0.000000,0.000103,0
20260805_180709_229,1,Unspecified,2108,2026-08-05T18:25:08.4935554+09:00,2026-08-05T18:25:08.9935554+09:00,1079.264136,1079.764136,30,30,0.080865,-0.024401,0.000000,0.000000,0.000000,0.000111,0
20260805_180709_229,1,Unspecified,2109,2026-08-05T18:25:08.9935554+09:00,2026-08-05T18:25:09.4935554+09:00,1079.764136,1080.264136,30,30,0.080815,-0.024436,0.000000,0.000000,0.000000,0.000120,0
20260805_180709_229,1,Unspecified,2110,2026-08-05T18:25:09.4935554+09:00,2026-08-05T18:25:09.9935554+09:00,1080.264136,1080.764136,30,30,0.080621,-0.024527,0.000000,0.000000,0.000000,0.000111,0
20260805_180709_229,1,Unspecified,2111,2026-08-05T18:25:09.9935554+09:00,2026-08-05T18:25:10.4935554+09:00,1080.764136,1081.264136,30,30,0.080557,-0.024594,0.000000,0.000000,0.000000,0.000080,0
20260805_180709_229,1,Unspecified,2112,2026-08-05T18:25:10.4935554+09:00,2026-08-05T18:25:10.9935554+09:00,1081.264136,1081.764136,30,30,0.080919,-0.024421,0.000000,0.000000,0.000000,0.000195,0
20260805_180709_229,1,Unspecified,2113,2026-08-05T18:25:10.9935554+09:00,2026-08-05T18:25:11.4935554+09:00,1081.764136,1082.264136,30,30,0.081033,-0.024329,0.000000,0.000000,0.000000,0.000129,0
20260805_180709_229,1,Unspecified,2114,2026-08-05T18:25:11.4935554+09:00,2026-08-05T18:25:11.9935554+09:00,1082.264136,1082.764136,30,30,0.081167,-0.024102,0.000000,0.000000,0.000000,0.000094,0
20260805_180709_229,1,Unspecified,2115,2026-08-05T18:25:11.9935554+09:00,2026-08-05T18:25:12.4935554+09:00,1082.764136,1083.264136,30,30,0.080918,-0.024154,0.000000,0.000000,0.000000,0.000114,0
20260805_180709_229,1,Unspecified,2116,2026-08-05T18:25:12.4935554+09:00,2026-08-05T18:25:12.9935554+09:00,1083.264136,1083.764136,30,30,0.080813,-0.024176,0.000000,0.000000,0.000000,0.000145,0
20260805_180709_229,1,Unspecified,2117,2026-08-05T18:25:12.9935554+09:00,2026-08-05T18:25:13.4935554+09:00,1083.764136,1084.264136,30,30,0.080459,-0.024335,0.000000,0.000000,0.000000,0.000175,0
20260805_180709_229,1,Unspecified,2118,2026-08-05T18:25:13.4935554+09:00,2026-08-05T18:25:13.9935554+09:00,1084.264136,1084.764136,30,30,0.080242,-0.024563,0.000000,0.000000,0.000000,0.000163,0
20260805_180709_229,1,Unspecified,2119,2026-08-05T18:25:13.9935554+09:00,2026-08-05T18:25:14.4935554+09:00,1084.764136,1085.264136,30,30,0.080034,-0.024733,0.000000,0.000000,0.000000,0.000119,0
20260805_180709_229,1,Unspecified,2120,2026-08-05T18:25:14.4935554+09:00,2026-08-05T18:25:14.9935554+09:00,1085.264136,1085.764136,30,30,0.080501,-0.024415,0.000000,0.000000,0.000000,0.000218,0
20260805_180709_229,1,Unspecified,2121,2026-08-05T18:25:14.9935554+09:00,2026-08-05T18:25:15.4935554+09:00,1085.764136,1086.264136,31,31,0.081035,-0.024128,0.000000,0.000000,0.000000,0.000097,0
20260805_180709_229,1,Unspecified,2122,2026-08-05T18:25:15.4935554+09:00,2026-08-05T18:25:15.9935554+09:00,1086.264136,1086.764136,29,29,0.080940,-0.024241,0.000000,0.000000,0.000000,0.000095,0
20260805_180709_229,1,Unspecified,2123,2026-08-05T18:25:15.9935554+09:00,2026-08-05T18:25:16.4935554+09:00,1086.764136,1087.264136,30,30,0.080945,-0.024137,0.000000,0.000000,0.000000,0.000130,0
20260805_180709_229,1,Unspecified,2124,2026-08-05T18:25:16.4935554+09:00,2026-08-05T18:25:16.9935554+09:00,1087.264136,1087.764136,30,30,0.080565,-0.024467,0.000000,0.000000,0.000000,0.000361,0
20260805_180709_229,1,Unspecified,2125,2026-08-05T18:25:16.9935554+09:00,2026-08-05T18:25:17.4935554+09:00,1087.764136,1088.264136,30,30,0.081069,-0.024360,0.000000,0.000000,0.000000,0.000218,0
20260805_180709_229,1,Unspecified,2126,2026-08-05T18:25:17.4935554+09:00,2026-08-05T18:25:17.9935554+09:00,1088.264136,1088.764136,30,30,0.081005,-0.024257,0.000000,0.000000,0.000000,0.000170,0
20260805_180709_229,1,Unspecified,2127,2026-08-05T18:25:17.9935554+09:00,2026-08-05T18:25:18.4935554+09:00,1088.764136,1089.264136,30,30,0.080941,-0.024264,0.000000,0.000000,0.000000,0.000080,0
20260805_180709_229,1,Unspecified,2128,2026-08-05T18:25:18.4935554+09:00,2026-08-05T18:25:18.9935554+09:00,1089.264136,1089.764136,30,30,0.080813,-0.024410,0.000000,0.000000,0.000000,0.000311,0
20260805_180709_229,1,Unspecified,2129,2026-08-05T18:25:18.9935554+09:00,2026-08-05T18:25:19.4935554+09:00,1089.764136,1090.264136,30,30,0.080539,-0.024699,0.000000,0.000000,0.000000,0.000192,0
20260805_180709_229,1,Unspecified,2130,2026-08-05T18:25:19.4935554+09:00,2026-08-05T18:25:19.9935554+09:00,1090.264136,1090.764136,30,30,0.080710,-0.024424,0.000000,0.000000,0.000000,0.000143,0
20260805_180709_229,1,Unspecified,2131,2026-08-05T18:25:19.9935554+09:00,2026-08-05T18:25:20.4935554+09:00,1090.764136,1091.264136,30,30,0.080743,-0.024361,0.000000,0.000000,0.000000,0.000103,0
20260805_180709_229,1,Unspecified,2132,2026-08-05T18:25:20.4935554+09:00,2026-08-05T18:25:20.9935554+09:00,1091.264136,1091.764136,30,30,0.080722,-0.024431,0.000000,0.000000,0.000000,0.000063,0
20260805_180709_229,1,Unspecified,2133,2026-08-05T18:25:20.9935554+09:00,2026-08-05T18:25:21.4935554+09:00,1091.764136,1092.264136,31,31,0.080710,-0.024525,0.000000,0.000000,0.000000,0.000078,0
20260805_180709_229,1,Unspecified,2134,2026-08-05T18:25:21.4935554+09:00,2026-08-05T18:25:21.9935554+09:00,1092.264136,1092.764136,29,29,0.080866,-0.024365,0.000000,0.000000,0.000000,0.000057,0
20260805_180709_229,1,Unspecified,2135,2026-08-05T18:25:21.9935554+09:00,2026-08-05T18:25:22.4935554+09:00,1092.764136,1093.264136,30,30,0.080825,-0.024339,0.000000,0.000000,0.000000,0.000092,0
20260805_180709_229,1,Unspecified,2136,2026-08-05T18:25:22.4935554+09:00,2026-08-05T18:25:22.9935554+09:00,1093.264136,1093.764136,30,30,0.080663,-0.024475,0.000000,0.000000,0.000000,0.000215,0
20260805_180709_229,1,Unspecified,2137,2026-08-05T18:25:22.9935554+09:00,2026-08-05T18:25:23.4935554+09:00,1093.764136,1094.264136,30,30,0.080567,-0.024807,0.000000,0.000000,0.000000,0.000139,0
20260805_180709_229,1,Unspecified,2138,2026-08-05T18:25:23.4935554+09:00,2026-08-05T18:25:23.9935554+09:00,1094.264136,1094.764136,30,30,0.080504,-0.024821,0.000000,0.000000,0.000000,0.000100,0
20260805_180709_229,1,Unspecified,2139,2026-08-05T18:25:23.9935554+09:00,2026-08-05T18:25:24.4935554+09:00,1094.764136,1095.264136,30,30,0.080667,-0.024690,0.000000,0.000000,0.000000,0.000062,0
20260805_180709_229,1,Unspecified,2140,2026-08-05T18:25:24.4935554+09:00,2026-08-05T18:25:24.9935554+09:00,1095.264136,1095.764136,30,30,0.080593,-0.024705,0.000000,0.000000,0.000000,0.000172,0
20260805_180709_229,1,Unspecified,2141,2026-08-05T18:25:24.9935554+09:00,2026-08-05T18:25:25.4935554+09:00,1095.764136,1096.264136,30,30,0.080610,-0.024905,0.000000,0.000000,0.000000,0.000076,0
20260805_180709_229,1,Unspecified,2142,2026-08-05T18:25:25.4935554+09:00,2026-08-05T18:25:25.9935554+09:00,1096.264136,1096.764136,30,30,0.080422,-0.025021,0.000000,0.000000,0.000000,0.000368,0
20260805_180709_229,1,Unspecified,2143,2026-08-05T18:25:25.9935554+09:00,2026-08-05T18:25:26.4935554+09:00,1096.764136,1097.264136,30,30,0.080311,-0.025258,0.000000,0.000000,0.000000,0.000141,0
20260805_180709_229,1,Unspecified,2144,2026-08-05T18:25:26.4935554+09:00,2026-08-05T18:25:26.9935554+09:00,1097.264136,1097.764136,30,30,0.079893,-0.025587,0.000000,0.000000,0.000000,0.000381,0
20260805_180709_229,1,Unspecified,2145,2026-08-05T18:25:26.9935554+09:00,2026-08-05T18:25:27.4935554+09:00,1097.764136,1098.264136,30,30,0.079754,-0.026056,0.000000,0.000000,0.000000,0.000293,0
20260805_180709_229,1,Unspecified,2146,2026-08-05T18:25:27.4935554+09:00,2026-08-05T18:25:27.9935554+09:00,1098.264136,1098.764136,30,30,0.079706,-0.025975,0.000000,0.000000,0.000000,0.000180,0
20260805_180709_229,1,Unspecified,2147,2026-08-05T18:25:27.9935554+09:00,2026-08-05T18:25:28.4935554+09:00,1098.764136,1099.264136,30,30,0.079664,-0.025904,0.000000,0.000000,0.000000,0.000082,0
20260805_180709_229,1,Unspecified,2148,2026-08-05T18:25:28.4935554+09:00,2026-08-05T18:25:28.9935554+09:00,1099.264136,1099.764136,30,30,0.079595,-0.025820,0.000000,0.000000,0.000000,0.000182,0
20260805_180709_229,1,Unspecified,2149,2026-08-05T18:25:28.9935554+09:00,2026-08-05T18:25:29.4935554+09:00,1099.764136,1100.264136,30,30,0.079473,-0.025948,0.000000,0.000000,0.000000,0.000182,0
20260805_180709_229,1,Unspecified,2150,2026-08-05T18:25:29.4935554+09:00,2026-08-05T18:25:29.9935554+09:00,1100.264136,1100.764136,30,30,0.079534,-0.025843,0.000000,0.000000,0.000000,0.000153,0
20260805_180709_229,1,Unspecified,2151,2026-08-05T18:25:29.9935554+09:00,2026-08-05T18:25:30.4935554+09:00,1100.764136,1101.264136,30,30,0.079747,-0.025604,0.000000,0.000000,0.000000,0.000080,0
20260805_180709_229,1,Unspecified,2152,2026-08-05T18:25:30.4935554+09:00,2026-08-05T18:25:30.9935554+09:00,1101.264136,1101.764136,30,30,0.079864,-0.025602,0.000000,0.000000,0.000000,0.000078,0
20260805_180709_229,1,Unspecified,2153,2026-08-05T18:25:30.9935554+09:00,2026-08-05T18:25:31.4935554+09:00,1101.764136,1102.264136,30,30,0.080205,-0.025454,0.000000,0.000000,0.000000,0.000166,0
20260805_180709_229,1,Unspecified,2154,2026-08-05T18:25:31.4935554+09:00,2026-08-05T18:25:31.9935554+09:00,1102.264136,1102.764136,30,30,0.080373,-0.025375,0.000000,0.000000,0.000000,0.000109,0
20260805_180709_229,1,Unspecified,2155,2026-08-05T18:25:31.9935554+09:00,2026-08-05T18:25:32.4935554+09:00,1102.764136,1103.264136,30,30,0.079988,-0.025528,0.000000,0.000000,0.000000,0.000170,0
20260805_180709_229,1,Unspecified,2156,2026-08-05T18:25:32.4935554+09:00,2026-08-05T18:25:32.9935554+09:00,1103.264136,1103.764136,30,30,0.080201,-0.025323,0.000000,0.000000,0.000000,0.000207,0
20260805_180709_229,1,Unspecified,2157,2026-08-05T18:25:32.9935554+09:00,2026-08-05T18:25:33.4935554+09:00,1103.764136,1104.264136,30,30,0.080214,-0.025247,0.000000,0.000000,0.000000,0.000117,0
20260805_180709_229,1,Unspecified,2158,2026-08-05T18:25:33.4935554+09:00,2026-08-05T18:25:33.9935554+09:00,1104.264136,1104.764136,30,30,0.080230,-0.025260,0.000000,0.000000,0.000000,0.000098,0
20260805_180709_229,1,Unspecified,2159,2026-08-05T18:25:33.9935554+09:00,2026-08-05T18:25:34.4935554+09:00,1104.764136,1105.264136,30,30,0.080057,-0.025243,0.000000,0.000000,0.000000,0.000208,0
20260805_180709_229,1,Unspecified,2160,2026-08-05T18:25:34.4935554+09:00,2026-08-05T18:25:34.9935554+09:00,1105.264136,1105.764136,30,30,0.079924,-0.025366,0.000000,0.000000,0.000000,0.000157,0
20260805_180709_229,1,Unspecified,2161,2026-08-05T18:25:34.9935554+09:00,2026-08-05T18:25:35.4935554+09:00,1105.764136,1106.264136,30,30,0.079842,-0.025409,0.000000,0.000000,0.000000,0.000169,0
20260805_180709_229,1,Unspecified,2162,2026-08-05T18:25:35.4935554+09:00,2026-08-05T18:25:35.9935554+09:00,1106.264136,1106.764136,30,30,0.079717,-0.025491,0.000000,0.000000,0.000000,0.000103,0
20260805_180709_229,1,Unspecified,2163,2026-08-05T18:25:35.9935554+09:00,2026-08-05T18:25:36.4935554+09:00,1106.764136,1107.264136,30,30,0.079917,-0.025372,0.000000,0.000000,0.000000,0.000138,0
20260805_180709_229,1,Unspecified,2164,2026-08-05T18:25:36.4935554+09:00,2026-08-05T18:25:36.9935554+09:00,1107.264136,1107.764136,30,30,0.080090,-0.025279,0.000000,0.000000,0.000000,0.000088,0
20260805_180709_229,1,Unspecified,2165,2026-08-05T18:25:36.9935554+09:00,2026-08-05T18:25:37.4935554+09:00,1107.764136,1108.264136,30,30,0.079881,-0.025442,0.000000,0.000000,0.000000,0.000105,0
20260805_180709_229,1,Unspecified,2166,2026-08-05T18:25:37.4935554+09:00,2026-08-05T18:25:37.9935554+09:00,1108.264136,1108.764136,30,30,0.079736,-0.025548,0.000000,0.000000,0.000000,0.000194,0
20260805_180709_229,1,Unspecified,2167,2026-08-05T18:25:37.9935554+09:00,2026-08-05T18:25:38.4935554+09:00,1108.764136,1109.264136,30,30,0.079844,-0.025500,0.000000,0.000000,0.000000,0.000105,0
20260805_180709_229,1,Unspecified,2168,2026-08-05T18:25:38.4935554+09:00,2026-08-05T18:25:38.9935554+09:00,1109.264136,1109.764136,30,30,0.080205,-0.025276,0.000000,0.000000,0.000000,0.000251,0
20260805_180709_229,1,Unspecified,2169,2026-08-05T18:25:38.9935554+09:00,2026-08-05T18:25:39.4935554+09:00,1109.764136,1110.264136,30,30,0.080656,-0.024795,0.000000,0.000000,0.000000,0.000105,0
20260805_180709_229,1,Unspecified,2170,2026-08-05T18:25:39.4935554+09:00,2026-08-05T18:25:39.9935554+09:00,1110.264136,1110.764136,30,30,0.080451,-0.024790,0.000000,0.000000,0.000000,0.000153,0
20260805_180709_229,1,Unspecified,2171,2026-08-05T18:25:39.9935554+09:00,2026-08-05T18:25:40.4935554+09:00,1110.764136,1111.264136,30,30,0.080769,-0.024460,0.000000,0.000000,0.000000,0.000324,0
20260805_180709_229,1,Unspecified,2172,2026-08-05T18:25:40.4935554+09:00,2026-08-05T18:25:40.9935554+09:00,1111.264136,1111.764136,30,30,0.080886,-0.024389,0.000000,0.000000,0.000000,0.000114,0
20260805_180709_229,1,Unspecified,2173,2026-08-05T18:25:40.9935554+09:00,2026-08-05T18:25:41.4935554+09:00,1111.764136,1112.264136,30,30,0.080901,-0.024334,0.000000,0.000000,0.000000,0.000083,0
20260805_180709_229,1,Unspecified,2174,2026-08-05T18:25:41.4935554+09:00,2026-08-05T18:25:41.9935554+09:00,1112.264136,1112.764136,30,30,0.080599,-0.024515,0.000000,0.000000,0.000000,0.000114,0
20260805_180709_229,1,Unspecified,2175,2026-08-05T18:25:41.9935554+09:00,2026-08-05T18:25:42.4935554+09:00,1112.764136,1113.264136,30,30,0.080686,-0.024487,0.000000,0.000000,0.000000,0.000107,0
20260805_180709_229,1,Unspecified,2176,2026-08-05T18:25:42.4935554+09:00,2026-08-05T18:25:42.9935554+09:00,1113.264136,1113.764136,30,30,0.080674,-0.024485,0.000000,0.000000,0.000000,0.000192,0
20260805_180709_229,1,Unspecified,2177,2026-08-05T18:25:42.9935554+09:00,2026-08-05T18:25:43.4935554+09:00,1113.764136,1114.264136,30,30,0.080544,-0.024535,0.000000,0.000000,0.000000,0.000051,0
20260805_180709_229,1,Unspecified,2178,2026-08-05T18:25:43.4935554+09:00,2026-08-05T18:25:43.9935554+09:00,1114.264136,1114.764136,30,30,0.080483,-0.024749,0.000000,0.000000,0.000000,0.000115,0
20260805_180709_229,1,Unspecified,2179,2026-08-05T18:25:43.9935554+09:00,2026-08-05T18:25:44.4935554+09:00,1114.764136,1115.264136,30,30,0.080266,-0.025025,0.000000,0.000000,0.000000,0.000093,0
20260805_180709_229,1,Unspecified,2180,2026-08-05T18:25:44.4935554+09:00,2026-08-05T18:25:44.9935554+09:00,1115.264136,1115.764136,30,30,0.080545,-0.024778,0.000000,0.000000,0.000000,0.000120,0
20260805_180709_229,1,Unspecified,2181,2026-08-05T18:25:44.9935554+09:00,2026-08-05T18:25:45.4935554+09:00,1115.764136,1116.264136,30,30,0.080592,-0.024650,0.000000,0.000000,0.000000,0.000159,0
20260805_180709_229,1,Unspecified,2182,2026-08-05T18:25:45.4935554+09:00,2026-08-05T18:25:45.9935554+09:00,1116.264136,1116.764136,30,30,0.080724,-0.024389,0.000000,0.000000,0.000000,0.000126,0
20260805_180709_229,1,Unspecified,2183,2026-08-05T18:25:45.9935554+09:00,2026-08-05T18:25:46.4935554+09:00,1116.764136,1117.264136,30,30,0.080753,-0.024269,0.000000,0.000000,0.000000,0.000189,0
20260805_180709_229,1,Unspecified,2184,2026-08-05T18:25:46.4935554+09:00,2026-08-05T18:25:46.9935554+09:00,1117.264136,1117.764136,30,30,0.080684,-0.024292,0.000000,0.000000,0.000000,0.000112,0
20260805_180709_229,1,Unspecified,2185,2026-08-05T18:25:46.9935554+09:00,2026-08-05T18:25:47.4935554+09:00,1117.764136,1118.264136,30,30,0.080892,-0.024341,0.000000,0.000000,0.000000,0.000163,0
20260805_180709_229,1,Unspecified,2186,2026-08-05T18:25:47.4935554+09:00,2026-08-05T18:25:47.9935554+09:00,1118.264136,1118.764136,30,30,0.080880,-0.024259,0.000000,0.000000,0.000000,0.000088,0
20260805_180709_229,1,Unspecified,2187,2026-08-05T18:25:47.9935554+09:00,2026-08-05T18:25:48.4935554+09:00,1118.764136,1119.264136,30,30,0.080950,-0.024217,0.000000,0.000000,0.000000,0.000099,0
20260805_180709_229,1,Unspecified,2188,2026-08-05T18:25:48.4935554+09:00,2026-08-05T18:25:48.9935554+09:00,1119.264136,1119.764136,30,30,0.081044,-0.024117,0.000000,0.000000,0.000000,0.000092,0
20260805_180709_229,1,Unspecified,2189,2026-08-05T18:25:48.9935554+09:00,2026-08-05T18:25:49.4935554+09:00,1119.764136,1120.264136,30,30,0.081235,-0.023841,0.000000,0.000000,0.000000,0.000214,0
20260805_180709_229,1,Unspecified,2190,2026-08-05T18:25:49.4935554+09:00,2026-08-05T18:25:49.9935554+09:00,1120.264136,1120.764136,30,30,0.081529,-0.023623,0.000000,0.000000,0.000000,0.000083,0
20260805_180709_229,1,Unspecified,2191,2026-08-05T18:25:49.9935554+09:00,2026-08-05T18:25:50.4935554+09:00,1120.764136,1121.264136,30,30,0.081610,-0.023545,0.000000,0.000000,0.000000,0.000134,0
20260805_180709_229,1,Unspecified,2192,2026-08-05T18:25:50.4935554+09:00,2026-08-05T18:25:50.9935554+09:00,1121.264136,1121.764136,30,30,0.081563,-0.023516,0.000000,0.000000,0.000000,0.000095,0
20260805_180709_229,1,Unspecified,2193,2026-08-05T18:25:50.9935554+09:00,2026-08-05T18:25:51.4935554+09:00,1121.764136,1122.264136,30,30,0.081837,-0.023370,0.000000,0.000000,0.000000,0.000183,0
20260805_180709_229,1,Unspecified,2194,2026-08-05T18:25:51.4935554+09:00,2026-08-05T18:25:51.9935554+09:00,1122.264136,1122.764136,30,30,0.081398,-0.023552,0.000000,0.000000,0.000000,0.000114,0
20260805_180709_229,1,Unspecified,2195,2026-08-05T18:25:51.9935554+09:00,2026-08-05T18:25:52.4935554+09:00,1122.764136,1123.264136,30,30,0.081497,-0.023512,0.000000,0.000000,0.000000,0.000120,0
20260805_180709_229,1,Unspecified,2196,2026-08-05T18:25:52.4935554+09:00,2026-08-05T18:25:52.9935554+09:00,1123.264136,1123.764136,30,30,0.081809,-0.023320,0.000000,0.000000,0.000000,0.000346,0
20260805_180709_229,1,Unspecified,2197,2026-08-05T18:25:52.9935554+09:00,2026-08-05T18:25:53.4935554+09:00,1123.764136,1124.264136,30,30,0.081732,-0.023278,0.000000,0.000000,0.000000,0.000214,0
20260805_180709_229,1,Unspecified,2198,2026-08-05T18:25:53.4935554+09:00,2026-08-05T18:25:53.9935554+09:00,1124.264136,1124.764136,30,30,0.081938,-0.022986,0.000000,0.000000,0.000000,0.000147,0
20260805_180709_229,1,Unspecified,2199,2026-08-05T18:25:53.9935554+09:00,2026-08-05T18:25:54.4935554+09:00,1124.764136,1125.264136,30,30,0.081882,-0.023024,0.000000,0.000000,0.000000,0.000129,0
20260805_180709_229,1,Unspecified,2200,2026-08-05T18:25:54.4935554+09:00,2026-08-05T18:25:54.9935554+09:00,1125.264136,1125.764136,30,30,0.082438,-0.022566,0.000000,0.000000,0.000000,0.000823,0
20260805_180709_229,1,Unspecified,2201,2026-08-05T18:25:54.9935554+09:00,2026-08-05T18:25:55.4935554+09:00,1125.764136,1126.264136,30,30,0.084661,-0.020250,0.000000,0.000000,0.000000,0.000553,0
20260805_180709_229,1,Unspecified,2202,2026-08-05T18:25:55.4935554+09:00,2026-08-05T18:25:55.9935554+09:00,1126.264136,1126.764136,30,30,0.084398,-0.020516,0.000000,0.000000,0.000000,0.000210,0
20260805_180709_229,1,Unspecified,2203,2026-08-05T18:25:55.9935554+09:00,2026-08-05T18:25:56.4935554+09:00,1126.764136,1127.264136,30,30,0.084191,-0.020694,0.000000,0.000000,0.000000,0.000119,0
20260805_180709_229,1,Unspecified,2204,2026-08-05T18:25:56.4935554+09:00,2026-08-05T18:25:56.9935554+09:00,1127.264136,1127.764136,30,30,0.083809,-0.020881,0.000000,0.000000,0.000000,0.000511,0
20260805_180709_229,1,Unspecified,2205,2026-08-05T18:25:56.9935554+09:00,2026-08-05T18:25:57.4935554+09:00,1127.764136,1128.264136,30,30,0.083345,-0.021273,0.000000,0.000000,0.000000,0.000224,0
20260805_180709_229,1,Unspecified,2206,2026-08-05T18:25:57.4935554+09:00,2026-08-05T18:25:57.9935554+09:00,1128.264136,1128.764136,30,30,0.083322,-0.021301,0.000000,0.000000,0.000000,0.000176,0
20260805_180709_229,1,Unspecified,2207,2026-08-05T18:25:57.9935554+09:00,2026-08-05T18:25:58.4935554+09:00,1128.764136,1129.264136,30,30,0.083396,-0.021347,0.000000,0.000000,0.000000,0.000188,0
20260805_180709_229,1,Unspecified,2208,2026-08-05T18:25:58.4935554+09:00,2026-08-05T18:25:58.9935554+09:00,1129.264136,1129.764136,30,30,0.083251,-0.021466,0.000000,0.000000,0.000000,0.000224,0
20260805_180709_229,1,Unspecified,2209,2026-08-05T18:25:58.9935554+09:00,2026-08-05T18:25:59.4935554+09:00,1129.764136,1130.264136,30,30,0.083585,-0.021379,0.000000,0.000000,0.000000,0.000098,0
20260805_180709_229,1,Unspecified,2210,2026-08-05T18:25:59.4935554+09:00,2026-08-05T18:25:59.9935554+09:00,1130.264136,1130.764136,30,30,0.082963,-0.021743,0.000000,0.000000,0.000000,0.000254,0
20260805_180709_229,1,Unspecified,2211,2026-08-05T18:25:59.9935554+09:00,2026-08-05T18:26:00.4935554+09:00,1130.764136,1131.264136,30,30,0.082952,-0.021753,0.000000,0.000000,0.000000,0.000165,0
20260805_180709_229,1,Unspecified,2212,2026-08-05T18:26:00.4935554+09:00,2026-08-05T18:26:00.9935554+09:00,1131.264136,1131.764136,30,30,0.082995,-0.021721,0.000000,0.000000,0.000000,0.000245,0
20260805_180709_229,1,Unspecified,2213,2026-08-05T18:26:00.9935554+09:00,2026-08-05T18:26:01.4935554+09:00,1131.764136,1132.264136,30,30,0.083108,-0.021838,0.000000,0.000000,0.000000,0.000323,0
20260805_180709_229,1,Unspecified,2214,2026-08-05T18:26:01.4935554+09:00,2026-08-05T18:26:01.9935554+09:00,1132.264136,1132.764136,30,30,0.082978,-0.021954,0.000000,0.000000,0.000000,0.000159,0
20260805_180709_229,1,Unspecified,2215,2026-08-05T18:26:01.9935554+09:00,2026-08-05T18:26:02.4935554+09:00,1132.764136,1133.264136,30,30,0.082926,-0.021943,0.000000,0.000000,0.000000,0.000109,0
20260805_180709_229,1,Unspecified,2216,2026-08-05T18:26:02.4935554+09:00,2026-08-05T18:26:02.9935554+09:00,1133.264136,1133.764136,30,30,0.082929,-0.021932,0.000000,0.000000,0.000000,0.000105,0
20260805_180709_229,1,Unspecified,2217,2026-08-05T18:26:02.9935554+09:00,2026-08-05T18:26:03.4935554+09:00,1133.764136,1134.264136,30,30,0.082859,-0.022017,0.000000,0.000000,0.000000,0.000165,0
20260805_180709_229,1,Unspecified,2218,2026-08-05T18:26:03.4935554+09:00,2026-08-05T18:26:03.9935554+09:00,1134.264136,1134.764136,30,30,0.082874,-0.021995,0.000000,0.000000,0.000000,0.000104,0
20260805_180709_229,1,Unspecified,2219,2026-08-05T18:26:03.9935554+09:00,2026-08-05T18:26:04.4935554+09:00,1134.764136,1135.264136,30,30,0.082900,-0.021980,0.000000,0.000000,0.000000,0.000133,0
20260805_180709_229,1,Unspecified,2220,2026-08-05T18:26:04.4935554+09:00,2026-08-05T18:26:04.9935554+09:00,1135.264136,1135.764136,30,30,0.082578,-0.022269,0.000000,0.000000,0.000000,0.000236,0
20260805_180709_229,1,Unspecified,2221,2026-08-05T18:26:04.9935554+09:00,2026-08-05T18:26:05.4935554+09:00,1135.764136,1136.264136,30,30,0.083000,-0.022611,0.000000,0.000000,0.000000,0.000345,0
20260805_180709_229,1,Unspecified,2222,2026-08-05T18:26:05.4935554+09:00,2026-08-05T18:26:05.9935554+09:00,1136.264136,1136.764136,30,30,0.082946,-0.022536,0.000000,0.000000,0.000000,0.000221,0
20260805_180709_229,1,Unspecified,2223,2026-08-05T18:26:05.9935554+09:00,2026-08-05T18:26:06.4935554+09:00,1136.764136,1137.264136,30,30,0.082450,-0.022747,0.000000,0.000000,0.000000,0.000104,0
20260805_180709_229,1,Unspecified,2224,2026-08-05T18:26:06.4935554+09:00,2026-08-05T18:26:06.9935554+09:00,1137.264136,1137.764136,30,30,0.082590,-0.022638,0.000000,0.000000,0.000000,0.000156,0
20260805_180709_229,1,Unspecified,2225,2026-08-05T18:26:06.9935554+09:00,2026-08-05T18:26:07.4935554+09:00,1137.764136,1138.264136,30,30,0.082784,-0.022573,0.000000,0.000000,0.000000,0.000090,0
20260805_180709_229,1,Unspecified,2226,2026-08-05T18:26:07.4935554+09:00,2026-08-05T18:26:07.9935554+09:00,1138.264136,1138.764136,30,30,0.082777,-0.022628,0.000000,0.000000,0.000000,0.000115,0
20260805_180709_229,1,Unspecified,2227,2026-08-05T18:26:07.9935554+09:00,2026-08-05T18:26:08.4935554+09:00,1138.764136,1139.264136,30,30,0.082822,-0.022451,0.000000,0.000000,0.000000,0.000127,0
20260805_180709_229,1,Unspecified,2228,2026-08-05T18:26:08.4935554+09:00,2026-08-05T18:26:08.9935554+09:00,1139.264136,1139.764136,30,30,0.082619,-0.022740,0.000000,0.000000,0.000000,0.000247,0
20260805_180709_229,1,Unspecified,2229,2026-08-05T18:26:08.9935554+09:00,2026-08-05T18:26:09.4935554+09:00,1139.764136,1140.264136,30,30,0.082391,-0.023138,0.000000,0.000000,0.000000,0.000151,0
20260805_180709_229,1,Unspecified,2230,2026-08-05T18:26:09.4935554+09:00,2026-08-05T18:26:09.9935554+09:00,1140.264136,1140.764136,30,30,0.082396,-0.023014,0.000000,0.000000,0.000000,0.000151,0
20260805_180709_229,1,Unspecified,2231,2026-08-05T18:26:09.9935554+09:00,2026-08-05T18:26:10.4935554+09:00,1140.764136,1141.264136,30,30,0.082291,-0.023006,0.000000,0.000000,0.000000,0.000110,0
20260805_180709_229,1,Unspecified,2232,2026-08-05T18:26:10.4935554+09:00,2026-08-05T18:26:10.9935554+09:00,1141.264136,1141.764136,30,30,0.082367,-0.023008,0.000000,0.000000,0.000000,0.000102,0
20260805_180709_229,1,Unspecified,2233,2026-08-05T18:26:10.9935554+09:00,2026-08-05T18:26:11.4935554+09:00,1141.764136,1142.264136,30,30,0.082731,-0.022719,0.000000,0.000000,0.000000,0.000172,0
20260805_180709_229,1,Unspecified,2234,2026-08-05T18:26:11.4935554+09:00,2026-08-05T18:26:11.9935554+09:00,1142.264136,1142.764136,30,30,0.082523,-0.022773,0.000000,0.000000,0.000000,0.000170,0
20260805_180709_229,1,Unspecified,2235,2026-08-05T18:26:11.9935554+09:00,2026-08-05T18:26:12.4935554+09:00,1142.764136,1143.264136,30,30,0.082576,-0.022713,0.000000,0.000000,0.000000,0.000093,0
20260805_180709_229,1,Unspecified,2236,2026-08-05T18:26:12.4935554+09:00,2026-08-05T18:26:12.9935554+09:00,1143.264136,1143.764136,30,30,0.082618,-0.022643,0.000000,0.000000,0.000000,0.000112,0
20260805_180709_229,1,Unspecified,2237,2026-08-05T18:26:12.9935554+09:00,2026-08-05T18:26:13.4935554+09:00,1143.764136,1144.264136,30,30,0.082636,-0.022688,0.000000,0.000000,0.000000,0.000107,0
20260805_180709_229,1,Unspecified,2238,2026-08-05T18:26:13.4935554+09:00,2026-08-05T18:26:13.9935554+09:00,1144.264136,1144.764136,30,30,0.082454,-0.022907,0.000000,0.000000,0.000000,0.000074,0
20260805_180709_229,1,Unspecified,2239,2026-08-05T18:26:13.9935554+09:00,2026-08-05T18:26:14.4935554+09:00,1144.764136,1145.264136,30,30,0.082398,-0.023014,0.000000,0.000000,0.000000,0.000139,0
20260805_180709_229,1,Unspecified,2240,2026-08-05T18:26:14.4935554+09:00,2026-08-05T18:26:14.9935554+09:00,1145.264136,1145.764136,30,30,0.082426,-0.022951,0.000000,0.000000,0.000000,0.000134,0
20260805_180709_229,1,Unspecified,2241,2026-08-05T18:26:14.9935554+09:00,2026-08-05T18:26:15.4935554+09:00,1145.764136,1146.264136,30,30,0.082178,-0.023123,0.000000,0.000000,0.000000,0.000146,0
20260805_180709_229,1,Unspecified,2242,2026-08-05T18:26:15.4935554+09:00,2026-08-05T18:26:15.9935554+09:00,1146.264136,1146.764136,30,30,0.081930,-0.023340,0.000000,0.000000,0.000000,0.000185,0
20260805_180709_229,1,Unspecified,2243,2026-08-05T18:26:15.9935554+09:00,2026-08-05T18:26:16.4935554+09:00,1146.764136,1147.264136,30,30,0.081707,-0.023585,0.000000,0.000000,0.000000,0.000117,0
20260805_180709_229,1,Unspecified,2244,2026-08-05T18:26:16.4935554+09:00,2026-08-05T18:26:16.9935554+09:00,1147.264136,1147.764136,30,30,0.081704,-0.023476,0.000000,0.000000,0.000000,0.000084,0
20260805_180709_229,1,Unspecified,2245,2026-08-05T18:26:16.9935554+09:00,2026-08-05T18:26:17.4935554+09:00,1147.764136,1148.264136,30,30,0.081816,-0.023431,0.000000,0.000000,0.000000,0.000098,0
20260805_180709_229,1,Unspecified,2246,2026-08-05T18:26:17.4935554+09:00,2026-08-05T18:26:17.9935554+09:00,1148.264136,1148.764136,30,30,0.081813,-0.023305,0.000000,0.000000,0.000000,0.000108,0
20260805_180709_229,1,Unspecified,2247,2026-08-05T18:26:17.9935554+09:00,2026-08-05T18:26:18.4935554+09:00,1148.764136,1149.264136,30,30,0.081783,-0.023274,0.000000,0.000000,0.000000,0.000084,0
20260805_180709_229,1,Unspecified,2248,2026-08-05T18:26:18.4935554+09:00,2026-08-05T18:26:18.9935554+09:00,1149.264136,1149.764136,30,30,0.081612,-0.023573,0.000000,0.000000,0.000000,0.000261,0
20260805_180709_229,1,Unspecified,2249,2026-08-05T18:26:18.9935554+09:00,2026-08-05T18:26:19.4935554+09:00,1149.764136,1150.264136,30,30,0.081764,-0.023677,0.000000,0.000000,0.000000,0.000206,0
20260805_180709_229,1,Unspecified,2250,2026-08-05T18:26:19.4935554+09:00,2026-08-05T18:26:19.9935554+09:00,1150.264136,1150.764136,30,30,0.081718,-0.023616,0.000000,0.000000,0.000000,0.000211,0
20260805_180709_229,1,Unspecified,2251,2026-08-05T18:26:19.9935554+09:00,2026-08-05T18:26:20.4935554+09:00,1150.764136,1151.264136,30,30,0.081672,-0.023614,0.000000,0.000000,0.000000,0.000147,0
20260805_180709_229,1,Unspecified,2252,2026-08-05T18:26:20.4935554+09:00,2026-08-05T18:26:20.9935554+09:00,1151.264136,1151.764136,30,30,0.081589,-0.024115,0.000000,0.000000,0.000000,0.000221,0
20260805_180709_229,1,Unspecified,2253,2026-08-05T18:26:20.9935554+09:00,2026-08-05T18:26:21.4935554+09:00,1151.764136,1152.264136,30,30,0.081804,-0.023859,0.000000,0.000000,0.000000,0.000248,0
20260805_180709_229,1,Unspecified,2254,2026-08-05T18:26:21.4935554+09:00,2026-08-05T18:26:21.9935554+09:00,1152.264136,1152.764136,30,30,0.081273,-0.023952,0.000000,0.000000,0.000000,0.000224,0
20260805_180709_229,1,Unspecified,2255,2026-08-05T18:26:21.9935554+09:00,2026-08-05T18:26:22.4935554+09:00,1152.764136,1153.264136,30,30,0.080904,-0.024090,0.000000,0.000000,0.000000,0.000140,0
20260805_180709_229,1,Unspecified,2256,2026-08-05T18:26:22.4935554+09:00,2026-08-05T18:26:22.9935554+09:00,1153.264136,1153.764136,30,30,0.081179,-0.023966,0.000000,0.000000,0.000000,0.000137,0
20260805_180709_229,1,Unspecified,2257,2026-08-05T18:26:22.9935554+09:00,2026-08-05T18:26:23.4935554+09:00,1153.764136,1154.264136,30,30,0.081525,-0.023567,0.000000,0.000000,0.000000,0.000125,0
20260805_180709_229,1,Unspecified,2258,2026-08-05T18:26:23.4935554+09:00,2026-08-05T18:26:23.9935554+09:00,1154.264136,1154.764136,30,30,0.081656,-0.023338,0.000000,0.000000,0.000000,0.000128,0
20260805_180709_229,1,Unspecified,2259,2026-08-05T18:26:23.9935554+09:00,2026-08-05T18:26:24.4935554+09:00,1154.764136,1155.264136,30,30,0.081530,-0.023474,0.000000,0.000000,0.000000,0.000071,0
20260805_180709_229,1,Unspecified,2260,2026-08-05T18:26:24.4935554+09:00,2026-08-05T18:26:24.9935554+09:00,1155.264136,1155.764136,30,30,0.081700,-0.023364,0.000000,0.000000,0.000000,0.000107,0
20260805_180709_229,1,Unspecified,2261,2026-08-05T18:26:24.9935554+09:00,2026-08-05T18:26:25.4935554+09:00,1155.764136,1156.264136,30,30,0.081639,-0.023423,0.000000,0.000000,0.000000,0.000120,0
20260805_180709_229,1,Unspecified,2262,2026-08-05T18:26:25.4935554+09:00,2026-08-05T18:26:25.9935554+09:00,1156.264136,1156.764136,30,30,0.081731,-0.023190,0.000000,0.000000,0.000000,0.000133,0
20260805_180709_229,1,Unspecified,2263,2026-08-05T18:26:25.9935554+09:00,2026-08-05T18:26:26.4935554+09:00,1156.764136,1157.264136,30,30,0.081843,-0.023074,0.000000,0.000000,0.000000,0.000169,0
20260805_180709_229,1,Unspecified,2264,2026-08-05T18:26:26.4935554+09:00,2026-08-05T18:26:26.9935554+09:00,1157.264136,1157.764136,30,30,0.081408,-0.023692,0.000000,0.000000,0.000000,0.000565,0
20260805_180709_229,1,Unspecified,2265,2026-08-05T18:26:26.9935554+09:00,2026-08-05T18:26:27.4935554+09:00,1157.764136,1158.264136,30,30,0.081345,-0.024258,0.000000,0.000000,0.000000,0.000292,0
20260805_180709_229,1,Unspecified,2266,2026-08-05T18:26:27.4935554+09:00,2026-08-05T18:26:27.9935554+09:00,1158.264136,1158.764136,30,30,0.081291,-0.024161,0.000000,0.000000,0.000000,0.000099,0
20260805_180709_229,1,Unspecified,2267,2026-08-05T18:26:27.9935554+09:00,2026-08-05T18:26:28.4935554+09:00,1158.764136,1159.264136,30,30,0.081269,-0.024029,0.000000,0.000000,0.000000,0.000186,0
20260805_180709_229,1,Unspecified,2268,2026-08-05T18:26:28.4935554+09:00,2026-08-05T18:26:28.9935554+09:00,1159.264136,1159.764136,30,30,0.081830,-0.023686,0.000000,0.000000,0.000000,0.000252,0
20260805_180709_229,1,Unspecified,2269,2026-08-05T18:26:28.9935554+09:00,2026-08-05T18:26:29.4935554+09:00,1159.764136,1160.264136,30,30,0.082013,-0.023587,0.000000,0.000000,0.000000,0.000092,0
20260805_180709_229,1,Unspecified,2270,2026-08-05T18:26:29.4935554+09:00,2026-08-05T18:26:29.9935554+09:00,1160.264136,1160.764136,30,30,0.082328,-0.023353,0.000000,0.000000,0.000000,0.000311,0
20260805_180709_229,1,Unspecified,2271,2026-08-05T18:26:29.9935554+09:00,2026-08-05T18:26:30.4935554+09:00,1160.764136,1161.264136,30,30,0.082685,-0.022936,0.000000,0.000000,0.000000,0.000233,0
20260805_180709_229,1,Unspecified,2272,2026-08-05T18:26:30.4935554+09:00,2026-08-05T18:26:30.9935554+09:00,1161.264136,1161.764136,30,30,0.082657,-0.022909,0.000000,0.000000,0.000000,0.000082,0
20260805_180709_229,1,Unspecified,2273,2026-08-05T18:26:30.9935554+09:00,2026-08-05T18:26:31.4935554+09:00,1161.764136,1162.264136,30,30,0.082486,-0.023012,0.000000,0.000000,0.000000,0.000110,0
20260805_180709_229,1,Unspecified,2274,2026-08-05T18:26:31.4935554+09:00,2026-08-05T18:26:31.9935554+09:00,1162.264136,1162.764136,30,30,0.082266,-0.023083,0.000000,0.000000,0.000000,0.000208,0
20260805_180709_229,1,Unspecified,2275,2026-08-05T18:26:31.9935554+09:00,2026-08-05T18:26:32.4935554+09:00,1162.764136,1163.264136,30,30,0.082150,-0.023173,0.000000,0.000000,0.000000,0.000087,0
20260805_180709_229,1,Unspecified,2276,2026-08-05T18:26:32.4935554+09:00,2026-08-05T18:26:32.9935554+09:00,1163.264136,1163.764136,30,30,0.082380,-0.023352,0.000000,0.000000,0.000000,0.000206,0
20260805_180709_229,1,Unspecified,2277,2026-08-05T18:26:32.9935554+09:00,2026-08-05T18:26:33.4935554+09:00,1163.764136,1164.264136,30,30,0.082261,-0.023583,0.000000,0.000000,0.000000,0.000099,0
20260805_180709_229,1,Unspecified,2278,2026-08-05T18:26:33.4935554+09:00,2026-08-05T18:26:33.9935554+09:00,1164.264136,1164.764136,30,30,0.082055,-0.023632,0.000000,0.000000,0.000000,0.000163,0
20260805_180709_229,1,Unspecified,2279,2026-08-05T18:26:33.9935554+09:00,2026-08-05T18:26:34.4935554+09:00,1164.764136,1165.264136,30,30,0.082017,-0.023463,0.000000,0.000000,0.000000,0.000265,0
20260805_180709_229,1,Unspecified,2280,2026-08-05T18:26:34.4935554+09:00,2026-08-05T18:26:34.9935554+09:00,1165.264136,1165.764136,30,30,0.081914,-0.023450,0.000000,0.000000,0.000000,0.000151,0
20260805_180709_229,1,Unspecified,2281,2026-08-05T18:26:34.9935554+09:00,2026-08-05T18:26:35.4935554+09:00,1165.764136,1166.264136,30,30,0.081940,-0.023535,0.000000,0.000000,0.000000,0.000089,0
20260805_180709_229,1,Unspecified,2282,2026-08-05T18:26:35.4935554+09:00,2026-08-05T18:26:35.9935554+09:00,1166.264136,1166.764136,30,30,0.081873,-0.023558,0.000000,0.000000,0.000000,0.000092,0
20260805_180709_229,1,Unspecified,2283,2026-08-05T18:26:35.9935554+09:00,2026-08-05T18:26:36.4935554+09:00,1166.764136,1167.264136,30,30,0.081750,-0.023577,0.000000,0.000000,0.000000,0.000082,0
20260805_180709_229,1,Unspecified,2284,2026-08-05T18:26:36.4935554+09:00,2026-08-05T18:26:36.9935554+09:00,1167.264136,1167.764136,30,30,0.081684,-0.023693,0.000000,0.000000,0.000000,0.000228,0
20260805_180709_229,1,Unspecified,2285,2026-08-05T18:26:36.9935554+09:00,2026-08-05T18:26:37.4935554+09:00,1167.764136,1168.264136,30,30,0.081438,-0.024099,0.000000,0.000000,0.000000,0.000184,0
20260805_180709_229,1,Unspecified,2286,2026-08-05T18:26:37.4935554+09:00,2026-08-05T18:26:37.9935554+09:00,1168.264136,1168.764136,30,30,0.081021,-0.024416,0.000000,0.000000,0.000000,0.000129,0
20260805_180709_229,1,Unspecified,2287,2026-08-05T18:26:37.9935554+09:00,2026-08-05T18:26:38.4935554+09:00,1168.764136,1169.264136,30,30,0.081191,-0.024338,0.000000,0.000000,0.000000,0.000134,0
20260805_180709_229,1,Unspecified,2288,2026-08-05T18:26:38.4935554+09:00,2026-08-05T18:26:38.9935554+09:00,1169.264136,1169.764136,30,30,0.081315,-0.024278,0.000000,0.000000,0.000000,0.000080,0
20260805_180709_229,1,Unspecified,2289,2026-08-05T18:26:38.9935554+09:00,2026-08-05T18:26:39.4935554+09:00,1169.764136,1170.264136,30,30,0.081196,-0.024352,0.000000,0.000000,0.000000,0.000108,0
20260805_180709_229,1,Unspecified,2290,2026-08-05T18:26:39.4935554+09:00,2026-08-05T18:26:39.9935554+09:00,1170.264136,1170.764136,30,30,0.081214,-0.024256,0.000000,0.000000,0.000000,0.000092,0
20260805_180709_229,1,Unspecified,2291,2026-08-05T18:26:39.9935554+09:00,2026-08-05T18:26:40.4935554+09:00,1170.764136,1171.264136,30,30,0.081103,-0.024242,0.000000,0.000000,0.000000,0.000137,0
20260805_180709_229,1,Unspecified,2292,2026-08-05T18:26:40.4935554+09:00,2026-08-05T18:26:40.9935554+09:00,1171.264136,1171.764136,30,30,0.080860,-0.024423,0.000000,0.000000,0.000000,0.000209,0
20260805_180709_229,1,Unspecified,2293,2026-08-05T18:26:40.9935554+09:00,2026-08-05T18:26:41.4935554+09:00,1171.764136,1172.264136,30,30,0.081042,-0.024224,0.000000,0.000000,0.000000,0.000154,0
20260805_180709_229,1,Unspecified,2294,2026-08-05T18:26:41.4935554+09:00,2026-08-05T18:26:41.9935554+09:00,1172.264136,1172.764136,30,30,0.081042,-0.024177,0.000000,0.000000,0.000000,0.000212,0
20260805_180709_229,1,Unspecified,2295,2026-08-05T18:26:41.9935554+09:00,2026-08-05T18:26:42.4935554+09:00,1172.764136,1173.264136,30,30,0.081186,-0.024098,0.000000,0.000000,0.000000,0.000118,0
20260805_180709_229,1,Unspecified,2296,2026-08-05T18:26:42.4935554+09:00,2026-08-05T18:26:42.9935554+09:00,1173.264136,1173.764136,30,30,0.080596,-0.024572,0.000000,0.000000,0.000000,0.000611,0
20260805_180709_229,1,Unspecified,2297,2026-08-05T18:26:42.9935554+09:00,2026-08-05T18:26:43.4935554+09:00,1173.764136,1174.264136,30,30,0.080245,-0.025140,0.000000,0.000000,0.000000,0.000170,0
20260805_180709_229,1,Unspecified,2298,2026-08-05T18:26:43.4935554+09:00,2026-08-05T18:26:43.9935554+09:00,1174.264136,1174.764136,30,30,0.080564,-0.024716,0.000000,0.000000,0.000000,0.000208,0
20260805_180709_229,1,Unspecified,2299,2026-08-05T18:26:43.9935554+09:00,2026-08-05T18:26:44.4935554+09:00,1174.764136,1175.264136,30,30,0.080701,-0.024489,0.000000,0.000000,0.000000,0.000109,0
20260805_180709_229,1,Unspecified,2300,2026-08-05T18:26:44.4935554+09:00,2026-08-05T18:26:44.9935554+09:00,1175.264136,1175.764136,30,30,0.080608,-0.024581,0.000000,0.000000,0.000000,0.000272,0
20260805_180709_229,1,Unspecified,2301,2026-08-05T18:26:44.9935554+09:00,2026-08-05T18:26:45.4935554+09:00,1175.764136,1176.264136,30,30,0.080594,-0.024659,0.000000,0.000000,0.000000,0.000190,0
20260805_180709_229,1,Unspecified,2302,2026-08-05T18:26:45.4935554+09:00,2026-08-05T18:26:45.9935554+09:00,1176.264136,1176.764136,30,30,0.080622,-0.024477,0.000000,0.000000,0.000000,0.000078,0
20260805_180709_229,1,Unspecified,2303,2026-08-05T18:26:45.9935554+09:00,2026-08-05T18:26:46.4935554+09:00,1176.764136,1177.264136,30,30,0.080441,-0.024620,0.000000,0.000000,0.000000,0.000087,0
20260805_180709_229,1,Unspecified,2304,2026-08-05T18:26:46.4935554+09:00,2026-08-05T18:26:46.9935554+09:00,1177.264136,1177.764136,30,30,0.080617,-0.024420,0.000000,0.000000,0.000000,0.000456,0
20260805_180709_229,1,Unspecified,2305,2026-08-05T18:26:46.9935554+09:00,2026-08-05T18:26:47.4935554+09:00,1177.764136,1178.264136,30,30,0.081169,-0.023928,0.000000,0.000000,0.000000,0.000117,0
20260805_180709_229,1,Unspecified,2306,2026-08-05T18:26:47.4935554+09:00,2026-08-05T18:26:47.9935554+09:00,1178.264136,1178.764136,30,30,0.081157,-0.023636,0.000000,0.000000,0.000000,0.000244,0
20260805_180709_229,1,Unspecified,2307,2026-08-05T18:26:47.9935554+09:00,2026-08-05T18:26:48.4935554+09:00,1178.764136,1179.264136,30,30,0.080969,-0.023747,0.000000,0.000000,0.000000,0.000210,0
20260805_180709_229,1,Unspecified,2308,2026-08-05T18:26:48.4935554+09:00,2026-08-05T18:26:48.9935554+09:00,1179.264136,1179.764136,30,30,0.080762,-0.023912,0.000000,0.000000,0.000000,0.000194,0
20260805_180709_229,1,Unspecified,2309,2026-08-05T18:26:48.9935554+09:00,2026-08-05T18:26:49.4935554+09:00,1179.764136,1180.264136,30,30,0.080620,-0.023782,0.000000,0.000000,0.000000,0.000148,0
20260805_180709_229,1,Unspecified,2310,2026-08-05T18:26:49.4935554+09:00,2026-08-05T18:26:49.9935554+09:00,1180.264136,1180.764136,30,30,0.081074,-0.023483,0.000000,0.000000,0.000000,0.000300,0
20260805_180709_229,1,Unspecified,2311,2026-08-05T18:26:49.9935554+09:00,2026-08-05T18:26:50.4935554+09:00,1180.764136,1181.264136,30,30,0.081546,-0.022988,0.000000,0.000000,0.000000,0.000248,0
20260805_180709_229,1,Unspecified,2312,2026-08-05T18:26:50.4935554+09:00,2026-08-05T18:26:50.9935554+09:00,1181.264136,1181.764136,30,30,0.081791,-0.022837,0.000000,0.000000,0.000000,0.000125,0
20260805_180709_229,1,Unspecified,2313,2026-08-05T18:26:50.9935554+09:00,2026-08-05T18:26:51.4935554+09:00,1181.764136,1182.264136,30,30,0.081919,-0.022804,0.000000,0.000000,0.000000,0.000101,0
20260805_180709_229,1,Unspecified,2314,2026-08-05T18:26:51.4935554+09:00,2026-08-05T18:26:51.9935554+09:00,1182.264136,1182.764136,30,30,0.081794,-0.022927,0.000000,0.000000,0.000000,0.000094,0
20260805_180709_229,1,Unspecified,2315,2026-08-05T18:26:51.9935554+09:00,2026-08-05T18:26:52.4935554+09:00,1182.764136,1183.264136,30,30,0.081745,-0.022948,0.000000,0.000000,0.000000,0.000068,0
20260805_180709_229,1,Unspecified,2316,2026-08-05T18:26:52.4935554+09:00,2026-08-05T18:26:52.9935554+09:00,1183.264136,1183.764136,30,30,0.081652,-0.023076,0.000000,0.000000,0.000000,0.000239,0
20260805_180709_229,1,Unspecified,2317,2026-08-05T18:26:52.9935554+09:00,2026-08-05T18:26:53.4935554+09:00,1183.764136,1184.264136,30,30,0.081512,-0.023395,0.000000,0.000000,0.000000,0.000171,0
20260805_180709_229,1,Unspecified,2318,2026-08-05T18:26:53.4935554+09:00,2026-08-05T18:26:53.9935554+09:00,1184.264136,1184.764136,30,30,0.081688,-0.023178,0.000000,0.000000,0.000000,0.000076,0
20260805_180709_229,1,Unspecified,2319,2026-08-05T18:26:53.9935554+09:00,2026-08-05T18:26:54.4935554+09:00,1184.764136,1185.264136,30,30,0.081728,-0.023255,0.000000,0.000000,0.000000,0.000288,0
20260805_180709_229,1,Unspecified,2320,2026-08-05T18:26:54.4935554+09:00,2026-08-05T18:26:54.9935554+09:00,1185.264136,1185.764136,30,30,0.081578,-0.023481,0.000000,0.000000,0.000000,0.000351,0
20260805_180709_229,1,Unspecified,2321,2026-08-05T18:26:54.9935554+09:00,2026-08-05T18:26:55.4935554+09:00,1185.764136,1186.264136,30,30,0.082024,-0.023048,0.000000,0.000000,0.000000,0.000065,0
20260805_180709_229,1,Unspecified,2322,2026-08-05T18:26:55.4935554+09:00,2026-08-05T18:26:55.9935554+09:00,1186.264136,1186.764136,30,30,0.082272,-0.022790,0.000000,0.000000,0.000000,0.000212,0
20260805_180709_229,1,Unspecified,2323,2026-08-05T18:26:55.9935554+09:00,2026-08-05T18:26:56.4935554+09:00,1186.764136,1187.264136,30,30,0.082149,-0.022795,0.000000,0.000000,0.000000,0.000148,0
20260805_180709_229,1,Unspecified,2324,2026-08-05T18:26:56.4935554+09:00,2026-08-05T18:26:56.9935554+09:00,1187.264136,1187.764136,30,30,0.082100,-0.022874,0.000000,0.000000,0.000000,0.000077,0
20260805_180709_229,1,Unspecified,2325,2026-08-05T18:26:56.9935554+09:00,2026-08-05T18:26:57.4935554+09:00,1187.764136,1188.264136,30,30,0.082413,-0.022629,0.000000,0.000000,0.000000,0.000113,0
20260805_180709_229,1,Unspecified,2326,2026-08-05T18:26:57.4935554+09:00,2026-08-05T18:26:57.9935554+09:00,1188.264136,1188.764136,30,30,0.082416,-0.022634,0.000000,0.000000,0.000000,0.000078,0
20260805_180709_229,1,Unspecified,2327,2026-08-05T18:26:57.9935554+09:00,2026-08-05T18:26:58.4935554+09:00,1188.764136,1189.264136,30,30,0.082555,-0.022518,0.000000,0.000000,0.000000,0.000122,0
20260805_180709_229,1,Unspecified,2328,2026-08-05T18:26:58.4935554+09:00,2026-08-05T18:26:58.9935554+09:00,1189.264136,1189.764136,30,30,0.082464,-0.022590,0.000000,0.000000,0.000000,0.000092,0
20260805_180709_229,1,Unspecified,2329,2026-08-05T18:26:58.9935554+09:00,2026-08-05T18:26:59.4935554+09:00,1189.764136,1190.264136,30,30,0.082435,-0.022588,0.000000,0.000000,0.000000,0.000102,0
20260805_180709_229,1,Unspecified,2330,2026-08-05T18:26:59.4935554+09:00,2026-08-05T18:26:59.9935554+09:00,1190.264136,1190.764136,30,30,0.082381,-0.022637,0.000000,0.000000,0.000000,0.000095,0
20260805_180709_229,1,Unspecified,2331,2026-08-05T18:26:59.9935554+09:00,2026-08-05T18:27:00.4935554+09:00,1190.764136,1191.264136,30,30,0.082298,-0.022672,0.000000,0.000000,0.000000,0.000093,0
20260805_180709_229,1,Unspecified,2332,2026-08-05T18:27:00.4935554+09:00,2026-08-05T18:27:00.9935554+09:00,1191.264136,1191.764136,30,30,0.082069,-0.022907,0.000000,0.000000,0.000000,0.000226,0
20260805_180709_229,1,Unspecified,2333,2026-08-05T18:27:00.9935554+09:00,2026-08-05T18:27:01.4935554+09:00,1191.764136,1192.264136,30,30,0.081992,-0.023041,0.000000,0.000000,0.000000,0.000119,0
20260805_180709_229,1,Unspecified,2334,2026-08-05T18:27:01.4935554+09:00,2026-08-05T18:27:01.9935554+09:00,1192.264136,1192.764136,30,30,0.081688,-0.023176,0.000000,0.000000,0.000000,0.000120,0
20260805_180709_229,1,Unspecified,2335,2026-08-05T18:27:01.9935554+09:00,2026-08-05T18:27:02.4935554+09:00,1192.764136,1193.264136,30,30,0.081707,-0.023220,0.000000,0.000000,0.000000,0.000117,0
20260805_180709_229,1,Unspecified,2336,2026-08-05T18:27:02.4935554+09:00,2026-08-05T18:27:02.9935554+09:00,1193.264136,1193.764136,30,30,0.081952,-0.023101,0.000000,0.000000,0.000000,0.000070,0
20260805_180709_229,1,Unspecified,2337,2026-08-05T18:27:02.9935554+09:00,2026-08-05T18:27:03.4935554+09:00,1193.764136,1194.264136,30,30,0.082126,-0.022993,0.000000,0.000000,0.000000,0.000115,0
20260805_180709_229,1,Unspecified,2338,2026-08-05T18:27:03.4935554+09:00,2026-08-05T18:27:03.9935554+09:00,1194.264136,1194.764136,30,30,0.082016,-0.022990,0.000000,0.000000,0.000000,0.000126,0
20260805_180709_229,1,Unspecified,2339,2026-08-05T18:27:03.9935554+09:00,2026-08-05T18:27:04.4935554+09:00,1194.764136,1195.264136,30,30,0.082008,-0.022957,0.000000,0.000000,0.000000,0.000073,0
20260805_180709_229,1,Unspecified,2340,2026-08-05T18:27:04.4935554+09:00,2026-08-05T18:27:04.9935554+09:00,1195.264136,1195.764136,30,30,0.082180,-0.022911,0.000000,0.000000,0.000000,0.000241,0
20260805_180709_229,1,Unspecified,2341,2026-08-05T18:27:04.9935554+09:00,2026-08-05T18:27:05.4935554+09:00,1195.764136,1196.264136,30,30,0.082411,-0.022792,0.000000,0.000000,0.000000,0.000063,0
20260805_180709_229,1,Unspecified,2342,2026-08-05T18:27:05.4935554+09:00,2026-08-05T18:27:05.9935554+09:00,1196.264136,1196.764136,30,30,0.082462,-0.022735,0.000000,0.000000,0.000000,0.000080,0
20260805_180709_229,1,Unspecified,2343,2026-08-05T18:27:05.9935554+09:00,2026-08-05T18:27:06.4935554+09:00,1196.764136,1197.264136,30,30,0.082397,-0.022751,0.000000,0.000000,0.000000,0.000101,0
20260805_180709_229,1,Unspecified,2344,2026-08-05T18:27:06.4935554+09:00,2026-08-05T18:27:06.9935554+09:00,1197.264136,1197.764136,30,30,0.082261,-0.022844,0.000000,0.000000,0.000000,0.000099,0
20260805_180709_229,1,Unspecified,2345,2026-08-05T18:27:06.9935554+09:00,2026-08-05T18:27:07.4935554+09:00,1197.764136,1198.264136,30,30,0.082239,-0.022836,0.000000,0.000000,0.000000,0.000092,0
20260805_180709_229,1,Unspecified,2346,2026-08-05T18:27:07.4935554+09:00,2026-08-05T18:27:07.9935554+09:00,1198.264136,1198.764136,30,30,0.082351,-0.022729,0.000000,0.000000,0.000000,0.000065,0
20260805_180709_229,1,Unspecified,2347,2026-08-05T18:27:07.9935554+09:00,2026-08-05T18:27:08.4935554+09:00,1198.764136,1199.264136,30,30,0.082457,-0.022616,0.000000,0.000000,0.000000,0.000094,0
20260805_180709_229,1,Unspecified,2348,2026-08-05T18:27:08.4935554+09:00,2026-08-05T18:27:08.9935554+09:00,1199.264136,1199.764136,30,30,0.082680,-0.022463,0.000000,0.000000,0.000000,0.000214,0
20260805_180709_229,1,Unspecified,2349,2026-08-05T18:27:08.9935554+09:00,2026-08-05T18:27:09.4935554+09:00,1199.764136,1200.264136,30,30,0.082894,-0.022283,0.000000,0.000000,0.000000,0.000080,0
20260805_180709_229,1,Unspecified,2350,2026-08-05T18:27:09.4935554+09:00,2026-08-05T18:27:09.9935554+09:00,1200.264136,1200.764136,30,30,0.082747,-0.022373,0.000000,0.000000,0.000000,0.000114,0
20260805_180709_229,1,Unspecified,2351,2026-08-05T18:27:09.9935554+09:00,2026-08-05T18:27:10.4935554+09:00,1200.764136,1201.264136,30,30,0.082608,-0.022424,0.000000,0.000000,0.000000,0.000065,0
20260805_180709_229,1,Unspecified,2352,2026-08-05T18:27:10.4935554+09:00,2026-08-05T18:27:10.9935554+09:00,1201.264136,1201.764136,30,30,0.082982,-0.022107,0.000000,0.000000,0.000000,0.000308,0
20260805_180709_229,1,Unspecified,2353,2026-08-05T18:27:10.9935554+09:00,2026-08-05T18:27:11.4935554+09:00,1201.764136,1202.264136,30,30,0.083327,-0.021869,0.000000,0.000000,0.000000,0.000097,0
20260805_180709_229,1,Unspecified,2354,2026-08-05T18:27:11.4935554+09:00,2026-08-05T18:27:11.9935554+09:00,1202.264136,1202.764136,30,30,0.083349,-0.021741,0.000000,0.000000,0.000000,0.000073,0
20260805_180709_229,1,Unspecified,2355,2026-08-05T18:27:11.9935554+09:00,2026-08-05T18:27:12.4935554+09:00,1202.764136,1203.264136,30,30,0.083215,-0.021764,0.000000,0.000000,0.000000,0.000090,0
20260805_180709_229,1,Unspecified,2356,2026-08-05T18:27:12.4935554+09:00,2026-08-05T18:27:12.9935554+09:00,1203.264136,1203.764136,30,30,0.082851,-0.022235,0.000000,0.000000,0.000000,0.000293,0
20260805_180709_229,1,Unspecified,2357,2026-08-05T18:27:12.9935554+09:00,2026-08-05T18:27:13.4935554+09:00,1203.764136,1204.264136,30,30,0.083273,-0.022214,0.000000,0.000000,0.000000,0.000113,0
20260805_180709_229,1,Unspecified,2358,2026-08-05T18:27:13.4935554+09:00,2026-08-05T18:27:13.9935554+09:00,1204.264136,1204.764136,30,30,0.083159,-0.022222,0.000000,0.000000,0.000000,0.000078,0
20260805_180709_229,1,Unspecified,2359,2026-08-05T18:27:13.9935554+09:00,2026-08-05T18:27:14.4935554+09:00,1204.764136,1205.264136,30,30,0.083063,-0.022189,0.000000,0.000000,0.000000,0.000080,0
20260805_180709_229,1,Unspecified,2360,2026-08-05T18:27:14.4935554+09:00,2026-08-05T18:27:14.9935554+09:00,1205.264136,1205.764136,30,30,0.083053,-0.022144,0.000000,0.000000,0.000000,0.000215,0
20260805_180709_229,1,Unspecified,2361,2026-08-05T18:27:14.9935554+09:00,2026-08-05T18:27:15.4935554+09:00,1205.764136,1206.264136,30,30,0.083461,-0.021869,0.000000,0.000000,0.000000,0.000227,0
20260805_180709_229,1,Unspecified,2362,2026-08-05T18:27:15.4935554+09:00,2026-08-05T18:27:15.9935554+09:00,1206.264136,1206.764136,30,30,0.083005,-0.022249,0.000000,0.000000,0.000000,0.000105,0
20260805_180709_229,1,Unspecified,2363,2026-08-05T18:27:15.9935554+09:00,2026-08-05T18:27:16.4935554+09:00,1206.764136,1207.264136,30,30,0.082842,-0.022281,0.000000,0.000000,0.000000,0.000100,0
20260805_180709_229,1,Unspecified,2364,2026-08-05T18:27:16.4935554+09:00,2026-08-05T18:27:16.9935554+09:00,1207.264136,1207.764136,30,30,0.082587,-0.022540,0.000000,0.000000,0.000000,0.000105,0
20260805_180709_229,1,Unspecified,2365,2026-08-05T18:27:16.9935554+09:00,2026-08-05T18:27:17.4935554+09:00,1207.764136,1208.264136,30,30,0.082844,-0.022633,0.000000,0.000000,0.000000,0.000120,0
20260805_180709_229,1,Unspecified,2366,2026-08-05T18:27:17.4935554+09:00,2026-08-05T18:27:17.9935554+09:00,1208.264136,1208.764136,30,30,0.082722,-0.022664,0.000000,0.000000,0.000000,0.000124,0
20260805_180709_229,1,Unspecified,2367,2026-08-05T18:27:17.9935554+09:00,2026-08-05T18:27:18.4935554+09:00,1208.764136,1209.264136,30,30,0.082766,-0.022570,0.000000,0.000000,0.000000,0.000139,0
20260805_180709_229,1,Unspecified,2368,2026-08-05T18:27:18.4935554+09:00,2026-08-05T18:27:18.9935554+09:00,1209.264136,1209.764136,30,30,0.082518,-0.022831,0.000000,0.000000,0.000000,0.000245,0
20260805_180709_229,1,Unspecified,2369,2026-08-05T18:27:18.9935554+09:00,2026-08-05T18:27:19.4935554+09:00,1209.764136,1210.264136,30,30,0.082525,-0.022984,0.000000,0.000000,0.000000,0.000175,0
20260805_180709_229,1,Unspecified,2370,2026-08-05T18:27:19.4935554+09:00,2026-08-05T18:27:19.9935554+09:00,1210.264136,1210.764136,30,30,0.082378,-0.023118,0.000000,0.000000,0.000000,0.000087,0
20260805_180709_229,1,Unspecified,2371,2026-08-05T18:27:19.9935554+09:00,2026-08-05T18:27:20.4935554+09:00,1210.764136,1211.264136,30,30,0.082385,-0.023129,0.000000,0.000000,0.000000,0.000095,0
20260805_180709_229,1,Unspecified,2372,2026-08-05T18:27:20.4935554+09:00,2026-08-05T18:27:20.9935554+09:00,1211.264136,1211.764136,30,30,0.082587,-0.022978,0.000000,0.000000,0.000000,0.000079,0
20260805_180709_229,1,Unspecified,2373,2026-08-05T18:27:20.9935554+09:00,2026-08-05T18:27:21.4935554+09:00,1211.764136,1212.264136,30,30,0.082554,-0.023061,0.000000,0.000000,0.000000,0.000071,0
20260805_180709_229,1,Unspecified,2374,2026-08-05T18:27:21.4935554+09:00,2026-08-05T18:27:21.9935554+09:00,1212.264136,1212.764136,30,30,0.082490,-0.023082,0.000000,0.000000,0.000000,0.000078,0
20260805_180709_229,1,Unspecified,2375,2026-08-05T18:27:21.9935554+09:00,2026-08-05T18:27:22.4935554+09:00,1212.764136,1213.264136,30,30,0.082282,-0.023215,0.000000,0.000000,0.000000,0.000108,0
20260805_180709_229,1,Unspecified,2376,2026-08-05T18:27:22.4935554+09:00,2026-08-05T18:27:22.9935554+09:00,1213.264136,1213.764136,30,30,0.082324,-0.023174,0.000000,0.000000,0.000000,0.000080,0
20260805_180709_229,1,Unspecified,2377,2026-08-05T18:27:22.9935554+09:00,2026-08-05T18:27:23.4935554+09:00,1213.764136,1214.264136,30,30,0.082391,-0.023225,0.000000,0.000000,0.000000,0.000091,0
20260805_180709_229,1,Unspecified,2378,2026-08-05T18:27:23.4935554+09:00,2026-08-05T18:27:23.9935554+09:00,1214.264136,1214.764136,30,30,0.082337,-0.023224,0.000000,0.000000,0.000000,0.000072,0
20260805_180709_229,1,Unspecified,2379,2026-08-05T18:27:23.9935554+09:00,2026-08-05T18:27:24.4935554+09:00,1214.764136,1215.264136,30,30,0.082315,-0.023197,0.000000,0.000000,0.000000,0.000066,0
20260805_180709_229,1,Unspecified,2380,2026-08-05T18:27:24.4935554+09:00,2026-08-05T18:27:24.9935554+09:00,1215.264136,1215.764136,30,30,0.082225,-0.023217,0.000000,0.000000,0.000000,0.000205,0
20260805_180709_229,1,Unspecified,2381,2026-08-05T18:27:24.9935554+09:00,2026-08-05T18:27:25.4935554+09:00,1215.764136,1216.264136,30,30,0.082067,-0.023305,0.000000,0.000000,0.000000,0.000094,0
20260805_180709_229,1,Unspecified,2382,2026-08-05T18:27:25.4935554+09:00,2026-08-05T18:27:25.9935554+09:00,1216.264136,1216.764136,30,30,0.082021,-0.023355,0.000000,0.000000,0.000000,0.000126,0
20260805_180709_229,1,Unspecified,2383,2026-08-05T18:27:25.9935554+09:00,2026-08-05T18:27:26.4935554+09:00,1216.764136,1217.264136,30,30,0.082147,-0.023258,0.000000,0.000000,0.000000,0.000084,0
20260805_180709_229,1,Unspecified,2384,2026-08-05T18:27:26.4935554+09:00,2026-08-05T18:27:26.9935554+09:00,1217.264136,1217.764136,30,30,0.082020,-0.023407,0.000000,0.000000,0.000000,0.000342,0
20260805_180709_229,1,Unspecified,2385,2026-08-05T18:27:26.9935554+09:00,2026-08-05T18:27:27.4935554+09:00,1217.764136,1218.264136,30,30,0.082066,-0.023551,0.000000,0.000000,0.000000,0.000202,0
20260805_180709_229,1,Unspecified,2386,2026-08-05T18:27:27.4935554+09:00,2026-08-05T18:27:27.9935554+09:00,1218.264136,1218.764136,30,30,0.081963,-0.023497,0.000000,0.000000,0.000000,0.000083,0
20260805_180709_229,1,Unspecified,2387,2026-08-05T18:27:27.9935554+09:00,2026-08-05T18:27:28.4935554+09:00,1218.764136,1219.264136,30,30,0.081894,-0.023476,0.000000,0.000000,0.000000,0.000079,0
20260805_180709_229,1,Unspecified,2388,2026-08-05T18:27:28.4935554+09:00,2026-08-05T18:27:28.9935554+09:00,1219.264136,1219.764136,30,30,0.082068,-0.023363,0.000000,0.000000,0.000000,0.000187,0
20260805_180709_229,1,Unspecified,2389,2026-08-05T18:27:28.9935554+09:00,2026-08-05T18:27:29.4935554+09:00,1219.764136,1220.264136,30,30,0.082039,-0.023398,0.000000,0.000000,0.000000,0.000093,0
20260805_180709_229,1,Unspecified,2390,2026-08-05T18:27:29.4935554+09:00,2026-08-05T18:27:29.9935554+09:00,1220.264136,1220.764136,30,30,0.082087,-0.023391,0.000000,0.000000,0.000000,0.000049,0
20260805_180709_229,1,Unspecified,2391,2026-08-05T18:27:29.9935554+09:00,2026-08-05T18:27:30.4935554+09:00,1220.764136,1221.264136,30,30,0.082104,-0.023326,0.000000,0.000000,0.000000,0.000101,0
20260805_180709_229,1,Unspecified,2392,2026-08-05T18:27:30.4935554+09:00,2026-08-05T18:27:30.9935554+09:00,1221.264136,1221.764136,30,30,0.081742,-0.023708,0.000000,0.000000,0.000000,0.000321,0
20260805_180709_229,1,Unspecified,2393,2026-08-05T18:27:30.9935554+09:00,2026-08-05T18:27:31.4935554+09:00,1221.764136,1222.264136,30,30,0.081516,-0.024083,0.000000,0.000000,0.000000,0.000084,0
20260805_180709_229,1,Unspecified,2394,2026-08-05T18:27:31.4935554+09:00,2026-08-05T18:27:31.9935554+09:00,1222.264136,1222.764136,30,30,0.081689,-0.023893,0.000000,0.000000,0.000000,0.000094,0
20260805_180709_229,1,Unspecified,2395,2026-08-05T18:27:31.9935554+09:00,2026-08-05T18:27:32.4935554+09:00,1222.764136,1223.264136,30,30,0.081739,-0.023775,0.000000,0.000000,0.000000,0.000097,0
20260805_180709_229,1,Unspecified,2396,2026-08-05T18:27:32.4935554+09:00,2026-08-05T18:27:32.9935554+09:00,1223.264136,1223.764136,30,30,0.081773,-0.023753,0.000000,0.000000,0.000000,0.000174,0
20260805_180709_229,1,Unspecified,2397,2026-08-05T18:27:32.9935554+09:00,2026-08-05T18:27:33.4935554+09:00,1223.764136,1224.264136,30,30,0.081498,-0.024046,0.000000,0.000000,0.000000,0.000104,0
20260805_180709_229,1,Unspecified,2398,2026-08-05T18:27:33.4935554+09:00,2026-08-05T18:27:33.9935554+09:00,1224.264136,1224.764136,30,30,0.081641,-0.023893,0.000000,0.000000,0.000000,0.000080,0
20260805_180709_229,1,Unspecified,2399,2026-08-05T18:27:33.9935554+09:00,2026-08-05T18:27:34.4935554+09:00,1224.764136,1225.264136,30,30,0.081789,-0.023739,0.000000,0.000000,0.000000,0.000177,0
20260805_180709_229,1,Unspecified,2400,2026-08-05T18:27:34.4935554+09:00,2026-08-05T18:27:34.9935554+09:00,1225.264136,1225.764136,30,30,0.081894,-0.023615,0.000000,0.000000,0.000000,0.000079,0
20260805_180709_229,1,Unspecified,2401,2026-08-05T18:27:34.9935554+09:00,2026-08-05T18:27:35.4935554+09:00,1225.764136,1226.264136,30,30,0.082072,-0.023470,0.000000,0.000000,0.000000,0.000062,0
20260805_180709_229,1,Unspecified,2402,2026-08-05T18:27:35.4935554+09:00,2026-08-05T18:27:35.9935554+09:00,1226.264136,1226.764136,30,30,0.082117,-0.023336,0.000000,0.000000,0.000000,0.000099,0
20260805_180709_229,1,Unspecified,2403,2026-08-05T18:27:35.9935554+09:00,2026-08-05T18:27:36.4935554+09:00,1226.764136,1227.264136,30,30,0.082223,-0.023210,0.000000,0.000000,0.000000,0.000076,0
20260805_180709_229,1,Unspecified,2404,2026-08-05T18:27:36.4935554+09:00,2026-08-05T18:27:36.9935554+09:00,1227.264136,1227.764136,30,30,0.082307,-0.023193,0.000000,0.000000,0.000000,0.000133,0
20260805_180709_229,1,Unspecified,2405,2026-08-05T18:27:36.9935554+09:00,2026-08-05T18:27:37.4935554+09:00,1227.764136,1228.264136,30,30,0.082721,-0.022859,0.000000,0.000000,0.000000,0.000284,0
20260805_180709_229,1,Unspecified,2406,2026-08-05T18:27:37.4935554+09:00,2026-08-05T18:27:37.9935554+09:00,1228.264136,1228.764136,30,30,0.083017,-0.022514,0.000000,0.000000,0.000000,0.000082,0
20260805_180709_229,1,Unspecified,2407,2026-08-05T18:27:37.9935554+09:00,2026-08-05T18:27:38.4935554+09:00,1228.764136,1229.264136,30,30,0.082921,-0.022523,0.000000,0.000000,0.000000,0.000108,0
20260805_180709_229,1,Unspecified,2408,2026-08-05T18:27:38.4935554+09:00,2026-08-05T18:27:38.9935554+09:00,1229.264136,1229.764136,30,30,0.082798,-0.022686,0.000000,0.000000,0.000000,0.000160,0
20260805_180709_229,1,Unspecified,2409,2026-08-05T18:27:38.9935554+09:00,2026-08-05T18:27:39.4935554+09:00,1229.764136,1230.264136,30,30,0.082634,-0.024808,0.000003,0.000005,0.000004,0.002854,0
20260805_180709_229,1,Unspecified,2410,2026-08-05T18:27:39.4935554+09:00,2026-08-05T18:27:39.9935554+09:00,1230.264136,1230.764136,30,30,0.078194,-0.029936,0.000001,0.000002,0.000001,0.001604,0
20260805_180709_229,1,Unspecified,2411,2026-08-05T18:27:39.9935554+09:00,2026-08-05T18:27:40.4935554+09:00,1230.764136,1231.264136,30,30,0.080697,-0.021966,0.000002,0.000011,0.000005,0.003692,0
20260805_180709_229,1,Unspecified,2412,2026-08-05T18:27:40.4935554+09:00,2026-08-05T18:27:40.9935554+09:00,1231.264136,1231.764136,30,30,0.080861,-0.025659,0.000001,0.000006,0.000002,0.002631,0
20260805_180709_229,1,Unspecified,2413,2026-08-05T18:27:40.9935554+09:00,2026-08-05T18:27:41.4935554+09:00,1231.764136,1232.264136,30,30,0.075532,-0.032987,0.000005,0.000004,0.000004,0.003028,0
20260805_180709_229,1,Unspecified,2414,2026-08-05T18:27:41.4935554+09:00,2026-08-05T18:27:41.9935554+09:00,1232.264136,1232.764136,30,30,0.083757,-0.022370,0.000014,0.000021,0.000010,0.005852,0
20260805_180709_229,1,Unspecified,2415,2026-08-05T18:27:41.9935554+09:00,2026-08-05T18:27:42.4935554+09:00,1232.764136,1233.264136,30,30,0.073473,-0.021328,0.000049,0.000023,0.000031,0.008498,0
20260805_180709_229,1,Unspecified,2416,2026-08-05T18:27:42.4935554+09:00,2026-08-05T18:27:42.9935554+09:00,1233.264136,1233.764136,30,30,0.060748,-0.031914,0.000001,0.000019,-0.000002,0.004472,0
20260805_180709_229,1,Unspecified,2417,2026-08-05T18:27:42.9935554+09:00,2026-08-05T18:27:43.4935554+09:00,1233.764136,1234.264136,31,29,0.055880,-0.040119,0.000024,0.000040,-0.000004,0.008039,2
20260805_180709_229,1,Unspecified,2418,2026-08-05T18:27:43.4935554+09:00,2026-08-05T18:27:43.9935554+09:00,1234.264136,1234.764136,30,0,,,,,,,30
20260805_180709_229,1,Unspecified,2419,2026-08-05T18:27:43.9935554+09:00,2026-08-05T18:27:44.4935554+09:00,1234.764136,1235.264136,30,0,,,,,,,30
20260805_180709_229,1,Unspecified,2420,2026-08-05T18:27:44.4935554+09:00,2026-08-05T18:27:44.9935554+09:00,1235.264136,1235.764136,30,0,,,,,,,30
20260805_180709_229,1,Unspecified,2421,2026-08-05T18:27:44.9935554+09:00,2026-08-05T18:27:45.4935554+09:00,1235.764136,1236.264136,30,0,,,,,,,30
20260805_180709_229,1,Unspecified,2422,2026-08-05T18:27:45.4935554+09:00,2026-08-05T18:27:45.9935554+09:00,1236.264136,1236.764136,30,0,,,,,,,30
20260805_180709_229,1,Unspecified,2423,2026-08-05T18:27:45.9935554+09:00,2026-08-05T18:27:46.4935554+09:00,1236.764136,1237.264136,30,0,,,,,,,30
20260805_180709_229,1,Unspecified,2424,2026-08-05T18:27:46.4935554+09:00,2026-08-05T18:27:46.9935554+09:00,1237.264136,1237.764136,19,0,,,,,,,19
20260805_180709_229,1,Unspecified,2425,2026-08-05T18:27:46.9935554+09:00,2026-08-05T18:27:47.4685554+09:00,1237.764136,1238.239329,1,0,,,,,,,1
