FrameIndex,Block,Trial,AbsTime,HeadDeltaX,HeadDeltaY,HeadDeltaZ,GazeCorrX,GazeCorrY,IsBlink
0,0,0,2026-06-17 14:52:24.639,0.0010,0.0005,-0.0021,-0.4415,-0.0368,0.0000
1,0,0,2026-06-17 14:52:24.649,0.0020,0.0011,-0.0043,-0.4409,-0.0327,0.0000
2,0,0,2026-06-17 14:52:24.671,0.0044,0.0020,-0.0088,-0.4399,-0.0262,0.0000
3,0,0,2026-06-17 14:52:24.693,0.0072,0.0024,-0.0133,-0.4392,-0.0217,0.0000
4,0,0,2026-06-17 14:52:24.704,0.0088,0.0022,-0.0154,-0.4387,-0.0187,0.0000
5,0,0,2026-06-17 14:52:24.728,0.0121,0.0018,-0.0195,-0.4381,-0.0150,0.0000
6,0,0,2026-06-17 14:52:24.739,0.0138,0.0012,-0.0218,-0.4381,-0.0154,0.0000
7,0,0,2026-06-17 14:52:24.749,0.0156,0.0008,-0.0241,-0.4381,-0.0159,0.0000
8,0,0,2026-06-17 14:52:24.772,0.0191,0.0004,-0.0282,-0.4383,-0.0184,0.0000
9,0,0,2026-06-17 14:52:24.782,0.0209,0.0002,-0.0301,-0.4383,-0.0185,0.0000
10,0,0,2026-06-17 14:52:24.806,0.0248,-0.0009,-0.0342,-0.4380,-0.0181,0.0000
11,0,0,2026-06-17 14:52:24.816,0.0271,-0.0018,-0.0364,-0.4380,-0.0189,0.0000
12,0,0,2026-06-17 14:52:24.838,0.0318,-0.0038,-0.0409,-0.4377,-0.0204,0.0000
13,0,0,2026-06-17 14:52:24.849,0.0342,-0.0046,-0.0431,-0.4375,-0.0207,0.0000
14,0,0,2026-06-17 14:52:24.872,0.0391,-0.0057,-0.0473,-0.4373,-0.0208,0.0000
15,0,0,2026-06-17 14:52:24.882,0.0416,-0.0063,-0.0494,-0.4370,-0.0214,0.0000
16,0,0,2026-06-17 14:52:24.906,0.0466,-0.0081,-0.0535,-0.4369,-0.0248,0.0000
17,0,0,2026-06-17 14:52:24.916,0.0490,-0.0089,-0.0555,-0.4368,-0.0267,0.0000
18,0,0,2026-06-17 14:52:24.938,0.0539,-0.0108,-0.0592,-0.4365,-0.0322,0.0000
19,0,0,2026-06-17 14:52:24.961,0.0590,-0.0128,-0.0625,-0.4357,-0.0392,0.0000
20,0,0,2026-06-17 14:52:24.972,0.0613,-0.0136,-0.0637,-0.4348,-0.0411,0.0000
21,0,0,2026-06-17 14:52:24.983,0.0635,-0.0142,-0.0646,-0.4340,-0.0422,0.0000
22,0,0,2026-06-17 14:52:25.005,0.0675,-0.0156,-0.0663,-0.4322,-0.0432,0.0000
23,0,0,2026-06-17 14:52:25.016,0.0691,-0.0163,-0.0669,-0.4313,-0.0440,0.0000
24,0,0,2026-06-17 14:52:25.039,0.0722,-0.0178,-0.0676,-0.4294,-0.0469,0.0000
25,0,0,2026-06-17 14:52:25.049,0.0736,-0.0188,-0.0677,-0.4283,-0.0488,0.0000
26,0,0,2026-06-17 14:52:25.071,0.0757,-0.0204,-0.0677,-0.4268,-0.0562,0.0000
27,0,0,2026-06-17 14:52:25.083,0.0762,-0.0210,-0.0673,-0.4263,-0.0605,0.0000
28,0,0,2026-06-17 14:52:25.104,0.0766,-0.0219,-0.0662,-0.4252,-0.0698,0.0000
29,0,0,2026-06-17 14:52:25.116,0.0763,-0.0223,-0.0655,-0.4247,-0.0744,0.0000
30,0,0,2026-06-17 14:52:25.138,0.0748,-0.0226,-0.0638,-0.4242,-0.0847,0.0000
31,0,0,2026-06-17 14:52:25.161,0.0726,-0.0228,-0.0617,-0.4246,-0.0959,0.0000
32,0,0,2026-06-17 14:52:25.172,0.0710,-0.0230,-0.0604,-0.4246,-0.1011,0.0000
33,0,0,2026-06-17 14:52:25.183,0.0695,-0.0230,-0.0591,-0.4248,-0.1057,0.0000
34,0,0,2026-06-17 14:52:25.206,0.0656,-0.0237,-0.0558,-0.4244,-0.1114,0.0000
35,0,0,2026-06-17 14:52:25.228,0.0609,-0.0232,-0.0526,-0.4209,-0.1195,0.0000
36,0,0,2026-06-17 14:52:25.238,0.0575,-0.0243,-0.0504,-0.4236,-0.1186,0.0000
37,0,0,2026-06-17 14:52:25.249,0.0549,-0.0238,-0.0487,-0.4235,-0.1190,0.0000
38,0,0,2026-06-17 14:52:25.271,0.0480,-0.0247,-0.0447,-0.4231,-0.1203,0.0000
39,0,0,2026-06-17 14:52:25.283,0.0447,-0.0251,-0.0426,-0.4227,-0.1214,0.0000
40,0,0,2026-06-17 14:52:25.305,0.0369,-0.0259,-0.0385,-0.4211,-0.1242,0.0000
41,0,0,2026-06-17 14:52:25.317,0.0329,-0.0263,-0.0365,-0.4204,-0.1259,0.0000
42,0,0,2026-06-17 14:52:25.339,0.0241,-0.0274,-0.0322,-0.4182,-0.1302,0.0000
43,0,0,2026-06-17 14:52:25.350,0.0195,-0.0279,-0.0301,-0.4167,-0.1321,0.0000
44,0,0,2026-06-17 14:52:25.371,0.0099,-0.0284,-0.0260,-0.4140,-0.1341,0.0000
45,0,0,2026-06-17 14:52:25.383,0.0049,-0.0285,-0.0242,-0.4133,-0.1350,0.0000
46,0,0,2026-06-17 14:52:25.405,-0.0050,-0.0286,-0.0205,-0.4129,-0.1346,0.0000
47,0,0,2026-06-17 14:52:25.417,-0.0099,-0.0285,-0.0185,-0.4124,-0.1350,0.0000
48,0,0,2026-06-17 14:52:25.439,-0.0197,-0.0282,-0.0150,-0.4134,-0.1311,0.0000
49,0,0,2026-06-17 14:52:25.449,-0.0246,-0.0282,-0.0133,-0.4135,-0.1307,0.0000
50,0,0,2026-06-17 14:52:25.472,-0.0340,-0.0283,-0.0103,-0.4130,-0.1298,0.0000
51,0,0,2026-06-17 14:52:25.483,-0.0383,-0.0283,-0.0091,-0.4125,-0.1298,0.0000
52,0,0,2026-06-17 14:52:25.506,-0.0464,-0.0281,-0.0070,-0.4104,-0.1323,0.0000
53,0,0,2026-06-17 14:52:25.516,-0.0503,-0.0279,-0.0063,-0.4093,-0.1342,0.0000
54,0,0,2026-06-17 14:52:25.539,-0.0575,-0.0276,-0.0051,-0.4075,-0.1364,0.0000
55,0,0,2026-06-17 14:52:25.550,-0.0611,-0.0273,-0.0044,-0.4067,-0.1369,0.0000
56,0,0,2026-06-17 14:52:25.572,-0.0677,-0.0271,-0.0039,-0.4071,-0.1345,0.0000
57,0,0,2026-06-17 14:52:25.583,-0.0709,-0.0273,-0.0038,-0.4077,-0.1333,0.0000
58,0,0,2026-06-17 14:52:25.606,-0.0758,-0.0280,-0.0045,-0.4081,-0.1322,0.0000
59,0,0,2026-06-17 14:52:25.616,-0.0778,-0.0281,-0.0050,-0.4079,-0.1315,0.0000
60,0,0,2026-06-17 14:52:25.638,-0.0817,-0.0282,-0.0062,-0.4072,-0.1295,0.0000
61,0,0,2026-06-17 14:52:25.650,-0.0832,-0.0283,-0.0071,-0.4068,-0.1288,0.0000
62,0,0,2026-06-17 14:52:25.672,-0.0858,-0.0286,-0.0095,-0.4059,-0.1286,0.0000
63,0,0,2026-06-17 14:52:25.682,-0.0870,-0.0288,-0.0107,-0.4054,-0.1284,0.0000
64,0,0,2026-06-17 14:52:25.706,-0.0885,-0.0291,-0.0138,-0.4053,-0.1272,0.0000
65,0,0,2026-06-17 14:52:25.716,-0.0890,-0.0292,-0.0155,-0.4054,-0.1265,0.0000
66,0,0,2026-06-17 14:52:25.739,-0.0884,-0.0289,-0.0199,-0.4078,-0.1249,0.0000
67,0,0,2026-06-17 14:52:25.750,-0.0880,-0.0286,-0.0221,-0.4083,-0.1243,0.0000
68,0,0,2026-06-17 14:52:25.772,-0.0861,-0.0276,-0.0268,-0.4098,-0.1232,0.0000
69,0,1,2026-06-17 14:52:25.783,-0.0850,-0.0272,-0.0291,-0.4105,-0.1219,0.0000
70,0,1,2026-06-17 14:52:25.805,-0.0820,-0.0267,-0.0339,-0.4120,-0.1181,0.0000
71,0,1,2026-06-17 14:52:25.817,-0.0800,-0.0262,-0.0363,-0.4129,-0.1144,0.0000
72,0,1,2026-06-17 14:52:25.839,-0.0759,-0.0251,-0.0412,-0.4155,-0.1072,0.0000
73,0,1,2026-06-17 14:52:25.849,-0.0736,-0.0244,-0.0437,-0.4168,-0.1036,0.0000
74,0,1,2026-06-17 14:52:25.873,-0.0685,-0.0231,-0.0489,-0.4186,-0.0980,0.0000
75,0,1,2026-06-17 14:52:25.883,-0.0660,-0.0225,-0.0514,-0.4192,-0.0955,0.0000
76,0,1,2026-06-17 14:52:25.906,-0.0603,-0.0213,-0.0562,-0.4202,-0.0899,0.0000
77,0,1,2026-06-17 14:52:25.917,-0.0572,-0.0206,-0.0586,-0.4209,-0.0867,0.0000
78,0,1,2026-06-17 14:52:25.939,-0.0507,-0.0187,-0.0631,-0.4223,-0.0791,0.0000
79,0,1,2026-06-17 14:52:25.949,-0.0472,-0.0180,-0.0654,-0.4231,-0.0756,0.0000
80,0,1,2026-06-17 14:52:25.972,-0.0396,-0.0166,-0.0707,-0.4240,-0.0702,0.0000
81,0,1,2026-06-17 14:52:25.983,-0.0357,-0.0160,-0.0734,-0.4248,-0.0688,0.0000
82,0,1,2026-06-17 14:52:26.006,-0.0283,-0.0146,-0.0785,-0.4261,-0.0650,0.0000
83,0,1,2026-06-17 14:52:26.017,-0.0245,-0.0140,-0.0810,-0.4271,-0.0632,0.0000
84,0,1,2026-06-17 14:52:26.039,-0.0162,-0.0133,-0.0854,-0.4279,-0.0586,0.0000
85,0,1,2026-06-17 14:52:26.049,-0.0119,-0.0130,-0.0876,-0.4282,-0.0566,0.0000
86,0,1,2026-06-17 14:52:26.072,-0.0035,-0.0124,-0.0921,-0.4289,-0.0525,0.0000
87,0,1,2026-06-17 14:52:26.083,0.0005,-0.0122,-0.0942,-0.4291,-0.0510,0.0000
88,0,1,2026-06-17 14:52:26.106,0.0085,-0.0123,-0.0981,-0.4296,-0.0475,0.0000
89,0,1,2026-06-17 14:52:26.117,0.0128,-0.0124,-0.0998,-0.4298,-0.0462,0.0000
90,0,1,2026-06-17 14:52:26.140,0.0211,-0.0133,-0.1027,-0.4299,-0.0429,0.0000
91,0,1,2026-06-17 14:52:26.149,0.0251,-0.0137,-0.1041,-0.4295,-0.0418,0.0000
92,0,1,2026-06-17 14:52:26.173,0.0326,-0.0149,-0.1067,-0.4307,-0.0396,0.0000
93,0,1,2026-06-17 14:52:26.183,0.0362,-0.0154,-0.1079,-0.4308,-0.0385,0.0000
94,0,1,2026-06-17 14:52:26.206,0.0429,-0.0165,-0.1093,-0.4321,-0.0371,0.0000
95,0,1,2026-06-17 14:52:26.217,0.0463,-0.0171,-0.1100,-0.4326,-0.0369,0.0000
96,0,1,2026-06-17 14:52:26.238,0.0530,-0.0186,-0.1111,-0.4334,-0.0395,0.0000
97,0,1,2026-06-17 14:52:26.251,0.0560,-0.0190,-0.1113,-0.4335,-0.0413,0.0000
98,0,1,2026-06-17 14:52:26.273,0.0614,-0.0187,-0.1116,-0.4332,-0.0425,0.0000
99,0,1,2026-06-17 14:52:26.283,0.0637,-0.0182,-0.1118,-0.4336,-0.0418,0.0000
100,0,1,2026-06-17 14:52:26.306,0.0680,-0.0175,-0.1116,-0.4336,-0.0371,0.0000
101,0,1,2026-06-17 14:52:26.316,0.0698,-0.0172,-0.1113,-0.4332,-0.0338,0.0000
102,0,1,2026-06-17 14:52:26.339,0.0731,-0.0165,-0.1102,-0.4332,-0.0272,0.0000
103,0,1,2026-06-17 14:52:26.351,0.0743,-0.0162,-0.1097,-0.4330,-0.0237,0.0000
104,0,1,2026-06-17 14:52:26.373,0.0776,-0.0173,-0.1084,-0.4320,-0.0197,0.0000
105,0,1,2026-06-17 14:52:26.385,0.0777,-0.0150,-0.1078,-0.4329,-0.0155,0.0000
106,0,1,2026-06-17 14:52:26.406,0.0798,-0.0139,-0.1066,-0.4326,-0.0109,0.0000
107,0,1,2026-06-17 14:52:26.418,0.0808,-0.0134,-0.1059,-0.4325,-0.0091,0.0000
108,0,1,2026-06-17 14:52:26.440,0.0821,-0.0127,-0.1049,-0.4326,-0.0059,0.0000
109,0,1,2026-06-17 14:52:26.451,0.0828,-0.0124,-0.1043,-0.4328,-0.0051,0.0000
110,0,1,2026-06-17 14:52:26.473,0.0838,-0.0119,-0.1035,-0.4333,-0.0045,0.0000
111,0,1,2026-06-17 14:52:26.483,0.0841,-0.0117,-0.1031,-0.4336,-0.0045,0.0000
112,0,1,2026-06-17 14:52:26.505,0.0847,-0.0112,-0.1024,-0.4339,-0.0036,0.0000
113,0,1,2026-06-17 14:52:26.516,0.0851,-0.0110,-0.1020,-0.4339,-0.0028,0.0000
114,0,1,2026-06-17 14:52:26.540,0.0858,-0.0105,-0.1012,-0.4340,-0.0012,0.0000
115,0,1,2026-06-17 14:52:26.550,0.0844,-0.0110,-0.1017,-0.4360,-0.0096,0.0000
116,0,1,2026-06-17 14:52:26.573,0.0841,-0.0111,-0.1012,-0.4364,-0.0108,0.0000
117,0,1,2026-06-17 14:52:26.583,0.0839,-0.0113,-0.1009,-0.4365,-0.0113,0.0000
118,0,1,2026-06-17 14:52:26.606,0.0835,-0.0116,-0.1002,-0.4366,-0.0125,0.0000
119,0,1,2026-06-17 14:52:26.617,0.0833,-0.0117,-0.0999,-0.4366,-0.0131,0.0000
120,0,1,2026-06-17 14:52:26.638,0.0828,-0.0122,-0.0992,-0.4371,-0.0147,0.0000
121,0,1,2026-06-17 14:52:26.651,0.0826,-0.0123,-0.0988,-0.4373,-0.0157,0.0000
122,0,1,2026-06-17 14:52:26.673,0.0817,-0.0132,-0.0973,-0.4377,-0.0176,0.0000
123,0,1,2026-06-17 14:52:26.683,0.0812,-0.0137,-0.0966,-0.4379,-0.0190,0.0000
124,0,1,2026-06-17 14:52:26.706,0.0810,-0.0148,-0.0955,-0.4382,-0.0241,0.0000
125,0,1,2026-06-17 14:52:26.717,0.0810,-0.0152,-0.0950,-0.4391,-0.0263,0.0000
126,0,1,2026-06-17 14:52:26.739,0.0809,-0.0154,-0.0942,-0.4393,-0.0278,0.0000
127,0,1,2026-06-17 14:52:26.750,0.0808,-0.0156,-0.0939,-0.4394,-0.0286,0.0000
128,0,1,2026-06-17 14:52:26.773,0.0809,-0.0160,-0.0932,-0.4397,-0.0302,0.0000
129,0,1,2026-06-17 14:52:26.783,0.0811,-0.0164,-0.0929,-0.4399,-0.0319,0.0000
130,0,1,2026-06-17 14:52:26.806,0.0820,-0.0177,-0.0924,-0.4405,-0.0371,0.0000
131,0,1,2026-06-17 14:52:26.816,0.0825,-0.0181,-0.0921,-0.4406,-0.0398,0.0000
132,0,1,2026-06-17 14:52:26.839,0.0835,-0.0189,-0.0916,-0.4410,-0.0436,0.0000
133,0,1,2026-06-17 14:52:26.849,0.0842,-0.0196,-0.0914,-0.4412,-0.0456,0.0000
134,0,1,2026-06-17 14:52:26.872,0.0854,-0.0204,-0.0912,-0.4414,-0.0500,0.0000
135,0,1,2026-06-17 14:52:26.883,0.0863,-0.0206,-0.0911,-0.4415,-0.0518,0.0000
136,0,1,2026-06-17 14:52:26.905,0.0878,-0.0210,-0.0911,-0.4416,-0.0557,0.0000
137,0,1,2026-06-17 14:52:26.916,0.0888,-0.0212,-0.0911,-0.4416,-0.0575,0.0000
138,0,2,2026-06-17 14:52:26.939,0.0907,-0.0220,-0.0915,-0.4417,-0.0612,0.0000
139,0,2,2026-06-17 14:52:26.950,0.0918,-0.0224,-0.0918,-0.4416,-0.0631,0.0000
140,0,2,2026-06-17 14:52:26.973,0.0939,-0.0231,-0.0923,-0.4414,-0.0651,0.0000
141,0,2,2026-06-17 14:52:26.983,0.0950,-0.0236,-0.0925,-0.4412,-0.0652,0.0000
142,0,2,2026-06-17 14:52:27.006,0.0973,-0.0246,-0.0930,-0.4413,-0.0658,0.0000
143,0,2,2026-06-17 14:52:27.016,0.0986,-0.0252,-0.0934,-0.4408,-0.0667,0.0000
144,0,2,2026-06-17 14:52:27.039,0.1012,-0.0263,-0.0939,-0.4405,-0.0694,0.0000
145,0,2,2026-06-17 14:52:27.049,0.1025,-0.0267,-0.0942,-0.4403,-0.0704,0.0000
146,0,2,2026-06-17 14:52:27.072,0.1049,-0.0275,-0.0947,-0.4403,-0.0716,0.0000
147,0,2,2026-06-17 14:52:27.083,0.1061,-0.0280,-0.0950,-0.4403,-0.0723,0.0000
148,0,2,2026-06-17 14:52:27.106,0.1086,-0.0288,-0.0957,-0.4404,-0.0737,0.0000
149,0,2,2026-06-17 14:52:27.116,0.1097,-0.0293,-0.0960,-0.4405,-0.0745,0.0000
150,0,2,2026-06-17 14:52:27.139,0.1119,-0.0300,-0.0967,-0.4405,-0.0763,0.0000
151,0,2,2026-06-17 14:52:27.150,0.1130,-0.0302,-0.0970,-0.4405,-0.0773,0.0000
152,0,2,2026-06-17 14:52:27.172,0.1148,-0.0303,-0.0978,-0.4407,-0.0789,0.0000
153,0,2,2026-06-17 14:52:27.183,0.1157,-0.0303,-0.0982,-0.4408,-0.0794,0.0000
154,0,2,2026-06-17 14:52:27.206,0.1172,-0.0298,-0.0989,-0.4410,-0.0788,0.0000
155,0,2,2026-06-17 14:52:27.217,0.1178,-0.0296,-0.0993,-0.4411,-0.0778,0.0000
156,0,2,2026-06-17 14:52:27.239,0.1188,-0.0292,-0.1000,-0.4412,-0.0750,0.0000
157,0,2,2026-06-17 14:52:27.251,0.1191,-0.0290,-0.1004,-0.4412,-0.0733,0.0000
158,0,2,2026-06-17 14:52:27.272,0.1197,-0.0287,-0.1011,-0.4412,-0.0709,0.0000
159,0,2,2026-06-17 14:52:27.283,0.1200,-0.0285,-0.1015,-0.4410,-0.0696,0.0000
160,0,2,2026-06-17 14:52:27.306,0.1203,-0.0282,-0.1024,-0.4409,-0.0667,0.0000
161,0,2,2026-06-17 14:52:27.317,0.1203,-0.0282,-0.1028,-0.4407,-0.0655,0.0000
162,0,2,2026-06-17 14:52:27.340,0.1202,-0.0283,-0.1036,-0.4403,-0.0640,0.0000
163,0,2,2026-06-17 14:52:27.351,0.1203,-0.0284,-0.1040,-0.4401,-0.0634,0.0000
164,0,2,2026-06-17 14:52:27.372,0.1199,-0.0282,-0.1046,-0.4396,-0.0632,0.0000
165,0,2,2026-06-17 14:52:27.383,0.1197,-0.0281,-0.1048,-0.4395,-0.0625,0.0000
166,0,2,2026-06-17 14:52:27.406,0.1191,-0.0278,-0.1053,-0.4392,-0.0605,0.0000
167,0,2,2026-06-17 14:52:27.418,0.1188,-0.0278,-0.1055,-0.4392,-0.0598,0.0000
168,0,2,2026-06-17 14:52:27.439,0.1183,-0.0280,-0.1058,-0.4390,-0.0593,0.0000
169,0,2,2026-06-17 14:52:27.450,0.1180,-0.0280,-0.1059,-0.4389,-0.0596,0.0000
170,0,2,2026-06-17 14:52:27.473,0.1177,-0.0282,-0.1060,-0.4384,-0.0607,0.0000
171,0,2,2026-06-17 14:52:27.484,0.1174,-0.0281,-0.1059,-0.4381,-0.0612,0.0000
172,0,2,2026-06-17 14:52:27.506,0.1167,-0.0280,-0.1056,-0.4376,-0.0613,0.0000
173,0,2,2026-06-17 14:52:27.518,0.1164,-0.0280,-0.1053,-0.4373,-0.0612,0.0000
174,0,2,2026-06-17 14:52:27.539,0.1160,-0.0286,-0.1042,-0.4362,-0.0609,0.0000
175,0,2,2026-06-17 14:52:27.551,0.1159,-0.0288,-0.1036,-0.4363,-0.0608,0.0000
176,0,2,2026-06-17 14:52:27.573,0.1158,-0.0295,-0.1022,-0.4353,-0.0605,0.0000
177,0,2,2026-06-17 14:52:27.584,0.1157,-0.0298,-0.1014,-0.4336,-0.0602,0.0000
178,0,2,2026-06-17 14:52:27.606,0.1155,-0.0307,-0.0996,-0.4331,-0.0593,0.0000
179,0,2,2026-06-17 14:52:27.618,0.1156,-0.0311,-0.0987,-0.4322,-0.0594,0.0000
180,0,2,2026-06-17 14:52:27.640,0.1159,-0.0322,-0.0968,-0.4304,-0.0602,0.0000
181,0,2,2026-06-17 14:52:27.650,0.1160,-0.0327,-0.0959,-0.4296,-0.0604,0.0000
182,0,2,2026-06-17 14:52:27.673,0.1163,-0.0333,-0.0940,-0.4284,-0.0591,0.0000
183,0,2,2026-06-17 14:52:27.683,0.1163,-0.0336,-0.0929,-0.4276,-0.0585,0.0000
184,0,2,2026-06-17 14:52:27.705,0.1163,-0.0342,-0.0912,-0.4271,-0.0573,0.0000
185,0,2,2026-06-17 14:52:27.717,0.1164,-0.0346,-0.0904,-0.4264,-0.0575,0.0000
186,0,2,2026-06-17 14:52:27.739,0.1168,-0.0354,-0.0890,-0.4253,-0.0574,0.0000
187,0,2,2026-06-17 14:52:27.751,0.1170,-0.0357,-0.0885,-0.4248,-0.0572,0.0000
188,0,2,2026-06-17 14:52:27.773,0.1173,-0.0361,-0.0875,-0.4240,-0.0569,0.0000
189,0,2,2026-06-17 14:52:27.784,0.1173,-0.0363,-0.0871,-0.4238,-0.0560,0.0000
190,0,2,2026-06-17 14:52:27.806,0.1171,-0.0363,-0.0866,-0.4239,-0.0559,0.0000
191,0,2,2026-06-17 14:52:27.818,0.1172,-0.0364,-0.0864,-0.4236,-0.0557,0.0000
192,0,2,2026-06-17 14:52:27.840,0.1172,-0.0364,-0.0863,-0.4235,-0.0550,0.0000
193,0,2,2026-06-17 14:52:27.851,0.1171,-0.0364,-0.0864,-0.4237,-0.0552,0.0000
194,0,2,2026-06-17 14:52:27.872,0.1172,-0.0366,-0.0860,-0.4242,-0.0559,0.0000
195,0,2,2026-06-17 14:52:27.885,0.1170,-0.0365,-0.0861,-0.4249,-0.0567,0.0000
196,0,2,2026-06-17 14:52:27.906,0.1165,-0.0364,-0.0866,-0.4249,-0.0585,0.0000
197,0,2,2026-06-17 14:52:27.917,0.1164,-0.0363,-0.0870,-0.4250,-0.0595,0.0000
198,0,2,2026-06-17 14:52:27.939,0.1161,-0.0360,-0.0886,-0.4253,-0.0608,0.0000
199,0,2,2026-06-17 14:52:27.951,0.1160,-0.0358,-0.0891,-0.4260,-0.0615,0.0000
200,0,2,2026-06-17 14:52:27.973,0.1158,-0.0357,-0.0902,-0.4262,-0.0627,0.0000
201,0,2,2026-06-17 14:52:27.984,0.1154,-0.0355,-0.0906,-0.4264,-0.0635,0.0000
202,0,2,2026-06-17 14:52:28.007,0.1148,-0.0351,-0.0916,-0.4272,-0.0640,0.0000
203,0,2,2026-06-17 14:52:28.018,0.1147,-0.0348,-0.0921,-0.4277,-0.0637,0.0000
204,0,2,2026-06-17 14:52:28.039,0.1144,-0.0341,-0.0931,-0.4288,-0.0625,0.0000
205,0,2,2026-06-17 14:52:28.051,0.1144,-0.0339,-0.0935,-0.4294,-0.0621,0.0000
206,0,2,2026-06-17 14:52:28.072,0.1144,-0.0338,-0.0944,-0.4303,-0.0617,0.0000
207,0,3,2026-06-17 14:52:28.085,0.1144,-0.0337,-0.0947,-0.4301,-0.0619,0.0000
208,0,3,2026-06-17 14:52:28.106,0.1146,-0.0337,-0.0955,-0.4301,-0.0629,0.0000
209,0,3,2026-06-17 14:52:28.117,0.1146,-0.0337,-0.0958,-0.4304,-0.0634,0.0000
210,0,3,2026-06-17 14:52:28.140,0.1147,-0.0337,-0.0962,-0.4304,-0.0645,0.0000
211,0,3,2026-06-17 14:52:28.151,0.1147,-0.0337,-0.0962,-0.4304,-0.0654,0.0000
212,0,3,2026-06-17 14:52:28.173,0.1148,-0.0340,-0.0965,-0.4305,-0.0675,0.0000
213,0,3,2026-06-17 14:52:28.185,0.1150,-0.0341,-0.0966,-0.4305,-0.0685,0.0000
214,0,3,2026-06-17 14:52:28.206,0.1154,-0.0343,-0.0966,-0.4305,-0.0713,0.0000
215,0,3,2026-06-17 14:52:28.218,0.1153,-0.0343,-0.0968,-0.4306,-0.0720,0.0000
216,0,3,2026-06-17 14:52:28.240,0.1153,-0.0343,-0.0966,-0.4309,-0.0724,0.0000
217,0,3,2026-06-17 14:52:28.251,0.1155,-0.0343,-0.0964,-0.4310,-0.0723,0.0000
218,0,3,2026-06-17 14:52:28.273,0.1158,-0.0342,-0.0959,-0.4315,-0.0719,0.0000
219,0,3,2026-06-17 14:52:28.284,0.1159,-0.0341,-0.0956,-0.4320,-0.0717,0.0000
220,0,3,2026-06-17 14:52:28.307,0.1163,-0.0336,-0.0947,-0.4323,-0.0702,0.0000
221,0,3,2026-06-17 14:52:28.318,0.1165,-0.0334,-0.0944,-0.4330,-0.0695,0.0000
222,0,3,2026-06-17 14:52:28.339,0.1170,-0.0332,-0.0938,-0.4337,-0.0683,0.0000
223,0,3,2026-06-17 14:52:28.352,0.1172,-0.0330,-0.0935,-0.4341,-0.0678,0.0000
224,0,3,2026-06-17 14:52:28.373,0.1174,-0.0324,-0.0928,-0.4349,-0.0658,0.0000
225,0,3,2026-06-17 14:52:28.385,0.1175,-0.0321,-0.0925,-0.4353,-0.0648,0.0000
226,0,3,2026-06-17 14:52:28.406,0.1178,-0.0318,-0.0920,-0.4362,-0.0634,0.0000
227,0,3,2026-06-17 14:52:28.417,0.1180,-0.0316,-0.0917,-0.4365,-0.0630,0.0000
228,0,3,2026-06-17 14:52:28.440,0.1184,-0.0313,-0.0912,-0.4370,-0.0625,0.0000
229,0,3,2026-06-17 14:52:28.451,0.1186,-0.0311,-0.0910,-0.4372,-0.0618,0.0000
230,0,3,2026-06-17 14:52:28.473,0.1189,-0.0306,-0.0905,-0.4378,-0.0596,0.0000
231,0,3,2026-06-17 14:52:28.485,0.1190,-0.0304,-0.0903,-0.4381,-0.0585,0.0000
232,0,3,2026-06-17 14:52:28.507,0.1191,-0.0301,-0.0898,-0.4386,-0.0570,0.0000
233,0,3,2026-06-17 14:52:28.518,0.1193,-0.0300,-0.0896,-0.4388,-0.0569,0.0000
234,0,3,2026-06-17 14:52:28.541,0.1196,-0.0298,-0.0894,-0.4392,-0.0567,0.0000
235,0,3,2026-06-17 14:52:28.551,0.1198,-0.0296,-0.0893,-0.4393,-0.0563,0.0000
236,0,3,2026-06-17 14:52:28.573,0.1201,-0.0293,-0.0891,-0.4395,-0.0552,0.0000
237,0,3,2026-06-17 14:52:28.584,0.1203,-0.0293,-0.0890,-0.4396,-0.0547,0.0000
238,0,3,2026-06-17 14:52:28.606,0.1205,-0.0291,-0.0888,-0.4397,-0.0541,0.0000
239,0,3,2026-06-17 14:52:28.617,0.1207,-0.0290,-0.0887,-0.4397,-0.0544,0.0000
240,0,3,2026-06-17 14:52:28.640,0.1211,-0.0289,-0.0887,-0.4398,-0.0536,0.0000
241,0,3,2026-06-17 14:52:28.652,0.1213,-0.0288,-0.0888,-0.4398,-0.0525,0.0000
242,0,3,2026-06-17 14:52:28.674,0.1217,-0.0283,-0.0890,-0.4402,-0.0501,0.0000
243,0,3,2026-06-17 14:52:28.685,0.1219,-0.0280,-0.0891,-0.4400,-0.0493,0.0000
244,0,3,2026-06-17 14:52:28.706,0.1224,-0.0275,-0.0893,-0.4401,-0.0475,0.0000
245,0,3,2026-06-17 14:52:28.718,0.1227,-0.0272,-0.0895,-0.4401,-0.0463,0.0000
246,0,3,2026-06-17 14:52:28.739,0.1232,-0.0265,-0.0898,-0.4401,-0.0432,0.0000
247,0,3,2026-06-17 14:52:28.751,0.1233,-0.0260,-0.0900,-0.4401,-0.0414,0.0000
248,0,3,2026-06-17 14:52:28.773,0.1237,-0.0251,-0.0904,-0.4402,-0.0381,0.0000
249,0,3,2026-06-17 14:52:28.784,0.1240,-0.0246,-0.0907,-0.4401,-0.0365,0.0000
250,0,3,2026-06-17 14:52:28.806,0.1247,-0.0236,-0.0914,-0.4402,-0.0342,0.0000
251,0,3,2026-06-17 14:52:28.817,0.1250,-0.0231,-0.0917,-0.4401,-0.0331,0.0000
252,0,3,2026-06-17 14:52:28.840,0.1253,-0.0219,-0.0921,-0.4398,-0.0285,0.0000
253,0,3,2026-06-17 14:52:28.852,0.1252,-0.0212,-0.0922,-0.4396,-0.0253,0.0000
254,0,3,2026-06-17 14:52:28.873,0.1254,-0.0201,-0.0928,-0.4391,-0.0212,0.0000
255,0,3,2026-06-17 14:52:28.885,0.1255,-0.0197,-0.0930,-0.4389,-0.0196,0.0000
256,0,3,2026-06-17 14:52:28.906,0.1256,-0.0190,-0.0933,-0.4381,-0.0151,0.0000
257,0,3,2026-06-17 14:52:28.917,0.1255,-0.0187,-0.0934,-0.4375,-0.0122,0.0000
258,0,3,2026-06-17 14:52:28.940,0.1248,-0.0175,-0.0933,-0.4362,-0.0060,0.0000
259,0,3,2026-06-17 14:52:28.952,0.1244,-0.0170,-0.0933,-0.4355,-0.0035,0.0000
260,0,3,2026-06-17 14:52:28.974,0.1237,-0.0161,-0.0935,-0.4343,0.0002,0.0000
261,0,3,2026-06-17 14:52:28.984,0.1235,-0.0158,-0.0935,-0.4341,0.0009,0.0000
262,0,3,2026-06-17 14:52:29.006,0.1230,-0.0155,-0.0939,-0.4343,-0.0001,0.0000
263,0,3,2026-06-17 14:52:29.019,0.1229,-0.0157,-0.0940,-0.4343,0.0003,0.0000
264,0,3,2026-06-17 14:52:29.041,0.1228,-0.0158,-0.0945,-0.4349,-0.0014,0.0000
265,0,3,2026-06-17 14:52:29.051,0.1228,-0.0159,-0.0949,-0.4353,-0.0024,0.0000
266,0,3,2026-06-17 14:52:29.074,0.1226,-0.0157,-0.0956,-0.4358,-0.0041,0.0000
267,0,3,2026-06-17 14:52:29.084,0.1227,-0.0155,-0.0960,-0.4358,-0.0040,0.0000
268,0,3,2026-06-17 14:52:29.106,0.1226,-0.0148,-0.0965,-0.4355,-0.0023,0.0000
269,0,3,2026-06-17 14:52:29.118,0.1226,-0.0144,-0.0967,-0.4351,-0.0005,0.0000
270,0,3,2026-06-17 14:52:29.140,0.1222,-0.0129,-0.0971,-0.4339,0.0044,0.0000
271,0,3,2026-06-17 14:52:29.151,0.1220,-0.0124,-0.0973,-0.4330,0.0075,0.0000
272,0,3,2026-06-17 14:52:29.173,0.1220,-0.0118,-0.0975,-0.4312,0.0138,0.0000
273,0,3,2026-06-17 14:52:29.185,0.1221,-0.0116,-0.0976,-0.4305,0.0164,0.0000
274,0,3,2026-06-17 14:52:29.206,0.1225,-0.0116,-0.0982,-0.4300,0.0181,0.0000
275,0,3,2026-06-17 14:52:29.218,0.1228,-0.0118,-0.0985,-0.4299,0.0184,0.0000
276,0,4,2026-06-17 14:52:29.240,0.1236,-0.0124,-0.0987,-0.4302,0.0180,0.0000
277,0,4,2026-06-17 14:52:29.251,0.1240,-0.0127,-0.0989,-0.4304,0.0176,0.0000
278,0,4,2026-06-17 14:52:29.273,0.1247,-0.0133,-0.0993,-0.4308,0.0166,0.0000
279,0,4,2026-06-17 14:52:29.284,0.1250,-0.0136,-0.0996,-0.4307,0.0168,0.0000
280,0,4,2026-06-17 14:52:29.306,0.1258,-0.0143,-0.1002,-0.4308,0.0164,0.0000
281,0,4,2026-06-17 14:52:29.319,0.1263,-0.0148,-0.1005,-0.4311,0.0155,0.0000
282,0,4,2026-06-17 14:52:29.341,0.1275,-0.0165,-0.1006,-0.4309,0.0170,0.0000
283,0,4,2026-06-17 14:52:29.352,0.1281,-0.0165,-0.1007,-0.4307,0.0181,0.0000
284,0,4,2026-06-17 14:52:29.374,0.1287,-0.0166,-0.1010,-0.4304,0.0203,0.0000
285,0,4,2026-06-17 14:52:29.385,0.1289,-0.0164,-0.1011,-0.4300,0.0210,0.0000
286,0,4,2026-06-17 14:52:29.408,0.1295,-0.0160,-0.1014,-0.4297,0.0218,0.0000
287,0,4,2026-06-17 14:52:29.417,0.1298,-0.0158,-0.1016,-0.4296,0.0218,0.0000
288,0,4,2026-06-17 14:52:29.440,0.1303,-0.0154,-0.1021,-0.4298,0.0215,0.0000
289,0,4,2026-06-17 14:52:29.452,0.1306,-0.0152,-0.1024,-0.4297,0.0220,0.0000
290,0,4,2026-06-17 14:52:29.474,0.1310,-0.0147,-0.1029,-0.4289,0.0249,0.0000
291,0,4,2026-06-17 14:52:29.484,0.1312,-0.0146,-0.1032,-0.4282,0.0273,0.0000
292,0,4,2026-06-17 14:52:29.507,0.1314,-0.0143,-0.1037,-0.4267,0.0325,0.0000
293,0,4,2026-06-17 14:52:29.518,0.1315,-0.0143,-0.1039,-0.4263,0.0351,0.0000
294,0,4,2026-06-17 14:52:29.541,0.1315,-0.0141,-0.1041,-0.4245,0.0394,0.0000
295,0,4,2026-06-17 14:52:29.552,0.1314,-0.0139,-0.1041,-0.4239,0.0414,0.0000
296,0,4,2026-06-17 14:52:29.573,0.1315,-0.0135,-0.1043,-0.4229,0.0442,0.0000
297,0,4,2026-06-17 14:52:29.585,0.1314,-0.0133,-0.1043,-0.4225,0.0456,0.0000
298,0,4,2026-06-17 14:52:29.607,0.1309,-0.0128,-0.1039,-0.4223,0.0457,0.0000
299,0,4,2026-06-17 14:52:29.619,0.1301,-0.0128,-0.1034,-0.4226,0.0447,0.0000
300,0,4,2026-06-17 14:52:29.641,0.1295,-0.0128,-0.1030,-0.4229,0.0434,0.0000
301,0,4,2026-06-17 14:52:29.652,0.1292,-0.0128,-0.1028,-0.4232,0.0423,0.0000
302,0,4,2026-06-17 14:52:29.675,0.1286,-0.0127,-0.1022,-0.4235,0.0414,0.0000
303,0,4,2026-06-17 14:52:29.684,0.1284,-0.0129,-0.1020,-0.4234,0.0415,0.0000
304,0,4,2026-06-17 14:52:29.707,0.1278,-0.0134,-0.1016,-0.4244,0.0384,0.0000
305,0,4,2026-06-17 14:52:29.719,0.1275,-0.0136,-0.1014,-0.4248,0.0371,0.0000
306,0,4,2026-06-17 14:52:29.741,0.1269,-0.0138,-0.1008,-0.4257,0.0343,0.0000
307,0,4,2026-06-17 14:52:29.751,0.1266,-0.0137,-0.1005,-0.4257,0.0338,0.0000
308,0,4,2026-06-17 14:52:29.775,0.1260,-0.0134,-0.1000,-0.4258,0.0338,0.0000
309,0,4,2026-06-17 14:52:29.786,0.1257,-0.0133,-0.0998,-0.4257,0.0340,0.0000
310,0,4,2026-06-17 14:52:29.807,0.1252,-0.0131,-0.0995,-0.4254,0.0344,0.0000
311,0,4,2026-06-17 14:52:29.819,0.1250,-0.0130,-0.0994,-0.4252,0.0348,0.0000
312,0,4,2026-06-17 14:52:29.841,0.1244,-0.0126,-0.0992,-0.4245,0.0364,0.0000
313,0,4,2026-06-17 14:52:29.852,0.1242,-0.0125,-0.0991,-0.4244,0.0372,0.0000
314,0,4,2026-06-17 14:52:29.873,0.1238,-0.0123,-0.0992,-0.4235,0.0389,0.0000
315,0,4,2026-06-17 14:52:29.886,0.1237,-0.0122,-0.0992,-0.4234,0.0393,0.0000
316,0,4,2026-06-17 14:52:29.908,0.1234,-0.0121,-0.0993,-0.4229,0.0406,0.0000
317,0,4,2026-06-17 14:52:29.918,0.1231,-0.0119,-0.0992,-0.4226,0.0415,0.0000
318,0,4,2026-06-17 14:52:29.941,0.1229,-0.0118,-0.0993,-0.4218,0.0442,0.0000
319,0,4,2026-06-17 14:52:29.951,0.1228,-0.0117,-0.0994,-0.4212,0.0454,0.0000
320,0,4,2026-06-17 14:52:29.974,0.1227,-0.0115,-0.0997,-0.4208,0.0467,0.0000
321,0,4,2026-06-17 14:52:29.984,0.1226,-0.0115,-0.0998,-0.4206,0.0470,0.0000
322,0,4,2026-06-17 14:52:30.008,0.1228,-0.0114,-0.1001,-0.4201,0.0485,0.0000
323,0,4,2026-06-17 14:52:30.018,0.1228,-0.0113,-0.1003,-0.4198,0.0495,0.0000
324,0,4,2026-06-17 14:52:30.041,0.1229,-0.0110,-0.1006,-0.4188,0.0518,0.0000
325,0,4,2026-06-17 14:52:30.052,0.1229,-0.0108,-0.1007,-0.4183,0.0528,0.0000
326,0,4,2026-06-17 14:52:30.074,0.1231,-0.0103,-0.1010,-0.4173,0.0550,0.0000
327,0,4,2026-06-17 14:52:30.085,0.1232,-0.0100,-0.1011,-0.4166,0.0564,0.0000
328,0,4,2026-06-17 14:52:30.107,0.1235,-0.0094,-0.1013,-0.4153,0.0590,0.0000
329,0,4,2026-06-17 14:52:30.119,0.1237,-0.0090,-0.1014,-0.4147,0.0599,0.0000
330,0,4,2026-06-17 14:52:30.141,0.1239,-0.0083,-0.1016,-0.4131,0.0625,0.0000
331,0,4,2026-06-17 14:52:30.152,0.1240,-0.0080,-0.1018,-0.4124,0.0639,0.0000
332,0,4,2026-06-17 14:52:30.179,0.1244,-0.0073,-0.1021,-0.4108,0.0667,0.0000
333,0,4,2026-06-17 14:52:30.186,0.1246,-0.0068,-0.1022,-0.4097,0.0683,0.0000
334,0,4,2026-06-17 14:52:30.208,0.1250,-0.0059,-0.1026,-0.4076,0.0716,0.0000
335,0,4,2026-06-17 14:52:30.219,0.1252,-0.0056,-0.1028,-0.4067,0.0728,0.0000
336,0,4,2026-06-17 14:52:30.241,0.1256,-0.0048,-0.1031,-0.4048,0.0755,0.0000
337,0,4,2026-06-17 14:52:30.251,0.1258,-0.0044,-0.1032,-0.4037,0.0771,0.0000
338,0,4,2026-06-17 14:52:30.274,0.1262,-0.0036,-0.1035,-0.4013,0.0805,0.0000
339,0,4,2026-06-17 14:52:30.286,0.1264,-0.0033,-0.1036,-0.4004,0.0817,0.0000
340,0,4,2026-06-17 14:52:30.306,0.1267,-0.0029,-0.1039,-0.3993,0.0831,0.0000
341,0,4,2026-06-17 14:52:30.319,0.1269,-0.0028,-0.1040,-0.3991,0.0832,0.0000
342,0,4,2026-06-17 14:52:30.341,0.1272,-0.0027,-0.1042,-0.3992,0.0827,0.0000
343,0,4,2026-06-17 14:52:30.352,0.1273,-0.0026,-0.1044,-0.3996,0.0821,0.0000
344,0,4,2026-06-17 14:52:30.373,0.1277,-0.0024,-0.1046,-0.3997,0.0816,0.0000
345,0,5,2026-06-17 14:52:30.385,0.1279,-0.0023,-0.1047,-0.3997,0.0816,0.0000
346,0,5,2026-06-17 14:52:30.406,0.1282,-0.0019,-0.1050,-0.3992,0.0817,0.0000
347,0,5,2026-06-17 14:52:30.419,0.1284,-0.0018,-0.1051,-0.3990,0.0819,0.0000
348,0,5,2026-06-17 14:52:30.441,0.1289,-0.0016,-0.1055,-0.3985,0.0819,0.0000
349,0,5,2026-06-17 14:52:30.452,0.1292,-0.0013,-0.1057,-0.3985,0.0818,0.0000
350,0,5,2026-06-17 14:52:30.474,0.1297,-0.0008,-0.1059,-0.3972,0.0832,0.0000
351,0,5,2026-06-17 14:52:30.485,0.1301,-0.0004,-0.1061,-0.3962,0.0847,0.0000
352,0,5,2026-06-17 14:52:30.508,0.1307,0.0002,-0.1064,-0.3942,0.0868,0.0000
353,0,5,2026-06-17 14:52:30.519,0.1311,0.0005,-0.1066,-0.3932,0.0878,0.0000
354,0,5,2026-06-17 14:52:30.541,0.1320,0.0014,-0.1072,-0.3914,0.0896,0.0000
355,0,5,2026-06-17 14:52:30.552,0.1325,0.0019,-0.1074,-0.3899,0.0913,0.0000
356,0,5,2026-06-17 14:52:30.574,0.1335,0.0029,-0.1079,-0.3861,0.0952,0.0000
357,0,5,2026-06-17 14:52:30.584,0.1341,0.0034,-0.1082,-0.3844,0.0971,0.0000
358,0,5,2026-06-17 14:52:30.608,0.1353,0.0042,-0.1088,-0.3807,0.1009,0.0000
359,0,5,2026-06-17 14:52:30.619,0.1360,0.0047,-0.1091,-0.3788,0.1028,0.0000
360,0,5,2026-06-17 14:52:30.641,0.1373,0.0057,-0.1097,-0.3749,0.1064,0.0000
361,0,5,2026-06-17 14:52:30.651,0.1381,0.0063,-0.1100,-0.3727,0.1085,0.0000
362,0,5,2026-06-17 14:52:30.674,0.1396,0.0074,-0.1107,-0.3680,0.1125,0.0000
363,0,5,2026-06-17 14:52:30.685,0.1404,0.0078,-0.1111,-0.3657,0.1142,0.0000
364,0,5,2026-06-17 14:52:30.708,0.1421,0.0086,-0.1118,-0.3618,0.1173,0.0000
365,0,5,2026-06-17 14:52:30.719,0.1430,0.0090,-0.1122,-0.3605,0.1180,0.0000
366,0,5,2026-06-17 14:52:30.741,0.1445,0.0101,-0.1129,-0.3565,0.1206,0.0000
367,0,5,2026-06-17 14:52:30.752,0.1454,0.0105,-0.1132,-0.3539,0.1223,0.0000
368,0,5,2026-06-17 14:52:30.773,0.1471,0.0113,-0.1141,-0.3495,0.1246,0.0000
369,0,5,2026-06-17 14:52:30.786,0.1482,0.0117,-0.1146,-0.3480,0.1255,0.0000
370,0,5,2026-06-17 14:52:30.807,0.1501,0.0126,-0.1156,-0.3447,0.1282,0.0000
371,0,5,2026-06-17 14:52:30.817,0.1510,0.0130,-0.1161,-0.3429,0.1296,0.0000
372,0,5,2026-06-17 14:52:30.841,0.1528,0.0137,-0.1171,-0.3393,0.1323,0.0000
373,0,5,2026-06-17 14:52:30.852,0.1533,0.0139,-0.1174,-0.3361,0.1351,0.0000
374,0,5,2026-06-17 14:52:30.873,0.1552,0.0147,-0.1185,-0.3331,0.1378,0.0000
375,0,5,2026-06-17 14:52:30.884,0.1560,0.0149,-0.1191,-0.3313,0.1390,0.0000
376,0,5,2026-06-17 14:52:30.907,0.1577,0.0152,-0.1201,-0.3290,0.1412,0.0000
377,0,5,2026-06-17 14:52:30.918,0.1585,0.0154,-0.1206,-0.3282,0.1419,0.0000
378,0,5,2026-06-17 14:52:30.940,0.1602,0.0159,-0.1217,-0.3262,0.1434,0.0000
379,0,5,2026-06-17 14:52:30.952,0.1611,0.0160,-0.1224,-0.3252,0.1441,0.0000
380,0,5,2026-06-17 14:52:30.973,0.1630,0.0164,-0.1235,-0.3237,0.1457,0.0000
381,0,5,2026-06-17 14:52:30.984,0.1638,0.0165,-0.1240,-0.3223,0.1466,0.0000
382,0,5,2026-06-17 14:52:31.007,0.1657,0.0172,-0.1251,-0.3192,0.1486,0.0000
383,0,5,2026-06-17 14:52:31.018,0.1666,0.0177,-0.1255,-0.3174,0.1496,0.0000
384,0,5,2026-06-17 14:52:31.040,0.1683,0.0183,-0.1264,-0.3131,0.1519,0.0000
385,0,5,2026-06-17 14:52:31.052,0.1693,0.0185,-0.1271,-0.3120,0.1519,0.0000
386,0,5,2026-06-17 14:52:31.074,0.1712,0.0188,-0.1284,-0.3099,0.1526,0.0000
387,0,5,2026-06-17 14:52:31.084,0.1721,0.0190,-0.1289,-0.3091,0.1534,0.0000
388,0,5,2026-06-17 14:52:31.107,0.1739,0.0196,-0.1303,-0.3064,0.1547,0.0000
389,0,5,2026-06-17 14:52:31.118,0.1748,0.0197,-0.1309,-0.3046,0.1553,0.0000
390,0,5,2026-06-17 14:52:31.140,0.1767,0.0203,-0.1319,-0.3007,0.1583,0.0000
391,0,5,2026-06-17 14:52:31.152,0.1778,0.0208,-0.1324,-0.2987,0.1594,0.0000
392,0,5,2026-06-17 14:52:31.173,0.1797,0.0215,-0.1338,-0.2942,0.1610,0.0000
393,0,5,2026-06-17 14:52:31.185,0.1808,0.0216,-0.1344,-0.2926,0.1615,0.0000
394,0,5,2026-06-17 14:52:31.207,0.1828,0.0221,-0.1357,-0.2894,0.1635,0.0000
395,0,5,2026-06-17 14:52:31.217,0.1838,0.0225,-0.1364,-0.2875,0.1644,0.0000
396,0,5,2026-06-17 14:52:31.240,0.1859,0.0230,-0.1377,-0.2835,0.1660,0.0000
397,0,5,2026-06-17 14:52:31.252,0.1869,0.0233,-0.1382,-0.2812,0.1673,0.0000
398,0,5,2026-06-17 14:52:31.274,0.1890,0.0237,-0.1395,-0.2770,0.1692,0.0000
399,0,5,2026-06-17 14:52:31.284,0.1900,0.0239,-0.1402,-0.2750,0.1702,0.0000
400,0,5,2026-06-17 14:52:31.307,0.1920,0.0242,-0.1415,-0.2718,0.1713,0.0000
401,0,5,2026-06-17 14:52:31.318,0.1930,0.0244,-0.1421,-0.2700,0.1718,0.0000
402,0,5,2026-06-17 14:52:31.341,0.1950,0.0248,-0.1435,-0.2667,0.1732,0.0000
403,0,5,2026-06-17 14:52:31.352,0.1960,0.0249,-0.1441,-0.2657,0.1739,0.0000
404,0,5,2026-06-17 14:52:31.373,0.1979,0.0252,-0.1452,-0.2627,0.1755,0.0000
405,0,5,2026-06-17 14:52:31.384,0.1989,0.0252,-0.1457,-0.2609,0.1765,0.0000
406,0,5,2026-06-17 14:52:31.407,0.2006,0.0257,-0.1468,-0.2569,0.1780,0.0000
407,0,5,2026-06-17 14:52:31.418,0.2015,0.0259,-0.1474,-0.2551,0.1785,0.0000
408,0,5,2026-06-17 14:52:31.440,0.2031,0.0261,-0.1485,-0.2519,0.1794,0.0000
409,0,5,2026-06-17 14:52:31.452,0.2040,0.0263,-0.1490,-0.2508,0.1798,0.0000
410,0,5,2026-06-17 14:52:31.473,0.2056,0.0267,-0.1500,-0.2478,0.1811,0.0000
411,0,5,2026-06-17 14:52:31.485,0.2064,0.0268,-0.1504,-0.2463,0.1824,0.0000
412,0,5,2026-06-17 14:52:31.506,0.2078,0.0270,-0.1513,-0.2432,0.1835,0.0000
413,0,5,2026-06-17 14:52:31.519,0.2085,0.0271,-0.1516,-0.2418,0.1843,0.0000
414,0,6,2026-06-17 14:52:31.541,0.2099,0.0272,-0.1521,-0.2394,0.1857,0.0000
415,0,6,2026-06-17 14:52:31.552,0.2105,0.0275,-0.1525,-0.2382,0.1857,0.0000
416,0,6,2026-06-17 14:52:31.574,0.2116,0.0278,-0.1529,-0.2355,0.1869,0.0000
417,0,6,2026-06-17 14:52:31.585,0.2122,0.0279,-0.1529,-0.2340,0.1877,0.0000
418,0,6,2026-06-17 14:52:31.607,0.2131,0.0281,-0.1530,-0.2313,0.1884,0.0000
419,0,6,2026-06-17 14:52:31.618,0.2136,0.0281,-0.1531,-0.2300,0.1888,0.0000
420,0,6,2026-06-17 14:52:31.640,0.2141,0.0282,-0.1533,-0.2296,0.1873,0.0000
421,0,6,2026-06-17 14:52:31.652,0.2143,0.0283,-0.1533,-0.2290,0.1872,0.0000
422,0,6,2026-06-17 14:52:31.675,0.2145,0.0284,-0.1530,-0.2280,0.1869,0.0000
423,0,6,2026-06-17 14:52:31.685,0.2146,0.0285,-0.1528,-0.2275,0.1868,0.0000
424,0,6,2026-06-17 14:52:31.707,0.2150,0.0285,-0.1528,-0.2278,0.1863,0.0000
425,0,6,2026-06-17 14:52:31.719,0.2151,0.0285,-0.1527,-0.2279,0.1858,0.0000
426,0,6,2026-06-17 14:52:31.741,0.2147,0.0283,-0.1522,-0.2302,0.1844,0.0000
427,0,6,2026-06-17 14:52:31.752,0.2144,0.0282,-0.1519,-0.2311,0.1844,0.0000
428,0,6,2026-06-17 14:52:31.773,0.2140,0.0282,-0.1514,-0.2320,0.1838,0.0000
429,0,6,2026-06-17 14:52:31.785,0.2131,0.0281,-0.1510,-0.2327,0.1833,0.0000
430,0,6,2026-06-17 14:52:31.807,0.2125,0.0280,-0.1504,-0.2344,0.1824,0.0000
431,0,6,2026-06-17 14:52:31.817,0.2121,0.0280,-0.1499,-0.2349,0.1823,0.0000
432,0,6,2026-06-17 14:52:31.841,0.2113,0.0279,-0.1492,-0.2365,0.1811,0.0000
433,0,6,2026-06-17 14:52:31.851,0.2108,0.0279,-0.1489,-0.2370,0.1803,0.0000
434,0,6,2026-06-17 14:52:31.874,0.2099,0.0283,-0.1482,-0.2369,0.1806,0.0000
435,0,6,2026-06-17 14:52:31.884,0.2096,0.0283,-0.1479,-0.2368,0.1808,0.0000
436,0,6,2026-06-17 14:52:31.907,0.2087,0.0280,-0.1471,-0.2382,0.1809,0.0000
437,0,6,2026-06-17 14:52:31.919,0.2082,0.0276,-0.1466,-0.2394,0.1808,0.0000
438,0,6,2026-06-17 14:52:31.940,0.2072,0.0273,-0.1457,-0.2429,0.1793,0.0000
439,0,6,2026-06-17 14:52:31.952,0.2067,0.0273,-0.1450,-0.2437,0.1791,0.0000
440,0,6,2026-06-17 14:52:31.974,0.2057,0.0272,-0.1440,-0.2457,0.1783,0.0000
441,0,6,2026-06-17 14:52:31.985,0.2051,0.0269,-0.1434,-0.2472,0.1773,0.0000
442,0,6,2026-06-17 14:52:32.007,0.2040,0.0261,-0.1424,-0.2513,0.1739,0.0000
443,0,6,2026-06-17 14:52:32.018,0.2035,0.0258,-0.1420,-0.2536,0.1722,0.0000
444,0,6,2026-06-17 14:52:32.040,0.2026,0.0256,-0.1409,-0.2572,0.1704,0.0000
445,0,6,2026-06-17 14:52:32.052,0.2022,0.0256,-0.1404,-0.2584,0.1698,0.0000
446,0,6,2026-06-17 14:52:32.073,0.2016,0.0253,-0.1394,-0.2612,0.1685,0.0000
447,0,6,2026-06-17 14:52:32.085,0.2013,0.0247,-0.1390,-0.2633,0.1665,0.0000
448,0,6,2026-06-17 14:52:32.106,0.2007,0.0233,-0.1383,-0.2691,0.1619,0.0000
449,0,6,2026-06-17 14:52:32.118,0.2003,0.0228,-0.1377,-0.2724,0.1597,0.0000
450,0,6,2026-06-17 14:52:32.141,0.1996,0.0224,-0.1368,-0.2771,0.1555,0.0000
451,0,6,2026-06-17 14:52:32.152,0.1993,0.0222,-0.1363,-0.2787,0.1546,0.0000
452,0,6,2026-06-17 14:52:32.173,0.1988,0.0217,-0.1354,-0.2807,0.1538,0.0000
453,0,6,2026-06-17 14:52:32.184,0.1986,0.0213,-0.1350,-0.2820,0.1529,0.0000
454,0,6,2026-06-17 14:52:32.207,0.1980,0.0205,-0.1342,-0.2851,0.1495,0.0000
455,0,6,2026-06-17 14:52:32.219,0.1978,0.0200,-0.1339,-0.2870,0.1472,0.0000
456,0,6,2026-06-17 14:52:32.240,0.1970,0.0189,-0.1333,-0.2916,0.1430,0.0000
457,0,6,2026-06-17 14:52:32.251,0.1968,0.0186,-0.1331,-0.2940,0.1413,0.0000
458,0,6,2026-06-17 14:52:32.273,0.1963,0.0180,-0.1327,-0.2975,0.1388,0.0000
459,0,6,2026-06-17 14:52:32.285,0.1961,0.0176,-0.1325,-0.2988,0.1379,0.0000
460,0,6,2026-06-17 14:52:32.308,0.1955,0.0169,-0.1321,-0.3019,0.1360,0.0000
461,0,6,2026-06-17 14:52:32.318,0.1952,0.0164,-0.1318,-0.3029,0.1349,0.0000
462,0,6,2026-06-17 14:52:32.341,0.1947,0.0157,-0.1315,-0.3055,0.1326,0.0000
463,0,6,2026-06-17 14:52:32.352,0.1944,0.0155,-0.1314,-0.3068,0.1315,0.0000
464,0,6,2026-06-17 14:52:32.373,0.1940,0.0149,-0.1312,-0.3088,0.1303,0.0000
465,0,6,2026-06-17 14:52:32.385,0.1937,0.0147,-0.1311,-0.3099,0.1294,0.0000
466,0,6,2026-06-17 14:52:32.407,0.1931,0.0143,-0.1311,-0.3114,0.1276,0.0000
467,0,6,2026-06-17 14:52:32.419,0.1928,0.0141,-0.1309,-0.3120,0.1274,0.0000
468,0,6,2026-06-17 14:52:32.441,0.1921,0.0139,-0.1306,-0.3132,0.1267,0.0000
469,0,6,2026-06-17 14:52:32.452,0.1917,0.0137,-0.1305,-0.3138,0.1263,0.0000
470,0,6,2026-06-17 14:52:32.473,0.1910,0.0132,-0.1302,-0.3159,0.1250,0.0000
471,0,6,2026-06-17 14:52:32.486,0.1905,0.0129,-0.1301,-0.3172,0.1241,0.0000
472,0,6,2026-06-17 14:52:32.506,0.1897,0.0123,-0.1301,-0.3200,0.1218,0.0000
473,0,6,2026-06-17 14:52:32.518,0.1892,0.0120,-0.1301,-0.3217,0.1207,0.0000
474,0,6,2026-06-17 14:52:32.541,0.1882,0.0114,-0.1297,-0.3247,0.1209,0.0000
475,0,6,2026-06-17 14:52:32.552,0.1877,0.0112,-0.1295,-0.3257,0.1210,0.0000
476,0,6,2026-06-17 14:52:32.575,0.1867,0.0104,-0.1293,-0.3280,0.1192,0.0000
477,0,6,2026-06-17 14:52:32.584,0.1862,0.0100,-0.1293,-0.3296,0.1180,0.0000
478,0,6,2026-06-17 14:52:32.607,0.1853,0.0096,-0.1291,-0.3325,0.1174,0.0000
479,0,6,2026-06-17 14:52:32.619,0.1847,0.0093,-0.1291,-0.3337,0.1169,0.0000
480,0,6,2026-06-17 14:52:32.640,0.1835,0.0088,-0.1289,-0.3359,0.1159,0.0000
481,0,6,2026-06-17 14:52:32.652,0.1829,0.0088,-0.1286,-0.3366,0.1161,0.0000
482,0,6,2026-06-17 14:52:32.674,0.1820,0.0086,-0.1285,-0.3378,0.1154,0.0000
483,0,7,2026-06-17 14:52:32.686,0.1815,0.0085,-0.1284,-0.3384,0.1149,0.0000
484,0,7,2026-06-17 14:52:32.708,0.1806,0.0081,-0.1282,-0.3395,0.1143,0.0000
485,0,7,2026-06-17 14:52:32.719,0.1802,0.0079,-0.1282,-0.3400,0.1141,0.0000
486,0,7,2026-06-17 14:52:32.741,0.1793,0.0077,-0.1280,-0.3411,0.1136,0.0000
487,0,7,2026-06-17 14:52:32.751,0.1789,0.0078,-0.1278,-0.3415,0.1137,0.0000
488,0,7,2026-06-17 14:52:32.775,0.1780,0.0075,-0.1276,-0.3416,0.1130,0.0000
489,0,7,2026-06-17 14:52:32.785,0.1775,0.0073,-0.1276,-0.3420,0.1122,0.0000
490,0,7,2026-06-17 14:52:32.807,0.1768,0.0070,-0.1274,-0.3430,0.1110,0.0000
491,0,7,2026-06-17 14:52:32.818,0.1765,0.0069,-0.1273,-0.3435,0.1108,0.0000
492,0,7,2026-06-17 14:52:32.841,0.1758,0.0068,-0.1270,-0.3438,0.1110,0.0000
493,0,7,2026-06-17 14:52:32.853,0.1754,0.0067,-0.1269,-0.3442,0.1105,0.0000
494,0,7,2026-06-17 14:52:32.875,0.1748,0.0066,-0.1267,-0.3443,0.1100,0.0000
495,0,7,2026-06-17 14:52:32.886,0.1744,0.0066,-0.1266,-0.3441,0.1099,0.0000
496,0,7,2026-06-17 14:52:32.908,0.1738,0.0065,-0.1264,-0.3440,0.1100,0.0000
497,0,7,2026-06-17 14:52:32.919,0.1734,0.0064,-0.1262,-0.3441,0.1100,0.0000
498,0,7,2026-06-17 14:52:32.941,0.1729,0.0060,-0.1262,-0.3456,0.1100,0.0000
499,0,7,2026-06-17 14:52:32.951,0.1725,0.0058,-0.1261,-0.3460,0.1097,0.0000
500,0,7,2026-06-17 14:52:32.973,0.1718,0.0059,-0.1262,-0.3465,0.1096,0.0000
501,0,7,2026-06-17 14:52:32.984,0.1714,0.0061,-0.1262,-0.3457,0.1109,0.0000
502,0,7,2026-06-17 14:52:33.007,0.1707,0.0059,-0.1262,-0.3454,0.1117,0.0000
503,0,7,2026-06-17 14:52:33.018,0.1704,0.0059,-0.1263,-0.3459,0.1111,0.0000
504,0,7,2026-06-17 14:52:33.041,0.1696,0.0055,-0.1263,-0.3468,0.1109,0.0000
505,0,7,2026-06-17 14:52:33.052,0.1691,0.0054,-0.1262,-0.3474,0.1109,0.0000
506,0,7,2026-06-17 14:52:33.073,0.1682,0.0050,-0.1264,-0.3495,0.1099,0.0000
507,0,7,2026-06-17 14:52:33.085,0.1678,0.0047,-0.1265,-0.3512,0.1091,0.0000
508,0,7,2026-06-17 14:52:33.107,0.1670,0.0041,-0.1265,-0.3538,0.1078,0.0000
509,0,7,2026-06-17 14:52:33.117,0.1666,0.0039,-0.1265,-0.3548,0.1072,0.0000
510,0,7,2026-06-17 14:52:33.140,0.1658,0.0036,-0.1264,-0.3549,0.1073,0.0000
511,0,7,2026-06-17 14:52:33.152,0.1655,0.0034,-0.1264,-0.3554,0.1076,0.0000
512,0,7,2026-06-17 14:52:33.174,0.1649,0.0029,-0.1265,-0.3575,0.1063,0.0000
513,0,7,2026-06-17 14:52:33.185,0.1647,0.0026,-0.1266,-0.3589,0.1048,0.0000
514,0,7,2026-06-17 14:52:33.208,0.1641,0.0026,-0.1266,-0.3594,0.1043,0.0000
515,0,7,2026-06-17 14:52:33.218,0.1639,0.0028,-0.1266,-0.3585,0.1051,0.0000
516,0,7,2026-06-17 14:52:33.240,0.1635,0.0027,-0.1268,-0.3572,0.1065,0.0000
517,0,7,2026-06-17 14:52:33.252,0.1633,0.0026,-0.1269,-0.3573,0.1060,0.0000
518,0,7,2026-06-17 14:52:33.273,0.1630,0.0023,-0.1272,-0.3585,0.1046,0.0000
519,0,7,2026-06-17 14:52:33.285,0.1628,0.0022,-0.1272,-0.3589,0.1042,0.0000
520,0,7,2026-06-17 14:52:33.306,0.1624,0.0021,-0.1273,-0.3603,0.1022,0.0000
521,0,7,2026-06-17 14:52:33.319,0.1623,0.0020,-0.1274,-0.3612,0.1012,0.0000
522,0,7,2026-06-17 14:52:33.341,0.1621,0.0018,-0.1275,-0.3625,0.1005,0.0000
523,0,7,2026-06-17 14:52:33.352,0.1620,0.0017,-0.1275,-0.3626,0.0998,0.0000
524,0,7,2026-06-17 14:52:33.373,0.1620,0.0013,-0.1276,-0.3641,0.0969,0.0000
525,0,7,2026-06-17 14:52:33.384,0.1620,0.0010,-0.1276,-0.3646,0.0938,0.0000
526,0,7,2026-06-17 14:52:33.407,0.1630,0.0001,-0.1278,-0.3678,0.0917,0.0000
527,0,7,2026-06-17 14:52:33.419,0.1634,-0.0002,-0.1280,-0.3687,0.0905,0.0000
528,0,7,2026-06-17 14:52:33.440,0.1642,-0.0007,-0.1284,-0.3701,0.0879,0.0000
529,0,7,2026-06-17 14:52:33.452,0.1648,-0.0010,-0.1289,-0.3705,0.0863,0.0000
530,0,7,2026-06-17 14:52:33.474,0.1659,-0.0018,-0.1297,-0.3716,0.0837,0.0000
531,0,7,2026-06-17 14:52:33.484,0.1667,-0.0023,-0.1304,-0.3719,0.0828,0.0000
532,0,7,2026-06-17 14:52:33.507,0.1684,-0.0029,-0.1317,-0.3735,0.0792,0.0000
533,0,7,2026-06-17 14:52:33.518,0.1691,-0.0031,-0.1323,-0.3737,0.0783,0.0000
534,0,7,2026-06-17 14:52:33.541,0.1709,-0.0029,-0.1340,-0.3730,0.0753,0.0000
535,0,7,2026-06-17 14:52:33.552,0.1720,-0.0031,-0.1350,-0.3733,0.0734,0.0000
536,0,7,2026-06-17 14:52:33.574,0.1739,-0.0041,-0.1370,-0.3725,0.0714,0.0000
537,0,7,2026-06-17 14:52:33.585,0.1749,-0.0044,-0.1380,-0.3725,0.0703,0.0000
538,0,7,2026-06-17 14:52:33.607,0.1771,-0.0049,-0.1405,-0.3723,0.0687,0.0000
539,0,7,2026-06-17 14:52:33.618,0.1780,-0.0049,-0.1419,-0.3714,0.0682,0.0000
540,0,7,2026-06-17 14:52:33.641,0.1802,-0.0048,-0.1446,-0.3690,0.0684,0.0000
541,0,7,2026-06-17 14:52:33.651,0.1812,-0.0046,-0.1461,-0.3675,0.0690,0.0000
542,0,7,2026-06-17 14:52:33.673,0.1830,-0.0039,-0.1490,-0.3634,0.0703,0.0000
543,0,7,2026-06-17 14:52:33.685,0.1837,-0.0034,-0.1504,-0.3609,0.0722,0.0000
544,0,7,2026-06-17 14:52:33.708,0.1850,-0.0024,-0.1534,-0.3571,0.0744,0.0000
545,0,7,2026-06-17 14:52:33.718,0.1855,-0.0018,-0.1549,-0.3548,0.0770,0.0000
546,0,7,2026-06-17 14:52:33.740,0.1863,-0.0007,-0.1575,-0.3494,0.0822,0.0000
547,0,7,2026-06-17 14:52:33.751,0.1867,0.0000,-0.1588,-0.3463,0.0848,0.0000
548,0,7,2026-06-17 14:52:33.773,0.1869,0.0007,-0.1614,-0.3408,0.0900,0.0000
549,0,7,2026-06-17 14:52:33.786,0.1871,0.0008,-0.1630,-0.3398,0.0917,0.0000
550,0,7,2026-06-17 14:52:33.807,0.1871,0.0013,-0.1654,-0.3379,0.0956,0.0000
551,0,7,2026-06-17 14:52:33.819,0.1869,0.0017,-0.1662,-0.3362,0.0986,0.0000
552,0,8,2026-06-17 14:52:33.841,0.1867,0.0030,-0.1676,-0.3323,0.1037,0.0000
553,0,8,2026-06-17 14:52:33.852,0.1864,0.0033,-0.1684,-0.3306,0.1056,0.0000
554,0,8,2026-06-17 14:52:33.874,0.1860,0.0040,-0.1700,-0.3280,0.1092,0.0000
555,0,8,2026-06-17 14:52:33.884,0.1857,0.0044,-0.1707,-0.3258,0.1115,0.0000
556,0,8,2026-06-17 14:52:33.907,0.1854,0.0046,-0.1723,-0.3227,0.1151,0.0000
557,0,8,2026-06-17 14:52:33.918,0.1850,0.0047,-0.1729,-0.3222,0.1159,0.0000
558,0,8,2026-06-17 14:52:33.941,0.1848,0.0052,-0.1742,-0.3206,0.1189,0.0000
559,0,8,2026-06-17 14:52:33.952,0.1846,0.0055,-0.1747,-0.3193,0.1204,0.0000
560,0,8,2026-06-17 14:52:33.974,0.1842,0.0054,-0.1754,-0.3177,0.1222,0.0000
561,0,8,2026-06-17 14:52:33.986,0.1840,0.0052,-0.1759,-0.3172,0.1224,0.0000
562,0,8,2026-06-17 14:52:34.007,0.1837,0.0060,-0.1763,-0.3186,0.1231,0.0000
563,0,8,2026-06-17 14:52:34.018,0.1836,0.0063,-0.1764,-0.3183,0.1240,0.0000
564,0,8,2026-06-17 14:52:34.041,0.1836,0.0061,-0.1768,-0.3189,0.1245,0.0000
565,0,8,2026-06-17 14:52:34.052,0.1834,0.0055,-0.1770,-0.3190,0.1238,0.0000
566,0,8,2026-06-17 14:52:34.075,0.1836,0.0038,-0.1770,-0.3224,0.1226,0.0000
567,0,8,2026-06-17 14:52:34.085,0.1835,0.0032,-0.1770,-0.3239,0.1218,0.0000
568,0,8,2026-06-17 14:52:34.107,0.1837,0.0023,-0.1772,-0.3261,0.1195,0.0000
569,0,8,2026-06-17 14:52:34.119,0.1837,0.0018,-0.1770,-0.3267,0.1192,0.0000
570,0,8,2026-06-17 14:52:34.141,0.1842,0.0011,-0.1766,-0.3287,0.1188,0.0000
571,0,8,2026-06-17 14:52:34.152,0.1845,0.0005,-0.1766,-0.3305,0.1176,0.0000
572,0,8,2026-06-17 14:52:34.175,0.1853,-0.0005,-0.1768,-0.3375,0.1124,0.0000
573,0,8,2026-06-17 14:52:34.186,0.1856,-0.0005,-0.1768,-0.3391,0.1110,0.0000
574,0,8,2026-06-17 14:52:34.207,0.1865,-0.0002,-0.1766,-0.3403,0.1104,0.0000
575,0,8,2026-06-17 14:52:34.218,0.1869,-0.0001,-0.1766,-0.3400,0.1114,0.0000
576,0,8,2026-06-17 14:52:34.241,0.1879,0.0000,-0.1767,-0.3389,0.1106,0.0000
577,0,8,2026-06-17 14:52:34.252,0.1883,0.0000,-0.1765,-0.3394,0.1106,0.0000
578,0,8,2026-06-17 14:52:34.275,0.1896,0.0001,-0.1760,-0.3414,0.1111,0.0000
579,0,8,2026-06-17 14:52:34.285,0.1905,-0.0002,-0.1759,-0.3437,0.1107,0.0000
580,0,8,2026-06-17 14:52:34.308,0.1915,-0.0004,-0.1753,-0.3474,0.1100,0.0000
581,0,8,2026-06-17 14:52:34.319,0.1914,-0.0006,-0.1750,-0.3485,0.1089,0.0000
582,0,8,2026-06-17 14:52:34.341,0.1923,-0.0006,-0.1739,-0.3515,0.1092,0.0000
583,0,8,2026-06-17 14:52:34.352,0.1920,-0.0001,-0.1735,-0.3530,0.1099,0.0000
584,0,8,2026-06-17 14:52:34.374,0.1925,0.0002,-0.1748,-0.3479,0.1092,0.0000
585,0,8,2026-06-17 14:52:34.386,0.1940,0.0002,-0.1738,-0.3515,0.1083,0.0000
586,0,8,2026-06-17 14:52:34.407,0.1947,-0.0016,-0.1719,-0.3519,0.1136,0.0000
587,0,8,2026-06-17 14:52:34.419,0.1950,-0.0025,-0.1720,-0.3558,0.1090,0.0000
588,0,8,2026-06-17 14:52:34.441,0.1954,-0.0037,-0.1709,-0.3622,0.1035,0.0000
589,0,8,2026-06-17 14:52:34.452,0.1957,-0.0039,-0.1704,-0.3629,0.1039,0.0000
590,0,8,2026-06-17 14:52:34.474,0.1962,-0.0045,-0.1696,-0.3635,0.1050,0.0000
591,0,8,2026-06-17 14:52:34.486,0.1965,-0.0047,-0.1691,-0.3639,0.1053,0.0000
592,0,8,2026-06-17 14:52:34.507,0.1968,-0.0052,-0.1676,-0.3608,0.1090,0.0000
593,0,8,2026-06-17 14:52:34.519,0.1970,-0.0052,-0.1669,-0.3603,0.1096,0.0000
594,0,8,2026-06-17 14:52:34.542,0.1973,-0.0054,-0.1655,-0.3593,0.1105,0.0000
595,0,8,2026-06-17 14:52:34.552,0.1975,-0.0058,-0.1647,-0.3593,0.1106,0.0000
596,0,8,2026-06-17 14:52:34.574,0.1977,-0.0068,-0.1637,-0.3626,0.1074,0.0000
597,0,8,2026-06-17 14:52:34.585,0.1980,-0.0074,-0.1632,-0.3657,0.1048,0.0000
598,0,8,2026-06-17 14:52:34.608,0.1983,-0.0084,-0.1621,-0.3702,0.1007,0.0000
599,0,8,2026-06-17 14:52:34.620,0.1985,-0.0087,-0.1616,-0.3725,0.0986,0.0000
600,0,8,2026-06-17 14:52:34.641,0.1989,-0.0094,-0.1606,-0.3772,0.0940,0.0000
601,0,8,2026-06-17 14:52:34.653,0.1991,-0.0098,-0.1600,-0.3795,0.0919,0.0000
602,0,8,2026-06-17 14:52:34.675,0.1995,-0.0104,-0.1590,-0.3840,0.0872,0.0000
603,0,8,2026-06-17 14:52:34.686,0.1997,-0.0106,-0.1586,-0.3859,0.0849,0.0000
604,0,8,2026-06-17 14:52:34.708,0.2001,-0.0108,-0.1576,-0.3883,0.0815,0.0000
605,0,8,2026-06-17 14:52:34.719,0.2003,-0.0107,-0.1571,-0.3882,0.0813,0.0000
606,0,8,2026-06-17 14:52:34.742,0.2005,-0.0105,-0.1561,-0.3867,0.0819,0.0000
607,0,8,2026-06-17 14:52:34.752,0.2007,-0.0105,-0.1557,-0.3862,0.0820,0.0000
608,0,8,2026-06-17 14:52:34.774,0.2010,-0.0105,-0.1552,-0.3848,0.0826,0.0000
609,0,8,2026-06-17 14:52:34.786,0.2011,-0.0105,-0.1548,-0.3848,0.0826,0.0000
610,0,8,2026-06-17 14:52:34.807,0.2012,-0.0109,-0.1544,-0.3854,0.0824,0.0000
611,0,8,2026-06-17 14:52:34.819,0.2013,-0.0111,-0.1540,-0.3859,0.0825,0.0000
612,0,8,2026-06-17 14:52:34.842,0.2011,-0.0109,-0.1533,-0.3865,0.0832,0.0000
613,0,8,2026-06-17 14:52:34.853,0.2011,-0.0113,-0.1532,-0.3872,0.0831,0.0000
614,0,8,2026-06-17 14:52:34.874,0.2010,-0.0121,-0.1532,-0.3910,0.0801,0.0000
615,0,8,2026-06-17 14:52:34.886,0.2009,-0.0124,-0.1531,-0.3925,0.0791,0.0000
616,0,8,2026-06-17 14:52:34.908,0.2007,-0.0130,-0.1530,-0.3941,0.0788,0.0000
617,0,8,2026-06-17 14:52:34.919,0.2006,-0.0133,-0.1530,-0.3949,0.0786,0.0000
618,0,8,2026-06-17 14:52:34.942,0.2003,-0.0143,-0.1531,-0.3975,0.0757,0.0000
619,0,8,2026-06-17 14:52:34.952,0.2001,-0.0146,-0.1533,-0.3991,0.0740,0.0000
620,0,8,2026-06-17 14:52:34.974,0.2000,-0.0155,-0.1537,-0.4020,0.0710,0.0000
621,0,9,2026-06-17 14:52:34.986,0.1999,-0.0160,-0.1540,-0.4037,0.0689,0.0000
622,0,9,2026-06-17 14:52:35.008,0.1995,-0.0168,-0.1545,-0.4063,0.0658,0.0000
623,0,9,2026-06-17 14:52:35.019,0.1991,-0.0172,-0.1548,-0.4071,0.0650,0.0000
624,0,9,2026-06-17 14:52:35.041,0.1987,-0.0179,-0.1552,-0.4090,0.0635,0.0000
625,0,9,2026-06-17 14:52:35.052,0.1984,-0.0184,-0.1554,-0.4095,0.0637,0.0000
626,0,9,2026-06-17 14:52:35.074,0.1982,-0.0187,-0.1562,-0.4112,0.0627,0.0000
627,0,9,2026-06-17 14:52:35.086,0.1980,-0.0185,-0.1563,-0.4112,0.0638,0.0000
628,0,9,2026-06-17 14:52:35.107,0.1974,-0.0179,-0.1569,-0.4097,0.0669,0.0000
629,0,9,2026-06-17 14:52:35.119,0.1971,-0.0178,-0.1572,-0.4083,0.0693,0.0000
630,0,9,2026-06-17 14:52:35.141,0.1968,-0.0176,-0.1578,-0.4065,0.0726,0.0000
631,0,9,2026-06-17 14:52:35.152,0.1966,-0.0176,-0.1582,-0.4060,0.0736,0.0000
632,0,9,2026-06-17 14:52:35.175,0.1964,-0.0176,-0.1590,-0.4056,0.0747,0.0000
633,0,9,2026-06-17 14:52:35.185,0.1963,-0.0176,-0.1594,-0.4055,0.0753,0.0000
634,0,9,2026-06-17 14:52:35.208,0.1960,-0.0176,-0.1601,-0.4052,0.0766,0.0000
635,0,9,2026-06-17 14:52:35.219,0.1958,-0.0178,-0.1604,-0.4047,0.0780,0.0000
636,0,9,2026-06-17 14:52:35.242,0.1954,-0.0176,-0.1611,-0.4049,0.0782,0.0000
637,0,9,2026-06-17 14:52:35.253,0.1952,-0.0176,-0.1614,-0.4046,0.0793,0.0000
638,0,9,2026-06-17 14:52:35.275,0.1948,-0.0177,-0.1621,-0.4045,0.0801,0.0000
639,0,9,2026-06-17 14:52:35.286,0.1946,-0.0178,-0.1623,-0.4044,0.0810,0.0000
640,0,9,2026-06-17 14:52:35.309,0.1942,-0.0178,-0.1630,-0.4046,0.0814,0.0000
641,0,9,2026-06-17 14:52:35.319,0.1938,-0.0178,-0.1633,-0.4047,0.0816,0.0000
642,0,9,2026-06-17 14:52:35.341,0.1931,-0.0179,-0.1638,-0.4044,0.0827,0.0000
643,0,9,2026-06-17 14:52:35.352,0.1928,-0.0179,-0.1640,-0.4042,0.0833,0.0000
644,0,9,2026-06-17 14:52:35.375,0.1922,-0.0183,-0.1646,-0.4041,0.0842,0.0000
645,0,9,2026-06-17 14:52:35.386,0.1919,-0.0184,-0.1649,-0.4041,0.0843,0.0000
646,0,9,2026-06-17 14:52:35.407,0.1913,-0.0184,-0.1655,-0.4044,0.0849,0.0000
647,0,9,2026-06-17 14:52:35.419,0.1910,-0.0183,-0.1657,-0.4042,0.0857,0.0000
648,0,9,2026-06-17 14:52:35.442,0.1903,-0.0183,-0.1663,-0.4035,0.0870,0.0000
649,0,9,2026-06-17 14:52:35.452,0.1900,-0.0184,-0.1666,-0.4034,0.0874,0.0000
650,0,9,2026-06-17 14:52:35.475,0.1895,-0.0187,-0.1672,-0.4037,0.0873,0.0000
651,0,9,2026-06-17 14:52:35.486,0.1893,-0.0188,-0.1675,-0.4038,0.0873,0.0000
652,0,9,2026-06-17 14:52:35.508,0.1888,-0.0191,-0.1680,-0.4041,0.0868,0.0000
653,0,9,2026-06-17 14:52:35.519,0.1885,-0.0191,-0.1683,-0.4044,0.0865,0.0000
654,0,9,2026-06-17 14:52:35.542,0.1879,-0.0193,-0.1688,-0.4049,0.0860,0.0000
655,0,9,2026-06-17 14:52:35.553,0.1877,-0.0194,-0.1690,-0.4051,0.0858,0.0000
656,0,9,2026-06-17 14:52:35.575,0.1873,-0.0196,-0.1695,-0.4057,0.0851,0.0000
657,0,9,2026-06-17 14:52:35.586,0.1870,-0.0198,-0.1698,-0.4059,0.0848,0.0000
658,0,9,2026-06-17 14:52:35.608,0.1865,-0.0198,-0.1701,-0.4062,0.0842,0.0000
659,0,9,2026-06-17 14:52:35.620,0.1862,-0.0198,-0.1702,-0.4063,0.0841,0.0000
660,0,9,2026-06-17 14:52:35.642,0.1857,-0.0201,-0.1705,-0.4066,0.0834,0.0000
661,0,9,2026-06-17 14:52:35.652,0.1855,-0.0203,-0.1707,-0.4072,0.0826,0.0000
662,0,9,2026-06-17 14:52:35.675,0.1851,-0.0206,-0.1710,-0.4084,0.0803,0.0000
663,0,9,2026-06-17 14:52:35.686,0.1849,-0.0207,-0.1711,-0.4089,0.0794,0.0000
664,0,9,2026-06-17 14:52:35.709,0.1845,-0.0211,-0.1713,-0.4098,0.0775,0.0000
665,0,9,2026-06-17 14:52:35.719,0.1842,-0.0213,-0.1714,-0.4103,0.0764,0.0000
666,0,9,2026-06-17 14:52:35.742,0.1839,-0.0218,-0.1716,-0.4119,0.0730,0.0000
667,0,9,2026-06-17 14:52:35.753,0.1837,-0.0219,-0.1717,-0.4126,0.0714,0.0000
668,0,9,2026-06-17 14:52:35.775,0.1833,-0.0222,-0.1718,-0.4137,0.0691,0.0000
669,0,9,2026-06-17 14:52:35.785,0.1832,-0.0223,-0.1719,-0.4140,0.0681,0.0000
670,0,9,2026-06-17 14:52:35.808,0.1828,-0.0226,-0.1720,-0.4147,0.0666,0.0000
671,0,9,2026-06-17 14:52:35.820,0.1826,-0.0227,-0.1722,-0.4151,0.0656,0.0000
672,0,9,2026-06-17 14:52:35.841,0.1824,-0.0227,-0.1722,-0.4155,0.0648,0.0000
673,0,9,2026-06-17 14:52:35.853,0.1822,-0.0229,-0.1723,-0.4155,0.0647,0.0000
674,0,9,2026-06-17 14:52:35.875,0.1819,-0.0229,-0.1724,-0.4153,0.0653,0.0000
675,0,9,2026-06-17 14:52:35.885,0.1818,-0.0227,-0.1725,-0.4150,0.0658,0.0000
676,0,9,2026-06-17 14:52:35.909,0.1816,-0.0224,-0.1726,-0.4140,0.0681,0.0000
677,0,9,2026-06-17 14:52:35.919,0.1816,-0.0221,-0.1727,-0.4135,0.0692,0.0000
678,0,9,2026-06-17 14:52:35.942,0.1815,-0.0217,-0.1728,-0.4126,0.0713,0.0000
679,0,9,2026-06-17 14:52:35.953,0.1815,-0.0215,-0.1728,-0.4122,0.0722,0.0000
680,0,9,2026-06-17 14:52:35.975,0.1816,-0.0213,-0.1729,-0.4117,0.0732,0.0000
681,0,9,2026-06-17 14:52:35.986,0.1817,-0.0212,-0.1730,-0.4116,0.0732,0.0000
682,0,9,2026-06-17 14:52:36.008,0.1820,-0.0210,-0.1731,-0.4112,0.0740,0.0000
683,0,9,2026-06-17 14:52:36.020,0.1822,-0.0209,-0.1731,-0.4110,0.0743,0.0000
684,0,9,2026-06-17 14:52:36.042,0.1825,-0.0207,-0.1732,-0.4107,0.0750,0.0000
685,0,9,2026-06-17 14:52:36.053,0.1827,-0.0207,-0.1733,-0.4105,0.0753,0.0000
686,0,9,2026-06-17 14:52:36.075,0.1831,-0.0206,-0.1734,-0.4104,0.0755,0.0000
687,0,9,2026-06-17 14:52:36.085,0.1834,-0.0207,-0.1734,-0.4103,0.0756,0.0000
688,0,9,2026-06-17 14:52:36.109,0.1838,-0.0206,-0.1735,-0.4103,0.0757,0.0000
689,0,9,2026-06-17 14:52:36.119,0.1839,-0.0207,-0.1735,-0.4097,0.0770,0.0000
690,1,0,2026-06-17 14:52:36.131,0.1841,-0.0207,-0.1734,-0.4101,0.0763,0.0000
691,1,0,2026-06-17 14:52:36.153,0.1845,-0.0208,-0.1736,-0.4103,0.0758,0.0000
692,1,0,2026-06-17 14:52:36.176,0.1849,-0.0207,-0.1737,-0.4101,0.0760,0.0000
693,1,0,2026-06-17 14:52:36.187,0.1850,-0.0206,-0.1738,-0.4098,0.0767,0.0000
694,1,0,2026-06-17 14:52:36.209,0.1853,-0.0204,-0.1738,-0.4095,0.0771,0.0000
695,1,0,2026-06-17 14:52:36.220,0.1855,-0.0204,-0.1739,-0.4095,0.0771,0.0000
696,1,0,2026-06-17 14:52:36.242,0.1858,-0.0203,-0.1740,-0.4094,0.0772,0.0000
697,1,0,2026-06-17 14:52:36.253,0.1859,-0.0203,-0.1740,-0.4094,0.0772,0.0000
698,1,0,2026-06-17 14:52:36.275,0.1861,-0.0202,-0.1742,-0.4093,0.0771,0.0000
699,1,0,2026-06-17 14:52:36.286,0.1863,-0.0202,-0.1742,-0.4089,0.0781,0.0000
700,1,0,2026-06-17 14:52:36.308,0.1865,-0.0200,-0.1742,-0.4089,0.0781,0.0000
701,1,0,2026-06-17 14:52:36.319,0.1866,-0.0199,-0.1741,-0.4083,0.0792,0.0000
702,1,0,2026-06-17 14:52:36.341,0.1868,-0.0198,-0.1741,-0.4085,0.0782,0.0000
703,1,0,2026-06-17 14:52:36.353,0.1868,-0.0197,-0.1741,-0.4085,0.0783,0.0000
704,1,0,2026-06-17 14:52:36.374,0.1870,-0.0197,-0.1741,-0.4085,0.0779,0.0000
705,1,0,2026-06-17 14:52:36.386,0.1870,-0.0196,-0.1741,-0.4085,0.0778,0.0000
706,1,0,2026-06-17 14:52:36.409,0.1871,-0.0195,-0.1740,-0.4084,0.0778,0.0000
707,1,0,2026-06-17 14:52:36.420,0.1872,-0.0195,-0.1739,-0.4083,0.0779,0.0000
708,1,0,2026-06-17 14:52:36.441,0.1872,-0.0194,-0.1738,-0.4082,0.0780,0.0000
709,1,0,2026-06-17 14:52:36.453,0.1873,-0.0194,-0.1738,-0.4083,0.0776,0.0000
710,1,0,2026-06-17 14:52:36.474,0.1873,-0.0195,-0.1736,-0.4083,0.0775,0.0000
711,1,0,2026-06-17 14:52:36.486,0.1873,-0.0195,-0.1736,-0.4082,0.0774,0.0000
712,1,0,2026-06-17 14:52:36.508,0.1874,-0.0195,-0.1734,-0.4084,0.0770,0.0000
713,1,0,2026-06-17 14:52:36.518,0.1873,-0.0195,-0.1734,-0.4085,0.0764,0.0000
714,1,0,2026-06-17 14:52:36.542,0.1873,-0.0196,-0.1732,-0.4090,0.0756,0.0000
715,1,0,2026-06-17 14:52:36.552,0.1874,-0.0197,-0.1732,-0.4094,0.0748,0.0000
716,1,0,2026-06-17 14:52:36.574,0.1874,-0.0199,-0.1731,-0.4100,0.0737,0.0000
717,1,0,2026-06-17 14:52:36.586,0.1875,-0.0200,-0.1731,-0.4102,0.0733,0.0000
718,1,0,2026-06-17 14:52:36.607,0.1875,-0.0200,-0.1730,-0.4102,0.0730,0.0000
719,1,0,2026-06-17 14:52:36.619,0.1875,-0.0200,-0.1729,-0.4101,0.0731,0.0000
720,1,0,2026-06-17 14:52:36.641,0.1876,-0.0200,-0.1729,-0.4100,0.0731,0.0000
721,1,0,2026-06-17 14:52:36.653,0.1876,-0.0200,-0.1728,-0.4101,0.0732,0.0000
722,1,0,2026-06-17 14:52:36.675,0.1877,-0.0199,-0.1728,-0.4097,0.0735,0.0000
723,1,0,2026-06-17 14:52:36.686,0.1878,-0.0198,-0.1728,-0.4095,0.0737,0.0000
724,1,0,2026-06-17 14:52:36.709,0.1879,-0.0194,-0.1727,-0.4086,0.0753,0.0000
725,1,0,2026-06-17 14:52:36.719,0.1879,-0.0193,-0.1727,-0.4082,0.0758,0.0000
726,1,0,2026-06-17 14:52:36.742,0.1881,-0.0192,-0.1726,-0.4079,0.0760,0.0000
727,1,0,2026-06-17 14:52:36.752,0.1881,-0.0191,-0.1726,-0.4079,0.0758,0.0000
728,1,0,2026-06-17 14:52:36.775,0.1884,-0.0190,-0.1725,-0.4080,0.0751,0.0000
729,1,0,2026-06-17 14:52:36.786,0.1885,-0.0190,-0.1724,-0.4079,0.0751,0.0000
730,1,0,2026-06-17 14:52:36.809,0.1887,-0.0189,-0.1723,-0.4076,0.0752,0.0000
731,1,0,2026-06-17 14:52:36.820,0.1888,-0.0189,-0.1722,-0.4076,0.0752,0.0000
732,1,0,2026-06-17 14:52:36.842,0.1891,-0.0190,-0.1721,-0.4078,0.0745,0.0000
733,1,0,2026-06-17 14:52:36.853,0.1892,-0.0190,-0.1720,-0.4080,0.0743,0.0000
734,1,0,2026-06-17 14:52:36.875,0.1894,-0.0190,-0.1719,-0.4081,0.0737,0.0000
735,1,0,2026-06-17 14:52:36.885,0.1895,-0.0190,-0.1718,-0.4080,0.0738,0.0000
736,1,0,2026-06-17 14:52:36.908,0.1896,-0.0190,-0.1717,-0.4077,0.0737,0.0000
737,1,0,2026-06-17 14:52:36.919,0.1896,-0.0189,-0.1716,-0.4077,0.0737,0.0000
738,1,0,2026-06-17 14:52:36.942,0.1898,-0.0189,-0.1715,-0.4078,0.0732,0.0000
739,1,0,2026-06-17 14:52:36.953,0.1898,-0.0189,-0.1714,-0.4079,0.0729,0.0000
740,1,0,2026-06-17 14:52:36.975,0.1899,-0.0189,-0.1713,-0.4082,0.0722,0.0000
741,1,0,2026-06-17 14:52:36.985,0.1900,-0.0190,-0.1713,-0.4084,0.0718,0.0000
742,1,0,2026-06-17 14:52:37.007,0.1901,-0.0190,-0.1711,-0.4086,0.0712,0.0000
743,1,0,2026-06-17 14:52:37.019,0.1901,-0.0191,-0.1710,-0.4087,0.0709,0.0000
744,1,0,2026-06-17 14:52:37.041,0.1902,-0.0192,-0.1708,-0.4091,0.0702,0.0000
745,1,0,2026-06-17 14:52:37.052,0.1902,-0.0192,-0.1707,-0.4091,0.0700,0.0000
746,1,0,2026-06-17 14:52:37.075,0.1902,-0.0192,-0.1705,-0.4092,0.0695,0.0000
747,1,0,2026-06-17 14:52:37.086,0.1902,-0.0192,-0.1704,-0.4093,0.0689,0.0000
748,1,0,2026-06-17 14:52:37.107,0.1902,-0.0192,-0.1702,-0.4098,0.0678,0.0000
749,1,0,2026-06-17 14:52:37.119,0.1903,-0.0193,-0.1701,-0.4101,0.0672,0.0000
750,1,0,2026-06-17 14:52:37.141,0.1903,-0.0194,-0.1699,-0.4107,0.0660,0.0000
751,1,0,2026-06-17 14:52:37.153,0.1904,-0.0194,-0.1698,-0.4109,0.0655,0.0000
752,1,0,2026-06-17 14:52:37.175,0.1904,-0.0196,-0.1696,-0.4114,0.0642,0.0000
753,1,0,2026-06-17 14:52:37.186,0.1904,-0.0197,-0.1695,-0.4117,0.0636,0.0000
754,1,0,2026-06-17 14:52:37.207,0.1905,-0.0198,-0.1693,-0.4121,0.0625,0.0000
755,1,0,2026-06-17 14:52:37.219,0.1905,-0.0199,-0.1691,-0.4121,0.0623,0.0000
756,1,0,2026-06-17 14:52:37.242,0.1905,-0.0199,-0.1688,-0.4124,0.0615,0.0000
757,1,0,2026-06-17 14:52:37.252,0.1905,-0.0200,-0.1687,-0.4125,0.0610,0.0000
758,1,0,2026-06-17 14:52:37.275,0.1906,-0.0201,-0.1684,-0.4128,0.0604,0.0000
759,1,1,2026-06-17 14:52:37.286,0.1906,-0.0201,-0.1683,-0.4128,0.0603,0.0000
760,1,1,2026-06-17 14:52:37.308,0.1906,-0.0201,-0.1681,-0.4129,0.0598,0.0000
761,1,1,2026-06-17 14:52:37.318,0.1906,-0.0200,-0.1680,-0.4129,0.0597,0.0000
762,1,1,2026-06-17 14:52:37.342,0.1907,-0.0200,-0.1678,-0.4130,0.0592,0.0000
763,1,1,2026-06-17 14:52:37.353,0.1907,-0.0200,-0.1677,-0.4131,0.0588,0.0000
764,1,1,2026-06-17 14:52:37.375,0.1908,-0.0200,-0.1676,-0.4131,0.0588,0.0000
765,1,1,2026-06-17 14:52:37.386,0.1909,-0.0200,-0.1675,-0.4131,0.0588,0.0000
766,1,1,2026-06-17 14:52:37.407,0.1909,-0.0200,-0.1673,-0.4130,0.0587,0.0000
767,1,1,2026-06-17 14:52:37.420,0.1910,-0.0200,-0.1673,-0.4130,0.0586,0.0000
768,1,1,2026-06-17 14:52:37.441,0.1911,-0.0200,-0.1672,-0.4130,0.0583,0.0000
769,1,1,2026-06-17 14:52:37.453,0.1911,-0.0200,-0.1671,-0.4131,0.0582,0.0000
770,1,1,2026-06-17 14:52:37.475,0.1912,-0.0200,-0.1671,-0.4132,0.0578,0.0000
771,1,1,2026-06-17 14:52:37.486,0.1913,-0.0200,-0.1670,-0.4133,0.0576,0.0000
772,1,1,2026-06-17 14:52:37.508,0.1913,-0.0201,-0.1669,-0.4132,0.0574,0.0000
773,1,1,2026-06-17 14:52:37.519,0.1914,-0.0200,-0.1669,-0.4133,0.0572,0.0000
774,1,1,2026-06-17 14:52:37.542,0.1914,-0.0200,-0.1668,-0.4133,0.0570,0.0000
775,1,1,2026-06-17 14:52:37.553,0.1915,-0.0200,-0.1668,-0.4133,0.0570,0.0000
776,1,1,2026-06-17 14:52:37.575,0.1916,-0.0201,-0.1667,-0.4134,0.0566,0.0000
777,1,1,2026-06-17 14:52:37.586,0.1916,-0.0201,-0.1667,-0.4135,0.0564,0.0000
778,1,1,2026-06-17 14:52:37.609,0.1917,-0.0202,-0.1667,-0.4135,0.0564,0.0000
779,1,1,2026-06-17 14:52:37.619,0.1918,-0.0202,-0.1667,-0.4135,0.0564,0.0000
780,1,1,2026-06-17 14:52:37.642,0.1918,-0.0201,-0.1666,-0.4134,0.0566,0.0000
781,1,1,2026-06-17 14:52:37.653,0.1919,-0.0201,-0.1666,-0.4133,0.0568,0.0000
782,1,1,2026-06-17 14:52:37.674,0.1920,-0.0199,-0.1666,-0.4128,0.0576,0.0000
783,1,1,2026-06-17 14:52:37.686,0.1920,-0.0199,-0.1666,-0.4127,0.0577,0.0000
784,1,1,2026-06-17 14:52:37.708,0.1921,-0.0198,-0.1667,-0.4126,0.0575,0.0000
785,1,1,2026-06-17 14:52:37.720,0.1921,-0.0197,-0.1667,-0.4126,0.0575,0.0000
786,1,1,2026-06-17 14:52:37.741,0.1921,-0.0197,-0.1667,-0.4126,0.0575,0.0000
787,1,1,2026-06-17 14:52:37.753,0.1922,-0.0197,-0.1668,-0.4126,0.0575,0.0000
788,1,1,2026-06-17 14:52:37.776,0.1922,-0.0197,-0.1669,-0.4125,0.0575,0.0000
789,1,1,2026-06-17 14:52:37.786,0.1923,-0.0197,-0.1669,-0.4124,0.0576,0.0000
790,1,1,2026-06-17 14:52:37.809,0.1923,-0.0197,-0.1670,-0.4121,0.0582,0.0000
791,1,1,2026-06-17 14:52:37.819,0.1923,-0.0197,-0.1670,-0.4120,0.0587,0.0000
792,1,1,2026-06-17 14:52:37.842,0.1923,-0.0196,-0.1671,-0.4120,0.0588,0.0000
793,1,1,2026-06-17 14:52:37.853,0.1923,-0.0196,-0.1672,-0.4119,0.0590,0.0000
794,1,1,2026-06-17 14:52:37.875,0.1923,-0.0197,-0.1673,-0.4120,0.0590,0.0000
795,1,1,2026-06-17 14:52:37.885,0.1923,-0.0197,-0.1673,-0.4120,0.0593,0.0000
796,1,1,2026-06-17 14:52:37.908,0.1922,-0.0197,-0.1674,-0.4120,0.0591,0.0000
797,1,1,2026-06-17 14:52:37.919,0.1921,-0.0197,-0.1675,-0.4121,0.0590,0.0000
798,1,1,2026-06-17 14:52:37.941,0.1920,-0.0197,-0.1675,-0.4121,0.0589,0.0000
799,1,1,2026-06-17 14:52:37.952,0.1920,-0.0197,-0.1675,-0.4122,0.0589,0.0000
800,1,1,2026-06-17 14:52:37.975,0.1920,-0.0197,-0.1676,-0.4121,0.0589,0.0000
801,1,1,2026-06-17 14:52:37.986,0.1919,-0.0198,-0.1676,-0.4122,0.0591,0.0000
802,1,1,2026-06-17 14:52:38.007,0.1919,-0.0198,-0.1677,-0.4124,0.0589,0.0000
803,1,1,2026-06-17 14:52:38.019,0.1918,-0.0198,-0.1677,-0.4124,0.0588,0.0000
804,1,1,2026-06-17 14:52:38.041,0.1918,-0.0199,-0.1677,-0.4126,0.0587,0.0000
805,1,1,2026-06-17 14:52:38.052,0.1917,-0.0199,-0.1677,-0.4125,0.0587,0.0000
806,1,1,2026-06-17 14:52:38.075,0.1916,-0.0198,-0.1677,-0.4126,0.0589,0.0000
807,1,1,2026-06-17 14:52:38.086,0.1915,-0.0198,-0.1676,-0.4124,0.0591,0.0000
808,1,1,2026-06-17 14:52:38.108,0.1914,-0.0198,-0.1677,-0.4124,0.0592,0.0000
809,1,1,2026-06-17 14:52:38.119,0.1913,-0.0198,-0.1677,-0.4124,0.0594,0.0000
810,1,1,2026-06-17 14:52:38.141,0.1911,-0.0197,-0.1677,-0.4123,0.0595,0.0000
811,1,1,2026-06-17 14:52:38.152,0.1911,-0.0197,-0.1677,-0.4123,0.0595,0.0000
812,1,1,2026-06-17 14:52:38.174,0.1911,-0.0198,-0.1677,-0.4123,0.0595,0.0000
813,1,1,2026-06-17 14:52:38.185,0.1910,-0.0197,-0.1677,-0.4123,0.0596,0.0000
814,1,1,2026-06-17 14:52:38.208,0.1910,-0.0197,-0.1677,-0.4122,0.0596,0.0000
815,1,1,2026-06-17 14:52:38.218,0.1910,-0.0197,-0.1676,-0.4123,0.0596,0.0000
816,1,1,2026-06-17 14:52:38.241,0.1910,-0.0198,-0.1675,-0.4125,0.0590,0.0000
817,1,1,2026-06-17 14:52:38.253,0.1910,-0.0198,-0.1675,-0.4126,0.0588,0.0000
818,1,1,2026-06-17 14:52:38.274,0.1911,-0.0199,-0.1674,-0.4127,0.0586,0.0000
819,1,1,2026-06-17 14:52:38.285,0.1912,-0.0199,-0.1674,-0.4127,0.0585,0.0000
820,1,1,2026-06-17 14:52:38.308,0.1912,-0.0199,-0.1673,-0.4127,0.0585,0.0000
821,1,1,2026-06-17 14:52:38.319,0.1912,-0.0199,-0.1673,-0.4127,0.0586,0.0000
822,1,1,2026-06-17 14:52:38.341,0.1913,-0.0199,-0.1672,-0.4126,0.0587,0.0000
823,1,1,2026-06-17 14:52:38.352,0.1913,-0.0199,-0.1672,-0.4124,0.0591,0.0000
824,1,1,2026-06-17 14:52:38.374,0.1914,-0.0198,-0.1671,-0.4120,0.0597,0.0000
825,1,1,2026-06-17 14:52:38.385,0.1915,-0.0197,-0.1671,-0.4119,0.0597,0.0000
826,1,1,2026-06-17 14:52:38.408,0.1915,-0.0197,-0.1671,-0.4121,0.0591,0.0000
827,1,1,2026-06-17 14:52:38.419,0.1915,-0.0197,-0.1671,-0.4121,0.0591,0.0000
828,1,2,2026-06-17 14:52:38.441,0.1917,-0.0197,-0.1671,-0.4122,0.0591,0.0000
829,1,2,2026-06-17 14:52:38.452,0.1918,-0.0197,-0.1671,-0.4120,0.0592,0.0000
830,1,2,2026-06-17 14:52:38.474,0.1919,-0.0197,-0.1671,-0.4120,0.0593,0.0000
831,1,2,2026-06-17 14:52:38.485,0.1920,-0.0197,-0.1671,-0.4119,0.0593,0.0000
832,1,2,2026-06-17 14:52:38.508,0.1921,-0.0197,-0.1672,-0.4116,0.0598,0.0000
833,1,2,2026-06-17 14:52:38.518,0.1922,-0.0197,-0.1672,-0.4115,0.0601,0.0000
834,1,2,2026-06-17 14:52:38.541,0.1923,-0.0197,-0.1671,-0.4113,0.0605,0.0000
835,1,2,2026-06-17 14:52:38.552,0.1922,-0.0196,-0.1671,-0.4113,0.0603,0.0000
836,1,2,2026-06-17 14:52:38.574,0.1922,-0.0196,-0.1671,-0.4112,0.0605,0.0000
837,1,2,2026-06-17 14:52:38.586,0.1923,-0.0196,-0.1671,-0.4112,0.0606,0.0000
838,1,2,2026-06-17 14:52:38.608,0.1924,-0.0196,-0.1671,-0.4112,0.0606,0.0000
839,1,2,2026-06-17 14:52:38.619,0.1924,-0.0196,-0.1671,-0.4112,0.0606,0.0000
840,1,2,2026-06-17 14:52:38.641,0.1924,-0.0196,-0.1670,-0.4113,0.0604,0.0000
841,1,2,2026-06-17 14:52:38.652,0.1924,-0.0196,-0.1669,-0.4112,0.0604,0.0000
842,1,2,2026-06-17 14:52:38.674,0.1924,-0.0196,-0.1669,-0.4111,0.0603,0.0000
843,1,2,2026-06-17 14:52:38.686,0.1925,-0.0196,-0.1669,-0.4111,0.0603,0.0000
844,1,2,2026-06-17 14:52:38.708,0.1925,-0.0196,-0.1668,-0.4110,0.0604,0.0000
845,1,2,2026-06-17 14:52:38.719,0.1925,-0.0196,-0.1667,-0.4110,0.0605,0.0000
846,1,2,2026-06-17 14:52:38.741,0.1924,-0.0196,-0.1666,-0.4110,0.0605,0.0000
847,1,2,2026-06-17 14:52:38.752,0.1924,-0.0196,-0.1666,-0.4111,0.0603,0.0000
848,1,2,2026-06-17 14:52:38.774,0.1924,-0.0196,-0.1665,-0.4111,0.0601,0.0000
849,1,2,2026-06-17 14:52:38.786,0.1924,-0.0196,-0.1665,-0.4112,0.0601,0.0000
850,1,2,2026-06-17 14:52:38.808,0.1923,-0.0196,-0.1664,-0.4111,0.0603,0.0000
851,1,2,2026-06-17 14:52:38.819,0.1923,-0.0196,-0.1664,-0.4111,0.0604,0.0000
852,1,2,2026-06-17 14:52:38.841,0.1923,-0.0197,-0.1664,-0.4110,0.0604,0.0000
853,1,2,2026-06-17 14:52:38.852,0.1922,-0.0197,-0.1664,-0.4110,0.0604,0.0000
854,1,2,2026-06-17 14:52:38.874,0.1922,-0.0197,-0.1664,-0.4109,0.0606,0.0000
855,1,2,2026-06-17 14:52:38.885,0.1922,-0.0197,-0.1664,-0.4109,0.0607,0.0000
856,1,2,2026-06-17 14:52:38.908,0.1922,-0.0197,-0.1665,-0.4108,0.0608,0.0000
857,1,2,2026-06-17 14:52:38.918,0.1921,-0.0197,-0.1665,-0.4108,0.0608,0.0000
858,1,2,2026-06-17 14:52:38.941,0.1920,-0.0197,-0.1665,-0.4109,0.0608,0.0000
859,1,2,2026-06-17 14:52:38.951,0.1920,-0.0197,-0.1666,-0.4108,0.0610,0.0000
860,1,2,2026-06-17 14:52:38.974,0.1920,-0.0197,-0.1666,-0.4108,0.0612,0.0000
861,1,2,2026-06-17 14:52:38.985,0.1920,-0.0197,-0.1667,-0.4109,0.0611,0.0000
862,1,2,2026-06-17 14:52:39.008,0.1920,-0.0197,-0.1668,-0.4109,0.0611,0.0000
863,1,2,2026-06-17 14:52:39.019,0.1920,-0.0197,-0.1668,-0.4109,0.0611,0.0000
864,1,2,2026-06-17 14:52:39.041,0.1920,-0.0197,-0.1669,-0.4108,0.0614,0.0000
865,1,2,2026-06-17 14:52:39.052,0.1919,-0.0197,-0.1669,-0.4107,0.0616,0.0000
866,1,2,2026-06-17 14:52:39.075,0.1919,-0.0196,-0.1669,-0.4105,0.0620,0.0000
867,1,2,2026-06-17 14:52:39.086,0.1919,-0.0197,-0.1670,-0.4106,0.0621,0.0000
868,1,2,2026-06-17 14:52:39.107,0.1918,-0.0196,-0.1671,-0.4105,0.0624,0.0000
869,1,2,2026-06-17 14:52:39.118,0.1918,-0.0196,-0.1671,-0.4103,0.0627,0.0000
870,1,2,2026-06-17 14:52:39.141,0.1917,-0.0195,-0.1671,-0.4100,0.0636,0.0000
871,1,2,2026-06-17 14:52:39.151,0.1917,-0.0195,-0.1671,-0.4101,0.0636,0.0000
872,1,2,2026-06-17 14:52:39.173,0.1916,-0.0195,-0.1672,-0.4101,0.0632,0.0000
873,1,2,2026-06-17 14:52:39.184,0.1916,-0.0195,-0.1673,-0.4102,0.0630,0.0000
874,1,2,2026-06-17 14:52:39.207,0.1915,-0.0196,-0.1673,-0.4105,0.0627,0.0000
875,1,2,2026-06-17 14:52:39.219,0.1915,-0.0196,-0.1673,-0.4107,0.0625,0.0000
876,1,2,2026-06-17 14:52:39.241,0.1915,-0.0198,-0.1674,-0.4109,0.0622,0.0000
877,1,2,2026-06-17 14:52:39.252,0.1915,-0.0198,-0.1675,-0.4109,0.0622,0.0000
878,1,2,2026-06-17 14:52:39.274,0.1915,-0.0199,-0.1676,-0.4109,0.0623,0.0000
879,1,2,2026-06-17 14:52:39.285,0.1915,-0.0199,-0.1676,-0.4108,0.0625,0.0000
880,1,2,2026-06-17 14:52:39.307,0.1915,-0.0200,-0.1677,-0.4110,0.0623,0.0000
881,1,2,2026-06-17 14:52:39.318,0.1915,-0.0200,-0.1677,-0.4110,0.0622,0.0000
882,1,2,2026-06-17 14:52:39.341,0.1914,-0.0199,-0.1677,-0.4111,0.0621,0.0000
883,1,2,2026-06-17 14:52:39.351,0.1914,-0.0199,-0.1678,-0.4110,0.0623,0.0000
884,1,2,2026-06-17 14:52:39.374,0.1914,-0.0198,-0.1678,-0.4107,0.0630,0.0000
885,1,2,2026-06-17 14:52:39.385,0.1914,-0.0198,-0.1678,-0.4106,0.0632,0.0000
886,1,2,2026-06-17 14:52:39.408,0.1914,-0.0198,-0.1678,-0.4106,0.0630,0.0000
887,1,2,2026-06-17 14:52:39.419,0.1913,-0.0198,-0.1678,-0.4106,0.0630,0.0000
888,1,2,2026-06-17 14:52:39.441,0.1914,-0.0197,-0.1678,-0.4104,0.0633,0.0000
889,1,2,2026-06-17 14:52:39.452,0.1914,-0.0197,-0.1678,-0.4103,0.0635,0.0000
890,1,2,2026-06-17 14:52:39.475,0.1914,-0.0197,-0.1678,-0.4103,0.0635,0.0000
891,1,2,2026-06-17 14:52:39.486,0.1914,-0.0198,-0.1678,-0.4103,0.0634,0.0000
892,1,2,2026-06-17 14:52:39.508,0.1915,-0.0198,-0.1677,-0.4106,0.0629,0.0000
893,1,2,2026-06-17 14:52:39.519,0.1915,-0.0198,-0.1677,-0.4108,0.0626,0.0000
894,1,2,2026-06-17 14:52:39.541,0.1914,-0.0198,-0.1676,-0.4110,0.0621,0.0000
895,1,2,2026-06-17 14:52:39.552,0.1914,-0.0198,-0.1676,-0.4111,0.0623,0.0000
896,1,2,2026-06-17 14:52:39.574,0.1914,-0.0198,-0.1676,-0.4109,0.0624,0.0000
897,1,3,2026-06-17 14:52:39.586,0.1914,-0.0199,-0.1676,-0.4109,0.0625,0.0000
898,1,3,2026-06-17 14:52:39.608,0.1913,-0.0199,-0.1677,-0.4110,0.0623,0.0000
899,1,3,2026-06-17 14:52:39.618,0.1913,-0.0199,-0.1676,-0.4111,0.0623,0.0000
900,1,3,2026-06-17 14:52:39.641,0.1913,-0.0200,-0.1676,-0.4111,0.0623,0.0000
901,1,3,2026-06-17 14:52:39.652,0.1913,-0.0200,-0.1676,-0.4111,0.0623,0.0000
902,1,3,2026-06-17 14:52:39.674,0.1912,-0.0200,-0.1677,-0.4111,0.0622,0.0000
903,1,3,2026-06-17 14:52:39.685,0.1912,-0.0200,-0.1677,-0.4112,0.0622,0.0000
904,1,3,2026-06-17 14:52:39.708,0.1912,-0.0200,-0.1676,-0.4113,0.0620,0.0000
905,1,3,2026-06-17 14:52:39.719,0.1912,-0.0200,-0.1676,-0.4114,0.0619,0.0000
906,1,3,2026-06-17 14:52:39.741,0.1912,-0.0201,-0.1674,-0.4113,0.0620,0.0000
907,1,3,2026-06-17 14:52:39.752,0.1912,-0.0201,-0.1674,-0.4109,0.0621,0.0000
908,1,3,2026-06-17 14:52:39.773,0.1913,-0.0201,-0.1671,-0.4110,0.0626,0.0000
909,1,3,2026-06-17 14:52:39.785,0.1914,-0.0202,-0.1669,-0.4108,0.0633,0.0000
910,1,3,2026-06-17 14:52:39.808,0.1916,-0.0202,-0.1664,-0.4101,0.0650,0.0000
911,1,3,2026-06-17 14:52:39.819,0.1918,-0.0202,-0.1660,-0.4095,0.0663,0.0000
912,1,3,2026-06-17 14:52:39.841,0.1926,-0.0200,-0.1648,-0.4079,0.0700,0.0000
913,1,3,2026-06-17 14:52:39.852,0.1929,-0.0200,-0.1644,-0.4069,0.0719,0.0000
914,1,3,2026-06-17 14:52:39.874,0.1935,-0.0197,-0.1634,-0.4036,0.0790,0.0000
915,1,3,2026-06-17 14:52:39.885,0.1939,-0.0195,-0.1629,-0.4016,0.0833,0.0000
916,1,3,2026-06-17 14:52:39.906,0.1944,-0.0190,-0.1620,-0.3961,0.0932,0.0000
917,1,3,2026-06-17 14:52:39.917,0.1948,-0.0188,-0.1614,-0.3931,0.0981,0.0000
918,1,3,2026-06-17 14:52:39.941,0.1955,-0.0184,-0.1600,-0.3873,0.1091,0.0000
919,1,3,2026-06-17 14:52:39.951,0.1960,-0.0182,-0.1594,-0.3836,0.1154,0.0000
920,1,3,2026-06-17 14:52:39.973,0.1971,-0.0177,-0.1580,-0.3764,0.1267,0.0000
921,1,3,2026-06-17 14:52:39.985,0.1978,-0.0175,-0.1572,-0.3722,0.1329,0.0000
922,1,3,2026-06-17 14:52:40.006,0.1992,-0.0172,-0.1555,-0.3645,0.1429,0.0000
923,1,3,2026-06-17 14:52:40.017,0.2001,-0.0170,-0.1544,-0.3606,0.1473,0.0000
924,1,3,2026-06-17 14:52:40.040,0.2019,-0.0167,-0.1525,-0.3552,0.1517,0.0000
925,1,3,2026-06-17 14:52:40.051,0.2032,-0.0167,-0.1513,-0.3526,0.1539,0.0000
926,1,3,2026-06-17 14:52:40.073,0.2055,-0.0169,-0.1492,-0.3493,0.1548,0.0000
927,1,3,2026-06-17 14:52:40.085,0.2066,-0.0168,-0.1482,-0.3467,0.1559,0.0000
928,1,3,2026-06-17 14:52:40.106,0.2090,-0.0162,-0.1460,-0.3411,0.1586,0.0000
929,1,3,2026-06-17 14:52:40.118,0.2101,-0.0161,-0.1449,-0.3380,0.1600,0.0000
930,1,3,2026-06-17 14:52:40.140,0.2121,-0.0159,-0.1432,-0.3335,0.1618,0.0000
931,1,3,2026-06-17 14:52:40.151,0.2131,-0.0158,-0.1425,-0.3320,0.1622,0.0000
932,1,3,2026-06-17 14:52:40.174,0.2146,-0.0159,-0.1413,-0.3296,0.1636,0.0000
933,1,3,2026-06-17 14:52:40.185,0.2152,-0.0158,-0.1407,-0.3274,0.1646,0.0000
934,1,3,2026-06-17 14:52:40.206,0.2159,-0.0154,-0.1398,-0.3247,0.1666,0.0000
935,1,3,2026-06-17 14:52:40.218,0.2160,-0.0155,-0.1394,-0.3237,0.1671,0.0000
936,1,3,2026-06-17 14:52:40.240,0.2159,-0.0158,-0.1388,-0.3241,0.1662,0.0000
937,1,3,2026-06-17 14:52:40.252,0.2158,-0.0159,-0.1386,-0.3254,0.1650,0.0000
938,1,3,2026-06-17 14:52:40.273,0.2155,-0.0163,-0.1379,-0.3292,0.1629,0.0000
939,1,3,2026-06-17 14:52:40.284,0.2153,-0.0165,-0.1376,-0.3307,0.1612,0.0000
940,1,3,2026-06-17 14:52:40.306,0.2149,-0.0171,-0.1370,-0.3352,0.1574,0.0000
941,1,3,2026-06-17 14:52:40.317,0.2146,-0.0174,-0.1368,-0.3375,0.1558,0.0000
942,1,3,2026-06-17 14:52:40.339,0.2141,-0.0179,-0.1360,-0.3414,0.1533,0.0000
943,1,3,2026-06-17 14:52:40.352,0.2139,-0.0182,-0.1355,-0.3431,0.1522,0.0000
944,1,3,2026-06-17 14:52:40.374,0.2134,-0.0188,-0.1347,-0.3465,0.1497,0.0000
945,1,3,2026-06-17 14:52:40.384,0.2132,-0.0193,-0.1343,-0.3489,0.1479,0.0000
946,1,3,2026-06-17 14:52:40.406,0.2129,-0.0204,-0.1335,-0.3539,0.1444,0.0000
947,1,3,2026-06-17 14:52:40.417,0.2127,-0.0208,-0.1329,-0.3561,0.1430,0.0000
948,1,3,2026-06-17 14:52:40.440,0.2125,-0.0216,-0.1319,-0.3600,0.1405,0.0000
949,1,3,2026-06-17 14:52:40.452,0.2124,-0.0221,-0.1313,-0.3621,0.1387,0.0000
950,1,3,2026-06-17 14:52:40.473,0.2125,-0.0231,-0.1301,-0.3667,0.1344,0.0000
951,1,3,2026-06-17 14:52:40.485,0.2125,-0.0235,-0.1295,-0.3688,0.1323,0.0000
952,1,3,2026-06-17 14:52:40.506,0.2128,-0.0241,-0.1281,-0.3720,0.1292,0.0000
953,1,3,2026-06-17 14:52:40.519,0.2129,-0.0244,-0.1273,-0.3733,0.1277,0.0000
954,1,3,2026-06-17 14:52:40.540,0.2131,-0.0252,-0.1259,-0.3762,0.1242,0.0000
955,1,3,2026-06-17 14:52:40.552,0.2133,-0.0258,-0.1253,-0.3785,0.1213,0.0000
956,1,3,2026-06-17 14:52:40.574,0.2136,-0.0267,-0.1240,-0.3831,0.1159,0.0000
957,1,3,2026-06-17 14:52:40.585,0.2137,-0.0271,-0.1233,-0.3849,0.1138,0.0000
958,1,3,2026-06-17 14:52:40.606,0.2138,-0.0278,-0.1219,-0.3882,0.1099,0.0000
959,1,3,2026-06-17 14:52:40.619,0.2137,-0.0282,-0.1214,-0.3899,0.1078,0.0000
960,1,3,2026-06-17 14:52:40.641,0.2138,-0.0290,-0.1202,-0.3927,0.1044,0.0000
961,1,3,2026-06-17 14:52:40.651,0.2138,-0.0290,-0.1195,-0.3930,0.1041,0.0000
962,1,3,2026-06-17 14:52:40.673,0.2138,-0.0290,-0.1182,-0.3929,0.1040,0.0000
963,1,3,2026-06-17 14:52:40.685,0.2138,-0.0291,-0.1176,-0.3930,0.1036,0.0000
964,1,3,2026-06-17 14:52:40.707,0.2138,-0.0291,-0.1166,-0.3929,0.1036,0.0000
965,1,3,2026-06-17 14:52:40.718,0.2137,-0.0291,-0.1161,-0.3927,0.1041,0.0000
966,1,4,2026-06-17 14:52:40.741,0.2136,-0.0288,-0.1150,-0.3906,0.1064,0.0000
967,1,4,2026-06-17 14:52:40.752,0.2135,-0.0287,-0.1147,-0.3905,0.1062,0.0000
968,1,4,2026-06-17 14:52:40.774,0.2133,-0.0288,-0.1140,-0.3904,0.1057,0.0000
969,1,4,2026-06-17 14:52:40.785,0.2133,-0.0287,-0.1136,-0.3906,0.1060,0.0000
970,1,4,2026-06-17 14:52:40.806,0.2131,-0.0285,-0.1128,-0.3899,0.1059,0.0000
971,1,4,2026-06-17 14:52:40.818,0.2131,-0.0285,-0.1125,-0.3897,0.1059,0.0000
972,1,4,2026-06-17 14:52:40.840,0.2131,-0.0287,-0.1119,-0.3903,0.1045,0.0000
973,1,4,2026-06-17 14:52:40.852,0.2132,-0.0289,-0.1117,-0.3911,0.1034,0.0000
974,1,4,2026-06-17 14:52:40.873,0.2133,-0.0291,-0.1112,-0.3920,0.1022,0.0000
975,1,4,2026-06-17 14:52:40.885,0.2134,-0.0291,-0.1109,-0.3923,0.1016,0.0000
976,1,4,2026-06-17 14:52:40.907,0.2135,-0.0292,-0.1104,-0.3923,0.1012,0.0000
977,1,4,2026-06-17 14:52:40.919,0.2137,-0.0294,-0.1101,-0.3926,0.1007,0.0000
978,1,4,2026-06-17 14:52:40.940,0.2140,-0.0297,-0.1098,-0.3937,0.0991,0.0000
979,1,4,2026-06-17 14:52:40.951,0.2142,-0.0297,-0.1096,-0.3940,0.0987,0.0000
980,1,4,2026-06-17 14:52:40.973,0.2143,-0.0294,-0.1091,-0.3938,0.0989,0.0000
981,1,4,2026-06-17 14:52:40.985,0.2144,-0.0293,-0.1089,-0.3936,0.0989,0.0000
982,1,4,2026-06-17 14:52:41.007,0.2147,-0.0294,-0.1086,-0.3935,0.0984,0.0000
983,1,4,2026-06-17 14:52:41.018,0.2149,-0.0296,-0.1085,-0.3938,0.0980,0.0000
984,1,4,2026-06-17 14:52:41.041,0.2151,-0.0296,-0.1082,-0.3946,0.0967,0.0000
985,1,4,2026-06-17 14:52:41.052,0.2153,-0.0296,-0.1081,-0.3947,0.0965,0.0000
986,1,4,2026-06-17 14:52:41.074,0.2153,-0.0294,-0.1080,-0.3944,0.0962,0.0000
987,1,4,2026-06-17 14:52:41.086,0.2153,-0.0294,-0.1080,-0.3945,0.0960,0.0000
988,1,4,2026-06-17 14:52:41.106,0.2154,-0.0295,-0.1080,-0.3953,0.0943,0.0000
989,1,4,2026-06-17 14:52:41.117,0.2154,-0.0295,-0.1080,-0.3959,0.0933,0.0000
990,1,4,2026-06-17 14:52:41.140,0.2155,-0.0295,-0.1080,-0.3964,0.0925,0.0000
991,1,4,2026-06-17 14:52:41.151,0.2155,-0.0296,-0.1080,-0.3965,0.0921,0.0000
992,1,4,2026-06-17 14:52:41.173,0.2155,-0.0296,-0.1081,-0.3970,0.0910,0.0000
993,1,4,2026-06-17 14:52:41.185,0.2154,-0.0296,-0.1081,-0.3974,0.0903,0.0000
994,1,4,2026-06-17 14:52:41.206,0.2153,-0.0297,-0.1083,-0.3981,0.0891,0.0000
995,1,4,2026-06-17 14:52:41.218,0.2152,-0.0296,-0.1083,-0.3981,0.0891,0.0000
996,1,4,2026-06-17 14:52:41.241,0.2150,-0.0295,-0.1085,-0.3976,0.0894,0.0000
997,1,4,2026-06-17 14:52:41.252,0.2149,-0.0294,-0.1085,-0.3974,0.0895,0.0000
998,1,4,2026-06-17 14:52:41.274,0.2147,-0.0294,-0.1087,-0.3977,0.0890,0.0000
999,1,4,2026-06-17 14:52:41.284,0.2146,-0.0294,-0.1088,-0.3978,0.0888,0.0000
1000,1,4,2026-06-17 14:52:41.308,0.2145,-0.0294,-0.1090,-0.3978,0.0889,0.0000
1001,1,4,2026-06-17 14:52:41.319,0.2144,-0.0294,-0.1091,-0.3978,0.0890,0.0000
1002,1,4,2026-06-17 14:52:41.341,0.2142,-0.0293,-0.1093,-0.3968,0.0905,0.0000
1003,1,4,2026-06-17 14:52:41.352,0.2141,-0.0292,-0.1094,-0.3967,0.0906,0.0000
1004,1,4,2026-06-17 14:52:41.374,0.2139,-0.0292,-0.1096,-0.3968,0.0906,0.0000
1005,1,4,2026-06-17 14:52:41.385,0.2139,-0.0292,-0.1098,-0.3968,0.0907,0.0000
1006,1,4,2026-06-17 14:52:41.406,0.2138,-0.0291,-0.1101,-0.3966,0.0910,0.0000
1007,1,4,2026-06-17 14:52:41.418,0.2137,-0.0291,-0.1102,-0.3964,0.0913,0.0000
1008,1,4,2026-06-17 14:52:41.441,0.2136,-0.0290,-0.1104,-0.3960,0.0918,0.0000
1009,1,4,2026-06-17 14:52:41.452,0.2136,-0.0290,-0.1105,-0.3959,0.0919,0.0000
1010,1,4,2026-06-17 14:52:41.474,0.2135,-0.0290,-0.1106,-0.3958,0.0922,0.0000
1011,1,4,2026-06-17 14:52:41.486,0.2135,-0.0290,-0.1107,-0.3957,0.0922,0.0000
1012,1,4,2026-06-17 14:52:41.507,0.2135,-0.0290,-0.1109,-0.3957,0.0922,0.0000
1013,1,4,2026-06-17 14:52:41.519,0.2135,-0.0290,-0.1109,-0.3958,0.0920,0.0000
1014,1,4,2026-06-17 14:52:41.541,0.2136,-0.0289,-0.1111,-0.3958,0.0919,0.0000
1015,1,4,2026-06-17 14:52:41.552,0.2136,-0.0289,-0.1111,-0.3957,0.0920,0.0000
1016,1,4,2026-06-17 14:52:41.574,0.2136,-0.0288,-0.1112,-0.3954,0.0923,0.0000
1017,1,4,2026-06-17 14:52:41.586,0.2136,-0.0288,-0.1113,-0.3954,0.0922,0.0000
1018,1,4,2026-06-17 14:52:41.608,0.2137,-0.0288,-0.1114,-0.3955,0.0919,0.0000
1019,1,4,2026-06-17 14:52:41.619,0.2137,-0.0288,-0.1114,-0.3955,0.0917,0.0000
1020,1,4,2026-06-17 14:52:41.641,0.2137,-0.0286,-0.1115,-0.3948,0.0922,0.0000
1021,1,4,2026-06-17 14:52:41.652,0.2137,-0.0284,-0.1115,-0.3946,0.0924,0.0000
1022,1,4,2026-06-17 14:52:41.674,0.2138,-0.0283,-0.1116,-0.3944,0.0920,0.0000
1023,1,4,2026-06-17 14:52:41.685,0.2138,-0.0283,-0.1116,-0.3950,0.0908,0.0000
1024,1,4,2026-06-17 14:52:41.707,0.2139,-0.0283,-0.1116,-0.3954,0.0905,0.0000
1025,1,4,2026-06-17 14:52:41.719,0.2140,-0.0282,-0.1116,-0.3952,0.0907,0.0000
1026,1,4,2026-06-17 14:52:41.741,0.2141,-0.0282,-0.1116,-0.3951,0.0907,0.0000
1027,1,4,2026-06-17 14:52:41.751,0.2141,-0.0282,-0.1116,-0.3953,0.0903,0.0000
1028,1,4,2026-06-17 14:52:41.774,0.2143,-0.0283,-0.1117,-0.3955,0.0896,0.0000
1029,1,4,2026-06-17 14:52:41.785,0.2144,-0.0283,-0.1117,-0.3956,0.0895,0.0000
1030,1,4,2026-06-17 14:52:41.808,0.2145,-0.0283,-0.1117,-0.3951,0.0900,0.0000
1031,1,4,2026-06-17 14:52:41.818,0.2146,-0.0281,-0.1117,-0.3947,0.0904,0.0000
1032,1,4,2026-06-17 14:52:41.841,0.2147,-0.0279,-0.1117,-0.3944,0.0900,0.0000
1033,1,4,2026-06-17 14:52:41.853,0.2148,-0.0279,-0.1117,-0.3948,0.0898,0.0000
1034,1,4,2026-06-17 14:52:41.874,0.2150,-0.0279,-0.1116,-0.3949,0.0895,0.0000
1035,1,5,2026-06-17 14:52:41.886,0.2151,-0.0279,-0.1116,-0.3948,0.0894,0.0000
1036,1,5,2026-06-17 14:52:41.907,0.2153,-0.0278,-0.1115,-0.3950,0.0888,0.0000
1037,1,5,2026-06-17 14:52:41.919,0.2154,-0.0278,-0.1114,-0.3951,0.0883,0.0000
1038,1,5,2026-06-17 14:52:41.941,0.2155,-0.0278,-0.1113,-0.3956,0.0875,0.0000
1039,1,5,2026-06-17 14:52:41.952,0.2156,-0.0279,-0.1112,-0.3959,0.0870,0.0000
1040,1,5,2026-06-17 14:52:41.974,0.2158,-0.0280,-0.1111,-0.3962,0.0865,0.0000
1041,1,5,2026-06-17 14:52:41.984,0.2159,-0.0280,-0.1110,-0.3961,0.0863,0.0000
1042,1,5,2026-06-17 14:52:42.008,0.2160,-0.0279,-0.1109,-0.3963,0.0858,0.0000
1043,1,5,2026-06-17 14:52:42.018,0.2161,-0.0279,-0.1108,-0.3965,0.0854,0.0000
1044,1,5,2026-06-17 14:52:42.041,0.2162,-0.0279,-0.1107,-0.3969,0.0847,0.0000
1045,1,5,2026-06-17 14:52:42.051,0.2163,-0.0280,-0.1107,-0.3969,0.0847,0.0000
1046,1,5,2026-06-17 14:52:42.075,0.2163,-0.0279,-0.1106,-0.3968,0.0846,0.0000
1047,1,5,2026-06-17 14:52:42.086,0.2164,-0.0279,-0.1105,-0.3968,0.0844,0.0000
1048,1,5,2026-06-17 14:52:42.107,0.2164,-0.0280,-0.1105,-0.3971,0.0839,0.0000
1049,1,5,2026-06-17 14:52:42.119,0.2164,-0.0280,-0.1104,-0.3971,0.0838,0.0000
1050,1,5,2026-06-17 14:52:42.141,0.2164,-0.0280,-0.1103,-0.3972,0.0836,0.0000
1051,1,5,2026-06-17 14:52:42.152,0.2164,-0.0279,-0.1103,-0.3971,0.0836,0.0000
1052,1,5,2026-06-17 14:52:42.175,0.2164,-0.0280,-0.1103,-0.3972,0.0835,0.0000
1053,1,5,2026-06-17 14:52:42.186,0.2163,-0.0280,-0.1103,-0.3972,0.0834,0.0000
1054,1,5,2026-06-17 14:52:42.207,0.2163,-0.0280,-0.1104,-0.3972,0.0836,0.0000
1055,1,5,2026-06-17 14:52:42.219,0.2163,-0.0280,-0.1104,-0.3970,0.0837,0.0000
1056,1,5,2026-06-17 14:52:42.241,0.2163,-0.0280,-0.1105,-0.3969,0.0840,0.0000
1057,1,5,2026-06-17 14:52:42.252,0.2163,-0.0280,-0.1105,-0.3969,0.0841,0.0000
1058,1,5,2026-06-17 14:52:42.275,0.2163,-0.0280,-0.1106,-0.3971,0.0840,0.0000
1059,1,5,2026-06-17 14:52:42.285,0.2163,-0.0280,-0.1106,-0.3970,0.0840,0.0000
1060,1,5,2026-06-17 14:52:42.307,0.2163,-0.0279,-0.1106,-0.3970,0.0840,0.0000
1061,1,5,2026-06-17 14:52:42.319,0.2163,-0.0279,-0.1106,-0.3969,0.0841,0.0000
1062,1,5,2026-06-17 14:52:42.341,0.2163,-0.0279,-0.1105,-0.3968,0.0841,0.0000
1063,1,5,2026-06-17 14:52:42.352,0.2163,-0.0279,-0.1106,-0.3969,0.0840,0.0000
1064,1,5,2026-06-17 14:52:42.374,0.2164,-0.0278,-0.1107,-0.3968,0.0840,0.0000
1065,1,5,2026-06-17 14:52:42.386,0.2164,-0.0278,-0.1107,-0.3967,0.0841,0.0000
1066,1,5,2026-06-17 14:52:42.408,0.2164,-0.0278,-0.1107,-0.3967,0.0840,0.0000
1067,1,5,2026-06-17 14:52:42.418,0.2165,-0.0277,-0.1107,-0.3967,0.0840,0.0000
1068,1,5,2026-06-17 14:52:42.441,0.2165,-0.0277,-0.1108,-0.3967,0.0839,0.0000
1069,1,5,2026-06-17 14:52:42.451,0.2165,-0.0277,-0.1108,-0.3966,0.0839,0.0000
1070,1,5,2026-06-17 14:52:42.474,0.2165,-0.0277,-0.1109,-0.3966,0.0838,0.0000
1071,1,5,2026-06-17 14:52:42.486,0.2166,-0.0277,-0.1109,-0.3966,0.0839,0.0000
1072,1,5,2026-06-17 14:52:42.508,0.2166,-0.0277,-0.1111,-0.3966,0.0839,0.0000
1073,1,5,2026-06-17 14:52:42.519,0.2166,-0.0277,-0.1111,-0.3965,0.0840,0.0000
1074,1,5,2026-06-17 14:52:42.542,0.2166,-0.0277,-0.1110,-0.3965,0.0840,0.0000
1075,1,5,2026-06-17 14:52:42.552,0.2166,-0.0276,-0.1111,-0.3965,0.0839,0.0000
1076,1,5,2026-06-17 14:52:42.575,0.2165,-0.0276,-0.1111,-0.3966,0.0836,0.0000
1077,1,5,2026-06-17 14:52:42.585,0.2164,-0.0276,-0.1112,-0.3966,0.0835,0.0000
1078,1,5,2026-06-17 14:52:42.608,0.2164,-0.0275,-0.1113,-0.3966,0.0837,0.0000
1079,1,5,2026-06-17 14:52:42.618,0.2164,-0.0275,-0.1112,-0.3967,0.0838,0.0000
1080,1,5,2026-06-17 14:52:42.641,0.2164,-0.0275,-0.1112,-0.3968,0.0838,0.0000
1081,1,5,2026-06-17 14:52:42.653,0.2165,-0.0275,-0.1113,-0.3967,0.0839,0.0000
1082,1,5,2026-06-17 14:52:42.674,0.2165,-0.0275,-0.1114,-0.3964,0.0843,0.0000
1083,1,5,2026-06-17 14:52:42.686,0.2165,-0.0275,-0.1115,-0.3962,0.0846,0.0000
1084,1,5,2026-06-17 14:52:42.708,0.2164,-0.0274,-0.1116,-0.3956,0.0853,0.0000
1085,1,5,2026-06-17 14:52:42.720,0.2164,-0.0273,-0.1116,-0.3955,0.0855,0.0000
1086,1,5,2026-06-17 14:52:42.742,0.2164,-0.0273,-0.1117,-0.3953,0.0858,0.0000
1087,1,5,2026-06-17 14:52:42.753,0.2164,-0.0272,-0.1117,-0.3951,0.0860,0.0000
1088,1,5,2026-06-17 14:52:42.775,0.2164,-0.0271,-0.1119,-0.3950,0.0861,0.0000
1089,1,5,2026-06-17 14:52:42.785,0.2165,-0.0271,-0.1119,-0.3948,0.0861,0.0000
1090,1,5,2026-06-17 14:52:42.808,0.2165,-0.0271,-0.1120,-0.3949,0.0860,0.0000
1091,1,5,2026-06-17 14:52:42.819,0.2165,-0.0270,-0.1120,-0.3949,0.0858,0.0000
1092,1,5,2026-06-17 14:52:42.841,0.2165,-0.0268,-0.1119,-0.3947,0.0856,0.0000
1093,1,5,2026-06-17 14:52:42.852,0.2166,-0.0268,-0.1119,-0.3947,0.0855,0.0000
1094,1,5,2026-06-17 14:52:42.873,0.2166,-0.0268,-0.1120,-0.3947,0.0854,0.0000
1095,1,5,2026-06-17 14:52:42.885,0.2166,-0.0268,-0.1120,-0.3947,0.0854,0.0000
1096,1,5,2026-06-17 14:52:42.907,0.2166,-0.0267,-0.1119,-0.3944,0.0855,0.0000
1097,1,5,2026-06-17 14:52:42.918,0.2167,-0.0267,-0.1119,-0.3944,0.0855,0.0000
1098,1,5,2026-06-17 14:52:42.940,0.2167,-0.0267,-0.1119,-0.3945,0.0852,0.0000
1099,1,5,2026-06-17 14:52:42.952,0.2168,-0.0267,-0.1119,-0.3946,0.0851,0.0000
1100,1,5,2026-06-17 14:52:42.973,0.2168,-0.0267,-0.1120,-0.3947,0.0851,0.0000
1101,1,5,2026-06-17 14:52:42.984,0.2168,-0.0267,-0.1120,-0.3947,0.0851,0.0000
1102,1,5,2026-06-17 14:52:43.006,0.2168,-0.0267,-0.1120,-0.3945,0.0853,0.0000
1103,1,5,2026-06-17 14:52:43.017,0.2168,-0.0266,-0.1120,-0.3945,0.0851,0.0000
1104,1,6,2026-06-17 14:52:43.040,0.2168,-0.0266,-0.1121,-0.3945,0.0850,0.0000
1105,1,6,2026-06-17 14:52:43.052,0.2168,-0.0266,-0.1121,-0.3945,0.0851,0.0000
1106,1,6,2026-06-17 14:52:43.073,0.2167,-0.0265,-0.1122,-0.3942,0.0853,0.0000
1107,1,6,2026-06-17 14:52:43.084,0.2167,-0.0265,-0.1122,-0.3940,0.0855,0.0000
1108,1,6,2026-06-17 14:52:43.107,0.2167,-0.0265,-0.1122,-0.3939,0.0858,0.0000
1109,1,6,2026-06-17 14:52:43.118,0.2167,-0.0265,-0.1122,-0.3939,0.0859,0.0000
1110,1,6,2026-06-17 14:52:43.140,0.2167,-0.0265,-0.1122,-0.3938,0.0861,0.0000
1111,1,6,2026-06-17 14:52:43.151,0.2167,-0.0264,-0.1123,-0.3936,0.0864,0.0000
1112,1,6,2026-06-17 14:52:43.173,0.2167,-0.0263,-0.1123,-0.3931,0.0869,0.0000
1113,1,6,2026-06-17 14:52:43.185,0.2167,-0.0263,-0.1123,-0.3931,0.0869,0.0000
1114,1,6,2026-06-17 14:52:43.207,0.2167,-0.0263,-0.1123,-0.3930,0.0869,0.0000
1115,1,6,2026-06-17 14:52:43.218,0.2167,-0.0263,-0.1123,-0.3930,0.0869,0.0000
1116,1,6,2026-06-17 14:52:43.240,0.2167,-0.0262,-0.1124,-0.3928,0.0871,0.0000
1117,1,6,2026-06-17 14:52:43.251,0.2168,-0.0262,-0.1124,-0.3927,0.0871,0.0000
1118,1,6,2026-06-17 14:52:43.274,0.2168,-0.0261,-0.1125,-0.3926,0.0871,0.0000
1119,1,6,2026-06-17 14:52:43.285,0.2168,-0.0261,-0.1125,-0.3926,0.0869,0.0000
1120,1,6,2026-06-17 14:52:43.306,0.2169,-0.0261,-0.1125,-0.3926,0.0869,0.0000
1121,1,6,2026-06-17 14:52:43.319,0.2169,-0.0261,-0.1125,-0.3924,0.0868,0.0000
1122,1,6,2026-06-17 14:52:43.341,0.2170,-0.0261,-0.1125,-0.3923,0.0869,0.0000
1123,1,6,2026-06-17 14:52:43.352,0.2170,-0.0261,-0.1126,-0.3924,0.0868,0.0000
1124,1,6,2026-06-17 14:52:43.373,0.2171,-0.0261,-0.1126,-0.3925,0.0866,0.0000
1125,1,6,2026-06-17 14:52:43.384,0.2171,-0.0261,-0.1127,-0.3924,0.0867,0.0000
1126,1,6,2026-06-17 14:52:43.407,0.2172,-0.0260,-0.1127,-0.3921,0.0871,0.0000
1127,1,6,2026-06-17 14:52:43.418,0.2172,-0.0260,-0.1127,-0.3920,0.0872,0.0000
1128,1,6,2026-06-17 14:52:43.440,0.2171,-0.0259,-0.1127,-0.3919,0.0873,0.0000
1129,1,6,2026-06-17 14:52:43.452,0.2171,-0.0259,-0.1128,-0.3918,0.0874,0.0000
1130,1,6,2026-06-17 14:52:43.474,0.2171,-0.0258,-0.1128,-0.3914,0.0876,0.0000
1131,1,6,2026-06-17 14:52:43.485,0.2170,-0.0258,-0.1128,-0.3914,0.0873,0.0000
1132,1,6,2026-06-17 14:52:43.507,0.2170,-0.0258,-0.1129,-0.3917,0.0867,0.0000
1133,1,6,2026-06-17 14:52:43.518,0.2170,-0.0257,-0.1129,-0.3919,0.0867,0.0000
1134,1,6,2026-06-17 14:52:43.541,0.2170,-0.0257,-0.1129,-0.3919,0.0870,0.0000
1135,1,6,2026-06-17 14:52:43.551,0.2170,-0.0257,-0.1130,-0.3919,0.0870,0.0000
1136,1,6,2026-06-17 14:52:43.573,0.2170,-0.0258,-0.1131,-0.3917,0.0875,0.0000
1137,1,6,2026-06-17 14:52:43.584,0.2170,-0.0258,-0.1132,-0.3916,0.0875,0.0000
1138,1,6,2026-06-17 14:52:43.607,0.2170,-0.0258,-0.1133,-0.3912,0.0880,0.0000
1139,1,6,2026-06-17 14:52:43.617,0.2170,-0.0257,-0.1133,-0.3908,0.0886,0.0000
1140,1,6,2026-06-17 14:52:43.641,0.2170,-0.0256,-0.1133,-0.3906,0.0889,0.0000
1141,1,6,2026-06-17 14:52:43.651,0.2170,-0.0256,-0.1134,-0.3903,0.0890,0.0000
1142,1,6,2026-06-17 14:52:43.673,0.2170,-0.0255,-0.1134,-0.3903,0.0890,0.0000
1143,1,6,2026-06-17 14:52:43.684,0.2170,-0.0255,-0.1135,-0.3903,0.0891,0.0000
1144,1,6,2026-06-17 14:52:43.706,0.2170,-0.0254,-0.1135,-0.3901,0.0893,0.0000
1145,1,6,2026-06-17 14:52:43.717,0.2170,-0.0254,-0.1135,-0.3897,0.0896,0.0000
1146,1,6,2026-06-17 14:52:43.740,0.2170,-0.0252,-0.1136,-0.3889,0.0901,0.0000
1147,1,6,2026-06-17 14:52:43.752,0.2170,-0.0251,-0.1135,-0.3885,0.0904,0.0000
1148,1,6,2026-06-17 14:52:43.774,0.2171,-0.0250,-0.1135,-0.3882,0.0909,0.0000
1149,1,6,2026-06-17 14:52:43.785,0.2171,-0.0250,-0.1135,-0.3882,0.0909,0.0000
1150,1,6,2026-06-17 14:52:43.807,0.2171,-0.0250,-0.1135,-0.3882,0.0911,0.0000
1151,1,6,2026-06-17 14:52:43.819,0.2171,-0.0250,-0.1135,-0.3881,0.0912,0.0000
1152,1,6,2026-06-17 14:52:43.840,0.2170,-0.0250,-0.1135,-0.3880,0.0913,0.0000
1153,1,6,2026-06-17 14:52:43.852,0.2170,-0.0250,-0.1136,-0.3882,0.0911,0.0000
1154,1,6,2026-06-17 14:52:43.874,0.2170,-0.0250,-0.1136,-0.3884,0.0907,0.0000
1155,1,6,2026-06-17 14:52:43.885,0.2170,-0.0250,-0.1137,-0.3887,0.0905,0.0000
1156,1,6,2026-06-17 14:52:43.906,0.2170,-0.0251,-0.1137,-0.3890,0.0902,0.0000
1157,1,6,2026-06-17 14:52:43.918,0.2170,-0.0252,-0.1137,-0.3890,0.0902,0.0000
1158,1,6,2026-06-17 14:52:43.939,0.2170,-0.0252,-0.1137,-0.3892,0.0900,0.0000
1159,1,6,2026-06-17 14:52:43.952,0.2170,-0.0252,-0.1136,-0.3894,0.0898,0.0000
1160,1,6,2026-06-17 14:52:43.973,0.2170,-0.0254,-0.1136,-0.3901,0.0891,0.0000
1161,1,6,2026-06-17 14:52:43.984,0.2170,-0.0254,-0.1136,-0.3903,0.0888,0.0000
1162,1,6,2026-06-17 14:52:44.007,0.2171,-0.0255,-0.1136,-0.3905,0.0888,0.0000
1163,1,6,2026-06-17 14:52:44.018,0.2171,-0.0255,-0.1135,-0.3905,0.0889,0.0000
1164,1,6,2026-06-17 14:52:44.040,0.2171,-0.0255,-0.1134,-0.3905,0.0890,0.0000
1165,1,6,2026-06-17 14:52:44.052,0.2171,-0.0255,-0.1134,-0.3904,0.0892,0.0000
1166,1,6,2026-06-17 14:52:44.074,0.2171,-0.0255,-0.1134,-0.3904,0.0892,0.0000
1167,1,6,2026-06-17 14:52:44.085,0.2171,-0.0256,-0.1134,-0.3905,0.0891,0.0000
1168,1,6,2026-06-17 14:52:44.106,0.2172,-0.0256,-0.1134,-0.3905,0.0891,0.0000
1169,1,6,2026-06-17 14:52:44.118,0.2172,-0.0256,-0.1133,-0.3904,0.0892,0.0000
1170,1,6,2026-06-17 14:52:44.140,0.2171,-0.0255,-0.1133,-0.3903,0.0891,0.0000
1171,1,6,2026-06-17 14:52:44.152,0.2171,-0.0255,-0.1133,-0.3903,0.0891,0.0000
1172,1,6,2026-06-17 14:52:44.173,0.2171,-0.0255,-0.1133,-0.3905,0.0887,0.0000
1173,1,7,2026-06-17 14:52:44.184,0.2171,-0.0255,-0.1133,-0.3906,0.0886,0.0000
1174,1,7,2026-06-17 14:52:44.206,0.2171,-0.0255,-0.1133,-0.3905,0.0886,0.0000
1175,1,7,2026-06-17 14:52:44.218,0.2171,-0.0255,-0.1133,-0.3905,0.0886,0.0000
1176,1,7,2026-06-17 14:52:44.240,0.2171,-0.0255,-0.1132,-0.3906,0.0883,0.0000
1177,1,7,2026-06-17 14:52:44.251,0.2171,-0.0255,-0.1132,-0.3908,0.0881,0.0000
1178,1,7,2026-06-17 14:52:44.273,0.2171,-0.0256,-0.1132,-0.3909,0.0879,0.0000
1179,1,7,2026-06-17 14:52:44.284,0.2172,-0.0256,-0.1131,-0.3909,0.0878,0.0000
1180,1,7,2026-06-17 14:52:44.307,0.2172,-0.0257,-0.1130,-0.3912,0.0878,0.0000
1181,1,7,2026-06-17 14:52:44.318,0.2173,-0.0257,-0.1129,-0.3914,0.0876,0.0000
1182,1,7,2026-06-17 14:52:44.340,0.2173,-0.0258,-0.1129,-0.3916,0.0875,0.0000
1183,1,7,2026-06-17 14:52:44.352,0.2173,-0.0259,-0.1129,-0.3915,0.0874,0.0000
1184,1,7,2026-06-17 14:52:44.373,0.2174,-0.0258,-0.1128,-0.3913,0.0876,0.0000
1185,1,7,2026-06-17 14:52:44.384,0.2173,-0.0258,-0.1127,-0.3912,0.0876,0.0000
1186,1,7,2026-06-17 14:52:44.407,0.2173,-0.0258,-0.1127,-0.3917,0.0867,0.0000
1187,1,7,2026-06-17 14:52:44.417,0.2173,-0.0258,-0.1127,-0.3922,0.0861,0.0000
1188,1,7,2026-06-17 14:52:44.440,0.2174,-0.0258,-0.1127,-0.3922,0.0864,0.0000
1189,1,7,2026-06-17 14:52:44.451,0.2174,-0.0258,-0.1127,-0.3922,0.0864,0.0000
1190,1,7,2026-06-17 14:52:44.473,0.2175,-0.0258,-0.1128,-0.3920,0.0866,0.0000
1191,1,7,2026-06-17 14:52:44.485,0.2175,-0.0258,-0.1128,-0.3920,0.0865,0.0000
1192,1,7,2026-06-17 14:52:44.507,0.2175,-0.0258,-0.1128,-0.3920,0.0864,0.0000
1193,1,7,2026-06-17 14:52:44.518,0.2176,-0.0258,-0.1129,-0.3919,0.0865,0.0000
1194,1,7,2026-06-17 14:52:44.540,0.2176,-0.0258,-0.1129,-0.3913,0.0871,0.0000
1195,1,7,2026-06-17 14:52:44.551,0.2176,-0.0258,-0.1130,-0.3912,0.0871,0.0000
1196,1,7,2026-06-17 14:52:44.573,0.2177,-0.0257,-0.1130,-0.3912,0.0871,0.0000
1197,1,7,2026-06-17 14:52:44.584,0.2177,-0.0258,-0.1130,-0.3914,0.0869,0.0000
1198,1,7,2026-06-17 14:52:44.607,0.2178,-0.0258,-0.1131,-0.3917,0.0866,0.0000
1199,1,7,2026-06-17 14:52:44.618,0.2178,-0.0258,-0.1131,-0.3916,0.0868,0.0000
1200,1,7,2026-06-17 14:52:44.641,0.2178,-0.0257,-0.1130,-0.3913,0.0869,0.0000
1201,1,7,2026-06-17 14:52:44.651,0.2178,-0.0257,-0.1129,-0.3913,0.0867,0.0000
1202,1,7,2026-06-17 14:52:44.673,0.2179,-0.0258,-0.1129,-0.3916,0.0860,0.0000
1203,1,7,2026-06-17 14:52:44.685,0.2179,-0.0258,-0.1129,-0.3917,0.0859,0.0000
1204,1,7,2026-06-17 14:52:44.708,0.2179,-0.0258,-0.1128,-0.3919,0.0858,0.0000
1205,1,7,2026-06-17 14:52:44.719,0.2179,-0.0258,-0.1128,-0.3918,0.0858,0.0000
1206,1,7,2026-06-17 14:52:44.741,0.2179,-0.0258,-0.1127,-0.3917,0.0859,0.0000
1207,1,7,2026-06-17 14:52:44.751,0.2179,-0.0258,-0.1127,-0.3919,0.0859,0.0000
1208,1,7,2026-06-17 14:52:44.773,0.2179,-0.0259,-0.1128,-0.3922,0.0855,0.0000
1209,1,7,2026-06-17 14:52:44.784,0.2179,-0.0259,-0.1128,-0.3923,0.0854,0.0000
1210,1,7,2026-06-17 14:52:44.806,0.2178,-0.0258,-0.1126,-0.3923,0.0855,0.0000
1211,1,7,2026-06-17 14:52:44.818,0.2178,-0.0258,-0.1125,-0.3921,0.0857,0.0000
1212,1,7,2026-06-17 14:52:44.840,0.2177,-0.0257,-0.1125,-0.3918,0.0859,0.0000
1213,1,7,2026-06-17 14:52:44.852,0.2177,-0.0257,-0.1125,-0.3918,0.0858,0.0000
1214,1,7,2026-06-17 14:52:44.873,0.2177,-0.0257,-0.1126,-0.3919,0.0858,0.0000
1215,1,7,2026-06-17 14:52:44.885,0.2176,-0.0257,-0.1126,-0.3919,0.0859,0.0000
1216,1,7,2026-06-17 14:52:44.906,0.2175,-0.0257,-0.1125,-0.3917,0.0862,0.0000
1217,1,7,2026-06-17 14:52:44.918,0.2175,-0.0257,-0.1126,-0.3914,0.0863,0.0000
1218,1,7,2026-06-17 14:52:44.940,0.2175,-0.0257,-0.1126,-0.3914,0.0864,0.0000
1219,1,7,2026-06-17 14:52:44.951,0.2175,-0.0257,-0.1127,-0.3915,0.0864,0.0000
1220,1,7,2026-06-17 14:52:44.973,0.2175,-0.0257,-0.1128,-0.3913,0.0867,0.0000
1221,1,7,2026-06-17 14:52:44.985,0.2175,-0.0257,-0.1127,-0.3913,0.0868,0.0000
1222,1,7,2026-06-17 14:52:45.006,0.2175,-0.0257,-0.1127,-0.3912,0.0870,0.0000
1223,1,7,2026-06-17 14:52:45.017,0.2175,-0.0257,-0.1127,-0.3912,0.0870,0.0000
1224,1,7,2026-06-17 14:52:45.040,0.2175,-0.0257,-0.1128,-0.3912,0.0870,0.0000
1225,1,7,2026-06-17 14:52:45.051,0.2176,-0.0257,-0.1128,-0.3911,0.0871,0.0000
1226,1,7,2026-06-17 14:52:45.073,0.2176,-0.0256,-0.1128,-0.3908,0.0873,0.0000
1227,1,7,2026-06-17 14:52:45.084,0.2176,-0.0256,-0.1128,-0.3908,0.0873,0.0000
1228,1,7,2026-06-17 14:52:45.106,0.2177,-0.0255,-0.1129,-0.3908,0.0871,0.0000
1229,1,7,2026-06-17 14:52:45.118,0.2177,-0.0255,-0.1129,-0.3907,0.0871,0.0000
1230,1,7,2026-06-17 14:52:45.140,0.2178,-0.0255,-0.1129,-0.3906,0.0871,0.0000
1231,1,7,2026-06-17 14:52:45.151,0.2178,-0.0255,-0.1129,-0.3905,0.0871,0.0000
1232,1,7,2026-06-17 14:52:45.173,0.2179,-0.0255,-0.1129,-0.3906,0.0870,0.0000
1233,1,7,2026-06-17 14:52:45.184,0.2179,-0.0255,-0.1129,-0.3906,0.0869,0.0000
1234,1,7,2026-06-17 14:52:45.206,0.2180,-0.0255,-0.1129,-0.3909,0.0864,0.0000
1235,1,7,2026-06-17 14:52:45.218,0.2180,-0.0255,-0.1129,-0.3910,0.0863,0.0000
1236,1,7,2026-06-17 14:52:45.239,0.2181,-0.0255,-0.1129,-0.3909,0.0864,0.0000
1237,1,7,2026-06-17 14:52:45.251,0.2181,-0.0255,-0.1129,-0.3908,0.0865,0.0000
1238,1,7,2026-06-17 14:52:45.273,0.2181,-0.0255,-0.1130,-0.3907,0.0866,0.0000
1239,1,7,2026-06-17 14:52:45.285,0.2181,-0.0255,-0.1129,-0.3906,0.0866,0.0000
1240,1,7,2026-06-17 14:52:45.306,0.2180,-0.0254,-0.1128,-0.3905,0.0865,0.0000
1241,1,7,2026-06-17 14:52:45.317,0.2180,-0.0254,-0.1128,-0.3905,0.0864,0.0000
1242,1,8,2026-06-17 14:52:45.339,0.2180,-0.0255,-0.1128,-0.3913,0.0853,0.0000
1243,1,8,2026-06-17 14:52:45.351,0.2179,-0.0255,-0.1128,-0.3914,0.0853,0.0000
1244,1,8,2026-06-17 14:52:45.373,0.2180,-0.0255,-0.1128,-0.3915,0.0857,0.0000
1245,1,8,2026-06-17 14:52:45.384,0.2179,-0.0256,-0.1128,-0.3916,0.0857,0.0000
1246,1,8,2026-06-17 14:52:45.406,0.2179,-0.0256,-0.1128,-0.3916,0.0858,0.0000
1247,1,8,2026-06-17 14:52:45.418,0.2179,-0.0257,-0.1128,-0.3916,0.0858,0.0000
1248,1,8,2026-06-17 14:52:45.440,0.2179,-0.0257,-0.1128,-0.3914,0.0860,0.0000
1249,1,8,2026-06-17 14:52:45.452,0.2179,-0.0257,-0.1128,-0.3913,0.0862,0.0000
1250,1,8,2026-06-17 14:52:45.473,0.2179,-0.0257,-0.1128,-0.3911,0.0864,0.0000
1251,1,8,2026-06-17 14:52:45.485,0.2178,-0.0256,-0.1128,-0.3910,0.0865,0.0000
1252,1,8,2026-06-17 14:52:45.507,0.2178,-0.0256,-0.1127,-0.3911,0.0865,0.0000
1253,1,8,2026-06-17 14:52:45.518,0.2178,-0.0256,-0.1128,-0.3912,0.0863,0.0000
1254,1,8,2026-06-17 14:52:45.540,0.2178,-0.0256,-0.1128,-0.3915,0.0862,0.0000
1255,1,8,2026-06-17 14:52:45.552,0.2178,-0.0256,-0.1128,-0.3915,0.0861,0.0000
1256,1,8,2026-06-17 14:52:45.573,0.2178,-0.0256,-0.1127,-0.3914,0.0858,0.0000
1257,1,8,2026-06-17 14:52:45.584,0.2178,-0.0256,-0.1126,-0.3915,0.0853,0.0000
1258,1,8,2026-06-17 14:52:45.606,0.2178,-0.0256,-0.1126,-0.3915,0.0853,0.0000
1259,1,8,2026-06-17 14:52:45.617,0.2179,-0.0256,-0.1125,-0.3915,0.0853,0.0000
1260,1,8,2026-06-17 14:52:45.640,0.2179,-0.0256,-0.1125,-0.3917,0.0851,0.0000
1261,1,8,2026-06-17 14:52:45.652,0.2179,-0.0257,-0.1125,-0.3917,0.0850,0.0000
1262,1,8,2026-06-17 14:52:45.674,0.2179,-0.0257,-0.1125,-0.3917,0.0850,0.0000
1263,1,8,2026-06-17 14:52:45.685,0.2180,-0.0257,-0.1124,-0.3919,0.0849,0.0000
1264,1,8,2026-06-17 14:52:45.707,0.2180,-0.0257,-0.1123,-0.3923,0.0843,0.0000
1265,1,8,2026-06-17 14:52:45.718,0.2180,-0.0257,-0.1123,-0.3923,0.0843,0.0000
1266,1,8,2026-06-17 14:52:45.739,0.2180,-0.0257,-0.1123,-0.3922,0.0846,0.0000
1267,1,8,2026-06-17 14:52:45.752,0.2180,-0.0257,-0.1123,-0.3920,0.0847,0.0000
1268,1,8,2026-06-17 14:52:45.773,0.2179,-0.0257,-0.1124,-0.3920,0.0847,0.0000
1269,1,8,2026-06-17 14:52:45.784,0.2179,-0.0257,-0.1124,-0.3920,0.0847,0.0000
1270,1,8,2026-06-17 14:52:45.807,0.2179,-0.0257,-0.1123,-0.3921,0.0846,0.0000
1271,1,8,2026-06-17 14:52:45.818,0.2179,-0.0257,-0.1123,-0.3921,0.0847,0.0000
1272,1,8,2026-06-17 14:52:45.841,0.2178,-0.0257,-0.1124,-0.3919,0.0849,0.0000
1273,1,8,2026-06-17 14:52:45.852,0.2178,-0.0257,-0.1124,-0.3919,0.0849,0.0000
1274,1,8,2026-06-17 14:52:45.873,0.2178,-0.0257,-0.1125,-0.3920,0.0847,0.0000
1275,1,8,2026-06-17 14:52:45.885,0.2178,-0.0257,-0.1125,-0.3921,0.0848,0.0000
1276,1,8,2026-06-17 14:52:45.907,0.2178,-0.0257,-0.1126,-0.3919,0.0852,0.0000
1277,1,8,2026-06-17 14:52:45.918,0.2178,-0.0257,-0.1126,-0.3918,0.0854,0.0000
1278,1,8,2026-06-17 14:52:45.940,0.2178,-0.0256,-0.1127,-0.3916,0.0856,0.0000
1279,1,8,2026-06-17 14:52:45.952,0.2179,-0.0256,-0.1127,-0.3916,0.0855,0.0000
1280,1,8,2026-06-17 14:52:45.973,0.2179,-0.0257,-0.1126,-0.3918,0.0853,0.0000
1281,1,8,2026-06-17 14:52:45.985,0.2179,-0.0257,-0.1126,-0.3918,0.0852,0.0000
1282,1,8,2026-06-17 14:52:46.007,0.2179,-0.0256,-0.1126,-0.3915,0.0854,0.0000
1283,1,8,2026-06-17 14:52:46.018,0.2179,-0.0256,-0.1126,-0.3915,0.0853,0.0000
1284,1,8,2026-06-17 14:52:46.041,0.2179,-0.0256,-0.1126,-0.3916,0.0851,0.0000
1285,1,8,2026-06-17 14:52:46.052,0.2180,-0.0256,-0.1127,-0.3917,0.0850,0.0000
1286,1,8,2026-06-17 14:52:46.073,0.2180,-0.0257,-0.1126,-0.3919,0.0848,0.0000
1287,1,8,2026-06-17 14:52:46.084,0.2180,-0.0256,-0.1125,-0.3920,0.0848,0.0000
1288,1,8,2026-06-17 14:52:46.106,0.2180,-0.0256,-0.1125,-0.3918,0.0848,0.0000
1289,1,8,2026-06-17 14:52:46.117,0.2180,-0.0257,-0.1125,-0.3919,0.0846,0.0000
1290,1,8,2026-06-17 14:52:46.142,0.2180,-0.0257,-0.1125,-0.3922,0.0843,0.0000
1291,1,8,2026-06-17 14:52:46.153,0.2180,-0.0258,-0.1125,-0.3922,0.0843,0.0000
1292,1,8,2026-06-17 14:52:46.175,0.2180,-0.0258,-0.1125,-0.3921,0.0846,0.0000
1293,1,8,2026-06-17 14:52:46.185,0.2180,-0.0258,-0.1125,-0.3919,0.0847,0.0000
1294,1,8,2026-06-17 14:52:46.207,0.2180,-0.0257,-0.1125,-0.3918,0.0848,0.0000
1295,1,8,2026-06-17 14:52:46.218,0.2180,-0.0257,-0.1125,-0.3917,0.0849,0.0000
1296,1,8,2026-06-17 14:52:46.241,0.2180,-0.0255,-0.1124,-0.3914,0.0853,0.0000
1297,1,8,2026-06-17 14:52:46.252,0.2179,-0.0255,-0.1124,-0.3913,0.0851,0.0000
1298,1,8,2026-06-17 14:52:46.273,0.2179,-0.0256,-0.1124,-0.3919,0.0844,0.0000
1299,1,8,2026-06-17 14:52:46.284,0.2179,-0.0256,-0.1125,-0.3921,0.0841,0.0000
1300,1,8,2026-06-17 14:52:46.307,0.2179,-0.0256,-0.1125,-0.3923,0.0845,0.0000
1301,1,8,2026-06-17 14:52:46.318,0.2179,-0.0256,-0.1125,-0.3922,0.0847,0.0000
1302,1,8,2026-06-17 14:52:46.340,0.2180,-0.0256,-0.1126,-0.3919,0.0849,0.0000
1303,1,8,2026-06-17 14:52:46.352,0.2180,-0.0256,-0.1126,-0.3917,0.0851,0.0000
1304,1,8,2026-06-17 14:52:46.373,0.2181,-0.0256,-0.1127,-0.3915,0.0854,0.0000
1305,1,8,2026-06-17 14:52:46.384,0.2181,-0.0255,-0.1127,-0.3914,0.0855,0.0000
1306,1,8,2026-06-17 14:52:46.407,0.2181,-0.0255,-0.1128,-0.3910,0.0859,0.0000
1307,1,8,2026-06-17 14:52:46.418,0.2181,-0.0254,-0.1127,-0.3909,0.0861,0.0000
1308,1,8,2026-06-17 14:52:46.440,0.2181,-0.0254,-0.1127,-0.3909,0.0861,0.0000
1309,1,8,2026-06-17 14:52:46.452,0.2181,-0.0254,-0.1127,-0.3910,0.0860,0.0000
1310,1,8,2026-06-17 14:52:46.473,0.2182,-0.0254,-0.1128,-0.3911,0.0858,0.0000
1311,1,9,2026-06-17 14:52:46.484,0.2182,-0.0254,-0.1128,-0.3911,0.0858,0.0000
1312,1,9,2026-06-17 14:52:46.506,0.2182,-0.0254,-0.1128,-0.3911,0.0853,0.0000
1313,1,9,2026-06-17 14:52:46.518,0.2182,-0.0253,-0.1127,-0.3912,0.0849,0.0000
1314,1,9,2026-06-17 14:52:46.540,0.2182,-0.0253,-0.1127,-0.3911,0.0849,0.0000
1315,1,9,2026-06-17 14:52:46.551,0.2182,-0.0254,-0.1126,-0.3912,0.0848,0.0000
1316,1,9,2026-06-17 14:52:46.574,0.2183,-0.0254,-0.1126,-0.3913,0.0845,0.0000
1317,1,9,2026-06-17 14:52:46.584,0.2183,-0.0254,-0.1126,-0.3913,0.0842,0.0000
1318,1,9,2026-06-17 14:52:46.607,0.2183,-0.0255,-0.1124,-0.3917,0.0843,0.0000
1319,1,9,2026-06-17 14:52:46.617,0.2183,-0.0255,-0.1124,-0.3917,0.0843,0.0000
1320,1,9,2026-06-17 14:52:46.640,0.2182,-0.0255,-0.1124,-0.3919,0.0842,0.0000
1321,1,9,2026-06-17 14:52:46.651,0.2182,-0.0255,-0.1123,-0.3920,0.0841,0.0000
1322,1,9,2026-06-17 14:52:46.673,0.2182,-0.0255,-0.1123,-0.3917,0.0843,0.0000
1323,1,9,2026-06-17 14:52:46.685,0.2181,-0.0255,-0.1123,-0.3916,0.0846,0.0000
1324,1,9,2026-06-17 14:52:46.707,0.2180,-0.0255,-0.1123,-0.3914,0.0847,0.0000
1325,1,9,2026-06-17 14:52:46.718,0.2180,-0.0255,-0.1124,-0.3914,0.0847,0.0000
1326,1,9,2026-06-17 14:52:46.740,0.2179,-0.0256,-0.1124,-0.3917,0.0846,0.0000
1327,1,9,2026-06-17 14:52:46.752,0.2179,-0.0256,-0.1124,-0.3917,0.0846,0.0000
1328,1,9,2026-06-17 14:52:46.773,0.2178,-0.0255,-0.1123,-0.3916,0.0848,0.0000
1329,1,9,2026-06-17 14:52:46.784,0.2178,-0.0255,-0.1122,-0.3916,0.0849,0.0000
1330,1,9,2026-06-17 14:52:46.807,0.2177,-0.0256,-0.1122,-0.3917,0.0849,0.0000
1331,1,9,2026-06-17 14:52:46.818,0.2177,-0.0256,-0.1122,-0.3919,0.0847,0.0000
1332,1,9,2026-06-17 14:52:46.841,0.2178,-0.0256,-0.1122,-0.3921,0.0847,0.0000
1333,1,9,2026-06-17 14:52:46.852,0.2178,-0.0256,-0.1121,-0.3921,0.0847,0.0000
1334,1,9,2026-06-17 14:52:46.873,0.2178,-0.0256,-0.1121,-0.3919,0.0849,0.0000
1335,1,9,2026-06-17 14:52:46.884,0.2178,-0.0256,-0.1121,-0.3919,0.0849,0.0000
1336,1,9,2026-06-17 14:52:46.906,0.2178,-0.0257,-0.1121,-0.3921,0.0847,0.0000
1337,1,9,2026-06-17 14:52:46.917,0.2178,-0.0257,-0.1120,-0.3922,0.0845,0.0000
1338,1,9,2026-06-17 14:52:46.941,0.2179,-0.0257,-0.1120,-0.3922,0.0843,0.0000
1339,1,9,2026-06-17 14:52:46.952,0.2179,-0.0257,-0.1120,-0.3922,0.0843,0.0000
1340,1,9,2026-06-17 14:52:46.973,0.2180,-0.0257,-0.1120,-0.3924,0.0840,0.0000
1341,1,9,2026-06-17 14:52:46.984,0.2180,-0.0257,-0.1119,-0.3924,0.0838,0.0000
1342,1,9,2026-06-17 14:52:47.007,0.2181,-0.0257,-0.1119,-0.3925,0.0836,0.0000
1343,1,9,2026-06-17 14:52:47.017,0.2181,-0.0257,-0.1119,-0.3926,0.0835,0.0000
1344,1,9,2026-06-17 14:52:47.041,0.2181,-0.0257,-0.1118,-0.3925,0.0835,0.0000
1345,1,9,2026-06-17 14:52:47.052,0.2181,-0.0257,-0.1118,-0.3925,0.0834,0.0000
1346,1,9,2026-06-17 14:52:47.074,0.2182,-0.0256,-0.1118,-0.3926,0.0833,0.0000
1347,1,9,2026-06-17 14:52:47.084,0.2182,-0.0257,-0.1118,-0.3926,0.0834,0.0000
1348,1,9,2026-06-17 14:52:47.106,0.2182,-0.0257,-0.1119,-0.3926,0.0833,0.0000
1349,1,9,2026-06-17 14:52:47.118,0.2182,-0.0257,-0.1119,-0.3926,0.0833,0.0000
1350,1,9,2026-06-17 14:52:47.140,0.2182,-0.0256,-0.1118,-0.3924,0.0835,0.0000
1351,1,9,2026-06-17 14:52:47.152,0.2182,-0.0256,-0.1118,-0.3922,0.0836,0.0000
1352,1,9,2026-06-17 14:52:47.173,0.2181,-0.0255,-0.1118,-0.3921,0.0836,0.0000
1353,1,9,2026-06-17 14:52:47.185,0.2181,-0.0256,-0.1118,-0.3924,0.0831,0.0000
1354,1,9,2026-06-17 14:52:47.207,0.2181,-0.0257,-0.1118,-0.3930,0.0825,0.0000
1355,1,9,2026-06-17 14:52:47.218,0.2182,-0.0257,-0.1118,-0.3931,0.0827,0.0000
1356,1,9,2026-06-17 14:52:47.241,0.2182,-0.0257,-0.1118,-0.3931,0.0829,0.0000
1357,1,9,2026-06-17 14:52:47.252,0.2182,-0.0257,-0.1118,-0.3930,0.0830,0.0000
1358,1,9,2026-06-17 14:52:47.274,0.2182,-0.0258,-0.1118,-0.3930,0.0829,0.0000
1359,1,9,2026-06-17 14:52:47.285,0.2182,-0.0258,-0.1118,-0.3930,0.0829,0.0000
1360,1,9,2026-06-17 14:52:47.307,0.2182,-0.0258,-0.1119,-0.3929,0.0832,0.0000
1361,1,9,2026-06-17 14:52:47.319,0.2182,-0.0258,-0.1119,-0.3927,0.0834,0.0000
1362,1,9,2026-06-17 14:52:47.341,0.2182,-0.0258,-0.1119,-0.3924,0.0836,0.0000
1363,1,9,2026-06-17 14:52:47.351,0.2182,-0.0258,-0.1119,-0.3925,0.0836,0.0000
1364,1,9,2026-06-17 14:52:47.374,0.2182,-0.0258,-0.1120,-0.3928,0.0833,0.0000
1365,1,9,2026-06-17 14:52:47.385,0.2182,-0.0258,-0.1120,-0.3928,0.0832,0.0000
1366,1,9,2026-06-17 14:52:47.407,0.2182,-0.0257,-0.1119,-0.3927,0.0835,0.0000
1367,1,9,2026-06-17 14:52:47.419,0.2182,-0.0257,-0.1119,-0.3926,0.0836,0.0000
1368,1,9,2026-06-17 14:52:47.441,0.2182,-0.0257,-0.1119,-0.3927,0.0829,0.0000
1369,1,9,2026-06-17 14:52:47.452,0.2182,-0.0257,-0.1119,-0.3928,0.0827,0.0000
1370,1,9,2026-06-17 14:52:47.473,0.2183,-0.0257,-0.1119,-0.3930,0.0825,0.0000
1371,1,9,2026-06-17 14:52:47.485,0.2183,-0.0258,-0.1118,-0.3930,0.0826,0.0000
1372,1,9,2026-06-17 14:52:47.507,0.2183,-0.0258,-0.1118,-0.3931,0.0824,0.0000
1373,1,9,2026-06-17 14:52:47.518,0.2183,-0.0259,-0.1118,-0.3932,0.0824,0.0000
1374,1,9,2026-06-17 14:52:47.541,0.2182,-0.0259,-0.1117,-0.3934,0.0824,0.0000
1375,1,9,2026-06-17 14:52:47.552,0.2182,-0.0260,-0.1117,-0.3934,0.0825,0.0000
1376,1,9,2026-06-17 14:52:47.574,0.2182,-0.0260,-0.1117,-0.3936,0.0823,0.0000
1377,1,9,2026-06-17 14:52:47.586,0.2181,-0.0260,-0.1117,-0.3936,0.0824,0.0000
1378,1,9,2026-06-17 14:52:47.608,0.2181,-0.0260,-0.1117,-0.3935,0.0824,0.0000
1379,1,9,2026-06-17 14:52:47.619,0.2180,-0.0260,-0.1117,-0.3934,0.0825,0.0000
1380,2,0,2026-06-17 14:52:47.641,0.2179,-0.0260,-0.1116,-0.3934,0.0827,0.0000
1381,2,0,2026-06-17 14:52:47.652,0.2179,-0.0260,-0.1116,-0.3934,0.0827,0.0000
1382,2,0,2026-06-17 14:52:47.674,0.2178,-0.0260,-0.1117,-0.3934,0.0828,0.0000
1383,2,0,2026-06-17 14:52:47.686,0.2178,-0.0260,-0.1117,-0.3934,0.0829,0.0000
1384,2,0,2026-06-17 14:52:47.708,0.2178,-0.0260,-0.1117,-0.3933,0.0831,0.0000
1385,2,0,2026-06-17 14:52:47.719,0.2178,-0.0260,-0.1117,-0.3933,0.0832,0.0000
1386,2,0,2026-06-17 14:52:47.741,0.2177,-0.0260,-0.1117,-0.3931,0.0835,0.0000
1387,2,0,2026-06-17 14:52:47.752,0.2177,-0.0260,-0.1117,-0.3930,0.0837,0.0000
1388,2,0,2026-06-17 14:52:47.775,0.2177,-0.0260,-0.1117,-0.3928,0.0839,0.0000
1389,2,0,2026-06-17 14:52:47.785,0.2177,-0.0260,-0.1118,-0.3928,0.0838,0.0000
1390,2,0,2026-06-17 14:52:47.808,0.2178,-0.0260,-0.1118,-0.3930,0.0836,0.0000
1391,2,0,2026-06-17 14:52:47.819,0.2178,-0.0261,-0.1118,-0.3930,0.0835,0.0000
1392,2,0,2026-06-17 14:52:47.841,0.2178,-0.0261,-0.1118,-0.3930,0.0835,0.0000
1393,2,0,2026-06-17 14:52:47.851,0.2178,-0.0260,-0.1118,-0.3929,0.0836,0.0000
1394,2,0,2026-06-17 14:52:47.874,0.2178,-0.0261,-0.1118,-0.3929,0.0835,0.0000
1395,2,0,2026-06-17 14:52:47.885,0.2179,-0.0261,-0.1118,-0.3930,0.0834,0.0000
1396,2,0,2026-06-17 14:52:47.908,0.2179,-0.0261,-0.1119,-0.3929,0.0834,0.0000
1397,2,0,2026-06-17 14:52:47.919,0.2179,-0.0261,-0.1119,-0.3929,0.0834,0.0000
1398,2,0,2026-06-17 14:52:47.940,0.2180,-0.0261,-0.1119,-0.3928,0.0833,0.0000
1399,2,0,2026-06-17 14:52:47.951,0.2180,-0.0261,-0.1119,-0.3929,0.0832,0.0000
1400,2,0,2026-06-17 14:52:47.974,0.2181,-0.0262,-0.1119,-0.3931,0.0829,0.0000
1401,2,0,2026-06-17 14:52:47.985,0.2181,-0.0262,-0.1119,-0.3931,0.0830,0.0000
1402,2,0,2026-06-17 14:52:48.006,0.2181,-0.0262,-0.1119,-0.3931,0.0831,0.0000
1403,2,0,2026-06-17 14:52:48.017,0.2181,-0.0262,-0.1119,-0.3931,0.0831,0.0000
1404,2,0,2026-06-17 14:52:48.041,0.2181,-0.0262,-0.1119,-0.3931,0.0831,0.0000
1405,2,0,2026-06-17 14:52:48.051,0.2181,-0.0262,-0.1119,-0.3929,0.0833,0.0000
1406,2,0,2026-06-17 14:52:48.073,0.2180,-0.0261,-0.1119,-0.3925,0.0837,0.0000
1407,2,0,2026-06-17 14:52:48.085,0.2180,-0.0261,-0.1119,-0.3923,0.0838,0.0000
1408,2,0,2026-06-17 14:52:48.107,0.2179,-0.0260,-0.1118,-0.3928,0.0830,0.0000
1409,2,0,2026-06-17 14:52:48.119,0.2179,-0.0261,-0.1118,-0.3929,0.0828,0.0000
1410,2,0,2026-06-17 14:52:48.140,0.2179,-0.0261,-0.1118,-0.3936,0.0825,0.0000
1411,2,0,2026-06-17 14:52:48.152,0.2179,-0.0261,-0.1119,-0.3934,0.0829,0.0000
1412,2,0,2026-06-17 14:52:48.173,0.2179,-0.0262,-0.1119,-0.3932,0.0833,0.0000
1413,2,0,2026-06-17 14:52:48.184,0.2179,-0.0262,-0.1119,-0.3932,0.0834,0.0000
1414,2,0,2026-06-17 14:52:48.207,0.2179,-0.0262,-0.1119,-0.3932,0.0832,0.0000
1415,2,0,2026-06-17 14:52:48.218,0.2179,-0.0262,-0.1119,-0.3931,0.0834,0.0000
1416,2,0,2026-06-17 14:52:48.241,0.2179,-0.0262,-0.1120,-0.3929,0.0838,0.0000
1417,2,0,2026-06-17 14:52:48.251,0.2179,-0.0262,-0.1120,-0.3927,0.0840,0.0000
1418,2,0,2026-06-17 14:52:48.274,0.2178,-0.0262,-0.1120,-0.3927,0.0840,0.0000
1419,2,0,2026-06-17 14:52:48.285,0.2178,-0.0262,-0.1121,-0.3928,0.0840,0.0000
1420,2,0,2026-06-17 14:52:48.306,0.2179,-0.0262,-0.1121,-0.3932,0.0836,0.0000
1421,2,0,2026-06-17 14:52:48.319,0.2179,-0.0262,-0.1120,-0.3932,0.0836,0.0000
1422,2,0,2026-06-17 14:52:48.340,0.2178,-0.0261,-0.1119,-0.3930,0.0838,0.0000
1423,2,0,2026-06-17 14:52:48.352,0.2178,-0.0261,-0.1119,-0.3929,0.0836,0.0000
1424,2,0,2026-06-17 14:52:48.373,0.2178,-0.0261,-0.1120,-0.3933,0.0828,0.0000
1425,2,0,2026-06-17 14:52:48.385,0.2179,-0.0261,-0.1119,-0.3932,0.0829,0.0000
1426,2,0,2026-06-17 14:52:48.407,0.2179,-0.0262,-0.1119,-0.3934,0.0830,0.0000
1427,2,0,2026-06-17 14:52:48.418,0.2179,-0.0262,-0.1119,-0.3934,0.0829,0.0000
1428,2,0,2026-06-17 14:52:48.440,0.2179,-0.0263,-0.1119,-0.3934,0.0829,0.0000
1429,2,0,2026-06-17 14:52:48.451,0.2179,-0.0263,-0.1119,-0.3935,0.0829,0.0000
1430,2,0,2026-06-17 14:52:48.473,0.2179,-0.0264,-0.1119,-0.3940,0.0825,0.0000
1431,2,0,2026-06-17 14:52:48.485,0.2179,-0.0264,-0.1119,-0.3940,0.0825,0.0000
1432,2,0,2026-06-17 14:52:48.507,0.2179,-0.0264,-0.1118,-0.3939,0.0826,0.0000
1433,2,0,2026-06-17 14:52:48.518,0.2178,-0.0264,-0.1118,-0.3938,0.0827,0.0000
1434,2,0,2026-06-17 14:52:48.541,0.2178,-0.0264,-0.1118,-0.3938,0.0828,0.0000
1435,2,0,2026-06-17 14:52:48.552,0.2178,-0.0264,-0.1118,-0.3939,0.0827,0.0000
1436,2,0,2026-06-17 14:52:48.575,0.2177,-0.0264,-0.1118,-0.3939,0.0827,0.0000
1437,2,0,2026-06-17 14:52:48.584,0.2177,-0.0263,-0.1117,-0.3938,0.0829,0.0000
1438,2,0,2026-06-17 14:52:48.607,0.2177,-0.0263,-0.1117,-0.3937,0.0830,0.0000
1439,2,0,2026-06-17 14:52:48.619,0.2177,-0.0263,-0.1117,-0.3937,0.0831,0.0000
1440,2,0,2026-06-17 14:52:48.641,0.2177,-0.0263,-0.1118,-0.3937,0.0833,0.0000
1441,2,0,2026-06-17 14:52:48.651,0.2177,-0.0263,-0.1118,-0.3937,0.0833,0.0000
1442,2,0,2026-06-17 14:52:48.673,0.2176,-0.0263,-0.1118,-0.3935,0.0836,0.0000
1443,2,0,2026-06-17 14:52:48.684,0.2176,-0.0263,-0.1118,-0.3934,0.0837,0.0000
1444,2,0,2026-06-17 14:52:48.707,0.2177,-0.0263,-0.1118,-0.3935,0.0836,0.0000
1445,2,0,2026-06-17 14:52:48.718,0.2177,-0.0264,-0.1119,-0.3935,0.0835,0.0000
1446,2,0,2026-06-17 14:52:48.740,0.2177,-0.0264,-0.1119,-0.3937,0.0834,0.0000
1447,2,0,2026-06-17 14:52:48.751,0.2177,-0.0263,-0.1119,-0.3936,0.0834,0.0000
1448,2,0,2026-06-17 14:52:48.773,0.2177,-0.0263,-0.1119,-0.3935,0.0834,0.0000
1449,2,1,2026-06-17 14:52:48.785,0.2177,-0.0263,-0.1119,-0.3935,0.0834,0.0000
1450,2,1,2026-06-17 14:52:48.806,0.2178,-0.0263,-0.1119,-0.3936,0.0832,0.0000
1451,2,1,2026-06-17 14:52:48.818,0.2178,-0.0263,-0.1119,-0.3937,0.0831,0.0000
1452,2,1,2026-06-17 14:52:48.839,0.2179,-0.0263,-0.1120,-0.3937,0.0830,0.0000
1453,2,1,2026-06-17 14:52:48.851,0.2178,-0.0263,-0.1119,-0.3936,0.0830,0.0000
1454,2,1,2026-06-17 14:52:48.873,0.2178,-0.0263,-0.1119,-0.3935,0.0830,0.0000
1455,2,1,2026-06-17 14:52:48.883,0.2179,-0.0263,-0.1119,-0.3935,0.0829,0.0000
1456,2,1,2026-06-17 14:52:48.906,0.2179,-0.0263,-0.1119,-0.3938,0.0826,0.0000
1457,2,1,2026-06-17 14:52:48.917,0.2179,-0.0264,-0.1120,-0.3939,0.0825,0.0000
1458,2,1,2026-06-17 14:52:48.939,0.2180,-0.0264,-0.1120,-0.3940,0.0825,0.0000
1459,2,1,2026-06-17 14:52:48.950,0.2179,-0.0263,-0.1119,-0.3938,0.0827,0.0000
1460,2,1,2026-06-17 14:52:48.973,0.2179,-0.0263,-0.1119,-0.3937,0.0829,0.0000
1461,2,1,2026-06-17 14:52:48.983,0.2179,-0.0262,-0.1119,-0.3936,0.0830,0.0000
1462,2,1,2026-06-17 14:52:49.006,0.2179,-0.0262,-0.1119,-0.3934,0.0831,0.0000
1463,2,1,2026-06-17 14:52:49.017,0.2179,-0.0262,-0.1119,-0.3933,0.0832,0.0000
1464,2,1,2026-06-17 14:52:49.038,0.2178,-0.0261,-0.1119,-0.3931,0.0832,0.0000
1465,2,1,2026-06-17 14:52:49.050,0.2178,-0.0262,-0.1119,-0.3935,0.0826,0.0000
1466,2,1,2026-06-17 14:52:49.072,0.2177,-0.0262,-0.1120,-0.3937,0.0824,0.0000
1467,2,1,2026-06-17 14:52:49.083,0.2177,-0.0262,-0.1119,-0.3939,0.0825,0.0000
1468,2,1,2026-06-17 14:52:49.105,0.2177,-0.0263,-0.1120,-0.3939,0.0829,0.0000
1469,2,1,2026-06-17 14:52:49.117,0.2177,-0.0263,-0.1120,-0.3937,0.0831,0.0000
1470,2,1,2026-06-17 14:52:49.138,0.2177,-0.0263,-0.1119,-0.3936,0.0832,0.0000
1471,2,1,2026-06-17 14:52:49.150,0.2178,-0.0263,-0.1119,-0.3935,0.0832,0.0000
1472,2,1,2026-06-17 14:52:49.172,0.2178,-0.0263,-0.1118,-0.3933,0.0836,0.0000
1473,2,1,2026-06-17 14:52:49.183,0.2178,-0.0262,-0.1119,-0.3932,0.0838,0.0000
1474,2,1,2026-06-17 14:52:49.205,0.2178,-0.0262,-0.1119,-0.3929,0.0841,0.0000
1475,2,1,2026-06-17 14:52:49.217,0.2178,-0.0262,-0.1120,-0.3929,0.0842,0.0000
1476,2,1,2026-06-17 14:52:49.239,0.2178,-0.0262,-0.1120,-0.3930,0.0840,0.0000
1477,2,1,2026-06-17 14:52:49.250,0.2178,-0.0262,-0.1120,-0.3931,0.0840,0.0000
1478,2,1,2026-06-17 14:52:49.272,0.2178,-0.0262,-0.1121,-0.3930,0.0840,0.0000
1479,2,1,2026-06-17 14:52:49.283,0.2178,-0.0262,-0.1121,-0.3930,0.0839,0.0000
1480,2,1,2026-06-17 14:52:49.305,0.2179,-0.0261,-0.1121,-0.3929,0.0834,0.0000
1481,2,1,2026-06-17 14:52:49.317,0.2179,-0.0261,-0.1121,-0.3929,0.0834,0.0000
1482,2,1,2026-06-17 14:52:49.339,0.2179,-0.0261,-0.1121,-0.3928,0.0835,0.0000
1483,2,1,2026-06-17 14:52:49.350,0.2179,-0.0261,-0.1120,-0.3929,0.0836,0.0000
1484,2,1,2026-06-17 14:52:49.372,0.2179,-0.0261,-0.1120,-0.3932,0.0833,0.0000
1485,2,1,2026-06-17 14:52:49.383,0.2179,-0.0262,-0.1120,-0.3933,0.0832,0.0000
1486,2,1,2026-06-17 14:52:49.406,0.2179,-0.0262,-0.1120,-0.3934,0.0832,0.0000
1487,2,1,2026-06-17 14:52:49.416,0.2179,-0.0262,-0.1120,-0.3934,0.0833,0.0000
1488,2,1,2026-06-17 14:52:49.439,0.2178,-0.0262,-0.1120,-0.3934,0.0833,0.0000
1489,2,1,2026-06-17 14:52:49.450,0.2178,-0.0262,-0.1120,-0.3935,0.0833,0.0000
1490,2,1,2026-06-17 14:52:49.473,0.2177,-0.0263,-0.1120,-0.3936,0.0832,0.0000
1491,2,1,2026-06-17 14:52:49.484,0.2176,-0.0263,-0.1120,-0.3938,0.0830,0.0000
1492,2,1,2026-06-17 14:52:49.506,0.2176,-0.0264,-0.1121,-0.3939,0.0828,0.0000
1493,2,1,2026-06-17 14:52:49.516,0.2176,-0.0264,-0.1121,-0.3938,0.0829,0.0000
1494,2,1,2026-06-17 14:52:49.540,0.2176,-0.0264,-0.1121,-0.3937,0.0831,0.0000
1495,2,1,2026-06-17 14:52:49.551,0.2175,-0.0264,-0.1121,-0.3937,0.0832,0.0000
1496,2,1,2026-06-17 14:52:49.573,0.2176,-0.0264,-0.1122,-0.3938,0.0833,0.0000
1497,2,1,2026-06-17 14:52:49.583,0.2175,-0.0265,-0.1121,-0.3939,0.0833,0.0000
1498,2,1,2026-06-17 14:52:49.606,0.2175,-0.0264,-0.1121,-0.3940,0.0833,0.0000
1499,2,1,2026-06-17 14:52:49.616,0.2175,-0.0264,-0.1120,-0.3940,0.0833,0.0000
1500,2,1,2026-06-17 14:52:49.639,0.2175,-0.0264,-0.1120,-0.3938,0.0834,0.0000
1501,2,1,2026-06-17 14:52:49.650,0.2175,-0.0264,-0.1120,-0.3939,0.0834,0.0000
1502,2,1,2026-06-17 14:52:49.671,0.2174,-0.0265,-0.1119,-0.3940,0.0833,0.0000
1503,2,1,2026-06-17 14:52:49.684,0.2174,-0.0265,-0.1119,-0.3941,0.0831,0.0000
1504,2,1,2026-06-17 14:52:49.706,0.2175,-0.0265,-0.1119,-0.3940,0.0831,0.0000
1505,2,1,2026-06-17 14:52:49.716,0.2175,-0.0264,-0.1120,-0.3939,0.0832,0.0000
1506,2,1,2026-06-17 14:52:49.739,0.2175,-0.0264,-0.1120,-0.3938,0.0832,0.0000
1507,2,1,2026-06-17 14:52:49.750,0.2176,-0.0264,-0.1120,-0.3938,0.0832,0.0000
1508,2,1,2026-06-17 14:52:49.772,0.2176,-0.0264,-0.1119,-0.3941,0.0829,0.0000
1509,2,1,2026-06-17 14:52:49.783,0.2177,-0.0264,-0.1119,-0.3941,0.0829,0.0000
1510,2,1,2026-06-17 14:52:49.805,0.2177,-0.0264,-0.1119,-0.3940,0.0828,0.0000
1511,2,1,2026-06-17 14:52:49.817,0.2178,-0.0264,-0.1119,-0.3940,0.0827,0.0000
1512,2,1,2026-06-17 14:52:49.838,0.2178,-0.0264,-0.1119,-0.3941,0.0826,0.0000
1513,2,1,2026-06-17 14:52:49.849,0.2178,-0.0265,-0.1119,-0.3943,0.0824,0.0000
1514,2,1,2026-06-17 14:52:49.872,0.2179,-0.0265,-0.1119,-0.3947,0.0820,0.0000
1515,2,1,2026-06-17 14:52:49.883,0.2179,-0.0266,-0.1119,-0.3947,0.0819,0.0000
1516,2,1,2026-06-17 14:52:49.905,0.2178,-0.0266,-0.1118,-0.3945,0.0822,0.0000
1517,2,1,2026-06-17 14:52:49.926,0.2179,-0.0266,-0.1118,-0.3945,0.0822,0.0000
1518,2,2,2026-06-17 14:52:49.939,0.2179,-0.0265,-0.1117,-0.3946,0.0821,0.0000
1519,2,2,2026-06-17 14:52:49.949,0.2179,-0.0265,-0.1116,-0.3946,0.0820,0.0000
1520,2,2,2026-06-17 14:52:49.972,0.2179,-0.0265,-0.1115,-0.3947,0.0820,0.0000
1521,2,2,2026-06-17 14:52:49.994,0.2179,-0.0265,-0.1114,-0.3950,0.0815,0.0000
1522,2,2,2026-06-17 14:52:50.005,0.2179,-0.0266,-0.1114,-0.3955,0.0805,0.0000
1523,2,2,2026-06-17 14:52:50.027,0.2179,-0.0269,-0.1114,-0.3966,0.0793,0.0000
1524,2,2,2026-06-17 14:52:50.039,0.2180,-0.0269,-0.1113,-0.3969,0.0792,0.0000
1525,2,2,2026-06-17 14:52:50.049,0.2179,-0.0270,-0.1113,-0.3970,0.0792,0.0000
1526,2,2,2026-06-17 14:52:50.071,0.2179,-0.0272,-0.1111,-0.3973,0.0791,0.0000
1527,2,2,2026-06-17 14:52:50.093,0.2179,-0.0274,-0.1111,-0.3981,0.0781,0.0000
1528,2,2,2026-06-17 14:52:50.105,0.2179,-0.0275,-0.1110,-0.3986,0.0776,0.0000
1529,2,2,2026-06-17 14:52:50.128,0.2180,-0.0279,-0.1109,-0.4000,0.0760,0.0000
1530,2,2,2026-06-17 14:52:50.138,0.2180,-0.0282,-0.1108,-0.4009,0.0749,0.0000
1531,2,2,2026-06-17 14:52:50.149,0.2180,-0.0284,-0.1108,-0.4018,0.0740,0.0000
1532,2,2,2026-06-17 14:52:50.172,0.2179,-0.0302,-0.1100,-0.4072,0.0666,0.0000
1533,2,2,2026-06-17 14:52:50.193,0.2180,-0.0321,-0.1096,-0.4133,0.0576,0.0000
1534,2,2,2026-06-17 14:52:50.205,0.2181,-0.0333,-0.1094,-0.4171,0.0512,0.0000
1535,2,2,2026-06-17 14:52:50.227,0.2182,-0.0358,-0.1086,-0.4238,0.0370,0.0000
1536,2,2,2026-06-17 14:52:50.238,0.2179,-0.0378,-0.1087,-0.4278,0.0280,0.0000
1537,2,2,2026-06-17 14:52:50.249,0.2179,-0.0396,-0.1082,-0.4303,0.0198,0.0000
1538,2,2,2026-06-17 14:52:50.271,0.2178,-0.0434,-0.1076,-0.4337,-0.0010,0.0000
1539,2,2,2026-06-17 14:52:50.293,0.2177,-0.0469,-0.1069,-0.4330,-0.0216,0.0000
1540,2,2,2026-06-17 14:52:50.305,0.2176,-0.0482,-0.1064,-0.4314,-0.0289,0.0000
1541,2,2,2026-06-17 14:52:50.328,0.2174,-0.0502,-0.1052,-0.4278,-0.0375,0.0000
1542,2,2,2026-06-17 14:52:50.339,0.2172,-0.0512,-0.1048,-0.4258,-0.0418,0.0000
1543,2,2,2026-06-17 14:52:50.361,0.2167,-0.0524,-0.1034,-0.4232,-0.0471,0.0000
1544,2,2,2026-06-17 14:52:50.371,0.2164,-0.0527,-0.1026,-0.4229,-0.0467,0.0000
1545,2,2,2026-06-17 14:52:50.383,0.2162,-0.0527,-0.1017,-0.4223,-0.0473,0.0000
1546,2,2,2026-06-17 14:52:50.406,0.2156,-0.0531,-0.1001,-0.4216,-0.0466,0.0000
1547,2,2,2026-06-17 14:52:50.427,0.2155,-0.0542,-0.0997,-0.4220,-0.0490,0.0000
1548,2,2,2026-06-17 14:52:50.438,0.2154,-0.0543,-0.0992,-0.4212,-0.0493,0.0000
1549,2,2,2026-06-17 14:52:50.450,0.2153,-0.0544,-0.0988,-0.4206,-0.0506,0.0000
1550,2,2,2026-06-17 14:52:50.472,0.2150,-0.0546,-0.0978,-0.4203,-0.0502,0.0000
1551,2,2,2026-06-17 14:52:50.494,0.2146,-0.0551,-0.0971,-0.4199,-0.0513,0.0000
1552,2,2,2026-06-17 14:52:50.506,0.2144,-0.0552,-0.0968,-0.4196,-0.0519,0.0000
1553,2,2,2026-06-17 14:52:50.528,0.2143,-0.0553,-0.0961,-0.4194,-0.0526,0.0000
1554,2,2,2026-06-17 14:52:50.539,0.2142,-0.0554,-0.0958,-0.4194,-0.0528,0.0000
1555,2,2,2026-06-17 14:52:50.549,0.2141,-0.0555,-0.0955,-0.4195,-0.0531,0.0000
1556,2,2,2026-06-17 14:52:50.572,0.2139,-0.0558,-0.0950,-0.4193,-0.0543,0.0000
1557,2,2,2026-06-17 14:52:50.583,0.2139,-0.0560,-0.0948,-0.4192,-0.0549,0.0000
1558,2,2,2026-06-17 14:52:50.605,0.2140,-0.0564,-0.0944,-0.4187,-0.0558,0.0000
1559,2,2,2026-06-17 14:52:50.616,0.2140,-0.0565,-0.0942,-0.4185,-0.0560,0.0000
1560,2,2,2026-06-17 14:52:50.638,0.2141,-0.0570,-0.0940,-0.4179,-0.0571,0.0000
1561,2,2,2026-06-17 14:52:50.649,0.2143,-0.0572,-0.0939,-0.4175,-0.0577,0.0000
1562,2,2,2026-06-17 14:52:50.672,0.2145,-0.0576,-0.0935,-0.4168,-0.0593,0.0000
1563,2,2,2026-06-17 14:52:50.684,0.2147,-0.0577,-0.0934,-0.4165,-0.0600,0.0000
1564,2,2,2026-06-17 14:52:50.706,0.2152,-0.0580,-0.0933,-0.4161,-0.0616,0.0000
1565,2,2,2026-06-17 14:52:50.717,0.2155,-0.0580,-0.0932,-0.4161,-0.0623,0.0000
1566,2,2,2026-06-17 14:52:50.739,0.2160,-0.0581,-0.0932,-0.4162,-0.0638,0.0000
1567,2,2,2026-06-17 14:52:50.750,0.2163,-0.0582,-0.0931,-0.4163,-0.0648,0.0000
1568,2,2,2026-06-17 14:52:50.772,0.2169,-0.0581,-0.0929,-0.4166,-0.0664,0.0000
1569,2,2,2026-06-17 14:52:50.783,0.2172,-0.0580,-0.0928,-0.4170,-0.0672,0.0000
1570,2,2,2026-06-17 14:52:50.805,0.2178,-0.0579,-0.0927,-0.4177,-0.0686,0.0000
1571,2,2,2026-06-17 14:52:50.816,0.2180,-0.0578,-0.0927,-0.4182,-0.0694,0.0000
1572,2,2,2026-06-17 14:52:50.839,0.2185,-0.0576,-0.0926,-0.4190,-0.0705,0.0000
1573,2,2,2026-06-17 14:52:50.850,0.2187,-0.0574,-0.0926,-0.4194,-0.0710,0.0000
1574,2,2,2026-06-17 14:52:50.871,0.2189,-0.0572,-0.0925,-0.4202,-0.0718,0.0000
1575,2,2,2026-06-17 14:52:50.883,0.2190,-0.0571,-0.0924,-0.4207,-0.0724,0.0000
1576,2,2,2026-06-17 14:52:50.905,0.2194,-0.0569,-0.0924,-0.4215,-0.0731,0.0000
1577,2,2,2026-06-17 14:52:50.916,0.2194,-0.0568,-0.0923,-0.4219,-0.0737,0.0000
1578,2,2,2026-06-17 14:52:50.939,0.2194,-0.0568,-0.0924,-0.4221,-0.0754,0.0000
1579,2,2,2026-06-17 14:52:50.950,0.2194,-0.0568,-0.0924,-0.4220,-0.0760,0.0000
1580,2,2,2026-06-17 14:52:50.972,0.2195,-0.0568,-0.0924,-0.4218,-0.0765,0.0000
1581,2,2,2026-06-17 14:52:50.982,0.2194,-0.0568,-0.0925,-0.4217,-0.0766,0.0000
1582,2,2,2026-06-17 14:52:51.005,0.2193,-0.0569,-0.0926,-0.4216,-0.0768,0.0000
1583,2,2,2026-06-17 14:52:51.017,0.2192,-0.0570,-0.0928,-0.4214,-0.0770,0.0000
1584,2,2,2026-06-17 14:52:51.039,0.2189,-0.0572,-0.0930,-0.4212,-0.0768,0.0000
1585,2,2,2026-06-17 14:52:51.050,0.2188,-0.0572,-0.0930,-0.4209,-0.0762,0.0000
1586,2,2,2026-06-17 14:52:51.072,0.2185,-0.0571,-0.0931,-0.4209,-0.0750,0.0000
1587,2,3,2026-06-17 14:52:51.083,0.2184,-0.0571,-0.0932,-0.4208,-0.0746,0.0000
1588,2,3,2026-06-17 14:52:51.106,0.2181,-0.0572,-0.0934,-0.4206,-0.0733,0.0000
1589,2,3,2026-06-17 14:52:51.116,0.2180,-0.0572,-0.0934,-0.4204,-0.0726,0.0000
1590,2,3,2026-06-17 14:52:51.139,0.2178,-0.0571,-0.0935,-0.4203,-0.0711,0.0000
1591,2,3,2026-06-17 14:52:51.150,0.2176,-0.0570,-0.0935,-0.4204,-0.0702,0.0000
1592,2,3,2026-06-17 14:52:51.172,0.2174,-0.0569,-0.0936,-0.4206,-0.0693,0.0000
1593,2,3,2026-06-17 14:52:51.183,0.2173,-0.0568,-0.0937,-0.4208,-0.0690,0.0000
1594,2,3,2026-06-17 14:52:51.206,0.2171,-0.0567,-0.0938,-0.4209,-0.0682,0.0000
1595,2,3,2026-06-17 14:52:51.216,0.2170,-0.0567,-0.0938,-0.4210,-0.0677,0.0000
1596,2,3,2026-06-17 14:52:51.239,0.2169,-0.0565,-0.0939,-0.4212,-0.0670,0.0000
1597,2,3,2026-06-17 14:52:51.250,0.2168,-0.0564,-0.0939,-0.4213,-0.0667,0.0000
1598,2,3,2026-06-17 14:52:51.271,0.2167,-0.0563,-0.0939,-0.4215,-0.0664,0.0000
1599,2,3,2026-06-17 14:52:51.283,0.2167,-0.0563,-0.0939,-0.4214,-0.0665,0.0000
1600,2,3,2026-06-17 14:52:51.305,0.2167,-0.0563,-0.0940,-0.4214,-0.0663,0.0000
1601,2,3,2026-06-17 14:52:51.317,0.2167,-0.0563,-0.0941,-0.4214,-0.0663,0.0000
1602,2,3,2026-06-17 14:52:51.339,0.2166,-0.0562,-0.0941,-0.4216,-0.0662,0.0000
1603,2,3,2026-06-17 14:52:51.350,0.2166,-0.0562,-0.0941,-0.4217,-0.0659,0.0000
1604,2,3,2026-06-17 14:52:51.372,0.2166,-0.0561,-0.0941,-0.4218,-0.0661,0.0000
1605,2,3,2026-06-17 14:52:51.383,0.2166,-0.0561,-0.0942,-0.4218,-0.0663,0.0000
1606,2,3,2026-06-17 14:52:51.406,0.2166,-0.0562,-0.0943,-0.4218,-0.0666,0.0000
1607,2,3,2026-06-17 14:52:51.416,0.2166,-0.0562,-0.0943,-0.4219,-0.0666,0.0000
1608,2,3,2026-06-17 14:52:51.439,0.2166,-0.0562,-0.0944,-0.4219,-0.0661,0.0000
1609,2,3,2026-06-17 14:52:51.451,0.2165,-0.0562,-0.0945,-0.4219,-0.0656,0.0000
1610,2,3,2026-06-17 14:52:51.473,0.2165,-0.0561,-0.0945,-0.4218,-0.0647,0.0000
1611,2,3,2026-06-17 14:52:51.483,0.2164,-0.0561,-0.0946,-0.4217,-0.0642,0.0000
1612,2,3,2026-06-17 14:52:51.506,0.2163,-0.0560,-0.0947,-0.4219,-0.0633,0.0000
1613,2,3,2026-06-17 14:52:51.517,0.2163,-0.0560,-0.0948,-0.4220,-0.0628,0.0000
1614,2,3,2026-06-17 14:52:51.538,0.2162,-0.0558,-0.0949,-0.4223,-0.0620,0.0000
1615,2,3,2026-06-17 14:52:51.550,0.2161,-0.0558,-0.0949,-0.4224,-0.0616,0.0000
1616,2,3,2026-06-17 14:52:51.572,0.2161,-0.0557,-0.0950,-0.4224,-0.0612,0.0000
1617,2,3,2026-06-17 14:52:51.584,0.2160,-0.0557,-0.0950,-0.4224,-0.0609,0.0000
1618,2,3,2026-06-17 14:52:51.606,0.2159,-0.0556,-0.0951,-0.4227,-0.0603,0.0000
1619,2,3,2026-06-17 14:52:51.618,0.2159,-0.0555,-0.0951,-0.4229,-0.0602,0.0000
1620,2,3,2026-06-17 14:52:51.639,0.2158,-0.0554,-0.0951,-0.4230,-0.0603,0.0000
1621,2,3,2026-06-17 14:52:51.650,0.2158,-0.0554,-0.0951,-0.4230,-0.0604,0.0000
1622,2,3,2026-06-17 14:52:51.672,0.2158,-0.0554,-0.0951,-0.4230,-0.0604,0.0000
1623,2,3,2026-06-17 14:52:51.684,0.2158,-0.0554,-0.0951,-0.4230,-0.0605,0.0000
1624,2,3,2026-06-17 14:52:51.706,0.2159,-0.0554,-0.0951,-0.4230,-0.0607,0.0000
1625,2,3,2026-06-17 14:52:51.717,0.2159,-0.0554,-0.0951,-0.4230,-0.0608,0.0000
1626,2,3,2026-06-17 14:52:51.739,0.2159,-0.0555,-0.0951,-0.4230,-0.0609,0.0000
1627,2,3,2026-06-17 14:52:51.749,0.2160,-0.0555,-0.0950,-0.4229,-0.0609,0.0000
1628,2,3,2026-06-17 14:52:51.773,0.2160,-0.0555,-0.0949,-0.4228,-0.0610,0.0000
1629,2,3,2026-06-17 14:52:51.784,0.2161,-0.0556,-0.0949,-0.4229,-0.0610,0.0000
1630,2,3,2026-06-17 14:52:51.806,0.2161,-0.0555,-0.0948,-0.4231,-0.0610,0.0000
1631,2,3,2026-06-17 14:52:51.818,0.2161,-0.0555,-0.0948,-0.4232,-0.0609,0.0000
1632,2,3,2026-06-17 14:52:51.839,0.2161,-0.0555,-0.0947,-0.4233,-0.0612,0.0000
1633,2,3,2026-06-17 14:52:51.851,0.2161,-0.0555,-0.0948,-0.4231,-0.0623,0.0000
1634,2,3,2026-06-17 14:52:51.873,0.2162,-0.0556,-0.0949,-0.4228,-0.0623,0.0000
1635,2,3,2026-06-17 14:52:51.883,0.2162,-0.0556,-0.0949,-0.4227,-0.0623,0.0000
1636,2,3,2026-06-17 14:52:51.906,0.2163,-0.0556,-0.0950,-0.4229,-0.0620,0.0000
1637,2,3,2026-06-17 14:52:51.917,0.2163,-0.0556,-0.0951,-0.4227,-0.0621,0.0000
1638,2,3,2026-06-17 14:52:51.939,0.2163,-0.0556,-0.0952,-0.4229,-0.0622,0.0000
1639,2,3,2026-06-17 14:52:51.951,0.2164,-0.0556,-0.0952,-0.4229,-0.0622,0.0000
1640,2,3,2026-06-17 14:52:51.973,0.2164,-0.0555,-0.0952,-0.4231,-0.0615,0.0000
1641,2,3,2026-06-17 14:52:51.983,0.2164,-0.0555,-0.0952,-0.4232,-0.0614,0.0000
1642,2,3,2026-06-17 14:52:52.006,0.2165,-0.0554,-0.0953,-0.4233,-0.0611,0.0000
1643,2,3,2026-06-17 14:52:52.017,0.2165,-0.0554,-0.0953,-0.4233,-0.0611,0.0000
1644,2,3,2026-06-17 14:52:52.039,0.2165,-0.0553,-0.0953,-0.4233,-0.0610,0.0000
1645,2,3,2026-06-17 14:52:52.051,0.2166,-0.0553,-0.0953,-0.4233,-0.0607,0.0000
1646,2,3,2026-06-17 14:52:52.073,0.2166,-0.0552,-0.0953,-0.4235,-0.0605,0.0000
1647,2,3,2026-06-17 14:52:52.083,0.2166,-0.0552,-0.0953,-0.4236,-0.0607,0.0000
1648,2,3,2026-06-17 14:52:52.105,0.2166,-0.0552,-0.0954,-0.4238,-0.0609,0.0000
1649,2,3,2026-06-17 14:52:52.118,0.2166,-0.0552,-0.0953,-0.4239,-0.0605,0.0000
1650,2,3,2026-06-17 14:52:52.139,0.2167,-0.0551,-0.0953,-0.4240,-0.0602,0.0000
1651,2,3,2026-06-17 14:52:52.151,0.2167,-0.0551,-0.0953,-0.4241,-0.0602,0.0000
1652,2,3,2026-06-17 14:52:52.173,0.2167,-0.0551,-0.0953,-0.4240,-0.0601,0.0000
1653,2,3,2026-06-17 14:52:52.184,0.2167,-0.0551,-0.0953,-0.4240,-0.0599,0.0000
1654,2,3,2026-06-17 14:52:52.206,0.2167,-0.0550,-0.0953,-0.4239,-0.0594,0.0000
1655,2,3,2026-06-17 14:52:52.217,0.2167,-0.0550,-0.0954,-0.4239,-0.0593,0.0000
1656,2,4,2026-06-17 14:52:52.243,0.2166,-0.0550,-0.0955,-0.4240,-0.0592,0.0000
1657,2,4,2026-06-17 14:52:52.251,0.2166,-0.0549,-0.0955,-0.4241,-0.0590,0.0000
1658,2,4,2026-06-17 14:52:52.273,0.2164,-0.0549,-0.0956,-0.4240,-0.0587,0.0000
1659,2,4,2026-06-17 14:52:52.284,0.2163,-0.0549,-0.0957,-0.4240,-0.0587,0.0000
1660,2,4,2026-06-17 14:52:52.305,0.2163,-0.0550,-0.0958,-0.4239,-0.0586,0.0000
1661,2,4,2026-06-17 14:52:52.318,0.2162,-0.0550,-0.0959,-0.4238,-0.0586,0.0000
1662,2,4,2026-06-17 14:52:52.339,0.2162,-0.0552,-0.0961,-0.4234,-0.0594,0.0000
1663,2,4,2026-06-17 14:52:52.351,0.2162,-0.0553,-0.0962,-0.4232,-0.0596,0.0000
1664,2,4,2026-06-17 14:52:52.373,0.2163,-0.0556,-0.0963,-0.4229,-0.0605,0.0000
1665,2,4,2026-06-17 14:52:52.384,0.2164,-0.0557,-0.0964,-0.4228,-0.0609,0.0000
1666,2,4,2026-06-17 14:52:52.406,0.2166,-0.0560,-0.0968,-0.4225,-0.0621,0.0000
1667,2,4,2026-06-17 14:52:52.418,0.2168,-0.0561,-0.0970,-0.4222,-0.0627,0.0000
1668,2,4,2026-06-17 14:52:52.439,0.2174,-0.0563,-0.0976,-0.4218,-0.0641,0.0000
1669,2,4,2026-06-17 14:52:52.451,0.2177,-0.0563,-0.0978,-0.4217,-0.0648,0.0000
1670,2,4,2026-06-17 14:52:52.473,0.2182,-0.0562,-0.0984,-0.4215,-0.0652,0.0000
1671,2,4,2026-06-17 14:52:52.483,0.2185,-0.0562,-0.0987,-0.4215,-0.0655,0.0000
1672,2,4,2026-06-17 14:52:52.506,0.2193,-0.0560,-0.0993,-0.4221,-0.0667,0.0000
1673,2,4,2026-06-17 14:52:52.517,0.2197,-0.0558,-0.0997,-0.4219,-0.0673,0.0000
1674,2,4,2026-06-17 14:52:52.538,0.2206,-0.0554,-0.1004,-0.4228,-0.0688,0.0000
1675,2,4,2026-06-17 14:52:52.550,0.2211,-0.0552,-0.1008,-0.4226,-0.0693,0.0000
1676,2,4,2026-06-17 14:52:52.572,0.2219,-0.0546,-0.1014,-0.4242,-0.0714,0.0000
1677,2,4,2026-06-17 14:52:52.584,0.2223,-0.0544,-0.1018,-0.4248,-0.0723,0.0000
1678,2,4,2026-06-17 14:52:52.606,0.2230,-0.0539,-0.1026,-0.4265,-0.0737,0.0000
1679,2,4,2026-06-17 14:52:52.617,0.2233,-0.0536,-0.1030,-0.4270,-0.0748,0.0000
1680,2,4,2026-06-17 14:52:52.639,0.2239,-0.0533,-0.1039,-0.4283,-0.0779,0.0000
1681,2,4,2026-06-17 14:52:52.651,0.2241,-0.0530,-0.1045,-0.4285,-0.0805,0.0000
1682,2,4,2026-06-17 14:52:52.673,0.2246,-0.0530,-0.1054,-0.4286,-0.0847,0.0000
1683,2,4,2026-06-17 14:52:52.683,0.2246,-0.0530,-0.1059,-0.4286,-0.0866,0.0000
1684,2,4,2026-06-17 14:52:52.706,0.2248,-0.0532,-0.1068,-0.4286,-0.0904,0.0000
1685,2,4,2026-06-17 14:52:52.717,0.2248,-0.0532,-0.1072,-0.4285,-0.0919,0.0000
1686,2,4,2026-06-17 14:52:52.739,0.2245,-0.0534,-0.1084,-0.4279,-0.0973,0.0000
1687,2,4,2026-06-17 14:52:52.750,0.2244,-0.0535,-0.1090,-0.4272,-0.0999,0.0000
1688,2,4,2026-06-17 14:52:52.773,0.2243,-0.0539,-0.1103,-0.4255,-0.1034,0.0000
1689,2,4,2026-06-17 14:52:52.784,0.2243,-0.0541,-0.1110,-0.4249,-0.1040,0.0000
1690,2,4,2026-06-17 14:52:52.806,0.2237,-0.0544,-0.1124,-0.4239,-0.1059,0.0000
1691,2,4,2026-06-17 14:52:52.818,0.2234,-0.0545,-0.1131,-0.4234,-0.1068,0.0000
1692,2,4,2026-06-17 14:52:52.839,0.2227,-0.0544,-0.1148,-0.4232,-0.1074,0.0000
1693,2,4,2026-06-17 14:52:52.851,0.2223,-0.0543,-0.1155,-0.4229,-0.1065,0.0000
1694,2,4,2026-06-17 14:52:52.873,0.2217,-0.0538,-0.1169,-0.4240,-0.1023,0.0000
1695,2,4,2026-06-17 14:52:52.883,0.2214,-0.0532,-0.1173,-0.4249,-0.0987,0.0000
1696,2,4,2026-06-17 14:52:52.906,0.2204,-0.0521,-0.1185,-0.4272,-0.0908,0.0000
1697,2,4,2026-06-17 14:52:52.918,0.2198,-0.0517,-0.1191,-0.4291,-0.0872,0.0000
1698,2,4,2026-06-17 14:52:52.940,0.2189,-0.0506,-0.1201,-0.4314,-0.0770,0.0000
1699,2,4,2026-06-17 14:52:52.951,0.2185,-0.0499,-0.1206,-0.4325,-0.0714,0.0000
1700,2,4,2026-06-17 14:52:52.974,0.2177,-0.0486,-0.1215,-0.4352,-0.0571,0.0000
1701,2,4,2026-06-17 14:52:52.984,0.2173,-0.0479,-0.1219,-0.4354,-0.0496,0.0000
1702,2,4,2026-06-17 14:52:53.006,0.2165,-0.0469,-0.1228,-0.4356,-0.0330,0.0000
1703,2,4,2026-06-17 14:52:53.017,0.2162,-0.0463,-0.1233,-0.4352,-0.0238,0.0000
1704,2,4,2026-06-17 14:52:53.039,0.2157,-0.0449,-0.1241,-0.4331,-0.0037,0.0000
1705,2,4,2026-06-17 14:52:53.051,0.2155,-0.0442,-0.1246,-0.4311,0.0082,0.0000
1706,2,4,2026-06-17 14:52:53.073,0.2152,-0.0430,-0.1257,-0.4259,0.0328,0.0000
1707,2,4,2026-06-17 14:52:53.083,0.2150,-0.0426,-0.1262,-0.4222,0.0458,0.0000
1708,2,4,2026-06-17 14:52:53.106,0.2149,-0.0417,-0.1277,-0.4135,0.0700,0.0000
1709,2,4,2026-06-17 14:52:53.117,0.2148,-0.0412,-0.1283,-0.4092,0.0821,0.0000
1710,2,4,2026-06-17 14:52:53.140,0.2148,-0.0402,-0.1299,-0.3979,0.1049,0.0000
1711,2,4,2026-06-17 14:52:53.151,0.2148,-0.0398,-0.1308,-0.3928,0.1146,0.0000
1712,2,4,2026-06-17 14:52:53.173,0.2149,-0.0392,-0.1326,-0.3830,0.1315,0.0000
1713,2,4,2026-06-17 14:52:53.183,0.2150,-0.0391,-0.1336,-0.3786,0.1388,0.0000
1714,2,4,2026-06-17 14:52:53.206,0.2156,-0.0386,-0.1357,-0.3715,0.1492,0.0000
1715,2,4,2026-06-17 14:52:53.216,0.2159,-0.0383,-0.1367,-0.3686,0.1533,0.0000
1716,2,4,2026-06-17 14:52:53.239,0.2169,-0.0375,-0.1386,-0.3660,0.1565,0.0000
1717,2,4,2026-06-17 14:52:53.251,0.2176,-0.0371,-0.1396,-0.3659,0.1564,0.0000
1718,2,4,2026-06-17 14:52:53.272,0.2193,-0.0362,-0.1414,-0.3665,0.1539,0.0000
1719,2,4,2026-06-17 14:52:53.284,0.2202,-0.0358,-0.1422,-0.3675,0.1522,0.0000
1720,2,4,2026-06-17 14:52:53.306,0.2223,-0.0344,-0.1435,-0.3708,0.1478,0.0000
1721,2,4,2026-06-17 14:52:53.316,0.2233,-0.0338,-0.1441,-0.3712,0.1469,0.0000
1722,2,4,2026-06-17 14:52:53.340,0.2254,-0.0319,-0.1446,-0.3713,0.1449,0.0000
1723,2,4,2026-06-17 14:52:53.350,0.2262,-0.0310,-0.1446,-0.3718,0.1423,0.0000
1724,2,4,2026-06-17 14:52:53.373,0.2280,-0.0293,-0.1446,-0.3726,0.1373,0.0000
1725,2,5,2026-06-17 14:52:53.383,0.2289,-0.0286,-0.1446,-0.3734,0.1342,0.0000
1726,2,5,2026-06-17 14:52:53.406,0.2306,-0.0274,-0.1445,-0.3754,0.1282,0.0000
1727,2,5,2026-06-17 14:52:53.418,0.2316,-0.0271,-0.1444,-0.3765,0.1247,0.0000
1728,2,5,2026-06-17 14:52:53.439,0.2331,-0.0263,-0.1442,-0.3792,0.1181,0.0000
1729,2,5,2026-06-17 14:52:53.450,0.2338,-0.0260,-0.1440,-0.3803,0.1153,0.0000
1730,2,5,2026-06-17 14:52:53.473,0.2353,-0.0254,-0.1433,-0.3828,0.1098,0.0000
1731,2,5,2026-06-17 14:52:53.484,0.2360,-0.0252,-0.1430,-0.3838,0.1066,0.0000
1732,2,5,2026-06-17 14:52:53.506,0.2372,-0.0247,-0.1423,-0.3862,0.1015,0.0000
1733,2,5,2026-06-17 14:52:53.518,0.2378,-0.0247,-0.1420,-0.3870,0.0996,0.0000
1734,2,5,2026-06-17 14:52:53.539,0.2389,-0.0246,-0.1411,-0.3889,0.0951,0.0000
1735,2,5,2026-06-17 14:52:53.551,0.2393,-0.0245,-0.1407,-0.3898,0.0931,0.0000
1736,2,5,2026-06-17 14:52:53.573,0.2401,-0.0244,-0.1398,-0.3913,0.0895,0.0000
1737,2,5,2026-06-17 14:52:53.585,0.2404,-0.0244,-0.1394,-0.3921,0.0876,0.0000
1738,2,5,2026-06-17 14:52:53.606,0.2412,-0.0246,-0.1387,-0.3938,0.0842,0.0000
1739,2,5,2026-06-17 14:52:53.617,0.2415,-0.0247,-0.1384,-0.3946,0.0831,0.0000
1740,2,5,2026-06-17 14:52:53.640,0.2422,-0.0249,-0.1378,-0.3960,0.0816,0.0000
1741,2,5,2026-06-17 14:52:53.651,0.2424,-0.0250,-0.1375,-0.3965,0.0807,0.0000
1742,2,5,2026-06-17 14:52:53.673,0.2428,-0.0250,-0.1370,-0.3972,0.0792,0.0000
1743,2,5,2026-06-17 14:52:53.684,0.2429,-0.0251,-0.1368,-0.3976,0.0784,0.0000
1744,2,5,2026-06-17 14:52:53.706,0.2432,-0.0252,-0.1363,-0.3985,0.0769,0.0000
1745,2,5,2026-06-17 14:52:53.718,0.2433,-0.0252,-0.1360,-0.3986,0.0765,0.0000
1746,2,5,2026-06-17 14:52:53.739,0.2435,-0.0252,-0.1355,-0.3988,0.0761,0.0000
1747,2,5,2026-06-17 14:52:53.751,0.2434,-0.0251,-0.1353,-0.3982,0.0773,0.0000
1748,2,5,2026-06-17 14:52:53.773,0.2433,-0.0251,-0.1349,-0.3979,0.0779,0.0000
1749,2,5,2026-06-17 14:52:53.785,0.2435,-0.0251,-0.1346,-0.3976,0.0786,0.0000
1750,2,5,2026-06-17 14:52:53.806,0.2431,-0.0251,-0.1342,-0.3965,0.0812,0.0000
1751,2,5,2026-06-17 14:52:53.817,0.2430,-0.0251,-0.1340,-0.3961,0.0822,0.0000
1752,2,5,2026-06-17 14:52:53.839,0.2423,-0.0249,-0.1335,-0.3952,0.0837,0.0000
1753,2,5,2026-06-17 14:52:53.851,0.2422,-0.0248,-0.1333,-0.3945,0.0844,0.0000
1754,2,5,2026-06-17 14:52:53.873,0.2418,-0.0248,-0.1329,-0.3933,0.0867,0.0000
1755,2,5,2026-06-17 14:52:53.884,0.2417,-0.0249,-0.1327,-0.3928,0.0878,0.0000
1756,2,5,2026-06-17 14:52:53.906,0.2415,-0.0250,-0.1322,-0.3923,0.0892,0.0000
1757,2,5,2026-06-17 14:52:53.918,0.2414,-0.0251,-0.1319,-0.3922,0.0897,0.0000
1758,2,5,2026-06-17 14:52:53.939,0.2412,-0.0252,-0.1316,-0.3922,0.0907,0.0000
1759,2,5,2026-06-17 14:52:53.950,0.2411,-0.0253,-0.1314,-0.3922,0.0911,0.0000
1760,2,5,2026-06-17 14:52:53.973,0.2408,-0.0254,-0.1310,-0.3920,0.0919,0.0000
1761,2,5,2026-06-17 14:52:53.983,0.2407,-0.0254,-0.1307,-0.3917,0.0924,0.0000
1762,2,5,2026-06-17 14:52:54.006,0.2405,-0.0255,-0.1303,-0.3909,0.0935,0.0000
1763,2,5,2026-06-17 14:52:54.018,0.2404,-0.0255,-0.1302,-0.3907,0.0943,0.0000
1764,2,5,2026-06-17 14:52:54.039,0.2403,-0.0256,-0.1298,-0.3906,0.0949,0.0000
1765,2,5,2026-06-17 14:52:54.050,0.2403,-0.0256,-0.1297,-0.3904,0.0952,0.0000
1766,2,5,2026-06-17 14:52:54.073,0.2403,-0.0256,-0.1294,-0.3904,0.0953,0.0000
1767,2,5,2026-06-17 14:52:54.083,0.2403,-0.0255,-0.1292,-0.3903,0.0954,0.0000
1768,2,5,2026-06-17 14:52:54.106,0.2402,-0.0254,-0.1288,-0.3903,0.0952,0.0000
1769,2,5,2026-06-17 14:52:54.117,0.2402,-0.0254,-0.1286,-0.3903,0.0952,0.0000
1770,2,5,2026-06-17 14:52:54.140,0.2402,-0.0254,-0.1284,-0.3904,0.0951,0.0000
1771,2,5,2026-06-17 14:52:54.151,0.2402,-0.0255,-0.1283,-0.3904,0.0951,0.0000
1772,2,5,2026-06-17 14:52:54.173,0.2402,-0.0256,-0.1281,-0.3905,0.0951,0.0000
1773,2,5,2026-06-17 14:52:54.183,0.2401,-0.0256,-0.1280,-0.3905,0.0950,0.0000
1774,2,5,2026-06-17 14:52:54.206,0.2401,-0.0257,-0.1278,-0.3905,0.0949,0.0000
1775,2,5,2026-06-17 14:52:54.217,0.2401,-0.0257,-0.1278,-0.3905,0.0949,0.0000
1776,2,5,2026-06-17 14:52:54.240,0.2401,-0.0257,-0.1277,-0.3904,0.0950,0.0000
1777,2,5,2026-06-17 14:52:54.251,0.2400,-0.0258,-0.1277,-0.3905,0.0950,0.0000
1778,2,5,2026-06-17 14:52:54.273,0.2400,-0.0258,-0.1276,-0.3905,0.0952,0.0000
1779,2,5,2026-06-17 14:52:54.285,0.2399,-0.0258,-0.1276,-0.3905,0.0953,0.0000
1780,2,5,2026-06-17 14:52:54.306,0.2399,-0.0259,-0.1276,-0.3904,0.0958,0.0000
1781,2,5,2026-06-17 14:52:54.317,0.2398,-0.0259,-0.1276,-0.3902,0.0961,0.0000
1782,2,5,2026-06-17 14:52:54.340,0.2397,-0.0258,-0.1275,-0.3897,0.0967,0.0000
1783,2,5,2026-06-17 14:52:54.351,0.2396,-0.0258,-0.1275,-0.3895,0.0968,0.0000
1784,2,5,2026-06-17 14:52:54.373,0.2393,-0.0259,-0.1274,-0.3895,0.0967,0.0000
1785,2,5,2026-06-17 14:52:54.383,0.2392,-0.0260,-0.1274,-0.3896,0.0967,0.0000
1786,2,5,2026-06-17 14:52:54.406,0.2391,-0.0261,-0.1275,-0.3895,0.0972,0.0000
1787,2,5,2026-06-17 14:52:54.418,0.2391,-0.0261,-0.1275,-0.3895,0.0974,0.0000
1788,2,5,2026-06-17 14:52:54.439,0.2391,-0.0262,-0.1276,-0.3893,0.0980,0.0000
1789,2,5,2026-06-17 14:52:54.451,0.2390,-0.0262,-0.1277,-0.3892,0.0981,0.0000
1790,2,5,2026-06-17 14:52:54.473,0.2390,-0.0261,-0.1277,-0.3891,0.0982,0.0000
1791,2,5,2026-06-17 14:52:54.485,0.2390,-0.0261,-0.1277,-0.3890,0.0984,0.0000
1792,2,5,2026-06-17 14:52:54.506,0.2390,-0.0260,-0.1278,-0.3887,0.0987,0.0000
1793,2,5,2026-06-17 14:52:54.517,0.2390,-0.0260,-0.1278,-0.3884,0.0989,0.0000
1794,2,6,2026-06-17 14:52:54.540,0.2390,-0.0259,-0.1279,-0.3885,0.0987,0.0000
1795,2,6,2026-06-17 14:52:54.551,0.2390,-0.0259,-0.1279,-0.3885,0.0987,0.0000
1796,2,6,2026-06-17 14:52:54.572,0.2390,-0.0258,-0.1279,-0.3884,0.0987,0.0000
1797,2,6,2026-06-17 14:52:54.585,0.2389,-0.0258,-0.1279,-0.3881,0.0990,0.0000
1798,2,6,2026-06-17 14:52:54.606,0.2389,-0.0258,-0.1278,-0.3877,0.0993,0.0000
1799,2,6,2026-06-17 14:52:54.617,0.2388,-0.0258,-0.1278,-0.3877,0.0990,0.0000
1800,2,6,2026-06-17 14:52:54.639,0.2388,-0.0258,-0.1277,-0.3882,0.0982,0.0000
1801,2,6,2026-06-17 14:52:54.651,0.2388,-0.0258,-0.1277,-0.3882,0.0982,0.0000
1802,2,6,2026-06-17 14:52:54.672,0.2388,-0.0259,-0.1276,-0.3883,0.0981,0.0000
1803,2,6,2026-06-17 14:52:54.685,0.2388,-0.0259,-0.1275,-0.3885,0.0981,0.0000
1804,2,6,2026-06-17 14:52:54.707,0.2388,-0.0260,-0.1273,-0.3887,0.0981,0.0000
1805,2,6,2026-06-17 14:52:54.717,0.2388,-0.0260,-0.1273,-0.3889,0.0978,0.0000
1806,2,6,2026-06-17 14:52:54.740,0.2389,-0.0262,-0.1271,-0.3894,0.0974,0.0000
1807,2,6,2026-06-17 14:52:54.751,0.2389,-0.0262,-0.1271,-0.3897,0.0972,0.0000
1808,2,6,2026-06-17 14:52:54.773,0.2389,-0.0262,-0.1270,-0.3899,0.0966,0.0000
1809,2,6,2026-06-17 14:52:54.784,0.2389,-0.0263,-0.1269,-0.3900,0.0967,0.0000
1810,2,6,2026-06-17 14:52:54.807,0.2388,-0.0264,-0.1267,-0.3900,0.0965,0.0000
1811,2,6,2026-06-17 14:52:54.818,0.2388,-0.0265,-0.1266,-0.3902,0.0963,0.0000
1812,2,6,2026-06-17 14:52:54.840,0.2388,-0.0266,-0.1265,-0.3903,0.0963,0.0000
1813,2,6,2026-06-17 14:52:54.851,0.2388,-0.0267,-0.1265,-0.3904,0.0962,0.0000
1814,2,6,2026-06-17 14:52:54.873,0.2388,-0.0266,-0.1264,-0.3903,0.0964,0.0000
1815,2,6,2026-06-17 14:52:54.885,0.2388,-0.0266,-0.1263,-0.3902,0.0965,0.0000
1816,2,6,2026-06-17 14:52:54.907,0.2388,-0.0265,-0.1262,-0.3902,0.0965,0.0000
1817,2,6,2026-06-17 14:52:54.917,0.2388,-0.0266,-0.1262,-0.3902,0.0965,0.0000
1818,2,6,2026-06-17 14:52:54.940,0.2388,-0.0267,-0.1261,-0.3907,0.0961,0.0000
1819,2,6,2026-06-17 14:52:54.951,0.2388,-0.0268,-0.1261,-0.3909,0.0960,0.0000
1820,2,6,2026-06-17 14:52:54.974,0.2388,-0.0269,-0.1260,-0.3910,0.0960,0.0000
1821,2,6,2026-06-17 14:52:54.984,0.2388,-0.0269,-0.1260,-0.3909,0.0960,0.0000
1822,2,6,2026-06-17 14:52:55.007,0.2388,-0.0270,-0.1259,-0.3910,0.0959,0.0000
1823,2,6,2026-06-17 14:52:55.018,0.2389,-0.0270,-0.1260,-0.3911,0.0959,0.0000
1824,2,6,2026-06-17 14:52:55.040,0.2390,-0.0270,-0.1260,-0.3911,0.0958,0.0000
1825,2,6,2026-06-17 14:52:55.051,0.2391,-0.0270,-0.1260,-0.3911,0.0956,0.0000
1826,2,6,2026-06-17 14:52:55.073,0.2392,-0.0268,-0.1260,-0.3910,0.0956,0.0000
1827,2,6,2026-06-17 14:52:55.085,0.2393,-0.0268,-0.1260,-0.3909,0.0956,0.0000
1828,2,6,2026-06-17 14:52:55.107,0.2394,-0.0267,-0.1261,-0.3908,0.0954,0.0000
1829,2,6,2026-06-17 14:52:55.118,0.2395,-0.0267,-0.1262,-0.3908,0.0956,0.0000
1830,2,6,2026-06-17 14:52:55.140,0.2396,-0.0266,-0.1263,-0.3905,0.0956,0.0000
1831,2,6,2026-06-17 14:52:55.151,0.2396,-0.0265,-0.1263,-0.3901,0.0959,0.0000
1832,2,6,2026-06-17 14:52:55.174,0.2396,-0.0263,-0.1263,-0.3898,0.0959,0.0000
1833,2,6,2026-06-17 14:52:55.184,0.2396,-0.0263,-0.1264,-0.3900,0.0956,0.0000
1834,2,6,2026-06-17 14:52:55.206,0.2396,-0.0263,-0.1265,-0.3901,0.0955,0.0000
1835,2,6,2026-06-17 14:52:55.218,0.2396,-0.0263,-0.1265,-0.3901,0.0956,0.0000
1836,2,6,2026-06-17 14:52:55.239,0.2396,-0.0263,-0.1267,-0.3899,0.0961,0.0000
1837,2,6,2026-06-17 14:52:55.252,0.2396,-0.0263,-0.1268,-0.3897,0.0963,0.0000
1838,2,6,2026-06-17 14:52:55.273,0.2396,-0.0261,-0.1269,-0.3892,0.0968,0.0000
1839,2,6,2026-06-17 14:52:55.285,0.2396,-0.0260,-0.1270,-0.3889,0.0971,0.0000
1840,2,6,2026-06-17 14:52:55.307,0.2396,-0.0259,-0.1271,-0.3882,0.0979,0.0000
1841,2,6,2026-06-17 14:52:55.317,0.2395,-0.0258,-0.1272,-0.3880,0.0981,0.0000
1842,2,6,2026-06-17 14:52:55.341,0.2395,-0.0258,-0.1274,-0.3878,0.0984,0.0000
1843,2,6,2026-06-17 14:52:55.351,0.2395,-0.0258,-0.1274,-0.3876,0.0987,0.0000
1844,2,6,2026-06-17 14:52:55.362,0.2395,-0.0258,-0.1275,-0.3876,0.0988,0.0000
1845,2,6,2026-06-17 14:52:55.384,0.2394,-0.0258,-0.1276,-0.3874,0.0992,0.0000
1846,2,6,2026-06-17 14:52:55.406,0.2393,-0.0258,-0.1277,-0.3869,0.0996,0.0000
1847,2,6,2026-06-17 14:52:55.419,0.2392,-0.0257,-0.1277,-0.3867,0.0997,0.0000
1848,2,6,2026-06-17 14:52:55.440,0.2392,-0.0257,-0.1278,-0.3870,0.0991,0.0000
1849,2,6,2026-06-17 14:52:55.452,0.2391,-0.0257,-0.1278,-0.3872,0.0989,0.0000
1850,2,7,2026-06-17 14:52:56.172,0.1951,-1.4209,-0.2077,-0.5901,0.0269,0.0000
