SessionId,RecordingId,Condition,EventType,EventId,StartAbsTime,EndAbsTime,StartElapsedSec,EndElapsedSec,DurationMs,StartSampleIndex,EndSampleIndex,MaxClosure,MeanClosure,IsAccepted,TrackingInterrupted,EndReason
20260806_140923_424,1,Unspecified,Blink,1,2026-08-06T14:09:52.9131936+09:00,2026-08-06T14:09:53.1071936+09:00,29.489104,29.683342,194.237,5,17,0.916262,0.766227,1,0,EyesOpened
20260806_140923_424,1,Unspecified,Blink,2,2026-08-06T14:09:54.3191936+09:00,2026-08-06T14:09:54.3741936+09:00,30.894717,30.950223,55.506,90,93,0.515010,0.417391,1,0,EyesOpened
20260806_140923_424,1,Unspecified,Blink,3,2026-08-06T14:10:00.1521936+09:00,2026-08-06T14:10:00.3051936+09:00,36.728058,36.881442,153.384,440,449,0.777912,0.645441,1,0,EyesOpened
20260806_140923_424,1,Unspecified,Blink,4,2026-08-06T14:10:05.1091936+09:00,2026-08-06T14:10:05.2761936+09:00,41.684931,41.851885,166.955,737,747,0.799738,0.617490,1,0,EyesOpened
20260806_140923_424,1,Unspecified,Blink,5,2026-08-06T14:10:06.6271936+09:00,2026-08-06T14:10:06.9471936+09:00,43.203150,43.523169,320.019,828,847,0.981051,0.799615,1,0,EyesOpened
20260806_140923_424,1,Unspecified,Blink,6,2026-08-06T14:10:08.2141936+09:00,2026-08-06T14:10:08.4921936+09:00,44.789561,45.067965,278.405,923,940,0.999946,0.906371,1,0,EyesOpened
20260806_140923_424,1,Unspecified,Blink,7,2026-08-06T14:10:10.8311936+09:00,2026-08-06T14:10:11.0271936+09:00,47.407410,47.602555,195.145,1081,1092,0.952969,0.697604,1,0,EyesOpened
20260806_140923_424,1,Unspecified,Blink,8,2026-08-06T14:10:12.7941936+09:00,2026-08-06T14:10:13.1271936+09:00,49.369552,49.703247,333.694,1198,1218,0.946717,0.834735,1,0,EyesOpened
20260806_140923_424,1,Unspecified,Blink,9,2026-08-06T14:10:14.5471936+09:00,2026-08-06T14:10:15.1461936+09:00,51.123463,51.722235,598.772,1303,1339,0.999992,0.826756,1,0,EyesOpened
20260806_140923_424,1,Unspecified,Blink,10,2026-08-06T14:10:18.4321936+09:00,2026-08-06T14:10:18.4881936+09:00,55.007776,55.063529,55.753,1536,1540,0.610619,0.489739,1,0,EyesOpened
20260806_140923_424,1,Unspecified,Blink,11,2026-08-06T14:10:18.7941936+09:00,2026-08-06T14:10:18.9191936+09:00,55.369831,55.495412,125.581,1558,1566,0.739428,0.508047,1,0,EyesOpened
20260806_140923_424,1,Unspecified,Blink,12,2026-08-06T14:10:20.3261936+09:00,2026-08-06T14:10:20.4371936+09:00,56.901855,57.013032,111.177,1650,1657,0.762744,0.624098,1,0,EyesOpened
20260806_140923_424,1,Unspecified,Blink,13,2026-08-06T14:10:21.0221936+09:00,2026-08-06T14:10:21.1611936+09:00,57.597783,57.737014,139.230,1692,1700,0.881339,0.707641,1,0,EyesOpened
20260806_140923_424,1,Unspecified,Blink,14,2026-08-06T14:10:22.6221936+09:00,2026-08-06T14:10:22.7201936+09:00,59.198461,59.295882,97.420,1788,1794,0.702141,0.542833,1,0,EyesOpened
20260806_140923_424,1,Unspecified,Blink,15,2026-08-06T14:10:22.9981936+09:00,2026-08-06T14:10:23.1511936+09:00,59.574368,59.727254,152.885,1811,1820,0.766181,0.553303,1,0,EyesOpened
20260806_140923_424,1,Unspecified,Blink,16,2026-08-06T14:10:24.6271936+09:00,2026-08-06T14:10:24.7381936+09:00,61.203223,61.314497,111.274,1908,1915,0.623006,0.440580,1,0,EyesOpened
20260806_140923_424,1,Unspecified,Blink,17,2026-08-06T14:10:26.2421936+09:00,2026-08-06T14:10:26.3121936+09:00,62.818394,62.887920,69.526,2005,2009,0.545381,0.410919,1,0,EyesOpened
20260806_140923_424,1,Unspecified,Blink,18,2026-08-06T14:10:26.5211936+09:00,2026-08-06T14:10:26.6191936+09:00,63.097118,63.194537,97.419,2022,2028,0.685938,0.606006,1,0,EyesOpened
20260806_140923_424,1,Unspecified,Blink,19,2026-08-06T14:10:30.7401936+09:00,2026-08-06T14:10:30.9211936+09:00,67.315838,67.496931,181.093,2275,2286,0.830355,0.512976,1,0,EyesOpened
20260806_140923_424,1,Unspecified,Blink,20,2026-08-06T14:10:32.2711936+09:00,2026-08-06T14:10:32.3541936+09:00,68.846622,68.930161,83.539,2367,2372,0.688538,0.495169,1,0,EyesOpened
20260806_140923_424,1,Unspecified,Blink,21,2026-08-06T14:10:32.6471936+09:00,2026-08-06T14:10:32.7301936+09:00,69.222527,69.305856,83.329,2389,2394,0.759097,0.615159,1,0,EyesOpened
20260806_140923_424,1,Unspecified,Blink,22,2026-08-06T14:10:33.0781936+09:00,2026-08-06T14:10:33.2311936+09:00,69.654001,69.807016,153.015,2415,2424,0.898037,0.631798,1,0,EyesOpened
20260806_140923_424,1,Unspecified,Blink,23,2026-08-06T14:10:34.5821936+09:00,2026-08-06T14:10:34.7771936+09:00,71.157648,71.352519,194.871,2505,2517,0.873531,0.608471,1,0,EyesOpened
20260806_140923_424,1,Unspecified,Blink,24,2026-08-06T14:10:38.2161936+09:00,2026-08-06T14:10:38.3971936+09:00,74.791527,74.972635,181.108,2723,2734,0.901886,0.685890,1,0,EyesOpened
20260806_140923_424,1,Unspecified,Blink,25,2026-08-06T14:10:40.6801936+09:00,2026-08-06T14:10:41.0701936+09:00,77.256349,77.646125,389.776,2871,2895,0.970170,0.836482,1,0,EyesOpened
20260806_140923_424,1,Unspecified,Blink,26,2026-08-06T14:10:42.5311936+09:00,2026-08-06T14:10:43.0461936+09:00,79.106912,79.622465,515.554,2982,3013,0.998917,0.775770,1,0,EyesOpened
20260806_140923_424,1,Unspecified,Blink,27,2026-08-06T14:10:46.5131936+09:00,2026-08-06T14:10:46.6521936+09:00,83.089319,83.228375,139.056,3221,3230,0.881123,0.703892,1,0,EyesOpened
20260806_140923_424,1,Unspecified,Blink,28,2026-08-06T14:10:46.8061936+09:00,2026-08-06T14:10:47.0561936+09:00,83.382015,83.632296,250.281,3239,3254,0.962752,0.759567,1,0,EyesOpened
20260806_140923_424,1,Unspecified,Blink,29,2026-08-06T14:10:48.1981936+09:00,2026-08-06T14:10:48.2811936+09:00,84.773634,84.857096,83.462,3322,3327,0.832108,0.531768,1,0,EyesOpened
20260806_140923_424,1,Unspecified,Blink,30,2026-08-06T14:10:48.4351936+09:00,2026-08-06T14:10:48.6301936+09:00,85.010599,85.205536,194.937,3337,3348,0.952002,0.775894,1,0,EyesOpened
20260806_140923_424,1,Unspecified,Blink,31,2026-08-06T14:10:48.7961936+09:00,2026-08-06T14:10:49.0471936+09:00,85.372078,85.623078,251.000,3358,3373,0.958489,0.756820,1,0,EyesOpened
20260806_140923_424,1,Unspecified,Blink,32,2026-08-06T14:10:50.6771936+09:00,2026-08-06T14:10:50.8301936+09:00,87.252523,87.405656,153.133,3471,3480,0.922393,0.712212,1,0,EyesOpened
20260806_140923_424,1,Unspecified,Blink,33,2026-08-06T14:10:50.9691936+09:00,2026-08-06T14:10:51.1781936+09:00,87.545005,87.753723,208.718,3489,3501,0.926991,0.682829,1,0,EyesOpened
20260806_140923_424,1,Unspecified,Blink,34,2026-08-06T14:10:52.3461936+09:00,2026-08-06T14:10:52.5131936+09:00,88.922202,89.089055,166.854,3571,3581,0.893045,0.642462,1,0,EyesOpened
20260806_140923_424,1,Unspecified,Blink,35,2026-08-06T14:10:52.6251936+09:00,2026-08-06T14:10:52.8611936+09:00,89.200615,89.437407,236.792,3588,3602,0.963099,0.715902,1,0,EyesOpened
20260806_140923_424,1,Unspecified,Blink,36,2026-08-06T14:10:54.3511936+09:00,2026-08-06T14:10:54.6861936+09:00,90.927372,91.261671,334.299,3692,3712,0.995508,0.826164,1,0,EyesOpened
20260806_140923_424,1,Unspecified,Blink,37,2026-08-06T14:10:56.4121936+09:00,2026-08-06T14:10:56.4961936+09:00,92.988135,93.071854,83.718,3815,3820,0.735657,0.441725,1,0,EyesOpened
20260806_140923_424,1,Unspecified,Blink,38,2026-08-06T14:10:56.6771936+09:00,2026-08-06T14:10:56.9131936+09:00,93.252821,93.489116,236.294,3831,3845,0.916705,0.642788,1,0,EyesOpened
20260806_140923_424,1,Unspecified,Blink,39,2026-08-06T14:10:58.3741936+09:00,2026-08-06T14:10:58.4861936+09:00,94.950175,95.061731,111.557,3933,3940,0.781382,0.498875,1,0,EyesOpened
20260806_140923_424,1,Unspecified,Blink,40,2026-08-06T14:10:58.7081936+09:00,2026-08-06T14:10:58.8061936+09:00,95.284359,95.381886,97.527,3953,3959,0.707006,0.547968,1,0,EyesOpened
20260806_140923_424,1,Unspecified,Blink,41,2026-08-06T14:11:00.6581936+09:00,2026-08-06T14:11:00.7971936+09:00,97.234441,97.373324,138.882,4070,4078,0.877746,0.656874,1,0,EyesOpened
20260806_140923_424,1,Unspecified,Blink,42,2026-08-06T14:11:02.1891936+09:00,2026-08-06T14:11:02.3141936+09:00,98.765225,98.890438,125.213,4162,4169,0.775920,0.530322,1,0,EyesOpened
20260806_140923_424,1,Unspecified,Blink,43,2026-08-06T14:11:02.5651936+09:00,2026-08-06T14:11:02.6901936+09:00,99.141107,99.266390,125.283,4184,4192,0.854488,0.630877,1,0,EyesOpened
20260806_140923_424,1,Unspecified,Blink,44,2026-08-06T14:11:04.5981936+09:00,2026-08-06T14:11:04.6951936+09:00,101.174095,101.271500,97.404,4306,4312,0.748648,0.594485,1,0,EyesOpened
20260806_140923_424,1,Unspecified,Blink,45,2026-08-06T14:11:06.3531936+09:00,2026-08-06T14:11:06.4081936+09:00,102.928534,102.984443,55.909,4412,4415,0.493804,0.287292,1,0,EyesOpened
20260806_140923_424,1,Unspecified,Blink,46,2026-08-06T14:11:06.5481936+09:00,2026-08-06T14:11:06.8261936+09:00,103.123511,103.402060,278.550,4423,4440,0.964148,0.763258,1,0,EyesOpened
20260806_140923_424,1,Unspecified,Blink,47,2026-08-06T14:11:09.6931936+09:00,2026-08-06T14:11:09.8471936+09:00,106.269294,106.422850,153.556,4612,4621,0.935395,0.749516,1,0,EyesOpened
20260806_140923_424,1,Unspecified,Blink,48,2026-08-06T14:11:10.4591936+09:00,2026-08-06T14:11:11.0591936+09:00,107.035441,107.634530,599.089,4658,4694,1.000000,0.925526,1,0,EyesOpened
20260806_140923_424,1,Unspecified,Blink,49,2026-08-06T14:11:12.5201936+09:00,2026-08-06T14:11:12.8541936+09:00,109.096103,109.430064,333.961,4782,4802,0.991609,0.806831,1,0,EyesOpened
20260806_140923_424,1,Unspecified,Blink,50,2026-08-06T14:11:13.5651936+09:00,2026-08-06T14:11:13.7171936+09:00,110.140531,110.293463,152.932,4844,4854,0.850992,0.667054,1,0,EyesOpened
20260806_140923_424,1,Unspecified,Blink,51,2026-08-06T14:11:14.9431936+09:00,2026-08-06T14:11:15.0541936+09:00,111.518615,111.629771,111.157,4927,4934,0.797905,0.562599,1,0,EyesOpened
20260806_140923_424,1,Unspecified,Blink,52,2026-08-06T14:11:15.2761936+09:00,2026-08-06T14:11:15.4441936+09:00,111.852361,112.019691,167.330,4947,4957,0.902986,0.603942,1,0,EyesOpened
20260806_140923_424,1,Unspecified,Blink,53,2026-08-06T14:11:16.1261936+09:00,2026-08-06T14:11:16.4601936+09:00,112.702030,113.035740,333.709,4998,5018,0.999859,0.822239,1,0,EyesOpened
20260806_140923_424,1,Unspecified,Blink,54,2026-08-06T14:11:16.8081936+09:00,2026-08-06T14:11:16.9611936+09:00,113.383792,113.536956,153.164,5039,5048,0.880313,0.705722,1,0,EyesOpened
20260806_140923_424,1,Unspecified,Blink,55,2026-08-06T14:11:20.5951936+09:00,2026-08-06T14:11:20.6781936+09:00,117.170616,117.254312,83.695,5266,5271,0.712920,0.534038,1,0,EyesOpened
20260806_140923_424,1,Unspecified,Blink,56,2026-08-06T14:11:22.5441936+09:00,2026-08-06T14:11:22.6971936+09:00,119.119968,119.272876,152.908,5383,5392,0.851209,0.521126,1,0,EyesOpened
20260806_140923_424,1,Unspecified,Blink,57,2026-08-06T14:11:26.1501936+09:00,2026-08-06T14:11:26.2051936+09:00,122.725942,122.781499,55.557,5600,5603,0.619304,0.333478,1,0,EyesOpened
20260806_140923_424,1,Unspecified,Blink,58,2026-08-06T14:11:28.3361936+09:00,2026-08-06T14:11:28.4611936+09:00,124.911833,125.037183,125.349,5731,5738,0.554848,0.409975,1,0,EyesOpened
20260806_140923_424,1,Unspecified,Blink,59,2026-08-06T14:11:28.6841936+09:00,2026-08-06T14:11:28.8651936+09:00,125.259839,125.440842,181.003,5752,5762,0.887152,0.661480,1,0,EyesOpened
20260806_140923_424,1,Unspecified,Blink,60,2026-08-06T14:11:30.5211936+09:00,2026-08-06T14:11:30.6741936+09:00,127.097472,127.250407,152.934,5862,5871,0.837097,0.605704,1,0,EyesOpened
20260806_140923_424,1,Unspecified,Blink,61,2026-08-06T14:11:30.9251936+09:00,2026-08-06T14:11:31.0781936+09:00,127.501105,127.654325,153.220,5886,5895,0.951789,0.727121,1,0,EyesOpened
20260806_140923_424,1,Unspecified,Blink,62,2026-08-06T14:11:32.4561936+09:00,2026-08-06T14:11:32.6511936+09:00,129.032280,129.227237,194.957,5978,5990,0.839965,0.632146,1,0,EyesOpened
20260806_140923_424,1,Unspecified,Blink,63,2026-08-06T14:11:32.8191936+09:00,2026-08-06T14:11:32.9861936+09:00,129.394501,129.561647,167.146,6000,6010,0.909414,0.722866,1,0,EyesOpened
20260806_140923_424,1,Unspecified,Blink,64,2026-08-06T14:11:33.1811936+09:00,2026-08-06T14:11:33.3481936+09:00,129.756708,129.923753,167.045,6021,6031,0.932258,0.727628,1,0,EyesOpened
20260806_140923_424,1,Unspecified,Blink,65,2026-08-06T14:11:34.4621936+09:00,2026-08-06T14:11:34.7121936+09:00,131.037763,131.288271,250.509,6098,6113,0.967662,0.834564,1,0,EyesOpened
20260806_140923_424,1,Unspecified,Blink,66,2026-08-06T14:11:40.8101936+09:00,2026-08-06T14:11:40.9071936+09:00,137.385708,137.483203,97.495,6479,6485,0.618906,0.424801,1,0,EyesOpened
20260806_140923_424,1,Unspecified,Blink,67,2026-08-06T14:11:44.5971936+09:00,2026-08-06T14:11:44.7361936+09:00,141.172674,141.311959,139.285,6706,6715,0.791119,0.617862,1,0,EyesOpened
20260806_140923_424,1,Unspecified,Blink,68,2026-08-06T14:11:48.5641936+09:00,2026-08-06T14:11:48.7451936+09:00,145.140398,145.321248,180.851,6944,6955,0.881099,0.591427,1,0,EyesOpened
20260806_140923_424,1,Unspecified,Blink,69,2026-08-06T14:11:50.6531936+09:00,2026-08-06T14:11:50.7091936+09:00,147.228866,147.284729,55.863,7070,7073,0.667951,0.401334,1,0,EyesOpened
20260806_140923_424,1,Unspecified,Blink,70,2026-08-06T14:11:51.0151936+09:00,2026-08-06T14:11:51.2101936+09:00,147.590825,147.785877,195.053,7091,7103,0.926409,0.759972,1,0,EyesOpened
20260806_140923_424,1,Unspecified,Blink,71,2026-08-06T14:11:52.5191936+09:00,2026-08-06T14:11:53.0201936+09:00,149.094663,149.595842,501.179,7182,7212,0.999998,0.849391,1,0,EyesOpened
20260806_140923_424,1,Unspecified,Blink,72,2026-08-06T14:11:54.5511936+09:00,2026-08-06T14:11:55.0251936+09:00,151.127122,151.600590,473.468,7304,7332,0.999939,0.787779,1,0,EyesOpened
20260806_140923_424,1,Unspecified,Blink,73,2026-08-06T14:11:56.4031936+09:00,2026-08-06T14:11:56.4591936+09:00,152.978988,153.034614,55.626,7415,7418,0.502764,0.403566,1,0,EyesOpened
20260806_140923_424,1,Unspecified,Blink,74,2026-08-06T14:11:57.0161936+09:00,2026-08-06T14:11:57.1271936+09:00,153.591529,153.702875,111.346,7452,7458,0.702437,0.488852,1,0,EyesOpened
20260806_140923_424,1,Unspecified,Blink,75,2026-08-06T14:11:58.1851936+09:00,2026-08-06T14:11:58.2961936+09:00,154.761341,154.871859,110.518,7522,7528,0.755241,0.594500,1,0,EyesOpened
20260806_140923_424,1,Unspecified,Blink,76,2026-08-06T14:11:58.5611936+09:00,2026-08-06T14:11:58.6721936+09:00,155.136655,155.247722,111.067,7544,7551,0.882593,0.640003,1,0,EyesOpened
20260806_140923_424,1,Unspecified,Blink,77,2026-08-06T14:12:02.5421936+09:00,2026-08-06T14:12:02.7091936+09:00,159.118066,159.285308,167.242,7783,7793,0.733581,0.541319,1,0,EyesOpened
20260806_140923_424,1,Unspecified,Blink,78,2026-08-06T14:12:04.2411936+09:00,2026-08-06T14:12:04.3251936+09:00,160.817068,160.900537,83.468,7885,7890,0.506394,0.305550,1,0,EyesOpened
20260806_140923_424,1,Unspecified,Blink,79,2026-08-06T14:12:04.5191936+09:00,2026-08-06T14:12:04.6591936+09:00,161.095248,161.234511,139.263,7902,7910,0.833368,0.653957,1,0,EyesOpened
20260806_140923_424,1,Unspecified,Blink,80,2026-08-06T14:12:06.5931936+09:00,2026-08-06T14:12:06.6911936+09:00,163.168841,163.266706,97.865,8026,8032,0.730765,0.470324,1,0,EyesOpened
20260806_140923_424,1,Unspecified,Blink,81,2026-08-06T14:12:08.2361936+09:00,2026-08-06T14:12:08.3061936+09:00,164.812310,164.882020,69.709,8125,8129,0.742754,0.505954,1,0,EyesOpened
20260806_140923_424,1,Unspecified,Blink,82,2026-08-06T14:12:08.4591936+09:00,2026-08-06T14:12:08.7381936+09:00,165.035193,165.313606,278.413,8138,8155,0.927139,0.729200,1,0,EyesOpened
20260806_140923_424,1,Unspecified,Blink,83,2026-08-06T14:12:08.8211936+09:00,2026-08-06T14:12:09.0301936+09:00,165.397126,165.605950,208.824,8160,8172,0.921622,0.783117,1,0,EyesOpened
20260806_140923_424,1,Unspecified,Blink,84,2026-08-06T14:12:10.8401936+09:00,2026-08-06T14:12:10.9931936+09:00,167.415943,167.569051,153.109,8281,8290,0.900934,0.694612,1,0,EyesOpened
20260806_140923_424,1,Unspecified,Blink,85,2026-08-06T14:12:11.3971936+09:00,2026-08-06T14:12:11.6061936+09:00,167.972942,168.181674,208.732,8314,8327,0.913837,0.615539,1,0,EyesOpened
20260806_140923_424,1,Unspecified,Blink,86,2026-08-06T14:12:14.2651936+09:00,2026-08-06T14:12:14.3481936+09:00,170.840761,170.924243,83.482,8486,8491,0.787352,0.592871,1,0,EyesOpened
20260806_140923_424,1,Unspecified,Blink,87,2026-08-06T14:12:14.5571936+09:00,2026-08-06T14:12:14.6411936+09:00,171.133221,171.216748,83.527,8504,8509,0.730663,0.548557,1,0,EyesOpened
20260806_140923_424,1,Unspecified,Blink,88,2026-08-06T14:12:14.8641936+09:00,2026-08-06T14:12:15.0451936+09:00,171.439561,171.620550,180.989,8522,8533,0.964347,0.664667,1,0,EyesOpened
20260806_140923_424,1,Unspecified,Blink,89,2026-08-06T14:12:16.5901936+09:00,2026-08-06T14:12:16.7711936+09:00,173.166067,173.346950,180.884,8626,8637,0.899638,0.715588,1,0,EyesOpened
20260806_140923_424,1,Unspecified,Blink,90,2026-08-06T14:12:16.8821936+09:00,2026-08-06T14:12:17.0771936+09:00,173.458294,173.653072,194.778,8643,8655,0.995747,0.783293,1,0,EyesOpened
20260806_140923_424,1,Unspecified,Blink,91,2026-08-06T14:12:20.0981936+09:00,2026-08-06T14:12:20.1961936+09:00,176.674397,176.771664,97.267,8836,8842,0.816475,0.498275,1,0,EyesOpened
20260806_140923_424,1,Unspecified,Blink,92,2026-08-06T14:12:20.4881936+09:00,2026-08-06T14:12:20.6001936+09:00,177.064171,177.175698,111.527,8860,8867,0.829555,0.632438,1,0,EyesOpened
20260806_140923_424,1,Unspecified,Blink,93,2026-08-06T14:12:22.4791936+09:00,2026-08-06T14:12:22.6601936+09:00,179.054947,179.235913,180.965,8979,8990,0.864213,0.616082,1,0,EyesOpened
20260806_140923_424,1,Unspecified,Blink,94,2026-08-06T14:12:22.7711936+09:00,2026-08-06T14:12:23.0081936+09:00,179.347113,179.583916,236.804,8997,9011,0.994954,0.786378,1,0,EyesOpened
20260806_140923_424,1,Unspecified,Blink,95,2026-08-06T14:12:26.3361936+09:00,2026-08-06T14:12:26.7391936+09:00,182.911643,183.315326,403.683,9211,9235,0.999915,0.820093,1,0,EyesOpened
20260806_140923_424,1,Unspecified,Blink,96,2026-08-06T14:12:29.2311936+09:00,2026-08-06T14:12:29.2731936+09:00,185.807210,185.848830,41.619,9384,9387,0.494622,0.397369,0,0,EyesOpened
20260806_140923_424,1,Unspecified,Blink,97,2026-08-06T14:12:30.9851936+09:00,2026-08-06T14:12:31.1111936+09:00,187.561263,187.686525,125.262,9490,9497,0.814598,0.556726,1,0,EyesOpened
20260806_140923_424,1,Unspecified,Blink,98,2026-08-06T14:12:32.6701936+09:00,2026-08-06T14:12:32.7531936+09:00,189.245889,189.329167,83.278,9591,9596,0.781510,0.445289,1,0,EyesOpened
20260806_140923_424,1,Unspecified,Blink,99,2026-08-06T14:12:34.2991936+09:00,2026-08-06T14:12:34.3961936+09:00,190.874713,190.972037,97.324,9688,9694,0.613559,0.400031,1,0,EyesOpened
20260806_140923_424,1,Unspecified,Blink,100,2026-08-06T14:12:34.5771936+09:00,2026-08-06T14:12:34.7581936+09:00,191.152961,191.334108,181.147,9705,9716,0.921815,0.631723,1,0,EyesOpened
20260806_140923_424,1,Unspecified,Blink,101,2026-08-06T14:12:36.5961936+09:00,2026-08-06T14:12:36.6791936+09:00,193.171732,193.255113,83.381,9826,9831,0.772694,0.582586,1,0,EyesOpened
20260806_140923_424,1,Unspecified,Blink,102,2026-08-06T14:12:36.9301936+09:00,2026-08-06T14:12:37.0271936+09:00,193.505855,193.603441,97.586,9846,9852,0.763824,0.445399,1,0,EyesOpened
20260806_140923_424,1,Unspecified,Blink,103,2026-08-06T14:12:38.6151936+09:00,2026-08-06T14:12:38.7821936+09:00,195.190644,195.357809,167.165,9947,9957,0.973060,0.632271,1,0,EyesOpened
20260806_140923_424,1,Unspecified,Blink,104,2026-08-06T14:12:38.9771936+09:00,2026-08-06T14:12:39.1861936+09:00,195.552591,195.761561,208.970,9969,9982,0.984136,0.631340,1,0,EyesOpened
20260806_140923_424,1,Unspecified,Blink,105,2026-08-06T14:12:40.8561936+09:00,2026-08-06T14:12:40.9811936+09:00,197.431923,197.557157,125.235,10082,10089,0.881253,0.690781,1,0,EyesOpened
20260806_140923_424,1,Unspecified,Blink,106,2026-08-06T14:12:41.1621936+09:00,2026-08-06T14:12:41.3151936+09:00,197.738198,197.891300,153.102,10100,10109,0.988082,0.836867,1,0,EyesOpened
20260806_140923_424,1,Unspecified,Blink,107,2026-08-06T14:12:44.6291936+09:00,2026-08-06T14:12:44.7961936+09:00,201.204922,201.371893,166.971,10308,10318,0.973875,0.741316,1,0,EyesOpened
20260806_140923_424,1,Unspecified,Blink,108,2026-08-06T14:12:46.4801936+09:00,2026-08-06T14:12:46.6481936+09:00,203.056475,203.223565,167.089,10419,10429,0.913044,0.729638,1,0,EyesOpened
20260806_140923_424,1,Unspecified,Blink,109,2026-08-06T14:12:48.5401936+09:00,2026-08-06T14:12:48.6801936+09:00,205.116396,205.255915,139.518,10543,10551,0.872337,0.685782,1,0,EyesOpened
20260806_140923_424,1,Unspecified,Blink,110,2026-08-06T14:12:50.7121936+09:00,2026-08-06T14:12:51.1031936+09:00,207.288475,207.678617,390.142,10673,10697,0.988327,0.815941,1,0,EyesOpened
20260806_140923_424,1,Unspecified,Blink,111,2026-08-06T14:12:52.7031936+09:00,2026-08-06T14:12:52.9121936+09:00,209.279341,209.488181,208.840,10793,10805,0.966678,0.711191,1,0,EyesOpened
20260806_140923_424,1,Unspecified,Blink,112,2026-08-06T14:12:54.1651936+09:00,2026-08-06T14:12:54.2351936+09:00,210.741133,210.810669,69.537,10880,10885,0.507415,0.402299,1,0,EyesOpened
20260806_140923_424,1,Unspecified,Blink,113,2026-08-06T14:12:54.4581936+09:00,2026-08-06T14:12:54.9731936+09:00,211.033501,211.548545,515.043,10898,10929,1.000000,0.859445,1,0,EyesOpened
20260806_140923_424,1,Unspecified,Blink,114,2026-08-06T14:12:56.6581936+09:00,2026-08-06T14:12:56.7691936+09:00,213.233560,213.344974,111.414,11030,11037,0.898491,0.678253,1,0,EyesOpened
20260806_140923_424,1,Unspecified,Blink,115,2026-08-06T14:12:56.9911936+09:00,2026-08-06T14:12:57.1311936+09:00,213.567480,213.706930,139.450,11050,11058,0.972762,0.840237,1,0,EyesOpened
20260806_140923_424,1,Unspecified,Blink,116,2026-08-06T14:12:58.1061936+09:00,2026-08-06T14:12:58.2031936+09:00,214.681546,214.778926,97.381,11117,11123,0.850657,0.582277,1,0,EyesOpened
20260806_140923_424,1,Unspecified,Blink,117,2026-08-06T14:12:58.4391936+09:00,2026-08-06T14:12:58.6201936+09:00,215.015492,215.196472,180.980,11137,11148,0.939077,0.711085,1,0,EyesOpened
20260806_140923_424,1,Unspecified,Blink,118,2026-08-06T14:12:58.7181936+09:00,2026-08-06T14:12:58.9551936+09:00,215.293976,215.530781,236.805,11154,11168,0.999966,0.827135,1,0,EyesOpened
20260806_140923_424,1,Unspecified,Blink,119,2026-08-06T14:13:00.1931936+09:00,2026-08-06T14:13:00.3471936+09:00,216.769439,216.922720,153.281,11242,11251,0.866938,0.596693,1,0,EyesOpened
20260806_140923_424,1,Unspecified,Blink,120,2026-08-06T14:13:00.5971936+09:00,2026-08-06T14:13:00.7091936+09:00,217.173384,217.284751,111.368,11266,11273,0.954943,0.700045,1,0,EyesOpened
20260806_140923_424,1,Unspecified,Blink,121,2026-08-06T14:13:00.9041936+09:00,2026-08-06T14:13:01.0991936+09:00,217.479578,217.674510,194.932,11285,11296,0.962756,0.661895,1,0,EyesOpened
20260806_140923_424,1,Unspecified,Blink,122,2026-08-06T14:13:02.0451936+09:00,2026-08-06T14:13:02.1431936+09:00,218.621100,218.718649,97.549,11353,11359,0.866987,0.680151,1,0,EyesOpened
20260806_140923_424,1,Unspecified,Blink,123,2026-08-06T14:13:05.2751936+09:00,2026-08-06T14:13:05.3311936+09:00,221.851310,221.906909,55.599,11547,11550,0.520159,0.412864,1,0,EyesOpened
20260806_140923_424,1,Unspecified,Blink,124,2026-08-06T14:13:06.1941936+09:00,2026-08-06T14:13:06.3051936+09:00,222.770005,222.881489,111.484,11602,11609,0.637876,0.421605,1,0,EyesOpened
20260806_140923_424,1,Unspecified,Blink,125,2026-08-06T14:13:06.5141936+09:00,2026-08-06T14:13:06.6261936+09:00,223.090240,223.201797,111.557,11621,11628,0.966367,0.761172,1,0,EyesOpened
20260806_140923_424,1,Unspecified,Blink,126,2026-08-06T14:13:06.7791936+09:00,2026-08-06T14:13:06.9321936+09:00,223.354856,223.507916,153.060,11637,11646,0.993685,0.703751,1,0,EyesOpened
20260806_140923_424,1,Unspecified,Blink,127,2026-08-06T14:13:08.2411936+09:00,2026-08-06T14:13:08.6451936+09:00,224.816804,225.220623,403.819,11725,11749,1.000000,0.906518,1,0,EyesOpened
20260806_140923_424,1,Unspecified,Blink,128,2026-08-06T14:13:08.8121936+09:00,2026-08-06T14:13:08.9781936+09:00,225.387531,225.554178,166.647,11759,11769,0.986121,0.823824,1,0,EyesOpened
20260806_140923_424,1,Unspecified,Blink,129,2026-08-06T14:13:10.2311936+09:00,2026-08-06T14:13:10.3431936+09:00,226.807190,226.918707,111.517,11844,11851,0.714945,0.428659,1,0,EyesOpened
20260806_140923_424,1,Unspecified,Blink,130,2026-08-06T14:13:10.8441936+09:00,2026-08-06T14:13:10.9271936+09:00,227.419896,227.503247,83.351,11881,11886,0.779883,0.623482,1,0,EyesOpened
20260806_140923_424,1,Unspecified,Blink,131,2026-08-06T14:13:12.9731936+09:00,2026-08-06T14:13:13.0571936+09:00,229.549377,229.632921,83.544,12009,12014,0.735855,0.469314,1,0,EyesOpened
20260806_140923_424,1,Unspecified,Blink,132,2026-08-06T14:13:14.2541936+09:00,2026-08-06T14:13:14.2961936+09:00,230.830358,230.872160,41.802,12086,12088,0.527125,0.373820,0,0,EyesOpened
20260806_140923_424,1,Unspecified,Blink,133,2026-08-06T14:13:14.4771936+09:00,2026-08-06T14:13:14.6301936+09:00,231.053368,231.206488,153.120,12099,12108,0.963768,0.752310,1,0,EyesOpened
20260806_140923_424,1,Unspecified,Blink,134,2026-08-06T14:13:14.8531936+09:00,2026-08-06T14:13:14.9921936+09:00,231.429294,231.568388,139.094,12122,12130,0.943299,0.642861,1,0,EyesOpened
20260806_140923_424,1,Unspecified,Blink,135,2026-08-06T14:13:16.2321936+09:00,2026-08-06T14:13:16.2871936+09:00,232.807604,232.863073,55.469,12204,12208,0.518208,0.329573,1,0,EyesOpened
20260806_140923_424,1,Unspecified,Blink,136,2026-08-06T14:13:16.4421936+09:00,2026-08-06T14:13:16.6911936+09:00,233.017608,233.266786,249.178,12217,12232,0.999774,0.744536,1,0,EyesOpened
20260806_140923_424,1,Unspecified,Blink,137,2026-08-06T14:13:16.8021936+09:00,2026-08-06T14:13:17.0111936+09:00,233.378107,233.586863,208.756,12239,12251,0.981948,0.793897,1,0,EyesOpened
20260806_140923_424,1,Unspecified,Blink,138,2026-08-06T14:13:18.5151936+09:00,2026-08-06T14:13:18.9471936+09:00,235.090599,235.522500,431.901,12341,12367,0.998308,0.748260,1,0,EyesOpened
20260806_140923_424,1,Unspecified,Blink,139,2026-08-06T14:13:20.4791936+09:00,2026-08-06T14:13:20.8531936+09:00,237.054975,237.428907,373.932,12459,12482,0.999999,0.898925,1,0,EyesOpened
20260806_140923_424,1,Unspecified,Blink,140,2026-08-06T14:13:22.7471936+09:00,2026-08-06T14:13:22.9141936+09:00,239.323303,239.489998,166.695,12595,12605,0.971983,0.652099,1,0,EyesOpened
20260806_140923_424,1,Unspecified,Blink,141,2026-08-06T14:13:24.3071936+09:00,2026-08-06T14:13:24.3761936+09:00,240.882709,240.952106,69.397,12689,12693,0.739885,0.486749,1,0,EyesOpened
20260806_140923_424,1,Unspecified,Blink,142,2026-08-06T14:13:24.6271936+09:00,2026-08-06T14:13:24.8361936+09:00,241.202825,241.411518,208.693,12708,12721,0.959787,0.686814,1,0,EyesOpened
20260806_140923_424,1,Unspecified,Blink,143,2026-08-06T14:13:24.9051936+09:00,2026-08-06T14:13:25.1281936+09:00,241.481265,241.704097,222.832,12725,12738,0.980431,0.796622,1,0,EyesOpened
20260806_140923_424,1,Unspecified,Blink,144,2026-08-06T14:13:26.3121936+09:00,2026-08-06T14:13:26.6461936+09:00,242.887576,243.221672,334.096,12809,12829,0.999982,0.872789,1,0,EyesOpened
20260806_140923_424,1,Unspecified,Blink,145,2026-08-06T14:13:26.9101936+09:00,2026-08-06T14:13:27.1051936+09:00,243.486204,243.681104,194.901,12845,12857,0.957225,0.714067,1,0,EyesOpened
20260806_140923_424,1,Unspecified,Blink,146,2026-08-06T14:13:28.4971936+09:00,2026-08-06T14:13:28.9981936+09:00,245.072806,245.574113,501.307,12940,12970,1.000000,0.945250,1,0,EyesOpened
20260806_140923_424,1,Unspecified,Blink,147,2026-08-06T14:13:30.5711936+09:00,2026-08-06T14:13:31.3101936+09:00,247.147129,247.886180,739.051,13065,13109,0.999998,0.928172,1,0,EyesOpened
20260806_140923_424,1,Unspecified,Blink,148,2026-08-06T14:13:32.3401936+09:00,2026-08-06T14:13:32.4091936+09:00,248.915517,248.985150,69.632,13171,13175,0.606729,0.471322,1,0,EyesOpened
20260806_140923_424,1,Unspecified,Blink,149,2026-08-06T14:13:34.5811936+09:00,2026-08-06T14:13:34.7071936+09:00,251.157277,251.282657,125.380,13305,13313,0.755751,0.574079,1,0,EyesOpened
20260806_140923_424,1,Unspecified,Blink,150,2026-08-06T14:13:36.3911936+09:00,2026-08-06T14:13:36.5301936+09:00,252.967338,253.106460,139.122,13414,13422,0.751192,0.566470,1,0,EyesOpened
20260806_140923_424,1,Unspecified,Blink,151,2026-08-06T14:13:38.4801936+09:00,2026-08-06T14:13:38.6611936+09:00,255.055637,255.236601,180.964,13539,13550,0.921369,0.813636,1,0,EyesOpened
20260806_140923_424,1,Unspecified,Blink,152,2026-08-06T14:13:40.4291936+09:00,2026-08-06T14:13:40.7771936+09:00,257.004723,257.352708,347.985,13656,13677,0.991957,0.883698,1,0,EyesOpened
20260806_140923_424,1,Unspecified,Blink,153,2026-08-06T14:13:40.9711936+09:00,2026-08-06T14:13:41.2361936+09:00,257.547483,257.811799,264.316,13689,13705,0.933363,0.737986,1,0,EyesOpened
20260806_140923_424,1,Unspecified,Blink,154,2026-08-06T14:13:42.6141936+09:00,2026-08-06T14:13:43.1431936+09:00,259.190097,259.719213,529.116,13787,13819,0.953085,0.869796,1,0,EyesOpened
20260806_140923_424,1,Unspecified,Blink,155,2026-08-06T14:13:44.5771936+09:00,2026-08-06T14:13:44.8971936+09:00,261.152954,261.473261,320.307,13905,13924,0.991193,0.817190,1,0,EyesOpened
20260806_140923_424,1,Unspecified,Blink,156,2026-08-06T14:13:46.5951936+09:00,2026-08-06T14:13:46.6791936+09:00,263.171475,263.255179,83.705,14026,14031,0.611701,0.401223,1,0,EyesOpened
20260806_140923_424,1,Unspecified,Blink,157,2026-08-06T14:13:46.9301936+09:00,2026-08-06T14:13:47.1111936+09:00,263.505815,263.686910,181.095,14046,14057,0.852858,0.658053,1,0,EyesOpened
20260806_140923_424,1,Unspecified,Blink,158,2026-08-06T14:13:50.5911936+09:00,2026-08-06T14:13:50.7861936+09:00,267.167360,267.362322,194.962,14266,14278,0.903230,0.790277,1,0,EyesOpened
20260806_140923_424,1,Unspecified,Blink,159,2026-08-06T14:13:52.5961936+09:00,2026-08-06T14:13:53.0701936+09:00,269.172290,269.645764,473.474,14386,14415,0.999973,0.862145,1,0,EyesOpened
20260806_140923_424,1,Unspecified,Blink,160,2026-08-06T14:13:54.3781936+09:00,2026-08-06T14:13:54.4901936+09:00,270.954364,271.065720,111.356,14493,14500,0.698755,0.542227,1,0,EyesOpened
20260806_140923_424,1,Unspecified,Blink,161,2026-08-06T14:13:54.6991936+09:00,2026-08-06T14:13:54.9911936+09:00,271.274520,271.567142,292.622,14513,14530,0.865378,0.730933,1,0,EyesOpened
20260806_140923_424,1,Unspecified,Blink,162,2026-08-06T14:13:56.5781936+09:00,2026-08-06T14:13:56.8291936+09:00,273.154081,273.404684,250.603,14625,14640,0.912290,0.775930,1,0,EyesOpened
20260806_140923_424,1,Unspecified,Blink,163,2026-08-06T14:13:58.7501936+09:00,2026-08-06T14:13:58.8611936+09:00,275.326024,275.437432,111.408,14756,14762,0.645124,0.568483,1,0,EyesOpened
20260806_140923_424,1,Unspecified,Blink,164,2026-08-06T14:14:00.5181936+09:00,2026-08-06T14:14:00.5741936+09:00,277.094183,277.149598,55.415,14862,14865,0.542792,0.280515,1,0,EyesOpened
20260806_140923_424,1,Unspecified,Blink,165,2026-08-06T14:14:00.8801936+09:00,2026-08-06T14:14:01.0051936+09:00,277.456018,277.581346,125.328,14883,14891,0.767940,0.597181,1,0,EyesOpened
20260806_140923_424,1,Unspecified,Blink,166,2026-08-06T14:14:02.7871936+09:00,2026-08-06T14:14:03.0101936+09:00,279.363478,279.585942,222.463,14998,15011,0.906087,0.737085,1,0,EyesOpened
20260806_140923_424,1,Unspecified,Blink,167,2026-08-06T14:14:04.3881936+09:00,2026-08-06T14:14:04.5571936+09:00,280.964193,281.132539,168.346,15094,15104,0.887409,0.645173,1,0,EyesOpened
20260806_140923_424,1,Unspecified,Blink,168,2026-08-06T14:14:06.6021936+09:00,2026-08-06T14:14:06.6581936+09:00,283.178182,283.233682,55.500,15227,15230,0.508286,0.422147,1,0,EyesOpened
20260806_140923_424,1,Unspecified,Blink,169,2026-08-06T14:14:06.9081936+09:00,2026-08-06T14:14:07.0061936+09:00,283.484265,283.581806,97.541,15245,15251,0.683899,0.559346,1,0,EyesOpened
20260806_140923_424,1,Unspecified,Blink,170,2026-08-06T14:14:08.2591936+09:00,2026-08-06T14:14:08.3561936+09:00,284.834867,284.932259,97.392,15326,15332,0.708989,0.568866,1,0,EyesOpened
20260806_140923_424,1,Unspecified,Blink,171,2026-08-06T14:14:08.5931936+09:00,2026-08-06T14:14:08.8301936+09:00,285.168804,285.405918,237.114,15346,15360,0.894775,0.655254,1,0,EyesOpened
20260806_140923_424,1,Unspecified,Blink,172,2026-08-06T14:14:08.9551936+09:00,2026-08-06T14:14:09.1361936+09:00,285.530814,285.711787,180.973,15368,15379,0.844049,0.651420,1,0,EyesOpened
20260806_140923_424,1,Unspecified,Blink,173,2026-08-06T14:14:10.5421936+09:00,2026-08-06T14:14:10.6531936+09:00,287.117699,287.229046,111.346,15463,15470,0.542701,0.465692,1,0,EyesOpened
20260806_140923_424,1,Unspecified,Blink,174,2026-08-06T14:14:10.7791936+09:00,2026-08-06T14:14:10.9731936+09:00,287.354539,287.549263,194.724,15477,15489,0.873640,0.651631,1,0,EyesOpened
20260806_140923_424,1,Unspecified,Blink,175,2026-08-06T14:14:12.5191936+09:00,2026-08-06T14:14:12.5601936+09:00,289.094890,289.136485,41.594,15582,15584,0.576404,0.384214,0,0,EyesOpened
20260806_140923_424,1,Unspecified,Blink,176,2026-08-06T14:14:12.7691936+09:00,2026-08-06T14:14:12.9091936+09:00,289.345209,289.484595,139.386,15597,15605,0.828016,0.738106,1,0,EyesOpened
20260806_140923_424,1,Unspecified,Blink,177,2026-08-06T14:14:14.6631936+09:00,2026-08-06T14:14:14.7461936+09:00,291.238637,291.322033,83.396,15710,15715,0.770698,0.499116,1,0,EyesOpened
20260806_140923_424,1,Unspecified,Blink,178,2026-08-06T14:14:16.9461936+09:00,2026-08-06T14:14:17.0571936+09:00,293.521618,293.632844,111.226,15847,15854,0.692471,0.532923,1,0,EyesOpened
20260806_140923_424,1,Unspecified,Blink,179,2026-08-06T14:14:18.5051936+09:00,2026-08-06T14:14:18.6311936+09:00,295.081382,295.206596,125.214,15941,15948,0.655122,0.475282,1,0,EyesOpened
20260806_140923_424,1,Unspecified,Blink,180,2026-08-06T14:14:20.7471936+09:00,2026-08-06T14:14:20.8441936+09:00,297.322734,297.420247,97.512,16075,16081,0.724607,0.548898,1,0,EyesOpened
20260806_140923_424,1,Unspecified,Blink,181,2026-08-06T14:14:22.4041936+09:00,2026-08-06T14:14:22.5151936+09:00,298.979548,299.090912,111.364,16175,16181,0.514501,0.341183,1,0,EyesOpened
20260806_140923_424,1,Unspecified,Blink,182,2026-08-06T14:14:24.6591936+09:00,2026-08-06T14:14:24.9231936+09:00,301.234934,301.499410,264.476,16310,16326,0.855403,0.734517,1,0,EyesOpened
20260806_140923_424,1,Unspecified,Blink,183,2026-08-06T14:14:25.0491936+09:00,2026-08-06T14:14:25.3971936+09:00,301.624683,301.972791,348.108,16333,16354,0.878708,0.742777,1,0,EyesOpened
20260806_140923_424,1,Unspecified,Blink,184,2026-08-06T14:14:26.5391936+09:00,2026-08-06T14:14:27.0261936+09:00,303.114533,303.601541,487.008,16423,16452,0.999995,0.879459,1,0,EyesOpened
20260806_140923_424,1,Unspecified,Blink,185,2026-08-06T14:14:28.5571936+09:00,2026-08-06T14:14:28.9051936+09:00,305.132555,305.480680,348.125,16544,16565,0.906461,0.816235,1,0,EyesOpened
20260806_140923_424,1,Unspecified,Blink,186,2026-08-06T14:14:30.4081936+09:00,2026-08-06T14:14:30.9791936+09:00,306.984226,307.555302,571.076,16655,16689,0.998408,0.896434,1,0,EyesOpened
20260806_140923_424,1,Unspecified,Blink,187,2026-08-06T14:14:32.4691936+09:00,2026-08-06T14:14:32.5521936+09:00,309.045007,309.128398,83.392,16779,16784,0.639170,0.429734,1,0,EyesOpened
20260806_140923_424,1,Unspecified,Blink,188,2026-08-06T14:14:32.8031936+09:00,2026-08-06T14:14:32.9421936+09:00,309.379133,309.518312,139.179,16799,16807,0.853392,0.602173,1,0,EyesOpened
20260806_140923_424,1,Unspecified,Blink,189,2026-08-06T14:14:34.6551936+09:00,2026-08-06T14:14:34.7801936+09:00,311.230587,311.356092,125.506,16910,16917,0.650108,0.480013,1,0,EyesOpened
20260806_140923_424,1,Unspecified,Blink,190,2026-08-06T14:14:36.8541936+09:00,2026-08-06T14:14:37.0631936+09:00,313.430495,313.639373,208.878,17042,17054,0.860896,0.720327,1,0,EyesOpened
20260806_140923_424,1,Unspecified,Blink,191,2026-08-06T14:14:40.4191936+09:00,2026-08-06T14:14:40.4741936+09:00,316.994520,317.050019,55.499,17256,17259,0.627388,0.469712,1,0,EyesOpened
20260806_140923_424,1,Unspecified,Blink,192,2026-08-06T14:14:40.7391936+09:00,2026-08-06T14:14:40.8641936+09:00,317.314688,317.440154,125.466,17275,17282,0.709079,0.477167,1,0,EyesOpened
20260806_140923_424,1,Unspecified,Blink,193,2026-08-06T14:14:44.5951936+09:00,2026-08-06T14:14:44.7901936+09:00,321.170674,321.365870,195.196,17506,17518,0.818985,0.559919,1,0,EyesOpened
20260806_140923_424,1,Unspecified,Blink,194,2026-08-06T14:14:46.6141936+09:00,2026-08-06T14:14:46.7811936+09:00,323.189622,323.356867,167.245,17627,17637,0.816952,0.610287,1,0,EyesOpened
20260806_140923_424,1,Unspecified,Blink,195,2026-08-06T14:14:46.8361936+09:00,2026-08-06T14:14:47.0181936+09:00,323.412348,323.593723,181.375,17641,17652,0.942993,0.832869,1,0,EyesOpened
20260806_140923_424,1,Unspecified,Blink,196,2026-08-06T14:14:50.5541936+09:00,2026-08-06T14:14:50.9441936+09:00,327.129696,327.519753,390.057,17864,17887,0.999984,0.805506,1,0,EyesOpened
20260806_140923_424,1,Unspecified,Blink,197,2026-08-06T14:14:52.3911936+09:00,2026-08-06T14:14:52.7251936+09:00,328.967487,329.301433,333.946,17974,17994,0.991812,0.770115,1,0,EyesOpened
20260806_140923_424,1,Unspecified,Blink,198,2026-08-06T14:14:53.1711936+09:00,2026-08-06T14:14:53.2961936+09:00,329.747176,329.872295,125.119,18021,18028,0.876867,0.732387,1,0,EyesOpened
20260806_140923_424,1,Unspecified,Blink,199,2026-08-06T14:14:54.6051936+09:00,2026-08-06T14:14:55.0781936+09:00,331.181132,331.654428,473.296,18107,18135,0.923588,0.632271,1,0,EyesOpened
20260806_140923_424,1,Unspecified,Blink,200,2026-08-06T14:14:55.1621936+09:00,2026-08-06T14:14:55.3571936+09:00,331.738049,331.932720,194.671,18140,18152,0.919995,0.706376,1,0,EyesOpened
20260806_140923_424,1,Unspecified,Blink,201,2026-08-06T14:14:56.5541936+09:00,2026-08-06T14:14:56.6801936+09:00,333.130151,333.255537,125.386,18224,18231,0.784458,0.662512,1,0,EyesOpened
20260806_140923_424,1,Unspecified,Blink,202,2026-08-06T14:14:56.8741936+09:00,2026-08-06T14:14:57.0131936+09:00,333.450375,333.589479,139.103,18243,18251,0.862100,0.707644,1,0,EyesOpened
20260806_140923_424,1,Unspecified,Blink,203,2026-08-06T14:14:58.5451936+09:00,2026-08-06T14:14:59.0461936+09:00,335.121076,335.622453,501.377,18343,18373,0.975245,0.727986,1,0,EyesOpened
20260806_140923_424,1,Unspecified,Blink,204,2026-08-06T14:15:02.5271936+09:00,2026-08-06T14:15:02.7631936+09:00,339.102697,339.339430,236.733,18582,18596,0.894678,0.780202,1,0,EyesOpened
20260806_140923_424,1,Unspecified,Blink,205,2026-08-06T14:15:04.4761936+09:00,2026-08-06T14:15:04.8381936+09:00,341.052054,341.414221,362.167,18699,18721,0.988836,0.767299,1,0,EyesOpened
20260806_140923_424,1,Unspecified,Blink,206,2026-08-06T14:15:06.3971936+09:00,2026-08-06T14:15:06.4951936+09:00,342.973358,343.070775,97.417,18814,18820,0.740505,0.619183,1,0,EyesOpened
20260806_140923_424,1,Unspecified,Blink,207,2026-08-06T14:15:06.7311936+09:00,2026-08-06T14:15:06.9681936+09:00,343.307340,343.543966,236.626,18834,18849,0.925300,0.635872,1,0,EyesOpened
20260806_140923_424,1,Unspecified,Blink,208,2026-08-06T14:15:07.1351936+09:00,2026-08-06T14:15:07.2741936+09:00,343.711072,343.850372,139.300,18859,18867,0.869571,0.666550,1,0,EyesOpened
20260806_140923_424,1,Unspecified,Blink,209,2026-08-06T14:15:10.5601936+09:00,2026-08-06T14:15:10.7131936+09:00,347.136157,347.289078,152.921,19064,19073,0.669909,0.502804,1,0,EyesOpened
20260806_140923_424,1,Unspecified,Blink,210,2026-08-06T14:15:12.4671936+09:00,2026-08-06T14:15:12.9131936+09:00,349.043479,349.488877,445.399,19179,19205,0.969311,0.842318,1,0,EyesOpened
20260806_140923_424,1,Unspecified,Blink,211,2026-08-06T14:15:16.5601936+09:00,2026-08-06T14:15:16.6301936+09:00,353.136301,353.205903,69.602,19424,19428,0.625733,0.507635,1,0,EyesOpened
20260806_140923_424,1,Unspecified,Blink,212,2026-08-06T14:15:17.3401936+09:00,2026-08-06T14:15:17.4791936+09:00,353.915877,354.055243,139.367,19471,19479,0.710728,0.530914,1,0,EyesOpened
20260806_140923_424,1,Unspecified,Blink,213,2026-08-06T14:15:18.5791936+09:00,2026-08-06T14:15:18.6621936+09:00,355.155046,355.238465,83.419,19545,19550,0.557609,0.448619,1,0,EyesOpened
20260806_140923_424,1,Unspecified,Blink,214,2026-08-06T14:15:18.8851936+09:00,2026-08-06T14:15:19.0801936+09:00,355.461310,355.656263,194.953,19564,19575,0.859683,0.675955,1,0,EyesOpened
20260806_140923_424,1,Unspecified,Blink,215,2026-08-06T14:15:20.1661936+09:00,2026-08-06T14:15:20.3051936+09:00,356.742063,356.881231,139.167,19641,19649,0.824183,0.653506,1,0,EyesOpened
20260806_140923_424,1,Unspecified,Blink,216,2026-08-06T14:15:20.4311936+09:00,2026-08-06T14:15:20.6111936+09:00,357.006594,357.187496,180.902,19656,19667,0.854087,0.713862,1,0,EyesOpened
20260806_140923_424,1,Unspecified,Blink,217,2026-08-06T14:15:22.8951936+09:00,2026-08-06T14:15:23.1311936+09:00,359.470615,359.707157,236.543,19804,19818,0.871733,0.659120,1,0,EyesOpened
20260806_140923_424,1,Unspecified,Blink,218,2026-08-06T14:15:24.3981936+09:00,2026-08-06T14:15:24.7741936+09:00,360.974209,361.350020,375.811,19894,19917,0.967400,0.799942,1,0,EyesOpened
20260806_140923_424,1,Unspecified,Blink,219,2026-08-06T14:15:26.3471936+09:00,2026-08-06T14:15:26.3891936+09:00,362.923476,362.965191,41.715,20011,20014,0.611257,0.363536,0,0,EyesOpened
20260806_140923_424,1,Unspecified,Blink,220,2026-08-06T14:15:26.7231936+09:00,2026-08-06T14:15:26.7931936+09:00,363.299437,363.368917,69.480,20034,20038,0.753434,0.523739,1,0,EyesOpened
20260806_140923_424,1,Unspecified,Blink,221,2026-08-06T14:15:27.0021936+09:00,2026-08-06T14:15:27.1691936+09:00,363.578013,363.745287,167.274,20051,20061,0.856129,0.708067,1,0,EyesOpened
20260806_140923_424,1,Unspecified,Blink,222,2026-08-06T14:15:28.2551936+09:00,2026-08-06T14:15:28.4221936+09:00,364.830737,364.997814,167.077,20126,20136,0.831747,0.647699,1,0,EyesOpened
20260806_140923_424,1,Unspecified,Blink,223,2026-08-06T14:15:28.6451936+09:00,2026-08-06T14:15:28.8111936+09:00,365.220518,365.387420,166.902,20149,20159,0.879664,0.725743,1,0,EyesOpened
20260806_140923_424,1,Unspecified,Blink,224,2026-08-06T14:15:28.9231936+09:00,2026-08-06T14:15:29.0901936+09:00,365.498934,365.665700,166.767,20166,20176,0.879587,0.768761,1,0,EyesOpened
20260806_140923_424,1,Unspecified,Blink,225,2026-08-06T14:15:32.1941936+09:00,2026-08-06T14:15:32.2921936+09:00,368.770373,368.867909,97.536,20362,20368,0.698050,0.579489,1,0,EyesOpened
20260806_140923_424,1,Unspecified,Blink,226,2026-08-06T14:15:32.5151936+09:00,2026-08-06T14:15:32.6401936+09:00,369.090615,369.216194,125.579,20381,20389,0.886186,0.607074,1,0,EyesOpened
20260806_140923_424,1,Unspecified,Blink,227,2026-08-06T14:15:34.2551936+09:00,2026-08-06T14:15:34.4221936+09:00,370.831199,370.998214,167.015,20486,20496,0.870578,0.619459,1,0,EyesOpened
20260806_140923_424,1,Unspecified,Blink,228,2026-08-06T14:15:34.5201936+09:00,2026-08-06T14:15:34.7141936+09:00,371.095666,371.290226,194.561,20502,20513,0.899070,0.733382,1,0,EyesOpened
20260806_140923_424,1,Unspecified,Blink,229,2026-08-06T14:15:36.7461936+09:00,2026-08-06T14:15:36.8861936+09:00,373.322359,373.461554,139.196,20635,20644,0.889486,0.616428,1,0,EyesOpened
20260806_140923_424,1,Unspecified,Blink,230,2026-08-06T14:15:38.6261936+09:00,2026-08-06T14:15:38.7931936+09:00,375.201943,375.368805,166.863,20748,20758,0.910937,0.640518,1,0,EyesOpened
20260806_140923_424,1,Unspecified,Blink,231,2026-08-06T14:15:39.1411936+09:00,2026-08-06T14:15:39.1971936+09:00,375.717366,375.772939,55.573,20779,20782,0.603888,0.392452,1,0,EyesOpened
20260806_140923_424,1,Unspecified,Blink,232,2026-08-06T14:15:40.3391936+09:00,2026-08-06T14:15:40.3531936+09:00,376.915068,376.928672,13.604,20851,20852,0.536391,0.356335,0,0,EyesOpened
20260806_140923_424,1,Unspecified,Blink,233,2026-08-06T14:15:40.6731936+09:00,2026-08-06T14:15:40.8261936+09:00,377.248848,377.402319,153.470,20871,20880,0.910599,0.773983,1,0,EyesOpened
20260806_140923_424,1,Unspecified,Blink,234,2026-08-06T14:15:41.0491936+09:00,2026-08-06T14:15:41.2031936+09:00,377.624792,377.778708,153.916,20893,20903,0.892735,0.590379,1,0,EyesOpened
20260806_140923_424,1,Unspecified,Blink,235,2026-08-06T14:15:42.3441936+09:00,2026-08-06T14:15:42.7201936+09:00,378.919708,379.295748,376.039,20971,20994,0.999999,0.885758,1,0,EyesOpened
20260806_140923_424,1,Unspecified,Blink,236,2026-08-06T14:15:44.3631936+09:00,2026-08-06T14:15:44.7941936+09:00,380.938561,381.370185,431.624,21092,21118,0.935761,0.807248,1,0,EyesOpened
20260806_140923_424,1,Unspecified,Blink,237,2026-08-06T14:15:46.5621936+09:00,2026-08-06T14:15:46.6731936+09:00,383.138132,383.249403,111.271,21224,21231,0.761675,0.550000,1,0,EyesOpened
20260806_140923_424,1,Unspecified,Blink,238,2026-08-06T14:15:48.2611936+09:00,2026-08-06T14:15:48.6651936+09:00,384.836819,385.240593,403.775,21326,21350,1.000000,0.883477,1,0,EyesOpened
20260806_140923_424,1,Unspecified,Blink,239,2026-08-06T14:15:48.8871936+09:00,2026-08-06T14:15:49.0681936+09:00,385.463465,385.644316,180.852,21364,21375,0.893207,0.755343,1,0,EyesOpened
20260806_140923_424,1,Unspecified,Blink,240,2026-08-06T14:15:50.6271936+09:00,2026-08-06T14:15:50.7251936+09:00,387.203375,387.300952,97.577,21468,21474,0.757722,0.546363,1,0,EyesOpened
20260806_140923_424,1,Unspecified,Blink,241,2026-08-06T14:15:52.3261936+09:00,2026-08-06T14:15:52.7301936+09:00,388.901923,389.305842,403.919,21570,21594,0.999969,0.889149,1,0,EyesOpened
20260806_140923_424,1,Unspecified,Blink,242,2026-08-06T14:15:54.5811936+09:00,2026-08-06T14:15:54.6371936+09:00,391.157289,391.212830,55.541,21705,21709,0.759494,0.547798,1,0,EyesOpened
20260806_140923_424,1,Unspecified,Blink,243,2026-08-06T14:15:54.7761936+09:00,2026-08-06T14:15:54.9571936+09:00,391.352201,391.533367,181.166,21717,21728,0.945048,0.728119,1,0,EyesOpened
20260806_140923_424,1,Unspecified,Blink,244,2026-08-06T14:15:56.3631936+09:00,2026-08-06T14:15:56.5021936+09:00,392.939099,393.078389,139.290,21812,21821,0.942366,0.749901,1,0,EyesOpened
20260806_140923_424,1,Unspecified,Blink,245,2026-08-06T14:15:56.7391936+09:00,2026-08-06T14:15:56.9061936+09:00,393.315043,393.482162,167.119,21835,21845,0.938212,0.806390,1,0,EyesOpened
20260806_140923_424,1,Unspecified,Blink,246,2026-08-06T14:15:58.3121936+09:00,2026-08-06T14:15:58.4381936+09:00,394.888265,395.013751,125.487,21929,21937,0.835945,0.582731,1,0,EyesOpened
20260806_140923_424,1,Unspecified,Blink,247,2026-08-06T14:16:00.5541936+09:00,2026-08-06T14:16:00.6931936+09:00,397.130025,397.269070,139.045,22064,22072,0.874145,0.644441,1,0,EyesOpened
20260806_140923_424,1,Unspecified,Blink,248,2026-08-06T14:16:02.2251936+09:00,2026-08-06T14:16:02.3091936+09:00,398.801066,398.884593,83.527,22164,22169,0.691933,0.485657,1,0,EyesOpened
20260806_140923_424,1,Unspecified,Blink,249,2026-08-06T14:16:02.5731936+09:00,2026-08-06T14:16:02.7681936+09:00,399.148969,399.343895,194.925,22185,22197,0.963723,0.753467,1,0,EyesOpened
20260806_140923_424,1,Unspecified,Blink,250,2026-08-06T14:16:05.3151936+09:00,2026-08-06T14:16:05.4961936+09:00,401.891305,402.072000,180.695,22349,22360,0.966322,0.803628,1,0,EyesOpened
20260806_140923_424,1,Unspecified,Blink,251,2026-08-06T14:16:06.7631936+09:00,2026-08-06T14:16:07.1951936+09:00,403.339135,403.770530,431.395,22436,22462,0.999887,0.903328,1,0,EyesOpened
20260806_140923_424,1,Unspecified,Blink,252,2026-08-06T14:16:08.3641936+09:00,2026-08-06T14:16:08.6981936+09:00,404.939847,405.274078,334.231,22532,22552,0.999384,0.854723,1,0,EyesOpened
20260806_140923_424,1,Unspecified,Blink,253,2026-08-06T14:16:10.3271936+09:00,2026-08-06T14:16:10.4251936+09:00,406.902972,407.000721,97.750,22650,22656,0.763370,0.515178,1,0,EyesOpened
20260806_140923_424,1,Unspecified,Blink,254,2026-08-06T14:16:12.3041936+09:00,2026-08-06T14:16:12.4441936+09:00,408.880431,409.019587,139.156,22769,22777,0.734270,0.439598,1,0,EyesOpened
20260806_140923_424,1,Unspecified,Blink,255,2026-08-06T14:16:12.6251936+09:00,2026-08-06T14:16:13.0151936+09:00,409.200661,409.590600,389.939,22788,22811,0.961552,0.788591,1,0,EyesOpened
20260806_140923_424,1,Unspecified,Blink,256,2026-08-06T14:16:14.4761936+09:00,2026-08-06T14:16:14.5881936+09:00,411.052302,411.163724,111.421,22899,22906,0.666795,0.458317,1,0,EyesOpened
20260806_140923_424,1,Unspecified,Blink,257,2026-08-06T14:16:16.5641936+09:00,2026-08-06T14:16:16.6481936+09:00,413.140328,413.223786,83.458,23024,23029,0.601404,0.441522,1,0,EyesOpened
20260806_140923_424,1,Unspecified,Blink,258,2026-08-06T14:16:16.9401936+09:00,2026-08-06T14:16:17.0661936+09:00,413.516212,413.641628,125.416,23047,23054,0.762721,0.507111,1,0,EyesOpened
20260806_140923_424,1,Unspecified,Blink,259,2026-08-06T14:16:18.4171936+09:00,2026-08-06T14:16:18.5281936+09:00,414.992525,415.103857,111.332,23136,23142,0.711763,0.554874,1,0,EyesOpened
20260806_140923_424,1,Unspecified,Blink,260,2026-08-06T14:16:18.6951936+09:00,2026-08-06T14:16:18.8901936+09:00,415.270692,415.465739,195.048,23152,23164,0.946782,0.778137,1,0,EyesOpened
20260806_140923_424,1,Unspecified,Blink,261,2026-08-06T14:16:20.2961936+09:00,2026-08-06T14:16:20.4491936+09:00,416.871804,417.024934,153.130,23248,23257,0.874689,0.726180,1,0,EyesOpened
20260806_140923_424,1,Unspecified,Blink,262,2026-08-06T14:16:20.5881936+09:00,2026-08-06T14:16:20.7691936+09:00,417.164198,417.345187,180.990,23266,23277,0.926788,0.640439,1,0,EyesOpened
20260806_140923_424,1,Unspecified,Blink,263,2026-08-06T14:16:23.1081936+09:00,2026-08-06T14:16:23.1781936+09:00,419.684010,419.753628,69.618,23417,23421,0.683819,0.463068,1,0,EyesOpened
20260806_140923_424,1,Unspecified,Blink,264,2026-08-06T14:16:23.4281936+09:00,2026-08-06T14:16:23.5811936+09:00,420.004201,420.157466,153.265,23436,23445,0.944170,0.688452,1,0,EyesOpened
20260806_140923_424,1,Unspecified,Blink,265,2026-08-06T14:16:24.7231936+09:00,2026-08-06T14:16:24.8621936+09:00,421.299101,421.438424,139.323,23514,23522,0.815964,0.637237,1,0,EyesOpened
20260806_140923_424,1,Unspecified,Blink,266,2026-08-06T14:16:26.2541936+09:00,2026-08-06T14:16:26.3521936+09:00,422.830147,422.927686,97.539,23606,23612,0.683830,0.523278,1,0,EyesOpened
20260806_140923_424,1,Unspecified,Blink,267,2026-08-06T14:16:26.5191936+09:00,2026-08-06T14:16:26.6581936+09:00,423.095010,423.234170,139.160,23622,23630,0.864696,0.611284,1,0,EyesOpened
20260806_140923_424,1,Unspecified,Blink,268,2026-08-06T14:16:27.0481936+09:00,2026-08-06T14:16:27.1311936+09:00,423.624098,423.707423,83.325,23653,23658,0.856583,0.622051,1,0,EyesOpened
20260806_140923_424,1,Unspecified,Blink,269,2026-08-06T14:16:28.6771936+09:00,2026-08-06T14:16:28.7611936+09:00,425.253084,425.336521,83.437,23751,23756,0.850677,0.529596,1,0,EyesOpened
20260806_140923_424,1,Unspecified,Blink,270,2026-08-06T14:16:30.6951936+09:00,2026-08-06T14:16:30.7511936+09:00,427.271388,427.327277,55.889,23872,23876,0.805795,0.571961,1,0,EyesOpened
20260806_140923_424,1,Unspecified,Blink,271,2026-08-06T14:16:32.3941936+09:00,2026-08-06T14:16:32.5471936+09:00,428.969755,429.123163,153.408,23974,23983,0.869352,0.597560,1,0,EyesOpened
20260806_140923_424,1,Unspecified,Blink,272,2026-08-06T14:16:32.7421936+09:00,2026-08-06T14:16:32.8261936+09:00,429.317993,429.401572,83.579,23995,24000,0.755159,0.632371,1,0,EyesOpened
20260806_140923_424,1,Unspecified,Blink,273,2026-08-06T14:16:34.1761936+09:00,2026-08-06T14:16:34.3151936+09:00,430.751511,430.890866,139.355,24081,24089,0.697356,0.447170,1,0,EyesOpened
20260806_140923_424,1,Unspecified,Blink,274,2026-08-06T14:16:36.5561936+09:00,2026-08-06T14:16:36.6821936+09:00,433.132437,433.257844,125.407,24224,24231,0.868056,0.642457,1,0,EyesOpened
20260806_140923_424,1,Unspecified,Blink,275,2026-08-06T14:16:36.8761936+09:00,2026-08-06T14:16:37.0021936+09:00,433.452496,433.577965,125.469,24243,24251,0.899854,0.751887,1,0,EyesOpened
20260806_140923_424,1,Unspecified,Blink,276,2026-08-06T14:16:38.5751936+09:00,2026-08-06T14:16:38.9791936+09:00,435.151120,435.554868,403.748,24345,24369,0.994222,0.825688,1,0,EyesOpened
20260806_140923_424,1,Unspecified,Blink,277,2026-08-06T14:16:40.3291936+09:00,2026-08-06T14:16:40.4131936+09:00,436.905367,436.988751,83.384,24450,24455,0.620928,0.453433,1,0,EyesOpened
20260806_140923_424,1,Unspecified,Blink,278,2026-08-06T14:16:40.6641936+09:00,2026-08-06T14:16:40.8301936+09:00,437.239530,437.406473,166.942,24470,24480,0.902370,0.654139,1,0,EyesOpened
20260806_140923_424,1,Unspecified,Blink,279,2026-08-06T14:16:42.2231936+09:00,2026-08-06T14:16:42.5991936+09:00,438.798688,439.174554,375.866,24564,24586,0.998722,0.843036,1,0,EyesOpened
20260806_140923_424,1,Unspecified,Blink,280,2026-08-06T14:16:43.1411936+09:00,2026-08-06T14:16:43.2111936+09:00,439.717496,439.787308,69.811,24619,24623,0.867028,0.654253,1,0,EyesOpened
20260806_140923_424,1,Unspecified,Blink,281,2026-08-06T14:16:44.4641936+09:00,2026-08-06T14:16:44.6591936+09:00,441.039911,441.234914,195.004,24698,24710,0.870796,0.679000,1,0,EyesOpened
20260806_140923_424,1,Unspecified,Blink,282,2026-08-06T14:16:44.8541936+09:00,2026-08-06T14:16:45.0491936+09:00,441.429658,441.624700,195.042,24722,24733,0.894877,0.726710,1,0,EyesOpened
20260806_140923_424,1,Unspecified,Blink,283,2026-08-06T14:16:46.1621936+09:00,2026-08-06T14:16:46.3851936+09:00,442.738466,442.961246,222.780,24800,24814,0.940025,0.697307,1,0,EyesOpened
20260806_140923_424,1,Unspecified,Blink,284,2026-08-06T14:16:46.5521936+09:00,2026-08-06T14:16:46.7471936+09:00,443.128216,443.323378,195.162,24824,24835,0.924053,0.772339,1,0,EyesOpened
20260806_140923_424,1,Unspecified,Blink,285,2026-08-06T14:16:48.3631936+09:00,2026-08-06T14:16:48.7801936+09:00,444.938518,445.356201,417.683,24932,24957,0.999991,0.902173,1,0,EyesOpened
20260806_140923_424,1,Unspecified,Blink,286,2026-08-06T14:16:49.1281936+09:00,2026-08-06T14:16:49.2261936+09:00,445.704190,445.801666,97.477,24978,24984,0.825108,0.553537,1,0,EyesOpened
20260806_140923_424,1,Unspecified,Blink,287,2026-08-06T14:16:50.0741936+09:00,2026-08-06T14:16:50.2141936+09:00,446.650388,446.789769,139.381,25035,25043,0.879031,0.628255,1,0,EyesOpened
20260806_140923_424,1,Unspecified,Blink,288,2026-08-06T14:16:50.4091936+09:00,2026-08-06T14:16:50.5761936+09:00,446.984734,447.151960,167.226,25055,25065,0.965699,0.771250,1,0,EyesOpened
20260806_140923_424,1,Unspecified,Blink,289,2026-08-06T14:16:52.6371936+09:00,2026-08-06T14:16:52.7761936+09:00,449.213192,449.352249,139.057,25189,25197,0.844787,0.630796,1,0,EyesOpened
20260806_140923_424,1,Unspecified,Blink,290,2026-08-06T14:16:54.6131936+09:00,2026-08-06T14:16:54.7801936+09:00,451.189072,451.356214,167.142,25307,25317,0.871640,0.595009,1,0,EyesOpened
20260806_140923_424,1,Unspecified,Blink,291,2026-08-06T14:16:56.1591936+09:00,2026-08-06T14:16:56.2561936+09:00,452.734698,452.832187,97.489,25400,25406,0.703446,0.524383,1,0,EyesOpened
20260806_140923_424,1,Unspecified,Blink,292,2026-08-06T14:16:56.6461936+09:00,2026-08-06T14:16:56.8271936+09:00,453.222227,453.403445,181.218,25429,25440,0.914140,0.635689,1,0,EyesOpened
20260806_140923_424,1,Unspecified,Blink,293,2026-08-06T14:16:56.9661936+09:00,2026-08-06T14:16:57.1481936+09:00,453.542499,453.723579,181.080,25449,25459,0.934477,0.797619,1,0,EyesOpened
20260806_140923_424,1,Unspecified,Blink,294,2026-08-06T14:16:58.1081936+09:00,2026-08-06T14:16:58.1921936+09:00,454.684114,454.767554,83.440,25517,25522,0.786777,0.667123,1,0,EyesOpened
20260806_140923_424,1,Unspecified,Blink,295,2026-08-06T14:17:00.4191936+09:00,2026-08-06T14:17:00.4891936+09:00,456.995033,457.064700,69.667,25656,25660,0.766095,0.465284,1,0,EyesOpened
20260806_140923_424,1,Unspecified,Blink,296,2026-08-06T14:17:00.9201936+09:00,2026-08-06T14:17:01.0451936+09:00,457.496125,457.621454,125.329,25686,25693,0.850116,0.566898,1,0,EyesOpened
20260806_140923_424,1,Unspecified,Blink,297,2026-08-06T14:17:02.3261936+09:00,2026-08-06T14:17:02.3821936+09:00,458.902128,458.957920,55.792,25770,25773,0.756829,0.527235,1,0,EyesOpened
20260806_140923_424,1,Unspecified,Blink,298,2026-08-06T14:17:04.2201936+09:00,2026-08-06T14:17:04.3311936+09:00,460.795843,460.907012,111.169,25884,25890,0.822778,0.552661,1,0,EyesOpened
20260806_140923_424,1,Unspecified,Blink,299,2026-08-06T14:17:04.5261936+09:00,2026-08-06T14:17:04.7211936+09:00,461.102008,461.297051,195.043,25902,25914,0.944165,0.651352,1,0,EyesOpened
20260806_140923_424,1,Unspecified,Blink,300,2026-08-06T14:17:06.5451936+09:00,2026-08-06T14:17:06.6701936+09:00,463.120724,463.246043,125.319,26023,26031,0.799149,0.676351,1,0,EyesOpened
20260806_140923_424,1,Unspecified,Blink,301,2026-08-06T14:17:08.1461936+09:00,2026-08-06T14:17:08.2161936+09:00,464.721908,464.791784,69.876,26119,26124,0.753258,0.497709,1,0,EyesOpened
20260806_140923_424,1,Unspecified,Blink,302,2026-08-06T14:17:08.6611936+09:00,2026-08-06T14:17:08.8281936+09:00,465.237154,465.404293,167.139,26150,26160,0.886495,0.569839,1,0,EyesOpened
20260806_140923_424,1,Unspecified,Blink,303,2026-08-06T14:17:10.1651936+09:00,2026-08-06T14:17:10.2761936+09:00,466.740857,466.852032,111.175,26240,26247,0.794952,0.619766,1,0,EyesOpened
20260806_140923_424,1,Unspecified,Blink,304,2026-08-06T14:17:10.4711936+09:00,2026-08-06T14:17:10.6381936+09:00,467.047229,467.214205,166.977,26259,26269,0.940598,0.721124,1,0,EyesOpened
20260806_140923_424,1,Unspecified,Blink,305,2026-08-06T14:17:10.8051936+09:00,2026-08-06T14:17:11.0281936+09:00,467.381135,467.603850,222.715,26279,26292,0.954177,0.779690,1,0,EyesOpened
20260806_140923_424,1,Unspecified,Blink,306,2026-08-06T14:17:12.5731936+09:00,2026-08-06T14:17:12.7261936+09:00,469.149243,469.302409,153.167,26385,26394,0.881130,0.658892,1,0,EyesOpened
20260806_140923_424,1,Unspecified,Blink,307,2026-08-06T14:17:12.8241936+09:00,2026-08-06T14:17:13.0191936+09:00,469.399961,469.594808,194.847,26400,26412,0.967027,0.786652,1,0,EyesOpened
20260806_140923_424,1,Unspecified,Blink,308,2026-08-06T14:17:16.1931936+09:00,2026-08-06T14:17:16.2761936+09:00,472.768935,472.852422,83.487,26602,26607,0.705131,0.488757,1,0,EyesOpened
20260806_140923_424,1,Unspecified,Blink,309,2026-08-06T14:17:16.5971936+09:00,2026-08-06T14:17:16.7221936+09:00,473.172786,473.298168,125.382,26626,26634,0.933106,0.671782,1,0,EyesOpened
20260806_140923_424,1,Unspecified,Blink,310,2026-08-06T14:17:18.3921936+09:00,2026-08-06T14:17:18.5461936+09:00,474.968264,475.121520,153.256,26734,26743,0.844248,0.640731,1,0,EyesOpened
20260806_140923_424,1,Unspecified,Blink,311,2026-08-06T14:17:18.8521936+09:00,2026-08-06T14:17:18.9351936+09:00,475.427698,475.511232,83.534,26762,26767,0.892504,0.615029,1,0,EyesOpened
20260806_140923_424,1,Unspecified,Blink,312,2026-08-06T14:17:19.2141936+09:00,2026-08-06T14:17:19.3531936+09:00,475.789746,475.928843,139.097,26783,26792,0.912564,0.669874,1,0,EyesOpened
20260806_140923_424,1,Unspecified,Blink,313,2026-08-06T14:17:20.3281936+09:00,2026-08-06T14:17:20.4391936+09:00,476.903862,477.015330,111.468,26850,26857,0.715634,0.574231,1,0,EyesOpened
20260806_140923_424,1,Unspecified,Blink,314,2026-08-06T14:17:20.6621936+09:00,2026-08-06T14:17:20.8151936+09:00,477.238031,477.391335,153.304,26870,26879,0.932522,0.767475,1,0,EyesOpened
20260806_140923_424,1,Unspecified,Blink,315,2026-08-06T14:17:22.4301936+09:00,2026-08-06T14:17:22.5281936+09:00,479.006214,479.103537,97.323,26976,26982,0.896210,0.738851,1,0,EyesOpened
20260806_140923_424,1,Unspecified,Blink,316,2026-08-06T14:17:22.6671936+09:00,2026-08-06T14:17:22.8481936+09:00,479.242827,479.423761,180.934,26991,27001,0.982485,0.817035,1,0,EyesOpened
20260806_140923_424,1,Unspecified,Blink,317,2026-08-06T14:17:24.5321936+09:00,2026-08-06T14:17:24.6851936+09:00,481.107847,481.261010,153.163,27103,27112,0.947766,0.662461,1,0,EyesOpened
20260806_140923_424,1,Unspecified,Blink,318,2026-08-06T14:17:24.9361936+09:00,2026-08-06T14:17:25.0611936+09:00,481.511537,481.637027,125.490,27127,27134,0.886366,0.629710,1,0,EyesOpened
20260806_140923_424,1,Unspecified,Blink,319,2026-08-06T14:17:26.1611936+09:00,2026-08-06T14:17:26.2721936+09:00,482.736657,482.848125,111.468,27200,27207,0.844643,0.688366,1,0,EyesOpened
20260806_140923_424,1,Unspecified,Blink,320,2026-08-06T14:17:26.4951936+09:00,2026-08-06T14:17:26.6621936+09:00,483.070735,483.237911,167.176,27220,27230,0.969047,0.774805,1,0,EyesOpened
20260806_140923_424,1,Unspecified,Blink,321,2026-08-06T14:17:26.8571936+09:00,2026-08-06T14:17:26.9681936+09:00,483.432783,483.544160,111.378,27242,27249,0.926048,0.660965,1,0,EyesOpened
20260806_140923_424,1,Unspecified,Blink,322,2026-08-06T14:17:28.5281936+09:00,2026-08-06T14:17:28.6951936+09:00,485.103525,485.270681,167.156,27342,27352,0.947402,0.784442,1,0,EyesOpened
20260806_140923_424,1,Unspecified,Blink,323,2026-08-06T14:17:28.8621936+09:00,2026-08-06T14:17:29.0571936+09:00,485.438000,485.632728,194.729,27362,27374,0.981135,0.737516,1,0,EyesOpened
20260806_140923_424,1,Unspecified,Blink,324,2026-08-06T14:17:30.4631936+09:00,2026-08-06T14:17:30.5741936+09:00,487.038994,487.150243,111.250,27458,27465,0.930424,0.711706,1,0,EyesOpened
20260806_140923_424,1,Unspecified,Blink,325,2026-08-06T14:17:30.6581936+09:00,2026-08-06T14:17:30.8391936+09:00,487.233871,487.414836,180.965,27470,27481,0.973750,0.808018,1,0,EyesOpened
20260806_140923_424,1,Unspecified,Blink,326,2026-08-06T14:17:32.1891936+09:00,2026-08-06T14:17:32.3291936+09:00,488.765213,488.904503,139.291,27562,27570,0.959566,0.736469,1,0,EyesOpened
20260806_140923_424,1,Unspecified,Blink,327,2026-08-06T14:17:32.6071936+09:00,2026-08-06T14:17:32.7741936+09:00,489.182935,489.350173,167.238,27587,27597,0.952258,0.828993,1,0,EyesOpened
20260806_140923_424,1,Unspecified,Blink,328,2026-08-06T14:17:34.3481936+09:00,2026-08-06T14:17:34.3891936+09:00,490.923504,490.965410,41.906,27691,27694,0.754989,0.420193,0,0,EyesOpened
20260806_140923_424,1,Unspecified,Blink,329,2026-08-06T14:17:35.1411936+09:00,2026-08-06T14:17:35.2241936+09:00,491.717063,491.800451,83.387,27739,27744,0.797448,0.690857,1,0,EyesOpened
20260806_140923_424,1,Unspecified,Blink,330,2026-08-06T14:17:35.5861936+09:00,2026-08-06T14:17:35.7121936+09:00,492.162497,492.287580,125.083,27766,27773,0.938569,0.725039,1,0,EyesOpened
20260806_140923_424,1,Unspecified,Blink,331,2026-08-06T14:17:38.5521936+09:00,2026-08-06T14:17:38.6351936+09:00,495.127614,495.211068,83.455,27944,27949,0.690614,0.437335,1,0,EyesOpened
20260806_140923_424,1,Unspecified,Blink,332,2026-08-06T14:17:38.8021936+09:00,2026-08-06T14:17:38.9271936+09:00,495.378455,495.503467,125.012,27959,27966,0.927301,0.757612,1,0,EyesOpened
20260806_140923_424,1,Unspecified,Blink,333,2026-08-06T14:17:40.4451936+09:00,2026-08-06T14:17:40.5561936+09:00,497.021007,497.132433,111.426,28057,28064,0.805919,0.573518,1,0,EyesOpened
20260806_140923_424,1,Unspecified,Blink,334,2026-08-06T14:17:40.6951936+09:00,2026-08-06T14:17:40.8631936+09:00,497.271484,497.438597,167.113,28072,28082,0.971028,0.810700,1,0,EyesOpened
20260806_140923_424,1,Unspecified,Blink,335,2026-08-06T14:17:42.2691936+09:00,2026-08-06T14:17:42.3801936+09:00,498.844621,498.955883,111.261,28167,28173,0.692883,0.517754,1,0,EyesOpened
20260806_140923_424,1,Unspecified,Blink,336,2026-08-06T14:17:42.6031936+09:00,2026-08-06T14:17:42.7421936+09:00,499.178635,499.318022,139.387,28187,28195,0.892659,0.682453,1,0,EyesOpened
20260806_140923_424,1,Unspecified,Blink,337,2026-08-06T14:17:42.8811936+09:00,2026-08-06T14:17:43.0761936+09:00,499.457071,499.652185,195.113,28203,28215,0.995605,0.832116,1,0,EyesOpened
20260806_140923_424,1,Unspecified,Blink,338,2026-08-06T14:17:44.5521936+09:00,2026-08-06T14:17:44.6631936+09:00,501.127790,501.239319,111.529,28304,28310,0.721107,0.511509,1,0,EyesOpened
20260806_140923_424,1,Unspecified,Blink,339,2026-08-06T14:17:44.6911936+09:00,2026-08-06T14:17:44.9421936+09:00,501.266886,501.517749,250.864,28312,28327,0.999998,0.780998,1,0,EyesOpened
20260806_140923_424,1,Unspecified,Blink,340,2026-08-06T14:17:46.1391936+09:00,2026-08-06T14:17:46.2231936+09:00,502.715067,502.798586,83.519,28399,28404,0.775715,0.633471,1,0,EyesOpened
20260806_140923_424,1,Unspecified,Blink,341,2026-08-06T14:17:46.4311936+09:00,2026-08-06T14:17:46.5291936+09:00,503.007304,503.104876,97.572,28416,28422,0.946302,0.732937,1,0,EyesOpened
20260806_140923_424,1,Unspecified,Blink,342,2026-08-06T14:17:47.3641936+09:00,2026-08-06T14:17:47.4481936+09:00,503.940333,504.023741,83.408,28472,28477,0.807482,0.667964,1,0,EyesOpened
20260806_140923_424,1,Unspecified,Blink,343,2026-08-06T14:17:48.4361936+09:00,2026-08-06T14:17:48.5481936+09:00,505.011989,505.123618,111.629,28537,28543,0.837695,0.634441,1,0,EyesOpened
20260806_140923_424,1,Unspecified,Blink,344,2026-08-06T14:17:48.7701936+09:00,2026-08-06T14:17:48.9101936+09:00,505.346241,505.485602,139.361,28557,28565,0.964411,0.762463,1,0,EyesOpened
20260806_140923_424,1,Unspecified,Blink,345,2026-08-06T14:17:49.0491936+09:00,2026-08-06T14:17:49.1881936+09:00,505.624670,505.763654,138.984,28573,28582,0.971620,0.838745,1,0,EyesOpened
20260806_140923_424,1,Unspecified,Blink,346,2026-08-06T14:17:50.6221936+09:00,2026-08-06T14:17:50.7471936+09:00,507.198132,507.323454,125.322,28668,28675,0.991971,0.800108,1,0,EyesOpened
20260806_140923_424,1,Unspecified,Blink,347,2026-08-06T14:17:50.8591936+09:00,2026-08-06T14:17:51.0541936+09:00,507.434898,507.629567,194.669,28682,28694,0.967749,0.786295,1,0,EyesOpened
20260806_140923_424,1,Unspecified,Blink,348,2026-08-06T14:17:52.3061936+09:00,2026-08-06T14:17:52.3901936+09:00,508.882389,508.965933,83.544,28769,28774,0.806401,0.543077,1,0,EyesOpened
20260806_140923_424,1,Unspecified,Blink,349,2026-08-06T14:17:52.5571936+09:00,2026-08-06T14:17:52.6961936+09:00,509.132825,509.272049,139.224,28784,28792,0.966282,0.780464,1,0,EyesOpened
20260806_140923_424,1,Unspecified,Blink,350,2026-08-06T14:17:54.3111936+09:00,2026-08-06T14:17:54.4651936+09:00,510.887302,511.040605,153.303,28889,28898,0.899150,0.613809,1,0,EyesOpened
20260806_140923_424,1,Unspecified,Blink,351,2026-08-06T14:17:54.8961936+09:00,2026-08-06T14:17:55.0221936+09:00,511.472381,511.597938,125.557,28924,28932,0.931733,0.610600,1,0,EyesOpened
20260806_140923_424,1,Unspecified,Blink,352,2026-08-06T14:17:58.1951936+09:00,2026-08-06T14:17:58.2791936+09:00,514.771482,514.855112,83.630,29122,29127,0.693766,0.474042,1,0,EyesOpened
20260806_140923_424,1,Unspecified,Blink,353,2026-08-06T14:17:58.5301936+09:00,2026-08-06T14:17:58.6541936+09:00,515.105562,515.230352,124.789,29142,29150,0.954340,0.723040,1,0,EyesOpened
20260806_140923_424,1,Unspecified,Blink,354,2026-08-06T14:18:00.5901936+09:00,2026-08-06T14:18:00.6871936+09:00,517.166019,517.263319,97.300,29266,29272,0.836534,0.522886,1,0,EyesOpened
20260806_140923_424,1,Unspecified,Blink,355,2026-08-06T14:18:00.8271936+09:00,2026-08-06T14:18:00.9801936+09:00,517.402811,517.556007,153.196,29280,29289,0.952648,0.665491,1,0,EyesOpened
20260806_140923_424,1,Unspecified,Blink,356,2026-08-06T14:18:02.1911936+09:00,2026-08-06T14:18:02.3031936+09:00,518.767100,518.878518,111.418,29362,29369,0.934157,0.750255,1,0,EyesOpened
20260806_140923_424,1,Unspecified,Blink,357,2026-08-06T14:18:02.5251936+09:00,2026-08-06T14:18:02.6651936+09:00,519.101430,519.240645,139.214,29382,29390,0.993618,0.810219,1,0,EyesOpened
20260806_140923_424,1,Unspecified,Blink,358,2026-08-06T14:18:04.1961936+09:00,2026-08-06T14:18:04.2521936+09:00,520.772137,520.827771,55.634,29482,29486,0.776417,0.496039,1,0,EyesOpened
20260806_140923_424,1,Unspecified,Blink,359,2026-08-06T14:18:04.4191936+09:00,2026-08-06T14:18:04.5861936+09:00,520.994957,521.161999,167.042,29496,29506,0.967366,0.744255,1,0,EyesOpened
20260806_140923_424,1,Unspecified,Blink,360,2026-08-06T14:18:06.3261936+09:00,2026-08-06T14:18:06.4241936+09:00,522.902449,522.999868,97.418,29610,29616,0.749945,0.518254,1,0,EyesOpened
20260806_140923_424,1,Unspecified,Blink,361,2026-08-06T14:18:06.8141936+09:00,2026-08-06T14:18:06.9111936+09:00,523.389531,523.487107,97.576,29639,29645,0.833180,0.568668,1,0,EyesOpened
20260806_140923_424,1,Unspecified,Blink,362,2026-08-06T14:18:08.5961936+09:00,2026-08-06T14:18:08.6931936+09:00,525.171519,525.269035,97.516,29746,29752,0.767236,0.587241,1,0,EyesOpened
20260806_140923_424,1,Unspecified,Blink,363,2026-08-06T14:18:10.4741936+09:00,2026-08-06T14:18:10.5711936+09:00,527.049579,527.147139,97.560,29859,29865,0.797738,0.470432,1,0,EyesOpened
20260806_140923_424,1,Unspecified,Blink,364,2026-08-06T14:18:10.7801936+09:00,2026-08-06T14:18:10.9471936+09:00,527.356327,527.523357,167.030,29877,29887,0.922239,0.583167,1,0,EyesOpened
20260806_140923_424,1,Unspecified,Blink,365,2026-08-06T14:18:12.2711936+09:00,2026-08-06T14:18:12.3821936+09:00,528.846526,528.957879,111.353,29967,29973,0.746608,0.538757,1,0,EyesOpened
20260806_140923_424,1,Unspecified,Blink,366,2026-08-06T14:18:12.6601936+09:00,2026-08-06T14:18:12.7711936+09:00,529.236060,529.347322,111.262,29990,29997,0.954049,0.782606,1,0,EyesOpened
20260806_140923_424,1,Unspecified,Blink,367,2026-08-06T14:18:13.1611936+09:00,2026-08-06T14:18:13.2591936+09:00,529.737317,529.834728,97.411,30020,30026,0.984995,0.737911,1,0,EyesOpened
20260806_140923_424,1,Unspecified,Blink,368,2026-08-06T14:18:14.8321936+09:00,2026-08-06T14:18:14.9851936+09:00,531.407965,531.561446,153.481,30120,30130,0.891871,0.692736,1,0,EyesOpened
20260806_140923_424,1,Unspecified,Blink,369,2026-08-06T14:18:16.5581936+09:00,2026-08-06T14:18:16.6421936+09:00,533.133900,533.217604,83.703,30224,30229,0.734953,0.484802,1,0,EyesOpened
20260806_140923_424,1,Unspecified,Blink,370,2026-08-06T14:18:16.8641936+09:00,2026-08-06T14:18:16.9621936+09:00,533.440474,533.537835,97.361,30242,30248,0.947359,0.744276,1,0,EyesOpened
20260806_140923_424,1,Unspecified,Blink,371,2026-08-06T14:18:18.4381936+09:00,2026-08-06T14:18:18.5631936+09:00,535.013890,535.139061,125.171,30337,30344,0.719576,0.483084,1,0,EyesOpened
20260806_140923_424,1,Unspecified,Blink,372,2026-08-06T14:18:18.8141936+09:00,2026-08-06T14:18:18.9531936+09:00,535.389626,535.528965,139.339,30359,30368,0.954967,0.650611,1,0,EyesOpened
20260806_140923_424,1,Unspecified,Blink,373,2026-08-06T14:18:19.3571936+09:00,2026-08-06T14:18:19.4541936+09:00,535.933007,536.030327,97.320,30392,30398,0.972690,0.758348,1,0,EyesOpened
20260806_140923_424,1,Unspecified,Blink,374,2026-08-06T14:18:20.6801936+09:00,2026-08-06T14:18:20.8471936+09:00,537.255593,537.422805,167.212,30471,30481,0.941137,0.634993,1,0,EyesOpened
20260806_140923_424,1,Unspecified,Blink,375,2026-08-06T14:18:20.9161936+09:00,2026-08-06T14:18:21.1251936+09:00,537.492479,537.701303,208.824,30486,30498,0.999984,0.865985,1,0,EyesOpened
20260806_140923_424,1,Unspecified,Blink,376,2026-08-06T14:18:22.5871936+09:00,2026-08-06T14:18:22.9351936+09:00,539.163016,539.510823,347.807,30586,30607,1.000000,0.921351,1,0,EyesOpened
20260806_140923_424,1,Unspecified,Blink,377,2026-08-06T14:18:24.2711936+09:00,2026-08-06T14:18:24.6201936+09:00,540.847455,541.195785,348.329,30687,30708,0.999997,0.882854,1,0,EyesOpened
20260806_140923_424,1,Unspecified,Blink,378,2026-08-06T14:18:24.8841936+09:00,2026-08-06T14:18:25.0931936+09:00,541.460306,541.669128,208.822,30724,30736,0.998365,0.742463,1,0,EyesOpened
20260806_140923_424,1,Unspecified,Blink,379,2026-08-06T14:18:26.4021936+09:00,2026-08-06T14:18:26.4991936+09:00,542.977799,543.075429,97.630,30815,30821,0.667349,0.489640,1,0,EyesOpened
20260806_140923_424,1,Unspecified,Blink,380,2026-08-06T14:18:26.8611936+09:00,2026-08-06T14:18:26.9731936+09:00,543.437266,543.548528,111.262,30842,30849,0.894690,0.653812,1,0,EyesOpened
20260806_140923_424,1,Unspecified,Blink,381,2026-08-06T14:18:28.6151936+09:00,2026-08-06T14:18:28.7271936+09:00,545.191029,545.302597,111.568,30947,30954,0.730662,0.615573,1,0,EyesOpened
20260806_140923_424,1,Unspecified,Blink,382,2026-08-06T14:18:30.4111936+09:00,2026-08-06T14:18:30.5651936+09:00,546.987456,547.140622,153.165,31055,31064,0.833021,0.557226,1,0,EyesOpened
20260806_140923_424,1,Unspecified,Blink,383,2026-08-06T14:18:30.7871936+09:00,2026-08-06T14:18:30.9121936+09:00,547.363341,547.488476,125.135,31078,31085,0.889276,0.667452,1,0,EyesOpened
20260806_140923_424,1,Unspecified,Blink,384,2026-08-06T14:18:32.6941936+09:00,2026-08-06T14:18:32.8061936+09:00,549.270136,549.381888,111.752,31192,31199,0.836730,0.600590,1,0,EyesOpened
20260806_140923_424,1,Unspecified,Blink,385,2026-08-06T14:18:34.6021936+09:00,2026-08-06T14:18:34.7131936+09:00,551.177917,551.289219,111.302,31307,31313,0.876403,0.676737,1,0,EyesOpened
20260806_140923_424,1,Unspecified,Blink,386,2026-08-06T14:18:36.3561936+09:00,2026-08-06T14:18:36.4541936+09:00,552.932136,553.029523,97.386,31412,31418,0.821294,0.644551,1,0,EyesOpened
20260806_140923_424,1,Unspecified,Blink,387,2026-08-06T14:18:36.9131936+09:00,2026-08-06T14:18:37.0251936+09:00,553.489038,553.600599,111.561,31445,31452,0.883472,0.703080,1,0,EyesOpened
20260806_140923_424,1,Unspecified,Blink,388,2026-08-06T14:18:38.3471936+09:00,2026-08-06T14:18:38.4031936+09:00,554.923335,554.979030,55.695,31531,31535,0.759066,0.542531,1,0,EyesOpened
20260806_140923_424,1,Unspecified,Blink,389,2026-08-06T14:18:38.7231936+09:00,2026-08-06T14:18:38.8071936+09:00,555.299258,555.382699,83.441,31554,31559,0.866519,0.589870,1,0,EyesOpened
20260806_140923_424,1,Unspecified,Blink,390,2026-08-06T14:18:40.4771936+09:00,2026-08-06T14:18:40.6581936+09:00,557.053109,557.234277,181.169,31659,31670,0.941198,0.760767,1,0,EyesOpened
20260806_140923_424,1,Unspecified,Blink,391,2026-08-06T14:18:42.2311936+09:00,2026-08-06T14:18:42.3291936+09:00,558.807433,558.904912,97.479,31764,31770,0.828871,0.656316,1,0,EyesOpened
20260806_140923_424,1,Unspecified,Blink,392,2026-08-06T14:18:42.5101936+09:00,2026-08-06T14:18:42.6771936+09:00,559.085994,559.252863,166.869,31781,31791,0.949222,0.792658,1,0,EyesOpened
20260806_140923_424,1,Unspecified,Blink,393,2026-08-06T14:18:42.9141936+09:00,2026-08-06T14:18:43.0251936+09:00,559.489530,559.601156,111.626,31805,31812,0.952775,0.732762,1,0,EyesOpened
20260806_140923_424,1,Unspecified,Blink,394,2026-08-06T14:18:44.3061936+09:00,2026-08-06T14:18:44.3891936+09:00,560.881905,560.965458,83.553,31889,31894,0.763061,0.413040,1,0,EyesOpened
20260806_140923_424,1,Unspecified,Blink,395,2026-08-06T14:18:46.0601936+09:00,2026-08-06T14:18:46.1301936+09:00,562.636030,562.705811,69.781,31994,31998,0.752849,0.476188,1,0,EyesOpened
20260806_140923_424,1,Unspecified,Blink,396,2026-08-06T14:18:48.2321936+09:00,2026-08-06T14:18:48.3161936+09:00,564.807937,564.891514,83.577,32124,32129,0.703844,0.426498,1,0,EyesOpened
20260806_140923_424,1,Unspecified,Blink,397,2026-08-06T14:18:48.5521936+09:00,2026-08-06T14:18:48.7191936+09:00,565.128204,565.295468,167.263,32144,32154,0.925412,0.716033,1,0,EyesOpened
20260806_140923_424,1,Unspecified,Blink,398,2026-08-06T14:18:50.5711936+09:00,2026-08-06T14:18:50.6681936+09:00,567.146618,567.244259,97.641,32265,32271,0.704662,0.356496,1,0,EyesOpened
20260806_140923_424,1,Unspecified,Blink,399,2026-08-06T14:18:51.0441936+09:00,2026-08-06T14:18:51.1281936+09:00,567.620151,567.703689,83.539,32293,32298,0.824598,0.526169,1,0,EyesOpened
20260806_140923_424,1,Unspecified,Blink,400,2026-08-06T14:18:52.2971936+09:00,2026-08-06T14:18:52.4231936+09:00,568.872932,568.998532,125.600,32368,32376,0.819001,0.532396,1,0,EyesOpened
20260806_140923_424,1,Unspecified,Blink,401,2026-08-06T14:18:52.7151936+09:00,2026-08-06T14:18:52.8541936+09:00,569.290894,569.429903,139.009,32393,32402,0.921300,0.685464,1,0,EyesOpened
20260806_140923_424,1,Unspecified,Blink,402,2026-08-06T14:18:54.3301936+09:00,2026-08-06T14:18:54.4411936+09:00,570.905867,571.017173,111.306,32490,32497,0.755114,0.507559,1,0,EyesOpened
20260806_140923_424,1,Unspecified,Blink,403,2026-08-06T14:18:56.3901936+09:00,2026-08-06T14:18:56.4741936+09:00,572.965952,573.049530,83.578,32614,32619,0.798224,0.492053,1,0,EyesOpened
20260806_140923_424,1,Unspecified,Blink,404,2026-08-06T14:18:56.6541936+09:00,2026-08-06T14:18:56.7941936+09:00,573.230421,573.369662,139.242,32630,32638,0.899563,0.715977,1,0,EyesOpened
20260806_140923_424,1,Unspecified,Blink,405,2026-08-06T14:18:58.3531936+09:00,2026-08-06T14:18:58.4371936+09:00,574.928965,575.012544,83.580,32732,32737,0.723555,0.609901,1,0,EyesOpened
20260806_140923_424,1,Unspecified,Blink,406,2026-08-06T14:18:58.6311936+09:00,2026-08-06T14:18:58.7991936+09:00,575.207251,575.374637,167.385,32748,32758,0.955473,0.777059,1,0,EyesOpened
20260806_140923_424,1,Unspecified,Blink,407,2026-08-06T14:19:00.5531936+09:00,2026-08-06T14:19:00.7201936+09:00,577.128701,577.295782,167.081,32864,32874,0.901343,0.620686,1,0,EyesOpened
20260806_140923_424,1,Unspecified,Blink,408,2026-08-06T14:19:00.7751936+09:00,2026-08-06T14:19:00.9701936+09:00,577.351277,577.546211,194.933,32877,32889,0.983787,0.780781,1,0,EyesOpened
20260806_140923_424,1,Unspecified,Blink,409,2026-08-06T14:19:02.3761936+09:00,2026-08-06T14:19:02.4881936+09:00,578.952314,579.063961,111.647,32973,32980,0.797409,0.494148,1,0,EyesOpened
20260806_140923_424,1,Unspecified,Blink,410,2026-08-06T14:19:02.7941936+09:00,2026-08-06T14:19:02.9471936+09:00,579.369816,579.523158,153.342,32998,33007,0.907919,0.762230,1,0,EyesOpened
20260806_140923_424,1,Unspecified,Blink,411,2026-08-06T14:19:04.0891936+09:00,2026-08-06T14:19:04.2141936+09:00,580.664693,580.790086,125.393,33076,33083,0.836749,0.612446,1,0,EyesOpened
20260806_140923_424,1,Unspecified,Blink,412,2026-08-06T14:19:04.3531936+09:00,2026-08-06T14:19:04.5491936+09:00,580.929331,581.124641,195.310,33092,33103,0.993607,0.761697,1,0,EyesOpened
20260806_140923_424,1,Unspecified,Blink,413,2026-08-06T14:19:04.8131936+09:00,2026-08-06T14:19:04.9801936+09:00,581.388717,581.556063,167.345,33119,33129,0.982982,0.750836,1,0,EyesOpened
20260806_140923_424,1,Unspecified,Blink,414,2026-08-06T14:19:06.3301936+09:00,2026-08-06T14:19:06.4281936+09:00,582.906428,583.003772,97.344,33210,33216,0.774446,0.572954,1,0,EyesOpened
20260806_140923_424,1,Unspecified,Blink,415,2026-08-06T14:19:06.6231936+09:00,2026-08-06T14:19:06.7481936+09:00,583.198697,583.324271,125.574,33228,33235,0.877970,0.666923,1,0,EyesOpened
20260806_140923_424,1,Unspecified,Blink,416,2026-08-06T14:19:06.9291936+09:00,2026-08-06T14:19:07.0821936+09:00,583.504974,583.658057,153.083,33246,33255,0.935125,0.768669,1,0,EyesOpened
20260806_140923_424,1,Unspecified,Blink,417,2026-08-06T14:19:08.6271936+09:00,2026-08-06T14:19:09.0591936+09:00,585.203430,585.634876,431.446,33348,33374,0.999358,0.862062,1,0,EyesOpened
20260806_140923_424,1,Unspecified,Blink,418,2026-08-06T14:19:14.2521936+09:00,2026-08-06T14:19:14.3211936+09:00,590.827557,590.897356,69.800,33686,33690,0.604651,0.348431,1,0,EyesOpened
20260806_140923_424,1,Unspecified,Blink,419,2026-08-06T14:19:14.5441936+09:00,2026-08-06T14:19:14.6971936+09:00,591.120391,591.273264,152.873,33703,33712,0.906735,0.597304,1,0,EyesOpened
20260806_140923_424,1,Unspecified,Blink,420,2026-08-06T14:19:16.4521936+09:00,2026-08-06T14:19:16.5211936+09:00,593.027580,593.097018,69.438,33818,33822,0.690061,0.493759,1,0,EyesOpened
20260806_140923_424,1,Unspecified,Blink,421,2026-08-06T14:19:16.7571936+09:00,2026-08-06T14:19:16.8971936+09:00,593.333487,593.472676,139.190,33836,33844,0.923629,0.670188,1,0,EyesOpened
20260806_140923_424,1,Unspecified,Blink,422,2026-08-06T14:19:18.5541936+09:00,2026-08-06T14:19:18.8601936+09:00,595.129838,595.436273,306.436,33944,33962,0.999996,0.851858,1,0,EyesOpened
20260806_140923_424,1,Unspecified,Blink,423,2026-08-06T14:19:18.9711936+09:00,2026-08-06T14:19:19.1671936+09:00,595.547440,595.742701,195.260,33969,33981,0.974117,0.802504,1,0,EyesOpened
20260806_140923_424,1,Unspecified,Blink,424,2026-08-06T14:19:21.0191936+09:00,2026-08-06T14:19:21.0881936+09:00,597.594560,597.664114,69.554,34092,34096,0.921835,0.723551,1,0,EyesOpened
20260806_140923_424,1,Unspecified,Blink,425,2026-08-06T14:19:22.4521936+09:00,2026-08-06T14:19:22.5641936+09:00,599.028185,599.139580,111.394,34178,34184,0.739655,0.548962,1,0,EyesOpened
20260806_140923_424,1,Unspecified,Blink,426,2026-08-06T14:19:23.0231936+09:00,2026-08-06T14:19:23.1481936+09:00,599.599061,599.724408,125.348,34212,34219,0.953268,0.599661,1,0,EyesOpened
20260806_140923_424,1,Unspecified,Blink,427,2026-08-06T14:19:24.2481936+09:00,2026-08-06T14:19:24.3601936+09:00,600.824203,600.935610,111.407,34285,34292,0.810510,0.686876,1,0,EyesOpened
20260806_140923_424,1,Unspecified,Blink,428,2026-08-06T14:19:24.5681936+09:00,2026-08-06T14:19:24.7221936+09:00,601.144443,601.297613,153.169,34305,34314,0.967229,0.721493,1,0,EyesOpened
20260806_140923_424,1,Unspecified,Blink,429,2026-08-06T14:19:26.2811936+09:00,2026-08-06T14:19:26.3501936+09:00,602.856552,602.926223,69.671,34407,34412,0.765180,0.663536,1,0,EyesOpened
20260806_140923_424,1,Unspecified,Blink,430,2026-08-06T14:19:26.5311936+09:00,2026-08-06T14:19:26.6841936+09:00,603.107152,603.260355,153.203,34422,34432,0.955421,0.757648,1,0,EyesOpened
20260806_140923_424,1,Unspecified,Blink,431,2026-08-06T14:19:28.1461936+09:00,2026-08-06T14:19:28.2441936+09:00,604.722457,604.819973,97.515,34519,34525,0.709299,0.475255,1,0,EyesOpened
20260806_140923_424,1,Unspecified,Blink,432,2026-08-06T14:19:28.7591936+09:00,2026-08-06T14:19:28.8141936+09:00,605.335005,605.390471,55.466,34556,34559,0.808619,0.540054,1,0,EyesOpened
20260806_140923_424,1,Unspecified,Blink,433,2026-08-06T14:19:28.9541936+09:00,2026-08-06T14:19:29.1631936+09:00,605.529703,605.738790,209.088,34568,34580,0.998955,0.773317,1,0,EyesOpened
20260806_140923_424,1,Unspecified,Blink,434,2026-08-06T14:19:30.3601936+09:00,2026-08-06T14:19:30.5541936+09:00,606.935633,607.130473,194.840,34652,34664,0.946189,0.746321,1,0,EyesOpened
20260806_140923_424,1,Unspecified,Blink,435,2026-08-06T14:19:30.7641936+09:00,2026-08-06T14:19:30.9031936+09:00,607.339587,607.478662,139.075,34676,34685,0.947531,0.639940,1,0,EyesOpened
20260806_140923_424,1,Unspecified,Blink,436,2026-08-06T14:19:32.5311936+09:00,2026-08-06T14:19:32.6701936+09:00,609.107171,609.246353,139.182,34782,34791,0.755536,0.619182,1,0,EyesOpened
20260806_140923_424,1,Unspecified,Blink,437,2026-08-06T14:19:32.8241936+09:00,2026-08-06T14:19:33.0461936+09:00,609.399614,609.622278,222.663,34800,34813,0.983823,0.802159,1,0,EyesOpened
20260806_140923_424,1,Unspecified,Blink,438,2026-08-06T14:19:34.2441936+09:00,2026-08-06T14:19:34.6471936+09:00,610.819765,611.223479,403.714,34885,34909,0.999987,0.888630,1,0,EyesOpened
20260806_140923_424,1,Unspecified,Blink,439,2026-08-06T14:19:34.7731936+09:00,2026-08-06T14:19:34.9401936+09:00,611.348531,611.515760,167.230,34917,34927,0.966839,0.818062,1,0,EyesOpened
20260806_140923_424,1,Unspecified,Blink,440,2026-08-06T14:19:36.5131936+09:00,2026-08-06T14:19:36.6941936+09:00,613.089106,613.270193,181.087,35021,35032,0.794915,0.633595,1,0,EyesOpened
20260806_140923_424,1,Unspecified,Blink,441,2026-08-06T14:19:36.9731936+09:00,2026-08-06T14:19:37.1261936+09:00,613.548722,613.702021,153.299,35049,35058,0.942321,0.709548,1,0,EyesOpened
20260806_140923_424,1,Unspecified,Blink,442,2026-08-06T14:19:37.2791936+09:00,2026-08-06T14:19:37.4601936+09:00,613.855360,614.036105,180.745,35067,35078,0.916664,0.757945,1,0,EyesOpened
20260806_140923_424,1,Unspecified,Blink,443,2026-08-06T14:19:38.2821936+09:00,2026-08-06T14:19:38.3791936+09:00,614.857502,614.954890,97.387,35127,35133,0.785592,0.618168,1,0,EyesOpened
20260806_140923_424,1,Unspecified,Blink,444,2026-08-06T14:19:38.6861936+09:00,2026-08-06T14:19:38.8101936+09:00,615.262265,615.386309,124.044,35152,35159,0.869016,0.713042,1,0,EyesOpened
20260806_140923_424,1,Unspecified,Blink,445,2026-08-06T14:19:40.2721936+09:00,2026-08-06T14:19:40.3841936+09:00,616.848002,616.959503,111.501,35247,35254,0.796992,0.525555,1,0,EyesOpened
20260806_140923_424,1,Unspecified,Blink,446,2026-08-06T14:19:42.7221936+09:00,2026-08-06T14:19:42.8201936+09:00,619.298040,619.395660,97.620,35394,35400,0.840801,0.650771,1,0,EyesOpened
20260806_140923_424,1,Unspecified,Blink,447,2026-08-06T14:19:43.2101936+09:00,2026-08-06T14:19:43.3911936+09:00,619.785525,619.966734,181.209,35423,35434,0.897708,0.630813,1,0,EyesOpened
20260806_140923_424,1,Unspecified,Blink,448,2026-08-06T14:19:44.8951936+09:00,2026-08-06T14:19:44.9781936+09:00,621.470661,621.554498,83.837,35524,35529,0.662461,0.490068,1,0,EyesOpened
20260806_140923_424,1,Unspecified,Blink,449,2026-08-06T14:19:46.5651936+09:00,2026-08-06T14:19:46.6911936+09:00,623.141245,623.266615,125.369,35624,35632,0.804861,0.496655,1,0,EyesOpened
20260806_140923_424,1,Unspecified,Blink,450,2026-08-06T14:19:48.5281936+09:00,2026-08-06T14:19:48.6541936+09:00,625.104401,625.229609,125.208,35742,35750,0.921622,0.693992,1,0,EyesOpened
20260806_140923_424,1,Unspecified,Blink,451,2026-08-06T14:19:48.7231936+09:00,2026-08-06T14:19:48.9601936+09:00,625.299457,625.536123,236.667,35754,35768,0.991146,0.769551,1,0,EyesOpened
20260806_140923_424,1,Unspecified,Blink,452,2026-08-06T14:19:49.2521936+09:00,2026-08-06T14:19:49.3781936+09:00,625.828281,625.953596,125.315,35786,35793,0.939090,0.765466,1,0,EyesOpened
20260806_140923_424,1,Unspecified,Blink,453,2026-08-06T14:19:50.9231936+09:00,2026-08-06T14:19:50.9641936+09:00,627.498707,627.540474,41.767,35886,35888,0.670284,0.510652,0,0,EyesOpened
20260806_140923_424,1,Unspecified,Blink,454,2026-08-06T14:19:52.4271936+09:00,2026-08-06T14:19:52.7751936+09:00,629.002616,629.350520,347.904,35976,35997,0.999193,0.882922,1,0,EyesOpened
20260806_140923_424,1,Unspecified,Blink,455,2026-08-06T14:19:52.8861936+09:00,2026-08-06T14:19:53.0951936+09:00,629.462062,629.670882,208.820,36004,36016,0.960056,0.653589,1,0,EyesOpened
20260806_140923_424,1,Unspecified,Blink,456,2026-08-06T14:19:54.3061936+09:00,2026-08-06T14:19:54.4311936+09:00,630.882145,631.007296,125.151,36089,36096,0.801915,0.613615,1,0,EyesOpened
20260806_140923_424,1,Unspecified,Blink,457,2026-08-06T14:19:54.5981936+09:00,2026-08-06T14:19:54.7931936+09:00,631.174470,631.369294,194.824,36106,36118,0.963682,0.785120,1,0,EyesOpened
20260806_140923_424,1,Unspecified,Blink,458,2026-08-06T14:19:56.3111936+09:00,2026-08-06T14:19:56.4641936+09:00,632.887050,633.040164,153.114,36209,36218,0.947524,0.673971,1,0,EyesOpened
20260806_140923_424,1,Unspecified,Blink,459,2026-08-06T14:19:56.6171936+09:00,2026-08-06T14:19:56.8541936+09:00,633.193301,633.429780,236.479,36228,36242,0.979563,0.747926,1,0,EyesOpened
20260806_140923_424,1,Unspecified,Blink,460,2026-08-06T14:19:58.5521936+09:00,2026-08-06T14:19:58.7191936+09:00,635.127867,635.294992,167.126,36344,36354,0.942843,0.772916,1,0,EyesOpened
20260806_140923_424,1,Unspecified,Blink,461,2026-08-06T14:19:58.9141936+09:00,2026-08-06T14:19:59.0811936+09:00,635.489838,635.657184,167.346,36365,36375,0.947525,0.756129,1,0,EyesOpened
20260806_140923_424,1,Unspecified,Blink,462,2026-08-06T14:20:00.5151936+09:00,2026-08-06T14:20:00.6271936+09:00,637.091210,637.202676,111.466,36461,36468,0.804568,0.610813,1,0,EyesOpened
20260806_140923_424,1,Unspecified,Blink,463,2026-08-06T14:20:00.7941936+09:00,2026-08-06T14:20:00.9471936+09:00,637.369648,637.522932,153.284,36478,36487,0.858810,0.654217,1,0,EyesOpened
20260806_140923_424,1,Unspecified,Blink,464,2026-08-06T14:20:01.2111936+09:00,2026-08-06T14:20:01.3651936+09:00,637.787388,637.940567,153.178,36503,36512,0.907625,0.634054,1,0,EyesOpened
20260806_140923_424,1,Unspecified,Blink,465,2026-08-06T14:20:02.2551936+09:00,2026-08-06T14:20:02.3951936+09:00,638.831386,638.970657,139.272,36566,36574,0.856185,0.670031,1,0,EyesOpened
20260806_140923_424,1,Unspecified,Blink,466,2026-08-06T14:20:02.6451936+09:00,2026-08-06T14:20:02.8121936+09:00,639.221434,639.388326,166.893,36589,36599,0.951705,0.767161,1,0,EyesOpened
20260806_140923_424,1,Unspecified,Blink,467,2026-08-06T14:20:04.4551936+09:00,2026-08-06T14:20:04.5521936+09:00,641.030957,641.128297,97.341,36698,36704,0.822266,0.553880,1,0,EyesOpened
20260806_140923_424,1,Unspecified,Blink,468,2026-08-06T14:20:04.9561936+09:00,2026-08-06T14:20:05.1091936+09:00,641.532198,641.685494,153.295,36728,36737,0.866845,0.604892,1,0,EyesOpened
20260806_140923_424,1,Unspecified,Blink,469,2026-08-06T14:20:06.2091936+09:00,2026-08-06T14:20:06.3071936+09:00,642.785419,642.882919,97.500,36803,36809,0.834849,0.583860,1,0,EyesOpened
20260806_140923_424,1,Unspecified,Blink,470,2026-08-06T14:20:06.5441936+09:00,2026-08-06T14:20:06.7111936+09:00,643.119578,643.286686,167.108,36823,36833,0.933314,0.756396,1,0,EyesOpened
20260806_140923_424,1,Unspecified,Blink,471,2026-08-06T14:20:08.1171936+09:00,2026-08-06T14:20:08.2141936+09:00,644.692787,644.789839,97.051,36918,36923,0.759971,0.543491,1,0,EyesOpened
20260806_140923_424,1,Unspecified,Blink,472,2026-08-06T14:20:08.3251936+09:00,2026-08-06T14:20:08.4791936+09:00,644.901455,645.054610,153.155,36930,36939,0.928156,0.650484,1,0,EyesOpened
20260806_140923_424,1,Unspecified,Blink,473,2026-08-06T14:20:10.4411936+09:00,2026-08-06T14:20:10.6091936+09:00,647.017464,647.184517,167.052,37057,37067,0.941246,0.709650,1,0,EyesOpened
20260806_140923_424,1,Unspecified,Blink,474,2026-08-06T14:20:10.8591936+09:00,2026-08-06T14:20:11.0261936+09:00,647.435364,647.602489,167.125,37082,37092,0.966860,0.694387,1,0,EyesOpened
20260806_140923_424,1,Unspecified,Blink,475,2026-08-06T14:20:12.4741936+09:00,2026-08-06T14:20:12.6551936+09:00,649.050110,649.231094,180.984,37179,37190,0.781779,0.518685,1,0,EyesOpened
20260806_140923_424,1,Unspecified,Blink,476,2026-08-06T14:20:12.7391936+09:00,2026-08-06T14:20:12.8921936+09:00,649.314775,649.467734,152.959,37195,37204,0.925349,0.658593,1,0,EyesOpened
20260806_140923_424,1,Unspecified,Blink,477,2026-08-06T14:20:14.5631936+09:00,2026-08-06T14:20:14.7021936+09:00,651.138531,651.277845,139.314,37304,37313,0.937490,0.707678,1,0,EyesOpened
20260806_140923_424,1,Unspecified,Blink,478,2026-08-06T14:20:16.6921936+09:00,2026-08-06T14:20:17.0961936+09:00,653.268405,653.672339,403.935,37432,37456,0.983913,0.735451,1,0,EyesOpened
20260806_140923_424,1,Unspecified,Blink,479,2026-08-06T14:20:18.5311936+09:00,2026-08-06T14:20:18.6421936+09:00,655.106529,655.217914,111.386,37542,37549,0.764831,0.540421,1,0,EyesOpened
20260806_140923_424,1,Unspecified,Blink,480,2026-08-06T14:20:20.1451936+09:00,2026-08-06T14:20:20.2991936+09:00,656.721367,656.874587,153.219,37639,37648,0.811544,0.629447,1,0,EyesOpened
20260806_140923_424,1,Unspecified,Blink,481,2026-08-06T14:20:20.5211936+09:00,2026-08-06T14:20:20.6881936+09:00,657.097242,657.264450,167.208,37662,37672,0.973642,0.809319,1,0,EyesOpened
20260806_140923_424,1,Unspecified,Blink,482,2026-08-06T14:20:22.5001936+09:00,2026-08-06T14:20:22.6511936+09:00,659.075943,659.227179,151.236,37780,37790,0.800891,0.503097,1,0,EyesOpened
20260806_140923_424,1,Unspecified,Blink,483,2026-08-06T14:20:22.8181936+09:00,2026-08-06T14:20:22.9291936+09:00,659.394382,659.505484,111.103,37800,37806,0.874820,0.716348,1,0,EyesOpened
20260806_140923_424,1,Unspecified,Blink,484,2026-08-06T14:20:24.2941936+09:00,2026-08-06T14:20:24.4751936+09:00,660.870034,661.051069,181.035,37888,37899,0.947306,0.722116,1,0,EyesOpened
20260806_140923_424,1,Unspecified,Blink,485,2026-08-06T14:20:24.6141936+09:00,2026-08-06T14:20:24.8091936+09:00,661.190344,661.385294,194.950,37907,37919,0.991735,0.815516,1,0,EyesOpened
20260806_140923_424,1,Unspecified,Blink,486,2026-08-06T14:20:26.8141936+09:00,2026-08-06T14:20:27.0231936+09:00,663.390183,663.599132,208.948,38039,38052,0.902892,0.589109,1,0,EyesOpened
20260806_140923_424,1,Unspecified,Blink,487,2026-08-06T14:20:27.1071936+09:00,2026-08-06T14:20:27.2881936+09:00,663.682547,663.863526,180.979,38057,38068,0.922291,0.788862,1,0,EyesOpened
20260806_140923_424,1,Unspecified,Blink,488,2026-08-06T14:20:28.2621936+09:00,2026-08-06T14:20:28.4151936+09:00,664.838185,664.991182,152.997,38126,38135,0.858335,0.629254,1,0,EyesOpened
20260806_140923_424,1,Unspecified,Blink,489,2026-08-06T14:20:28.5541936+09:00,2026-08-06T14:20:28.6941936+09:00,665.130308,665.269585,139.277,38144,38152,0.916768,0.776358,1,0,EyesOpened
20260806_140923_424,1,Unspecified,Blink,490,2026-08-06T14:20:28.9861936+09:00,2026-08-06T14:20:29.1271936+09:00,665.562033,665.702714,140.681,38170,38178,0.908553,0.727914,1,0,EyesOpened
20260806_140923_424,1,Unspecified,Blink,491,2026-08-06T14:20:30.5591936+09:00,2026-08-06T14:20:30.9491936+09:00,667.135044,667.524873,389.830,38264,38287,0.990101,0.840175,1,0,EyesOpened
20260806_140923_424,1,Unspecified,Blink,492,2026-08-06T14:20:31.1861936+09:00,2026-08-06T14:20:31.3111936+09:00,667.761537,667.886911,125.373,38302,38309,0.903216,0.761065,1,0,EyesOpened
20260806_140923_424,1,Unspecified,Blink,493,2026-08-06T14:20:32.5641936+09:00,2026-08-06T14:20:32.7451936+09:00,669.139981,669.320908,180.926,38384,38395,0.918431,0.736522,1,0,EyesOpened
20260806_140923_424,1,Unspecified,Blink,494,2026-08-06T14:20:32.8561936+09:00,2026-08-06T14:20:33.0651936+09:00,669.432030,669.641205,209.176,38402,38414,0.898677,0.711262,1,0,EyesOpened
20260806_140923_424,1,Unspecified,Blink,495,2026-08-06T14:20:34.2621936+09:00,2026-08-06T14:20:34.4151936+09:00,670.838335,670.991393,153.058,38486,38495,0.871005,0.689285,1,0,EyesOpened
20260806_140923_424,1,Unspecified,Blink,496,2026-08-06T14:20:34.6801936+09:00,2026-08-06T14:20:34.8471936+09:00,671.256010,671.422919,166.910,38511,38521,0.939740,0.806947,1,0,EyesOpened
20260806_140923_424,1,Unspecified,Blink,497,2026-08-06T14:20:35.0701936+09:00,2026-08-06T14:20:35.2231936+09:00,671.645723,671.798954,153.231,38535,38544,0.908588,0.742798,1,0,EyesOpened
20260806_140923_424,1,Unspecified,Blink,498,2026-08-06T14:20:36.9631936+09:00,2026-08-06T14:20:37.0611936+09:00,673.539218,673.636733,97.515,38648,38654,0.871615,0.710012,1,0,EyesOpened
20260806_140923_424,1,Unspecified,Blink,499,2026-08-06T14:20:38.1891936+09:00,2026-08-06T14:20:38.3701936+09:00,674.764604,674.945622,181.018,38722,38733,0.949933,0.756380,1,0,EyesOpened
20260806_140923_424,1,Unspecified,Blink,500,2026-08-06T14:20:38.6481936+09:00,2026-08-06T14:20:38.8711936+09:00,675.224092,675.446805,222.713,38749,38763,0.972749,0.810828,1,0,EyesOpened
20260806_140923_424,1,Unspecified,Blink,501,2026-08-06T14:20:40.1241936+09:00,2026-08-06T14:20:40.2211936+09:00,676.699838,676.797117,97.280,38838,38844,0.859806,0.707765,1,0,EyesOpened
20260806_140923_424,1,Unspecified,Blink,502,2026-08-06T14:20:40.5271936+09:00,2026-08-06T14:20:40.6801936+09:00,677.103265,677.256339,153.074,38862,38871,0.946128,0.725250,1,0,EyesOpened
20260806_140923_424,1,Unspecified,Blink,503,2026-08-06T14:20:40.9871936+09:00,2026-08-06T14:20:41.0981936+09:00,677.562710,677.674110,111.401,38890,38896,0.904115,0.675874,1,0,EyesOpened
20260806_140923_424,1,Unspecified,Blink,504,2026-08-06T14:20:42.2121936+09:00,2026-08-06T14:20:42.2811936+09:00,678.787658,678.857439,69.782,38963,38967,0.790283,0.630211,1,0,EyesOpened
20260806_140923_424,1,Unspecified,Blink,505,2026-08-06T14:20:42.4491936+09:00,2026-08-06T14:20:42.6021936+09:00,679.024603,679.177732,153.128,38977,38987,0.879671,0.700138,1,0,EyesOpened
20260806_140923_424,1,Unspecified,Blink,506,2026-08-06T14:20:42.7681936+09:00,2026-08-06T14:20:42.9781936+09:00,679.344488,679.553521,209.033,38997,39009,0.915933,0.765642,1,0,EyesOpened
20260806_140923_424,1,Unspecified,Blink,507,2026-08-06T14:20:43.4231936+09:00,2026-08-06T14:20:43.6041936+09:00,679.998757,680.180000,181.243,39036,39047,0.900096,0.669588,1,0,EyesOpened
20260806_140923_424,1,Unspecified,Blink,508,2026-08-06T14:20:44.3561936+09:00,2026-08-06T14:20:44.4811936+09:00,680.931629,681.057138,125.509,39092,39099,0.850090,0.646874,1,0,EyesOpened
20260806_140923_424,1,Unspecified,Blink,509,2026-08-06T14:20:44.7321936+09:00,2026-08-06T14:20:44.8711936+09:00,681.307579,681.446885,139.306,39114,39123,0.903318,0.712240,1,0,EyesOpened
20260806_140923_424,1,Unspecified,Blink,510,2026-08-06T14:20:46.1521936+09:00,2026-08-06T14:20:46.2631936+09:00,682.727907,682.839438,111.531,39200,39206,0.703114,0.392048,1,0,EyesOpened
20260806_140923_424,1,Unspecified,Blink,511,2026-08-06T14:20:48.2541936+09:00,2026-08-06T14:20:48.3241936+09:00,684.830261,684.900050,69.790,39326,39330,0.572621,0.468404,1,0,EyesOpened
20260806_140923_424,1,Unspecified,Blink,512,2026-08-06T14:20:48.5471936+09:00,2026-08-06T14:20:48.6861936+09:00,685.122725,685.261811,139.086,39343,39352,0.919275,0.639380,1,0,EyesOpened
20260806_140923_424,1,Unspecified,Blink,513,2026-08-06T14:20:48.8391936+09:00,2026-08-06T14:20:48.9921936+09:00,685.415092,685.567975,152.883,39361,39370,0.945922,0.807278,1,0,EyesOpened
20260806_140923_424,1,Unspecified,Blink,514,2026-08-06T14:20:50.1891936+09:00,2026-08-06T14:20:50.3151936+09:00,686.765443,686.890553,125.110,39442,39449,0.795889,0.600241,1,0,EyesOpened
20260806_140923_424,1,Unspecified,Blink,515,2026-08-06T14:20:50.4821936+09:00,2026-08-06T14:20:50.6071936+09:00,687.057724,687.183017,125.293,39459,39467,0.953940,0.758431,1,0,EyesOpened
20260806_140923_424,1,Unspecified,Blink,516,2026-08-06T14:20:52.3611936+09:00,2026-08-06T14:20:52.5141936+09:00,688.937188,689.090255,153.067,39572,39581,0.907632,0.638622,1,0,EyesOpened
20260806_140923_424,1,Unspecified,Blink,517,2026-08-06T14:20:52.7091936+09:00,2026-08-06T14:20:52.8491936+09:00,689.285361,689.424539,139.179,39593,39601,0.954846,0.757597,1,0,EyesOpened
20260806_140923_424,1,Unspecified,Blink,518,2026-08-06T14:20:54.3101936+09:00,2026-08-06T14:20:54.4631936+09:00,690.886073,691.039350,153.277,39689,39698,0.854794,0.739735,1,0,EyesOpened
20260806_140923_424,1,Unspecified,Blink,519,2026-08-06T14:20:54.6031936+09:00,2026-08-06T14:20:54.8111936+09:00,691.178530,691.387227,208.696,39707,39719,0.994286,0.831579,1,0,EyesOpened
20260806_140923_424,1,Unspecified,Blink,520,2026-08-06T14:20:55.0481936+09:00,2026-08-06T14:20:55.2151936+09:00,691.624129,691.790993,166.864,39733,39743,0.970249,0.817805,1,0,EyesOpened
20260806_140923_424,1,Unspecified,Blink,521,2026-08-06T14:20:56.3991936+09:00,2026-08-06T14:20:56.5801936+09:00,692.974521,693.155609,181.088,39814,39825,0.948753,0.779944,1,0,EyesOpened
20260806_140923_424,1,Unspecified,Blink,522,2026-08-06T14:20:56.7051936+09:00,2026-08-06T14:20:56.9411936+09:00,693.280864,693.517481,236.617,39833,39847,0.979189,0.810767,1,0,EyesOpened
20260806_140923_424,1,Unspecified,Blink,523,2026-08-06T14:20:58.5701936+09:00,2026-08-06T14:20:58.6961936+09:00,695.146342,695.271719,125.376,39945,39952,0.918138,0.775719,1,0,EyesOpened
20260806_140923_424,1,Unspecified,Blink,524,2026-08-06T14:20:58.7931936+09:00,2026-08-06T14:20:59.0021936+09:00,695.369000,695.578140,209.140,39958,39971,0.995297,0.767698,1,0,EyesOpened
20260806_140923_424,1,Unspecified,Blink,525,2026-08-06T14:20:59.4061936+09:00,2026-08-06T14:20:59.5311936+09:00,695.981734,696.106866,125.132,39995,40002,0.892950,0.635821,1,0,EyesOpened
20260806_140923_424,1,Unspecified,Blink,526,2026-08-06T14:21:00.7281936+09:00,2026-08-06T14:21:00.8251936+09:00,697.304061,697.401446,97.385,40074,40080,0.809626,0.655960,1,0,EyesOpened
20260806_140923_424,1,Unspecified,Blink,527,2026-08-06T14:21:00.9651936+09:00,2026-08-06T14:21:01.1871936+09:00,697.540766,697.763421,222.654,40088,40102,0.990693,0.800515,1,0,EyesOpened
20260806_140923_424,1,Unspecified,Blink,528,2026-08-06T14:21:01.2571936+09:00,2026-08-06T14:21:01.4241936+09:00,697.832877,698.000101,167.224,40106,40116,0.949200,0.741545,1,0,EyesOpened
20260806_140923_424,1,Unspecified,Blink,529,2026-08-06T14:21:02.2601936+09:00,2026-08-06T14:21:02.8021936+09:00,698.835506,699.378450,542.944,40166,40199,1.000000,0.877436,1,0,EyesOpened
20260806_140923_424,1,Unspecified,Blink,530,2026-08-06T14:21:04.2781936+09:00,2026-08-06T14:21:04.8631936+09:00,700.854075,701.438765,584.690,40287,40322,0.999999,0.875564,1,0,EyesOpened
20260806_140923_424,1,Unspecified,Blink,531,2026-08-06T14:21:05.1411936+09:00,2026-08-06T14:21:05.2801936+09:00,701.717406,701.856418,139.012,40339,40347,0.947720,0.766424,1,0,EyesOpened
20260806_140923_424,1,Unspecified,Blink,532,2026-08-06T14:21:06.3941936+09:00,2026-08-06T14:21:06.4641936+09:00,702.969942,703.039791,69.849,40414,40418,0.630262,0.445794,1,0,EyesOpened
20260806_140923_424,1,Unspecified,Blink,533,2026-08-06T14:21:06.8401936+09:00,2026-08-06T14:21:06.9651936+09:00,703.415508,703.540951,125.443,40441,40448,0.903345,0.669623,1,0,EyesOpened
20260806_140923_424,1,Unspecified,Blink,534,2026-08-06T14:21:07.4801936+09:00,2026-08-06T14:21:07.5641936+09:00,704.056070,704.139697,83.626,40479,40484,0.687223,0.554903,1,0,EyesOpened
20260806_140923_424,1,Unspecified,Blink,535,2026-08-06T14:21:08.7051936+09:00,2026-08-06T14:21:08.8581936+09:00,705.281432,705.434486,153.054,40553,40562,0.834487,0.562474,1,0,EyesOpened
20260806_140923_424,1,Unspecified,Blink,536,2026-08-06T14:21:10.4731936+09:00,2026-08-06T14:21:10.6541936+09:00,707.049097,707.230245,181.148,40659,40670,0.940659,0.716646,1,0,EyesOpened
20260806_140923_424,1,Unspecified,Blink,537,2026-08-06T14:21:10.6961936+09:00,2026-08-06T14:21:10.8631936+09:00,707.271792,707.439110,167.319,40672,40682,0.959070,0.819646,1,0,EyesOpened
20260806_140923_424,1,Unspecified,Blink,538,2026-08-06T14:21:12.2551936+09:00,2026-08-06T14:21:12.3531936+09:00,708.831225,708.928693,97.467,40766,40772,0.762991,0.633010,1,0,EyesOpened
20260806_140923_424,1,Unspecified,Blink,539,2026-08-06T14:21:12.6591936+09:00,2026-08-06T14:21:12.7701936+09:00,709.235245,709.346489,111.244,40790,40797,0.858851,0.617307,1,0,EyesOpened
20260806_140923_424,1,Unspecified,Blink,540,2026-08-06T14:21:14.5941936+09:00,2026-08-06T14:21:14.7471936+09:00,711.170220,711.323481,153.262,40906,40915,0.921092,0.728355,1,0,EyesOpened
20260806_140923_424,1,Unspecified,Blink,541,2026-08-06T14:21:16.5021936+09:00,2026-08-06T14:21:16.6551936+09:00,713.077782,713.230764,152.983,41021,41030,0.885290,0.620649,1,0,EyesOpened
20260806_140923_424,1,Unspecified,Blink,542,2026-08-06T14:21:16.7521936+09:00,2026-08-06T14:21:16.8911936+09:00,713.328315,713.467442,139.127,41036,41044,0.987923,0.818787,1,0,EyesOpened
20260806_140923_424,1,Unspecified,Blink,543,2026-08-06T14:21:19.1751936+09:00,2026-08-06T14:21:19.2591936+09:00,715.751016,715.834668,83.653,41181,41186,0.642920,0.461875,1,0,EyesOpened
20260806_140923_424,1,Unspecified,Blink,544,2026-08-06T14:21:20.1641936+09:00,2026-08-06T14:21:20.2471936+09:00,716.739561,716.823188,83.627,41240,41245,0.848223,0.685706,1,0,EyesOpened
20260806_140923_424,1,Unspecified,Blink,545,2026-08-06T14:21:20.4561936+09:00,2026-08-06T14:21:20.5811936+09:00,717.031735,717.157139,125.404,41258,41265,0.830314,0.636980,1,0,EyesOpened
20260806_140923_424,1,Unspecified,Blink,546,2026-08-06T14:21:20.6921936+09:00,2026-08-06T14:21:20.8321936+09:00,717.268384,717.407697,139.313,41272,41280,0.918909,0.762230,1,0,EyesOpened
20260806_140923_424,1,Unspecified,Blink,547,2026-08-06T14:21:22.3631936+09:00,2026-08-06T14:21:22.5301936+09:00,718.939168,719.106255,167.087,41372,41382,0.864374,0.555309,1,0,EyesOpened
20260806_140923_424,1,Unspecified,Blink,548,2026-08-06T14:21:22.6141936+09:00,2026-08-06T14:21:22.8091936+09:00,719.189508,719.384727,195.219,41387,41399,0.982315,0.788842,1,0,EyesOpened
20260806_140923_424,1,Unspecified,Blink,549,2026-08-06T14:21:24.3961936+09:00,2026-08-06T14:21:24.5771936+09:00,720.971975,721.153217,181.242,41494,41505,0.868984,0.603617,1,0,EyesOpened
20260806_140923_424,1,Unspecified,Blink,550,2026-08-06T14:21:24.6471936+09:00,2026-08-06T14:21:24.8421936+09:00,721.222643,721.417636,194.994,41509,41521,0.913761,0.785676,1,0,EyesOpened
20260806_140923_424,1,Unspecified,Blink,551,2026-08-06T14:21:26.3311936+09:00,2026-08-06T14:21:26.4571936+09:00,722.907395,723.032595,125.200,41610,41618,0.834964,0.646707,1,0,EyesOpened
20260806_140923_424,1,Unspecified,Blink,552,2026-08-06T14:21:26.5961936+09:00,2026-08-06T14:21:26.8191936+09:00,723.171596,723.394514,222.918,41626,41640,0.963619,0.709251,1,0,EyesOpened
20260806_140923_424,1,Unspecified,Blink,553,2026-08-06T14:21:28.1691936+09:00,2026-08-06T14:21:28.2941936+09:00,724.744621,724.869684,125.063,41721,41728,0.718335,0.510607,1,0,EyesOpened
20260806_140923_424,1,Unspecified,Blink,554,2026-08-06T14:21:28.4191936+09:00,2026-08-06T14:21:28.6421936+09:00,724.995324,725.217919,222.595,41736,41749,0.966274,0.778107,1,0,EyesOpened
20260806_140923_424,1,Unspecified,Blink,555,2026-08-06T14:21:28.8791936+09:00,2026-08-06T14:21:29.0601936+09:00,725.454610,725.635692,181.082,41763,41774,0.890125,0.712243,1,0,EyesOpened
20260806_140923_424,1,Unspecified,Blink,556,2026-08-06T14:21:30.3401936+09:00,2026-08-06T14:21:30.7021936+09:00,726.916104,727.278237,362.133,41851,41873,0.990469,0.823581,1,0,EyesOpened
20260806_140923_424,1,Unspecified,Blink,557,2026-08-06T14:21:30.8551936+09:00,2026-08-06T14:21:31.0641936+09:00,727.431351,727.640202,208.851,41882,41894,0.912597,0.776043,1,0,EyesOpened
20260806_140923_424,1,Unspecified,Blink,558,2026-08-06T14:21:31.1901936+09:00,2026-08-06T14:21:31.3711936+09:00,727.765510,727.946528,181.018,41902,41913,0.917995,0.780223,1,0,EyesOpened
20260806_140923_424,1,Unspecified,Blink,559,2026-08-06T14:21:32.2611936+09:00,2026-08-06T14:21:32.3031936+09:00,728.837352,728.879103,41.751,41966,41969,0.617631,0.466044,0,0,EyesOpened
20260806_140923_424,1,Unspecified,Blink,560,2026-08-06T14:21:32.4701936+09:00,2026-08-06T14:21:32.6931936+09:00,729.046128,729.268686,222.557,41979,41992,0.906725,0.757518,1,0,EyesOpened
20260806_140923_424,1,Unspecified,Blink,561,2026-08-06T14:21:32.9291936+09:00,2026-08-06T14:21:33.0691936+09:00,729.505446,729.644820,139.374,42006,42015,0.881136,0.743442,1,0,EyesOpened
20260806_140923_424,1,Unspecified,Blink,562,2026-08-06T14:21:34.2521936+09:00,2026-08-06T14:21:34.3921936+09:00,730.828493,730.967717,139.224,42086,42094,0.875654,0.652926,1,0,EyesOpened
20260806_140923_424,1,Unspecified,Blink,563,2026-08-06T14:21:34.4891936+09:00,2026-08-06T14:21:34.6701936+09:00,731.065471,731.246410,180.938,42100,42111,0.938904,0.731601,1,0,EyesOpened
20260806_140923_424,1,Unspecified,Blink,564,2026-08-06T14:21:34.9631936+09:00,2026-08-06T14:21:35.0881936+09:00,731.538889,731.663728,124.839,42128,42136,0.850221,0.540989,1,0,EyesOpened
20260806_140923_424,1,Unspecified,Blink,565,2026-08-06T14:21:36.3691936+09:00,2026-08-06T14:21:36.4941936+09:00,732.944902,733.069794,124.892,42213,42220,0.830457,0.696778,1,0,EyesOpened
20260806_140923_424,1,Unspecified,Blink,566,2026-08-06T14:21:36.6891936+09:00,2026-08-06T14:21:36.8561936+09:00,733.264863,733.431819,166.956,42232,42242,0.932916,0.787656,1,0,EyesOpened
20260806_140923_424,1,Unspecified,Blink,567,2026-08-06T14:21:38.2341936+09:00,2026-08-06T14:21:38.3451936+09:00,734.810291,734.921473,111.182,42325,42331,0.831485,0.717339,1,0,EyesOpened
20260806_140923_424,1,Unspecified,Blink,568,2026-08-06T14:21:38.6101936+09:00,2026-08-06T14:21:38.7631936+09:00,735.186303,735.339429,153.126,42347,42356,0.890066,0.719984,1,0,EyesOpened
20260806_140923_424,1,Unspecified,Blink,569,2026-08-06T14:21:40.5871936+09:00,2026-08-06T14:21:40.7541936+09:00,737.163258,737.330140,166.882,42466,42476,0.862403,0.678669,1,0,EyesOpened
20260806_140923_424,1,Unspecified,Blink,570,2026-08-06T14:21:40.8521936+09:00,2026-08-06T14:21:41.0611936+09:00,737.427604,737.636616,209.013,42482,42494,0.966916,0.812661,1,0,EyesOpened
20260806_140923_424,1,Unspecified,Blink,571,2026-08-06T14:21:42.2861936+09:00,2026-08-06T14:21:42.6891936+09:00,738.861678,739.265273,403.595,42568,42592,0.968219,0.830540,1,0,EyesOpened
20260806_140923_424,1,Unspecified,Blink,572,2026-08-06T14:21:43.1491936+09:00,2026-08-06T14:21:43.2461936+09:00,739.724589,739.821904,97.315,42619,42625,0.754037,0.571838,1,0,EyesOpened
20260806_140923_424,1,Unspecified,Blink,573,2026-08-06T14:21:44.5131936+09:00,2026-08-06T14:21:44.6801936+09:00,741.089081,741.256087,167.007,42701,42711,0.950583,0.770989,1,0,EyesOpened
20260806_140923_424,1,Unspecified,Blink,574,2026-08-06T14:21:46.1701936+09:00,2026-08-06T14:21:46.2531936+09:00,742.745893,742.829122,83.229,42801,42806,0.803988,0.508322,1,0,EyesOpened
20260806_140923_424,1,Unspecified,Blink,575,2026-08-06T14:21:46.3921936+09:00,2026-08-06T14:21:46.6151936+09:00,742.968345,743.191183,222.838,42814,42827,0.918894,0.688758,1,0,EyesOpened
20260806_140923_424,1,Unspecified,Blink,576,2026-08-06T14:21:48.0351936+09:00,2026-08-06T14:21:48.1191936+09:00,744.611225,744.695006,83.781,42913,42918,0.631429,0.467305,1,0,EyesOpened
20260806_140923_424,1,Unspecified,Blink,577,2026-08-06T14:21:48.3281936+09:00,2026-08-06T14:21:48.5231936+09:00,744.903819,745.098856,195.036,42930,42942,0.931798,0.715792,1,0,EyesOpened
20260806_140923_424,1,Unspecified,Blink,578,2026-08-06T14:21:50.1381936+09:00,2026-08-06T14:21:50.2351936+09:00,746.713629,746.811026,97.397,43039,43045,0.586250,0.491512,1,0,EyesOpened
20260806_140923_424,1,Unspecified,Blink,579,2026-08-06T14:21:50.5971936+09:00,2026-08-06T14:21:50.7361936+09:00,747.172934,747.312227,139.293,43066,43075,0.862748,0.605913,1,0,EyesOpened
20260806_140923_424,1,Unspecified,Blink,580,2026-08-06T14:21:52.3381936+09:00,2026-08-06T14:21:52.4771936+09:00,748.913556,749.052588,139.031,43171,43179,0.888750,0.707137,1,0,EyesOpened
20260806_140923_424,1,Unspecified,Blink,581,2026-08-06T14:21:52.6301936+09:00,2026-08-06T14:21:52.7971936+09:00,749.205863,749.372826,166.962,43188,43198,0.902994,0.697526,1,0,EyesOpened
20260806_140923_424,1,Unspecified,Blink,582,2026-08-06T14:21:54.2031936+09:00,2026-08-06T14:21:54.6481936+09:00,750.778784,751.224382,445.598,43283,43309,0.966000,0.750607,1,0,EyesOpened
20260806_140923_424,1,Unspecified,Blink,583,2026-08-06T14:21:54.8851936+09:00,2026-08-06T14:21:55.0801936+09:00,751.461055,751.656099,195.044,43324,43335,0.854766,0.722711,1,0,EyesOpened
20260806_140923_424,1,Unspecified,Blink,584,2026-08-06T14:21:56.5281936+09:00,2026-08-06T14:21:56.7231936+09:00,753.104067,753.298974,194.906,43422,43434,0.907049,0.736191,1,0,EyesOpened
20260806_140923_424,1,Unspecified,Blink,585,2026-08-06T14:21:58.5471936+09:00,2026-08-06T14:21:58.7141936+09:00,755.122976,755.289901,166.925,43543,43553,0.862441,0.650894,1,0,EyesOpened
20260806_140923_424,1,Unspecified,Blink,586,2026-08-06T14:21:58.9791936+09:00,2026-08-06T14:21:59.1321936+09:00,755.554639,755.707717,153.077,43569,43578,0.838909,0.713203,1,0,EyesOpened
20260806_140923_424,1,Unspecified,Blink,587,2026-08-06T14:22:00.2731936+09:00,2026-08-06T14:22:00.4961936+09:00,756.849220,757.071977,222.757,43647,43660,0.829870,0.734948,1,0,EyesOpened
20260806_140923_424,1,Unspecified,Blink,588,2026-08-06T14:22:00.8301936+09:00,2026-08-06T14:22:00.8861936+09:00,757.406235,757.462144,55.909,43680,43684,0.603054,0.367098,1,0,EyesOpened
20260806_140923_424,1,Unspecified,Blink,589,2026-08-06T14:22:02.3471936+09:00,2026-08-06T14:22:02.4451936+09:00,758.923473,759.020942,97.470,43771,43777,0.824419,0.584216,1,0,EyesOpened
20260806_140923_424,1,Unspecified,Blink,590,2026-08-06T14:22:04.2541936+09:00,2026-08-06T14:22:04.3521936+09:00,760.830433,760.927532,97.099,43886,43892,0.791064,0.592106,1,0,EyesOpened
20260806_140923_424,1,Unspecified,Blink,591,2026-08-06T14:22:04.5051936+09:00,2026-08-06T14:22:04.6441936+09:00,761.080909,761.220179,139.270,43901,43909,0.947370,0.794126,1,0,EyesOpened
20260806_140923_424,1,Unspecified,Blink,592,2026-08-06T14:22:06.2871936+09:00,2026-08-06T14:22:06.3701936+09:00,762.863104,762.945828,82.724,44008,44013,0.679953,0.507617,1,0,EyesOpened
20260806_140923_424,1,Unspecified,Blink,593,2026-08-06T14:22:06.5381936+09:00,2026-08-06T14:22:06.6631936+09:00,763.113862,763.239187,125.325,44023,44030,0.813084,0.676520,1,0,EyesOpened
20260806_140923_424,1,Unspecified,Blink,594,2026-08-06T14:22:08.2641936+09:00,2026-08-06T14:22:08.3611936+09:00,764.839643,764.937024,97.381,44126,44132,0.849335,0.674790,1,0,EyesOpened
20260806_140923_424,1,Unspecified,Blink,595,2026-08-06T14:22:08.5561936+09:00,2026-08-06T14:22:08.6951936+09:00,765.131847,765.270981,139.134,44144,44152,0.932215,0.803802,1,0,EyesOpened
20260806_140923_424,1,Unspecified,Blink,596,2026-08-06T14:22:10.1571936+09:00,2026-08-06T14:22:10.2131936+09:00,766.733145,766.788918,55.772,44240,44243,0.771450,0.615630,1,0,EyesOpened
20260806_140923_424,1,Unspecified,Blink,597,2026-08-06T14:22:10.4361936+09:00,2026-08-06T14:22:10.6031936+09:00,767.011579,767.178776,167.197,44257,44267,0.917718,0.739743,1,0,EyesOpened
20260806_140923_424,1,Unspecified,Blink,598,2026-08-06T14:22:10.8401936+09:00,2026-08-06T14:22:11.0481936+09:00,767.415501,767.624432,208.931,44281,44293,0.930165,0.713435,1,0,EyesOpened
20260806_140923_424,1,Unspecified,Blink,599,2026-08-06T14:22:12.5941936+09:00,2026-08-06T14:22:12.7471936+09:00,769.169791,769.323160,153.370,44386,44395,0.779138,0.513825,1,0,EyesOpened
20260806_140923_424,1,Unspecified,Blink,600,2026-08-06T14:22:14.0981936+09:00,2026-08-06T14:22:14.2091936+09:00,770.673537,770.784970,111.433,44476,44483,0.785164,0.538311,1,0,EyesOpened
20260806_140923_424,1,Unspecified,Blink,601,2026-08-06T14:22:14.3901936+09:00,2026-08-06T14:22:14.5991936+09:00,770.965991,771.174903,208.913,44494,44506,0.900487,0.681418,1,0,EyesOpened
20260806_140923_424,1,Unspecified,Blink,602,2026-08-06T14:22:14.8081936+09:00,2026-08-06T14:22:14.9751936+09:00,771.383711,771.550681,166.971,44519,44529,0.870629,0.657305,1,0,EyesOpened
20260806_140923_424,1,Unspecified,Blink,603,2026-08-06T14:22:15.3231936+09:00,2026-08-06T14:22:15.4201936+09:00,771.898738,771.996295,97.557,44550,44556,0.834378,0.559408,1,0,EyesOpened
20260806_140923_424,1,Unspecified,Blink,604,2026-08-06T14:22:19.0821936+09:00,2026-08-06T14:22:19.1651936+09:00,775.657886,775.741361,83.475,44775,44780,0.720567,0.459644,1,0,EyesOpened
20260806_140923_424,1,Unspecified,Blink,605,2026-08-06T14:22:20.6411936+09:00,2026-08-06T14:22:20.7801936+09:00,777.216962,777.356206,139.245,44869,44877,0.828964,0.543687,1,0,EyesOpened
20260806_140923_424,1,Unspecified,Blink,606,2026-08-06T14:22:22.3821936+09:00,2026-08-06T14:22:22.4231936+09:00,778.957604,778.999470,41.866,44973,44976,0.664066,0.423829,0,0,EyesOpened
20260806_140923_424,1,Unspecified,Blink,607,2026-08-06T14:22:22.6741936+09:00,2026-08-06T14:22:22.8131936+09:00,779.249759,779.389108,139.349,44991,44999,0.859481,0.717279,1,0,EyesOpened
20260806_140923_424,1,Unspecified,Blink,608,2026-08-06T14:22:24.6231936+09:00,2026-08-06T14:22:24.6371936+09:00,781.198982,781.212792,13.810,45108,45109,0.533398,0.358011,0,0,EyesOpened
20260806_140923_424,1,Unspecified,Blink,609,2026-08-06T14:22:25.4861936+09:00,2026-08-06T14:22:25.6251936+09:00,782.062287,782.201367,139.081,45160,45168,0.929473,0.677933,1,0,EyesOpened
20260806_140923_424,1,Unspecified,Blink,610,2026-08-06T14:22:26.5441936+09:00,2026-08-06T14:22:26.6421936+09:00,783.120281,783.217863,97.582,45223,45229,0.806177,0.556950,1,0,EyesOpened
20260806_140923_424,1,Unspecified,Blink,611,2026-08-06T14:22:26.8361936+09:00,2026-08-06T14:22:26.9481936+09:00,783.412480,783.524116,111.636,45241,45247,0.930495,0.772304,1,0,EyesOpened
20260806_140923_424,1,Unspecified,Blink,612,2026-08-06T14:22:28.1451936+09:00,2026-08-06T14:22:28.2841936+09:00,784.721059,784.860312,139.253,45319,45328,0.926204,0.749078,1,0,EyesOpened
20260806_140923_424,1,Unspecified,Blink,613,2026-08-06T14:22:28.5491936+09:00,2026-08-06T14:22:28.7301936+09:00,785.124905,785.306145,181.240,45343,45354,0.982483,0.824684,1,0,EyesOpened
20260806_140923_424,1,Unspecified,Blink,614,2026-08-06T14:22:30.3871936+09:00,2026-08-06T14:22:30.5121936+09:00,786.962850,787.087908,125.058,45454,45461,0.868721,0.582842,1,0,EyesOpened
20260806_140923_424,1,Unspecified,Blink,615,2026-08-06T14:22:30.9711936+09:00,2026-08-06T14:22:31.0971936+09:00,787.547271,787.672690,125.419,45489,45496,0.971633,0.733907,1,0,EyesOpened
20260806_140923_424,1,Unspecified,Blink,616,2026-08-06T14:22:32.1411936+09:00,2026-08-06T14:22:32.2241936+09:00,788.716957,788.800448,83.491,45559,45564,0.786151,0.539045,1,0,EyesOpened
20260806_140923_424,1,Unspecified,Blink,617,2026-08-06T14:22:32.6981936+09:00,2026-08-06T14:22:32.8651936+09:00,789.273870,789.440954,167.084,45592,45602,0.944561,0.768505,1,0,EyesOpened
20260806_140923_424,1,Unspecified,Blink,618,2026-08-06T14:22:34.5351936+09:00,2026-08-06T14:22:34.6741936+09:00,791.111168,791.250452,139.284,45703,45711,0.882568,0.641395,1,0,EyesOpened
20260806_140923_424,1,Unspecified,Blink,619,2026-08-06T14:22:34.9531936+09:00,2026-08-06T14:22:35.0921936+09:00,791.528865,791.668011,139.146,45728,45736,0.966377,0.786480,1,0,EyesOpened
20260806_140923_424,1,Unspecified,Blink,620,2026-08-06T14:22:36.5121936+09:00,2026-08-06T14:22:36.5811936+09:00,793.087823,793.157403,69.581,45821,45825,0.783393,0.540328,1,0,EyesOpened
20260806_140923_424,1,Unspecified,Blink,621,2026-08-06T14:22:36.8881936+09:00,2026-08-06T14:22:37.0131936+09:00,793.463838,793.588978,125.140,45844,45851,0.931368,0.666302,1,0,EyesOpened
20260806_140923_424,1,Unspecified,Blink,622,2026-08-06T14:22:38.3361936+09:00,2026-08-06T14:22:38.4191936+09:00,794.911855,794.995451,83.596,45931,45936,0.704511,0.533538,1,0,EyesOpened
20260806_140923_424,1,Unspecified,Blink,623,2026-08-06T14:22:41.0931936+09:00,2026-08-06T14:22:41.1481936+09:00,797.668536,797.724464,55.928,46096,46099,0.818420,0.616527,1,0,EyesOpened
20260806_140923_424,1,Unspecified,Blink,624,2026-08-06T14:22:42.3041936+09:00,2026-08-06T14:22:42.4151936+09:00,798.879823,798.990985,111.162,46169,46175,0.767107,0.641954,1,0,EyesOpened
20260806_140923_424,1,Unspecified,Blink,625,2026-08-06T14:22:44.1271936+09:00,2026-08-06T14:22:44.2251936+09:00,800.703262,800.800643,97.380,46278,46284,0.801574,0.645472,1,0,EyesOpened
20260806_140923_424,1,Unspecified,Blink,626,2026-08-06T14:22:44.4471936+09:00,2026-08-06T14:22:44.5731936+09:00,801.023423,801.148633,125.211,46297,46305,0.929280,0.730051,1,0,EyesOpened
20260806_140923_424,1,Unspecified,Blink,627,2026-08-06T14:22:44.7261936+09:00,2026-08-06T14:22:44.8651936+09:00,801.301838,801.441172,139.334,46314,46322,0.952633,0.772337,1,0,EyesOpened
20260806_140923_424,1,Unspecified,Blink,628,2026-08-06T14:22:46.3411936+09:00,2026-08-06T14:22:46.6751936+09:00,802.917149,803.250820,333.671,46411,46431,0.995509,0.874437,1,0,EyesOpened
20260806_140923_424,1,Unspecified,Blink,629,2026-08-06T14:22:48.5541936+09:00,2026-08-06T14:22:48.6241936+09:00,805.130452,805.200271,69.819,46544,46548,0.758399,0.551207,1,0,EyesOpened
20260806_140923_424,1,Unspecified,Blink,630,2026-08-06T14:22:50.2111936+09:00,2026-08-06T14:22:50.2811936+09:00,806.787443,806.857335,69.892,46643,46647,0.768575,0.494379,1,0,EyesOpened
20260806_140923_424,1,Unspecified,Blink,631,2026-08-06T14:22:50.4761936+09:00,2026-08-06T14:22:50.6301936+09:00,807.052225,807.205568,153.343,46659,46668,0.954843,0.765876,1,0,EyesOpened
20260806_140923_424,1,Unspecified,Blink,632,2026-08-06T14:22:52.4811936+09:00,2026-08-06T14:22:52.9131936+09:00,809.057290,809.488852,431.562,46779,46805,0.999943,0.875577,1,0,EyesOpened
20260806_140923_424,1,Unspecified,Blink,633,2026-08-06T14:22:54.4441936+09:00,2026-08-06T14:22:54.4721936+09:00,811.020015,811.047735,27.719,46897,46899,0.588829,0.459169,0,0,EyesOpened
20260806_140923_424,1,Unspecified,Blink,634,2026-08-06T14:22:54.8891936+09:00,2026-08-06T14:22:55.0561936+09:00,811.465320,811.632351,167.031,46924,46934,0.987925,0.683193,1,0,EyesOpened
20260806_140923_424,1,Unspecified,Blink,635,2026-08-06T14:22:56.2541936+09:00,2026-08-06T14:22:56.4211936+09:00,812.829628,812.996737,167.109,47006,47016,0.905039,0.625790,1,0,EyesOpened
20260806_140923_424,1,Unspecified,Blink,636,2026-08-06T14:22:56.6851936+09:00,2026-08-06T14:22:56.8101936+09:00,813.261148,813.386340,125.192,47032,47039,0.939673,0.706607,1,0,EyesOpened
20260806_140923_424,1,Unspecified,Blink,637,2026-08-06T14:22:58.1891936+09:00,2026-08-06T14:22:58.3421936+09:00,814.764753,814.917943,153.190,47122,47131,0.944679,0.682556,1,0,EyesOpened
20260806_140923_424,1,Unspecified,Blink,638,2026-08-06T14:22:58.5791936+09:00,2026-08-06T14:22:58.7601936+09:00,815.154725,815.335725,181.000,47145,47156,0.975635,0.822789,1,0,EyesOpened
20260806_140923_424,1,Unspecified,Blink,639,2026-08-06T14:23:00.8761936+09:00,2026-08-06T14:23:00.9591936+09:00,817.451672,817.535290,83.619,47283,47288,0.667694,0.433236,1,0,EyesOpened
20260806_140923_424,1,Unspecified,Blink,640,2026-08-06T14:23:02.5041936+09:00,2026-08-06T14:23:02.6431936+09:00,819.079716,819.219029,139.313,47381,47389,0.892500,0.695780,1,0,EyesOpened
20260806_140923_424,1,Unspecified,Blink,641,2026-08-06T14:23:02.7681936+09:00,2026-08-06T14:23:02.9631936+09:00,819.344360,819.538968,194.608,47397,47408,0.955514,0.792397,1,0,EyesOpened
20260806_140923_424,1,Unspecified,Blink,642,2026-08-06T14:23:04.2851936+09:00,2026-08-06T14:23:04.4941936+09:00,820.861405,821.070338,208.933,47488,47500,0.940314,0.670795,1,0,EyesOpened
20260806_140923_424,1,Unspecified,Blink,643,2026-08-06T14:23:04.7311936+09:00,2026-08-06T14:23:04.8981936+09:00,821.307165,821.474042,166.877,47514,47524,0.995022,0.840763,1,0,EyesOpened
20260806_140923_424,1,Unspecified,Blink,644,2026-08-06T14:23:06.6251936+09:00,2026-08-06T14:23:06.6941936+09:00,823.200682,823.269827,69.145,47628,47632,0.872323,0.707248,1,0,EyesOpened
20260806_140923_424,1,Unspecified,Blink,645,2026-08-06T14:23:08.1981936+09:00,2026-08-06T14:23:08.3921936+09:00,824.773741,824.968486,194.744,47722,47734,0.974121,0.720931,1,0,EyesOpened
20260806_140923_424,1,Unspecified,Blink,646,2026-08-06T14:23:08.6991936+09:00,2026-08-06T14:23:08.8661936+09:00,825.274743,825.441623,166.881,47752,47762,0.977662,0.796193,1,0,EyesOpened
20260806_140923_424,1,Unspecified,Blink,647,2026-08-06T14:23:12.5551936+09:00,2026-08-06T14:23:12.6391936+09:00,829.131167,829.214738,83.571,47984,47989,0.768827,0.560351,1,0,EyesOpened
20260806_140923_424,1,Unspecified,Blink,648,2026-08-06T14:23:14.0871936+09:00,2026-08-06T14:23:14.1981936+09:00,830.662789,830.774166,111.377,48076,48082,0.651335,0.562647,1,0,EyesOpened
20260806_140923_424,1,Unspecified,Blink,649,2026-08-06T14:23:14.3241936+09:00,2026-08-06T14:23:14.4771936+09:00,830.899679,831.052749,153.070,48090,48099,0.924569,0.769376,1,0,EyesOpened
20260806_140923_424,1,Unspecified,Blink,650,2026-08-06T14:23:14.6581936+09:00,2026-08-06T14:23:14.7551936+09:00,831.233824,831.331119,97.295,48110,48116,0.955046,0.755892,1,0,EyesOpened
20260806_140923_424,1,Unspecified,Blink,651,2026-08-06T14:23:16.2311936+09:00,2026-08-06T14:23:16.2871936+09:00,832.807326,832.863190,55.863,48204,48208,0.656964,0.459467,1,0,EyesOpened
20260806_140923_424,1,Unspecified,Blink,652,2026-08-06T14:23:16.6631936+09:00,2026-08-06T14:23:16.7461936+09:00,833.238970,833.322236,83.267,48230,48235,0.847559,0.678609,1,0,EyesOpened
20260806_140923_424,1,Unspecified,Blink,653,2026-08-06T14:23:18.6531936+09:00,2026-08-06T14:23:18.7641936+09:00,835.228636,835.340261,111.625,48350,48356,0.863735,0.598125,1,0,EyesOpened
20260806_140923_424,1,Unspecified,Blink,654,2026-08-06T14:23:20.1711936+09:00,2026-08-06T14:23:20.2541936+09:00,836.746564,836.829969,83.406,48441,48446,0.667646,0.502127,1,0,EyesOpened
20260806_140923_424,1,Unspecified,Blink,655,2026-08-06T14:23:20.5051936+09:00,2026-08-06T14:23:20.6581936+09:00,837.080791,837.233823,153.032,48461,48470,0.952379,0.814254,1,0,EyesOpened
20260806_140923_424,1,Unspecified,Blink,656,2026-08-06T14:23:22.2591936+09:00,2026-08-06T14:23:22.3701936+09:00,838.834761,838.946048,111.287,48566,48573,0.759361,0.536742,1,0,EyesOpened
20260806_140923_424,1,Unspecified,Blink,657,2026-08-06T14:23:22.6481936+09:00,2026-08-06T14:23:22.7881936+09:00,839.224406,839.363683,139.277,48589,48598,0.954938,0.743365,1,0,EyesOpened
20260806_140923_424,1,Unspecified,Blink,658,2026-08-06T14:23:24.3471936+09:00,2026-08-06T14:23:24.5141936+09:00,840.923105,841.090052,166.947,48691,48701,0.844214,0.497917,1,0,EyesOpened
20260806_140923_424,1,Unspecified,Blink,659,2026-08-06T14:23:24.6531936+09:00,2026-08-06T14:23:24.8341936+09:00,841.229265,841.410429,181.164,48710,48721,0.947219,0.770587,1,0,EyesOpened
20260806_140923_424,1,Unspecified,Blink,660,2026-08-06T14:23:26.1291936+09:00,2026-08-06T14:23:26.2271936+09:00,842.705148,842.802645,97.497,48798,48804,0.857031,0.665727,1,0,EyesOpened
20260806_140923_424,1,Unspecified,Blink,661,2026-08-06T14:23:26.4631936+09:00,2026-08-06T14:23:26.6581936+09:00,843.039374,843.234370,194.996,48818,48830,0.953963,0.645179,1,0,EyesOpened
20260806_140923_424,1,Unspecified,Blink,662,2026-08-06T14:23:28.1481936+09:00,2026-08-06T14:23:28.2311936+09:00,844.723953,844.807309,83.356,48919,48924,0.770806,0.648241,1,0,EyesOpened
20260806_140923_424,1,Unspecified,Blink,663,2026-08-06T14:23:28.4261936+09:00,2026-08-06T14:23:28.5241936+09:00,845.002387,845.099855,97.468,48936,48942,0.891729,0.653583,1,0,EyesOpened
20260806_140923_424,1,Unspecified,Blink,664,2026-08-06T14:23:28.7471936+09:00,2026-08-06T14:23:28.8861936+09:00,845.322563,845.461886,139.323,48955,48964,0.929132,0.778239,1,0,EyesOpened
20260806_140923_424,1,Unspecified,Blink,665,2026-08-06T14:23:30.5291936+09:00,2026-08-06T14:23:30.9051936+09:00,847.104880,847.480956,376.076,49062,49085,0.967524,0.881240,1,0,EyesOpened
20260806_140923_424,1,Unspecified,Blink,666,2026-08-06T14:23:32.1721936+09:00,2026-08-06T14:23:32.2971936+09:00,848.747621,848.872937,125.316,49161,49168,0.841163,0.669809,1,0,EyesOpened
20260806_140923_424,1,Unspecified,Blink,667,2026-08-06T14:23:32.4921936+09:00,2026-08-06T14:23:32.6731936+09:00,849.067965,849.248900,180.934,49180,49191,0.952573,0.692037,1,0,EyesOpened
20260806_140923_424,1,Unspecified,Blink,668,2026-08-06T14:23:32.9801936+09:00,2026-08-06T14:23:33.1461936+09:00,849.556395,849.722150,165.755,49209,49219,0.965965,0.808623,1,0,EyesOpened
20260806_140923_424,1,Unspecified,Blink,669,2026-08-06T14:23:34.1621936+09:00,2026-08-06T14:23:34.2601936+09:00,850.738482,850.835950,97.469,49280,49286,0.770084,0.587126,1,0,EyesOpened
20260806_140923_424,1,Unspecified,Blink,670,2026-08-06T14:23:34.4131936+09:00,2026-08-06T14:23:34.5801936+09:00,850.988896,851.156283,167.387,49295,49305,0.981554,0.821213,1,0,EyesOpened
20260806_140923_424,1,Unspecified,Blink,671,2026-08-06T14:23:34.8591936+09:00,2026-08-06T14:23:35.0121936+09:00,851.434773,851.587695,152.921,49322,49331,0.972695,0.731345,1,0,EyesOpened
20260806_140923_424,1,Unspecified,Blink,672,2026-08-06T14:23:36.2791936+09:00,2026-08-06T14:23:36.4041936+09:00,852.855143,852.980472,125.329,49407,49415,0.830584,0.613486,1,0,EyesOpened
20260806_140923_424,1,Unspecified,Blink,673,2026-08-06T14:23:36.9471936+09:00,2026-08-06T14:23:37.0311936+09:00,853.523208,853.606557,83.349,49447,49452,0.796684,0.625253,1,0,EyesOpened
20260806_140923_424,1,Unspecified,Blink,674,2026-08-06T14:23:38.1451936+09:00,2026-08-06T14:23:38.2281936+09:00,854.720573,854.803665,83.091,49519,49524,0.739280,0.617410,1,0,EyesOpened
20260806_140923_424,1,Unspecified,Blink,675,2026-08-06T14:23:38.6731936+09:00,2026-08-06T14:23:38.8411936+09:00,855.249199,855.416575,167.375,49551,49561,0.995547,0.761782,1,0,EyesOpened
20260806_140923_424,1,Unspecified,Blink,676,2026-08-06T14:23:40.5391936+09:00,2026-08-06T14:23:40.6651936+09:00,857.115267,857.240554,125.287,49663,49670,0.771767,0.489468,1,0,EyesOpened
20260806_140923_424,1,Unspecified,Blink,677,2026-08-06T14:23:40.8041936+09:00,2026-08-06T14:23:40.9991936+09:00,857.379924,857.574660,194.735,49679,49690,0.948502,0.671411,1,0,EyesOpened
20260806_140923_424,1,Unspecified,Blink,678,2026-08-06T14:23:41.1381936+09:00,2026-08-06T14:23:41.3191936+09:00,857.713608,857.894697,181.089,49699,49710,0.963240,0.701324,1,0,EyesOpened
20260806_140923_424,1,Unspecified,Blink,679,2026-08-06T14:23:42.5291936+09:00,2026-08-06T14:23:42.6961936+09:00,859.105440,859.272426,166.986,49782,49792,0.928199,0.625389,1,0,EyesOpened
20260806_140923_424,1,Unspecified,Blink,680,2026-08-06T14:23:42.8641936+09:00,2026-08-06T14:23:43.0311936+09:00,859.439692,859.606737,167.045,49802,49812,0.928760,0.787732,1,0,EyesOpened
20260806_140923_424,1,Unspecified,Blink,681,2026-08-06T14:23:44.5621936+09:00,2026-08-06T14:23:44.7291936+09:00,861.138367,861.305418,167.051,49904,49914,0.973998,0.827245,1,0,EyesOpened
20260806_140923_424,1,Unspecified,Blink,682,2026-08-06T14:23:46.3021936+09:00,2026-08-06T14:23:46.4281936+09:00,862.878298,863.003638,125.340,50009,50016,0.772265,0.472340,1,0,EyesOpened
20260806_140923_424,1,Unspecified,Blink,683,2026-08-06T14:23:46.5811936+09:00,2026-08-06T14:23:46.8311936+09:00,863.156686,863.407294,250.608,50025,50040,0.995148,0.747863,1,0,EyesOpened
20260806_140923_424,1,Unspecified,Blink,684,2026-08-06T14:23:47.0121936+09:00,2026-08-06T14:23:47.1381936+09:00,863.588271,863.713694,125.423,50051,50059,0.922838,0.745602,1,0,EyesOpened
20260806_140923_424,1,Unspecified,Blink,685,2026-08-06T14:23:48.8361936+09:00,2026-08-06T14:23:48.9201936+09:00,865.412337,865.495936,83.599,50161,50166,0.792487,0.486565,1,0,EyesOpened
20260806_140923_424,1,Unspecified,Blink,686,2026-08-06T14:23:50.3121936+09:00,2026-08-06T14:23:50.3821936+09:00,866.887657,866.957527,69.870,50249,50253,0.631630,0.534361,1,0,EyesOpened
20260806_140923_424,1,Unspecified,Blink,687,2026-08-06T14:23:50.6461936+09:00,2026-08-06T14:23:50.8131936+09:00,867.222130,867.388730,166.600,50269,50279,0.995179,0.794020,1,0,EyesOpened
20260806_140923_424,1,Unspecified,Blink,688,2026-08-06T14:23:52.1641936+09:00,2026-08-06T14:23:52.2611936+09:00,868.739524,868.837029,97.505,50360,50366,0.829328,0.691738,1,0,EyesOpened
20260806_140923_424,1,Unspecified,Blink,689,2026-08-06T14:23:52.4701936+09:00,2026-08-06T14:23:52.6791936+09:00,869.045854,869.254635,208.781,50379,50391,0.954379,0.773613,1,0,EyesOpened
20260806_140923_424,1,Unspecified,Blink,690,2026-08-06T14:23:54.1401936+09:00,2026-08-06T14:23:54.2241936+09:00,870.716209,870.799843,83.633,50479,50484,0.642894,0.500895,1,0,EyesOpened
20260806_140923_424,1,Unspecified,Blink,691,2026-08-06T14:23:55.0871936+09:00,2026-08-06T14:23:55.2401936+09:00,871.663232,871.816421,153.189,50536,50545,0.866835,0.662944,1,0,EyesOpened
20260806_140923_424,1,Unspecified,Blink,692,2026-08-06T14:23:56.6191936+09:00,2026-08-06T14:23:56.7581936+09:00,873.195013,873.334135,139.122,50628,50636,0.942454,0.697352,1,0,EyesOpened
20260806_140923_424,1,Unspecified,Blink,693,2026-08-06T14:23:56.9941936+09:00,2026-08-06T14:23:57.1471936+09:00,873.570140,873.723140,153.000,50650,50659,0.946885,0.761968,1,0,EyesOpened
20260806_140923_424,1,Unspecified,Blink,694,2026-08-06T14:23:58.3031936+09:00,2026-08-06T14:23:58.3591936+09:00,874.878953,874.934618,55.666,50729,50732,0.514984,0.400825,1,0,EyesOpened
20260806_140923_424,1,Unspecified,Blink,695,2026-08-06T14:23:58.6931936+09:00,2026-08-06T14:23:58.8041936+09:00,875.268745,875.380198,111.453,50752,50759,0.843789,0.593001,1,0,EyesOpened
20260806_140923_424,1,Unspecified,Blink,696,2026-08-06T14:24:00.5311936+09:00,2026-08-06T14:24:00.6561936+09:00,877.106747,877.231503,124.756,50862,50870,0.857936,0.663415,1,0,EyesOpened
20260806_140923_424,1,Unspecified,Blink,697,2026-08-06T14:24:00.9761936+09:00,2026-08-06T14:24:01.1711936+09:00,877.551671,877.746805,195.135,50889,50901,0.965682,0.687455,1,0,EyesOpened
20260806_140923_424,1,Unspecified,Blink,698,2026-08-06T14:24:02.2151936+09:00,2026-08-06T14:24:02.3681936+09:00,878.791327,878.944422,153.095,50963,50973,0.954911,0.731288,1,0,EyesOpened
20260806_140923_424,1,Unspecified,Blink,699,2026-08-06T14:24:04.4711936+09:00,2026-08-06T14:24:04.8471936+09:00,881.046643,881.422609,375.966,51099,51121,0.995174,0.770700,1,0,EyesOpened
20260806_140923_424,1,Unspecified,Blink,700,2026-08-06T14:24:05.1951936+09:00,2026-08-06T14:24:05.3061936+09:00,881.770737,881.882200,111.463,51142,51149,0.955122,0.772553,1,0,EyesOpened
20260806_140923_424,1,Unspecified,Blink,701,2026-08-06T14:24:06.3361936+09:00,2026-08-06T14:24:06.4501936+09:00,882.912430,883.025552,113.122,51211,51217,0.891714,0.574508,1,0,EyesOpened
20260806_140923_424,1,Unspecified,Blink,702,2026-08-06T14:24:06.5871936+09:00,2026-08-06T14:24:06.7951936+09:00,883.163038,883.371274,208.236,51226,51238,0.973714,0.691141,1,0,EyesOpened
20260806_140923_424,1,Unspecified,Blink,703,2026-08-06T14:24:08.4941936+09:00,2026-08-06T14:24:08.6471936+09:00,885.070141,885.223235,153.094,51340,51349,0.958392,0.779207,1,0,EyesOpened
20260806_140923_424,1,Unspecified,Blink,704,2026-08-06T14:24:09.0791936+09:00,2026-08-06T14:24:09.2601936+09:00,885.654962,885.836060,181.098,51375,51386,0.950401,0.775382,1,0,EyesOpened
20260806_140923_424,1,Unspecified,Blink,705,2026-08-06T14:24:10.2631936+09:00,2026-08-06T14:24:10.4301936+09:00,886.838978,887.005903,166.926,51446,51456,0.815025,0.622606,1,0,EyesOpened
20260806_140923_424,1,Unspecified,Blink,706,2026-08-06T14:24:10.5131936+09:00,2026-08-06T14:24:10.7641936+09:00,887.089405,887.340362,250.957,51461,51476,0.975056,0.714320,1,0,EyesOpened
20260806_140923_424,1,Unspecified,Blink,707,2026-08-06T14:24:12.5601936+09:00,2026-08-06T14:24:12.6851936+09:00,889.136019,889.261277,125.258,51584,51592,0.750854,0.483759,1,0,EyesOpened
20260806_140923_424,1,Unspecified,Blink,708,2026-08-06T14:24:12.8521936+09:00,2026-08-06T14:24:13.0471936+09:00,889.428136,889.623233,195.097,51602,51613,0.870645,0.671836,1,0,EyesOpened
20260806_140923_424,1,Unspecified,Blink,709,2026-08-06T14:24:16.1941936+09:00,2026-08-06T14:24:16.3061936+09:00,892.770063,892.881637,111.574,51802,51809,0.743850,0.651573,1,0,EyesOpened
20260806_140923_424,1,Unspecified,Blink,710,2026-08-06T14:24:16.4451936+09:00,2026-08-06T14:24:16.6121936+09:00,893.020852,893.187748,166.897,51817,51827,0.954031,0.790309,1,0,EyesOpened
20260806_140923_424,1,Unspecified,Blink,711,2026-08-06T14:24:16.9731936+09:00,2026-08-06T14:24:17.1121936+09:00,893.549170,893.688446,139.276,51849,51857,0.940791,0.731956,1,0,EyesOpened
20260806_140923_424,1,Unspecified,Blink,712,2026-08-06T14:24:18.9231936+09:00,2026-08-06T14:24:19.0621936+09:00,895.498560,895.637844,139.284,51966,51974,0.808288,0.492126,1,0,EyesOpened
20260806_140923_424,1,Unspecified,Blink,713,2026-08-06T14:24:20.1621936+09:00,2026-08-06T14:24:20.2591936+09:00,896.738084,896.834931,96.847,52040,52046,0.818192,0.638980,1,0,EyesOpened
20260806_140923_424,1,Unspecified,Blink,714,2026-08-06T14:24:20.5231936+09:00,2026-08-06T14:24:20.6771936+09:00,897.099452,897.252511,153.060,52062,52071,0.953028,0.729265,1,0,EyesOpened
20260806_140923_424,1,Unspecified,Blink,715,2026-08-06T14:24:21.1641936+09:00,2026-08-06T14:24:21.3451936+09:00,897.740239,897.921308,181.069,52100,52111,0.998191,0.737257,1,0,EyesOpened
20260806_140923_424,1,Unspecified,Blink,716,2026-08-06T14:24:22.3471936+09:00,2026-08-06T14:24:22.4721936+09:00,898.922812,899.048004,125.192,52171,52179,0.815368,0.643000,1,0,EyesOpened
20260806_140923_424,1,Unspecified,Blink,717,2026-08-06T14:24:22.7641936+09:00,2026-08-06T14:24:22.9461936+09:00,899.340423,899.522011,181.588,52196,52207,0.934028,0.796992,1,0,EyesOpened
20260806_140923_424,1,Unspecified,Blink,718,2026-08-06T14:24:23.1121936+09:00,2026-08-06T14:24:23.3071936+09:00,899.688038,899.883018,194.980,52217,52229,0.943359,0.725956,1,0,EyesOpened
20260806_140923_424,1,Unspecified,Blink,719,2026-08-06T14:24:26.0921936+09:00,2026-08-06T14:24:26.1071936+09:00,902.668403,902.682604,14.201,52396,52397,0.627712,0.392867,0,0,EyesOpened
20260806_140923_424,1,Unspecified,Blink,720,2026-08-06T14:24:26.4681936+09:00,2026-08-06T14:24:26.5661936+09:00,903.044457,903.142077,97.620,52419,52425,0.932038,0.507069,1,0,EyesOpened
20260806_140923_424,1,Unspecified,Blink,721,2026-08-06T14:24:27.2481936+09:00,2026-08-06T14:24:27.3051936+09:00,903.824351,903.881259,56.908,52465,52469,0.539801,0.377812,1,0,EyesOpened
20260806_140923_424,1,Unspecified,Blink,722,2026-08-06T14:24:28.1111936+09:00,2026-08-06T14:24:28.2511936+09:00,904.687052,904.826540,139.489,52517,52526,0.868259,0.587289,1,0,EyesOpened
20260806_140923_424,1,Unspecified,Blink,723,2026-08-06T14:24:28.6411936+09:00,2026-08-06T14:24:28.7801936+09:00,905.216509,905.355847,139.338,52549,52557,0.963445,0.620027,1,0,EyesOpened
20260806_140923_424,1,Unspecified,Blink,724,2026-08-06T14:24:30.1311936+09:00,2026-08-06T14:24:30.2141936+09:00,906.706583,906.789849,83.266,52638,52643,0.774245,0.593483,1,0,EyesOpened
20260806_140923_424,1,Unspecified,Blink,725,2026-08-06T14:24:30.4921936+09:00,2026-08-06T14:24:30.6321936+09:00,907.068354,907.207603,139.249,52660,52668,0.981567,0.687324,1,0,EyesOpened
20260806_140923_424,1,Unspecified,Blink,726,2026-08-06T14:24:30.8401936+09:00,2026-08-06T14:24:30.9801936+09:00,907.416300,907.555616,139.316,52681,52689,0.947236,0.746801,1,0,EyesOpened
20260806_140923_424,1,Unspecified,Blink,727,2026-08-06T14:24:32.4691936+09:00,2026-08-06T14:24:32.5801936+09:00,909.044872,909.156396,111.524,52779,52785,0.882660,0.652181,1,0,EyesOpened
20260806_140923_424,1,Unspecified,Blink,728,2026-08-06T14:24:34.0701936+09:00,2026-08-06T14:24:34.1951936+09:00,910.646078,910.771191,125.112,52875,52882,0.831891,0.636363,1,0,EyesOpened
20260806_140923_424,1,Unspecified,Blink,729,2026-08-06T14:24:34.5301936+09:00,2026-08-06T14:24:34.7121936+09:00,911.105745,911.287939,182.193,52902,52913,0.951402,0.750194,1,0,EyesOpened
20260806_140923_424,1,Unspecified,Blink,730,2026-08-06T14:24:36.0751936+09:00,2026-08-06T14:24:36.1721936+09:00,912.650828,912.748275,97.447,52995,53001,0.630893,0.425396,1,0,EyesOpened
20260806_140923_424,1,Unspecified,Blink,731,2026-08-06T14:24:36.6461936+09:00,2026-08-06T14:24:36.7851936+09:00,913.221918,913.361066,139.148,53029,53038,0.808532,0.649822,1,0,EyesOpened
20260806_140923_424,1,Unspecified,Blink,732,2026-08-06T14:24:37.0351936+09:00,2026-08-06T14:24:37.1611936+09:00,913.610919,913.736529,125.611,53053,53060,0.939096,0.768252,1,0,EyesOpened
20260806_140923_424,1,Unspecified,Blink,733,2026-08-06T14:24:38.3021936+09:00,2026-08-06T14:24:38.4141936+09:00,914.878392,914.989590,111.197,53129,53135,0.812356,0.622053,1,0,EyesOpened
20260806_140923_424,1,Unspecified,Blink,734,2026-08-06T14:24:38.7481936+09:00,2026-08-06T14:24:38.9431936+09:00,915.323746,915.518719,194.973,53155,53167,0.954197,0.737720,1,0,EyesOpened
20260806_140923_424,1,Unspecified,Blink,735,2026-08-06T14:24:40.4881936+09:00,2026-08-06T14:24:40.6691936+09:00,917.064047,917.244807,180.760,53260,53271,0.841675,0.616727,1,0,EyesOpened
20260806_140923_424,1,Unspecified,Blink,736,2026-08-06T14:24:40.7801936+09:00,2026-08-06T14:24:40.9471936+09:00,917.356152,917.523247,167.095,53277,53287,0.947430,0.719367,1,0,EyesOpened
20260806_140923_424,1,Unspecified,Blink,737,2026-08-06T14:24:42.1861936+09:00,2026-08-06T14:24:42.2981936+09:00,918.762247,918.873616,111.369,53362,53368,0.726613,0.449801,1,0,EyesOpened
20260806_140923_424,1,Unspecified,Blink,738,2026-08-06T14:24:42.4791936+09:00,2026-08-06T14:24:42.6451936+09:00,919.055155,919.221237,166.082,53379,53389,0.919249,0.726547,1,0,EyesOpened
20260806_140923_424,1,Unspecified,Blink,739,2026-08-06T14:24:43.1461936+09:00,2026-08-06T14:24:43.2581936+09:00,919.722385,919.833708,111.323,53419,53426,0.947263,0.768833,1,0,EyesOpened
20260806_140923_424,1,Unspecified,Blink,740,2026-08-06T14:24:44.1911936+09:00,2026-08-06T14:24:44.2471936+09:00,920.766569,920.822547,55.978,53482,53485,0.835290,0.676319,1,0,EyesOpened
20260806_140923_424,1,Unspecified,Blink,741,2026-08-06T14:24:44.5531936+09:00,2026-08-06T14:24:44.6641936+09:00,921.128663,921.240282,111.618,53504,53510,0.930552,0.767164,1,0,EyesOpened
20260806_140923_424,1,Unspecified,Blink,742,2026-08-06T14:24:46.1411936+09:00,2026-08-06T14:24:46.2801936+09:00,922.716676,922.855946,139.270,53599,53607,0.961342,0.628375,1,0,EyesOpened
20260806_140923_424,1,Unspecified,Blink,743,2026-08-06T14:24:46.5031936+09:00,2026-08-06T14:24:46.5861936+09:00,923.078811,923.161917,83.106,53621,53626,0.937170,0.754878,1,0,EyesOpened
20260806_140923_424,1,Unspecified,Blink,744,2026-08-06T14:24:48.7151936+09:00,2026-08-06T14:24:48.8541936+09:00,925.291242,925.430351,139.109,53753,53762,0.967780,0.567099,1,0,EyesOpened
20260806_140923_424,1,Unspecified,Blink,745,2026-08-06T14:24:50.1361936+09:00,2026-08-06T14:24:50.1911936+09:00,926.711796,926.767458,55.662,53839,53842,0.801946,0.565531,1,0,EyesOpened
20260806_140923_424,1,Unspecified,Blink,746,2026-08-06T14:24:50.6091936+09:00,2026-08-06T14:24:50.7201936+09:00,927.185144,927.296367,111.223,53867,53874,0.902916,0.698648,1,0,EyesOpened
20260806_140923_424,1,Unspecified,Blink,747,2026-08-06T14:24:52.4751936+09:00,2026-08-06T14:24:52.6281936+09:00,929.050730,929.204120,153.390,53979,53988,0.975177,0.821921,1,0,EyesOpened
20260806_140923_424,1,Unspecified,Blink,748,2026-08-06T14:24:54.4941936+09:00,2026-08-06T14:24:54.5361936+09:00,931.069911,931.111700,41.789,54100,54103,0.688652,0.561654,0,0,EyesOpened
20260806_140923_424,1,Unspecified,Blink,749,2026-08-06T14:24:54.7031936+09:00,2026-08-06T14:24:54.8281936+09:00,931.278665,931.403991,125.326,54113,54120,0.966949,0.784501,1,0,EyesOpened
20260806_140923_424,1,Unspecified,Blink,750,2026-08-06T14:24:56.4151936+09:00,2026-08-06T14:24:56.5271936+09:00,932.991374,933.102969,111.595,54215,54222,0.768020,0.676823,1,0,EyesOpened
20260806_140923_424,1,Unspecified,Blink,751,2026-08-06T14:24:58.6141936+09:00,2026-08-06T14:24:58.7261936+09:00,935.190389,935.301913,111.524,54347,54354,0.696421,0.522602,1,0,EyesOpened
20260806_140923_424,1,Unspecified,Blink,752,2026-08-06T14:25:00.4811936+09:00,2026-08-06T14:25:00.5361936+09:00,937.056583,937.112216,55.633,54459,54463,0.746470,0.557016,1,0,EyesOpened
20260806_140923_424,1,Unspecified,Blink,753,2026-08-06T14:25:00.7591936+09:00,2026-08-06T14:25:00.8431936+09:00,937.335213,937.418707,83.493,54476,54481,0.944801,0.728943,1,0,EyesOpened
20260806_140923_424,1,Unspecified,Blink,754,2026-08-06T14:25:02.0401936+09:00,2026-08-06T14:25:02.1371936+09:00,938.615886,938.713296,97.410,54553,54559,0.693659,0.469657,1,0,EyesOpened
20260806_140923_424,1,Unspecified,Blink,755,2026-08-06T14:25:02.3041936+09:00,2026-08-06T14:25:02.4301936+09:00,938.880231,939.005656,125.425,54569,54576,0.920539,0.662516,1,0,EyesOpened
20260806_140923_424,1,Unspecified,Blink,756,2026-08-06T14:25:04.5041936+09:00,2026-08-06T14:25:04.6151936+09:00,941.080038,941.191274,111.237,54701,54707,0.784177,0.607555,1,0,EyesOpened
20260806_140923_424,1,Unspecified,Blink,757,2026-08-06T14:25:04.7961936+09:00,2026-08-06T14:25:04.9221936+09:00,941.372316,941.497735,125.419,54718,54726,0.943921,0.739444,1,0,EyesOpened
20260806_140923_424,1,Unspecified,Blink,758,2026-08-06T14:25:05.1451936+09:00,2026-08-06T14:25:05.2981936+09:00,941.720533,941.873640,153.106,54739,54748,0.934755,0.768214,1,0,EyesOpened
20260806_140923_424,1,Unspecified,Blink,759,2026-08-06T14:25:06.2031936+09:00,2026-08-06T14:25:06.3421936+09:00,942.778685,942.918002,139.317,54803,54811,0.808818,0.418606,1,0,EyesOpened
20260806_140923_424,1,Unspecified,Blink,760,2026-08-06T14:25:06.4951936+09:00,2026-08-06T14:25:06.6761936+09:00,943.070944,943.252095,181.151,54820,54831,0.971948,0.711022,1,0,EyesOpened
20260806_140923_424,1,Unspecified,Blink,761,2026-08-06T14:25:10.6301936+09:00,2026-08-06T14:25:10.7131936+09:00,947.205866,947.289372,83.506,55068,55073,0.933729,0.757524,1,0,EyesOpened
20260806_140923_424,1,Unspecified,Blink,762,2026-08-06T14:25:12.3561936+09:00,2026-08-06T14:25:12.4531936+09:00,948.931963,949.029234,97.271,55172,55178,0.619123,0.360987,1,0,EyesOpened
20260806_140923_424,1,Unspecified,Blink,763,2026-08-06T14:25:14.4441936+09:00,2026-08-06T14:25:14.5281936+09:00,951.020266,951.103764,83.498,55297,55302,0.854308,0.686839,1,0,EyesOpened
20260806_140923_424,1,Unspecified,Blink,764,2026-08-06T14:25:14.7641936+09:00,2026-08-06T14:25:14.8621936+09:00,951.340397,951.437663,97.266,55316,55322,0.945521,0.797267,1,0,EyesOpened
20260806_140923_424,1,Unspecified,Blink,765,2026-08-06T14:25:16.5181936+09:00,2026-08-06T14:25:16.5881936+09:00,953.094233,953.163915,69.683,55422,55426,0.844124,0.621521,1,0,EyesOpened
20260806_140923_424,1,Unspecified,Blink,766,2026-08-06T14:25:16.7271936+09:00,2026-08-06T14:25:16.8941936+09:00,953.303142,953.469522,166.380,55434,55444,0.926146,0.722241,1,0,EyesOpened
20260806_140923_424,1,Unspecified,Blink,767,2026-08-06T14:25:18.2301936+09:00,2026-08-06T14:25:18.3421936+09:00,954.806339,954.917740,111.400,55524,55531,0.745268,0.555838,1,0,EyesOpened
20260806_140923_424,1,Unspecified,Blink,768,2026-08-06T14:25:18.5371936+09:00,2026-08-06T14:25:18.6761936+09:00,955.112691,955.251988,139.297,55543,55551,0.817176,0.577130,1,0,EyesOpened
20260806_140923_424,1,Unspecified,Blink,769,2026-08-06T14:25:19.1081936+09:00,2026-08-06T14:25:19.2191936+09:00,955.683535,955.795176,111.641,55577,55584,0.884175,0.621779,1,0,EyesOpened
20260806_140923_424,1,Unspecified,Blink,770,2026-08-06T14:25:20.1391936+09:00,2026-08-06T14:25:20.2641936+09:00,956.714578,956.839932,125.354,55639,55646,0.609197,0.329345,1,0,EyesOpened
20260806_140923_424,1,Unspecified,Blink,771,2026-08-06T14:25:20.6121936+09:00,2026-08-06T14:25:20.7651936+09:00,957.187896,957.341193,153.297,55667,55676,0.965036,0.673087,1,0,EyesOpened
20260806_140923_424,1,Unspecified,Blink,772,2026-08-06T14:25:22.2121936+09:00,2026-08-06T14:25:22.2961936+09:00,958.788495,958.872023,83.528,55763,55768,0.773337,0.600740,1,0,EyesOpened
20260806_140923_424,1,Unspecified,Blink,773,2026-08-06T14:25:22.4361936+09:00,2026-08-06T14:25:22.6441936+09:00,959.011530,959.220137,208.607,55777,55789,0.925440,0.745589,1,0,EyesOpened
20260806_140923_424,1,Unspecified,Blink,774,2026-08-06T14:25:23.0201936+09:00,2026-08-06T14:25:23.2151936+09:00,959.596068,959.790651,194.584,55812,55823,0.939484,0.657852,1,0,EyesOpened
20260806_140923_424,1,Unspecified,Blink,775,2026-08-06T14:25:24.6071936+09:00,2026-08-06T14:25:24.6771936+09:00,961.183458,961.252760,69.302,55907,55911,0.717274,0.436037,1,0,EyesOpened
20260806_140923_424,1,Unspecified,Blink,776,2026-08-06T14:25:24.8301936+09:00,2026-08-06T14:25:24.9971936+09:00,961.406190,961.572981,166.790,55920,55930,0.946598,0.767173,1,0,EyesOpened
20260806_140923_424,1,Unspecified,Blink,777,2026-08-06T14:25:26.2641936+09:00,2026-08-06T14:25:26.3481936+09:00,962.840160,962.923664,83.503,56006,56011,0.575881,0.475003,1,0,EyesOpened
20260806_140923_424,1,Unspecified,Blink,778,2026-08-06T14:25:26.5981936+09:00,2026-08-06T14:25:26.6951936+09:00,963.174199,963.271445,97.246,56026,56032,0.983448,0.820145,1,0,EyesOpened
20260806_140923_424,1,Unspecified,Blink,779,2026-08-06T14:25:26.8631936+09:00,2026-08-06T14:25:27.0431936+09:00,963.438595,963.619359,180.764,56042,56053,0.934080,0.769590,1,0,EyesOpened
20260806_140923_424,1,Unspecified,Blink,780,2026-08-06T14:25:28.1151936+09:00,2026-08-06T14:25:28.2821936+09:00,964.690833,964.858217,167.384,56117,56128,0.884494,0.641041,1,0,EyesOpened
20260806_140923_424,1,Unspecified,Blink,781,2026-08-06T14:25:28.4071936+09:00,2026-08-06T14:25:28.5891936+09:00,964.983491,965.164519,181.027,56135,56146,0.954188,0.765441,1,0,EyesOpened
20260806_140923_424,1,Unspecified,Blink,782,2026-08-06T14:25:28.9791936+09:00,2026-08-06T14:25:29.1321936+09:00,965.554519,965.707512,152.994,56169,56178,0.845803,0.600718,1,0,EyesOpened
20260806_140923_424,1,Unspecified,Blink,783,2026-08-06T14:25:30.2461936+09:00,2026-08-06T14:25:30.3571936+09:00,966.821826,966.933249,111.423,56245,56252,0.774368,0.646493,1,0,EyesOpened
20260806_140923_424,1,Unspecified,Blink,784,2026-08-06T14:25:30.8031936+09:00,2026-08-06T14:25:30.9281936+09:00,967.378836,967.504281,125.445,56279,56286,0.851423,0.624157,1,0,EyesOpened
20260806_140923_424,1,Unspecified,Blink,785,2026-08-06T14:25:32.1121936+09:00,2026-08-06T14:25:32.2651936+09:00,968.687564,968.840871,153.308,56357,56366,0.846108,0.548187,1,0,EyesOpened
20260806_140923_424,1,Unspecified,Blink,786,2026-08-06T14:25:32.6121936+09:00,2026-08-06T14:25:32.7651936+09:00,969.188267,969.341450,153.184,56387,56396,0.978867,0.699053,1,0,EyesOpened
20260806_140923_424,1,Unspecified,Blink,787,2026-08-06T14:25:34.4361936+09:00,2026-08-06T14:25:34.5891936+09:00,971.011834,971.165134,153.300,56497,56506,0.763025,0.499368,1,0,EyesOpened
20260806_140923_424,1,Unspecified,Blink,788,2026-08-06T14:25:34.6721936+09:00,2026-08-06T14:25:34.8541936+09:00,971.248426,971.429538,181.113,56511,56522,0.967223,0.804384,1,0,EyesOpened
20260806_140923_424,1,Unspecified,Blink,789,2026-08-06T14:25:35.1321936+09:00,2026-08-06T14:25:35.2301936+09:00,971.708065,971.805575,97.510,56538,56544,0.858572,0.527814,1,0,EyesOpened
20260806_140923_424,1,Unspecified,Blink,790,2026-08-06T14:25:36.4961936+09:00,2026-08-06T14:25:36.5801936+09:00,973.072307,973.155972,83.664,56620,56625,0.523617,0.422034,1,0,EyesOpened
20260806_140923_424,1,Unspecified,Blink,791,2026-08-06T14:25:38.5291936+09:00,2026-08-06T14:25:38.6541936+09:00,975.104882,975.230127,125.244,56742,56750,0.886396,0.611476,1,0,EyesOpened
20260806_140923_424,1,Unspecified,Blink,792,2026-08-06T14:25:40.1441936+09:00,2026-08-06T14:25:40.2551936+09:00,976.719910,976.831358,111.449,56839,56846,0.772736,0.546640,1,0,EyesOpened
20260806_140923_424,1,Unspecified,Blink,793,2026-08-06T14:25:40.4221936+09:00,2026-08-06T14:25:40.6311936+09:00,976.998467,977.207215,208.747,56856,56868,0.914708,0.609434,1,0,EyesOpened
20260806_140923_424,1,Unspecified,Blink,794,2026-08-06T14:25:40.9381936+09:00,2026-08-06T14:25:41.0911936+09:00,977.513793,977.667157,153.363,56887,56896,0.924116,0.698369,1,0,EyesOpened
20260806_140923_424,1,Unspecified,Blink,795,2026-08-06T14:25:42.3021936+09:00,2026-08-06T14:25:42.3581936+09:00,978.878031,978.933748,55.716,56969,56972,0.567542,0.318779,1,0,EyesOpened
20260806_140923_424,1,Unspecified,Blink,796,2026-08-06T14:25:42.6081936+09:00,2026-08-06T14:25:42.7471936+09:00,979.184384,979.323493,139.109,56987,56995,0.969479,0.760980,1,0,EyesOpened
20260806_140923_424,1,Unspecified,Blink,797,2026-08-06T14:25:43.3881936+09:00,2026-08-06T14:25:43.5131936+09:00,979.964006,980.089054,125.048,57034,57041,0.714445,0.558528,1,0,EyesOpened
20260806_140923_424,1,Unspecified,Blink,798,2026-08-06T14:25:44.6411936+09:00,2026-08-06T14:25:44.7251936+09:00,981.217318,981.300635,83.316,57109,57114,0.645316,0.564807,1,0,EyesOpened
20260806_140923_424,1,Unspecified,Blink,799,2026-08-06T14:25:44.8921936+09:00,2026-08-06T14:25:45.0311936+09:00,981.467688,981.607099,139.411,57124,57132,0.903579,0.732284,1,0,EyesOpened
20260806_140923_424,1,Unspecified,Blink,800,2026-08-06T14:25:46.4651936+09:00,2026-08-06T14:25:46.4791936+09:00,983.040934,983.054858,13.924,57218,57219,0.613496,0.395631,0,0,EyesOpened
20260806_140923_424,1,Unspecified,Blink,801,2026-08-06T14:25:46.7021936+09:00,2026-08-06T14:25:46.8551936+09:00,983.277623,983.430660,153.037,57233,57242,0.912058,0.679247,1,0,EyesOpened
20260806_140923_424,1,Unspecified,Blink,802,2026-08-06T14:25:46.9661936+09:00,2026-08-06T14:25:47.1181936+09:00,983.542003,983.694390,152.387,57249,57258,0.892235,0.762086,1,0,EyesOpened
20260806_140923_424,1,Unspecified,Blink,803,2026-08-06T14:25:48.4401936+09:00,2026-08-06T14:25:48.6491936+09:00,985.016171,985.225307,209.137,57337,57350,0.887694,0.668091,1,0,EyesOpened
20260806_140923_424,1,Unspecified,Blink,804,2026-08-06T14:25:48.7741936+09:00,2026-08-06T14:25:48.9421936+09:00,985.350435,985.517622,167.187,57357,57367,0.929721,0.742484,1,0,EyesOpened
20260806_140923_424,1,Unspecified,Blink,805,2026-08-06T14:25:50.1811936+09:00,2026-08-06T14:25:50.2371936+09:00,986.757467,986.813136,55.668,57441,57445,0.685805,0.517612,1,0,EyesOpened
20260806_140923_424,1,Unspecified,Blink,806,2026-08-06T14:25:50.4461936+09:00,2026-08-06T14:25:50.5571936+09:00,987.022184,987.133424,111.240,57457,57464,0.746475,0.483943,1,0,EyesOpened
20260806_140923_424,1,Unspecified,Blink,807,2026-08-06T14:25:50.6971936+09:00,2026-08-06T14:25:50.8641936+09:00,987.272619,987.439850,167.231,57472,57482,0.926543,0.781697,1,0,EyesOpened
20260806_140923_424,1,Unspecified,Blink,808,2026-08-06T14:25:52.2141936+09:00,2026-08-06T14:25:52.3821936+09:00,988.790495,988.957607,167.112,57563,57573,0.964482,0.754173,1,0,EyesOpened
20260806_140923_424,1,Unspecified,Blink,809,2026-08-06T14:25:52.4791936+09:00,2026-08-06T14:25:52.7441936+09:00,989.055239,989.319702,264.463,57579,57595,0.961325,0.699544,1,0,EyesOpened
20260806_140923_424,1,Unspecified,Blink,810,2026-08-06T14:25:52.9391936+09:00,2026-08-06T14:25:53.1061936+09:00,989.514573,989.681622,167.049,57607,57617,0.905727,0.789911,1,0,EyesOpened
20260806_140923_424,1,Unspecified,Blink,811,2026-08-06T14:25:54.5821936+09:00,2026-08-06T14:25:54.6511936+09:00,991.157712,991.227291,69.579,57705,57710,0.836903,0.643325,1,0,EyesOpened
20260806_140923_424,1,Unspecified,Blink,812,2026-08-06T14:25:56.6141936+09:00,2026-08-06T14:25:56.6981936+09:00,993.190474,993.273972,83.498,57827,57832,0.793025,0.612115,1,0,EyesOpened
20260806_140923_424,1,Unspecified,Blink,813,2026-08-06T14:25:56.8371936+09:00,2026-08-06T14:25:56.9761936+09:00,993.412749,993.552095,139.345,57841,57849,0.928728,0.767145,1,0,EyesOpened
20260806_140923_424,1,Unspecified,Blink,814,2026-08-06T14:25:58.2431936+09:00,2026-08-06T14:25:58.2851936+09:00,994.819413,994.861094,41.681,57925,57928,0.490870,0.413584,0,0,EyesOpened
20260806_140923_424,1,Unspecified,Blink,815,2026-08-06T14:25:58.8421936+09:00,2026-08-06T14:25:58.9811936+09:00,995.418158,995.557215,139.057,57961,57969,0.776850,0.452448,1,0,EyesOpened
20260806_140923_424,1,Unspecified,Blink,816,2026-08-06T14:25:59.0791936+09:00,2026-08-06T14:25:59.2461936+09:00,995.654689,995.821872,167.183,57975,57985,0.922247,0.759473,1,0,EyesOpened
20260806_140923_424,1,Unspecified,Blink,817,2026-08-06T14:26:00.3041936+09:00,2026-08-06T14:26:00.6931936+09:00,996.879614,997.269210,389.596,58049,58072,0.954123,0.669848,1,0,EyesOpened
20260806_140923_424,1,Unspecified,Blink,818,2026-08-06T14:26:00.9441936+09:00,2026-08-06T14:26:01.0971936+09:00,997.520344,997.673043,152.699,58087,58096,0.915150,0.562909,1,0,EyesOpened
20260806_140923_424,1,Unspecified,Blink,819,2026-08-06T14:26:02.1971936+09:00,2026-08-06T14:26:02.2391936+09:00,998.772980,998.814912,41.932,58162,58165,0.740073,0.530432,0,0,EyesOpened
20260806_140923_424,1,Unspecified,Blink,820,2026-08-06T14:26:02.4891936+09:00,2026-08-06T14:26:02.6981936+09:00,999.065468,999.274310,208.842,58180,58192,0.949424,0.770513,1,0,EyesOpened
20260806_140923_424,1,Unspecified,Blink,821,2026-08-06T14:26:04.4531936+09:00,2026-08-06T14:26:04.5641936+09:00,1001.028655,1001.140180,111.525,58298,58304,0.814454,0.523318,1,0,EyesOpened
20260806_140923_424,1,Unspecified,Blink,822,2026-08-06T14:26:04.6621936+09:00,2026-08-06T14:26:04.8431936+09:00,1001.237596,1001.418572,180.976,58310,58321,0.922589,0.744010,1,0,EyesOpened
20260806_140923_424,1,Unspecified,Blink,823,2026-08-06T14:26:06.2631936+09:00,2026-08-06T14:26:06.3601936+09:00,1002.838780,1002.936159,97.379,58406,58412,0.667673,0.534069,1,0,EyesOpened
20260806_140923_424,1,Unspecified,Blink,824,2026-08-06T14:26:08.2951936+09:00,2026-08-06T14:26:08.3791936+09:00,1004.871148,1004.954764,83.616,58528,58533,0.643839,0.464185,1,0,EyesOpened
20260806_140923_424,1,Unspecified,Blink,825,2026-08-06T14:26:08.5871936+09:00,2026-08-06T14:26:08.7131936+09:00,1005.163344,1005.288697,125.353,58546,58553,0.918990,0.657709,1,0,EyesOpened
20260806_140923_424,1,Unspecified,Blink,826,2026-08-06T14:26:10.1461936+09:00,2026-08-06T14:26:10.2301936+09:00,1006.722296,1006.805889,83.594,58639,58644,0.748100,0.439116,1,0,EyesOpened
20260806_140923_424,1,Unspecified,Blink,827,2026-08-06T14:26:10.4801936+09:00,2026-08-06T14:26:10.6061936+09:00,1007.056367,1007.181615,125.248,58659,58667,0.901899,0.620709,1,0,EyesOpened
20260806_140923_424,1,Unspecified,Blink,828,2026-08-06T14:26:12.2761936+09:00,2026-08-06T14:26:12.3321936+09:00,1008.852348,1008.908073,55.725,58767,58770,0.719442,0.541685,1,0,EyesOpened
20260806_140923_424,1,Unspecified,Blink,829,2026-08-06T14:26:12.6381936+09:00,2026-08-06T14:26:12.8061936+09:00,1009.214475,1009.381523,167.048,58789,58799,0.867543,0.614347,1,0,EyesOpened
20260806_140923_424,1,Unspecified,Blink,830,2026-08-06T14:26:13.0701936+09:00,2026-08-06T14:26:13.1951936+09:00,1009.645981,1009.771264,125.283,58815,58822,0.903004,0.739734,1,0,EyesOpened
20260806_140923_424,1,Unspecified,Blink,831,2026-08-06T14:26:14.3231936+09:00,2026-08-06T14:26:14.3921936+09:00,1010.898980,1010.968345,69.365,58890,58894,0.628844,0.399473,1,0,EyesOpened
20260806_140923_424,1,Unspecified,Blink,832,2026-08-06T14:26:16.1741936+09:00,2026-08-06T14:26:16.2441936+09:00,1012.750440,1012.820304,69.864,59001,59005,0.544289,0.390122,1,0,EyesOpened
20260806_140923_424,1,Unspecified,Blink,833,2026-08-06T14:26:16.7311936+09:00,2026-08-06T14:26:16.8431936+09:00,1013.307367,1013.418923,111.556,59034,59041,0.741269,0.564318,1,0,EyesOpened
20260806_140923_424,1,Unspecified,Blink,834,2026-08-06T14:26:18.4441936+09:00,2026-08-06T14:26:18.5131936+09:00,1015.019961,1015.089463,69.501,59137,59141,0.717477,0.582380,1,0,EyesOpened
20260806_140923_424,1,Unspecified,Blink,835,2026-08-06T14:26:18.6811936+09:00,2026-08-06T14:26:18.8621936+09:00,1015.256679,1015.437562,180.883,59151,59162,0.821158,0.579379,1,0,EyesOpened
20260806_140923_424,1,Unspecified,Blink,836,2026-08-06T14:26:20.1981936+09:00,2026-08-06T14:26:20.2821936+09:00,1016.774457,1016.857864,83.407,59242,59247,0.743407,0.632471,1,0,EyesOpened
20260806_140923_424,1,Unspecified,Blink,837,2026-08-06T14:26:20.4211936+09:00,2026-08-06T14:26:20.5881936+09:00,1016.997005,1017.164115,167.110,59256,59266,0.937693,0.708779,1,0,EyesOpened
20260806_140923_424,1,Unspecified,Blink,838,2026-08-06T14:26:22.5091936+09:00,2026-08-06T14:26:22.6211936+09:00,1019.085333,1019.196683,111.351,59381,59388,0.847349,0.659525,1,0,EyesOpened
20260806_140923_424,1,Unspecified,Blink,839,2026-08-06T14:26:23.0521936+09:00,2026-08-06T14:26:23.2191936+09:00,1019.627865,1019.795069,167.204,59414,59424,0.947732,0.647870,1,0,EyesOpened
20260806_140923_424,1,Unspecified,Blink,840,2026-08-06T14:26:24.2631936+09:00,2026-08-06T14:26:24.3191936+09:00,1020.839136,1020.894985,55.849,59486,59490,0.761939,0.498832,1,0,EyesOpened
20260806_140923_424,1,Unspecified,Blink,841,2026-08-06T14:26:24.5551936+09:00,2026-08-06T14:26:24.7231936+09:00,1021.131386,1021.298686,167.300,59504,59514,0.921751,0.694950,1,0,EyesOpened
20260806_140923_424,1,Unspecified,Blink,842,2026-08-06T14:26:26.2821936+09:00,2026-08-06T14:26:26.3661936+09:00,1022.858023,1022.941701,83.679,59607,59612,0.754087,0.644251,1,0,EyesOpened
20260806_140923_424,1,Unspecified,Blink,843,2026-08-06T14:26:26.4631936+09:00,2026-08-06T14:26:26.6441936+09:00,1023.039217,1023.220080,180.863,59618,59629,0.995119,0.788051,1,0,EyesOpened
20260806_140923_424,1,Unspecified,Blink,844,2026-08-06T14:26:28.4821936+09:00,2026-08-06T14:26:28.6491936+09:00,1025.057520,1025.224833,167.313,59739,59749,0.983602,0.702774,1,0,EyesOpened
20260806_140923_424,1,Unspecified,Blink,845,2026-08-06T14:26:28.7461936+09:00,2026-08-06T14:26:28.8711936+09:00,1025.322151,1025.447428,125.277,59755,59763,0.982676,0.820940,1,0,EyesOpened
20260806_140923_424,1,Unspecified,Blink,846,2026-08-06T14:26:30.2641936+09:00,2026-08-06T14:26:30.3481936+09:00,1026.839873,1026.923513,83.640,59846,59851,0.814962,0.527585,1,0,EyesOpened
20260806_140923_424,1,Unspecified,Blink,847,2026-08-06T14:26:30.4311936+09:00,2026-08-06T14:26:30.6121936+09:00,1027.007134,1027.187752,180.618,59856,59867,0.983882,0.722635,1,0,EyesOpened
20260806_140923_424,1,Unspecified,Blink,848,2026-08-06T14:26:30.7231936+09:00,2026-08-06T14:26:30.8491936+09:00,1027.299413,1027.424679,125.266,59874,59881,0.851566,0.623652,1,0,EyesOpened
20260806_140923_424,1,Unspecified,Blink,849,2026-08-06T14:26:32.4361936+09:00,2026-08-06T14:26:32.5611936+09:00,1029.011800,1029.137257,125.457,59977,59984,0.914824,0.609991,1,0,EyesOpened
20260806_140923_424,1,Unspecified,Blink,850,2026-08-06T14:26:32.6451936+09:00,2026-08-06T14:26:32.8121936+09:00,1029.220712,1029.387668,166.956,59989,59999,0.960981,0.748248,1,0,EyesOpened
20260806_140923_424,1,Unspecified,Blink,851,2026-08-06T14:26:34.0921936+09:00,2026-08-06T14:26:34.1481936+09:00,1030.668075,1030.723843,55.769,60076,60079,0.525144,0.411567,1,0,EyesOpened
20260806_140923_424,1,Unspecified,Blink,852,2026-08-06T14:26:34.4401936+09:00,2026-08-06T14:26:34.5931936+09:00,1031.016273,1031.169439,153.166,60097,60106,0.998353,0.705982,1,0,EyesOpened
20260806_140923_424,1,Unspecified,Blink,853,2026-08-06T14:26:36.5151936+09:00,2026-08-06T14:26:36.6541936+09:00,1033.091009,1033.230268,139.259,60221,60230,0.970212,0.731465,1,0,EyesOpened
20260806_140923_424,1,Unspecified,Blink,854,2026-08-06T14:26:36.8351936+09:00,2026-08-06T14:26:36.9611936+09:00,1033.411086,1033.536608,125.522,60241,60248,0.745776,0.446122,1,0,EyesOpened
20260806_140923_424,1,Unspecified,Blink,855,2026-08-06T14:26:38.1441936+09:00,2026-08-06T14:26:38.2131936+09:00,1034.720203,1034.789377,69.173,60319,60323,0.758706,0.637011,1,0,EyesOpened
20260806_140923_424,1,Unspecified,Blink,856,2026-08-06T14:26:38.3811936+09:00,2026-08-06T14:26:38.4781936+09:00,1034.956589,1035.054149,97.560,60333,60339,0.884295,0.738506,1,0,EyesOpened
20260806_140923_424,1,Unspecified,Blink,857,2026-08-06T14:26:38.6591936+09:00,2026-08-06T14:26:38.8401936+09:00,1035.235190,1035.416222,181.032,60350,60361,0.911150,0.723947,1,0,EyesOpened
20260806_140923_424,1,Unspecified,Blink,858,2026-08-06T14:26:40.5521936+09:00,2026-08-06T14:26:40.6641936+09:00,1037.128245,1037.239998,111.753,60464,60470,0.759784,0.594438,1,0,EyesOpened
20260806_140923_424,1,Unspecified,Blink,859,2026-08-06T14:26:40.7751936+09:00,2026-08-06T14:26:40.9141936+09:00,1037.351073,1037.490463,139.390,60477,60485,0.919005,0.654170,1,0,EyesOpened
20260806_140923_424,1,Unspecified,Blink,860,2026-08-06T14:26:42.5301936+09:00,2026-08-06T14:26:42.6271936+09:00,1039.105699,1039.203095,97.396,60582,60588,0.841347,0.645601,1,0,EyesOpened
20260806_140923_424,1,Unspecified,Blink,861,2026-08-06T14:26:42.8081936+09:00,2026-08-06T14:26:42.8781936+09:00,1039.384314,1039.453528,69.214,60599,60603,0.828485,0.511533,1,0,EyesOpened
20260806_140923_424,1,Unspecified,Blink,862,2026-08-06T14:26:44.1721936+09:00,2026-08-06T14:26:44.2421936+09:00,1040.748354,1040.818143,69.789,60681,60685,0.691164,0.427346,1,0,EyesOpened
20260806_140923_424,1,Unspecified,Blink,863,2026-08-06T14:26:44.4651936+09:00,2026-08-06T14:26:44.5761936+09:00,1041.040765,1041.151912,111.147,60698,60705,0.974398,0.689751,1,0,EyesOpened
20260806_140923_424,1,Unspecified,Blink,864,2026-08-06T14:26:44.7151936+09:00,2026-08-06T14:26:44.8541936+09:00,1041.291189,1041.430457,139.268,60713,60722,0.868672,0.646495,1,0,EyesOpened
20260806_140923_424,1,Unspecified,Blink,865,2026-08-06T14:26:46.6921936+09:00,2026-08-06T14:26:46.7901936+09:00,1043.268115,1043.365789,97.674,60832,60838,0.968017,0.635108,1,0,EyesOpened
20260806_140923_424,1,Unspecified,Blink,866,2026-08-06T14:26:46.8731936+09:00,2026-08-06T14:26:47.0821936+09:00,1043.449132,1043.658091,208.959,60843,60855,0.975071,0.789834,1,0,EyesOpened
20260806_140923_424,1,Unspecified,Blink,867,2026-08-06T14:26:48.2791936+09:00,2026-08-06T14:26:48.3631936+09:00,1044.855417,1044.938985,83.568,60927,60932,0.787251,0.426290,1,0,EyesOpened
20260806_140923_424,1,Unspecified,Blink,868,2026-08-06T14:26:48.4741936+09:00,2026-08-06T14:26:48.6551936+09:00,1045.050148,1045.231161,181.013,60939,60950,0.975362,0.776508,1,0,EyesOpened
20260806_140923_424,1,Unspecified,Blink,869,2026-08-06T14:26:49.1151936+09:00,2026-08-06T14:26:49.2821936+09:00,1045.690565,1045.857769,167.204,60977,60987,0.863244,0.635073,1,0,EyesOpened
20260806_140923_424,1,Unspecified,Blink,870,2026-08-06T14:26:50.1451936+09:00,2026-08-06T14:26:50.2561936+09:00,1046.720931,1046.832451,111.520,61039,61046,0.805556,0.458850,1,0,EyesOpened
20260806_140923_424,1,Unspecified,Blink,871,2026-08-06T14:26:50.5631936+09:00,2026-08-06T14:26:50.6881936+09:00,1047.138693,1047.264310,125.617,61064,61072,0.889527,0.643733,1,0,EyesOpened
20260806_140923_424,1,Unspecified,Blink,872,2026-08-06T14:26:52.5391936+09:00,2026-08-06T14:26:52.6651936+09:00,1049.115392,1049.240636,125.244,61183,61190,0.754554,0.496821,1,0,EyesOpened
20260806_140923_424,1,Unspecified,Blink,873,2026-08-06T14:26:52.9291936+09:00,2026-08-06T14:26:53.0541936+09:00,1049.505401,1049.630295,124.894,61206,61214,0.878105,0.598226,1,0,EyesOpened
20260806_140923_424,1,Unspecified,Blink,874,2026-08-06T14:26:54.3351936+09:00,2026-08-06T14:26:54.4191936+09:00,1050.911143,1050.994828,83.685,61291,61296,0.733358,0.489138,1,0,EyesOpened
20260806_140923_424,1,Unspecified,Blink,875,2026-08-06T14:26:54.5721936+09:00,2026-08-06T14:26:54.6971936+09:00,1051.147843,1051.273442,125.599,61305,61312,0.821111,0.612809,1,0,EyesOpened
20260806_140923_424,1,Unspecified,Blink,876,2026-08-06T14:26:55.0041936+09:00,2026-08-06T14:26:55.0731936+09:00,1051.579749,1051.649161,69.412,61331,61335,0.644830,0.431347,1,0,EyesOpened
20260806_140923_424,1,Unspecified,Blink,877,2026-08-06T14:26:56.5211936+09:00,2026-08-06T14:26:56.6461936+09:00,1053.097215,1053.222460,125.245,61422,61429,0.687858,0.493315,1,0,EyesOpened
20260806_140923_424,1,Unspecified,Blink,878,2026-08-06T14:26:56.7581936+09:00,2026-08-06T14:26:56.9391936+09:00,1053.333898,1053.514845,180.947,61436,61447,0.930374,0.726950,1,0,EyesOpened
20260806_140923_424,1,Unspecified,Blink,879,2026-08-06T14:26:58.1781936+09:00,2026-08-06T14:26:58.2751936+09:00,1054.753540,1054.850696,97.156,61521,61527,0.736833,0.480727,1,0,EyesOpened
20260806_140923_424,1,Unspecified,Blink,880,2026-08-06T14:26:58.4141936+09:00,2026-08-06T14:26:58.5951936+09:00,1054.990007,1055.170973,180.965,61535,61546,0.907944,0.701487,1,0,EyesOpened
20260806_140923_424,1,Unspecified,Blink,881,2026-08-06T14:26:58.7481936+09:00,2026-08-06T14:26:58.8871936+09:00,1055.324395,1055.463456,139.061,61555,61564,0.864801,0.599225,1,0,EyesOpened
20260806_140923_424,1,Unspecified,Blink,882,2026-08-06T14:27:00.1961936+09:00,2026-08-06T14:27:00.3081936+09:00,1056.772345,1056.883898,111.553,61642,61649,0.741457,0.477675,1,0,EyesOpened
20260806_140923_424,1,Unspecified,Blink,883,2026-08-06T14:27:00.6281936+09:00,2026-08-06T14:27:00.7811936+09:00,1057.204022,1057.357239,153.217,61668,61677,0.927517,0.710607,1,0,EyesOpened
20260806_140923_424,1,Unspecified,Blink,884,2026-08-06T14:27:00.8921936+09:00,2026-08-06T14:27:01.0461936+09:00,1057.468373,1057.621711,153.338,61684,61693,0.898110,0.739632,1,0,EyesOpened
20260806_140923_424,1,Unspecified,Blink,885,2026-08-06T14:27:02.1591936+09:00,2026-08-06T14:27:02.2981936+09:00,1058.735015,1058.874347,139.332,61760,61768,0.933547,0.678305,1,0,EyesOpened
20260806_140923_424,1,Unspecified,Blink,886,2026-08-06T14:27:02.4101936+09:00,2026-08-06T14:27:02.5771936+09:00,1058.985754,1059.152674,166.920,61775,61785,0.911418,0.754951,1,0,EyesOpened
20260806_140923_424,1,Unspecified,Blink,887,2026-08-06T14:27:04.2891936+09:00,2026-08-06T14:27:04.4151936+09:00,1060.865321,1060.990601,125.280,61888,61895,0.787603,0.624816,1,0,EyesOpened
20260806_140923_424,1,Unspecified,Blink,888,2026-08-06T14:27:04.6101936+09:00,2026-08-06T14:27:04.7771936+09:00,1061.185781,1061.352588,166.807,61907,61917,0.910135,0.751089,1,0,EyesOpened
20260806_140923_424,1,Unspecified,Blink,889,2026-08-06T14:27:04.9721936+09:00,2026-08-06T14:27:05.0971936+09:00,1061.547659,1061.672967,125.308,61929,61936,0.785228,0.579357,1,0,EyesOpened
20260806_140923_424,1,Unspecified,Blink,890,2026-08-06T14:27:06.6981936+09:00,2026-08-06T14:27:06.7951936+09:00,1063.274046,1063.371331,97.284,62032,62038,0.837631,0.663661,1,0,EyesOpened
20260806_140923_424,1,Unspecified,Blink,891,2026-08-06T14:27:06.8931936+09:00,2026-08-06T14:27:07.0601936+09:00,1063.468676,1063.636053,167.377,62044,62054,0.974717,0.754956,1,0,EyesOpened
20260806_140923_424,1,Unspecified,Blink,892,2026-08-06T14:27:08.6061936+09:00,2026-08-06T14:27:08.7591936+09:00,1065.181604,1065.334649,153.046,62147,62156,0.779271,0.397776,1,0,EyesOpened
20260806_140923_424,1,Unspecified,Blink,893,2026-08-06T14:27:08.8421936+09:00,2026-08-06T14:27:08.9541936+09:00,1065.418230,1065.529602,111.372,62161,62168,0.930289,0.750486,1,0,EyesOpened
20260806_140923_424,1,Unspecified,Blink,894,2026-08-06T14:27:10.2061936+09:00,2026-08-06T14:27:10.5821936+09:00,1066.782246,1067.158203,375.958,62243,62265,0.963306,0.789250,1,0,EyesOpened
20260806_140923_424,1,Unspecified,Blink,895,2026-08-06T14:27:10.7911936+09:00,2026-08-06T14:27:10.9031936+09:00,1067.367174,1067.478522,111.347,62278,62285,0.906180,0.634820,1,0,EyesOpened
20260806_140923_424,1,Unspecified,Blink,896,2026-08-06T14:27:12.4761936+09:00,2026-08-06T14:27:12.6151936+09:00,1069.052021,1069.190991,138.970,62379,62387,0.944291,0.711130,1,0,EyesOpened
20260806_140923_424,1,Unspecified,Blink,897,2026-08-06T14:27:12.8101936+09:00,2026-08-06T14:27:12.9631936+09:00,1069.386067,1069.539343,153.276,62399,62408,0.949392,0.683421,1,0,EyesOpened
20260806_140923_424,1,Unspecified,Blink,898,2026-08-06T14:27:14.5641936+09:00,2026-08-06T14:27:14.7031936+09:00,1071.140070,1071.279150,139.079,62504,62513,0.931413,0.702927,1,0,EyesOpened
20260806_140923_424,1,Unspecified,Blink,899,2026-08-06T14:27:16.2491936+09:00,2026-08-06T14:27:16.2901936+09:00,1072.824523,1072.866217,41.695,62605,62608,0.816358,0.614418,0,0,EyesOpened
20260806_140923_424,1,Unspecified,Blink,900,2026-08-06T14:27:16.4851936+09:00,2026-08-06T14:27:16.6241936+09:00,1073.061128,1073.200417,139.289,62620,62628,0.805266,0.607145,1,0,EyesOpened
20260806_140923_424,1,Unspecified,Blink,901,2026-08-06T14:27:16.9451936+09:00,2026-08-06T14:27:17.0981936+09:00,1073.520660,1073.673794,153.133,62647,62656,0.917387,0.653477,1,0,EyesOpened
20260806_140923_424,1,Unspecified,Blink,902,2026-08-06T14:27:18.4071936+09:00,2026-08-06T14:27:18.5321936+09:00,1074.982519,1075.107689,125.170,62735,62742,0.835372,0.641223,1,0,EyesOpened
20260806_140923_424,1,Unspecified,Blink,903,2026-08-06T14:27:18.6991936+09:00,2026-08-06T14:27:18.8801936+09:00,1075.274875,1075.455719,180.844,62752,62763,0.904071,0.631717,1,0,EyesOpened
20260806_140923_424,1,Unspecified,Blink,904,2026-08-06T14:27:20.5641936+09:00,2026-08-06T14:27:20.7041936+09:00,1077.140307,1077.279576,139.269,62864,62873,0.877603,0.681846,1,0,EyesOpened
20260806_140923_424,1,Unspecified,Blink,905,2026-08-06T14:27:20.7871936+09:00,2026-08-06T14:27:21.0101936+09:00,1077.363020,1077.585700,222.680,62878,62891,0.912537,0.792114,1,0,EyesOpened
20260806_140923_424,1,Unspecified,Blink,906,2026-08-06T14:27:22.3611936+09:00,2026-08-06T14:27:22.7641936+09:00,1078.936633,1079.340332,403.699,62972,62996,0.999067,0.802020,1,0,EyesOpened
20260806_140923_424,1,Unspecified,Blink,907,2026-08-06T14:27:22.9311936+09:00,2026-08-06T14:27:23.0981936+09:00,1079.507255,1079.674364,167.109,63006,63016,0.966972,0.781653,1,0,EyesOpened
20260806_140923_424,1,Unspecified,Blink,908,2026-08-06T14:27:26.2311936+09:00,2026-08-06T14:27:26.3141936+09:00,1082.806812,1082.890204,83.391,63204,63209,0.513610,0.404273,1,0,EyesOpened
20260806_140923_424,1,Unspecified,Blink,909,2026-08-06T14:27:26.5231936+09:00,2026-08-06T14:27:26.6491936+09:00,1083.099313,1083.224626,125.314,63222,63229,0.843513,0.735703,1,0,EyesOpened
20260806_140923_424,1,Unspecified,Blink,910,2026-08-06T14:27:26.8021936+09:00,2026-08-06T14:27:26.9411936+09:00,1083.377796,1083.516857,139.061,63239,63247,0.841453,0.598976,1,0,EyesOpened
20260806_140923_424,1,Unspecified,Blink,911,2026-08-06T14:27:28.2081936+09:00,2026-08-06T14:27:28.3471936+09:00,1084.783699,1084.922996,139.297,63323,63331,0.828929,0.715094,1,0,EyesOpened
20260806_140923_424,1,Unspecified,Blink,912,2026-08-06T14:27:28.4721936+09:00,2026-08-06T14:27:28.6811936+09:00,1085.048091,1085.257164,209.073,63339,63351,0.949992,0.807309,1,0,EyesOpened
20260806_140923_424,1,Unspecified,Blink,913,2026-08-06T14:27:30.3521936+09:00,2026-08-06T14:27:30.4631936+09:00,1086.927788,1087.039328,111.540,63452,63458,0.649353,0.507016,1,0,EyesOpened
20260806_140923_424,1,Unspecified,Blink,914,2026-08-06T14:27:30.6301936+09:00,2026-08-06T14:27:30.7981936+09:00,1087.206475,1087.373530,167.055,63468,63478,0.932144,0.734909,1,0,EyesOpened
20260806_140923_424,1,Unspecified,Blink,915,2026-08-06T14:27:32.3291936+09:00,2026-08-06T14:27:32.4401936+09:00,1088.904909,1089.016287,111.378,63570,63577,0.590926,0.361368,1,0,EyesOpened
20260806_140923_424,1,Unspecified,Blink,916,2026-08-06T14:27:32.6071936+09:00,2026-08-06T14:27:32.8021936+09:00,1089.183375,1089.378307,194.932,63587,63599,0.941576,0.722552,1,0,EyesOpened
20260806_140923_424,1,Unspecified,Blink,917,2026-08-06T14:27:33.0811936+09:00,2026-08-06T14:27:33.1781936+09:00,1089.656513,1089.754071,97.559,63615,63621,0.769420,0.647839,1,0,EyesOpened
20260806_140923_424,1,Unspecified,Blink,918,2026-08-06T14:27:34.4311936+09:00,2026-08-06T14:27:34.8761936+09:00,1091.007019,1091.452247,445.228,63696,63723,0.990241,0.775643,1,0,EyesOpened
20260806_140923_424,1,Unspecified,Blink,919,2026-08-06T14:27:35.2251936+09:00,2026-08-06T14:27:35.3221936+09:00,1091.800515,1091.898011,97.496,63744,63750,0.882260,0.674885,1,0,EyesOpened
20260806_140923_424,1,Unspecified,Blink,920,2026-08-06T14:27:36.6031936+09:00,2026-08-06T14:27:36.6721936+09:00,1093.178802,1093.248192,69.390,63827,63831,0.843745,0.533914,1,0,EyesOpened
20260806_140923_424,1,Unspecified,Blink,921,2026-08-06T14:27:38.2731936+09:00,2026-08-06T14:27:38.3291936+09:00,1094.848714,1094.904758,56.043,63927,63930,0.629316,0.450198,1,0,EyesOpened
20260806_140923_424,1,Unspecified,Blink,922,2026-08-06T14:27:38.4821936+09:00,2026-08-06T14:27:38.6771936+09:00,1095.057872,1095.252681,194.809,63939,63951,0.962845,0.761851,1,0,EyesOpened
20260806_140923_424,1,Unspecified,Blink,923,2026-08-06T14:27:40.2781936+09:00,2026-08-06T14:27:40.4031936+09:00,1096.854057,1096.979356,125.299,64047,64055,0.777136,0.511371,1,0,EyesOpened
20260806_140923_424,1,Unspecified,Blink,924,2026-08-06T14:27:40.4731936+09:00,2026-08-06T14:27:40.6821936+09:00,1097.049013,1097.257860,208.848,64059,64071,0.933976,0.742003,1,0,EyesOpened
20260806_140923_424,1,Unspecified,Blink,925,2026-08-06T14:27:42.4641936+09:00,2026-08-06T14:27:42.6031936+09:00,1099.040281,1099.179473,139.191,64178,64187,0.860131,0.575885,1,0,EyesOpened
20260806_140923_424,1,Unspecified,Blink,926,2026-08-06T14:27:42.6451936+09:00,2026-08-06T14:27:42.8401936+09:00,1099.221350,1099.416097,194.747,64189,64201,0.967309,0.774397,1,0,EyesOpened
20260806_140923_424,1,Unspecified,Blink,927,2026-08-06T14:27:43.1741936+09:00,2026-08-06T14:27:43.3131936+09:00,1099.749995,1099.889208,139.213,64221,64229,0.930948,0.775190,1,0,EyesOpened
20260806_140923_424,1,Unspecified,Blink,928,2026-08-06T14:27:44.2041936+09:00,2026-08-06T14:27:44.3851936+09:00,1100.780002,1100.960926,180.925,64283,64294,0.964817,0.778184,1,0,EyesOpened
20260806_140923_424,1,Unspecified,Blink,929,2026-08-06T14:27:44.7891936+09:00,2026-08-06T14:27:44.9421936+09:00,1101.364817,1101.517907,153.089,64318,64327,0.975215,0.785154,1,0,EyesOpened
20260806_140923_424,1,Unspecified,Blink,930,2026-08-06T14:27:46.2781936+09:00,2026-08-06T14:27:46.4311936+09:00,1102.854189,1103.007223,153.035,64407,64416,0.711503,0.532688,1,0,EyesOpened
20260806_140923_424,1,Unspecified,Blink,931,2026-08-06T14:27:46.5431936+09:00,2026-08-06T14:27:46.7661936+09:00,1103.118522,1103.341529,223.006,64423,64436,0.956735,0.740008,1,0,EyesOpened
20260806_140923_424,1,Unspecified,Blink,932,2026-08-06T14:27:47.0301936+09:00,2026-08-06T14:27:47.1971936+09:00,1103.605978,1103.772911,166.933,64452,64462,0.960146,0.751855,1,0,EyesOpened
20260806_140923_424,1,Unspecified,Blink,933,2026-08-06T14:27:48.3951936+09:00,2026-08-06T14:27:48.5481936+09:00,1104.970668,1105.124024,153.356,64534,64543,0.765387,0.566453,1,0,EyesOpened
20260806_140923_424,1,Unspecified,Blink,934,2026-08-06T14:27:50.1771936+09:00,2026-08-06T14:27:50.3311936+09:00,1106.752723,1106.907179,154.457,64641,64650,0.865493,0.639181,1,0,EyesOpened
20260806_140923_424,1,Unspecified,Blink,935,2026-08-06T14:27:50.4551936+09:00,2026-08-06T14:27:50.6641936+09:00,1107.030949,1107.239816,208.867,64658,64670,0.878345,0.711320,1,0,EyesOpened
20260806_140923_424,1,Unspecified,Blink,936,2026-08-06T14:27:51.0401936+09:00,2026-08-06T14:27:51.1231936+09:00,1107.615670,1107.699306,83.637,64693,64698,0.676077,0.413445,1,0,EyesOpened
20260806_140923_424,1,Unspecified,Blink,937,2026-08-06T14:27:54.2141936+09:00,2026-08-06T14:27:54.3111936+09:00,1110.789598,1110.887090,97.492,64883,64889,0.676312,0.510995,1,0,EyesOpened
20260806_140923_424,1,Unspecified,Blink,938,2026-08-06T14:27:56.1771936+09:00,2026-08-06T14:27:56.3031936+09:00,1112.752977,1112.878551,125.574,65001,65009,0.818075,0.527154,1,0,EyesOpened
20260806_140923_424,1,Unspecified,Blink,939,2026-08-06T14:27:56.4141936+09:00,2026-08-06T14:27:56.5811936+09:00,1112.989749,1113.156975,167.226,65015,65025,0.983723,0.832975,1,0,EyesOpened
20260806_140923_424,1,Unspecified,Blink,940,2026-08-06T14:27:56.7481936+09:00,2026-08-06T14:27:56.8871936+09:00,1113.324125,1113.463353,139.227,65035,65044,0.940691,0.732478,1,0,EyesOpened
20260806_140923_424,1,Unspecified,Blink,941,2026-08-06T14:27:58.3211936+09:00,2026-08-06T14:27:58.7391936+09:00,1114.897036,1115.314824,417.788,65130,65155,0.967754,0.779587,1,0,EyesOpened
20260806_140923_424,1,Unspecified,Blink,942,2026-08-06T14:28:00.3811936+09:00,2026-08-06T14:28:00.4231936+09:00,1116.957429,1116.999264,41.835,65253,65256,0.598800,0.337206,0,0,EyesOpened
20260806_140923_424,1,Unspecified,Blink,943,2026-08-06T14:28:02.2051936+09:00,2026-08-06T14:28:02.2891936+09:00,1118.781378,1118.864866,83.488,65363,65368,0.806272,0.628483,1,0,EyesOpened
20260806_140923_424,1,Unspecified,Blink,944,2026-08-06T14:28:02.4281936+09:00,2026-08-06T14:28:02.5951936+09:00,1119.003996,1119.171091,167.095,65376,65386,0.974253,0.821711,1,0,EyesOpened
20260806_140923_424,1,Unspecified,Blink,945,2026-08-06T14:28:04.2941936+09:00,2026-08-06T14:28:04.4471936+09:00,1120.870132,1121.022785,152.653,65488,65497,0.923057,0.738092,1,0,EyesOpened
20260806_140923_424,1,Unspecified,Blink,946,2026-08-06T14:28:04.5721936+09:00,2026-08-06T14:28:04.7811936+09:00,1121.147870,1121.356980,209.110,65505,65517,0.924921,0.713522,1,0,EyesOpened
20260806_140923_424,1,Unspecified,Blink,947,2026-08-06T14:28:06.3121936+09:00,2026-08-06T14:28:06.4381936+09:00,1122.888441,1123.013860,125.419,65609,65617,0.806107,0.548993,1,0,EyesOpened
20260806_140923_424,1,Unspecified,Blink,948,2026-08-06T14:28:06.8691936+09:00,2026-08-06T14:28:07.0361936+09:00,1123.445359,1123.612486,167.128,65643,65653,0.973392,0.762509,1,0,EyesOpened
20260806_140923_424,1,Unspecified,Blink,949,2026-08-06T14:28:08.2751936+09:00,2026-08-06T14:28:08.4151936+09:00,1124.851460,1124.990776,139.317,65727,65735,0.797083,0.607176,1,0,EyesOpened
20260806_140923_424,1,Unspecified,Blink,950,2026-08-06T14:28:08.6511936+09:00,2026-08-06T14:28:08.7911936+09:00,1125.227394,1125.366830,139.436,65750,65758,0.933344,0.753974,1,0,EyesOpened
20260806_140923_424,1,Unspecified,Blink,951,2026-08-06T14:28:10.4061936+09:00,2026-08-06T14:28:10.6141936+09:00,1126.981680,1127.190278,208.598,65855,65867,0.937421,0.783682,1,0,EyesOpened
20260806_140923_424,1,Unspecified,Blink,952,2026-08-06T14:28:10.7121936+09:00,2026-08-06T14:28:10.9071936+09:00,1127.287654,1127.482724,195.070,65873,65885,0.961985,0.760913,1,0,EyesOpened
20260806_140923_424,1,Unspecified,Blink,953,2026-08-06T14:28:11.3381936+09:00,2026-08-06T14:28:11.4501936+09:00,1127.914405,1128.025677,111.272,65911,65918,0.779506,0.557312,1,0,EyesOpened
20260806_140923_424,1,Unspecified,Blink,954,2026-08-06T14:28:12.3271936+09:00,2026-08-06T14:28:12.4251936+09:00,1128.903148,1129.000526,97.377,65970,65976,0.760633,0.555671,1,0,EyesOpened
20260806_140923_424,1,Unspecified,Blink,955,2026-08-06T14:28:14.2071936+09:00,2026-08-06T14:28:14.3321936+09:00,1130.782559,1130.907610,125.051,66083,66090,0.873952,0.699596,1,0,EyesOpened
20260806_140923_424,1,Unspecified,Blink,956,2026-08-06T14:28:14.4991936+09:00,2026-08-06T14:28:14.6941936+09:00,1131.074885,1131.269694,194.809,66100,66112,0.947931,0.681614,1,0,EyesOpened
20260806_140923_424,1,Unspecified,Blink,957,2026-08-06T14:28:16.2951936+09:00,2026-08-06T14:28:16.4201936+09:00,1132.870544,1132.995909,125.365,66208,66216,0.822080,0.599736,1,0,EyesOpened
20260806_140923_424,1,Unspecified,Blink,958,2026-08-06T14:28:16.6571936+09:00,2026-08-06T14:28:16.7961936+09:00,1133.232929,1133.371882,138.953,66230,66238,0.945387,0.746055,1,0,EyesOpened
20260806_140923_424,1,Unspecified,Blink,959,2026-08-06T14:28:17.1021936+09:00,2026-08-06T14:28:17.2271936+09:00,1133.678185,1133.803466,125.281,66257,66264,0.861700,0.650917,1,0,EyesOpened
20260806_140923_424,1,Unspecified,Blink,960,2026-08-06T14:28:18.5641936+09:00,2026-08-06T14:28:18.6481936+09:00,1135.140163,1135.223510,83.347,66344,66349,0.705231,0.517951,1,0,EyesOpened
20260806_140923_424,1,Unspecified,Blink,961,2026-08-06T14:28:18.8971936+09:00,2026-08-06T14:28:19.0641936+09:00,1135.473053,1135.640271,167.218,66364,66374,0.933192,0.795027,1,0,EyesOpened
20260806_140923_424,1,Unspecified,Blink,962,2026-08-06T14:28:20.5401936+09:00,2026-08-06T14:28:20.6791936+09:00,1137.115808,1137.255083,139.276,66463,66471,0.805997,0.650689,1,0,EyesOpened
20260806_140923_424,1,Unspecified,Blink,963,2026-08-06T14:28:21.0411936+09:00,2026-08-06T14:28:21.1811936+09:00,1137.617211,1137.756572,139.361,66493,66501,0.882119,0.688191,1,0,EyesOpened
20260806_140923_424,1,Unspecified,Blink,964,2026-08-06T14:28:22.2951936+09:00,2026-08-06T14:28:22.5311936+09:00,1138.870540,1139.107348,236.808,66568,66582,0.974569,0.737368,1,0,EyesOpened
20260806_140923_424,1,Unspecified,Blink,965,2026-08-06T14:28:22.6991936+09:00,2026-08-06T14:28:22.8521936+09:00,1139.274576,1139.427564,152.987,66592,66602,0.911043,0.751326,1,0,EyesOpened
20260806_140923_424,1,Unspecified,Blink,966,2026-08-06T14:28:24.2301936+09:00,2026-08-06T14:28:24.3271936+09:00,1140.805611,1140.903211,97.600,66684,66690,0.774593,0.484187,1,0,EyesOpened
20260806_140923_424,1,Unspecified,Blink,967,2026-08-06T14:28:24.8281936+09:00,2026-08-06T14:28:24.9541936+09:00,1141.404446,1141.529540,125.094,66720,66728,0.821462,0.621879,1,0,EyesOpened
20260806_140923_424,1,Unspecified,Blink,968,2026-08-06T14:28:26.1511936+09:00,2026-08-06T14:28:26.2631936+09:00,1142.727096,1142.838694,111.598,66800,66806,0.850880,0.662713,1,0,EyesOpened
20260806_140923_424,1,Unspecified,Blink,969,2026-08-06T14:28:26.5971936+09:00,2026-08-06T14:28:26.7081936+09:00,1143.172863,1143.284321,111.458,66826,66833,0.863230,0.521611,1,0,EyesOpened
20260806_140923_424,1,Unspecified,Blink,970,2026-08-06T14:28:28.3231936+09:00,2026-08-06T14:28:28.4211936+09:00,1144.899138,1144.996595,97.457,66930,66936,0.809519,0.641190,1,0,EyesOpened
20260806_140923_424,1,Unspecified,Blink,971,2026-08-06T14:28:28.6571936+09:00,2026-08-06T14:28:28.7961936+09:00,1145.233372,1145.372420,139.048,66950,66958,0.908802,0.669744,1,0,EyesOpened
20260806_140923_424,1,Unspecified,Blink,972,2026-08-06T14:28:29.0611936+09:00,2026-08-06T14:28:29.2141936+09:00,1145.637098,1145.790286,153.188,66974,66983,0.889041,0.682176,1,0,EyesOpened
20260806_140923_424,1,Unspecified,Blink,973,2026-08-06T14:28:30.3141936+09:00,2026-08-06T14:28:30.4531936+09:00,1146.890095,1147.029186,139.091,67049,67058,0.804545,0.538488,1,0,EyesOpened
20260806_140923_424,1,Unspecified,Blink,974,2026-08-06T14:28:30.5791936+09:00,2026-08-06T14:28:30.8431936+09:00,1147.154681,1147.419250,264.569,67065,67081,0.946383,0.684092,1,0,EyesOpened
20260806_140923_424,1,Unspecified,Blink,975,2026-08-06T14:28:32.5691936+09:00,2026-08-06T14:28:32.7081936+09:00,1149.145035,1149.284304,139.270,67185,67193,0.921929,0.762562,1,0,EyesOpened
20260806_140923_424,1,Unspecified,Blink,976,2026-08-06T14:28:32.8201936+09:00,2026-08-06T14:28:33.0431936+09:00,1149.395779,1149.618558,222.779,67200,67213,0.946926,0.742337,1,0,EyesOpened
20260806_140923_424,1,Unspecified,Blink,977,2026-08-06T14:28:34.4761936+09:00,2026-08-06T14:28:34.8801936+09:00,1151.052489,1151.456349,403.860,67299,67323,0.998778,0.826630,1,0,EyesOpened
20260806_140923_424,1,Unspecified,Blink,978,2026-08-06T14:28:36.3561936+09:00,2026-08-06T14:28:36.7601936+09:00,1152.932045,1153.336189,404.144,67412,67436,0.983878,0.724332,1,0,EyesOpened
20260806_140923_424,1,Unspecified,Blink,979,2026-08-06T14:28:37.0941936+09:00,2026-08-06T14:28:37.2471936+09:00,1153.670111,1153.823408,153.297,67456,67465,0.922823,0.742062,1,0,EyesOpened
20260806_140923_424,1,Unspecified,Blink,980,2026-08-06T14:28:38.3201936+09:00,2026-08-06T14:28:38.4591936+09:00,1154.895567,1155.034711,139.144,67530,67538,0.829675,0.596131,1,0,EyesOpened
20260806_140923_424,1,Unspecified,Blink,981,2026-08-06T14:28:38.5701936+09:00,2026-08-06T14:28:38.7371936+09:00,1155.146001,1155.312742,166.741,67545,67555,0.966482,0.804814,1,0,EyesOpened
20260806_140923_424,1,Unspecified,Blink,982,2026-08-06T14:28:40.2961936+09:00,2026-08-06T14:28:40.4081936+09:00,1156.872080,1156.983624,111.544,67648,67655,0.736729,0.584481,1,0,EyesOpened
20260806_140923_424,1,Unspecified,Blink,983,2026-08-06T14:28:40.6441936+09:00,2026-08-06T14:28:40.7561936+09:00,1157.220385,1157.331653,111.269,67669,67676,0.863955,0.721557,1,0,EyesOpened
20260806_140923_424,1,Unspecified,Blink,984,2026-08-06T14:28:42.1481936+09:00,2026-08-06T14:28:42.3151936+09:00,1158.724013,1158.890818,166.805,67759,67769,0.856945,0.633040,1,0,EyesOpened
20260806_140923_424,1,Unspecified,Blink,985,2026-08-06T14:28:42.6631936+09:00,2026-08-06T14:28:42.7611936+09:00,1159.239252,1159.336679,97.427,67790,67796,0.818240,0.656793,1,0,EyesOpened
20260806_140923_424,1,Unspecified,Blink,986,2026-08-06T14:28:44.4871936+09:00,2026-08-06T14:28:44.6811936+09:00,1161.062512,1161.257490,194.978,67900,67911,0.935750,0.765768,1,0,EyesOpened
20260806_140923_424,1,Unspecified,Blink,987,2026-08-06T14:28:45.0431936+09:00,2026-08-06T14:28:45.2111936+09:00,1161.619320,1161.786580,167.260,67933,67943,0.909036,0.703861,1,0,EyesOpened
20260806_140923_424,1,Unspecified,Blink,988,2026-08-06T14:28:46.2821936+09:00,2026-08-06T14:28:46.4771936+09:00,1162.858362,1163.053228,194.866,68007,68019,0.922704,0.703203,1,0,EyesOpened
20260806_140923_424,1,Unspecified,Blink,989,2026-08-06T14:28:46.6721936+09:00,2026-08-06T14:28:46.8531936+09:00,1163.247997,1163.429092,181.094,68031,68042,0.820071,0.570507,1,0,EyesOpened
20260806_140923_424,1,Unspecified,Blink,990,2026-08-06T14:28:50.0971936+09:00,2026-08-06T14:28:50.2091936+09:00,1166.673121,1166.784551,111.430,68236,68243,0.820903,0.596160,1,0,EyesOpened
20260806_140923_424,1,Unspecified,Blink,991,2026-08-06T14:28:50.3761936+09:00,2026-08-06T14:28:50.5291936+09:00,1166.951527,1167.104846,153.319,68253,68262,0.939583,0.788939,1,0,EyesOpened
20260806_140923_424,1,Unspecified,Blink,992,2026-08-06T14:28:50.7931936+09:00,2026-08-06T14:28:50.9741936+09:00,1167.369395,1167.550458,181.063,68278,68289,0.967395,0.729401,1,0,EyesOpened
20260806_140923_424,1,Unspecified,Blink,993,2026-08-06T14:28:52.3941936+09:00,2026-08-06T14:28:52.5051936+09:00,1168.969896,1169.081306,111.410,68374,68381,0.788454,0.545446,1,0,EyesOpened
20260806_140923_424,1,Unspecified,Blink,994,2026-08-06T14:28:52.6311936+09:00,2026-08-06T14:28:52.7981936+09:00,1169.206733,1169.373901,167.168,68388,68398,0.940436,0.752748,1,0,EyesOpened
20260806_140923_424,1,Unspecified,Blink,995,2026-08-06T14:28:54.4131936+09:00,2026-08-06T14:28:54.4831936+09:00,1170.989017,1171.058796,69.779,68495,68500,0.737958,0.349919,1,0,EyesOpened
20260806_140923_424,1,Unspecified,Blink,996,2026-08-06T14:28:54.6781936+09:00,2026-08-06T14:28:54.7611936+09:00,1171.253738,1171.337232,83.494,68511,68516,0.802913,0.659830,1,0,EyesOpened
20260806_140923_424,1,Unspecified,Blink,997,2026-08-06T14:28:55.2071936+09:00,2026-08-06T14:28:55.3601936+09:00,1171.782779,1171.935965,153.186,68543,68552,0.869498,0.741222,1,0,EyesOpened
20260806_140923_424,1,Unspecified,Blink,998,2026-08-06T14:28:56.5291936+09:00,2026-08-06T14:28:56.6961936+09:00,1173.105414,1173.272378,166.963,68622,68632,0.954433,0.752763,1,0,EyesOpened
20260806_140923_424,1,Unspecified,Blink,999,2026-08-06T14:28:56.9051936+09:00,2026-08-06T14:28:57.0311936+09:00,1173.481339,1173.606643,125.304,68645,68652,0.910434,0.758655,1,0,EyesOpened
20260806_140923_424,1,Unspecified,Blink,1000,2026-08-06T14:28:58.5621936+09:00,2026-08-06T14:28:58.7151936+09:00,1175.137886,1175.290965,153.079,68744,68753,0.913965,0.732844,1,0,EyesOpened
20260806_140923_424,1,Unspecified,Blink,1001,2026-08-06T14:28:58.8401936+09:00,2026-08-06T14:28:59.0351936+09:00,1175.416421,1175.611245,194.824,68761,68773,0.982871,0.779886,1,0,EyesOpened
20260806_140923_424,1,Unspecified,Blink,1002,2026-08-06T14:29:00.2611936+09:00,2026-08-06T14:29:00.6641936+09:00,1176.836645,1177.240182,403.537,68846,68870,0.999279,0.849263,1,0,EyesOpened
20260806_140923_424,1,Unspecified,Blink,1003,2026-08-06T14:29:02.2101936+09:00,2026-08-06T14:29:02.3491936+09:00,1178.785637,1178.924911,139.273,68963,68971,0.840415,0.662506,1,0,EyesOpened
20260806_140923_424,1,Unspecified,Blink,1004,2026-08-06T14:29:04.6461936+09:00,2026-08-06T14:29:04.7301936+09:00,1181.222042,1181.305604,83.561,69109,69114,0.805876,0.510897,1,0,EyesOpened
20260806_140923_424,1,Unspecified,Blink,1005,2026-08-06T14:29:04.9101936+09:00,2026-08-06T14:29:05.0081936+09:00,1181.486466,1181.584071,97.605,69125,69131,0.818242,0.659998,1,0,EyesOpened
20260806_140923_424,1,Unspecified,Blink,1006,2026-08-06T14:29:08.1261936+09:00,2026-08-06T14:29:08.2101936+09:00,1184.702356,1184.786129,83.773,69318,69323,0.712473,0.478473,1,0,EyesOpened
20260806_140923_424,1,Unspecified,Blink,1007,2026-08-06T14:29:08.4051936+09:00,2026-08-06T14:29:08.5441936+09:00,1184.980975,1185.120117,139.142,69335,69343,0.953188,0.691013,1,0,EyesOpened
20260806_140923_424,1,Unspecified,Blink,1008,2026-08-06T14:29:10.2151936+09:00,2026-08-06T14:29:10.2701936+09:00,1186.790791,1186.846329,55.537,69443,69447,0.542904,0.237601,1,0,EyesOpened
20260806_140923_424,1,Unspecified,Blink,1009,2026-08-06T14:29:10.3961936+09:00,2026-08-06T14:29:10.5631936+09:00,1186.971775,1187.139023,167.248,69454,69464,0.953918,0.763984,1,0,EyesOpened
20260806_140923_424,1,Unspecified,Blink,1010,2026-08-06T14:29:12.9021936+09:00,2026-08-06T14:29:12.9851936+09:00,1189.477808,1189.561291,83.484,69605,69610,0.500867,0.355464,1,0,EyesOpened
20260806_140923_424,1,Unspecified,Blink,1011,2026-08-06T14:29:13.1671936+09:00,2026-08-06T14:29:13.2781936+09:00,1189.742589,1189.853842,111.253,69621,69627,0.739863,0.495679,1,0,EyesOpened
20260806_140923_424,1,Unspecified,Blink,1012,2026-08-06T14:29:14.6981936+09:00,2026-08-06T14:29:14.8091936+09:00,1191.273629,1191.384728,111.100,69712,69719,0.875477,0.669822,1,0,EyesOpened
20260806_140923_424,1,Unspecified,Blink,1013,2026-08-06T14:29:16.2151936+09:00,2026-08-06T14:29:16.3121936+09:00,1192.790962,1192.888391,97.430,69803,69809,0.798332,0.608984,1,0,EyesOpened
20260806_140923_424,1,Unspecified,Blink,1014,2026-08-06T14:29:16.4521936+09:00,2026-08-06T14:29:16.6191936+09:00,1193.027737,1193.194687,166.950,69818,69828,0.953202,0.765918,1,0,EyesOpened
20260806_140923_424,1,Unspecified,Blink,1015,2026-08-06T14:29:20.1411936+09:00,2026-08-06T14:29:20.2251936+09:00,1196.717028,1196.800533,83.506,70039,70044,0.798441,0.572735,1,0,EyesOpened
20260806_140923_424,1,Unspecified,Blink,1016,2026-08-06T14:29:20.4051936+09:00,2026-08-06T14:29:20.5721936+09:00,1196.981478,1197.148405,166.927,70055,70065,0.938203,0.727905,1,0,EyesOpened
20260806_140923_424,1,Unspecified,Blink,1017,2026-08-06T14:29:22.1461936+09:00,2026-08-06T14:29:22.3551936+09:00,1198.722008,1198.930946,208.938,70159,70172,0.934500,0.631667,1,0,EyesOpened
20260806_140923_424,1,Unspecified,Blink,1018,2026-08-06T14:29:22.4801936+09:00,2026-08-06T14:29:22.6061936+09:00,1199.056247,1199.181581,125.334,70179,70187,0.941907,0.554309,1,0,EyesOpened
20260806_140923_424,1,Unspecified,Blink,1019,2026-08-06T14:29:24.4571936+09:00,2026-08-06T14:29:24.5691936+09:00,1201.033452,1201.144885,111.433,70298,70305,0.827191,0.595138,1,0,EyesOpened
20260806_140923_424,1,Unspecified,Blink,1020,2026-08-06T14:29:24.6801936+09:00,2026-08-06T14:29:24.8751936+09:00,1201.256246,1201.450965,194.720,70311,70323,0.967173,0.711452,1,0,EyesOpened
20260806_140923_424,1,Unspecified,Blink,1021,2026-08-06T14:29:25.1811936+09:00,2026-08-06T14:29:25.2921936+09:00,1201.757260,1201.868370,111.110,70341,70348,0.891456,0.740470,1,0,EyesOpened
20260806_140923_424,1,Unspecified,Blink,1022,2026-08-06T14:29:26.2391936+09:00,2026-08-06T14:29:26.3641936+09:00,1202.815105,1202.940409,125.304,70405,70412,0.714406,0.439619,1,0,EyesOpened
20260806_140923_424,1,Unspecified,Blink,1023,2026-08-06T14:29:28.1471936+09:00,2026-08-06T14:29:28.2861936+09:00,1204.722515,1204.861872,139.357,70519,70528,0.895715,0.689532,1,0,EyesOpened
20260806_140923_424,1,Unspecified,Blink,1024,2026-08-06T14:29:28.4811936+09:00,2026-08-06T14:29:28.6761936+09:00,1205.056892,1205.251647,194.755,70539,70551,0.955191,0.708828,1,0,EyesOpened
20260806_140923_424,1,Unspecified,Blink,1025,2026-08-06T14:29:30.5411936+09:00,2026-08-06T14:29:30.6801936+09:00,1207.117231,1207.256479,139.249,70663,70671,0.831582,0.521987,1,0,EyesOpened
20260806_140923_424,1,Unspecified,Blink,1026,2026-08-06T14:29:31.5441936+09:00,2026-08-06T14:29:31.6271936+09:00,1208.119685,1208.203108,83.423,70723,70728,0.807482,0.681757,1,0,EyesOpened
20260806_140923_424,1,Unspecified,Blink,1027,2026-08-06T14:29:32.4071936+09:00,2026-08-06T14:29:32.5601936+09:00,1208.982761,1209.135819,153.058,70775,70784,0.904915,0.702850,1,0,EyesOpened
20260806_140923_424,1,Unspecified,Blink,1028,2026-08-06T14:29:32.7271936+09:00,2026-08-06T14:29:32.8381936+09:00,1209.302689,1209.414218,111.529,70794,70801,0.918219,0.797616,1,0,EyesOpened
20260806_140923_424,1,Unspecified,Blink,1029,2026-08-06T14:29:34.1471936+09:00,2026-08-06T14:29:34.2581936+09:00,1210.723011,1210.834370,111.359,70879,70886,0.654519,0.479785,1,0,EyesOpened
20260806_140923_424,1,Unspecified,Blink,1030,2026-08-06T14:29:34.4251936+09:00,2026-08-06T14:29:34.5921936+09:00,1211.001367,1211.168345,166.978,70896,70906,0.939780,0.679863,1,0,EyesOpened
20260806_140923_424,1,Unspecified,Blink,1031,2026-08-06T14:29:34.8151936+09:00,2026-08-06T14:29:34.9541936+09:00,1211.390890,1211.530129,139.239,70919,70928,0.920308,0.751375,1,0,EyesOpened
20260806_140923_424,1,Unspecified,Blink,1032,2026-08-06T14:29:36.5411936+09:00,2026-08-06T14:29:36.6531936+09:00,1213.117217,1213.228547,111.330,71023,71030,0.864591,0.606474,1,0,EyesOpened
20260806_140923_424,1,Unspecified,Blink,1033,2026-08-06T14:29:36.7921936+09:00,2026-08-06T14:29:36.9311936+09:00,1213.367720,1213.506903,139.183,71038,71046,0.934945,0.750928,1,0,EyesOpened
20260806_140923_424,1,Unspecified,Blink,1034,2026-08-06T14:29:38.1141936+09:00,2026-08-06T14:29:38.1981936+09:00,1214.690277,1214.774011,83.733,71117,71122,0.841600,0.707913,1,0,EyesOpened
20260806_140923_424,1,Unspecified,Blink,1035,2026-08-06T14:29:38.5041936+09:00,2026-08-06T14:29:38.6301936+09:00,1215.080196,1215.205639,125.443,71141,71148,0.934798,0.730537,1,0,EyesOpened
20260806_140923_424,1,Unspecified,Blink,1036,2026-08-06T14:29:40.5931936+09:00,2026-08-06T14:29:40.7591936+09:00,1217.168719,1217.335348,166.629,71266,71276,0.918559,0.623652,1,0,EyesOpened
20260806_140923_424,1,Unspecified,Blink,1037,2026-08-06T14:29:42.9041936+09:00,2026-08-06T14:29:43.0431936+09:00,1219.479514,1219.618768,139.254,71405,71413,0.873761,0.625299,1,0,EyesOpened
20260806_140923_424,1,Unspecified,Blink,1038,2026-08-06T14:29:44.5891936+09:00,2026-08-06T14:29:44.7551936+09:00,1221.165109,1221.330932,165.823,71506,71516,0.952364,0.791383,1,0,EyesOpened
20260806_140923_424,1,Unspecified,Blink,1039,2026-08-06T14:29:46.3701936+09:00,2026-08-06T14:29:46.4401936+09:00,1222.946031,1223.015697,69.666,71613,71617,0.790394,0.549120,1,0,EyesOpened
20260806_140923_424,1,Unspecified,Blink,1040,2026-08-06T14:29:46.5931936+09:00,2026-08-06T14:29:46.7461936+09:00,1223.168806,1223.322101,153.295,71626,71635,0.940264,0.738762,1,0,EyesOpened
20260806_140923_424,1,Unspecified,Blink,1041,2026-08-06T14:29:48.5711936+09:00,2026-08-06T14:29:48.6961936+09:00,1225.146583,1225.271981,125.398,71745,71752,0.840062,0.654622,1,0,EyesOpened
20260806_140923_424,1,Unspecified,Blink,1042,2026-08-06T14:29:50.1431936+09:00,2026-08-06T14:29:50.2271936+09:00,1226.718927,1226.802634,83.707,71839,71844,0.742188,0.544762,1,0,EyesOpened
20260806_140923_424,1,Unspecified,Blink,1043,2026-08-06T14:29:50.6441936+09:00,2026-08-06T14:29:50.7971936+09:00,1227.219955,1227.372927,152.971,71869,71878,0.926656,0.687484,1,0,EyesOpened
20260806_140923_424,1,Unspecified,Blink,1044,2026-08-06T14:29:51.0621936+09:00,2026-08-06T14:29:51.2151936+09:00,1227.637631,1227.790701,153.070,71894,71903,0.966894,0.786783,1,0,EyesOpened
20260806_140923_424,1,Unspecified,Blink,1045,2026-08-06T14:29:52.3991936+09:00,2026-08-06T14:29:52.5101936+09:00,1228.974695,1229.086242,111.547,71974,71981,0.877426,0.642334,1,0,EyesOpened
20260806_140923_424,1,Unspecified,Blink,1046,2026-08-06T14:29:58.8441936+09:00,2026-08-06T14:29:59.6681936+09:00,1235.420290,1236.243650,823.360,72361,72371,0.972915,0.912865,1,1,RecordingStopped
20260806_140923_424,1,Unspecified,TrackingFailure,1047,2026-08-06T14:29:59.6401936+09:00,2026-08-06T14:29:59.6681936+09:00,1236.216250,1236.243650,27.400,72370,72371,,,,1,RecordingStopped
